COG_ID	input_prob	mean_actual	sd_actual	mean_>0	sd_>0	mean_>0.01	sd_>0.01	mean_>0.04	sd_>0.04	mean_>0.099	sd_>0.099
COG0001	0.1000	0.9778	0.0098	0.9994	0.0006	0.9903	0.0058	0.9830	0.0092	0.9266	0.0360
COG0002	0.0350	0.9930	0.0022	0.9999	0.0000	0.9995	0.0002	0.8528	0.0328	0.7359	0.0412
COG0003	0.0000	0.5977	0.1155	0.1167	0.0677	0.2138	0.0908	0.1968	0.0701	0.1947	0.0689
COG0004	0.0000	0.6239	0.0637	0.2647	0.0690	0.2349	0.0686	0.2341	0.0621	0.1062	0.0307
COG0005	0.1600	0.9952	0.0009	1.0000	0.0000	0.9996	0.0001	0.9987	0.0006	0.9959	0.0017
COG0006	0.0300	0.9970	0.0012	1.0000	0.0000	0.9999	0.0000	0.8723	0.0640	0.8789	0.0577
COG0007	0.0050	0.9233	0.0519	0.9972	0.0030	0.2912	0.1272	0.3390	0.1215	0.1926	0.0855
COG0008	0.3600	0.9992	0.0002	1.0000	0.0000	1.0000	0.0000	0.9998	0.0001	0.9991	0.0004
COG0009	0.0000	0.8758	0.0249	0.4313	0.0825	0.7331	0.0596	0.8192	0.0481	0.8528	0.0332
COG0010	0.0000	0.9425	0.0250	0.7803	0.0829	0.8288	0.0692	0.9128	0.0298	0.9133	0.0313
COG0011	0.0000	0.8858	0.0681	0.5290	0.1860	0.6397	0.1481	0.7056	0.1035	0.6355	0.0717
COG0012	0.9250	0.9992	0.0002	1.0000	0.0000	0.9998	0.0000	0.9984	0.0004	0.9957	0.0012
COG0013	0.2850	0.9987	0.0008	1.0000	0.0000	1.0000	0.0000	0.9997	0.0004	0.9985	0.0014
COG0014	0.0000	0.1109	0.0475	0.0137	0.0121	0.0406	0.0347	0.1007	0.0375	0.0860	0.0368
COG0015	0.0050	0.9957	0.0016	1.0000	0.0000	0.8815	0.0342	0.9147	0.0228	0.7790	0.0479
COG0016	0.0250	0.9941	0.0014	1.0000	0.0000	0.9999	0.0000	0.8509	0.0374	0.9250	0.0140
COG0017	0.3200	0.9984	0.0009	1.0000	0.0000	0.9999	0.0000	0.9996	0.0002	0.9986	0.0008
COG0018	0.2200	0.9916	0.0029	1.0000	0.0000	0.9998	0.0001	0.9982	0.0006	0.9938	0.0021
COG0019	0.0150	0.9594	0.0094	0.9995	0.0003	0.9978	0.0008	0.4495	0.0791	0.4782	0.0732
COG0020	0.4450	0.9992	0.0003	1.0000	0.0000	1.0000	0.0000	0.9997	0.0001	0.9989	0.0003
COG0021	0.0000	0.0024	0.0016	0.0003	0.0002	0.0024	0.0011	0.0075	0.0027	0.0148	0.0064
COG0022	0.0000	0.0594	0.0272	0.0226	0.0183	0.0121	0.0074	0.0208	0.0138	0.0271	0.0112
COG0023	0.3000	0.9930	0.0008	0.9999	0.0000	0.9995	0.0002	0.9983	0.0005	0.9975	0.0006
COG0024	0.5450	0.9987	0.0003	1.0000	0.0000	0.9999	0.0000	0.9992	0.0003	0.9968	0.0013
COG0025	0.0000	0.1941	0.0559	0.0232	0.0072	0.0729	0.0263	0.1759	0.0375	0.2179	0.0603
COG0026	0.0000	0.0346	0.0176	0.0094	0.0046	0.0184	0.0107	0.0290	0.0144	0.0275	0.0165
COG0027	0.0000	0.0445	0.0332	0.0073	0.0068	0.0224	0.0227	0.0437	0.0372	0.0432	0.0262
COG0028	0.0000	0.8554	0.0501	0.5161	0.1337	0.5993	0.1132	0.6834	0.0487	0.5116	0.0446
COG0029	0.0150	0.5481	0.1933	0.9649	0.0300	0.8499	0.0826	0.0225	0.0203	0.0305	0.0325
COG0030	0.8250	0.9987	0.0004	1.0000	0.0000	0.9997	0.0001	0.9975	0.0007	0.9929	0.0022
COG0031	0.0050	0.8489	0.0792	0.9986	0.0008	0.1675	0.0851	0.3119	0.1082	0.2364	0.0893
COG0033	0.0000	0.0008	0.0006	0.0002	0.0002	0.0004	0.0004	0.0004	0.0003	0.0005	0.0003
COG0034	0.0300	0.9881	0.0027	0.9999	0.0000	0.9996	0.0001	0.8982	0.0251	0.8421	0.0421
COG0035	0.0000	0.1094	0.0496	0.0201	0.0101	0.0432	0.0185	0.0626	0.0207	0.1080	0.0597
COG0036	0.0000	0.0177	0.0085	0.0006	0.0004	0.0144	0.0053	0.0632	0.0170	0.0912	0.0316
COG0037	0.0450	0.9974	0.0017	1.0000	0.0000	1.0000	0.0000	0.9998	0.0001	0.9498	0.0172
COG0038	0.1350	0.9746	0.0065	0.9996	0.0002	0.9957	0.0023	0.9853	0.0066	0.9736	0.0103
COG0039	0.0050	0.9170	0.0374	0.9990	0.0007	0.2573	0.1013	0.3165	0.1050	0.2924	0.1230
COG0040	0.0000	0.9317	0.0146	0.8082	0.0697	0.8814	0.0311	0.9016	0.0183	0.8781	0.0290
COG0041	0.0000	0.8708	0.0255	0.5173	0.1106	0.6958	0.0519	0.8273	0.0269	0.7788	0.0503
COG0042	0.0000	0.0600	0.0131	0.0018	0.0007	0.0071	0.0025	0.0240	0.0138	0.0550	0.0300
COG0043	0.4950	0.9995	0.0002	1.0000	0.0000	0.9999	0.0000	0.9997	0.0001	0.9987	0.0006
COG0044	0.2800	0.9983	0.0005	1.0000	0.0000	0.9999	0.0001	0.9995	0.0001	0.9981	0.0004
COG0045	0.1500	0.9886	0.0066	0.9996	0.0006	0.9971	0.0022	0.9900	0.0049	0.9545	0.0244
COG0046	0.0000	0.9019	0.0223	0.7011	0.0836	0.8156	0.0501	0.8880	0.0291	0.8007	0.0525
COG0047	0.0800	0.9859	0.0042	0.9997	0.0002	0.9970	0.0017	0.9945	0.0021	0.6072	0.0641
COG0048	0.0050	0.9934	0.0015	1.0000	0.0000	0.7890	0.0438	0.8934	0.0220	0.9358	0.0171
COG0049	0.7500	0.9989	0.0003	1.0000	0.0000	0.9999	0.0000	0.9990	0.0003	0.9962	0.0011
COG0050	0.0000	0.0013	0.0006	0.0000	0.0000	0.0003	0.0001	0.0017	0.0008	0.0048	0.0018
COG0051	0.3350	0.9952	0.0024	1.0000	0.0000	0.9999	0.0001	0.9987	0.0005	0.9955	0.0015
COG0052	0.0350	0.9880	0.0044	1.0000	0.0000	0.9998	0.0001	0.9984	0.0010	0.9945	0.0027
COG0053	0.6300	0.9981	0.0004	1.0000	0.0000	0.9996	0.0002	0.9962	0.0011	0.9898	0.0030
COG0054	0.0500	0.9173	0.0324	0.9970	0.0021	0.9923	0.0040	0.9906	0.0039	0.6709	0.1014
COG0055	0.0000	0.0012	0.0004	0.0001	0.0000	0.0006	0.0002	0.0015	0.0004	0.0026	0.0007
COG0056	0.0000	0.0014	0.0004	0.0001	0.0000	0.0007	0.0002	0.0018	0.0006	0.0031	0.0011
COG0057	0.4850	0.9983	0.0005	1.0000	0.0000	0.9998	0.0001	0.9985	0.0005	0.9931	0.0022
COG0058	0.0000	0.1377	0.0814	0.0130	0.0130	0.0558	0.0239	0.0737	0.0356	0.1251	0.0692
COG0059	0.0000	0.9034	0.0188	0.8255	0.0608	0.7474	0.0753	0.7059	0.0615	0.4804	0.0969
COG0060	0.7150	0.9970	0.0009	1.0000	0.0000	0.9997	0.0001	0.9979	0.0011	0.9949	0.0026
COG0061	0.0150	0.9972	0.0011	1.0000	0.0000	0.9999	0.0000	0.9272	0.0327	0.9139	0.0240
COG0062	0.0000	0.0202	0.0147	0.0033	0.0021	0.0054	0.0031	0.0054	0.0029	0.0067	0.0040
COG0063	0.0250	0.9951	0.0010	1.0000	0.0000	0.9999	0.0000	0.8861	0.0323	0.8749	0.0294
COG0064	0.0000	0.7838	0.0508	0.2838	0.1009	0.4033	0.0964	0.6159	0.0344	0.7170	0.0322
COG0065	0.0000	0.9823	0.0067	0.9367	0.0396	0.9319	0.0310	0.9329	0.0229	0.7903	0.0655
COG0066	0.0000	0.9839	0.0061	0.9516	0.0261	0.9341	0.0375	0.9357	0.0243	0.7618	0.0825
COG0067	0.0050	0.9278	0.0215	0.9979	0.0010	0.3377	0.0923	0.3856	0.0632	0.1143	0.0337
COG0068	0.5050	0.9992	0.0005	1.0000	0.0000	0.9998	0.0001	0.9987	0.0008	0.9975	0.0014
COG0069	0.0500	0.9442	0.0213	0.9990	0.0004	0.9923	0.0028	0.9829	0.0087	0.4010	0.1103
COG0070	0.0000	0.4680	0.1038	0.1387	0.0849	0.2644	0.0910	0.3503	0.0903	0.1255	0.0615
COG0071	0.0000	0.9906	0.0018	0.9552	0.0150	0.9105	0.0231	0.8914	0.0323	0.8077	0.0535
COG0072	0.1550	0.9921	0.0044	1.0000	0.0000	0.9999	0.0000	0.9990	0.0005	0.9976	0.0011
COG0073	0.0000	0.0308	0.0256	0.0018	0.0020	0.0104	0.0069	0.0337	0.0166	0.0713	0.0352
COG0074	0.2600	0.9862	0.0054	0.9997	0.0003	0.9968	0.0022	0.9858	0.0067	0.9307	0.0331
COG0075	0.2750	0.9964	0.0013	0.9999	0.0000	0.9994	0.0002	0.9979	0.0005	0.9932	0.0014
COG0076	0.4850	0.9940	0.0017	0.9997	0.0001	0.9946	0.0026	0.9735	0.0085	0.9474	0.0139
COG0077	0.0050	0.9637	0.0127	0.9997	0.0001	0.5913	0.0981	0.4594	0.0918	0.3164	0.0838
COG0078	0.0250	0.3839	0.1530	0.9905	0.0036	0.9768	0.0096	0.0454	0.0163	0.0383	0.0115
COG0079	0.0000	0.9840	0.0043	0.9564	0.0104	0.9305	0.0177	0.9404	0.0132	0.8972	0.0205
COG0080	0.0050	0.9920	0.0014	1.0000	0.0000	0.7962	0.0505	0.9085	0.0225	0.9290	0.0174
COG0081	0.6200	0.9985	0.0010	1.0000	0.0000	0.9999	0.0001	0.9992	0.0006	0.9971	0.0015
COG0082	0.2850	0.9923	0.0023	0.9999	0.0001	0.9984	0.0006	0.9933	0.0023	0.9751	0.0085
COG0083	0.0750	0.8553	0.0369	0.9987	0.0002	0.9865	0.0057	0.9643	0.0136	0.2496	0.0861
COG0084	0.0000	0.2468	0.1144	0.0175	0.0122	0.1067	0.0354	0.1884	0.0652	0.3320	0.1125
COG0085	0.0600	0.9913	0.0024	1.0000	0.0000	0.9999	0.0000	0.9993	0.0002	0.9105	0.0161
COG0086	0.0000	0.9543	0.0110	0.5950	0.1194	0.8718	0.0333	0.9284	0.0157	0.9452	0.0136
COG0087	0.3000	0.9978	0.0005	1.0000	0.0000	1.0000	0.0000	0.9998	0.0001	0.9992	0.0002
COG0088	0.0050	0.9974	0.0010	1.0000	0.0000	0.8420	0.0583	0.9344	0.0184	0.9587	0.0101
COG0089	0.0000	0.9232	0.0200	0.3887	0.1262	0.8067	0.0589	0.9237	0.0222	0.9657	0.0103
COG0090	0.1850	0.9962	0.0017	1.0000	0.0000	0.9999	0.0001	0.9995	0.0003	0.9985	0.0005
COG0091	0.2850	0.9950	0.0011	1.0000	0.0000	0.9998	0.0001	0.9988	0.0004	0.9963	0.0009
COG0092	0.6900	0.9993	0.0003	1.0000	0.0000	0.9999	0.0000	0.9995	0.0002	0.9984	0.0005
COG0093	0.2350	0.9987	0.0005	1.0000	0.0000	1.0000	0.0000	0.9997	0.0002	0.9989	0.0005
COG0094	0.9200	0.9999	0.0000	1.0000	0.0000	1.0000	0.0000	0.9998	0.0001	0.9993	0.0002
COG0095	0.0250	0.9672	0.0194	0.9998	0.0002	0.9935	0.0036	0.2995	0.1295	0.2213	0.0865
COG0096	0.0150	0.9981	0.0004	1.0000	0.0000	1.0000	0.0000	0.9687	0.0078	0.9801	0.0056
COG0097	0.4750	0.9995	0.0001	1.0000	0.0000	1.0000	0.0000	0.9998	0.0000	0.9993	0.0002
COG0098	0.6550	0.9995	0.0001	1.0000	0.0000	1.0000	0.0000	0.9998	0.0000	0.9994	0.0001
COG0099	0.1800	0.9918	0.0028	1.0000	0.0000	0.9998	0.0001	0.9990	0.0004	0.9966	0.0014
COG0100	0.0000	0.8850	0.0334	0.3341	0.1117	0.8036	0.0671	0.9416	0.0199	0.9623	0.0091
COG0101	0.0100	0.9846	0.0096	0.9999	0.0001	0.9973	0.0021	0.9903	0.0073	0.9691	0.0222
COG0102	0.0000	0.8634	0.0342	0.4113	0.1662	0.7614	0.0620	0.8204	0.0276	0.8978	0.0144
COG0103	0.0050	0.0160	0.0048	0.7206	0.0418	0.0004	0.0002	0.0011	0.0006	0.0037	0.0015
COG0104	0.0150	0.9948	0.0019	1.0000	0.0000	0.9998	0.0001	0.8819	0.0438	0.7532	0.0568
COG0105	0.0000	0.8240	0.0602	0.3358	0.1563	0.6223	0.1044	0.7851	0.0489	0.8065	0.0478
COG0106	0.0000	0.9653	0.0110	0.9257	0.0339	0.9371	0.0244	0.9532	0.0121	0.9405	0.0166
COG0107	0.7750	0.9991	0.0002	0.9999	0.0000	0.9996	0.0002	0.9990	0.0003	0.9957	0.0016
COG0108	0.0000	0.5686	0.1327	0.2007	0.1124	0.4439	0.1176	0.6534	0.0489	0.6169	0.1051
COG0109	0.0000	0.1004	0.0424	0.0224	0.0129	0.0347	0.0164	0.0500	0.0176	0.0445	0.0139
COG0110	0.0150	0.9834	0.0054	0.9999	0.0001	0.9995	0.0003	0.4913	0.1239	0.3213	0.0792
COG0111	0.0550	0.9954	0.0024	0.9999	0.0000	0.9997	0.0001	0.9991	0.0003	0.8334	0.0535
COG0112	0.2900	0.9980	0.0008	1.0000	0.0000	0.9999	0.0001	0.9991	0.0004	0.9965	0.0012
COG0113	0.0000	0.7821	0.0519	0.5726	0.1611	0.3683	0.1438	0.5634	0.0949	0.3499	0.1200
COG0114	0.0000	0.0085	0.0036	0.0012	0.0009	0.0017	0.0007	0.0020	0.0009	0.0021	0.0010
COG0115	0.2100	0.9562	0.0176	0.9988	0.0007	0.9967	0.0014	0.9897	0.0050	0.9674	0.0140
COG0116	0.0000	0.0950	0.0319	0.0056	0.0032	0.0754	0.0564	0.0918	0.0422	0.1562	0.0426
COG0117	0.0000	0.0118	0.0162	0.0011	0.0011	0.0089	0.0083	0.0228	0.0223	0.0204	0.0186
COG0118	0.1050	0.9866	0.0038	0.9998	0.0001	0.9988	0.0005	0.9956	0.0014	0.9800	0.0089
COG0119	0.0650	0.9942	0.0019	0.9999	0.0001	0.9995	0.0002	0.9987	0.0004	0.7360	0.0670
COG0120	0.0550	0.9916	0.0030	0.9998	0.0001	0.9991	0.0004	0.9978	0.0007	0.8249	0.0637
COG0121	0.0000	0.1233	0.0439	0.0397	0.0165	0.0514	0.0147	0.0477	0.0160	0.0759	0.0263
COG0122	0.0200	0.7539	0.0885	0.9979	0.0009	0.9857	0.0100	0.1242	0.0354	0.1614	0.0617
COG0123	0.0350	0.9981	0.0007	0.9999	0.0000	0.9997	0.0001	0.9080	0.0292	0.8463	0.0704
COG0124	0.0950	0.9812	0.0055	1.0000	0.0000	0.9996	0.0002	0.9970	0.0010	0.8169	0.0182
COG0125	0.0000	0.9055	0.0328	0.4843	0.1021	0.7711	0.0670	0.8770	0.0416	0.8961	0.0294
COG0126	0.0300	0.9953	0.0014	1.0000	0.0000	0.9999	0.0000	0.8616	0.0278	0.8832	0.0226
COG0127	0.1750	0.9987	0.0002	1.0000	0.0000	1.0000	0.0000	0.9997	0.0001	0.9982	0.0004
COG0128	0.0000	0.9129	0.0234	0.7545	0.0713	0.7698	0.0594	0.7527	0.0610	0.6912	0.0670
COG0129	0.0100	0.9864	0.0037	0.9997	0.0002	0.7093	0.1069	0.6966	0.0786	0.4864	0.0677
COG0130	0.0800	0.9877	0.0043	1.0000	0.0000	0.9998	0.0001	0.9983	0.0006	0.7905	0.0565
COG0131	0.0000	0.9439	0.0138	0.8576	0.0558	0.8848	0.0389	0.9087	0.0241	0.8966	0.0242
COG0132	0.0000	0.0340	0.0098	0.0083	0.0036	0.0311	0.0122	0.0349	0.0133	0.0239	0.0101
COG0133	0.2100	0.9791	0.0058	0.9994	0.0006	0.9978	0.0011	0.9790	0.0172	0.8446	0.0608
COG0134	0.0000	0.9476	0.0076	0.9274	0.0249	0.8885	0.0309	0.7693	0.0817	0.3828	0.1332
COG0135	0.0500	0.9872	0.0044	0.9997	0.0002	0.9980	0.0007	0.9891	0.0079	0.4288	0.1261
COG0136	0.7200	0.9993	0.0002	1.0000	0.0000	0.9998	0.0001	0.9990	0.0005	0.9942	0.0027
COG0137	0.0850	0.9953	0.0016	1.0000	0.0000	0.9998	0.0001	0.9986	0.0005	0.7845	0.0562
COG0138	0.0000	0.1737	0.0705	0.0146	0.0081	0.0711	0.0328	0.2514	0.0717	0.3094	0.0792
COG0139	0.1850	0.9927	0.0016	0.9998	0.0001	0.9994	0.0002	0.9981	0.0004	0.9947	0.0018
COG0140	0.0000	0.1877	0.0850	0.0684	0.0376	0.1503	0.0604	0.0968	0.0271	0.1318	0.0491
COG0141	0.0500	0.9942	0.0010	0.9999	0.0000	0.9996	0.0001	0.9987	0.0004	0.9017	0.0355
COG0142	0.7900	0.9998	0.0001	1.0000	0.0000	0.9999	0.0001	0.9997	0.0001	0.9993	0.0002
COG0143	0.1550	0.9934	0.0028	1.0000	0.0000	0.9998	0.0001	0.9987	0.0005	0.9972	0.0008
COG0144	0.3900	0.9887	0.0064	0.9997	0.0001	0.9986	0.0007	0.9955	0.0023	0.9873	0.0060
COG0145	0.0450	0.9703	0.0131	0.9995	0.0004	0.9912	0.0043	0.9830	0.0082	0.3563	0.0754
COG0146	0.0000	0.4077	0.1186	0.1542	0.1091	0.1160	0.0556	0.1551	0.0474	0.0764	0.0165
COG0147	0.0250	0.9820	0.0063	0.9994	0.0004	0.9984	0.0008	0.6477	0.0920	0.3863	0.1011
COG0148	0.3200	0.9986	0.0007	1.0000	0.0000	1.0000	0.0000	0.9997	0.0001	0.9990	0.0004
COG0149	0.0250	0.9960	0.0010	1.0000	0.0000	0.9999	0.0000	0.8513	0.0319	0.8871	0.0209
COG0150	0.0100	0.9790	0.0059	0.9998	0.0001	0.7265	0.0964	0.8096	0.0767	0.7632	0.0653
COG0151	0.3350	0.9871	0.0033	0.9998	0.0001	0.9988	0.0005	0.9966	0.0009	0.9863	0.0024
COG0152	0.0450	0.9896	0.0026	0.9999	0.0000	0.9995	0.0002	0.9986	0.0004	0.8342	0.0542
COG0153	0.0000	0.0187	0.0095	0.0024	0.0012	0.0065	0.0024	0.0101	0.0029	0.0146	0.0043
COG0154	0.0000	0.7949	0.0649	0.3027	0.1464	0.4014	0.1017	0.5990	0.0434	0.6749	0.0544
COG0155	0.0000	0.0821	0.0468	0.0212	0.0195	0.0259	0.0197	0.0396	0.0175	0.0325	0.0150
COG0156	0.0000	0.1494	0.0834	0.0395	0.0254	0.0549	0.0243	0.0593	0.0275	0.0409	0.0214
COG0157	0.0000	0.9260	0.0280	0.8392	0.0616	0.8812	0.0377	0.6907	0.0702	0.6470	0.0674
COG0158	0.0000	0.0536	0.0269	0.0077	0.0039	0.0223	0.0114	0.0207	0.0087	0.0231	0.0115
COG0159	0.0150	0.9895	0.0031	0.9998	0.0001	0.9989	0.0005	0.7779	0.0650	0.4582	0.1090
COG0160	0.0050	0.9291	0.0402	0.9995	0.0002	0.1973	0.0786	0.2506	0.0659	0.3285	0.0738
COG0161	0.0000	0.0171	0.0127	0.0038	0.0025	0.0098	0.0050	0.0177	0.0108	0.0108	0.0068
COG0162	0.0050	0.9916	0.0027	1.0000	0.0000	0.7156	0.0914	0.8279	0.0678	0.8553	0.0504
COG0163	0.7050	0.9979	0.0016	0.9999	0.0001	0.9995	0.0003	0.9988	0.0007	0.9971	0.0016
COG0164	0.0400	0.9868	0.0030	1.0000	0.0000	0.9998	0.0001	0.6666	0.0871	0.7678	0.0655
COG0165	0.0000	0.9554	0.0114	0.8689	0.0480	0.9176	0.0181	0.8845	0.0231	0.7556	0.0494
COG0166	0.0000	0.0594	0.0261	0.0059	0.0031	0.0336	0.0177	0.0736	0.0287	0.0829	0.0301
COG0167	0.0800	0.9973	0.0008	1.0000	0.0000	0.9999	0.0000	0.9997	0.0001	0.9285	0.0136
COG0168	0.0850	0.9875	0.0036	0.9999	0.0000	0.9995	0.0002	0.9984	0.0004	0.8154	0.0588
COG0169	0.0050	0.9908	0.0028	0.9999	0.0000	0.7598	0.0674	0.7665	0.0476	0.6722	0.0639
COG0170	0.0050	0.9175	0.0412	0.9997	0.0003	0.1945	0.0723	0.2711	0.0701	0.3635	0.0832
COG0171	0.0000	0.9669	0.0090	0.8590	0.0594	0.8973	0.0319	0.9005	0.0186	0.8843	0.0208
COG0172	0.0650	0.9918	0.0017	1.0000	0.0000	0.9999	0.0000	0.9987	0.0005	0.8959	0.0078
COG0173	0.0000	0.0007	0.0006	0.0000	0.0000	0.0003	0.0002	0.0014	0.0011	0.0051	0.0035
COG0174	0.0650	0.9936	0.0015	0.9999	0.0000	0.9995	0.0001	0.9979	0.0006	0.7774	0.0564
COG0175	0.0100	0.9860	0.0059	0.9998	0.0000	0.6127	0.0495	0.6590	0.0504	0.5353	0.0744
COG0176	0.0000	0.1004	0.0468	0.0205	0.0101	0.1277	0.0779	0.2026	0.1108	0.2297	0.0826
COG0177	0.0000	0.8693	0.0514	0.3075	0.1632	0.5782	0.1459	0.6998	0.0984	0.8192	0.0615
COG0178	0.0000	0.0470	0.0242	0.0013	0.0017	0.0035	0.0018	0.0150	0.0082	0.0336	0.0227
COG0179	0.0050	0.9787	0.0094	0.9995	0.0004	0.4330	0.1083	0.4013	0.1011	0.3930	0.0736
COG0180	0.7600	0.9985	0.0003	1.0000	0.0000	0.9999	0.0001	0.9987	0.0004	0.9949	0.0017
COG0181	0.0250	0.9022	0.0356	0.9953	0.0032	0.9618	0.0298	0.9587	0.0245	0.8478	0.0591
COG0182	0.0950	0.9960	0.0012	1.0000	0.0000	0.9996	0.0001	0.9981	0.0005	0.8049	0.0725
COG0183	0.0000	0.9705	0.0230	0.8599	0.0710	0.8905	0.0815	0.8944	0.0811	0.9006	0.0600
COG0184	0.0300	0.9948	0.0015	1.0000	0.0000	1.0000	0.0000	0.8349	0.0383	0.8653	0.0263
COG0185	0.0100	0.9905	0.0017	1.0000	0.0000	0.7724	0.0535	0.9124	0.0192	0.9569	0.0085
COG0186	0.0000	0.9600	0.0138	0.6682	0.1036	0.8870	0.0368	0.9558	0.0160	0.9756	0.0097
COG0187	0.0000	0.0615	0.0266	0.0003	0.0004	0.0049	0.0028	0.0475	0.0190	0.2193	0.0902
COG0188	0.0000	0.0749	0.0313	0.0005	0.0004	0.0061	0.0030	0.0536	0.0222	0.2457	0.1052
COG0189	0.0050	0.9484	0.0346	0.9990	0.0017	0.4458	0.1399	0.3703	0.1112	0.3240	0.1032
COG0190	0.0050	0.1455	0.0867	0.9373	0.0366	0.0041	0.0024	0.0226	0.0129	0.0537	0.0222
COG0191	0.0000	0.0371	0.0108	0.0032	0.0011	0.0155	0.0043	0.0421	0.0083	0.0634	0.0105
COG0192	0.0000	0.0068	0.0052	0.0003	0.0003	0.0068	0.0039	0.0243	0.0127	0.0520	0.0291
COG0193	0.0000	0.0000	0.0000	0.0000	0.0000	0.0000	0.0000	0.0001	0.0001	0.0004	0.0002
COG0194	0.0000	0.0002	0.0002	0.0000	0.0000	0.0001	0.0001	0.0004	0.0003	0.0015	0.0008
COG0195	0.1400	0.9974	0.0013	1.0000	0.0000	1.0000	0.0000	0.9997	0.0001	0.9985	0.0006
COG0196	0.0000	0.0014	0.0010	0.0002	0.0001	0.0010	0.0007	0.0025	0.0014	0.0031	0.0014
COG0197	0.0000	0.9205	0.0150	0.3466	0.1522	0.7150	0.0735	0.8919	0.0257	0.9467	0.0098
COG0198	0.0900	0.9957	0.0014	1.0000	0.0000	0.9999	0.0000	0.9994	0.0003	0.9622	0.0123
COG0199	0.0100	0.9448	0.0336	0.9998	0.0002	0.5357	0.0897	0.7888	0.0548	0.8774	0.0373
COG0200	0.0000	0.9550	0.0151	0.5710	0.0808	0.9065	0.0290	0.9630	0.0138	0.9785	0.0082
COG0201	0.0000	0.0046	0.0037	0.0002	0.0003	0.0012	0.0010	0.0032	0.0020	0.0070	0.0044
COG0202	0.0400	0.9933	0.0010	1.0000	0.0000	0.9999	0.0000	0.9995	0.0001	0.9977	0.0006
COG0203	0.0000	0.0000	0.0000	0.0000	0.0000	0.0000	0.0000	0.0001	0.0000	0.0003	0.0001
COG0204	0.0000	0.0016	0.0017	0.0000	0.0000	0.0006	0.0005	0.0028	0.0021	0.0106	0.0065
COG0205	0.0000	0.0473	0.0240	0.0076	0.0060	0.0311	0.0144	0.0501	0.0170	0.0457	0.0089
COG0206	0.0000	0.8274	0.0875	0.2227	0.2919	0.5918	0.1971	0.7743	0.1101	0.8812	0.0597
COG0207	0.0050	0.6458	0.1431	0.9940	0.0042	0.1112	0.0463	0.2501	0.0841	0.2688	0.1135
COG0208	0.0000	0.0006	0.0004	0.0000	0.0000	0.0004	0.0002	0.0011	0.0007	0.0038	0.0025
COG0209	0.0000	0.4902	0.0959	0.0840	0.0595	0.2865	0.0705	0.4899	0.0690	0.4859	0.0776
COG0210	0.0000	0.1005	0.0270	0.0022	0.0017	0.0088	0.0038	0.0342	0.0085	0.0730	0.0165
COG0211	0.0000	0.0002	0.0002	0.0000	0.0000	0.0001	0.0001	0.0003	0.0002	0.0009	0.0006
COG0212	0.0000	0.2306	0.0590	0.0501	0.0253	0.1694	0.0523	0.3811	0.0926	0.4457	0.0744
COG0213	0.4800	0.9873	0.0044	0.9999	0.0001	0.9996	0.0002	0.9983	0.0009	0.9967	0.0019
COG0214	0.0050	0.9779	0.0055	0.9997	0.0001	0.5632	0.0786	0.7072	0.0735	0.6738	0.1108
COG0215	0.0100	0.9275	0.0255	0.9999	0.0000	0.1198	0.0474	0.3182	0.0781	0.4743	0.0920
COG0216	0.0000	0.0000	0.0000	0.0000	0.0000	0.0000	0.0000	0.0001	0.0001	0.0004	0.0002
COG0217	0.0000	0.0000	0.0000	0.0000	0.0000	0.0000	0.0000	0.0001	0.0000	0.0003	0.0001
COG0218	0.0000	0.2996	0.1198	0.0276	0.0208	0.0319	0.0188	0.0652	0.0341	0.1326	0.0576
COG0219	0.0000	0.0000	0.0000	0.0000	0.0000	0.0000	0.0000	0.0001	0.0001	0.0002	0.0001
COG0220	0.0000	0.0014	0.0008	0.0002	0.0001	0.0011	0.0005	0.0029	0.0010	0.0074	0.0026
COG0221	0.0150	0.8236	0.0872	0.9980	0.0010	0.9908	0.0034	0.1129	0.0237	0.2099	0.0503
COG0222	0.0000	0.0005	0.0002	0.0000	0.0000	0.0001	0.0001	0.0008	0.0002	0.0017	0.0005
COG0223	0.0000	0.0060	0.0022	0.0001	0.0001	0.0018	0.0011	0.0085	0.0032	0.0197	0.0065
COG0224	0.0000	0.0094	0.0026	0.0006	0.0002	0.0040	0.0010	0.0112	0.0030	0.0123	0.0025
COG0225	0.0000	0.0287	0.0076	0.0016	0.0018	0.0065	0.0017	0.0147	0.0031	0.0235	0.0098
COG0226	0.0250	0.9915	0.0013	0.9998	0.0001	0.9987	0.0004	0.9939	0.0020	0.8757	0.0573
COG0227	0.0000	0.0003	0.0002	0.0000	0.0000	0.0001	0.0001	0.0007	0.0004	0.0021	0.0009
COG0228	0.0000	0.0001	0.0001	0.0000	0.0000	0.0000	0.0000	0.0001	0.0001	0.0006	0.0003
COG0229	0.0000	0.0555	0.0449	0.0093	0.0171	0.0295	0.0326	0.0345	0.0234	0.0338	0.0159
COG0230	0.0000	0.0004	0.0004	0.0000	0.0000	0.0001	0.0002	0.0007	0.0006	0.0026	0.0017
COG0231	0.5150	0.9968	0.0003	1.0000	0.0000	0.9999	0.0000	0.9990	0.0002	0.9962	0.0008
COG0232	0.0000	0.0235	0.0137	0.0022	0.0017	0.0070	0.0042	0.0217	0.0097	0.0388	0.0142
COG0233	0.0000	0.0001	0.0001	0.0000	0.0000	0.0001	0.0001	0.0004	0.0004	0.0011	0.0009
COG0234	0.0000	0.0042	0.0025	0.0001	0.0001	0.0011	0.0008	0.0040	0.0018	0.0123	0.0040
COG0235	0.0000	0.8670	0.0358	0.6197	0.0922	0.6796	0.0724	0.7260	0.0365	0.6653	0.0656
COG0236	0.0000	0.0097	0.0039	0.0006	0.0004	0.0047	0.0022	0.0165	0.0055	0.0320	0.0088
COG0237	0.0000	0.8816	0.0319	0.4339	0.1112	0.7030	0.0860	0.8118	0.0615	0.7949	0.0731
COG0238	0.0000	0.0001	0.0001	0.0000	0.0000	0.0000	0.0000	0.0002	0.0002	0.0008	0.0005
COG0239	0.0150	0.7565	0.1354	0.9919	0.0063	0.9687	0.0240	0.1188	0.0522	0.0916	0.0485
COG0240	0.0000	0.0299	0.0156	0.0015	0.0007	0.0094	0.0049	0.0182	0.0105	0.0332	0.0194
COG0241	0.0050	0.1624	0.0560	0.9262	0.0467	0.8527	0.0560	0.7629	0.0617	0.6625	0.0730
COG0242	0.0000	0.0012	0.0006	0.0000	0.0000	0.0004	0.0003	0.0015	0.0007	0.0042	0.0021
COG0243	0.0000	0.8067	0.0992	0.4834	0.1716	0.6290	0.1399	0.6458	0.1156	0.5428	0.0823
COG0244	0.0000	0.8500	0.0277	0.2391	0.0702	0.5678	0.0446	0.8078	0.0275	0.8569	0.0176
COG0245	0.0000	0.0017	0.0009	0.0002	0.0002	0.0009	0.0005	0.0025	0.0013	0.0039	0.0024
COG0246	0.0000	0.0017	0.0007	0.0003	0.0002	0.0015	0.0009	0.0029	0.0012	0.0052	0.0017
COG0247	0.0000	0.9498	0.0298	0.7553	0.1369	0.5318	0.1310	0.5342	0.0742	0.5243	0.1017
COG0248	0.0000	0.0494	0.0407	0.0126	0.0096	0.0200	0.0176	0.0312	0.0228	0.0341	0.0247
COG0249	0.0000	0.1672	0.0782	0.0131	0.0121	0.0300	0.0140	0.0462	0.0223	0.0622	0.0357
COG0250	0.7650	0.9987	0.0003	1.0000	0.0000	0.9998	0.0001	0.9987	0.0005	0.9952	0.0020
COG0251	0.0000	0.3073	0.1554	0.0608	0.0320	0.1270	0.0897	0.0848	0.0469	0.0873	0.0401
COG0252	0.0000	0.9009	0.0359	0.6328	0.1120	0.8534	0.0518	0.8279	0.0416	0.8668	0.0370
COG0253	0.0000	0.5101	0.1129	0.1774	0.1077	0.3113	0.0830	0.3726	0.0586	0.3439	0.0588
COG0254	0.0000	0.0000	0.0000	0.0000	0.0000	0.0000	0.0000	0.0001	0.0001	0.0003	0.0002
COG0255	0.1450	0.9977	0.0009	1.0000	0.0000	0.9999	0.0000	0.9994	0.0002	0.9968	0.0009
COG0256	0.2400	0.9972	0.0008	1.0000	0.0000	0.9999	0.0000	0.9997	0.0001	0.9989	0.0003
COG0257	0.0000	0.0837	0.0543	0.3246	0.1500	0.1594	0.0857	0.1108	0.0585	0.1019	0.0405
COG0258	0.0000	0.8365	0.0348	0.3247	0.0930	0.7271	0.0566	0.7972	0.0335	0.8686	0.0238
COG0259	0.0000	0.0001	0.0001	0.0000	0.0000	0.0001	0.0001	0.0004	0.0002	0.0007	0.0003
COG0260	0.0000	0.0013	0.0021	0.0001	0.0002	0.0010	0.0010	0.0032	0.0030	0.0072	0.0045
COG0261	0.0000	0.0000	0.0000	0.0000	0.0000	0.0000	0.0000	0.0001	0.0001	0.0004	0.0003
COG0262	0.0000	0.0091	0.0059	0.0007	0.0011	0.0023	0.0015	0.0060	0.0027	0.0188	0.0091
COG0263	0.0000	0.1217	0.0499	0.0142	0.0096	0.0463	0.0317	0.1273	0.0362	0.1166	0.0314
COG0264	0.0000	0.0001	0.0001	0.0000	0.0000	0.0000	0.0000	0.0002	0.0001	0.0006	0.0003
COG0265	0.0000	0.0959	0.0492	0.0032	0.0022	0.0379	0.0220	0.0808	0.0292	0.1123	0.0435
COG0266	0.0000	0.0201	0.0152	0.0023	0.0019	0.0104	0.0047	0.0224	0.0063	0.0467	0.0109
COG0267	0.0000	0.0010	0.0007	0.0000	0.0000	0.0004	0.0003	0.0017	0.0011	0.0040	0.0022
COG0268	0.0000	0.0002	0.0001	0.0000	0.0000	0.0001	0.0001	0.0004	0.0003	0.0011	0.0007
COG0269	0.0450	0.9970	0.0016	1.0000	0.0000	0.9998	0.0001	0.9988	0.0009	0.8762	0.0871
COG0270	0.0400	0.8290	0.0362	0.9990	0.0005	0.9901	0.0044	0.1088	0.0382	0.1381	0.0340
COG0271	0.0000	0.0012	0.0006	0.0003	0.0001	0.0011	0.0006	0.0019	0.0011	0.0028	0.0015
COG0272	0.0000	0.0142	0.0060	0.0002	0.0001	0.0024	0.0013	0.0120	0.0040	0.0324	0.0075
COG0274	0.0000	0.9727	0.0108	0.9973	0.0012	0.9857	0.0053	0.9548	0.0181	0.8934	0.0409
COG0275	0.0000	0.0003	0.0002	0.0000	0.0000	0.0001	0.0001	0.0004	0.0003	0.0013	0.0008
COG0276	0.0000	0.0144	0.0119	0.0026	0.0031	0.0095	0.0064	0.0149	0.0096	0.0141	0.0109
COG0277	0.0000	0.6085	0.1360	0.2073	0.1444	0.1732	0.0708	0.3613	0.1072	0.3197	0.0838
COG0278	0.0000	0.0008	0.0004	0.0002	0.0001	0.0009	0.0006	0.0025	0.0016	0.0047	0.0027
COG0279	0.0000	0.0178	0.0071	0.0044	0.0012	0.0187	0.0065	0.0289	0.0081	0.0464	0.0072
COG0280	0.0000	0.0057	0.0028	0.0007	0.0005	0.0036	0.0020	0.0066	0.0033	0.0318	0.0159
COG0281	0.0150	0.9986	0.0007	1.0000	0.0000	0.9999	0.0000	0.9597	0.0178	0.9612	0.0195
COG0282	0.0000	0.4117	0.0856	0.8435	0.0501	0.6647	0.0672	0.4392	0.1022	0.4309	0.0840
COG0283	0.0000	0.0006	0.0003	0.0000	0.0000	0.0003	0.0002	0.0011	0.0005	0.0021	0.0007
COG0284	0.0000	0.9354	0.0291	0.7112	0.1558	0.8453	0.0711	0.8980	0.0320	0.8662	0.0280
COG0285	0.0000	0.0109	0.0090	0.0012	0.0011	0.0097	0.0056	0.0301	0.0138	0.0602	0.0153
COG0286	0.0050	0.9687	0.0083	0.9999	0.0001	0.2637	0.0380	0.1283	0.0365	0.1346	0.0473
COG0287	0.0000	0.0361	0.0224	0.0064	0.0041	0.0198	0.0105	0.0249	0.0097	0.0226	0.0089
COG0288	0.0000	0.0579	0.0229	0.0081	0.0041	0.0150	0.0054	0.0201	0.0087	0.0379	0.0233
COG0289	0.0000	0.9908	0.0076	0.9986	0.0015	0.9943	0.0038	0.9842	0.0070	0.9631	0.0163
COG0290	0.0000	0.0004	0.0003	0.0000	0.0000	0.0001	0.0001	0.0006	0.0004	0.0015	0.0009
COG0291	0.0000	0.0007	0.0005	0.0000	0.0000	0.0003	0.0003	0.0007	0.0005	0.0017	0.0009
COG0292	0.0000	0.0003	0.0003	0.0000	0.0000	0.0001	0.0001	0.0004	0.0003	0.0010	0.0005
COG0293	0.4500	0.9861	0.0077	0.9993	0.0004	0.9955	0.0035	0.9922	0.0067	0.9814	0.0137
COG0294	0.0000	0.9830	0.0033	0.9501	0.0200	0.9302	0.0165	0.9058	0.0244	0.8985	0.0330
COG0295	0.0050	0.4176	0.1186	0.9839	0.0108	0.9537	0.0252	0.9086	0.0369	0.8377	0.0522
COG0296	0.0000	0.4162	0.0900	0.7472	0.0776	0.5454	0.0679	0.4120	0.0631	0.2931	0.0710
COG0297	0.0000	0.1490	0.0997	0.0103	0.0097	0.0756	0.0463	0.1540	0.0887	0.2316	0.1079
COG0298	0.0000	0.9291	0.0227	0.7351	0.0991	0.8549	0.0568	0.8603	0.0593	0.9133	0.0357
COG0299	0.0000	0.0999	0.0299	0.0092	0.0050	0.0361	0.0114	0.1727	0.0515	0.2147	0.0539
COG0300	0.0000	0.0427	0.0184	0.0036	0.0018	0.0083	0.0033	0.0234	0.0099	0.0373	0.0150
COG0301	0.0150	0.9942	0.0029	1.0000	0.0000	0.9999	0.0000	0.7886	0.0524	0.8817	0.0496
COG0302	0.0000	0.0114	0.0058	0.0031	0.0014	0.0104	0.0043	0.0113	0.0051	0.0156	0.0081
COG0303	0.0000	0.9907	0.0041	0.9762	0.0150	0.9726	0.0147	0.9682	0.0165	0.8766	0.0665
COG0304	0.0000	0.0025	0.0025	0.0002	0.0002	0.0010	0.0006	0.0032	0.0020	0.0049	0.0032
COG0305	0.0000	0.0011	0.0004	0.0000	0.0000	0.0003	0.0001	0.0017	0.0006	0.0059	0.0017
COG0306	0.2250	0.9898	0.0048	0.9998	0.0001	0.9989	0.0003	0.9924	0.0017	0.9794	0.0056
COG0307	0.0000	0.0216	0.0229	0.0012	0.0013	0.0110	0.0137	0.0334	0.0402	0.0219	0.0237
COG0308	0.0050	0.6026	0.1188	0.9950	0.0020	0.0581	0.0194	0.0954	0.0306	0.1116	0.0276
COG0309	0.2200	0.9996	0.0002	1.0000	0.0000	0.9999	0.0001	0.9994	0.0007	0.9977	0.0016
COG0310	0.0050	0.9865	0.0045	0.9998	0.0001	0.5365	0.0908	0.4013	0.0879	0.3446	0.0943
COG0311	0.2300	0.9863	0.0059	0.9996	0.0003	0.9944	0.0027	0.9910	0.0043	0.9685	0.0182
COG0312	0.0150	0.9906	0.0053	0.9999	0.0000	0.9996	0.0003	0.7704	0.0611	0.7577	0.0631
COG0313	0.0000	0.0001	0.0001	0.0000	0.0000	0.0001	0.0000	0.0006	0.0003	0.0024	0.0010
COG0314	0.0000	0.9450	0.0129	0.8348	0.0492	0.8368	0.0441	0.8732	0.0446	0.8393	0.0499
COG0315	0.0450	0.9937	0.0017	0.9999	0.0000	0.9994	0.0003	0.9980	0.0009	0.7749	0.0676
COG0316	0.0000	0.0108	0.0052	0.0018	0.0016	0.0053	0.0037	0.0255	0.0085	0.0608	0.0159
COG0317	0.0000	0.0057	0.0025	0.0001	0.0001	0.0014	0.0005	0.0046	0.0017	0.0098	0.0044
COG0318	0.0000	0.5593	0.1184	0.2062	0.1391	0.1417	0.0968	0.1937	0.0751	0.1974	0.0539
COG0319	0.0000	0.0000	0.0000	0.0000	0.0000	0.0000	0.0000	0.0001	0.0000	0.0003	0.0001
COG0320	0.0000	0.0701	0.0242	0.0106	0.0072	0.0107	0.0056	0.0319	0.0167	0.0374	0.0274
COG0321	0.0000	0.0018	0.0018	0.0003	0.0003	0.0011	0.0009	0.0054	0.0034	0.0059	0.0026
COG0322	0.0000	0.0432	0.0188	0.0013	0.0017	0.0054	0.0024	0.0153	0.0087	0.0401	0.0272
COG0323	0.0000	0.2031	0.0890	0.0174	0.0118	0.0407	0.0211	0.0765	0.0301	0.1287	0.0609
COG0324	0.0000	0.0001	0.0001	0.0000	0.0000	0.0000	0.0000	0.0002	0.0002	0.0007	0.0005
COG0325	0.0000	0.0344	0.0131	0.0049	0.0027	0.0099	0.0042	0.0197	0.0057	0.0273	0.0066
COG0326	0.0000	0.0226	0.0077	0.0021	0.0014	0.0075	0.0040	0.0185	0.0080	0.0214	0.0080
COG0327	0.0000	0.4274	0.1204	0.0845	0.0818	0.1665	0.0870	0.1891	0.0584	0.2569	0.0794
COG0328	0.0000	0.0944	0.0368	0.0055	0.0033	0.0377	0.0137	0.0865	0.0302	0.1728	0.0505
COG0329	0.0100	0.9927	0.0021	1.0000	0.0000	0.7982	0.0445	0.7595	0.0529	0.7205	0.0752
COG0330	0.2200	0.9969	0.0013	1.0000	0.0000	0.9997	0.0001	0.9985	0.0005	0.9941	0.0010
COG0331	0.0000	0.0033	0.0014	0.0004	0.0002	0.0017	0.0009	0.0032	0.0014	0.0037	0.0015
COG0332	0.0000	0.0090	0.0054	0.0011	0.0008	0.0052	0.0027	0.0057	0.0024	0.0097	0.0043
COG0333	0.0000	0.0001	0.0001	0.0000	0.0000	0.0001	0.0000	0.0002	0.0001	0.0009	0.0004
COG0334	0.0000	0.5621	0.1200	0.1406	0.0966	0.2014	0.0789	0.3429	0.0970	0.5034	0.0916
COG0335	0.0000	0.0001	0.0001	0.0000	0.0000	0.0000	0.0000	0.0001	0.0001	0.0007	0.0004
COG0336	0.0000	0.0000	0.0000	0.0000	0.0000	0.0000	0.0000	0.0001	0.0000	0.0005	0.0002
COG0337	0.0000	0.0488	0.0481	0.0095	0.0068	0.0237	0.0141	0.0367	0.0208	0.0392	0.0311
COG0338	0.0000	0.1941	0.0615	0.0326	0.0154	0.0402	0.0162	0.0432	0.0152	0.0371	0.0148
COG0339	0.0000	0.0014	0.0008	0.0004	0.0003	0.0013	0.0009	0.0022	0.0012	0.0042	0.0024
COG0340	0.0000	0.7428	0.1427	0.3168	0.1685	0.3931	0.1424	0.3934	0.1240	0.2544	0.0980
COG0341	0.0000	0.1187	0.0870	0.0292	0.0310	0.0306	0.0212	0.0737	0.0440	0.1401	0.0674
COG0342	0.0050	0.3241	0.1295	0.9606	0.0342	0.0195	0.0098	0.0489	0.0369	0.1208	0.0977
COG0343	0.6600	0.9991	0.0005	1.0000	0.0000	0.9997	0.0002	0.9985	0.0007	0.9949	0.0021
COG0344	0.0000	0.0055	0.0032	0.0005	0.0004	0.0019	0.0012	0.0053	0.0028	0.0096	0.0041
COG0345	0.0050	0.9253	0.0184	0.9983	0.0009	0.1843	0.0747	0.3908	0.0635	0.3548	0.0543
COG0346	0.0050	0.8759	0.0717	0.9975	0.0016	0.1216	0.0883	0.1271	0.0562	0.1157	0.0586
COG0347	0.0000	0.7124	0.0908	0.3183	0.0866	0.3185	0.0864	0.4241	0.1062	0.2566	0.0765
COG0348	0.0000	0.4776	0.0827	0.0924	0.0363	0.1681	0.0392	0.1951	0.0628	0.1627	0.0708
COG0349	0.0000	0.0022	0.0019	0.0007	0.0006	0.0035	0.0030	0.0046	0.0047	0.0060	0.0055
COG0350	0.0000	0.8836	0.0551	0.4324	0.1705	0.4921	0.1480	0.6750	0.1025	0.7184	0.0523
COG0351	0.0000	0.9045	0.0314	0.6775	0.0829	0.8396	0.0416	0.8147	0.0652	0.8002	0.0766
COG0352	0.0000	0.1146	0.0472	0.0213	0.0145	0.0695	0.0419	0.1107	0.0328	0.1279	0.0257
COG0353	0.0000	0.0000	0.0000	0.0000	0.0000	0.0000	0.0000	0.0001	0.0000	0.0002	0.0001
COG0354	0.0000	0.0003	0.0002	0.0001	0.0001	0.0006	0.0003	0.0009	0.0004	0.0018	0.0010
COG0355	0.0000	0.0019	0.0006	0.0001	0.0000	0.0006	0.0002	0.0021	0.0007	0.0036	0.0012
COG0356	0.0000	0.0010	0.0003	0.0001	0.0000	0.0006	0.0002	0.0015	0.0003	0.0025	0.0003
COG0357	0.0000	0.2507	0.0996	0.6537	0.1342	0.3896	0.1128	0.1898	0.0625	0.0836	0.0328
COG0358	0.8800	0.9994	0.0001	1.0000	0.0000	0.9999	0.0000	0.9984	0.0006	0.9941	0.0015
COG0359	0.0000	0.0002	0.0001	0.0000	0.0000	0.0000	0.0000	0.0003	0.0002	0.0011	0.0005
COG0360	0.0000	0.0005	0.0007	0.0000	0.0000	0.0003	0.0004	0.0012	0.0012	0.0026	0.0019
COG0361	0.0100	0.9914	0.0028	1.0000	0.0000	0.7134	0.0748	0.8175	0.0558	0.8896	0.0363
COG0362	0.0000	0.0064	0.0036	0.0012	0.0012	0.0039	0.0027	0.0081	0.0033	0.0116	0.0040
COG0363	0.0000	0.0039	0.0018	0.0005	0.0002	0.0018	0.0005	0.0074	0.0024	0.0141	0.0045
COG0364	0.0000	0.0006	0.0004	0.0001	0.0001	0.0005	0.0003	0.0016	0.0007	0.0035	0.0018
COG0365	0.0050	0.9390	0.0299	0.9990	0.0008	0.9949	0.0029	0.9918	0.0046	0.9789	0.0115
COG0366	0.0000	0.0885	0.0357	0.0093	0.0074	0.0205	0.0072	0.0388	0.0112	0.0691	0.0192
COG0367	0.0200	0.9654	0.0094	0.9998	0.0001	0.9991	0.0003	0.5330	0.0714	0.3810	0.0532
COG0368	0.0600	0.9867	0.0050	0.9997	0.0002	0.9822	0.0113	0.9557	0.0244	0.1682	0.0655
COG0369	0.0000	0.2644	0.0839	0.0366	0.0210	0.0690	0.0419	0.1747	0.0700	0.0766	0.0292
COG0370	0.0550	0.9987	0.0005	1.0000	0.0000	0.9999	0.0000	0.9995	0.0001	0.9279	0.0193
COG0371	0.0100	0.9976	0.0012	1.0000	0.0000	0.9998	0.0001	0.9989	0.0005	0.9967	0.0012
COG0372	0.0000	0.2233	0.0927	0.0918	0.0681	0.0700	0.0411	0.0621	0.0222	0.0963	0.0314
COG0373	0.0000	0.8032	0.1162	0.5377	0.2187	0.5101	0.2017	0.4130	0.1313	0.2589	0.1185
COG0374	0.0000	0.7357	0.0888	0.3709	0.1210	0.4278	0.0900	0.4110	0.0727	0.5294	0.0783
COG0375	0.0150	0.9908	0.0029	1.0000	0.0000	0.9989	0.0003	0.7441	0.0764	0.7988	0.0520
COG0376	0.0000	0.0297	0.0103	0.0076	0.0042	0.0125	0.0052	0.0210	0.0065	0.0253	0.0061
COG0377	0.0100	0.9753	0.0108	0.9976	0.0021	0.0636	0.0264	0.1939	0.0939	0.2790	0.1362
COG0378	0.0050	0.9570	0.0182	0.9992	0.0005	0.4429	0.1104	0.4667	0.1164	0.6251	0.1028
COG0379	0.1100	0.9722	0.0196	0.9997	0.0003	0.9979	0.0012	0.9581	0.0171	0.9205	0.0224
COG0380	0.0000	0.1551	0.0365	0.0337	0.0106	0.1238	0.0235	0.1457	0.0295	0.1183	0.0245
COG0381	0.0350	0.9313	0.0243	0.9996	0.0001	0.9972	0.0009	0.2366	0.0608	0.1409	0.0658
COG0382	0.7500	0.9999	0.0000	1.0000	0.0000	1.0000	0.0000	0.9998	0.0000	0.9995	0.0002
COG0383	0.0000	0.0891	0.0303	0.0149	0.0048	0.0227	0.0072	0.0263	0.0081	0.0308	0.0113
COG0384	0.0000	0.2965	0.0878	0.0495	0.0392	0.0765	0.0475	0.0619	0.0220	0.0504	0.0083
COG0385	0.0000	0.0540	0.0207	0.0098	0.0059	0.0172	0.0067	0.0488	0.0115	0.0802	0.0235
COG0386	0.0000	0.0002	0.0001	0.0000	0.0000	0.0001	0.0000	0.0003	0.0001	0.0009	0.0003
COG0387	0.0000	0.0103	0.0048	0.0024	0.0007	0.0108	0.0037	0.0098	0.0045	0.0118	0.0056
COG0388	0.0150	0.9908	0.0038	0.9999	0.0001	0.9987	0.0005	0.5293	0.0998	0.4582	0.0785
COG0389	0.0000	0.0587	0.0217	0.0041	0.0059	0.0059	0.0020	0.0235	0.0098	0.0490	0.0264
COG0390	0.0000	0.0554	0.0146	0.0065	0.0040	0.0188	0.0084	0.0230	0.0066	0.0239	0.0102
COG0391	0.0050	0.9082	0.0403	0.9991	0.0009	0.1963	0.0549	0.2629	0.0760	0.1886	0.0587
COG0392	0.2000	0.9964	0.0020	1.0000	0.0000	0.9998	0.0001	0.9979	0.0008	0.9932	0.0029
COG0393	0.0000	0.3871	0.0770	0.1164	0.0427	0.0925	0.0149	0.1773	0.0301	0.2978	0.0366
COG0394	0.0000	0.4540	0.0935	0.0864	0.0371	0.1280	0.0470	0.1047	0.0331	0.1014	0.0228
COG0395	0.0050	0.2004	0.0593	0.9219	0.0380	0.0082	0.0035	0.0193	0.0067	0.0236	0.0077
COG0396	0.0500	0.9755	0.0136	0.9999	0.0000	0.9995	0.0003	0.9980	0.0012	0.8657	0.0491
COG0397	0.0000	0.0006	0.0004	0.0001	0.0001	0.0007	0.0004	0.0020	0.0009	0.0040	0.0017
COG0398	0.0000	0.0292	0.0108	0.0019	0.0024	0.0092	0.0037	0.0245	0.0079	0.0359	0.0131
COG0399	0.0050	0.9798	0.0103	0.9999	0.0001	0.6523	0.0838	0.4769	0.1117	0.2294	0.0842
COG0400	0.0000	0.0010	0.0011	0.0001	0.0001	0.0014	0.0009	0.0034	0.0021	0.0063	0.0031
COG0401	0.0000	0.0015	0.0011	0.0004	0.0003	0.0007	0.0005	0.0006	0.0005	0.0006	0.0006
COG0402	0.0000	0.9917	0.0039	0.9606	0.0169	0.9765	0.0129	0.9814	0.0094	0.9790	0.0087
COG0403	0.0000	0.4636	0.1879	0.1808	0.1231	0.0315	0.0211	0.0427	0.0291	0.0495	0.0322
COG0404	0.0000	0.3258	0.1510	0.0761	0.0683	0.0235	0.0185	0.0362	0.0252	0.0433	0.0254
COG0405	0.0000	0.0427	0.0258	0.0107	0.0097	0.0137	0.0113	0.0123	0.0059	0.0136	0.0038
COG0406	0.0000	0.0229	0.0123	0.0019	0.0024	0.0035	0.0019	0.0179	0.0075	0.0206	0.0086
COG0407	0.0600	0.9690	0.0112	0.9994	0.0004	0.9881	0.0048	0.9765	0.0082	0.2270	0.0734
COG0408	0.0000	0.0569	0.0239	0.1301	0.0547	0.1086	0.0519	0.0713	0.0341	0.0841	0.0409
COG0409	0.0000	0.9991	0.0004	0.9999	0.0000	0.9994	0.0004	0.9961	0.0020	0.9911	0.0036
COG0410	0.0000	0.5025	0.1427	0.0667	0.0208	0.0346	0.0163	0.0623	0.0370	0.0521	0.0296
COG0411	0.0000	0.4387	0.1695	0.0488	0.0322	0.0298	0.0156	0.0467	0.0304	0.0424	0.0260
COG0412	0.0000	0.0308	0.0114	0.0073	0.0029	0.0114	0.0050	0.0179	0.0049	0.0231	0.0064
COG0413	0.0000	0.2649	0.1380	0.0858	0.0670	0.1865	0.1088	0.1577	0.0892	0.1209	0.0957
COG0414	0.0000	0.0016	0.0021	0.0003	0.0005	0.0017	0.0022	0.0025	0.0025	0.0034	0.0030
COG0415	0.0000	0.1456	0.0491	0.0343	0.0156	0.0514	0.0205	0.0625	0.0232	0.1090	0.0373
COG0416	0.0000	0.0009	0.0004	0.0001	0.0000	0.0006	0.0003	0.0019	0.0007	0.0028	0.0008
COG0417	0.0050	0.9976	0.0016	1.0000	0.0000	0.7919	0.0875	0.8717	0.0648	0.9236	0.0401
COG0418	0.0000	0.0006	0.0003	0.0002	0.0001	0.0006	0.0003	0.0008	0.0004	0.0014	0.0007
COG0419	0.0300	0.9934	0.0027	1.0000	0.0000	0.9996	0.0002	0.6704	0.0723	0.7739	0.0445
COG0420	0.0200	0.9964	0.0013	1.0000	0.0000	0.9998	0.0001	0.7789	0.0925	0.8169	0.0535
COG0421	0.0000	0.4302	0.1195	0.1143	0.0711	0.4593	0.1023	0.4498	0.1125	0.3462	0.1302
COG0422	0.0200	0.9899	0.0056	0.9999	0.0001	0.9995	0.0003	0.8064	0.0510	0.7605	0.0792
COG0423	0.0900	0.9921	0.0035	1.0000	0.0000	0.9998	0.0001	0.9982	0.0009	0.9218	0.0281
COG0424	0.0000	0.1310	0.0681	0.0207	0.0140	0.0276	0.0162	0.0581	0.0300	0.0562	0.0331
COG0425	0.0800	0.9723	0.0126	0.9989	0.0007	0.9898	0.0066	0.9689	0.0169	0.1450	0.0619
COG0426	0.1750	0.9937	0.0019	0.9999	0.0000	0.9984	0.0010	0.9892	0.0061	0.9461	0.0278
COG0427	0.0000	0.1255	0.0402	0.0121	0.0130	0.0259	0.0151	0.0350	0.0138	0.0497	0.0113
COG0428	0.0950	0.9178	0.0323	0.9996	0.0002	0.9972	0.0010	0.9894	0.0033	0.3307	0.0888
COG0429	0.0000	0.0010	0.0004	0.0004	0.0002	0.0004	0.0002	0.0009	0.0002	0.0014	0.0005
COG0430	0.0300	0.9981	0.0006	1.0000	0.0000	1.0000	0.0000	0.9996	0.0001	0.9991	0.0003
COG0431	0.0000	0.0285	0.0159	0.0024	0.0022	0.0076	0.0038	0.0148	0.0051	0.0228	0.0107
COG0432	0.0100	0.9974	0.0012	1.0000	0.0000	0.9141	0.0339	0.9393	0.0197	0.9179	0.0239
COG0433	0.0050	0.9961	0.0016	1.0000	0.0000	0.9004	0.0429	0.8845	0.0237	0.8910	0.0235
COG0434	0.0050	0.7826	0.1180	0.9980	0.0013	0.0493	0.0231	0.0725	0.0311	0.1062	0.0363
COG0435	0.0000	0.0025	0.0013	0.0004	0.0003	0.0025	0.0015	0.0040	0.0020	0.0045	0.0019
COG0436	0.6200	0.9999	0.0000	1.0000	0.0000	1.0000	0.0000	0.9999	0.0000	0.9997	0.0001
COG0437	0.3800	0.9828	0.0062	0.9994	0.0003	0.9955	0.0018	0.9875	0.0050	0.9471	0.0180
COG0438	0.0000	0.9595	0.0138	0.2483	0.0924	0.7726	0.0386	0.8437	0.0339	0.8321	0.0512
COG0439	0.0000	0.1614	0.0408	0.0216	0.0090	0.0806	0.0324	0.1348	0.0424	0.1538	0.0620
COG0440	0.0000	0.9360	0.0337	0.8114	0.1249	0.7952	0.1185	0.8290	0.0613	0.7086	0.0997
COG0441	0.0150	0.9900	0.0025	1.0000	0.0000	0.9998	0.0001	0.7495	0.0464	0.8545	0.0261
COG0442	0.1750	0.0558	0.0527	0.7991	0.0916	0.6991	0.0938	0.4532	0.1240	0.3333	0.1264
COG0443	0.0000	0.1756	0.0946	0.0021	0.0012	0.0428	0.0300	0.1649	0.0756	0.2725	0.0510
COG0444	0.0100	0.9819	0.0064	0.9997	0.0003	0.2815	0.1587	0.6599	0.1068	0.5176	0.1274
COG0445	0.0000	0.0011	0.0011	0.0001	0.0001	0.0003	0.0003	0.0009	0.0009	0.0015	0.0013
COG0446	0.0000	0.9714	0.0217	0.8694	0.0651	0.8092	0.0657	0.8490	0.0630	0.7847	0.0693
COG0447	0.0100	0.1132	0.0710	0.6161	0.2153	0.0021	0.0008	0.0036	0.0016	0.0028	0.0010
COG0448	0.0000	0.8978	0.0574	0.5670	0.1415	0.6810	0.0737	0.7696	0.0275	0.7962	0.0356
COG0449	0.5200	0.9986	0.0006	1.0000	0.0000	0.9999	0.0000	0.9988	0.0006	0.9877	0.0070
COG0450	0.0000	0.5287	0.0881	0.1171	0.0523	0.4496	0.0890	0.4524	0.0944	0.5604	0.0957
COG0451	0.0350	0.9975	0.0008	1.0000	0.0000	0.9999	0.0001	0.8053	0.0614	0.7341	0.0771
COG0452	0.1900	0.9962	0.0017	1.0000	0.0000	0.9997	0.0001	0.9988	0.0005	0.9950	0.0017
COG0454	0.0000	0.8094	0.1071	0.1127	0.0749	0.2389	0.1343	0.4075	0.1222	0.4835	0.0935
COG0455	0.0200	0.9080	0.0360	0.9982	0.0011	0.9960	0.0019	0.9863	0.0069	0.9712	0.0149
COG0456	0.0350	0.9997	0.0001	1.0000	0.0000	1.0000	0.0000	0.9496	0.0241	0.9178	0.0274
COG0457	0.0000	0.6185	0.0967	0.1017	0.0960	0.1895	0.0830	0.2626	0.0788	0.3212	0.0971
COG0458	0.0000	0.8671	0.0462	0.5920	0.0805	0.7423	0.0395	0.8870	0.0187	0.7987	0.0389
COG0459	0.1200	0.9997	0.0002	1.0000	0.0000	1.0000	0.0000	1.0000	0.0000	0.9997	0.0001
COG0460	0.0350	0.9898	0.0036	0.9999	0.0001	0.9993	0.0003	0.7976	0.0659	0.6847	0.0645
COG0461	0.3050	0.9966	0.0008	1.0000	0.0000	0.9998	0.0001	0.9991	0.0002	0.9971	0.0006
COG0462	0.0000	0.9141	0.0135	0.6486	0.0601	0.7880	0.0407	0.8726	0.0348	0.8741	0.0341
COG0463	0.0000	0.9391	0.0169	0.4939	0.0622	0.8323	0.0397	0.8807	0.0257	0.8698	0.0396
COG0464	0.0000	0.9979	0.0014	0.9732	0.0184	0.9799	0.0109	0.9813	0.0089	0.9820	0.0078
COG0465	0.0000	0.0005	0.0002	0.0000	0.0000	0.0001	0.0001	0.0010	0.0004	0.0045	0.0017
COG0466	0.0000	0.7749	0.0947	0.2633	0.1434	0.5021	0.1739	0.6646	0.1326	0.7549	0.1129
COG0467	0.0000	0.9717	0.0148	0.6756	0.0999	0.9141	0.0234	0.9198	0.0303	0.9056	0.0529
COG0468	0.0600	0.9996	0.0002	1.0000	0.0000	1.0000	0.0000	1.0000	0.0000	0.9894	0.0035
COG0469	0.0050	0.9976	0.0015	1.0000	0.0000	0.8970	0.0466	0.9414	0.0147	0.9625	0.0083
COG0470	0.0100	0.9949	0.0018	1.0000	0.0000	0.9203	0.0314	0.9387	0.0237	0.9575	0.0137
COG0471	0.0750	0.7300	0.0706	0.9940	0.0028	0.9667	0.0110	0.8926	0.0303	0.0698	0.0348
COG0472	0.0450	0.8053	0.0895	0.9997	0.0002	0.9975	0.0015	0.9699	0.0156	0.2218	0.0968
COG0473	0.0050	0.9975	0.0008	1.0000	0.0000	0.9091	0.0376	0.8963	0.0264	0.7999	0.0667
COG0474	0.0000	0.6193	0.0963	0.1196	0.0486	0.3609	0.0910	0.3861	0.1091	0.5028	0.1473
COG0475	0.1950	0.9727	0.0098	0.9997	0.0001	0.9986	0.0006	0.9954	0.0019	0.9900	0.0042
COG0476	0.0800	0.9912	0.0033	0.9999	0.0000	0.9992	0.0002	0.9981	0.0005	0.7386	0.0437
COG0477	0.0000	0.9930	0.0026	0.8779	0.0831	0.8984	0.0409	0.9301	0.0218	0.9190	0.0239
COG0478	0.0050	0.9780	0.0154	0.9997	0.0002	0.2157	0.0862	0.2277	0.0937	0.1691	0.0978
COG0479	0.0000	0.5428	0.1105	0.2047	0.1197	0.1926	0.1172	0.3126	0.0932	0.1644	0.0362
COG0480	0.7650	0.9992	0.0002	1.0000	0.0000	0.9999	0.0000	0.9994	0.0002	0.9974	0.0007
COG0481	0.0000	0.0000	0.0000	0.0000	0.0000	0.0000	0.0000	0.0001	0.0001	0.0003	0.0003
COG0482	0.0000	0.0002	0.0001	0.0000	0.0000	0.0000	0.0000	0.0003	0.0001	0.0012	0.0004
COG0483	0.2650	0.9885	0.0048	0.9996	0.0002	0.9983	0.0007	0.9931	0.0026	0.9830	0.0060
COG0484	0.0000	0.1120	0.0544	0.0012	0.0009	0.0270	0.0188	0.0937	0.0402	0.1815	0.0432
COG0486	0.0050	0.0222	0.0108	0.6974	0.1200	0.0013	0.0008	0.0022	0.0013	0.0041	0.0021
COG0488	0.0000	0.0052	0.0051	0.0003	0.0003	0.0020	0.0012	0.0059	0.0028	0.0163	0.0077
COG0489	0.0000	0.9220	0.0184	0.7319	0.1032	0.7318	0.0968	0.7383	0.0805	0.7530	0.0536
COG0490	0.0000	0.1402	0.0509	0.0239	0.0155	0.0931	0.0363	0.0919	0.0311	0.0728	0.0286
COG0491	0.0050	0.9963	0.0011	1.0000	0.0000	0.5570	0.1411	0.7118	0.1009	0.7672	0.0926
COG0492	0.0200	0.9896	0.0060	1.0000	0.0000	0.9999	0.0001	0.8140	0.0892	0.8517	0.0638
COG0493	0.0000	0.7637	0.0988	0.4701	0.1413	0.3317	0.0739	0.4617	0.0809	0.3448	0.0724
COG0494	0.0000	0.3705	0.1509	0.0504	0.0453	0.1512	0.1115	0.2091	0.0822	0.2977	0.0803
COG0495	0.0100	0.9827	0.0041	1.0000	0.0000	0.5767	0.0596	0.8054	0.0379	0.9037	0.0187
COG0496	0.0450	0.9519	0.0063	0.9991	0.0006	0.9953	0.0023	0.9737	0.0162	0.1733	0.1060
COG0497	0.0000	0.0039	0.0024	0.0005	0.0004	0.0009	0.0005	0.0022	0.0012	0.0036	0.0026
COG0498	0.1950	0.9991	0.0003	1.0000	0.0000	0.9999	0.0000	0.9996	0.0002	0.9958	0.0019
COG0499	0.6600	0.9995	0.0001	1.0000	0.0000	0.9998	0.0000	0.9997	0.0001	0.9987	0.0003
COG0500	0.0150	0.9998	0.0001	1.0000	0.0000	1.0000	0.0000	0.9719	0.0092	0.9738	0.0091
COG0501	0.4300	0.7505	0.0589	0.9848	0.0113	0.9444	0.0366	0.9015	0.0488	0.8248	0.0685
COG0502	0.0300	0.5822	0.0759	0.9914	0.0044	0.9691	0.0112	0.1663	0.0421	0.2109	0.0457
COG0503	0.0000	0.6274	0.0825	0.2911	0.0568	0.4828	0.1082	0.4398	0.0911	0.3600	0.0997
COG0504	0.8350	0.9996	0.0001	1.0000	0.0000	0.9999	0.0000	0.9992	0.0004	0.9931	0.0030
COG0505	0.0500	0.9771	0.0063	0.9997	0.0001	0.9984	0.0006	0.9975	0.0008	0.7616	0.0639
COG0506	0.0050	0.2037	0.0747	0.8779	0.0790	0.0041	0.0019	0.0057	0.0027	0.0094	0.0047
COG0507	0.0000	0.0158	0.0081	0.0012	0.0009	0.0081	0.0047	0.0120	0.0052	0.0216	0.0064
COG0508	0.0000	0.0581	0.0172	0.0123	0.0066	0.0132	0.0041	0.0472	0.0142	0.0817	0.0181
COG0509	0.0000	0.8252	0.0877	0.4704	0.2103	0.2229	0.0836	0.2424	0.0730	0.1969	0.0888
COG0510	0.0000	0.0039	0.0019	0.0009	0.0005	0.0026	0.0012	0.0033	0.0012	0.0060	0.0022
COG0511	0.0000	0.0674	0.0263	0.0144	0.0080	0.0244	0.0097	0.0347	0.0131	0.0502	0.0169
COG0512	0.0000	0.8752	0.0372	0.6526	0.1189	0.6959	0.0972	0.5866	0.0887	0.2512	0.0887
COG0513	0.0000	0.7525	0.0565	0.1601	0.0698	0.4611	0.0807	0.6592	0.0558	0.7703	0.0442
COG0514	0.0000	0.0788	0.0213	0.0103	0.0041	0.0317	0.0099	0.0556	0.0150	0.0901	0.0256
COG0515	0.0000	0.2555	0.0738	0.0391	0.0157	0.1200	0.0301	0.1723	0.0350	0.2236	0.0342
COG0516	0.0750	0.8644	0.0671	0.9987	0.0006	0.9920	0.0050	0.9668	0.0229	0.1608	0.1056
COG0517	0.0000	1.0000	0.0000	1.0000	0.0000	0.9999	0.0000	0.9998	0.0001	0.9992	0.0003
COG0518	0.0000	0.7711	0.0554	0.2544	0.0886	0.3553	0.0754	0.5675	0.0656	0.4364	0.0722
COG0519	0.4050	0.9970	0.0012	1.0000	0.0000	0.9995	0.0002	0.9979	0.0009	0.9929	0.0027
COG0520	0.2600	0.9701	0.0147	0.9996	0.0003	0.9972	0.0013	0.9916	0.0033	0.9655	0.0136
COG0521	0.0350	0.9966	0.0017	0.9999	0.0000	0.9996	0.0002	0.8241	0.0323	0.7353	0.0590
COG0522	0.0500	0.9925	0.0010	1.0000	0.0000	0.9999	0.0000	0.9994	0.0001	0.9399	0.0111
COG0523	0.0000	0.9237	0.0363	0.9857	0.0068	0.9534	0.0200	0.8625	0.0490	0.7478	0.0711
COG0524	0.0000	0.8985	0.0297	0.4320	0.1242	0.6144	0.0859	0.7484	0.0696	0.7133	0.0855
COG0525	0.5050	0.9773	0.0086	1.0000	0.0000	0.9992	0.0006	0.9923	0.0048	0.9763	0.0121
COG0526	0.0350	0.9979	0.0008	1.0000	0.0000	0.9999	0.0000	0.8469	0.0360	0.8420	0.0188
COG0527	0.0450	0.9954	0.0021	1.0000	0.0000	0.9998	0.0001	0.9991	0.0005	0.8873	0.0414
COG0528	0.0300	0.9937	0.0027	1.0000	0.0000	0.9999	0.0001	0.8981	0.0242	0.9118	0.0137
COG0529	0.0000	0.4478	0.0625	0.0798	0.0435	0.1954	0.0417	0.2122	0.0304	0.1928	0.0424
COG0530	0.0850	0.9801	0.0071	0.9998	0.0001	0.9989	0.0005	0.9964	0.0013	0.7275	0.0678
COG0531	0.0050	0.9190	0.0274	0.9991	0.0006	0.2201	0.0704	0.2434	0.0790	0.3400	0.0847
COG0532	0.1900	0.9909	0.0039	1.0000	0.0000	0.9998	0.0001	0.9989	0.0007	0.9958	0.0022
COG0533	0.9750	0.9998	0.0001	1.0000	0.0000	1.0000	0.0000	0.9998	0.0001	0.9991	0.0005
COG0534	0.0000	0.2283	0.0994	0.0362	0.0209	0.0750	0.0310	0.1872	0.0661	0.2806	0.0670
COG0535	0.5200	0.9999	0.0000	1.0000	0.0000	1.0000	0.0000	0.9997	0.0001	0.9981	0.0007
COG0536	0.0000	0.0001	0.0000	0.0000	0.0000	0.0000	0.0000	0.0001	0.0001	0.0005	0.0003
COG0537	0.0050	0.9331	0.0242	0.9999	0.0001	0.1293	0.0471	0.2321	0.0905	0.3411	0.1307
COG0538	0.0000	0.1879	0.0798	0.0588	0.0439	0.0882	0.0392	0.0493	0.0171	0.0699	0.0221
COG0539	0.0000	0.0002	0.0001	0.0000	0.0000	0.0001	0.0001	0.0004	0.0003	0.0011	0.0007
COG0540	0.6850	0.9993	0.0002	1.0000	0.0000	0.9999	0.0000	0.9997	0.0001	0.9985	0.0005
COG0541	0.0200	0.9925	0.0051	1.0000	0.0000	0.9998	0.0001	0.8365	0.0822	0.8840	0.0397
COG0542	0.0000	0.5549	0.1362	0.9497	0.0289	0.6982	0.1184	0.4847	0.1294	0.3437	0.0962
COG0543	0.0000	0.9253	0.0209	0.6125	0.0934	0.8259	0.0551	0.9076	0.0284	0.8375	0.0368
COG0544	0.0000	0.0002	0.0002	0.0000	0.0000	0.0001	0.0000	0.0004	0.0003	0.0012	0.0009
COG0545	0.0000	0.0007	0.0005	0.0001	0.0001	0.0006	0.0003	0.0016	0.0008	0.0030	0.0014
COG0546	0.0150	0.9680	0.0151	0.9999	0.0001	0.9990	0.0005	0.4812	0.0932	0.4870	0.0916
COG0547	0.0000	0.8204	0.0414	0.6366	0.1157	0.6582	0.0875	0.5927	0.1168	0.2918	0.1135
COG0548	0.2650	0.9939	0.0019	0.9999	0.0000	0.9994	0.0002	0.9948	0.0021	0.9745	0.0087
COG0549	0.0150	0.8135	0.0637	0.9994	0.0004	0.9873	0.0050	0.0870	0.0240	0.1329	0.0296
COG0550	0.0000	0.6952	0.0699	0.0638	0.0233	0.3437	0.0487	0.5680	0.0776	0.7233	0.0830
COG0551	0.0800	0.1803	0.0939	0.9602	0.0214	0.7789	0.0907	0.4363	0.1373	0.0077	0.0054
COG0552	0.1550	0.9958	0.0020	1.0000	0.0000	0.9999	0.0001	0.9991	0.0002	0.9977	0.0007
COG0553	0.0000	0.3981	0.0944	0.0586	0.0587	0.0852	0.0490	0.1156	0.0495	0.0995	0.0285
COG0554	0.0000	0.2655	0.1330	0.0472	0.0388	0.0408	0.0277	0.1025	0.0449	0.1338	0.0473
COG0555	0.1950	0.9774	0.0076	0.9993	0.0004	0.9962	0.0034	0.9906	0.0065	0.9672	0.0167
COG0556	0.0000	0.0583	0.0238	0.0017	0.0018	0.0051	0.0022	0.0185	0.0107	0.0411	0.0327
COG0557	0.0000	0.0097	0.0056	0.0007	0.0005	0.0041	0.0021	0.0095	0.0052	0.0135	0.0079
COG0558	0.0150	0.9659	0.0162	0.9998	0.0002	0.9983	0.0010	0.5396	0.0962	0.7227	0.0644
COG0559	0.0000	0.4247	0.1437	0.0492	0.0258	0.0228	0.0122	0.0377	0.0233	0.0292	0.0177
COG0560	0.0850	0.9683	0.0076	0.9995	0.0001	0.9985	0.0003	0.9967	0.0012	0.8547	0.0609
COG0561	0.2500	0.9693	0.0104	0.9997	0.0002	0.9938	0.0035	0.9834	0.0065	0.9576	0.0135
COG0562	0.0000	0.0024	0.0006	0.0005	0.0001	0.0020	0.0005	0.0021	0.0006	0.0060	0.0022
COG0563	0.1200	0.8693	0.0890	0.9992	0.0007	0.9904	0.0059	0.9676	0.0268	0.9464	0.0528
COG0564	0.0000	0.0001	0.0001	0.0000	0.0000	0.0000	0.0000	0.0002	0.0004	0.0012	0.0015
COG0565	0.3650	0.9938	0.0037	0.9998	0.0002	0.9965	0.0053	0.9936	0.0055	0.9887	0.0062
COG0566	0.0000	0.0003	0.0003	0.0000	0.0000	0.0001	0.0001	0.0005	0.0004	0.0017	0.0013
COG0567	0.0000	0.0001	0.0001	0.0000	0.0000	0.0000	0.0000	0.0002	0.0001	0.0006	0.0005
COG0568	0.0000	0.0024	0.0016	0.0000	0.0000	0.0005	0.0004	0.0033	0.0020	0.0095	0.0061
COG0569	0.0650	0.9555	0.0167	0.9996	0.0002	0.9979	0.0006	0.9935	0.0012	0.5163	0.0883
COG0571	0.0000	0.0134	0.0075	0.0005	0.0003	0.0027	0.0013	0.0118	0.0056	0.0239	0.0099
COG0572	0.0000	0.0379	0.0118	0.0019	0.0010	0.0130	0.0080	0.0204	0.0093	0.0597	0.0204
COG0573	0.0550	0.9602	0.0089	0.9993	0.0003	0.9943	0.0025	0.9858	0.0071	0.4068	0.1289
COG0574	0.0650	0.9962	0.0025	1.0000	0.0000	0.9998	0.0001	0.9989	0.0005	0.8489	0.0452
COG0575	0.6950	0.9992	0.0005	1.0000	0.0000	0.9998	0.0001	0.9990	0.0003	0.9976	0.0008
COG0576	0.0000	0.9133	0.0406	0.9906	0.0082	0.9653	0.0168	0.8984	0.0330	0.8002	0.0432
COG0577	0.0050	0.9820	0.0114	1.0000	0.0000	0.4282	0.1168	0.4976	0.1339	0.6072	0.1481
COG0578	0.0000	0.8915	0.0528	0.9377	0.0277	0.7876	0.0762	0.7499	0.0958	0.5948	0.1287
COG0579	0.0000	0.0870	0.0575	0.0353	0.0243	0.0341	0.0191	0.0376	0.0208	0.0489	0.0254
COG0580	0.0000	0.0245	0.0096	0.0031	0.0019	0.0075	0.0027	0.0262	0.0078	0.0495	0.0169
COG0581	0.0050	0.9932	0.0017	0.9999	0.0000	0.9197	0.0400	0.8878	0.0367	0.4510	0.1589
COG0582	0.0000	0.7264	0.0711	0.1974	0.0665	0.3455	0.0608	0.5248	0.0607	0.5700	0.0607
COG0583	0.0000	0.0773	0.0330	0.0172	0.0087	0.0195	0.0074	0.0443	0.0204	0.0538	0.0259
COG0584	0.0050	0.8339	0.0526	0.9975	0.0017	0.0807	0.0286	0.0836	0.0187	0.1063	0.0179
COG0585	0.0000	0.9110	0.0271	0.4437	0.0975	0.7708	0.0552	0.8834	0.0233	0.9086	0.0201
COG0586	0.0000	0.0730	0.0151	0.0072	0.0039	0.0336	0.0098	0.0524	0.0173	0.0601	0.0294
COG0587	0.0000	0.0003	0.0001	0.0000	0.0000	0.0001	0.0000	0.0006	0.0002	0.0021	0.0007
COG0588	0.0000	0.0080	0.0043	0.0012	0.0006	0.0044	0.0020	0.0049	0.0018	0.0149	0.0039
COG0589	0.0000	0.9385	0.0334	0.6161	0.1808	0.5442	0.1324	0.6739	0.1025	0.7198	0.0943
COG0590	0.0000	0.0165	0.0069	0.0009	0.0007	0.0084	0.0054	0.0157	0.0062	0.0306	0.0107
COG0591	0.0000	0.3160	0.1011	0.0846	0.0505	0.0914	0.0311	0.1383	0.0333	0.2430	0.0533
COG0592	0.8500	0.9989	0.0002	1.0000	0.0000	0.9998	0.0001	0.9986	0.0005	0.9962	0.0012
COG0593	0.0000	0.0011	0.0009	0.0000	0.0000	0.0003	0.0002	0.0018	0.0010	0.0047	0.0025
COG0594	0.0000	0.0009	0.0006	0.0000	0.0000	0.0004	0.0003	0.0017	0.0012	0.0038	0.0022
COG0595	0.0150	0.9231	0.0362	0.9996	0.0002	0.9966	0.0013	0.3626	0.1084	0.4245	0.0953
COG0596	0.0200	0.8410	0.0359	0.9985	0.0008	0.9821	0.0082	0.0772	0.0325	0.1177	0.0311
COG0597	0.0000	0.0003	0.0002	0.0000	0.0000	0.0001	0.0001	0.0006	0.0004	0.0021	0.0014
COG0598	0.0200	0.8347	0.0464	0.9991	0.0004	0.9962	0.0014	0.1823	0.0474	0.1747	0.0315
COG0599	0.0000	0.7659	0.0545	0.4515	0.1196	0.4306	0.0898	0.2966	0.0524	0.3426	0.0439
COG0600	0.1500	0.9831	0.0054	0.9998	0.0001	0.9948	0.0032	0.9917	0.0038	0.9461	0.0200
COG0601	0.0050	0.9827	0.0085	0.9996	0.0004	0.5064	0.1988	0.5999	0.1121	0.4738	0.0507
COG0602	0.0100	0.9235	0.0355	0.9987	0.0007	0.2527	0.1166	0.4330	0.1296	0.4675	0.0928
COG0603	0.0000	0.6628	0.1059	0.2831	0.1218	0.3849	0.1320	0.4234	0.1226	0.5472	0.1028
COG0604	0.0000	0.0476	0.0277	0.0104	0.0077	0.0185	0.0133	0.0173	0.0083	0.0224	0.0082
COG0605	0.0000	0.0365	0.0091	0.0018	0.0008	0.0201	0.0038	0.0434	0.0131	0.0554	0.0224
COG0606	0.0000	0.0023	0.0015	0.0001	0.0001	0.0012	0.0007	0.0021	0.0012	0.0052	0.0029
COG0607	0.0000	0.1485	0.0343	0.0180	0.0107	0.0401	0.0150	0.0557	0.0119	0.0917	0.0264
COG0608	0.6700	0.9998	0.0001	1.0000	0.0000	1.0000	0.0000	0.9998	0.0001	0.9990	0.0003
COG0609	0.3150	0.9976	0.0009	0.9999	0.0000	0.9993	0.0003	0.9985	0.0007	0.9915	0.0044
COG0610	0.0000	0.3658	0.0337	0.0530	0.0138	0.1065	0.0196	0.0476	0.0112	0.0627	0.0159
COG0611	0.0050	0.9983	0.0003	1.0000	0.0000	0.9368	0.0187	0.9444	0.0145	0.8016	0.0424
COG0612	0.0000	0.0039	0.0032	0.0002	0.0003	0.0013	0.0009	0.0063	0.0037	0.0212	0.0121
COG0613	0.0600	0.9842	0.0127	0.9999	0.0001	0.9994	0.0004	0.9982	0.0011	0.7994	0.0831
COG0614	0.0450	0.9973	0.0009	1.0000	0.0000	0.9998	0.0001	0.9992	0.0003	0.8894	0.0518
COG0615	0.0000	0.8643	0.0383	0.5129	0.1188	0.7329	0.0512	0.8139	0.0403	0.8402	0.0333
COG0616	0.1900	0.9879	0.0048	0.9996	0.0002	0.9980	0.0007	0.9938	0.0019	0.9842	0.0067
COG0617	0.0000	0.0010	0.0011	0.0000	0.0000	0.0003	0.0003	0.0014	0.0012	0.0050	0.0035
COG0618	0.0000	0.8299	0.0789	0.1903	0.0771	0.4443	0.1125	0.5941	0.1269	0.6703	0.1111
COG0619	0.0250	0.9954	0.0028	1.0000	0.0000	0.9994	0.0003	0.5344	0.1610	0.4795	0.1418
COG0620	0.0800	0.9915	0.0048	0.9998	0.0001	0.9990	0.0004	0.9975	0.0013	0.6557	0.1058
COG0621	0.3600	0.9986	0.0008	1.0000	0.0000	0.9999	0.0000	0.9997	0.0001	0.9989	0.0005
COG0622	0.0200	0.9895	0.0068	0.9999	0.0001	0.9991	0.0004	0.6139	0.0607	0.6476	0.0758
COG0623	0.0100	0.0152	0.0168	0.2464	0.1697	0.0009	0.0007	0.0018	0.0016	0.0041	0.0033
COG0624	0.0100	0.9922	0.0037	1.0000	0.0000	0.6830	0.1099	0.7369	0.1259	0.6920	0.1106
COG0625	0.0000	0.0005	0.0006	0.0002	0.0003	0.0007	0.0008	0.0018	0.0017	0.0032	0.0030
COG0626	0.0000	0.1849	0.0828	0.0552	0.0360	0.0291	0.0108	0.0584	0.0171	0.0638	0.0206
COG0627	0.0000	0.0052	0.0048	0.0010	0.0008	0.0017	0.0017	0.0038	0.0030	0.0040	0.0030
COG0628	0.0000	0.1660	0.1107	0.0138	0.0221	0.0369	0.0352	0.0456	0.0338	0.1071	0.0787
COG0629	0.0000	0.0003	0.0001	0.0000	0.0000	0.0001	0.0000	0.0004	0.0002	0.0016	0.0006
COG0630	0.0100	0.2708	0.1449	0.9720	0.0196	0.0152	0.0138	0.0149	0.0092	0.0143	0.0072
COG0631	0.0000	0.0623	0.0158	0.0041	0.0017	0.0096	0.0035	0.0219	0.0058	0.0306	0.0095
COG0632	0.0000	0.0014	0.0009	0.0000	0.0000	0.0002	0.0002	0.0011	0.0008	0.0028	0.0019
COG0633	0.0000	0.5373	0.1501	0.2087	0.0941	0.2045	0.0797	0.3596	0.1092	0.1248	0.0408
COG0634	0.0000	0.0022	0.0015	0.0001	0.0001	0.0010	0.0009	0.0021	0.0017	0.0040	0.0019
COG0635	0.0000	0.7337	0.0571	0.9600	0.0148	0.8474	0.0491	0.6831	0.0792	0.5997	0.1039
COG0636	0.0700	0.9903	0.0020	1.0000	0.0000	0.9997	0.0001	0.9989	0.0004	0.8079	0.0575
COG0637	0.0000	0.2841	0.0622	0.0334	0.0126	0.0983	0.0423	0.1640	0.0489	0.2974	0.0695
COG0638	0.0000	0.9996	0.0005	0.9894	0.0121	0.9970	0.0032	0.9977	0.0028	0.9989	0.0013
COG0639	0.0000	0.9784	0.0087	0.8900	0.0513	0.9010	0.0331	0.8706	0.0309	0.8760	0.0321
COG0640	0.0550	0.9996	0.0003	1.0000	0.0000	1.0000	0.0000	0.9997	0.0001	0.9012	0.0331
COG0641	0.0000	0.2326	0.0490	0.0396	0.0195	0.0485	0.0185	0.0530	0.0109	0.0618	0.0168
COG0642	0.0000	0.5244	0.1188	0.0699	0.0857	0.1631	0.0645	0.2651	0.0546	0.3386	0.0711
COG0643	0.0850	0.9489	0.0332	0.9873	0.0123	0.9881	0.0105	0.9663	0.0218	0.8769	0.0676
COG0644	0.3850	1.0000	0.0000	1.0000	0.0000	1.0000	0.0000	0.9999	0.0000	0.9998	0.0001
COG0645	0.0000	0.0323	0.0194	0.0038	0.0026	0.0161	0.0061	0.0267	0.0082	0.0452	0.0136
COG0646	0.0000	0.0234	0.0166	0.0070	0.0070	0.0161	0.0154	0.0223	0.0104	0.0321	0.0118
COG0647	0.0000	0.4862	0.0663	0.0924	0.0390	0.1663	0.0320	0.2361	0.0659	0.4038	0.1067
COG0648	0.0050	0.9931	0.0025	1.0000	0.0000	0.9997	0.0002	0.9988	0.0009	0.9973	0.0020
COG0649	0.0000	0.8543	0.0604	0.4969	0.1890	0.0361	0.0223	0.1292	0.0778	0.1625	0.0942
COG0650	0.0000	0.6404	0.1127	0.4318	0.1363	0.6089	0.1249	0.5802	0.1150	0.5736	0.1261
COG0651	0.1250	0.9995	0.0008	1.0000	0.0000	0.9998	0.0002	0.9986	0.0010	0.9942	0.0039
COG0652	0.0000	0.0408	0.0240	0.0020	0.0031	0.0108	0.0058	0.0265	0.0121	0.0418	0.0202
COG0653	0.0000	0.0002	0.0001	0.0000	0.0000	0.0000	0.0000	0.0003	0.0001	0.0013	0.0005
COG0654	0.0000	0.0011	0.0008	0.0004	0.0004	0.0010	0.0007	0.0019	0.0009	0.0045	0.0017
COG0655	0.0000	0.8355	0.0617	0.4302	0.0686	0.4359	0.0489	0.3575	0.0657	0.3717	0.0877
COG0656	0.0050	0.6849	0.0983	0.9980	0.0010	0.0734	0.0340	0.0929	0.0381	0.1089	0.0480
COG0657	0.0000	0.0358	0.0167	0.0041	0.0017	0.0068	0.0040	0.0166	0.0075	0.0201	0.0127
COG0658	0.0000	0.0003	0.0003	0.0000	0.0000	0.0001	0.0001	0.0005	0.0004	0.0021	0.0012
COG0659	0.0000	0.0135	0.0058	0.0017	0.0008	0.0063	0.0022	0.0065	0.0033	0.0090	0.0055
COG0661	0.0000	0.1641	0.0837	0.0272	0.0208	0.0501	0.0288	0.0768	0.0353	0.0555	0.0224
COG0662	0.1100	0.7942	0.0698	0.9966	0.0022	0.9824	0.0096	0.9348	0.0301	0.8088	0.0611
COG0663	0.2100	0.9707	0.0276	0.9987	0.0010	0.9867	0.0109	0.9595	0.0286	0.9357	0.0347
COG0664	0.0000	0.0151	0.0059	0.0015	0.0011	0.0049	0.0027	0.0064	0.0029	0.0074	0.0022
COG0665	0.0100	0.8109	0.0991	0.9951	0.0037	0.1507	0.0886	0.1705	0.0661	0.2071	0.0463
COG0666	0.0000	0.0089	0.0021	0.0011	0.0002	0.0077	0.0015	0.0118	0.0020	0.0163	0.0028
COG0667	0.0050	0.5005	0.1155	0.9813	0.0090	0.0160	0.0100	0.0241	0.0091	0.0186	0.0089
COG0668	0.0050	0.9902	0.0042	1.0000	0.0000	0.6244	0.0955	0.8112	0.0576	0.8721	0.0340
COG0669	0.0000	0.0018	0.0011	0.0002	0.0001	0.0009	0.0005	0.0028	0.0013	0.0043	0.0023
COG0670	0.0000	0.1050	0.0414	0.4480	0.1130	0.1508	0.0614	0.0738	0.0393	0.0980	0.0465
COG0671	0.0000	0.4705	0.0718	0.0760	0.0268	0.1809	0.0550	0.2477	0.0654	0.3141	0.0715
COG0672	0.0100	0.3652	0.1064	0.9771	0.0154	0.0160	0.0053	0.0135	0.0046	0.0158	0.0054
COG0673	0.0000	0.7672	0.0733	0.5067	0.1455	0.6329	0.1085	0.5397	0.0926	0.2718	0.0639
COG0674	0.0000	0.9990	0.0004	0.9924	0.0031	0.9883	0.0039	0.9917	0.0035	0.9883	0.0059
COG0675	0.0450	0.9679	0.0069	0.9998	0.0001	0.9967	0.0014	0.9795	0.0063	0.2446	0.0565
COG0676	0.0000	0.0004	0.0003	0.0001	0.0001	0.0002	0.0002	0.0004	0.0002	0.0007	0.0004
COG0677	0.0000	0.8506	0.0451	0.5858	0.1275	0.7873	0.0765	0.5485	0.0867	0.2420	0.0603
COG0678	0.0150	0.0069	0.0021	0.1345	0.0334	0.0804	0.0293	0.0011	0.0006	0.0015	0.0008
COG0679	0.0000	0.2777	0.0722	0.0628	0.0168	0.1960	0.0355	0.1581	0.0403	0.1442	0.0505
COG0680	0.0100	0.9929	0.0034	1.0000	0.0000	0.8077	0.0612	0.8438	0.0610	0.9122	0.0294
COG0681	0.0200	0.9944	0.0024	1.0000	0.0000	0.9999	0.0001	0.8072	0.0520	0.8318	0.0362
COG0682	0.0000	0.0011	0.0016	0.0000	0.0001	0.0004	0.0004	0.0022	0.0019	0.0056	0.0041
COG0683	0.0000	0.4952	0.1423	0.1065	0.0691	0.1662	0.0981	0.1111	0.0395	0.0949	0.0366
COG0684	0.0150	0.4397	0.0601	0.9855	0.0052	0.8717	0.0495	0.0226	0.0065	0.0144	0.0043
COG0685	0.0000	0.6467	0.1108	0.2424	0.0936	0.3991	0.1130	0.5618	0.0962	0.2720	0.0911
COG0686	0.0000	0.8122	0.0774	0.9624	0.0279	0.7832	0.0909	0.7054	0.0914	0.5501	0.0999
COG0687	0.0000	0.0095	0.0053	0.0025	0.0020	0.0023	0.0014	0.0052	0.0017	0.0101	0.0028
COG0688	0.0050	0.7486	0.1023	0.9923	0.0054	0.2083	0.0856	0.3394	0.1001	0.5320	0.0997
COG0689	0.0000	0.8717	0.0551	0.5136	0.1012	0.7231	0.0943	0.8626	0.0411	0.9444	0.0172
COG0690	0.0000	0.0012	0.0007	0.0000	0.0000	0.0004	0.0003	0.0022	0.0014	0.0039	0.0022
COG0691	0.0000	0.0001	0.0001	0.0000	0.0000	0.0000	0.0000	0.0002	0.0001	0.0004	0.0002
COG0692	0.0000	0.0001	0.0001	0.0000	0.0000	0.0001	0.0000	0.0004	0.0003	0.0014	0.0008
COG0693	0.1950	0.9892	0.0038	0.9998	0.0000	0.9990	0.0003	0.9942	0.0019	0.9868	0.0051
COG0694	0.0000	0.1829	0.1048	0.0116	0.0127	0.0132	0.0104	0.0736	0.0472	0.1968	0.1072
COG0695	0.0000	0.2439	0.0775	0.0204	0.0190	0.0455	0.0282	0.0646	0.0249	0.1277	0.0500
COG0696	0.0000	0.8576	0.1151	0.9706	0.0273	0.8989	0.0619	0.8788	0.0616	0.8042	0.0768
COG0697	0.0050	0.9894	0.0044	1.0000	0.0000	0.3252	0.1352	0.5143	0.1159	0.6475	0.0832
COG0698	0.0000	0.0026	0.0020	0.0001	0.0001	0.0023	0.0020	0.0099	0.0063	0.0180	0.0098
COG0699	0.0000	0.0090	0.0024	0.0013	0.0010	0.0024	0.0010	0.0022	0.0007	0.0044	0.0015
COG0700	0.0000	0.0010	0.0005	0.0001	0.0001	0.0005	0.0004	0.0010	0.0007	0.0020	0.0011
COG0701	0.0300	0.8988	0.0216	0.9989	0.0004	0.9923	0.0019	0.2206	0.0450	0.2901	0.0748
COG0702	0.0050	0.3324	0.1302	0.9405	0.0251	0.0108	0.0057	0.0192	0.0062	0.0228	0.0066
COG0703	0.0000	0.0300	0.0164	0.0059	0.0029	0.0159	0.0046	0.0181	0.0098	0.0328	0.0184
COG0704	0.0050	0.9997	0.0001	1.0000	0.0000	0.9815	0.0120	0.9720	0.0118	0.7563	0.0965
COG0705	0.0000	0.7647	0.0829	0.2909	0.1217	0.5501	0.1297	0.6402	0.0958	0.7360	0.0786
COG0706	0.0000	0.0004	0.0004	0.0000	0.0000	0.0002	0.0002	0.0008	0.0007	0.0020	0.0012
COG0707	0.0350	0.1843	0.0746	0.9763	0.0143	0.8444	0.0586	0.0115	0.0050	0.0253	0.0098
COG0708	0.0000	0.0875	0.0358	0.0124	0.0074	0.0229	0.0096	0.0438	0.0138	0.0779	0.0238
COG0709	0.0000	0.0015	0.0010	0.0003	0.0002	0.0008	0.0004	0.0012	0.0006	0.0009	0.0006
COG0710	0.0000	0.0089	0.0039	0.0018	0.0005	0.0120	0.0050	0.0234	0.0094	0.0248	0.0071
COG0711	0.0000	0.0019	0.0007	0.0001	0.0000	0.0006	0.0002	0.0018	0.0005	0.0039	0.0013
COG0712	0.0000	0.0002	0.0002	0.0000	0.0000	0.0001	0.0001	0.0003	0.0003	0.0009	0.0010
COG0713	0.0000	0.4487	0.1007	0.0454	0.0358	0.0085	0.0043	0.0578	0.0531	0.0626	0.0606
COG0714	0.0200	0.9969	0.0008	1.0000	0.0000	0.9992	0.0006	0.7104	0.1535	0.6141	0.1488
COG0715	0.0600	0.9858	0.0064	0.9998	0.0001	0.9960	0.0018	0.9868	0.0052	0.5401	0.1130
COG0716	0.0150	0.8381	0.0278	0.9989	0.0004	0.9852	0.0051	0.1180	0.0388	0.1398	0.0310
COG0717	0.0150	0.9915	0.0068	0.9999	0.0001	0.9995	0.0002	0.6843	0.1334	0.7715	0.1113
COG0718	0.0000	0.0008	0.0005	0.0000	0.0000	0.0004	0.0002	0.0009	0.0006	0.0017	0.0010
COG0719	0.2250	0.9832	0.0091	0.9999	0.0001	0.9994	0.0004	0.9979	0.0013	0.9924	0.0038
COG0720	0.1600	0.9779	0.0127	0.9996	0.0002	0.9958	0.0025	0.9856	0.0095	0.9670	0.0167
COG0721	0.0000	0.9899	0.0050	0.9966	0.0035	0.9813	0.0139	0.9737	0.0171	0.9474	0.0273
COG0722	0.0000	0.5685	0.1272	0.1635	0.0844	0.3782	0.1018	0.4039	0.1117	0.3655	0.1263
COG0723	0.0000	0.0108	0.0067	0.0030	0.0020	0.0023	0.0017	0.0039	0.0021	0.0038	0.0018
COG0724	0.0000	0.0146	0.0190	0.0040	0.0091	0.0090	0.0124	0.0104	0.0070	0.0087	0.0033
COG0725	0.1100	0.9775	0.0071	0.9996	0.0002	0.9969	0.0012	0.9924	0.0020	0.9700	0.0091
COG0726	0.1950	0.9276	0.0351	0.9993	0.0003	0.9973	0.0012	0.9904	0.0034	0.9671	0.0092
COG0727	0.0050	0.9928	0.0034	0.9999	0.0001	0.6696	0.1116	0.5967	0.0949	0.4969	0.0926
COG0728	0.0000	0.0005	0.0003	0.0001	0.0001	0.0004	0.0002	0.0008	0.0005	0.0017	0.0010
COG0729	0.0000	0.0005	0.0003	0.0001	0.0001	0.0005	0.0003	0.0005	0.0003	0.0011	0.0006
COG0730	0.0100	0.9916	0.0027	0.9998	0.0001	0.7042	0.1282	0.8139	0.0712	0.8147	0.0617
COG0731	0.8650	1.0000	0.0000	1.0000	0.0000	1.0000	0.0000	1.0000	0.0000	0.9999	0.0000
COG0732	0.0150	0.8499	0.0276	0.9992	0.0003	0.9783	0.0091	0.0559	0.0146	0.0726	0.0244
COG0733	0.0000	0.2862	0.1101	0.0804	0.0579	0.2333	0.0588	0.3411	0.0450	0.3975	0.0568
COG0735	0.0000	0.2497	0.0764	0.0445	0.0267	0.1147	0.0437	0.1439	0.0470	0.1417	0.0490
COG0736	0.0000	0.0178	0.0084	0.0028	0.0020	0.0177	0.0098	0.0273	0.0086	0.0392	0.0048
COG0737	0.0000	0.8429	0.0475	0.9703	0.0131	0.8457	0.0677	0.6693	0.0793	0.4869	0.0965
COG0738	0.0000	0.0008	0.0004	0.0001	0.0001	0.0005	0.0002	0.0018	0.0007	0.0034	0.0015
COG0739	0.0000	0.0493	0.0169	0.0029	0.0010	0.0169	0.0035	0.0357	0.0127	0.0374	0.0129
COG0740	0.0000	0.3373	0.0883	0.7531	0.0803	0.4460	0.0906	0.3076	0.0781	0.2222	0.0786
COG0741	0.0000	0.0006	0.0004	0.0001	0.0001	0.0007	0.0004	0.0020	0.0009	0.0033	0.0014
COG0742	0.0000	0.0018	0.0010	0.0001	0.0001	0.0010	0.0005	0.0026	0.0016	0.0057	0.0035
COG0743	0.0000	0.0023	0.0010	0.0004	0.0003	0.0019	0.0008	0.0046	0.0015	0.0052	0.0018
COG0744	0.0000	0.0002	0.0001	0.0000	0.0000	0.0001	0.0001	0.0001	0.0001	0.0002	0.0001
COG0745	0.0000	0.0999	0.0369	0.0027	0.0035	0.0278	0.0114	0.0808	0.0224	0.1124	0.0299
COG0746	0.0650	0.9962	0.0016	0.9999	0.0001	0.9993	0.0003	0.9975	0.0013	0.7447	0.0845
COG0747	0.1150	0.9770	0.0134	0.9996	0.0004	0.9882	0.0095	0.9611	0.0293	0.8798	0.0499
COG0748	0.0000	0.0164	0.0127	0.0020	0.0019	0.0066	0.0048	0.0087	0.0046	0.0116	0.0059
COG0749	0.0000	0.0040	0.0017	0.0004	0.0002	0.0019	0.0007	0.0046	0.0014	0.0093	0.0030
COG0750	0.0450	0.9851	0.0045	1.0000	0.0000	0.9997	0.0002	0.9977	0.0009	0.7969	0.0438
COG0751	0.0000	0.0033	0.0028	0.0006	0.0005	0.0020	0.0014	0.0038	0.0027	0.0043	0.0028
COG0752	0.0000	0.0021	0.0017	0.0004	0.0003	0.0016	0.0010	0.0033	0.0022	0.0047	0.0028
COG0753	0.0000	0.0341	0.0084	0.0071	0.0024	0.0154	0.0049	0.0213	0.0064	0.0228	0.0067
COG0754	0.0000	0.0012	0.0006	0.0004	0.0002	0.0009	0.0004	0.0007	0.0004	0.0011	0.0004
COG0755	0.0000	0.0482	0.0307	0.0069	0.0044	0.0109	0.0056	0.0306	0.0124	0.0563	0.0264
COG0756	0.0000	0.0024	0.0016	0.0001	0.0000	0.0008	0.0006	0.0041	0.0027	0.0163	0.0104
COG0757	0.0000	0.0002	0.0002	0.0000	0.0000	0.0001	0.0001	0.0002	0.0001	0.0005	0.0003
COG0758	0.0000	0.0054	0.0026	0.0002	0.0002	0.0019	0.0010	0.0077	0.0035	0.0199	0.0060
COG0759	0.0000	0.0008	0.0004	0.0001	0.0000	0.0004	0.0003	0.0010	0.0006	0.0021	0.0008
COG0760	0.0000	0.0158	0.0141	0.0016	0.0019	0.0137	0.0101	0.0228	0.0162	0.0444	0.0257
COG0761	0.0000	0.0005	0.0002	0.0001	0.0000	0.0005	0.0001	0.0013	0.0004	0.0024	0.0009
COG0762	0.0000	0.0001	0.0001	0.0000	0.0000	0.0001	0.0001	0.0002	0.0002	0.0004	0.0003
COG0763	0.0000	0.0024	0.0008	0.0007	0.0004	0.0020	0.0007	0.0027	0.0009	0.0011	0.0003
COG0764	0.0000	0.0043	0.0027	0.0008	0.0005	0.0053	0.0029	0.0077	0.0041	0.0076	0.0046
COG0765	0.0250	0.4211	0.0496	0.9867	0.0081	0.9268	0.0269	0.0254	0.0078	0.0390	0.0129
COG0766	0.0000	0.0003	0.0001	0.0000	0.0000	0.0001	0.0001	0.0007	0.0002	0.0019	0.0008
COG0767	0.0000	0.0008	0.0004	0.0001	0.0001	0.0006	0.0004	0.0014	0.0008	0.0023	0.0011
COG0768	0.0000	0.0000	0.0001	0.0000	0.0000	0.0000	0.0000	0.0001	0.0001	0.0005	0.0005
COG0769	0.0000	0.0051	0.0030	0.0003	0.0001	0.0019	0.0014	0.0068	0.0054	0.0143	0.0110
COG0770	0.0000	0.0677	0.0405	0.0084	0.0052	0.0212	0.0135	0.0266	0.0165	0.0546	0.0235
COG0771	0.0000	0.0023	0.0019	0.0002	0.0001	0.0014	0.0009	0.0028	0.0020	0.0050	0.0045
COG0772	0.0000	0.0000	0.0000	0.0000	0.0000	0.0000	0.0000	0.0001	0.0001	0.0004	0.0003
COG0773	0.0000	0.0375	0.0249	0.1710	0.0911	0.0966	0.0504	0.0512	0.0269	0.0457	0.0221
COG0774	0.0000	0.0007	0.0004	0.0002	0.0001	0.0007	0.0003	0.0010	0.0006	0.0011	0.0005
COG0775	0.0000	0.0117	0.0047	0.0013	0.0006	0.0051	0.0028	0.0062	0.0024	0.0092	0.0041
COG0776	0.0000	0.2506	0.0919	0.6834	0.1176	0.4039	0.0835	0.3452	0.0849	0.2507	0.0670
COG0777	0.0000	0.0003	0.0003	0.0001	0.0001	0.0002	0.0002	0.0004	0.0003	0.0007	0.0006
COG0778	0.1200	0.9989	0.0005	1.0000	0.0000	0.9999	0.0000	0.9995	0.0002	0.9973	0.0008
COG0779	0.0000	0.0005	0.0003	0.0000	0.0000	0.0003	0.0002	0.0007	0.0004	0.0015	0.0007
COG0780	0.0000	0.0163	0.0064	0.0034	0.0017	0.0136	0.0062	0.0151	0.0054	0.0191	0.0061
COG0781	0.0000	0.0001	0.0001	0.0000	0.0000	0.0001	0.0000	0.0003	0.0002	0.0012	0.0006
COG0782	0.0000	0.0000	0.0000	0.0000	0.0000	0.0000	0.0000	0.0001	0.0001	0.0003	0.0002
COG0783	0.0000	0.0066	0.0024	0.0007	0.0003	0.0021	0.0009	0.0029	0.0012	0.0065	0.0030
COG0784	0.0000	0.8277	0.0999	0.3247	0.2194	0.4047	0.1992	0.4143	0.1533	0.3857	0.0755
COG0785	0.0000	0.2093	0.0978	0.0380	0.0275	0.0935	0.0534	0.0957	0.0407	0.1462	0.0513
COG0786	0.0000	0.0020	0.0008	0.0003	0.0001	0.0011	0.0003	0.0021	0.0008	0.0044	0.0020
COG0787	0.0000	0.0016	0.0003	0.0001	0.0000	0.0007	0.0002	0.0033	0.0010	0.0056	0.0022
COG0788	0.0000	0.0092	0.0055	0.0013	0.0009	0.0024	0.0013	0.0069	0.0032	0.0129	0.0073
COG0789	0.0000	0.0120	0.0046	0.0018	0.0007	0.0031	0.0016	0.0059	0.0022	0.0077	0.0020
COG0790	0.0000	0.0013	0.0006	0.0003	0.0002	0.0007	0.0003	0.0011	0.0006	0.0019	0.0007
COG0791	0.0000	0.0017	0.0009	0.0002	0.0001	0.0010	0.0005	0.0021	0.0012	0.0056	0.0021
COG0792	0.0000	0.0016	0.0009	0.0001	0.0001	0.0011	0.0007	0.0018	0.0007	0.0041	0.0013
COG0793	0.0000	0.0011	0.0006	0.0001	0.0000	0.0005	0.0005	0.0019	0.0012	0.0031	0.0012
COG0794	0.2750	0.9818	0.0148	0.9997	0.0003	0.9984	0.0015	0.9956	0.0037	0.9922	0.0091
COG0795	0.0000	0.0001	0.0000	0.0000	0.0000	0.0001	0.0001	0.0002	0.0002	0.0003	0.0002
COG0796	0.0000	0.0001	0.0001	0.0000	0.0000	0.0000	0.0000	0.0003	0.0001	0.0009	0.0004
COG0797	0.0000	0.0021	0.0009	0.0006	0.0004	0.0014	0.0006	0.0015	0.0007	0.0016	0.0008
COG0798	0.0350	0.9623	0.0078	0.9994	0.0003	0.9946	0.0018	0.2598	0.0525	0.1494	0.0311
COG0799	0.0000	0.0004	0.0002	0.0000	0.0000	0.0002	0.0001	0.0005	0.0002	0.0010	0.0005
COG0800	0.0000	0.0224	0.0082	0.0036	0.0021	0.0093	0.0041	0.0092	0.0033	0.0103	0.0033
COG0801	0.0000	0.0057	0.0032	0.0010	0.0005	0.0048	0.0023	0.0088	0.0045	0.0099	0.0043
COG0802	0.0000	0.0001	0.0001	0.0000	0.0000	0.0000	0.0000	0.0002	0.0001	0.0008	0.0003
COG0803	0.0000	0.6171	0.1165	0.2086	0.1158	0.3845	0.1318	0.4109	0.1105	0.5716	0.1102
COG0804	0.0000	0.1587	0.0380	0.2764	0.0601	0.0955	0.0294	0.0768	0.0146	0.0703	0.0114
COG0805	0.1250	0.7160	0.1273	0.9722	0.0181	0.9206	0.0415	0.9332	0.0369	0.8680	0.0648
COG0806	0.0000	0.0002	0.0002	0.0000	0.0000	0.0000	0.0001	0.0001	0.0001	0.0002	0.0003
COG0807	0.0000	0.0386	0.0171	0.0065	0.0029	0.0213	0.0115	0.0425	0.0175	0.1028	0.0477
COG0809	0.0000	0.0194	0.0089	0.0017	0.0016	0.0068	0.0040	0.0245	0.0130	0.0477	0.0210
COG0810	0.0000	0.0046	0.0015	0.0006	0.0003	0.0026	0.0011	0.0060	0.0020	0.0116	0.0048
COG0811	0.0000	0.0122	0.0038	0.0028	0.0014	0.0070	0.0027	0.0120	0.0052	0.0188	0.0068
COG0812	0.0000	0.0007	0.0009	0.0000	0.0001	0.0005	0.0006	0.0011	0.0010	0.0017	0.0015
COG0813	0.0000	0.0015	0.0008	0.0002	0.0001	0.0007	0.0003	0.0034	0.0012	0.0071	0.0021
COG0814	0.0000	0.0043	0.0058	0.0009	0.0014	0.0028	0.0038	0.0052	0.0059	0.0116	0.0104
COG0815	0.0000	0.0021	0.0015	0.0005	0.0004	0.0020	0.0018	0.0046	0.0020	0.0061	0.0024
COG0816	0.0000	0.0002	0.0001	0.0000	0.0000	0.0001	0.0001	0.0006	0.0004	0.0013	0.0007
COG0817	0.0000	0.0097	0.0032	0.0008	0.0004	0.0032	0.0015	0.0104	0.0029	0.0206	0.0048
COG0818	0.0000	0.0012	0.0009	0.0002	0.0002	0.0009	0.0004	0.0021	0.0011	0.0031	0.0017
COG0819	0.0000	0.0142	0.0085	0.0023	0.0014	0.0063	0.0031	0.0139	0.0069	0.0211	0.0113
COG0820	0.0000	0.0042	0.0019	0.0002	0.0001	0.0016	0.0007	0.0066	0.0026	0.0137	0.0048
COG0821	0.0000	0.0034	0.0021	0.0005	0.0004	0.0014	0.0007	0.0036	0.0014	0.0051	0.0023
COG0822	0.0100	0.8480	0.0641	0.9989	0.0011	0.0906	0.0538	0.2154	0.1096	0.2560	0.0887
COG0823	0.0000	0.0556	0.0270	0.0093	0.0083	0.0217	0.0117	0.0283	0.0127	0.0407	0.0126
COG0824	0.0000	0.0694	0.0325	0.0100	0.0044	0.0139	0.0083	0.0325	0.0129	0.0590	0.0323
COG0825	0.0000	0.0000	0.0000	0.0000	0.0000	0.0000	0.0000	0.0000	0.0000	0.0001	0.0001
COG0826	0.0000	0.3083	0.0910	0.0411	0.0168	0.1175	0.0343	0.2123	0.0556	0.3837	0.0701
COG0827	0.0000	0.0928	0.0370	0.0090	0.0078	0.0197	0.0074	0.0192	0.0070	0.0274	0.0089
COG0828	0.0000	0.0005	0.0003	0.0000	0.0000	0.0003	0.0002	0.0011	0.0006	0.0028	0.0015
COG0829	0.0000	0.0182	0.0102	0.0049	0.0023	0.0046	0.0021	0.0070	0.0030	0.0092	0.0042
COG0830	0.0000	0.0238	0.0116	0.0066	0.0034	0.0050	0.0022	0.0085	0.0030	0.0112	0.0040
COG0831	0.0000	0.0248	0.0113	0.0067	0.0026	0.0052	0.0022	0.0079	0.0039	0.0101	0.0050
COG0832	0.0000	0.0166	0.0118	0.0043	0.0042	0.0052	0.0042	0.0079	0.0058	0.0097	0.0068
COG0833	0.0000	0.0018	0.0005	0.0004	0.0001	0.0006	0.0002	0.0013	0.0005	0.0019	0.0007
COG0834	0.0000	0.3257	0.0754	0.1748	0.0842	0.2308	0.1009	0.0387	0.0152	0.0377	0.0134
COG0835	0.0000	0.8386	0.0618	0.3271	0.2346	0.6377	0.1089	0.6205	0.0825	0.4681	0.1133
COG0836	0.0000	0.2506	0.1409	0.0676	0.0563	0.0688	0.0331	0.0648	0.0178	0.0568	0.0130
COG0837	0.0000	0.0053	0.0016	0.0018	0.0008	0.0043	0.0017	0.0046	0.0018	0.0082	0.0036
COG0838	0.0050	0.7818	0.1170	0.9293	0.0684	0.0090	0.0055	0.0592	0.0479	0.0801	0.0733
COG0839	0.0000	0.3498	0.1219	0.0354	0.0288	0.0073	0.0046	0.0525	0.0548	0.0561	0.0616
COG0840	0.0000	0.8008	0.0833	0.2374	0.2291	0.5351	0.1404	0.5450	0.0792	0.4062	0.0898
COG0841	0.0000	0.0053	0.0017	0.0013	0.0007	0.0025	0.0011	0.0083	0.0031	0.0127	0.0047
COG0842	0.0000	0.9389	0.0379	0.6932	0.1665	0.8203	0.0923	0.7797	0.0946	0.6828	0.0772
COG0843	0.0000	0.0039	0.0029	0.0006	0.0006	0.0021	0.0013	0.0043	0.0025	0.0057	0.0026
COG0845	0.0000	0.0016	0.0008	0.0002	0.0002	0.0010	0.0005	0.0022	0.0008	0.0031	0.0013
COG0846	0.0050	0.9718	0.0123	0.9998	0.0001	0.3844	0.1303	0.2880	0.0869	0.2300	0.0626
COG0847	0.0000	0.0638	0.0299	0.0059	0.0040	0.0261	0.0135	0.0402	0.0210	0.0588	0.0235
COG0848	0.0000	0.0002	0.0002	0.0001	0.0001	0.0002	0.0002	0.0005	0.0004	0.0009	0.0006
COG0849	0.0000	0.0012	0.0007	0.0001	0.0001	0.0009	0.0004	0.0023	0.0009	0.0050	0.0017
COG0850	0.0000	0.0015	0.0022	0.0003	0.0006	0.0012	0.0015	0.0017	0.0019	0.0030	0.0026
COG0851	0.0000	0.0007	0.0008	0.0001	0.0002	0.0006	0.0007	0.0010	0.0009	0.0010	0.0006
COG0852	0.0000	0.9971	0.0020	0.9995	0.0008	0.9756	0.0160	0.9591	0.0191	0.8834	0.0682
COG0853	0.0000	0.0246	0.0127	0.0044	0.0026	0.0249	0.0105	0.0320	0.0090	0.0558	0.0107
COG0854	0.0000	0.0562	0.0455	0.0868	0.0814	0.1457	0.0983	0.1039	0.0684	0.0647	0.0433
COG0855	0.0000	0.0186	0.0084	0.0040	0.0019	0.0098	0.0044	0.0080	0.0037	0.0156	0.0070
COG0856	0.0050	0.7717	0.1339	0.9859	0.0230	0.1098	0.0502	0.1480	0.0368	0.1251	0.0529
COG0857	0.0000	0.2640	0.1105	0.0290	0.0204	0.0479	0.0266	0.1180	0.0483	0.0901	0.0431
COG0858	0.0000	0.0003	0.0003	0.0000	0.0000	0.0001	0.0001	0.0007	0.0007	0.0018	0.0019
COG0859	0.0000	0.0037	0.0018	0.0009	0.0006	0.0041	0.0022	0.0124	0.0066	0.0183	0.0074
COG0860	0.0000	0.0064	0.0018	0.0006	0.0002	0.0028	0.0011	0.0071	0.0023	0.0129	0.0044
COG0861	0.0000	0.0047	0.0032	0.0012	0.0010	0.0052	0.0032	0.0092	0.0045	0.0180	0.0082
COG0863	0.0000	0.7751	0.0665	0.2210	0.0831	0.4563	0.0926	0.5308	0.0856	0.4444	0.0687
COG0864	0.0200	0.9983	0.0005	1.0000	0.0000	0.9998	0.0001	0.9976	0.0012	0.9940	0.0035
COG1001	0.0050	0.9272	0.0299	0.9993	0.0004	0.2695	0.0707	0.2553	0.0805	0.2261	0.0838
COG1002	0.0000	0.2577	0.0434	0.0410	0.0116	0.0465	0.0107	0.0508	0.0161	0.0654	0.0206
COG1003	0.0100	0.7075	0.1788	0.9762	0.0238	0.0347	0.0236	0.0405	0.0263	0.0453	0.0611
COG1004	0.0500	0.9102	0.0271	0.9992	0.0004	0.9955	0.0022	0.9782	0.0073	0.1967	0.0448
COG1005	0.0050	0.9727	0.0198	0.9976	0.0038	0.1506	0.0866	0.3882	0.1781	0.3579	0.1731
COG1006	0.0000	0.9623	0.0282	0.9620	0.0173	0.7846	0.1009	0.5885	0.1436	0.6720	0.1340
COG1007	0.0000	0.3033	0.0998	0.0278	0.0238	0.0107	0.0069	0.0444	0.0466	0.0591	0.0670
COG1008	0.0000	0.1051	0.0393	0.0068	0.0042	0.0022	0.0015	0.0080	0.0081	0.0130	0.0132
COG1009	0.0000	0.7705	0.0730	0.3517	0.0893	0.2248	0.0704	0.2233	0.1268	0.2770	0.1587
COG1010	0.0000	0.1392	0.0699	0.0237	0.0281	0.0125	0.0047	0.0151	0.0043	0.0099	0.0034
COG1011	0.0100	0.9770	0.0103	0.9999	0.0000	0.4203	0.0871	0.5060	0.0983	0.5424	0.1013
COG1012	0.0050	0.8497	0.0517	0.9984	0.0007	0.1171	0.0548	0.1765	0.0559	0.2699	0.0538
COG1013	0.0000	0.9980	0.0008	0.9877	0.0068	0.9862	0.0038	0.9913	0.0034	0.9803	0.0097
COG1014	0.0400	0.9994	0.0005	1.0000	0.0000	0.9999	0.0001	0.9699	0.0105	0.9618	0.0158
COG1015	0.0000	0.0020	0.0016	0.0003	0.0002	0.0023	0.0022	0.0065	0.0047	0.0073	0.0050
COG1017	0.0000	0.0023	0.0013	0.0007	0.0003	0.0013	0.0006	0.0018	0.0008	0.0036	0.0019
COG1018	0.0000	0.0317	0.0165	0.0037	0.0031	0.0074	0.0042	0.0113	0.0053	0.0131	0.0063
COG1019	0.0000	0.0014	0.0007	0.0020	0.0010	0.0016	0.0008	0.0013	0.0007	0.0015	0.0007
COG1020	0.0000	0.0047	0.0026	0.0005	0.0003	0.0013	0.0005	0.0024	0.0010	0.0039	0.0015
COG1021	0.0000	0.0064	0.0026	0.0020	0.0011	0.0019	0.0008	0.0018	0.0007	0.0011	0.0004
COG1022	0.0000	0.0076	0.0031	0.0005	0.0003	0.0029	0.0012	0.0051	0.0015	0.0148	0.0037
COG1023	0.0000	0.0097	0.0034	0.0013	0.0006	0.0026	0.0012	0.0074	0.0034	0.0094	0.0052
COG1024	0.0000	0.1636	0.0841	0.0283	0.0336	0.0262	0.0205	0.0396	0.0251	0.0655	0.0277
COG1025	0.0000	0.0003	0.0001	0.0002	0.0001	0.0002	0.0001	0.0004	0.0001	0.0007	0.0002
COG1026	0.0000	0.0002	0.0001	0.0000	0.0000	0.0001	0.0001	0.0005	0.0002	0.0011	0.0005
COG1027	0.0000	0.0364	0.0174	0.0073	0.0056	0.0190	0.0099	0.0353	0.0179	0.0298	0.0108
COG1028	0.0000	0.5580	0.1478	0.0736	0.0677	0.1478	0.0885	0.2900	0.1088	0.2936	0.1003
COG1029	0.0000	0.7917	0.1084	0.5460	0.1660	0.6251	0.1832	0.0939	0.0776	0.0590	0.0496
COG1030	0.2600	0.9669	0.0152	0.9990	0.0006	0.9964	0.0019	0.9906	0.0049	0.9764	0.0126
COG1031	0.0150	0.9229	0.0265	0.9988	0.0008	0.9958	0.0025	0.5477	0.1195	0.5787	0.1210
COG1032	0.0000	0.9857	0.0064	0.8841	0.0570	0.9157	0.0341	0.9397	0.0224	0.9109	0.0284
COG1033	0.0000	0.5547	0.1654	0.1457	0.0778	0.2452	0.0915	0.3275	0.1052	0.4275	0.1521
COG1034	0.0000	0.0185	0.0092	0.0050	0.0038	0.0018	0.0011	0.0036	0.0019	0.0046	0.0025
COG1035	0.0000	0.9435	0.0243	0.6844	0.1267	0.7257	0.0876	0.6562	0.0507	0.4921	0.0962
COG1036	0.0050	0.8775	0.0622	0.9991	0.0007	0.2326	0.0877	0.0632	0.0405	0.0750	0.0372
COG1038	0.0000	0.0030	0.0019	0.0004	0.0003	0.0011	0.0005	0.0021	0.0009	0.0047	0.0018
COG1039	0.0000	0.0062	0.0030	0.0012	0.0006	0.0041	0.0020	0.0104	0.0047	0.0200	0.0084
COG1040	0.0000	0.0065	0.0037	0.0002	0.0002	0.0032	0.0021	0.0113	0.0049	0.0259	0.0087
COG1041	0.0000	0.9387	0.0352	0.5917	0.1955	0.7713	0.1026	0.8837	0.0420	0.9131	0.0372
COG1042	0.0050	0.9892	0.0058	0.9999	0.0001	0.5335	0.1687	0.6021	0.1033	0.5543	0.1032
COG1043	0.0650	0.0388	0.0144	0.5091	0.1576	0.3554	0.1001	0.2472	0.0672	0.0025	0.0008
COG1044	0.0000	0.0140	0.0049	0.0045	0.0022	0.0154	0.0064	0.0204	0.0083	0.0109	0.0029
COG1045	0.0000	0.0847	0.0240	0.0101	0.0037	0.0177	0.0086	0.0465	0.0257	0.0519	0.0329
COG1047	0.0000	0.9435	0.0227	0.6366	0.1253	0.8113	0.0652	0.8292	0.0575	0.8817	0.0318
COG1048	0.0150	0.5186	0.1191	0.9799	0.0119	0.9229	0.0242	0.0763	0.0240	0.1224	0.0388
COG1049	0.0000	0.0026	0.0013	0.0005	0.0002	0.0014	0.0007	0.0032	0.0017	0.0037	0.0018
COG1051	0.0000	0.7871	0.0579	0.1815	0.0773	0.3730	0.0873	0.5301	0.1099	0.6616	0.0871
COG1052	0.0150	0.7179	0.1400	0.9985	0.0017	0.9917	0.0068	0.1516	0.0690	0.1859	0.0765
COG1053	0.0000	0.6547	0.0961	0.2964	0.1861	0.2312	0.1075	0.4055	0.0903	0.1778	0.0469
COG1054	0.0050	0.0001	0.0002	0.0055	0.0059	0.0000	0.0000	0.0001	0.0001	0.0003	0.0003
COG1055	0.0200	0.9748	0.0072	0.9998	0.0001	0.9981	0.0004	0.6660	0.0612	0.6509	0.0759
COG1056	0.1300	0.9985	0.0004	1.0000	0.0000	0.9999	0.0000	0.9997	0.0001	0.9988	0.0003
COG1057	0.0000	0.0006	0.0003	0.0000	0.0000	0.0003	0.0002	0.0012	0.0005	0.0033	0.0012
COG1058	0.0000	0.9994	0.0004	0.9999	0.0001	0.9989	0.0005	0.9940	0.0030	0.9722	0.0124
COG1059	0.0000	0.1488	0.0972	0.0120	0.0081	0.0655	0.0315	0.2180	0.0984	0.3518	0.1202
COG1060	0.0000	0.9200	0.0947	0.7571	0.2364	0.7686	0.1837	0.8160	0.1571	0.6675	0.1493
COG1061	0.0000	0.7664	0.0677	0.3055	0.1243	0.2287	0.0723	0.2528	0.0728	0.1970	0.0650
COG1062	0.0000	0.0178	0.0055	0.0045	0.0025	0.0039	0.0018	0.0171	0.0066	0.0129	0.0023
COG1063	0.0000	0.7290	0.1183	0.3086	0.1647	0.2765	0.1374	0.3539	0.1294	0.1843	0.0680
COG1064	0.0000	0.1050	0.0447	0.0224	0.0159	0.0271	0.0126	0.0413	0.0107	0.0385	0.0070
COG1066	0.0000	0.0008	0.0004	0.0000	0.0000	0.0004	0.0001	0.0011	0.0005	0.0023	0.0010
COG1067	0.0000	0.0287	0.0132	0.0069	0.0049	0.0069	0.0048	0.0047	0.0020	0.0057	0.0025
COG1069	0.0000	0.0033	0.0010	0.0006	0.0003	0.0008	0.0003	0.0015	0.0006	0.0017	0.0006
COG1070	0.0000	0.2025	0.0640	0.0486	0.0281	0.0245	0.0129	0.0488	0.0176	0.0553	0.0154
COG1071	0.0050	0.3856	0.1214	0.9648	0.0215	0.0156	0.0078	0.0329	0.0170	0.0481	0.0171
COG1072	0.0000	0.0013	0.0009	0.0004	0.0003	0.0008	0.0005	0.0016	0.0010	0.0029	0.0020
COG1073	0.0000	0.4322	0.0773	0.0494	0.0405	0.0692	0.0236	0.1317	0.0249	0.2639	0.0611
COG1074	0.0000	0.0015	0.0015	0.0001	0.0001	0.0011	0.0008	0.0046	0.0031	0.0104	0.0056
COG1075	0.0000	0.0140	0.0054	0.0015	0.0009	0.0039	0.0015	0.0056	0.0024	0.0106	0.0042
COG1076	0.0000	0.0003	0.0002	0.0001	0.0000	0.0001	0.0001	0.0002	0.0001	0.0004	0.0002
COG1077	0.0000	0.0186	0.0075	0.0013	0.0007	0.0049	0.0019	0.0205	0.0071	0.0437	0.0150
COG1078	0.0150	0.9949	0.0020	1.0000	0.0000	0.9997	0.0002	0.8020	0.0425	0.8207	0.0621
COG1079	0.0000	0.0827	0.0498	0.0074	0.0056	0.0220	0.0123	0.0405	0.0204	0.0555	0.0348
COG1080	0.0000	0.0150	0.0081	0.0024	0.0015	0.0079	0.0038	0.0143	0.0067	0.0164	0.0062
COG1082	0.1350	0.9959	0.0018	0.9999	0.0000	0.9996	0.0002	0.9988	0.0006	0.9951	0.0020
COG1083	0.0000	0.0192	0.0048	0.0023	0.0008	0.0121	0.0048	0.0152	0.0050	0.0135	0.0034
COG1084	0.2050	0.9967	0.0018	1.0000	0.0000	0.9996	0.0005	0.9987	0.0017	0.9970	0.0031
COG1085	0.0000	0.4534	0.0972	0.1004	0.0569	0.2631	0.0908	0.1949	0.0689	0.2045	0.0744
COG1086	0.0000	0.0505	0.0215	0.0056	0.0036	0.0378	0.0108	0.0328	0.0090	0.0155	0.0049
COG1087	0.0400	0.1562	0.0665	0.9733	0.0119	0.8527	0.0469	0.0083	0.0025	0.0181	0.0072
COG1088	0.0750	0.8658	0.0356	0.9994	0.0004	0.9855	0.0039	0.9202	0.0153	0.0482	0.0152
COG1089	0.0000	0.0952	0.0423	0.0125	0.0077	0.0609	0.0210	0.0623	0.0246	0.0564	0.0261
COG1090	0.0000	0.0124	0.0131	0.0014	0.0011	0.0057	0.0031	0.0132	0.0067	0.0156	0.0092
COG1091	0.0000	0.5785	0.0615	0.2541	0.0546	0.2146	0.0345	0.2507	0.0391	0.0582	0.0141
COG1092	0.0000	0.0312	0.0244	0.0053	0.0045	0.0115	0.0056	0.0145	0.0075	0.0254	0.0139
COG1093	0.4050	0.9981	0.0006	1.0000	0.0000	0.9998	0.0000	0.9991	0.0002	0.9982	0.0006
COG1094	0.3900	0.9980	0.0008	1.0000	0.0000	0.9998	0.0001	0.9994	0.0003	0.9987	0.0006
COG1095	0.8850	0.9998	0.0001	1.0000	0.0000	0.9999	0.0000	0.9998	0.0002	0.9994	0.0005
COG1096	0.0200	0.9805	0.0079	0.9999	0.0000	0.9994	0.0003	0.5827	0.0775	0.7073	0.0716
COG1097	0.0400	0.9334	0.0373	0.9999	0.0001	0.9989	0.0007	0.5491	0.1073	0.8042	0.1014
COG1098	0.0000	0.0016	0.0005	0.0002	0.0001	0.0003	0.0002	0.0011	0.0005	0.0015	0.0007
COG1099	0.0000	0.9789	0.0140	0.9979	0.0019	0.9849	0.0112	0.9470	0.0275	0.7709	0.0893
COG1100	0.0000	0.9780	0.0078	0.7847	0.0913	0.8816	0.0380	0.8603	0.0409	0.8903	0.0374
COG1101	0.0000	0.0003	0.0002	0.0001	0.0001	0.0002	0.0002	0.0004	0.0003	0.0005	0.0003
COG1102	0.0000	0.9414	0.0155	0.5928	0.0966	0.8201	0.0533	0.7896	0.0813	0.7831	0.0812
COG1103	0.0000	0.5618	0.1951	0.3048	0.1610	0.3992	0.1639	0.4295	0.1762	0.4637	0.1859
COG1104	0.0050	0.8113	0.0722	0.9988	0.0010	0.0468	0.0355	0.1077	0.0758	0.1710	0.0703
COG1105	0.0000	0.0227	0.0148	0.0037	0.0035	0.0088	0.0068	0.0120	0.0086	0.0130	0.0052
COG1106	0.0050	0.8669	0.0351	0.9991	0.0005	0.0928	0.0284	0.1014	0.0344	0.1000	0.0294
COG1107	0.0000	0.5778	0.2162	0.1291	0.1089	0.0720	0.0512	0.0936	0.0780	0.1456	0.1580
COG1108	0.1300	0.8206	0.0785	0.9821	0.0121	0.9667	0.0154	0.8968	0.0374	0.9110	0.0376
COG1109	0.1000	0.9990	0.0004	1.0000	0.0000	1.0000	0.0000	0.9999	0.0000	0.9994	0.0003
COG1110	0.0000	0.9940	0.0045	0.9993	0.0010	0.9980	0.0016	0.9941	0.0043	0.9843	0.0095
COG1111	0.5800	0.9981	0.0012	0.9999	0.0000	0.9995	0.0004	0.9985	0.0008	0.9956	0.0022
COG1112	0.0100	0.4332	0.0843	0.9829	0.0072	0.0136	0.0109	0.0256	0.0201	0.0358	0.0329
COG1113	0.0000	0.0094	0.0032	0.0029	0.0012	0.0050	0.0017	0.0064	0.0025	0.0077	0.0021
COG1114	0.0000	0.0004	0.0004	0.0001	0.0001	0.0004	0.0003	0.0011	0.0008	0.0017	0.0008
COG1115	0.0000	0.0072	0.0037	0.0007	0.0004	0.0043	0.0020	0.0131	0.0058	0.0249	0.0104
COG1116	0.0050	0.9620	0.0069	0.9996	0.0002	0.6256	0.0875	0.7836	0.0466	0.6538	0.0697
COG1117	0.0850	0.9945	0.0010	0.9999	0.0001	0.9989	0.0005	0.9960	0.0016	0.4975	0.1457
COG1118	0.0000	0.0030	0.0029	0.0005	0.0005	0.0012	0.0008	0.0016	0.0011	0.0028	0.0014
COG1119	0.0000	0.0263	0.0162	0.0062	0.0045	0.0107	0.0053	0.0172	0.0078	0.0157	0.0063
COG1120	0.3650	0.9980	0.0005	1.0000	0.0000	0.9995	0.0002	0.9990	0.0003	0.9938	0.0026
COG1121	0.0000	0.6845	0.0768	0.1897	0.0788	0.5121	0.1132	0.5065	0.1141	0.7005	0.0941
COG1122	0.0250	0.9981	0.0013	1.0000	0.0000	0.9995	0.0003	0.7180	0.1459	0.6539	0.1558
COG1123	0.0350	0.8524	0.0718	0.9969	0.0017	0.9642	0.0133	0.2730	0.0959	0.3236	0.0962
COG1124	0.0000	0.0080	0.0037	0.0020	0.0012	0.0031	0.0017	0.0053	0.0027	0.0071	0.0032
COG1125	0.0000	0.0078	0.0027	0.0011	0.0007	0.0013	0.0005	0.0025	0.0008	0.0043	0.0012
COG1126	0.0250	0.4852	0.0591	0.9893	0.0051	0.9436	0.0269	0.0305	0.0098	0.0520	0.0188
COG1127	0.0000	0.0007	0.0004	0.0002	0.0001	0.0006	0.0004	0.0014	0.0009	0.0022	0.0013
COG1129	0.0000	0.0105	0.0040	0.0018	0.0012	0.0032	0.0012	0.0077	0.0031	0.0108	0.0045
COG1131	0.0000	0.9908	0.0051	0.8031	0.1366	0.9226	0.0459	0.9281	0.0383	0.9234	0.0405
COG1132	0.0000	0.0882	0.0593	0.0024	0.0015	0.0083	0.0047	0.0188	0.0099	0.0412	0.0251
COG1133	0.0000	0.0003	0.0004	0.0002	0.0003	0.0004	0.0005	0.0008	0.0007	0.0013	0.0009
COG1134	0.0000	0.0356	0.0156	0.0087	0.0073	0.0432	0.0206	0.0092	0.0037	0.0094	0.0039
COG1135	0.0000	0.0018	0.0015	0.0002	0.0002	0.0017	0.0012	0.0050	0.0031	0.0146	0.0100
COG1136	0.0200	0.9916	0.0049	1.0000	0.0000	0.9998	0.0001	0.5556	0.1192	0.5860	0.1302
COG1137	0.0000	0.0002	0.0002	0.0001	0.0000	0.0002	0.0001	0.0004	0.0003	0.0007	0.0004
COG1138	0.0000	0.1393	0.0633	0.0422	0.0160	0.0237	0.0122	0.0417	0.0235	0.0844	0.0489
COG1139	0.0050	0.8123	0.0781	0.9971	0.0024	0.0772	0.0418	0.0858	0.0312	0.1116	0.0422
COG1140	0.0000	0.0278	0.0139	0.0160	0.0124	0.0245	0.0211	0.0294	0.0111	0.0248	0.0091
COG1141	0.0000	0.9882	0.0072	0.9988	0.0007	0.9939	0.0026	0.9790	0.0069	0.9421	0.0197
COG1142	0.1600	0.9806	0.0090	0.9999	0.0001	0.9986	0.0010	0.9881	0.0079	0.9226	0.0344
COG1143	0.0450	0.9982	0.0007	1.0000	0.0000	0.9989	0.0003	0.9961	0.0017	0.6047	0.1122
COG1144	0.0350	0.9990	0.0003	1.0000	0.0000	0.9999	0.0000	0.8641	0.0495	0.8210	0.0763
COG1145	0.1800	0.9970	0.0011	0.9999	0.0000	0.9994	0.0002	0.9967	0.0012	0.9826	0.0057
COG1146	0.0450	0.9907	0.0059	0.9999	0.0001	0.9990	0.0005	0.9941	0.0032	0.3954	0.1156
COG1148	0.0000	0.9743	0.0143	0.8016	0.1001	0.9057	0.0489	0.8900	0.0505	0.5708	0.1000
COG1149	0.0250	0.9818	0.0099	0.9998	0.0001	0.9989	0.0007	0.6284	0.1238	0.5736	0.0965
COG1150	0.0650	0.7615	0.0627	0.9816	0.0143	0.9287	0.0399	0.8988	0.0556	0.1072	0.0364
COG1151	0.0300	0.8433	0.0584	0.9960	0.0016	0.9788	0.0070	0.2018	0.0579	0.1408	0.0556
COG1152	0.0100	0.9674	0.0175	0.9996	0.0004	0.3096	0.1213	0.3103	0.0935	0.2362	0.0902
COG1153	0.0000	0.7587	0.1144	0.3860	0.1434	0.4178	0.1493	0.1115	0.0841	0.0682	0.0599
COG1154	0.0000	0.0010	0.0003	0.0001	0.0001	0.0006	0.0003	0.0015	0.0007	0.0022	0.0009
COG1155	0.2650	0.9995	0.0001	1.0000	0.0000	1.0000	0.0000	0.9997	0.0001	0.9963	0.0019
COG1156	0.1650	0.9989	0.0003	1.0000	0.0000	0.9999	0.0000	0.9995	0.0002	0.9950	0.0022
COG1157	0.0000	0.0791	0.0297	0.1489	0.0708	0.1009	0.0428	0.0969	0.0425	0.0901	0.0428
COG1158	0.0000	0.0016	0.0006	0.0003	0.0002	0.0012	0.0005	0.0019	0.0007	0.0029	0.0010
COG1159	0.0100	0.0123	0.0115	0.4769	0.1731	0.0012	0.0012	0.0014	0.0013	0.0025	0.0018
COG1160	0.0000	0.0004	0.0004	0.0000	0.0000	0.0002	0.0001	0.0006	0.0005	0.0012	0.0008
COG1161	0.0000	0.0877	0.0428	0.0111	0.0120	0.0311	0.0253	0.0619	0.0309	0.1457	0.0572
COG1162	0.0000	0.0038	0.0014	0.0002	0.0001	0.0014	0.0009	0.0059	0.0031	0.0124	0.0066
COG1163	0.0000	0.9212	0.0209	0.3552	0.1179	0.7355	0.0802	0.8604	0.0317	0.8777	0.0235
COG1164	0.0000	0.0593	0.0382	0.0040	0.0051	0.0113	0.0093	0.0261	0.0149	0.0391	0.0229
COG1165	0.0000	0.0047	0.0028	0.0010	0.0008	0.0006	0.0004	0.0014	0.0007	0.0016	0.0008
COG1166	0.0000	0.0223	0.0085	0.0093	0.0037	0.0105	0.0059	0.0042	0.0033	0.0133	0.0084
COG1167	0.0650	0.9335	0.0414	0.9994	0.0003	0.9944	0.0034	0.9665	0.0225	0.2762	0.0941
COG1168	0.0000	0.0044	0.0034	0.0007	0.0004	0.0007	0.0003	0.0020	0.0007	0.0023	0.0007
COG1169	0.0000	0.0032	0.0016	0.0008	0.0007	0.0003	0.0001	0.0007	0.0003	0.0008	0.0004
COG1171	0.0150	0.6500	0.1365	0.9874	0.0080	0.9555	0.0259	0.0718	0.0460	0.0564	0.0222
COG1172	0.0000	0.0027	0.0007	0.0004	0.0003	0.0007	0.0002	0.0019	0.0003	0.0024	0.0006
COG1173	0.0000	0.9178	0.0415	0.7415	0.1595	0.4559	0.1998	0.5816	0.1375	0.4080	0.0856
COG1174	0.0000	0.0082	0.0031	0.0015	0.0009	0.0016	0.0010	0.0022	0.0009	0.0032	0.0013
COG1175	0.0000	0.0494	0.0226	0.0128	0.0064	0.0045	0.0014	0.0118	0.0030	0.0160	0.0056
COG1176	0.0000	0.0150	0.0095	0.0046	0.0038	0.0026	0.0017	0.0070	0.0029	0.0146	0.0042
COG1177	0.0000	0.0117	0.0071	0.0047	0.0043	0.0029	0.0023	0.0050	0.0018	0.0099	0.0032
COG1178	0.0000	0.3095	0.1731	0.1320	0.0861	0.0760	0.0275	0.0783	0.0330	0.0679	0.0307
COG1179	0.0000	0.0148	0.0108	0.0833	0.0627	0.0535	0.0478	0.0427	0.0274	0.0527	0.0215
COG1180	0.0100	0.9997	0.0002	1.0000	0.0000	0.9889	0.0051	0.9885	0.0061	0.9866	0.0087
COG1181	0.0000	0.0049	0.0018	0.0002	0.0001	0.0017	0.0010	0.0055	0.0016	0.0115	0.0033
COG1182	0.0000	0.0021	0.0013	0.0004	0.0004	0.0016	0.0011	0.0028	0.0020	0.0055	0.0039
COG1183	0.1850	0.9155	0.0641	0.9977	0.0015	0.9778	0.0136	0.9659	0.0188	0.9571	0.0231
COG1184	0.1450	0.9959	0.0033	1.0000	0.0000	0.9994	0.0004	0.9980	0.0013	0.9955	0.0031
COG1185	0.0000	0.0003	0.0002	0.0000	0.0000	0.0001	0.0001	0.0004	0.0002	0.0010	0.0003
COG1186	0.0000	0.0001	0.0001	0.0000	0.0000	0.0000	0.0000	0.0002	0.0001	0.0005	0.0004
COG1187	0.0000	0.0006	0.0005	0.0000	0.0000	0.0003	0.0002	0.0015	0.0010	0.0060	0.0028
COG1188	0.0000	0.0004	0.0002	0.0001	0.0000	0.0004	0.0002	0.0006	0.0003	0.0010	0.0005
COG1189	0.0000	0.0370	0.0176	0.0030	0.0026	0.0084	0.0038	0.0110	0.0053	0.0269	0.0153
COG1190	0.0000	0.0106	0.0066	0.0004	0.0003	0.0037	0.0025	0.0113	0.0071	0.0258	0.0126
COG1191	0.0000	0.0008	0.0008	0.0001	0.0001	0.0005	0.0003	0.0012	0.0009	0.0027	0.0022
COG1192	0.0100	0.7994	0.0894	0.9971	0.0019	0.0371	0.0281	0.0870	0.0447	0.0900	0.0521
COG1193	0.0000	0.4114	0.1072	0.0635	0.0520	0.1070	0.0636	0.1241	0.0574	0.1715	0.0753
COG1194	0.0050	0.3490	0.0888	0.9485	0.0253	0.0068	0.0038	0.0158	0.0093	0.0331	0.0198
COG1195	0.0000	0.0056	0.0015	0.0003	0.0001	0.0013	0.0005	0.0053	0.0025	0.0099	0.0034
COG1196	0.0000	0.5366	0.1624	0.0437	0.0490	0.1936	0.0741	0.5329	0.1247	0.7011	0.0853
COG1197	0.0000	0.0005	0.0005	0.0000	0.0000	0.0001	0.0001	0.0006	0.0004	0.0011	0.0008
COG1198	0.0000	0.0004	0.0003	0.0000	0.0000	0.0002	0.0001	0.0008	0.0007	0.0022	0.0015
COG1199	0.5550	0.9837	0.0058	0.9990	0.0004	0.9963	0.0015	0.9938	0.0019	0.9862	0.0054
COG1200	0.0000	0.0001	0.0001	0.0000	0.0000	0.0001	0.0000	0.0003	0.0002	0.0008	0.0004
COG1201	0.6000	0.9981	0.0010	0.9999	0.0001	0.9995	0.0004	0.9978	0.0012	0.9946	0.0024
COG1202	0.0100	0.8317	0.1760	0.9712	0.0492	0.0731	0.0555	0.0187	0.0244	0.0149	0.0318
COG1203	0.0350	0.9927	0.0024	0.9999	0.0000	0.9991	0.0002	0.2604	0.0825	0.2254	0.0738
COG1204	0.1900	0.9991	0.0002	1.0000	0.0000	0.9999	0.0000	0.9995	0.0002	0.9977	0.0008
COG1205	0.0000	0.5329	0.0561	0.1534	0.0405	0.1017	0.0320	0.0847	0.0409	0.0602	0.0295
COG1206	0.0000	0.0018	0.0031	0.0003	0.0006	0.0008	0.0014	0.0013	0.0015	0.0020	0.0017
COG1207	0.7100	0.5082	0.1146	0.9398	0.0242	0.7440	0.0739	0.6089	0.1066	0.4612	0.0819
COG1208	0.0500	0.9996	0.0002	1.0000	0.0000	1.0000	0.0000	0.9999	0.0001	0.9631	0.0166
COG1209	0.0000	0.4883	0.0625	0.1176	0.0410	0.1983	0.0667	0.2807	0.0493	0.0811	0.0146
COG1210	0.0000	0.2026	0.0783	0.0463	0.0285	0.2376	0.0990	0.2782	0.0913	0.3106	0.1256
COG1211	0.0000	0.0060	0.0023	0.0005	0.0002	0.0022	0.0009	0.0080	0.0028	0.0109	0.0049
COG1212	0.0000	0.0047	0.0013	0.0010	0.0003	0.0043	0.0012	0.0057	0.0012	0.0059	0.0009
COG1213	0.0000	0.2589	0.0889	0.0494	0.0147	0.1224	0.0340	0.1563	0.0254	0.1828	0.0375
COG1214	0.0000	0.0003	0.0002	0.0000	0.0000	0.0001	0.0001	0.0005	0.0002	0.0009	0.0004
COG1215	0.0600	0.9558	0.0122	0.9999	0.0000	0.9989	0.0003	0.9927	0.0022	0.4257	0.1029
COG1216	0.0050	0.9025	0.0201	0.9998	0.0001	0.2043	0.0353	0.2381	0.0370	0.1764	0.0394
COG1217	0.0000	0.0000	0.0000	0.0000	0.0000	0.0000	0.0000	0.0000	0.0000	0.0001	0.0001
COG1218	0.0000	0.0071	0.0036	0.0009	0.0005	0.0025	0.0012	0.0041	0.0022	0.0088	0.0056
COG1219	0.0000	0.0043	0.0040	0.0002	0.0002	0.0015	0.0010	0.0044	0.0027	0.0085	0.0057
COG1220	0.0000	0.0004	0.0004	0.0001	0.0001	0.0002	0.0002	0.0006	0.0005	0.0011	0.0007
COG1221	0.0000	0.0012	0.0004	0.0004	0.0002	0.0005	0.0002	0.0006	0.0002	0.0006	0.0002
COG1222	0.0050	0.9934	0.0019	0.9999	0.0000	0.5711	0.1393	0.5814	0.1232	0.6913	0.1220
COG1223	0.0000	0.3407	0.1089	0.1216	0.0624	0.0612	0.0255	0.0484	0.0186	0.0612	0.0297
COG1224	0.0050	0.7535	0.1222	0.9937	0.0047	0.2256	0.1462	0.2920	0.1060	0.2903	0.0921
COG1225	0.0000	0.2665	0.1241	0.0511	0.0623	0.0891	0.0404	0.1055	0.0402	0.1113	0.0545
COG1226	0.0000	0.7172	0.1120	0.2155	0.1192	0.2108	0.0856	0.3295	0.0736	0.3945	0.0969
COG1227	0.0000	0.0225	0.0098	0.0017	0.0011	0.0110	0.0049	0.0356	0.0088	0.1406	0.0487
COG1228	0.0000	0.2473	0.1092	0.0515	0.0317	0.0549	0.0485	0.0721	0.0440	0.0494	0.0176
COG1229	0.0250	0.9365	0.0439	0.9986	0.0012	0.9926	0.0093	0.0726	0.0656	0.0436	0.0347
COG1230	0.0000	0.2473	0.0705	0.0520	0.0409	0.0759	0.0283	0.0906	0.0311	0.0849	0.0276
COG1231	0.0000	0.0015	0.0007	0.0003	0.0001	0.0003	0.0002	0.0005	0.0002	0.0008	0.0003
COG1232	0.0000	0.2105	0.0397	0.0256	0.0087	0.0899	0.0192	0.1121	0.0209	0.1616	0.0359
COG1233	0.0050	0.9517	0.0175	0.9994	0.0004	0.2676	0.0583	0.3076	0.0454	0.3124	0.0679
COG1234	0.0000	0.9819	0.0105	0.8202	0.1230	0.9378	0.0385	0.9389	0.0249	0.9580	0.0133
COG1235	0.0000	0.6895	0.0475	0.1414	0.0478	0.2891	0.0798	0.5853	0.1220	0.7639	0.0682
COG1236	0.2950	0.9968	0.0010	0.9999	0.0000	0.9997	0.0001	0.9991	0.0005	0.9979	0.0013
COG1237	0.0000	0.9198	0.0335	0.5209	0.0987	0.7162	0.0720	0.7484	0.0697	0.7887	0.0604
COG1238	0.0000	0.0882	0.0392	0.0253	0.0140	0.0578	0.0438	0.1453	0.0920	0.1354	0.0823
COG1239	0.0000	0.7285	0.1184	0.3359	0.1187	0.3177	0.0939	0.2888	0.0903	0.2198	0.0800
COG1240	0.0000	0.0371	0.0149	0.0064	0.0028	0.0104	0.0041	0.0148	0.0056	0.0248	0.0067
COG1241	0.5650	0.9994	0.0003	1.0000	0.0000	0.9999	0.0000	0.9995	0.0003	0.9988	0.0008
COG1242	0.0000	0.0136	0.0114	0.0021	0.0016	0.0081	0.0055	0.0126	0.0088	0.0205	0.0150
COG1243	0.6400	0.9994	0.0002	1.0000	0.0000	0.9999	0.0000	0.9991	0.0004	0.9979	0.0011
COG1244	0.0350	0.9951	0.0016	0.9999	0.0000	0.9994	0.0004	0.6794	0.0818	0.7678	0.0916
COG1245	0.9100	0.9999	0.0001	1.0000	0.0000	1.0000	0.0000	0.9998	0.0001	0.9991	0.0004
COG1246	0.0600	0.8380	0.0415	0.9977	0.0014	0.9813	0.0079	0.9081	0.0354	0.0727	0.0266
COG1247	0.0250	0.5517	0.0747	0.9930	0.0040	0.9456	0.0175	0.0346	0.0122	0.0331	0.0086
COG1249	0.0300	0.8969	0.0229	0.9980	0.0008	0.9693	0.0145	0.9114	0.0433	0.8243	0.0825
COG1250	0.0150	0.8388	0.0780	0.9943	0.0050	0.9680	0.0249	0.1148	0.0617	0.1324	0.0469
COG1251	0.1100	0.7652	0.0413	0.9898	0.0030	0.9415	0.0164	0.8927	0.0356	0.7561	0.0737
COG1252	0.0400	0.3427	0.1485	0.9371	0.0478	0.8643	0.0905	0.0202	0.0119	0.0311	0.0120
COG1253	0.0000	0.0188	0.0092	0.0009	0.0006	0.0055	0.0028	0.0277	0.0128	0.0932	0.0346
COG1254	0.0250	0.9938	0.0038	1.0000	0.0000	0.9998	0.0001	0.8075	0.0632	0.7824	0.0397
COG1255	0.0050	0.9122	0.0497	0.9967	0.0032	0.2163	0.0842	0.1823	0.0916	0.1237	0.0728
COG1256	0.0000	0.0009	0.0006	0.0002	0.0002	0.0005	0.0003	0.0006	0.0004	0.0009	0.0006
COG1257	0.0200	0.9936	0.0021	1.0000	0.0000	0.9997	0.0002	0.8694	0.0331	0.8874	0.0311
COG1258	0.0050	0.9962	0.0018	1.0000	0.0000	0.7247	0.1421	0.8329	0.1012	0.8891	0.0726
COG1259	0.0000	0.4106	0.1126	0.0696	0.0351	0.0980	0.0364	0.1677	0.0642	0.1719	0.0854
COG1260	0.0150	0.9794	0.0157	0.9998	0.0002	0.9981	0.0011	0.3874	0.0716	0.4316	0.0942
COG1261	0.0000	0.0008	0.0007	0.0003	0.0002	0.0004	0.0004	0.0006	0.0005	0.0010	0.0008
COG1262	0.0000	0.0475	0.0209	0.0065	0.0060	0.0201	0.0099	0.0379	0.0148	0.0414	0.0175
COG1263	0.0000	0.0001	0.0000	0.0000	0.0000	0.0002	0.0001	0.0004	0.0002	0.0015	0.0008
COG1264	0.0000	0.0010	0.0004	0.0003	0.0002	0.0007	0.0002	0.0012	0.0004	0.0018	0.0005
COG1266	0.3050	0.9713	0.0067	0.9996	0.0002	0.9967	0.0011	0.9799	0.0069	0.9418	0.0204
COG1267	0.0000	0.2902	0.1352	0.1281	0.0802	0.2506	0.0977	0.2561	0.1127	0.4252	0.1223
COG1268	0.0000	0.3616	0.1256	0.0436	0.0212	0.0556	0.0284	0.1225	0.0602	0.0872	0.0738
COG1269	0.0100	0.9994	0.0002	1.0000	0.0000	0.9762	0.0065	0.9745	0.0065	0.9296	0.0158
COG1270	0.0050	0.9793	0.0100	0.9994	0.0005	0.3572	0.0971	0.3622	0.0705	0.1288	0.0464
COG1271	0.0000	0.2685	0.0760	0.0493	0.0409	0.0705	0.0289	0.0882	0.0391	0.0949	0.0507
COG1272	0.0000	0.2030	0.1128	0.6354	0.1580	0.2725	0.0871	0.1600	0.0840	0.1642	0.0895
COG1273	0.0000	0.0296	0.0126	0.0042	0.0026	0.0133	0.0081	0.0245	0.0126	0.0349	0.0148
COG1274	0.0000	0.1194	0.0486	0.0154	0.0107	0.0337	0.0156	0.1006	0.0415	0.0655	0.0262
COG1275	0.0000	0.0677	0.0362	0.0212	0.0122	0.0278	0.0136	0.0342	0.0137	0.0365	0.0137
COG1276	0.0000	0.0015	0.0006	0.0006	0.0004	0.0012	0.0006	0.0013	0.0005	0.0014	0.0005
COG1277	0.4750	0.9787	0.0191	0.9995	0.0005	0.9958	0.0038	0.9883	0.0096	0.9618	0.0295
COG1278	0.0000	0.0379	0.0167	0.0013	0.0013	0.0093	0.0072	0.0446	0.0215	0.0740	0.0262
COG1279	0.0000	0.0032	0.0011	0.0009	0.0003	0.0010	0.0004	0.0020	0.0010	0.0042	0.0013
COG1280	0.0050	0.9395	0.0265	0.9985	0.0007	0.2296	0.0774	0.3345	0.0959	0.3595	0.1069
COG1281	0.0000	0.0001	0.0001	0.0000	0.0000	0.0000	0.0000	0.0002	0.0001	0.0004	0.0003
COG1282	0.0000	0.0070	0.0050	0.0027	0.0020	0.0044	0.0028	0.0053	0.0021	0.0071	0.0029
COG1283	0.0000	0.0161	0.0053	0.0023	0.0012	0.0053	0.0025	0.0127	0.0048	0.0266	0.0112
COG1284	0.0000	0.0009	0.0010	0.0002	0.0002	0.0006	0.0007	0.0016	0.0017	0.0028	0.0024
COG1285	0.0000	0.0076	0.0027	0.0006	0.0003	0.0052	0.0017	0.0130	0.0043	0.0294	0.0084
COG1286	0.0000	0.0368	0.0346	0.1413	0.1267	0.0910	0.0673	0.0670	0.0382	0.0479	0.0293
COG1287	0.0250	0.9877	0.0043	0.9999	0.0000	0.9996	0.0001	0.7106	0.0572	0.7815	0.0474
COG1288	0.0000	0.0010	0.0004	0.0001	0.0001	0.0008	0.0004	0.0007	0.0002	0.0017	0.0004
COG1289	0.0000	0.0010	0.0005	0.0004	0.0002	0.0016	0.0008	0.0013	0.0006	0.0019	0.0010
COG1290	0.0000	0.0092	0.0038	0.0017	0.0010	0.0027	0.0014	0.0052	0.0025	0.0063	0.0027
COG1291	0.0000	0.1430	0.0668	0.2577	0.1264	0.2025	0.0900	0.1625	0.0705	0.1193	0.0370
COG1292	0.0000	0.0108	0.0032	0.0016	0.0006	0.0053	0.0016	0.0106	0.0033	0.0079	0.0027
COG1293	0.2900	0.9963	0.0015	1.0000	0.0000	0.9995	0.0002	0.9980	0.0009	0.9963	0.0016
COG1294	0.0000	0.5444	0.1377	0.7508	0.1115	0.5038	0.1284	0.3261	0.1059	0.1992	0.0661
COG1295	0.0000	0.0091	0.0047	0.0003	0.0002	0.0015	0.0009	0.0039	0.0015	0.0086	0.0039
COG1296	0.0000	0.0288	0.0189	0.0055	0.0043	0.0053	0.0035	0.0083	0.0046	0.0172	0.0066
COG1297	0.0950	0.3016	0.0747	0.9629	0.0166	0.8798	0.0354	0.6555	0.0777	0.0581	0.0179
COG1298	0.0000	0.0015	0.0007	0.0004	0.0002	0.0013	0.0005	0.0023	0.0010	0.0030	0.0010
COG1299	0.0000	0.0010	0.0005	0.0002	0.0001	0.0009	0.0006	0.0013	0.0008	0.0035	0.0020
COG1300	0.0050	0.9453	0.0265	0.9990	0.0006	0.1832	0.0639	0.2608	0.1045	0.3000	0.1392
COG1301	0.0000	0.0438	0.0227	0.0053	0.0027	0.0177	0.0084	0.0176	0.0086	0.0329	0.0137
COG1302	0.0000	0.0023	0.0013	0.0006	0.0004	0.0014	0.0012	0.0036	0.0021	0.0041	0.0015
COG1303	0.0000	0.7458	0.1193	0.1609	0.0853	0.4733	0.1485	0.7347	0.1285	0.8351	0.0814
COG1304	0.6350	0.9992	0.0002	1.0000	0.0000	0.9996	0.0002	0.9990	0.0004	0.9975	0.0010
COG1305	0.0350	0.9832	0.0047	0.9999	0.0001	0.9975	0.0016	0.4848	0.1224	0.4678	0.0746
COG1306	0.0000	0.0002	0.0002	0.0000	0.0000	0.0001	0.0001	0.0005	0.0002	0.0009	0.0004
COG1307	0.0000	0.0040	0.0025	0.0004	0.0003	0.0012	0.0009	0.0038	0.0021	0.0057	0.0032
COG1308	0.0100	0.9957	0.0020	1.0000	0.0000	0.9999	0.0001	0.9990	0.0004	0.9966	0.0012
COG1309	0.0000	0.4405	0.1356	0.1064	0.0643	0.0654	0.0596	0.0727	0.0406	0.0885	0.0329
COG1310	0.0000	0.9441	0.0195	0.6741	0.1167	0.7171	0.0937	0.8130	0.0427	0.6332	0.0782
COG1311	0.2850	0.9942	0.0027	0.9999	0.0000	0.9996	0.0002	0.9980	0.0011	0.9950	0.0030
COG1312	0.0000	0.0085	0.0037	0.0014	0.0006	0.0032	0.0011	0.0056	0.0020	0.0084	0.0028
COG1313	0.0300	0.9871	0.0089	0.9999	0.0001	0.9992	0.0005	0.6504	0.1311	0.6363	0.1616
COG1314	0.0000	0.0007	0.0005	0.0000	0.0000	0.0003	0.0002	0.0007	0.0006	0.0014	0.0011
COG1315	0.0000	0.0012	0.0006	0.0002	0.0002	0.0014	0.0010	0.0029	0.0014	0.0041	0.0020
COG1316	0.0000	0.0066	0.0071	0.0007	0.0009	0.0033	0.0042	0.0057	0.0061	0.0070	0.0058
COG1317	0.0000	0.0003	0.0002	0.0000	0.0000	0.0002	0.0002	0.0005	0.0003	0.0009	0.0005
COG1318	0.0200	0.7067	0.0547	0.9938	0.0043	0.9850	0.0084	0.4031	0.0691	0.3684	0.0811
COG1319	0.0000	0.0211	0.0292	0.0053	0.0030	0.0044	0.0024	0.0107	0.0072	0.0172	0.0119
COG1320	0.0150	0.9539	0.0285	0.9990	0.0007	0.9433	0.0406	0.4606	0.1708	0.5144	0.1729
COG1321	0.0000	0.9706	0.0077	0.9000	0.0310	0.8503	0.0809	0.8835	0.0399	0.8509	0.0386
COG1322	0.0000	0.0138	0.0063	0.0010	0.0006	0.0032	0.0018	0.0163	0.0063	0.0343	0.0107
COG1323	0.0000	0.0031	0.0023	0.0008	0.0006	0.0044	0.0034	0.0083	0.0073	0.0158	0.0131
COG1324	0.0300	0.9809	0.0133	0.9999	0.0001	0.9992	0.0004	0.5143	0.0647	0.5409	0.0468
COG1325	0.0000	0.8327	0.1026	0.3593	0.2055	0.5850	0.1639	0.6293	0.1171	0.6432	0.1021
COG1326	0.0000	0.4396	0.1369	0.1186	0.0449	0.1204	0.0330	0.1531	0.0375	0.2088	0.0466
COG1327	0.0000	0.0061	0.0035	0.0002	0.0002	0.0031	0.0022	0.0127	0.0067	0.0355	0.0131
COG1328	0.0050	0.9638	0.0148	0.9999	0.0000	0.4305	0.0699	0.5196	0.0777	0.5325	0.1216
COG1329	0.0000	0.0022	0.0017	0.0003	0.0002	0.0011	0.0008	0.0020	0.0014	0.0025	0.0013
COG1330	0.0000	0.0019	0.0006	0.0006	0.0003	0.0012	0.0003	0.0016	0.0005	0.0027	0.0009
COG1331	0.0000	0.4463	0.1064	0.1050	0.0671	0.0532	0.0315	0.0628	0.0338	0.0472	0.0337
COG1332	0.0000	0.0949	0.0383	0.0329	0.0241	0.0287	0.0169	0.0216	0.0124	0.0225	0.0105
COG1333	0.0000	0.0009	0.0005	0.0001	0.0000	0.0002	0.0001	0.0013	0.0005	0.0016	0.0006
COG1334	0.0000	0.0035	0.0011	0.0010	0.0004	0.0027	0.0011	0.0033	0.0009	0.0038	0.0012
COG1335	0.0000	0.9159	0.0378	0.5656	0.1169	0.6545	0.1091	0.6854	0.1059	0.6399	0.0805
COG1336	0.0000	0.3940	0.0883	0.2161	0.0582	0.0563	0.0225	0.0253	0.0193	0.0170	0.0119
COG1337	0.0100	0.6628	0.0862	0.9891	0.0052	0.0712	0.0219	0.0333	0.0195	0.0267	0.0140
COG1338	0.0000	0.0010	0.0005	0.0002	0.0002	0.0005	0.0003	0.0008	0.0004	0.0007	0.0004
COG1339	0.0900	0.9978	0.0004	1.0000	0.0000	0.9999	0.0000	0.9996	0.0001	0.8639	0.0222
COG1340	0.0800	0.9744	0.0335	0.9995	0.0009	0.9958	0.0071	0.9842	0.0273	0.6834	0.1125
COG1341	0.0000	0.0120	0.0033	0.0029	0.0009	0.0052	0.0023	0.0064	0.0024	0.0049	0.0019
COG1342	0.1200	0.9748	0.0101	0.9999	0.0000	0.9992	0.0002	0.9933	0.0019	0.9799	0.0075
COG1343	0.0050	0.9874	0.0028	0.9999	0.0000	0.5724	0.0902	0.2923	0.0840	0.2615	0.0850
COG1344	0.0000	0.0024	0.0007	0.0007	0.0004	0.0020	0.0009	0.0033	0.0010	0.0052	0.0012
COG1345	0.0000	0.0097	0.0030	0.0018	0.0012	0.0064	0.0025	0.0056	0.0014	0.0069	0.0017
COG1346	0.0000	0.0208	0.0182	0.0038	0.0054	0.0078	0.0083	0.0102	0.0096	0.0134	0.0091
COG1347	0.0000	0.0003	0.0002	0.0001	0.0001	0.0003	0.0002	0.0005	0.0004	0.0007	0.0005
COG1348	0.0100	0.7440	0.0932	0.9933	0.0026	0.1111	0.0377	0.1176	0.0370	0.1200	0.0448
COG1349	0.0000	0.0311	0.0139	0.0053	0.0035	0.0111	0.0057	0.0145	0.0088	0.0159	0.0080
COG1350	0.0000	0.8169	0.0379	0.3485	0.0663	0.3508	0.0562	0.4799	0.0508	0.4102	0.0538
COG1351	0.0050	0.6183	0.1641	0.9919	0.0078	0.1196	0.0497	0.2304	0.0534	0.3393	0.0838
COG1352	0.0000	0.6898	0.0841	0.1366	0.1469	0.4194	0.0869	0.4960	0.0543	0.3274	0.0785
COG1353	0.0000	0.6995	0.0974	0.5901	0.1209	0.1285	0.0442	0.0649	0.0279	0.0583	0.0258
COG1354	0.0000	0.4935	0.1983	0.0259	0.0193	0.1330	0.0649	0.5725	0.1469	0.7390	0.0944
COG1355	0.0200	0.9965	0.0013	1.0000	0.0000	0.9999	0.0001	0.8267	0.0364	0.8722	0.0343
COG1356	0.0000	0.3758	0.1564	0.1288	0.1184	0.2058	0.1487	0.2661	0.1492	0.1965	0.1382
COG1357	0.0000	0.0537	0.0148	0.0086	0.0031	0.0110	0.0032	0.0142	0.0027	0.0194	0.0061
COG1358	0.3700	0.9971	0.0018	1.0000	0.0000	0.9999	0.0001	0.9993	0.0006	0.9980	0.0011
COG1359	0.0000	0.0154	0.0065	0.0014	0.0006	0.0021	0.0008	0.0039	0.0016	0.0059	0.0035
COG1360	0.0000	0.0012	0.0018	0.0002	0.0004	0.0009	0.0012	0.0021	0.0027	0.0020	0.0025
COG1361	0.0700	0.9805	0.0121	0.9999	0.0001	0.9994	0.0002	0.9972	0.0012	0.6893	0.0894
COG1362	0.0000	0.0043	0.0032	0.0003	0.0002	0.0019	0.0013	0.0055	0.0025	0.0160	0.0085
COG1363	0.2650	0.9963	0.0008	1.0000	0.0000	0.9993	0.0003	0.9964	0.0017	0.9884	0.0036
COG1364	0.0000	0.2753	0.1010	0.0747	0.0465	0.2609	0.0496	0.1771	0.0268	0.3419	0.0808
COG1365	0.0000	0.1249	0.0911	0.0458	0.0458	0.0633	0.0400	0.0466	0.0241	0.0359	0.0190
COG1366	0.0000	0.0190	0.0085	0.0013	0.0010	0.0066	0.0033	0.0132	0.0047	0.0236	0.0062
COG1367	0.0000	0.2086	0.0505	0.0714	0.0116	0.0287	0.0082	0.0180	0.0101	0.0133	0.0070
COG1368	0.0000	0.0002	0.0001	0.0000	0.0000	0.0002	0.0001	0.0006	0.0003	0.0021	0.0010
COG1369	0.0000	0.7019	0.0960	0.1014	0.0292	0.3110	0.0764	0.4693	0.0716	0.6731	0.0785
COG1370	0.0000	0.3422	0.1517	0.0740	0.0679	0.0861	0.0521	0.1017	0.0451	0.1121	0.0589
COG1371	0.1800	0.9990	0.0004	1.0000	0.0000	0.9999	0.0000	0.9996	0.0002	0.9988	0.0005
COG1372	0.0000	0.2015	0.0558	0.0246	0.0143	0.0685	0.0197	0.1194	0.0275	0.1341	0.0282
COG1373	0.0050	0.9139	0.0276	0.9997	0.0001	0.0961	0.0236	0.1525	0.0350	0.1666	0.0409
COG1374	0.0150	0.7339	0.1856	0.9912	0.0125	0.9741	0.0281	0.0918	0.0359	0.1149	0.0446
COG1376	0.0000	0.0004	0.0002	0.0001	0.0000	0.0002	0.0001	0.0004	0.0001	0.0007	0.0003
COG1377	0.0000	0.0022	0.0022	0.0004	0.0004	0.0010	0.0013	0.0022	0.0023	0.0028	0.0028
COG1378	0.0000	0.6586	0.1771	0.1489	0.2787	0.2909	0.2295	0.3352	0.1539	0.2834	0.1197
COG1379	0.1900	0.8779	0.1163	0.9990	0.0015	0.9969	0.0040	0.9891	0.0045	0.9823	0.0072
COG1380	0.0000	0.0215	0.0204	0.0039	0.0061	0.0083	0.0098	0.0116	0.0115	0.0143	0.0101
COG1381	0.0000	0.0001	0.0001	0.0000	0.0000	0.0000	0.0000	0.0001	0.0001	0.0004	0.0003
COG1382	0.0250	0.9927	0.0020	1.0000	0.0000	0.9997	0.0001	0.6471	0.1014	0.6670	0.0828
COG1383	0.2400	0.9940	0.0028	1.0000	0.0000	0.9997	0.0001	0.9985	0.0006	0.9960	0.0014
COG1384	0.1500	0.9862	0.0053	0.9999	0.0001	0.9993	0.0004	0.9977	0.0009	0.9964	0.0010
COG1385	0.0000	0.0002	0.0001	0.0000	0.0000	0.0001	0.0001	0.0005	0.0003	0.0011	0.0006
COG1386	0.3650	0.7981	0.1121	0.9846	0.0095	0.9340	0.0338	0.9655	0.0173	0.9550	0.0231
COG1387	0.0000	0.7348	0.0864	0.2931	0.1263	0.4870	0.0995	0.5194	0.0770	0.7343	0.1087
COG1388	0.0000	0.0063	0.0027	0.0006	0.0002	0.0047	0.0018	0.0145	0.0044	0.0195	0.0060
COG1389	0.0200	0.9887	0.0036	1.0000	0.0000	0.9995	0.0003	0.7868	0.0528	0.8308	0.0335
COG1390	0.0050	0.9813	0.0097	0.9999	0.0001	0.7727	0.1060	0.8146	0.0613	0.6818	0.0718
COG1391	0.0000	0.0019	0.0015	0.0007	0.0006	0.0016	0.0012	0.0013	0.0011	0.0015	0.0010
COG1392	0.0250	0.9947	0.0014	0.9999	0.0000	0.9998	0.0001	0.9104	0.0124	0.8506	0.0332
COG1393	0.0000	0.0006	0.0007	0.0001	0.0001	0.0002	0.0002	0.0007	0.0006	0.0025	0.0021
COG1394	0.0200	0.9975	0.0006	1.0000	0.0000	0.9999	0.0000	0.9394	0.0093	0.8846	0.0337
COG1395	0.1300	0.9954	0.0013	1.0000	0.0000	0.9995	0.0002	0.9974	0.0010	0.9940	0.0016
COG1396	0.0000	0.0295	0.0083	0.0026	0.0010	0.0054	0.0014	0.0126	0.0040	0.0261	0.0076
COG1397	0.0000	0.5504	0.0693	0.1362	0.0550	0.0901	0.0275	0.1372	0.0352	0.1521	0.0557
COG1398	0.0000	0.0004	0.0002	0.0001	0.0000	0.0004	0.0002	0.0006	0.0002	0.0019	0.0007
COG1399	0.0000	0.0004	0.0003	0.0000	0.0000	0.0001	0.0001	0.0003	0.0003	0.0006	0.0003
COG1400	0.0050	0.9970	0.0014	1.0000	0.0000	0.7024	0.0947	0.7380	0.0561	0.5832	0.0878
COG1401	0.0050	0.5869	0.0773	0.9950	0.0019	0.0318	0.0130	0.0340	0.0132	0.0348	0.0147
COG1402	0.0000	0.8259	0.0479	0.5749	0.1388	0.6474	0.1219	0.6100	0.1058	0.4223	0.0709
COG1403	0.0000	0.1284	0.0536	0.0151	0.0181	0.0315	0.0192	0.0377	0.0120	0.0422	0.0073
COG1404	0.0000	0.6698	0.0509	0.1370	0.0931	0.3957	0.0741	0.5038	0.0580	0.4988	0.0727
COG1405	0.0700	0.9991	0.0005	1.0000	0.0000	1.0000	0.0000	0.9999	0.0001	0.9647	0.0079
COG1406	0.0000	0.0010	0.0008	0.0001	0.0001	0.0004	0.0003	0.0015	0.0008	0.0019	0.0009
COG1407	0.0000	0.8670	0.0815	0.3865	0.1445	0.6720	0.1025	0.7786	0.0959	0.8317	0.0681
COG1408	0.0000	0.8539	0.0967	0.9864	0.0153	0.8825	0.0983	0.7156	0.1539	0.5576	0.1681
COG1409	0.0400	0.9365	0.0300	0.9993	0.0004	0.9957	0.0018	0.2850	0.0952	0.2627	0.1029
COG1410	0.0000	0.0291	0.0151	0.0054	0.0063	0.0141	0.0101	0.0359	0.0120	0.0104	0.0036
COG1411	0.0250	0.8300	0.0627	0.9946	0.0025	0.9818	0.0092	0.0914	0.0500	0.0641	0.0308
COG1412	0.0850	0.9972	0.0010	1.0000	0.0000	0.9999	0.0000	0.9994	0.0002	0.8470	0.0289
COG1413	0.0000	0.9827	0.0034	0.9960	0.0020	0.9698	0.0124	0.8942	0.0397	0.7745	0.0869
COG1414	0.0000	0.0189	0.0087	0.0025	0.0016	0.0023	0.0010	0.0038	0.0012	0.0033	0.0008
COG1415	0.0100	0.9787	0.0070	0.9999	0.0000	0.5527	0.1232	0.7803	0.0918	0.7976	0.0829
COG1416	0.0000	0.0620	0.0196	0.0162	0.0055	0.0178	0.0062	0.0193	0.0057	0.0230	0.0090
COG1417	0.0000	0.1208	0.0703	0.0724	0.0425	0.0565	0.0232	0.0681	0.0337	0.0723	0.0381
COG1418	0.0050	0.9693	0.0102	0.9999	0.0000	0.2328	0.0747	0.3569	0.1018	0.4677	0.0978
COG1419	0.0000	0.0012	0.0005	0.0005	0.0002	0.0014	0.0007	0.0018	0.0009	0.0024	0.0014
COG1420	0.0000	0.0002	0.0002	0.0000	0.0000	0.0001	0.0000	0.0003	0.0002	0.0009	0.0006
COG1421	0.0000	0.0626	0.0283	0.0209	0.0176	0.0172	0.0120	0.0113	0.0082	0.0115	0.0071
COG1422	0.5100	0.9914	0.0105	0.9997	0.0004	0.9981	0.0025	0.9939	0.0081	0.9891	0.0111
COG1423	0.0000	0.6958	0.1217	0.2131	0.0676	0.1751	0.0604	0.2223	0.0897	0.3095	0.1280
COG1424	0.0000	0.0046	0.0027	0.0015	0.0008	0.0049	0.0029	0.0068	0.0042	0.0048	0.0028
COG1426	0.0000	0.0004	0.0003	0.0001	0.0001	0.0004	0.0003	0.0012	0.0008	0.0021	0.0014
COG1427	0.0000	0.1335	0.0389	0.0182	0.0120	0.1161	0.0352	0.1899	0.0471	0.2393	0.0837
COG1428	0.0000	0.0023	0.0014	0.0003	0.0002	0.0011	0.0004	0.0027	0.0012	0.0042	0.0017
COG1429	0.0000	0.6260	0.1578	0.2546	0.1315	0.0990	0.0521	0.0917	0.0319	0.0611	0.0231
COG1430	0.0000	0.2005	0.1403	0.0253	0.0371	0.0673	0.0551	0.1855	0.0867	0.2566	0.1328
COG1431	0.0000	0.1880	0.0324	0.0528	0.0230	0.0614	0.0131	0.0332	0.0066	0.0247	0.0072
COG1432	0.0000	0.9949	0.0020	0.9993	0.0003	0.9918	0.0038	0.9694	0.0098	0.9489	0.0172
COG1433	0.0000	0.9278	0.0182	0.6572	0.0914	0.5986	0.0709	0.5731	0.0653	0.6532	0.0463
COG1434	0.0000	0.0027	0.0012	0.0003	0.0002	0.0018	0.0007	0.0032	0.0009	0.0052	0.0016
COG1435	0.0000	0.0029	0.0027	0.0002	0.0002	0.0014	0.0011	0.0046	0.0030	0.0082	0.0060
COG1436	0.0900	0.9880	0.0047	0.9999	0.0000	0.9989	0.0005	0.9944	0.0021	0.7163	0.0910
COG1437	0.0150	0.9882	0.0033	1.0000	0.0000	0.9992	0.0003	0.3097	0.0794	0.4035	0.1228
COG1438	0.0000	0.0023	0.0014	0.0008	0.0005	0.0009	0.0006	0.0010	0.0006	0.0015	0.0006
COG1439	0.4350	0.9989	0.0004	1.0000	0.0000	0.9997	0.0001	0.9987	0.0005	0.9920	0.0037
COG1440	0.0000	0.0010	0.0004	0.0002	0.0001	0.0007	0.0004	0.0014	0.0007	0.0024	0.0011
COG1441	0.0000	0.0002	0.0001	0.0001	0.0001	0.0001	0.0001	0.0002	0.0001	0.0003	0.0001
COG1442	0.0000	0.0011	0.0004	0.0002	0.0001	0.0007	0.0004	0.0014	0.0006	0.0026	0.0010
COG1443	0.0000	0.0325	0.0159	0.0039	0.0033	0.0112	0.0057	0.0321	0.0153	0.0427	0.0191
COG1444	0.0000	0.7350	0.1263	0.4840	0.1410	0.4675	0.1267	0.4503	0.1036	0.4444	0.0824
COG1445	0.0000	0.0025	0.0017	0.0004	0.0004	0.0012	0.0008	0.0023	0.0012	0.0024	0.0011
COG1446	0.0200	0.6868	0.1009	0.9932	0.0049	0.9558	0.0135	0.0636	0.0263	0.0596	0.0223
COG1447	0.0000	0.0007	0.0003	0.0001	0.0001	0.0005	0.0003	0.0011	0.0005	0.0016	0.0006
COG1448	0.0000	0.0002	0.0003	0.0000	0.0001	0.0001	0.0001	0.0005	0.0006	0.0008	0.0006
COG1449	0.0000	0.2746	0.0918	0.0293	0.0166	0.1267	0.0365	0.1971	0.0817	0.2154	0.0917
COG1450	0.0000	0.1271	0.0686	0.3944	0.1349	0.2551	0.1022	0.1627	0.0864	0.1109	0.0560
COG1451	0.0000	0.3117	0.1540	0.0454	0.0514	0.0979	0.0627	0.1577	0.0683	0.2556	0.0789
COG1452	0.0000	0.0001	0.0000	0.0000	0.0000	0.0001	0.0001	0.0002	0.0001	0.0003	0.0002
COG1453	0.0000	0.1256	0.0571	0.0224	0.0083	0.0232	0.0122	0.0634	0.0279	0.1021	0.0548
COG1454	0.0100	0.9636	0.0212	0.9997	0.0002	0.3737	0.1033	0.3467	0.0664	0.2389	0.0723
COG1455	0.0000	0.0004	0.0002	0.0001	0.0001	0.0004	0.0003	0.0006	0.0004	0.0011	0.0007
COG1456	0.0000	0.7093	0.0993	0.2026	0.0759	0.2400	0.1030	0.3775	0.1167	0.0839	0.0781
COG1457	0.0100	0.4283	0.0981	0.9879	0.0043	0.0351	0.0202	0.0676	0.0305	0.0517	0.0150
COG1458	0.0000	0.5266	0.1546	0.1102	0.0317	0.1225	0.0430	0.1548	0.0871	0.2097	0.1199
COG1459	0.0000	0.1853	0.1175	0.4805	0.2237	0.3874	0.1648	0.2532	0.1063	0.1641	0.0591
COG1460	0.0100	0.9953	0.0020	1.0000	0.0000	0.6531	0.0941	0.8005	0.0748	0.8734	0.0395
COG1461	0.0000	0.0046	0.0031	0.0006	0.0004	0.0022	0.0011	0.0052	0.0024	0.0062	0.0026
COG1462	0.0000	0.0013	0.0006	0.0003	0.0001	0.0008	0.0003	0.0013	0.0005	0.0012	0.0004
COG1463	0.0000	0.0003	0.0001	0.0001	0.0000	0.0003	0.0001	0.0010	0.0004	0.0014	0.0006
COG1464	0.0000	0.0001	0.0001	0.0000	0.0000	0.0001	0.0001	0.0002	0.0002	0.0005	0.0004
COG1465	0.5750	0.9887	0.0052	0.9991	0.0004	0.9962	0.0027	0.9910	0.0052	0.9746	0.0180
COG1466	0.0000	0.0006	0.0005	0.0000	0.0000	0.0001	0.0001	0.0008	0.0007	0.0022	0.0019
COG1467	0.0050	0.9979	0.0004	1.0000	0.0000	0.7871	0.0570	0.8395	0.0555	0.8688	0.0466
COG1468	0.0000	0.9829	0.0095	0.8806	0.0808	0.9050	0.0593	0.7044	0.0605	0.7310	0.0552
COG1469	0.0000	0.9272	0.0259	0.5592	0.0864	0.6298	0.0676	0.8206	0.0638	0.7318	0.1208
COG1470	0.2450	0.8030	0.1004	0.9945	0.0048	0.9828	0.0121	0.9529	0.0306	0.8762	0.0570
COG1471	0.0000	0.9280	0.0289	0.3136	0.1299	0.7945	0.0720	0.9262	0.0279	0.9704	0.0113
COG1472	0.0000	0.0148	0.0074	0.0012	0.0007	0.0030	0.0021	0.0057	0.0033	0.0104	0.0063
COG1473	0.0000	0.2503	0.1399	0.0481	0.0528	0.0411	0.0447	0.0354	0.0206	0.0273	0.0100
COG1474	0.0000	0.9807	0.0131	0.7422	0.1614	0.8888	0.0668	0.9364	0.0379	0.9651	0.0198
COG1475	0.0000	0.8350	0.0503	0.3625	0.0996	0.3679	0.0786	0.5218	0.0773	0.5109	0.0704
COG1476	0.0050	0.7930	0.0544	0.9985	0.0007	0.0388	0.0183	0.0783	0.0176	0.1197	0.0261
COG1477	0.0000	0.0079	0.0024	0.0009	0.0005	0.0020	0.0009	0.0072	0.0033	0.0098	0.0037
COG1478	0.1450	0.9970	0.0028	1.0000	0.0000	0.9995	0.0005	0.9983	0.0017	0.9769	0.0168
COG1479	0.0000	0.2136	0.0282	0.0246	0.0083	0.0480	0.0091	0.0495	0.0084	0.0618	0.0097
COG1480	0.0000	0.0014	0.0015	0.0004	0.0005	0.0004	0.0005	0.0006	0.0006	0.0006	0.0005
COG1481	0.0000	0.0036	0.0051	0.0007	0.0009	0.0020	0.0029	0.0045	0.0059	0.0068	0.0079
COG1482	0.0000	0.0128	0.0075	0.0024	0.0015	0.0052	0.0022	0.0195	0.0056	0.0317	0.0083
COG1483	0.0000	0.3098	0.0738	0.0585	0.0266	0.0544	0.0155	0.0603	0.0217	0.0595	0.0275
COG1484	0.0000	0.0118	0.0060	0.0009	0.0004	0.0040	0.0018	0.0066	0.0029	0.0094	0.0048
COG1485	0.0000	0.0078	0.0130	0.0032	0.0052	0.0054	0.0090	0.0053	0.0086	0.0053	0.0068
COG1486	0.0000	0.0243	0.0068	0.0037	0.0015	0.0074	0.0022	0.0130	0.0037	0.0122	0.0026
COG1487	0.1600	0.9701	0.0099	0.9996	0.0002	0.9941	0.0016	0.9367	0.0222	0.7549	0.0817
COG1488	0.0100	0.9917	0.0035	0.9999	0.0000	0.9989	0.0005	0.9972	0.0014	0.9911	0.0037
COG1489	0.0050	0.9011	0.0452	0.9985	0.0009	0.2119	0.0672	0.3412	0.0699	0.4098	0.0902
COG1490	0.0000	0.0091	0.0060	0.0008	0.0004	0.0020	0.0012	0.0050	0.0025	0.0063	0.0033
COG1491	0.0050	0.9935	0.0025	1.0000	0.0000	0.5957	0.0953	0.8137	0.0576	0.9219	0.0248
COG1492	0.0050	0.9514	0.0128	0.9983	0.0008	0.2108	0.0646	0.2932	0.0681	0.0990	0.0565
COG1493	0.0000	0.0015	0.0009	0.0002	0.0002	0.0009	0.0006	0.0014	0.0008	0.0022	0.0014
COG1494	0.0000	0.0022	0.0011	0.0002	0.0001	0.0012	0.0006	0.0029	0.0016	0.0104	0.0055
COG1495	0.0000	0.0009	0.0008	0.0001	0.0002	0.0006	0.0005	0.0016	0.0013	0.0038	0.0026
COG1496	0.0000	0.0008	0.0007	0.0001	0.0001	0.0003	0.0002	0.0006	0.0006	0.0013	0.0015
COG1497	0.0050	0.8256	0.0872	0.9946	0.0041	0.1036	0.0677	0.1317	0.0587	0.1441	0.0687
COG1498	0.0550	0.9938	0.0024	1.0000	0.0000	0.9999	0.0000	0.9996	0.0002	0.8158	0.0689
COG1499	0.0350	0.9916	0.0045	1.0000	0.0000	0.9996	0.0004	0.7174	0.1128	0.8629	0.0968
COG1500	0.0050	0.9965	0.0015	1.0000	0.0000	0.7061	0.0689	0.8622	0.0366	0.9310	0.0178
COG1501	0.0000	0.0216	0.0129	0.0015	0.0007	0.0042	0.0021	0.0101	0.0042	0.0124	0.0046
COG1502	0.0000	0.2512	0.0522	0.0191	0.0110	0.0905	0.0325	0.2238	0.0508	0.3609	0.0580
COG1503	0.0000	0.9704	0.0180	0.7190	0.1295	0.8819	0.0578	0.9028	0.0410	0.9343	0.0204
COG1504	0.0000	0.3105	0.0728	0.0389	0.0131	0.1835	0.0595	0.3409	0.0776	0.4774	0.1065
COG1505	0.0000	0.0240	0.0153	0.0045	0.0024	0.0081	0.0040	0.0096	0.0037	0.0155	0.0062
COG1506	0.0050	0.7076	0.0759	0.9952	0.0022	0.0688	0.0301	0.0569	0.0140	0.0694	0.0187
COG1507	0.0000	0.0015	0.0012	0.0006	0.0006	0.0009	0.0008	0.0009	0.0009	0.0011	0.0008
COG1508	0.0000	0.0151	0.0054	0.0023	0.0014	0.0053	0.0019	0.0102	0.0031	0.0165	0.0043
COG1509	0.0000	0.1106	0.0513	0.0151	0.0092	0.0524	0.0250	0.0946	0.0333	0.1567	0.0479
COG1510	0.2350	0.9242	0.0401	0.9983	0.0011	0.9934	0.0027	0.9837	0.0074	0.9675	0.0157
COG1511	0.0000	0.0152	0.0038	0.0038	0.0017	0.0085	0.0021	0.0079	0.0027	0.0121	0.0042
COG1512	0.0000	0.0078	0.0022	0.0009	0.0003	0.0036	0.0013	0.0065	0.0024	0.0097	0.0034
COG1513	0.0000	0.1158	0.0362	0.0263	0.0116	0.0272	0.0160	0.0364	0.0208	0.0438	0.0265
COG1514	0.1500	0.9980	0.0006	1.0000	0.0000	0.9999	0.0000	0.9992	0.0003	0.9977	0.0009
COG1515	0.0000	0.9440	0.0198	0.6533	0.1106	0.7551	0.0728	0.7836	0.0506	0.7760	0.0677
COG1516	0.0000	0.0016	0.0006	0.0004	0.0002	0.0010	0.0005	0.0014	0.0006	0.0017	0.0007
COG1517	0.0000	0.2204	0.0839	0.0657	0.0302	0.0413	0.0205	0.0437	0.0300	0.0360	0.0239
COG1518	0.0200	0.9955	0.0015	1.0000	0.0000	0.9994	0.0003	0.2794	0.0887	0.2440	0.0639
COG1519	0.0000	0.0004	0.0002	0.0001	0.0001	0.0003	0.0001	0.0005	0.0002	0.0010	0.0003
COG1520	0.1700	0.9495	0.0192	0.9987	0.0007	0.9931	0.0032	0.9814	0.0072	0.9501	0.0146
COG1521	0.0000	0.0017	0.0012	0.0002	0.0002	0.0008	0.0006	0.0016	0.0011	0.0024	0.0017
COG1522	0.0050	0.9996	0.0004	1.0000	0.0000	0.9830	0.0144	0.9912	0.0062	0.9905	0.0055
COG1523	0.0000	0.0086	0.0068	0.0008	0.0007	0.0039	0.0022	0.0050	0.0033	0.0077	0.0054
COG1524	0.0000	0.3033	0.1265	0.0761	0.0459	0.1244	0.0642	0.1658	0.0637	0.1952	0.0733
COG1525	0.0050	0.6672	0.0748	0.9946	0.0018	0.9886	0.0022	0.9699	0.0044	0.9490	0.0072
COG1526	0.1050	0.8981	0.0482	0.9973	0.0018	0.9876	0.0076	0.9510	0.0223	0.7924	0.0927
COG1527	0.0000	0.9647	0.0123	0.7543	0.0943	0.9072	0.0387	0.9344	0.0213	0.8338	0.0638
COG1528	0.0000	0.1005	0.0383	0.0138	0.0066	0.0527	0.0296	0.0574	0.0313	0.0798	0.0416
COG1529	0.0050	0.0875	0.0537	0.6611	0.1866	0.0041	0.0018	0.0133	0.0061	0.0201	0.0100
COG1530	0.0000	0.9524	0.0210	0.8430	0.0711	0.6977	0.0722	0.6838	0.0821	0.5897	0.0959
COG1531	0.0000	0.7445	0.0839	0.3688	0.0816	0.5460	0.1252	0.6765	0.1110	0.7215	0.0975
COG1532	0.0000	0.3056	0.1054	0.0441	0.0163	0.0643	0.0231	0.1564	0.0547	0.0579	0.0363
COG1533	0.0700	0.9932	0.0028	1.0000	0.0000	0.9992	0.0004	0.9956	0.0019	0.6729	0.0877
COG1534	0.0000	0.6536	0.0646	0.1227	0.0500	0.2678	0.0497	0.3395	0.0823	0.5145	0.1025
COG1535	0.0000	0.0101	0.0055	0.0029	0.0017	0.0036	0.0022	0.0041	0.0025	0.0034	0.0019
COG1536	0.0000	0.1662	0.0480	0.3519	0.0970	0.2331	0.0630	0.1769	0.0602	0.1081	0.0439
COG1537	0.0950	0.9962	0.0009	1.0000	0.0000	0.9998	0.0001	0.9991	0.0004	0.8323	0.0725
COG1538	0.0000	0.0028	0.0029	0.0009	0.0011	0.0021	0.0019	0.0044	0.0039	0.0052	0.0043
COG1539	0.0000	0.0006	0.0004	0.0001	0.0000	0.0006	0.0003	0.0024	0.0010	0.0044	0.0016
COG1540	0.0000	0.0080	0.0067	0.0008	0.0007	0.0018	0.0016	0.0021	0.0019	0.0034	0.0033
COG1541	0.0000	0.6061	0.0928	0.1614	0.0842	0.1699	0.0558	0.1670	0.0537	0.2169	0.0402
COG1542	0.0000	0.0436	0.0167	0.0159	0.0072	0.0338	0.0105	0.0357	0.0103	0.0434	0.0095
COG1543	0.0000	0.0079	0.0052	0.0010	0.0006	0.0024	0.0012	0.0037	0.0020	0.0046	0.0029
COG1544	0.0000	0.2642	0.1078	0.5985	0.1756	0.4248	0.1349	0.2248	0.0810	0.1169	0.0685
COG1545	0.2650	0.9990	0.0005	1.0000	0.0000	0.9997	0.0001	0.9991	0.0003	0.9954	0.0011
COG1546	0.0000	0.0104	0.0058	0.0010	0.0006	0.0051	0.0024	0.0168	0.0075	0.0234	0.0072
COG1547	0.0000	0.0129	0.0094	0.0028	0.0027	0.0044	0.0031	0.0057	0.0039	0.0077	0.0056
COG1548	0.0000	0.4345	0.1732	0.2446	0.1202	0.3421	0.1553	0.0397	0.0380	0.0305	0.0245
COG1549	0.4350	0.9949	0.0027	0.9997	0.0003	0.9961	0.0024	0.9875	0.0073	0.9713	0.0180
COG1550	0.0000	0.0059	0.0044	0.0014	0.0009	0.0017	0.0010	0.0017	0.0009	0.0020	0.0009
COG1551	0.0000	0.0008	0.0006	0.0002	0.0001	0.0007	0.0004	0.0010	0.0005	0.0014	0.0007
COG1552	0.0000	0.7271	0.0735	0.2066	0.0633	0.4140	0.1097	0.5556	0.1061	0.6461	0.0814
COG1553	0.0100	0.7417	0.0893	0.9956	0.0024	0.1147	0.0388	0.0583	0.0250	0.0419	0.0182
COG1554	0.0000	0.0054	0.0026	0.0009	0.0004	0.0019	0.0007	0.0051	0.0013	0.0097	0.0025
COG1555	0.0000	0.0076	0.0018	0.0009	0.0003	0.0035	0.0012	0.0071	0.0025	0.0119	0.0047
COG1556	0.0000	0.0345	0.0162	0.0069	0.0026	0.0018	0.0010	0.0034	0.0012	0.0055	0.0023
COG1558	0.0000	0.0003	0.0001	0.0001	0.0000	0.0002	0.0001	0.0003	0.0002	0.0004	0.0003
COG1559	0.0000	0.0004	0.0003	0.0000	0.0000	0.0002	0.0001	0.0006	0.0003	0.0011	0.0005
COG1560	0.0000	0.0003	0.0002	0.0001	0.0001	0.0002	0.0001	0.0004	0.0002	0.0004	0.0002
COG1561	0.0000	0.0017	0.0012	0.0003	0.0003	0.0015	0.0015	0.0026	0.0019	0.0029	0.0021
COG1562	0.0000	0.0547	0.0347	0.0151	0.0076	0.0121	0.0058	0.0139	0.0076	0.0322	0.0184
COG1563	0.0050	0.7534	0.1135	0.9969	0.0024	0.2824	0.1101	0.1811	0.1029	0.3109	0.1121
COG1564	0.0000	0.0020	0.0024	0.0003	0.0002	0.0012	0.0008	0.0024	0.0014	0.0084	0.0053
COG1565	0.0000	0.2955	0.1069	0.4621	0.1563	0.1786	0.1054	0.1940	0.0901	0.2029	0.0684
COG1566	0.0000	0.0015	0.0007	0.0003	0.0003	0.0004	0.0002	0.0007	0.0003	0.0009	0.0005
COG1567	0.0000	0.1078	0.0469	0.0408	0.0299	0.0267	0.0209	0.0163	0.0141	0.0148	0.0116
COG1568	0.0000	0.5884	0.1279	0.1838	0.0745	0.3180	0.0818	0.3077	0.0778	0.2599	0.0855
COG1569	0.0000	0.1295	0.0636	0.0178	0.0111	0.0615	0.0359	0.0473	0.0230	0.0292	0.0127
COG1570	0.0000	0.0310	0.0126	0.0026	0.0014	0.0104	0.0037	0.0295	0.0090	0.0676	0.0149
COG1571	0.0050	0.9990	0.0004	1.0000	0.0000	0.9677	0.0191	0.9648	0.0171	0.9422	0.0245
COG1572	0.0500	0.7850	0.0484	0.9963	0.0016	0.9807	0.0062	0.9417	0.0143	0.1359	0.0244
COG1573	0.0200	0.9672	0.0122	0.9997	0.0003	0.9981	0.0010	0.5582	0.0546	0.7173	0.0670
COG1574	0.0000	0.3061	0.0985	0.0865	0.0456	0.0944	0.0503	0.0747	0.0231	0.0722	0.0244
COG1575	0.0000	0.1303	0.0519	0.0240	0.0152	0.0324	0.0136	0.0694	0.0304	0.0582	0.0255
COG1576	0.0000	0.0115	0.0060	0.0008	0.0005	0.0129	0.0048	0.0381	0.0142	0.1198	0.0576
COG1577	0.2950	0.9935	0.0025	0.9999	0.0001	0.9996	0.0002	0.9983	0.0011	0.9967	0.0018
COG1578	0.0000	0.9542	0.0184	0.7710	0.0729	0.8371	0.0708	0.8165	0.0847	0.7596	0.1051
COG1579	0.0050	0.0230	0.0042	0.6171	0.1286	0.0020	0.0012	0.0032	0.0018	0.0061	0.0030
COG1580	0.0000	0.0018	0.0008	0.0004	0.0002	0.0006	0.0002	0.0012	0.0003	0.0008	0.0003
COG1581	0.0300	0.9799	0.0115	1.0000	0.0001	0.9998	0.0002	0.6348	0.0653	0.7197	0.0416
COG1582	0.0000	0.0019	0.0011	0.0003	0.0002	0.0011	0.0008	0.0023	0.0017	0.0026	0.0015
COG1583	0.0000	0.7866	0.0877	0.4319	0.1316	0.6293	0.1036	0.3295	0.0698	0.2859	0.0580
COG1584	0.0000	0.1109	0.0338	0.0161	0.0060	0.0264	0.0069	0.0786	0.0181	0.1752	0.0406
COG1585	0.0100	0.6723	0.1117	0.9920	0.0033	0.0690	0.0360	0.0930	0.0432	0.1089	0.0532
COG1586	0.0000	0.6323	0.1286	0.2872	0.0921	0.5921	0.1199	0.6369	0.1089	0.6563	0.0784
COG1587	0.0000	0.3476	0.1250	0.1144	0.0659	0.2800	0.1193	0.3383	0.1433	0.3176	0.1089
COG1588	0.0100	0.9943	0.0043	1.0000	0.0000	0.6673	0.1368	0.8630	0.0654	0.9184	0.0415
COG1589	0.0000	0.0005	0.0004	0.0000	0.0000	0.0005	0.0005	0.0011	0.0009	0.0018	0.0013
COG1590	0.0000	0.1456	0.0686	0.0449	0.0329	0.2581	0.1032	0.3669	0.1185	0.5415	0.1120
COG1591	0.0150	0.8763	0.0439	0.9995	0.0005	0.9963	0.0026	0.4066	0.0798	0.5207	0.0790
COG1592	0.0050	0.9891	0.0045	1.0000	0.0000	0.4120	0.0555	0.4830	0.0608	0.5294	0.0851
COG1593	0.0000	0.0059	0.0033	0.0008	0.0006	0.0024	0.0011	0.0055	0.0018	0.0058	0.0017
COG1594	0.0050	0.9940	0.0043	1.0000	0.0000	0.6485	0.1846	0.7350	0.1252	0.8019	0.0862
COG1595	0.0000	0.0039	0.0020	0.0002	0.0003	0.0009	0.0005	0.0035	0.0014	0.0079	0.0026
COG1596	0.0000	0.0050	0.0014	0.0009	0.0005	0.0030	0.0009	0.0031	0.0008	0.0037	0.0015
COG1597	0.0000	0.0162	0.0073	0.0009	0.0006	0.0047	0.0023	0.0133	0.0062	0.0280	0.0173
COG1598	0.0050	0.9444	0.0234	0.9996	0.0002	0.9951	0.0025	0.9678	0.0100	0.8562	0.0325
COG1599	0.0050	0.9980	0.0007	1.0000	0.0000	0.7562	0.0633	0.8873	0.0268	0.9440	0.0122
COG1600	0.0000	0.6702	0.0550	0.2737	0.1502	0.1739	0.0883	0.1403	0.0640	0.0710	0.0315
COG1601	0.1600	0.9947	0.0015	1.0000	0.0000	0.9997	0.0001	0.9991	0.0002	0.9982	0.0005
COG1602	0.1550	0.9981	0.0007	1.0000	0.0000	0.9999	0.0000	0.9997	0.0001	0.9992	0.0003
COG1603	0.0000	0.7026	0.1109	0.1873	0.1529	0.3226	0.1616	0.3291	0.1103	0.4608	0.1369
COG1604	0.0100	0.3776	0.0814	0.9333	0.0212	0.0338	0.0142	0.0177	0.0129	0.0142	0.0101
COG1605	0.0300	0.6332	0.0903	0.9891	0.0071	0.9215	0.0450	0.0574	0.0287	0.0835	0.0308
COG1606	0.4150	0.9989	0.0005	1.0000	0.0000	0.9998	0.0001	0.9991	0.0004	0.9969	0.0011
COG1607	0.0000	0.0190	0.0125	0.0029	0.0022	0.0045	0.0025	0.0091	0.0043	0.0091	0.0065
COG1608	0.0200	0.9978	0.0007	1.0000	0.0000	0.9999	0.0000	0.9997	0.0002	0.9987	0.0006
COG1609	0.0000	0.0022	0.0011	0.0004	0.0002	0.0007	0.0004	0.0025	0.0012	0.0047	0.0017
COG1610	0.0000	0.0011	0.0011	0.0001	0.0001	0.0004	0.0004	0.0006	0.0005	0.0009	0.0006
COG1611	0.0050	0.9184	0.0370	0.9986	0.0013	0.1252	0.0607	0.1485	0.0559	0.1351	0.0335
COG1612	0.0000	0.0002	0.0003	0.0001	0.0001	0.0004	0.0004	0.0008	0.0008	0.0012	0.0008
COG1613	0.0000	0.0009	0.0005	0.0001	0.0001	0.0004	0.0002	0.0007	0.0005	0.0008	0.0004
COG1614	0.0000	0.6806	0.1202	0.2073	0.0705	0.2020	0.0843	0.3708	0.1147	0.0951	0.0704
COG1615	0.0000	0.1071	0.0319	0.0214	0.0104	0.0341	0.0138	0.0308	0.0128	0.0263	0.0133
COG1617	0.0300	0.9904	0.0065	0.9999	0.0001	0.9994	0.0005	0.7572	0.0696	0.7348	0.0879
COG1618	0.0000	0.8602	0.0311	0.3852	0.0839	0.6953	0.0556	0.8354	0.0488	0.8406	0.0839
COG1619	0.0000	0.0096	0.0057	0.0009	0.0006	0.0028	0.0017	0.0058	0.0028	0.0125	0.0058
COG1620	0.0000	0.0410	0.0138	0.0071	0.0036	0.0173	0.0060	0.0138	0.0050	0.0172	0.0073
COG1621	0.0000	0.0231	0.0039	0.0025	0.0015	0.0053	0.0021	0.0114	0.0039	0.0142	0.0052
COG1622	0.0000	0.0068	0.0053	0.0009	0.0010	0.0042	0.0027	0.0104	0.0054	0.0131	0.0060
COG1623	0.0000	0.0006	0.0006	0.0001	0.0001	0.0002	0.0002	0.0005	0.0005	0.0013	0.0013
COG1624	0.2150	0.8896	0.1087	0.9981	0.0022	0.9837	0.0147	0.9700	0.0215	0.9092	0.0537
COG1625	0.0000	0.0313	0.0203	0.0049	0.0042	0.0060	0.0067	0.0095	0.0119	0.0067	0.0086
COG1626	0.0000	0.0081	0.0047	0.0012	0.0009	0.0028	0.0017	0.0072	0.0038	0.0116	0.0062
COG1627	0.0000	0.0400	0.0362	0.0648	0.1195	0.0274	0.0280	0.0145	0.0161	0.0087	0.0103
COG1628	0.0550	0.9992	0.0004	1.0000	0.0000	1.0000	0.0000	0.9998	0.0001	0.9057	0.0255
COG1629	0.0000	0.0098	0.0019	0.0021	0.0006	0.0106	0.0027	0.0175	0.0044	0.0226	0.0067
COG1630	0.0000	0.8433	0.0687	0.5066	0.1142	0.5991	0.1045	0.4585	0.1131	0.3415	0.1143
COG1631	0.0050	0.9931	0.0022	1.0000	0.0000	0.5497	0.0835	0.8086	0.0506	0.8966	0.0254
COG1632	0.1200	0.9940	0.0020	1.0000	0.0000	0.9999	0.0000	0.9995	0.0001	0.9991	0.0003
COG1633	0.0000	0.6553	0.0821	0.2342	0.1011	0.3952	0.0755	0.3269	0.0630	0.4223	0.0800
COG1634	0.0000	0.9068	0.0312	0.5550	0.1439	0.6208	0.0827	0.7153	0.0455	0.7575	0.0881
COG1635	0.0400	0.9857	0.0124	0.9998	0.0001	0.9991	0.0006	0.8299	0.0614	0.7886	0.0875
COG1636	0.0000	0.0098	0.0060	0.0012	0.0012	0.0068	0.0040	0.0259	0.0120	0.0322	0.0164
COG1637	0.1050	0.9451	0.0126	0.9995	0.0003	0.9967	0.0015	0.9793	0.0080	0.9310	0.0273
COG1638	0.0000	0.0073	0.0025	0.0011	0.0007	0.0023	0.0007	0.0045	0.0009	0.0064	0.0013
COG1639	0.0000	0.1598	0.0601	0.3351	0.1258	0.2353	0.0922	0.1429	0.0413	0.0796	0.0234
COG1640	0.0000	0.0222	0.0102	0.0016	0.0010	0.0112	0.0087	0.0216	0.0167	0.0233	0.0212
COG1641	0.4250	0.9984	0.0008	1.0000	0.0000	0.9994	0.0004	0.9967	0.0024	0.9863	0.0090
COG1643	0.0000	0.0013	0.0008	0.0002	0.0001	0.0014	0.0005	0.0024	0.0010	0.0044	0.0023
COG1644	0.3000	0.9938	0.0013	1.0000	0.0000	0.9998	0.0000	0.9993	0.0002	0.9987	0.0004
COG1645	0.0100	0.9899	0.0033	1.0000	0.0000	0.7153	0.1199	0.6302	0.1274	0.4963	0.1573
COG1646	0.0000	0.9623	0.0223	0.8018	0.1307	0.9383	0.0381	0.9448	0.0379	0.9442	0.0440
COG1647	0.0000	0.0133	0.0170	0.0011	0.0010	0.0035	0.0027	0.0065	0.0045	0.0081	0.0066
COG1648	0.0000	0.7612	0.0474	0.4214	0.1042	0.3501	0.1180	0.4722	0.1136	0.3708	0.1076
COG1649	0.0000	0.0177	0.0036	0.0024	0.0004	0.0075	0.0021	0.0126	0.0037	0.0125	0.0031
COG1650	0.1600	0.9786	0.0091	0.9999	0.0001	0.9994	0.0002	0.9971	0.0008	0.9947	0.0015
COG1651	0.0000	0.0215	0.0156	0.0029	0.0039	0.0167	0.0168	0.0371	0.0206	0.0509	0.0248
COG1652	0.0000	0.0084	0.0041	0.0011	0.0010	0.0030	0.0014	0.0054	0.0014	0.0112	0.0032
COG1653	0.0000	0.0384	0.0153	0.0087	0.0054	0.0046	0.0023	0.0142	0.0049	0.0246	0.0105
COG1654	0.0000	0.0000	0.0000	0.0000	0.0000	0.0000	0.0000	0.0000	0.0000	0.0000	0.0000
COG1655	0.0000	0.0055	0.0024	0.0012	0.0006	0.0036	0.0014	0.0048	0.0009	0.0078	0.0020
COG1656	0.0000	0.9450	0.0206	0.6208	0.1075	0.9031	0.0380	0.9196	0.0396	0.8903	0.0610
COG1657	0.0050	0.3215	0.0728	0.9750	0.0123	0.0215	0.0103	0.0221	0.0069	0.0313	0.0069
COG1658	0.7050	0.9880	0.0040	0.9993	0.0003	0.9981	0.0009	0.9956	0.0027	0.9928	0.0048
COG1659	0.0000	0.0098	0.0057	0.0018	0.0008	0.0046	0.0017	0.0060	0.0031	0.0062	0.0029
COG1660	0.0000	0.0001	0.0001	0.0000	0.0000	0.0001	0.0001	0.0003	0.0002	0.0005	0.0002
COG1661	0.0000	0.6903	0.0688	0.1371	0.0676	0.3084	0.0875	0.4180	0.0836	0.4186	0.0835
COG1662	0.0000	0.0056	0.0014	0.0011	0.0004	0.0021	0.0005	0.0026	0.0007	0.0035	0.0012
COG1663	0.0000	0.0002	0.0002	0.0000	0.0000	0.0001	0.0001	0.0003	0.0002	0.0004	0.0003
COG1664	0.0000	0.0035	0.0012	0.0005	0.0003	0.0013	0.0006	0.0032	0.0011	0.0061	0.0021
COG1665	0.1300	0.9555	0.0364	0.9992	0.0010	0.9950	0.0053	0.9212	0.0607	0.7884	0.1528
COG1666	0.0000	0.0001	0.0001	0.0000	0.0000	0.0000	0.0000	0.0001	0.0000	0.0002	0.0001
COG1667	0.0000	0.0295	0.0185	0.0454	0.0569	0.0195	0.0114	0.0128	0.0068	0.0100	0.0048
COG1668	0.0050	0.9796	0.0070	1.0000	0.0000	0.7741	0.0581	0.6432	0.0772	0.5396	0.1222
COG1669	0.0400	0.9814	0.0070	0.9999	0.0000	0.9971	0.0006	0.1653	0.0234	0.1000	0.0091
COG1670	0.0000	0.1179	0.0553	0.0101	0.0084	0.0286	0.0138	0.0461	0.0161	0.0747	0.0305
COG1671	0.0000	0.4431	0.1026	0.8811	0.0568	0.5164	0.1085	0.3021	0.0963	0.1971	0.0811
COG1672	0.0000	0.8032	0.0347	0.4989	0.0673	0.4931	0.0493	0.5003	0.0346	0.3853	0.0340
COG1673	0.0000	0.4113	0.0602	0.1251	0.0451	0.1409	0.0294	0.1893	0.0296	0.1709	0.0384
COG1674	0.0000	0.0004	0.0001	0.0000	0.0000	0.0001	0.0001	0.0006	0.0003	0.0019	0.0008
COG1675	0.0150	0.9927	0.0024	1.0000	0.0000	0.9995	0.0003	0.4465	0.1410	0.4750	0.1489
COG1676	0.0200	0.9976	0.0011	1.0000	0.0000	0.9999	0.0000	0.8716	0.0558	0.9294	0.0266
COG1677	0.0000	0.0003	0.0002	0.0001	0.0001	0.0002	0.0001	0.0004	0.0002	0.0004	0.0002
COG1678	0.0000	0.0011	0.0006	0.0002	0.0002	0.0008	0.0004	0.0017	0.0009	0.0027	0.0015
COG1679	0.7250	0.9990	0.0004	1.0000	0.0000	0.9998	0.0001	0.9993	0.0004	0.9975	0.0008
COG1680	0.0000	0.1105	0.0541	0.0167	0.0130	0.0238	0.0129	0.0308	0.0107	0.0390	0.0055
COG1681	0.0700	0.9792	0.0174	0.9996	0.0004	0.9988	0.0009	0.9967	0.0035	0.7544	0.1294
COG1682	0.0200	0.1532	0.0346	0.9600	0.0226	0.8626	0.0673	0.0077	0.0025	0.0077	0.0022
COG1683	0.0000	0.1942	0.0339	0.0261	0.0127	0.0638	0.0217	0.0608	0.0213	0.0739	0.0231
COG1684	0.0000	0.0003	0.0002	0.0001	0.0001	0.0002	0.0002	0.0005	0.0002	0.0007	0.0004
COG1685	0.5050	0.9852	0.0074	0.9990	0.0008	0.9945	0.0053	0.9938	0.0039	0.9869	0.0077
COG1686	0.0000	0.0000	0.0000	0.0000	0.0000	0.0000	0.0000	0.0001	0.0000	0.0001	0.0001
COG1687	0.0000	0.0016	0.0006	0.0004	0.0002	0.0008	0.0004	0.0011	0.0005	0.0023	0.0011
COG1688	0.1800	0.9881	0.0033	0.9998	0.0001	0.9979	0.0006	0.8936	0.0477	0.7005	0.0974
COG1689	0.0000	0.3668	0.1748	0.0801	0.0432	0.1160	0.0540	0.1215	0.0427	0.1120	0.0318
COG1690	0.3400	0.9952	0.0026	0.9999	0.0001	0.9992	0.0005	0.9981	0.0010	0.9972	0.0015
COG1691	0.1100	0.9968	0.0013	1.0000	0.0000	0.9996	0.0002	0.9984	0.0007	0.9948	0.0021
COG1692	0.0000	0.0006	0.0006	0.0001	0.0000	0.0005	0.0005	0.0015	0.0012	0.0015	0.0009
COG1693	0.0000	0.3264	0.0783	0.0783	0.0386	0.0897	0.0325	0.1165	0.0539	0.0669	0.0434
COG1694	0.0100	0.9394	0.0241	0.9996	0.0002	0.1617	0.0597	0.2341	0.0733	0.3130	0.0667
COG1695	0.0100	0.9916	0.0046	1.0000	0.0000	0.6491	0.1190	0.7397	0.0765	0.6103	0.1083
COG1696	0.0000	0.0025	0.0009	0.0003	0.0001	0.0018	0.0007	0.0035	0.0012	0.0053	0.0017
COG1697	0.0000	0.8758	0.0349	0.3538	0.0667	0.6785	0.0811	0.8098	0.0597	0.8360	0.0378
COG1698	0.0000	0.6227	0.1580	0.1251	0.0543	0.4257	0.1139	0.6756	0.0955	0.8459	0.0496
COG1699	0.0000	0.0001	0.0001	0.0000	0.0000	0.0001	0.0000	0.0001	0.0001	0.0003	0.0002
COG1700	0.0000	0.0373	0.0227	0.0087	0.0045	0.0048	0.0025	0.0057	0.0032	0.0064	0.0042
COG1701	0.0250	0.9920	0.0034	0.9999	0.0000	0.9996	0.0001	0.7121	0.0562	0.7856	0.0541
COG1702	0.0000	0.0013	0.0008	0.0003	0.0002	0.0009	0.0005	0.0022	0.0008	0.0022	0.0009
COG1703	0.0000	0.4309	0.1916	0.1070	0.1261	0.1097	0.0917	0.1196	0.0891	0.0825	0.0726
COG1704	0.0000	0.0214	0.0054	0.0017	0.0010	0.0132	0.0051	0.0359	0.0090	0.0953	0.0254
COG1705	0.0000	0.0018	0.0011	0.0003	0.0002	0.0006	0.0004	0.0008	0.0004	0.0023	0.0012
COG1706	0.0000	0.0006	0.0004	0.0002	0.0001	0.0004	0.0003	0.0007	0.0004	0.0013	0.0008
COG1707	0.0000	0.2019	0.0876	0.1002	0.0764	0.1192	0.0502	0.0744	0.0293	0.0957	0.0484
COG1708	0.0350	0.9914	0.0028	1.0000	0.0000	0.9997	0.0001	0.6392	0.0638	0.3959	0.0733
COG1709	0.9150	0.9979	0.0022	0.9998	0.0002	0.9988	0.0006	0.9972	0.0017	0.9945	0.0027
COG1710	0.0000	0.0397	0.0372	0.0650	0.0932	0.0476	0.0386	0.0315	0.0227	0.0371	0.0349
COG1711	0.0000	0.7639	0.1047	0.2899	0.1980	0.5449	0.1862	0.6444	0.1493	0.7036	0.1053
COG1712	0.1000	0.7315	0.0852	0.9977	0.0017	0.9967	0.0016	0.9927	0.0033	0.9883	0.0059
COG1713	0.0000	0.0010	0.0005	0.0001	0.0001	0.0006	0.0003	0.0012	0.0008	0.0013	0.0008
COG1714	0.0000	0.2255	0.1031	0.0489	0.0253	0.0602	0.0372	0.0723	0.0325	0.0690	0.0277
COG1715	0.0000	0.1078	0.0232	0.0137	0.0044	0.0253	0.0054	0.0300	0.0060	0.0288	0.0074
COG1716	0.0000	0.0655	0.0328	0.0103	0.0059	0.0199	0.0100	0.0342	0.0127	0.0525	0.0227
COG1717	0.0050	0.9911	0.0028	1.0000	0.0000	0.5161	0.1255	0.8001	0.0744	0.9077	0.0249
COG1718	0.0000	0.8991	0.0378	0.5503	0.0998	0.7101	0.0521	0.7866	0.0476	0.8152	0.0430
COG1719	0.1300	0.9594	0.0122	0.9992	0.0006	0.9931	0.0041	0.9762	0.0076	0.9276	0.0306
COG1720	0.0000	0.9096	0.0326	0.6279	0.0995	0.5699	0.0810	0.6910	0.0548	0.6486	0.0554
COG1721	0.0050	0.9766	0.0075	0.9998	0.0001	0.5222	0.1071	0.4423	0.1416	0.4057	0.1343
COG1722	0.0000	0.0089	0.0030	0.0006	0.0003	0.0035	0.0011	0.0125	0.0035	0.0329	0.0060
COG1723	0.0000	0.0156	0.0085	0.0029	0.0025	0.0081	0.0057	0.0153	0.0094	0.0258	0.0118
COG1724	0.0000	0.1476	0.0300	0.0209	0.0103	0.0739	0.0187	0.0678	0.0123	0.0754	0.0183
COG1725	0.0000	0.0073	0.0024	0.0009	0.0003	0.0038	0.0008	0.0129	0.0034	0.0196	0.0051
COG1726	0.0000	0.0003	0.0002	0.0001	0.0001	0.0005	0.0003	0.0009	0.0006	0.0016	0.0009
COG1727	0.0050	0.9959	0.0010	1.0000	0.0000	0.6866	0.0857	0.8462	0.0392	0.9108	0.0185
COG1728	0.0000	0.0010	0.0005	0.0004	0.0002	0.0012	0.0004	0.0015	0.0006	0.0029	0.0016
COG1729	0.0000	0.0009	0.0004	0.0002	0.0001	0.0013	0.0005	0.0030	0.0015	0.0103	0.0043
COG1730	0.0750	0.9904	0.0015	1.0000	0.0000	0.9997	0.0001	0.9985	0.0004	0.6748	0.0270
COG1731	0.0000	0.4475	0.1984	0.1876	0.1092	0.3224	0.1095	0.5260	0.1093	0.6169	0.1754
COG1732	0.0000	0.0204	0.0090	0.0040	0.0016	0.0043	0.0017	0.0064	0.0020	0.0070	0.0023
COG1733	0.0000	0.4565	0.0974	0.0588	0.0263	0.0852	0.0314	0.1724	0.0445	0.2061	0.0496
COG1734	0.0000	0.0005	0.0007	0.0001	0.0002	0.0003	0.0003	0.0007	0.0005	0.0009	0.0006
COG1735	0.0000	0.0200	0.0120	0.0042	0.0024	0.0055	0.0044	0.0065	0.0030	0.0060	0.0015
COG1736	0.0550	0.9780	0.0104	0.9999	0.0001	0.9996	0.0002	0.9992	0.0004	0.9153	0.0299
COG1737	0.0000	0.0009	0.0008	0.0001	0.0001	0.0006	0.0006	0.0012	0.0013	0.0019	0.0019
COG1738	0.0000	0.2228	0.0792	0.0725	0.0284	0.0763	0.0364	0.0847	0.0352	0.1213	0.0463
COG1739	0.0000	0.0360	0.0218	0.0034	0.0031	0.0193	0.0164	0.0304	0.0198	0.0548	0.0324
COG1740	0.0000	0.0807	0.0246	0.0083	0.0027	0.0202	0.0074	0.0470	0.0201	0.1084	0.0463
COG1741	0.0000	0.0319	0.0131	0.0075	0.0040	0.0057	0.0030	0.0071	0.0029	0.0113	0.0054
COG1742	0.0000	0.0236	0.0114	0.0066	0.0038	0.0045	0.0018	0.0037	0.0021	0.0027	0.0016
COG1743	0.0000	0.3449	0.0453	0.0717	0.0333	0.0692	0.0156	0.0556	0.0217	0.0555	0.0282
COG1744	0.0000	0.1652	0.0590	0.0235	0.0097	0.0674	0.0269	0.0852	0.0366	0.0899	0.0454
COG1745	0.0000	0.3387	0.1599	0.1407	0.1146	0.1779	0.0855	0.1736	0.0826	0.1417	0.0667
COG1746	0.7600	0.9992	0.0006	1.0000	0.0000	0.9998	0.0001	0.9988	0.0008	0.9966	0.0019
COG1747	0.0000	0.0008	0.0009	0.0002	0.0003	0.0006	0.0008	0.0012	0.0014	0.0021	0.0015
COG1748	0.0000	0.2537	0.0939	0.0370	0.0253	0.1263	0.0648	0.1492	0.0938	0.1302	0.0599
COG1749	0.0000	0.0030	0.0010	0.0005	0.0002	0.0016	0.0009	0.0027	0.0011	0.0032	0.0010
COG1750	0.1100	0.8753	0.0339	0.9994	0.0003	0.9982	0.0008	0.9914	0.0041	0.9839	0.0067
COG1751	0.0450	0.9374	0.0270	0.9993	0.0005	0.9907	0.0050	0.9570	0.0233	0.1181	0.0588
COG1752	0.0000	0.0227	0.0093	0.0020	0.0013	0.0042	0.0022	0.0113	0.0065	0.0174	0.0095
COG1753	0.0000	0.2171	0.0547	0.0365	0.0142	0.0498	0.0170	0.0473	0.0204	0.0458	0.0235
COG1754	0.0000	0.0001	0.0000	0.0001	0.0000	0.0001	0.0000	0.0001	0.0000	0.0001	0.0000
COG1755	0.0000	0.0001	0.0001	0.0000	0.0000	0.0000	0.0000	0.0000	0.0000	0.0001	0.0000
COG1756	0.0750	0.9394	0.0402	0.9994	0.0005	0.9967	0.0031	0.9910	0.0076	0.3825	0.1218
COG1757	0.0000	0.0180	0.0108	0.0024	0.0016	0.0063	0.0032	0.0123	0.0055	0.0253	0.0113
COG1758	0.0600	0.9707	0.0129	0.9998	0.0001	0.9989	0.0007	0.9974	0.0012	0.8083	0.0529
COG1759	0.0000	0.5165	0.1670	0.1717	0.1322	0.5070	0.1274	0.7498	0.0508	0.8742	0.0427
COG1760	0.0000	0.0059	0.0030	0.0007	0.0003	0.0022	0.0012	0.0046	0.0028	0.0058	0.0032
COG1761	0.3250	0.9967	0.0012	1.0000	0.0000	0.9999	0.0001	0.9995	0.0002	0.9986	0.0006
COG1762	0.0000	0.0102	0.0046	0.0017	0.0009	0.0025	0.0010	0.0051	0.0027	0.0070	0.0044
COG1763	0.0000	0.7444	0.0701	0.2979	0.0921	0.6431	0.0945	0.6826	0.0917	0.5401	0.1015
COG1764	0.0000	0.0753	0.0252	0.0223	0.0116	0.0231	0.0101	0.0261	0.0083	0.0265	0.0089
COG1765	0.0150	0.9492	0.0185	0.9989	0.0009	0.9954	0.0016	0.3725	0.0561	0.1946	0.0483
COG1766	0.0000	0.0009	0.0006	0.0002	0.0001	0.0008	0.0004	0.0016	0.0007	0.0024	0.0010
COG1767	0.0000	0.9503	0.0249	0.8629	0.0793	0.8113	0.1205	0.2214	0.1164	0.2292	0.1380
COG1768	0.0000	0.1404	0.0549	0.3824	0.1382	0.1531	0.0730	0.0629	0.0336	0.0571	0.0325
COG1769	0.0000	0.1019	0.0607	0.0239	0.0157	0.0087	0.0056	0.0040	0.0033	0.0038	0.0029
COG1770	0.0000	0.0007	0.0003	0.0002	0.0001	0.0006	0.0003	0.0011	0.0005	0.0018	0.0007
COG1771	0.0000	0.0280	0.0302	0.0953	0.1758	0.0379	0.0400	0.0180	0.0208	0.0173	0.0235
COG1772	0.0000	0.2911	0.1738	0.2098	0.1549	0.1166	0.0658	0.1234	0.0529	0.1410	0.0575
COG1773	0.0000	0.4439	0.1022	0.0711	0.0549	0.1624	0.0788	0.3543	0.1098	0.3455	0.0729
COG1774	0.0000	0.0112	0.0077	0.0013	0.0013	0.0033	0.0028	0.0046	0.0031	0.0055	0.0036
COG1775	0.0000	0.3957	0.1131	0.1157	0.0827	0.0742	0.0328	0.0783	0.0338	0.0424	0.0213
COG1776	0.0000	0.5789	0.0968	0.1300	0.1770	0.4699	0.0934	0.4583	0.1034	0.3012	0.1100
COG1777	0.0000	0.7399	0.1019	0.2035	0.0851	0.1941	0.0909	0.2164	0.0747	0.1982	0.0603
COG1778	0.0000	0.0023	0.0010	0.0005	0.0002	0.0024	0.0007	0.0049	0.0016	0.0065	0.0020
COG1779	0.0350	0.9424	0.0512	0.9998	0.0002	0.9975	0.0028	0.3224	0.1148	0.4009	0.1316
COG1780	0.0000	0.0002	0.0001	0.0001	0.0001	0.0002	0.0001	0.0005	0.0003	0.0009	0.0004
COG1781	0.5400	0.9980	0.0007	1.0000	0.0000	0.9998	0.0001	0.9987	0.0004	0.9967	0.0008
COG1782	0.8200	0.9996	0.0002	1.0000	0.0000	0.9999	0.0000	0.9994	0.0002	0.9989	0.0004
COG1783	0.0000	0.0049	0.0020	0.0005	0.0002	0.0023	0.0008	0.0049	0.0017	0.0105	0.0032
COG1784	0.0000	0.3457	0.1073	0.0370	0.0224	0.2483	0.0981	0.4453	0.1059	0.6674	0.0925
COG1785	0.0000	0.0784	0.0208	0.0167	0.0074	0.0481	0.0219	0.0301	0.0135	0.0252	0.0094
COG1786	0.6050	0.9985	0.0004	1.0000	0.0000	0.9997	0.0001	0.9988	0.0004	0.9943	0.0028
COG1787	0.0000	0.0078	0.0015	0.0009	0.0002	0.0048	0.0011	0.0057	0.0014	0.0069	0.0018
COG1788	0.0000	0.0549	0.0264	0.0059	0.0062	0.0082	0.0041	0.0162	0.0082	0.0137	0.0031
COG1790	0.0000	0.0162	0.0180	0.0366	0.0281	0.0281	0.0223	0.0233	0.0198	0.0202	0.0151
COG1791	0.0000	0.0006	0.0003	0.0002	0.0001	0.0007	0.0005	0.0014	0.0008	0.0017	0.0009
COG1792	0.0000	0.0001	0.0001	0.0000	0.0000	0.0001	0.0000	0.0004	0.0001	0.0011	0.0004
COG1793	0.1500	0.9949	0.0018	1.0000	0.0000	0.9997	0.0002	0.9989	0.0007	0.9970	0.0019
COG1794	0.0000	0.9477	0.0267	0.9914	0.0046	0.9555	0.0242	0.9065	0.0308	0.7974	0.0524
COG1795	0.0000	0.0023	0.0008	0.0013	0.0005	0.0033	0.0014	0.0004	0.0003	0.0003	0.0003
COG1796	0.0000	0.0881	0.0570	0.0091	0.0133	0.0222	0.0163	0.0287	0.0135	0.0550	0.0208
COG1797	0.0400	0.8425	0.0741	0.9916	0.0081	0.8403	0.0868	0.0618	0.0310	0.0313	0.0186
COG1798	0.1850	0.9839	0.0070	0.9999	0.0001	0.9996	0.0003	0.9992	0.0005	0.9987	0.0006
COG1799	0.0000	0.0030	0.0028	0.0004	0.0005	0.0019	0.0021	0.0039	0.0041	0.0050	0.0042
COG1800	0.0000	0.1369	0.0402	0.0302	0.0129	0.0712	0.0212	0.0903	0.0197	0.0924	0.0266
COG1801	0.0000	0.9160	0.0255	0.7324	0.1035	0.7880	0.0479	0.7976	0.0614	0.7177	0.0933
COG1802	0.0000	0.0075	0.0036	0.0020	0.0020	0.0033	0.0017	0.0055	0.0021	0.0043	0.0015
COG1803	0.0000	0.6432	0.0643	0.8689	0.0801	0.7450	0.1012	0.4679	0.0753	0.2734	0.0436
COG1804	0.0000	0.1297	0.0544	0.0121	0.0078	0.0114	0.0057	0.0278	0.0107	0.0410	0.0076
COG1805	0.0000	0.0004	0.0002	0.0001	0.0000	0.0003	0.0001	0.0004	0.0002	0.0007	0.0002
COG1806	0.0000	0.0012	0.0009	0.0003	0.0002	0.0007	0.0006	0.0019	0.0020	0.0031	0.0037
COG1807	0.0000	0.0296	0.0128	0.0040	0.0029	0.0313	0.0201	0.0348	0.0111	0.0484	0.0149
COG1808	0.1500	0.7985	0.0316	0.9928	0.0018	0.9693	0.0051	0.9141	0.0176	0.7987	0.0436
COG1809	0.0000	0.0920	0.0181	0.0298	0.0117	0.0351	0.0115	0.0473	0.0124	0.0328	0.0108
COG1810	0.0100	0.8342	0.0865	0.9943	0.0055	0.1141	0.0559	0.1041	0.0569	0.0532	0.0499
COG1811	0.0000	0.0144	0.0045	0.0020	0.0012	0.0040	0.0027	0.0054	0.0018	0.0100	0.0023
COG1812	0.0000	0.9798	0.0127	0.8065	0.1265	0.8878	0.0776	0.8976	0.0639	0.8789	0.0755
COG1813	0.0000	0.9633	0.0165	0.7580	0.0784	0.8145	0.0585	0.8069	0.0606	0.7944	0.0654
COG1814	0.0100	0.9767	0.0072	0.9999	0.0000	0.4145	0.0720	0.4766	0.0887	0.5283	0.0776
COG1815	0.0000	0.0005	0.0002	0.0001	0.0001	0.0003	0.0001	0.0004	0.0002	0.0006	0.0003
COG1816	0.0000	0.0158	0.0079	0.0036	0.0016	0.0060	0.0018	0.0076	0.0030	0.0150	0.0103
COG1817	0.0800	0.9477	0.0174	0.9996	0.0002	0.9981	0.0011	0.9716	0.0170	0.1096	0.0369
COG1818	0.0000	0.5342	0.2171	0.2349	0.1829	0.3101	0.1727	0.2579	0.1468	0.2309	0.1383
COG1819	0.0150	0.7973	0.0570	0.9974	0.0013	0.9886	0.0065	0.1621	0.0289	0.1161	0.0325
COG1820	0.0000	0.0095	0.0028	0.0012	0.0008	0.0057	0.0021	0.0128	0.0041	0.0180	0.0083
COG1821	0.0000	0.4822	0.1334	0.2633	0.1109	0.3244	0.1358	0.0468	0.0350	0.0378	0.0289
COG1822	0.0150	0.3677	0.2089	0.9215	0.0652	0.8459	0.0963	0.0455	0.0197	0.0359	0.0237
COG1823	0.0000	0.0001	0.0001	0.0000	0.0000	0.0001	0.0002	0.0003	0.0002	0.0008	0.0004
COG1824	0.0000	0.7865	0.1048	0.2212	0.0949	0.3970	0.1415	0.5726	0.1417	0.7429	0.1295
COG1825	0.0000	0.0010	0.0010	0.0002	0.0002	0.0006	0.0006	0.0016	0.0011	0.0019	0.0010
COG1826	0.0000	0.2321	0.1516	0.0449	0.0552	0.1011	0.0832	0.2545	0.1057	0.2675	0.0879
COG1827	0.0000	0.0069	0.0036	0.0011	0.0005	0.0026	0.0014	0.0034	0.0019	0.0052	0.0030
COG1828	0.0000	0.8066	0.0554	0.6316	0.1105	0.6441	0.0642	0.6441	0.0809	0.4705	0.1009
COG1829	0.0100	0.9932	0.0023	1.0000	0.0000	0.6938	0.1258	0.6842	0.1086	0.7340	0.0753
COG1830	0.0000	0.9330	0.0118	0.6013	0.0544	0.8241	0.0306	0.8537	0.0232	0.8274	0.0299
COG1831	0.0050	0.9330	0.0238	0.9986	0.0007	0.3238	0.1642	0.5210	0.1452	0.5810	0.1641
COG1832	0.0200	0.8269	0.1068	0.9965	0.0035	0.9864	0.0076	0.2141	0.0660	0.2801	0.0825
COG1833	0.0000	0.9085	0.0333	0.4873	0.1601	0.6034	0.1274	0.6181	0.0911	0.6424	0.0782
COG1834	0.0000	0.0556	0.0208	0.0096	0.0047	0.0195	0.0080	0.0203	0.0074	0.0298	0.0123
COG1835	0.0000	0.0116	0.0033	0.0013	0.0005	0.0054	0.0013	0.0087	0.0028	0.0109	0.0040
COG1836	0.3800	0.9952	0.0020	0.9999	0.0001	0.9968	0.0025	0.9923	0.0050	0.9924	0.0031
COG1837	0.0000	0.0020	0.0017	0.0001	0.0001	0.0006	0.0007	0.0017	0.0015	0.0030	0.0018
COG1838	0.1250	0.9950	0.0011	0.9999	0.0000	0.9996	0.0002	0.9990	0.0003	0.9974	0.0006
COG1839	0.0000	0.5635	0.0922	0.1939	0.0945	0.4989	0.1557	0.5421	0.1363	0.6153	0.0979
COG1840	0.0000	0.1551	0.0637	0.0321	0.0191	0.0242	0.0109	0.0208	0.0067	0.0174	0.0099
COG1841	0.2800	0.9972	0.0013	1.0000	0.0000	0.9999	0.0001	0.9993	0.0003	0.9974	0.0011
COG1842	0.0000	0.0737	0.0556	0.0119	0.0089	0.0133	0.0090	0.0145	0.0076	0.0180	0.0097
COG1843	0.0000	0.0013	0.0004	0.0003	0.0001	0.0005	0.0002	0.0006	0.0002	0.0005	0.0002
COG1844	0.0000	0.0858	0.0846	0.1664	0.2246	0.0279	0.0318	0.0166	0.0187	0.0128	0.0127
COG1845	0.0000	0.0007	0.0005	0.0001	0.0001	0.0003	0.0002	0.0007	0.0005	0.0015	0.0009
COG1846	0.0050	0.7633	0.0584	0.9975	0.0012	0.0387	0.0179	0.0560	0.0219	0.0684	0.0268
COG1847	0.0000	0.0041	0.0023	0.0003	0.0002	0.0014	0.0008	0.0046	0.0024	0.0082	0.0040
COG1848	0.0150	0.9881	0.0041	0.9999	0.0000	0.9990	0.0002	0.3731	0.0499	0.2477	0.0559
COG1849	0.0000	0.2011	0.0931	0.0159	0.0140	0.0939	0.0404	0.3145	0.0882	0.6312	0.1109
COG1850	0.0050	0.9606	0.0206	0.9994	0.0004	0.2693	0.0991	0.3547	0.0899	0.3935	0.0925
COG1851	0.0000	0.0199	0.0102	0.0126	0.0104	0.0154	0.0067	0.0146	0.0055	0.0139	0.0057
COG1852	0.2800	0.9042	0.0386	0.9984	0.0005	0.9935	0.0029	0.9793	0.0098	0.9366	0.0373
COG1853	0.0050	0.9871	0.0044	0.9999	0.0000	0.9994	0.0003	0.9960	0.0015	0.9901	0.0039
COG1854	0.0000	0.0007	0.0007	0.0002	0.0003	0.0011	0.0011	0.0008	0.0006	0.0009	0.0005
COG1855	0.6350	0.9991	0.0010	1.0000	0.0000	0.9998	0.0002	0.9989	0.0007	0.9954	0.0031
COG1856	0.0000	0.6413	0.1447	0.3252	0.1373	0.3867	0.1396	0.3727	0.1400	0.2060	0.0579
COG1857	0.0200	0.9393	0.0182	0.9993	0.0002	0.9962	0.0013	0.1884	0.0695	0.1567	0.0525
COG1858	0.0000	0.0031	0.0006	0.0006	0.0004	0.0011	0.0003	0.0015	0.0004	0.0026	0.0007
COG1859	0.0050	0.9412	0.0383	0.9991	0.0008	0.3847	0.0637	0.5950	0.1296	0.7239	0.1790
COG1860	0.0000	0.9111	0.0249	0.6432	0.1062	0.6200	0.1099	0.7424	0.1179	0.7068	0.1363
COG1861	0.0000	0.0110	0.0036	0.0016	0.0009	0.0042	0.0012	0.0105	0.0034	0.0118	0.0030
COG1862	0.0000	0.0012	0.0008	0.0002	0.0002	0.0012	0.0007	0.0020	0.0012	0.0028	0.0017
COG1863	0.0000	0.9266	0.0446	0.9268	0.0336	0.6623	0.1537	0.4820	0.1653	0.5478	0.1613
COG1864	0.0000	0.0020	0.0018	0.0003	0.0002	0.0012	0.0012	0.0022	0.0015	0.0032	0.0017
COG1865	0.0000	0.7278	0.0848	0.3873	0.1194	0.1594	0.0448	0.1756	0.0511	0.0786	0.0311
COG1866	0.0200	0.4272	0.0621	0.9705	0.0143	0.8729	0.0654	0.0557	0.0281	0.0460	0.0130
COG1867	0.1050	0.9989	0.0007	1.0000	0.0000	1.0000	0.0000	0.9999	0.0001	0.9996	0.0001
COG1868	0.0000	0.0008	0.0003	0.0002	0.0001	0.0004	0.0002	0.0006	0.0002	0.0005	0.0001
COG1869	0.0000	0.0016	0.0006	0.0003	0.0001	0.0005	0.0002	0.0012	0.0003	0.0017	0.0004
COG1871	0.0000	0.7501	0.0986	0.1688	0.1838	0.5762	0.0955	0.6114	0.0884	0.4435	0.0976
COG1872	0.0050	0.9753	0.0179	0.9999	0.0001	0.3714	0.0942	0.4426	0.0850	0.5619	0.0430
COG1873	0.0000	0.8096	0.1127	0.2899	0.1009	0.5290	0.1117	0.6754	0.1050	0.7995	0.0729
COG1874	0.0000	0.1194	0.0356	0.0155	0.0093	0.0205	0.0076	0.0413	0.0112	0.0451	0.0103
COG1875	0.0000	0.0128	0.0109	0.0025	0.0025	0.0065	0.0064	0.0119	0.0092	0.0164	0.0119
COG1876	0.0000	0.0001	0.0000	0.0000	0.0000	0.0001	0.0000	0.0002	0.0001	0.0007	0.0003
COG1877	0.0000	0.0094	0.0027	0.0017	0.0005	0.0044	0.0012	0.0089	0.0020	0.0096	0.0029
COG1878	0.0000	0.5499	0.0717	0.2282	0.0663	0.2000	0.0631	0.2454	0.0709	0.1370	0.0540
COG1879	0.0000	0.0064	0.0028	0.0010	0.0007	0.0024	0.0011	0.0038	0.0014	0.0040	0.0013
COG1880	0.0000	0.4718	0.1095	0.1603	0.1197	0.1404	0.0790	0.1156	0.0518	0.0650	0.0372
COG1881	0.0000	0.4516	0.1024	0.1102	0.0605	0.1661	0.0554	0.2050	0.0460	0.2822	0.0389
COG1882	0.0000	0.0447	0.0214	0.0036	0.0021	0.0089	0.0038	0.0158	0.0064	0.0262	0.0091
COG1883	0.0000	0.1491	0.0974	0.0311	0.0293	0.0725	0.0584	0.0722	0.0477	0.0327	0.0209
COG1884	0.0000	0.4837	0.1945	0.1370	0.1499	0.1194	0.1062	0.1104	0.0806	0.0732	0.0540
COG1885	0.0000	0.5500	0.2836	0.4105	0.2574	0.1524	0.0947	0.1002	0.0477	0.0760	0.0373
COG1886	0.0000	0.0004	0.0003	0.0002	0.0002	0.0002	0.0002	0.0004	0.0002	0.0007	0.0004
COG1887	0.0000	0.0148	0.0052	0.0027	0.0011	0.0073	0.0028	0.0136	0.0067	0.0152	0.0072
COG1888	0.0250	0.9884	0.0076	0.9999	0.0001	0.9985	0.0012	0.5894	0.0570	0.6281	0.0803
COG1889	0.2150	0.0196	0.0053	0.4349	0.0679	0.2350	0.0565	0.1220	0.0430	0.0821	0.0322
COG1890	0.6750	0.9995	0.0002	1.0000	0.0000	0.9999	0.0000	0.9997	0.0001	0.9994	0.0002
COG1891	0.0000	0.4713	0.1627	0.2526	0.1115	0.2736	0.1319	0.0393	0.0436	0.0279	0.0267
COG1892	0.0000	0.2771	0.0760	0.0580	0.0250	0.1438	0.0357	0.2158	0.0597	0.1772	0.0667
COG1893	0.0500	0.9468	0.0174	0.9989	0.0005	0.9944	0.0030	0.9760	0.0120	0.4188	0.0522
COG1894	0.0050	0.6362	0.0846	0.9887	0.0078	0.0328	0.0187	0.0866	0.0299	0.1194	0.0468
COG1895	0.0000	0.3052	0.0830	0.0449	0.0243	0.1204	0.0419	0.0924	0.0289	0.0638	0.0159
COG1896	0.0100	0.8093	0.0525	0.9990	0.0005	0.1445	0.0601	0.3143	0.0945	0.4694	0.1174
COG1897	0.0000	0.0008	0.0008	0.0002	0.0001	0.0010	0.0008	0.0016	0.0012	0.0021	0.0012
COG1898	0.0050	0.9101	0.0359	0.9997	0.0001	0.3570	0.0805	0.3706	0.0917	0.0716	0.0264
COG1899	0.1000	0.9985	0.0006	1.0000	0.0000	1.0000	0.0000	0.9997	0.0001	0.9991	0.0003
COG1900	0.0150	0.9432	0.0384	0.9988	0.0011	0.9960	0.0030	0.6828	0.0650	0.6663	0.1054
COG1901	0.0200	0.9358	0.0502	0.9992	0.0010	0.9940	0.0050	0.2971	0.1029	0.4760	0.0984
COG1902	0.0000	0.2764	0.0854	0.0291	0.0191	0.0352	0.0226	0.0458	0.0199	0.0478	0.0241
COG1903	0.0000	0.0684	0.0476	0.0125	0.0065	0.0064	0.0034	0.0067	0.0023	0.0051	0.0021
COG1904	0.0000	0.0015	0.0009	0.0004	0.0003	0.0019	0.0018	0.0021	0.0018	0.0034	0.0030
COG1905	0.0000	0.2952	0.0844	0.0795	0.0442	0.0287	0.0159	0.0848	0.0361	0.0777	0.0344
COG1906	0.0300	0.6795	0.1099	0.9923	0.0047	0.9747	0.0127	0.2171	0.0804	0.1354	0.0492
COG1907	0.0250	0.9970	0.0025	1.0000	0.0000	0.9996	0.0004	0.3051	0.1063	0.2827	0.1095
COG1908	0.0000	0.7882	0.0749	0.4124	0.1491	0.4944	0.1021	0.6645	0.0937	0.2560	0.0690
COG1909	0.3300	0.9985	0.0004	1.0000	0.0000	0.9998	0.0001	0.9992	0.0002	0.9969	0.0010
COG1910	0.0000	0.0740	0.0159	0.0142	0.0046	0.0392	0.0164	0.0614	0.0176	0.0619	0.0174
COG1911	0.0000	0.7144	0.1240	0.1299	0.0450	0.5773	0.1110	0.7756	0.0679	0.9005	0.0296
COG1912	0.0000	0.9237	0.0203	0.6030	0.1085	0.6369	0.0730	0.6057	0.0456	0.5948	0.0739
COG1913	0.0000	0.8253	0.0432	0.3484	0.1004	0.5310	0.0679	0.6501	0.0929	0.6014	0.1146
COG1914	0.0000	0.0532	0.0195	0.0117	0.0075	0.0264	0.0072	0.0417	0.0166	0.0430	0.0212
COG1915	0.0200	0.6866	0.1006	0.9941	0.0030	0.9477	0.0292	0.0535	0.0234	0.0702	0.0288
COG1916	0.2600	0.9848	0.0051	0.9995	0.0002	0.9979	0.0012	0.9920	0.0044	0.9905	0.0049
COG1917	0.0000	0.8423	0.0645	0.5317	0.1609	0.5257	0.1280	0.4337	0.0790	0.3278	0.1021
COG1918	0.1550	0.9841	0.0065	0.9999	0.0001	0.9994	0.0003	0.9971	0.0010	0.9905	0.0036
COG1920	0.0750	0.9575	0.0235	0.9981	0.0015	0.9709	0.0209	0.9376	0.0334	0.2171	0.0583
COG1921	0.0000	0.0287	0.0161	0.0059	0.0020	0.0112	0.0028	0.0148	0.0055	0.0107	0.0085
COG1922	0.0000	0.0022	0.0010	0.0002	0.0001	0.0010	0.0003	0.0026	0.0007	0.0040	0.0012
COG1923	0.0000	0.0093	0.0063	0.0016	0.0012	0.0030	0.0023	0.0054	0.0046	0.0050	0.0040
COG1924	0.1050	0.9291	0.0353	0.9993	0.0004	0.9879	0.0053	0.9664	0.0156	0.8974	0.0446
COG1925	0.0000	0.0043	0.0017	0.0006	0.0003	0.0033	0.0013	0.0055	0.0023	0.0123	0.0041
COG1926	0.0000	0.3920	0.0646	0.0835	0.0468	0.1734	0.0382	0.1915	0.0311	0.1733	0.0518
COG1927	0.0000	0.4203	0.1031	0.1907	0.1138	0.1613	0.0521	0.0745	0.0330	0.0622	0.0439
COG1928	0.0000	0.0023	0.0010	0.0005	0.0002	0.0013	0.0003	0.0026	0.0009	0.0042	0.0015
COG1929	0.0000	0.0017	0.0011	0.0002	0.0001	0.0021	0.0011	0.0037	0.0024	0.0041	0.0023
COG1930	0.0000	0.0569	0.0179	0.0067	0.0037	0.0067	0.0031	0.0065	0.0033	0.0051	0.0025
COG1931	0.5200	0.9841	0.0094	0.9995	0.0005	0.9970	0.0027	0.9916	0.0066	0.9753	0.0139
COG1932	0.0000	0.0064	0.0029	0.0009	0.0005	0.0048	0.0022	0.0094	0.0035	0.0133	0.0042
COG1933	0.9000	0.9967	0.0011	0.9998	0.0001	0.9987	0.0005	0.9957	0.0022	0.9920	0.0041
COG1934	0.0000	0.0018	0.0010	0.0005	0.0003	0.0028	0.0014	0.0028	0.0013	0.0062	0.0025
COG1935	0.0000	0.4047	0.2756	0.3225	0.2513	0.1811	0.1165	0.1008	0.0491	0.0950	0.0500
COG1936	0.0000	0.7966	0.0872	0.2521	0.0749	0.6104	0.1133	0.7662	0.1004	0.8172	0.0725
COG1937	0.0000	0.0063	0.0041	0.0010	0.0005	0.0013	0.0005	0.0030	0.0013	0.0045	0.0023
COG1938	0.0000	0.8879	0.0506	0.4292	0.1209	0.6551	0.1094	0.7890	0.0922	0.8036	0.0979
COG1939	0.0000	0.0011	0.0012	0.0002	0.0002	0.0007	0.0008	0.0020	0.0024	0.0034	0.0041
COG1940	0.0000	0.1170	0.0553	0.0092	0.0089	0.0416	0.0184	0.0912	0.0256	0.1099	0.0359
COG1941	0.1150	0.9500	0.0272	0.9996	0.0004	0.9953	0.0032	0.9766	0.0122	0.9333	0.0323
COG1942	0.0000	0.0511	0.0098	0.0067	0.0027	0.0197	0.0061	0.0272	0.0065	0.0319	0.0110
COG1943	0.0000	0.1144	0.0353	0.0084	0.0060	0.0294	0.0091	0.0591	0.0153	0.0545	0.0142
COG1944	0.0000	0.2975	0.0823	0.0660	0.0373	0.0746	0.0306	0.0842	0.0272	0.1407	0.0393
COG1945	0.0750	0.9886	0.0056	0.9999	0.0001	0.9992	0.0006	0.9982	0.0015	0.6730	0.0849
COG1946	0.0000	0.0009	0.0005	0.0005	0.0004	0.0007	0.0003	0.0008	0.0003	0.0014	0.0009
COG1947	0.0000	0.0021	0.0008	0.0002	0.0001	0.0009	0.0004	0.0029	0.0014	0.0054	0.0029
COG1948	0.0050	0.7160	0.1158	0.9976	0.0024	0.1663	0.0708	0.3165	0.0832	0.3339	0.0887
COG1949	0.0000	0.0045	0.0040	0.0017	0.0015	0.0046	0.0039	0.0103	0.0076	0.0161	0.0100
COG1950	0.0000	0.0049	0.0043	0.0004	0.0004	0.0010	0.0011	0.0029	0.0026	0.0055	0.0050
COG1951	0.1950	0.9971	0.0009	1.0000	0.0000	0.9999	0.0001	0.9993	0.0003	0.9966	0.0011
COG1952	0.0000	0.0029	0.0048	0.0008	0.0016	0.0018	0.0030	0.0023	0.0028	0.0025	0.0019
COG1953	0.0000	0.0125	0.0054	0.0038	0.0015	0.0058	0.0022	0.0103	0.0046	0.0119	0.0051
COG1954	0.0000	0.0005	0.0003	0.0002	0.0002	0.0002	0.0001	0.0004	0.0002	0.0005	0.0002
COG1955	0.1100	0.9812	0.0160	0.9995	0.0004	0.9988	0.0009	0.9971	0.0031	0.9718	0.0380
COG1956	0.0050	0.0308	0.0094	0.7903	0.0647	0.0010	0.0009	0.0035	0.0025	0.0062	0.0040
COG1957	0.0000	0.8083	0.0590	0.9704	0.0177	0.8183	0.0778	0.6807	0.0975	0.4823	0.1005
COG1958	0.0000	0.9439	0.0690	0.4523	0.2793	0.7876	0.1747	0.8910	0.0956	0.9231	0.0553
COG1959	0.0000	0.0076	0.0040	0.0015	0.0009	0.0020	0.0011	0.0039	0.0017	0.0055	0.0025
COG1960	0.0000	0.9144	0.0832	0.9525	0.0316	0.8616	0.0788	0.8043	0.1112	0.7631	0.1145
COG1961	0.0050	0.5737	0.0659	0.9959	0.0021	0.9647	0.0102	0.9128	0.0257	0.8214	0.0467
COG1962	0.0850	0.8983	0.0634	0.9980	0.0025	0.9885	0.0076	0.9411	0.0326	0.1156	0.0413
COG1963	0.0000	0.0003	0.0002	0.0000	0.0000	0.0004	0.0003	0.0011	0.0008	0.0031	0.0023
COG1964	0.3500	0.9963	0.0013	1.0000	0.0000	0.9995	0.0001	0.9988	0.0003	0.9960	0.0017
COG1965	0.0000	0.0002	0.0001	0.0001	0.0001	0.0002	0.0001	0.0002	0.0001	0.0007	0.0001
COG1966	0.0000	0.2398	0.0926	0.0607	0.0341	0.1389	0.0554	0.0849	0.0239	0.0878	0.0242
COG1967	0.0000	0.5414	0.1685	0.1151	0.0643	0.2697	0.1230	0.4297	0.1687	0.6070	0.1759
COG1968	0.0000	0.3406	0.1011	0.0468	0.0291	0.1189	0.0443	0.1403	0.0425	0.1431	0.0657
COG1969	0.0000	0.0009	0.0007	0.0001	0.0001	0.0005	0.0004	0.0012	0.0011	0.0022	0.0019
COG1970	0.0000	0.1101	0.0356	0.0073	0.0017	0.0262	0.0076	0.0384	0.0146	0.0830	0.0298
COG1971	0.0000	0.0297	0.0104	0.0027	0.0010	0.0159	0.0037	0.0230	0.0091	0.0417	0.0133
COG1972	0.0000	0.0014	0.0009	0.0007	0.0007	0.0009	0.0009	0.0014	0.0010	0.0021	0.0017
COG1973	0.0050	0.8082	0.1127	0.9904	0.0085	0.1153	0.0397	0.0614	0.0312	0.0490	0.0380
COG1974	0.0000	0.0012	0.0009	0.0001	0.0001	0.0003	0.0002	0.0008	0.0004	0.0019	0.0007
COG1975	0.0000	0.0953	0.0880	0.0322	0.0164	0.0174	0.0076	0.0322	0.0124	0.0271	0.0154
COG1976	0.0950	0.9975	0.0007	1.0000	0.0000	0.9999	0.0000	0.9998	0.0001	0.9062	0.0260
COG1977	0.2850	0.9982	0.0007	0.9999	0.0000	0.9994	0.0003	0.9982	0.0012	0.9901	0.0035
COG1978	0.0000	0.0036	0.0026	0.0006	0.0003	0.0019	0.0013	0.0038	0.0029	0.0043	0.0026
COG1979	0.0000	0.0021	0.0005	0.0004	0.0001	0.0010	0.0003	0.0024	0.0006	0.0058	0.0010
COG1980	0.0000	0.8033	0.0655	0.2914	0.0902	0.7223	0.1023	0.8271	0.0565	0.8491	0.0554
COG1981	0.0000	0.0011	0.0009	0.0004	0.0004	0.0006	0.0005	0.0016	0.0008	0.0022	0.0010
COG1982	0.0000	0.0040	0.0035	0.0006	0.0007	0.0030	0.0021	0.0050	0.0041	0.0077	0.0035
COG1983	0.0000	0.0542	0.0287	0.0091	0.0063	0.0184	0.0055	0.0285	0.0103	0.0393	0.0141
COG1984	0.0000	0.0137	0.0133	0.0013	0.0014	0.0033	0.0028	0.0040	0.0034	0.0069	0.0055
COG1985	0.3150	0.9869	0.0095	0.9996	0.0003	0.9976	0.0019	0.9921	0.0056	0.9847	0.0105
COG1986	0.0100	0.9980	0.0006	1.0000	0.0000	0.8786	0.0393	0.8976	0.0390	0.9164	0.0446
COG1987	0.0000	0.0005	0.0002	0.0001	0.0001	0.0002	0.0001	0.0004	0.0001	0.0004	0.0002
COG1988	0.0000	0.0901	0.0770	0.0155	0.0170	0.0563	0.0518	0.0534	0.0393	0.0660	0.0350
COG1989	0.0000	0.8472	0.1015	0.4329	0.1750	0.6728	0.1543	0.7494	0.1017	0.7710	0.0757
COG1990	0.0000	0.7925	0.0804	0.2032	0.0457	0.6427	0.0565	0.7890	0.0464	0.8447	0.0292
COG1991	0.0000	0.0065	0.0065	0.0229	0.0383	0.0115	0.0089	0.0092	0.0102	0.0084	0.0109
COG1992	0.0250	0.7343	0.1352	0.9953	0.0029	0.9726	0.0179	0.0848	0.0481	0.0732	0.0670
COG1993	0.0000	0.5579	0.1582	0.3011	0.1440	0.2769	0.1212	0.1437	0.0607	0.1008	0.0472
COG1994	0.0000	0.5040	0.1269	0.0951	0.0383	0.2559	0.1022	0.3892	0.1415	0.5517	0.1530
COG1995	0.0000	0.0127	0.0069	0.0018	0.0014	0.0041	0.0015	0.0100	0.0028	0.0071	0.0020
COG1996	0.0050	0.9724	0.0093	0.9998	0.0000	0.3939	0.0765	0.5245	0.0771	0.5464	0.1039
COG1997	0.5150	0.9980	0.0005	1.0000	0.0000	0.9997	0.0001	0.9983	0.0008	0.9967	0.0017
COG1998	0.0000	0.7228	0.0720	0.1226	0.0678	0.4389	0.1284	0.5699	0.1051	0.6561	0.0897
COG1999	0.0000	0.0048	0.0034	0.0013	0.0009	0.0036	0.0022	0.0054	0.0025	0.0125	0.0049
COG2000	0.0000	0.0144	0.0070	0.0028	0.0013	0.0096	0.0029	0.0170	0.0058	0.0273	0.0104
COG2001	0.0000	0.0008	0.0005	0.0001	0.0001	0.0002	0.0002	0.0009	0.0005	0.0013	0.0006
COG2002	0.0200	0.9441	0.0157	0.9997	0.0001	0.9967	0.0017	0.1976	0.0666	0.1427	0.0417
COG2003	0.0000	0.0314	0.0136	0.0018	0.0010	0.0068	0.0040	0.0222	0.0099	0.0558	0.0265
COG2004	0.0650	0.9976	0.0008	1.0000	0.0000	0.9999	0.0000	0.9998	0.0001	0.9109	0.0327
COG2005	0.0000	0.5770	0.0846	0.1604	0.0712	0.1598	0.0839	0.2005	0.0707	0.1325	0.0445
COG2006	0.0000	0.5833	0.0861	0.1141	0.0459	0.1805	0.0665	0.2414	0.0633	0.2051	0.0622
COG2007	0.3850	0.9984	0.0004	1.0000	0.0000	0.9999	0.0000	0.9996	0.0001	0.9988	0.0003
COG2008	0.0000	0.0211	0.0135	0.0043	0.0029	0.0033	0.0020	0.0044	0.0019	0.0083	0.0028
COG2009	0.0000	0.1365	0.0808	0.0244	0.0228	0.0224	0.0233	0.0595	0.0259	0.0543	0.0217
COG2010	0.0000	0.0109	0.0030	0.0025	0.0013	0.0053	0.0018	0.0097	0.0040	0.0174	0.0067
COG2011	0.0000	0.0001	0.0001	0.0000	0.0000	0.0001	0.0001	0.0002	0.0002	0.0004	0.0003
COG2012	0.1850	0.9948	0.0015	1.0000	0.0000	0.9999	0.0000	0.9995	0.0001	0.9989	0.0002
COG2013	0.2400	0.9859	0.0074	0.9998	0.0001	0.9985	0.0010	0.9913	0.0044	0.9819	0.0096
COG2014	0.0950	0.9427	0.0230	0.9993	0.0003	0.9912	0.0033	0.9376	0.0139	0.2281	0.0537
COG2015	0.0000	0.0102	0.0032	0.0014	0.0007	0.0023	0.0007	0.0034	0.0010	0.0057	0.0019
COG2016	0.1350	0.9975	0.0008	1.0000	0.0000	0.9997	0.0001	0.9986	0.0005	0.9940	0.0023
COG2017	0.0000	0.0022	0.0017	0.0003	0.0002	0.0015	0.0009	0.0052	0.0021	0.0105	0.0043
COG2018	0.0000	0.7627	0.0827	0.4008	0.1529	0.5484	0.1171	0.4568	0.1176	0.4763	0.1508
COG2019	0.0550	0.8120	0.0891	0.9989	0.0011	0.9959	0.0035	0.9903	0.0069	0.4901	0.0829
COG2020	0.0300	0.9237	0.0209	0.9993	0.0003	0.9956	0.0014	0.2070	0.0599	0.1816	0.0566
COG2021	0.0000	0.0933	0.0545	0.0105	0.0077	0.0085	0.0050	0.0144	0.0109	0.0120	0.0069
COG2022	0.0000	0.0005	0.0005	0.0001	0.0001	0.0007	0.0005	0.0009	0.0006	0.0020	0.0013
COG2023	0.0000	0.7114	0.0655	0.0805	0.0184	0.4776	0.0660	0.6870	0.0788	0.7589	0.0787
COG2025	0.0000	0.5891	0.1701	0.1725	0.1263	0.0931	0.0592	0.2109	0.0917	0.1350	0.0336
COG2026	0.0000	0.3465	0.0994	0.0344	0.0159	0.1346	0.0516	0.1644	0.0481	0.2164	0.0406
COG2027	0.0000	0.0037	0.0019	0.0008	0.0004	0.0016	0.0009	0.0037	0.0023	0.0062	0.0035
COG2028	0.0000	0.8715	0.0281	0.9125	0.0381	0.8447	0.0312	0.7624	0.0389	0.6691	0.0656
COG2029	0.0000	0.2523	0.1264	0.0517	0.0413	0.0458	0.0328	0.0864	0.0584	0.0553	0.0421
COG2030	0.0000	0.0868	0.0471	0.0096	0.0098	0.0093	0.0085	0.0198	0.0125	0.0193	0.0080
COG2031	0.0000	0.0020	0.0010	0.0002	0.0001	0.0006	0.0004	0.0013	0.0007	0.0019	0.0009
COG2032	0.0000	0.0029	0.0005	0.0006	0.0003	0.0020	0.0007	0.0014	0.0002	0.0026	0.0006
COG2033	0.0050	0.9729	0.0105	0.9999	0.0000	0.4804	0.1129	0.5433	0.0961	0.6670	0.0936
COG2034	0.0650	0.8213	0.1163	0.9896	0.0092	0.9629	0.0314	0.9426	0.0470	0.9151	0.0582
COG2035	0.0000	0.0378	0.0199	0.0033	0.0023	0.0270	0.0175	0.0873	0.0443	0.1387	0.0570
COG2036	0.2850	0.9980	0.0011	1.0000	0.0000	0.9998	0.0001	0.9992	0.0006	0.9947	0.0055
COG2037	0.0000	0.7416	0.1417	0.5050	0.1561	0.5932	0.1865	0.0944	0.0741	0.0712	0.0526
COG2038	0.0050	0.9779	0.0053	0.9995	0.0001	0.4355	0.0732	0.5030	0.0756	0.1519	0.0426
COG2039	0.0000	0.1075	0.0671	0.0216	0.0196	0.0299	0.0256	0.0404	0.0185	0.0525	0.0185
COG2040	0.0000	0.0005	0.0004	0.0001	0.0000	0.0002	0.0001	0.0004	0.0003	0.0006	0.0003
COG2041	0.0050	0.8159	0.0597	0.9974	0.0010	0.1033	0.0554	0.1124	0.0512	0.1517	0.0525
COG2042	0.0050	0.9337	0.0416	0.9993	0.0005	0.3516	0.1125	0.4264	0.1095	0.5131	0.0956
COG2043	0.0100	0.8888	0.0516	0.9981	0.0010	0.0879	0.0439	0.1551	0.0691	0.1673	0.0758
COG2044	0.0000	0.5567	0.1545	0.2690	0.1209	0.2636	0.0960	0.1900	0.0629	0.0573	0.0263
COG2045	0.0100	0.5303	0.1107	0.9913	0.0049	0.0332	0.0154	0.0484	0.0251	0.0343	0.0158
COG2046	0.0000	0.4995	0.1160	0.2089	0.0951	0.2539	0.1042	0.1994	0.0703	0.1292	0.0353
COG2047	0.8700	0.9997	0.0001	1.0000	0.0000	0.9998	0.0001	0.9994	0.0003	0.9981	0.0008
COG2048	0.1650	0.9935	0.0041	0.9999	0.0001	0.9990	0.0008	0.9973	0.0012	0.9139	0.0325
COG2049	0.0000	0.0106	0.0094	0.0011	0.0010	0.0030	0.0024	0.0039	0.0030	0.0052	0.0033
COG2050	0.0000	0.4010	0.1303	0.0563	0.0287	0.0592	0.0297	0.1093	0.0414	0.1248	0.0462
COG2051	0.0000	0.8731	0.0407	0.1877	0.0990	0.6151	0.1314	0.8333	0.0675	0.8951	0.0357
COG2052	0.0000	0.0038	0.0019	0.0003	0.0002	0.0016	0.0011	0.0045	0.0020	0.0038	0.0016
COG2053	0.0750	0.9937	0.0017	1.0000	0.0000	0.9999	0.0000	0.9995	0.0002	0.8940	0.0290
COG2054	0.0000	0.4370	0.1678	0.2345	0.1116	0.3039	0.1459	0.0405	0.0408	0.0292	0.0251
COG2055	0.0450	0.7600	0.0561	0.9972	0.0014	0.9766	0.0072	0.8978	0.0329	0.0958	0.0269
COG2056	0.0000	0.0001	0.0001	0.0000	0.0000	0.0002	0.0001	0.0004	0.0002	0.0009	0.0004
COG2057	0.0000	0.0546	0.0245	0.0057	0.0062	0.0072	0.0040	0.0113	0.0061	0.0114	0.0037
COG2058	0.0000	0.7716	0.0553	0.1326	0.0490	0.4537	0.0755	0.7095	0.0489	0.7820	0.0333
COG2059	0.0000	0.0100	0.0062	0.0015	0.0012	0.0030	0.0020	0.0058	0.0028	0.0093	0.0050
COG2060	0.0000	0.0675	0.0343	0.0253	0.0139	0.0317	0.0125	0.0093	0.0038	0.0077	0.0045
COG2061	0.0000	0.5952	0.1439	0.2440	0.1034	0.2905	0.1007	0.4044	0.1035	0.4819	0.1604
COG2062	0.0000	0.7729	0.0792	0.9364	0.0488	0.8689	0.0645	0.7157	0.0852	0.5572	0.0949
COG2063	0.0000	0.0002	0.0001	0.0001	0.0001	0.0002	0.0001	0.0003	0.0001	0.0007	0.0003
COG2064	0.0000	0.7748	0.1078	0.3017	0.1367	0.6712	0.1026	0.8466	0.0495	0.8668	0.0407
COG2065	0.0000	0.0005	0.0004	0.0001	0.0001	0.0007	0.0005	0.0015	0.0010	0.0020	0.0011
COG2066	0.0000	0.0011	0.0006	0.0003	0.0002	0.0007	0.0004	0.0007	0.0004	0.0013	0.0008
COG2067	0.0000	0.0029	0.0013	0.0005	0.0002	0.0017	0.0005	0.0032	0.0008	0.0036	0.0011
COG2068	0.0000	0.0578	0.0517	0.0238	0.0109	0.0094	0.0030	0.0181	0.0050	0.0195	0.0098
COG2069	0.0650	0.8494	0.0800	0.9947	0.0061	0.9060	0.0853	0.8969	0.0487	0.0829	0.0753
COG2070	0.0000	0.0546	0.0147	0.0045	0.0047	0.0102	0.0055	0.0129	0.0053	0.0148	0.0074
COG2071	0.0000	0.0114	0.0101	0.0013	0.0011	0.0042	0.0027	0.0067	0.0047	0.0090	0.0065
COG2072	0.0000	0.0007	0.0004	0.0001	0.0000	0.0004	0.0002	0.0006	0.0002	0.0010	0.0004
COG2073	0.0000	0.0823	0.0449	0.0114	0.0071	0.0083	0.0058	0.0138	0.0081	0.0169	0.0071
COG2074	0.0050	0.5160	0.2217	0.9884	0.0196	0.0358	0.0216	0.0488	0.0332	0.0569	0.0500
COG2075	0.0000	0.6620	0.0819	0.0789	0.0311	0.4390	0.0852	0.6315	0.0837	0.7338	0.0545
COG2076	0.0000	0.0536	0.0194	0.0077	0.0041	0.0218	0.0091	0.0274	0.0100	0.0393	0.0102
COG2077	0.0050	0.0076	0.0050	0.3974	0.1298	0.0005	0.0004	0.0004	0.0004	0.0010	0.0010
COG2078	0.0600	0.9994	0.0002	1.0000	0.0000	1.0000	0.0000	0.9999	0.0001	0.9417	0.0129
COG2079	0.0000	0.0520	0.0188	0.0169	0.0128	0.0102	0.0040	0.0129	0.0045	0.0093	0.0048
COG2080	0.0000	0.0212	0.0311	0.0062	0.0038	0.0037	0.0018	0.0097	0.0037	0.0139	0.0058
COG2081	0.0000	0.0016	0.0008	0.0001	0.0001	0.0012	0.0007	0.0019	0.0012	0.0045	0.0035
COG2082	0.0000	0.1282	0.0577	0.0225	0.0248	0.0067	0.0022	0.0073	0.0030	0.0044	0.0020
COG2083	0.0550	0.9752	0.0265	0.9997	0.0003	0.9980	0.0020	0.9940	0.0045	0.9937	0.0031
COG2084	0.0150	0.4679	0.1443	0.9853	0.0079	0.9138	0.0439	0.7400	0.0923	0.5797	0.1241
COG2085	0.0550	0.9230	0.0241	0.9986	0.0008	0.9848	0.0070	0.9516	0.0224	0.1583	0.0453
COG2086	0.0050	0.7933	0.1070	0.9738	0.0331	0.0807	0.0579	0.1948	0.0848	0.1167	0.0374
COG2087	0.0000	0.0021	0.0018	0.0005	0.0004	0.0002	0.0002	0.0004	0.0002	0.0001	0.0000
COG2088	0.0000	0.0107	0.0051	0.0008	0.0005	0.0042	0.0016	0.0084	0.0029	0.0152	0.0069
COG2089	0.0000	0.0375	0.0072	0.0040	0.0013	0.0192	0.0067	0.0181	0.0049	0.0192	0.0045
COG2090	0.0000	0.5590	0.1590	0.2019	0.1657	0.4107	0.1335	0.3268	0.0974	0.2205	0.1130
COG2091	0.0000	0.0157	0.0093	0.0025	0.0015	0.0094	0.0058	0.0141	0.0066	0.0170	0.0071
COG2092	0.2550	0.9967	0.0010	1.0000	0.0000	0.9999	0.0001	0.9994	0.0003	0.9981	0.0008
COG2093	0.0000	0.8174	0.0694	0.1395	0.0526	0.5676	0.1101	0.7992	0.0700	0.8544	0.0508
COG2094	0.0000	0.0571	0.0279	0.0065	0.0037	0.0298	0.0134	0.0429	0.0215	0.0719	0.0366
COG2095	0.2250	0.9783	0.0095	0.9997	0.0002	0.9974	0.0012	0.9954	0.0017	0.9916	0.0043
COG2096	0.0000	0.0305	0.0221	0.0026	0.0029	0.0051	0.0034	0.0180	0.0119	0.0621	0.0251
COG2097	0.0300	0.9950	0.0015	1.0000	0.0000	0.9998	0.0001	0.7279	0.0961	0.7574	0.0825
COG2098	0.0000	0.5904	0.1592	0.3081	0.1303	0.2340	0.0981	0.2947	0.0990	0.3311	0.1428
COG2099	0.0000	0.0037	0.0021	0.0008	0.0007	0.0007	0.0006	0.0016	0.0015	0.0013	0.0014
COG2100	0.0600	0.8827	0.0692	0.9987	0.0008	0.9895	0.0061	0.9329	0.0374	0.2162	0.0810
COG2101	0.4900	0.9976	0.0006	1.0000	0.0000	0.9998	0.0000	0.9988	0.0004	0.9973	0.0009
COG2102	0.0000	0.9235	0.0188	0.5629	0.1211	0.8085	0.0733	0.9349	0.0136	0.9409	0.0146
COG2103	0.0000	0.0010	0.0004	0.0001	0.0001	0.0004	0.0002	0.0010	0.0004	0.0018	0.0005
COG2104	0.0000	0.5746	0.0906	0.2430	0.0829	0.3711	0.0775	0.4068	0.0863	0.4083	0.0883
COG2105	0.0000	0.1454	0.0393	0.0210	0.0100	0.0399	0.0166	0.0404	0.0083	0.0515	0.0154
COG2106	0.1050	0.9544	0.0229	0.9991	0.0007	0.9935	0.0049	0.9779	0.0140	0.9475	0.0235
COG2107	0.0000	0.4594	0.1276	0.6919	0.1159	0.6985	0.1128	0.6346	0.1344	0.5558	0.1347
COG2108	0.1550	0.9909	0.0049	0.9999	0.0001	0.9975	0.0023	0.9913	0.0072	0.9799	0.0174
COG2109	0.0900	0.9703	0.0168	0.9992	0.0008	0.9947	0.0052	0.9826	0.0148	0.2900	0.1279
COG2110	0.0100	0.9936	0.0026	0.9999	0.0001	0.6266	0.0885	0.6246	0.0635	0.6416	0.0747
COG2111	0.0000	0.9366	0.0413	0.9332	0.0307	0.8018	0.0963	0.6350	0.1317	0.7184	0.0956
COG2112	0.0000	0.1361	0.1090	0.0458	0.0605	0.1821	0.1104	0.1920	0.0983	0.1998	0.1241
COG2113	0.0000	0.0089	0.0025	0.0013	0.0005	0.0027	0.0010	0.0087	0.0024	0.0159	0.0034
COG2114	0.0000	0.0124	0.0064	0.0014	0.0013	0.0054	0.0031	0.0112	0.0045	0.0163	0.0057
COG2115	0.0000	0.0018	0.0013	0.0002	0.0002	0.0009	0.0006	0.0021	0.0015	0.0029	0.0017
COG2116	0.0000	0.8771	0.0436	0.9824	0.0108	0.8961	0.0590	0.7779	0.0758	0.6102	0.0941
COG2117	0.0000	0.2705	0.1554	0.0684	0.0539	0.0633	0.0450	0.0677	0.0474	0.0683	0.0636
COG2118	0.0750	0.9973	0.0008	1.0000	0.0000	0.9999	0.0000	0.9996	0.0002	0.8230	0.0679
COG2119	0.0000	0.4749	0.1390	0.1000	0.0589	0.0840	0.0389	0.1110	0.0621	0.0661	0.0353
COG2120	0.0100	0.6377	0.0997	0.9964	0.0017	0.0421	0.0200	0.0448	0.0179	0.0425	0.0114
COG2121	0.0000	0.0006	0.0005	0.0002	0.0001	0.0002	0.0002	0.0003	0.0002	0.0004	0.0003
COG2122	0.1000	0.8670	0.0461	0.9953	0.0027	0.9892	0.0032	0.9724	0.0096	0.9354	0.0417
COG2123	0.0000	0.5028	0.0863	0.0604	0.0351	0.2656	0.1111	0.5422	0.1403	0.7938	0.1264
COG2124	0.0000	0.0036	0.0023	0.0006	0.0004	0.0007	0.0008	0.0011	0.0005	0.0017	0.0004
COG2125	0.8350	0.9994	0.0003	1.0000	0.0000	0.9998	0.0001	0.9993	0.0003	0.9984	0.0007
COG2126	0.0000	0.6180	0.0818	0.1446	0.0429	0.3697	0.0679	0.5701	0.0640	0.6218	0.0677
COG2127	0.0350	0.0036	0.0023	0.1273	0.0708	0.0667	0.0291	0.0004	0.0003	0.0004	0.0003
COG2128	0.0000	0.0422	0.0157	0.0078	0.0096	0.0055	0.0029	0.0103	0.0037	0.0141	0.0044
COG2129	0.0500	0.9887	0.0048	0.9999	0.0001	0.9992	0.0004	0.9963	0.0013	0.7291	0.0792
COG2130	0.0000	0.0076	0.0059	0.0014	0.0010	0.0026	0.0014	0.0037	0.0021	0.0041	0.0025
COG2131	0.0000	0.2717	0.1137	0.0241	0.0298	0.0941	0.0622	0.3483	0.0918	0.4352	0.0682
COG2132	0.0000	0.0446	0.0197	0.0078	0.0082	0.0189	0.0089	0.0295	0.0089	0.0224	0.0070
COG2133	0.0000	0.0983	0.0313	0.0128	0.0090	0.0426	0.0098	0.0625	0.0147	0.0701	0.0139
COG2134	0.0000	0.0007	0.0003	0.0005	0.0002	0.0005	0.0002	0.0004	0.0002	0.0006	0.0003
COG2135	0.0000	0.0176	0.0095	0.0018	0.0015	0.0035	0.0020	0.0078	0.0025	0.0088	0.0031
COG2136	0.0050	0.9360	0.0400	0.9996	0.0003	0.3297	0.0719	0.3503	0.1103	0.3722	0.1512
COG2137	0.0000	0.0002	0.0002	0.0000	0.0000	0.0001	0.0001	0.0003	0.0002	0.0008	0.0004
COG2138	0.0050	0.8909	0.0551	0.9977	0.0024	0.0742	0.0400	0.1000	0.0397	0.1035	0.0365
COG2139	0.2050	0.9959	0.0013	1.0000	0.0000	0.9998	0.0001	0.9993	0.0002	0.9987	0.0006
COG2140	0.1400	0.8703	0.0898	0.9979	0.0018	0.9886	0.0086	0.9620	0.0230	0.9336	0.0426
COG2141	0.0000	0.5626	0.1228	0.2181	0.0908	0.2523	0.1266	0.2110	0.0843	0.2122	0.0652
COG2142	0.0000	0.1049	0.0847	0.0124	0.0122	0.0201	0.0230	0.0477	0.0361	0.0278	0.0185
COG2143	0.0100	0.0748	0.0205	0.6332	0.0963	0.0021	0.0005	0.0042	0.0019	0.0046	0.0015
COG2144	0.3650	0.9238	0.0426	0.9977	0.0016	0.9827	0.0099	0.9019	0.0235	0.7911	0.0552
COG2145	0.0000	0.1531	0.0395	0.0402	0.0210	0.0626	0.0379	0.1149	0.0339	0.1401	0.0300
COG2146	0.0000	0.1659	0.0697	0.0647	0.0349	0.0639	0.0341	0.0709	0.0267	0.0773	0.0231
COG2147	0.1600	0.9978	0.0007	1.0000	0.0000	0.9999	0.0000	0.9998	0.0001	0.9994	0.0003
COG2148	0.0000	0.0186	0.0096	0.0016	0.0012	0.0067	0.0046	0.0070	0.0051	0.0061	0.0054
COG2149	0.0000	0.0127	0.0049	0.0026	0.0010	0.0039	0.0012	0.0045	0.0015	0.0038	0.0015
COG2150	0.0800	0.9806	0.0190	0.9995	0.0006	0.9985	0.0017	0.9965	0.0042	0.6793	0.0888
COG2151	0.0000	0.3913	0.1250	0.1637	0.0618	0.3644	0.0619	0.4924	0.0488	0.4303	0.0931
COG2152	0.0050	0.6157	0.0829	0.9948	0.0031	0.0585	0.0191	0.1432	0.0361	0.1814	0.0467
COG2153	0.0000	0.0175	0.0060	0.0041	0.0024	0.0178	0.0061	0.0233	0.0069	0.0401	0.0101
COG2154	0.0000	0.0263	0.0157	0.0041	0.0045	0.0141	0.0080	0.0132	0.0051	0.0166	0.0089
COG2155	0.0000	0.0020	0.0014	0.0001	0.0001	0.0009	0.0006	0.0035	0.0017	0.0096	0.0037
COG2156	0.0000	0.0609	0.0312	0.0207	0.0111	0.0270	0.0122	0.0073	0.0035	0.0061	0.0039
COG2157	0.0000	0.8452	0.0467	0.3441	0.0744	0.4251	0.0852	0.5576	0.0817	0.6194	0.0889
COG2158	0.0000	0.0516	0.0570	0.0128	0.0126	0.0349	0.0380	0.0419	0.0411	0.0628	0.0475
COG2159	0.0000	0.4170	0.0773	0.0839	0.0606	0.0644	0.0357	0.1250	0.0396	0.1013	0.0298
COG2160	0.0000	0.0008	0.0003	0.0001	0.0001	0.0005	0.0002	0.0012	0.0005	0.0017	0.0005
COG2161	0.0000	0.0151	0.0048	0.0015	0.0005	0.0028	0.0012	0.0050	0.0017	0.0060	0.0018
COG2162	0.0000	0.0088	0.0028	0.0016	0.0007	0.0039	0.0012	0.0046	0.0017	0.0028	0.0011
COG2163	0.0000	0.2508	0.1926	0.0832	0.0792	0.1749	0.1260	0.1954	0.1558	0.2248	0.1842
COG2164	0.0000	0.9844	0.0092	0.9978	0.0017	0.9910	0.0063	0.9828	0.0114	0.9458	0.0121
COG2165	0.0000	0.0026	0.0020	0.0004	0.0004	0.0022	0.0016	0.0038	0.0026	0.0047	0.0023
COG2166	0.0000	0.0035	0.0026	0.0011	0.0010	0.0037	0.0022	0.0092	0.0058	0.0129	0.0051
COG2167	0.0100	0.9690	0.0110	0.9998	0.0001	0.3718	0.0780	0.5417	0.0640	0.5676	0.0647
COG2168	0.0000	0.0221	0.0201	0.0089	0.0054	0.0071	0.0068	0.0056	0.0080	0.0032	0.0041
COG2169	0.0000	0.0014	0.0005	0.0002	0.0001	0.0006	0.0002	0.0015	0.0004	0.0023	0.0008
COG2170	0.0000	0.0663	0.0353	0.0156	0.0148	0.0145	0.0105	0.0110	0.0071	0.0101	0.0057
COG2171	0.0000	0.0175	0.0112	0.0038	0.0029	0.0111	0.0055	0.0130	0.0045	0.0202	0.0060
COG2172	0.0000	0.0173	0.0048	0.0017	0.0006	0.0173	0.0054	0.0174	0.0062	0.0190	0.0055
COG2173	0.0000	0.0008	0.0005	0.0001	0.0001	0.0003	0.0001	0.0011	0.0005	0.0019	0.0008
COG2174	0.0050	0.4140	0.2391	0.9953	0.0068	0.0598	0.0496	0.0654	0.0682	0.1070	0.1147
COG2175	0.0000	0.0004	0.0003	0.0001	0.0001	0.0003	0.0003	0.0006	0.0004	0.0012	0.0007
COG2176	0.0000	0.0018	0.0012	0.0002	0.0002	0.0013	0.0011	0.0031	0.0018	0.0071	0.0035
COG2177	0.0000	0.0001	0.0001	0.0000	0.0000	0.0001	0.0000	0.0003	0.0001	0.0007	0.0003
COG2178	0.0000	0.5258	0.1276	0.0641	0.0306	0.1610	0.0610	0.2833	0.0987	0.3772	0.1128
COG2179	0.0000	0.0013	0.0010	0.0001	0.0001	0.0005	0.0004	0.0018	0.0016	0.0036	0.0031
COG2180	0.0000	0.0136	0.0043	0.0103	0.0061	0.0157	0.0086	0.0230	0.0074	0.0222	0.0090
COG2181	0.0000	0.0542	0.0138	0.0197	0.0113	0.0314	0.0080	0.0455	0.0216	0.0299	0.0173
COG2182	0.0000	0.0368	0.0173	0.0057	0.0038	0.0065	0.0033	0.0151	0.0064	0.0185	0.0075
COG2183	0.0000	0.0024	0.0016	0.0001	0.0001	0.0004	0.0004	0.0010	0.0006	0.0024	0.0009
COG2184	0.0000	0.0004	0.0001	0.0001	0.0000	0.0002	0.0000	0.0004	0.0001	0.0010	0.0003
COG2185	0.0050	0.8303	0.1337	0.9913	0.0077	0.8770	0.0870	0.8103	0.1075	0.4821	0.1581
COG2186	0.0000	0.0044	0.0023	0.0007	0.0004	0.0009	0.0005	0.0011	0.0006	0.0008	0.0005
COG2187	0.0000	0.0035	0.0022	0.0011	0.0011	0.0021	0.0018	0.0030	0.0021	0.0039	0.0020
COG2188	0.0000	0.0025	0.0021	0.0004	0.0003	0.0005	0.0004	0.0010	0.0009	0.0010	0.0011
COG2189	0.0050	0.4799	0.0672	0.9929	0.0023	0.0266	0.0105	0.0216	0.0097	0.0288	0.0124
COG2190	0.0000	0.0007	0.0004	0.0002	0.0002	0.0013	0.0006	0.0018	0.0008	0.0046	0.0022
COG2191	0.0050	0.8525	0.0818	0.9972	0.0021	0.1352	0.0498	0.1926	0.0639	0.0960	0.0299
COG2192	0.0000	0.1063	0.0657	0.0295	0.0237	0.0700	0.0477	0.0740	0.0434	0.0697	0.0364
COG2193	0.0000	0.0959	0.0292	0.0180	0.0063	0.0405	0.0115	0.0413	0.0087	0.0453	0.0164
COG2194	0.0000	0.0046	0.0028	0.0015	0.0007	0.0028	0.0017	0.0038	0.0028	0.0045	0.0027
COG2195	0.0000	0.0328	0.0137	0.0054	0.0022	0.0113	0.0053	0.0202	0.0087	0.0296	0.0112
COG2197	0.0000	0.0174	0.0077	0.0017	0.0017	0.0041	0.0021	0.0103	0.0028	0.0114	0.0045
COG2198	0.0000	0.0030	0.0016	0.0006	0.0005	0.0018	0.0013	0.0027	0.0017	0.0039	0.0020
COG2199	0.0000	0.1021	0.0342	0.0123	0.0149	0.0457	0.0211	0.0773	0.0268	0.0895	0.0227
COG2200	0.0000	0.0008	0.0005	0.0002	0.0001	0.0007	0.0005	0.0008	0.0006	0.0016	0.0010
COG2201	0.0000	0.8540	0.0737	0.2789	0.2257	0.7150	0.1619	0.7390	0.1228	0.5956	0.1274
COG2202	0.0000	0.4699	0.0868	0.0697	0.0804	0.1269	0.1007	0.1528	0.0702	0.1025	0.0230
COG2203	0.0000	0.2352	0.0693	0.0334	0.0419	0.0606	0.0421	0.0833	0.0336	0.0653	0.0236
COG2204	0.0000	0.0513	0.0265	0.0075	0.0066	0.0318	0.0108	0.0673	0.0236	0.1017	0.0308
COG2205	0.0000	0.0000	0.0000	0.0000	0.0000	0.0000	0.0000	0.0000	0.0000	0.0000	0.0000
COG2206	0.0000	0.0054	0.0032	0.0005	0.0004	0.0025	0.0019	0.0042	0.0024	0.0066	0.0041
COG2207	0.0000	0.0052	0.0018	0.0008	0.0004	0.0025	0.0009	0.0041	0.0012	0.0071	0.0018
COG2208	0.0000	0.0105	0.0046	0.0009	0.0004	0.0050	0.0016	0.0106	0.0043	0.0189	0.0081
COG2209	0.0000	0.0003	0.0003	0.0001	0.0001	0.0003	0.0003	0.0005	0.0004	0.0007	0.0006
COG2210	0.0000	0.4296	0.1015	0.1171	0.0685	0.0793	0.0523	0.1050	0.0357	0.0241	0.0193
COG2211	0.0000	0.0242	0.0152	0.0035	0.0031	0.0057	0.0031	0.0104	0.0048	0.0137	0.0058
COG2212	0.0100	0.9133	0.0637	0.9974	0.0023	0.5739	0.1429	0.4632	0.1739	0.5362	0.1682
COG2213	0.0000	0.0002	0.0000	0.0000	0.0000	0.0001	0.0000	0.0003	0.0001	0.0007	0.0002
COG2214	0.0000	0.0033	0.0029	0.0006	0.0006	0.0021	0.0019	0.0030	0.0020	0.0054	0.0034
COG2215	0.0000	0.0222	0.0119	0.0081	0.0038	0.0103	0.0060	0.0106	0.0049	0.0249	0.0127
COG2216	0.0150	0.1304	0.0354	0.7721	0.1024	0.4030	0.0947	0.0077	0.0033	0.0062	0.0029
COG2217	0.0000	0.4922	0.0517	0.0578	0.0518	0.0714	0.0281	0.1391	0.0427	0.2260	0.0787
COG2218	0.0000	0.5613	0.1178	0.2319	0.0862	0.3125	0.1322	0.0455	0.0303	0.0333	0.0238
COG2219	0.0000	0.9588	0.0272	0.7410	0.1202	0.8070	0.0783	0.8710	0.0589	0.9067	0.0466
COG2220	0.0000	0.9146	0.0239	0.6024	0.1228	0.5964	0.1006	0.6938	0.0508	0.7562	0.0434
COG2221	0.0000	0.1948	0.0907	0.0424	0.0213	0.0461	0.0138	0.0609	0.0246	0.0480	0.0168
COG2222	0.0000	0.0858	0.0429	0.0083	0.0038	0.0538	0.0161	0.1214	0.0451	0.1549	0.0586
COG2223	0.0000	0.0976	0.0412	0.0246	0.0157	0.0417	0.0221	0.1044	0.0409	0.1137	0.0358
COG2224	0.0000	0.0949	0.0337	0.2226	0.0650	0.1358	0.0470	0.0544	0.0167	0.0530	0.0159
COG2225	0.0000	0.0031	0.0017	0.0013	0.0005	0.0015	0.0006	0.0022	0.0008	0.0040	0.0016
COG2226	0.0000	0.0442	0.0242	0.0073	0.0043	0.0202	0.0091	0.0432	0.0141	0.0421	0.0195
COG2227	0.0000	0.1371	0.0438	0.0254	0.0180	0.0803	0.0313	0.0908	0.0320	0.0934	0.0260
COG2229	0.0000	0.2835	0.0945	0.0674	0.0556	0.0759	0.0395	0.0679	0.0269	0.0673	0.0403
COG2230	0.0000	0.0235	0.0092	0.0037	0.0032	0.0120	0.0063	0.0153	0.0051	0.0184	0.0032
COG2231	0.0150	0.6802	0.1177	0.9973	0.0017	0.9876	0.0071	0.9859	0.0066	0.9549	0.0233
COG2232	0.0250	0.9164	0.0466	0.9991	0.0007	0.9919	0.0061	0.0525	0.0274	0.0289	0.0165
COG2233	0.0000	0.0203	0.0091	0.0048	0.0022	0.0032	0.0015	0.0071	0.0045	0.0139	0.0104
COG2234	0.0150	0.8563	0.0610	0.9980	0.0010	0.9842	0.0073	0.1360	0.0402	0.1122	0.0244
COG2235	0.0000	0.0340	0.0198	0.0085	0.0053	0.0143	0.0057	0.0026	0.0006	0.0095	0.0023
COG2236	0.0000	0.8449	0.0538	0.4915	0.1436	0.6993	0.1004	0.7490	0.0862	0.7673	0.0859
COG2237	0.8400	0.9961	0.0042	0.9998	0.0001	0.9994	0.0004	0.9988	0.0010	0.9977	0.0022
COG2238	0.2600	0.9972	0.0011	1.0000	0.0000	0.9999	0.0000	0.9993	0.0003	0.9972	0.0014
COG2239	0.0000	0.0211	0.0060	0.0022	0.0009	0.0064	0.0034	0.0289	0.0155	0.0637	0.0296
COG2240	0.0000	0.0003	0.0001	0.0001	0.0000	0.0003	0.0001	0.0007	0.0002	0.0016	0.0005
COG2241	0.0000	0.0869	0.0427	0.0099	0.0093	0.0065	0.0034	0.0062	0.0040	0.0050	0.0038
COG2242	0.0000	0.2680	0.0498	0.0513	0.0199	0.0906	0.0191	0.0844	0.0343	0.0735	0.0378
COG2243	0.0000	0.1375	0.0583	0.0161	0.0213	0.0127	0.0049	0.0183	0.0068	0.0136	0.0050
COG2244	0.0000	0.9969	0.0011	0.9999	0.0001	0.9988	0.0004	0.9926	0.0024	0.9697	0.0114
COG2245	0.0000	0.0732	0.0437	0.0208	0.0152	0.0756	0.0379	0.1056	0.0457	0.0935	0.0374
COG2246	0.0000	0.0373	0.0092	0.0040	0.0017	0.0189	0.0068	0.0304	0.0077	0.0526	0.0101
COG2247	0.0000	0.1073	0.0754	0.0243	0.0225	0.0449	0.0298	0.0653	0.0386	0.0516	0.0259
COG2248	0.3500	0.9980	0.0009	1.0000	0.0000	0.9998	0.0001	0.9994	0.0003	0.9974	0.0011
COG2249	0.0000	0.0348	0.0148	0.0043	0.0041	0.0102	0.0058	0.0121	0.0036	0.0168	0.0069
COG2250	0.0950	0.9565	0.0128	0.9998	0.0001	0.9975	0.0006	0.9683	0.0092	0.1304	0.0432
COG2251	0.0000	0.0045	0.0031	0.0006	0.0009	0.0019	0.0012	0.0039	0.0020	0.0073	0.0023
COG2252	0.0050	0.6435	0.1393	0.9932	0.0033	0.0579	0.0281	0.0842	0.0251	0.1166	0.0319
COG2253	0.0050	0.7651	0.0716	0.9991	0.0005	0.0257	0.0097	0.0421	0.0106	0.0456	0.0114
COG2254	0.0000	0.1063	0.0317	0.0455	0.0165	0.0662	0.0191	0.0806	0.0175	0.0622	0.0140
COG2255	0.0000	0.0013	0.0006	0.0000	0.0000	0.0002	0.0001	0.0010	0.0008	0.0025	0.0018
COG2256	0.0000	0.0029	0.0017	0.0001	0.0001	0.0008	0.0004	0.0033	0.0014	0.0075	0.0034
COG2257	0.0000	0.0007	0.0005	0.0001	0.0001	0.0007	0.0006	0.0010	0.0005	0.0016	0.0007
COG2258	0.0000	0.0235	0.0111	0.0041	0.0019	0.0103	0.0061	0.0251	0.0230	0.0325	0.0256
COG2259	0.0000	0.0045	0.0046	0.0006	0.0008	0.0022	0.0018	0.0061	0.0053	0.0126	0.0109
COG2260	0.0000	0.3351	0.1293	0.0370	0.0279	0.1451	0.0684	0.2171	0.0935	0.2584	0.1011
COG2261	0.0000	0.0003	0.0001	0.0000	0.0000	0.0001	0.0000	0.0002	0.0001	0.0004	0.0002
COG2262	0.1000	0.9681	0.0130	0.9993	0.0012	0.9964	0.0047	0.9911	0.0079	0.9674	0.0172
COG2263	0.0250	0.9884	0.0069	0.9999	0.0001	0.9993	0.0003	0.6997	0.0790	0.7142	0.0867
COG2264	0.0000	0.0035	0.0016	0.0004	0.0002	0.0017	0.0009	0.0024	0.0009	0.0030	0.0012
COG2265	0.0000	0.0275	0.0201	0.0022	0.0019	0.0141	0.0100	0.0413	0.0240	0.0626	0.0299
COG2266	0.0000	0.7511	0.0705	0.3377	0.1208	0.3210	0.0885	0.4391	0.1034	0.3438	0.0850
COG2267	0.0000	0.1650	0.0785	0.0161	0.0139	0.0445	0.0306	0.0640	0.0328	0.0925	0.0350
COG2268	0.0000	0.0051	0.0042	0.0006	0.0005	0.0018	0.0009	0.0053	0.0025	0.0115	0.0057
COG2269	0.0000	0.0014	0.0010	0.0003	0.0003	0.0010	0.0006	0.0040	0.0021	0.0065	0.0022
COG2270	0.0000	0.0114	0.0056	0.0022	0.0005	0.0048	0.0019	0.0097	0.0028	0.0130	0.0045
COG2271	0.0000	0.0743	0.0243	0.0112	0.0103	0.0131	0.0056	0.0486	0.0112	0.0763	0.0155
COG2272	0.0000	0.0061	0.0021	0.0009	0.0004	0.0013	0.0005	0.0025	0.0010	0.0036	0.0015
COG2273	0.0000	0.0118	0.0056	0.0020	0.0016	0.0055	0.0033	0.0140	0.0068	0.0238	0.0068
COG2274	0.0000	0.0020	0.0008	0.0003	0.0001	0.0017	0.0006	0.0029	0.0012	0.0054	0.0017
COG2301	0.0000	0.0687	0.0369	0.0124	0.0081	0.0466	0.0284	0.0375	0.0127	0.0261	0.0112
COG2302	0.0000	0.0010	0.0003	0.0001	0.0001	0.0006	0.0003	0.0009	0.0004	0.0016	0.0007
COG2303	0.0000	0.0513	0.0233	0.0074	0.0018	0.0173	0.0069	0.0286	0.0084	0.0390	0.0116
COG2304	0.0000	0.4880	0.0904	0.0659	0.0377	0.1574	0.0737	0.1629	0.0599	0.1843	0.0627
COG2306	0.0000	0.0373	0.0191	0.0078	0.0040	0.0151	0.0070	0.0209	0.0074	0.0185	0.0058
COG2307	0.0000	0.0022	0.0016	0.0004	0.0003	0.0009	0.0005	0.0010	0.0006	0.0015	0.0009
COG2308	0.0000	0.0033	0.0022	0.0006	0.0003	0.0013	0.0005	0.0020	0.0010	0.0035	0.0020
COG2309	0.0000	0.1793	0.0281	0.0129	0.0067	0.0781	0.0330	0.1853	0.0331	0.2399	0.0463
COG2310	0.0000	0.0014	0.0005	0.0002	0.0001	0.0007	0.0003	0.0017	0.0006	0.0029	0.0011
COG2311	0.0000	0.0017	0.0013	0.0003	0.0002	0.0007	0.0004	0.0015	0.0009	0.0015	0.0009
COG2312	0.0000	0.0120	0.0027	0.0024	0.0010	0.0048	0.0012	0.0072	0.0022	0.0092	0.0024
COG2313	0.0000	0.0003	0.0002	0.0000	0.0000	0.0001	0.0000	0.0002	0.0001	0.0004	0.0002
COG2314	0.0000	0.0331	0.0086	0.0037	0.0016	0.0166	0.0059	0.0311	0.0078	0.0574	0.0122
COG2315	0.0000	0.0024	0.0007	0.0002	0.0001	0.0010	0.0004	0.0029	0.0010	0.0066	0.0022
COG2316	0.0000	0.2334	0.0773	0.0351	0.0189	0.0766	0.0601	0.1138	0.0812	0.1519	0.1044
COG2317	0.0000	0.1519	0.0623	0.0141	0.0089	0.0217	0.0140	0.0282	0.0162	0.0429	0.0157
COG2318	0.0000	0.0027	0.0022	0.0008	0.0006	0.0008	0.0006	0.0007	0.0006	0.0010	0.0006
COG2319	0.0000	0.3049	0.0665	0.0865	0.0434	0.0958	0.0413	0.0619	0.0249	0.0491	0.0222
COG2320	0.0000	0.0384	0.0157	0.0058	0.0031	0.0114	0.0067	0.0094	0.0040	0.0115	0.0048
COG2321	0.0000	0.0015	0.0010	0.0005	0.0004	0.0012	0.0007	0.0010	0.0004	0.0019	0.0007
COG2322	0.0000	0.0063	0.0041	0.0025	0.0020	0.0022	0.0025	0.0029	0.0028	0.0043	0.0033
COG2323	0.0000	0.0016	0.0005	0.0003	0.0001	0.0010	0.0005	0.0011	0.0005	0.0022	0.0008
COG2324	0.0000	0.2178	0.0754	0.0498	0.0259	0.0421	0.0232	0.0382	0.0151	0.0394	0.0137
COG2326	0.0000	0.0101	0.0039	0.0019	0.0010	0.0059	0.0026	0.0084	0.0018	0.0114	0.0030
COG2327	0.0000	0.1367	0.0167	0.0198	0.0038	0.0444	0.0074	0.0540	0.0121	0.0587	0.0136
COG2329	0.0000	0.0884	0.0252	0.0281	0.0177	0.0211	0.0108	0.0156	0.0047	0.0177	0.0071
COG2331	0.0000	0.0073	0.0044	0.0014	0.0011	0.0018	0.0012	0.0028	0.0013	0.0022	0.0008
COG2332	0.0050	0.0577	0.0245	0.3422	0.0873	0.0027	0.0021	0.0050	0.0027	0.0085	0.0036
COG2333	0.0000	0.0444	0.0136	0.0034	0.0011	0.0160	0.0047	0.0268	0.0080	0.0362	0.0132
COG2334	0.0000	0.0018	0.0009	0.0002	0.0002	0.0009	0.0004	0.0025	0.0011	0.0072	0.0028
COG2335	0.0000	0.0284	0.0071	0.0035	0.0015	0.0144	0.0037	0.0177	0.0044	0.0293	0.0106
COG2336	0.0000	0.0007	0.0002	0.0001	0.0000	0.0003	0.0001	0.0005	0.0001	0.0009	0.0002
COG2337	0.0000	0.0582	0.0189	0.0036	0.0030	0.0198	0.0099	0.0158	0.0050	0.0210	0.0064
COG2339	0.0050	0.5847	0.1284	0.9859	0.0081	0.0374	0.0205	0.0582	0.0168	0.1269	0.0435
COG2340	0.0000	0.8753	0.0391	0.9785	0.0114	0.9320	0.0276	0.8036	0.0606	0.6499	0.0641
COG2342	0.0000	0.0982	0.0335	0.0269	0.0082	0.0274	0.0078	0.0371	0.0131	0.0367	0.0147
COG2343	0.0000	0.0077	0.0039	0.0012	0.0009	0.0044	0.0022	0.0071	0.0029	0.0118	0.0045
COG2344	0.0000	0.0008	0.0004	0.0001	0.0001	0.0005	0.0002	0.0005	0.0002	0.0010	0.0004
COG2345	0.0000	0.1013	0.0454	0.0285	0.0227	0.0294	0.0104	0.0430	0.0141	0.0377	0.0079
COG2346	0.0000	0.0089	0.0055	0.0023	0.0020	0.0045	0.0030	0.0038	0.0016	0.0047	0.0018
COG2348	0.0000	0.0093	0.0034	0.0012	0.0007	0.0042	0.0016	0.0074	0.0032	0.0089	0.0042
COG2350	0.0000	0.0179	0.0052	0.0039	0.0021	0.0071	0.0028	0.0047	0.0011	0.0067	0.0012
COG2351	0.0000	0.0050	0.0009	0.0011	0.0003	0.0020	0.0007	0.0028	0.0008	0.0036	0.0013
COG2352	0.0000	0.0026	0.0012	0.0004	0.0003	0.0010	0.0005	0.0018	0.0007	0.0032	0.0022
COG2353	0.0000	0.1023	0.0494	0.3241	0.1476	0.1652	0.0780	0.1160	0.0707	0.0743	0.0546
COG2354	0.0000	0.0011	0.0006	0.0003	0.0003	0.0007	0.0004	0.0011	0.0007	0.0014	0.0009
COG2355	0.0000	0.1601	0.0833	0.0363	0.0217	0.0409	0.0222	0.0523	0.0265	0.0415	0.0232
COG2356	0.0000	0.0018	0.0015	0.0005	0.0005	0.0014	0.0010	0.0019	0.0013	0.0039	0.0020
COG2357	0.0000	0.4729	0.0886	0.9104	0.0307	0.7280	0.0929	0.4879	0.1029	0.3882	0.0980
COG2358	0.0000	0.0734	0.0319	0.0088	0.0041	0.0218	0.0061	0.0316	0.0084	0.0296	0.0097
COG2359	0.0000	0.0073	0.0036	0.0016	0.0013	0.0034	0.0019	0.0043	0.0020	0.0073	0.0036
COG2360	0.0000	0.0006	0.0006	0.0002	0.0002	0.0004	0.0004	0.0005	0.0006	0.0008	0.0010
COG2361	0.0100	0.8777	0.0328	0.9991	0.0003	0.1779	0.0483	0.0746	0.0158	0.0830	0.0161
COG2362	0.0000	0.0888	0.0332	0.0210	0.0119	0.0190	0.0085	0.0230	0.0098	0.0207	0.0079
COG2363	0.0000	0.0003	0.0003	0.0001	0.0001	0.0001	0.0001	0.0001	0.0001	0.0003	0.0002
COG2364	0.0000	0.0018	0.0013	0.0003	0.0002	0.0007	0.0003	0.0018	0.0010	0.0046	0.0021
COG2365	0.0000	0.0026	0.0010	0.0005	0.0002	0.0015	0.0005	0.0025	0.0013	0.0034	0.0017
COG2366	0.0000	0.0936	0.0381	0.0225	0.0264	0.0087	0.0042	0.0097	0.0047	0.0107	0.0055
COG2367	0.0000	0.0020	0.0016	0.0002	0.0002	0.0008	0.0006	0.0017	0.0012	0.0025	0.0014
COG2368	0.0000	0.0866	0.0512	0.0129	0.0107	0.0149	0.0094	0.0161	0.0083	0.0133	0.0066
COG2369	0.0000	0.0099	0.0052	0.0010	0.0007	0.0033	0.0018	0.0058	0.0023	0.0095	0.0034
COG2370	0.0000	0.0006	0.0003	0.0002	0.0001	0.0004	0.0002	0.0007	0.0003	0.0012	0.0004
COG2371	0.0000	0.0017	0.0017	0.0005	0.0003	0.0005	0.0002	0.0006	0.0003	0.0009	0.0005
COG2372	0.0000	0.0014	0.0004	0.0005	0.0003	0.0006	0.0002	0.0008	0.0002	0.0013	0.0004
COG2373	0.0000	0.0240	0.0069	0.0032	0.0015	0.0128	0.0051	0.0186	0.0066	0.0371	0.0120
COG2374	0.0000	0.0531	0.0179	0.0096	0.0058	0.0228	0.0104	0.0291	0.0115	0.0367	0.0123
COG2375	0.0000	0.0014	0.0013	0.0006	0.0009	0.0009	0.0009	0.0011	0.0012	0.0010	0.0008
COG2376	0.0000	0.0115	0.0064	0.0017	0.0013	0.0024	0.0012	0.0046	0.0020	0.0059	0.0033
COG2377	0.0000	0.0044	0.0019	0.0011	0.0004	0.0025	0.0009	0.0040	0.0011	0.0060	0.0022
COG2378	0.0000	0.5078	0.0842	0.9092	0.0343	0.6056	0.0755	0.2837	0.0529	0.1451	0.0340
COG2379	0.0050	0.9397	0.0314	0.9995	0.0004	0.3300	0.1322	0.2588	0.1035	0.2166	0.0647
COG2380	0.0000	0.0073	0.0034	0.0014	0.0005	0.0030	0.0010	0.0030	0.0011	0.0035	0.0013
COG2382	0.0000	0.0028	0.0029	0.0007	0.0006	0.0008	0.0006	0.0012	0.0006	0.0027	0.0010
COG2383	0.0000	0.2455	0.0865	0.0771	0.0426	0.1304	0.0675	0.1082	0.0589	0.0816	0.0528
COG2384	0.0000	0.0006	0.0003	0.0001	0.0001	0.0005	0.0003	0.0009	0.0006	0.0013	0.0008
COG2385	0.0000	0.0013	0.0007	0.0001	0.0001	0.0006	0.0004	0.0021	0.0012	0.0040	0.0023
COG2386	0.0000	0.1923	0.0702	0.0615	0.0266	0.0314	0.0137	0.0438	0.0170	0.0552	0.0302
COG2388	0.0000	0.0134	0.0055	0.0033	0.0019	0.0148	0.0077	0.0360	0.0140	0.0536	0.0199
COG2389	0.0000	0.0170	0.0063	0.0048	0.0028	0.0055	0.0025	0.0056	0.0027	0.0043	0.0024
COG2390	0.0000	0.0027	0.0013	0.0006	0.0004	0.0007	0.0004	0.0013	0.0007	0.0019	0.0008
COG2391	0.0000	0.9724	0.0093	0.9943	0.0032	0.9664	0.0199	0.9225	0.0331	0.6626	0.1096
COG2401	0.0000	0.1225	0.0263	0.0287	0.0076	0.0487	0.0144	0.0566	0.0199	0.0589	0.0206
COG2402	0.0000	0.4654	0.0832	0.0871	0.0305	0.1400	0.0404	0.0848	0.0258	0.0502	0.0172
COG2403	0.0100	0.8335	0.0950	0.9995	0.0002	0.2292	0.0960	0.2164	0.0734	0.3057	0.0662
COG2404	0.0250	0.6489	0.1669	0.9954	0.0040	0.9684	0.0228	0.0789	0.0334	0.0987	0.0392
COG2405	0.0500	0.9405	0.0159	0.9993	0.0002	0.9931	0.0016	0.9252	0.0180	0.1006	0.0235
COG2406	0.0000	0.9450	0.0233	0.9938	0.0028	0.9851	0.0051	0.9175	0.0225	0.6755	0.0757
COG2407	0.0050	0.5736	0.1279	0.9939	0.0070	0.0573	0.0265	0.0524	0.0167	0.0458	0.0167
COG2409	0.0000	0.0200	0.0138	0.0026	0.0016	0.0055	0.0032	0.0180	0.0097	0.0307	0.0123
COG2410	0.0000	0.2967	0.1271	0.0759	0.0392	0.2688	0.0957	0.3769	0.1135	0.5441	0.1031
COG2411	0.0000	0.4134	0.1357	0.1052	0.0673	0.3078	0.1505	0.3578	0.1263	0.2465	0.0860
COG2412	0.0100	0.9755	0.0321	0.9999	0.0001	0.3119	0.1472	0.5635	0.1446	0.7317	0.1138
COG2413	0.0050	0.9021	0.0633	0.9982	0.0019	0.2998	0.0964	0.3070	0.0631	0.2850	0.0582
COG2414	0.0000	0.9940	0.0028	0.9352	0.0337	0.9776	0.0098	0.9795	0.0094	0.9368	0.0217
COG2419	0.0000	0.0347	0.0243	0.0444	0.0788	0.0250	0.0189	0.0238	0.0141	0.0304	0.0200
COG2421	0.0000	0.0626	0.0291	0.0116	0.0057	0.0121	0.0083	0.0184	0.0087	0.0241	0.0073
COG2423	0.0000	0.6846	0.0933	0.2304	0.0592	0.1662	0.0614	0.2062	0.0566	0.1753	0.0644
COG2425	0.0350	0.4955	0.1440	0.9749	0.0189	0.9022	0.0636	0.0735	0.0407	0.1178	0.0610
COG2426	0.0000	0.5936	0.1601	0.1097	0.0450	0.3142	0.1288	0.4703	0.1689	0.6001	0.1636
COG2427	0.0000	0.1062	0.0347	0.0145	0.0041	0.0144	0.0044	0.0357	0.0128	0.0457	0.0231
COG2428	0.0000	0.0418	0.0289	0.0260	0.0256	0.0563	0.0400	0.0734	0.0471	0.0919	0.0376
COG2429	0.0100	0.3788	0.1288	0.9094	0.1140	0.0558	0.0183	0.0602	0.0290	0.0419	0.0329
COG2430	0.0000	0.4263	0.1581	0.1133	0.0639	0.1817	0.0658	0.2054	0.0592	0.2702	0.0511
COG2431	0.0000	0.0455	0.0254	0.0075	0.0039	0.0169	0.0088	0.0248	0.0128	0.0370	0.0173
COG2433	0.0000	0.8143	0.0740	0.2531	0.0952	0.4393	0.1217	0.5938	0.1289	0.6854	0.1326
COG2440	0.0000	0.0650	0.0307	0.0064	0.0051	0.0035	0.0021	0.0182	0.0082	0.0235	0.0127
COG2441	0.0100	0.8312	0.0865	0.9959	0.0044	0.2005	0.0724	0.0856	0.0405	0.1037	0.0624
COG2442	0.0050	0.8937	0.0312	0.9994	0.0002	0.2986	0.0634	0.0564	0.0195	0.0345	0.0124
COG2443	0.1750	0.9484	0.0338	0.9998	0.0002	0.9983	0.0012	0.9955	0.0042	0.9910	0.0093
COG2445	0.0300	0.9585	0.0109	0.9997	0.0001	0.9956	0.0013	0.2158	0.0437	0.1426	0.0451
COG2450	0.0050	0.9749	0.0303	0.9999	0.0001	0.4054	0.1019	0.5988	0.0886	0.6726	0.0669
COG2451	0.0000	0.0405	0.0428	0.0105	0.0161	0.0376	0.0428	0.0392	0.0406	0.0509	0.0404
COG2452	0.0000	0.1892	0.0449	0.0359	0.0104	0.0660	0.0245	0.0653	0.0232	0.0236	0.0088
COG2453	0.0000	0.2111	0.0942	0.0433	0.0337	0.0525	0.0314	0.0667	0.0244	0.0686	0.0223
COG2454	0.1100	0.9467	0.0409	0.9994	0.0003	0.9892	0.0062	0.9624	0.0259	0.8984	0.0808
COG2456	0.0000	0.0364	0.0345	0.0095	0.0081	0.0319	0.0230	0.0210	0.0186	0.0144	0.0120
COG2457	0.0350	0.9786	0.0074	0.9996	0.0002	0.9960	0.0030	0.1637	0.0995	0.1356	0.0827
COG2461	0.0000	0.1400	0.0461	0.0280	0.0130	0.0756	0.0270	0.0737	0.0286	0.0810	0.0248
COG2469	0.1050	0.6223	0.1794	0.9409	0.0638	0.9527	0.0462	0.9297	0.0522	0.8282	0.0818
COG2501	0.0000	0.0016	0.0016	0.0002	0.0002	0.0004	0.0003	0.0011	0.0007	0.0012	0.0007
COG2502	0.0000	0.0008	0.0004	0.0001	0.0001	0.0009	0.0004	0.0033	0.0017	0.0087	0.0047
COG2503	0.0000	0.0008	0.0004	0.0003	0.0002	0.0010	0.0006	0.0012	0.0005	0.0015	0.0007
COG2508	0.0000	0.0021	0.0014	0.0007	0.0004	0.0009	0.0005	0.0014	0.0009	0.0013	0.0008
COG2509	0.0200	0.9586	0.0289	0.9996	0.0003	0.9988	0.0009	0.5926	0.1025	0.5601	0.1211
COG2510	0.2400	0.7578	0.0419	0.9970	0.0009	0.9762	0.0078	0.9137	0.0275	0.8050	0.0575
COG2511	0.0500	0.9964	0.0014	1.0000	0.0000	0.9999	0.0000	0.9993	0.0005	0.8718	0.0513
COG2512	0.0450	0.9409	0.0308	0.9994	0.0002	0.9926	0.0031	0.9831	0.0080	0.2080	0.0831
COG2513	0.0000	0.0327	0.0161	0.0065	0.0041	0.0162	0.0076	0.0242	0.0095	0.0171	0.0080
COG2514	0.0000	0.0016	0.0011	0.0002	0.0001	0.0006	0.0004	0.0012	0.0009	0.0023	0.0020
COG2515	0.0000	0.0712	0.0411	0.0073	0.0067	0.0163	0.0106	0.0181	0.0084	0.0147	0.0061
COG2516	0.0250	0.9863	0.0073	0.9998	0.0001	0.9979	0.0017	0.5841	0.1123	0.4890	0.1088
COG2517	0.0000	0.3268	0.1318	0.2252	0.0917	0.1555	0.0720	0.0932	0.0556	0.1050	0.0631
COG2518	0.1000	0.9984	0.0008	1.0000	0.0000	0.9999	0.0001	0.9994	0.0003	0.9983	0.0009
COG2519	0.0000	0.9257	0.0267	0.5780	0.1136	0.8242	0.0682	0.8906	0.0420	0.8679	0.0370
COG2520	0.6100	0.9997	0.0001	1.0000	0.0000	1.0000	0.0000	0.9998	0.0001	0.9994	0.0002
COG2521	0.0000	0.0358	0.0340	0.0079	0.0103	0.0249	0.0222	0.0572	0.0375	0.0702	0.0408
COG2522	0.0000	0.9830	0.0123	0.9987	0.0017	0.9970	0.0024	0.9893	0.0063	0.9568	0.0162
COG2524	0.0000	0.5071	0.1117	0.1158	0.0724	0.1612	0.0425	0.2225	0.0453	0.2141	0.0838
COG2602	0.0000	0.0008	0.0002	0.0002	0.0001	0.0003	0.0001	0.0004	0.0001	0.0004	0.0001
COG2603	0.0000	0.0033	0.0022	0.0009	0.0006	0.0031	0.0023	0.0055	0.0046	0.0068	0.0062
COG2604	0.0000	0.0025	0.0013	0.0005	0.0003	0.0010	0.0006	0.0015	0.0004	0.0024	0.0006
COG2605	0.0000	0.0284	0.0195	0.0067	0.0029	0.0124	0.0097	0.0169	0.0098	0.0269	0.0089
COG2606	0.0000	0.0521	0.0172	0.0057	0.0031	0.0166	0.0056	0.0311	0.0074	0.0691	0.0256
COG2607	0.0000	0.0031	0.0030	0.0008	0.0008	0.0013	0.0015	0.0018	0.0016	0.0027	0.0024
COG2608	0.0000	0.0083	0.0037	0.0007	0.0006	0.0026	0.0015	0.0054	0.0022	0.0095	0.0031
COG2609	0.0000	0.0001	0.0001	0.0000	0.0000	0.0001	0.0002	0.0002	0.0002	0.0007	0.0004
COG2610	0.0000	0.0240	0.0172	0.0039	0.0056	0.0086	0.0099	0.0126	0.0131	0.0216	0.0192
COG2703	0.0000	0.7184	0.0764	0.9134	0.0292	0.7866	0.0495	0.5153	0.0768	0.2702	0.0681
COG2704	0.0000	0.0002	0.0004	0.0001	0.0001	0.0002	0.0002	0.0003	0.0004	0.0006	0.0006
COG2706	0.0000	0.0048	0.0019	0.0008	0.0004	0.0026	0.0012	0.0050	0.0014	0.0045	0.0012
COG2707	0.0000	0.0295	0.0103	0.1661	0.0566	0.0348	0.0122	0.0185	0.0065	0.0108	0.0029
COG2710	0.0000	0.5567	0.1323	0.2222	0.0613	0.1041	0.0364	0.1022	0.0355	0.1116	0.0563
COG2715	0.0000	0.0009	0.0006	0.0001	0.0001	0.0003	0.0002	0.0008	0.0005	0.0014	0.0008
COG2716	0.0000	0.0021	0.0009	0.0005	0.0002	0.0004	0.0002	0.0010	0.0005	0.0009	0.0005
COG2717	0.0000	0.0009	0.0005	0.0002	0.0001	0.0003	0.0001	0.0006	0.0002	0.0012	0.0004
COG2718	0.0000	0.0502	0.0328	0.0082	0.0112	0.0083	0.0065	0.0071	0.0046	0.0075	0.0048
COG2719	0.0000	0.0443	0.0269	0.0058	0.0068	0.0072	0.0057	0.0076	0.0062	0.0090	0.0074
COG2720	0.0000	0.0008	0.0005	0.0001	0.0001	0.0003	0.0002	0.0012	0.0007	0.0022	0.0013
COG2721	0.0000	0.0886	0.0474	0.0298	0.0292	0.0295	0.0098	0.0189	0.0059	0.0180	0.0032
COG2723	0.0000	0.0362	0.0219	0.0044	0.0057	0.0111	0.0075	0.0197	0.0079	0.0234	0.0069
COG2730	0.0000	0.0860	0.0256	0.0128	0.0054	0.0324	0.0125	0.0499	0.0134	0.0514	0.0094
COG2731	0.0000	0.0003	0.0002	0.0000	0.0000	0.0003	0.0001	0.0006	0.0003	0.0012	0.0006
COG2732	0.0000	0.0016	0.0006	0.0003	0.0002	0.0008	0.0004	0.0011	0.0004	0.0019	0.0006
COG2733	0.0000	0.0007	0.0004	0.0002	0.0002	0.0005	0.0005	0.0009	0.0008	0.0018	0.0013
COG2738	0.0000	0.1585	0.0362	0.6388	0.0914	0.3903	0.0595	0.1742	0.0492	0.0883	0.0351
COG2739	0.0000	0.0009	0.0004	0.0002	0.0001	0.0006	0.0004	0.0015	0.0009	0.0021	0.0011
COG2740	0.0000	0.0015	0.0009	0.0002	0.0001	0.0010	0.0007	0.0024	0.0013	0.0024	0.0013
COG2746	0.0000	0.0102	0.0056	0.0016	0.0010	0.0033	0.0026	0.0043	0.0036	0.0044	0.0037
COG2747	0.0000	0.0009	0.0007	0.0002	0.0003	0.0009	0.0009	0.0010	0.0009	0.0014	0.0010
COG2755	0.0000	0.0160	0.0043	0.0019	0.0013	0.0087	0.0034	0.0110	0.0031	0.0255	0.0073
COG2759	0.0000	0.2449	0.1233	0.0481	0.0400	0.1005	0.0643	0.1918	0.0740	0.1885	0.0587
COG2761	0.0000	0.0195	0.0109	0.0035	0.0029	0.0029	0.0017	0.0067	0.0040	0.0083	0.0044
COG2764	0.0000	0.5821	0.0934	0.9552	0.0169	0.7659	0.0647	0.4703	0.0502	0.3344	0.0396
COG2766	0.0000	0.4887	0.1786	0.7629	0.1660	0.4152	0.1909	0.1929	0.1107	0.1056	0.0405
COG2768	0.3500	0.9877	0.0054	0.9998	0.0001	0.9975	0.0020	0.9817	0.0141	0.9477	0.0390
COG2770	0.0000	0.0018	0.0008	0.0002	0.0001	0.0009	0.0005	0.0013	0.0004	0.0023	0.0008
COG2771	0.0000	0.0110	0.0059	0.0028	0.0014	0.0050	0.0028	0.0059	0.0033	0.0050	0.0032
COG2801	0.0000	0.0838	0.0229	0.0062	0.0051	0.0193	0.0050	0.0422	0.0050	0.0652	0.0048
COG2802	0.0000	0.0025	0.0017	0.0007	0.0004	0.0014	0.0008	0.0013	0.0007	0.0017	0.0011
COG2804	0.0000	0.3905	0.2035	0.6982	0.2121	0.6184	0.1919	0.4907	0.1704	0.3599	0.1296
COG2805	0.0000	0.0029	0.0030	0.0004	0.0005	0.0022	0.0022	0.0048	0.0039	0.0084	0.0049
COG2807	0.0050	0.0683	0.0366	0.8492	0.0968	0.0037	0.0018	0.0048	0.0020	0.0051	0.0026
COG2808	0.0000	0.0022	0.0010	0.0008	0.0004	0.0007	0.0003	0.0009	0.0003	0.0009	0.0003
COG2810	0.0000	0.1610	0.0790	0.0267	0.0164	0.0384	0.0221	0.0434	0.0241	0.0344	0.0214
COG2811	0.0250	0.7332	0.1091	0.9924	0.0076	0.9394	0.0316	0.0720	0.0324	0.0582	0.0255
COG2812	0.0000	0.0004	0.0002	0.0000	0.0000	0.0001	0.0001	0.0006	0.0003	0.0017	0.0007
COG2813	0.0150	0.0698	0.0282	0.8558	0.1303	0.5786	0.1233	0.0044	0.0015	0.0092	0.0023
COG2814	0.2400	0.0006	0.0003	0.0127	0.0050	0.0169	0.0093	0.0192	0.0151	0.0217	0.0228
COG2815	0.0000	0.0071	0.0040	0.0011	0.0007	0.0027	0.0011	0.0031	0.0017	0.0040	0.0021
COG2816	0.0000	0.0091	0.0059	0.0027	0.0015	0.0021	0.0017	0.0037	0.0020	0.0033	0.0017
COG2818	0.0000	0.0083	0.0060	0.0007	0.0008	0.0017	0.0014	0.0084	0.0053	0.0139	0.0088
COG2819	0.0000	0.0083	0.0062	0.0020	0.0015	0.0020	0.0017	0.0041	0.0031	0.0060	0.0044
COG2820	0.0000	0.4149	0.1203	0.1201	0.0878	0.1122	0.0690	0.1247	0.0468	0.1116	0.0322
COG2821	0.0000	0.0018	0.0011	0.0006	0.0004	0.0010	0.0006	0.0017	0.0010	0.0014	0.0006
COG2822	0.0000	0.0008	0.0003	0.0005	0.0001	0.0002	0.0001	0.0004	0.0001	0.0005	0.0001
COG2823	0.0000	0.2185	0.1362	0.4591	0.2038	0.2876	0.1450	0.1256	0.0581	0.1126	0.0418
COG2824	0.0000	0.0002	0.0001	0.0000	0.0000	0.0001	0.0001	0.0004	0.0002	0.0009	0.0004
COG2825	0.0000	0.0003	0.0003	0.0001	0.0001	0.0005	0.0006	0.0009	0.0009	0.0014	0.0010
COG2826	0.0000	0.0005	0.0001	0.0000	0.0000	0.0002	0.0001	0.0008	0.0002	0.0016	0.0005
COG2827	0.0000	0.0253	0.0197	0.0026	0.0047	0.0094	0.0086	0.0170	0.0084	0.0154	0.0080
COG2828	0.0000	0.0137	0.0045	0.0078	0.0038	0.0072	0.0026	0.0037	0.0008	0.0023	0.0005
COG2829	0.0000	0.0009	0.0007	0.0002	0.0002	0.0005	0.0003	0.0008	0.0006	0.0013	0.0007
COG2830	0.0000	0.0001	0.0001	0.0000	0.0000	0.0001	0.0001	0.0002	0.0002	0.0003	0.0002
COG2831	0.0000	0.0005	0.0003	0.0001	0.0000	0.0002	0.0001	0.0007	0.0003	0.0011	0.0005
COG2832	0.0000	0.0146	0.0099	0.0030	0.0014	0.0092	0.0044	0.0148	0.0101	0.0178	0.0115
COG2833	0.0000	0.0005	0.0002	0.0002	0.0001	0.0003	0.0002	0.0002	0.0001	0.0003	0.0001
COG2834	0.0000	0.0576	0.0173	0.0072	0.0034	0.0148	0.0045	0.0236	0.0050	0.0319	0.0069
COG2835	0.0300	0.9621	0.0290	0.9988	0.0022	0.9975	0.0043	0.6917	0.0981	0.6767	0.0923
COG2836	0.0000	0.0527	0.0267	0.0064	0.0067	0.0202	0.0126	0.0220	0.0113	0.0121	0.0080
COG2837	0.0000	0.0016	0.0008	0.0008	0.0003	0.0006	0.0003	0.0013	0.0004	0.0018	0.0006
COG2838	0.0000	0.0038	0.0029	0.0009	0.0010	0.0029	0.0020	0.0101	0.0066	0.0175	0.0111
COG2839	0.0000	0.0037	0.0023	0.0011	0.0006	0.0022	0.0011	0.0068	0.0031	0.0057	0.0028
COG2840	0.0000	0.0004	0.0003	0.0002	0.0001	0.0004	0.0002	0.0012	0.0006	0.0019	0.0009
COG2841	0.0000	0.0009	0.0003	0.0004	0.0002	0.0007	0.0006	0.0009	0.0010	0.0016	0.0015
COG2842	0.0000	0.0046	0.0031	0.0007	0.0005	0.0012	0.0007	0.0018	0.0008	0.0024	0.0010
COG2843	0.0000	0.0194	0.0066	0.0016	0.0008	0.0065	0.0021	0.0171	0.0045	0.0186	0.0057
COG2844	0.0000	0.1850	0.0903	0.4502	0.1585	0.2483	0.1114	0.1452	0.0764	0.0813	0.0426
COG2845	0.0000	0.0010	0.0005	0.0004	0.0002	0.0007	0.0004	0.0009	0.0006	0.0013	0.0007
COG2846	0.0000	0.0075	0.0047	0.0012	0.0013	0.0068	0.0041	0.0108	0.0063	0.0185	0.0085
COG2847	0.0000	0.0027	0.0013	0.0013	0.0009	0.0015	0.0006	0.0017	0.0006	0.0021	0.0010
COG2848	0.1800	0.6235	0.1409	0.9933	0.0063	0.9469	0.0386	0.8444	0.0950	0.6963	0.1160
COG2849	0.0000	0.0032	0.0015	0.0005	0.0003	0.0017	0.0009	0.0028	0.0011	0.0041	0.0016
COG2850	0.0000	0.0004	0.0004	0.0002	0.0002	0.0004	0.0003	0.0003	0.0002	0.0004	0.0002
COG2851	0.0000	0.0004	0.0001	0.0001	0.0001	0.0004	0.0002	0.0006	0.0002	0.0005	0.0002
COG2852	0.0000	0.0015	0.0008	0.0002	0.0001	0.0005	0.0003	0.0006	0.0003	0.0009	0.0003
COG2853	0.0000	0.0003	0.0002	0.0001	0.0001	0.0002	0.0001	0.0003	0.0002	0.0007	0.0003
COG2854	0.0000	0.0011	0.0006	0.0004	0.0002	0.0006	0.0004	0.0011	0.0006	0.0018	0.0008
COG2855	0.0000	0.0485	0.0159	0.0070	0.0031	0.0272	0.0121	0.0300	0.0068	0.0276	0.0088
COG2856	0.0000	0.0608	0.0154	0.0068	0.0032	0.0167	0.0059	0.0200	0.0050	0.0201	0.0055
COG2857	0.0000	0.0139	0.0073	0.0407	0.0381	0.0363	0.0189	0.0267	0.0118	0.0295	0.0115
COG2859	0.0000	0.0007	0.0004	0.0002	0.0001	0.0004	0.0002	0.0006	0.0003	0.0006	0.0003
COG2860	0.0000	0.0256	0.0091	0.0050	0.0020	0.0126	0.0053	0.0243	0.0087	0.0230	0.0104
COG2861	0.0000	0.0004	0.0003	0.0002	0.0001	0.0002	0.0001	0.0008	0.0003	0.0017	0.0008
COG2862	0.0000	0.0100	0.0020	0.0025	0.0006	0.0067	0.0024	0.0080	0.0023	0.0070	0.0021
COG2863	0.0000	0.0004	0.0003	0.0002	0.0001	0.0004	0.0003	0.0007	0.0005	0.0014	0.0008
COG2864	0.0000	0.0439	0.0150	0.0052	0.0026	0.0086	0.0037	0.0285	0.0132	0.0356	0.0191
COG2865	0.0000	0.1975	0.0441	0.0269	0.0104	0.0363	0.0113	0.0423	0.0120	0.0504	0.0120
COG2866	0.0000	0.0432	0.0252	0.0084	0.0040	0.0232	0.0101	0.0386	0.0186	0.0469	0.0169
COG2867	0.0000	0.0024	0.0019	0.0005	0.0004	0.0011	0.0007	0.0023	0.0016	0.0029	0.0018
COG2868	0.0000	0.0004	0.0003	0.0001	0.0000	0.0006	0.0005	0.0016	0.0011	0.0034	0.0019
COG2869	0.0000	0.0003	0.0002	0.0000	0.0001	0.0002	0.0003	0.0004	0.0003	0.0006	0.0004
COG2870	0.0000	0.0067	0.0040	0.0010	0.0007	0.0035	0.0020	0.0069	0.0043	0.0096	0.0051
COG2871	0.0000	0.0097	0.0048	0.0012	0.0005	0.0072	0.0031	0.0131	0.0056	0.0101	0.0030
COG2872	0.0350	0.2052	0.1249	0.9193	0.0567	0.6424	0.1452	0.0104	0.0055	0.0238	0.0132
COG2873	0.0000	0.0271	0.0133	0.0038	0.0036	0.0084	0.0051	0.0110	0.0054	0.0133	0.0064
COG2874	0.0400	0.9749	0.0187	0.9994	0.0004	0.9988	0.0008	0.9182	0.0325	0.7928	0.1236
COG2875	0.0000	0.1754	0.0830	0.0245	0.0214	0.0170	0.0062	0.0202	0.0076	0.0178	0.0071
COG2876	0.0000	0.0508	0.0636	0.0077	0.0119	0.0096	0.0097	0.0438	0.0397	0.0655	0.0355
COG2877	0.0000	0.0018	0.0006	0.0005	0.0002	0.0017	0.0009	0.0023	0.0009	0.0034	0.0015
COG2878	0.0000	0.0007	0.0003	0.0001	0.0001	0.0003	0.0001	0.0008	0.0002	0.0019	0.0005
COG2879	0.0000	0.0010	0.0004	0.0005	0.0002	0.0010	0.0004	0.0008	0.0004	0.0009	0.0004
COG2880	0.0000	0.4130	0.0736	0.1395	0.0325	0.2071	0.0481	0.1364	0.0418	0.1187	0.0521
COG2881	0.0000	0.0820	0.0756	0.0063	0.0067	0.0137	0.0091	0.0561	0.0339	0.1035	0.0505
COG2882	0.0000	0.0040	0.0021	0.0006	0.0004	0.0030	0.0012	0.0049	0.0019	0.0054	0.0021
COG2884	0.0000	0.0003	0.0001	0.0000	0.0000	0.0001	0.0001	0.0006	0.0003	0.0013	0.0006
COG2885	0.0000	0.0152	0.0047	0.0022	0.0013	0.0130	0.0048	0.0324	0.0067	0.0441	0.0113
COG2886	0.0000	0.6723	0.1107	0.2820	0.1060	0.3650	0.0981	0.2363	0.0615	0.0880	0.0254
COG2887	0.0000	0.0065	0.0042	0.0006	0.0006	0.0056	0.0044	0.0120	0.0081	0.0425	0.0243
COG2888	0.0050	0.9264	0.0231	0.9994	0.0002	0.1773	0.0699	0.3262	0.1078	0.5122	0.0957
COG2890	0.2000	0.9878	0.0065	1.0000	0.0000	0.9993	0.0004	0.9971	0.0015	0.9897	0.0047
COG2891	0.0000	0.0016	0.0009	0.0004	0.0003	0.0016	0.0008	0.0023	0.0012	0.0021	0.0011
COG2892	0.0000	0.7185	0.0784	0.3044	0.1429	0.4048	0.1511	0.4619	0.1309	0.4727	0.1099
COG2893	0.0000	0.0019	0.0010	0.0003	0.0002	0.0011	0.0004	0.0015	0.0006	0.0025	0.0010
COG2894	0.0000	0.0017	0.0017	0.0002	0.0003	0.0008	0.0008	0.0016	0.0014	0.0030	0.0020
COG2895	0.0000	0.0073	0.0025	0.0018	0.0007	0.0049	0.0023	0.0166	0.0050	0.0164	0.0051
COG2896	0.0100	0.9941	0.0015	0.9999	0.0000	0.8440	0.0286	0.8826	0.0320	0.8367	0.0441
COG2897	0.0000	0.0578	0.0280	0.0140	0.0120	0.0124	0.0099	0.0167	0.0078	0.0182	0.0072
COG2898	0.0000	0.0007	0.0002	0.0001	0.0000	0.0004	0.0001	0.0006	0.0001	0.0010	0.0002
COG2899	0.0000	0.0021	0.0009	0.0003	0.0002	0.0018	0.0008	0.0032	0.0012	0.0071	0.0032
COG2900	0.0000	0.0009	0.0006	0.0005	0.0004	0.0008	0.0007	0.0010	0.0009	0.0010	0.0010
COG2901	0.0000	0.0012	0.0020	0.0006	0.0011	0.0012	0.0020	0.0019	0.0031	0.0026	0.0038
COG2902	0.0000	0.0009	0.0010	0.0007	0.0007	0.0011	0.0013	0.0009	0.0010	0.0026	0.0023
COG2905	0.0000	0.1181	0.0385	0.0177	0.0105	0.0327	0.0223	0.0531	0.0166	0.0613	0.0167
COG2906	0.0000	0.2439	0.0285	0.6177	0.0600	0.3281	0.0527	0.1516	0.0325	0.0811	0.0226
COG2907	0.0000	0.0004	0.0002	0.0001	0.0000	0.0003	0.0001	0.0006	0.0003	0.0010	0.0006
COG2908	0.0000	0.0079	0.0059	0.0017	0.0011	0.0053	0.0026	0.0056	0.0024	0.0067	0.0028
COG2909	0.0000	0.0046	0.0016	0.0006	0.0004	0.0012	0.0005	0.0026	0.0008	0.0032	0.0011
COG2910	0.0000	0.0013	0.0004	0.0004	0.0002	0.0008	0.0003	0.0008	0.0003	0.0012	0.0004
COG2911	0.0000	0.0112	0.0050	0.0013	0.0011	0.0078	0.0036	0.0175	0.0057	0.0266	0.0068
COG2912	0.0000	0.2331	0.0793	0.5785	0.1113	0.3134	0.0740	0.1315	0.0374	0.0901	0.0293
COG2913	0.0000	0.0009	0.0006	0.0003	0.0002	0.0007	0.0004	0.0013	0.0008	0.0016	0.0009
COG2914	0.0000	0.0003	0.0002	0.0002	0.0001	0.0002	0.0001	0.0003	0.0002	0.0003	0.0002
COG2915	0.0000	0.0003	0.0002	0.0002	0.0002	0.0006	0.0004	0.0005	0.0003	0.0010	0.0006
COG2916	0.0000	0.0008	0.0010	0.0004	0.0006	0.0007	0.0007	0.0007	0.0010	0.0008	0.0008
COG2917	0.0000	0.0005	0.0007	0.0002	0.0003	0.0004	0.0006	0.0008	0.0010	0.0017	0.0018
COG2918	0.0000	0.0012	0.0006	0.0005	0.0002	0.0008	0.0003	0.0009	0.0004	0.0015	0.0009
COG2919	0.0000	0.0005	0.0005	0.0001	0.0001	0.0002	0.0002	0.0006	0.0006	0.0009	0.0006
COG2920	0.0000	0.0132	0.0066	0.0022	0.0009	0.0027	0.0011	0.0043	0.0025	0.0038	0.0017
COG2921	0.0000	0.0015	0.0015	0.0005	0.0005	0.0013	0.0012	0.0027	0.0021	0.0034	0.0022
COG2922	0.0000	0.0005	0.0008	0.0002	0.0005	0.0003	0.0005	0.0004	0.0006	0.0006	0.0006
COG2923	0.0000	0.1435	0.0395	0.0575	0.0236	0.0204	0.0072	0.0109	0.0054	0.0069	0.0030
COG2924	0.0000	0.0240	0.0176	0.0865	0.0543	0.0557	0.0406	0.0423	0.0280	0.0498	0.0259
COG2925	0.0000	0.0004	0.0005	0.0002	0.0002	0.0004	0.0004	0.0007	0.0005	0.0013	0.0010
COG2926	0.0000	0.0000	0.0000	0.0000	0.0000	0.0000	0.0000	0.0001	0.0000	0.0001	0.0001
COG2927	0.0000	0.0016	0.0022	0.0008	0.0013	0.0010	0.0012	0.0012	0.0014	0.0018	0.0013
COG2928	0.0000	0.1008	0.1013	0.0238	0.0285	0.0338	0.0440	0.0548	0.0398	0.0528	0.0254
COG2929	0.0000	0.0060	0.0013	0.0009	0.0004	0.0027	0.0007	0.0027	0.0006	0.0021	0.0006
COG2930	0.0000	0.0016	0.0007	0.0005	0.0002	0.0008	0.0002	0.0013	0.0003	0.0018	0.0003
COG2931	0.0000	0.0633	0.0215	0.0074	0.0048	0.0341	0.0100	0.0684	0.0158	0.0735	0.0151
COG2932	0.0300	0.0049	0.0024	0.3933	0.1082	0.0878	0.0338	0.0003	0.0001	0.0005	0.0002
COG2933	0.0000	0.0005	0.0005	0.0001	0.0001	0.0004	0.0003	0.0009	0.0005	0.0025	0.0012
COG2935	0.0000	0.0011	0.0006	0.0003	0.0002	0.0011	0.0006	0.0008	0.0003	0.0011	0.0004
COG2936	0.0000	0.0401	0.0174	0.0065	0.0055	0.0081	0.0046	0.0109	0.0046	0.0127	0.0041
COG2937	0.0000	0.0002	0.0001	0.0000	0.0000	0.0002	0.0000	0.0004	0.0001	0.0008	0.0002
COG2938	0.0000	0.0010	0.0018	0.0007	0.0015	0.0008	0.0016	0.0009	0.0018	0.0010	0.0015
COG2939	0.0000	0.0007	0.0003	0.0004	0.0002	0.0003	0.0002	0.0005	0.0002	0.0006	0.0002
COG2940	0.0000	0.0068	0.0046	0.0014	0.0024	0.0026	0.0020	0.0049	0.0020	0.0069	0.0026
COG2941	0.0000	0.0036	0.0073	0.0013	0.0028	0.0029	0.0057	0.0047	0.0087	0.0048	0.0083
COG2942	0.0000	0.0100	0.0025	0.0022	0.0011	0.0019	0.0005	0.0050	0.0008	0.0036	0.0008
COG2943	0.0000	0.0014	0.0004	0.0006	0.0002	0.0007	0.0003	0.0012	0.0005	0.0010	0.0005
COG2944	0.0000	0.0060	0.0023	0.0008	0.0004	0.0015	0.0004	0.0025	0.0007	0.0027	0.0009
COG2945	0.0000	0.1773	0.0941	0.0348	0.0278	0.0230	0.0262	0.0399	0.0236	0.0272	0.0139
COG2946	0.0000	0.0004	0.0001	0.0001	0.0000	0.0002	0.0001	0.0004	0.0001	0.0006	0.0001
COG2947	0.0000	0.0882	0.0486	0.2434	0.0963	0.1818	0.0532	0.1934	0.0455	0.1903	0.0463
COG2948	0.0000	0.0009	0.0005	0.0004	0.0003	0.0005	0.0003	0.0008	0.0005	0.0013	0.0008
COG2949	0.0000	0.0008	0.0006	0.0001	0.0000	0.0005	0.0003	0.0014	0.0012	0.0022	0.0016
COG2951	0.0000	0.0004	0.0002	0.0002	0.0001	0.0004	0.0002	0.0011	0.0006	0.0022	0.0011
COG2952	0.0000	0.0005	0.0003	0.0002	0.0001	0.0005	0.0003	0.0009	0.0006	0.0016	0.0007
COG2954	0.0000	0.0012	0.0010	0.0001	0.0001	0.0012	0.0007	0.0018	0.0010	0.0054	0.0029
COG2956	0.0000	0.0006	0.0006	0.0002	0.0003	0.0005	0.0006	0.0006	0.0005	0.0013	0.0006
COG2957	0.0000	0.0077	0.0025	0.0028	0.0011	0.0048	0.0016	0.0034	0.0016	0.0050	0.0019
COG2958	0.0000	0.0028	0.0008	0.0007	0.0002	0.0012	0.0003	0.0017	0.0004	0.0026	0.0007
COG2959	0.0000	0.0006	0.0006	0.0003	0.0004	0.0004	0.0004	0.0007	0.0007	0.0016	0.0013
COG2960	0.0000	0.0008	0.0004	0.0004	0.0002	0.0008	0.0009	0.0014	0.0017	0.0016	0.0015
COG2961	0.0000	0.0073	0.0083	0.0025	0.0034	0.0031	0.0035	0.0043	0.0054	0.0059	0.0047
COG2962	0.0000	0.0002	0.0003	0.0001	0.0001	0.0001	0.0002	0.0002	0.0002	0.0004	0.0002
COG2963	0.0000	0.0122	0.0048	0.0008	0.0004	0.0026	0.0013	0.0073	0.0030	0.0127	0.0057
COG2964	0.0000	0.0013	0.0004	0.0003	0.0001	0.0005	0.0002	0.0008	0.0003	0.0011	0.0004
COG2965	0.0000	0.0549	0.0760	0.0550	0.0497	0.0736	0.0779	0.0712	0.0905	0.0687	0.0961
COG2966	0.0000	0.0009	0.0002	0.0002	0.0001	0.0007	0.0003	0.0010	0.0004	0.0024	0.0011
COG2967	0.0000	0.0004	0.0003	0.0003	0.0002	0.0007	0.0006	0.0005	0.0003	0.0008	0.0005
COG2968	0.0000	0.1088	0.0537	0.0096	0.0066	0.0388	0.0142	0.1004	0.0373	0.1338	0.0405
COG2969	0.0000	0.0006	0.0002	0.0003	0.0001	0.0005	0.0001	0.0010	0.0002	0.0014	0.0004
COG2971	0.0000	0.0132	0.0092	0.0033	0.0022	0.0052	0.0035	0.0108	0.0056	0.0151	0.0087
COG2972	0.0000	0.0097	0.0046	0.0018	0.0008	0.0027	0.0017	0.0047	0.0023	0.0043	0.0021
COG2973	0.0000	0.0004	0.0002	0.0001	0.0001	0.0003	0.0001	0.0006	0.0001	0.0010	0.0002
COG2974	0.0000	0.0003	0.0002	0.0001	0.0001	0.0003	0.0002	0.0004	0.0003	0.0005	0.0004
COG2975	0.0000	0.0003	0.0002	0.0001	0.0001	0.0001	0.0001	0.0002	0.0001	0.0005	0.0004
COG2976	0.0000	0.0032	0.0016	0.0010	0.0008	0.0028	0.0015	0.0039	0.0020	0.0050	0.0026
COG2977	0.0000	0.0023	0.0009	0.0006	0.0003	0.0009	0.0004	0.0018	0.0010	0.0017	0.0008
COG2978	0.0000	0.0213	0.0227	0.1115	0.1034	0.0374	0.0356	0.0162	0.0178	0.0114	0.0112
COG2979	0.0000	0.0019	0.0010	0.0006	0.0003	0.0011	0.0005	0.0011	0.0005	0.0012	0.0006
COG2980	0.0000	0.0006	0.0003	0.0003	0.0003	0.0004	0.0002	0.0005	0.0003	0.0009	0.0004
COG2981	0.0000	0.0069	0.0039	0.0018	0.0009	0.0030	0.0023	0.0025	0.0018	0.0036	0.0022
COG2982	0.0000	0.0022	0.0011	0.0005	0.0003	0.0035	0.0021	0.0093	0.0050	0.0157	0.0083
COG2983	0.0000	0.0148	0.0140	0.0089	0.0104	0.0105	0.0128	0.0117	0.0119	0.0100	0.0086
COG2984	0.0000	0.0041	0.0020	0.0006	0.0006	0.0013	0.0008	0.0020	0.0008	0.0035	0.0012
COG2985	0.0000	0.0016	0.0005	0.0003	0.0001	0.0013	0.0003	0.0024	0.0004	0.0026	0.0005
COG2986	0.0000	0.0403	0.0221	0.0086	0.0089	0.0113	0.0069	0.0154	0.0057	0.0177	0.0057
COG2987	0.0000	0.0358	0.0224	0.0107	0.0153	0.0087	0.0052	0.0145	0.0062	0.0158	0.0037
COG2988	0.0000	0.0002	0.0001	0.0001	0.0001	0.0003	0.0002	0.0004	0.0003	0.0010	0.0006
COG2989	0.0000	0.0012	0.0010	0.0004	0.0003	0.0007	0.0005	0.0008	0.0006	0.0010	0.0008
COG2990	0.0000	0.0003	0.0003	0.0001	0.0001	0.0003	0.0003	0.0006	0.0005	0.0008	0.0007
COG2991	0.0000	0.0003	0.0001	0.0001	0.0001	0.0004	0.0001	0.0004	0.0002	0.0006	0.0002
COG2992	0.0000	0.0005	0.0003	0.0002	0.0001	0.0003	0.0002	0.0010	0.0005	0.0018	0.0007
COG2993	0.0000	0.0023	0.0010	0.0003	0.0002	0.0005	0.0002	0.0009	0.0002	0.0016	0.0005
COG2994	0.0000	0.0004	0.0003	0.0002	0.0002	0.0003	0.0002	0.0003	0.0003	0.0004	0.0003
COG2995	0.0000	0.0005	0.0003	0.0001	0.0001	0.0003	0.0002	0.0005	0.0002	0.0008	0.0003
COG2996	0.0000	0.0002	0.0001	0.0000	0.0000	0.0002	0.0002	0.0006	0.0004	0.0009	0.0004
COG2998	0.0000	0.3110	0.1095	0.0794	0.0512	0.2316	0.1262	0.1993	0.1016	0.1529	0.0832
COG2999	0.0000	0.0001	0.0001	0.0001	0.0001	0.0001	0.0001	0.0002	0.0001	0.0004	0.0002
COG3000	0.0000	0.0028	0.0012	0.0007	0.0004	0.0012	0.0006	0.0019	0.0008	0.0042	0.0014
COG3001	0.0000	0.0028	0.0024	0.0008	0.0007	0.0019	0.0013	0.0017	0.0010	0.0019	0.0010
COG3002	0.0000	0.0026	0.0011	0.0004	0.0002	0.0004	0.0002	0.0006	0.0003	0.0012	0.0005
COG3004	0.0000	0.0024	0.0022	0.0005	0.0004	0.0019	0.0017	0.0031	0.0023	0.0052	0.0027
COG3005	0.0000	0.0033	0.0011	0.0004	0.0003	0.0009	0.0003	0.0023	0.0006	0.0029	0.0007
COG3006	0.0000	0.0222	0.0122	0.0760	0.0377	0.0265	0.0143	0.0127	0.0079	0.0069	0.0048
COG3007	0.0000	0.0227	0.0087	0.0057	0.0017	0.0153	0.0073	0.0184	0.0123	0.0131	0.0099
COG3008	0.0000	0.0005	0.0003	0.0002	0.0001	0.0003	0.0002	0.0005	0.0002	0.0007	0.0003
COG3009	0.0000	0.0014	0.0009	0.0004	0.0003	0.0008	0.0006	0.0011	0.0006	0.0016	0.0009
COG3010	0.0000	0.0012	0.0007	0.0002	0.0001	0.0006	0.0004	0.0019	0.0011	0.0023	0.0013
COG3011	0.0000	0.0025	0.0019	0.0005	0.0005	0.0018	0.0014	0.0025	0.0017	0.0076	0.0048
COG3012	0.0000	0.0344	0.0104	0.0055	0.0023	0.0128	0.0037	0.0176	0.0050	0.0172	0.0040
COG3013	0.0000	0.0012	0.0006	0.0005	0.0003	0.0007	0.0004	0.0007	0.0004	0.0008	0.0004
COG3014	0.0000	0.0007	0.0002	0.0001	0.0000	0.0004	0.0001	0.0012	0.0002	0.0023	0.0003
COG3015	0.0000	0.0008	0.0003	0.0003	0.0002	0.0008	0.0002	0.0011	0.0002	0.0018	0.0004
COG3016	0.0000	0.0012	0.0007	0.0003	0.0001	0.0006	0.0005	0.0013	0.0013	0.0019	0.0018
COG3017	0.0000	0.0001	0.0000	0.0000	0.0000	0.0001	0.0001	0.0002	0.0001	0.0005	0.0003
COG3018	0.0000	0.0002	0.0002	0.0001	0.0001	0.0003	0.0002	0.0005	0.0004	0.0006	0.0005
COG3019	0.0000	0.0066	0.0021	0.0011	0.0005	0.0029	0.0007	0.0050	0.0017	0.0075	0.0023
COG3021	0.0000	0.0023	0.0016	0.0005	0.0003	0.0014	0.0007	0.0019	0.0010	0.0020	0.0011
COG3022	0.0000	0.0005	0.0004	0.0001	0.0001	0.0003	0.0003	0.0007	0.0004	0.0014	0.0007
COG3023	0.0000	0.0081	0.0056	0.0010	0.0006	0.0036	0.0021	0.0068	0.0051	0.0089	0.0068
COG3024	0.0000	0.0011	0.0005	0.0005	0.0002	0.0007	0.0004	0.0008	0.0007	0.0010	0.0010
COG3025	0.0000	0.0030	0.0028	0.0007	0.0006	0.0016	0.0012	0.0028	0.0017	0.0028	0.0017
COG3026	0.0000	0.0006	0.0003	0.0002	0.0001	0.0006	0.0003	0.0005	0.0003	0.0011	0.0006
COG3027	0.0000	0.0006	0.0010	0.0001	0.0002	0.0005	0.0010	0.0007	0.0012	0.0008	0.0013
COG3028	0.0000	0.0014	0.0024	0.0006	0.0013	0.0012	0.0019	0.0019	0.0025	0.0024	0.0016
COG3029	0.0000	0.0006	0.0004	0.0002	0.0002	0.0005	0.0003	0.0009	0.0007	0.0011	0.0008
COG3030	0.0000	0.0296	0.0245	0.0096	0.0100	0.0110	0.0083	0.0137	0.0056	0.0262	0.0083
COG3031	0.0000	0.0016	0.0010	0.0004	0.0003	0.0009	0.0005	0.0017	0.0009	0.0016	0.0006
COG3033	0.0000	0.0101	0.0036	0.0013	0.0007	0.0017	0.0008	0.0021	0.0010	0.0061	0.0035
COG3034	0.0000	0.0022	0.0010	0.0008	0.0005	0.0015	0.0008	0.0012	0.0004	0.0016	0.0006
COG3036	0.0000	0.0000	0.0000	0.0000	0.0000	0.0000	0.0000	0.0000	0.0000	0.0000	0.0000
COG3037	0.0000	0.0016	0.0007	0.0003	0.0002	0.0010	0.0004	0.0018	0.0007	0.0027	0.0009
COG3038	0.0000	0.0012	0.0018	0.0006	0.0011	0.0007	0.0009	0.0008	0.0009	0.0013	0.0010
COG3039	0.0000	0.1112	0.0388	0.0069	0.0046	0.0195	0.0057	0.0447	0.0096	0.0629	0.0151
COG3040	0.0000	0.0042	0.0016	0.0012	0.0006	0.0030	0.0014	0.0026	0.0007	0.0033	0.0009
COG3041	0.0000	0.0023	0.0011	0.0002	0.0002	0.0009	0.0006	0.0012	0.0007	0.0017	0.0007
COG3042	0.0000	0.0078	0.0022	0.0014	0.0005	0.0030	0.0014	0.0083	0.0031	0.0122	0.0055
COG3043	0.0000	0.0008	0.0003	0.0001	0.0001	0.0004	0.0002	0.0010	0.0004	0.0014	0.0006
COG3044	0.0000	0.9285	0.0272	0.9891	0.0061	0.9668	0.0178	0.9324	0.0248	0.8364	0.0649
COG3045	0.0000	0.0013	0.0008	0.0007	0.0009	0.0012	0.0011	0.0011	0.0011	0.0013	0.0012
COG3046	0.0000	0.3685	0.0700	0.6338	0.0978	0.4294	0.0716	0.3508	0.0725	0.3330	0.0638
COG3047	0.0000	0.0010	0.0005	0.0003	0.0002	0.0006	0.0005	0.0007	0.0008	0.0012	0.0015
COG3048	0.0000	0.0006	0.0001	0.0001	0.0000	0.0002	0.0001	0.0003	0.0001	0.0004	0.0001
COG3049	0.0000	0.0466	0.0096	0.0049	0.0019	0.0155	0.0077	0.0152	0.0072	0.0238	0.0086
COG3050	0.0000	0.0000	0.0000	0.0000	0.0000	0.0001	0.0000	0.0001	0.0001	0.0002	0.0001
COG3051	0.0000	0.0018	0.0011	0.0003	0.0003	0.0009	0.0005	0.0014	0.0008	0.0021	0.0010
COG3052	0.0000	0.0044	0.0019	0.0011	0.0005	0.0037	0.0018	0.0048	0.0030	0.0076	0.0046
COG3053	0.0000	0.0012	0.0003	0.0002	0.0001	0.0010	0.0003	0.0011	0.0005	0.0019	0.0008
COG3054	0.0000	0.0006	0.0002	0.0002	0.0001	0.0004	0.0002	0.0007	0.0002	0.0006	0.0001
COG3055	0.0000	0.0364	0.0124	0.0045	0.0045	0.0187	0.0055	0.0271	0.0071	0.0403	0.0058
COG3056	0.0000	0.0016	0.0012	0.0010	0.0008	0.0010	0.0008	0.0010	0.0010	0.0009	0.0009
COG3057	0.0000	0.0019	0.0017	0.0010	0.0007	0.0011	0.0007	0.0009	0.0007	0.0008	0.0006
COG3058	0.0000	0.0075	0.0026	0.0012	0.0005	0.0031	0.0011	0.0066	0.0020	0.0118	0.0046
COG3059	0.0000	0.0003	0.0003	0.0001	0.0001	0.0002	0.0001	0.0004	0.0003	0.0006	0.0003
COG3060	0.0000	0.0001	0.0001	0.0001	0.0001	0.0001	0.0001	0.0001	0.0001	0.0001	0.0001
COG3061	0.0000	0.0000	0.0000	0.0000	0.0000	0.0000	0.0000	0.0000	0.0000	0.0000	0.0000
COG3062	0.0000	0.0027	0.0024	0.0007	0.0009	0.0022	0.0027	0.0032	0.0027	0.0045	0.0032
COG3063	0.0000	0.0056	0.0015	0.0011	0.0003	0.0024	0.0008	0.0034	0.0010	0.0041	0.0021
COG3064	0.0000	0.0061	0.0032	0.0006	0.0004	0.0030	0.0016	0.0045	0.0020	0.0056	0.0021
COG3065	0.0000	0.0015	0.0015	0.0007	0.0008	0.0013	0.0011	0.0017	0.0018	0.0018	0.0019
COG3066	0.0000	0.0034	0.0009	0.0007	0.0002	0.0028	0.0007	0.0026	0.0009	0.0043	0.0012
COG3067	0.0000	0.0005	0.0003	0.0002	0.0001	0.0003	0.0003	0.0008	0.0004	0.0010	0.0005
COG3068	0.0000	0.0009	0.0009	0.0007	0.0004	0.0008	0.0006	0.0007	0.0007	0.0005	0.0006
COG3069	0.0000	0.0026	0.0020	0.0007	0.0004	0.0017	0.0013	0.0032	0.0021	0.0028	0.0022
COG3070	0.0000	0.0048	0.0022	0.0007	0.0004	0.0015	0.0006	0.0027	0.0010	0.0042	0.0012
COG3071	0.0000	0.0011	0.0008	0.0003	0.0002	0.0011	0.0008	0.0024	0.0020	0.0041	0.0031
COG3072	0.0000	0.0010	0.0015	0.0006	0.0009	0.0010	0.0011	0.0009	0.0009	0.0011	0.0008
COG3073	0.0000	0.0002	0.0001	0.0001	0.0001	0.0004	0.0002	0.0002	0.0001	0.0003	0.0002
COG3074	0.0000	0.0018	0.0019	0.0006	0.0004	0.0015	0.0013	0.0022	0.0015	0.0025	0.0014
COG3075	0.0000	0.0799	0.0454	0.0085	0.0068	0.0097	0.0057	0.0177	0.0144	0.0145	0.0109
COG3076	0.0000	0.0004	0.0003	0.0002	0.0001	0.0003	0.0002	0.0004	0.0002	0.0006	0.0002
COG3077	0.0000	0.0008	0.0003	0.0001	0.0001	0.0003	0.0002	0.0010	0.0004	0.0022	0.0008
COG3078	0.0000	0.0006	0.0004	0.0003	0.0001	0.0004	0.0002	0.0005	0.0004	0.0005	0.0004
COG3079	0.0000	0.0006	0.0003	0.0004	0.0003	0.0006	0.0003	0.0009	0.0005	0.0015	0.0008
COG3080	0.0000	0.0005	0.0003	0.0002	0.0001	0.0003	0.0002	0.0007	0.0005	0.0009	0.0006
COG3081	0.0000	0.0024	0.0011	0.0008	0.0004	0.0025	0.0012	0.0038	0.0022	0.0059	0.0025
COG3082	0.0000	0.0000	0.0000	0.0000	0.0000	0.0000	0.0000	0.0000	0.0000	0.0000	0.0000
COG3083	0.0000	0.0005	0.0002	0.0002	0.0000	0.0003	0.0001	0.0006	0.0002	0.0006	0.0002
COG3084	0.0000	0.0000	0.0000	0.0000	0.0000	0.0000	0.0000	0.0000	0.0000	0.0000	0.0000
COG3085	0.0000	0.0001	0.0001	0.0001	0.0001	0.0002	0.0001	0.0002	0.0001	0.0003	0.0001
COG3086	0.0000	0.0020	0.0011	0.0003	0.0002	0.0013	0.0011	0.0016	0.0013	0.0016	0.0011
COG3087	0.0000	0.0022	0.0015	0.0005	0.0003	0.0013	0.0008	0.0019	0.0010	0.0036	0.0019
COG3088	0.0000	0.0404	0.0259	0.1343	0.1100	0.0523	0.0394	0.0351	0.0277	0.0190	0.0141
COG3089	0.0000	0.0007	0.0003	0.0003	0.0001	0.0004	0.0001	0.0006	0.0003	0.0006	0.0002
COG3090	0.0000	0.0021	0.0007	0.0002	0.0001	0.0006	0.0002	0.0014	0.0006	0.0020	0.0009
COG3091	0.0000	0.0009	0.0010	0.0003	0.0003	0.0004	0.0005	0.0008	0.0008	0.0017	0.0016
COG3092	0.0000	0.0000	0.0000	0.0000	0.0000	0.0000	0.0000	0.0000	0.0000	0.0000	0.0000
COG3093	0.0000	0.0032	0.0010	0.0003	0.0001	0.0006	0.0002	0.0016	0.0004	0.0022	0.0006
COG3094	0.0000	0.0002	0.0001	0.0001	0.0001	0.0002	0.0001	0.0002	0.0002	0.0004	0.0002
COG3095	0.0000	0.0007	0.0005	0.0006	0.0003	0.0006	0.0004	0.0005	0.0004	0.0004	0.0004
COG3096	0.0000	0.0009	0.0010	0.0006	0.0005	0.0006	0.0005	0.0006	0.0006	0.0005	0.0006
COG3097	0.0000	0.0001	0.0001	0.0001	0.0001	0.0001	0.0001	0.0001	0.0001	0.0001	0.0001
COG3098	0.0000	0.0006	0.0004	0.0004	0.0003	0.0006	0.0004	0.0005	0.0005	0.0007	0.0005
COG3099	0.0000	0.0000	0.0000	0.0000	0.0000	0.0000	0.0000	0.0000	0.0000	0.0000	0.0000
COG3100	0.0000	0.0003	0.0002	0.0002	0.0002	0.0004	0.0002	0.0003	0.0001	0.0003	0.0002
COG3101	0.0000	0.0002	0.0001	0.0001	0.0001	0.0002	0.0002	0.0002	0.0002	0.0003	0.0003
COG3102	0.0000	0.0002	0.0001	0.0001	0.0001	0.0002	0.0001	0.0003	0.0001	0.0006	0.0002
COG3103	0.0000	0.0186	0.0097	0.0020	0.0012	0.0044	0.0018	0.0167	0.0063	0.0204	0.0069
COG3104	0.0000	0.0015	0.0007	0.0005	0.0003	0.0013	0.0005	0.0025	0.0010	0.0036	0.0014
COG3105	0.0000	0.0027	0.0047	0.0014	0.0025	0.0014	0.0023	0.0015	0.0023	0.0015	0.0019
COG3106	0.0000	0.0030	0.0012	0.0015	0.0010	0.0022	0.0014	0.0018	0.0015	0.0017	0.0015
COG3107	0.0000	0.0007	0.0007	0.0004	0.0004	0.0008	0.0007	0.0014	0.0007	0.0023	0.0008
COG3108	0.0000	0.0029	0.0015	0.0005	0.0003	0.0013	0.0005	0.0035	0.0016	0.0054	0.0023
COG3109	0.0000	0.0008	0.0008	0.0006	0.0006	0.0009	0.0006	0.0008	0.0010	0.0011	0.0009
COG3110	0.0000	0.0001	0.0000	0.0000	0.0000	0.0000	0.0000	0.0001	0.0000	0.0001	0.0000
COG3111	0.0000	0.0010	0.0004	0.0003	0.0002	0.0006	0.0003	0.0011	0.0004	0.0014	0.0005
COG3112	0.0000	0.0000	0.0000	0.0001	0.0000	0.0000	0.0000	0.0000	0.0000	0.0000	0.0000
COG3113	0.0000	0.0023	0.0037	0.0012	0.0021	0.0014	0.0023	0.0015	0.0022	0.0012	0.0013
COG3114	0.0000	0.0005	0.0003	0.0004	0.0005	0.0004	0.0004	0.0005	0.0003	0.0006	0.0003
COG3115	0.0000	0.0034	0.0045	0.0008	0.0011	0.0016	0.0019	0.0029	0.0037	0.0039	0.0049
COG3116	0.0000	0.0009	0.0010	0.0003	0.0004	0.0008	0.0008	0.0014	0.0015	0.0024	0.0024
COG3117	0.0000	0.0016	0.0020	0.0004	0.0007	0.0008	0.0010	0.0017	0.0019	0.0021	0.0018
COG3118	0.0000	0.0149	0.0089	0.0002	0.0001	0.0067	0.0032	0.0300	0.0131	0.0624	0.0203
COG3119	0.0000	0.3029	0.0871	0.0462	0.0367	0.0726	0.0282	0.1238	0.0321	0.1012	0.0336
COG3120	0.0000	0.0000	0.0000	0.0000	0.0000	0.0000	0.0000	0.0000	0.0000	0.0000	0.0000
COG3121	0.0000	0.0009	0.0005	0.0002	0.0002	0.0005	0.0002	0.0007	0.0003	0.0012	0.0005
COG3122	0.0000	0.0013	0.0007	0.0006	0.0005	0.0010	0.0005	0.0015	0.0005	0.0014	0.0005
COG3123	0.0000	0.0020	0.0007	0.0003	0.0001	0.0011	0.0005	0.0021	0.0005	0.0020	0.0006
COG3124	0.0000	0.0063	0.0025	0.0029	0.0014	0.0050	0.0028	0.0038	0.0021	0.0031	0.0015
COG3125	0.0000	0.0004	0.0003	0.0001	0.0001	0.0003	0.0003	0.0007	0.0007	0.0013	0.0012
COG3126	0.0000	0.0016	0.0010	0.0006	0.0004	0.0006	0.0005	0.0009	0.0007	0.0010	0.0007
COG3127	0.0150	0.0854	0.0506	0.6865	0.1626	0.4250	0.1636	0.0028	0.0017	0.0063	0.0031
COG3128	0.0000	0.0011	0.0006	0.0004	0.0002	0.0009	0.0005	0.0009	0.0005	0.0012	0.0005
COG3129	0.0000	0.0002	0.0002	0.0001	0.0001	0.0001	0.0002	0.0003	0.0002	0.0006	0.0002
COG3130	0.0000	0.0000	0.0000	0.0000	0.0000	0.0000	0.0000	0.0001	0.0000	0.0001	0.0001
COG3131	0.0000	0.0010	0.0003	0.0004	0.0001	0.0004	0.0001	0.0007	0.0002	0.0005	0.0001
COG3132	0.0000	0.0018	0.0011	0.0005	0.0003	0.0013	0.0010	0.0011	0.0006	0.0011	0.0005
COG3133	0.0000	0.0008	0.0013	0.0005	0.0010	0.0008	0.0008	0.0010	0.0013	0.0016	0.0014
COG3134	0.0000	0.0013	0.0019	0.0008	0.0013	0.0013	0.0020	0.0014	0.0017	0.0013	0.0013
COG3135	0.0000	0.0045	0.0018	0.0013	0.0008	0.0011	0.0006	0.0014	0.0011	0.0010	0.0008
COG3136	0.0000	0.0061	0.0025	0.0033	0.0009	0.0037	0.0013	0.0037	0.0017	0.0034	0.0017
COG3137	0.0000	0.0017	0.0011	0.0008	0.0004	0.0014	0.0006	0.0031	0.0017	0.0039	0.0018
COG3138	0.0000	0.0004	0.0002	0.0001	0.0001	0.0003	0.0002	0.0006	0.0003	0.0013	0.0005
COG3139	0.0000	0.0000	0.0000	0.0000	0.0000	0.0000	0.0000	0.0001	0.0000	0.0001	0.0001
COG3140	0.0000	0.0000	0.0000	0.0000	0.0000	0.0000	0.0000	0.0000	0.0000	0.0000	0.0000
COG3141	0.0000	0.0006	0.0007	0.0005	0.0005	0.0003	0.0004	0.0003	0.0004	0.0002	0.0003
COG3142	0.0000	0.0002	0.0001	0.0000	0.0000	0.0003	0.0002	0.0005	0.0003	0.0014	0.0005
COG3143	0.0000	0.0028	0.0024	0.0007	0.0004	0.0021	0.0013	0.0022	0.0013	0.0026	0.0017
COG3144	0.0000	0.0008	0.0010	0.0003	0.0006	0.0008	0.0011	0.0010	0.0011	0.0018	0.0014
COG3145	0.0000	0.0011	0.0006	0.0003	0.0002	0.0008	0.0005	0.0015	0.0005	0.0028	0.0010
COG3146	0.0000	0.0076	0.0023	0.0023	0.0010	0.0039	0.0017	0.0049	0.0021	0.0029	0.0016
COG3147	0.0000	0.0007	0.0004	0.0003	0.0002	0.0006	0.0003	0.0011	0.0005	0.0013	0.0006
COG3148	0.0000	0.0007	0.0003	0.0002	0.0001	0.0005	0.0002	0.0008	0.0003	0.0015	0.0007
COG3149	0.0000	0.0013	0.0006	0.0004	0.0002	0.0009	0.0006	0.0013	0.0007	0.0017	0.0007
COG3150	0.0000	0.0008	0.0007	0.0003	0.0002	0.0006	0.0006	0.0012	0.0010	0.0022	0.0014
COG3151	0.0000	0.0027	0.0031	0.0018	0.0026	0.0017	0.0025	0.0020	0.0023	0.0022	0.0018
COG3152	0.0000	0.0006	0.0002	0.0001	0.0000	0.0003	0.0001	0.0011	0.0004	0.0023	0.0007
COG3153	0.0000	0.0447	0.0144	0.0056	0.0019	0.0067	0.0019	0.0084	0.0028	0.0143	0.0041
COG3154	0.0000	0.0038	0.0064	0.0023	0.0044	0.0018	0.0033	0.0023	0.0035	0.0024	0.0030
COG3155	0.0000	0.0008	0.0002	0.0001	0.0000	0.0003	0.0001	0.0006	0.0002	0.0013	0.0003
COG3156	0.0000	0.0019	0.0014	0.0003	0.0003	0.0012	0.0011	0.0018	0.0013	0.0018	0.0014
COG3157	0.0000	0.0067	0.0029	0.0018	0.0011	0.0031	0.0011	0.0041	0.0014	0.0052	0.0023
COG3158	0.0000	0.0033	0.0017	0.0004	0.0002	0.0013	0.0006	0.0017	0.0008	0.0027	0.0010
COG3159	0.0000	0.0619	0.0151	0.1205	0.0419	0.0585	0.0192	0.0529	0.0131	0.0350	0.0076
COG3160	0.0000	0.0002	0.0001	0.0001	0.0001	0.0002	0.0001	0.0002	0.0001	0.0004	0.0002
COG3161	0.0000	0.1255	0.0423	0.0437	0.0401	0.0577	0.0369	0.0631	0.0261	0.0642	0.0210
COG3162	0.0000	0.0014	0.0010	0.0004	0.0003	0.0016	0.0008	0.0012	0.0007	0.0013	0.0007
COG3164	0.0000	0.0011	0.0014	0.0005	0.0006	0.0008	0.0009	0.0021	0.0018	0.0020	0.0015
COG3165	0.0000	0.0001	0.0000	0.0001	0.0000	0.0001	0.0001	0.0001	0.0001	0.0002	0.0001
COG3166	0.0000	0.0018	0.0008	0.0004	0.0002	0.0009	0.0003	0.0011	0.0004	0.0011	0.0005
COG3167	0.0000	0.0039	0.0018	0.0006	0.0004	0.0017	0.0011	0.0037	0.0019	0.0030	0.0015
COG3168	0.0000	0.0010	0.0004	0.0003	0.0001	0.0007	0.0003	0.0009	0.0003	0.0011	0.0004
COG3169	0.0000	0.0004	0.0001	0.0002	0.0001	0.0005	0.0002	0.0003	0.0001	0.0005	0.0001
COG3170	0.0000	0.0044	0.0012	0.0006	0.0003	0.0012	0.0005	0.0024	0.0008	0.0033	0.0011
COG3171	0.0000	0.0018	0.0007	0.0009	0.0003	0.0008	0.0004	0.0008	0.0004	0.0008	0.0003
COG3172	0.0000	0.0026	0.0022	0.0006	0.0006	0.0013	0.0011	0.0035	0.0027	0.0042	0.0028
COG3173	0.0000	0.0339	0.0191	0.0041	0.0036	0.0123	0.0075	0.0130	0.0051	0.0183	0.0059
COG3174	0.0000	0.3327	0.0791	0.0549	0.0240	0.0878	0.0479	0.0835	0.0210	0.1116	0.0316
COG3175	0.0000	0.0013	0.0027	0.0009	0.0019	0.0013	0.0021	0.0015	0.0027	0.0019	0.0029
COG3176	0.0000	0.0011	0.0008	0.0003	0.0003	0.0009	0.0006	0.0018	0.0012	0.0034	0.0016
COG3177	0.0000	0.1135	0.0210	0.0106	0.0063	0.0182	0.0062	0.0384	0.0114	0.0515	0.0175
COG3178	0.0000	0.0012	0.0004	0.0003	0.0001	0.0009	0.0003	0.0016	0.0004	0.0021	0.0003
COG3179	0.0000	0.0017	0.0007	0.0004	0.0002	0.0010	0.0004	0.0015	0.0005	0.0015	0.0004
COG3180	0.0000	0.0007	0.0005	0.0002	0.0001	0.0004	0.0002	0.0007	0.0004	0.0010	0.0005
COG3181	0.0000	0.0053	0.0015	0.0014	0.0005	0.0048	0.0022	0.0051	0.0018	0.0042	0.0012
COG3182	0.0000	0.0013	0.0006	0.0004	0.0002	0.0009	0.0003	0.0012	0.0005	0.0014	0.0006
COG3183	0.0000	0.0313	0.0074	0.0048	0.0019	0.0088	0.0026	0.0092	0.0018	0.0108	0.0015
COG3184	0.0000	0.0014	0.0008	0.0005	0.0003	0.0008	0.0006	0.0012	0.0007	0.0017	0.0009
COG3185	0.0000	0.0142	0.0080	0.0017	0.0013	0.0033	0.0017	0.0033	0.0014	0.0060	0.0024
COG3186	0.0000	0.0001	0.0000	0.0000	0.0000	0.0001	0.0000	0.0001	0.0000	0.0004	0.0001
COG3187	0.0000	0.0062	0.0029	0.0011	0.0005	0.0031	0.0014	0.0040	0.0019	0.0085	0.0037
COG3188	0.0000	0.0006	0.0002	0.0001	0.0001	0.0003	0.0001	0.0003	0.0001	0.0005	0.0001
COG3189	0.0050	0.2217	0.0669	0.9684	0.0149	0.0172	0.0059	0.0195	0.0084	0.0398	0.0217
COG3190	0.0000	0.0013	0.0006	0.0003	0.0001	0.0005	0.0003	0.0012	0.0010	0.0016	0.0012
COG3191	0.0000	0.0590	0.0377	0.0154	0.0182	0.0155	0.0104	0.0191	0.0118	0.0285	0.0193
COG3192	0.0000	0.0004	0.0002	0.0001	0.0000	0.0002	0.0001	0.0005	0.0002	0.0009	0.0004
COG3193	0.0000	0.0132	0.0050	0.0047	0.0022	0.0087	0.0052	0.0093	0.0034	0.0101	0.0029
COG3194	0.0000	0.0022	0.0009	0.0004	0.0002	0.0007	0.0004	0.0011	0.0005	0.0011	0.0004
COG3195	0.0000	0.0004	0.0003	0.0001	0.0001	0.0001	0.0001	0.0003	0.0002	0.0006	0.0004
COG3196	0.0000	0.1089	0.0405	0.5608	0.0953	0.1889	0.0657	0.0641	0.0240	0.0395	0.0153
COG3197	0.0000	0.0013	0.0007	0.0003	0.0002	0.0003	0.0002	0.0005	0.0003	0.0007	0.0005
COG3198	0.0000	0.0008	0.0003	0.0003	0.0002	0.0005	0.0003	0.0007	0.0003	0.0012	0.0004
COG3199	0.2900	0.9856	0.0105	0.9994	0.0004	0.9937	0.0054	0.9619	0.0359	0.9288	0.0373
COG3200	0.0000	0.0006	0.0005	0.0004	0.0004	0.0006	0.0005	0.0009	0.0006	0.0015	0.0008
COG3201	0.0000	0.0007	0.0002	0.0001	0.0001	0.0007	0.0002	0.0023	0.0008	0.0077	0.0029
COG3202	0.0000	0.0001	0.0001	0.0001	0.0000	0.0001	0.0001	0.0001	0.0001	0.0002	0.0001
COG3203	0.0000	0.0039	0.0021	0.0014	0.0010	0.0021	0.0006	0.0022	0.0006	0.0032	0.0013
COG3204	0.0000	0.0025	0.0006	0.0005	0.0002	0.0008	0.0002	0.0022	0.0005	0.0027	0.0007
COG3205	0.0000	0.0261	0.0049	0.0030	0.0013	0.0108	0.0050	0.0256	0.0091	0.0389	0.0144
COG3206	0.0000	0.0114	0.0038	0.0013	0.0004	0.0043	0.0012	0.0104	0.0030	0.0169	0.0037
COG3207	0.0000	0.0005	0.0003	0.0002	0.0001	0.0005	0.0003	0.0007	0.0004	0.0011	0.0006
COG3208	0.0000	0.0018	0.0007	0.0003	0.0002	0.0006	0.0003	0.0007	0.0003	0.0007	0.0003
COG3209	0.0000	0.0595	0.0169	0.0067	0.0029	0.0198	0.0068	0.0385	0.0095	0.0585	0.0129
COG3210	0.0000	0.0556	0.0189	0.0092	0.0034	0.0214	0.0042	0.0547	0.0148	0.0784	0.0201
COG3211	0.0000	0.0038	0.0028	0.0009	0.0004	0.0025	0.0012	0.0021	0.0011	0.0024	0.0014
COG3212	0.0000	0.0218	0.0127	0.0033	0.0020	0.0108	0.0049	0.0134	0.0064	0.0195	0.0083
COG3213	0.0000	0.0002	0.0001	0.0001	0.0000	0.0002	0.0001	0.0004	0.0002	0.0006	0.0002
COG3214	0.0000	0.0172	0.0083	0.0028	0.0027	0.0041	0.0018	0.0134	0.0047	0.0133	0.0048
COG3215	0.0000	0.0017	0.0015	0.0004	0.0004	0.0010	0.0012	0.0019	0.0022	0.0030	0.0030
COG3216	0.0000	0.0027	0.0022	0.0010	0.0009	0.0021	0.0017	0.0035	0.0026	0.0050	0.0035
COG3217	0.0000	0.0099	0.0044	0.0027	0.0015	0.0036	0.0022	0.0047	0.0034	0.0066	0.0049
COG3218	0.0000	0.0037	0.0028	0.0011	0.0012	0.0014	0.0014	0.0023	0.0027	0.0020	0.0017
COG3219	0.0000	0.0002	0.0001	0.0000	0.0000	0.0001	0.0000	0.0001	0.0001	0.0003	0.0001
COG3220	0.0000	0.0010	0.0003	0.0002	0.0001	0.0005	0.0002	0.0006	0.0002	0.0009	0.0003
COG3221	0.0000	0.0170	0.0055	0.0021	0.0023	0.0045	0.0025	0.0106	0.0031	0.0105	0.0043
COG3222	0.0000	0.0097	0.0054	0.0020	0.0012	0.0033	0.0013	0.0038	0.0015	0.0026	0.0010
COG3223	0.0000	0.0003	0.0002	0.0001	0.0001	0.0003	0.0002	0.0006	0.0004	0.0010	0.0006
COG3224	0.0000	0.0087	0.0038	0.0020	0.0009	0.0030	0.0013	0.0029	0.0014	0.0028	0.0016
COG3225	0.0000	0.0067	0.0078	0.0018	0.0031	0.0037	0.0032	0.0053	0.0029	0.0048	0.0026
COG3226	0.0000	0.0017	0.0008	0.0006	0.0004	0.0006	0.0003	0.0007	0.0004	0.0005	0.0003
COG3227	0.0000	0.0099	0.0026	0.0017	0.0007	0.0040	0.0013	0.0076	0.0023	0.0100	0.0019
COG3228	0.0000	0.0020	0.0005	0.0005	0.0002	0.0011	0.0004	0.0007	0.0004	0.0008	0.0004
COG3230	0.0000	0.0006	0.0005	0.0002	0.0001	0.0004	0.0002	0.0004	0.0003	0.0004	0.0003
COG3231	0.0000	0.0011	0.0004	0.0002	0.0001	0.0005	0.0002	0.0009	0.0003	0.0014	0.0004
COG3232	0.0000	0.0016	0.0010	0.0005	0.0003	0.0007	0.0004	0.0011	0.0006	0.0010	0.0007
COG3233	0.0000	0.0378	0.0155	0.0075	0.0030	0.0396	0.0189	0.0283	0.0089	0.0277	0.0085
COG3234	0.0000	0.0005	0.0003	0.0002	0.0001	0.0003	0.0002	0.0004	0.0002	0.0004	0.0001
COG3235	0.0000	0.0002	0.0002	0.0001	0.0001	0.0003	0.0002	0.0002	0.0001	0.0006	0.0003
COG3236	0.0000	0.0002	0.0001	0.0001	0.0000	0.0002	0.0001	0.0004	0.0001	0.0008	0.0002
COG3237	0.0000	0.0015	0.0005	0.0002	0.0001	0.0006	0.0003	0.0006	0.0002	0.0007	0.0002
COG3238	0.0000	0.0022	0.0017	0.0006	0.0003	0.0005	0.0003	0.0007	0.0005	0.0004	0.0003
COG3239	0.0000	0.0006	0.0005	0.0001	0.0001	0.0004	0.0003	0.0007	0.0005	0.0018	0.0011
COG3240	0.0000	0.0005	0.0002	0.0001	0.0000	0.0003	0.0001	0.0006	0.0002	0.0010	0.0002
COG3241	0.0000	0.0001	0.0001	0.0000	0.0000	0.0001	0.0001	0.0002	0.0002	0.0003	0.0002
COG3242	0.0000	0.0018	0.0026	0.0013	0.0030	0.0013	0.0026	0.0015	0.0023	0.0017	0.0019
COG3243	0.0000	0.0304	0.0311	0.0053	0.0082	0.0101	0.0087	0.0147	0.0140	0.0218	0.0173
COG3245	0.0000	0.0012	0.0007	0.0004	0.0002	0.0007	0.0004	0.0010	0.0005	0.0008	0.0004
COG3246	0.0000	0.0582	0.0257	0.0083	0.0067	0.0112	0.0043	0.0125	0.0042	0.0130	0.0044
COG3247	0.0000	0.0318	0.0166	0.0035	0.0020	0.0162	0.0078	0.0217	0.0078	0.0283	0.0093
COG3248	0.0000	0.0006	0.0004	0.0003	0.0002	0.0004	0.0003	0.0006	0.0004	0.0007	0.0004
COG3249	0.0000	0.0002	0.0001	0.0001	0.0001	0.0002	0.0001	0.0004	0.0002	0.0008	0.0004
COG3250	0.0000	0.0180	0.0057	0.0020	0.0007	0.0068	0.0022	0.0244	0.0092	0.0364	0.0129
COG3251	0.0000	0.0030	0.0013	0.0009	0.0005	0.0013	0.0009	0.0011	0.0007	0.0008	0.0006
COG3252	0.0050	0.9852	0.0149	0.9998	0.0002	0.6513	0.1679	0.1509	0.1006	0.1045	0.0849
COG3253	0.0000	0.0007	0.0008	0.0002	0.0001	0.0006	0.0005	0.0017	0.0015	0.0033	0.0029
COG3254	0.0000	0.1686	0.0734	0.5673	0.1584	0.1748	0.0695	0.1133	0.0487	0.0661	0.0312
COG3255	0.0000	0.1195	0.0603	0.0143	0.0095	0.0302	0.0151	0.0436	0.0271	0.1201	0.0632
COG3256	0.0000	0.0265	0.0074	0.0058	0.0034	0.0056	0.0017	0.0073	0.0019	0.0059	0.0024
COG3257	0.0000	0.0017	0.0008	0.0004	0.0002	0.0006	0.0003	0.0014	0.0007	0.0015	0.0009
COG3258	0.0000	0.0016	0.0012	0.0005	0.0003	0.0008	0.0005	0.0008	0.0005	0.0009	0.0005
COG3259	0.0000	0.0675	0.0176	0.0088	0.0027	0.0646	0.0317	0.1486	0.0512	0.2103	0.0598
COG3260	0.3000	0.9704	0.0079	0.9996	0.0002	0.9991	0.0003	0.9951	0.0019	0.9783	0.0090
COG3261	0.0450	0.9464	0.0238	0.9996	0.0003	0.9987	0.0007	0.9945	0.0028	0.8314	0.0420
COG3262	0.0000	0.1582	0.0856	0.0453	0.0247	0.1656	0.0824	0.2284	0.0996	0.2750	0.1076
COG3263	0.0150	0.1564	0.0505	0.9521	0.0138	0.9280	0.0164	0.0521	0.0266	0.0736	0.0323
COG3264	0.0000	0.0342	0.0173	0.0042	0.0020	0.0129	0.0064	0.0411	0.0152	0.0821	0.0236
COG3265	0.0000	0.0006	0.0002	0.0001	0.0001	0.0003	0.0001	0.0007	0.0003	0.0014	0.0005
COG3266	0.0000	0.0113	0.0058	0.0015	0.0008	0.0061	0.0035	0.0110	0.0056	0.0236	0.0096
COG3267	0.0000	0.0072	0.0052	0.0009	0.0006	0.0044	0.0021	0.0104	0.0042	0.0129	0.0046
COG3268	0.0000	0.0023	0.0015	0.0004	0.0004	0.0010	0.0010	0.0014	0.0015	0.0020	0.0017
COG3269	0.3000	0.9766	0.0162	0.9996	0.0007	0.9968	0.0042	0.9930	0.0084	0.9792	0.0154
COG3270	0.0000	0.8495	0.1109	0.9756	0.0183	0.9348	0.0418	0.8617	0.0649	0.7983	0.0798
COG3271	0.0000	0.0176	0.0056	0.0021	0.0008	0.0055	0.0023	0.0121	0.0043	0.0232	0.0080
COG3272	0.0000	0.0009	0.0006	0.0002	0.0002	0.0006	0.0004	0.0013	0.0007	0.0017	0.0009
COG3273	0.0000	0.8297	0.1090	0.2891	0.1284	0.4633	0.1535	0.6512	0.1378	0.7940	0.1262
COG3274	0.0000	0.0050	0.0021	0.0006	0.0002	0.0034	0.0019	0.0038	0.0020	0.0058	0.0036
COG3275	0.0000	0.0060	0.0021	0.0008	0.0005	0.0020	0.0011	0.0029	0.0011	0.0035	0.0011
COG3276	0.0000	0.9952	0.0030	0.9533	0.0387	0.9810	0.0146	0.9867	0.0090	0.9861	0.0097
COG3277	0.0800	0.9641	0.0153	0.9997	0.0002	0.9980	0.0014	0.9930	0.0039	0.3196	0.1339
COG3278	0.0000	0.0026	0.0021	0.0006	0.0008	0.0006	0.0004	0.0013	0.0007	0.0017	0.0007
COG3279	0.0000	0.0035	0.0018	0.0005	0.0004	0.0016	0.0011	0.0031	0.0018	0.0061	0.0027
COG3280	0.0000	0.0069	0.0035	0.0012	0.0006	0.0036	0.0020	0.0054	0.0019	0.0059	0.0025
COG3281	0.0000	0.0171	0.0063	0.0067	0.0035	0.0058	0.0033	0.0064	0.0031	0.0062	0.0029
COG3283	0.0000	0.0010	0.0005	0.0007	0.0004	0.0008	0.0003	0.0007	0.0004	0.0009	0.0007
COG3284	0.0000	0.0058	0.0024	0.0009	0.0004	0.0020	0.0011	0.0024	0.0015	0.0025	0.0014
COG3285	0.0000	0.0122	0.0051	0.0027	0.0012	0.0033	0.0011	0.0052	0.0015	0.0077	0.0024
COG3286	0.0000	0.0533	0.0329	0.1138	0.1621	0.0702	0.0408	0.0398	0.0286	0.0267	0.0205
COG3287	0.0000	0.0625	0.0280	0.0072	0.0031	0.0272	0.0143	0.0644	0.0369	0.0872	0.0380
COG3288	0.0000	0.0072	0.0050	0.0031	0.0020	0.0047	0.0028	0.0053	0.0016	0.0067	0.0021
COG3290	0.0000	0.0070	0.0023	0.0009	0.0004	0.0018	0.0008	0.0039	0.0014	0.0048	0.0014
COG3291	0.0000	0.9946	0.0016	0.9994	0.0002	0.9973	0.0007	0.9899	0.0026	0.9743	0.0067
COG3292	0.0000	0.0063	0.0022	0.0013	0.0004	0.0023	0.0009	0.0031	0.0011	0.0066	0.0019
COG3293	0.0000	0.0121	0.0032	0.0011	0.0004	0.0039	0.0012	0.0075	0.0021	0.0126	0.0034
COG3294	0.0000	0.3009	0.0800	0.0478	0.0318	0.1583	0.0797	0.2700	0.0732	0.1575	0.0633
COG3295	0.0000	0.0005	0.0003	0.0001	0.0001	0.0002	0.0001	0.0003	0.0002	0.0004	0.0002
COG3296	0.0000	0.0136	0.0100	0.0027	0.0020	0.0055	0.0038	0.0134	0.0065	0.0166	0.0053
COG3297	0.0000	0.0013	0.0015	0.0009	0.0015	0.0012	0.0014	0.0011	0.0014	0.0012	0.0010
COG3298	0.0000	0.0063	0.0022	0.0018	0.0008	0.0049	0.0016	0.0056	0.0022	0.0072	0.0025
COG3299	0.0000	0.0270	0.0066	0.0030	0.0019	0.0057	0.0014	0.0118	0.0029	0.0166	0.0051
COG3300	0.0000	0.0030	0.0011	0.0008	0.0004	0.0016	0.0004	0.0021	0.0005	0.0022	0.0003
COG3301	0.0000	0.0432	0.0241	0.0107	0.0063	0.0253	0.0129	0.0326	0.0092	0.0401	0.0118
COG3302	0.0000	0.0083	0.0037	0.0025	0.0016	0.0061	0.0046	0.0076	0.0071	0.0081	0.0087
COG3303	0.0000	0.0077	0.0032	0.0009	0.0006	0.0018	0.0007	0.0037	0.0013	0.0038	0.0014
COG3304	0.0000	0.0034	0.0026	0.0004	0.0002	0.0014	0.0007	0.0021	0.0012	0.0028	0.0018
COG3305	0.0000	0.0002	0.0001	0.0001	0.0000	0.0001	0.0001	0.0002	0.0001	0.0003	0.0001
COG3306	0.0000	0.0005	0.0001	0.0002	0.0000	0.0004	0.0001	0.0006	0.0001	0.0009	0.0002
COG3307	0.0000	0.0059	0.0030	0.0006	0.0004	0.0041	0.0021	0.0067	0.0026	0.0060	0.0022
COG3308	0.0000	0.0001	0.0001	0.0001	0.0000	0.0001	0.0001	0.0002	0.0001	0.0005	0.0003
COG3309	0.0000	0.0002	0.0001	0.0001	0.0000	0.0002	0.0001	0.0003	0.0001	0.0004	0.0002
COG3310	0.0000	0.0007	0.0004	0.0003	0.0002	0.0005	0.0003	0.0005	0.0002	0.0010	0.0004
COG3311	0.0000	0.0100	0.0033	0.0010	0.0005	0.0016	0.0007	0.0027	0.0011	0.0036	0.0010
COG3312	0.0000	0.0002	0.0001	0.0001	0.0000	0.0001	0.0001	0.0002	0.0001	0.0003	0.0002
COG3313	0.0000	0.0027	0.0035	0.0009	0.0012	0.0025	0.0028	0.0026	0.0028	0.0036	0.0027
COG3314	0.0000	0.0015	0.0009	0.0002	0.0001	0.0008	0.0004	0.0015	0.0006	0.0033	0.0011
COG3315	0.0000	0.0564	0.0257	0.0076	0.0051	0.0081	0.0026	0.0123	0.0035	0.0156	0.0057
COG3316	0.0000	0.1223	0.0388	0.0095	0.0070	0.0262	0.0098	0.0569	0.0156	0.0503	0.0120
COG3317	0.0000	0.1235	0.0507	0.3624	0.0816	0.2744	0.1156	0.2007	0.0923	0.1798	0.0909
COG3318	0.0000	0.0008	0.0006	0.0004	0.0004	0.0006	0.0004	0.0009	0.0003	0.0008	0.0002
COG3319	0.0000	0.0004	0.0003	0.0001	0.0001	0.0001	0.0001	0.0002	0.0002	0.0004	0.0002
COG3320	0.0000	0.0012	0.0007	0.0002	0.0002	0.0004	0.0003	0.0006	0.0004	0.0010	0.0006
COG3321	0.0000	0.0018	0.0007	0.0003	0.0001	0.0006	0.0002	0.0007	0.0002	0.0009	0.0003
COG3322	0.0000	0.1341	0.0375	0.0202	0.0115	0.0338	0.0134	0.0503	0.0163	0.0343	0.0098
COG3323	0.0000	0.0002	0.0000	0.0000	0.0000	0.0001	0.0000	0.0003	0.0001	0.0007	0.0003
COG3324	0.0000	0.0529	0.0332	0.0116	0.0198	0.0121	0.0087	0.0145	0.0058	0.0190	0.0089
COG3325	0.0000	0.0083	0.0021	0.0010	0.0004	0.0030	0.0006	0.0081	0.0016	0.0105	0.0027
COG3326	0.0000	0.0245	0.0117	0.0035	0.0020	0.0114	0.0053	0.0211	0.0097	0.0251	0.0108
COG3327	0.0000	0.0048	0.0034	0.0012	0.0012	0.0018	0.0009	0.0036	0.0015	0.0058	0.0027
COG3328	0.0000	0.0354	0.0117	0.0038	0.0014	0.0065	0.0022	0.0138	0.0029	0.0196	0.0049
COG3329	0.0000	0.0006	0.0005	0.0001	0.0001	0.0004	0.0003	0.0006	0.0003	0.0009	0.0004
COG3330	0.0000	0.0005	0.0003	0.0001	0.0001	0.0005	0.0003	0.0010	0.0006	0.0016	0.0008
COG3331	0.0000	0.0017	0.0008	0.0004	0.0002	0.0012	0.0006	0.0029	0.0013	0.0037	0.0015
COG3332	0.0000	0.0069	0.0035	0.0011	0.0009	0.0014	0.0009	0.0026	0.0013	0.0024	0.0010
COG3333	0.0000	0.0045	0.0015	0.0015	0.0009	0.0040	0.0021	0.0036	0.0013	0.0028	0.0009
COG3334	0.0000	0.0006	0.0003	0.0002	0.0001	0.0008	0.0004	0.0013	0.0006	0.0022	0.0009
COG3335	0.0000	0.0913	0.0339	0.0109	0.0126	0.0138	0.0076	0.0152	0.0049	0.0214	0.0054
COG3336	0.0000	0.0002	0.0002	0.0001	0.0001	0.0002	0.0002	0.0003	0.0003	0.0006	0.0006
COG3337	0.0000	0.1062	0.0472	0.0328	0.0169	0.0159	0.0092	0.0094	0.0077	0.0070	0.0046
COG3338	0.0000	0.0018	0.0010	0.0004	0.0003	0.0006	0.0003	0.0011	0.0007	0.0012	0.0006
COG3339	0.0000	0.0260	0.0044	0.0040	0.0020	0.0063	0.0017	0.0070	0.0019	0.0091	0.0026
COG3340	0.0000	0.0054	0.0024	0.0010	0.0005	0.0052	0.0026	0.0061	0.0022	0.0129	0.0035
COG3341	0.0000	0.0006	0.0004	0.0001	0.0001	0.0003	0.0002	0.0007	0.0005	0.0009	0.0006
COG3342	0.0000	0.0733	0.0367	0.0165	0.0120	0.0246	0.0131	0.0228	0.0066	0.0265	0.0077
COG3343	0.0000	0.0010	0.0007	0.0001	0.0001	0.0006	0.0004	0.0025	0.0016	0.0041	0.0019
COG3344	0.0000	0.0277	0.0149	0.0018	0.0024	0.0043	0.0027	0.0119	0.0057	0.0194	0.0077
COG3345	0.0000	0.0022	0.0010	0.0002	0.0002	0.0007	0.0003	0.0017	0.0008	0.0032	0.0016
COG3346	0.0000	0.0001	0.0001	0.0001	0.0001	0.0002	0.0002	0.0005	0.0003	0.0010	0.0005
COG3347	0.0000	0.0005	0.0002	0.0001	0.0000	0.0002	0.0002	0.0005	0.0002	0.0006	0.0002
COG3349	0.0000	0.0004	0.0003	0.0001	0.0001	0.0002	0.0001	0.0004	0.0002	0.0007	0.0003
COG3350	0.0000	0.4698	0.0593	0.1652	0.0514	0.1639	0.0285	0.1596	0.0188	0.1227	0.0236
COG3351	0.0150	0.6884	0.1977	0.9626	0.0457	0.9364	0.0520	0.9323	0.0573	0.8493	0.0850
COG3352	0.0000	0.0283	0.0222	0.0597	0.0797	0.0359	0.0294	0.0268	0.0193	0.0170	0.0107
COG3353	0.0700	0.9403	0.0573	0.9979	0.0027	0.9941	0.0083	0.9859	0.0229	0.5656	0.1260
COG3354	0.0150	0.9793	0.0232	0.9995	0.0006	0.9985	0.0015	0.9136	0.0543	0.7480	0.1303
COG3355	0.0000	0.5309	0.1143	0.0851	0.0484	0.1108	0.0386	0.1649	0.0463	0.1452	0.0387
COG3356	0.0050	0.8430	0.0985	0.9982	0.0020	0.2585	0.1392	0.3687	0.1297	0.2725	0.0603
COG3357	0.0000	0.4991	0.1478	0.1275	0.0620	0.1751	0.0873	0.1655	0.0581	0.1365	0.0546
COG3358	0.0000	0.0155	0.0088	0.0029	0.0014	0.0033	0.0022	0.0076	0.0055	0.0071	0.0029
COG3359	0.0000	0.1980	0.0469	0.0165	0.0128	0.0412	0.0245	0.0579	0.0255	0.0768	0.0321
COG3360	0.0000	0.1572	0.0648	0.0148	0.0089	0.0393	0.0228	0.0611	0.0270	0.0389	0.0146
COG3361	0.0000	0.0062	0.0028	0.0009	0.0005	0.0025	0.0018	0.0039	0.0026	0.0053	0.0034
COG3363	0.0000	0.0463	0.0270	0.0089	0.0064	0.0136	0.0067	0.0268	0.0130	0.0415	0.0222
COG3364	0.0000	0.1427	0.1106	0.0157	0.0198	0.0464	0.0546	0.0987	0.0958	0.2185	0.1346
COG3365	0.0050	0.7115	0.2177	0.9734	0.0567	0.0668	0.0639	0.1431	0.1119	0.3281	0.1619
COG3366	0.0000	0.3568	0.0886	0.0784	0.0446	0.1500	0.0752	0.2851	0.0907	0.2432	0.0927
COG3367	0.0050	0.4106	0.1463	0.9704	0.0123	0.0263	0.0115	0.0409	0.0188	0.0370	0.0224
COG3368	0.0000	0.0879	0.0294	0.0448	0.0167	0.0516	0.0193	0.0501	0.0153	0.0372	0.0124
COG3369	0.0000	0.0748	0.0259	0.0133	0.0048	0.0168	0.0035	0.0360	0.0088	0.0531	0.0172
COG3370	0.0000	0.0965	0.0257	0.0128	0.0136	0.0113	0.0061	0.0236	0.0098	0.0318	0.0103
COG3371	0.0450	0.8601	0.0663	0.9987	0.0007	0.9863	0.0066	0.9274	0.0380	0.1171	0.0343
COG3372	0.0000	0.3285	0.1131	0.0612	0.0461	0.1018	0.0524	0.1199	0.0554	0.1090	0.0545
COG3373	0.0000	0.0987	0.0373	0.1010	0.0864	0.1741	0.0975	0.1934	0.0883	0.1568	0.0649
COG3374	0.0000	0.0032	0.0024	0.0008	0.0005	0.0013	0.0012	0.0037	0.0027	0.0049	0.0034
COG3375	0.0000	0.0348	0.0208	0.0095	0.0050	0.0099	0.0048	0.0157	0.0098	0.0135	0.0069
COG3376	0.0000	0.0063	0.0040	0.0030	0.0018	0.0048	0.0024	0.0083	0.0038	0.0080	0.0037
COG3377	0.0000	0.1061	0.0641	0.0207	0.0119	0.0375	0.0213	0.0749	0.0335	0.1218	0.0751
COG3378	0.0000	0.0459	0.0106	0.0052	0.0014	0.0103	0.0030	0.0172	0.0048	0.0246	0.0072
COG3379	0.0100	0.9330	0.0336	0.9993	0.0004	0.2047	0.0776	0.2109	0.0539	0.2126	0.0481
COG3380	0.0000	0.0035	0.0023	0.0008	0.0006	0.0013	0.0010	0.0014	0.0012	0.0025	0.0024
COG3381	0.0000	0.0145	0.0049	0.0040	0.0021	0.0142	0.0064	0.0186	0.0049	0.0197	0.0039
COG3382	0.0050	0.7140	0.1146	0.9967	0.0058	0.1137	0.0706	0.0998	0.0444	0.1294	0.0530
COG3383	0.0000	0.1731	0.0435	0.0725	0.0247	0.0803	0.0113	0.0960	0.0172	0.1203	0.0277
COG3384	0.0000	0.0221	0.0142	0.0059	0.0034	0.0041	0.0020	0.0064	0.0043	0.0069	0.0053
COG3385	0.0000	0.0892	0.0337	0.0055	0.0048	0.0080	0.0032	0.0168	0.0039	0.0170	0.0037
COG3386	0.0000	0.0211	0.0085	0.0060	0.0034	0.0081	0.0032	0.0135	0.0030	0.0117	0.0025
COG3387	0.0000	0.0915	0.0314	0.0063	0.0054	0.0266	0.0111	0.0722	0.0276	0.1011	0.0513
COG3388	0.0000	0.2457	0.1455	0.0436	0.0349	0.0574	0.0316	0.1512	0.0668	0.2345	0.1309
COG3389	0.0150	0.8276	0.2354	0.9978	0.0049	0.9939	0.0129	0.3241	0.1495	0.4574	0.1873
COG3390	0.0000	0.5747	0.1507	0.0752	0.0320	0.1979	0.0795	0.4203	0.1241	0.6132	0.1290
COG3391	0.0000	0.0370	0.0130	0.0052	0.0028	0.0098	0.0034	0.0142	0.0033	0.0224	0.0042
COG3392	0.0000	0.0083	0.0021	0.0015	0.0005	0.0043	0.0014	0.0051	0.0017	0.0082	0.0029
COG3393	0.0750	0.0723	0.0269	0.8762	0.0377	0.5142	0.0686	0.3385	0.0465	0.0070	0.0025
COG3394	0.0000	0.0036	0.0012	0.0005	0.0003	0.0017	0.0007	0.0031	0.0012	0.0060	0.0028
COG3395	0.0000	0.0171	0.0064	0.0034	0.0013	0.0050	0.0021	0.0093	0.0047	0.0072	0.0041
COG3396	0.0000	0.0022	0.0020	0.0005	0.0004	0.0008	0.0005	0.0009	0.0005	0.0019	0.0010
COG3397	0.0000	0.0026	0.0014	0.0010	0.0006	0.0016	0.0007	0.0023	0.0008	0.0019	0.0006
COG3398	0.0900	0.9485	0.0311	0.9990	0.0007	0.9940	0.0041	0.9734	0.0215	0.1489	0.0350
COG3399	0.0000	0.0001	0.0001	0.0000	0.0000	0.0001	0.0001	0.0001	0.0001	0.0002	0.0002
COG3400	0.0000	0.0000	0.0000	0.0000	0.0000	0.0000	0.0000	0.0000	0.0000	0.0000	0.0000
COG3401	0.0000	0.0027	0.0015	0.0005	0.0003	0.0014	0.0009	0.0036	0.0020	0.0042	0.0019
COG3402	0.0000	0.0144	0.0078	0.0021	0.0011	0.0058	0.0033	0.0118	0.0073	0.0184	0.0112
COG3403	0.0000	0.0015	0.0007	0.0004	0.0002	0.0005	0.0004	0.0006	0.0005	0.0008	0.0007
COG3404	0.0000	0.0500	0.0294	0.0095	0.0060	0.0142	0.0099	0.0196	0.0088	0.0181	0.0058
COG3405	0.0000	0.0031	0.0009	0.0005	0.0001	0.0022	0.0011	0.0039	0.0016	0.0047	0.0019
COG3407	0.0000	0.0122	0.0053	0.0013	0.0006	0.0082	0.0039	0.0277	0.0126	0.0518	0.0208
COG3408	0.0000	0.1877	0.0466	0.0244	0.0114	0.0967	0.0527	0.1687	0.0600	0.2654	0.0591
COG3409	0.0000	0.0038	0.0015	0.0004	0.0003	0.0029	0.0015	0.0045	0.0015	0.0096	0.0022
COG3410	0.0000	0.0073	0.0017	0.0013	0.0003	0.0030	0.0009	0.0062	0.0010	0.0088	0.0018
COG3411	0.0000	0.0135	0.0037	0.0025	0.0018	0.0044	0.0017	0.0054	0.0019	0.0078	0.0027
COG3412	0.0000	0.0032	0.0013	0.0004	0.0002	0.0010	0.0005	0.0021	0.0011	0.0031	0.0017
COG3413	0.0050	0.9350	0.0258	0.9987	0.0008	0.1220	0.0384	0.1972	0.0335	0.1576	0.0299
COG3414	0.0000	0.0038	0.0019	0.0007	0.0004	0.0019	0.0008	0.0033	0.0013	0.0037	0.0010
COG3415	0.0000	0.0658	0.0242	0.0058	0.0057	0.0097	0.0057	0.0207	0.0076	0.0277	0.0089
COG3416	0.0000	0.0023	0.0017	0.0013	0.0009	0.0017	0.0008	0.0018	0.0013	0.0016	0.0007
COG3417	0.0000	0.0006	0.0002	0.0001	0.0000	0.0004	0.0002	0.0010	0.0003	0.0027	0.0014
COG3418	0.0000	0.0015	0.0006	0.0003	0.0002	0.0009	0.0006	0.0017	0.0006	0.0024	0.0007
COG3419	0.0000	0.0032	0.0012	0.0005	0.0003	0.0018	0.0008	0.0048	0.0016	0.0082	0.0029
COG3420	0.0000	0.0805	0.0259	0.0117	0.0055	0.0246	0.0091	0.0740	0.0200	0.0954	0.0278
COG3421	0.0000	0.0039	0.0010	0.0007	0.0002	0.0016	0.0005	0.0020	0.0006	0.0029	0.0009
COG3422	0.0000	0.0095	0.0032	0.0020	0.0007	0.0080	0.0032	0.0105	0.0050	0.0130	0.0058
COG3423	0.0000	0.0033	0.0039	0.0013	0.0016	0.0012	0.0014	0.0010	0.0011	0.0007	0.0006
COG3424	0.0000	0.0017	0.0013	0.0004	0.0003	0.0007	0.0004	0.0007	0.0003	0.0010	0.0005
COG3425	0.5950	0.9989	0.0003	1.0000	0.0000	0.9998	0.0001	0.9990	0.0005	0.9965	0.0021
COG3426	0.0000	0.0012	0.0005	0.0003	0.0002	0.0007	0.0003	0.0007	0.0003	0.0010	0.0004
COG3427	0.0000	0.0325	0.0124	0.0047	0.0034	0.0072	0.0035	0.0277	0.0077	0.0316	0.0124
COG3428	0.0000	0.1899	0.0986	0.0281	0.0154	0.0768	0.0443	0.1117	0.0650	0.2134	0.1033
COG3429	0.0000	0.0008	0.0006	0.0003	0.0002	0.0006	0.0004	0.0007	0.0005	0.0008	0.0005
COG3430	0.0000	0.5954	0.1521	0.7347	0.1279	0.6670	0.0813	0.6407	0.1073	0.4861	0.0965
COG3431	0.0000	0.2058	0.0874	0.0444	0.0359	0.0814	0.0645	0.0672	0.0375	0.0503	0.0185
COG3432	0.0350	0.6829	0.0968	0.9977	0.0015	0.9882	0.0063	0.1325	0.0283	0.1665	0.0526
COG3433	0.0000	0.0002	0.0002	0.0001	0.0001	0.0002	0.0001	0.0002	0.0001	0.0002	0.0001
COG3434	0.0000	0.0020	0.0012	0.0003	0.0002	0.0013	0.0008	0.0027	0.0018	0.0041	0.0021
COG3435	0.0000	0.1381	0.0236	0.5308	0.0497	0.2331	0.0505	0.1222	0.0289	0.0607	0.0151
COG3436	0.0000	0.0212	0.0099	0.0018	0.0026	0.0049	0.0029	0.0158	0.0049	0.0223	0.0047
COG3437	0.0000	0.0445	0.0195	0.0042	0.0063	0.0213	0.0145	0.0361	0.0075	0.0302	0.0079
COG3439	0.0000	0.1380	0.0705	0.0240	0.0281	0.0246	0.0153	0.0330	0.0147	0.0374	0.0179
COG3440	0.0000	0.0284	0.0075	0.0041	0.0018	0.0066	0.0022	0.0094	0.0028	0.0117	0.0034
COG3442	0.0000	0.0019	0.0012	0.0004	0.0003	0.0007	0.0005	0.0010	0.0006	0.0008	0.0005
COG3443	0.0000	0.0015	0.0006	0.0006	0.0003	0.0011	0.0006	0.0016	0.0007	0.0024	0.0010
COG3444	0.0000	0.0008	0.0003	0.0001	0.0000	0.0004	0.0001	0.0010	0.0003	0.0019	0.0006
COG3445	0.0000	0.0026	0.0018	0.0013	0.0008	0.0012	0.0009	0.0011	0.0009	0.0009	0.0007
COG3447	0.0000	0.0037	0.0017	0.0009	0.0004	0.0019	0.0009	0.0029	0.0011	0.0028	0.0011
COG3448	0.0000	0.0267	0.0120	0.0043	0.0022	0.0148	0.0072	0.0311	0.0171	0.0316	0.0150
COG3449	0.0000	0.0066	0.0035	0.0008	0.0003	0.0021	0.0011	0.0044	0.0024	0.0059	0.0036
COG3450	0.0000	0.0269	0.0104	0.0060	0.0036	0.0129	0.0076	0.0105	0.0047	0.0117	0.0054
COG3451	0.0000	0.0168	0.0036	0.0013	0.0005	0.0056	0.0021	0.0178	0.0054	0.0287	0.0076
COG3452	0.0000	0.0008	0.0003	0.0002	0.0001	0.0004	0.0002	0.0006	0.0002	0.0006	0.0002
COG3453	0.0000	0.0011	0.0007	0.0004	0.0002	0.0003	0.0002	0.0002	0.0002	0.0003	0.0002
COG3454	0.0000	0.0065	0.0058	0.0016	0.0014	0.0027	0.0025	0.0041	0.0040	0.0038	0.0020
COG3455	0.0000	0.0003	0.0002	0.0001	0.0001	0.0002	0.0001	0.0004	0.0002	0.0007	0.0003
COG3456	0.0000	0.0000	0.0000	0.0000	0.0000	0.0000	0.0000	0.0001	0.0000	0.0001	0.0000
COG3457	0.0000	0.0078	0.0042	0.0019	0.0012	0.0031	0.0014	0.0043	0.0015	0.0046	0.0013
COG3458	0.0000	0.0028	0.0030	0.0008	0.0009	0.0011	0.0010	0.0027	0.0021	0.0035	0.0023
COG3459	0.0000	0.0075	0.0038	0.0012	0.0011	0.0035	0.0022	0.0050	0.0021	0.0071	0.0023
COG3460	0.0000	0.0006	0.0005	0.0002	0.0002	0.0003	0.0003	0.0003	0.0003	0.0006	0.0005
COG3461	0.0000	0.0028	0.0009	0.0004	0.0001	0.0025	0.0010	0.0063	0.0019	0.0180	0.0055
COG3462	0.0000	0.0123	0.0046	0.0018	0.0024	0.0022	0.0010	0.0038	0.0014	0.0044	0.0013
COG3463	0.0000	0.0473	0.0245	0.0079	0.0048	0.0243	0.0119	0.0368	0.0142	0.0264	0.0125
COG3464	0.0000	0.0164	0.0040	0.0011	0.0005	0.0036	0.0009	0.0083	0.0015	0.0108	0.0018
COG3465	0.0000	0.1570	0.0400	0.0370	0.0102	0.0663	0.0126	0.0675	0.0194	0.0744	0.0211
COG3466	0.0000	0.0289	0.0077	0.0088	0.0033	0.0174	0.0071	0.0241	0.0063	0.0262	0.0083
COG3467	0.0000	0.5156	0.1490	0.1823	0.1084	0.0836	0.0715	0.0653	0.0318	0.0481	0.0209
COG3468	0.0000	0.0037	0.0010	0.0008	0.0003	0.0016	0.0006	0.0026	0.0009	0.0023	0.0006
COG3469	0.0000	0.0015	0.0007	0.0004	0.0003	0.0007	0.0005	0.0015	0.0007	0.0023	0.0008
COG3470	0.0000	0.0002	0.0002	0.0001	0.0000	0.0001	0.0000	0.0001	0.0001	0.0002	0.0001
COG3471	0.0000	0.0006	0.0007	0.0004	0.0005	0.0005	0.0006	0.0007	0.0007	0.0013	0.0006
COG3472	0.0000	0.0040	0.0022	0.0011	0.0006	0.0015	0.0007	0.0017	0.0008	0.0014	0.0007
COG3473	0.0000	0.1275	0.0744	0.0399	0.0280	0.0433	0.0239	0.0397	0.0217	0.0410	0.0281
COG3474	0.0000	0.0021	0.0018	0.0009	0.0007	0.0012	0.0007	0.0017	0.0008	0.0023	0.0010
COG3475	0.0000	0.0018	0.0006	0.0002	0.0001	0.0008	0.0003	0.0025	0.0009	0.0048	0.0019
COG3476	0.0000	0.0414	0.0121	0.0035	0.0011	0.0097	0.0027	0.0171	0.0046	0.0364	0.0158
COG3477	0.0000	0.0002	0.0001	0.0001	0.0000	0.0002	0.0001	0.0002	0.0001	0.0004	0.0002
COG3478	0.0000	0.0708	0.0254	0.0132	0.0061	0.0220	0.0070	0.0355	0.0103	0.0417	0.0141
COG3479	0.0000	0.0018	0.0007	0.0010	0.0005	0.0012	0.0004	0.0010	0.0004	0.0010	0.0003
COG3480	0.0000	0.0023	0.0016	0.0006	0.0005	0.0013	0.0009	0.0029	0.0018	0.0035	0.0020
COG3481	0.0000	0.1041	0.0936	0.0127	0.0186	0.0513	0.0402	0.1615	0.0874	0.2237	0.0590
COG3482	0.0000	0.0525	0.0205	0.0139	0.0064	0.0165	0.0071	0.0186	0.0080	0.0236	0.0110
COG3483	0.0000	0.0009	0.0009	0.0002	0.0003	0.0006	0.0005	0.0012	0.0009	0.0019	0.0012
COG3484	0.0000	0.0008	0.0004	0.0003	0.0002	0.0005	0.0004	0.0005	0.0004	0.0006	0.0003
COG3485	0.0000	0.0031	0.0015	0.0009	0.0005	0.0020	0.0008	0.0024	0.0008	0.0029	0.0008
COG3486	0.0000	0.0108	0.0045	0.0044	0.0035	0.0047	0.0027	0.0040	0.0022	0.0033	0.0022
COG3487	0.0000	0.0006	0.0004	0.0002	0.0001	0.0003	0.0002	0.0004	0.0003	0.0004	0.0002
COG3488	0.0000	0.0004	0.0005	0.0001	0.0001	0.0002	0.0002	0.0003	0.0004	0.0004	0.0004
COG3489	0.0000	0.0009	0.0018	0.0003	0.0006	0.0006	0.0011	0.0008	0.0012	0.0008	0.0009
COG3490	0.0000	0.0007	0.0002	0.0004	0.0003	0.0006	0.0003	0.0006	0.0004	0.0007	0.0006
COG3491	0.0000	0.0005	0.0002	0.0001	0.0001	0.0003	0.0001	0.0007	0.0001	0.0020	0.0004
COG3492	0.0000	0.0007	0.0004	0.0007	0.0004	0.0021	0.0007	0.0013	0.0005	0.0013	0.0005
COG3493	0.0000	0.0169	0.0094	0.1235	0.0565	0.0547	0.0230	0.0250	0.0112	0.0146	0.0070
COG3494	0.0000	0.0004	0.0003	0.0002	0.0001	0.0007	0.0004	0.0015	0.0009	0.0010	0.0006
COG3495	0.0000	0.0007	0.0002	0.0002	0.0001	0.0004	0.0002	0.0005	0.0002	0.0008	0.0003
COG3496	0.0000	0.0003	0.0001	0.0001	0.0000	0.0002	0.0001	0.0003	0.0001	0.0006	0.0003
COG3497	0.0000	0.0146	0.0043	0.0021	0.0012	0.0036	0.0013	0.0101	0.0021	0.0121	0.0027
COG3498	0.0000	0.0006	0.0003	0.0001	0.0001	0.0003	0.0002	0.0008	0.0004	0.0014	0.0005
COG3499	0.0000	0.0005	0.0002	0.0001	0.0001	0.0003	0.0002	0.0007	0.0003	0.0010	0.0004
COG3500	0.0000	0.0059	0.0013	0.0007	0.0002	0.0017	0.0004	0.0039	0.0010	0.0056	0.0015
COG3501	0.0000	0.0068	0.0023	0.0011	0.0004	0.0026	0.0008	0.0047	0.0015	0.0062	0.0020
COG3502	0.0000	0.0119	0.0061	0.0034	0.0018	0.0048	0.0026	0.0065	0.0025	0.0039	0.0010
COG3503	0.0100	0.7052	0.0597	0.9936	0.0023	0.0961	0.0399	0.0795	0.0233	0.0944	0.0231
COG3504	0.0000	0.0006	0.0003	0.0002	0.0001	0.0005	0.0002	0.0012	0.0005	0.0020	0.0008
COG3505	0.0000	0.0043	0.0020	0.0005	0.0003	0.0013	0.0007	0.0029	0.0012	0.0053	0.0015
COG3506	0.0000	0.0054	0.0043	0.0006	0.0004	0.0020	0.0015	0.0037	0.0021	0.0054	0.0024
COG3507	0.0000	0.0023	0.0008	0.0002	0.0001	0.0013	0.0007	0.0036	0.0016	0.0065	0.0018
COG3508	0.0000	0.0004	0.0003	0.0001	0.0001	0.0002	0.0001	0.0003	0.0002	0.0007	0.0003
COG3509	0.0000	0.0081	0.0032	0.0012	0.0005	0.0030	0.0008	0.0044	0.0009	0.0081	0.0016
COG3510	0.0000	0.0061	0.0019	0.0017	0.0009	0.0031	0.0011	0.0030	0.0005	0.0028	0.0006
COG3511	0.0000	0.0023	0.0014	0.0006	0.0004	0.0011	0.0005	0.0030	0.0010	0.0041	0.0014
COG3512	0.0000	0.0002	0.0001	0.0000	0.0001	0.0002	0.0001	0.0003	0.0001	0.0006	0.0002
COG3513	0.0000	0.0003	0.0001	0.0000	0.0000	0.0002	0.0001	0.0004	0.0001	0.0008	0.0002
COG3514	0.0000	0.0005	0.0002	0.0001	0.0000	0.0003	0.0001	0.0003	0.0001	0.0004	0.0001
COG3515	0.0000	0.0006	0.0003	0.0002	0.0001	0.0003	0.0001	0.0006	0.0002	0.0009	0.0004
COG3516	0.0000	0.0005	0.0004	0.0001	0.0001	0.0004	0.0003	0.0006	0.0004	0.0010	0.0006
COG3517	0.0000	0.0010	0.0006	0.0003	0.0002	0.0007	0.0004	0.0009	0.0006	0.0014	0.0008
COG3518	0.0000	0.0010	0.0003	0.0002	0.0001	0.0004	0.0002	0.0005	0.0002	0.0008	0.0004
COG3519	0.0000	0.0008	0.0007	0.0003	0.0002	0.0007	0.0005	0.0012	0.0009	0.0020	0.0013
COG3520	0.0000	0.0008	0.0003	0.0002	0.0001	0.0005	0.0002	0.0009	0.0003	0.0014	0.0006
COG3521	0.0000	0.0015	0.0005	0.0005	0.0002	0.0006	0.0002	0.0010	0.0004	0.0011	0.0005
COG3522	0.0000	0.0006	0.0003	0.0002	0.0001	0.0004	0.0002	0.0006	0.0003	0.0010	0.0004
COG3523	0.0000	0.0005	0.0002	0.0002	0.0001	0.0004	0.0001	0.0008	0.0003	0.0014	0.0006
COG3524	0.0000	0.0005	0.0002	0.0003	0.0001	0.0006	0.0003	0.0004	0.0001	0.0007	0.0002
COG3525	0.0000	0.4470	0.0894	0.9079	0.0317	0.6275	0.0717	0.4010	0.0659	0.2268	0.0443
COG3526	0.0000	0.0018	0.0005	0.0006	0.0003	0.0006	0.0002	0.0015	0.0004	0.0017	0.0004
COG3527	0.0000	0.0244	0.0090	0.0027	0.0018	0.0049	0.0022	0.0083	0.0033	0.0059	0.0020
COG3528	0.0000	0.0003	0.0002	0.0001	0.0000	0.0002	0.0002	0.0004	0.0003	0.0008	0.0004
COG3529	0.0000	0.0002	0.0001	0.0001	0.0001	0.0002	0.0001	0.0002	0.0001	0.0004	0.0002
COG3530	0.0000	0.0034	0.0011	0.0006	0.0003	0.0011	0.0006	0.0019	0.0008	0.0027	0.0009
COG3531	0.0000	0.0004	0.0002	0.0001	0.0001	0.0002	0.0001	0.0002	0.0001	0.0004	0.0002
COG3533	0.0000	0.0116	0.0034	0.0017	0.0008	0.0057	0.0017	0.0120	0.0029	0.0152	0.0034
COG3534	0.0000	0.0142	0.0044	0.0016	0.0007	0.0053	0.0023	0.0168	0.0040	0.0207	0.0042
COG3535	0.0000	0.1029	0.0366	0.0321	0.0211	0.0238	0.0086	0.0376	0.0100	0.0209	0.0032
COG3536	0.0000	0.0018	0.0023	0.0005	0.0004	0.0009	0.0008	0.0008	0.0008	0.0016	0.0012
COG3537	0.0000	0.0020	0.0007	0.0003	0.0001	0.0014	0.0005	0.0034	0.0010	0.0057	0.0014
COG3538	0.0000	0.0011	0.0004	0.0002	0.0001	0.0005	0.0002	0.0016	0.0007	0.0025	0.0009
COG3539	0.0000	0.0002	0.0001	0.0002	0.0001	0.0003	0.0001	0.0003	0.0002	0.0005	0.0002
COG3540	0.0350	0.1019	0.0255	0.8187	0.0650	0.6190	0.1274	0.0066	0.0031	0.0080	0.0034
COG3541	0.0000	0.0204	0.0062	0.0026	0.0013	0.0054	0.0018	0.0116	0.0048	0.0179	0.0066
COG3542	0.0000	0.0072	0.0039	0.0012	0.0007	0.0036	0.0018	0.0057	0.0033	0.0062	0.0038
COG3543	0.0000	0.0651	0.0244	0.0120	0.0077	0.0132	0.0088	0.0213	0.0111	0.0251	0.0083
COG3544	0.0000	0.0014	0.0008	0.0002	0.0002	0.0008	0.0004	0.0010	0.0004	0.0022	0.0007
COG3545	0.0000	0.0003	0.0002	0.0000	0.0000	0.0003	0.0002	0.0009	0.0006	0.0045	0.0033
COG3546	0.0000	0.0183	0.0092	0.0023	0.0014	0.0090	0.0054	0.0100	0.0070	0.0129	0.0093
COG3547	0.0000	0.1056	0.0317	0.0082	0.0047	0.0180	0.0057	0.0356	0.0081	0.0468	0.0085
COG3548	0.0000	0.0130	0.0051	0.0024	0.0010	0.0033	0.0019	0.0057	0.0033	0.0074	0.0046
COG3549	0.0000	0.0004	0.0001	0.0000	0.0000	0.0001	0.0000	0.0002	0.0001	0.0004	0.0001
COG3550	0.0000	0.2208	0.0530	0.7110	0.0912	0.2364	0.0771	0.1413	0.0388	0.0945	0.0277
COG3551	0.0000	0.0057	0.0023	0.0011	0.0007	0.0032	0.0017	0.0051	0.0018	0.0051	0.0009
COG3552	0.0000	0.0391	0.0374	0.0073	0.0047	0.0044	0.0027	0.0076	0.0040	0.0049	0.0035
COG3553	0.0000	0.0008	0.0003	0.0006	0.0002	0.0006	0.0002	0.0003	0.0001	0.0003	0.0001
COG3554	0.0000	0.0147	0.0034	0.0030	0.0010	0.0033	0.0008	0.0053	0.0012	0.0049	0.0016
COG3555	0.0000	0.0612	0.0144	0.2894	0.0658	0.1776	0.0589	0.0614	0.0236	0.0535	0.0213
COG3556	0.0000	0.0003	0.0003	0.0002	0.0002	0.0004	0.0004	0.0003	0.0003	0.0006	0.0005
COG3557	0.0000	0.0007	0.0007	0.0002	0.0001	0.0004	0.0004	0.0010	0.0010	0.0018	0.0017
COG3558	0.0000	0.0033	0.0014	0.0010	0.0005	0.0018	0.0008	0.0027	0.0011	0.0036	0.0014
COG3559	0.0000	0.0025	0.0010	0.0006	0.0003	0.0012	0.0005	0.0023	0.0010	0.0038	0.0014
COG3560	0.0000	0.0005	0.0004	0.0001	0.0001	0.0003	0.0004	0.0007	0.0006	0.0013	0.0010
COG3561	0.0000	0.0011	0.0005	0.0002	0.0001	0.0006	0.0003	0.0011	0.0005	0.0018	0.0006
COG3562	0.0000	0.0038	0.0011	0.0009	0.0004	0.0046	0.0016	0.0049	0.0014	0.0060	0.0017
COG3563	0.0000	0.0025	0.0007	0.0008	0.0003	0.0016	0.0004	0.0015	0.0005	0.0018	0.0004
COG3564	0.0000	0.0024	0.0004	0.0004	0.0001	0.0012	0.0003	0.0015	0.0006	0.0034	0.0014
COG3565	0.0000	0.0003	0.0002	0.0001	0.0001	0.0002	0.0001	0.0003	0.0002	0.0007	0.0003
COG3566	0.0000	0.0016	0.0007	0.0004	0.0002	0.0015	0.0006	0.0021	0.0006	0.0026	0.0009
COG3567	0.0000	0.1645	0.0344	0.5747	0.0670	0.2754	0.0479	0.1527	0.0344	0.0832	0.0223
COG3568	0.0000	0.0150	0.0065	0.0013	0.0009	0.0033	0.0015	0.0085	0.0034	0.0181	0.0071
COG3569	0.0000	0.0080	0.0086	0.0014	0.0017	0.0124	0.0106	0.0182	0.0144	0.0228	0.0198
COG3570	0.0000	0.0002	0.0002	0.0001	0.0001	0.0001	0.0001	0.0002	0.0002	0.0003	0.0003
COG3571	0.0000	0.0051	0.0022	0.0018	0.0009	0.0024	0.0009	0.0053	0.0022	0.0058	0.0025
COG3572	0.0000	0.0004	0.0003	0.0001	0.0000	0.0003	0.0002	0.0006	0.0004	0.0015	0.0010
COG3573	0.0000	0.0005	0.0003	0.0002	0.0001	0.0002	0.0001	0.0003	0.0002	0.0003	0.0002
COG3575	0.0000	0.0010	0.0007	0.0003	0.0003	0.0005	0.0003	0.0011	0.0005	0.0016	0.0007
COG3576	0.0000	0.3626	0.1038	0.0789	0.0329	0.0872	0.0326	0.1071	0.0228	0.1318	0.0365
COG3577	0.0000	0.0083	0.0037	0.0020	0.0007	0.0034	0.0022	0.0034	0.0028	0.0038	0.0027
COG3579	0.0000	0.0007	0.0005	0.0001	0.0001	0.0003	0.0001	0.0007	0.0004	0.0012	0.0006
COG3580	0.0000	0.0194	0.0084	0.0023	0.0013	0.0054	0.0031	0.0072	0.0031	0.0048	0.0019
COG3581	0.0000	0.0089	0.0040	0.0010	0.0005	0.0030	0.0020	0.0048	0.0028	0.0066	0.0031
COG3582	0.0000	0.0317	0.0238	0.0056	0.0064	0.0214	0.0204	0.0293	0.0167	0.0324	0.0170
COG3583	0.0000	0.0011	0.0005	0.0002	0.0001	0.0009	0.0003	0.0021	0.0009	0.0027	0.0011
COG3584	0.0000	0.0014	0.0005	0.0001	0.0000	0.0008	0.0004	0.0024	0.0009	0.0030	0.0015
COG3585	0.0000	0.1950	0.0724	0.0554	0.0229	0.0747	0.0353	0.0909	0.0483	0.0850	0.0309
COG3586	0.0000	0.0996	0.0226	0.0153	0.0058	0.0427	0.0127	0.0431	0.0104	0.0355	0.0068
COG3587	0.0000	0.0044	0.0017	0.0007	0.0002	0.0007	0.0002	0.0009	0.0003	0.0015	0.0005
COG3588	0.0000	0.0005	0.0002	0.0001	0.0001	0.0002	0.0001	0.0010	0.0004	0.0021	0.0008
COG3589	0.0000	0.0015	0.0008	0.0001	0.0001	0.0012	0.0006	0.0041	0.0015	0.0082	0.0030
COG3590	0.0000	0.0015	0.0007	0.0003	0.0001	0.0008	0.0003	0.0017	0.0006	0.0028	0.0009
COG3591	0.0000	0.0096	0.0031	0.0023	0.0011	0.0055	0.0025	0.0057	0.0028	0.0050	0.0020
COG3592	0.0000	0.0021	0.0027	0.0008	0.0009	0.0014	0.0013	0.0012	0.0010	0.0011	0.0010
COG3593	0.0100	0.5339	0.0762	0.9927	0.0023	0.0338	0.0121	0.0494	0.0122	0.0496	0.0123
COG3594	0.0000	0.0139	0.0078	0.0026	0.0019	0.0066	0.0056	0.0084	0.0053	0.0092	0.0040
COG3595	0.0000	0.0272	0.0146	0.0054	0.0069	0.0093	0.0064	0.0132	0.0071	0.0141	0.0075
COG3596	0.0000	0.0011	0.0004	0.0002	0.0001	0.0006	0.0002	0.0006	0.0002	0.0008	0.0002
COG3597	0.0000	0.0013	0.0008	0.0002	0.0002	0.0013	0.0006	0.0015	0.0008	0.0023	0.0013
COG3598	0.0000	0.3180	0.0646	0.7813	0.0730	0.4577	0.0984	0.2242	0.0679	0.1394	0.0448
COG3599	0.0000	0.0018	0.0009	0.0002	0.0001	0.0005	0.0003	0.0016	0.0010	0.0034	0.0021
COG3600	0.0000	0.0048	0.0008	0.0006	0.0001	0.0014	0.0003	0.0023	0.0005	0.0034	0.0009
COG3601	0.0000	0.0273	0.0177	0.0077	0.0069	0.0201	0.0132	0.0276	0.0129	0.0320	0.0202
COG3602	0.0000	0.0045	0.0016	0.0014	0.0004	0.0026	0.0013	0.0043	0.0018	0.0065	0.0026
COG3603	0.0000	0.8606	0.0375	0.9848	0.0075	0.8812	0.0336	0.6439	0.0678	0.4344	0.0654
COG3604	0.0000	0.0043	0.0025	0.0006	0.0004	0.0014	0.0006	0.0013	0.0004	0.0016	0.0005
COG3605	0.0000	0.0026	0.0019	0.0007	0.0006	0.0009	0.0007	0.0017	0.0010	0.0026	0.0013
COG3607	0.0000	0.0029	0.0011	0.0006	0.0002	0.0013	0.0005	0.0021	0.0008	0.0023	0.0009
COG3608	0.0000	0.2366	0.0908	0.0448	0.0194	0.0605	0.0351	0.0576	0.0328	0.0692	0.0347
COG3609	0.0000	0.8950	0.0239	0.4721	0.1216	0.4889	0.0871	0.4822	0.0721	0.4526	0.1016
COG3610	0.0000	0.0026	0.0008	0.0004	0.0002	0.0012	0.0003	0.0023	0.0005	0.0053	0.0017
COG3611	0.0000	0.0003	0.0006	0.0001	0.0002	0.0004	0.0006	0.0009	0.0015	0.0017	0.0027
COG3612	0.0000	0.3689	0.1747	0.0765	0.0534	0.0681	0.0320	0.1867	0.0767	0.2611	0.1369
COG3613	0.0000	0.9344	0.0171	0.9890	0.0041	0.9004	0.0278	0.7525	0.0460	0.6522	0.0492
COG3614	0.0050	0.0108	0.0032	0.4122	0.1135	0.0007	0.0002	0.0011	0.0003	0.0014	0.0004
COG3615	0.0000	0.0005	0.0002	0.0002	0.0001	0.0002	0.0001	0.0003	0.0002	0.0004	0.0002
COG3616	0.0000	0.0232	0.0114	0.0049	0.0047	0.0052	0.0028	0.0039	0.0015	0.0049	0.0017
COG3617	0.0000	0.0028	0.0012	0.0003	0.0002	0.0015	0.0007	0.0030	0.0009	0.0069	0.0024
COG3618	0.0000	0.0043	0.0025	0.0015	0.0011	0.0021	0.0009	0.0034	0.0013	0.0036	0.0016
COG3619	0.0000	0.0017	0.0006	0.0005	0.0002	0.0011	0.0004	0.0010	0.0003	0.0020	0.0007
COG3620	0.0000	0.7650	0.0927	0.2640	0.1510	0.3586	0.0935	0.4249	0.0662	0.3850	0.0584
COG3621	0.0000	0.0017	0.0006	0.0004	0.0003	0.0010	0.0004	0.0008	0.0003	0.0011	0.0004
COG3622	0.0000	0.2013	0.0325	0.6627	0.0800	0.3029	0.0857	0.1340	0.0352	0.0788	0.0170
COG3623	0.0000	0.0003	0.0001	0.0001	0.0000	0.0002	0.0000	0.0004	0.0001	0.0006	0.0001
COG3624	0.0000	0.0030	0.0016	0.0010	0.0007	0.0017	0.0010	0.0021	0.0012	0.0018	0.0008
COG3625	0.0000	0.0108	0.0069	0.0034	0.0022	0.0048	0.0031	0.0052	0.0038	0.0041	0.0023
COG3626	0.0000	0.0071	0.0053	0.0023	0.0015	0.0033	0.0022	0.0040	0.0034	0.0033	0.0017
COG3627	0.0000	0.0085	0.0061	0.0028	0.0019	0.0042	0.0027	0.0049	0.0036	0.0038	0.0019
COG3628	0.0000	0.0126	0.0029	0.0014	0.0005	0.0029	0.0005	0.0065	0.0014	0.0088	0.0024
COG3629	0.0000	0.0025	0.0009	0.0003	0.0001	0.0012	0.0003	0.0025	0.0007	0.0031	0.0011
COG3630	0.0000	0.3387	0.2158	0.6291	0.2457	0.4352	0.2047	0.2545	0.1575	0.1807	0.1111
COG3631	0.0000	0.0324	0.0186	0.0027	0.0020	0.0087	0.0061	0.0108	0.0050	0.0116	0.0062
COG3633	0.0000	0.0004	0.0003	0.0001	0.0001	0.0004	0.0003	0.0015	0.0007	0.0045	0.0021
COG3634	0.0000	0.0500	0.0173	0.0042	0.0018	0.0101	0.0031	0.0266	0.0119	0.0362	0.0193
COG3635	0.0000	0.9045	0.0409	0.5367	0.1269	0.7021	0.0941	0.7877	0.0699	0.8380	0.0685
COG3636	0.0000	0.0003	0.0001	0.0001	0.0000	0.0002	0.0000	0.0003	0.0001	0.0004	0.0001
COG3637	0.0000	0.0007	0.0003	0.0001	0.0001	0.0005	0.0002	0.0012	0.0004	0.0021	0.0012
COG3638	0.0000	0.0038	0.0013	0.0009	0.0004	0.0016	0.0008	0.0038	0.0020	0.0059	0.0031
COG3639	0.0000	0.0030	0.0013	0.0007	0.0004	0.0012	0.0007	0.0027	0.0016	0.0049	0.0029
COG3640	0.0050	0.9947	0.0025	0.9999	0.0000	0.5238	0.1734	0.6189	0.1390	0.2775	0.1525
COG3641	0.0000	0.0001	0.0000	0.0000	0.0000	0.0001	0.0001	0.0008	0.0003	0.0021	0.0008
COG3642	0.0100	0.0828	0.0777	0.7351	0.1817	0.0032	0.0033	0.0073	0.0077	0.0068	0.0067
COG3643	0.0000	0.0034	0.0016	0.0005	0.0003	0.0012	0.0007	0.0016	0.0009	0.0023	0.0012
COG3644	0.0000	0.0015	0.0005	0.0004	0.0002	0.0005	0.0002	0.0007	0.0002	0.0006	0.0002
COG3645	0.0000	0.0017	0.0002	0.0002	0.0001	0.0006	0.0001	0.0010	0.0003	0.0017	0.0004
COG3646	0.0000	0.0008	0.0003	0.0001	0.0000	0.0006	0.0001	0.0010	0.0003	0.0015	0.0005
COG3647	0.0000	0.0011	0.0009	0.0004	0.0004	0.0007	0.0004	0.0010	0.0006	0.0023	0.0010
COG3648	0.0000	0.0010	0.0015	0.0003	0.0005	0.0004	0.0006	0.0005	0.0007	0.0007	0.0005
COG3649	0.0000	0.1956	0.0358	0.0312	0.0135	0.0608	0.0144	0.0349	0.0137	0.0285	0.0119
COG3650	0.0000	0.0003	0.0003	0.0001	0.0001	0.0001	0.0002	0.0002	0.0003	0.0003	0.0004
COG3651	0.0000	0.0009	0.0006	0.0001	0.0001	0.0005	0.0002	0.0011	0.0005	0.0029	0.0014
COG3652	0.0000	0.0005	0.0002	0.0001	0.0001	0.0006	0.0002	0.0009	0.0003	0.0012	0.0004
COG3653	0.0000	0.0270	0.0119	0.0034	0.0024	0.0032	0.0014	0.0074	0.0026	0.0081	0.0027
COG3654	0.0000	0.0285	0.0081	0.0029	0.0013	0.0068	0.0016	0.0078	0.0024	0.0132	0.0040
COG3655	0.0000	0.0021	0.0007	0.0002	0.0001	0.0007	0.0002	0.0022	0.0006	0.0042	0.0010
COG3656	0.0000	0.0023	0.0009	0.0004	0.0002	0.0012	0.0006	0.0024	0.0011	0.0022	0.0009
COG3657	0.0000	0.0003	0.0001	0.0001	0.0000	0.0002	0.0001	0.0003	0.0002	0.0005	0.0002
COG3658	0.0000	0.0724	0.0273	0.1885	0.0601	0.0625	0.0190	0.0361	0.0138	0.0201	0.0080
COG3659	0.0000	0.0014	0.0005	0.0003	0.0002	0.0008	0.0003	0.0018	0.0008	0.0034	0.0017
COG3660	0.0000	0.0010	0.0006	0.0003	0.0002	0.0007	0.0005	0.0014	0.0010	0.0016	0.0013
COG3661	0.0000	0.0076	0.0033	0.0015	0.0007	0.0036	0.0019	0.0051	0.0026	0.0060	0.0036
COG3662	0.0000	0.0004	0.0004	0.0002	0.0002	0.0002	0.0002	0.0003	0.0002	0.0006	0.0003
COG3663	0.0000	0.0038	0.0016	0.0005	0.0003	0.0019	0.0007	0.0032	0.0014	0.0051	0.0027
COG3664	0.0000	0.0062	0.0017	0.0008	0.0003	0.0024	0.0006	0.0065	0.0020	0.0117	0.0035
COG3665	0.0000	0.0050	0.0021	0.0008	0.0003	0.0014	0.0005	0.0025	0.0007	0.0034	0.0011
COG3666	0.0000	0.0315	0.0089	0.0042	0.0023	0.0084	0.0028	0.0147	0.0036	0.0147	0.0033
COG3667	0.0000	0.0005	0.0001	0.0003	0.0001	0.0004	0.0002	0.0007	0.0002	0.0006	0.0001
COG3668	0.0000	0.0116	0.0034	0.0014	0.0008	0.0036	0.0014	0.0032	0.0010	0.0040	0.0011
COG3669	0.0000	0.0048	0.0012	0.0009	0.0003	0.0018	0.0005	0.0034	0.0010	0.0046	0.0012
COG3670	0.0000	0.0033	0.0016	0.0005	0.0004	0.0012	0.0007	0.0017	0.0008	0.0027	0.0012
COG3671	0.0000	0.0019	0.0005	0.0011	0.0003	0.0014	0.0004	0.0013	0.0004	0.0014	0.0005
COG3672	0.0000	0.3339	0.0756	0.7235	0.0494	0.4193	0.0354	0.3217	0.0446	0.2627	0.0389
COG3673	0.0000	0.0011	0.0005	0.0005	0.0002	0.0006	0.0003	0.0007	0.0003	0.0009	0.0004
COG3675	0.0000	0.0015	0.0006	0.0002	0.0001	0.0008	0.0004	0.0017	0.0008	0.0024	0.0008
COG3676	0.0000	0.0043	0.0014	0.0007	0.0004	0.0037	0.0018	0.0059	0.0013	0.0083	0.0023
COG3677	0.0000	0.0808	0.0199	0.0091	0.0046	0.0191	0.0058	0.0252	0.0067	0.0371	0.0101
COG3678	0.0000	0.0029	0.0015	0.0009	0.0006	0.0010	0.0006	0.0013	0.0008	0.0010	0.0007
COG3679	0.0000	0.0163	0.0175	0.0017	0.0020	0.0063	0.0080	0.0145	0.0182	0.0201	0.0239
COG3680	0.0000	0.0009	0.0003	0.0002	0.0001	0.0003	0.0001	0.0006	0.0002	0.0009	0.0003
COG3681	0.0000	0.0071	0.0035	0.0011	0.0005	0.0030	0.0016	0.0075	0.0039	0.0136	0.0076
COG3682	0.0000	0.1376	0.0715	0.0153	0.0117	0.0372	0.0242	0.0966	0.0414	0.0811	0.0308
COG3683	0.0000	0.0021	0.0006	0.0011	0.0005	0.0014	0.0005	0.0012	0.0006	0.0016	0.0006
COG3684	0.0000	0.0030	0.0013	0.0004	0.0002	0.0010	0.0004	0.0032	0.0012	0.0055	0.0022
COG3685	0.0000	0.0019	0.0008	0.0003	0.0001	0.0014	0.0007	0.0013	0.0006	0.0024	0.0013
COG3686	0.0000	0.0002	0.0001	0.0001	0.0000	0.0002	0.0001	0.0003	0.0002	0.0004	0.0003
COG3687	0.0000	0.0008	0.0004	0.0002	0.0001	0.0003	0.0001	0.0005	0.0002	0.0008	0.0002
COG3688	0.0000	0.0064	0.0019	0.0010	0.0005	0.0027	0.0015	0.0034	0.0020	0.0028	0.0018
COG3689	0.0000	0.0027	0.0007	0.0006	0.0002	0.0013	0.0005	0.0013	0.0005	0.0019	0.0006
COG3691	0.0000	0.0000	0.0000	0.0000	0.0000	0.0000	0.0000	0.0000	0.0000	0.0000	0.0000
COG3692	0.0000	0.0004	0.0002	0.0002	0.0002	0.0003	0.0002	0.0004	0.0002	0.0005	0.0003
COG3693	0.0000	0.0153	0.0041	0.0020	0.0006	0.0068	0.0016	0.0146	0.0020	0.0209	0.0029
COG3694	0.0000	0.0019	0.0019	0.0005	0.0004	0.0003	0.0002	0.0008	0.0006	0.0023	0.0017
COG3695	0.0100	0.2578	0.1048	0.9741	0.0134	0.0112	0.0077	0.0173	0.0091	0.0164	0.0058
COG3696	0.0000	0.0008	0.0004	0.0002	0.0001	0.0004	0.0002	0.0004	0.0002	0.0006	0.0003
COG3697	0.0000	0.0012	0.0008	0.0002	0.0001	0.0010	0.0007	0.0012	0.0009	0.0020	0.0013
COG3698	0.0000	0.0005	0.0002	0.0001	0.0001	0.0002	0.0001	0.0003	0.0001	0.0007	0.0003
COG3700	0.0000	0.0013	0.0007	0.0005	0.0003	0.0006	0.0004	0.0011	0.0005	0.0013	0.0006
COG3701	0.0000	0.0510	0.0153	0.1879	0.0400	0.0905	0.0277	0.0659	0.0239	0.0417	0.0159
COG3702	0.0000	0.0008	0.0006	0.0004	0.0005	0.0006	0.0005	0.0009	0.0004	0.0011	0.0003
COG3703	0.0000	0.0274	0.0153	0.0113	0.0047	0.0141	0.0063	0.0193	0.0091	0.0168	0.0075
COG3704	0.0000	0.0008	0.0003	0.0004	0.0002	0.0004	0.0003	0.0006	0.0002	0.0009	0.0003
COG3705	0.0000	0.0052	0.0041	0.0008	0.0005	0.0094	0.0079	0.0097	0.0073	0.0175	0.0080
COG3707	0.0000	0.0122	0.0075	0.0033	0.0034	0.0064	0.0039	0.0080	0.0051	0.0049	0.0028
COG3708	0.0000	0.0275	0.0091	0.0042	0.0022	0.0090	0.0037	0.0132	0.0043	0.0208	0.0071
COG3709	0.0000	0.0043	0.0062	0.0015	0.0024	0.0021	0.0030	0.0025	0.0029	0.0030	0.0029
COG3710	0.0000	0.0008	0.0003	0.0004	0.0001	0.0008	0.0004	0.0012	0.0005	0.0014	0.0004
COG3711	0.0000	0.0008	0.0003	0.0001	0.0001	0.0005	0.0003	0.0009	0.0005	0.0016	0.0007
COG3712	0.0000	0.0042	0.0015	0.0011	0.0003	0.0028	0.0007	0.0034	0.0011	0.0029	0.0012
COG3713	0.0000	0.0004	0.0002	0.0001	0.0001	0.0002	0.0001	0.0003	0.0001	0.0004	0.0001
COG3714	0.0000	0.0037	0.0020	0.0005	0.0003	0.0009	0.0006	0.0017	0.0010	0.0034	0.0019
COG3715	0.0000	0.0006	0.0004	0.0001	0.0000	0.0003	0.0002	0.0006	0.0005	0.0014	0.0008
COG3716	0.0000	0.0001	0.0001	0.0000	0.0000	0.0001	0.0001	0.0003	0.0003	0.0009	0.0008
COG3717	0.0000	0.0003	0.0001	0.0001	0.0000	0.0002	0.0001	0.0005	0.0002	0.0010	0.0003
COG3718	0.0000	0.0042	0.0017	0.0006	0.0003	0.0011	0.0004	0.0030	0.0011	0.0039	0.0013
COG3719	0.0000	0.0010	0.0004	0.0005	0.0002	0.0007	0.0003	0.0008	0.0004	0.0010	0.0004
COG3720	0.0000	0.0009	0.0005	0.0004	0.0002	0.0005	0.0003	0.0006	0.0004	0.0008	0.0005
COG3721	0.0000	0.0009	0.0005	0.0005	0.0004	0.0009	0.0007	0.0011	0.0006	0.0012	0.0007
COG3722	0.0000	0.0030	0.0017	0.0012	0.0007	0.0018	0.0009	0.0019	0.0009	0.0016	0.0007
COG3723	0.0000	0.0025	0.0006	0.0002	0.0001	0.0016	0.0004	0.0029	0.0006	0.0047	0.0008
COG3724	0.0000	0.0005	0.0002	0.0003	0.0002	0.0003	0.0001	0.0006	0.0002	0.0010	0.0004
COG3725	0.0000	0.0002	0.0001	0.0001	0.0001	0.0001	0.0001	0.0003	0.0002	0.0005	0.0003
COG3726	0.0000	0.0000	0.0000	0.0001	0.0000	0.0000	0.0000	0.0000	0.0000	0.0000	0.0000
COG3727	0.0000	0.0191	0.0056	0.0024	0.0008	0.0077	0.0030	0.0059	0.0021	0.0084	0.0026
COG3728	0.0000	0.0009	0.0005	0.0001	0.0001	0.0004	0.0002	0.0007	0.0004	0.0010	0.0006
COG3729	0.0000	0.0033	0.0015	0.0008	0.0004	0.0023	0.0007	0.0027	0.0010	0.0028	0.0013
COG3730	0.0000	0.0004	0.0002	0.0001	0.0001	0.0002	0.0001	0.0003	0.0002	0.0004	0.0002
COG3731	0.0000	0.0002	0.0001	0.0001	0.0000	0.0001	0.0001	0.0002	0.0001	0.0004	0.0002
COG3732	0.0000	0.0005	0.0002	0.0001	0.0001	0.0002	0.0001	0.0003	0.0001	0.0005	0.0002
COG3733	0.0000	0.0848	0.0157	0.3334	0.0635	0.1319	0.0216	0.0493	0.0098	0.0351	0.0087
COG3734	0.0000	0.0013	0.0007	0.0005	0.0003	0.0007	0.0005	0.0011	0.0009	0.0011	0.0007
COG3735	0.0000	0.0015	0.0009	0.0003	0.0001	0.0011	0.0007	0.0011	0.0008	0.0025	0.0015
COG3736	0.0000	0.0005	0.0003	0.0003	0.0002	0.0004	0.0003	0.0006	0.0003	0.0009	0.0003
COG3737	0.0000	0.0009	0.0006	0.0004	0.0002	0.0005	0.0003	0.0011	0.0006	0.0010	0.0007
COG3738	0.0000	0.0005	0.0002	0.0001	0.0000	0.0002	0.0001	0.0005	0.0003	0.0010	0.0005
COG3739	0.0000	0.0002	0.0001	0.0001	0.0001	0.0002	0.0001	0.0003	0.0001	0.0003	0.0003
COG3740	0.0000	0.0013	0.0006	0.0002	0.0001	0.0005	0.0002	0.0009	0.0004	0.0018	0.0008
COG3741	0.0000	0.0098	0.0021	0.0025	0.0009	0.0051	0.0009	0.0091	0.0018	0.0088	0.0024
COG3742	0.0000	0.0010	0.0008	0.0004	0.0004	0.0003	0.0003	0.0002	0.0002	0.0002	0.0001
COG3743	0.0000	0.0372	0.0260	0.0054	0.0028	0.0073	0.0045	0.0096	0.0037	0.0157	0.0070
COG3744	0.0000	0.0057	0.0015	0.0011	0.0004	0.0026	0.0010	0.0039	0.0012	0.0043	0.0012
COG3745	0.0000	0.0010	0.0007	0.0001	0.0001	0.0004	0.0003	0.0013	0.0008	0.0017	0.0006
COG3746	0.0000	0.0015	0.0013	0.0003	0.0004	0.0009	0.0013	0.0017	0.0022	0.0020	0.0020
COG3747	0.0000	0.0011	0.0004	0.0002	0.0001	0.0004	0.0002	0.0008	0.0003	0.0009	0.0003
COG3748	0.0000	0.0001	0.0001	0.0001	0.0000	0.0001	0.0000	0.0002	0.0001	0.0004	0.0002
COG3749	0.0000	0.0015	0.0014	0.0012	0.0015	0.0013	0.0013	0.0015	0.0013	0.0016	0.0011
COG3750	0.0000	0.0010	0.0015	0.0007	0.0014	0.0010	0.0015	0.0012	0.0014	0.0016	0.0014
COG3751	0.0000	0.0013	0.0008	0.0003	0.0002	0.0014	0.0008	0.0017	0.0009	0.0023	0.0011
COG3752	0.0000	0.0018	0.0016	0.0003	0.0003	0.0006	0.0004	0.0012	0.0008	0.0026	0.0014
COG3753	0.0000	0.0003	0.0001	0.0001	0.0000	0.0004	0.0001	0.0005	0.0001	0.0006	0.0002
COG3754	0.0000	0.0007	0.0003	0.0002	0.0001	0.0004	0.0002	0.0006	0.0003	0.0007	0.0003
COG3755	0.0000	0.0008	0.0002	0.0001	0.0001	0.0005	0.0002	0.0007	0.0003	0.0010	0.0004
COG3756	0.0000	0.0005	0.0002	0.0001	0.0001	0.0004	0.0002	0.0007	0.0002	0.0010	0.0003
COG3757	0.0000	0.0002	0.0002	0.0000	0.0000	0.0002	0.0001	0.0004	0.0002	0.0008	0.0004
COG3758	0.0000	0.0002	0.0001	0.0000	0.0000	0.0001	0.0001	0.0002	0.0001	0.0003	0.0001
COG3759	0.0000	0.0002	0.0001	0.0000	0.0000	0.0001	0.0000	0.0002	0.0001	0.0004	0.0002
COG3760	0.0000	0.0038	0.0015	0.0008	0.0005	0.0030	0.0021	0.0029	0.0017	0.0051	0.0026
COG3761	0.0000	0.0000	0.0000	0.0000	0.0000	0.0000	0.0000	0.0001	0.0001	0.0002	0.0001
COG3762	0.0000	0.0011	0.0005	0.0002	0.0001	0.0004	0.0001	0.0006	0.0002	0.0010	0.0003
COG3763	0.0000	0.0002	0.0003	0.0001	0.0001	0.0002	0.0004	0.0007	0.0010	0.0017	0.0024
COG3764	0.0000	0.2537	0.1732	0.8096	0.1166	0.3938	0.1813	0.1748	0.1374	0.1139	0.1094
COG3765	0.0000	0.0005	0.0002	0.0002	0.0001	0.0003	0.0002	0.0005	0.0002	0.0005	0.0003
COG3766	0.0000	0.0011	0.0004	0.0003	0.0001	0.0007	0.0003	0.0010	0.0003	0.0012	0.0003
COG3767	0.0000	0.0007	0.0010	0.0005	0.0008	0.0008	0.0011	0.0010	0.0011	0.0013	0.0012
COG3768	0.0000	0.0010	0.0004	0.0002	0.0001	0.0005	0.0002	0.0011	0.0006	0.0012	0.0006
COG3769	0.0000	0.2347	0.0865	0.0630	0.0369	0.1402	0.0424	0.1809	0.0444	0.2203	0.0651
COG3770	0.0000	0.0016	0.0008	0.0005	0.0002	0.0011	0.0005	0.0012	0.0005	0.0013	0.0005
COG3771	0.0000	0.0000	0.0000	0.0000	0.0000	0.0000	0.0000	0.0000	0.0000	0.0000	0.0000
COG3772	0.0000	0.0018	0.0005	0.0003	0.0001	0.0009	0.0003	0.0012	0.0003	0.0019	0.0006
COG3773	0.0000	0.0012	0.0010	0.0002	0.0002	0.0008	0.0008	0.0021	0.0013	0.0054	0.0025
COG3774	0.0000	0.0007	0.0003	0.0001	0.0001	0.0005	0.0002	0.0011	0.0003	0.0021	0.0005
COG3775	0.0000	0.0026	0.0014	0.0005	0.0004	0.0007	0.0005	0.0010	0.0006	0.0011	0.0007
COG3776	0.0000	0.0001	0.0000	0.0001	0.0001	0.0001	0.0001	0.0001	0.0000	0.0001	0.0001
COG3777	0.0000	0.0007	0.0003	0.0002	0.0001	0.0004	0.0001	0.0005	0.0002	0.0007	0.0002
COG3778	0.0000	0.0004	0.0004	0.0001	0.0001	0.0003	0.0002	0.0006	0.0004	0.0010	0.0005
COG3779	0.0000	0.0005	0.0004	0.0001	0.0001	0.0003	0.0002	0.0005	0.0003	0.0007	0.0003
COG3780	0.0000	0.0305	0.0160	0.0058	0.0031	0.0291	0.0138	0.0448	0.0193	0.0466	0.0179
COG3781	0.0000	0.0012	0.0012	0.0004	0.0004	0.0007	0.0007	0.0008	0.0007	0.0010	0.0009
COG3782	0.0000	0.0002	0.0002	0.0001	0.0001	0.0002	0.0002	0.0006	0.0003	0.0010	0.0004
COG3783	0.0000	0.0000	0.0000	0.0000	0.0000	0.0000	0.0000	0.0000	0.0000	0.0000	0.0000
COG3784	0.0000	0.0006	0.0002	0.0002	0.0001	0.0002	0.0001	0.0002	0.0001	0.0002	0.0001
COG3785	0.0000	0.0002	0.0001	0.0001	0.0001	0.0001	0.0001	0.0002	0.0002	0.0004	0.0002
COG3786	0.0000	0.0271	0.0055	0.1970	0.0396	0.0647	0.0164	0.0399	0.0089	0.0316	0.0100
COG3787	0.0000	0.0044	0.0019	0.0011	0.0006	0.0028	0.0017	0.0063	0.0042	0.0069	0.0052
COG3788	0.0000	0.0007	0.0002	0.0005	0.0001	0.0007	0.0001	0.0007	0.0003	0.0012	0.0004
COG3789	0.0000	0.0001	0.0001	0.0000	0.0000	0.0001	0.0000	0.0001	0.0001	0.0001	0.0001
COG3790	0.0000	0.0002	0.0001	0.0002	0.0001	0.0003	0.0002	0.0002	0.0001	0.0003	0.0001
COG3791	0.0000	0.0005	0.0002	0.0001	0.0001	0.0003	0.0002	0.0008	0.0003	0.0011	0.0004
COG3792	0.0000	0.0000	0.0000	0.0000	0.0000	0.0001	0.0001	0.0001	0.0001	0.0001	0.0001
COG3793	0.0000	0.0053	0.0016	0.0008	0.0003	0.0033	0.0013	0.0051	0.0019	0.0054	0.0018
COG3794	0.0000	0.0515	0.0419	0.0119	0.0189	0.0233	0.0183	0.0195	0.0096	0.0183	0.0068
COG3795	0.0000	0.0024	0.0011	0.0005	0.0003	0.0008	0.0004	0.0010	0.0004	0.0012	0.0004
COG3797	0.0000	0.0265	0.0124	0.0064	0.0043	0.0080	0.0034	0.0103	0.0029	0.0125	0.0033
COG3798	0.0000	0.0006	0.0003	0.0003	0.0002	0.0006	0.0002	0.0006	0.0002	0.0007	0.0002
COG3799	0.0000	0.1842	0.0729	0.6448	0.0925	0.1852	0.0647	0.1004	0.0308	0.0430	0.0129
COG3800	0.0000	0.0003	0.0004	0.0001	0.0002	0.0002	0.0004	0.0005	0.0007	0.0006	0.0007
COG3801	0.0000	0.0014	0.0005	0.0005	0.0002	0.0012	0.0006	0.0012	0.0006	0.0017	0.0007
COG3802	0.0000	0.0016	0.0007	0.0007	0.0005	0.0009	0.0006	0.0014	0.0007	0.0012	0.0006
COG3803	0.0000	0.0004	0.0001	0.0001	0.0000	0.0002	0.0001	0.0004	0.0001	0.0006	0.0002
COG3804	0.0000	0.0427	0.0137	0.0053	0.0015	0.0118	0.0058	0.0198	0.0077	0.0201	0.0070
COG3805	0.0000	0.0007	0.0003	0.0003	0.0001	0.0005	0.0002	0.0010	0.0005	0.0012	0.0007
COG3806	0.0000	0.0029	0.0015	0.0007	0.0002	0.0011	0.0005	0.0019	0.0008	0.0031	0.0013
COG3807	0.0000	0.0008	0.0005	0.0002	0.0001	0.0004	0.0004	0.0008	0.0006	0.0014	0.0007
COG3808	0.0750	0.7362	0.1050	0.9955	0.0044	0.9761	0.0138	0.9634	0.0154	0.1958	0.0606
COG3809	0.0000	0.0308	0.0180	0.0053	0.0053	0.0149	0.0093	0.0264	0.0117	0.0180	0.0041
COG3811	0.0000	0.0001	0.0001	0.0001	0.0000	0.0001	0.0000	0.0001	0.0000	0.0001	0.0000
COG3812	0.0000	0.0002	0.0000	0.0001	0.0000	0.0002	0.0001	0.0005	0.0001	0.0006	0.0001
COG3813	0.0000	0.0005	0.0001	0.0002	0.0001	0.0003	0.0001	0.0004	0.0002	0.0005	0.0002
COG3814	0.0000	0.0010	0.0011	0.0006	0.0008	0.0012	0.0014	0.0016	0.0016	0.0015	0.0012
COG3815	0.0000	0.0897	0.0400	0.0155	0.0085	0.0353	0.0093	0.0481	0.0170	0.0721	0.0236
COG3816	0.0000	0.0022	0.0018	0.0007	0.0003	0.0006	0.0004	0.0011	0.0012	0.0011	0.0012
COG3817	0.0000	0.0004	0.0004	0.0002	0.0002	0.0003	0.0003	0.0003	0.0003	0.0004	0.0003
COG3818	0.0000	0.0008	0.0007	0.0002	0.0001	0.0006	0.0004	0.0010	0.0007	0.0020	0.0016
COG3819	0.0000	0.0004	0.0003	0.0002	0.0001	0.0003	0.0002	0.0004	0.0002	0.0005	0.0003
COG3820	0.0000	0.0001	0.0001	0.0001	0.0001	0.0002	0.0002	0.0004	0.0003	0.0008	0.0006
COG3821	0.0000	0.0017	0.0033	0.0008	0.0016	0.0011	0.0021	0.0013	0.0025	0.0013	0.0022
COG3822	0.0000	0.0073	0.0029	0.0015	0.0011	0.0017	0.0009	0.0038	0.0014	0.0036	0.0016
COG3823	0.0000	0.0123	0.0088	0.0015	0.0010	0.0056	0.0027	0.0149	0.0067	0.0147	0.0042
COG3824	0.0000	0.0011	0.0007	0.0002	0.0001	0.0007	0.0007	0.0010	0.0006	0.0016	0.0007
COG3825	0.0000	0.2840	0.1139	0.5634	0.1658	0.3244	0.1487	0.1545	0.0795	0.0779	0.0439
COG3826	0.0000	0.0018	0.0013	0.0006	0.0003	0.0009	0.0005	0.0012	0.0007	0.0011	0.0008
COG3827	0.0000	0.0014	0.0006	0.0003	0.0001	0.0011	0.0005	0.0018	0.0008	0.0031	0.0009
COG3828	0.0000	0.0052	0.0018	0.0011	0.0004	0.0015	0.0004	0.0054	0.0015	0.0056	0.0017
COG3829	0.0000	0.0238	0.0115	0.0024	0.0018	0.0082	0.0031	0.0108	0.0033	0.0138	0.0036
COG3830	0.0000	0.0866	0.0382	0.0314	0.0189	0.0913	0.0727	0.1319	0.0727	0.1367	0.0518
COG3831	0.0000	0.0076	0.0062	0.0012	0.0008	0.0023	0.0016	0.0052	0.0032	0.0054	0.0029
COG3832	0.0000	0.0228	0.0115	0.0042	0.0056	0.0033	0.0016	0.0071	0.0036	0.0113	0.0075
COG3833	0.0000	0.0048	0.0034	0.0006	0.0005	0.0010	0.0006	0.0024	0.0016	0.0042	0.0025
COG3835	0.0000	0.0014	0.0005	0.0004	0.0002	0.0010	0.0003	0.0013	0.0004	0.0023	0.0005
COG3836	0.0000	0.0795	0.0323	0.0197	0.0091	0.0277	0.0094	0.0260	0.0077	0.0217	0.0069
COG3837	0.0350	0.1042	0.0297	0.8797	0.0442	0.5643	0.0923	0.3566	0.0725	0.1785	0.0295
COG3838	0.0000	0.0007	0.0001	0.0002	0.0001	0.0004	0.0001	0.0007	0.0001	0.0011	0.0003
COG3839	0.0150	0.9940	0.0017	1.0000	0.0000	0.9996	0.0001	0.7972	0.0436	0.7140	0.0614
COG3840	0.0000	0.0006	0.0006	0.0006	0.0007	0.0006	0.0006	0.0005	0.0007	0.0006	0.0009
COG3842	0.0100	0.1754	0.0759	0.9304	0.0341	0.0115	0.0047	0.0244	0.0084	0.0353	0.0096
COG3843	0.0000	0.0009	0.0003	0.0001	0.0000	0.0003	0.0001	0.0009	0.0003	0.0018	0.0007
COG3844	0.0000	0.0051	0.0038	0.0015	0.0019	0.0018	0.0015	0.0040	0.0028	0.0056	0.0037
COG3845	0.0000	0.0785	0.0358	0.0079	0.0041	0.0207	0.0088	0.0367	0.0130	0.0442	0.0197
COG3846	0.0000	0.0008	0.0003	0.0002	0.0001	0.0006	0.0003	0.0009	0.0003	0.0012	0.0004
COG3847	0.0000	0.0018	0.0007	0.0003	0.0001	0.0009	0.0004	0.0018	0.0006	0.0027	0.0010
COG3848	0.0000	0.0053	0.0020	0.0009	0.0004	0.0024	0.0010	0.0045	0.0017	0.0043	0.0020
COG3850	0.0000	0.0032	0.0028	0.0006	0.0004	0.0007	0.0005	0.0011	0.0007	0.0013	0.0012
COG3851	0.0000	0.0002	0.0001	0.0001	0.0000	0.0002	0.0001	0.0002	0.0001	0.0003	0.0002
COG3852	0.0000	0.0149	0.0083	0.0036	0.0018	0.0050	0.0016	0.0059	0.0016	0.0069	0.0012
COG3853	0.0000	0.0032	0.0024	0.0004	0.0004	0.0014	0.0010	0.0024	0.0015	0.0052	0.0023
COG3854	0.0000	0.0051	0.0034	0.0009	0.0008	0.0020	0.0015	0.0035	0.0025	0.0048	0.0035
COG3855	0.0000	0.0003	0.0002	0.0000	0.0000	0.0002	0.0002	0.0004	0.0004	0.0013	0.0009
COG3856	0.0000	0.0016	0.0007	0.0004	0.0002	0.0011	0.0005	0.0015	0.0008	0.0024	0.0012
COG3857	0.0000	0.0018	0.0011	0.0002	0.0002	0.0005	0.0004	0.0019	0.0013	0.0022	0.0015
COG3858	0.0000	0.0014	0.0007	0.0002	0.0002	0.0006	0.0003	0.0022	0.0009	0.0035	0.0011
COG3859	0.0000	0.0033	0.0014	0.0010	0.0005	0.0049	0.0022	0.0041	0.0024	0.0047	0.0034
COG3860	0.0000	0.0026	0.0017	0.0005	0.0003	0.0010	0.0007	0.0018	0.0012	0.0015	0.0010
COG3861	0.0000	0.0032	0.0013	0.0006	0.0003	0.0012	0.0009	0.0014	0.0011	0.0016	0.0014
COG3862	0.0050	0.1868	0.0489	0.9083	0.0401	0.0063	0.0029	0.0120	0.0050	0.0236	0.0084
COG3863	0.0000	0.0222	0.0121	0.0037	0.0023	0.0062	0.0031	0.0152	0.0072	0.0198	0.0078
COG3864	0.0000	0.0127	0.0027	0.0020	0.0005	0.0040	0.0011	0.0080	0.0032	0.0139	0.0052
COG3865	0.0000	0.0093	0.0044	0.0013	0.0010	0.0029	0.0008	0.0037	0.0014	0.0049	0.0022
COG3866	0.0000	0.0037	0.0009	0.0006	0.0002	0.0038	0.0006	0.0081	0.0015	0.0103	0.0014
COG3867	0.0000	0.0016	0.0013	0.0003	0.0003	0.0009	0.0008	0.0024	0.0020	0.0036	0.0022
COG3868	0.0000	0.0016	0.0006	0.0002	0.0001	0.0009	0.0004	0.0023	0.0011	0.0035	0.0014
COG3869	0.0000	0.0016	0.0008	0.0003	0.0002	0.0012	0.0006	0.0020	0.0010	0.0031	0.0014
COG3870	0.0000	0.0007	0.0006	0.0002	0.0002	0.0007	0.0006	0.0012	0.0011	0.0016	0.0014
COG3871	0.0000	0.0200	0.0116	0.0026	0.0015	0.0071	0.0035	0.0131	0.0061	0.0151	0.0045
COG3872	0.0000	0.0024	0.0017	0.0001	0.0001	0.0016	0.0011	0.0033	0.0020	0.0046	0.0022
COG3874	0.0000	0.0373	0.0244	0.0060	0.0049	0.0112	0.0077	0.0195	0.0117	0.0186	0.0094
COG3875	0.0000	0.7350	0.0916	0.2480	0.1271	0.5539	0.1107	0.6610	0.1156	0.5953	0.1072
COG3876	0.0000	0.0054	0.0029	0.0009	0.0006	0.0015	0.0009	0.0046	0.0028	0.0063	0.0036
COG3877	0.0000	0.0022	0.0011	0.0004	0.0001	0.0005	0.0003	0.0008	0.0004	0.0008	0.0004
COG3878	0.0000	0.0019	0.0014	0.0003	0.0002	0.0010	0.0005	0.0014	0.0006	0.0037	0.0015
COG3879	0.0000	0.0017	0.0011	0.0003	0.0003	0.0011	0.0008	0.0019	0.0012	0.0028	0.0016
COG3880	0.0000	0.0012	0.0010	0.0002	0.0002	0.0007	0.0007	0.0009	0.0009	0.0016	0.0014
COG3881	0.0000	0.0022	0.0009	0.0006	0.0003	0.0010	0.0004	0.0017	0.0009	0.0028	0.0016
COG3882	0.0000	0.0041	0.0012	0.0007	0.0003	0.0025	0.0007	0.0027	0.0008	0.0038	0.0011
COG3883	0.0000	0.0014	0.0005	0.0003	0.0001	0.0010	0.0005	0.0014	0.0006	0.0018	0.0008
COG3884	0.0000	0.0029	0.0017	0.0004	0.0002	0.0016	0.0013	0.0032	0.0023	0.0069	0.0056
COG3885	0.0000	0.0195	0.0117	0.0032	0.0018	0.0053	0.0030	0.0124	0.0056	0.0088	0.0045
COG3886	0.0000	0.0115	0.0024	0.0022	0.0007	0.0039	0.0009	0.0048	0.0011	0.0040	0.0009
COG3887	0.0000	0.0003	0.0002	0.0000	0.0000	0.0004	0.0003	0.0012	0.0007	0.0035	0.0020
COG3888	0.0000	0.7330	0.0722	0.8761	0.0716	0.7301	0.0697	0.6779	0.0590	0.5677	0.0485
COG3889	0.0000	0.0849	0.0844	0.0236	0.0250	0.0444	0.0335	0.0722	0.0371	0.0553	0.0313
COG3890	0.0000	0.0006	0.0004	0.0012	0.0011	0.0010	0.0004	0.0013	0.0006	0.0024	0.0013
COG3892	0.0000	0.0008	0.0006	0.0002	0.0002	0.0006	0.0005	0.0011	0.0007	0.0020	0.0008
COG3893	0.0000	0.0004	0.0001	0.0003	0.0001	0.0003	0.0001	0.0003	0.0001	0.0003	0.0001
COG3894	0.0050	0.7843	0.0947	0.9967	0.0019	0.1113	0.0447	0.2003	0.0644	0.1211	0.0441
COG3895	0.0000	0.0011	0.0004	0.0003	0.0001	0.0005	0.0003	0.0006	0.0005	0.0008	0.0007
COG3896	0.0000	0.1179	0.0224	0.5152	0.0779	0.1477	0.0351	0.1015	0.0188	0.0701	0.0091
COG3897	0.0000	0.0036	0.0021	0.0008	0.0004	0.0021	0.0013	0.0021	0.0013	0.0017	0.0010
COG3898	0.0000	0.0013	0.0005	0.0008	0.0007	0.0010	0.0006	0.0013	0.0005	0.0016	0.0004
COG3899	0.0000	0.0070	0.0027	0.0013	0.0007	0.0037	0.0017	0.0059	0.0028	0.0076	0.0033
COG3900	0.0000	0.0008	0.0004	0.0002	0.0001	0.0004	0.0003	0.0006	0.0003	0.0008	0.0004
COG3901	0.0000	0.0005	0.0002	0.0004	0.0002	0.0006	0.0003	0.0007	0.0004	0.0007	0.0003
COG3903	0.0150	0.1202	0.0315	0.9061	0.0344	0.5930	0.0935	0.0045	0.0014	0.0048	0.0013
COG3904	0.0000	0.0010	0.0009	0.0004	0.0004	0.0007	0.0007	0.0009	0.0010	0.0010	0.0010
COG3905	0.0000	0.0017	0.0009	0.0004	0.0003	0.0006	0.0003	0.0006	0.0003	0.0004	0.0002
COG3906	0.0000	0.0011	0.0007	0.0001	0.0001	0.0006	0.0003	0.0017	0.0009	0.0018	0.0010
COG3907	0.0000	0.0015	0.0007	0.0004	0.0002	0.0005	0.0002	0.0008	0.0004	0.0009	0.0004
COG3908	0.0000	0.0001	0.0001	0.0000	0.0000	0.0001	0.0001	0.0002	0.0001	0.0005	0.0003
COG3909	0.0000	0.0005	0.0002	0.0002	0.0002	0.0002	0.0001	0.0003	0.0001	0.0004	0.0001
COG3910	0.0000	0.0048	0.0019	0.0006	0.0003	0.0016	0.0006	0.0028	0.0010	0.0044	0.0013
COG3911	0.0000	0.0029	0.0025	0.0004	0.0005	0.0013	0.0011	0.0027	0.0019	0.0049	0.0028
COG3913	0.0000	0.0012	0.0008	0.0004	0.0004	0.0006	0.0005	0.0010	0.0006	0.0013	0.0007
COG3914	0.0250	0.0160	0.0026	0.5537	0.0664	0.3043	0.0611	0.0018	0.0007	0.0017	0.0006
COG3915	0.0000	0.0035	0.0021	0.0013	0.0006	0.0014	0.0007	0.0013	0.0009	0.0012	0.0009
COG3916	0.0000	0.0015	0.0010	0.0005	0.0005	0.0010	0.0008	0.0016	0.0011	0.0017	0.0011
COG3917	0.0000	0.0004	0.0002	0.0001	0.0001	0.0003	0.0001	0.0006	0.0002	0.0010	0.0005
COG3918	0.0000	0.0004	0.0001	0.0002	0.0001	0.0003	0.0001	0.0004	0.0001	0.0006	0.0002
COG3919	0.0000	0.1347	0.0443	0.0131	0.0085	0.0353	0.0093	0.0627	0.0159	0.0735	0.0167
COG3920	0.0000	0.0456	0.0157	0.0072	0.0042	0.0196	0.0085	0.0223	0.0090	0.0169	0.0050
COG3921	0.0000	0.0009	0.0004	0.0003	0.0001	0.0005	0.0003	0.0005	0.0003	0.0006	0.0004
COG3923	0.0000	0.0000	0.0000	0.0000	0.0000	0.0000	0.0000	0.0000	0.0000	0.0000	0.0000
COG3924	0.0000	0.0012	0.0007	0.0004	0.0003	0.0008	0.0006	0.0011	0.0008	0.0013	0.0009
COG3926	0.0000	0.0008	0.0003	0.0001	0.0000	0.0004	0.0001	0.0008	0.0003	0.0011	0.0004
COG3930	0.0000	0.0010	0.0005	0.0001	0.0001	0.0010	0.0005	0.0027	0.0007	0.0058	0.0013
COG3931	0.0000	0.0004	0.0005	0.0001	0.0002	0.0003	0.0004	0.0003	0.0004	0.0005	0.0005
COG3932	0.0000	0.0066	0.0035	0.0018	0.0013	0.0028	0.0009	0.0038	0.0018	0.0037	0.0015
COG3933	0.0000	0.0000	0.0000	0.0000	0.0000	0.0000	0.0000	0.0000	0.0000	0.0000	0.0000
COG3934	0.0000	0.0241	0.0070	0.0037	0.0014	0.0085	0.0027	0.0173	0.0055	0.0138	0.0045
COG3935	0.0000	0.0021	0.0014	0.0002	0.0002	0.0009	0.0005	0.0018	0.0010	0.0033	0.0018
COG3936	0.0000	0.0007	0.0004	0.0002	0.0001	0.0007	0.0003	0.0009	0.0004	0.0016	0.0008
COG3937	0.0000	0.0128	0.0073	0.0013	0.0011	0.0050	0.0040	0.0056	0.0030	0.0053	0.0021
COG3938	0.0000	0.0069	0.0024	0.0020	0.0014	0.0030	0.0012	0.0039	0.0009	0.0030	0.0009
COG3940	0.0000	0.0013	0.0005	0.0002	0.0001	0.0009	0.0004	0.0026	0.0010	0.0050	0.0016
COG3941	0.0000	0.0012	0.0009	0.0002	0.0002	0.0006	0.0005	0.0008	0.0008	0.0014	0.0008
COG3942	0.0000	0.0002	0.0001	0.0000	0.0000	0.0001	0.0001	0.0002	0.0001	0.0004	0.0001
COG3943	0.0000	0.0049	0.0011	0.0005	0.0001	0.0013	0.0004	0.0020	0.0008	0.0028	0.0011
COG3944	0.0000	0.0010	0.0007	0.0001	0.0001	0.0004	0.0002	0.0006	0.0003	0.0009	0.0004
COG3945	0.0000	0.1169	0.0513	0.0237	0.0245	0.0581	0.0249	0.0503	0.0184	0.0420	0.0141
COG3946	0.0000	0.0015	0.0008	0.0006	0.0003	0.0007	0.0004	0.0007	0.0003	0.0005	0.0003
COG3947	0.0000	0.0010	0.0004	0.0002	0.0001	0.0005	0.0002	0.0007	0.0003	0.0010	0.0004
COG3948	0.0000	0.0009	0.0005	0.0001	0.0001	0.0004	0.0002	0.0011	0.0005	0.0015	0.0006
COG3949	0.0000	0.1146	0.0471	0.0161	0.0058	0.0178	0.0064	0.0348	0.0106	0.0262	0.0070
COG3950	0.0000	0.0144	0.0044	0.0015	0.0005	0.0037	0.0014	0.0044	0.0016	0.0057	0.0016
COG3951	0.0000	0.0001	0.0001	0.0000	0.0000	0.0002	0.0001	0.0004	0.0002	0.0010	0.0005
COG3952	0.0000	0.0014	0.0007	0.0005	0.0002	0.0009	0.0003	0.0016	0.0008	0.0023	0.0011
COG3953	0.0000	0.0023	0.0007	0.0011	0.0004	0.0014	0.0004	0.0015	0.0005	0.0015	0.0005
COG3954	0.0000	0.0013	0.0011	0.0007	0.0007	0.0010	0.0010	0.0009	0.0012	0.0010	0.0012
COG3955	0.0000	0.0015	0.0005	0.0003	0.0001	0.0013	0.0004	0.0018	0.0005	0.0025	0.0007
COG3957	0.0000	0.0015	0.0005	0.0002	0.0001	0.0009	0.0004	0.0011	0.0005	0.0036	0.0016
COG3958	0.0000	0.0479	0.0334	0.0046	0.0031	0.0256	0.0140	0.0992	0.0447	0.1235	0.0633
COG3959	0.0000	0.0598	0.0324	0.0068	0.0039	0.0305	0.0148	0.1025	0.0341	0.1296	0.0455
COG3960	0.0000	0.0081	0.0051	0.0032	0.0022	0.0044	0.0022	0.0035	0.0023	0.0029	0.0015
COG3961	0.0000	0.0067	0.0021	0.0012	0.0006	0.0032	0.0012	0.0030	0.0011	0.0029	0.0011
COG3962	0.0000	0.0004	0.0005	0.0001	0.0001	0.0002	0.0003	0.0005	0.0005	0.0011	0.0009
COG3963	0.0000	0.0012	0.0009	0.0003	0.0002	0.0008	0.0005	0.0012	0.0007	0.0021	0.0013
COG3964	0.0000	0.0028	0.0014	0.0009	0.0002	0.0011	0.0003	0.0014	0.0005	0.0017	0.0006
COG3965	0.0000	0.0005	0.0002	0.0001	0.0001	0.0003	0.0002	0.0005	0.0002	0.0007	0.0003
COG3966	0.0000	0.0003	0.0002	0.0001	0.0001	0.0002	0.0001	0.0002	0.0001	0.0003	0.0001
COG3967	0.0000	0.0038	0.0018	0.0008	0.0005	0.0011	0.0007	0.0026	0.0013	0.0030	0.0014
COG3968	0.0000	0.0014	0.0008	0.0003	0.0003	0.0006	0.0004	0.0008	0.0004	0.0008	0.0003
COG3969	0.0000	0.0034	0.0012	0.0005	0.0002	0.0014	0.0006	0.0027	0.0010	0.0040	0.0012
COG3970	0.0000	0.0182	0.0079	0.0051	0.0019	0.0055	0.0025	0.0089	0.0038	0.0071	0.0030
COG3971	0.0000	0.0031	0.0008	0.0008	0.0002	0.0013	0.0004	0.0025	0.0005	0.0026	0.0006
COG3972	0.0000	0.0058	0.0017	0.0014	0.0006	0.0017	0.0005	0.0018	0.0005	0.0014	0.0003
COG3973	0.0000	0.0007	0.0006	0.0001	0.0001	0.0002	0.0002	0.0005	0.0003	0.0009	0.0005
COG3975	0.0000	0.0017	0.0021	0.0003	0.0004	0.0008	0.0007	0.0023	0.0014	0.0069	0.0033
COG3976	0.0000	0.0008	0.0004	0.0001	0.0000	0.0003	0.0002	0.0009	0.0005	0.0015	0.0006
COG3977	0.0000	0.0012	0.0005	0.0005	0.0003	0.0010	0.0004	0.0012	0.0005	0.0013	0.0005
COG3978	0.0000	0.0005	0.0003	0.0005	0.0003	0.0005	0.0003	0.0005	0.0003	0.0005	0.0003
COG3979	0.0100	0.4532	0.0868	0.9857	0.0063	0.0484	0.0127	0.0725	0.0155	0.0715	0.0148
COG3980	0.0000	0.0143	0.0032	0.0029	0.0006	0.0058	0.0011	0.0055	0.0017	0.0059	0.0013
COG3981	0.0000	0.0013	0.0004	0.0002	0.0001	0.0006	0.0003	0.0017	0.0007	0.0041	0.0013
COG4002	0.0050	0.6654	0.1210	0.9881	0.0081	0.0720	0.0380	0.0767	0.0325	0.0822	0.0502
COG4003	0.0100	0.7410	0.1685	0.9865	0.0199	0.1487	0.0575	0.1396	0.0383	0.1744	0.0711
COG4004	0.0000	0.0671	0.0418	0.0134	0.0108	0.0140	0.0067	0.0475	0.0281	0.1357	0.0983
COG4006	0.0000	0.0356	0.0159	0.0089	0.0035	0.0075	0.0033	0.0105	0.0067	0.0110	0.0068
COG4007	0.0000	0.0017	0.0014	0.0030	0.0032	0.0035	0.0025	0.0030	0.0023	0.0026	0.0018
COG4008	0.0000	0.0095	0.0068	0.0264	0.0233	0.0113	0.0076	0.0057	0.0052	0.0046	0.0046
COG4009	0.0000	0.0072	0.0074	0.0177	0.0221	0.0121	0.0110	0.0120	0.0123	0.0086	0.0089
COG4010	0.0000	0.0115	0.0048	0.0177	0.0217	0.0184	0.0067	0.0114	0.0041	0.0084	0.0036
COG4012	0.0000	0.2285	0.0680	0.0544	0.0320	0.0632	0.0348	0.1078	0.0378	0.1157	0.0622
COG4013	0.0000	0.0000	0.0000	0.0005	0.0009	0.0001	0.0001	0.0000	0.0000	0.0000	0.0000
COG4014	0.0000	0.0066	0.0073	0.0082	0.0072	0.0053	0.0046	0.0044	0.0025	0.0066	0.0036
COG4015	0.0000	0.0012	0.0015	0.0025	0.0023	0.0028	0.0025	0.0021	0.0021	0.0017	0.0016
COG4016	0.0000	0.0009	0.0010	0.0021	0.0020	0.0027	0.0023	0.0022	0.0022	0.0017	0.0016
COG4017	0.0000	0.0013	0.0015	0.0027	0.0027	0.0034	0.0032	0.0025	0.0026	0.0020	0.0019
COG4018	0.0000	0.0016	0.0018	0.0029	0.0022	0.0037	0.0034	0.0029	0.0029	0.0022	0.0021
COG4019	0.0000	0.0006	0.0006	0.0017	0.0017	0.0017	0.0015	0.0011	0.0010	0.0010	0.0007
COG4020	0.0000	0.0198	0.0140	0.0201	0.0191	0.0268	0.0222	0.0134	0.0078	0.0155	0.0063
COG4021	0.0000	0.2146	0.0877	0.0496	0.0199	0.0587	0.0228	0.0686	0.0242	0.0957	0.0375
COG4022	0.0000	0.1583	0.0886	0.0767	0.0336	0.1018	0.0527	0.1204	0.0486	0.1521	0.0501
COG4023	0.0000	0.6160	0.1732	0.2097	0.1665	0.3236	0.1462	0.5025	0.1583	0.5834	0.1246
COG4024	0.0000	0.0117	0.0096	0.0319	0.0346	0.0114	0.0082	0.0052	0.0038	0.0027	0.0019
COG4025	0.0000	0.0388	0.0347	0.0723	0.0994	0.0333	0.0256	0.0204	0.0150	0.0152	0.0124
COG4026	0.0000	0.0108	0.0106	0.0220	0.0303	0.0067	0.0082	0.0034	0.0036	0.0031	0.0030
COG4028	0.0000	0.0898	0.0225	0.0225	0.0057	0.0459	0.0152	0.0416	0.0146	0.0511	0.0149
COG4029	0.0000	0.0341	0.0342	0.0717	0.0454	0.0373	0.0280	0.0241	0.0172	0.0362	0.0174
COG4030	0.0000	0.2235	0.0642	0.0542	0.0269	0.1069	0.0456	0.1832	0.0682	0.2777	0.1002
COG4031	0.0000	0.1490	0.0674	0.0190	0.0134	0.0244	0.0115	0.0415	0.0194	0.0394	0.0217
COG4032	0.0000	0.1339	0.0436	0.0386	0.0121	0.0454	0.0158	0.0470	0.0165	0.0516	0.0236
COG4033	0.0000	0.0007	0.0006	0.0008	0.0005	0.0006	0.0003	0.0004	0.0003	0.0006	0.0004
COG4034	0.0000	0.2253	0.0739	0.0531	0.0213	0.0636	0.0294	0.0894	0.0297	0.0973	0.0304
COG4035	0.0000	0.0000	0.0000	0.0001	0.0001	0.0000	0.0001	0.0000	0.0000	0.0000	0.0000
COG4036	0.0000	0.0007	0.0013	0.0010	0.0018	0.0018	0.0026	0.0016	0.0024	0.0025	0.0043
COG4037	0.0000	0.0008	0.0013	0.0010	0.0017	0.0021	0.0029	0.0019	0.0025	0.0026	0.0040
COG4038	0.0000	0.0008	0.0014	0.0010	0.0015	0.0022	0.0028	0.0020	0.0026	0.0028	0.0044
COG4039	0.0000	0.0000	0.0000	0.0001	0.0001	0.0000	0.0000	0.0000	0.0000	0.0000	0.0000
COG4040	0.0000	0.0007	0.0013	0.0010	0.0018	0.0019	0.0025	0.0017	0.0022	0.0023	0.0033
COG4041	0.0000	0.0007	0.0013	0.0010	0.0016	0.0019	0.0023	0.0017	0.0021	0.0024	0.0036
COG4042	0.0000	0.0000	0.0000	0.0001	0.0001	0.0000	0.0001	0.0000	0.0000	0.0000	0.0000
COG4043	0.0000	0.0072	0.0054	0.0008	0.0006	0.0033	0.0023	0.0045	0.0026	0.0093	0.0044
COG4044	0.0000	0.2191	0.1281	0.0574	0.0389	0.0493	0.0495	0.0393	0.0323	0.0236	0.0157
COG4046	0.0000	0.0606	0.0536	0.0255	0.0230	0.0667	0.0471	0.0860	0.0445	0.0722	0.0472
COG4047	0.0000	0.1075	0.0675	0.0254	0.0207	0.0664	0.0393	0.0793	0.0323	0.1033	0.0397
COG4048	0.0000	0.1919	0.1185	0.0774	0.0503	0.1408	0.0812	0.1669	0.0762	0.1863	0.0696
COG4049	0.0000	0.0009	0.0018	0.0082	0.0190	0.0010	0.0016	0.0004	0.0006	0.0003	0.0004
COG4050	0.0150	0.2727	0.1608	0.8784	0.1065	0.7673	0.1585	0.0244	0.0159	0.0364	0.0169
COG4051	0.0000	0.0350	0.0319	0.0775	0.0500	0.0398	0.0263	0.0258	0.0146	0.0379	0.0163
COG4052	0.0000	0.0454	0.0456	0.1086	0.0711	0.0473	0.0369	0.0282	0.0205	0.0389	0.0180
COG4053	0.0000	0.0000	0.0000	0.0002	0.0006	0.0000	0.0000	0.0000	0.0000	0.0000	0.0000
COG4054	0.0000	0.0757	0.0829	0.1051	0.0931	0.0807	0.0763	0.0767	0.0550	0.1025	0.0410
COG4055	0.0000	0.0571	0.0657	0.1032	0.0941	0.0507	0.0507	0.0450	0.0329	0.0551	0.0262
COG4056	0.0050	0.1937	0.1292	0.8627	0.0824	0.0836	0.0934	0.0682	0.0572	0.0935	0.0471
COG4057	0.0000	0.0648	0.0660	0.1017	0.0854	0.0955	0.0853	0.0822	0.0546	0.1058	0.0452
COG4058	0.0000	0.0703	0.0728	0.1033	0.0808	0.0985	0.0815	0.0838	0.0556	0.1040	0.0446
COG4059	0.0000	0.0052	0.0035	0.0071	0.0045	0.0087	0.0078	0.0072	0.0066	0.0073	0.0043
COG4060	0.0000	0.0065	0.0046	0.0090	0.0072	0.0093	0.0097	0.0079	0.0073	0.0077	0.0043
COG4061	0.0000	0.0170	0.0176	0.0125	0.0145	0.0149	0.0180	0.0161	0.0188	0.0152	0.0128
COG4062	0.0000	0.0056	0.0045	0.0062	0.0045	0.0074	0.0077	0.0071	0.0059	0.0069	0.0038
COG4063	0.0000	0.1317	0.0506	0.0278	0.0115	0.0773	0.0272	0.1082	0.0271	0.0803	0.0183
COG4064	0.0000	0.0031	0.0021	0.0032	0.0023	0.0023	0.0014	0.0030	0.0017	0.0036	0.0017
COG4065	0.0000	0.0515	0.0293	0.0604	0.0362	0.0442	0.0318	0.0216	0.0188	0.0188	0.0139
COG4066	0.0000	0.0129	0.0072	0.0120	0.0073	0.0111	0.0045	0.0090	0.0039	0.0072	0.0037
COG4067	0.0000	0.0019	0.0010	0.0005	0.0003	0.0008	0.0006	0.0010	0.0005	0.0022	0.0010
COG4068	0.0400	0.6071	0.0990	0.9919	0.0060	0.9694	0.0263	0.2250	0.0977	0.3487	0.1564
COG4069	0.0000	0.1003	0.0343	0.1087	0.0377	0.0981	0.0253	0.0671	0.0213	0.0804	0.0328
COG4070	0.0050	0.4348	0.1992	0.9506	0.0399	0.0419	0.0300	0.0255	0.0166	0.0366	0.0181
COG4071	0.0000	0.0215	0.0119	0.0110	0.0096	0.0202	0.0085	0.0171	0.0097	0.0108	0.0077
COG4072	0.0000	0.0502	0.0350	0.0276	0.0317	0.0378	0.0234	0.0366	0.0211	0.0458	0.0269
COG4073	0.0000	0.0115	0.0068	0.0090	0.0052	0.0116	0.0051	0.0162	0.0076	0.0169	0.0090
COG4075	0.0000	0.0045	0.0032	0.0169	0.0228	0.0063	0.0037	0.0030	0.0015	0.0033	0.0015
COG4076	0.0000	0.0317	0.0126	0.0094	0.0048	0.0159	0.0051	0.0141	0.0054	0.0139	0.0072
COG4077	0.0000	0.0000	0.0000	0.0001	0.0002	0.0000	0.0000	0.0000	0.0000	0.0000	0.0000
COG4078	0.0000	0.0007	0.0011	0.0008	0.0012	0.0018	0.0021	0.0017	0.0021	0.0024	0.0038
COG4079	0.0000	0.0047	0.0035	0.0046	0.0034	0.0050	0.0032	0.0034	0.0022	0.0051	0.0035
COG4080	0.0000	0.5265	0.2303	0.7675	0.2199	0.6589	0.2239	0.5355	0.2187	0.4682	0.1899
COG4081	0.0000	0.0009	0.0005	0.0011	0.0008	0.0012	0.0009	0.0007	0.0004	0.0011	0.0007
COG4083	0.0200	0.8103	0.2257	0.9871	0.0352	0.9699	0.0735	0.2048	0.0994	0.2512	0.1388
COG4084	0.0000	0.0008	0.0014	0.0009	0.0015	0.0022	0.0030	0.0020	0.0028	0.0029	0.0048
COG4085	0.0000	0.0085	0.0115	0.0028	0.0038	0.0055	0.0076	0.0091	0.0104	0.0110	0.0125
COG4086	0.0000	0.0031	0.0015	0.0009	0.0004	0.0013	0.0005	0.0013	0.0007	0.0016	0.0009
COG4087	0.0000	0.3566	0.1841	0.0934	0.0776	0.0874	0.0531	0.0865	0.0399	0.0556	0.0344
COG4088	0.0000	0.0323	0.0142	0.0085	0.0044	0.0133	0.0068	0.0102	0.0044	0.0089	0.0036
COG4089	0.0050	0.9399	0.0682	0.9991	0.0016	0.3082	0.1002	0.4927	0.1051	0.5079	0.1189
COG4090	0.0000	0.0487	0.0332	0.0370	0.0219	0.0525	0.0307	0.0523	0.0317	0.0572	0.0303
COG4091	0.0000	0.0084	0.0033	0.0020	0.0009	0.0029	0.0009	0.0031	0.0010	0.0029	0.0007
COG4092	0.0000	0.0001	0.0000	0.0001	0.0001	0.0002	0.0001	0.0002	0.0001	0.0002	0.0001
COG4093	0.0000	0.0001	0.0001	0.0001	0.0000	0.0001	0.0000	0.0001	0.0001	0.0002	0.0001
COG4094	0.0000	0.0017	0.0015	0.0008	0.0007	0.0007	0.0007	0.0007	0.0007	0.0007	0.0007
COG4095	0.0000	0.0122	0.0039	0.0012	0.0005	0.0102	0.0045	0.0202	0.0074	0.0414	0.0118
COG4096	0.0000	0.1176	0.0234	0.0151	0.0049	0.0303	0.0068	0.0180	0.0039	0.0314	0.0061
COG4097	0.0000	0.0026	0.0019	0.0003	0.0004	0.0006	0.0006	0.0014	0.0008	0.0026	0.0014
COG4098	0.0000	0.1246	0.0395	0.4857	0.1030	0.1519	0.0439	0.0599	0.0219	0.0341	0.0115
COG4099	0.0000	0.0018	0.0007	0.0004	0.0002	0.0010	0.0004	0.0017	0.0006	0.0031	0.0009
COG4100	0.0000	0.0011	0.0010	0.0001	0.0002	0.0008	0.0009	0.0018	0.0021	0.0028	0.0031
COG4101	0.0000	0.0015	0.0010	0.0004	0.0002	0.0007	0.0004	0.0008	0.0004	0.0012	0.0004
COG4102	0.0000	0.0007	0.0004	0.0002	0.0001	0.0003	0.0002	0.0010	0.0006	0.0018	0.0008
COG4103	0.0000	0.1552	0.0457	0.5224	0.1124	0.1303	0.0694	0.0458	0.0211	0.0225	0.0082
COG4104	0.0000	0.0121	0.0037	0.0019	0.0007	0.0047	0.0016	0.0081	0.0025	0.0085	0.0027
COG4105	0.0000	0.0004	0.0004	0.0002	0.0002	0.0005	0.0004	0.0011	0.0010	0.0015	0.0014
COG4106	0.0350	0.2441	0.0327	0.9726	0.0080	0.8586	0.0269	0.0125	0.0027	0.0113	0.0026
COG4107	0.0000	0.0047	0.0031	0.0020	0.0019	0.0028	0.0021	0.0033	0.0023	0.0028	0.0013
COG4108	0.0000	0.0000	0.0000	0.0000	0.0000	0.0000	0.0000	0.0001	0.0000	0.0002	0.0001
COG4109	0.0950	0.0074	0.0024	0.2273	0.0909	0.1429	0.0588	0.0488	0.0201	0.0016	0.0009
COG4110	0.0000	0.0006	0.0004	0.0002	0.0001	0.0003	0.0002	0.0005	0.0002	0.0006	0.0002
COG4111	0.0250	0.0043	0.0018	0.2064	0.0648	0.0322	0.0139	0.0003	0.0003	0.0005	0.0004
COG4112	0.0000	0.0012	0.0008	0.0002	0.0002	0.0009	0.0006	0.0018	0.0011	0.0033	0.0017
COG4113	0.0050	0.9144	0.0188	0.9992	0.0003	0.1804	0.0358	0.1708	0.0320	0.1163	0.0400
COG4114	0.0000	0.0026	0.0014	0.0014	0.0007	0.0009	0.0005	0.0006	0.0004	0.0004	0.0002
COG4115	0.0000	0.0007	0.0002	0.0001	0.0000	0.0005	0.0001	0.0007	0.0002	0.0013	0.0006
COG4116	0.0000	0.0004	0.0002	0.0001	0.0001	0.0004	0.0002	0.0009	0.0006	0.0015	0.0009
COG4117	0.0000	0.0019	0.0012	0.0005	0.0004	0.0005	0.0003	0.0005	0.0003	0.0010	0.0005
COG4118	0.0000	0.0046	0.0018	0.0010	0.0004	0.0011	0.0004	0.0008	0.0004	0.0007	0.0002
COG4119	0.0000	0.0089	0.0045	0.0016	0.0012	0.0037	0.0022	0.0047	0.0019	0.0071	0.0028
COG4120	0.0000	0.0003	0.0002	0.0001	0.0001	0.0002	0.0001	0.0003	0.0001	0.0005	0.0002
COG4121	0.0000	0.0115	0.0075	0.0034	0.0030	0.0116	0.0058	0.0149	0.0100	0.0340	0.0245
COG4122	0.0000	0.0614	0.0307	0.0074	0.0058	0.0209	0.0145	0.0238	0.0080	0.0384	0.0121
COG4123	0.1300	0.0417	0.0240	0.7195	0.0964	0.6234	0.1127	0.3615	0.1169	0.2517	0.0949
COG4124	0.0000	0.0093	0.0027	0.0010	0.0003	0.0036	0.0008	0.0096	0.0031	0.0187	0.0056
COG4125	0.0000	0.0007	0.0003	0.0004	0.0003	0.0005	0.0005	0.0006	0.0005	0.0005	0.0005
COG4126	0.0000	0.0713	0.0237	0.0271	0.0114	0.0117	0.0058	0.0114	0.0032	0.0095	0.0026
COG4127	0.0000	0.0323	0.0062	0.0065	0.0018	0.0071	0.0012	0.0075	0.0014	0.0104	0.0022
COG4128	0.0000	0.0013	0.0012	0.0004	0.0004	0.0010	0.0009	0.0015	0.0011	0.0015	0.0010
COG4129	0.0000	0.0004	0.0002	0.0000	0.0000	0.0003	0.0001	0.0007	0.0003	0.0010	0.0004
COG4130	0.0000	0.0011	0.0009	0.0007	0.0005	0.0008	0.0008	0.0010	0.0009	0.0010	0.0010
COG4132	0.0000	0.0017	0.0015	0.0007	0.0008	0.0006	0.0009	0.0006	0.0006	0.0006	0.0005
COG4133	0.0000	0.0027	0.0054	0.0017	0.0035	0.0021	0.0047	0.0025	0.0055	0.0029	0.0061
COG4134	0.0000	0.0029	0.0021	0.0007	0.0004	0.0009	0.0006	0.0012	0.0007	0.0013	0.0008
COG4135	0.0000	0.0005	0.0006	0.0003	0.0004	0.0004	0.0005	0.0004	0.0005	0.0005	0.0005
COG4136	0.0000	0.0006	0.0003	0.0004	0.0002	0.0004	0.0002	0.0005	0.0002	0.0005	0.0002
COG4137	0.0000	0.0013	0.0009	0.0005	0.0004	0.0011	0.0006	0.0018	0.0015	0.0023	0.0022
COG4138	0.0000	0.0000	0.0000	0.0000	0.0000	0.0000	0.0000	0.0000	0.0000	0.0000	0.0000
COG4139	0.0000	0.0000	0.0000	0.0000	0.0000	0.0000	0.0000	0.0000	0.0000	0.0000	0.0000
COG4143	0.0050	0.4088	0.1572	0.9330	0.0427	0.0442	0.0353	0.0599	0.0423	0.0479	0.0395
COG4145	0.0000	0.0016	0.0010	0.0003	0.0002	0.0012	0.0007	0.0025	0.0016	0.0041	0.0027
COG4146	0.0000	0.0002	0.0001	0.0000	0.0000	0.0001	0.0001	0.0003	0.0002	0.0005	0.0003
COG4147	0.0000	0.6650	0.1089	0.8349	0.0796	0.6703	0.1038	0.4525	0.0862	0.2895	0.0594
COG4148	0.0000	0.0012	0.0010	0.0004	0.0002	0.0008	0.0005	0.0013	0.0008	0.0011	0.0010
COG4149	0.0000	0.0066	0.0025	0.0011	0.0005	0.0017	0.0007	0.0042	0.0015	0.0041	0.0017
COG4150	0.0000	0.0002	0.0001	0.0001	0.0001	0.0002	0.0001	0.0002	0.0001	0.0003	0.0002
COG4152	0.4600	0.1468	0.0421	0.7728	0.1085	0.5996	0.1706	0.2747	0.1029	0.2353	0.1016
COG4154	0.0000	0.0005	0.0002	0.0001	0.0001	0.0002	0.0001	0.0004	0.0002	0.0009	0.0004
COG4158	0.0000	0.0014	0.0007	0.0003	0.0002	0.0007	0.0004	0.0013	0.0005	0.0010	0.0004
COG4160	0.0000	0.0007	0.0010	0.0004	0.0008	0.0005	0.0006	0.0006	0.0008	0.0008	0.0007
COG4166	0.0000	0.0005	0.0005	0.0000	0.0000	0.0002	0.0001	0.0003	0.0002	0.0004	0.0004
COG4168	0.0000	0.0000	0.0001	0.0001	0.0001	0.0001	0.0001	0.0001	0.0001	0.0001	0.0001
COG4171	0.0000	0.0000	0.0000	0.0000	0.0000	0.0000	0.0000	0.0000	0.0000	0.0000	0.0000
COG4174	0.0000	0.0012	0.0006	0.0006	0.0003	0.0013	0.0008	0.0009	0.0005	0.0013	0.0008
COG4175	0.0000	0.0070	0.0026	0.0014	0.0008	0.0029	0.0014	0.0069	0.0037	0.0124	0.0069
COG4176	0.0000	0.0059	0.0029	0.0011	0.0004	0.0023	0.0010	0.0056	0.0020	0.0102	0.0038
COG4177	0.0050	0.6390	0.1442	0.8738	0.0634	0.0259	0.0139	0.0471	0.0294	0.0414	0.0260
COG4178	0.0000	0.0379	0.0095	0.1373	0.0546	0.0595	0.0188	0.0393	0.0098	0.0353	0.0096
COG4181	0.0000	0.0036	0.0023	0.0015	0.0007	0.0031	0.0015	0.0016	0.0008	0.0030	0.0009
COG4185	0.0000	0.0025	0.0005	0.0004	0.0001	0.0015	0.0003	0.0017	0.0003	0.0026	0.0004
COG4186	0.0000	0.0370	0.0117	0.0056	0.0021	0.0133	0.0036	0.0148	0.0056	0.0212	0.0086
COG4187	0.0000	0.0004	0.0002	0.0001	0.0000	0.0001	0.0001	0.0002	0.0001	0.0003	0.0002
COG4188	0.0000	0.0053	0.0029	0.0008	0.0005	0.0017	0.0007	0.0029	0.0009	0.0042	0.0010
COG4189	0.0000	0.0044	0.0021	0.0010	0.0006	0.0018	0.0011	0.0026	0.0013	0.0027	0.0012
COG4190	0.0000	0.0338	0.0180	0.0032	0.0029	0.0064	0.0057	0.0077	0.0059	0.0068	0.0030
COG4191	0.0000	0.0444	0.0245	0.0042	0.0056	0.0171	0.0076	0.0385	0.0151	0.0570	0.0149
COG4192	0.0000	0.0009	0.0006	0.0003	0.0004	0.0008	0.0009	0.0011	0.0011	0.0010	0.0010
COG4193	0.0000	0.0004	0.0002	0.0001	0.0000	0.0003	0.0002	0.0006	0.0002	0.0013	0.0003
COG4194	0.0000	0.0038	0.0020	0.0009	0.0006	0.0016	0.0010	0.0025	0.0012	0.0026	0.0013
COG4195	0.0000	0.0042	0.0027	0.0010	0.0010	0.0017	0.0012	0.0024	0.0011	0.0022	0.0009
COG4196	0.0000	0.0005	0.0003	0.0002	0.0001	0.0003	0.0002	0.0004	0.0002	0.0005	0.0002
COG4197	0.0000	0.0002	0.0001	0.0001	0.0001	0.0002	0.0001	0.0003	0.0002	0.0004	0.0002
COG4198	0.0000	0.0635	0.0366	0.0119	0.0096	0.0270	0.0147	0.0362	0.0205	0.0504	0.0279
COG4199	0.0000	0.0000	0.0000	0.0000	0.0000	0.0000	0.0000	0.0000	0.0000	0.0000	0.0000
COG4200	0.0000	0.0028	0.0019	0.0006	0.0004	0.0017	0.0011	0.0014	0.0008	0.0012	0.0007
COG4206	0.0000	0.0040	0.0018	0.0013	0.0007	0.0043	0.0016	0.0085	0.0021	0.0092	0.0017
COG4208	0.0000	0.0003	0.0001	0.0000	0.0000	0.0001	0.0000	0.0003	0.0001	0.0004	0.0002
COG4209	0.0000	0.0002	0.0001	0.0001	0.0001	0.0001	0.0001	0.0004	0.0002	0.0007	0.0003
COG4211	0.0000	0.0001	0.0001	0.0000	0.0000	0.0000	0.0000	0.0001	0.0000	0.0001	0.0001
COG4213	0.0000	0.0012	0.0002	0.0001	0.0001	0.0009	0.0003	0.0013	0.0005	0.0018	0.0005
COG4214	0.0000	0.0007	0.0002	0.0001	0.0000	0.0003	0.0001	0.0007	0.0002	0.0009	0.0003
COG4215	0.0000	0.0007	0.0008	0.0004	0.0007	0.0005	0.0006	0.0007	0.0007	0.0010	0.0005
COG4218	0.0000	0.0016	0.0008	0.0012	0.0006	0.0008	0.0005	0.0009	0.0005	0.0012	0.0007
COG4219	0.0000	0.0022	0.0010	0.0003	0.0002	0.0008	0.0005	0.0016	0.0007	0.0022	0.0009
COG4220	0.0000	0.0003	0.0002	0.0001	0.0000	0.0002	0.0001	0.0003	0.0001	0.0005	0.0002
COG4221	0.0000	0.0182	0.0128	0.0025	0.0041	0.0069	0.0061	0.0115	0.0055	0.0125	0.0057
COG4222	0.0000	0.0033	0.0015	0.0008	0.0004	0.0011	0.0006	0.0011	0.0005	0.0012	0.0005
COG4223	0.0000	0.0024	0.0014	0.0005	0.0004	0.0014	0.0006	0.0013	0.0007	0.0014	0.0006
COG4224	0.0000	0.0004	0.0002	0.0001	0.0000	0.0003	0.0002	0.0008	0.0004	0.0017	0.0007
COG4225	0.0000	0.0019	0.0009	0.0004	0.0002	0.0010	0.0004	0.0025	0.0008	0.0045	0.0014
COG4226	0.0000	0.0009	0.0005	0.0001	0.0001	0.0002	0.0001	0.0005	0.0002	0.0006	0.0002
COG4227	0.0000	0.0238	0.0042	0.0028	0.0010	0.0063	0.0017	0.0088	0.0018	0.0099	0.0024
COG4228	0.0000	0.0008	0.0006	0.0002	0.0002	0.0005	0.0004	0.0007	0.0004	0.0010	0.0003
COG4229	0.0000	0.0010	0.0004	0.0003	0.0002	0.0010	0.0007	0.0017	0.0007	0.0023	0.0006
COG4230	0.0000	0.0471	0.0884	0.0504	0.0601	0.0613	0.0964	0.0610	0.1069	0.0494	0.0905
COG4231	0.0000	0.7266	0.0939	0.2231	0.1067	0.2314	0.0755	0.2947	0.0698	0.3909	0.0622
COG4232	0.0000	0.0097	0.0044	0.0016	0.0009	0.0047	0.0028	0.0070	0.0030	0.0069	0.0037
COG4233	0.0000	0.0010	0.0004	0.0005	0.0003	0.0007	0.0005	0.0014	0.0006	0.0021	0.0006
COG4235	0.0000	0.0022	0.0011	0.0006	0.0003	0.0006	0.0002	0.0014	0.0007	0.0023	0.0014
COG4237	0.0000	0.0599	0.0152	0.0111	0.0065	0.0567	0.0278	0.0893	0.0373	0.0589	0.0216
COG4238	0.0000	0.0007	0.0002	0.0003	0.0001	0.0006	0.0002	0.0007	0.0002	0.0008	0.0003
COG4239	0.0000	0.0010	0.0006	0.0005	0.0002	0.0008	0.0005	0.0008	0.0004	0.0011	0.0006
COG4240	0.0000	0.0006	0.0008	0.0002	0.0003	0.0007	0.0011	0.0015	0.0017	0.0024	0.0025
COG4241	0.0000	0.0036	0.0018	0.0011	0.0007	0.0018	0.0010	0.0022	0.0014	0.0024	0.0016
COG4242	0.0000	0.0100	0.0054	0.0030	0.0021	0.0033	0.0024	0.0031	0.0019	0.0034	0.0014
COG4243	0.0000	0.0070	0.0049	0.0006	0.0006	0.0033	0.0028	0.0066	0.0052	0.0109	0.0082
COG4244	0.0000	0.0017	0.0012	0.0003	0.0004	0.0006	0.0004	0.0009	0.0006	0.0009	0.0007
COG4245	0.0000	0.0020	0.0005	0.0002	0.0001	0.0010	0.0003	0.0015	0.0006	0.0034	0.0014
COG4246	0.0000	0.0015	0.0015	0.0009	0.0013	0.0014	0.0015	0.0011	0.0013	0.0011	0.0011
COG4247	0.0000	0.0020	0.0011	0.0008	0.0004	0.0009	0.0007	0.0010	0.0006	0.0008	0.0007
COG4248	0.0000	0.0025	0.0005	0.0002	0.0001	0.0012	0.0004	0.0018	0.0005	0.0039	0.0011
COG4249	0.0000	0.0332	0.0086	0.0047	0.0022	0.0110	0.0061	0.0133	0.0045	0.0146	0.0036
COG4250	0.0000	0.0098	0.0078	0.0027	0.0024	0.0039	0.0034	0.0045	0.0035	0.0035	0.0028
COG4251	0.0000	0.1170	0.0537	0.0234	0.0330	0.0490	0.0346	0.0337	0.0130	0.0235	0.0074
COG4252	0.0000	0.0009	0.0006	0.0002	0.0002	0.0004	0.0003	0.0007	0.0005	0.0008	0.0005
COG4253	0.0000	0.0011	0.0009	0.0005	0.0004	0.0008	0.0006	0.0010	0.0008	0.0013	0.0008
COG4254	0.0000	0.0048	0.0019	0.0008	0.0007	0.0017	0.0008	0.0042	0.0015	0.0046	0.0010
COG4255	0.0000	0.0002	0.0001	0.0001	0.0000	0.0002	0.0002	0.0004	0.0003	0.0006	0.0004
COG4256	0.0000	0.0014	0.0010	0.0008	0.0010	0.0012	0.0011	0.0011	0.0012	0.0012	0.0009
COG4257	0.0050	0.0381	0.0190	0.8510	0.0481	0.0019	0.0006	0.0041	0.0011	0.0043	0.0017
COG4258	0.0000	0.0014	0.0008	0.0005	0.0003	0.0005	0.0004	0.0014	0.0010	0.0025	0.0018
COG4259	0.0000	0.0002	0.0002	0.0001	0.0001	0.0002	0.0002	0.0003	0.0003	0.0004	0.0003
COG4260	0.0000	0.0088	0.0028	0.0014	0.0005	0.0034	0.0012	0.0075	0.0021	0.0116	0.0037
COG4261	0.0000	0.0190	0.0109	0.0625	0.0346	0.0285	0.0199	0.0252	0.0164	0.0139	0.0098
COG4262	0.0000	0.0426	0.0137	0.0055	0.0027	0.0278	0.0106	0.0465	0.0157	0.0581	0.0194
COG4263	0.0000	0.0073	0.0048	0.0009	0.0009	0.0014	0.0011	0.0027	0.0013	0.0042	0.0013
COG4264	0.0000	0.0102	0.0028	0.0036	0.0020	0.0045	0.0018	0.0050	0.0019	0.0060	0.0031
COG4266	0.0000	0.0003	0.0002	0.0001	0.0001	0.0002	0.0001	0.0004	0.0002	0.0007	0.0003
COG4267	0.0000	0.0004	0.0001	0.0000	0.0000	0.0003	0.0001	0.0005	0.0002	0.0007	0.0003
COG4268	0.0000	0.1681	0.0247	0.0356	0.0091	0.0149	0.0028	0.0154	0.0035	0.0175	0.0031
COG4269	0.0000	0.0005	0.0003	0.0001	0.0001	0.0005	0.0004	0.0010	0.0005	0.0014	0.0006
COG4270	0.0000	0.0390	0.0160	0.1170	0.0416	0.0612	0.0249	0.0570	0.0198	0.0541	0.0181
COG4271	0.0000	0.0282	0.0065	0.0054	0.0019	0.0112	0.0021	0.0123	0.0028	0.0097	0.0027
COG4272	0.0000	0.0063	0.0036	0.0017	0.0007	0.0015	0.0006	0.0034	0.0016	0.0051	0.0029
COG4273	0.0000	0.2439	0.0454	0.0458	0.0269	0.0705	0.0357	0.0606	0.0219	0.0370	0.0138
COG4274	0.0000	0.0768	0.0285	0.0081	0.0037	0.0348	0.0114	0.0448	0.0113	0.0393	0.0121
COG4275	0.0000	0.0579	0.0212	0.0126	0.0063	0.0183	0.0099	0.0129	0.0042	0.0068	0.0027
COG4276	0.0000	0.0064	0.0044	0.0009	0.0010	0.0015	0.0013	0.0029	0.0021	0.0031	0.0019
COG4277	0.0000	0.1527	0.0515	0.0294	0.0152	0.0517	0.0175	0.0641	0.0200	0.0918	0.0390
COG4278	0.0000	0.0012	0.0006	0.0002	0.0001	0.0006	0.0003	0.0011	0.0005	0.0019	0.0009
COG4279	0.0000	0.0329	0.0177	0.0050	0.0036	0.0067	0.0031	0.0059	0.0027	0.0045	0.0022
COG4280	0.0000	0.0015	0.0011	0.0005	0.0003	0.0006	0.0004	0.0011	0.0006	0.0017	0.0010
COG4281	0.0000	0.0032	0.0029	0.0010	0.0008	0.0009	0.0008	0.0014	0.0011	0.0016	0.0011
COG4282	0.0000	0.0034	0.0011	0.0008	0.0004	0.0012	0.0004	0.0012	0.0002	0.0015	0.0004
COG4283	0.0000	0.0040	0.0034	0.0005	0.0003	0.0012	0.0008	0.0026	0.0016	0.0040	0.0020
COG4284	0.0000	0.0011	0.0009	0.0002	0.0002	0.0006	0.0006	0.0016	0.0013	0.0024	0.0013
COG4285	0.0000	0.0263	0.0098	0.0045	0.0023	0.0089	0.0045	0.0144	0.0065	0.0151	0.0062
COG4286	0.0000	0.0008	0.0008	0.0001	0.0001	0.0002	0.0003	0.0006	0.0006	0.0008	0.0006
COG4287	0.0000	0.0023	0.0009	0.0008	0.0004	0.0010	0.0006	0.0020	0.0007	0.0027	0.0009
COG4288	0.0000	0.0044	0.0013	0.0008	0.0003	0.0017	0.0005	0.0031	0.0009	0.0028	0.0007
COG4289	0.0000	0.0009	0.0004	0.0002	0.0001	0.0006	0.0003	0.0015	0.0007	0.0027	0.0012
COG4290	0.0000	0.0006	0.0003	0.0001	0.0001	0.0003	0.0002	0.0005	0.0001	0.0010	0.0003
COG4291	0.0000	0.0012	0.0007	0.0005	0.0003	0.0007	0.0004	0.0010	0.0004	0.0018	0.0005
COG4292	0.0000	0.0016	0.0009	0.0003	0.0003	0.0005	0.0003	0.0011	0.0006	0.0017	0.0009
COG4293	0.0000	0.0011	0.0003	0.0004	0.0002	0.0007	0.0002	0.0011	0.0003	0.0015	0.0006
COG4294	0.0000	0.0237	0.0096	0.0027	0.0011	0.0093	0.0034	0.0158	0.0059	0.0180	0.0072
COG4295	0.0000	0.0035	0.0009	0.0005	0.0001	0.0014	0.0004	0.0027	0.0007	0.0055	0.0017
COG4296	0.0000	0.0012	0.0004	0.0003	0.0001	0.0007	0.0002	0.0008	0.0002	0.0013	0.0003
COG4297	0.0000	0.0009	0.0006	0.0003	0.0002	0.0005	0.0003	0.0006	0.0004	0.0006	0.0005
COG4298	0.0000	0.0008	0.0002	0.0002	0.0001	0.0004	0.0002	0.0006	0.0002	0.0005	0.0002
COG4299	0.0000	0.0054	0.0021	0.0009	0.0003	0.0022	0.0006	0.0025	0.0010	0.0026	0.0010
COG4300	0.0000	0.0062	0.0021	0.0015	0.0008	0.0019	0.0006	0.0033	0.0010	0.0034	0.0014
COG4301	0.0000	0.0109	0.0082	0.0019	0.0021	0.0129	0.0113	0.0186	0.0135	0.0297	0.0145
COG4302	0.0000	0.0022	0.0018	0.0004	0.0003	0.0006	0.0004	0.0006	0.0003	0.0007	0.0004
COG4303	0.0000	0.0014	0.0014	0.0003	0.0002	0.0004	0.0003	0.0004	0.0003	0.0005	0.0004
COG4304	0.0000	0.0003	0.0002	0.0002	0.0001	0.0003	0.0002	0.0003	0.0002	0.0004	0.0002
COG4305	0.0000	0.0011	0.0006	0.0003	0.0001	0.0006	0.0002	0.0008	0.0004	0.0008	0.0004
COG4306	0.0000	0.0038	0.0017	0.0014	0.0007	0.0018	0.0009	0.0022	0.0010	0.0019	0.0008
COG4307	0.0000	0.0009	0.0004	0.0003	0.0001	0.0007	0.0003	0.0008	0.0003	0.0014	0.0007
COG4308	0.0000	0.0013	0.0007	0.0003	0.0001	0.0006	0.0003	0.0009	0.0003	0.0012	0.0004
COG4309	0.0000	0.0009	0.0003	0.0003	0.0001	0.0003	0.0002	0.0004	0.0001	0.0006	0.0002
COG4310	0.0000	0.0013	0.0007	0.0002	0.0002	0.0008	0.0003	0.0014	0.0004	0.0016	0.0004
COG4311	0.0000	0.0018	0.0014	0.0008	0.0005	0.0010	0.0005	0.0010	0.0005	0.0010	0.0005
COG4312	0.0000	0.0010	0.0007	0.0002	0.0001	0.0004	0.0002	0.0008	0.0004	0.0012	0.0007
COG4313	0.0000	0.0008	0.0003	0.0002	0.0001	0.0004	0.0002	0.0008	0.0004	0.0009	0.0003
COG4314	0.0000	0.0096	0.0036	0.0011	0.0006	0.0022	0.0012	0.0033	0.0017	0.0038	0.0025
COG4315	0.0000	0.0146	0.0054	0.0026	0.0014	0.0032	0.0014	0.0039	0.0016	0.0053	0.0017
COG4316	0.0000	0.0003	0.0003	0.0002	0.0001	0.0002	0.0002	0.0003	0.0003	0.0004	0.0003
COG4317	0.0000	0.0036	0.0022	0.0012	0.0010	0.0018	0.0016	0.0030	0.0031	0.0041	0.0049
COG4318	0.0000	0.0003	0.0001	0.0002	0.0001	0.0003	0.0001	0.0005	0.0002	0.0006	0.0002
COG4319	0.0000	0.0240	0.0097	0.0063	0.0073	0.0076	0.0042	0.0052	0.0021	0.0083	0.0035
COG4320	0.0000	0.0039	0.0016	0.0008	0.0005	0.0020	0.0009	0.0025	0.0010	0.0038	0.0015
COG4321	0.0000	0.0004	0.0002	0.0003	0.0002	0.0003	0.0001	0.0003	0.0002	0.0005	0.0001
COG4322	0.0000	0.0004	0.0003	0.0002	0.0002	0.0004	0.0002	0.0005	0.0002	0.0009	0.0003
COG4323	0.0000	0.0003	0.0001	0.0002	0.0000	0.0002	0.0001	0.0002	0.0001	0.0003	0.0002
COG4324	0.0000	0.0014	0.0010	0.0004	0.0003	0.0006	0.0005	0.0015	0.0011	0.0013	0.0007
COG4325	0.0000	0.0084	0.0044	0.0015	0.0008	0.0038	0.0017	0.0038	0.0017	0.0046	0.0022
COG4326	0.0000	0.0128	0.0060	0.0039	0.0020	0.0035	0.0014	0.0029	0.0010	0.0015	0.0005
COG4327	0.0000	0.0033	0.0029	0.0009	0.0006	0.0018	0.0012	0.0027	0.0017	0.0028	0.0014
COG4328	0.0000	0.0110	0.0040	0.0028	0.0010	0.0048	0.0018	0.0110	0.0047	0.0142	0.0056
COG4329	0.0000	0.0033	0.0015	0.0008	0.0005	0.0021	0.0012	0.0025	0.0018	0.0028	0.0021
COG4330	0.0000	0.0021	0.0014	0.0005	0.0005	0.0006	0.0004	0.0008	0.0005	0.0011	0.0006
COG4331	0.0000	0.0003	0.0002	0.0001	0.0001	0.0002	0.0002	0.0004	0.0002	0.0007	0.0004
COG4332	0.0000	0.0011	0.0004	0.0003	0.0003	0.0005	0.0002	0.0004	0.0002	0.0004	0.0002
COG4333	0.0000	0.0015	0.0006	0.0002	0.0001	0.0006	0.0003	0.0012	0.0004	0.0019	0.0006
COG4334	0.0000	0.0032	0.0011	0.0010	0.0004	0.0013	0.0007	0.0019	0.0010	0.0017	0.0006
COG4335	0.0000	0.0106	0.0063	0.0016	0.0008	0.0046	0.0016	0.0061	0.0021	0.0066	0.0024
COG4336	0.0000	0.0506	0.0270	0.0083	0.0042	0.0245	0.0135	0.0208	0.0091	0.0229	0.0085
COG4337	0.0000	0.0006	0.0005	0.0001	0.0001	0.0006	0.0004	0.0009	0.0006	0.0012	0.0005
COG4338	0.0000	0.0004	0.0002	0.0001	0.0001	0.0003	0.0002	0.0005	0.0004	0.0012	0.0007
COG4339	0.0000	0.0034	0.0015	0.0005	0.0003	0.0024	0.0014	0.0050	0.0024	0.0094	0.0043
COG4340	0.0000	0.0006	0.0007	0.0003	0.0003	0.0007	0.0006	0.0008	0.0008	0.0009	0.0011
COG4341	0.0000	0.0006	0.0004	0.0002	0.0001	0.0004	0.0002	0.0007	0.0005	0.0012	0.0006
COG4342	0.0000	0.1130	0.0375	0.0391	0.0154	0.0554	0.0130	0.0752	0.0138	0.0762	0.0094
COG4343	0.0000	0.1928	0.0447	0.0677	0.0132	0.0949	0.0135	0.1140	0.0193	0.0802	0.0196
COG4344	0.0000	0.0693	0.0290	0.0175	0.0058	0.0216	0.0082	0.0297	0.0105	0.0236	0.0081
COG4345	0.0000	0.0190	0.0153	0.0380	0.0557	0.0295	0.0217	0.0308	0.0162	0.0347	0.0136
COG4346	0.0000	0.0361	0.0215	0.0089	0.0081	0.0360	0.0177	0.0541	0.0236	0.1009	0.0411
COG4347	0.0000	0.0648	0.0177	0.0122	0.0044	0.0260	0.0092	0.0425	0.0142	0.0464	0.0199
COG4352	0.0000	0.0155	0.0070	0.0082	0.0063	0.0167	0.0069	0.0180	0.0059	0.0169	0.0056
COG4353	0.0000	0.0331	0.0168	0.0139	0.0068	0.0199	0.0123	0.0245	0.0140	0.0213	0.0104
COG4354	0.0000	0.0244	0.0084	0.0057	0.0020	0.0047	0.0014	0.0085	0.0025	0.0084	0.0029
COG4357	0.0000	0.0015	0.0010	0.0004	0.0002	0.0008	0.0005	0.0010	0.0006	0.0010	0.0005
COG4359	0.0000	0.0055	0.0034	0.0009	0.0004	0.0021	0.0011	0.0030	0.0018	0.0042	0.0027
COG4360	0.0000	0.0019	0.0029	0.0004	0.0008	0.0012	0.0014	0.0019	0.0020	0.0021	0.0017
COG4362	0.0000	0.0012	0.0010	0.0004	0.0004	0.0007	0.0006	0.0010	0.0007	0.0011	0.0006
COG4365	0.0000	0.0124	0.0096	0.0041	0.0026	0.0056	0.0055	0.0065	0.0049	0.0062	0.0045
COG4367	0.0000	0.0010	0.0007	0.0003	0.0003	0.0007	0.0003	0.0013	0.0005	0.0014	0.0006
COG4370	0.0000	0.0018	0.0009	0.0006	0.0004	0.0014	0.0007	0.0025	0.0009	0.0026	0.0009
COG4371	0.0000	0.0010	0.0006	0.0005	0.0003	0.0007	0.0004	0.0007	0.0004	0.0008	0.0004
COG4372	0.0250	0.0219	0.0132	0.5193	0.1194	0.2960	0.0899	0.0022	0.0026	0.0036	0.0037
COG4373	0.0000	0.0052	0.0022	0.0007	0.0004	0.0031	0.0020	0.0040	0.0020	0.0072	0.0027
COG4374	0.0000	0.0008	0.0003	0.0003	0.0001	0.0003	0.0001	0.0002	0.0001	0.0002	0.0001
COG4377	0.0000	0.0022	0.0009	0.0004	0.0002	0.0009	0.0004	0.0015	0.0005	0.0025	0.0007
COG4378	0.0000	0.0006	0.0005	0.0002	0.0002	0.0002	0.0002	0.0002	0.0002	0.0003	0.0001
COG4379	0.0000	0.0004	0.0003	0.0001	0.0001	0.0003	0.0002	0.0006	0.0004	0.0011	0.0005
COG4380	0.0000	0.0003	0.0002	0.0001	0.0001	0.0002	0.0001	0.0003	0.0002	0.0005	0.0002
COG4381	0.0000	0.0011	0.0008	0.0004	0.0004	0.0007	0.0005	0.0010	0.0006	0.0011	0.0005
COG4382	0.0000	0.0005	0.0003	0.0001	0.0001	0.0002	0.0001	0.0003	0.0001	0.0005	0.0001
COG4383	0.0000	0.0009	0.0002	0.0001	0.0000	0.0004	0.0001	0.0007	0.0001	0.0012	0.0002
COG4384	0.0000	0.0008	0.0008	0.0004	0.0004	0.0007	0.0006	0.0011	0.0008	0.0012	0.0007
COG4385	0.0000	0.0025	0.0008	0.0004	0.0002	0.0009	0.0003	0.0020	0.0005	0.0031	0.0008
COG4386	0.0000	0.0006	0.0004	0.0001	0.0001	0.0003	0.0003	0.0006	0.0004	0.0012	0.0005
COG4387	0.0000	0.0002	0.0001	0.0000	0.0000	0.0001	0.0001	0.0003	0.0001	0.0004	0.0002
COG4388	0.0000	0.0002	0.0001	0.0000	0.0000	0.0001	0.0000	0.0002	0.0001	0.0003	0.0001
COG4389	0.0000	0.0002	0.0001	0.0001	0.0001	0.0002	0.0001	0.0003	0.0001	0.0008	0.0003
COG4390	0.0000	0.0001	0.0000	0.0000	0.0000	0.0001	0.0000	0.0001	0.0001	0.0002	0.0001
COG4391	0.0000	0.0002	0.0001	0.0001	0.0000	0.0001	0.0001	0.0003	0.0002	0.0005	0.0003
COG4392	0.0000	0.0098	0.0054	0.0015	0.0009	0.0026	0.0015	0.0037	0.0025	0.0057	0.0031
COG4393	0.0000	0.0050	0.0016	0.0006	0.0003	0.0014	0.0007	0.0034	0.0012	0.0047	0.0015
COG4394	0.0000	0.0008	0.0005	0.0003	0.0003	0.0008	0.0005	0.0012	0.0005	0.0019	0.0007
COG4395	0.0000	0.0005	0.0004	0.0001	0.0001	0.0009	0.0006	0.0010	0.0007	0.0017	0.0008
COG4396	0.0000	0.0004	0.0002	0.0001	0.0000	0.0002	0.0001	0.0004	0.0001	0.0006	0.0002
COG4397	0.0000	0.0008	0.0004	0.0001	0.0001	0.0004	0.0001	0.0008	0.0002	0.0012	0.0003
COG4398	0.0000	0.0004	0.0002	0.0001	0.0001	0.0002	0.0001	0.0002	0.0001	0.0003	0.0001
COG4399	0.0000	0.0186	0.0104	0.0029	0.0018	0.0026	0.0020	0.0049	0.0029	0.0130	0.0079
COG4401	0.0000	0.1772	0.1393	0.4216	0.1769	0.1727	0.1265	0.1614	0.1267	0.0638	0.0454
COG4402	0.0000	0.0012	0.0004	0.0003	0.0001	0.0007	0.0002	0.0012	0.0004	0.0017	0.0005
COG4403	0.0000	0.0069	0.0024	0.0015	0.0006	0.0031	0.0010	0.0038	0.0015	0.0043	0.0015
COG4405	0.0000	0.0026	0.0007	0.0004	0.0002	0.0011	0.0004	0.0022	0.0008	0.0026	0.0009
COG4408	0.0000	0.0049	0.0020	0.0019	0.0009	0.0024	0.0010	0.0036	0.0014	0.0028	0.0013
COG4409	0.0000	0.0246	0.0077	0.0059	0.0029	0.0141	0.0042	0.0156	0.0047	0.0217	0.0071
COG4412	0.0000	0.0304	0.0115	0.0054	0.0015	0.0140	0.0041	0.0143	0.0057	0.0150	0.0068
COG4413	0.0000	0.0030	0.0024	0.0009	0.0008	0.0023	0.0014	0.0032	0.0019	0.0056	0.0032
COG4416	0.0000	0.0007	0.0003	0.0002	0.0001	0.0006	0.0003	0.0014	0.0006	0.0024	0.0012
COG4420	0.0000	0.0024	0.0020	0.0003	0.0004	0.0009	0.0006	0.0019	0.0010	0.0035	0.0012
COG4421	0.0000	0.0080	0.0031	0.0020	0.0011	0.0038	0.0016	0.0062	0.0019	0.0055	0.0017
COG4422	0.0000	0.0321	0.0065	0.0032	0.0009	0.0079	0.0016	0.0137	0.0024	0.0148	0.0023
COG4423	0.0000	0.0016	0.0010	0.0007	0.0005	0.0006	0.0004	0.0004	0.0002	0.0004	0.0002
COG4424	0.0000	0.0184	0.0041	0.0024	0.0010	0.0094	0.0028	0.0146	0.0023	0.0127	0.0023
COG4425	0.0000	0.0004	0.0003	0.0001	0.0001	0.0002	0.0001	0.0003	0.0002	0.0004	0.0003
COG4427	0.0000	0.0028	0.0014	0.0008	0.0005	0.0011	0.0008	0.0014	0.0006	0.0013	0.0004
COG4430	0.0000	0.0154	0.0071	0.0027	0.0023	0.0106	0.0051	0.0169	0.0065	0.0260	0.0074
COG4443	0.0000	0.0012	0.0005	0.0002	0.0001	0.0010	0.0004	0.0020	0.0005	0.0049	0.0013
COG4445	0.0000	0.0447	0.0144	0.2123	0.0825	0.0980	0.0592	0.0694	0.0248	0.0798	0.0272
COG4446	0.0000	0.0016	0.0022	0.0003	0.0003	0.0005	0.0004	0.0005	0.0004	0.0010	0.0007
COG4447	0.0000	0.0093	0.0067	0.0015	0.0009	0.0026	0.0011	0.0040	0.0013	0.0089	0.0027
COG4448	0.0000	0.0015	0.0007	0.0005	0.0003	0.0012	0.0007	0.0017	0.0009	0.0030	0.0016
COG4449	0.0000	0.0008	0.0004	0.0004	0.0002	0.0004	0.0002	0.0005	0.0002	0.0005	0.0002
COG4451	0.0000	0.0040	0.0036	0.0013	0.0013	0.0016	0.0018	0.0014	0.0014	0.0018	0.0014
COG4452	0.0000	0.0002	0.0001	0.0000	0.0000	0.0002	0.0001	0.0004	0.0002	0.0005	0.0002
COG4453	0.0000	0.0008	0.0004	0.0002	0.0001	0.0003	0.0001	0.0003	0.0001	0.0002	0.0001
COG4454	0.0000	0.0007	0.0005	0.0002	0.0001	0.0004	0.0002	0.0007	0.0005	0.0012	0.0013
COG4455	0.0000	0.0010	0.0003	0.0003	0.0001	0.0007	0.0002	0.0007	0.0002	0.0011	0.0002
COG4456	0.0000	0.0010	0.0003	0.0002	0.0001	0.0005	0.0002	0.0007	0.0002	0.0007	0.0002
COG4457	0.0000	0.0007	0.0003	0.0002	0.0001	0.0005	0.0002	0.0006	0.0003	0.0010	0.0003
COG4458	0.0000	0.0009	0.0003	0.0003	0.0002	0.0006	0.0003	0.0008	0.0004	0.0011	0.0005
COG4459	0.0000	0.0003	0.0002	0.0002	0.0002	0.0003	0.0002	0.0003	0.0003	0.0003	0.0002
COG4460	0.0000	0.0066	0.0026	0.0028	0.0011	0.0027	0.0010	0.0030	0.0011	0.0031	0.0012
COG4461	0.0000	0.0003	0.0001	0.0000	0.0000	0.0002	0.0001	0.0003	0.0001	0.0006	0.0003
COG4463	0.0000	0.0014	0.0006	0.0003	0.0002	0.0013	0.0008	0.0015	0.0010	0.0017	0.0010
COG4464	0.0000	0.0016	0.0009	0.0002	0.0001	0.0007	0.0004	0.0014	0.0008	0.0014	0.0010
COG4465	0.0000	0.0018	0.0011	0.0005	0.0002	0.0009	0.0007	0.0016	0.0014	0.0010	0.0007
COG4466	0.0000	0.0006	0.0002	0.0001	0.0000	0.0007	0.0003	0.0013	0.0005	0.0037	0.0017
COG4467	0.0000	0.0037	0.0010	0.0004	0.0001	0.0010	0.0003	0.0022	0.0006	0.0034	0.0011
COG4468	0.0000	0.0002	0.0001	0.0000	0.0000	0.0001	0.0000	0.0004	0.0001	0.0012	0.0004
COG4469	0.0000	0.0045	0.0022	0.0008	0.0007	0.0015	0.0007	0.0021	0.0008	0.0028	0.0010
COG4470	0.0000	0.0001	0.0001	0.0000	0.0000	0.0001	0.0001	0.0002	0.0003	0.0006	0.0009
COG4471	0.0000	0.0001	0.0000	0.0000	0.0000	0.0001	0.0000	0.0001	0.0001	0.0002	0.0001
COG4472	0.0000	0.0013	0.0006	0.0002	0.0001	0.0015	0.0008	0.0027	0.0015	0.0039	0.0020
COG4473	0.0000	0.0004	0.0007	0.0003	0.0006	0.0003	0.0007	0.0003	0.0007	0.0003	0.0004
COG4474	0.0000	0.0012	0.0011	0.0002	0.0003	0.0005	0.0005	0.0014	0.0009	0.0031	0.0014
COG4475	0.0000	0.0558	0.0217	0.3013	0.1082	0.1138	0.0565	0.0408	0.0174	0.0200	0.0085
COG4476	0.0000	0.0002	0.0001	0.0001	0.0000	0.0002	0.0001	0.0003	0.0002	0.0004	0.0003
COG4477	0.0000	0.0002	0.0001	0.0001	0.0001	0.0002	0.0002	0.0003	0.0003	0.0007	0.0006
COG4478	0.0000	0.0004	0.0003	0.0000	0.0000	0.0005	0.0003	0.0011	0.0007	0.0023	0.0013
COG4479	0.0000	0.0008	0.0012	0.0004	0.0007	0.0006	0.0009	0.0006	0.0010	0.0006	0.0009
COG4481	0.0000	0.0037	0.0021	0.0005	0.0004	0.0012	0.0009	0.0024	0.0016	0.0032	0.0015
COG4483	0.0000	0.0000	0.0000	0.0000	0.0000	0.0000	0.0000	0.0000	0.0000	0.0000	0.0000
COG4485	0.0000	0.0030	0.0012	0.0005	0.0002	0.0020	0.0010	0.0035	0.0015	0.0045	0.0020
COG4487	0.0000	0.0012	0.0004	0.0002	0.0001	0.0009	0.0004	0.0029	0.0010	0.0062	0.0021
COG4492	0.0000	0.0005	0.0001	0.0002	0.0001	0.0002	0.0000	0.0005	0.0001	0.0008	0.0002
COG4493	0.0000	0.0008	0.0013	0.0005	0.0008	0.0005	0.0009	0.0007	0.0012	0.0006	0.0010
COG4495	0.0000	0.0001	0.0001	0.0000	0.0000	0.0001	0.0001	0.0002	0.0001	0.0003	0.0002
COG4496	0.0000	0.0012	0.0009	0.0003	0.0002	0.0008	0.0005	0.0027	0.0013	0.0047	0.0018
COG4499	0.0000	0.0003	0.0002	0.0002	0.0001	0.0003	0.0002	0.0003	0.0002	0.0004	0.0002
COG4502	0.0000	0.0019	0.0010	0.0003	0.0003	0.0005	0.0003	0.0016	0.0007	0.0050	0.0019
COG4506	0.0000	0.0011	0.0010	0.0003	0.0002	0.0013	0.0013	0.0023	0.0019	0.0030	0.0023
COG4508	0.0000	0.2310	0.0863	0.6969	0.1237	0.4736	0.1369	0.2988	0.0944	0.2234	0.0754
COG4509	0.0000	0.1614	0.1327	0.6808	0.2149	0.3999	0.2373	0.2385	0.1868	0.1653	0.1353
COG4512	0.0000	0.0004	0.0002	0.0001	0.0000	0.0003	0.0001	0.0004	0.0001	0.0005	0.0002
COG4517	0.0000	0.0005	0.0001	0.0001	0.0000	0.0002	0.0000	0.0003	0.0001	0.0004	0.0001
COG4518	0.0000	0.0002	0.0001	0.0002	0.0001	0.0002	0.0001	0.0002	0.0001	0.0002	0.0001
COG4519	0.0000	0.0002	0.0001	0.0002	0.0002	0.0002	0.0001	0.0001	0.0001	0.0001	0.0001
COG4520	0.0000	0.0012	0.0011	0.0004	0.0005	0.0005	0.0006	0.0007	0.0007	0.0011	0.0009
COG4521	0.0050	0.0141	0.0071	0.4211	0.0998	0.0008	0.0003	0.0012	0.0005	0.0016	0.0007
COG4525	0.0000	0.0018	0.0005	0.0014	0.0005	0.0012	0.0005	0.0011	0.0004	0.0013	0.0005
COG4529	0.0000	0.0004	0.0002	0.0001	0.0000	0.0003	0.0002	0.0004	0.0002	0.0004	0.0002
COG4530	0.0000	0.0005	0.0002	0.0003	0.0002	0.0004	0.0002	0.0004	0.0002	0.0005	0.0002
COG4531	0.0000	0.0001	0.0000	0.0000	0.0000	0.0000	0.0000	0.0001	0.0001	0.0002	0.0002
COG4533	0.0000	0.0002	0.0001	0.0001	0.0001	0.0001	0.0001	0.0001	0.0001	0.0001	0.0001
COG4535	0.0000	0.0005	0.0004	0.0003	0.0004	0.0007	0.0005	0.0011	0.0006	0.0017	0.0008
COG4536	0.0000	0.0033	0.0015	0.0010	0.0005	0.0025	0.0015	0.0041	0.0025	0.0050	0.0033
COG4537	0.0000	0.0020	0.0010	0.0005	0.0003	0.0010	0.0005	0.0018	0.0011	0.0025	0.0011
COG4538	0.0000	0.0013	0.0006	0.0003	0.0001	0.0004	0.0002	0.0004	0.0002	0.0006	0.0002
COG4539	0.0000	0.0002	0.0001	0.0001	0.0000	0.0002	0.0001	0.0004	0.0002	0.0008	0.0002
COG4540	0.0000	0.0004	0.0002	0.0001	0.0000	0.0004	0.0002	0.0009	0.0003	0.0018	0.0005
COG4541	0.0000	0.0025	0.0032	0.0015	0.0018	0.0014	0.0017	0.0014	0.0019	0.0013	0.0018
COG4542	0.0000	0.0014	0.0009	0.0005	0.0003	0.0005	0.0004	0.0007	0.0005	0.0003	0.0003
COG4544	0.0000	0.0020	0.0014	0.0013	0.0008	0.0012	0.0007	0.0013	0.0008	0.0013	0.0008
COG4545	0.0000	0.0001	0.0000	0.0000	0.0000	0.0001	0.0000	0.0002	0.0001	0.0003	0.0001
COG4547	0.0000	0.0033	0.0026	0.0012	0.0010	0.0029	0.0019	0.0049	0.0027	0.0062	0.0030
COG4548	0.0000	0.0056	0.0027	0.0007	0.0004	0.0039	0.0022	0.0065	0.0025	0.0044	0.0010
COG4549	0.0000	0.0005	0.0003	0.0002	0.0001	0.0005	0.0003	0.0006	0.0003	0.0006	0.0003
COG4550	0.0000	0.0002	0.0001	0.0001	0.0000	0.0002	0.0001	0.0002	0.0001	0.0003	0.0002
COG4551	0.0000	0.0056	0.0026	0.0009	0.0006	0.0037	0.0017	0.0062	0.0027	0.0092	0.0033
COG4552	0.0000	0.0523	0.0315	0.0093	0.0049	0.0123	0.0071	0.0153	0.0081	0.0188	0.0089
COG4553	0.0000	0.0039	0.0060	0.0017	0.0027	0.0024	0.0034	0.0023	0.0031	0.0027	0.0027
COG4555	0.0600	0.0920	0.0837	0.8353	0.1448	0.5024	0.1988	0.2989	0.1256	0.0044	0.0015
COG4558	0.0000	0.0022	0.0015	0.0007	0.0007	0.0010	0.0007	0.0014	0.0009	0.0016	0.0010
COG4559	0.0000	0.0006	0.0004	0.0002	0.0001	0.0003	0.0002	0.0004	0.0002	0.0006	0.0003
COG4564	0.0000	0.0061	0.0031	0.0011	0.0004	0.0029	0.0011	0.0041	0.0015	0.0040	0.0018
COG4565	0.0000	0.0031	0.0021	0.0005	0.0004	0.0016	0.0010	0.0022	0.0016	0.0026	0.0019
COG4566	0.0000	0.0010	0.0008	0.0002	0.0001	0.0004	0.0004	0.0007	0.0007	0.0006	0.0007
COG4567	0.0000	0.0005	0.0004	0.0001	0.0001	0.0003	0.0002	0.0006	0.0004	0.0010	0.0003
COG4568	0.0000	0.0005	0.0002	0.0003	0.0001	0.0003	0.0001	0.0004	0.0001	0.0005	0.0001
COG4569	0.0000	0.0034	0.0009	0.0007	0.0002	0.0013	0.0004	0.0017	0.0008	0.0017	0.0006
COG4570	0.0000	0.0055	0.0014	0.0006	0.0004	0.0026	0.0012	0.0034	0.0015	0.0070	0.0035
COG4571	0.0000	0.0007	0.0002	0.0002	0.0001	0.0006	0.0003	0.0009	0.0003	0.0012	0.0004
COG4572	0.0000	0.6390	0.0468	0.9188	0.0251	0.6414	0.0604	0.3821	0.0566	0.2634	0.0498
COG4573	0.0000	0.0040	0.0014	0.0008	0.0003	0.0031	0.0012	0.0062	0.0024	0.0059	0.0016
COG4574	0.0000	0.0003	0.0001	0.0002	0.0001	0.0004	0.0001	0.0005	0.0002	0.0007	0.0002
COG4575	0.0000	0.0035	0.0023	0.0018	0.0009	0.0024	0.0023	0.0033	0.0040	0.0042	0.0045
COG4576	0.0000	0.0006	0.0003	0.0001	0.0001	0.0001	0.0001	0.0003	0.0001	0.0004	0.0002
COG4577	0.0000	0.0003	0.0001	0.0001	0.0001	0.0001	0.0000	0.0002	0.0000	0.0003	0.0001
COG4578	0.0000	0.0005	0.0003	0.0002	0.0001	0.0002	0.0001	0.0003	0.0002	0.0005	0.0003
COG4579	0.0000	0.0007	0.0003	0.0002	0.0001	0.0004	0.0002	0.0004	0.0004	0.0007	0.0005
COG4580	0.0000	0.0007	0.0004	0.0002	0.0001	0.0004	0.0002	0.0005	0.0002	0.0007	0.0002
COG4581	0.0000	0.0018	0.0013	0.0003	0.0003	0.0011	0.0007	0.0026	0.0017	0.0055	0.0052
COG4582	0.0000	0.0003	0.0003	0.0002	0.0001	0.0004	0.0003	0.0004	0.0003	0.0009	0.0007
COG4583	0.0000	0.0012	0.0011	0.0008	0.0008	0.0011	0.0011	0.0012	0.0010	0.0016	0.0011
COG4584	0.0000	0.0103	0.0030	0.0009	0.0005	0.0018	0.0005	0.0047	0.0008	0.0059	0.0011
COG4585	0.0000	0.0029	0.0011	0.0005	0.0004	0.0009	0.0005	0.0012	0.0005	0.0012	0.0005
COG4586	0.0050	0.0095	0.0068	0.2981	0.1606	0.0003	0.0002	0.0007	0.0005	0.0023	0.0014
COG4587	0.0000	0.0017	0.0019	0.0004	0.0004	0.0003	0.0002	0.0006	0.0005	0.0021	0.0014
COG4588	0.0000	0.0062	0.0035	0.0020	0.0012	0.0028	0.0016	0.0040	0.0017	0.0034	0.0014
COG4589	0.0000	0.0001	0.0001	0.0000	0.0000	0.0000	0.0000	0.0001	0.0001	0.0004	0.0002
COG4590	0.0000	0.0004	0.0003	0.0001	0.0001	0.0003	0.0002	0.0002	0.0001	0.0006	0.0003
COG4591	0.0000	0.0409	0.0067	0.0095	0.0040	0.0268	0.0060	0.0305	0.0081	0.0321	0.0121
COG4592	0.0000	0.0003	0.0002	0.0003	0.0002	0.0003	0.0002	0.0003	0.0002	0.0003	0.0002
COG4594	0.0000	0.0004	0.0003	0.0002	0.0002	0.0003	0.0002	0.0003	0.0002	0.0003	0.0002
COG4597	0.0000	0.0023	0.0024	0.0008	0.0005	0.0015	0.0010	0.0011	0.0007	0.0016	0.0009
COG4598	0.0000	0.0009	0.0008	0.0005	0.0005	0.0005	0.0006	0.0007	0.0008	0.0009	0.0007
COG4603	0.0000	0.0957	0.0613	0.0075	0.0050	0.0215	0.0133	0.0374	0.0198	0.0498	0.0327
COG4604	0.0000	0.0003	0.0002	0.0001	0.0001	0.0002	0.0002	0.0004	0.0003	0.0004	0.0002
COG4605	0.0000	0.0002	0.0001	0.0000	0.0000	0.0002	0.0001	0.0003	0.0002	0.0003	0.0002
COG4606	0.0000	0.0002	0.0002	0.0001	0.0000	0.0002	0.0001	0.0003	0.0002	0.0003	0.0002
COG4607	0.0000	0.0002	0.0001	0.0000	0.0000	0.0001	0.0001	0.0003	0.0001	0.0003	0.0001
COG4608	0.0000	0.8906	0.0363	0.5219	0.1429	0.3007	0.1697	0.6388	0.1263	0.4824	0.1412
COG4615	0.0000	0.0015	0.0009	0.0004	0.0003	0.0006	0.0005	0.0007	0.0005	0.0005	0.0003
COG4618	0.0000	0.0008	0.0010	0.0003	0.0005	0.0008	0.0008	0.0009	0.0011	0.0010	0.0010
COG4619	0.0000	0.0017	0.0009	0.0003	0.0002	0.0008	0.0004	0.0016	0.0006	0.0018	0.0008
COG4623	0.0000	0.0007	0.0009	0.0001	0.0002	0.0003	0.0004	0.0007	0.0007	0.0010	0.0008
COG4624	0.0000	0.0026	0.0014	0.0006	0.0003	0.0019	0.0009	0.0025	0.0010	0.0038	0.0015
COG4625	0.0000	0.3161	0.0818	0.7390	0.0760	0.4008	0.1157	0.2343	0.0776	0.1311	0.0380
COG4626	0.0000	0.0014	0.0003	0.0001	0.0000	0.0004	0.0001	0.0011	0.0003	0.0016	0.0005
COG4627	0.0950	0.3104	0.0589	0.9810	0.0068	0.9274	0.0207	0.6775	0.0687	0.0186	0.0038
COG4628	0.0000	0.0005	0.0003	0.0001	0.0001	0.0004	0.0002	0.0006	0.0004	0.0013	0.0006
COG4630	0.0000	0.0026	0.0011	0.0004	0.0002	0.0013	0.0004	0.0023	0.0007	0.0028	0.0010
COG4631	0.0000	0.0038	0.0015	0.0012	0.0006	0.0021	0.0008	0.0028	0.0008	0.0029	0.0007
COG4632	0.0000	0.0046	0.0012	0.0007	0.0003	0.0011	0.0004	0.0021	0.0009	0.0032	0.0011
COG4633	0.0000	0.0013	0.0011	0.0003	0.0003	0.0005	0.0004	0.0011	0.0010	0.0023	0.0014
COG4634	0.0150	0.6159	0.0780	0.9903	0.0034	0.8815	0.0319	0.0174	0.0044	0.0127	0.0027
COG4635	0.0150	0.7284	0.1034	0.9969	0.0014	0.9639	0.0151	0.0678	0.0287	0.0612	0.0318
COG4636	0.0000	0.0130	0.0108	0.0024	0.0019	0.0059	0.0033	0.0027	0.0013	0.0027	0.0009
COG4637	0.0000	0.1278	0.0278	0.0212	0.0063	0.0237	0.0047	0.0210	0.0048	0.0195	0.0048
COG4638	0.0000	0.0015	0.0012	0.0004	0.0003	0.0005	0.0004	0.0007	0.0004	0.0017	0.0012
COG4639	0.0000	0.0083	0.0047	0.0011	0.0005	0.0024	0.0017	0.0045	0.0026	0.0095	0.0054
COG4640	0.0000	0.0012	0.0007	0.0001	0.0001	0.0004	0.0003	0.0009	0.0006	0.0015	0.0008
COG4641	0.4700	0.4278	0.0710	0.9623	0.0171	0.8529	0.0413	0.6065	0.0651	0.3804	0.0669
COG4642	0.0000	0.0005	0.0004	0.0001	0.0001	0.0003	0.0002	0.0007	0.0002	0.0008	0.0002
COG4643	0.0000	0.0096	0.0028	0.0020	0.0009	0.0036	0.0009	0.0049	0.0012	0.0077	0.0017
COG4644	0.0000	0.0012	0.0006	0.0002	0.0001	0.0004	0.0002	0.0006	0.0003	0.0008	0.0003
COG4645	0.0000	0.0015	0.0007	0.0005	0.0003	0.0012	0.0005	0.0012	0.0004	0.0015	0.0005
COG4646	0.0000	0.0026	0.0007	0.0009	0.0002	0.0016	0.0005	0.0022	0.0006	0.0022	0.0007
COG4647	0.0000	0.0175	0.0066	0.0025	0.0010	0.0032	0.0015	0.0029	0.0014	0.0023	0.0012
COG4648	0.0000	0.0152	0.0087	0.0585	0.0299	0.0295	0.0151	0.0194	0.0101	0.0163	0.0078
COG4649	0.0000	0.0003	0.0001	0.0002	0.0001	0.0006	0.0002	0.0008	0.0003	0.0015	0.0007
COG4650	0.0000	0.0004	0.0002	0.0002	0.0001	0.0003	0.0001	0.0004	0.0001	0.0010	0.0004
COG4651	0.0000	0.0032	0.0023	0.0011	0.0011	0.0026	0.0019	0.0036	0.0025	0.0048	0.0022
COG4652	0.0000	0.0003	0.0002	0.0001	0.0001	0.0002	0.0001	0.0004	0.0002	0.0006	0.0003
COG4653	0.0000	0.0022	0.0011	0.0002	0.0002	0.0011	0.0006	0.0022	0.0012	0.0031	0.0016
COG4654	0.0000	0.0012	0.0007	0.0006	0.0005	0.0013	0.0010	0.0017	0.0012	0.0027	0.0019
COG4655	0.0000	0.0013	0.0005	0.0003	0.0001	0.0009	0.0005	0.0014	0.0006	0.0020	0.0006
COG4656	0.0000	0.1539	0.0745	0.0178	0.0142	0.0599	0.0442	0.1673	0.0978	0.0883	0.0602
COG4657	0.0000	0.0048	0.0023	0.0007	0.0008	0.0025	0.0025	0.0062	0.0044	0.0102	0.0054
COG4658	0.0000	0.0090	0.0049	0.0011	0.0010	0.0044	0.0036	0.0134	0.0100	0.0216	0.0105
COG4659	0.0000	0.0066	0.0018	0.0007	0.0002	0.0049	0.0008	0.0106	0.0026	0.0170	0.0046
COG4660	0.0000	0.0048	0.0029	0.0008	0.0010	0.0025	0.0026	0.0064	0.0053	0.0099	0.0057
COG4662	0.0000	0.3693	0.1125	0.1282	0.0660	0.2743	0.1247	0.2040	0.1033	0.1076	0.0600
COG4663	0.0000	0.2001	0.1178	0.3957	0.1707	0.2495	0.1354	0.1635	0.0897	0.1046	0.0540
COG4664	0.0000	0.0097	0.0062	0.0030	0.0015	0.0050	0.0031	0.0063	0.0032	0.0064	0.0028
COG4665	0.0000	0.0146	0.0076	0.0030	0.0011	0.0056	0.0028	0.0110	0.0043	0.0090	0.0034
COG4666	0.0000	0.0861	0.0494	0.0086	0.0051	0.0194	0.0065	0.0482	0.0106	0.0479	0.0144
COG4667	0.0000	0.0011	0.0004	0.0002	0.0001	0.0008	0.0004	0.0024	0.0010	0.0058	0.0021
COG4668	0.0000	0.0008	0.0003	0.0002	0.0001	0.0004	0.0002	0.0008	0.0003	0.0009	0.0002
COG4669	0.0000	0.0003	0.0001	0.0001	0.0000	0.0003	0.0001	0.0006	0.0002	0.0011	0.0004
COG4670	0.0000	0.0379	0.0197	0.0069	0.0054	0.0097	0.0056	0.0151	0.0077	0.0182	0.0098
COG4671	0.0000	0.0102	0.0062	0.0034	0.0026	0.0048	0.0025	0.0037	0.0018	0.0042	0.0018
COG4672	0.0000	0.0015	0.0009	0.0005	0.0003	0.0009	0.0005	0.0014	0.0008	0.0013	0.0007
COG4674	0.0000	0.0112	0.0064	0.0014	0.0009	0.0011	0.0006	0.0018	0.0011	0.0024	0.0013
COG4675	0.0000	0.0080	0.0020	0.0012	0.0005	0.0025	0.0005	0.0043	0.0009	0.0049	0.0010
COG4676	0.0000	0.0032	0.0010	0.0004	0.0001	0.0018	0.0007	0.0034	0.0018	0.0060	0.0028
COG4677	0.0000	0.0029	0.0017	0.0005	0.0003	0.0021	0.0010	0.0037	0.0016	0.0065	0.0025
COG4678	0.0000	0.0014	0.0005	0.0004	0.0001	0.0011	0.0003	0.0015	0.0004	0.0016	0.0004
COG4679	0.0000	0.0007	0.0002	0.0001	0.0000	0.0003	0.0001	0.0005	0.0002	0.0008	0.0003
COG4680	0.0000	0.0009	0.0006	0.0001	0.0001	0.0004	0.0002	0.0006	0.0004	0.0006	0.0004
COG4681	0.0000	0.0006	0.0004	0.0001	0.0001	0.0002	0.0002	0.0004	0.0002	0.0006	0.0003
COG4682	0.0000	0.0003	0.0002	0.0001	0.0001	0.0002	0.0001	0.0003	0.0002	0.0003	0.0002
COG4683	0.0000	0.0010	0.0005	0.0002	0.0001	0.0004	0.0001	0.0005	0.0001	0.0006	0.0002
COG4684	0.0000	0.0005	0.0003	0.0001	0.0001	0.0002	0.0001	0.0003	0.0002	0.0004	0.0002
COG4685	0.0000	0.0001	0.0001	0.0001	0.0001	0.0001	0.0001	0.0002	0.0001	0.0002	0.0001
COG4687	0.0000	0.0001	0.0001	0.0000	0.0000	0.0001	0.0001	0.0002	0.0001	0.0005	0.0002
COG4688	0.0000	0.0005	0.0004	0.0003	0.0002	0.0004	0.0003	0.0005	0.0003	0.0005	0.0004
COG4689	0.0000	0.0394	0.0131	0.0062	0.0046	0.0081	0.0046	0.0118	0.0052	0.0108	0.0030
COG4690	0.0000	0.0249	0.0065	0.0026	0.0010	0.0057	0.0021	0.0061	0.0024	0.0082	0.0030
COG4691	0.0000	0.0014	0.0006	0.0005	0.0003	0.0003	0.0001	0.0003	0.0001	0.0003	0.0001
COG4692	0.0000	0.0070	0.0028	0.0015	0.0008	0.0027	0.0007	0.0030	0.0008	0.0028	0.0005
COG4693	0.0000	0.0008	0.0006	0.0004	0.0003	0.0005	0.0003	0.0005	0.0003	0.0004	0.0002
COG4694	0.0000	0.0058	0.0019	0.0009	0.0002	0.0027	0.0006	0.0032	0.0008	0.0047	0.0011
COG4695	0.0000	0.0017	0.0007	0.0002	0.0001	0.0006	0.0002	0.0015	0.0007	0.0023	0.0008
COG4696	0.0000	0.0006	0.0007	0.0001	0.0001	0.0005	0.0005	0.0016	0.0013	0.0029	0.0019
COG4697	0.0000	0.0099	0.0066	0.0137	0.0082	0.0131	0.0065	0.0137	0.0078	0.0133	0.0074
COG4698	0.0000	0.0009	0.0016	0.0005	0.0010	0.0006	0.0011	0.0006	0.0012	0.0005	0.0009
COG4699	0.0000	0.0000	0.0000	0.0000	0.0000	0.0000	0.0000	0.0000	0.0000	0.0001	0.0000
COG4700	0.0000	0.0006	0.0004	0.0002	0.0001	0.0002	0.0002	0.0004	0.0003	0.0005	0.0003
COG4701	0.0000	0.0001	0.0000	0.0001	0.0000	0.0001	0.0000	0.0002	0.0001	0.0004	0.0002
COG4702	0.0000	0.0004	0.0003	0.0001	0.0001	0.0002	0.0001	0.0004	0.0002	0.0004	0.0001
COG4703	0.0000	0.0000	0.0000	0.0000	0.0000	0.0000	0.0000	0.0000	0.0000	0.0000	0.0000
COG4704	0.0000	0.0034	0.0010	0.0007	0.0002	0.0019	0.0005	0.0037	0.0009	0.0041	0.0011
COG4705	0.0000	0.0014	0.0005	0.0004	0.0002	0.0006	0.0002	0.0010	0.0003	0.0016	0.0006
COG4706	0.0000	0.0007	0.0006	0.0001	0.0001	0.0005	0.0004	0.0011	0.0009	0.0017	0.0013
COG4707	0.0000	0.0000	0.0000	0.0000	0.0000	0.0000	0.0000	0.0000	0.0000	0.0001	0.0000
COG4708	0.0000	0.0172	0.0091	0.0038	0.0021	0.0109	0.0066	0.0112	0.0058	0.0082	0.0051
COG4709	0.0000	0.0079	0.0044	0.0017	0.0013	0.0038	0.0021	0.0078	0.0021	0.0091	0.0022
COG4710	0.0000	0.0051	0.0018	0.0009	0.0004	0.0016	0.0005	0.0024	0.0008	0.0029	0.0006
COG4711	0.0000	0.0433	0.0290	0.0067	0.0067	0.0197	0.0139	0.0301	0.0131	0.0270	0.0133
COG4712	0.0000	0.0009	0.0004	0.0002	0.0001	0.0005	0.0002	0.0006	0.0003	0.0007	0.0003
COG4713	0.0000	0.0018	0.0008	0.0004	0.0001	0.0012	0.0005	0.0011	0.0004	0.0006	0.0002
COG4714	0.0000	0.0018	0.0007	0.0005	0.0002	0.0007	0.0003	0.0012	0.0004	0.0011	0.0004
COG4715	0.0000	0.0564	0.0218	0.0088	0.0033	0.0128	0.0050	0.0110	0.0045	0.0145	0.0073
COG4716	0.0000	0.0040	0.0027	0.0005	0.0005	0.0019	0.0011	0.0022	0.0011	0.0020	0.0010
COG4717	0.0700	0.1401	0.0567	0.8974	0.0519	0.6682	0.1021	0.4536	0.0901	0.0156	0.0032
COG4718	0.0000	0.0003	0.0003	0.0002	0.0003	0.0003	0.0003	0.0003	0.0002	0.0004	0.0002
COG4719	0.0000	0.0006	0.0003	0.0001	0.0001	0.0003	0.0001	0.0004	0.0002	0.0004	0.0002
COG4720	0.0000	0.1660	0.0891	0.0333	0.0247	0.1217	0.0689	0.1137	0.0497	0.0973	0.0477
COG4721	0.0000	0.0073	0.0026	0.0027	0.0011	0.0054	0.0017	0.0051	0.0019	0.0067	0.0023
COG4722	0.0000	0.0022	0.0004	0.0004	0.0001	0.0011	0.0003	0.0020	0.0006	0.0024	0.0006
COG4723	0.0000	0.0004	0.0003	0.0002	0.0002	0.0004	0.0002	0.0005	0.0002	0.0005	0.0003
COG4724	0.0000	0.0005	0.0004	0.0002	0.0002	0.0004	0.0003	0.0006	0.0004	0.0009	0.0005
COG4725	0.0000	0.0055	0.0033	0.0008	0.0005	0.0018	0.0009	0.0026	0.0013	0.0028	0.0014
COG4726	0.0000	0.0026	0.0009	0.0007	0.0003	0.0017	0.0007	0.0026	0.0013	0.0026	0.0009
COG4727	0.0000	0.0003	0.0001	0.0001	0.0001	0.0003	0.0001	0.0004	0.0001	0.0005	0.0001
COG4728	0.0000	0.0002	0.0001	0.0000	0.0000	0.0001	0.0001	0.0004	0.0002	0.0013	0.0006
COG4729	0.0000	0.0086	0.0039	0.0011	0.0005	0.0038	0.0014	0.0063	0.0028	0.0099	0.0046
COG4731	0.0000	0.0002	0.0002	0.0001	0.0000	0.0002	0.0001	0.0003	0.0001	0.0006	0.0002
COG4732	0.0000	0.0214	0.0110	0.0044	0.0033	0.0156	0.0052	0.0203	0.0080	0.0156	0.0046
COG4733	0.0000	0.0544	0.0170	0.0058	0.0039	0.0203	0.0075	0.0529	0.0074	0.0678	0.0134
COG4734	0.0000	0.0011	0.0004	0.0001	0.0001	0.0003	0.0001	0.0006	0.0001	0.0011	0.0003
COG4735	0.0000	0.0011	0.0014	0.0003	0.0004	0.0007	0.0008	0.0011	0.0010	0.0017	0.0008
COG4736	0.0000	0.0011	0.0005	0.0005	0.0004	0.0007	0.0006	0.0009	0.0009	0.0010	0.0011
COG4737	0.0000	0.0005	0.0002	0.0001	0.0001	0.0002	0.0001	0.0003	0.0001	0.0004	0.0001
COG4738	0.0000	0.1194	0.0704	0.0251	0.0166	0.0265	0.0139	0.0773	0.0455	0.0900	0.0594
COG4739	0.0100	0.6600	0.1457	0.9891	0.0089	0.1012	0.0285	0.1856	0.0535	0.1935	0.0867
COG4740	0.0000	0.0277	0.0093	0.0248	0.0177	0.0153	0.0076	0.0120	0.0047	0.0096	0.0032
COG4741	0.0200	0.2852	0.0564	0.9857	0.0058	0.9679	0.0192	0.0546	0.0194	0.0855	0.0214
COG4742	0.0000	0.4033	0.0998	0.0747	0.0742	0.0926	0.0667	0.0945	0.0502	0.0928	0.0332
COG4743	0.0000	0.7201	0.0540	0.2165	0.0865	0.3874	0.1112	0.3800	0.1052	0.2787	0.0719
COG4744	0.0000	0.0281	0.0144	0.0036	0.0022	0.0054	0.0027	0.0106	0.0060	0.0088	0.0048
COG4745	0.0000	0.0693	0.0275	0.0077	0.0035	0.0162	0.0066	0.0380	0.0144	0.0492	0.0238
COG4746	0.0000	0.1066	0.0368	0.0300	0.0157	0.0296	0.0217	0.0330	0.0239	0.0183	0.0167
COG4747	0.0000	0.0372	0.0149	0.0022	0.0011	0.0056	0.0019	0.0226	0.0090	0.0668	0.0239
COG4748	0.0000	0.0257	0.0046	0.0042	0.0011	0.0072	0.0022	0.0105	0.0018	0.0148	0.0023
COG4749	0.0000	0.1051	0.0593	0.0295	0.0262	0.0132	0.0078	0.0126	0.0063	0.0153	0.0103
COG4750	0.0000	0.0003	0.0001	0.0001	0.0000	0.0003	0.0002	0.0008	0.0003	0.0015	0.0004
COG4752	0.0000	0.0009	0.0004	0.0002	0.0002	0.0004	0.0002	0.0008	0.0004	0.0011	0.0007
COG4753	0.0050	0.0337	0.0173	0.7451	0.0919	0.0011	0.0006	0.0025	0.0012	0.0021	0.0011
COG4754	0.0000	0.4755	0.1154	0.8796	0.0569	0.5400	0.1280	0.4207	0.0974	0.2231	0.0759
COG4755	0.0000	0.0004	0.0003	0.0009	0.0006	0.0008	0.0007	0.0010	0.0007	0.0010	0.0006
COG4756	0.0000	0.0519	0.0225	0.0095	0.0041	0.0157	0.0083	0.0181	0.0098	0.0225	0.0123
COG4757	0.0000	0.0017	0.0010	0.0006	0.0003	0.0009	0.0005	0.0010	0.0005	0.0009	0.0005
COG4758	0.0000	0.0017	0.0005	0.0002	0.0001	0.0009	0.0003	0.0014	0.0007	0.0023	0.0009
COG4759	0.0000	0.0371	0.0157	0.1729	0.0489	0.0435	0.0141	0.0247	0.0085	0.0140	0.0040
COG4760	0.0000	0.0011	0.0008	0.0002	0.0002	0.0006	0.0005	0.0014	0.0009	0.0026	0.0016
COG4762	0.0000	0.0007	0.0005	0.0002	0.0002	0.0005	0.0004	0.0006	0.0005	0.0006	0.0005
COG4763	0.0000	0.0006	0.0003	0.0001	0.0001	0.0004	0.0002	0.0008	0.0004	0.0012	0.0006
COG4764	0.0000	0.0009	0.0017	0.0005	0.0011	0.0007	0.0014	0.0010	0.0018	0.0014	0.0017
COG4765	0.0000	0.0008	0.0014	0.0004	0.0008	0.0007	0.0013	0.0010	0.0016	0.0010	0.0012
COG4766	0.0000	0.0006	0.0003	0.0001	0.0001	0.0002	0.0001	0.0003	0.0002	0.0003	0.0002
COG4767	0.0000	0.0025	0.0010	0.0003	0.0002	0.0020	0.0009	0.0030	0.0011	0.0041	0.0014
COG4768	0.0000	0.1070	0.0969	0.3579	0.1726	0.1785	0.1440	0.0839	0.0821	0.0600	0.0571
COG4769	0.0000	0.0005	0.0005	0.0001	0.0002	0.0003	0.0004	0.0005	0.0005	0.0009	0.0007
COG4770	0.0000	0.0913	0.0601	0.0098	0.0116	0.0353	0.0250	0.0543	0.0348	0.0286	0.0179
COG4772	0.0000	0.0004	0.0002	0.0002	0.0002	0.0004	0.0004	0.0006	0.0003	0.0011	0.0003
COG4773	0.0000	0.0023	0.0012	0.0009	0.0005	0.0016	0.0008	0.0027	0.0013	0.0026	0.0013
COG4774	0.0000	0.0586	0.0096	0.3114	0.0433	0.1734	0.0430	0.0767	0.0203	0.0434	0.0100
COG4775	0.0000	0.0009	0.0006	0.0002	0.0002	0.0011	0.0006	0.0028	0.0016	0.0036	0.0022
COG4776	0.0000	0.0145	0.0150	0.0173	0.0074	0.0304	0.0167	0.0343	0.0194	0.0400	0.0252
COG4778	0.0000	0.0030	0.0013	0.0011	0.0006	0.0018	0.0009	0.0024	0.0012	0.0021	0.0008
COG4779	0.0000	0.0008	0.0005	0.0005	0.0004	0.0008	0.0004	0.0006	0.0004	0.0005	0.0003
COG4781	0.0000	0.0000	0.0000	0.0000	0.0000	0.0000	0.0000	0.0000	0.0000	0.0000	0.0000
COG4782	0.0000	0.0010	0.0004	0.0003	0.0002	0.0004	0.0002	0.0005	0.0002	0.0007	0.0003
COG4783	0.0000	0.0029	0.0014	0.0007	0.0004	0.0021	0.0009	0.0030	0.0009	0.0040	0.0010
COG4784	0.0000	0.0005	0.0003	0.0002	0.0001	0.0004	0.0002	0.0005	0.0004	0.0007	0.0005
COG4785	0.0000	0.0013	0.0009	0.0008	0.0006	0.0012	0.0007	0.0007	0.0005	0.0006	0.0004
COG4786	0.0000	0.0006	0.0004	0.0001	0.0001	0.0004	0.0002	0.0007	0.0004	0.0010	0.0006
COG4787	0.0000	0.0007	0.0006	0.0005	0.0007	0.0007	0.0007	0.0011	0.0007	0.0020	0.0006
COG4789	0.0000	0.0012	0.0003	0.0003	0.0001	0.0008	0.0002	0.0017	0.0006	0.0030	0.0011
COG4790	0.0000	0.0004	0.0001	0.0001	0.0001	0.0003	0.0001	0.0006	0.0002	0.0011	0.0004
COG4791	0.0000	0.0004	0.0002	0.0002	0.0001	0.0003	0.0002	0.0006	0.0004	0.0011	0.0008
COG4792	0.0000	0.0002	0.0001	0.0002	0.0001	0.0003	0.0002	0.0004	0.0001	0.0005	0.0002
COG4794	0.0000	0.0003	0.0001	0.0002	0.0001	0.0003	0.0002	0.0006	0.0004	0.0010	0.0009
COG4795	0.0000	0.0036	0.0016	0.0008	0.0005	0.0026	0.0012	0.0038	0.0018	0.0035	0.0013
COG4796	0.0000	0.0022	0.0008	0.0004	0.0002	0.0011	0.0004	0.0027	0.0008	0.0037	0.0016
COG4797	0.0000	0.0013	0.0009	0.0005	0.0005	0.0016	0.0012	0.0025	0.0016	0.0027	0.0014
COG4798	0.0000	0.0027	0.0007	0.0009	0.0003	0.0020	0.0007	0.0044	0.0015	0.0050	0.0012
COG4799	0.0000	0.3728	0.1756	0.0583	0.0729	0.2041	0.1236	0.2142	0.0995	0.1416	0.0540
COG4800	0.0000	0.1851	0.1081	0.0962	0.0590	0.1342	0.0906	0.1682	0.0838	0.2371	0.1092
COG4801	0.0100	0.5519	0.2143	0.8948	0.2108	0.0320	0.0148	0.0766	0.0324	0.1118	0.0573
COG4802	0.0000	0.1804	0.0432	0.0214	0.0118	0.0390	0.0179	0.0511	0.0136	0.0553	0.0111
COG4803	0.0000	0.0125	0.0052	0.0014	0.0007	0.0018	0.0009	0.0043	0.0013	0.0035	0.0007
COG4804	0.0000	0.0162	0.0053	0.0014	0.0006	0.0025	0.0005	0.0036	0.0008	0.0061	0.0013
COG4805	0.0000	0.0126	0.0054	0.0030	0.0016	0.0044	0.0027	0.0075	0.0050	0.0089	0.0047
COG4806	0.0000	0.0010	0.0004	0.0002	0.0001	0.0003	0.0001	0.0008	0.0002	0.0014	0.0003
COG4807	0.0000	0.0005	0.0003	0.0001	0.0000	0.0003	0.0002	0.0007	0.0005	0.0013	0.0007
COG4808	0.0000	0.0015	0.0005	0.0005	0.0002	0.0014	0.0006	0.0022	0.0008	0.0025	0.0010
COG4809	0.0000	0.3192	0.1352	0.0687	0.0418	0.0910	0.0377	0.1157	0.0523	0.1006	0.0475
COG4810	0.0000	0.0002	0.0001	0.0000	0.0000	0.0001	0.0000	0.0002	0.0001	0.0005	0.0002
COG4811	0.0000	0.0001	0.0000	0.0001	0.0001	0.0001	0.0000	0.0001	0.0000	0.0001	0.0001
COG4812	0.0000	0.0005	0.0002	0.0001	0.0001	0.0003	0.0001	0.0005	0.0001	0.0007	0.0002
COG4813	0.0000	0.0062	0.0029	0.0009	0.0007	0.0031	0.0021	0.0079	0.0042	0.0079	0.0050
COG4814	0.0000	0.0001	0.0001	0.0001	0.0001	0.0002	0.0001	0.0002	0.0001	0.0004	0.0003
COG4815	0.0000	0.0000	0.0001	0.0000	0.0000	0.0000	0.0000	0.0001	0.0001	0.0001	0.0001
COG4816	0.0000	0.0006	0.0003	0.0001	0.0001	0.0003	0.0001	0.0006	0.0002	0.0006	0.0002
COG4817	0.0000	0.0030	0.0013	0.0009	0.0004	0.0017	0.0010	0.0018	0.0011	0.0021	0.0013
COG4818	0.0000	0.1202	0.0477	0.0163	0.0076	0.0417	0.0150	0.0987	0.0275	0.1595	0.0409
COG4819	0.0000	0.0035	0.0023	0.0007	0.0003	0.0008	0.0005	0.0011	0.0006	0.0012	0.0007
COG4820	0.0000	0.0015	0.0006	0.0004	0.0002	0.0006	0.0003	0.0010	0.0004	0.0011	0.0004
COG4821	0.0000	0.3691	0.0590	0.8390	0.0359	0.3529	0.0855	0.1752	0.0487	0.1047	0.0300
COG4822	0.0000	0.0033	0.0018	0.0004	0.0002	0.0012	0.0006	0.0036	0.0017	0.0053	0.0020
COG4823	0.0000	0.0002	0.0001	0.0000	0.0000	0.0001	0.0001	0.0003	0.0002	0.0007	0.0005
COG4824	0.0000	0.0010	0.0009	0.0002	0.0002	0.0005	0.0005	0.0012	0.0008	0.0017	0.0009
COG4825	0.0000	0.0011	0.0003	0.0003	0.0001	0.0005	0.0003	0.0010	0.0004	0.0007	0.0002
COG4826	0.0000	0.1034	0.0433	0.0105	0.0058	0.0419	0.0171	0.0718	0.0151	0.0847	0.0163
COG4827	0.0000	0.0275	0.0101	0.0084	0.0054	0.0118	0.0066	0.0168	0.0087	0.0145	0.0066
COG4828	0.0000	0.0078	0.0033	0.0008	0.0004	0.0040	0.0017	0.0081	0.0025	0.0131	0.0039
COG4829	0.0000	0.0063	0.0043	0.0017	0.0010	0.0025	0.0024	0.0025	0.0026	0.0022	0.0020
COG4830	0.0000	0.0395	0.0294	0.0135	0.0134	0.0359	0.0228	0.0551	0.0295	0.0642	0.0437
COG4831	0.0000	0.0151	0.0051	0.0048	0.0018	0.0052	0.0011	0.0054	0.0015	0.0051	0.0020
COG4832	0.0000	0.0826	0.0172	0.0115	0.0068	0.0116	0.0052	0.0213	0.0064	0.0235	0.0051
COG4833	0.0000	0.0611	0.0244	0.3173	0.0990	0.1111	0.0326	0.0614	0.0205	0.0359	0.0131
COG4834	0.0000	0.0004	0.0001	0.0001	0.0000	0.0003	0.0001	0.0006	0.0002	0.0008	0.0002
COG4835	0.0000	0.0000	0.0000	0.0000	0.0000	0.0000	0.0000	0.0000	0.0000	0.0000	0.0000
COG4836	0.0000	0.0001	0.0000	0.0000	0.0000	0.0001	0.0001	0.0001	0.0001	0.0002	0.0001
COG4837	0.0000	0.0223	0.0406	0.0502	0.0700	0.0391	0.0754	0.0270	0.0575	0.0172	0.0388
COG4838	0.0000	0.0001	0.0000	0.0001	0.0000	0.0001	0.0000	0.0001	0.0000	0.0001	0.0000
COG4839	0.0000	0.0003	0.0002	0.0001	0.0000	0.0003	0.0001	0.0006	0.0003	0.0011	0.0005
COG4840	0.0000	0.0000	0.0000	0.0000	0.0000	0.0000	0.0000	0.0000	0.0000	0.0000	0.0000
COG4841	0.0000	0.0047	0.0050	0.0204	0.0089	0.0078	0.0095	0.0054	0.0084	0.0048	0.0076
COG4842	0.0000	0.0005	0.0002	0.0001	0.0000	0.0004	0.0001	0.0004	0.0002	0.0007	0.0002
COG4843	0.0000	0.0174	0.0083	0.0019	0.0014	0.0123	0.0074	0.0216	0.0104	0.0231	0.0071
COG4844	0.0000	0.0016	0.0013	0.0007	0.0005	0.0010	0.0011	0.0013	0.0013	0.0015	0.0015
COG4845	0.0000	0.0040	0.0014	0.0006	0.0002	0.0014	0.0006	0.0020	0.0009	0.0031	0.0015
COG4846	0.0000	0.0176	0.0213	0.0874	0.0599	0.0306	0.0483	0.0139	0.0265	0.0067	0.0128
COG4847	0.0000	0.0007	0.0004	0.0010	0.0007	0.0008	0.0006	0.0012	0.0006	0.0014	0.0007
COG4848	0.0000	0.0004	0.0002	0.0001	0.0001	0.0002	0.0002	0.0003	0.0002	0.0005	0.0003
COG4849	0.0000	0.0013	0.0006	0.0002	0.0001	0.0004	0.0002	0.0004	0.0002	0.0006	0.0003
COG4850	0.0000	0.0012	0.0010	0.0003	0.0003	0.0006	0.0006	0.0009	0.0007	0.0008	0.0006
COG4851	0.0000	0.0001	0.0000	0.0000	0.0000	0.0001	0.0001	0.0001	0.0001	0.0003	0.0001
COG4852	0.0000	0.0002	0.0001	0.0000	0.0000	0.0001	0.0001	0.0002	0.0001	0.0007	0.0002
COG4853	0.0000	0.0005	0.0002	0.0002	0.0001	0.0006	0.0003	0.0009	0.0004	0.0014	0.0006
COG4854	0.0000	0.0850	0.0426	0.0219	0.0116	0.0453	0.0212	0.0479	0.0171	0.0449	0.0106
COG4855	0.0000	0.0724	0.0218	0.0125	0.0033	0.0105	0.0053	0.0117	0.0066	0.0118	0.0068
COG4856	0.0000	0.0019	0.0021	0.0002	0.0003	0.0014	0.0022	0.0032	0.0044	0.0029	0.0030
COG4857	0.0000	0.0016	0.0006	0.0004	0.0002	0.0005	0.0001	0.0008	0.0002	0.0011	0.0003
COG4858	0.0000	0.0001	0.0001	0.0001	0.0001	0.0001	0.0001	0.0002	0.0001	0.0002	0.0001
COG4859	0.0000	0.0029	0.0015	0.0005	0.0003	0.0010	0.0006	0.0018	0.0013	0.0034	0.0015
COG4860	0.0000	0.1542	0.1752	0.0319	0.0422	0.0353	0.0418	0.0954	0.0673	0.2050	0.1219
COG4861	0.0000	0.0108	0.0035	0.0014	0.0006	0.0027	0.0009	0.0050	0.0014	0.0053	0.0009
COG4862	0.0000	0.0004	0.0006	0.0001	0.0001	0.0006	0.0009	0.0012	0.0018	0.0025	0.0037
COG4863	0.0000	0.0187	0.0101	0.0475	0.0167	0.0449	0.0189	0.0436	0.0194	0.0415	0.0186
COG4864	0.0000	0.0009	0.0005	0.0001	0.0001	0.0011	0.0006	0.0043	0.0016	0.0056	0.0022
COG4865	0.0000	0.0130	0.0094	0.0036	0.0022	0.0026	0.0015	0.0049	0.0015	0.0033	0.0008
COG4866	0.0000	0.0105	0.0022	0.0019	0.0007	0.0047	0.0019	0.0066	0.0021	0.0092	0.0032
COG4867	0.0000	0.0045	0.0046	0.0013	0.0015	0.0019	0.0022	0.0026	0.0025	0.0034	0.0020
COG4868	0.0000	0.0038	0.0015	0.0007	0.0003	0.0039	0.0010	0.0114	0.0041	0.0242	0.0104
COG4869	0.0000	0.0010	0.0004	0.0002	0.0001	0.0005	0.0003	0.0019	0.0011	0.0027	0.0013
COG4870	0.0000	0.1155	0.0537	0.0152	0.0100	0.0434	0.0280	0.0532	0.0267	0.0594	0.0209
COG4871	0.0000	0.1241	0.0224	0.0237	0.0132	0.0245	0.0120	0.0333	0.0098	0.0158	0.0066
COG4872	0.0000	0.0025	0.0010	0.0004	0.0002	0.0007	0.0003	0.0009	0.0002	0.0018	0.0004
COG4873	0.0000	0.0000	0.0000	0.0000	0.0000	0.0000	0.0000	0.0000	0.0000	0.0000	0.0000
COG4874	0.0000	0.0001	0.0001	0.0000	0.0000	0.0001	0.0001	0.0004	0.0003	0.0006	0.0004
COG4875	0.0000	0.0011	0.0003	0.0003	0.0001	0.0007	0.0002	0.0013	0.0003	0.0018	0.0004
COG4876	0.0000	0.0034	0.0012	0.0008	0.0003	0.0018	0.0008	0.0030	0.0014	0.0043	0.0023
COG4877	0.0000	0.0009	0.0006	0.0001	0.0001	0.0010	0.0006	0.0021	0.0012	0.0033	0.0016
COG4878	0.0000	0.0006	0.0002	0.0001	0.0000	0.0004	0.0001	0.0006	0.0002	0.0007	0.0003
COG4879	0.0000	0.0003	0.0003	0.0011	0.0009	0.0009	0.0007	0.0009	0.0007	0.0011	0.0008
COG4880	0.0050	0.0816	0.0273	0.8033	0.0933	0.0053	0.0018	0.0065	0.0020	0.0068	0.0022
COG4881	0.0000	0.0029	0.0007	0.0006	0.0002	0.0015	0.0004	0.0026	0.0008	0.0028	0.0011
COG4882	0.0000	0.0091	0.0055	0.0036	0.0018	0.0060	0.0035	0.0119	0.0065	0.0133	0.0062
COG4883	0.0000	0.1321	0.0392	0.0447	0.0243	0.0362	0.0175	0.0174	0.0085	0.0121	0.0067
COG4884	0.0000	0.0018	0.0008	0.0009	0.0003	0.0013	0.0006	0.0015	0.0007	0.0015	0.0009
COG4885	0.0000	0.0658	0.0305	0.0070	0.0043	0.0112	0.0049	0.0221	0.0086	0.0248	0.0124
COG4886	0.0000	0.0049	0.0018	0.0005	0.0002	0.0021	0.0007	0.0046	0.0017	0.0087	0.0030
COG4887	0.0100	0.8034	0.0479	0.9973	0.0012	0.1238	0.0189	0.1857	0.0265	0.1196	0.0242
COG4888	0.0000	0.0489	0.0409	0.0134	0.0090	0.0170	0.0136	0.0194	0.0114	0.0235	0.0125
COG4889	0.0000	0.0007	0.0003	0.0002	0.0001	0.0005	0.0002	0.0008	0.0004	0.0011	0.0005
COG4890	0.0000	0.0012	0.0007	0.0004	0.0003	0.0006	0.0004	0.0007	0.0004	0.0009	0.0006
COG4891	0.0000	0.0641	0.0200	0.0116	0.0106	0.0131	0.0090	0.0125	0.0085	0.0086	0.0053
COG4892	0.0000	0.0363	0.0070	0.0062	0.0021	0.0098	0.0041	0.0138	0.0036	0.0177	0.0058
COG4893	0.0000	0.0000	0.0000	0.0001	0.0001	0.0001	0.0000	0.0001	0.0000	0.0001	0.0001
COG4894	0.0000	0.0342	0.0127	0.0044	0.0028	0.0073	0.0037	0.0138	0.0071	0.0186	0.0098
COG4895	0.0000	0.0786	0.0304	0.0084	0.0132	0.0165	0.0096	0.0176	0.0103	0.0139	0.0080
COG4896	0.0000	0.0003	0.0002	0.0002	0.0002	0.0002	0.0002	0.0002	0.0003	0.0002	0.0002
COG4897	0.0000	0.0000	0.0000	0.0000	0.0000	0.0000	0.0000	0.0000	0.0000	0.0000	0.0000
COG4898	0.0000	0.0013	0.0005	0.0002	0.0001	0.0009	0.0003	0.0012	0.0004	0.0015	0.0005
COG4899	0.0000	0.0005	0.0003	0.0002	0.0001	0.0003	0.0002	0.0005	0.0002	0.0005	0.0003
COG4900	0.0000	0.0048	0.0019	0.0006	0.0002	0.0046	0.0023	0.0091	0.0039	0.0261	0.0105
COG4901	0.0000	0.0112	0.0144	0.0104	0.0158	0.0158	0.0136	0.0182	0.0125	0.0131	0.0104
COG4902	0.0000	0.1024	0.0531	0.0143	0.0098	0.0341	0.0121	0.0412	0.0136	0.0483	0.0160
COG4903	0.0000	0.0002	0.0001	0.0001	0.0001	0.0002	0.0002	0.0004	0.0004	0.0009	0.0009
COG4904	0.0000	0.0004	0.0003	0.0010	0.0007	0.0007	0.0006	0.0006	0.0005	0.0006	0.0005
COG4905	0.0000	0.0014	0.0007	0.0002	0.0001	0.0007	0.0003	0.0014	0.0007	0.0041	0.0015
COG4906	0.0000	0.1659	0.0418	0.0395	0.0115	0.0619	0.0155	0.0940	0.0293	0.0834	0.0207
COG4907	0.0000	0.0267	0.0120	0.0039	0.0020	0.0093	0.0035	0.0112	0.0033	0.0223	0.0081
COG4908	0.0000	0.0044	0.0014	0.0005	0.0002	0.0037	0.0013	0.0057	0.0020	0.0094	0.0030
COG4909	0.0000	0.0015	0.0011	0.0004	0.0003	0.0004	0.0003	0.0004	0.0003	0.0003	0.0003
COG4910	0.0000	0.0019	0.0013	0.0005	0.0003	0.0005	0.0003	0.0005	0.0004	0.0004	0.0003
COG4911	0.0000	0.0008	0.0009	0.0001	0.0001	0.0004	0.0003	0.0016	0.0013	0.0034	0.0030
COG4912	0.0000	0.0440	0.0251	0.0034	0.0023	0.0130	0.0088	0.0282	0.0138	0.0515	0.0224
COG4913	0.0000	0.0021	0.0012	0.0003	0.0002	0.0009	0.0005	0.0019	0.0009	0.0017	0.0006
COG4914	0.0000	0.0591	0.0240	0.0136	0.0072	0.0298	0.0134	0.0307	0.0121	0.0194	0.0102
COG4915	0.0000	0.0011	0.0009	0.0002	0.0003	0.0007	0.0005	0.0014	0.0009	0.0023	0.0012
COG4916	0.0000	0.0135	0.0050	0.0023	0.0010	0.0055	0.0012	0.0047	0.0008	0.0045	0.0006
COG4917	0.0000	0.0002	0.0001	0.0000	0.0000	0.0001	0.0000	0.0003	0.0001	0.0006	0.0002
COG4918	0.0000	0.0000	0.0000	0.0000	0.0000	0.0000	0.0000	0.0000	0.0000	0.0001	0.0000
COG4919	0.0000	0.0092	0.0077	0.0056	0.0043	0.0137	0.0072	0.0147	0.0078	0.0122	0.0067
COG4920	0.0000	0.0003	0.0002	0.0009	0.0006	0.0007	0.0006	0.0008	0.0006	0.0010	0.0007
COG4921	0.0000	0.0191	0.0094	0.0117	0.0125	0.0058	0.0035	0.0074	0.0039	0.0097	0.0052
COG4922	0.0000	0.0082	0.0040	0.0013	0.0008	0.0037	0.0013	0.0059	0.0023	0.0058	0.0017
COG4923	0.0000	0.0406	0.0104	0.0096	0.0058	0.0160	0.0069	0.0175	0.0060	0.0145	0.0044
COG4924	0.0000	0.0025	0.0010	0.0003	0.0002	0.0007	0.0003	0.0010	0.0005	0.0009	0.0004
COG4925	0.0000	0.3582	0.0818	0.9020	0.0451	0.5292	0.0794	0.1741	0.0390	0.0853	0.0178
COG4926	0.0000	0.0007	0.0003	0.0001	0.0001	0.0004	0.0002	0.0008	0.0003	0.0012	0.0004
COG4927	0.0000	0.0615	0.0175	0.0157	0.0082	0.0192	0.0071	0.0244	0.0099	0.0252	0.0092
COG4928	0.0000	0.8750	0.0267	0.9868	0.0049	0.8915	0.0253	0.6904	0.0527	0.4956	0.0394
COG4929	0.0000	0.0044	0.0013	0.0006	0.0002	0.0013	0.0004	0.0026	0.0008	0.0037	0.0012
COG4930	0.0000	0.0787	0.0247	0.0087	0.0025	0.0123	0.0039	0.0154	0.0055	0.0151	0.0060
COG4932	0.0000	0.0603	0.0186	0.0091	0.0045	0.0314	0.0113	0.0466	0.0118	0.0649	0.0090
COG4933	0.0000	0.2439	0.0678	0.0495	0.0182	0.1007	0.0283	0.1020	0.0170	0.0859	0.0197
COG4934	0.0000	0.0127	0.0042	0.0023	0.0009	0.0045	0.0013	0.0096	0.0026	0.0144	0.0050
COG4935	0.0000	0.0011	0.0005	0.0002	0.0001	0.0008	0.0004	0.0015	0.0010	0.0024	0.0011
COG4936	0.0000	0.0030	0.0004	0.0008	0.0002	0.0015	0.0005	0.0020	0.0007	0.0022	0.0006
COG4938	0.0000	0.1849	0.0326	0.0419	0.0103	0.0361	0.0098	0.0367	0.0135	0.0271	0.0097
COG4939	0.0000	0.0005	0.0002	0.0001	0.0000	0.0003	0.0001	0.0004	0.0002	0.0006	0.0002
COG4940	0.0000	0.0006	0.0008	0.0003	0.0006	0.0006	0.0009	0.0006	0.0008	0.0005	0.0006
COG4941	0.0000	0.0008	0.0004	0.0002	0.0001	0.0005	0.0002	0.0004	0.0002	0.0006	0.0003
COG4942	0.0000	0.0003	0.0002	0.0000	0.0000	0.0002	0.0001	0.0008	0.0003	0.0015	0.0006
COG4943	0.0000	0.0005	0.0004	0.0002	0.0002	0.0003	0.0002	0.0003	0.0003	0.0004	0.0004
COG4944	0.0000	0.0006	0.0003	0.0003	0.0002	0.0005	0.0003	0.0006	0.0004	0.0008	0.0004
COG4945	0.0000	0.0987	0.0433	0.0179	0.0096	0.0253	0.0096	0.0383	0.0155	0.0444	0.0197
COG4946	0.0000	0.0036	0.0017	0.0011	0.0005	0.0017	0.0010	0.0042	0.0017	0.0047	0.0017
COG4947	0.0000	0.0002	0.0001	0.0000	0.0000	0.0001	0.0001	0.0003	0.0002	0.0007	0.0003
COG4948	0.0000	0.2896	0.1247	0.1856	0.1310	0.0524	0.0254	0.0732	0.0201	0.0489	0.0157
COG4949	0.0000	0.0013	0.0010	0.0005	0.0007	0.0007	0.0007	0.0012	0.0011	0.0015	0.0011
COG4950	0.0000	0.0006	0.0003	0.0004	0.0002	0.0003	0.0002	0.0004	0.0002	0.0005	0.0002
COG4951	0.0000	0.0032	0.0016	0.0012	0.0007	0.0017	0.0007	0.0020	0.0005	0.0023	0.0005
COG4952	0.0000	0.0359	0.0122	0.0118	0.0072	0.0071	0.0030	0.0165	0.0052	0.0131	0.0039
COG4953	0.0000	0.0008	0.0002	0.0002	0.0001	0.0006	0.0002	0.0007	0.0003	0.0010	0.0004
COG4954	0.0000	0.0053	0.0020	0.0009	0.0005	0.0021	0.0008	0.0028	0.0009	0.0051	0.0014
COG4955	0.0000	0.0001	0.0000	0.0000	0.0000	0.0000	0.0000	0.0000	0.0000	0.0000	0.0000
COG4956	0.0000	0.0045	0.0032	0.0006	0.0004	0.0027	0.0017	0.0046	0.0035	0.0031	0.0024
COG4957	0.0000	0.0030	0.0047	0.0014	0.0023	0.0022	0.0027	0.0029	0.0029	0.0034	0.0021
COG4959	0.0000	0.0007	0.0003	0.0002	0.0001	0.0003	0.0001	0.0006	0.0002	0.0008	0.0003
COG4960	0.0000	0.0013	0.0004	0.0004	0.0002	0.0008	0.0002	0.0014	0.0005	0.0015	0.0007
COG4961	0.0000	0.0039	0.0023	0.0006	0.0003	0.0016	0.0009	0.0029	0.0017	0.0027	0.0018
COG4962	0.0000	0.8291	0.0910	0.4024	0.2068	0.7331	0.1171	0.8812	0.0513	0.9193	0.0314
COG4963	0.0000	0.0007	0.0004	0.0001	0.0001	0.0006	0.0002	0.0016	0.0005	0.0022	0.0006
COG4964	0.0000	0.0011	0.0006	0.0002	0.0001	0.0005	0.0003	0.0014	0.0006	0.0026	0.0008
COG4965	0.0000	0.0008	0.0004	0.0001	0.0000	0.0005	0.0002	0.0014	0.0005	0.0022	0.0007
COG4966	0.0000	0.0029	0.0010	0.0005	0.0002	0.0007	0.0003	0.0016	0.0006	0.0016	0.0006
COG4967	0.0000	0.0031	0.0015	0.0006	0.0005	0.0015	0.0007	0.0024	0.0007	0.0026	0.0005
COG4968	0.0000	0.0031	0.0014	0.0005	0.0004	0.0016	0.0009	0.0040	0.0016	0.0058	0.0023
COG4969	0.0000	0.0006	0.0003	0.0001	0.0000	0.0003	0.0001	0.0006	0.0003	0.0011	0.0004
COG4970	0.0000	0.1418	0.0458	0.3416	0.1014	0.2007	0.0944	0.0954	0.0392	0.0541	0.0226
COG4972	0.0000	0.0069	0.0058	0.0010	0.0013	0.0036	0.0031	0.0051	0.0036	0.0074	0.0045
COG4973	0.0000	0.0039	0.0055	0.0010	0.0011	0.0024	0.0031	0.0043	0.0067	0.0045	0.0069
COG4974	0.0050	0.3657	0.0950	0.9951	0.0030	0.0055	0.0029	0.0209	0.0079	0.0481	0.0145
COG4975	0.0000	0.0029	0.0010	0.0006	0.0004	0.0016	0.0007	0.0042	0.0015	0.0073	0.0031
COG4976	0.0300	0.1770	0.0396	0.9540	0.0142	0.9111	0.0269	0.0183	0.0058	0.0184	0.0083
COG4977	0.0000	0.0031	0.0017	0.0005	0.0003	0.0017	0.0007	0.0028	0.0008	0.0027	0.0010
COG4978	0.0000	0.1098	0.0302	0.0328	0.0081	0.0359	0.0081	0.0360	0.0117	0.0312	0.0181
COG4980	0.0000	0.0013	0.0014	0.0002	0.0003	0.0007	0.0011	0.0017	0.0028	0.0030	0.0045
COG4981	0.0000	0.0219	0.0103	0.0824	0.0660	0.0498	0.0320	0.0309	0.0200	0.0237	0.0128
COG4983	0.0000	0.0264	0.0096	0.0037	0.0017	0.0069	0.0034	0.0070	0.0037	0.0067	0.0047
COG4984	0.0000	0.0006	0.0003	0.0002	0.0001	0.0003	0.0001	0.0004	0.0002	0.0005	0.0002
COG4986	0.0000	0.0123	0.0071	0.0033	0.0016	0.0030	0.0016	0.0073	0.0031	0.0107	0.0052
COG4987	0.0000	0.0034	0.0032	0.0007	0.0006	0.0017	0.0017	0.0034	0.0038	0.0038	0.0036
COG4988	0.0000	0.0053	0.0034	0.0008	0.0005	0.0021	0.0017	0.0023	0.0018	0.0030	0.0019
COG4989	0.0000	0.0005	0.0004	0.0001	0.0001	0.0003	0.0002	0.0006	0.0005	0.0014	0.0008
COG4990	0.0000	0.0238	0.0133	0.0038	0.0028	0.0062	0.0032	0.0049	0.0020	0.0050	0.0024
COG4992	0.0000	0.9006	0.0368	0.7626	0.0882	0.8464	0.0502	0.8235	0.0502	0.7558	0.0492
COG4993	0.0000	0.1804	0.0649	0.5623	0.1082	0.3302	0.0877	0.1383	0.0578	0.0988	0.0401
COG4994	0.0000	0.0011	0.0004	0.0003	0.0001	0.0006	0.0001	0.0006	0.0002	0.0006	0.0002
COG4995	0.0000	0.0075	0.0023	0.0017	0.0007	0.0019	0.0008	0.0025	0.0011	0.0025	0.0009
COG4996	0.0000	0.0341	0.0229	0.0183	0.0111	0.0150	0.0074	0.0152	0.0090	0.0142	0.0090
COG4997	0.0000	0.0246	0.0052	0.0031	0.0008	0.0090	0.0026	0.0090	0.0025	0.0190	0.0038
COG4998	0.0000	0.0067	0.0035	0.0108	0.0055	0.0159	0.0091	0.0209	0.0134	0.0195	0.0125
COG5000	0.0000	0.0060	0.0040	0.0015	0.0007	0.0061	0.0028	0.0065	0.0039	0.0080	0.0044
COG5001	0.0000	0.0113	0.0062	0.0013	0.0010	0.0043	0.0012	0.0061	0.0019	0.0109	0.0038
COG5002	0.0000	0.0163	0.0054	0.0014	0.0016	0.0059	0.0032	0.0138	0.0054	0.0144	0.0064
COG5003	0.0000	0.0006	0.0006	0.0002	0.0003	0.0004	0.0005	0.0006	0.0006	0.0007	0.0005
COG5004	0.0000	0.0004	0.0003	0.0001	0.0001	0.0003	0.0002	0.0006	0.0003	0.0009	0.0003
COG5005	0.0000	0.0056	0.0024	0.0012	0.0005	0.0029	0.0011	0.0038	0.0014	0.0048	0.0017
COG5006	0.0000	0.0010	0.0006	0.0005	0.0003	0.0006	0.0003	0.0007	0.0004	0.0007	0.0004
COG5007	0.0000	0.0002	0.0002	0.0001	0.0001	0.0002	0.0002	0.0007	0.0005	0.0013	0.0007
COG5008	0.0000	0.0012	0.0012	0.0003	0.0004	0.0009	0.0007	0.0017	0.0011	0.0026	0.0012
COG5009	0.0000	0.0001	0.0002	0.0000	0.0000	0.0002	0.0003	0.0004	0.0005	0.0008	0.0010
COG5010	0.0000	0.0897	0.0343	0.3638	0.0999	0.1914	0.0466	0.1700	0.0363	0.1378	0.0299
COG5011	0.0000	0.0056	0.0038	0.0012	0.0011	0.0022	0.0016	0.0054	0.0025	0.0044	0.0020
COG5012	0.1300	0.9684	0.0186	0.9996	0.0004	0.9919	0.0050	0.9823	0.0101	0.7738	0.0691
COG5013	0.2100	0.0490	0.0125	0.3769	0.1111	0.1761	0.0350	0.1098	0.0257	0.0679	0.0243
COG5014	0.0000	0.1622	0.0679	0.0533	0.0255	0.1309	0.0570	0.2126	0.0785	0.2068	0.0624
COG5015	0.0000	0.0140	0.0070	0.0025	0.0012	0.0030	0.0013	0.0052	0.0026	0.0046	0.0022
COG5016	0.0450	0.8401	0.0676	0.9969	0.0021	0.9785	0.0110	0.9075	0.0344	0.1161	0.0419
COG5017	0.0000	0.0110	0.0036	0.0015	0.0005	0.0088	0.0036	0.0075	0.0017	0.0064	0.0009
COG5018	0.0000	0.0026	0.0014	0.0007	0.0005	0.0019	0.0008	0.0017	0.0008	0.0030	0.0013
COG5019	0.0000	0.0005	0.0002	0.0001	0.0001	0.0006	0.0003	0.0012	0.0008	0.0018	0.0011
COG5020	0.0000	0.0002	0.0001	0.0002	0.0001	0.0002	0.0001	0.0002	0.0001	0.0003	0.0001
COG5021	0.0000	0.0001	0.0000	0.0001	0.0000	0.0001	0.0000	0.0002	0.0001	0.0002	0.0001
COG5022	0.0000	0.0008	0.0004	0.0004	0.0002	0.0004	0.0002	0.0006	0.0002	0.0006	0.0002
COG5023	0.0000	0.0033	0.0019	0.0015	0.0010	0.0027	0.0012	0.0037	0.0013	0.0036	0.0016
COG5024	0.0000	0.0000	0.0000	0.0000	0.0000	0.0000	0.0000	0.0000	0.0000	0.0000	0.0000
COG5025	0.0000	0.0000	0.0000	0.0000	0.0000	0.0000	0.0000	0.0000	0.0000	0.0000	0.0000
COG5026	0.0000	0.0008	0.0003	0.0002	0.0001	0.0003	0.0002	0.0011	0.0005	0.0014	0.0006
COG5027	0.0000	0.0000	0.0000	0.0000	0.0000	0.0000	0.0000	0.0000	0.0000	0.0000	0.0000
COG5028	0.0000	0.0000	0.0000	0.0000	0.0000	0.0000	0.0000	0.0000	0.0000	0.0000	0.0000
COG5029	0.0000	0.0089	0.0035	0.0032	0.0013	0.0051	0.0016	0.0046	0.0013	0.0041	0.0010
COG5030	0.0000	0.0000	0.0000	0.0000	0.0000	0.0000	0.0000	0.0000	0.0000	0.0000	0.0000
COG5031	0.0000	0.0475	0.0184	0.2360	0.0787	0.1136	0.0403	0.0384	0.0109	0.0314	0.0088
COG5032	0.0000	0.0010	0.0013	0.0007	0.0013	0.0007	0.0013	0.0012	0.0015	0.0016	0.0014
COG5033	0.0000	0.0037	0.0014	0.0018	0.0007	0.0021	0.0008	0.0022	0.0008	0.0020	0.0008
COG5034	0.0000	0.0000	0.0000	0.0000	0.0000	0.0000	0.0000	0.0000	0.0000	0.0000	0.0000
COG5035	0.0000	0.0000	0.0000	0.0000	0.0000	0.0000	0.0000	0.0000	0.0000	0.0000	0.0000
COG5036	0.0000	0.0052	0.0027	0.0006	0.0003	0.0028	0.0017	0.0070	0.0042	0.0090	0.0046
COG5037	0.0000	0.0000	0.0000	0.0000	0.0000	0.0000	0.0000	0.0000	0.0000	0.0000	0.0000
COG5038	0.0000	0.0274	0.0083	0.0438	0.0214	0.0485	0.0199	0.0452	0.0154	0.0410	0.0110
COG5039	0.0000	0.0044	0.0013	0.0008	0.0003	0.0016	0.0004	0.0018	0.0004	0.0023	0.0005
COG5040	0.0000	0.0000	0.0000	0.0000	0.0000	0.0000	0.0000	0.0000	0.0000	0.0000	0.0000
COG5041	0.0000	0.0000	0.0000	0.0000	0.0000	0.0000	0.0000	0.0000	0.0000	0.0000	0.0000
COG5042	0.0000	0.0043	0.0018	0.0012	0.0004	0.0015	0.0005	0.0028	0.0006	0.0039	0.0008
COG5043	0.0000	0.0000	0.0000	0.0000	0.0000	0.0000	0.0000	0.0000	0.0000	0.0000	0.0000
COG5044	0.0000	0.0004	0.0002	0.0002	0.0001	0.0004	0.0002	0.0005	0.0002	0.0007	0.0003
COG5045	0.0000	0.0000	0.0000	0.0000	0.0000	0.0000	0.0000	0.0000	0.0000	0.0000	0.0000
COG5046	0.0000	0.0000	0.0000	0.0000	0.0000	0.0000	0.0000	0.0000	0.0000	0.0000	0.0000
COG5047	0.0000	0.0000	0.0000	0.0000	0.0000	0.0000	0.0000	0.0000	0.0000	0.0000	0.0000
COG5048	0.0000	0.0003	0.0001	0.0001	0.0000	0.0002	0.0001	0.0003	0.0001	0.0004	0.0001
COG5049	0.0000	0.0004	0.0001	0.0003	0.0001	0.0004	0.0001	0.0005	0.0002	0.0006	0.0002
COG5050	0.0000	0.0006	0.0002	0.0003	0.0002	0.0004	0.0002	0.0005	0.0002	0.0005	0.0001
COG5051	0.0000	0.0000	0.0000	0.0000	0.0000	0.0000	0.0000	0.0000	0.0000	0.0000	0.0000
COG5052	0.0000	0.0000	0.0000	0.0000	0.0000	0.0000	0.0000	0.0000	0.0000	0.0000	0.0000
COG5053	0.0000	0.0000	0.0000	0.0000	0.0000	0.0000	0.0000	0.0000	0.0000	0.0000	0.0000
COG5054	0.0000	0.0003	0.0002	0.0002	0.0001	0.0003	0.0002	0.0004	0.0002	0.0004	0.0003
COG5055	0.0000	0.0013	0.0006	0.0005	0.0002	0.0009	0.0004	0.0014	0.0006	0.0014	0.0006
COG5056	0.0000	0.0000	0.0000	0.0000	0.0000	0.0000	0.0000	0.0000	0.0000	0.0000	0.0000
COG5057	0.0000	0.0000	0.0000	0.0000	0.0000	0.0000	0.0000	0.0000	0.0000	0.0000	0.0000
COG5058	0.0000	0.0000	0.0000	0.0000	0.0000	0.0000	0.0000	0.0000	0.0000	0.0000	0.0000
COG5059	0.0000	0.0002	0.0000	0.0001	0.0000	0.0002	0.0001	0.0002	0.0001	0.0003	0.0001
COG5061	0.0000	0.0119	0.0040	0.0029	0.0017	0.0046	0.0023	0.0051	0.0020	0.0058	0.0018
COG5062	0.0000	0.0000	0.0000	0.0000	0.0000	0.0000	0.0000	0.0000	0.0000	0.0000	0.0000
COG5064	0.0000	0.0000	0.0000	0.0000	0.0000	0.0000	0.0000	0.0000	0.0000	0.0000	0.0000
COG5065	0.0000	0.0318	0.0199	0.0363	0.0338	0.0510	0.0310	0.0495	0.0235	0.0445	0.0240
COG5066	0.0000	0.0013	0.0005	0.0009	0.0004	0.0010	0.0004	0.0012	0.0004	0.0016	0.0005
COG5068	0.0000	0.0000	0.0000	0.0000	0.0000	0.0000	0.0000	0.0000	0.0000	0.0000	0.0000
COG5069	0.0000	0.0002	0.0001	0.0002	0.0001	0.0002	0.0001	0.0003	0.0002	0.0003	0.0002
COG5070	0.0000	0.0000	0.0000	0.0000	0.0000	0.0000	0.0000	0.0000	0.0000	0.0000	0.0000
COG5072	0.0000	0.0000	0.0000	0.0000	0.0000	0.0000	0.0000	0.0000	0.0000	0.0000	0.0000
COG5074	0.0000	0.0004	0.0002	0.0002	0.0001	0.0004	0.0002	0.0006	0.0003	0.0007	0.0004
COG5075	0.0000	0.0000	0.0000	0.0000	0.0000	0.0000	0.0000	0.0000	0.0000	0.0000	0.0000
COG5076	0.0000	0.0000	0.0000	0.0000	0.0000	0.0000	0.0000	0.0000	0.0000	0.0000	0.0000
COG5077	0.0000	0.0000	0.0000	0.0001	0.0000	0.0001	0.0000	0.0001	0.0001	0.0002	0.0001
COG5078	0.0000	0.0367	0.0223	0.0056	0.0031	0.0075	0.0042	0.0239	0.0163	0.0290	0.0225
COG5080	0.0000	0.0000	0.0000	0.0000	0.0000	0.0000	0.0000	0.0000	0.0000	0.0000	0.0000
COG5082	0.0000	0.0000	0.0000	0.0000	0.0000	0.0000	0.0000	0.0000	0.0000	0.0000	0.0000
COG5083	0.0000	0.0019	0.0008	0.0004	0.0002	0.0010	0.0004	0.0022	0.0010	0.0025	0.0012
COG5087	0.0000	0.0000	0.0000	0.0000	0.0000	0.0000	0.0000	0.0000	0.0000	0.0000	0.0000
COG5090	0.0000	0.0000	0.0000	0.0000	0.0000	0.0000	0.0000	0.0000	0.0000	0.0000	0.0000
COG5091	0.0000	0.0000	0.0000	0.0000	0.0000	0.0000	0.0000	0.0000	0.0000	0.0000	0.0000
COG5092	0.0000	0.0000	0.0000	0.0000	0.0000	0.0000	0.0000	0.0000	0.0000	0.0000	0.0000
COG5093	0.0000	0.0000	0.0000	0.0000	0.0000	0.0000	0.0000	0.0000	0.0000	0.0000	0.0000
COG5094	0.0000	0.0020	0.0015	0.0009	0.0006	0.0011	0.0008	0.0008	0.0005	0.0010	0.0005
COG5096	0.0000	0.0000	0.0000	0.0000	0.0000	0.0000	0.0000	0.0000	0.0000	0.0000	0.0000
COG5097	0.0000	0.0000	0.0000	0.0000	0.0000	0.0000	0.0000	0.0000	0.0000	0.0000	0.0000
COG5098	0.0000	0.0000	0.0000	0.0000	0.0000	0.0000	0.0000	0.0000	0.0000	0.0000	0.0000
COG5099	0.0000	0.0000	0.0000	0.0000	0.0000	0.0000	0.0000	0.0000	0.0000	0.0000	0.0000
COG5100	0.0000	0.0000	0.0000	0.0000	0.0000	0.0000	0.0000	0.0000	0.0000	0.0000	0.0000
COG5101	0.0000	0.0000	0.0000	0.0000	0.0000	0.0000	0.0000	0.0000	0.0000	0.0000	0.0000
COG5102	0.0000	0.0000	0.0000	0.0000	0.0000	0.0000	0.0000	0.0000	0.0000	0.0000	0.0000
COG5103	0.0000	0.0000	0.0000	0.0000	0.0000	0.0000	0.0000	0.0000	0.0000	0.0000	0.0000
COG5106	0.0000	0.0000	0.0000	0.0000	0.0000	0.0000	0.0000	0.0000	0.0000	0.0000	0.0000
COG5107	0.0000	0.0022	0.0010	0.0005	0.0004	0.0019	0.0007	0.0040	0.0014	0.0055	0.0022
COG5108	0.0000	0.0011	0.0006	0.0005	0.0003	0.0009	0.0005	0.0017	0.0007	0.0019	0.0007
COG5110	0.0000	0.0000	0.0000	0.0000	0.0000	0.0000	0.0000	0.0000	0.0000	0.0000	0.0000
COG5112	0.0000	0.0000	0.0000	0.0000	0.0000	0.0000	0.0000	0.0000	0.0000	0.0000	0.0000
COG5113	0.0000	0.6180	0.1035	0.9411	0.0215	0.7402	0.0724	0.4593	0.0857	0.3613	0.0644
COG5114	0.0000	0.0004	0.0002	0.0002	0.0001	0.0004	0.0002	0.0005	0.0003	0.0007	0.0004
COG5116	0.0000	0.0000	0.0000	0.0000	0.0000	0.0000	0.0000	0.0000	0.0000	0.0000	0.0000
COG5118	0.0000	0.0000	0.0000	0.0000	0.0000	0.0000	0.0000	0.0000	0.0000	0.0000	0.0000
COG5119	0.0000	0.0005	0.0002	0.0004	0.0002	0.0004	0.0002	0.0004	0.0001	0.0004	0.0001
COG5122	0.0000	0.0000	0.0000	0.0000	0.0000	0.0000	0.0000	0.0000	0.0000	0.0000	0.0000
COG5123	0.0000	0.0000	0.0000	0.0000	0.0000	0.0000	0.0000	0.0000	0.0000	0.0000	0.0000
COG5124	0.0000	0.0000	0.0000	0.0000	0.0000	0.0000	0.0000	0.0000	0.0000	0.0000	0.0000
COG5125	0.0000	0.0000	0.0000	0.0000	0.0000	0.0000	0.0000	0.0000	0.0000	0.0000	0.0000
COG5126	0.0000	0.0043	0.0040	0.0013	0.0015	0.0022	0.0017	0.0021	0.0020	0.0016	0.0014
COG5127	0.0000	0.0000	0.0000	0.0000	0.0000	0.0000	0.0000	0.0000	0.0000	0.0000	0.0000
COG5129	0.0000	0.0000	0.0000	0.0000	0.0000	0.0000	0.0000	0.0000	0.0000	0.0000	0.0000
COG5131	0.0000	0.0031	0.0022	0.0056	0.0032	0.0036	0.0024	0.0031	0.0021	0.0031	0.0021
COG5133	0.0000	0.0080	0.0041	0.0111	0.0039	0.0078	0.0039	0.0056	0.0034	0.0040	0.0025
COG5134	0.0000	0.0000	0.0000	0.0000	0.0000	0.0000	0.0000	0.0000	0.0000	0.0000	0.0000
COG5135	0.0000	0.0007	0.0004	0.0003	0.0001	0.0007	0.0002	0.0010	0.0003	0.0014	0.0005
COG5137	0.0000	0.0000	0.0000	0.0000	0.0000	0.0000	0.0000	0.0000	0.0000	0.0000	0.0000
COG5139	0.0000	0.0000	0.0000	0.0000	0.0000	0.0000	0.0000	0.0000	0.0000	0.0000	0.0000
COG5140	0.0000	0.0000	0.0000	0.0000	0.0000	0.0000	0.0000	0.0000	0.0000	0.0000	0.0000
COG5141	0.0000	0.0000	0.0000	0.0000	0.0000	0.0000	0.0000	0.0000	0.0000	0.0000	0.0000
COG5142	0.0000	0.0000	0.0000	0.0000	0.0000	0.0000	0.0000	0.0000	0.0000	0.0000	0.0000
COG5143	0.0000	0.0000	0.0000	0.0000	0.0000	0.0000	0.0000	0.0000	0.0000	0.0000	0.0000
COG5144	0.0000	0.0011	0.0005	0.0006	0.0003	0.0006	0.0003	0.0005	0.0002	0.0004	0.0002
COG5145	0.0000	0.0000	0.0000	0.0000	0.0000	0.0000	0.0000	0.0000	0.0000	0.0000	0.0000
COG5146	0.0000	0.0016	0.0012	0.0003	0.0002	0.0018	0.0020	0.0046	0.0047	0.0082	0.0082
COG5147	0.0000	0.0000	0.0000	0.0000	0.0000	0.0001	0.0000	0.0001	0.0001	0.0002	0.0001
COG5148	0.0000	0.0001	0.0001	0.0001	0.0000	0.0001	0.0001	0.0002	0.0001	0.0003	0.0002
COG5150	0.0000	0.0000	0.0000	0.0000	0.0000	0.0000	0.0000	0.0000	0.0000	0.0000	0.0000
COG5151	0.0000	0.0000	0.0000	0.0000	0.0000	0.0000	0.0000	0.0000	0.0000	0.0000	0.0000
COG5153	0.0000	0.0001	0.0001	0.0000	0.0000	0.0001	0.0000	0.0001	0.0001	0.0002	0.0001
COG5155	0.0000	0.0000	0.0000	0.0000	0.0000	0.0000	0.0000	0.0000	0.0000	0.0000	0.0000
COG5156	0.0000	0.0011	0.0005	0.0005	0.0001	0.0007	0.0002	0.0008	0.0003	0.0007	0.0003
COG5157	0.0000	0.0000	0.0000	0.0000	0.0000	0.0000	0.0000	0.0000	0.0000	0.0000	0.0000
COG5158	0.0000	0.0000	0.0000	0.0000	0.0000	0.0000	0.0000	0.0000	0.0000	0.0000	0.0000
COG5159	0.0000	0.0000	0.0000	0.0000	0.0000	0.0000	0.0000	0.0000	0.0000	0.0000	0.0000
COG5160	0.0000	0.0001	0.0001	0.0001	0.0000	0.0001	0.0001	0.0002	0.0001	0.0003	0.0002
COG5161	0.0000	0.0003	0.0003	0.0003	0.0003	0.0003	0.0003	0.0003	0.0003	0.0002	0.0003
COG5162	0.0000	0.0000	0.0000	0.0000	0.0000	0.0000	0.0000	0.0000	0.0000	0.0000	0.0000
COG5163	0.0000	0.0000	0.0000	0.0000	0.0000	0.0000	0.0000	0.0000	0.0000	0.0000	0.0000
COG5164	0.0000	0.0015	0.0007	0.0003	0.0001	0.0006	0.0003	0.0009	0.0003	0.0013	0.0004
COG5165	0.0000	0.0000	0.0000	0.0000	0.0000	0.0000	0.0000	0.0000	0.0000	0.0000	0.0000
COG5166	0.0000	0.3642	0.1367	0.7378	0.1247	0.4415	0.1380	0.2474	0.1066	0.1366	0.0765
COG5167	0.0000	0.0000	0.0000	0.0000	0.0000	0.0000	0.0000	0.0000	0.0000	0.0000	0.0000
COG5169	0.0000	0.0000	0.0000	0.0000	0.0000	0.0000	0.0000	0.0000	0.0000	0.0000	0.0000
COG5171	0.0000	0.0000	0.0000	0.0000	0.0000	0.0000	0.0000	0.0000	0.0000	0.0000	0.0000
COG5173	0.0000	0.0000	0.0000	0.0000	0.0000	0.0000	0.0000	0.0000	0.0000	0.0000	0.0000
COG5175	0.0000	0.0000	0.0000	0.0000	0.0000	0.0000	0.0000	0.0000	0.0000	0.0000	0.0000
COG5176	0.0000	0.0000	0.0000	0.0000	0.0000	0.0000	0.0000	0.0000	0.0000	0.0000	0.0000
COG5178	0.0000	0.0000	0.0000	0.0000	0.0000	0.0000	0.0000	0.0000	0.0000	0.0000	0.0000
COG5180	0.0000	0.0018	0.0008	0.0005	0.0004	0.0011	0.0006	0.0014	0.0008	0.0013	0.0005
COG5182	0.0000	0.0000	0.0000	0.0000	0.0000	0.0000	0.0000	0.0000	0.0000	0.0000	0.0000
COG5183	0.0000	0.0015	0.0009	0.0004	0.0002	0.0011	0.0005	0.0015	0.0007	0.0014	0.0006
COG5184	0.0000	0.0082	0.0018	0.0009	0.0004	0.0041	0.0009	0.0145	0.0030	0.0180	0.0038
COG5185	0.0000	0.0008	0.0005	0.0002	0.0001	0.0005	0.0003	0.0005	0.0003	0.0005	0.0003
COG5186	0.0000	0.0288	0.0206	0.1161	0.0666	0.0482	0.0353	0.0257	0.0195	0.0155	0.0135
COG5187	0.0000	0.0003	0.0003	0.0002	0.0002	0.0003	0.0003	0.0004	0.0003	0.0004	0.0004
COG5188	0.0000	0.0000	0.0000	0.0000	0.0000	0.0000	0.0000	0.0000	0.0000	0.0000	0.0000
COG5189	0.0000	0.0000	0.0000	0.0000	0.0000	0.0000	0.0000	0.0000	0.0000	0.0000	0.0000
COG5190	0.0000	0.0016	0.0009	0.0005	0.0002	0.0008	0.0004	0.0011	0.0006	0.0011	0.0006
COG5192	0.0000	0.0000	0.0000	0.0000	0.0000	0.0000	0.0000	0.0000	0.0000	0.0000	0.0000
COG5193	0.0000	0.0000	0.0000	0.0000	0.0000	0.0000	0.0000	0.0000	0.0000	0.0000	0.0000
COG5194	0.0000	0.0000	0.0000	0.0000	0.0000	0.0000	0.0000	0.0000	0.0000	0.0000	0.0000
COG5195	0.0000	0.3586	0.0658	0.4154	0.1046	0.3945	0.0873	0.3772	0.0792	0.3025	0.0761
COG5196	0.0000	0.0000	0.0000	0.0000	0.0000	0.0000	0.0000	0.0000	0.0000	0.0000	0.0000
COG5198	0.0000	0.0001	0.0000	0.0001	0.0000	0.0001	0.0001	0.0001	0.0001	0.0001	0.0001
COG5199	0.0000	0.0000	0.0000	0.0000	0.0000	0.0000	0.0000	0.0000	0.0000	0.0000	0.0000
COG5200	0.0000	0.0000	0.0000	0.0000	0.0000	0.0000	0.0000	0.0000	0.0000	0.0000	0.0000
COG5201	0.0000	0.0000	0.0000	0.0000	0.0000	0.0000	0.0000	0.0000	0.0000	0.0000	0.0000
COG5206	0.0000	0.0001	0.0001	0.0000	0.0001	0.0001	0.0001	0.0001	0.0001	0.0002	0.0001
COG5207	0.0000	0.0008	0.0004	0.0003	0.0001	0.0007	0.0004	0.0012	0.0007	0.0020	0.0007
COG5209	0.0000	0.0000	0.0000	0.0000	0.0000	0.0000	0.0000	0.0000	0.0000	0.0000	0.0000
COG5210	0.0000	0.0000	0.0000	0.0000	0.0000	0.0000	0.0000	0.0000	0.0000	0.0000	0.0000
COG5212	0.0000	0.0002	0.0001	0.0001	0.0001	0.0001	0.0001	0.0002	0.0001	0.0003	0.0001
COG5213	0.0000	0.0000	0.0000	0.0000	0.0000	0.0000	0.0000	0.0000	0.0000	0.0000	0.0000
COG5214	0.0000	0.0000	0.0000	0.0000	0.0000	0.0000	0.0000	0.0000	0.0000	0.0000	0.0000
COG5215	0.0000	0.0002	0.0001	0.0001	0.0001	0.0002	0.0001	0.0002	0.0001	0.0002	0.0001
COG5216	0.0000	0.0000	0.0000	0.0000	0.0000	0.0000	0.0000	0.0000	0.0000	0.0000	0.0000
COG5217	0.0000	0.0001	0.0001	0.0001	0.0001	0.0001	0.0001	0.0001	0.0001	0.0001	0.0001
COG5218	0.0000	0.0000	0.0000	0.0000	0.0000	0.0000	0.0000	0.0000	0.0000	0.0000	0.0000
COG5219	0.0000	0.0493	0.0463	0.0432	0.0254	0.0677	0.0357	0.0675	0.0490	0.0550	0.0473
COG5222	0.0000	0.0004	0.0001	0.0003	0.0001	0.0003	0.0001	0.0003	0.0001	0.0004	0.0001
COG5225	0.0000	0.0000	0.0000	0.0000	0.0000	0.0000	0.0000	0.0000	0.0000	0.0000	0.0000
COG5226	0.0000	0.0000	0.0000	0.0000	0.0000	0.0000	0.0000	0.0000	0.0000	0.0000	0.0000
COG5227	0.0000	0.0000	0.0000	0.0000	0.0000	0.0000	0.0000	0.0000	0.0000	0.0000	0.0000
COG5228	0.0000	0.0000	0.0000	0.0000	0.0000	0.0000	0.0000	0.0000	0.0000	0.0000	0.0000
COG5230	0.0000	0.0000	0.0000	0.0000	0.0000	0.0000	0.0000	0.0000	0.0000	0.0000	0.0000
COG5231	0.0000	0.0516	0.0495	0.0462	0.0318	0.0711	0.0421	0.0729	0.0503	0.0624	0.0471
COG5235	0.0000	0.0000	0.0000	0.0000	0.0000	0.0000	0.0000	0.0000	0.0000	0.0000	0.0000
COG5236	0.0000	0.0000	0.0000	0.0000	0.0000	0.0000	0.0000	0.0000	0.0000	0.0000	0.0000
COG5237	0.0000	0.0379	0.0337	0.0426	0.0206	0.0554	0.0249	0.0533	0.0354	0.0444	0.0392
COG5238	0.0000	0.0153	0.0072	0.0846	0.0276	0.0235	0.0093	0.0126	0.0064	0.0091	0.0053
COG5239	0.0000	0.0001	0.0001	0.0000	0.0000	0.0001	0.0001	0.0001	0.0001	0.0002	0.0001
COG5240	0.0000	0.0000	0.0000	0.0000	0.0000	0.0000	0.0000	0.0000	0.0000	0.0000	0.0000
COG5241	0.0000	0.0000	0.0000	0.0000	0.0000	0.0000	0.0000	0.0000	0.0000	0.0000	0.0000
COG5243	0.0000	0.0000	0.0000	0.0000	0.0000	0.0000	0.0000	0.0000	0.0000	0.0000	0.0000
COG5244	0.0000	0.0011	0.0005	0.0006	0.0003	0.0008	0.0004	0.0009	0.0005	0.0008	0.0004
COG5245	0.0000	0.0001	0.0001	0.0001	0.0001	0.0001	0.0001	0.0002	0.0001	0.0002	0.0001
COG5246	0.0000	0.0411	0.0316	0.0417	0.0271	0.0574	0.0284	0.0545	0.0344	0.0449	0.0344
COG5247	0.0000	0.0000	0.0000	0.0000	0.0000	0.0000	0.0000	0.0000	0.0000	0.0000	0.0000
COG5249	0.0000	0.0505	0.0547	0.0458	0.0355	0.0637	0.0456	0.0642	0.0532	0.0536	0.0475
COG5251	0.0000	0.0000	0.0000	0.0000	0.0000	0.0000	0.0000	0.0000	0.0000	0.0000	0.0000
COG5252	0.0000	0.0000	0.0000	0.0000	0.0000	0.0000	0.0000	0.0000	0.0000	0.0000	0.0000
COG5253	0.0000	0.7419	0.0925	0.1210	0.0581	0.6147	0.1158	0.8678	0.0633	0.9474	0.0244
COG5254	0.0000	0.0000	0.0000	0.0000	0.0000	0.0000	0.0000	0.0000	0.0000	0.0000	0.0000
COG5255	0.0000	0.0012	0.0005	0.0004	0.0002	0.0007	0.0003	0.0008	0.0003	0.0011	0.0004
COG5256	0.9450	0.9995	0.0002	1.0000	0.0000	0.9998	0.0001	0.9993	0.0003	0.9984	0.0005
COG5258	0.0000	0.0019	0.0010	0.0028	0.0014	0.0019	0.0010	0.0014	0.0008	0.0014	0.0008
COG5259	0.0000	0.0000	0.0000	0.0000	0.0000	0.0000	0.0000	0.0000	0.0000	0.0000	0.0000
COG5260	0.0000	0.0019	0.0019	0.0004	0.0005	0.0012	0.0010	0.0016	0.0012	0.0016	0.0010
COG5261	0.0000	0.0000	0.0000	0.0000	0.0000	0.0000	0.0000	0.0000	0.0000	0.0000	0.0000
COG5262	0.0000	0.0000	0.0000	0.0000	0.0000	0.0000	0.0000	0.0000	0.0000	0.0000	0.0000
COG5263	0.0000	0.0014	0.0007	0.0002	0.0001	0.0007	0.0003	0.0020	0.0009	0.0038	0.0016
COG5264	0.0000	0.0000	0.0000	0.0000	0.0000	0.0000	0.0000	0.0000	0.0000	0.0000	0.0000
COG5265	0.0000	0.0012	0.0014	0.0003	0.0004	0.0009	0.0009	0.0016	0.0013	0.0047	0.0029
COG5266	0.0000	0.0271	0.0124	0.0045	0.0030	0.0168	0.0099	0.0318	0.0140	0.0435	0.0221
COG5267	0.0000	0.0003	0.0002	0.0001	0.0000	0.0002	0.0001	0.0004	0.0003	0.0006	0.0004
COG5268	0.0000	0.0014	0.0003	0.0005	0.0002	0.0010	0.0003	0.0014	0.0003	0.0017	0.0005
COG5271	0.0000	0.0019	0.0007	0.0007	0.0004	0.0012	0.0004	0.0017	0.0005	0.0020	0.0006
COG5272	0.0000	0.0099	0.0023	0.0021	0.0003	0.0034	0.0005	0.0053	0.0010	0.0068	0.0016
COG5273	0.0000	0.0460	0.0186	0.1940	0.0767	0.0841	0.0298	0.0506	0.0141	0.0318	0.0086
COG5274	0.0000	0.0007	0.0007	0.0001	0.0001	0.0004	0.0003	0.0008	0.0005	0.0021	0.0014
COG5275	0.0000	0.0007	0.0003	0.0003	0.0002	0.0004	0.0002	0.0007	0.0004	0.0007	0.0004
COG5276	0.0000	0.0231	0.0117	0.0043	0.0044	0.0109	0.0059	0.0138	0.0046	0.0129	0.0024
COG5277	0.0000	0.0217	0.0100	0.0077	0.0036	0.0059	0.0032	0.0043	0.0042	0.0037	0.0043
COG5278	0.0000	0.0267	0.0118	0.1383	0.0717	0.0309	0.0131	0.0111	0.0038	0.0057	0.0017
COG5279	0.0000	0.0063	0.0013	0.0008	0.0003	0.0026	0.0008	0.0045	0.0011	0.0080	0.0020
COG5280	0.0000	0.0028	0.0008	0.0005	0.0001	0.0016	0.0004	0.0030	0.0007	0.0040	0.0008
COG5281	0.0000	0.0006	0.0003	0.0001	0.0001	0.0003	0.0002	0.0006	0.0003	0.0010	0.0005
COG5282	0.0000	0.0089	0.0068	0.0030	0.0026	0.0035	0.0041	0.0046	0.0061	0.0055	0.0071
COG5283	0.0000	0.0088	0.0018	0.0011	0.0003	0.0028	0.0007	0.0042	0.0012	0.0062	0.0017
COG5285	0.0000	0.0009	0.0006	0.0003	0.0002	0.0008	0.0005	0.0017	0.0011	0.0025	0.0015
COG5290	0.0000	0.0003	0.0001	0.0001	0.0000	0.0002	0.0001	0.0004	0.0002	0.0005	0.0002
COG5291	0.0000	0.0000	0.0000	0.0000	0.0000	0.0000	0.0000	0.0000	0.0000	0.0000	0.0000
COG5293	0.0000	0.0093	0.0019	0.0015	0.0005	0.0029	0.0004	0.0031	0.0006	0.0040	0.0008
COG5294	0.0000	0.0001	0.0000	0.0000	0.0000	0.0001	0.0000	0.0002	0.0000	0.0004	0.0001
COG5295	0.0000	0.0057	0.0016	0.0011	0.0005	0.0030	0.0010	0.0054	0.0016	0.0079	0.0018
COG5296	0.0000	0.0001	0.0001	0.0001	0.0001	0.0001	0.0001	0.0001	0.0001	0.0001	0.0001
COG5297	0.0000	0.0098	0.0031	0.0015	0.0005	0.0034	0.0013	0.0076	0.0025	0.0095	0.0029
COG5298	0.0000	0.0036	0.0014	0.0011	0.0004	0.0017	0.0005	0.0017	0.0003	0.0016	0.0002
COG5301	0.0000	0.0022	0.0007	0.0003	0.0001	0.0012	0.0004	0.0019	0.0007	0.0028	0.0009
COG5302	0.0000	0.0006	0.0008	0.0002	0.0004	0.0004	0.0004	0.0004	0.0005	0.0005	0.0005
COG5304	0.0000	0.0006	0.0002	0.0001	0.0000	0.0003	0.0001	0.0004	0.0001	0.0004	0.0001
COG5305	0.0150	0.0930	0.0532	0.8906	0.0636	0.6867	0.1340	0.0050	0.0026	0.0053	0.0021
COG5306	0.0000	0.1900	0.0826	0.0274	0.0221	0.0944	0.0432	0.1588	0.0539	0.2093	0.0669
COG5307	0.0000	0.0000	0.0000	0.0000	0.0000	0.0000	0.0000	0.0001	0.0000	0.0001	0.0001
COG5308	0.0000	0.0000	0.0000	0.0000	0.0000	0.0000	0.0000	0.0000	0.0000	0.0000	0.0000
COG5309	0.0000	0.0845	0.0285	0.3584	0.1135	0.1164	0.0394	0.0559	0.0224	0.0376	0.0121
COG5310	0.0000	0.0111	0.0046	0.0025	0.0012	0.0034	0.0013	0.0065	0.0021	0.0069	0.0016
COG5314	0.0000	0.0024	0.0012	0.0006	0.0003	0.0012	0.0006	0.0022	0.0009	0.0023	0.0009
COG5316	0.0000	0.1110	0.0621	0.0370	0.0540	0.0272	0.0205	0.0168	0.0085	0.0156	0.0060
COG5317	0.0000	0.0422	0.0205	0.0897	0.0430	0.0552	0.0258	0.0413	0.0361	0.0420	0.0493
COG5319	0.0000	0.0058	0.0023	0.0016	0.0008	0.0035	0.0018	0.0054	0.0022	0.0063	0.0030
COG5321	0.0000	0.0048	0.0070	0.0023	0.0035	0.0029	0.0044	0.0029	0.0046	0.0026	0.0042
COG5322	0.0000	0.0076	0.0036	0.0011	0.0006	0.0027	0.0012	0.0074	0.0033	0.0044	0.0022
COG5323	0.0000	0.0028	0.0011	0.0010	0.0003	0.0011	0.0008	0.0020	0.0014	0.0031	0.0022
COG5324	0.0000	0.0005	0.0003	0.0003	0.0002	0.0003	0.0002	0.0004	0.0002	0.0004	0.0003
COG5328	0.0000	0.0484	0.0370	0.1512	0.1146	0.0647	0.0622	0.0360	0.0376	0.0257	0.0264
COG5329	0.0000	0.0001	0.0001	0.0001	0.0001	0.0001	0.0001	0.0002	0.0001	0.0003	0.0002
COG5330	0.0000	0.0008	0.0004	0.0004	0.0002	0.0010	0.0004	0.0012	0.0006	0.0013	0.0006
COG5331	0.0000	0.0001	0.0001	0.0000	0.0000	0.0001	0.0001	0.0002	0.0001	0.0003	0.0002
COG5333	0.0000	0.0000	0.0000	0.0000	0.0000	0.0000	0.0000	0.0000	0.0000	0.0000	0.0000
COG5336	0.0000	0.0008	0.0006	0.0003	0.0002	0.0004	0.0002	0.0007	0.0004	0.0010	0.0005
COG5337	0.0000	0.0047	0.0014	0.0009	0.0003	0.0021	0.0006	0.0045	0.0009	0.0061	0.0013
COG5338	0.0000	0.0019	0.0009	0.0005	0.0003	0.0012	0.0005	0.0024	0.0010	0.0025	0.0012
COG5339	0.0000	0.0007	0.0013	0.0004	0.0007	0.0005	0.0009	0.0006	0.0010	0.0006	0.0009
COG5340	0.0100	0.8124	0.0661	0.9992	0.0004	0.0280	0.0109	0.0551	0.0134	0.0515	0.0125
COG5341	0.0000	0.0254	0.0157	0.1513	0.1126	0.0704	0.0567	0.0235	0.0162	0.0156	0.0088
COG5342	0.0000	0.0007	0.0007	0.0005	0.0007	0.0007	0.0007	0.0010	0.0007	0.0018	0.0007
COG5343	0.0000	0.0010	0.0009	0.0003	0.0002	0.0004	0.0002	0.0004	0.0003	0.0008	0.0007
COG5345	0.0000	0.0609	0.0225	0.1980	0.0526	0.0677	0.0220	0.0307	0.0110	0.0207	0.0070
COG5346	0.0000	0.0006	0.0003	0.0001	0.0001	0.0003	0.0002	0.0004	0.0002	0.0005	0.0002
COG5347	0.0000	0.0000	0.0000	0.0000	0.0000	0.0000	0.0000	0.0000	0.0000	0.0001	0.0000
COG5349	0.0000	0.0014	0.0010	0.0004	0.0002	0.0005	0.0003	0.0009	0.0009	0.0020	0.0015
COG5350	0.0000	0.0093	0.0068	0.0041	0.0022	0.0044	0.0034	0.0042	0.0033	0.0040	0.0033
COG5351	0.0000	0.0012	0.0003	0.0003	0.0001	0.0007	0.0002	0.0009	0.0002	0.0011	0.0002
COG5352	0.0000	0.0003	0.0003	0.0002	0.0004	0.0004	0.0004	0.0006	0.0004	0.0009	0.0005
COG5353	0.0000	0.0000	0.0000	0.0000	0.0000	0.0000	0.0000	0.0000	0.0000	0.0000	0.0000
COG5354	0.0000	0.0521	0.0208	0.2139	0.0753	0.0627	0.0317	0.0290	0.0173	0.0151	0.0098
COG5360	0.0000	0.0140	0.0093	0.0039	0.0021	0.0073	0.0044	0.0071	0.0033	0.0047	0.0019
COG5361	0.0000	0.0085	0.0043	0.0010	0.0007	0.0018	0.0009	0.0038	0.0011	0.0058	0.0018
COG5362	0.0000	0.0051	0.0009	0.0006	0.0002	0.0019	0.0004	0.0033	0.0006	0.0089	0.0021
COG5368	0.0000	0.0026	0.0014	0.0007	0.0006	0.0012	0.0009	0.0021	0.0011	0.0032	0.0016
COG5371	0.0000	0.0002	0.0001	0.0001	0.0001	0.0002	0.0001	0.0003	0.0001	0.0003	0.0001
COG5373	0.0000	0.0006	0.0005	0.0001	0.0001	0.0004	0.0003	0.0009	0.0006	0.0019	0.0011
COG5375	0.0000	0.0362	0.0094	0.1673	0.0490	0.0701	0.0149	0.0501	0.0129	0.0364	0.0098
COG5377	0.0000	0.0016	0.0004	0.0002	0.0001	0.0010	0.0002	0.0017	0.0003	0.0034	0.0007
COG5378	0.0150	0.6930	0.1129	0.9974	0.0013	0.9710	0.0154	0.0525	0.0224	0.0564	0.0234
COG5379	0.0000	0.0006	0.0003	0.0001	0.0001	0.0003	0.0001	0.0004	0.0003	0.0008	0.0005
COG5380	0.0000	0.0008	0.0005	0.0001	0.0001	0.0003	0.0002	0.0009	0.0004	0.0019	0.0007
COG5381	0.0000	0.0011	0.0003	0.0005	0.0001	0.0006	0.0002	0.0007	0.0002	0.0006	0.0002
COG5383	0.0000	0.0004	0.0002	0.0001	0.0001	0.0002	0.0001	0.0003	0.0001	0.0004	0.0002
COG5384	0.0000	0.0005	0.0003	0.0002	0.0001	0.0004	0.0002	0.0007	0.0004	0.0009	0.0005
COG5385	0.0000	0.0002	0.0001	0.0001	0.0001	0.0002	0.0001	0.0002	0.0001	0.0004	0.0002
COG5386	0.0000	0.0009	0.0006	0.0003	0.0002	0.0007	0.0005	0.0010	0.0006	0.0010	0.0005
COG5387	0.0000	0.0003	0.0002	0.0002	0.0002	0.0002	0.0001	0.0002	0.0001	0.0003	0.0002
COG5388	0.0000	0.0001	0.0001	0.0001	0.0000	0.0001	0.0001	0.0003	0.0002	0.0003	0.0002
COG5389	0.0000	0.0002	0.0002	0.0002	0.0002	0.0002	0.0003	0.0002	0.0003	0.0004	0.0003
COG5391	0.0000	0.0000	0.0000	0.0000	0.0000	0.0000	0.0000	0.0000	0.0000	0.0000	0.0000
COG5393	0.0000	0.0023	0.0015	0.0011	0.0008	0.0015	0.0013	0.0025	0.0021	0.0031	0.0023
COG5394	0.0000	0.0018	0.0008	0.0004	0.0002	0.0006	0.0003	0.0010	0.0006	0.0015	0.0010
COG5395	0.0000	0.0005	0.0003	0.0001	0.0001	0.0002	0.0001	0.0003	0.0002	0.0004	0.0002
COG5397	0.0000	0.0011	0.0004	0.0003	0.0002	0.0006	0.0003	0.0011	0.0004	0.0011	0.0005
COG5398	0.0000	0.0014	0.0014	0.0005	0.0008	0.0010	0.0011	0.0012	0.0010	0.0014	0.0010
COG5399	0.0000	0.0010	0.0007	0.0025	0.0018	0.0022	0.0012	0.0031	0.0018	0.0035	0.0022
COG5400	0.0000	0.0016	0.0011	0.0009	0.0008	0.0014	0.0008	0.0013	0.0009	0.0011	0.0008
COG5401	0.0000	0.0024	0.0017	0.0004	0.0004	0.0006	0.0006	0.0015	0.0012	0.0016	0.0011
COG5402	0.0000	0.0020	0.0013	0.0009	0.0009	0.0010	0.0010	0.0011	0.0012	0.0015	0.0014
COG5403	0.0000	0.0022	0.0016	0.0005	0.0004	0.0009	0.0006	0.0011	0.0006	0.0019	0.0010
COG5404	0.0000	0.0001	0.0000	0.0001	0.0000	0.0000	0.0000	0.0000	0.0000	0.0001	0.0001
COG5405	0.0000	0.0005	0.0003	0.0001	0.0001	0.0002	0.0001	0.0006	0.0004	0.0010	0.0006
COG5406	0.0000	0.0000	0.0000	0.0000	0.0000	0.0000	0.0000	0.0000	0.0000	0.0000	0.0000
COG5407	0.0000	0.0001	0.0000	0.0000	0.0000	0.0000	0.0000	0.0001	0.0000	0.0001	0.0000
COG5409	0.0000	0.0000	0.0000	0.0000	0.0000	0.0000	0.0000	0.0000	0.0000	0.0000	0.0000
COG5410	0.0000	0.0371	0.0144	0.0049	0.0016	0.0165	0.0064	0.0180	0.0068	0.0213	0.0068
COG5411	0.0000	0.0000	0.0000	0.0000	0.0000	0.0000	0.0000	0.0000	0.0000	0.0000	0.0000
COG5412	0.0000	0.0030	0.0011	0.0005	0.0003	0.0012	0.0005	0.0019	0.0006	0.0026	0.0007
COG5413	0.0000	0.0009	0.0006	0.0005	0.0004	0.0012	0.0008	0.0016	0.0011	0.0012	0.0008
COG5414	0.0000	0.0009	0.0004	0.0005	0.0003	0.0005	0.0002	0.0006	0.0002	0.0005	0.0002
COG5416	0.0000	0.0037	0.0028	0.0009	0.0007	0.0025	0.0027	0.0059	0.0049	0.0091	0.0054
COG5417	0.0000	0.0000	0.0000	0.0000	0.0000	0.0000	0.0000	0.0000	0.0000	0.0000	0.0000
COG5418	0.0050	0.5957	0.1215	0.9926	0.0059	0.0536	0.0324	0.0680	0.0345	0.0696	0.0317
COG5419	0.0000	0.0004	0.0002	0.0002	0.0001	0.0003	0.0002	0.0004	0.0002	0.0004	0.0002
COG5420	0.0000	0.0045	0.0009	0.0020	0.0008	0.0019	0.0006	0.0017	0.0006	0.0016	0.0006
COG5421	0.0000	0.0528	0.0162	0.0052	0.0017	0.0083	0.0024	0.0177	0.0039	0.0187	0.0035
COG5422	0.0000	0.0003	0.0002	0.0003	0.0003	0.0003	0.0002	0.0002	0.0002	0.0003	0.0002
COG5423	0.0100	0.8785	0.0979	0.9983	0.0018	0.1196	0.0669	0.2619	0.1242	0.1099	0.0440
COG5424	0.0000	0.0013	0.0011	0.0003	0.0002	0.0010	0.0009	0.0012	0.0010	0.0033	0.0034
COG5425	0.0000	0.0004	0.0002	0.0002	0.0001	0.0003	0.0001	0.0004	0.0001	0.0005	0.0001
COG5426	0.0000	0.0146	0.0045	0.0046	0.0010	0.0065	0.0019	0.0060	0.0023	0.0064	0.0022
COG5427	0.0000	0.1098	0.0353	0.0140	0.0078	0.0585	0.0262	0.0818	0.0256	0.0966	0.0360
COG5428	0.0000	0.3953	0.0704	0.1001	0.0339	0.1470	0.0453	0.0658	0.0209	0.0405	0.0116
COG5429	0.0000	0.0005	0.0001	0.0002	0.0001	0.0003	0.0001	0.0006	0.0002	0.0007	0.0002
COG5430	0.0000	0.0006	0.0002	0.0002	0.0001	0.0003	0.0001	0.0004	0.0001	0.0005	0.0001
COG5431	0.0000	0.1873	0.0995	0.0414	0.0401	0.1136	0.0728	0.1247	0.0605	0.1430	0.0610
COG5433	0.0000	0.0016	0.0006	0.0001	0.0001	0.0003	0.0001	0.0006	0.0002	0.0009	0.0003
COG5434	0.0300	0.2728	0.0436	0.9803	0.0080	0.8701	0.0308	0.0148	0.0033	0.0224	0.0037
COG5435	0.0000	0.0029	0.0015	0.0009	0.0005	0.0013	0.0007	0.0019	0.0011	0.0022	0.0011
COG5436	0.0000	0.0026	0.0017	0.0011	0.0010	0.0013	0.0011	0.0014	0.0015	0.0017	0.0014
COG5437	0.0000	0.0032	0.0022	0.0011	0.0009	0.0019	0.0017	0.0021	0.0017	0.0020	0.0017
COG5438	0.0000	0.0011	0.0009	0.0001	0.0001	0.0007	0.0008	0.0017	0.0015	0.0019	0.0014
COG5439	0.0000	0.0013	0.0004	0.0006	0.0002	0.0007	0.0002	0.0008	0.0003	0.0007	0.0003
COG5440	0.0000	0.0706	0.0512	0.0138	0.0080	0.0193	0.0100	0.0221	0.0133	0.0290	0.0171
COG5441	0.0000	0.0510	0.0220	0.0113	0.0053	0.0096	0.0041	0.0198	0.0076	0.0124	0.0051
COG5442	0.0000	0.0022	0.0021	0.0013	0.0012	0.0015	0.0015	0.0019	0.0022	0.0016	0.0017
COG5443	0.0000	0.0025	0.0019	0.0013	0.0012	0.0016	0.0012	0.0019	0.0018	0.0016	0.0014
COG5444	0.0000	0.0004	0.0002	0.0001	0.0001	0.0003	0.0001	0.0004	0.0002	0.0006	0.0002
COG5445	0.0000	0.0001	0.0001	0.0001	0.0001	0.0001	0.0001	0.0002	0.0001	0.0003	0.0002
COG5446	0.0000	0.0012	0.0012	0.0006	0.0007	0.0004	0.0003	0.0004	0.0003	0.0004	0.0003
COG5447	0.0000	0.0001	0.0001	0.0001	0.0001	0.0001	0.0001	0.0001	0.0001	0.0001	0.0001
COG5448	0.0000	0.0016	0.0011	0.0008	0.0007	0.0012	0.0010	0.0016	0.0014	0.0015	0.0012
COG5449	0.0000	0.0025	0.0031	0.0009	0.0011	0.0012	0.0014	0.0018	0.0022	0.0020	0.0019
COG5450	0.0000	0.0079	0.0043	0.0021	0.0013	0.0020	0.0012	0.0024	0.0013	0.0018	0.0007
COG5451	0.0000	0.0005	0.0003	0.0004	0.0003	0.0004	0.0003	0.0004	0.0003	0.0005	0.0003
COG5452	0.0000	0.0001	0.0001	0.0000	0.0000	0.0001	0.0001	0.0002	0.0001	0.0002	0.0001
COG5453	0.0000	0.0009	0.0007	0.0005	0.0003	0.0005	0.0004	0.0005	0.0003	0.0003	0.0002
COG5454	0.0000	0.0001	0.0001	0.0001	0.0000	0.0001	0.0001	0.0001	0.0001	0.0002	0.0001
COG5455	0.0000	0.0011	0.0013	0.0007	0.0010	0.0009	0.0010	0.0010	0.0013	0.0010	0.0012
COG5456	0.0000	0.0012	0.0010	0.0002	0.0002	0.0006	0.0005	0.0007	0.0004	0.0010	0.0006
COG5457	0.0000	0.0006	0.0003	0.0002	0.0002	0.0004	0.0002	0.0005	0.0004	0.0009	0.0006
COG5458	0.0000	0.0001	0.0001	0.0001	0.0000	0.0001	0.0001	0.0001	0.0001	0.0001	0.0001
COG5459	0.0000	0.0026	0.0011	0.0009	0.0003	0.0017	0.0005	0.0025	0.0008	0.0056	0.0018
COG5460	0.0000	0.0025	0.0014	0.0005	0.0004	0.0010	0.0007	0.0018	0.0012	0.0026	0.0013
COG5461	0.0000	0.0004	0.0002	0.0003	0.0002	0.0004	0.0002	0.0004	0.0002	0.0004	0.0002
COG5462	0.0000	0.0001	0.0001	0.0001	0.0001	0.0001	0.0001	0.0002	0.0001	0.0002	0.0001
COG5463	0.0000	0.0255	0.0055	0.1397	0.0318	0.0414	0.0098	0.0198	0.0041	0.0119	0.0023
COG5464	0.0000	0.0027	0.0019	0.0003	0.0002	0.0008	0.0003	0.0013	0.0006	0.0014	0.0005
COG5465	0.0000	0.0029	0.0014	0.0008	0.0006	0.0010	0.0004	0.0018	0.0005	0.0031	0.0009
COG5466	0.0000	0.0133	0.0066	0.0024	0.0028	0.0026	0.0014	0.0054	0.0024	0.0067	0.0032
COG5467	0.0000	0.0003	0.0001	0.0002	0.0003	0.0002	0.0002	0.0003	0.0002	0.0004	0.0002
COG5468	0.0000	0.0002	0.0001	0.0002	0.0002	0.0002	0.0001	0.0002	0.0001	0.0003	0.0002
COG5469	0.0000	0.0011	0.0009	0.0007	0.0009	0.0007	0.0008	0.0007	0.0006	0.0005	0.0004
COG5470	0.0000	0.0031	0.0010	0.0008	0.0006	0.0011	0.0004	0.0025	0.0011	0.0033	0.0014
COG5471	0.0000	0.0014	0.0005	0.0004	0.0001	0.0010	0.0003	0.0012	0.0004	0.0014	0.0004
COG5472	0.0000	0.0002	0.0002	0.0001	0.0001	0.0001	0.0001	0.0001	0.0001	0.0002	0.0002
COG5473	0.0000	0.0015	0.0016	0.0004	0.0006	0.0011	0.0013	0.0024	0.0030	0.0029	0.0034
COG5474	0.0000	0.0021	0.0010	0.0009	0.0003	0.0012	0.0005	0.0011	0.0006	0.0009	0.0005
COG5475	0.0000	0.0011	0.0003	0.0006	0.0002	0.0007	0.0003	0.0008	0.0003	0.0009	0.0004
COG5476	0.0000	0.0162	0.0085	0.0032	0.0022	0.0034	0.0018	0.0069	0.0024	0.0080	0.0023
COG5477	0.0000	0.0022	0.0016	0.0008	0.0007	0.0009	0.0006	0.0016	0.0010	0.0019	0.0012
COG5478	0.0000	0.0002	0.0001	0.0001	0.0000	0.0002	0.0001	0.0002	0.0001	0.0005	0.0001
COG5479	0.0000	0.0045	0.0028	0.0010	0.0008	0.0016	0.0009	0.0022	0.0016	0.0024	0.0018
COG5480	0.0000	0.0016	0.0009	0.0008	0.0005	0.0011	0.0006	0.0012	0.0006	0.0014	0.0004
COG5481	0.0000	0.0005	0.0003	0.0003	0.0002	0.0003	0.0002	0.0010	0.0006	0.0009	0.0005
COG5482	0.0000	0.0005	0.0002	0.0001	0.0001	0.0003	0.0001	0.0006	0.0003	0.0010	0.0004
COG5483	0.0000	0.3903	0.1081	0.0827	0.0337	0.1865	0.0540	0.1896	0.0444	0.1779	0.0434
COG5484	0.0000	0.0002	0.0002	0.0000	0.0000	0.0001	0.0001	0.0003	0.0002	0.0003	0.0002
COG5485	0.0000	0.0773	0.0293	0.0129	0.0120	0.0135	0.0079	0.0181	0.0074	0.0169	0.0080
COG5486	0.0000	0.0038	0.0021	0.0012	0.0006	0.0020	0.0011	0.0017	0.0003	0.0032	0.0008
COG5487	0.0000	0.0010	0.0003	0.0004	0.0002	0.0009	0.0003	0.0007	0.0003	0.0013	0.0007
COG5488	0.0000	0.0010	0.0006	0.0006	0.0003	0.0014	0.0008	0.0010	0.0006	0.0013	0.0009
COG5489	0.0000	0.0009	0.0002	0.0005	0.0002	0.0006	0.0002	0.0006	0.0002	0.0006	0.0002
COG5490	0.0000	0.0007	0.0003	0.0003	0.0001	0.0007	0.0003	0.0006	0.0002	0.0011	0.0005
COG5491	0.0000	0.0108	0.0123	0.0065	0.0088	0.0100	0.0060	0.0125	0.0066	0.0107	0.0065
COG5492	0.0000	0.0101	0.0032	0.0010	0.0003	0.0043	0.0018	0.0127	0.0042	0.0219	0.0056
COG5493	0.0000	0.0772	0.0228	0.0212	0.0094	0.0590	0.0212	0.0596	0.0173	0.0337	0.0102
COG5494	0.0000	0.0004	0.0003	0.0006	0.0003	0.0005	0.0004	0.0007	0.0005	0.0008	0.0007
COG5495	0.0000	0.0032	0.0039	0.0005	0.0005	0.0017	0.0017	0.0033	0.0031	0.0054	0.0046
COG5496	0.0000	0.0525	0.0190	0.0094	0.0048	0.0298	0.0176	0.0406	0.0155	0.0641	0.0313
COG5497	0.0000	0.0011	0.0004	0.0005	0.0003	0.0008	0.0004	0.0011	0.0005	0.0011	0.0008
COG5498	0.0000	0.0022	0.0011	0.0004	0.0003	0.0008	0.0005	0.0021	0.0011	0.0018	0.0007
COG5499	0.0000	0.0014	0.0009	0.0002	0.0002	0.0005	0.0003	0.0007	0.0004	0.0007	0.0004
COG5500	0.0000	0.0032	0.0013	0.0009	0.0004	0.0014	0.0006	0.0018	0.0007	0.0016	0.0008
COG5501	0.0000	0.0025	0.0012	0.0013	0.0004	0.0018	0.0005	0.0011	0.0005	0.0010	0.0004
COG5502	0.0000	0.6141	0.0702	0.8598	0.0500	0.6039	0.0780	0.4090	0.0777	0.2295	0.0685
COG5503	0.0000	0.0000	0.0000	0.0000	0.0000	0.0000	0.0000	0.0000	0.0000	0.0000	0.0000
COG5504	0.0000	0.0069	0.0055	0.0017	0.0012	0.0046	0.0031	0.0055	0.0024	0.0080	0.0038
COG5505	0.0000	0.0002	0.0001	0.0000	0.0000	0.0002	0.0001	0.0007	0.0002	0.0010	0.0004
COG5506	0.0000	0.0002	0.0003	0.0001	0.0001	0.0001	0.0002	0.0002	0.0003	0.0003	0.0002
COG5507	0.0000	0.0027	0.0005	0.0007	0.0003	0.0010	0.0003	0.0018	0.0004	0.0031	0.0011
COG5508	0.0000	0.0006	0.0004	0.0003	0.0002	0.0005	0.0003	0.0004	0.0002	0.0005	0.0003
COG5509	0.0000	0.0001	0.0001	0.0001	0.0000	0.0001	0.0000	0.0001	0.0000	0.0001	0.0001
COG5510	0.0000	0.0006	0.0007	0.0004	0.0006	0.0006	0.0005	0.0005	0.0007	0.0005	0.0006
COG5511	0.0000	0.0006	0.0001	0.0001	0.0000	0.0003	0.0001	0.0006	0.0001	0.0010	0.0003
COG5512	0.0000	0.0013	0.0007	0.0002	0.0001	0.0006	0.0003	0.0021	0.0011	0.0020	0.0010
COG5513	0.0000	0.0360	0.0142	0.0043	0.0018	0.0061	0.0019	0.0103	0.0038	0.0192	0.0084
COG5514	0.0000	0.0004	0.0002	0.0002	0.0001	0.0002	0.0001	0.0004	0.0002	0.0005	0.0002
COG5515	0.0000	0.0008	0.0006	0.0004	0.0004	0.0006	0.0006	0.0008	0.0006	0.0009	0.0005
COG5516	0.0000	0.0029	0.0016	0.0012	0.0008	0.0012	0.0010	0.0012	0.0009	0.0011	0.0004
COG5517	0.0000	0.0063	0.0014	0.0018	0.0006	0.0026	0.0007	0.0031	0.0006	0.0036	0.0009
COG5518	0.0000	0.0177	0.0039	0.0042	0.0016	0.0068	0.0018	0.0072	0.0018	0.0064	0.0013
COG5519	0.0000	0.0073	0.0035	0.0013	0.0007	0.0020	0.0007	0.0023	0.0007	0.0029	0.0006
COG5520	0.0000	0.0085	0.0039	0.0010	0.0006	0.0028	0.0014	0.0075	0.0041	0.0188	0.0086
COG5521	0.0000	0.0006	0.0002	0.0001	0.0001	0.0003	0.0001	0.0007	0.0002	0.0009	0.0003
COG5522	0.0000	0.0001	0.0000	0.0000	0.0000	0.0000	0.0000	0.0001	0.0000	0.0002	0.0001
COG5523	0.0000	0.0023	0.0008	0.0002	0.0001	0.0006	0.0002	0.0015	0.0006	0.0023	0.0006
COG5524	0.0000	0.0047	0.0036	0.0010	0.0009	0.0025	0.0024	0.0062	0.0046	0.0100	0.0060
COG5525	0.0000	0.0012	0.0005	0.0002	0.0001	0.0006	0.0002	0.0010	0.0004	0.0016	0.0006
COG5526	0.0000	0.0012	0.0005	0.0004	0.0002	0.0007	0.0003	0.0006	0.0003	0.0006	0.0003
COG5527	0.0000	0.0016	0.0007	0.0003	0.0001	0.0011	0.0006	0.0016	0.0007	0.0022	0.0007
COG5528	0.0000	0.0011	0.0008	0.0004	0.0003	0.0004	0.0004	0.0007	0.0006	0.0009	0.0006
COG5529	0.0000	0.0003	0.0002	0.0001	0.0001	0.0003	0.0002	0.0004	0.0002	0.0011	0.0006
COG5530	0.0000	0.0097	0.0057	0.0021	0.0018	0.0025	0.0010	0.0034	0.0014	0.0037	0.0015
COG5531	0.0000	0.0005	0.0004	0.0001	0.0001	0.0006	0.0004	0.0007	0.0004	0.0012	0.0007
COG5532	0.0000	0.0007	0.0008	0.0003	0.0004	0.0004	0.0004	0.0006	0.0005	0.0006	0.0005
COG5533	0.0000	0.0002	0.0001	0.0001	0.0001	0.0003	0.0001	0.0004	0.0001	0.0006	0.0002
COG5534	0.0000	0.0029	0.0012	0.0008	0.0004	0.0019	0.0006	0.0022	0.0005	0.0023	0.0006
COG5535	0.0000	0.0000	0.0000	0.0000	0.0000	0.0000	0.0000	0.0000	0.0000	0.0000	0.0000
COG5536	0.0000	0.0000	0.0000	0.0000	0.0000	0.0000	0.0000	0.0000	0.0000	0.0000	0.0000
COG5537	0.0000	0.0000	0.0000	0.0000	0.0000	0.0000	0.0000	0.0000	0.0000	0.0000	0.0000
COG5539	0.0000	0.0000	0.0000	0.0000	0.0000	0.0000	0.0000	0.0001	0.0000	0.0001	0.0000
COG5541	0.0000	0.0000	0.0000	0.0000	0.0000	0.0000	0.0000	0.0000	0.0000	0.0000	0.0000
COG5542	0.0000	0.0087	0.0030	0.0014	0.0005	0.0054	0.0016	0.0073	0.0016	0.0121	0.0031
COG5544	0.0000	0.0023	0.0012	0.0008	0.0004	0.0024	0.0014	0.0019	0.0012	0.0029	0.0012
COG5545	0.0000	0.0011	0.0007	0.0002	0.0001	0.0005	0.0003	0.0009	0.0006	0.0012	0.0009
COG5546	0.0000	0.0004	0.0001	0.0001	0.0001	0.0003	0.0001	0.0004	0.0001	0.0007	0.0002
COG5547	0.0000	0.0013	0.0007	0.0004	0.0002	0.0009	0.0003	0.0021	0.0007	0.0022	0.0007
COG5548	0.0000	0.0003	0.0001	0.0001	0.0001	0.0002	0.0001	0.0003	0.0001	0.0004	0.0001
COG5549	0.0000	0.0147	0.0054	0.0017	0.0011	0.0038	0.0019	0.0118	0.0057	0.0147	0.0061
COG5550	0.0000	0.0637	0.0217	0.0139	0.0049	0.0353	0.0116	0.0471	0.0134	0.0283	0.0121
COG5551	0.0000	0.3026	0.0839	0.0751	0.0277	0.0480	0.0166	0.0314	0.0205	0.0287	0.0181
COG5552	0.0000	0.0025	0.0018	0.0007	0.0007	0.0009	0.0006	0.0017	0.0010	0.0026	0.0013
COG5553	0.0000	0.0053	0.0059	0.0014	0.0010	0.0026	0.0022	0.0022	0.0018	0.0029	0.0019
COG5554	0.0000	0.0026	0.0009	0.0011	0.0005	0.0010	0.0005	0.0011	0.0005	0.0012	0.0005
COG5555	0.0000	0.0035	0.0009	0.0008	0.0003	0.0019	0.0007	0.0039	0.0013	0.0052	0.0016
COG5556	0.0000	0.0001	0.0001	0.0001	0.0001	0.0001	0.0001	0.0001	0.0001	0.0001	0.0001
COG5557	0.0000	0.0855	0.0342	0.0142	0.0078	0.0194	0.0071	0.0301	0.0093	0.0370	0.0097
COG5558	0.0000	0.0176	0.0045	0.0096	0.0038	0.0127	0.0031	0.0195	0.0023	0.0246	0.0038
COG5559	0.0000	0.1371	0.0500	0.0378	0.0134	0.0387	0.0144	0.0240	0.0059	0.0159	0.0042
COG5560	0.0000	0.0002	0.0001	0.0002	0.0001	0.0002	0.0001	0.0003	0.0001	0.0004	0.0001
COG5561	0.0000	0.2464	0.0645	0.0352	0.0127	0.0430	0.0061	0.0720	0.0185	0.0468	0.0207
COG5562	0.0000	0.0002	0.0001	0.0000	0.0000	0.0001	0.0000	0.0001	0.0000	0.0003	0.0001
COG5563	0.0000	0.0064	0.0020	0.0017	0.0008	0.0052	0.0024	0.0059	0.0020	0.0054	0.0014
COG5564	0.0000	0.0312	0.0093	0.0066	0.0022	0.0076	0.0023	0.0146	0.0044	0.0123	0.0036
COG5565	0.0000	0.0008	0.0006	0.0002	0.0002	0.0005	0.0004	0.0011	0.0006	0.0021	0.0010
COG5566	0.0000	0.0006	0.0004	0.0001	0.0001	0.0003	0.0002	0.0005	0.0003	0.0007	0.0003
COG5567	0.0000	0.0007	0.0005	0.0003	0.0003	0.0005	0.0003	0.0006	0.0004	0.0009	0.0004
COG5568	0.0000	0.0002	0.0001	0.0002	0.0001	0.0002	0.0001	0.0002	0.0001	0.0003	0.0002
COG5569	0.0000	0.0011	0.0002	0.0005	0.0001	0.0006	0.0002	0.0008	0.0002	0.0012	0.0003
COG5570	0.0000	0.0005	0.0003	0.0003	0.0002	0.0004	0.0003	0.0004	0.0003	0.0005	0.0004
COG5571	0.0000	0.0013	0.0019	0.0005	0.0009	0.0011	0.0017	0.0016	0.0019	0.0019	0.0018
COG5572	0.0000	0.0007	0.0005	0.0004	0.0003	0.0005	0.0005	0.0006	0.0007	0.0007	0.0007
COG5573	0.0000	0.0164	0.0064	0.0024	0.0013	0.0089	0.0028	0.0086	0.0027	0.0071	0.0028
COG5574	0.0000	0.0001	0.0001	0.0001	0.0001	0.0001	0.0001	0.0001	0.0001	0.0001	0.0001
COG5577	0.0000	0.0009	0.0006	0.0002	0.0001	0.0003	0.0002	0.0010	0.0005	0.0013	0.0006
COG5578	0.0000	0.0003	0.0001	0.0001	0.0000	0.0003	0.0001	0.0009	0.0003	0.0018	0.0006
COG5579	0.0000	0.0021	0.0008	0.0005	0.0002	0.0012	0.0004	0.0013	0.0004	0.0025	0.0007
COG5580	0.0000	0.0037	0.0020	0.0006	0.0004	0.0021	0.0014	0.0059	0.0022	0.0076	0.0031
COG5581	0.0000	0.0020	0.0010	0.0003	0.0002	0.0014	0.0011	0.0041	0.0024	0.0057	0.0028
COG5582	0.0000	0.0002	0.0003	0.0002	0.0003	0.0001	0.0002	0.0002	0.0003	0.0001	0.0002
COG5583	0.0000	0.0019	0.0010	0.0006	0.0004	0.0008	0.0005	0.0012	0.0007	0.0009	0.0005
COG5584	0.0000	0.0000	0.0000	0.0000	0.0000	0.0000	0.0000	0.0000	0.0000	0.0000	0.0000
COG5585	0.0000	0.0483	0.0136	0.4065	0.0841	0.1437	0.0322	0.0457	0.0100	0.0245	0.0048
COG5586	0.0000	0.0033	0.0022	0.0009	0.0006	0.0018	0.0011	0.0026	0.0013	0.0018	0.0009
COG5587	0.0000	0.2974	0.1210	0.7823	0.0709	0.3542	0.1235	0.2240	0.0825	0.1361	0.0571
COG5588	0.0000	0.0073	0.0034	0.0017	0.0006	0.0029	0.0010	0.0022	0.0007	0.0030	0.0009
COG5589	0.0000	0.0005	0.0002	0.0004	0.0003	0.0005	0.0002	0.0006	0.0001	0.0007	0.0002
COG5590	0.0000	0.0001	0.0000	0.0000	0.0000	0.0001	0.0001	0.0002	0.0001	0.0004	0.0003
COG5591	0.0000	0.0012	0.0005	0.0006	0.0003	0.0009	0.0004	0.0008	0.0005	0.0010	0.0006
COG5592	0.0000	0.0043	0.0014	0.0011	0.0006	0.0021	0.0007	0.0043	0.0010	0.0074	0.0019
COG5593	0.0000	0.0000	0.0000	0.0000	0.0000	0.0000	0.0000	0.0000	0.0000	0.0000	0.0000
COG5594	0.0000	0.0000	0.0000	0.0000	0.0000	0.0000	0.0000	0.0000	0.0000	0.0000	0.0000
COG5595	0.0000	0.0704	0.0143	0.4217	0.0744	0.1558	0.0354	0.0684	0.0135	0.0340	0.0060
COG5596	0.0000	0.0000	0.0000	0.0000	0.0000	0.0000	0.0000	0.0000	0.0000	0.0000	0.0000
COG5597	0.0000	0.0008	0.0006	0.0004	0.0002	0.0005	0.0004	0.0007	0.0005	0.0009	0.0007
COG5598	0.0000	0.1454	0.0654	0.0248	0.0156	0.0141	0.0078	0.0592	0.0263	0.0313	0.0129
COG5599	0.0000	0.0003	0.0003	0.0001	0.0001	0.0002	0.0002	0.0004	0.0003	0.0006	0.0004
COG5600	0.0000	0.0000	0.0000	0.0000	0.0000	0.0000	0.0000	0.0000	0.0000	0.0000	0.0000
COG5601	0.0000	0.0000	0.0000	0.0000	0.0000	0.0000	0.0000	0.0000	0.0000	0.0000	0.0000
COG5602	0.0000	0.0030	0.0018	0.0013	0.0010	0.0018	0.0009	0.0021	0.0009	0.0016	0.0005
COG5604	0.0000	0.0049	0.0025	0.0019	0.0007	0.0023	0.0010	0.0029	0.0013	0.0034	0.0013
COG5605	0.0000	0.0005	0.0007	0.0002	0.0004	0.0004	0.0007	0.0009	0.0013	0.0015	0.0020
COG5606	0.0000	0.0007	0.0003	0.0002	0.0001	0.0003	0.0001	0.0003	0.0002	0.0005	0.0002
COG5607	0.0000	0.0210	0.0099	0.0045	0.0035	0.0117	0.0072	0.0092	0.0046	0.0090	0.0049
COG5608	0.0000	0.8373	0.1051	0.9321	0.0421	0.7438	0.1228	0.6187	0.1196	0.5608	0.1082
COG5609	0.0000	0.0016	0.0009	0.0004	0.0002	0.0009	0.0005	0.0008	0.0004	0.0006	0.0003
COG5610	0.0000	0.0008	0.0003	0.0001	0.0001	0.0005	0.0002	0.0006	0.0002	0.0010	0.0003
COG5611	0.0000	0.0046	0.0019	0.0009	0.0004	0.0019	0.0009	0.0013	0.0007	0.0010	0.0004
COG5612	0.0000	0.0005	0.0002	0.0002	0.0001	0.0003	0.0001	0.0003	0.0001	0.0003	0.0001
COG5613	0.0000	0.0001	0.0000	0.0001	0.0000	0.0001	0.0001	0.0001	0.0001	0.0001	0.0001
COG5614	0.0000	0.0010	0.0007	0.0001	0.0001	0.0005	0.0004	0.0008	0.0004	0.0010	0.0005
COG5615	0.0000	0.0207	0.0158	0.0042	0.0029	0.0107	0.0052	0.0120	0.0070	0.0154	0.0091
COG5616	0.0000	0.0012	0.0006	0.0003	0.0002	0.0007	0.0003	0.0010	0.0004	0.0013	0.0006
COG5617	0.0250	0.2062	0.0598	0.9609	0.0170	0.8349	0.0577	0.0156	0.0077	0.0196	0.0083
COG5618	0.0000	0.0019	0.0008	0.0007	0.0003	0.0007	0.0004	0.0010	0.0005	0.0010	0.0005
COG5619	0.0000	0.0035	0.0008	0.0011	0.0004	0.0014	0.0004	0.0017	0.0004	0.0013	0.0003
COG5620	0.0000	0.0009	0.0004	0.0002	0.0001	0.0006	0.0003	0.0007	0.0003	0.0011	0.0005
COG5621	0.0000	0.0503	0.0248	0.0063	0.0035	0.0113	0.0066	0.0139	0.0056	0.0313	0.0120
COG5622	0.0000	0.0011	0.0003	0.0005	0.0003	0.0005	0.0002	0.0009	0.0002	0.0015	0.0004
COG5623	0.0000	0.6736	0.1508	0.3791	0.1802	0.5001	0.1274	0.4991	0.0937	0.4355	0.0836
COG5624	0.0000	0.0050	0.0017	0.0013	0.0005	0.0027	0.0010	0.0034	0.0011	0.0041	0.0011
COG5625	0.0000	0.1233	0.1400	0.0470	0.0682	0.1154	0.1018	0.1294	0.0811	0.1290	0.0908
COG5626	0.0000	0.0004	0.0003	0.0001	0.0001	0.0003	0.0001	0.0005	0.0002	0.0010	0.0003
COG5627	0.0000	0.0000	0.0000	0.0000	0.0000	0.0000	0.0000	0.0000	0.0000	0.0000	0.0000
COG5628	0.0000	0.0010	0.0006	0.0002	0.0001	0.0003	0.0002	0.0008	0.0003	0.0011	0.0004
COG5631	0.0000	0.0005	0.0003	0.0003	0.0002	0.0004	0.0002	0.0003	0.0002	0.0004	0.0002
COG5632	0.0000	0.0019	0.0007	0.0003	0.0001	0.0010	0.0004	0.0023	0.0009	0.0037	0.0012
COG5633	0.0000	0.0007	0.0004	0.0003	0.0003	0.0006	0.0003	0.0008	0.0005	0.0010	0.0005
COG5634	0.0000	0.0052	0.0009	0.0011	0.0004	0.0015	0.0004	0.0018	0.0004	0.0020	0.0007
COG5635	0.0000	0.1965	0.0371	0.0262	0.0091	0.0406	0.0094	0.0428	0.0091	0.0365	0.0097
COG5636	0.0000	0.0000	0.0000	0.0000	0.0000	0.0000	0.0000	0.0000	0.0000	0.0000	0.0000
COG5637	0.0000	0.0050	0.0028	0.0013	0.0009	0.0028	0.0012	0.0025	0.0009	0.0031	0.0011
COG5638	0.0000	0.0000	0.0000	0.0000	0.0000	0.0000	0.0000	0.0000	0.0000	0.0000	0.0000
COG5639	0.0000	0.0006	0.0001	0.0004	0.0001	0.0005	0.0002	0.0006	0.0002	0.0006	0.0002
COG5640	0.0000	0.0053	0.0023	0.0011	0.0006	0.0044	0.0026	0.0083	0.0041	0.0080	0.0030
COG5641	0.0000	0.0004	0.0002	0.0002	0.0001	0.0003	0.0002	0.0005	0.0002	0.0006	0.0003
COG5642	0.0000	0.0013	0.0008	0.0004	0.0002	0.0004	0.0003	0.0005	0.0004	0.0005	0.0003
COG5643	0.0000	0.0579	0.0156	0.0182	0.0078	0.0345	0.0077	0.0331	0.0087	0.0276	0.0065
COG5644	0.0000	0.0002	0.0001	0.0001	0.0001	0.0002	0.0001	0.0003	0.0001	0.0004	0.0001
COG5645	0.0000	0.0009	0.0005	0.0008	0.0004	0.0007	0.0003	0.0006	0.0002	0.0005	0.0002
COG5646	0.0000	0.5876	0.1321	0.9189	0.0520	0.6376	0.1075	0.4297	0.1152	0.2564	0.0920
COG5647	0.0000	0.0000	0.0000	0.0000	0.0000	0.0000	0.0000	0.0000	0.0000	0.0000	0.0000
COG5648	0.0000	0.0270	0.0060	0.0306	0.0223	0.0465	0.0199	0.0500	0.0110	0.0520	0.0086
COG5649	0.0000	0.0191	0.0082	0.0051	0.0039	0.0073	0.0032	0.0096	0.0030	0.0124	0.0040
COG5650	0.0000	0.0268	0.0103	0.0092	0.0035	0.0101	0.0038	0.0131	0.0040	0.0195	0.0067
COG5651	0.0000	0.1292	0.0478	0.5312	0.1465	0.2047	0.0608	0.0938	0.0299	0.0570	0.0184
COG5652	0.0000	0.0038	0.0027	0.0005	0.0004	0.0023	0.0017	0.0038	0.0029	0.0052	0.0032
COG5653	0.0000	0.0270	0.0138	0.0078	0.0049	0.0158	0.0118	0.0141	0.0064	0.0161	0.0049
COG5654	0.0000	0.0009	0.0004	0.0002	0.0001	0.0003	0.0001	0.0004	0.0002	0.0004	0.0002
COG5655	0.0000	0.0015	0.0006	0.0004	0.0002	0.0008	0.0003	0.0012	0.0003	0.0015	0.0005
COG5657	0.0000	0.0000	0.0000	0.0000	0.0000	0.0000	0.0000	0.0000	0.0000	0.0000	0.0000
COG5658	0.0000	0.1459	0.0348	0.0200	0.0089	0.0450	0.0091	0.0706	0.0129	0.1164	0.0191
COG5659	0.0000	0.0123	0.0034	0.0017	0.0005	0.0042	0.0013	0.0077	0.0023	0.0076	0.0016
COG5660	0.0000	0.0008	0.0002	0.0001	0.0001	0.0002	0.0001	0.0005	0.0002	0.0011	0.0004
COG5661	0.0000	0.0026	0.0023	0.0010	0.0009	0.0020	0.0021	0.0019	0.0017	0.0023	0.0015
COG5662	0.0000	0.0066	0.0037	0.0008	0.0005	0.0030	0.0015	0.0063	0.0036	0.0061	0.0025
COG5663	0.0000	0.0010	0.0005	0.0001	0.0001	0.0003	0.0001	0.0010	0.0004	0.0029	0.0008
COG5664	0.0000	0.0002	0.0001	0.0002	0.0001	0.0002	0.0001	0.0002	0.0001	0.0002	0.0001
COG5665	0.0000	0.0000	0.0000	0.0000	0.0000	0.0000	0.0000	0.0000	0.0000	0.0000	0.0000
