COG_ID	input_prob	mean_actual	sd_actual	mean_>0	sd_>0	mean_>0.01	sd_>0.01	mean_>0.04	sd_>0.04	mean_>0.099	sd_>0.099
COG0001	0.1000	0.9733	0.0103	0.9905	0.0050	0.9662	0.0191	0.9421	0.0282	0.8895	0.0438
COG0002	0.0350	0.9908	0.0031	0.9902	0.0102	0.9975	0.0016	0.8329	0.0281	0.7636	0.0667
COG0003	0.0000	0.6310	0.0757	0.0296	0.0185	0.1327	0.0635	0.1583	0.0452	0.2060	0.0432
COG0004	0.0000	0.5612	0.0422	0.0617	0.0551	0.1419	0.0593	0.2231	0.0598	0.1226	0.0441
COG0005	0.1600	0.9929	0.0016	0.9992	0.0006	0.9978	0.0011	0.9952	0.0019	0.9894	0.0042
COG0006	0.0300	0.9975	0.0008	1.0000	0.0000	0.9998	0.0000	0.8878	0.0532	0.8923	0.0446
COG0007	0.0050	0.9145	0.0624	0.9681	0.0190	0.1057	0.0388	0.1394	0.1102	0.1569	0.1028
COG0008	0.3600	0.9990	0.0003	1.0000	0.0000	1.0000	0.0000	0.9996	0.0003	0.9981	0.0012
COG0009	0.0000	0.9049	0.0226	0.2671	0.1171	0.7443	0.0915	0.8336	0.0509	0.8698	0.0251
COG0010	0.0000	0.9025	0.0337	0.3336	0.1565	0.6419	0.1243	0.8411	0.0503	0.8402	0.0475
COG0011	0.0000	0.8280	0.0814	0.1355	0.0740	0.3758	0.1759	0.4013	0.1240	0.3782	0.0492
COG0012	0.9250	0.9991	0.0003	1.0000	0.0000	0.9995	0.0004	0.9959	0.0025	0.9913	0.0047
COG0013	0.2850	0.9984	0.0012	1.0000	0.0000	0.9999	0.0001	0.9991	0.0011	0.9968	0.0035
COG0014	0.0000	0.1940	0.0855	0.0040	0.0026	0.0295	0.0283	0.0723	0.0452	0.0684	0.0328
COG0015	0.0050	0.9956	0.0016	0.9996	0.0007	0.8514	0.0641	0.8911	0.0460	0.7333	0.0533
COG0016	0.0250	0.9943	0.0012	1.0000	0.0000	0.9999	0.0000	0.8595	0.0359	0.9287	0.0149
COG0017	0.3200	0.9980	0.0009	1.0000	0.0000	0.9999	0.0001	0.9992	0.0004	0.9974	0.0009
COG0018	0.2200	0.9903	0.0028	1.0000	0.0000	0.9996	0.0002	0.9959	0.0020	0.9889	0.0049
COG0019	0.0150	0.9454	0.0156	0.9948	0.0030	0.9946	0.0022	0.4438	0.0680	0.5433	0.0813
COG0020	0.4450	0.9992	0.0003	1.0000	0.0000	1.0000	0.0000	0.9994	0.0002	0.9978	0.0005
COG0021	0.0000	0.0043	0.0026	0.0005	0.0003	0.0034	0.0016	0.0099	0.0048	0.0163	0.0100
COG0022	0.0000	0.0542	0.0246	0.0156	0.0065	0.0113	0.0063	0.0128	0.0077	0.0192	0.0081
COG0023	0.3000	0.9888	0.0019	0.9997	0.0001	0.9986	0.0005	0.9957	0.0018	0.9950	0.0014
COG0024	0.5450	0.9983	0.0005	1.0000	0.0000	0.9998	0.0001	0.9978	0.0009	0.9924	0.0033
COG0025	0.0000	0.2158	0.0336	0.0093	0.0035	0.0575	0.0206	0.1447	0.0501	0.1812	0.0642
COG0026	0.0000	0.0237	0.0091	0.0021	0.0033	0.0109	0.0051	0.0208	0.0081	0.0162	0.0090
COG0027	0.0000	0.0654	0.0452	0.0084	0.0062	0.0288	0.0213	0.0666	0.0384	0.0584	0.0236
COG0028	0.0000	0.8026	0.0450	0.0561	0.0620	0.2386	0.1278	0.5564	0.1033	0.5323	0.0859
COG0029	0.0150	0.5153	0.2036	0.7965	0.1471	0.7428	0.1201	0.0245	0.0182	0.0507	0.0382
COG0030	0.8250	0.9987	0.0004	1.0000	0.0000	0.9995	0.0002	0.9962	0.0014	0.9912	0.0036
COG0031	0.0050	0.8332	0.0637	0.9890	0.0061	0.0939	0.0445	0.2175	0.0922	0.1750	0.0934
COG0033	0.0000	0.0012	0.0007	0.0003	0.0002	0.0004	0.0002	0.0007	0.0003	0.0009	0.0005
COG0034	0.0300	0.9910	0.0019	0.9985	0.0012	0.9994	0.0004	0.9143	0.0126	0.8453	0.0360
COG0035	0.0000	0.0590	0.0278	0.0042	0.0021	0.0138	0.0042	0.0263	0.0061	0.0469	0.0153
COG0036	0.0000	0.0311	0.0129	0.0007	0.0005	0.0256	0.0101	0.0808	0.0250	0.0752	0.0362
COG0037	0.0450	0.9974	0.0017	1.0000	0.0000	0.9999	0.0000	0.9996	0.0002	0.9521	0.0163
COG0038	0.1350	0.9522	0.0156	0.9943	0.0031	0.9731	0.0200	0.9346	0.0438	0.9250	0.0409
COG0039	0.0050	0.8113	0.0713	0.9879	0.0087	0.1116	0.0290	0.1671	0.0632	0.2191	0.0788
COG0040	0.0000	0.9318	0.0152	0.1733	0.2464	0.8237	0.1050	0.9002	0.0175	0.8888	0.0261
COG0041	0.0000	0.9066	0.0146	0.2009	0.1632	0.7112	0.0679	0.8604	0.0208	0.7921	0.0506
COG0042	0.0000	0.0669	0.0160	0.0025	0.0016	0.0140	0.0088	0.0556	0.0338	0.1106	0.0462
COG0043	0.4950	0.9990	0.0004	0.9995	0.0004	0.9993	0.0003	0.9987	0.0007	0.9965	0.0016
COG0044	0.2800	0.9989	0.0005	0.9998	0.0003	0.9998	0.0001	0.9994	0.0002	0.9977	0.0007
COG0045	0.1500	0.9816	0.0080	0.9968	0.0019	0.9927	0.0035	0.9818	0.0084	0.9581	0.0226
COG0046	0.0000	0.9380	0.0173	0.3757	0.1629	0.8362	0.0530	0.9179	0.0174	0.8125	0.0407
COG0047	0.0800	0.9842	0.0064	0.9946	0.0045	0.9921	0.0047	0.9857	0.0081	0.4973	0.0863
COG0048	0.0050	0.9923	0.0019	1.0000	0.0000	0.7800	0.0488	0.8814	0.0220	0.9291	0.0142
COG0049	0.7500	0.9984	0.0004	1.0000	0.0000	0.9997	0.0001	0.9976	0.0006	0.9927	0.0016
COG0050	0.0000	0.0013	0.0006	0.0000	0.0000	0.0003	0.0002	0.0022	0.0009	0.0055	0.0019
COG0051	0.3350	0.9937	0.0029	1.0000	0.0000	0.9998	0.0001	0.9978	0.0007	0.9932	0.0018
COG0052	0.0350	0.9875	0.0051	1.0000	0.0000	0.9997	0.0003	0.8004	0.0863	0.8629	0.0484
COG0053	0.6300	0.9964	0.0008	0.9994	0.0005	0.9975	0.0016	0.9828	0.0096	0.9741	0.0104
COG0054	0.0500	0.8969	0.0352	0.9790	0.0119	0.9806	0.0122	0.9799	0.0109	0.6228	0.0820
COG0055	0.0000	0.0019	0.0006	0.0001	0.0000	0.0009	0.0003	0.0022	0.0006	0.0036	0.0009
COG0056	0.0000	0.0025	0.0007	0.0002	0.0001	0.0013	0.0004	0.0034	0.0010	0.0048	0.0015
COG0057	0.4850	0.9976	0.0006	0.9999	0.0001	0.9995	0.0002	0.9950	0.0017	0.9842	0.0066
COG0058	0.0000	0.1196	0.0483	0.0037	0.0025	0.0277	0.0137	0.0520	0.0201	0.0985	0.0337
COG0059	0.0000	0.8877	0.0266	0.1043	0.1869	0.3478	0.2115	0.6038	0.1603	0.5583	0.1295
COG0060	0.7150	0.9969	0.0013	1.0000	0.0000	0.9995	0.0003	0.9958	0.0029	0.9909	0.0058
COG0061	0.0150	0.9959	0.0010	0.9999	0.0002	0.9996	0.0002	0.8623	0.0622	0.8482	0.0360
COG0062	0.0000	0.0236	0.0122	0.0009	0.0006	0.0044	0.0029	0.0048	0.0041	0.0074	0.0048
COG0063	0.0250	0.9939	0.0013	0.9999	0.0001	0.9998	0.0001	0.8978	0.0244	0.8745	0.0235
COG0064	0.0000	0.4715	0.1014	0.0258	0.0163	0.0983	0.0330	0.3190	0.0854	0.5067	0.1135
COG0065	0.0000	0.9748	0.0106	0.2301	0.2064	0.6063	0.2217	0.8402	0.1027	0.7489	0.0789
COG0066	0.0000	0.9813	0.0072	0.2759	0.2263	0.6114	0.2295	0.8435	0.1184	0.7265	0.0929
COG0067	0.0050	0.8900	0.0214	0.9621	0.0220	0.1931	0.0843	0.3315	0.0894	0.1476	0.0745
COG0068	0.5050	0.9984	0.0009	0.9990	0.0024	0.9989	0.0009	0.9949	0.0040	0.9930	0.0053
COG0069	0.0500	0.9373	0.0223	0.9874	0.0100	0.9758	0.0153	0.9644	0.0176	0.4577	0.1163
COG0070	0.0000	0.4559	0.0929	0.0439	0.0469	0.2054	0.1055	0.3317	0.1101	0.1664	0.0731
COG0071	0.0000	0.9861	0.0033	0.7726	0.1002	0.7762	0.0748	0.7915	0.0694	0.7483	0.0728
COG0072	0.1550	0.9923	0.0046	1.0000	0.0000	0.9999	0.0001	0.9982	0.0008	0.9961	0.0016
COG0073	0.0000	0.0313	0.0199	0.0010	0.0008	0.0091	0.0053	0.0302	0.0162	0.0650	0.0367
COG0074	0.2600	0.9747	0.0074	0.9971	0.0017	0.9884	0.0050	0.9689	0.0121	0.9178	0.0359
COG0075	0.2750	0.9938	0.0022	0.9989	0.0009	0.9979	0.0009	0.9942	0.0017	0.9873	0.0039
COG0076	0.4850	0.9881	0.0035	0.9953	0.0026	0.9786	0.0095	0.9347	0.0222	0.9263	0.0247
COG0077	0.0050	0.9646	0.0117	0.9959	0.0042	0.4821	0.1564	0.4838	0.1042	0.4513	0.0916
COG0078	0.0250	0.5176	0.1238	0.9777	0.0115	0.9754	0.0113	0.0866	0.0384	0.0718	0.0269
COG0079	0.0000	0.9871	0.0035	0.4900	0.1989	0.8836	0.0472	0.9367	0.0225	0.9231	0.0274
COG0080	0.0050	0.9913	0.0015	1.0000	0.0000	0.8128	0.0666	0.9045	0.0320	0.9211	0.0220
COG0081	0.6200	0.9983	0.0013	1.0000	0.0000	0.9998	0.0002	0.9988	0.0007	0.9958	0.0019
COG0082	0.2850	0.9932	0.0018	0.9973	0.0023	0.9955	0.0044	0.9912	0.0037	0.9808	0.0068
COG0083	0.0750	0.8600	0.0438	0.9951	0.0039	0.9749	0.0149	0.9275	0.0373	0.1931	0.0749
COG0084	0.0000	0.3223	0.0877	0.0179	0.0092	0.1539	0.0429	0.3040	0.0631	0.4890	0.0909
COG0085	0.0600	0.9918	0.0017	1.0000	0.0000	0.9998	0.0001	0.9989	0.0005	0.9117	0.0127
COG0086	0.0000	0.9540	0.0133	0.5213	0.1298	0.8428	0.0581	0.9190	0.0215	0.9392	0.0098
COG0087	0.3000	0.9974	0.0008	1.0000	0.0000	0.9999	0.0000	0.9996	0.0001	0.9987	0.0004
COG0088	0.0050	0.9965	0.0013	1.0000	0.0000	0.8120	0.0545	0.9197	0.0151	0.9483	0.0075
COG0089	0.0000	0.9208	0.0222	0.4292	0.1436	0.8274	0.0541	0.9219	0.0204	0.9601	0.0116
COG0090	0.1850	0.9954	0.0022	1.0000	0.0000	0.9999	0.0001	0.9991	0.0004	0.9977	0.0008
COG0091	0.2850	0.9944	0.0014	1.0000	0.0000	0.9998	0.0001	0.9985	0.0005	0.9956	0.0012
COG0092	0.6900	0.9992	0.0003	1.0000	0.0000	0.9999	0.0000	0.9993	0.0002	0.9980	0.0006
COG0093	0.2350	0.9986	0.0006	1.0000	0.0000	1.0000	0.0000	0.9996	0.0002	0.9986	0.0006
COG0094	0.9200	0.9999	0.0001	1.0000	0.0000	1.0000	0.0000	0.9997	0.0001	0.9990	0.0003
COG0095	0.0250	0.9604	0.0220	0.9982	0.0016	0.9694	0.0310	0.0985	0.0802	0.0893	0.0563
COG0096	0.0150	0.9977	0.0006	1.0000	0.0000	1.0000	0.0000	0.9730	0.0066	0.9812	0.0048
COG0097	0.4750	0.9993	0.0002	1.0000	0.0000	1.0000	0.0000	0.9997	0.0001	0.9988	0.0004
COG0098	0.6550	0.9994	0.0001	1.0000	0.0000	1.0000	0.0000	0.9997	0.0001	0.9990	0.0002
COG0099	0.1800	0.9918	0.0021	1.0000	0.0000	0.9997	0.0001	0.9976	0.0010	0.9910	0.0047
COG0100	0.0000	0.8806	0.0323	0.3630	0.1240	0.8269	0.0631	0.9194	0.0239	0.9255	0.0208
COG0101	0.0100	0.9852	0.0093	0.9994	0.0005	0.4652	0.1303	0.5704	0.0875	0.5966	0.1184
COG0102	0.0000	0.8763	0.0325	0.3484	0.1526	0.6955	0.0895	0.7373	0.0518	0.8479	0.0284
COG0103	0.0050	0.0196	0.0065	0.7220	0.0782	0.0005	0.0003	0.0016	0.0009	0.0052	0.0027
COG0104	0.0150	0.9947	0.0019	0.9996	0.0006	0.9993	0.0005	0.8376	0.0694	0.7101	0.0711
COG0105	0.0000	0.7896	0.0625	0.1590	0.0947	0.5079	0.1052	0.7123	0.0658	0.7457	0.0598
COG0106	0.0000	0.9653	0.0115	0.2830	0.2606	0.8918	0.0995	0.9506	0.0158	0.9391	0.0177
COG0107	0.7750	0.9988	0.0004	0.9887	0.0075	0.9978	0.0038	0.9979	0.0011	0.9941	0.0026
COG0108	0.0000	0.5708	0.1289	0.1061	0.0431	0.4548	0.0734	0.6697	0.0418	0.6036	0.0755
COG0109	0.0000	0.0615	0.0249	0.0098	0.0039	0.0205	0.0079	0.0335	0.0104	0.0323	0.0102
COG0110	0.0150	0.9690	0.0096	0.9988	0.0015	0.9965	0.0027	0.2993	0.1200	0.2230	0.0472
COG0111	0.0550	0.9935	0.0020	0.9997	0.0002	0.9993	0.0002	0.9981	0.0006	0.8217	0.0347
COG0112	0.2900	0.9977	0.0009	1.0000	0.0000	0.9996	0.0002	0.9974	0.0013	0.9929	0.0023
COG0113	0.0000	0.7680	0.0477	0.0889	0.0600	0.1164	0.0530	0.1777	0.0965	0.1651	0.0883
COG0114	0.0000	0.0111	0.0041	0.0013	0.0009	0.0024	0.0009	0.0027	0.0012	0.0032	0.0013
COG0115	0.2100	0.9576	0.0203	0.9862	0.0107	0.9920	0.0039	0.9876	0.0047	0.9766	0.0075
COG0116	0.0000	0.1225	0.0414	0.0027	0.0021	0.0649	0.0299	0.0754	0.0305	0.1414	0.0524
COG0117	0.0000	0.0149	0.0140	0.0007	0.0004	0.0090	0.0042	0.0241	0.0120	0.0218	0.0145
COG0118	0.1050	0.9842	0.0037	0.9733	0.0171	0.9947	0.0086	0.9919	0.0032	0.9730	0.0114
COG0119	0.0650	0.9945	0.0013	0.9950	0.0034	0.9959	0.0033	0.9968	0.0022	0.7941	0.0708
COG0120	0.0550	0.9897	0.0036	0.9987	0.0016	0.9972	0.0017	0.9955	0.0026	0.8323	0.0513
COG0121	0.0000	0.1824	0.0542	0.0172	0.0101	0.0583	0.0190	0.0581	0.0127	0.0890	0.0210
COG0122	0.0200	0.7483	0.0847	0.9939	0.0037	0.9751	0.0184	0.1922	0.0518	0.2263	0.0390
COG0123	0.0350	0.9964	0.0012	0.9983	0.0013	0.9970	0.0021	0.6555	0.1581	0.6801	0.1118
COG0124	0.0950	0.9780	0.0065	0.9999	0.0000	0.9990	0.0005	0.9934	0.0032	0.7891	0.0299
COG0125	0.0000	0.8682	0.0342	0.2571	0.0922	0.6562	0.0812	0.8095	0.0645	0.8344	0.0445
COG0126	0.0300	0.9924	0.0021	0.9999	0.0001	0.9997	0.0002	0.7666	0.0445	0.8147	0.0404
COG0127	0.1750	0.9980	0.0004	0.9999	0.0000	0.9997	0.0002	0.9984	0.0010	0.9950	0.0018
COG0128	0.0000	0.9170	0.0217	0.4382	0.1814	0.7539	0.0886	0.7880	0.0512	0.7933	0.0423
COG0129	0.0100	0.9755	0.0054	0.9661	0.0193	0.2972	0.1916	0.5704	0.1350	0.5273	0.1163
COG0130	0.0800	0.9831	0.0059	0.9999	0.0001	0.9995	0.0002	0.9972	0.0012	0.8101	0.0526
COG0131	0.0000	0.9474	0.0145	0.1564	0.2557	0.8369	0.0982	0.9079	0.0304	0.9035	0.0307
COG0132	0.0000	0.0333	0.0082	0.0041	0.0015	0.0250	0.0118	0.0294	0.0131	0.0223	0.0097
COG0133	0.2100	0.9825	0.0076	0.9794	0.0197	0.9924	0.0063	0.9546	0.0308	0.8360	0.0878
COG0134	0.0000	0.9521	0.0083	0.3518	0.2344	0.8216	0.0861	0.7020	0.0913	0.4593	0.1341
COG0135	0.0500	0.9837	0.0051	0.9818	0.0160	0.9844	0.0176	0.9490	0.0486	0.4426	0.1586
COG0136	0.7200	0.9985	0.0004	0.9995	0.0007	0.9987	0.0006	0.9959	0.0018	0.9863	0.0061
COG0137	0.0850	0.9944	0.0017	0.9982	0.0024	0.9995	0.0002	0.9972	0.0007	0.8012	0.0538
COG0138	0.0000	0.2238	0.0817	0.0044	0.0033	0.0831	0.0530	0.2361	0.0860	0.2661	0.1064
COG0139	0.1850	0.9922	0.0020	0.9888	0.0073	0.9979	0.0029	0.9966	0.0015	0.9928	0.0032
COG0140	0.0000	0.1831	0.0683	0.0222	0.0300	0.2014	0.0807	0.1724	0.0684	0.2222	0.0810
COG0141	0.0500	0.9923	0.0016	0.9883	0.0067	0.9982	0.0024	0.9969	0.0012	0.8983	0.0283
COG0142	0.7900	0.9997	0.0001	0.9999	0.0000	0.9998	0.0002	0.9993	0.0004	0.9986	0.0004
COG0143	0.1550	0.9910	0.0040	0.9999	0.0001	0.9997	0.0002	0.9980	0.0010	0.9958	0.0017
COG0144	0.3900	0.9801	0.0110	0.9981	0.0010	0.9963	0.0014	0.9893	0.0046	0.9804	0.0084
COG0145	0.0450	0.9203	0.0293	0.9906	0.0075	0.9308	0.0244	0.8627	0.0569	0.1217	0.0425
COG0146	0.0000	0.3388	0.0970	0.0286	0.0160	0.0484	0.0318	0.0846	0.0368	0.0384	0.0135
COG0147	0.0250	0.9794	0.0060	0.9620	0.0268	0.9918	0.0113	0.6257	0.0744	0.5041	0.0970
COG0148	0.3200	0.9978	0.0009	1.0000	0.0000	0.9999	0.0001	0.9989	0.0004	0.9974	0.0007
COG0149	0.0250	0.9941	0.0014	1.0000	0.0001	0.9998	0.0001	0.7894	0.0531	0.8534	0.0355
COG0150	0.0100	0.9784	0.0043	0.9959	0.0025	0.6213	0.1116	0.7699	0.0617	0.7040	0.0454
COG0151	0.3350	0.9899	0.0017	0.9973	0.0019	0.9977	0.0011	0.9954	0.0012	0.9821	0.0050
COG0152	0.0450	0.9897	0.0025	0.9984	0.0013	0.9989	0.0005	0.9972	0.0008	0.8063	0.0497
COG0153	0.0000	0.0212	0.0087	0.0019	0.0004	0.0082	0.0026	0.0123	0.0039	0.0188	0.0062
COG0154	0.0000	0.4566	0.1076	0.0255	0.0160	0.0922	0.0399	0.2903	0.0626	0.4386	0.1020
COG0155	0.0000	0.0574	0.0205	0.0050	0.0029	0.0060	0.0034	0.0130	0.0073	0.0183	0.0096
COG0156	0.0000	0.1870	0.0987	0.0177	0.0093	0.0566	0.0297	0.0470	0.0138	0.0340	0.0129
COG0157	0.0000	0.9353	0.0221	0.4175	0.2048	0.8730	0.0558	0.7554	0.0525	0.7600	0.0427
COG0158	0.0000	0.0435	0.0130	0.0092	0.0038	0.0254	0.0107	0.0229	0.0116	0.0278	0.0146
COG0159	0.0150	0.9874	0.0032	0.9872	0.0106	0.9947	0.0049	0.6962	0.0918	0.5067	0.1262
COG0160	0.0050	0.9189	0.0366	0.9976	0.0009	0.1349	0.0489	0.2106	0.0647	0.2881	0.0596
COG0161	0.0000	0.0208	0.0133	0.0024	0.0014	0.0096	0.0056	0.0208	0.0117	0.0138	0.0085
COG0162	0.0050	0.9904	0.0028	1.0000	0.0000	0.6435	0.0737	0.7787	0.0603	0.8072	0.0521
COG0163	0.7050	0.9961	0.0022	0.9983	0.0011	0.9975	0.0013	0.9960	0.0023	0.9925	0.0033
COG0164	0.0400	0.9852	0.0038	1.0000	0.0000	0.9996	0.0002	0.6636	0.0799	0.7473	0.0495
COG0165	0.0000	0.9549	0.0102	0.4571	0.1936	0.8895	0.0443	0.8700	0.0334	0.7553	0.0701
COG0166	0.0000	0.0629	0.0230	0.0078	0.0056	0.0378	0.0216	0.0778	0.0357	0.0746	0.0352
COG0167	0.0800	0.9976	0.0006	0.9998	0.0003	0.9999	0.0001	0.9994	0.0002	0.9273	0.0141
COG0168	0.0850	0.9839	0.0046	0.9996	0.0005	0.9987	0.0005	0.9966	0.0007	0.8024	0.0677
COG0169	0.0050	0.9903	0.0023	0.9981	0.0014	0.7096	0.0924	0.8005	0.0354	0.7797	0.0435
COG0170	0.0050	0.9501	0.0270	0.9994	0.0004	0.2938	0.0823	0.3725	0.0935	0.4664	0.0692
COG0171	0.0000	0.9676	0.0098	0.5271	0.1661	0.7598	0.0919	0.8057	0.0565	0.8121	0.0411
COG0172	0.0650	0.9903	0.0020	1.0000	0.0000	0.9997	0.0002	0.9964	0.0018	0.8663	0.0228
COG0173	0.0000	0.0006	0.0005	0.0000	0.0000	0.0004	0.0003	0.0021	0.0017	0.0065	0.0044
COG0174	0.0650	0.9921	0.0019	0.9994	0.0004	0.9990	0.0002	0.9968	0.0009	0.8247	0.0519
COG0175	0.0100	0.9796	0.0089	0.9979	0.0009	0.3604	0.0951	0.3909	0.0936	0.3603	0.0910
COG0176	0.0000	0.1231	0.0480	0.0165	0.0065	0.1113	0.0614	0.1678	0.0751	0.1578	0.0597
COG0177	0.0000	0.8197	0.0709	0.0520	0.0370	0.3694	0.1569	0.5735	0.1220	0.7453	0.0649
COG0178	0.0000	0.0492	0.0305	0.0005	0.0004	0.0044	0.0021	0.0239	0.0107	0.0536	0.0271
COG0179	0.0050	0.9709	0.0103	0.9948	0.0036	0.2444	0.0712	0.2523	0.0739	0.2561	0.0486
COG0180	0.7600	0.9979	0.0004	1.0000	0.0000	0.9996	0.0002	0.9959	0.0021	0.9874	0.0053
COG0181	0.0250	0.8549	0.0598	0.9188	0.0269	0.8431	0.0443	0.1589	0.1044	0.1578	0.0887
COG0182	0.0950	0.9945	0.0020	0.9990	0.0011	0.9978	0.0011	0.9936	0.0030	0.7718	0.0898
COG0183	0.0000	0.9345	0.0357	0.6572	0.1895	0.8012	0.1258	0.8255	0.0973	0.8359	0.0712
COG0184	0.0300	0.9955	0.0013	1.0000	0.0000	0.9999	0.0000	0.8583	0.0396	0.8745	0.0292
COG0185	0.0100	0.9902	0.0015	1.0000	0.0000	0.8350	0.0346	0.9337	0.0117	0.9625	0.0067
COG0186	0.0000	0.9644	0.0114	0.7518	0.0888	0.9197	0.0258	0.9682	0.0110	0.9816	0.0065
COG0187	0.0000	0.0572	0.0275	0.0004	0.0003	0.0065	0.0045	0.0537	0.0255	0.1860	0.0495
COG0188	0.0000	0.0614	0.0298	0.0004	0.0002	0.0067	0.0042	0.0527	0.0249	0.1907	0.0565
COG0189	0.0050	0.9005	0.0612	0.9970	0.0032	0.3341	0.0995	0.3155	0.0820	0.3555	0.0738
COG0190	0.0050	0.1671	0.0643	0.9684	0.0127	0.0088	0.0036	0.0394	0.0243	0.0691	0.0364
COG0191	0.0000	0.0443	0.0110	0.0112	0.0040	0.0309	0.0065	0.0569	0.0177	0.0864	0.0213
COG0192	0.0000	0.0138	0.0109	0.0014	0.0009	0.0249	0.0141	0.0540	0.0275	0.0689	0.0402
COG0193	0.0000	0.0000	0.0000	0.0000	0.0000	0.0000	0.0000	0.0002	0.0001	0.0006	0.0004
COG0194	0.0000	0.0003	0.0002	0.0000	0.0000	0.0002	0.0001	0.0009	0.0006	0.0026	0.0016
COG0195	0.1400	0.9965	0.0017	1.0000	0.0000	0.9999	0.0000	0.9993	0.0004	0.9972	0.0016
COG0196	0.0000	0.0021	0.0013	0.0002	0.0001	0.0015	0.0010	0.0041	0.0022	0.0041	0.0020
COG0197	0.0000	0.9295	0.0165	0.3687	0.1607	0.7628	0.0757	0.9182	0.0237	0.9563	0.0086
COG0198	0.0900	0.9952	0.0014	1.0000	0.0000	0.9999	0.0001	0.9992	0.0003	0.9716	0.0105
COG0199	0.0100	0.9499	0.0223	0.9999	0.0001	0.6706	0.0664	0.8446	0.0393	0.9004	0.0261
COG0200	0.0000	0.9486	0.0157	0.4933	0.0952	0.9124	0.0268	0.9624	0.0118	0.9766	0.0075
COG0201	0.0000	0.0044	0.0029	0.0003	0.0002	0.0016	0.0009	0.0048	0.0028	0.0107	0.0055
COG0202	0.0400	0.9922	0.0012	1.0000	0.0000	0.9999	0.0000	0.8472	0.0181	0.8737	0.0164
COG0203	0.0000	0.0000	0.0000	0.0000	0.0000	0.0000	0.0000	0.0001	0.0001	0.0003	0.0002
COG0204	0.0000	0.0022	0.0017	0.0002	0.0001	0.0013	0.0010	0.0055	0.0034	0.0186	0.0081
COG0205	0.0000	0.0453	0.0189	0.0079	0.0038	0.0330	0.0122	0.0626	0.0229	0.0686	0.0186
COG0206	0.0000	0.8335	0.0795	0.1564	0.2460	0.5497	0.2001	0.7295	0.1076	0.8345	0.0633
COG0207	0.0050	0.6031	0.1384	0.9872	0.0084	0.1493	0.0316	0.3460	0.0775	0.4112	0.0911
COG0208	0.0000	0.0009	0.0005	0.0002	0.0002	0.0009	0.0004	0.0018	0.0011	0.0046	0.0028
COG0209	0.0000	0.4741	0.0751	0.0304	0.0170	0.2199	0.0587	0.4036	0.0692	0.3873	0.0680
COG0210	0.0000	0.0892	0.0136	0.0014	0.0009	0.0078	0.0035	0.0369	0.0086	0.0783	0.0176
COG0211	0.0000	0.0003	0.0002	0.0000	0.0000	0.0001	0.0001	0.0004	0.0003	0.0011	0.0008
COG0212	0.0000	0.2292	0.0396	0.0328	0.0339	0.2759	0.0993	0.3821	0.1029	0.4212	0.0768
COG0213	0.4800	0.9841	0.0066	0.9996	0.0002	0.9981	0.0009	0.9938	0.0025	0.9903	0.0039
COG0214	0.0050	0.9847	0.0040	0.9975	0.0018	0.6617	0.0711	0.7766	0.0631	0.7361	0.0882
COG0215	0.0100	0.9282	0.0205	0.9998	0.0001	0.1052	0.0626	0.2577	0.1006	0.3430	0.1150
COG0216	0.0000	0.0001	0.0000	0.0000	0.0000	0.0000	0.0000	0.0002	0.0001	0.0007	0.0003
COG0217	0.0000	0.0000	0.0000	0.0000	0.0000	0.0000	0.0000	0.0001	0.0001	0.0004	0.0002
COG0218	0.0000	0.2170	0.0813	0.0118	0.0084	0.0249	0.0254	0.0580	0.0453	0.1405	0.0740
COG0219	0.0000	0.0000	0.0000	0.0000	0.0000	0.0000	0.0000	0.0001	0.0001	0.0002	0.0002
COG0220	0.0000	0.0016	0.0008	0.0004	0.0003	0.0021	0.0008	0.0045	0.0018	0.0086	0.0038
COG0221	0.0150	0.7510	0.0879	0.9935	0.0026	0.9727	0.0162	0.0824	0.0144	0.1545	0.0324
COG0222	0.0000	0.0006	0.0002	0.0000	0.0000	0.0003	0.0001	0.0017	0.0006	0.0031	0.0010
COG0223	0.0000	0.0073	0.0036	0.0003	0.0002	0.0030	0.0018	0.0121	0.0053	0.0227	0.0078
COG0224	0.0000	0.0126	0.0029	0.0007	0.0003	0.0058	0.0009	0.0156	0.0030	0.0160	0.0031
COG0225	0.0000	0.0291	0.0169	0.0009	0.0004	0.0064	0.0015	0.0140	0.0036	0.0222	0.0090
COG0226	0.0250	0.9892	0.0016	0.9981	0.0030	0.9943	0.0070	0.6116	0.0979	0.1378	0.0546
COG0227	0.0000	0.0005	0.0004	0.0000	0.0000	0.0002	0.0002	0.0012	0.0007	0.0028	0.0017
COG0228	0.0000	0.0001	0.0001	0.0000	0.0000	0.0001	0.0001	0.0002	0.0002	0.0008	0.0005
COG0229	0.0000	0.0552	0.0677	0.0028	0.0023	0.0253	0.0275	0.0347	0.0249	0.0314	0.0178
COG0230	0.0000	0.0006	0.0007	0.0001	0.0001	0.0004	0.0004	0.0016	0.0013	0.0045	0.0033
COG0231	0.5150	0.9969	0.0002	1.0000	0.0000	0.9998	0.0001	0.9980	0.0009	0.9936	0.0022
COG0232	0.0000	0.0240	0.0122	0.0016	0.0010	0.0059	0.0042	0.0200	0.0097	0.0452	0.0160
COG0233	0.0000	0.0002	0.0002	0.0000	0.0000	0.0002	0.0002	0.0008	0.0008	0.0016	0.0014
COG0234	0.0000	0.0050	0.0038	0.0001	0.0001	0.0013	0.0010	0.0050	0.0027	0.0154	0.0052
COG0235	0.0000	0.8273	0.0409	0.1970	0.1145	0.4550	0.0834	0.5814	0.0548	0.5593	0.0926
COG0236	0.0000	0.0143	0.0047	0.0011	0.0006	0.0072	0.0025	0.0214	0.0063	0.0347	0.0112
COG0237	0.0000	0.8928	0.0185	0.2137	0.0971	0.6442	0.0712	0.7846	0.0599	0.7858	0.0680
COG0238	0.0000	0.0002	0.0002	0.0000	0.0000	0.0001	0.0001	0.0005	0.0003	0.0012	0.0008
COG0239	0.0150	0.7232	0.1435	0.9327	0.0366	0.8992	0.0451	0.0692	0.0285	0.0632	0.0322
COG0240	0.0000	0.0359	0.0147	0.0009	0.0004	0.0089	0.0036	0.0181	0.0075	0.0394	0.0153
COG0241	0.0050	0.1689	0.0447	0.9057	0.0329	0.0131	0.0034	0.0362	0.0083	0.0494	0.0140
COG0242	0.0000	0.0014	0.0006	0.0001	0.0000	0.0006	0.0004	0.0029	0.0013	0.0071	0.0032
COG0243	0.0000	0.7804	0.0838	0.1789	0.0996	0.5513	0.1237	0.6721	0.0941	0.6823	0.0804
COG0244	0.0000	0.8626	0.0266	0.2919	0.1045	0.6475	0.0467	0.8392	0.0323	0.8673	0.0233
COG0245	0.0000	0.0024	0.0012	0.0003	0.0002	0.0012	0.0006	0.0030	0.0017	0.0043	0.0030
COG0246	0.0000	0.0022	0.0010	0.0005	0.0005	0.0031	0.0022	0.0060	0.0029	0.0092	0.0040
COG0247	0.0000	0.8916	0.0608	0.2626	0.1380	0.2843	0.1341	0.3664	0.1258	0.5050	0.0985
COG0248	0.0000	0.0354	0.0176	0.0037	0.0014	0.0076	0.0024	0.0166	0.0045	0.0221	0.0076
COG0249	0.0000	0.1483	0.0622	0.0083	0.0063	0.0255	0.0118	0.0487	0.0159	0.0703	0.0247
COG0250	0.7650	0.9985	0.0004	1.0000	0.0000	0.9997	0.0002	0.9976	0.0012	0.9927	0.0034
COG0251	0.0000	0.2052	0.0969	0.0084	0.0064	0.0465	0.0359	0.0512	0.0257	0.0642	0.0185
COG0252	0.0000	0.8905	0.0370	0.4410	0.1085	0.8178	0.0573	0.7957	0.0384	0.8404	0.0261
COG0253	0.0000	0.4737	0.1229	0.0527	0.0411	0.3079	0.0758	0.4625	0.1166	0.5177	0.1256
COG0254	0.0000	0.0000	0.0000	0.0000	0.0000	0.0000	0.0000	0.0002	0.0001	0.0005	0.0003
COG0255	0.1450	0.9975	0.0006	1.0000	0.0000	0.9999	0.0000	0.9989	0.0004	0.9952	0.0011
COG0256	0.2400	0.9964	0.0011	1.0000	0.0000	0.9999	0.0000	0.9995	0.0001	0.9984	0.0004
COG0257	0.0000	0.0008	0.0007	0.0001	0.0001	0.0005	0.0004	0.0018	0.0014	0.0036	0.0022
COG0258	0.0000	0.8536	0.0273	0.1969	0.0809	0.7048	0.0827	0.7869	0.0376	0.8768	0.0158
COG0259	0.0000	0.0002	0.0001	0.0000	0.0000	0.0002	0.0001	0.0007	0.0004	0.0009	0.0005
COG0260	0.0000	0.0030	0.0031	0.0004	0.0004	0.0035	0.0026	0.0117	0.0094	0.0204	0.0123
COG0261	0.0000	0.0001	0.0001	0.0000	0.0000	0.0000	0.0000	0.0002	0.0001	0.0005	0.0004
COG0262	0.0000	0.0100	0.0073	0.0010	0.0008	0.0033	0.0017	0.0091	0.0034	0.0227	0.0088
COG0263	0.0000	0.1982	0.0774	0.0067	0.0035	0.0360	0.0248	0.1018	0.0582	0.0915	0.0441
COG0264	0.0000	0.0001	0.0001	0.0000	0.0000	0.0001	0.0001	0.0003	0.0002	0.0008	0.0005
COG0265	0.0000	0.0864	0.0354	0.0015	0.0007	0.0297	0.0167	0.0714	0.0441	0.1175	0.0663
COG0266	0.0000	0.0276	0.0158	0.0025	0.0014	0.0136	0.0068	0.0353	0.0128	0.0766	0.0242
COG0267	0.0000	0.0009	0.0006	0.0001	0.0001	0.0004	0.0003	0.0017	0.0013	0.0032	0.0021
COG0268	0.0000	0.0002	0.0002	0.0000	0.0000	0.0002	0.0002	0.0007	0.0007	0.0015	0.0013
COG0269	0.0450	0.9974	0.0012	0.9998	0.0001	0.9991	0.0009	0.9973	0.0034	0.9063	0.0923
COG0270	0.0400	0.8251	0.0296	0.9966	0.0025	0.9735	0.0150	0.0916	0.0186	0.1281	0.0223
COG0271	0.0000	0.0021	0.0012	0.0016	0.0014	0.0035	0.0033	0.0046	0.0046	0.0045	0.0039
COG0272	0.0000	0.0105	0.0042	0.0001	0.0001	0.0024	0.0013	0.0115	0.0044	0.0268	0.0095
COG0274	0.0000	0.2008	0.0796	0.0183	0.0090	0.0521	0.0234	0.0920	0.0305	0.1220	0.0313
COG0275	0.0000	0.0004	0.0003	0.0000	0.0000	0.0002	0.0001	0.0009	0.0005	0.0021	0.0011
COG0276	0.0000	0.0122	0.0087	0.0005	0.0004	0.0041	0.0042	0.0047	0.0032	0.0038	0.0024
COG0277	0.0000	0.5458	0.1195	0.0658	0.0321	0.0980	0.0503	0.2287	0.0849	0.2097	0.0755
COG0278	0.0000	0.0014	0.0008	0.0006	0.0005	0.0026	0.0021	0.0059	0.0057	0.0077	0.0063
COG0279	0.0000	0.0276	0.0104	0.0076	0.0026	0.0111	0.0042	0.0161	0.0059	0.0229	0.0088
COG0280	0.0000	0.0049	0.0021	0.0008	0.0006	0.0054	0.0025	0.0075	0.0028	0.0236	0.0097
COG0281	0.0150	0.9976	0.0012	1.0000	0.0000	0.9999	0.0001	0.9391	0.0276	0.9235	0.0331
COG0282	0.0000	0.0059	0.0016	0.0006	0.0003	0.0041	0.0019	0.0095	0.0035	0.0274	0.0079
COG0283	0.0000	0.0007	0.0003	0.0000	0.0000	0.0003	0.0002	0.0011	0.0004	0.0023	0.0009
COG0284	0.0000	0.9482	0.0208	0.4218	0.1872	0.8391	0.0854	0.8977	0.0359	0.8614	0.0306
COG0285	0.0000	0.0237	0.0153	0.0013	0.0007	0.0191	0.0086	0.0415	0.0229	0.0628	0.0363
COG0286	0.0050	0.9669	0.0107	0.9995	0.0005	0.1734	0.0511	0.0888	0.0269	0.1296	0.0289
COG0287	0.0000	0.0536	0.0306	0.0023	0.0011	0.0166	0.0102	0.0303	0.0153	0.0358	0.0212
COG0288	0.0000	0.0605	0.0220	0.0019	0.0008	0.0102	0.0039	0.0191	0.0070	0.0442	0.0112
COG0289	0.0000	0.6106	0.0899	0.0717	0.0553	0.3192	0.0850	0.4521	0.0932	0.5516	0.1118
COG0290	0.0000	0.0005	0.0004	0.0000	0.0000	0.0002	0.0001	0.0008	0.0006	0.0020	0.0012
COG0291	0.0000	0.0010	0.0006	0.0001	0.0001	0.0007	0.0006	0.0013	0.0008	0.0028	0.0015
COG0292	0.0000	0.0004	0.0003	0.0000	0.0000	0.0002	0.0001	0.0006	0.0005	0.0014	0.0009
COG0293	0.4500	0.9853	0.0073	0.9988	0.0004	0.9947	0.0028	0.9930	0.0039	0.9816	0.0112
COG0294	0.0000	0.9756	0.0053	0.6014	0.1732	0.8303	0.0734	0.8435	0.0615	0.8766	0.0491
COG0295	0.0050	0.2563	0.0778	0.9481	0.0265	0.0085	0.0038	0.0259	0.0119	0.0432	0.0148
COG0296	0.0000	0.0107	0.0035	0.0008	0.0006	0.0046	0.0022	0.0136	0.0067	0.0211	0.0073
COG0297	0.0000	0.1451	0.0707	0.0045	0.0028	0.0526	0.0353	0.1227	0.0786	0.2127	0.0866
COG0298	0.0000	0.9319	0.0217	0.5997	0.1872	0.8540	0.0555	0.8383	0.0590	0.8857	0.0413
COG0299	0.0000	0.1234	0.0425	0.0053	0.0027	0.0455	0.0169	0.1760	0.0595	0.1765	0.0670
COG0300	0.0000	0.0382	0.0193	0.0020	0.0009	0.0055	0.0030	0.0179	0.0092	0.0258	0.0123
COG0301	0.0150	0.9943	0.0020	1.0000	0.0000	0.9997	0.0001	0.7677	0.0497	0.8430	0.0362
COG0302	0.0000	0.0106	0.0046	0.0040	0.0014	0.0185	0.0062	0.0181	0.0067	0.0229	0.0106
COG0303	0.0000	0.9895	0.0043	0.7749	0.2126	0.9506	0.0230	0.9518	0.0267	0.9066	0.0515
COG0304	0.0000	0.0033	0.0026	0.0002	0.0001	0.0011	0.0005	0.0033	0.0016	0.0052	0.0029
COG0305	0.0000	0.0015	0.0005	0.0000	0.0000	0.0006	0.0003	0.0033	0.0010	0.0090	0.0023
COG0306	0.2250	0.9749	0.0111	0.9987	0.0004	0.9961	0.0016	0.9654	0.0140	0.9517	0.0169
COG0307	0.0000	0.0201	0.0214	0.0004	0.0004	0.0076	0.0079	0.0260	0.0257	0.0170	0.0167
COG0308	0.0050	0.6044	0.1154	0.9927	0.0026	0.0589	0.0165	0.0796	0.0225	0.0814	0.0240
COG0309	0.2200	0.9990	0.0007	0.9993	0.0019	0.9992	0.0013	0.9964	0.0045	0.9912	0.0075
COG0310	0.0050	0.9798	0.0059	0.9973	0.0024	0.3585	0.1035	0.2266	0.0824	0.3173	0.1090
COG0311	0.2300	0.9905	0.0038	0.9968	0.0027	0.9918	0.0053	0.9881	0.0040	0.9648	0.0155
COG0312	0.0150	0.9938	0.0023	0.9997	0.0005	0.9990	0.0012	0.8073	0.0599	0.8447	0.0462
COG0313	0.0000	0.0002	0.0001	0.0000	0.0000	0.0003	0.0001	0.0014	0.0006	0.0035	0.0017
COG0314	0.0000	0.9504	0.0095	0.5367	0.1949	0.8406	0.0680	0.8889	0.0577	0.8673	0.0538
COG0315	0.0450	0.9939	0.0014	0.9945	0.0084	0.9982	0.0014	0.9949	0.0034	0.8219	0.0595
COG0316	0.0000	0.0211	0.0140	0.0041	0.0024	0.0125	0.0078	0.0470	0.0223	0.0826	0.0428
COG0317	0.0000	0.0053	0.0035	0.0002	0.0002	0.0020	0.0010	0.0063	0.0029	0.0133	0.0079
COG0318	0.0000	0.3375	0.0898	0.0425	0.0188	0.0524	0.0152	0.1214	0.0222	0.1684	0.0388
COG0319	0.0000	0.0000	0.0000	0.0000	0.0000	0.0000	0.0000	0.0001	0.0001	0.0004	0.0002
COG0320	0.0000	0.0587	0.0185	0.0032	0.0012	0.0057	0.0026	0.0133	0.0065	0.0182	0.0122
COG0321	0.0000	0.0018	0.0012	0.0002	0.0002	0.0011	0.0007	0.0044	0.0022	0.0045	0.0018
COG0322	0.0000	0.0379	0.0209	0.0005	0.0002	0.0046	0.0013	0.0172	0.0077	0.0430	0.0192
COG0323	0.0000	0.1678	0.0639	0.0072	0.0050	0.0250	0.0132	0.0515	0.0169	0.0988	0.0285
COG0324	0.0000	0.0002	0.0001	0.0000	0.0000	0.0001	0.0000	0.0004	0.0003	0.0010	0.0007
COG0325	0.0000	0.0497	0.0158	0.0034	0.0016	0.0092	0.0048	0.0173	0.0083	0.0236	0.0091
COG0326	0.0000	0.0169	0.0058	0.0009	0.0004	0.0049	0.0025	0.0168	0.0070	0.0207	0.0073
COG0327	0.0000	0.3207	0.1128	0.0310	0.0196	0.0983	0.0545	0.1494	0.0457	0.2208	0.0782
COG0328	0.0000	0.1032	0.0381	0.0129	0.0057	0.0531	0.0191	0.0922	0.0358	0.1608	0.0464
COG0329	0.0100	0.9844	0.0046	0.9991	0.0007	0.6260	0.0678	0.6594	0.0788	0.6955	0.0761
COG0330	0.2200	0.9957	0.0012	0.9999	0.0001	0.9990	0.0004	0.9957	0.0010	0.9876	0.0023
COG0331	0.0000	0.0039	0.0021	0.0003	0.0002	0.0014	0.0008	0.0026	0.0015	0.0033	0.0018
COG0332	0.0000	0.0094	0.0056	0.0008	0.0003	0.0051	0.0022	0.0071	0.0021	0.0127	0.0040
COG0333	0.0000	0.0002	0.0001	0.0000	0.0000	0.0002	0.0001	0.0004	0.0003	0.0012	0.0007
COG0334	0.0000	0.5014	0.0963	0.0422	0.0142	0.1555	0.0538	0.2966	0.0963	0.4163	0.1096
COG0335	0.0000	0.0001	0.0001	0.0000	0.0000	0.0000	0.0000	0.0002	0.0002	0.0009	0.0005
COG0336	0.0000	0.0001	0.0000	0.0000	0.0000	0.0000	0.0000	0.0002	0.0001	0.0008	0.0004
COG0337	0.0000	0.0598	0.0493	0.0043	0.0029	0.0254	0.0102	0.0397	0.0152	0.0438	0.0294
COG0338	0.0000	0.2171	0.0592	0.0208	0.0083	0.0330	0.0116	0.0416	0.0119	0.0404	0.0144
COG0339	0.0000	0.0012	0.0006	0.0009	0.0009	0.0023	0.0024	0.0043	0.0029	0.0061	0.0041
COG0340	0.0000	0.7468	0.1294	0.0716	0.0562	0.2757	0.0956	0.3329	0.0952	0.2734	0.1071
COG0341	0.0000	0.1867	0.1273	0.0174	0.0164	0.0436	0.0325	0.1239	0.0598	0.2304	0.0760
COG0342	0.0050	0.5627	0.1947	0.9796	0.0183	0.0669	0.0329	0.1245	0.0358	0.2872	0.0944
COG0343	0.6600	0.9991	0.0004	0.9999	0.0002	0.9988	0.0007	0.9963	0.0019	0.9913	0.0034
COG0344	0.0000	0.0044	0.0019	0.0004	0.0002	0.0016	0.0009	0.0051	0.0027	0.0083	0.0032
COG0345	0.0050	0.9057	0.0244	0.9778	0.0131	0.1026	0.0749	0.2220	0.1053	0.2235	0.0752
COG0346	0.0050	0.8091	0.0687	0.9820	0.0075	0.0374	0.0194	0.0692	0.0250	0.0803	0.0303
COG0347	0.0000	0.6405	0.1000	0.0781	0.0715	0.1414	0.0647	0.3028	0.1083	0.2641	0.1045
COG0348	0.0000	0.4466	0.0648	0.0277	0.0098	0.1032	0.0211	0.1264	0.0494	0.1411	0.0780
COG0349	0.0000	0.0029	0.0020	0.0019	0.0018	0.0068	0.0045	0.0069	0.0043	0.0082	0.0049
COG0350	0.0000	0.8272	0.0715	0.1001	0.0829	0.2562	0.1121	0.4435	0.1319	0.5270	0.0735
COG0351	0.0000	0.9212	0.0240	0.3264	0.1972	0.7427	0.0974	0.7675	0.1208	0.7793	0.0944
COG0352	0.0000	0.1437	0.0379	0.0112	0.0090	0.0678	0.0267	0.1059	0.0255	0.1210	0.0376
COG0353	0.0000	0.0000	0.0000	0.0000	0.0000	0.0000	0.0000	0.0001	0.0001	0.0002	0.0002
COG0354	0.0000	0.0009	0.0007	0.0007	0.0009	0.0021	0.0017	0.0030	0.0019	0.0045	0.0027
COG0355	0.0000	0.0025	0.0011	0.0001	0.0000	0.0008	0.0004	0.0026	0.0010	0.0042	0.0013
COG0356	0.0000	0.0015	0.0004	0.0001	0.0001	0.0011	0.0003	0.0029	0.0006	0.0038	0.0005
COG0357	0.0000	0.0020	0.0017	0.0001	0.0001	0.0006	0.0004	0.0016	0.0010	0.0019	0.0009
COG0358	0.8800	0.9993	0.0002	1.0000	0.0000	0.9997	0.0002	0.9955	0.0027	0.9889	0.0048
COG0359	0.0000	0.0002	0.0001	0.0000	0.0000	0.0001	0.0001	0.0005	0.0004	0.0016	0.0009
COG0360	0.0000	0.0005	0.0005	0.0000	0.0000	0.0004	0.0005	0.0017	0.0012	0.0033	0.0019
COG0361	0.0100	0.9881	0.0040	1.0000	0.0000	0.6220	0.0675	0.7469	0.0595	0.8402	0.0362
COG0362	0.0000	0.0053	0.0025	0.0004	0.0002	0.0024	0.0014	0.0057	0.0022	0.0089	0.0032
COG0363	0.0000	0.0041	0.0014	0.0008	0.0003	0.0025	0.0007	0.0088	0.0035	0.0141	0.0063
COG0364	0.0000	0.0012	0.0008	0.0002	0.0002	0.0007	0.0005	0.0023	0.0012	0.0041	0.0021
COG0365	0.0050	0.9250	0.0304	0.9971	0.0017	0.3766	0.1280	0.4544	0.1051	0.4725	0.0828
COG0366	0.0000	0.0557	0.0199	0.0048	0.0024	0.0130	0.0051	0.0259	0.0070	0.0478	0.0135
COG0367	0.0200	0.9620	0.0084	0.9986	0.0010	0.9980	0.0007	0.5740	0.0685	0.4748	0.0800
COG0368	0.0600	0.9848	0.0059	0.9930	0.0062	0.9373	0.0273	0.9190	0.0455	0.2640	0.1278
COG0369	0.0000	0.4023	0.1134	0.0251	0.0204	0.0704	0.0585	0.2086	0.0901	0.1532	0.0510
COG0370	0.0550	0.9981	0.0007	0.9998	0.0005	0.9996	0.0003	0.9987	0.0007	0.9260	0.0242
COG0371	0.0100	0.9959	0.0016	0.9999	0.0002	0.8309	0.0471	0.8097	0.0501	0.7997	0.0479
COG0372	0.0000	0.2388	0.0927	0.0193	0.0136	0.0540	0.0337	0.0588	0.0272	0.0754	0.0334
COG0373	0.0000	0.8062	0.0993	0.1105	0.0539	0.2456	0.1067	0.1869	0.1340	0.2095	0.1136
COG0374	0.0000	0.6653	0.1091	0.1309	0.0838	0.2683	0.0777	0.3294	0.1071	0.5050	0.1335
COG0375	0.0150	0.9889	0.0029	0.9994	0.0012	0.9971	0.0012	0.7304	0.0783	0.7897	0.0514
COG0376	0.0000	0.0241	0.0090	0.0040	0.0027	0.0096	0.0039	0.0160	0.0053	0.0185	0.0047
COG0377	0.0100	0.8991	0.0609	0.8411	0.0836	0.0089	0.0052	0.0223	0.0096	0.0362	0.0186
COG0378	0.0050	0.9061	0.0421	0.9923	0.0081	0.2473	0.0718	0.3224	0.0834	0.5596	0.0806
COG0379	0.1100	0.9791	0.0130	0.9934	0.0043	0.9954	0.0051	0.9599	0.0164	0.9502	0.0123
COG0380	0.0000	0.1079	0.0208	0.0086	0.0041	0.0679	0.0193	0.0822	0.0252	0.0760	0.0135
COG0381	0.0350	0.9174	0.0251	0.9967	0.0021	0.9930	0.0033	0.1843	0.0488	0.1461	0.0421
COG0382	0.7500	0.9997	0.0001	0.9999	0.0001	0.9997	0.0001	0.9991	0.0005	0.9983	0.0005
COG0383	0.0000	0.0766	0.0172	0.0077	0.0017	0.0186	0.0052	0.0268	0.0061	0.0384	0.0089
COG0384	0.0000	0.1468	0.0370	0.0050	0.0030	0.0197	0.0107	0.0230	0.0093	0.0226	0.0069
COG0385	0.0000	0.0605	0.0163	0.0045	0.0019	0.0188	0.0052	0.0672	0.0155	0.1043	0.0213
COG0386	0.0000	0.0003	0.0001	0.0001	0.0001	0.0002	0.0001	0.0005	0.0002	0.0011	0.0004
COG0387	0.0000	0.0105	0.0043	0.0027	0.0015	0.0106	0.0053	0.0092	0.0038	0.0108	0.0034
COG0388	0.0150	0.9841	0.0053	0.9983	0.0012	0.9943	0.0030	0.3519	0.1236	0.3546	0.0874
COG0389	0.0000	0.0607	0.0373	0.0021	0.0008	0.0055	0.0024	0.0239	0.0129	0.0526	0.0253
COG0390	0.0000	0.0576	0.0195	0.0017	0.0010	0.0135	0.0068	0.0146	0.0064	0.0152	0.0076
COG0391	0.0050	0.8928	0.0537	0.9974	0.0017	0.2476	0.0536	0.3672	0.0631	0.3680	0.1086
COG0392	0.2000	0.9945	0.0028	0.9999	0.0001	0.9994	0.0002	0.9950	0.0013	0.9891	0.0050
COG0393	0.0000	0.3137	0.0785	0.0297	0.0168	0.0605	0.0174	0.1310	0.0278	0.2428	0.0598
COG0394	0.0000	0.4284	0.0803	0.0177	0.0099	0.0738	0.0271	0.0686	0.0219	0.0911	0.0249
COG0395	0.0050	0.1799	0.0537	0.8353	0.0624	0.0061	0.0028	0.0132	0.0073	0.0180	0.0116
COG0396	0.0500	0.9612	0.0194	0.9992	0.0006	0.9987	0.0007	0.9960	0.0023	0.8504	0.0549
COG0397	0.0000	0.0012	0.0007	0.0003	0.0002	0.0013	0.0007	0.0037	0.0017	0.0057	0.0024
COG0398	0.0000	0.0227	0.0131	0.0005	0.0002	0.0057	0.0023	0.0138	0.0055	0.0226	0.0084
COG0399	0.0050	0.9767	0.0136	0.9992	0.0014	0.5156	0.1617	0.3364	0.1285	0.2052	0.0574
COG0400	0.0000	0.0012	0.0010	0.0002	0.0002	0.0024	0.0012	0.0046	0.0025	0.0069	0.0030
COG0401	0.0000	0.0016	0.0011	0.0002	0.0001	0.0005	0.0003	0.0005	0.0003	0.0005	0.0003
COG0402	0.0000	0.9800	0.0086	0.8183	0.0633	0.9239	0.0395	0.9470	0.0246	0.9452	0.0253
COG0403	0.0000	0.4353	0.1770	0.0397	0.0183	0.0149	0.0086	0.0128	0.0094	0.0185	0.0125
COG0404	0.0000	0.3159	0.1362	0.0153	0.0121	0.0159	0.0106	0.0159	0.0099	0.0225	0.0091
COG0405	0.0000	0.0215	0.0112	0.0032	0.0014	0.0066	0.0038	0.0076	0.0035	0.0093	0.0037
COG0406	0.0000	0.0237	0.0134	0.0021	0.0013	0.0043	0.0025	0.0242	0.0131	0.0274	0.0145
COG0407	0.0600	0.9414	0.0302	0.9916	0.0067	0.9317	0.0394	0.8543	0.0837	0.0977	0.0472
COG0408	0.0000	0.0012	0.0008	0.0005	0.0005	0.0015	0.0009	0.0018	0.0012	0.0028	0.0016
COG0409	0.0000	0.9669	0.0114	0.7509	0.2395	0.9053	0.0453	0.8815	0.0542	0.8939	0.0394
COG0410	0.0000	0.4855	0.1586	0.0289	0.0131	0.0198	0.0075	0.0478	0.0191	0.0638	0.0263
COG0411	0.0000	0.5104	0.1707	0.0317	0.0204	0.0278	0.0132	0.0522	0.0197	0.0688	0.0230
COG0412	0.0000	0.0352	0.0104	0.0037	0.0014	0.0092	0.0021	0.0150	0.0038	0.0191	0.0048
COG0413	0.0000	0.2415	0.1200	0.0433	0.0205	0.1253	0.0831	0.1014	0.0595	0.0931	0.0539
COG0414	0.0000	0.0018	0.0017	0.0001	0.0001	0.0011	0.0010	0.0019	0.0015	0.0031	0.0022
COG0415	0.0000	0.0972	0.0298	0.0164	0.0072	0.0301	0.0112	0.0405	0.0150	0.0709	0.0223
COG0416	0.0000	0.0008	0.0004	0.0001	0.0000	0.0005	0.0002	0.0016	0.0005	0.0021	0.0006
COG0417	0.0050	0.9974	0.0015	0.9999	0.0001	0.7519	0.0968	0.8384	0.0668	0.9121	0.0357
COG0418	0.0000	0.0006	0.0003	0.0003	0.0002	0.0008	0.0007	0.0010	0.0007	0.0012	0.0008
COG0419	0.0300	0.9907	0.0028	0.9995	0.0006	0.9982	0.0009	0.4107	0.1378	0.6119	0.1025
COG0420	0.0200	0.9957	0.0012	0.9999	0.0002	0.9993	0.0004	0.5459	0.1771	0.6825	0.0942
COG0421	0.0000	0.4143	0.1221	0.0285	0.0309	0.2961	0.1065	0.2745	0.1122	0.2432	0.1385
COG0422	0.0200	0.9914	0.0036	0.9982	0.0013	0.9982	0.0013	0.7897	0.1029	0.7757	0.0952
COG0423	0.0900	0.9869	0.0038	1.0000	0.0000	0.9994	0.0001	0.9964	0.0012	0.8946	0.0247
COG0424	0.0000	0.1705	0.0682	0.0107	0.0036	0.0233	0.0108	0.0503	0.0225	0.0547	0.0268
COG0425	0.0800	0.9405	0.0141	0.9797	0.0153	0.9399	0.0418	0.8577	0.0670	0.0815	0.0350
COG0426	0.1750	0.9898	0.0037	0.9988	0.0009	0.9913	0.0044	0.9659	0.0221	0.9240	0.0399
COG0427	0.0000	0.0722	0.0227	0.0030	0.0012	0.0147	0.0050	0.0220	0.0069	0.0416	0.0110
COG0428	0.0950	0.9007	0.0314	0.9992	0.0004	0.9959	0.0013	0.9834	0.0056	0.3444	0.0880
COG0429	0.0000	0.0007	0.0003	0.0004	0.0002	0.0005	0.0002	0.0009	0.0002	0.0012	0.0002
COG0430	0.0300	0.9969	0.0011	0.9997	0.0006	0.9995	0.0003	0.7572	0.1537	0.8741	0.0671
COG0431	0.0000	0.0221	0.0131	0.0008	0.0002	0.0045	0.0016	0.0105	0.0038	0.0150	0.0064
COG0432	0.0100	0.9946	0.0026	0.9996	0.0004	0.7211	0.1357	0.8108	0.0877	0.8284	0.0490
COG0433	0.0050	0.9931	0.0030	0.9999	0.0002	0.7793	0.0916	0.7452	0.0643	0.7768	0.0590
COG0434	0.0050	0.5957	0.1574	0.9836	0.0077	0.0147	0.0070	0.0234	0.0107	0.0417	0.0136
COG0435	0.0000	0.0022	0.0014	0.0003	0.0003	0.0020	0.0014	0.0027	0.0019	0.0028	0.0019
COG0436	0.6200	0.9999	0.0000	1.0000	0.0000	0.9999	0.0001	0.9998	0.0001	0.9994	0.0002
COG0437	0.3800	0.9768	0.0055	0.9919	0.0068	0.9852	0.0104	0.9716	0.0153	0.9449	0.0206
COG0438	0.0000	0.9546	0.0144	0.0385	0.0211	0.5372	0.1065	0.6786	0.1017	0.7242	0.0680
COG0439	0.0000	0.2342	0.0407	0.0163	0.0042	0.0737	0.0251	0.1558	0.0291	0.2090	0.0418
COG0440	0.0000	0.9291	0.0377	0.1207	0.2029	0.3931	0.2038	0.6989	0.1279	0.6656	0.1037
COG0441	0.0150	0.9878	0.0025	1.0000	0.0000	0.9995	0.0003	0.7068	0.0489	0.8249	0.0289
COG0442	0.1750	0.0695	0.0512	0.8421	0.0711	0.7386	0.0851	0.5033	0.1162	0.3797	0.1252
COG0443	0.0000	0.0695	0.0331	0.0006	0.0002	0.0177	0.0055	0.1012	0.0275	0.1686	0.0459
COG0444	0.0100	0.9651	0.0137	0.9948	0.0025	0.0712	0.0454	0.3375	0.1521	0.2735	0.1564
COG0445	0.0000	0.0006	0.0005	0.0001	0.0001	0.0002	0.0002	0.0007	0.0006	0.0013	0.0010
COG0446	0.0000	0.9540	0.0208	0.4694	0.1339	0.5644	0.1180	0.6565	0.1181	0.6241	0.0860
COG0447	0.0100	0.1186	0.0655	0.4612	0.2136	0.0030	0.0012	0.0056	0.0022	0.0056	0.0022
COG0448	0.0000	0.8179	0.0560	0.2977	0.1740	0.4661	0.1089	0.5991	0.0679	0.6576	0.0476
COG0449	0.5200	0.9985	0.0004	0.9998	0.0002	0.9997	0.0001	0.9975	0.0010	0.9843	0.0075
COG0450	0.0000	0.5543	0.0667	0.0569	0.0260	0.4118	0.1012	0.4225	0.1034	0.5340	0.0826
COG0451	0.0350	0.9969	0.0010	0.9999	0.0001	0.9995	0.0004	0.7207	0.0672	0.6728	0.0658
COG0452	0.1900	0.9954	0.0018	0.9994	0.0005	0.9985	0.0008	0.9961	0.0019	0.9892	0.0040
COG0454	0.0000	0.6930	0.0989	0.0194	0.0116	0.0959	0.0452	0.2337	0.0731	0.3231	0.0806
COG0455	0.0200	0.8821	0.0516	0.9967	0.0017	0.9906	0.0054	0.2939	0.0691	0.4075	0.1031
COG0456	0.0350	0.9994	0.0003	1.0000	0.0000	0.9998	0.0001	0.8856	0.0516	0.8518	0.0555
COG0457	0.0000	0.5360	0.1080	0.0118	0.0064	0.0780	0.0466	0.1534	0.0748	0.2272	0.0767
COG0458	0.0000	0.8829	0.0398	0.2888	0.1745	0.7845	0.0579	0.9105	0.0114	0.8322	0.0320
COG0459	0.1200	0.9997	0.0002	1.0000	0.0000	1.0000	0.0000	0.9999	0.0001	0.9996	0.0002
COG0460	0.0350	0.9908	0.0029	0.9977	0.0026	0.9981	0.0012	0.7895	0.0643	0.7229	0.0570
COG0461	0.3050	0.9956	0.0010	0.9994	0.0007	0.9994	0.0004	0.9979	0.0007	0.9948	0.0014
COG0462	0.0000	0.9363	0.0126	0.4615	0.1413	0.8062	0.0399	0.8818	0.0300	0.8827	0.0294
COG0463	0.0000	0.9608	0.0101	0.2248	0.0966	0.7937	0.0451	0.8574	0.0315	0.8664	0.0333
COG0464	0.0000	0.9971	0.0015	0.8801	0.0756	0.9543	0.0246	0.9661	0.0138	0.9775	0.0092
COG0465	0.0000	0.0009	0.0004	0.0000	0.0000	0.0003	0.0001	0.0026	0.0010	0.0081	0.0033
COG0466	0.0000	0.7695	0.0968	0.1432	0.0636	0.4637	0.1685	0.6176	0.1422	0.7241	0.1172
COG0467	0.0000	0.9603	0.0188	0.3177	0.1228	0.7992	0.0657	0.7871	0.0625	0.7843	0.0855
COG0468	0.0600	0.9995	0.0002	1.0000	0.0000	1.0000	0.0000	0.9998	0.0001	0.9806	0.0085
COG0469	0.0050	0.9964	0.0020	1.0000	0.0001	0.8585	0.0525	0.9073	0.0213	0.9420	0.0123
COG0470	0.0100	0.9934	0.0030	0.9999	0.0001	0.8940	0.0428	0.9267	0.0247	0.9458	0.0155
COG0471	0.0750	0.6509	0.0348	0.9763	0.0066	0.9135	0.0160	0.7437	0.0573	0.0490	0.0229
COG0472	0.0450	0.8383	0.0684	0.9994	0.0006	0.9962	0.0029	0.9620	0.0180	0.2993	0.0825
COG0473	0.0050	0.9958	0.0010	0.9943	0.0042	0.6187	0.2007	0.7990	0.1197	0.7616	0.0903
COG0474	0.0000	0.5565	0.0974	0.0636	0.0195	0.2875	0.0718	0.3657	0.0700	0.4902	0.0987
COG0475	0.1950	0.9602	0.0094	0.9990	0.0004	0.9968	0.0014	0.9905	0.0037	0.9778	0.0086
COG0476	0.0800	0.9894	0.0031	0.9976	0.0023	0.9972	0.0016	0.9950	0.0027	0.6864	0.0486
COG0477	0.0000	0.9839	0.0057	0.3373	0.1435	0.7098	0.0655	0.8436	0.0429	0.8691	0.0254
COG0478	0.0050	0.9619	0.0154	0.9965	0.0039	0.1426	0.0756	0.1859	0.0896	0.1938	0.0854
COG0479	0.0000	0.4611	0.0864	0.0295	0.0278	0.0908	0.0449	0.1729	0.0448	0.1213	0.0340
COG0480	0.7650	0.9988	0.0003	1.0000	0.0000	0.9998	0.0001	0.9987	0.0005	0.9955	0.0015
COG0481	0.0000	0.0000	0.0000	0.0000	0.0000	0.0000	0.0000	0.0001	0.0001	0.0004	0.0003
COG0482	0.0000	0.0002	0.0001	0.0000	0.0000	0.0000	0.0000	0.0004	0.0002	0.0014	0.0007
COG0483	0.2650	0.9840	0.0059	0.9975	0.0017	0.9943	0.0037	0.9834	0.0067	0.9729	0.0098
COG0484	0.0000	0.0593	0.0247	0.0006	0.0003	0.0185	0.0044	0.0768	0.0189	0.1514	0.0382
COG0486	0.0050	0.0173	0.0079	0.6060	0.1205	0.0016	0.0012	0.0027	0.0014	0.0046	0.0023
COG0488	0.0000	0.0075	0.0044	0.0006	0.0004	0.0037	0.0018	0.0113	0.0062	0.0257	0.0140
COG0489	0.0000	0.9219	0.0154	0.3405	0.1329	0.6497	0.1321	0.7101	0.0915	0.7485	0.0568
COG0490	0.0000	0.1008	0.0512	0.0101	0.0062	0.0665	0.0146	0.0644	0.0146	0.0586	0.0186
COG0491	0.0050	0.9948	0.0014	0.9999	0.0001	0.3731	0.0878	0.6011	0.0644	0.7361	0.0610
COG0492	0.0200	0.9852	0.0073	0.9999	0.0001	0.9997	0.0002	0.7466	0.0783	0.8028	0.0519
COG0493	0.0000	0.7975	0.0746	0.2739	0.1040	0.2232	0.0554	0.3866	0.0739	0.3366	0.0562
COG0494	0.0000	0.1907	0.0794	0.0128	0.0066	0.0711	0.0356	0.1238	0.0453	0.1952	0.0453
COG0495	0.0100	0.9818	0.0037	1.0000	0.0000	0.5409	0.0836	0.7597	0.0582	0.8722	0.0265
COG0496	0.0450	0.9455	0.0151	0.9962	0.0017	0.9875	0.0057	0.9440	0.0270	0.2159	0.0997
COG0497	0.0000	0.0053	0.0026	0.0003	0.0002	0.0008	0.0004	0.0023	0.0012	0.0041	0.0026
COG0498	0.1950	0.9989	0.0004	0.9998	0.0004	0.9997	0.0002	0.9989	0.0006	0.9936	0.0025
COG0499	0.6600	0.9994	0.0002	0.9997	0.0003	0.9994	0.0003	0.9989	0.0004	0.9964	0.0010
COG0500	0.0150	0.9997	0.0002	1.0000	0.0000	0.9999	0.0001	0.8992	0.0533	0.9410	0.0277
COG0501	0.4300	0.7359	0.0574	0.9578	0.0195	0.8979	0.0458	0.8428	0.0470	0.7743	0.0596
COG0502	0.0300	0.5810	0.0756	0.9808	0.0090	0.9499	0.0227	0.1641	0.0411	0.1984	0.0514
COG0503	0.0000	0.6967	0.0497	0.1909	0.0672	0.4900	0.0906	0.4597	0.0803	0.3873	0.0862
COG0504	0.8350	0.9995	0.0002	1.0000	0.0001	0.9997	0.0001	0.9983	0.0007	0.9909	0.0033
COG0505	0.0500	0.9684	0.0096	0.9906	0.0067	0.9961	0.0038	0.9955	0.0018	0.7423	0.0559
COG0506	0.0050	0.0979	0.0422	0.5932	0.1135	0.0020	0.0009	0.0040	0.0023	0.0076	0.0031
COG0507	0.0000	0.0249	0.0115	0.0018	0.0013	0.0119	0.0066	0.0176	0.0073	0.0302	0.0102
COG0508	0.0000	0.0630	0.0147	0.0157	0.0066	0.0187	0.0053	0.0463	0.0126	0.0706	0.0157
COG0509	0.0000	0.8014	0.0975	0.1041	0.0817	0.0884	0.0508	0.0676	0.0410	0.0760	0.0349
COG0510	0.0000	0.0035	0.0016	0.0008	0.0004	0.0021	0.0007	0.0030	0.0009	0.0057	0.0016
COG0511	0.0000	0.0573	0.0282	0.0032	0.0017	0.0085	0.0054	0.0177	0.0086	0.0335	0.0109
COG0512	0.0000	0.8682	0.0288	0.1287	0.2017	0.5353	0.1822	0.4861	0.1386	0.3232	0.1316
COG0513	0.0000	0.7840	0.0534	0.1183	0.0467	0.5178	0.0462	0.7000	0.0236	0.7846	0.0347
COG0514	0.0000	0.0888	0.0343	0.0061	0.0031	0.0215	0.0060	0.0359	0.0105	0.0709	0.0183
COG0515	0.0000	0.1756	0.0484	0.0140	0.0062	0.0691	0.0231	0.1128	0.0272	0.1610	0.0360
COG0516	0.0750	0.7422	0.1108	0.9896	0.0074	0.9789	0.0130	0.9397	0.0381	0.1499	0.0651
COG0517	0.0000	0.9887	0.0070	0.4948	0.1832	0.7929	0.1406	0.8788	0.0620	0.9109	0.0265
COG0518	0.0000	0.7755	0.0836	0.0575	0.0628	0.2668	0.1022	0.4854	0.1069	0.3912	0.1052
COG0519	0.4050	0.9969	0.0012	1.0000	0.0000	0.9995	0.0002	0.9971	0.0013	0.9885	0.0039
COG0520	0.2600	0.9618	0.0132	0.9991	0.0012	0.9950	0.0029	0.9867	0.0047	0.9570	0.0145
COG0521	0.0350	0.9949	0.0016	0.9968	0.0056	0.9984	0.0009	0.7486	0.0455	0.7229	0.0785
COG0522	0.0500	0.9897	0.0014	1.0000	0.0000	0.9997	0.0001	0.9975	0.0007	0.8616	0.0219
COG0523	0.0000	0.1392	0.0693	0.0209	0.0124	0.0565	0.0312	0.0678	0.0337	0.0775	0.0278
COG0524	0.0000	0.8539	0.0465	0.1356	0.0772	0.4898	0.0975	0.6725	0.0843	0.6508	0.0869
COG0525	0.5050	0.9727	0.0118	0.9999	0.0001	0.9987	0.0010	0.9891	0.0082	0.9755	0.0123
COG0526	0.0350	0.9967	0.0013	0.9998	0.0002	0.9997	0.0002	0.7221	0.0814	0.7603	0.0493
COG0527	0.0450	0.9927	0.0024	0.9996	0.0005	0.9993	0.0004	0.9974	0.0010	0.8500	0.0550
COG0528	0.0300	0.9942	0.0020	1.0000	0.0000	0.9999	0.0001	0.8975	0.0302	0.9102	0.0149
COG0529	0.0000	0.5014	0.0553	0.0406	0.0231	0.1119	0.0484	0.1314	0.0302	0.1602	0.0334
COG0530	0.0850	0.9604	0.0089	0.9986	0.0007	0.9961	0.0015	0.9901	0.0029	0.6429	0.0549
COG0531	0.0050	0.8884	0.0317	0.9970	0.0012	0.1736	0.0384	0.1827	0.0393	0.2731	0.0632
COG0532	0.1900	0.9901	0.0036	1.0000	0.0000	0.9997	0.0002	0.9981	0.0011	0.9939	0.0034
COG0533	0.9750	0.9997	0.0001	1.0000	0.0000	0.9999	0.0000	0.9992	0.0004	0.9974	0.0012
COG0534	0.0000	0.2459	0.0997	0.0323	0.0153	0.0981	0.0356	0.2272	0.0642	0.3009	0.0638
COG0535	0.5200	0.9999	0.0000	1.0000	0.0001	0.9997	0.0002	0.9984	0.0013	0.9962	0.0016
COG0536	0.0000	0.0001	0.0001	0.0000	0.0000	0.0000	0.0000	0.0003	0.0002	0.0009	0.0006
COG0537	0.0050	0.8970	0.0481	0.9996	0.0003	0.0967	0.0389	0.1932	0.0619	0.3222	0.0649
COG0538	0.0000	0.2179	0.0787	0.0213	0.0244	0.0991	0.0716	0.0450	0.0185	0.0580	0.0151
COG0539	0.0000	0.0003	0.0002	0.0000	0.0000	0.0003	0.0002	0.0012	0.0008	0.0025	0.0016
COG0540	0.6850	0.9992	0.0002	0.9998	0.0002	0.9998	0.0001	0.9994	0.0002	0.9976	0.0006
COG0541	0.0200	0.9923	0.0052	1.0000	0.0000	0.9997	0.0001	0.8390	0.0568	0.8800	0.0321
COG0542	0.0000	0.0085	0.0051	0.0001	0.0001	0.0011	0.0006	0.0062	0.0033	0.0168	0.0075
COG0543	0.0000	0.9478	0.0153	0.4371	0.1689	0.8087	0.0672	0.9100	0.0296	0.8723	0.0303
COG0544	0.0000	0.0001	0.0001	0.0000	0.0000	0.0000	0.0000	0.0002	0.0002	0.0007	0.0005
COG0545	0.0000	0.0012	0.0005	0.0006	0.0006	0.0018	0.0008	0.0045	0.0018	0.0067	0.0026
COG0546	0.0150	0.9532	0.0142	0.9989	0.0005	0.9972	0.0009	0.3955	0.0843	0.3945	0.0885
COG0547	0.0000	0.8508	0.0249	0.1579	0.2037	0.6339	0.1672	0.5574	0.1354	0.3718	0.1364
COG0548	0.2650	0.9928	0.0021	0.9888	0.0124	0.9976	0.0013	0.9887	0.0035	0.9675	0.0118
COG0549	0.0150	0.8434	0.0570	0.9989	0.0007	0.9749	0.0109	0.0746	0.0158	0.1159	0.0220
COG0550	0.0000	0.6929	0.0568	0.0465	0.0220	0.3091	0.0631	0.5316	0.0668	0.7091	0.0742
COG0551	0.0800	0.1820	0.0786	0.9369	0.0298	0.7232	0.0946	0.3767	0.0976	0.0116	0.0061
COG0552	0.1550	0.9955	0.0020	1.0000	0.0000	0.9997	0.0001	0.9981	0.0010	0.9959	0.0021
COG0553	0.0000	0.3977	0.0797	0.0111	0.0070	0.0418	0.0341	0.0659	0.0377	0.0750	0.0238
COG0554	0.0000	0.0732	0.0399	0.0044	0.0034	0.0074	0.0040	0.0191	0.0066	0.0257	0.0046
COG0555	0.1950	0.9789	0.0055	0.9858	0.0163	0.9887	0.0121	0.9764	0.0217	0.9551	0.0309
COG0556	0.0000	0.0614	0.0299	0.0005	0.0002	0.0051	0.0021	0.0225	0.0094	0.0536	0.0250
COG0557	0.0000	0.0084	0.0036	0.0005	0.0002	0.0037	0.0015	0.0090	0.0042	0.0142	0.0053
COG0558	0.0150	0.9595	0.0181	0.9993	0.0005	0.9966	0.0024	0.4921	0.1020	0.6667	0.0658
COG0559	0.0000	0.4441	0.1626	0.0252	0.0124	0.0175	0.0103	0.0347	0.0115	0.0439	0.0166
COG0560	0.0850	0.9561	0.0102	0.9988	0.0004	0.9958	0.0012	0.9918	0.0030	0.7276	0.0600
COG0561	0.2500	0.9488	0.0172	0.9980	0.0011	0.9787	0.0096	0.9623	0.0159	0.9293	0.0283
COG0562	0.0000	0.0049	0.0012	0.0007	0.0003	0.0039	0.0012	0.0053	0.0014	0.0134	0.0042
COG0563	0.1200	0.8754	0.0650	0.9979	0.0013	0.9718	0.0145	0.9105	0.0441	0.8823	0.0663
COG0564	0.0000	0.0001	0.0002	0.0000	0.0000	0.0001	0.0002	0.0008	0.0011	0.0024	0.0029
COG0565	0.3650	0.9886	0.0069	0.9982	0.0015	0.9850	0.0263	0.9807	0.0277	0.9714	0.0276
COG0566	0.0000	0.0004	0.0004	0.0000	0.0000	0.0003	0.0002	0.0015	0.0012	0.0035	0.0025
COG0567	0.0000	0.0001	0.0001	0.0000	0.0000	0.0001	0.0000	0.0002	0.0002	0.0006	0.0004
COG0568	0.0000	0.0026	0.0021	0.0000	0.0000	0.0007	0.0007	0.0045	0.0049	0.0112	0.0123
COG0569	0.0650	0.9495	0.0221	0.9988	0.0013	0.9959	0.0015	0.9903	0.0019	0.5967	0.1037
COG0571	0.0000	0.0157	0.0072	0.0010	0.0005	0.0054	0.0021	0.0227	0.0077	0.0433	0.0163
COG0572	0.0000	0.0245	0.0076	0.0016	0.0010	0.0101	0.0055	0.0173	0.0096	0.0507	0.0149
COG0573	0.0550	0.9620	0.0097	0.9920	0.0202	0.9856	0.0101	0.9097	0.0573	0.0930	0.0482
COG0574	0.0650	0.9941	0.0026	0.9999	0.0003	0.9991	0.0006	0.9966	0.0019	0.8036	0.0519
COG0575	0.6950	0.9991	0.0005	1.0000	0.0000	0.9997	0.0001	0.9985	0.0006	0.9966	0.0014
COG0576	0.0000	0.0803	0.0328	0.0014	0.0006	0.0300	0.0098	0.1094	0.0289	0.1709	0.0458
COG0577	0.0050	0.9757	0.0123	0.9998	0.0002	0.3572	0.0623	0.4312	0.0769	0.6100	0.0859
COG0578	0.0000	0.0490	0.0271	0.0025	0.0014	0.0054	0.0033	0.0139	0.0068	0.0170	0.0064
COG0579	0.0000	0.1089	0.0625	0.0298	0.0234	0.0336	0.0192	0.0359	0.0213	0.0366	0.0181
COG0580	0.0000	0.0183	0.0060	0.0030	0.0021	0.0078	0.0028	0.0352	0.0080	0.0545	0.0122
COG0581	0.0050	0.9921	0.0017	0.9977	0.0053	0.8557	0.0811	0.7070	0.1138	0.1310	0.0684
COG0582	0.0000	0.6972	0.0604	0.0597	0.0258	0.1877	0.0424	0.3375	0.0387	0.4068	0.0511
COG0583	0.0000	0.0994	0.0335	0.0077	0.0040	0.0167	0.0054	0.0532	0.0237	0.0802	0.0258
COG0584	0.0050	0.6990	0.0638	0.9875	0.0039	0.0409	0.0174	0.0477	0.0149	0.0893	0.0226
COG0585	0.0000	0.8508	0.0665	0.2340	0.0601	0.6672	0.0777	0.8066	0.0484	0.8271	0.0466
COG0586	0.0000	0.0591	0.0218	0.0057	0.0017	0.0340	0.0096	0.0448	0.0184	0.0524	0.0361
COG0587	0.0000	0.0004	0.0002	0.0000	0.0000	0.0002	0.0001	0.0013	0.0006	0.0040	0.0017
COG0588	0.0000	0.0397	0.0141	0.0162	0.0095	0.0324	0.0136	0.0336	0.0104	0.0808	0.0221
COG0589	0.0000	0.8938	0.0509	0.0689	0.0684	0.2340	0.1477	0.3977	0.1638	0.5248	0.1403
COG0590	0.0000	0.0233	0.0085	0.0019	0.0013	0.0120	0.0072	0.0242	0.0095	0.0461	0.0137
COG0591	0.0000	0.2531	0.0666	0.0198	0.0089	0.0604	0.0217	0.1214	0.0303	0.2329	0.0441
COG0592	0.8500	0.9986	0.0003	1.0000	0.0000	0.9995	0.0002	0.9971	0.0009	0.9937	0.0018
COG0593	0.0000	0.0015	0.0011	0.0000	0.0000	0.0004	0.0003	0.0021	0.0012	0.0044	0.0024
COG0594	0.0000	0.0011	0.0006	0.0001	0.0001	0.0007	0.0005	0.0028	0.0019	0.0054	0.0032
COG0595	0.0150	0.8843	0.0435	0.9986	0.0010	0.9920	0.0027	0.3334	0.0942	0.4301	0.0882
COG0596	0.0200	0.7379	0.0516	0.9937	0.0018	0.9476	0.0169	0.0543	0.0097	0.1013	0.0120
COG0597	0.0000	0.0005	0.0003	0.0000	0.0000	0.0003	0.0002	0.0010	0.0007	0.0030	0.0020
COG0598	0.0200	0.8624	0.0410	0.9983	0.0012	0.9949	0.0018	0.2315	0.0614	0.2112	0.0353
COG0599	0.0000	0.6528	0.0663	0.0696	0.0648	0.1795	0.0554	0.1666	0.0391	0.2652	0.0666
COG0600	0.1500	0.9639	0.0160	0.9976	0.0026	0.9645	0.0237	0.9595	0.0201	0.8322	0.0736
COG0601	0.0050	0.9769	0.0095	0.9910	0.0045	0.1842	0.1300	0.2271	0.1307	0.2253	0.0966
COG0602	0.0100	0.8994	0.0508	0.9839	0.0086	0.1877	0.1056	0.4222	0.1138	0.4277	0.1028
COG0603	0.0000	0.6724	0.1228	0.1301	0.0624	0.3512	0.1310	0.4577	0.1037	0.5904	0.1010
COG0604	0.0000	0.0455	0.0177	0.0050	0.0017	0.0157	0.0071	0.0184	0.0053	0.0234	0.0055
COG0605	0.0000	0.0255	0.0070	0.0009	0.0003	0.0195	0.0047	0.0364	0.0111	0.0476	0.0166
COG0606	0.0000	0.0030	0.0019	0.0001	0.0001	0.0014	0.0007	0.0025	0.0011	0.0060	0.0025
COG0607	0.0000	0.1038	0.0218	0.0045	0.0011	0.0203	0.0055	0.0358	0.0068	0.0691	0.0130
COG0608	0.6700	0.9996	0.0002	1.0000	0.0000	0.9998	0.0001	0.9992	0.0003	0.9974	0.0007
COG0609	0.3150	0.9964	0.0014	0.9987	0.0011	0.9970	0.0022	0.9947	0.0038	0.9764	0.0114
COG0610	0.0000	0.4282	0.0343	0.0304	0.0114	0.0833	0.0227	0.0358	0.0103	0.0568	0.0106
COG0611	0.0050	0.9961	0.0010	0.9994	0.0010	0.8353	0.0749	0.8699	0.0495	0.7047	0.0658
COG0612	0.0000	0.0076	0.0055	0.0005	0.0006	0.0029	0.0025	0.0115	0.0090	0.0269	0.0195
COG0613	0.0600	0.9809	0.0139	0.9995	0.0004	0.9987	0.0007	0.9968	0.0014	0.7900	0.0509
COG0614	0.0450	0.9962	0.0010	0.9995	0.0008	0.9992	0.0005	0.9971	0.0014	0.8209	0.0559
COG0615	0.0000	0.8821	0.0186	0.2879	0.1139	0.5981	0.0682	0.7797	0.0367	0.8247	0.0240
COG0616	0.1900	0.9724	0.0097	0.9904	0.0072	0.9893	0.0068	0.9779	0.0103	0.9652	0.0133
COG0617	0.0000	0.0015	0.0015	0.0001	0.0001	0.0007	0.0006	0.0030	0.0024	0.0093	0.0063
COG0618	0.0000	0.7875	0.1042	0.0675	0.0427	0.2490	0.1015	0.4328	0.1083	0.5864	0.1065
COG0619	0.0250	0.9940	0.0035	0.9998	0.0002	0.9979	0.0007	0.4007	0.1324	0.5070	0.1176
COG0620	0.0800	0.9874	0.0054	0.9974	0.0020	0.9950	0.0035	0.9911	0.0050	0.6258	0.0971
COG0621	0.3600	0.9973	0.0015	1.0000	0.0000	0.9998	0.0001	0.9992	0.0004	0.9973	0.0012
COG0622	0.0200	0.9844	0.0083	0.9994	0.0006	0.9958	0.0026	0.4530	0.0946	0.5662	0.0965
COG0623	0.0100	0.0149	0.0116	0.2570	0.1594	0.0017	0.0015	0.0037	0.0029	0.0076	0.0056
COG0624	0.0100	0.9884	0.0036	0.9997	0.0002	0.5627	0.1133	0.6656	0.1151	0.6460	0.0904
COG0625	0.0000	0.0014	0.0016	0.0015	0.0019	0.0025	0.0026	0.0049	0.0047	0.0063	0.0058
COG0626	0.0000	0.2175	0.0582	0.0334	0.0119	0.0223	0.0099	0.0520	0.0159	0.0630	0.0203
COG0627	0.0000	0.0057	0.0051	0.0005	0.0005	0.0013	0.0013	0.0026	0.0020	0.0030	0.0021
COG0628	0.0000	0.1281	0.0967	0.0027	0.0022	0.0313	0.0316	0.0516	0.0309	0.1378	0.0602
COG0629	0.0000	0.0004	0.0002	0.0000	0.0000	0.0002	0.0001	0.0009	0.0005	0.0027	0.0013
COG0630	0.0100	0.2483	0.1289	0.9405	0.0286	0.0106	0.0070	0.0139	0.0064	0.0132	0.0044
COG0631	0.0000	0.0501	0.0142	0.0021	0.0008	0.0068	0.0033	0.0189	0.0064	0.0292	0.0098
COG0632	0.0000	0.0014	0.0009	0.0000	0.0000	0.0002	0.0001	0.0014	0.0008	0.0035	0.0017
COG0633	0.0000	0.5541	0.1200	0.1433	0.0879	0.1778	0.0505	0.3292	0.0742	0.1510	0.0521
COG0634	0.0000	0.0023	0.0017	0.0001	0.0001	0.0010	0.0010	0.0021	0.0014	0.0046	0.0018
COG0635	0.0000	0.0272	0.0112	0.0029	0.0022	0.0095	0.0052	0.0203	0.0109	0.0362	0.0186
COG0636	0.0700	0.9870	0.0030	0.9998	0.0002	0.9991	0.0003	0.9974	0.0008	0.7465	0.0652
COG0637	0.0000	0.2908	0.0679	0.0183	0.0064	0.0890	0.0342	0.1635	0.0594	0.2744	0.0686
COG0638	0.0000	0.9994	0.0006	0.9477	0.0649	0.9945	0.0052	0.9966	0.0035	0.9986	0.0014
COG0639	0.0000	0.9536	0.0142	0.3892	0.1738	0.5529	0.1529	0.5364	0.1167	0.6256	0.0913
COG0640	0.0550	0.9992	0.0004	1.0000	0.0001	0.9998	0.0001	0.9981	0.0011	0.7850	0.0761
COG0641	0.0000	0.2288	0.0436	0.0111	0.0065	0.0311	0.0142	0.0510	0.0153	0.0833	0.0205
COG0642	0.0000	0.4400	0.1248	0.0152	0.0088	0.0755	0.0482	0.1365	0.0617	0.1865	0.0588
COG0643	0.0850	0.8572	0.0772	0.8692	0.0495	0.7312	0.1374	0.6069	0.1661	0.0361	0.0130
COG0644	0.3850	1.0000	0.0000	1.0000	0.0000	0.9999	0.0001	0.9998	0.0001	0.9994	0.0002
COG0645	0.0000	0.0378	0.0125	0.0029	0.0013	0.0135	0.0052	0.0221	0.0100	0.0348	0.0098
COG0646	0.0000	0.0206	0.0143	0.0013	0.0005	0.0070	0.0050	0.0176	0.0109	0.0233	0.0126
COG0647	0.0000	0.4438	0.0603	0.0436	0.0243	0.1031	0.0462	0.1538	0.0405	0.3531	0.0713
COG0648	0.0050	0.9846	0.0056	0.9998	0.0001	0.4403	0.1049	0.6712	0.0741	0.7932	0.0586
COG0649	0.0000	0.6848	0.1181	0.0334	0.0172	0.0041	0.0020	0.0106	0.0054	0.0135	0.0077
COG0650	0.0000	0.6307	0.1285	0.2045	0.0900	0.4890	0.1152	0.5566	0.0909	0.4679	0.0955
COG0651	0.1250	0.9992	0.0011	0.9989	0.0029	0.9975	0.0039	0.9932	0.0048	0.9789	0.0147
COG0652	0.0000	0.0549	0.0436	0.0029	0.0016	0.0259	0.0101	0.0699	0.0315	0.0873	0.0396
COG0653	0.0000	0.0002	0.0001	0.0000	0.0000	0.0001	0.0001	0.0007	0.0003	0.0024	0.0008
COG0654	0.0000	0.0014	0.0010	0.0007	0.0004	0.0015	0.0007	0.0029	0.0013	0.0054	0.0024
COG0655	0.0000	0.8025	0.0486	0.1249	0.0601	0.3105	0.0746	0.3461	0.0999	0.4940	0.1109
COG0656	0.0050	0.5069	0.0988	0.9858	0.0048	0.0288	0.0089	0.0486	0.0150	0.0532	0.0176
COG0657	0.0000	0.0352	0.0115	0.0018	0.0006	0.0068	0.0027	0.0195	0.0067	0.0277	0.0117
COG0658	0.0000	0.0003	0.0003	0.0000	0.0000	0.0001	0.0001	0.0005	0.0004	0.0017	0.0010
COG0659	0.0000	0.0219	0.0094	0.0015	0.0006	0.0058	0.0025	0.0076	0.0035	0.0139	0.0060
COG0661	0.0000	0.1426	0.0607	0.0115	0.0061	0.0418	0.0232	0.0667	0.0264	0.0573	0.0202
COG0662	0.1100	0.7673	0.0817	0.9850	0.0070	0.9582	0.0175	0.8975	0.0357	0.8027	0.0552
COG0663	0.2100	0.9547	0.0299	0.9862	0.0070	0.9586	0.0213	0.8943	0.0559	0.8816	0.0547
COG0664	0.0000	0.0175	0.0074	0.0012	0.0007	0.0057	0.0027	0.0094	0.0036	0.0128	0.0032
COG0665	0.0100	0.7794	0.0765	0.9771	0.0117	0.0854	0.0501	0.1224	0.0446	0.1524	0.0307
COG0666	0.0000	0.0094	0.0014	0.0008	0.0002	0.0054	0.0010	0.0088	0.0020	0.0119	0.0035
COG0667	0.0050	0.4014	0.0936	0.9368	0.0144	0.0103	0.0034	0.0188	0.0064	0.0155	0.0055
COG0668	0.0050	0.9833	0.0068	0.9998	0.0002	0.4906	0.0678	0.7488	0.0728	0.8084	0.0432
COG0669	0.0000	0.0034	0.0020	0.0003	0.0002	0.0015	0.0008	0.0041	0.0018	0.0057	0.0033
COG0670	0.0000	0.0009	0.0005	0.0002	0.0001	0.0006	0.0005	0.0010	0.0008	0.0028	0.0016
COG0671	0.0000	0.4911	0.0793	0.0440	0.0205	0.1830	0.0728	0.2665	0.0941	0.3613	0.0795
COG0672	0.0100	0.5075	0.1037	0.9690	0.0172	0.0271	0.0111	0.0225	0.0097	0.0277	0.0101
COG0673	0.0000	0.7613	0.0662	0.2241	0.1197	0.5641	0.1547	0.4529	0.1198	0.2663	0.0452
COG0674	0.0000	0.9976	0.0007	0.9138	0.0875	0.9571	0.0183	0.9790	0.0049	0.9809	0.0052
COG0675	0.0450	0.9579	0.0090	0.9984	0.0007	0.9871	0.0054	0.9428	0.0146	0.1809	0.0424
COG0676	0.0000	0.0003	0.0003	0.0001	0.0001	0.0002	0.0001	0.0004	0.0002	0.0006	0.0003
COG0677	0.0000	0.8688	0.0480	0.3086	0.1472	0.7246	0.1508	0.4472	0.1452	0.2553	0.0555
COG0678	0.0150	0.0093	0.0030	0.1937	0.0817	0.0907	0.0566	0.0021	0.0010	0.0024	0.0011
COG0679	0.0000	0.2105	0.0674	0.0149	0.0073	0.1335	0.0388	0.1358	0.0293	0.1441	0.0380
COG0680	0.0100	0.9866	0.0048	0.9992	0.0017	0.7011	0.0915	0.7952	0.0771	0.8894	0.0354
COG0681	0.0200	0.9912	0.0039	1.0000	0.0000	0.9996	0.0002	0.7155	0.0848	0.7617	0.0600
COG0682	0.0000	0.0014	0.0020	0.0001	0.0001	0.0007	0.0007	0.0031	0.0027	0.0065	0.0053
COG0683	0.0000	0.4630	0.1395	0.0440	0.0299	0.1176	0.0835	0.0895	0.0334	0.1112	0.0439
COG0684	0.0150	0.3151	0.0705	0.9099	0.0322	0.6941	0.0900	0.0186	0.0094	0.0169	0.0066
COG0685	0.0000	0.6617	0.0874	0.0810	0.0776	0.2646	0.0934	0.4226	0.1198	0.2266	0.1003
COG0686	0.0000	0.0234	0.0106	0.0021	0.0013	0.0033	0.0019	0.0112	0.0043	0.0157	0.0040
COG0687	0.0000	0.0115	0.0058	0.0040	0.0021	0.0031	0.0015	0.0072	0.0022	0.0113	0.0031
COG0688	0.0050	0.7350	0.0943	0.9847	0.0081	0.1809	0.0676	0.2950	0.0532	0.4919	0.0596
COG0689	0.0000	0.8804	0.0323	0.2012	0.1236	0.6208	0.1612	0.7932	0.0923	0.9146	0.0455
COG0690	0.0000	0.0015	0.0008	0.0001	0.0000	0.0006	0.0003	0.0024	0.0015	0.0042	0.0023
COG0691	0.0000	0.0001	0.0001	0.0000	0.0000	0.0000	0.0000	0.0002	0.0001	0.0005	0.0003
COG0692	0.0000	0.0002	0.0001	0.0001	0.0001	0.0005	0.0003	0.0020	0.0011	0.0039	0.0023
COG0693	0.1950	0.9723	0.0071	0.9977	0.0012	0.9938	0.0029	0.9748	0.0080	0.9692	0.0099
COG0694	0.0000	0.1167	0.0599	0.0062	0.0038	0.0094	0.0039	0.0493	0.0274	0.1316	0.0516
COG0695	0.0000	0.3202	0.1195	0.0156	0.0069	0.0465	0.0286	0.0649	0.0351	0.1610	0.0518
COG0696	0.0000	0.0317	0.0088	0.0018	0.0009	0.0104	0.0052	0.0409	0.0191	0.0692	0.0202
COG0697	0.0050	0.9868	0.0044	0.9999	0.0001	0.2401	0.0983	0.4272	0.0953	0.5107	0.0697
COG0698	0.0000	0.0040	0.0029	0.0002	0.0002	0.0042	0.0025	0.0133	0.0075	0.0212	0.0121
COG0699	0.0000	0.0072	0.0015	0.0005	0.0002	0.0011	0.0005	0.0012	0.0004	0.0028	0.0007
COG0700	0.0000	0.0008	0.0005	0.0001	0.0001	0.0004	0.0004	0.0008	0.0006	0.0014	0.0010
COG0701	0.0300	0.8548	0.0264	0.9938	0.0034	0.9771	0.0088	0.1331	0.0253	0.2000	0.0389
COG0702	0.0050	0.2285	0.1108	0.8044	0.0692	0.0056	0.0023	0.0125	0.0035	0.0176	0.0048
COG0703	0.0000	0.0397	0.0117	0.0051	0.0017	0.0194	0.0059	0.0320	0.0091	0.0648	0.0185
COG0704	0.0050	0.9997	0.0001	0.9999	0.0003	0.9534	0.0328	0.9094	0.0568	0.5572	0.0996
COG0705	0.0000	0.7294	0.0811	0.1096	0.0577	0.3630	0.1321	0.3963	0.1418	0.5841	0.0810
COG0706	0.0000	0.0005	0.0005	0.0000	0.0000	0.0003	0.0003	0.0014	0.0011	0.0029	0.0019
COG0707	0.0350	0.1977	0.0582	0.9670	0.0121	0.7942	0.0567	0.0139	0.0055	0.0291	0.0099
COG0708	0.0000	0.1352	0.0442	0.0186	0.0106	0.0644	0.0135	0.0831	0.0220	0.1276	0.0193
COG0709	0.0000	0.0012	0.0006	0.0001	0.0001	0.0006	0.0003	0.0009	0.0003	0.0007	0.0003
COG0710	0.0000	0.0177	0.0039	0.0031	0.0019	0.0307	0.0142	0.0567	0.0271	0.0562	0.0213
COG0711	0.0000	0.0027	0.0009	0.0001	0.0000	0.0008	0.0002	0.0025	0.0006	0.0047	0.0010
COG0712	0.0000	0.0002	0.0002	0.0000	0.0000	0.0001	0.0001	0.0003	0.0003	0.0008	0.0008
COG0713	0.0000	0.3501	0.1096	0.0060	0.0029	0.0048	0.0031	0.0158	0.0100	0.0162	0.0106
COG0714	0.0200	0.9936	0.0019	0.9992	0.0007	0.9920	0.0046	0.4124	0.1441	0.3926	0.1119
COG0715	0.0600	0.9739	0.0102	0.9975	0.0024	0.9741	0.0127	0.9530	0.0165	0.4418	0.0668
COG0716	0.0150	0.8338	0.0315	0.9971	0.0015	0.9780	0.0076	0.1855	0.0561	0.2221	0.0359
COG0717	0.0150	0.9909	0.0074	0.9997	0.0002	0.9988	0.0005	0.6060	0.1338	0.6863	0.1186
COG0718	0.0000	0.0010	0.0006	0.0000	0.0000	0.0004	0.0002	0.0011	0.0008	0.0019	0.0012
COG0719	0.2250	0.9721	0.0146	0.9990	0.0006	0.9985	0.0010	0.9961	0.0025	0.9878	0.0066
COG0720	0.1600	0.9737	0.0151	0.9962	0.0021	0.9867	0.0079	0.9702	0.0190	0.9561	0.0182
COG0721	0.0000	0.2989	0.1262	0.0061	0.0045	0.0411	0.0190	0.2066	0.0730	0.3388	0.0977
COG0722	0.0000	0.6249	0.1109	0.0723	0.0373	0.3637	0.1005	0.5040	0.0795	0.5317	0.1220
COG0723	0.0000	0.0098	0.0060	0.0018	0.0012	0.0017	0.0010	0.0025	0.0013	0.0029	0.0015
COG0724	0.0000	0.0125	0.0170	0.0008	0.0008	0.0058	0.0079	0.0088	0.0062	0.0087	0.0035
COG0725	0.1100	0.9682	0.0110	0.9840	0.0124	0.9842	0.0105	0.9679	0.0202	0.9398	0.0320
COG0726	0.1950	0.8916	0.0353	0.9968	0.0015	0.9899	0.0048	0.9622	0.0208	0.9064	0.0393
COG0727	0.0050	0.9855	0.0066	0.9991	0.0006	0.4586	0.1369	0.4498	0.1288	0.4391	0.1154
COG0728	0.0000	0.0005	0.0003	0.0001	0.0001	0.0004	0.0002	0.0008	0.0004	0.0015	0.0009
COG0729	0.0000	0.0009	0.0004	0.0003	0.0002	0.0013	0.0009	0.0012	0.0008	0.0024	0.0014
COG0730	0.0100	0.9802	0.0071	0.9954	0.0028	0.3544	0.1657	0.5315	0.1264	0.5831	0.0974
COG0731	0.8650	1.0000	0.0000	1.0000	0.0000	1.0000	0.0000	0.9998	0.0001	0.9997	0.0001
COG0732	0.0150	0.8574	0.0226	0.9971	0.0013	0.9388	0.0237	0.0407	0.0155	0.0664	0.0158
COG0733	0.0000	0.1912	0.0647	0.0197	0.0101	0.1190	0.0290	0.1929	0.0294	0.2270	0.0453
COG0735	0.0000	0.1866	0.0573	0.0070	0.0026	0.0433	0.0185	0.0635	0.0260	0.0701	0.0252
COG0736	0.0000	0.0169	0.0059	0.0024	0.0012	0.0120	0.0055	0.0164	0.0052	0.0220	0.0051
COG0737	0.0000	0.0381	0.0081	0.0019	0.0005	0.0056	0.0022	0.0098	0.0034	0.0158	0.0040
COG0738	0.0000	0.0009	0.0005	0.0003	0.0001	0.0008	0.0003	0.0028	0.0010	0.0045	0.0022
COG0739	0.0000	0.0527	0.0157	0.0031	0.0010	0.0189	0.0044	0.0373	0.0094	0.0451	0.0133
COG0740	0.0000	0.0026	0.0013	0.0000	0.0000	0.0005	0.0003	0.0028	0.0011	0.0071	0.0026
COG0741	0.0000	0.0010	0.0007	0.0003	0.0003	0.0012	0.0006	0.0032	0.0015	0.0047	0.0024
COG0742	0.0000	0.0020	0.0010	0.0002	0.0001	0.0013	0.0007	0.0030	0.0014	0.0059	0.0028
COG0743	0.0000	0.0030	0.0014	0.0005	0.0004	0.0022	0.0011	0.0050	0.0024	0.0044	0.0024
COG0744	0.0000	0.0003	0.0002	0.0001	0.0000	0.0003	0.0001	0.0003	0.0002	0.0005	0.0003
COG0745	0.0000	0.1270	0.0635	0.0012	0.0009	0.0248	0.0158	0.0672	0.0371	0.0798	0.0288
COG0746	0.0650	0.9944	0.0023	0.9948	0.0038	0.9973	0.0017	0.9939	0.0040	0.8138	0.0791
COG0747	0.1150	0.9585	0.0326	0.9967	0.0022	0.9308	0.0443	0.7896	0.1081	0.6647	0.1278
COG0748	0.0000	0.0080	0.0043	0.0005	0.0003	0.0023	0.0017	0.0034	0.0018	0.0051	0.0025
COG0749	0.0000	0.0046	0.0024	0.0009	0.0005	0.0026	0.0008	0.0062	0.0019	0.0108	0.0039
COG0750	0.0450	0.9774	0.0064	1.0000	0.0000	0.9992	0.0005	0.9940	0.0029	0.7000	0.0625
COG0751	0.0000	0.0056	0.0038	0.0011	0.0010	0.0033	0.0020	0.0049	0.0029	0.0063	0.0039
COG0752	0.0000	0.0030	0.0021	0.0008	0.0006	0.0030	0.0020	0.0045	0.0024	0.0062	0.0037
COG0753	0.0000	0.0607	0.0149	0.0048	0.0022	0.0178	0.0056	0.0267	0.0076	0.0282	0.0062
COG0754	0.0000	0.0014	0.0009	0.0004	0.0003	0.0007	0.0004	0.0007	0.0005	0.0011	0.0005
COG0755	0.0000	0.1026	0.0557	0.0045	0.0023	0.0135	0.0052	0.0267	0.0086	0.0641	0.0243
COG0756	0.0000	0.0069	0.0037	0.0009	0.0005	0.0058	0.0037	0.0265	0.0150	0.0625	0.0341
COG0757	0.0000	0.0004	0.0003	0.0000	0.0000	0.0001	0.0000	0.0004	0.0003	0.0010	0.0007
COG0758	0.0000	0.0065	0.0036	0.0001	0.0001	0.0020	0.0010	0.0086	0.0041	0.0217	0.0066
COG0759	0.0000	0.0011	0.0005	0.0001	0.0001	0.0008	0.0005	0.0016	0.0011	0.0027	0.0012
COG0760	0.0000	0.0181	0.0151	0.0019	0.0017	0.0158	0.0113	0.0307	0.0233	0.0656	0.0437
COG0761	0.0000	0.0007	0.0003	0.0001	0.0001	0.0007	0.0002	0.0019	0.0006	0.0031	0.0013
COG0762	0.0000	0.0003	0.0002	0.0001	0.0001	0.0001	0.0001	0.0003	0.0002	0.0005	0.0005
COG0763	0.0000	0.0030	0.0009	0.0011	0.0006	0.0026	0.0009	0.0033	0.0011	0.0017	0.0005
COG0764	0.0000	0.0047	0.0026	0.0007	0.0004	0.0039	0.0018	0.0055	0.0022	0.0059	0.0029
COG0765	0.0250	0.5014	0.0594	0.9792	0.0076	0.9146	0.0202	0.0364	0.0081	0.0520	0.0141
COG0766	0.0000	0.0004	0.0001	0.0000	0.0000	0.0002	0.0001	0.0009	0.0004	0.0021	0.0010
COG0767	0.0000	0.0009	0.0005	0.0002	0.0001	0.0006	0.0004	0.0016	0.0007	0.0027	0.0013
COG0768	0.0000	0.0001	0.0001	0.0000	0.0000	0.0001	0.0001	0.0004	0.0003	0.0010	0.0008
COG0769	0.0000	0.0049	0.0022	0.0002	0.0002	0.0022	0.0018	0.0092	0.0055	0.0170	0.0102
COG0770	0.0000	0.0657	0.0367	0.0031	0.0025	0.0197	0.0129	0.0412	0.0260	0.1025	0.0489
COG0771	0.0000	0.0030	0.0019	0.0002	0.0001	0.0023	0.0010	0.0049	0.0019	0.0079	0.0034
COG0772	0.0000	0.0001	0.0001	0.0000	0.0000	0.0001	0.0000	0.0003	0.0002	0.0008	0.0005
COG0773	0.0000	0.0002	0.0002	0.0000	0.0000	0.0001	0.0001	0.0004	0.0003	0.0012	0.0008
COG0774	0.0000	0.0009	0.0004	0.0002	0.0001	0.0007	0.0003	0.0014	0.0007	0.0017	0.0008
COG0775	0.0000	0.0103	0.0040	0.0007	0.0003	0.0029	0.0011	0.0039	0.0011	0.0068	0.0022
COG0776	0.0000	0.0018	0.0009	0.0002	0.0001	0.0009	0.0005	0.0040	0.0021	0.0063	0.0038
COG0777	0.0000	0.0004	0.0004	0.0001	0.0001	0.0003	0.0003	0.0004	0.0003	0.0007	0.0006
COG0778	0.1200	0.9983	0.0006	0.9999	0.0002	0.9996	0.0002	0.9984	0.0007	0.9956	0.0012
COG0779	0.0000	0.0005	0.0003	0.0001	0.0001	0.0003	0.0002	0.0009	0.0005	0.0017	0.0009
COG0780	0.0000	0.0263	0.0099	0.0015	0.0007	0.0137	0.0067	0.0169	0.0064	0.0223	0.0070
COG0781	0.0000	0.0001	0.0001	0.0000	0.0000	0.0002	0.0001	0.0011	0.0008	0.0023	0.0014
COG0782	0.0000	0.0000	0.0000	0.0000	0.0000	0.0000	0.0000	0.0002	0.0001	0.0006	0.0003
COG0783	0.0000	0.0068	0.0021	0.0006	0.0003	0.0025	0.0010	0.0028	0.0015	0.0047	0.0025
COG0784	0.0000	0.7593	0.0949	0.0836	0.0608	0.1639	0.1272	0.2177	0.1198	0.2055	0.0542
COG0785	0.0000	0.3211	0.1334	0.0343	0.0282	0.1335	0.0856	0.1365	0.0607	0.2123	0.0590
COG0786	0.0000	0.0025	0.0011	0.0007	0.0003	0.0018	0.0006	0.0035	0.0011	0.0063	0.0024
COG0787	0.0000	0.0019	0.0004	0.0001	0.0000	0.0009	0.0004	0.0037	0.0016	0.0063	0.0033
COG0788	0.0000	0.0071	0.0040	0.0011	0.0006	0.0025	0.0011	0.0088	0.0034	0.0146	0.0067
COG0789	0.0000	0.0152	0.0072	0.0009	0.0005	0.0031	0.0014	0.0063	0.0017	0.0092	0.0025
COG0790	0.0000	0.0015	0.0008	0.0004	0.0002	0.0008	0.0005	0.0016	0.0010	0.0029	0.0013
COG0791	0.0000	0.0020	0.0013	0.0002	0.0001	0.0013	0.0008	0.0025	0.0018	0.0060	0.0032
COG0792	0.0000	0.0018	0.0010	0.0002	0.0001	0.0013	0.0008	0.0021	0.0009	0.0046	0.0018
COG0793	0.0000	0.0014	0.0007	0.0001	0.0001	0.0007	0.0006	0.0025	0.0015	0.0042	0.0018
COG0794	0.2750	0.9838	0.0134	0.9996	0.0003	0.9974	0.0020	0.9947	0.0045	0.9928	0.0101
COG0795	0.0000	0.0001	0.0001	0.0001	0.0001	0.0002	0.0002	0.0005	0.0004	0.0007	0.0004
COG0796	0.0000	0.0002	0.0001	0.0000	0.0000	0.0001	0.0000	0.0005	0.0002	0.0013	0.0008
COG0797	0.0000	0.0029	0.0013	0.0007	0.0004	0.0018	0.0008	0.0018	0.0009	0.0020	0.0009
COG0798	0.0350	0.9395	0.0133	0.9958	0.0024	0.9799	0.0081	0.1521	0.0549	0.1098	0.0312
COG0799	0.0000	0.0004	0.0002	0.0000	0.0000	0.0002	0.0001	0.0005	0.0002	0.0009	0.0005
COG0800	0.0000	0.0163	0.0062	0.0015	0.0010	0.0055	0.0029	0.0065	0.0035	0.0093	0.0055
COG0801	0.0000	0.0071	0.0038	0.0004	0.0003	0.0037	0.0017	0.0071	0.0032	0.0098	0.0046
COG0802	0.0000	0.0001	0.0001	0.0000	0.0000	0.0000	0.0000	0.0002	0.0001	0.0007	0.0003
COG0803	0.0000	0.6075	0.1203	0.0672	0.0275	0.2540	0.1290	0.2854	0.1352	0.4223	0.1243
COG0804	0.0000	0.0065	0.0030	0.0017	0.0005	0.0015	0.0008	0.0032	0.0016	0.0054	0.0027
COG0805	0.1250	0.6811	0.1221	0.8820	0.0655	0.8414	0.0666	0.8374	0.0433	0.7523	0.0725
COG0806	0.0000	0.0003	0.0003	0.0000	0.0000	0.0001	0.0001	0.0002	0.0003	0.0004	0.0005
COG0807	0.0000	0.0424	0.0170	0.0112	0.0052	0.0274	0.0157	0.0445	0.0154	0.0926	0.0319
COG0809	0.0000	0.0217	0.0100	0.0010	0.0007	0.0052	0.0035	0.0180	0.0098	0.0321	0.0138
COG0810	0.0000	0.0089	0.0032	0.0013	0.0006	0.0052	0.0022	0.0110	0.0042	0.0214	0.0088
COG0811	0.0000	0.0261	0.0084	0.0044	0.0026	0.0138	0.0072	0.0288	0.0117	0.0486	0.0139
COG0812	0.0000	0.0009	0.0009	0.0001	0.0001	0.0006	0.0007	0.0015	0.0011	0.0021	0.0015
COG0813	0.0000	0.0014	0.0009	0.0002	0.0002	0.0005	0.0002	0.0024	0.0011	0.0047	0.0019
COG0814	0.0000	0.0074	0.0093	0.0032	0.0051	0.0060	0.0075	0.0093	0.0096	0.0152	0.0125
COG0815	0.0000	0.0035	0.0023	0.0009	0.0008	0.0025	0.0021	0.0049	0.0022	0.0063	0.0025
COG0816	0.0000	0.0002	0.0002	0.0000	0.0000	0.0002	0.0002	0.0009	0.0006	0.0016	0.0008
COG0817	0.0000	0.0112	0.0040	0.0008	0.0003	0.0036	0.0016	0.0128	0.0032	0.0257	0.0054
COG0818	0.0000	0.0020	0.0014	0.0004	0.0003	0.0013	0.0008	0.0030	0.0016	0.0039	0.0020
COG0819	0.0000	0.0115	0.0060	0.0009	0.0007	0.0051	0.0020	0.0109	0.0052	0.0145	0.0076
COG0820	0.0000	0.0046	0.0018	0.0001	0.0001	0.0018	0.0009	0.0076	0.0030	0.0122	0.0052
COG0821	0.0000	0.0048	0.0025	0.0008	0.0005	0.0021	0.0011	0.0048	0.0024	0.0061	0.0034
COG0822	0.0100	0.8773	0.0436	0.9978	0.0015	0.0846	0.0353	0.1826	0.0778	0.2208	0.0749
COG0823	0.0000	0.0564	0.0235	0.0055	0.0035	0.0224	0.0128	0.0299	0.0147	0.0384	0.0114
COG0824	0.0000	0.0553	0.0189	0.0034	0.0018	0.0049	0.0017	0.0158	0.0056	0.0344	0.0181
COG0825	0.0000	0.0001	0.0001	0.0000	0.0000	0.0001	0.0000	0.0001	0.0001	0.0003	0.0002
COG0826	0.0000	0.3028	0.0819	0.0391	0.0081	0.1201	0.0334	0.2751	0.0664	0.4807	0.0746
COG0827	0.0000	0.1484	0.0560	0.0058	0.0046	0.0223	0.0135	0.0280	0.0149	0.0494	0.0177
COG0828	0.0000	0.0005	0.0003	0.0001	0.0001	0.0005	0.0003	0.0020	0.0012	0.0039	0.0021
COG0829	0.0000	0.0098	0.0053	0.0022	0.0009	0.0021	0.0012	0.0038	0.0018	0.0052	0.0023
COG0830	0.0000	0.0130	0.0072	0.0022	0.0010	0.0019	0.0012	0.0040	0.0019	0.0059	0.0023
COG0831	0.0000	0.0113	0.0044	0.0020	0.0008	0.0021	0.0011	0.0039	0.0019	0.0055	0.0025
COG0832	0.0000	0.0091	0.0075	0.0021	0.0024	0.0026	0.0024	0.0045	0.0033	0.0059	0.0043
COG0833	0.0000	0.0013	0.0004	0.0004	0.0001	0.0008	0.0005	0.0014	0.0007	0.0016	0.0006
COG0834	0.0000	0.3621	0.0709	0.0789	0.0230	0.1529	0.0629	0.0327	0.0109	0.0424	0.0112
COG0835	0.0000	0.7435	0.0971	0.0195	0.0107	0.1217	0.1399	0.1694	0.1091	0.0342	0.0134
COG0836	0.0000	0.2225	0.0954	0.0266	0.0157	0.0488	0.0240	0.0458	0.0155	0.0423	0.0160
COG0837	0.0000	0.0066	0.0022	0.0023	0.0012	0.0053	0.0028	0.0054	0.0026	0.0084	0.0036
COG0838	0.0050	0.5198	0.1674	0.5014	0.1306	0.0019	0.0011	0.0072	0.0041	0.0109	0.0071
COG0839	0.0000	0.2511	0.1185	0.0042	0.0019	0.0032	0.0015	0.0102	0.0060	0.0091	0.0062
COG0840	0.0000	0.7004	0.1267	0.0282	0.0155	0.1477	0.1476	0.2078	0.1183	0.0844	0.0282
COG0841	0.0000	0.0060	0.0022	0.0015	0.0007	0.0028	0.0010	0.0092	0.0035	0.0125	0.0044
COG0842	0.0000	0.9226	0.0358	0.2188	0.1537	0.6196	0.1927	0.6153	0.1611	0.5213	0.0612
COG0843	0.0000	0.0049	0.0031	0.0010	0.0004	0.0032	0.0013	0.0066	0.0033	0.0081	0.0036
COG0845	0.0000	0.0025	0.0013	0.0004	0.0003	0.0016	0.0008	0.0033	0.0012	0.0045	0.0018
COG0846	0.0050	0.9354	0.0224	0.9984	0.0008	0.1223	0.0979	0.1184	0.0688	0.1128	0.0365
COG0847	0.0000	0.0647	0.0290	0.0056	0.0033	0.0367	0.0140	0.0558	0.0228	0.0800	0.0212
COG0848	0.0000	0.0006	0.0006	0.0003	0.0004	0.0005	0.0006	0.0013	0.0013	0.0019	0.0016
COG0849	0.0000	0.0022	0.0012	0.0002	0.0001	0.0011	0.0005	0.0032	0.0010	0.0067	0.0019
COG0850	0.0000	0.0018	0.0027	0.0006	0.0011	0.0016	0.0022	0.0021	0.0024	0.0031	0.0029
COG0851	0.0000	0.0010	0.0011	0.0001	0.0002	0.0006	0.0008	0.0012	0.0012	0.0013	0.0010
COG0852	0.0000	0.8109	0.0675	0.3207	0.1760	0.1191	0.0568	0.1637	0.0644	0.1180	0.0515
COG0853	0.0000	0.0296	0.0170	0.0021	0.0009	0.0188	0.0102	0.0297	0.0093	0.0483	0.0148
COG0854	0.0000	0.0007	0.0005	0.0002	0.0001	0.0009	0.0005	0.0013	0.0006	0.0014	0.0007
COG0855	0.0000	0.0171	0.0073	0.0032	0.0014	0.0068	0.0021	0.0062	0.0023	0.0098	0.0034
COG0856	0.0050	0.7539	0.1047	0.9673	0.0329	0.1256	0.0516	0.1674	0.0542	0.1552	0.0749
COG0857	0.0000	0.2562	0.0795	0.0201	0.0073	0.0437	0.0233	0.0692	0.0365	0.0461	0.0198
COG0858	0.0000	0.0003	0.0003	0.0000	0.0000	0.0002	0.0002	0.0012	0.0014	0.0024	0.0027
COG0859	0.0000	0.0077	0.0034	0.0015	0.0008	0.0037	0.0018	0.0117	0.0054	0.0172	0.0069
COG0860	0.0000	0.0087	0.0025	0.0008	0.0003	0.0031	0.0013	0.0079	0.0031	0.0149	0.0055
COG0861	0.0000	0.0054	0.0032	0.0011	0.0008	0.0058	0.0030	0.0084	0.0039	0.0126	0.0049
COG0863	0.0000	0.7322	0.0487	0.0868	0.0269	0.2690	0.0726	0.3207	0.0674	0.2967	0.0665
COG0864	0.0200	0.9984	0.0005	0.9999	0.0001	0.9994	0.0004	0.6668	0.0964	0.7607	0.0782
COG1001	0.0050	0.8929	0.0338	0.9957	0.0046	0.2287	0.0533	0.2648	0.0578	0.2918	0.0679
COG1002	0.0000	0.2976	0.0305	0.0133	0.0048	0.0327	0.0064	0.0421	0.0094	0.0643	0.0127
COG1003	0.0100	0.6440	0.1658	0.8805	0.0363	0.0130	0.0080	0.0076	0.0059	0.0114	0.0119
COG1004	0.0500	0.9116	0.0264	0.9961	0.0020	0.9868	0.0097	0.9528	0.0244	0.1970	0.0390
COG1005	0.0050	0.9274	0.0438	0.9813	0.0211	0.0809	0.0314	0.1760	0.0723	0.1487	0.0882
COG1006	0.0000	0.9612	0.0231	0.7325	0.2428	0.6196	0.1626	0.5078	0.1484	0.5808	0.1551
COG1007	0.0000	0.2155	0.1060	0.0054	0.0023	0.0049	0.0019	0.0105	0.0046	0.0158	0.0101
COG1008	0.0000	0.1058	0.0678	0.0025	0.0008	0.0020	0.0010	0.0037	0.0026	0.0061	0.0051
COG1009	0.0000	0.6640	0.0960	0.0737	0.0545	0.0849	0.0370	0.0774	0.0252	0.0975	0.0356
COG1010	0.0000	0.2067	0.0794	0.0096	0.0043	0.0105	0.0042	0.0221	0.0136	0.0222	0.0135
COG1011	0.0100	0.9676	0.0124	0.9993	0.0003	0.2710	0.0572	0.3824	0.0673	0.4926	0.0644
COG1012	0.0050	0.8111	0.0540	0.9936	0.0026	0.0785	0.0228	0.1855	0.0314	0.2965	0.0404
COG1013	0.0000	0.9971	0.0011	0.9639	0.0342	0.9770	0.0052	0.9824	0.0043	0.9718	0.0099
COG1014	0.0400	0.9992	0.0006	0.9999	0.0001	0.9998	0.0002	0.9592	0.0139	0.9679	0.0124
COG1015	0.0000	0.0011	0.0008	0.0001	0.0000	0.0005	0.0004	0.0018	0.0011	0.0026	0.0016
COG1017	0.0000	0.0023	0.0008	0.0005	0.0002	0.0012	0.0004	0.0017	0.0006	0.0029	0.0010
COG1018	0.0000	0.0505	0.0333	0.0056	0.0028	0.0136	0.0066	0.0201	0.0092	0.0261	0.0120
COG1019	0.0000	0.0020	0.0011	0.0056	0.0029	0.0031	0.0015	0.0027	0.0014	0.0027	0.0013
COG1020	0.0000	0.0053	0.0022	0.0003	0.0001	0.0012	0.0004	0.0027	0.0009	0.0048	0.0013
COG1021	0.0000	0.0064	0.0021	0.0007	0.0005	0.0012	0.0005	0.0013	0.0006	0.0010	0.0004
COG1022	0.0000	0.0060	0.0021	0.0010	0.0006	0.0035	0.0020	0.0057	0.0034	0.0128	0.0063
COG1023	0.0000	0.0133	0.0050	0.0016	0.0009	0.0038	0.0021	0.0088	0.0046	0.0102	0.0080
COG1024	0.0000	0.0763	0.0461	0.0127	0.0058	0.0171	0.0079	0.0297	0.0099	0.0535	0.0160
COG1025	0.0000	0.0005	0.0002	0.0005	0.0002	0.0005	0.0002	0.0007	0.0002	0.0010	0.0002
COG1026	0.0000	0.0003	0.0001	0.0001	0.0003	0.0004	0.0004	0.0014	0.0011	0.0022	0.0017
COG1027	0.0000	0.0523	0.0295	0.0105	0.0073	0.0314	0.0137	0.0404	0.0213	0.0308	0.0147
COG1028	0.0000	0.3980	0.1176	0.0081	0.0041	0.0573	0.0271	0.1715	0.0632	0.1953	0.0674
COG1029	0.0000	0.8456	0.0856	0.3473	0.1263	0.5788	0.1303	0.1910	0.1423	0.3226	0.1803
COG1030	0.2600	0.9571	0.0143	0.9907	0.0069	0.9751	0.0194	0.9482	0.0384	0.9306	0.0289
COG1031	0.0150	0.8914	0.0271	0.9960	0.0032	0.9875	0.0055	0.4033	0.1344	0.3784	0.1396
COG1032	0.0000	0.9806	0.0099	0.6197	0.1323	0.7989	0.0804	0.8713	0.0476	0.8825	0.0476
COG1033	0.0000	0.4262	0.1305	0.0604	0.0344	0.1538	0.0677	0.2018	0.0659	0.2770	0.1151
COG1034	0.0000	0.0122	0.0068	0.0020	0.0015	0.0013	0.0010	0.0020	0.0011	0.0025	0.0011
COG1035	0.0000	0.9384	0.0253	0.3335	0.0846	0.6316	0.1003	0.6399	0.0850	0.6159	0.1078
COG1036	0.0050	0.9170	0.0317	0.9972	0.0015	0.2581	0.1106	0.1264	0.0871	0.2597	0.1347
COG1038	0.0000	0.0031	0.0017	0.0002	0.0001	0.0013	0.0005	0.0025	0.0008	0.0057	0.0016
COG1039	0.0000	0.0080	0.0037	0.0016	0.0010	0.0065	0.0030	0.0157	0.0059	0.0246	0.0097
COG1040	0.0000	0.0071	0.0041	0.0002	0.0002	0.0029	0.0022	0.0098	0.0053	0.0210	0.0082
COG1041	0.0000	0.9496	0.0232	0.4554	0.1657	0.7712	0.0582	0.9013	0.0262	0.9182	0.0348
COG1042	0.0050	0.9853	0.0067	0.9997	0.0005	0.4892	0.1544	0.5573	0.0939	0.5389	0.0934
COG1043	0.0650	0.0385	0.0148	0.4010	0.1420	0.2766	0.0934	0.2012	0.0645	0.0036	0.0010
COG1044	0.0000	0.0147	0.0051	0.0023	0.0010	0.0106	0.0072	0.0145	0.0093	0.0084	0.0027
COG1045	0.0000	0.0857	0.0252	0.0087	0.0049	0.0151	0.0089	0.0380	0.0279	0.0504	0.0350
COG1047	0.0000	0.9169	0.0257	0.3400	0.1057	0.7115	0.0950	0.7327	0.0785	0.8195	0.0527
COG1048	0.0150	0.5988	0.0991	0.9545	0.0171	0.8953	0.0391	0.0770	0.0351	0.1176	0.0454
COG1049	0.0000	0.0029	0.0013	0.0007	0.0003	0.0017	0.0008	0.0038	0.0015	0.0042	0.0015
COG1051	0.0000	0.7886	0.0609	0.0418	0.0345	0.1702	0.1044	0.3212	0.1394	0.4820	0.1337
COG1052	0.0150	0.6524	0.1105	0.9937	0.0048	0.9759	0.0150	0.1051	0.0514	0.1215	0.0537
COG1053	0.0000	0.5649	0.0836	0.0761	0.0451	0.1672	0.0499	0.3609	0.0802	0.2105	0.0674
COG1054	0.0050	0.0003	0.0005	0.0504	0.0331	0.0002	0.0001	0.0007	0.0005	0.0012	0.0009
COG1055	0.0200	0.9641	0.0128	0.9981	0.0014	0.9941	0.0025	0.5799	0.0893	0.6386	0.0571
COG1056	0.1300	0.9972	0.0007	0.9999	0.0002	0.9996	0.0003	0.9990	0.0006	0.9967	0.0021
COG1057	0.0000	0.0010	0.0005	0.0000	0.0000	0.0003	0.0002	0.0011	0.0005	0.0030	0.0012
COG1058	0.0000	0.7961	0.0665	0.1210	0.1083	0.2115	0.1298	0.1782	0.0688	0.1437	0.0355
COG1059	0.0000	0.2278	0.1545	0.0159	0.0062	0.1005	0.0393	0.2265	0.0773	0.3224	0.0798
COG1060	0.0000	0.7736	0.1683	0.2866	0.1285	0.4567	0.1400	0.6025	0.1689	0.5231	0.1834
COG1061	0.0000	0.7310	0.0580	0.0692	0.0198	0.1109	0.0500	0.1396	0.0504	0.1450	0.0432
COG1062	0.0000	0.0241	0.0095	0.0024	0.0012	0.0037	0.0013	0.0146	0.0057	0.0115	0.0032
COG1063	0.0000	0.6888	0.0950	0.0592	0.0457	0.1578	0.1073	0.2060	0.1014	0.1352	0.0583
COG1064	0.0000	0.0914	0.0307	0.0078	0.0054	0.0185	0.0076	0.0291	0.0073	0.0274	0.0045
COG1066	0.0000	0.0010	0.0005	0.0000	0.0000	0.0004	0.0002	0.0011	0.0005	0.0023	0.0009
COG1067	0.0000	0.0285	0.0149	0.0032	0.0020	0.0042	0.0032	0.0034	0.0021	0.0052	0.0026
COG1069	0.0000	0.0028	0.0007	0.0004	0.0003	0.0007	0.0003	0.0014	0.0006	0.0016	0.0006
COG1070	0.0000	0.1305	0.0320	0.0229	0.0100	0.0157	0.0076	0.0385	0.0175	0.0463	0.0160
COG1071	0.0050	0.2792	0.0920	0.8901	0.0472	0.0108	0.0049	0.0174	0.0079	0.0282	0.0097
COG1072	0.0000	0.0017	0.0011	0.0005	0.0004	0.0009	0.0006	0.0016	0.0007	0.0025	0.0014
COG1073	0.0000	0.2852	0.0467	0.0060	0.0019	0.0295	0.0121	0.0801	0.0240	0.1967	0.0391
COG1074	0.0000	0.0022	0.0019	0.0004	0.0004	0.0020	0.0015	0.0077	0.0050	0.0127	0.0065
COG1075	0.0000	0.0136	0.0045	0.0008	0.0003	0.0030	0.0012	0.0046	0.0017	0.0097	0.0028
COG1076	0.0000	0.0005	0.0002	0.0002	0.0002	0.0005	0.0002	0.0008	0.0002	0.0011	0.0004
COG1077	0.0000	0.0132	0.0056	0.0006	0.0003	0.0036	0.0015	0.0172	0.0064	0.0352	0.0113
COG1078	0.0150	0.9941	0.0021	0.9999	0.0001	0.9995	0.0002	0.7733	0.0430	0.7854	0.0680
COG1079	0.0000	0.0548	0.0303	0.0029	0.0022	0.0106	0.0041	0.0207	0.0093	0.0269	0.0121
COG1080	0.0000	0.0180	0.0088	0.0022	0.0012	0.0084	0.0033	0.0163	0.0063	0.0205	0.0060
COG1082	0.1350	0.9926	0.0026	0.9995	0.0002	0.9986	0.0006	0.9970	0.0012	0.9929	0.0035
COG1083	0.0000	0.0322	0.0080	0.0051	0.0010	0.0236	0.0061	0.0266	0.0060	0.0241	0.0044
COG1084	0.2050	0.9952	0.0023	0.9999	0.0001	0.9994	0.0009	0.9978	0.0026	0.9951	0.0045
COG1085	0.0000	0.3884	0.1159	0.0337	0.0247	0.2118	0.1106	0.1838	0.0784	0.2347	0.0823
COG1086	0.0000	0.0519	0.0204	0.0028	0.0014	0.0314	0.0140	0.0262	0.0073	0.0158	0.0023
COG1087	0.0400	0.1862	0.0621	0.9404	0.0194	0.8142	0.0398	0.0118	0.0050	0.0237	0.0099
COG1088	0.0750	0.9168	0.0164	0.9924	0.0043	0.9571	0.0304	0.8769	0.0482	0.0809	0.0215
COG1089	0.0000	0.1500	0.0553	0.0117	0.0060	0.0881	0.0275	0.0922	0.0291	0.0917	0.0305
COG1090	0.0000	0.0087	0.0062	0.0007	0.0004	0.0030	0.0015	0.0073	0.0041	0.0084	0.0054
COG1091	0.0000	0.6857	0.0462	0.0801	0.0609	0.1656	0.0794	0.2626	0.0719	0.0888	0.0174
COG1092	0.0000	0.0274	0.0203	0.0026	0.0016	0.0080	0.0032	0.0115	0.0043	0.0206	0.0097
COG1093	0.4050	0.9977	0.0007	0.9999	0.0000	0.9996	0.0001	0.9987	0.0003	0.9977	0.0006
COG1094	0.3900	0.9978	0.0007	1.0000	0.0000	0.9998	0.0001	0.9989	0.0005	0.9981	0.0008
COG1095	0.8850	0.9998	0.0001	1.0000	0.0000	0.9999	0.0000	0.9997	0.0002	0.9992	0.0004
COG1096	0.0200	0.9901	0.0024	0.9999	0.0001	0.9993	0.0004	0.7171	0.1088	0.8075	0.0875
COG1097	0.0400	0.9681	0.0108	0.9999	0.0000	0.9991	0.0006	0.6615	0.1510	0.8402	0.0971
COG1098	0.0000	0.0025	0.0009	0.0007	0.0003	0.0008	0.0004	0.0020	0.0009	0.0023	0.0010
COG1099	0.0000	0.2703	0.0619	0.0504	0.0320	0.1395	0.0708	0.1650	0.0676	0.1099	0.0461
COG1100	0.0000	0.9538	0.0135	0.3816	0.0975	0.7063	0.0874	0.6322	0.1110	0.7334	0.0695
COG1101	0.0000	0.0005	0.0003	0.0002	0.0003	0.0004	0.0004	0.0007	0.0007	0.0008	0.0006
COG1102	0.0000	0.9141	0.0206	0.3732	0.0890	0.7845	0.0443	0.7961	0.0645	0.7967	0.0662
COG1103	0.0000	0.6162	0.1792	0.2739	0.0937	0.4694	0.1641	0.5636	0.1818	0.6859	0.1754
COG1104	0.0050	0.7898	0.0859	0.9976	0.0012	0.0409	0.0399	0.1154	0.0984	0.1862	0.1099
COG1105	0.0000	0.0232	0.0158	0.0016	0.0019	0.0063	0.0044	0.0090	0.0051	0.0128	0.0037
COG1106	0.0050	0.8850	0.0224	0.9957	0.0035	0.0571	0.0139	0.0745	0.0162	0.0869	0.0225
COG1107	0.0000	0.5189	0.2378	0.0314	0.0168	0.0454	0.0272	0.0774	0.0439	0.1797	0.1493
COG1108	0.1300	0.7622	0.0994	0.9026	0.0438	0.8710	0.0560	0.6969	0.1075	0.7558	0.0895
COG1109	0.1000	0.9988	0.0004	1.0000	0.0000	1.0000	0.0000	0.9998	0.0001	0.9990	0.0004
COG1110	0.0000	0.4983	0.1767	0.1479	0.0553	0.3536	0.0911	0.3593	0.0856	0.3474	0.1121
COG1111	0.5800	0.9982	0.0014	0.9999	0.0001	0.9993	0.0006	0.9971	0.0022	0.9932	0.0045
COG1112	0.0100	0.4120	0.0946	0.9486	0.0248	0.0160	0.0133	0.0287	0.0180	0.0413	0.0270
COG1113	0.0000	0.0175	0.0074	0.0050	0.0028	0.0104	0.0046	0.0145	0.0060	0.0165	0.0049
COG1114	0.0000	0.0009	0.0007	0.0008	0.0005	0.0015	0.0009	0.0024	0.0015	0.0028	0.0012
COG1115	0.0000	0.0068	0.0029	0.0005	0.0002	0.0039	0.0017	0.0155	0.0054	0.0345	0.0112
COG1116	0.0050	0.9266	0.0259	0.9971	0.0020	0.4273	0.0993	0.6555	0.0780	0.4946	0.0975
COG1117	0.0850	0.9931	0.0011	0.9965	0.0085	0.9938	0.0067	0.9584	0.0400	0.1485	0.0691
COG1118	0.0000	0.0049	0.0041	0.0011	0.0014	0.0025	0.0019	0.0030	0.0020	0.0045	0.0026
COG1119	0.0000	0.0330	0.0162	0.0016	0.0011	0.0064	0.0046	0.0166	0.0064	0.0189	0.0094
COG1120	0.3650	0.9975	0.0006	0.9992	0.0007	0.9982	0.0012	0.9973	0.0017	0.9859	0.0068
COG1121	0.0000	0.6224	0.0939	0.0403	0.0389	0.2780	0.1131	0.2936	0.1132	0.5277	0.1128
COG1122	0.0250	0.9970	0.0021	0.9998	0.0003	0.9976	0.0013	0.5211	0.1207	0.6328	0.0995
COG1123	0.0350	0.8421	0.0652	0.9884	0.0068	0.9450	0.0230	0.2895	0.0735	0.4064	0.0687
COG1124	0.0000	0.0110	0.0043	0.0019	0.0010	0.0029	0.0021	0.0059	0.0043	0.0085	0.0051
COG1125	0.0000	0.0067	0.0032	0.0003	0.0003	0.0008	0.0004	0.0015	0.0004	0.0032	0.0008
COG1126	0.0250	0.5744	0.0621	0.9795	0.0093	0.9285	0.0284	0.0422	0.0093	0.0640	0.0192
COG1127	0.0000	0.0008	0.0005	0.0002	0.0001	0.0006	0.0004	0.0015	0.0009	0.0025	0.0015
COG1129	0.0000	0.0137	0.0046	0.0014	0.0008	0.0035	0.0012	0.0100	0.0030	0.0146	0.0046
COG1131	0.0000	0.9864	0.0066	0.2630	0.1755	0.7207	0.1946	0.7930	0.1353	0.8304	0.0563
COG1132	0.0000	0.0845	0.0392	0.0022	0.0019	0.0089	0.0047	0.0286	0.0114	0.0648	0.0221
COG1133	0.0000	0.0005	0.0006	0.0007	0.0012	0.0010	0.0012	0.0016	0.0013	0.0021	0.0015
COG1134	0.0000	0.0992	0.0501	0.0057	0.0033	0.0609	0.0383	0.0159	0.0055	0.0183	0.0030
COG1135	0.0000	0.0024	0.0019	0.0003	0.0004	0.0023	0.0019	0.0058	0.0042	0.0131	0.0087
COG1136	0.0200	0.9921	0.0039	1.0000	0.0000	0.9997	0.0002	0.5634	0.0963	0.6533	0.0746
COG1137	0.0000	0.0003	0.0002	0.0001	0.0001	0.0003	0.0002	0.0006	0.0003	0.0009	0.0005
COG1138	0.0000	0.2106	0.0845	0.0323	0.0152	0.0224	0.0063	0.0357	0.0126	0.0860	0.0388
COG1139	0.0050	0.7204	0.0773	0.9734	0.0398	0.0270	0.0118	0.0384	0.0122	0.0719	0.0202
COG1140	0.0000	0.0318	0.0149	0.0035	0.0027	0.0233	0.0160	0.0272	0.0089	0.0308	0.0083
COG1141	0.0000	0.2877	0.1233	0.0116	0.0093	0.0822	0.0730	0.1347	0.0618	0.1756	0.0574
COG1142	0.1600	0.9835	0.0080	0.9990	0.0011	0.9966	0.0032	0.9817	0.0176	0.9319	0.0473
COG1143	0.0450	0.9960	0.0019	0.9997	0.0002	0.9955	0.0012	0.9798	0.0065	0.3832	0.0883
COG1144	0.0350	0.9989	0.0005	1.0000	0.0000	0.9999	0.0001	0.8708	0.0549	0.8667	0.0580
COG1145	0.1800	0.9958	0.0017	0.9994	0.0003	0.9977	0.0009	0.9939	0.0025	0.9853	0.0074
COG1146	0.0450	0.9885	0.0069	0.9987	0.0009	0.9967	0.0014	0.9820	0.0080	0.3776	0.0965
COG1148	0.0000	0.9684	0.0168	0.4634	0.2036	0.8027	0.1082	0.8667	0.0731	0.7068	0.0932
COG1149	0.0250	0.9757	0.0120	0.9976	0.0015	0.9946	0.0036	0.5126	0.1574	0.5370	0.0613
COG1150	0.0650	0.7113	0.0761	0.9104	0.0703	0.8258	0.1002	0.7641	0.1203	0.1570	0.0535
COG1151	0.0300	0.8151	0.0514	0.9750	0.0131	0.9261	0.0269	0.1343	0.0424	0.1279	0.0553
COG1152	0.0100	0.9665	0.0199	0.9979	0.0015	0.2568	0.0493	0.3277	0.0803	0.3600	0.0878
COG1153	0.0000	0.7914	0.1002	0.1838	0.1208	0.3795	0.1386	0.1712	0.1152	0.2317	0.1285
COG1154	0.0000	0.0012	0.0005	0.0001	0.0001	0.0009	0.0004	0.0027	0.0012	0.0040	0.0019
COG1155	0.2650	0.9993	0.0002	1.0000	0.0000	0.9999	0.0001	0.9992	0.0002	0.9897	0.0043
COG1156	0.1650	0.9984	0.0004	1.0000	0.0001	0.9998	0.0001	0.9989	0.0003	0.9873	0.0050
COG1157	0.0000	0.0007	0.0003	0.0002	0.0001	0.0005	0.0002	0.0011	0.0007	0.0020	0.0013
COG1158	0.0000	0.0023	0.0010	0.0004	0.0003	0.0017	0.0010	0.0029	0.0013	0.0042	0.0017
COG1159	0.0100	0.0196	0.0180	0.5872	0.1178	0.0020	0.0020	0.0022	0.0023	0.0036	0.0030
COG1160	0.0000	0.0005	0.0004	0.0001	0.0000	0.0003	0.0002	0.0011	0.0010	0.0020	0.0016
COG1161	0.0000	0.1445	0.0577	0.0306	0.0167	0.0440	0.0242	0.0768	0.0229	0.1622	0.0407
COG1162	0.0000	0.0041	0.0016	0.0002	0.0002	0.0024	0.0015	0.0093	0.0048	0.0170	0.0086
COG1163	0.0000	0.9211	0.0186	0.2834	0.0923	0.7324	0.0871	0.8211	0.0542	0.8606	0.0346
COG1164	0.0000	0.0334	0.0256	0.0021	0.0015	0.0057	0.0049	0.0154	0.0123	0.0230	0.0164
COG1165	0.0000	0.0062	0.0029	0.0007	0.0005	0.0009	0.0006	0.0021	0.0014	0.0025	0.0016
COG1166	0.0000	0.0193	0.0079	0.0044	0.0021	0.0100	0.0039	0.0043	0.0022	0.0153	0.0061
COG1167	0.0650	0.8862	0.0669	0.9908	0.0095	0.9594	0.0215	0.8672	0.0649	0.1339	0.0459
COG1168	0.0000	0.0049	0.0026	0.0007	0.0006	0.0009	0.0004	0.0030	0.0011	0.0032	0.0011
COG1169	0.0000	0.0044	0.0020	0.0005	0.0003	0.0006	0.0003	0.0012	0.0006	0.0014	0.0007
COG1171	0.0150	0.4788	0.1109	0.9214	0.0364	0.8420	0.0664	0.0531	0.0294	0.0502	0.0164
COG1172	0.0000	0.0036	0.0006	0.0004	0.0003	0.0009	0.0002	0.0025	0.0005	0.0033	0.0007
COG1173	0.0000	0.9017	0.0371	0.4249	0.1457	0.1465	0.1125	0.2307	0.1320	0.1951	0.1008
COG1174	0.0000	0.0076	0.0047	0.0003	0.0004	0.0007	0.0005	0.0011	0.0004	0.0019	0.0006
COG1175	0.0000	0.0600	0.0351	0.0113	0.0049	0.0042	0.0015	0.0099	0.0034	0.0139	0.0061
COG1176	0.0000	0.0136	0.0067	0.0042	0.0021	0.0024	0.0013	0.0062	0.0019	0.0119	0.0023
COG1177	0.0000	0.0128	0.0056	0.0038	0.0027	0.0027	0.0014	0.0053	0.0011	0.0096	0.0022
COG1178	0.0000	0.3052	0.1499	0.0364	0.0224	0.0344	0.0077	0.0364	0.0113	0.0350	0.0112
COG1179	0.0000	0.0002	0.0002	0.0001	0.0001	0.0004	0.0003	0.0013	0.0009	0.0028	0.0015
COG1180	0.0100	0.9998	0.0001	1.0000	0.0000	0.9845	0.0067	0.9847	0.0099	0.9876	0.0089
COG1181	0.0000	0.0065	0.0022	0.0002	0.0001	0.0021	0.0011	0.0084	0.0023	0.0170	0.0043
COG1182	0.0000	0.0023	0.0013	0.0008	0.0005	0.0022	0.0013	0.0035	0.0021	0.0057	0.0034
COG1183	0.1850	0.8810	0.0782	0.9946	0.0037	0.9541	0.0247	0.9287	0.0405	0.9317	0.0388
COG1184	0.1450	0.9906	0.0041	0.9996	0.0003	0.9935	0.0083	0.9816	0.0128	0.9778	0.0099
COG1185	0.0000	0.0003	0.0002	0.0000	0.0000	0.0002	0.0001	0.0006	0.0002	0.0013	0.0004
COG1186	0.0000	0.0001	0.0001	0.0000	0.0000	0.0000	0.0000	0.0003	0.0003	0.0008	0.0006
COG1187	0.0000	0.0009	0.0007	0.0000	0.0000	0.0005	0.0003	0.0025	0.0016	0.0070	0.0042
COG1188	0.0000	0.0006	0.0004	0.0001	0.0000	0.0004	0.0002	0.0006	0.0003	0.0009	0.0005
COG1189	0.0000	0.0357	0.0131	0.0016	0.0010	0.0067	0.0029	0.0091	0.0035	0.0264	0.0082
COG1190	0.0000	0.0101	0.0062	0.0004	0.0002	0.0046	0.0028	0.0128	0.0077	0.0272	0.0135
COG1191	0.0000	0.0010	0.0009	0.0002	0.0002	0.0008	0.0004	0.0014	0.0008	0.0028	0.0020
COG1192	0.0100	0.6300	0.1195	0.9680	0.0210	0.0099	0.0041	0.0318	0.0078	0.0427	0.0120
COG1193	0.0000	0.2672	0.1007	0.0149	0.0117	0.0359	0.0268	0.0435	0.0249	0.0747	0.0310
COG1194	0.0050	0.2993	0.0845	0.8503	0.0383	0.0043	0.0021	0.0119	0.0059	0.0300	0.0083
COG1195	0.0000	0.0058	0.0014	0.0003	0.0001	0.0018	0.0007	0.0076	0.0042	0.0115	0.0040
COG1196	0.0000	0.5228	0.1395	0.0215	0.0163	0.1528	0.0601	0.3818	0.0859	0.5266	0.0668
COG1197	0.0000	0.0006	0.0004	0.0000	0.0000	0.0002	0.0002	0.0009	0.0007	0.0015	0.0011
COG1198	0.0000	0.0006	0.0004	0.0000	0.0000	0.0003	0.0003	0.0015	0.0012	0.0034	0.0026
COG1199	0.5550	0.9857	0.0045	0.9950	0.0033	0.9930	0.0030	0.9895	0.0033	0.9804	0.0068
COG1200	0.0000	0.0001	0.0001	0.0000	0.0000	0.0001	0.0001	0.0004	0.0003	0.0010	0.0005
COG1201	0.6000	0.9971	0.0016	0.9994	0.0005	0.9984	0.0013	0.9933	0.0038	0.9857	0.0075
COG1202	0.0100	0.7670	0.2436	0.8694	0.1708	0.0409	0.0336	0.0174	0.0102	0.0238	0.0260
COG1203	0.0350	0.9886	0.0035	0.9987	0.0014	0.9928	0.0039	0.0782	0.0364	0.1253	0.0593
COG1204	0.1900	0.9986	0.0003	0.9999	0.0001	0.9997	0.0001	0.9983	0.0007	0.9944	0.0022
COG1205	0.0000	0.4791	0.0863	0.0544	0.0241	0.0761	0.0230	0.0777	0.0273	0.0844	0.0197
COG1206	0.0000	0.0031	0.0053	0.0004	0.0005	0.0011	0.0015	0.0017	0.0016	0.0025	0.0019
COG1207	0.7100	0.4858	0.1054	0.8757	0.0661	0.6493	0.0986	0.4983	0.1120	0.3947	0.0875
COG1208	0.0500	0.9994	0.0003	1.0000	0.0000	0.9999	0.0001	0.9995	0.0003	0.9477	0.0174
COG1209	0.0000	0.5724	0.0555	0.0350	0.0180	0.1332	0.0968	0.2459	0.0838	0.0862	0.0225
COG1210	0.0000	0.3162	0.0877	0.0415	0.0200	0.2936	0.1271	0.3554	0.0954	0.3453	0.1185
COG1211	0.0000	0.0069	0.0029	0.0006	0.0003	0.0021	0.0009	0.0075	0.0027	0.0102	0.0042
COG1212	0.0000	0.0063	0.0014	0.0014	0.0004	0.0049	0.0012	0.0059	0.0010	0.0069	0.0010
COG1213	0.0000	0.2295	0.0744	0.0209	0.0081	0.0878	0.0314	0.1217	0.0230	0.1667	0.0394
COG1214	0.0000	0.0005	0.0003	0.0000	0.0000	0.0002	0.0002	0.0009	0.0005	0.0015	0.0007
COG1215	0.0600	0.9494	0.0119	0.9991	0.0006	0.9959	0.0017	0.9784	0.0088	0.3418	0.0961
COG1216	0.0050	0.9271	0.0139	0.9988	0.0009	0.1816	0.0747	0.2631	0.0585	0.2220	0.0495
COG1217	0.0000	0.0000	0.0000	0.0000	0.0000	0.0000	0.0000	0.0001	0.0001	0.0003	0.0003
COG1218	0.0000	0.0065	0.0031	0.0008	0.0005	0.0022	0.0009	0.0033	0.0016	0.0085	0.0043
COG1219	0.0000	0.0022	0.0019	0.0001	0.0001	0.0008	0.0005	0.0023	0.0013	0.0044	0.0024
COG1220	0.0000	0.0006	0.0005	0.0001	0.0002	0.0003	0.0002	0.0007	0.0005	0.0011	0.0005
COG1221	0.0000	0.0015	0.0006	0.0005	0.0002	0.0006	0.0003	0.0007	0.0003	0.0007	0.0002
COG1222	0.0050	0.9899	0.0034	0.9995	0.0003	0.5031	0.1135	0.5635	0.1115	0.7183	0.1004
COG1223	0.0000	0.3457	0.1088	0.0531	0.0221	0.0422	0.0148	0.0484	0.0200	0.0894	0.0448
COG1224	0.0050	0.7466	0.0927	0.9853	0.0115	0.1937	0.0971	0.2453	0.0706	0.2436	0.0571
COG1225	0.0000	0.1668	0.0793	0.0077	0.0031	0.0368	0.0128	0.0563	0.0180	0.0582	0.0188
COG1226	0.0000	0.6074	0.1062	0.0255	0.0157	0.0708	0.0313	0.1631	0.0376	0.2678	0.0837
COG1227	0.0000	0.0244	0.0087	0.0027	0.0017	0.0180	0.0112	0.0679	0.0297	0.2184	0.0853
COG1228	0.0000	0.2475	0.0768	0.0271	0.0097	0.0374	0.0163	0.0602	0.0192	0.0464	0.0101
COG1229	0.0250	0.9495	0.0341	0.9917	0.0050	0.9859	0.0089	0.1629	0.1284	0.2903	0.1670
COG1230	0.0000	0.2896	0.0785	0.0167	0.0082	0.0611	0.0345	0.0653	0.0307	0.0738	0.0271
COG1231	0.0000	0.0019	0.0006	0.0002	0.0001	0.0003	0.0001	0.0006	0.0002	0.0009	0.0003
COG1232	0.0000	0.1986	0.0279	0.0121	0.0045	0.0587	0.0225	0.0795	0.0266	0.1336	0.0308
COG1233	0.0050	0.9298	0.0261	0.9975	0.0018	0.1651	0.0433	0.2228	0.0416	0.2604	0.0648
COG1234	0.0000	0.9614	0.0174	0.3800	0.1742	0.8155	0.1014	0.8329	0.0755	0.9102	0.0361
COG1235	0.0000	0.6476	0.0615	0.0468	0.0174	0.1733	0.0694	0.5799	0.1482	0.7455	0.0877
COG1236	0.2950	0.9947	0.0017	0.9997	0.0003	0.9989	0.0006	0.9963	0.0018	0.9911	0.0039
COG1237	0.0000	0.8722	0.0428	0.1286	0.0541	0.4080	0.1255	0.5494	0.0995	0.6920	0.0684
COG1238	0.0000	0.1517	0.0480	0.0477	0.0288	0.1176	0.0684	0.1800	0.1009	0.1419	0.0915
COG1239	0.0000	0.7075	0.0919	0.1225	0.0638	0.1419	0.0495	0.1723	0.0629	0.1567	0.0509
COG1240	0.0000	0.0412	0.0181	0.0065	0.0028	0.0102	0.0060	0.0152	0.0100	0.0236	0.0098
COG1241	0.5650	0.9994	0.0004	1.0000	0.0000	0.9998	0.0001	0.9988	0.0009	0.9975	0.0018
COG1242	0.0000	0.0126	0.0091	0.0031	0.0015	0.0075	0.0053	0.0140	0.0095	0.0233	0.0136
COG1243	0.6400	0.9994	0.0003	1.0000	0.0000	0.9999	0.0000	0.9992	0.0004	0.9983	0.0009
COG1244	0.0350	0.9919	0.0033	0.9996	0.0004	0.9969	0.0023	0.5939	0.1245	0.6844	0.1386
COG1245	0.9100	0.9998	0.0001	1.0000	0.0000	0.9999	0.0000	0.9997	0.0002	0.9988	0.0006
COG1246	0.0600	0.7413	0.0635	0.9843	0.0086	0.9356	0.0310	0.7727	0.0806	0.0599	0.0258
COG1247	0.0250	0.5274	0.0659	0.9745	0.0117	0.8736	0.0427	0.0303	0.0083	0.0360	0.0116
COG1249	0.0300	0.8516	0.0314	0.9849	0.0066	0.9337	0.0198	0.0750	0.0171	0.1122	0.0275
COG1250	0.0150	0.5672	0.1441	0.9670	0.0225	0.8698	0.0720	0.0391	0.0114	0.0565	0.0132
COG1251	0.1100	0.7542	0.0560	0.9678	0.0162	0.8742	0.0414	0.8162	0.0710	0.7461	0.0623
COG1252	0.0400	0.2386	0.1235	0.8015	0.1217	0.7175	0.1506	0.0183	0.0129	0.0333	0.0169
COG1253	0.0000	0.0287	0.0120	0.0012	0.0005	0.0125	0.0046	0.0710	0.0278	0.1818	0.0549
COG1254	0.0250	0.9923	0.0034	0.9994	0.0006	0.9986	0.0012	0.5987	0.1418	0.6598	0.0480
COG1255	0.0050	0.8355	0.0948	0.9720	0.0200	0.1266	0.0576	0.1490	0.0672	0.1687	0.0933
COG1256	0.0000	0.0010	0.0007	0.0002	0.0002	0.0005	0.0003	0.0007	0.0004	0.0009	0.0005
COG1257	0.0200	0.9947	0.0019	0.9998	0.0004	0.9994	0.0004	0.8688	0.0288	0.8902	0.0261
COG1258	0.0050	0.9946	0.0026	1.0000	0.0000	0.7004	0.1583	0.8036	0.1357	0.8594	0.1068
COG1259	0.0000	0.2969	0.0929	0.0251	0.0137	0.0538	0.0361	0.0715	0.0445	0.0996	0.0288
COG1260	0.0150	0.9784	0.0119	0.9988	0.0011	0.9954	0.0033	0.3870	0.1125	0.4994	0.0958
COG1261	0.0000	0.0010	0.0010	0.0003	0.0004	0.0006	0.0005	0.0006	0.0006	0.0010	0.0010
COG1262	0.0000	0.0489	0.0323	0.0042	0.0020	0.0170	0.0089	0.0284	0.0111	0.0333	0.0145
COG1263	0.0000	0.0002	0.0001	0.0001	0.0001	0.0005	0.0003	0.0010	0.0006	0.0024	0.0013
COG1264	0.0000	0.0012	0.0005	0.0010	0.0005	0.0016	0.0006	0.0021	0.0006	0.0023	0.0008
COG1266	0.3050	0.9512	0.0171	0.9969	0.0013	0.9834	0.0074	0.9385	0.0201	0.8903	0.0241
COG1267	0.0000	0.3848	0.1396	0.1056	0.0422	0.3103	0.0909	0.2515	0.0699	0.4737	0.1020
COG1268	0.0000	0.3079	0.1307	0.0123	0.0099	0.0278	0.0159	0.0703	0.0398	0.0637	0.0438
COG1269	0.0100	0.9990	0.0003	0.9999	0.0001	0.9527	0.0253	0.9608	0.0205	0.9008	0.0340
COG1270	0.0050	0.9776	0.0116	0.9906	0.0085	0.2224	0.0647	0.3669	0.0993	0.2101	0.0900
COG1271	0.0000	0.0744	0.0255	0.0018	0.0012	0.0113	0.0054	0.0161	0.0069	0.0257	0.0145
COG1272	0.0000	0.0010	0.0005	0.0001	0.0000	0.0004	0.0001	0.0012	0.0004	0.0039	0.0013
COG1273	0.0000	0.0314	0.0144	0.0023	0.0018	0.0115	0.0076	0.0237	0.0127	0.0388	0.0181
COG1274	0.0000	0.1534	0.0590	0.0095	0.0041	0.0365	0.0160	0.0888	0.0328	0.0647	0.0172
COG1275	0.0000	0.1080	0.0579	0.0094	0.0064	0.0319	0.0166	0.0394	0.0214	0.0433	0.0200
COG1276	0.0000	0.0021	0.0011	0.0004	0.0003	0.0013	0.0009	0.0011	0.0007	0.0012	0.0006
COG1277	0.4750	0.9667	0.0218	0.9959	0.0034	0.9781	0.0187	0.9425	0.0591	0.8802	0.0613
COG1278	0.0000	0.0343	0.0167	0.0013	0.0007	0.0080	0.0058	0.0379	0.0216	0.0648	0.0290
COG1279	0.0000	0.0029	0.0012	0.0007	0.0003	0.0011	0.0005	0.0022	0.0013	0.0040	0.0016
COG1280	0.0050	0.8789	0.0422	0.9843	0.0095	0.1159	0.0517	0.2083	0.0540	0.2991	0.0805
COG1281	0.0000	0.0001	0.0001	0.0000	0.0000	0.0001	0.0001	0.0003	0.0002	0.0006	0.0004
COG1282	0.0000	0.0058	0.0038	0.0019	0.0016	0.0036	0.0017	0.0055	0.0025	0.0076	0.0035
COG1283	0.0000	0.0179	0.0053	0.0028	0.0013	0.0063	0.0019	0.0201	0.0093	0.0427	0.0158
COG1284	0.0000	0.0018	0.0019	0.0009	0.0010	0.0016	0.0018	0.0032	0.0033	0.0045	0.0037
COG1285	0.0000	0.0079	0.0025	0.0005	0.0001	0.0037	0.0013	0.0083	0.0034	0.0203	0.0070
COG1286	0.0000	0.0005	0.0009	0.0001	0.0002	0.0004	0.0007	0.0009	0.0014	0.0016	0.0024
COG1287	0.0250	0.9856	0.0041	0.9997	0.0003	0.9991	0.0004	0.6942	0.0519	0.7598	0.0536
COG1288	0.0000	0.0009	0.0004	0.0003	0.0001	0.0009	0.0004	0.0008	0.0003	0.0017	0.0007
COG1289	0.0000	0.0015	0.0006	0.0006	0.0002	0.0021	0.0010	0.0015	0.0006	0.0020	0.0008
COG1290	0.0000	0.0098	0.0041	0.0019	0.0007	0.0027	0.0011	0.0040	0.0014	0.0049	0.0017
COG1291	0.0000	0.0016	0.0007	0.0004	0.0002	0.0010	0.0004	0.0018	0.0007	0.0024	0.0009
COG1292	0.0000	0.0071	0.0023	0.0007	0.0004	0.0029	0.0011	0.0054	0.0020	0.0045	0.0016
COG1293	0.2900	0.9932	0.0023	0.9998	0.0001	0.9986	0.0008	0.9955	0.0020	0.9919	0.0037
COG1294	0.0000	0.0213	0.0160	0.0006	0.0005	0.0035	0.0032	0.0053	0.0035	0.0078	0.0045
COG1295	0.0000	0.0046	0.0020	0.0001	0.0000	0.0005	0.0003	0.0016	0.0009	0.0046	0.0023
COG1296	0.0000	0.0335	0.0180	0.0024	0.0012	0.0051	0.0019	0.0106	0.0054	0.0202	0.0069
COG1297	0.0950	0.2287	0.0456	0.9381	0.0254	0.8065	0.0512	0.5397	0.1024	0.0432	0.0140
COG1298	0.0000	0.0016	0.0007	0.0007	0.0003	0.0014	0.0005	0.0022	0.0009	0.0027	0.0010
COG1299	0.0000	0.0016	0.0009	0.0004	0.0003	0.0020	0.0015	0.0025	0.0018	0.0051	0.0033
COG1300	0.0050	0.9378	0.0233	0.9961	0.0040	0.1140	0.0477	0.1919	0.0567	0.3073	0.0997
COG1301	0.0000	0.0325	0.0170	0.0027	0.0013	0.0106	0.0043	0.0169	0.0079	0.0395	0.0190
COG1302	0.0000	0.0040	0.0024	0.0027	0.0018	0.0041	0.0034	0.0090	0.0054	0.0089	0.0037
COG1303	0.0000	0.7911	0.1170	0.1825	0.0994	0.5679	0.1534	0.8005	0.1186	0.8516	0.0817
COG1304	0.6350	0.9991	0.0003	0.9997	0.0003	0.9988	0.0006	0.9975	0.0010	0.9955	0.0022
COG1305	0.0350	0.9654	0.0074	0.9987	0.0008	0.9867	0.0076	0.2745	0.1189	0.2776	0.0583
COG1306	0.0000	0.0002	0.0002	0.0000	0.0000	0.0001	0.0000	0.0005	0.0001	0.0007	0.0002
COG1307	0.0000	0.0058	0.0033	0.0011	0.0011	0.0024	0.0015	0.0063	0.0029	0.0086	0.0041
COG1308	0.0100	0.9920	0.0031	1.0000	0.0001	0.6793	0.0763	0.7019	0.0610	0.7155	0.0720
COG1309	0.0000	0.3321	0.0818	0.0132	0.0081	0.0198	0.0094	0.0377	0.0126	0.0610	0.0141
COG1310	0.0000	0.9434	0.0138	0.3248	0.1118	0.5630	0.1389	0.7168	0.0741	0.5570	0.0587
COG1311	0.2850	0.9939	0.0020	0.9998	0.0001	0.9993	0.0004	0.9964	0.0019	0.9926	0.0047
COG1312	0.0000	0.0071	0.0027	0.0009	0.0008	0.0029	0.0013	0.0059	0.0025	0.0084	0.0035
COG1313	0.0300	0.9868	0.0074	0.9995	0.0004	0.9967	0.0019	0.5196	0.1270	0.5729	0.1041
COG1314	0.0000	0.0008	0.0006	0.0000	0.0000	0.0004	0.0002	0.0008	0.0007	0.0017	0.0011
COG1315	0.0000	0.0013	0.0006	0.0003	0.0002	0.0014	0.0006	0.0023	0.0007	0.0027	0.0009
COG1316	0.0000	0.0117	0.0131	0.0013	0.0016	0.0070	0.0083	0.0135	0.0138	0.0157	0.0130
COG1317	0.0000	0.0003	0.0002	0.0000	0.0000	0.0002	0.0001	0.0004	0.0002	0.0007	0.0004
COG1318	0.0200	0.6615	0.1065	0.9712	0.0212	0.9553	0.0265	0.2549	0.0734	0.2275	0.0755
COG1319	0.0000	0.0298	0.0210	0.0098	0.0044	0.0084	0.0030	0.0160	0.0095	0.0225	0.0130
COG1320	0.0150	0.9467	0.0297	0.9453	0.0611	0.7801	0.1455	0.3789	0.1767	0.4267	0.1886
COG1321	0.0000	0.9617	0.0076	0.5150	0.1662	0.6432	0.1419	0.7557	0.0840	0.7542	0.0691
COG1322	0.0000	0.0157	0.0053	0.0010	0.0005	0.0040	0.0021	0.0270	0.0110	0.0401	0.0108
COG1323	0.0000	0.0080	0.0070	0.0048	0.0041	0.0201	0.0166	0.0298	0.0159	0.0443	0.0219
COG1324	0.0300	0.9739	0.0129	0.9994	0.0003	0.9968	0.0019	0.3394	0.0889	0.4405	0.0674
COG1325	0.0000	0.8337	0.0956	0.2554	0.1650	0.5327	0.1503	0.5776	0.1182	0.5910	0.1275
COG1326	0.0000	0.3987	0.1021	0.0396	0.0177	0.0829	0.0361	0.1234	0.0490	0.1864	0.1166
COG1327	0.0000	0.0093	0.0058	0.0005	0.0004	0.0058	0.0038	0.0188	0.0096	0.0430	0.0186
COG1328	0.0050	0.9749	0.0095	0.9999	0.0001	0.5095	0.0521	0.6349	0.0466	0.6677	0.0647
COG1329	0.0000	0.0023	0.0014	0.0005	0.0004	0.0021	0.0012	0.0043	0.0021	0.0053	0.0019
COG1330	0.0000	0.0029	0.0008	0.0013	0.0006	0.0022	0.0006	0.0027	0.0010	0.0050	0.0019
COG1331	0.0000	0.3343	0.0985	0.0157	0.0083	0.0168	0.0120	0.0250	0.0146	0.0304	0.0159
COG1332	0.0000	0.1142	0.0544	0.0129	0.0078	0.0172	0.0089	0.0142	0.0079	0.0224	0.0087
COG1333	0.0000	0.0010	0.0004	0.0001	0.0000	0.0003	0.0002	0.0012	0.0007	0.0017	0.0008
COG1334	0.0000	0.0047	0.0022	0.0011	0.0005	0.0031	0.0017	0.0027	0.0015	0.0034	0.0020
COG1335	0.0000	0.8670	0.0381	0.1410	0.0779	0.1752	0.0949	0.2505	0.1062	0.2772	0.1139
COG1336	0.0000	0.4541	0.1034	0.0558	0.0670	0.0264	0.0157	0.0102	0.0064	0.0147	0.0085
COG1337	0.0100	0.6982	0.0873	0.9268	0.0462	0.0506	0.0344	0.0206	0.0111	0.0355	0.0160
COG1338	0.0000	0.0009	0.0005	0.0002	0.0001	0.0004	0.0003	0.0006	0.0004	0.0006	0.0004
COG1339	0.0900	0.9974	0.0007	0.9999	0.0001	0.9998	0.0001	0.9991	0.0004	0.8355	0.0350
COG1340	0.0800	0.9499	0.0620	0.9968	0.0054	0.9814	0.0290	0.9362	0.0927	0.4595	0.1225
COG1341	0.0000	0.0142	0.0047	0.0014	0.0007	0.0041	0.0022	0.0065	0.0030	0.0068	0.0027
COG1342	0.1200	0.9831	0.0051	0.9998	0.0001	0.9988	0.0004	0.9911	0.0032	0.9807	0.0071
COG1343	0.0050	0.9856	0.0039	0.9989	0.0008	0.4269	0.1456	0.1369	0.0598	0.2028	0.0734
COG1344	0.0000	0.0028	0.0007	0.0010	0.0004	0.0019	0.0007	0.0033	0.0010	0.0047	0.0013
COG1345	0.0000	0.0095	0.0038	0.0012	0.0004	0.0045	0.0018	0.0039	0.0013	0.0045	0.0013
COG1346	0.0000	0.0243	0.0222	0.0017	0.0014	0.0048	0.0046	0.0066	0.0063	0.0082	0.0051
COG1347	0.0000	0.0004	0.0002	0.0001	0.0001	0.0004	0.0004	0.0008	0.0005	0.0010	0.0005
COG1348	0.0100	0.6902	0.0875	0.9404	0.0368	0.0665	0.0422	0.1255	0.0751	0.1875	0.0929
COG1349	0.0000	0.0288	0.0129	0.0022	0.0015	0.0067	0.0043	0.0104	0.0068	0.0147	0.0073
COG1350	0.0000	0.7514	0.0452	0.0864	0.0580	0.1718	0.0850	0.2934	0.0854	0.3136	0.0555
COG1351	0.0050	0.6185	0.1603	0.9811	0.0157	0.1213	0.0626	0.2087	0.0659	0.2324	0.0702
COG1352	0.0000	0.6152	0.1171	0.0184	0.0081	0.0956	0.0948	0.1537	0.0882	0.0471	0.0170
COG1353	0.0000	0.7890	0.0973	0.3388	0.1325	0.0791	0.0413	0.0329	0.0136	0.0513	0.0172
COG1354	0.0000	0.4680	0.1347	0.0151	0.0118	0.1004	0.0579	0.3465	0.1386	0.4616	0.1794
COG1355	0.0200	0.9962	0.0014	0.9999	0.0001	0.9996	0.0003	0.7958	0.0691	0.8670	0.0426
COG1356	0.0000	0.3665	0.1991	0.0793	0.0714	0.1823	0.1212	0.2776	0.1235	0.2562	0.1264
COG1357	0.0000	0.0560	0.0118	0.0030	0.0017	0.0074	0.0031	0.0096	0.0040	0.0166	0.0063
COG1358	0.3700	0.9977	0.0018	1.0000	0.0000	0.9998	0.0002	0.9991	0.0009	0.9977	0.0014
COG1359	0.0000	0.0137	0.0034	0.0006	0.0003	0.0012	0.0005	0.0036	0.0008	0.0073	0.0022
COG1360	0.0000	0.0009	0.0012	0.0003	0.0004	0.0007	0.0009	0.0015	0.0016	0.0014	0.0014
COG1361	0.0700	0.9736	0.0119	0.9997	0.0002	0.9983	0.0004	0.9921	0.0017	0.5656	0.0544
COG1362	0.0000	0.0053	0.0038	0.0010	0.0007	0.0029	0.0013	0.0058	0.0021	0.0140	0.0047
COG1363	0.2650	0.9948	0.0018	0.9997	0.0002	0.9974	0.0012	0.9908	0.0043	0.9808	0.0085
COG1364	0.0000	0.3351	0.0944	0.0147	0.0200	0.2692	0.1076	0.2057	0.0729	0.4272	0.1543
COG1365	0.0000	0.1606	0.1230	0.0281	0.0217	0.0791	0.0460	0.0968	0.0519	0.0730	0.0487
COG1366	0.0000	0.0122	0.0048	0.0005	0.0001	0.0035	0.0011	0.0101	0.0032	0.0186	0.0057
COG1367	0.0000	0.2773	0.0690	0.0213	0.0247	0.0174	0.0091	0.0091	0.0049	0.0143	0.0070
COG1368	0.0000	0.0003	0.0002	0.0001	0.0000	0.0005	0.0003	0.0017	0.0010	0.0041	0.0023
COG1369	0.0000	0.6976	0.0651	0.0848	0.0422	0.3474	0.0697	0.5494	0.0921	0.7721	0.0698
COG1370	0.0000	0.3077	0.1482	0.0749	0.0432	0.0960	0.0593	0.1247	0.0681	0.1791	0.0788
COG1371	0.1800	0.9974	0.0007	0.9999	0.0001	0.9995	0.0004	0.9972	0.0022	0.9959	0.0020
COG1372	0.0000	0.2191	0.0620	0.0126	0.0039	0.0526	0.0134	0.0956	0.0198	0.1159	0.0214
COG1373	0.0050	0.9326	0.0242	0.9996	0.0001	0.1529	0.0299	0.1959	0.0332	0.1995	0.0407
COG1374	0.0150	0.6863	0.1964	0.9841	0.0153	0.9504	0.0375	0.0931	0.0374	0.1388	0.0783
COG1376	0.0000	0.0006	0.0003	0.0001	0.0000	0.0003	0.0002	0.0004	0.0002	0.0009	0.0004
COG1377	0.0000	0.0023	0.0017	0.0004	0.0002	0.0009	0.0009	0.0022	0.0022	0.0029	0.0024
COG1378	0.0000	0.4940	0.2114	0.0590	0.1338	0.1501	0.2218	0.2209	0.1481	0.2177	0.1111
COG1379	0.1900	0.9444	0.0446	0.9996	0.0003	0.9981	0.0011	0.9930	0.0020	0.9909	0.0041
COG1380	0.0000	0.0248	0.0244	0.0015	0.0015	0.0045	0.0043	0.0069	0.0063	0.0081	0.0045
COG1381	0.0000	0.0001	0.0001	0.0000	0.0000	0.0000	0.0000	0.0002	0.0002	0.0006	0.0005
COG1382	0.0250	0.9926	0.0014	1.0000	0.0000	0.9995	0.0002	0.6578	0.0954	0.6921	0.0745
COG1383	0.2400	0.9935	0.0020	0.9999	0.0001	0.9995	0.0002	0.9977	0.0009	0.9950	0.0025
COG1384	0.1500	0.9909	0.0031	0.9999	0.0002	0.9990	0.0006	0.9972	0.0013	0.9954	0.0017
COG1385	0.0000	0.0002	0.0001	0.0000	0.0000	0.0001	0.0001	0.0006	0.0003	0.0012	0.0006
COG1386	0.3650	0.8455	0.0714	0.9763	0.0148	0.8713	0.0672	0.8356	0.1157	0.7714	0.1488
COG1387	0.0000	0.6780	0.0947	0.0657	0.0394	0.2691	0.0988	0.3936	0.0485	0.6762	0.0963
COG1388	0.0000	0.0092	0.0025	0.0011	0.0003	0.0089	0.0027	0.0252	0.0064	0.0298	0.0099
COG1389	0.0200	0.9800	0.0063	0.9998	0.0001	0.9989	0.0008	0.7367	0.0628	0.7640	0.0549
COG1390	0.0050	0.9729	0.0105	0.9995	0.0007	0.7356	0.0950	0.7921	0.0575	0.6407	0.0862
COG1391	0.0000	0.0022	0.0018	0.0004	0.0003	0.0011	0.0007	0.0012	0.0009	0.0018	0.0011
COG1392	0.0250	0.9873	0.0040	0.9992	0.0007	0.9991	0.0004	0.7543	0.0468	0.7178	0.0522
COG1393	0.0000	0.0012	0.0010	0.0001	0.0001	0.0006	0.0003	0.0015	0.0008	0.0050	0.0025
COG1394	0.0200	0.9966	0.0007	1.0000	0.0000	0.9997	0.0001	0.9288	0.0114	0.8488	0.0405
COG1395	0.1300	0.9929	0.0009	0.9998	0.0001	0.9985	0.0006	0.9944	0.0025	0.9889	0.0039
COG1396	0.0000	0.0494	0.0103	0.0029	0.0007	0.0065	0.0015	0.0185	0.0045	0.0403	0.0078
COG1397	0.0000	0.4286	0.0572	0.0165	0.0090	0.0293	0.0086	0.0694	0.0172	0.1300	0.0434
COG1398	0.0000	0.0004	0.0002	0.0003	0.0002	0.0007	0.0003	0.0009	0.0003	0.0023	0.0006
COG1399	0.0000	0.0005	0.0004	0.0000	0.0000	0.0001	0.0001	0.0003	0.0003	0.0006	0.0004
COG1400	0.0050	0.9961	0.0017	0.9998	0.0001	0.6398	0.0909	0.7064	0.0707	0.5844	0.1098
COG1401	0.0050	0.6075	0.0650	0.9825	0.0089	0.0269	0.0074	0.0323	0.0073	0.0382	0.0097
COG1402	0.0000	0.7825	0.0654	0.3561	0.1087	0.5384	0.1191	0.5137	0.0976	0.3439	0.0723
COG1403	0.0000	0.1149	0.0431	0.0023	0.0011	0.0140	0.0075	0.0199	0.0062	0.0293	0.0058
COG1404	0.0000	0.5698	0.0667	0.0253	0.0120	0.1775	0.0860	0.2700	0.0875	0.3142	0.0551
COG1405	0.0700	0.9984	0.0008	1.0000	0.0000	0.9999	0.0001	0.9996	0.0003	0.9500	0.0085
COG1406	0.0000	0.0010	0.0007	0.0000	0.0000	0.0001	0.0001	0.0007	0.0004	0.0006	0.0003
COG1407	0.0000	0.8365	0.0766	0.3522	0.1237	0.6234	0.0746	0.6983	0.0759	0.7436	0.0606
COG1408	0.0000	0.0323	0.0202	0.0021	0.0013	0.0061	0.0042	0.0146	0.0093	0.0236	0.0118
COG1409	0.0400	0.9164	0.0370	0.9953	0.0019	0.9843	0.0063	0.2021	0.0854	0.2079	0.0741
COG1410	0.0000	0.0358	0.0219	0.0016	0.0011	0.0115	0.0106	0.0381	0.0245	0.0161	0.0110
COG1411	0.0250	0.8465	0.0635	0.9662	0.0210	0.9549	0.0276	0.1793	0.1327	0.2820	0.1738
COG1412	0.0850	0.9970	0.0008	1.0000	0.0000	0.9997	0.0001	0.9988	0.0005	0.8442	0.0235
COG1413	0.0000	0.2300	0.0888	0.0084	0.0048	0.0294	0.0213	0.0402	0.0193	0.0700	0.0299
COG1414	0.0000	0.0142	0.0058	0.0008	0.0003	0.0013	0.0008	0.0024	0.0013	0.0028	0.0014
COG1415	0.0100	0.9678	0.0115	0.9985	0.0016	0.3528	0.1616	0.5873	0.1386	0.6477	0.0752
COG1416	0.0000	0.0180	0.0049	0.0021	0.0012	0.0058	0.0023	0.0061	0.0007	0.0081	0.0013
COG1417	0.0000	0.1584	0.0781	0.0994	0.0381	0.0884	0.0313	0.0993	0.0310	0.1144	0.0424
COG1418	0.0050	0.9554	0.0180	0.9996	0.0004	0.1838	0.0654	0.3670	0.0823	0.5153	0.0863
COG1419	0.0000	0.0008	0.0004	0.0006	0.0005	0.0013	0.0008	0.0008	0.0005	0.0012	0.0007
COG1420	0.0000	0.0001	0.0000	0.0000	0.0000	0.0000	0.0000	0.0001	0.0001	0.0003	0.0001
COG1421	0.0000	0.0816	0.0408	0.0089	0.0058	0.0120	0.0079	0.0088	0.0061	0.0140	0.0072
COG1422	0.5100	0.9896	0.0071	0.9987	0.0011	0.9962	0.0037	0.9898	0.0096	0.9801	0.0159
COG1423	0.0000	0.6864	0.0913	0.0373	0.0221	0.0584	0.0313	0.0761	0.0299	0.1750	0.0976
COG1424	0.0000	0.0059	0.0027	0.0012	0.0006	0.0052	0.0028	0.0073	0.0043	0.0070	0.0041
COG1426	0.0000	0.0007	0.0004	0.0002	0.0001	0.0009	0.0006	0.0022	0.0013	0.0034	0.0022
COG1427	0.0000	0.0483	0.0181	0.0036	0.0021	0.0360	0.0131	0.0616	0.0223	0.1028	0.0407
COG1428	0.0000	0.0021	0.0012	0.0004	0.0003	0.0019	0.0008	0.0033	0.0011	0.0046	0.0014
COG1429	0.0000	0.6774	0.1172	0.0804	0.0286	0.0511	0.0295	0.0957	0.0531	0.0855	0.0504
COG1430	0.0000	0.1438	0.0951	0.0050	0.0039	0.0506	0.0268	0.1570	0.0604	0.2064	0.0894
COG1431	0.0000	0.1801	0.0320	0.0163	0.0070	0.0297	0.0117	0.0181	0.0063	0.0167	0.0072
COG1432	0.0000	0.4551	0.1084	0.0234	0.0072	0.0605	0.0352	0.0927	0.0384	0.1697	0.0428
COG1433	0.0000	0.8979	0.0159	0.2781	0.1161	0.3790	0.1152	0.4186	0.1209	0.5719	0.0421
COG1434	0.0000	0.0035	0.0016	0.0003	0.0001	0.0019	0.0008	0.0029	0.0012	0.0046	0.0015
COG1435	0.0000	0.0021	0.0017	0.0004	0.0003	0.0014	0.0009	0.0038	0.0021	0.0051	0.0031
COG1436	0.0900	0.9854	0.0070	0.9998	0.0002	0.9975	0.0011	0.9893	0.0034	0.6659	0.0930
COG1437	0.0150	0.9779	0.0100	0.9999	0.0001	0.9966	0.0012	0.2350	0.0816	0.3785	0.1349
COG1438	0.0000	0.0019	0.0010	0.0004	0.0002	0.0008	0.0004	0.0008	0.0004	0.0011	0.0005
COG1439	0.4350	0.9987	0.0003	0.9999	0.0001	0.9993	0.0003	0.9967	0.0012	0.9858	0.0056
COG1440	0.0000	0.0013	0.0005	0.0003	0.0002	0.0011	0.0007	0.0022	0.0013	0.0029	0.0015
COG1441	0.0000	0.0003	0.0001	0.0002	0.0001	0.0003	0.0001	0.0003	0.0001	0.0004	0.0001
COG1442	0.0000	0.0019	0.0007	0.0004	0.0003	0.0015	0.0008	0.0029	0.0014	0.0046	0.0016
COG1443	0.0000	0.0186	0.0086	0.0021	0.0010	0.0076	0.0034	0.0221	0.0095	0.0268	0.0122
COG1444	0.0000	0.6150	0.1228	0.1527	0.0587	0.2288	0.0977	0.1922	0.0678	0.1958	0.0703
COG1445	0.0000	0.0019	0.0012	0.0004	0.0003	0.0012	0.0006	0.0021	0.0011	0.0018	0.0009
COG1446	0.0200	0.5425	0.1102	0.9483	0.0275	0.8581	0.0467	0.0293	0.0125	0.0299	0.0120
COG1447	0.0000	0.0009	0.0004	0.0003	0.0002	0.0010	0.0006	0.0017	0.0008	0.0021	0.0009
COG1448	0.0000	0.0003	0.0004	0.0002	0.0004	0.0003	0.0005	0.0012	0.0014	0.0014	0.0011
COG1449	0.0000	0.2936	0.0591	0.0183	0.0095	0.1252	0.0293	0.2018	0.0754	0.2450	0.0692
COG1450	0.0000	0.0006	0.0002	0.0002	0.0001	0.0006	0.0002	0.0009	0.0004	0.0015	0.0006
COG1451	0.0000	0.2528	0.1284	0.0161	0.0103	0.0529	0.0329	0.0995	0.0444	0.1630	0.0541
COG1452	0.0000	0.0001	0.0001	0.0001	0.0000	0.0002	0.0001	0.0004	0.0002	0.0007	0.0003
COG1453	0.0000	0.1152	0.0391	0.0195	0.0074	0.0341	0.0179	0.1011	0.0353	0.1504	0.0526
COG1454	0.0100	0.9386	0.0263	0.9975	0.0017	0.2406	0.0777	0.2731	0.0682	0.2048	0.0762
COG1455	0.0000	0.0006	0.0003	0.0002	0.0001	0.0008	0.0006	0.0011	0.0007	0.0014	0.0008
COG1456	0.0000	0.7494	0.0907	0.1455	0.0822	0.1773	0.1024	0.3450	0.1381	0.1749	0.0872
COG1457	0.0100	0.4120	0.0699	0.9642	0.0142	0.0346	0.0174	0.0760	0.0243	0.0556	0.0124
COG1458	0.0000	0.5631	0.1210	0.0275	0.0143	0.0678	0.0306	0.0830	0.0403	0.1721	0.0893
COG1459	0.0000	0.0016	0.0021	0.0001	0.0002	0.0010	0.0013	0.0022	0.0020	0.0034	0.0020
COG1460	0.0100	0.9956	0.0012	1.0000	0.0000	0.7376	0.0809	0.8484	0.0744	0.8943	0.0484
COG1461	0.0000	0.0071	0.0036	0.0008	0.0006	0.0035	0.0015	0.0088	0.0036	0.0108	0.0038
COG1462	0.0000	0.0016	0.0006	0.0003	0.0001	0.0010	0.0004	0.0014	0.0005	0.0014	0.0003
COG1463	0.0000	0.0006	0.0002	0.0001	0.0001	0.0006	0.0002	0.0018	0.0006	0.0024	0.0010
COG1464	0.0000	0.0001	0.0002	0.0001	0.0003	0.0003	0.0004	0.0006	0.0006	0.0009	0.0008
COG1465	0.5750	0.9840	0.0064	0.9906	0.0065	0.9902	0.0057	0.9841	0.0102	0.9722	0.0209
COG1466	0.0000	0.0006	0.0004	0.0000	0.0000	0.0002	0.0002	0.0013	0.0009	0.0032	0.0021
COG1467	0.0050	0.9972	0.0008	0.9999	0.0000	0.6917	0.0558	0.7881	0.0652	0.8444	0.0576
COG1468	0.0000	0.9817	0.0127	0.7182	0.1523	0.7858	0.1313	0.4829	0.1096	0.6073	0.0842
COG1469	0.0000	0.9354	0.0216	0.2322	0.1059	0.5038	0.1304	0.7562	0.1033	0.6822	0.1257
COG1470	0.2450	0.7343	0.0760	0.9753	0.0150	0.9573	0.0206	0.9124	0.0308	0.8190	0.0407
COG1471	0.0000	0.9463	0.0242	0.4894	0.1552	0.8953	0.0403	0.9572	0.0167	0.9807	0.0078
COG1472	0.0000	0.0153	0.0075	0.0006	0.0003	0.0031	0.0023	0.0065	0.0044	0.0146	0.0098
COG1473	0.0000	0.2291	0.1173	0.0075	0.0047	0.0191	0.0138	0.0232	0.0111	0.0234	0.0083
COG1474	0.0000	0.9774	0.0153	0.5992	0.1882	0.8226	0.0995	0.8724	0.0763	0.9296	0.0405
COG1475	0.0000	0.6879	0.0899	0.0621	0.0393	0.1460	0.0317	0.3355	0.0731	0.3620	0.0917
COG1476	0.0050	0.7783	0.0642	0.9942	0.0024	0.0268	0.0137	0.0728	0.0174	0.1268	0.0280
COG1477	0.0000	0.0112	0.0031	0.0008	0.0004	0.0021	0.0010	0.0074	0.0025	0.0113	0.0029
COG1478	0.1450	0.9932	0.0053	0.9999	0.0001	0.9986	0.0017	0.9966	0.0038	0.9802	0.0121
COG1479	0.0000	0.2341	0.0337	0.0087	0.0027	0.0323	0.0110	0.0373	0.0118	0.0555	0.0126
COG1480	0.0000	0.0021	0.0023	0.0004	0.0003	0.0004	0.0003	0.0007	0.0006	0.0009	0.0006
COG1481	0.0000	0.0082	0.0108	0.0033	0.0039	0.0069	0.0078	0.0121	0.0124	0.0145	0.0138
COG1482	0.0000	0.0137	0.0057	0.0019	0.0008	0.0065	0.0025	0.0241	0.0078	0.0328	0.0079
COG1483	0.0000	0.3175	0.0659	0.0081	0.0072	0.0260	0.0076	0.0327	0.0087	0.0471	0.0149
COG1484	0.0000	0.0164	0.0054	0.0008	0.0003	0.0047	0.0012	0.0077	0.0024	0.0119	0.0051
COG1485	0.0000	0.0095	0.0139	0.0057	0.0069	0.0081	0.0108	0.0087	0.0118	0.0092	0.0097
COG1486	0.0000	0.0185	0.0037	0.0015	0.0009	0.0054	0.0018	0.0097	0.0038	0.0101	0.0033
COG1487	0.1600	0.9754	0.0059	0.9987	0.0005	0.9871	0.0037	0.8862	0.0330	0.7331	0.0800
COG1488	0.0100	0.9801	0.0060	0.9972	0.0028	0.2339	0.1135	0.4407	0.1248	0.5076	0.1166
COG1489	0.0050	0.8703	0.0334	0.9882	0.0037	0.0995	0.0562	0.1760	0.0598	0.2265	0.0611
COG1490	0.0000	0.0068	0.0043	0.0001	0.0001	0.0008	0.0005	0.0027	0.0015	0.0046	0.0020
COG1491	0.0050	0.9934	0.0020	1.0000	0.0000	0.6884	0.0875	0.8458	0.0469	0.9282	0.0209
COG1492	0.0050	0.9444	0.0181	0.9861	0.0064	0.1130	0.0442	0.2890	0.1101	0.1575	0.1166
COG1493	0.0000	0.0023	0.0013	0.0003	0.0001	0.0016	0.0007	0.0023	0.0010	0.0036	0.0017
COG1494	0.0000	0.0100	0.0060	0.0005	0.0002	0.0047	0.0017	0.0085	0.0038	0.0265	0.0108
COG1495	0.0000	0.0009	0.0006	0.0002	0.0002	0.0010	0.0009	0.0019	0.0014	0.0037	0.0023
COG1496	0.0000	0.0009	0.0007	0.0001	0.0001	0.0003	0.0002	0.0006	0.0004	0.0013	0.0012
COG1497	0.0050	0.7893	0.0807	0.9698	0.0164	0.0968	0.0719	0.1235	0.0659	0.1564	0.0863
COG1498	0.0550	0.9936	0.0025	1.0000	0.0000	0.9999	0.0001	0.9994	0.0003	0.8133	0.0833
COG1499	0.0350	0.9876	0.0077	0.9998	0.0002	0.9990	0.0007	0.7238	0.1186	0.8521	0.1052
COG1500	0.0050	0.9968	0.0010	1.0000	0.0000	0.7730	0.0495	0.8919	0.0317	0.9447	0.0154
COG1501	0.0000	0.0161	0.0065	0.0007	0.0003	0.0021	0.0010	0.0053	0.0016	0.0072	0.0024
COG1502	0.0000	0.2280	0.0577	0.0164	0.0067	0.0812	0.0252	0.1964	0.0433	0.2984	0.0470
COG1503	0.0000	0.9637	0.0134	0.4171	0.1620	0.7865	0.1090	0.8326	0.0601	0.8996	0.0240
COG1504	0.0000	0.3061	0.0563	0.0200	0.0105	0.1260	0.0682	0.2586	0.0905	0.4117	0.0819
COG1505	0.0000	0.0258	0.0142	0.0036	0.0013	0.0081	0.0037	0.0089	0.0036	0.0131	0.0063
COG1506	0.0050	0.7174	0.0697	0.9828	0.0091	0.0535	0.0262	0.0420	0.0143	0.0611	0.0144
COG1507	0.0000	0.0027	0.0024	0.0010	0.0011	0.0013	0.0014	0.0015	0.0017	0.0018	0.0018
COG1508	0.0000	0.0109	0.0040	0.0009	0.0004	0.0042	0.0020	0.0091	0.0045	0.0159	0.0061
COG1509	0.0000	0.1650	0.0679	0.0135	0.0098	0.0738	0.0346	0.1317	0.0449	0.2243	0.0496
COG1510	0.2350	0.9006	0.0388	0.9889	0.0046	0.9693	0.0148	0.9234	0.0367	0.8927	0.0423
COG1511	0.0000	0.0187	0.0073	0.0030	0.0022	0.0109	0.0045	0.0130	0.0054	0.0226	0.0106
COG1512	0.0000	0.0138	0.0053	0.0028	0.0009	0.0077	0.0024	0.0113	0.0036	0.0150	0.0056
COG1513	0.0000	0.0850	0.0287	0.0089	0.0057	0.0152	0.0090	0.0215	0.0106	0.0285	0.0109
COG1514	0.1500	0.9963	0.0009	0.9998	0.0003	0.9993	0.0004	0.9953	0.0023	0.9909	0.0038
COG1515	0.0000	0.8991	0.0289	0.1470	0.0993	0.3597	0.1862	0.4175	0.1472	0.5489	0.1170
COG1516	0.0000	0.0015	0.0005	0.0002	0.0001	0.0005	0.0002	0.0008	0.0002	0.0010	0.0003
COG1517	0.0000	0.2260	0.0769	0.0235	0.0160	0.0240	0.0084	0.0245	0.0141	0.0302	0.0150
COG1518	0.0200	0.9941	0.0021	0.9996	0.0006	0.9965	0.0023	0.1280	0.0504	0.1950	0.0642
COG1519	0.0000	0.0006	0.0002	0.0004	0.0002	0.0006	0.0003	0.0011	0.0004	0.0019	0.0006
COG1520	0.1700	0.9267	0.0158	0.9903	0.0045	0.9768	0.0095	0.9519	0.0183	0.9125	0.0217
COG1521	0.0000	0.0018	0.0014	0.0000	0.0000	0.0005	0.0002	0.0015	0.0008	0.0027	0.0014
COG1522	0.0050	0.9993	0.0005	0.9999	0.0001	0.9598	0.0309	0.9838	0.0073	0.9871	0.0053
COG1523	0.0000	0.0067	0.0029	0.0004	0.0002	0.0023	0.0010	0.0036	0.0018	0.0061	0.0027
COG1524	0.0000	0.2185	0.0884	0.0182	0.0102	0.0521	0.0248	0.0810	0.0275	0.1032	0.0299
COG1525	0.0050	0.5896	0.0830	0.9821	0.0053	0.0635	0.0276	0.1243	0.0350	0.2293	0.0447
COG1526	0.1050	0.9252	0.0277	0.9738	0.0393	0.9784	0.0090	0.9424	0.0250	0.8963	0.0344
COG1527	0.0000	0.9659	0.0124	0.7832	0.0803	0.8995	0.0352	0.9295	0.0222	0.7908	0.0705
COG1528	0.0000	0.1183	0.0379	0.0106	0.0047	0.0572	0.0316	0.0664	0.0325	0.0964	0.0417
COG1529	0.0050	0.0838	0.0432	0.5379	0.1817	0.0048	0.0018	0.0143	0.0042	0.0197	0.0074
COG1530	0.0000	0.9710	0.0112	0.7564	0.1155	0.6743	0.1129	0.7409	0.1086	0.7537	0.0893
COG1531	0.0000	0.7393	0.0824	0.2074	0.0898	0.4487	0.1180	0.5689	0.1078	0.6212	0.1028
COG1532	0.0000	0.3213	0.0840	0.0259	0.0154	0.0380	0.0181	0.1033	0.0440	0.0637	0.0311
COG1533	0.0700	0.9890	0.0042	0.9995	0.0004	0.9936	0.0046	0.9822	0.0114	0.5641	0.1244
COG1534	0.0000	0.6368	0.0706	0.0331	0.0274	0.2292	0.0469	0.3323	0.0720	0.5116	0.1151
COG1535	0.0000	0.0108	0.0052	0.0016	0.0009	0.0027	0.0017	0.0027	0.0016	0.0022	0.0011
COG1536	0.0000	0.0020	0.0005	0.0005	0.0004	0.0013	0.0008	0.0020	0.0011	0.0024	0.0012
COG1537	0.0950	0.9955	0.0011	0.9999	0.0000	0.9997	0.0002	0.9983	0.0009	0.8157	0.0775
COG1538	0.0000	0.0057	0.0070	0.0035	0.0058	0.0049	0.0065	0.0078	0.0096	0.0079	0.0082
COG1539	0.0000	0.0011	0.0007	0.0002	0.0001	0.0021	0.0010	0.0071	0.0031	0.0089	0.0043
COG1540	0.0000	0.0082	0.0076	0.0004	0.0005	0.0012	0.0010	0.0018	0.0013	0.0037	0.0028
COG1541	0.0000	0.5259	0.0783	0.0354	0.0320	0.1016	0.0510	0.1272	0.0511	0.2273	0.0516
COG1542	0.0000	0.0483	0.0234	0.0103	0.0031	0.0305	0.0082	0.0303	0.0081	0.0389	0.0147
COG1543	0.0000	0.0103	0.0058	0.0006	0.0004	0.0019	0.0012	0.0031	0.0023	0.0048	0.0030
COG1544	0.0000	0.0009	0.0007	0.0000	0.0000	0.0002	0.0002	0.0006	0.0004	0.0009	0.0007
COG1545	0.2650	0.9982	0.0006	0.9997	0.0004	0.9989	0.0005	0.9975	0.0006	0.9918	0.0030
COG1546	0.0000	0.0185	0.0084	0.0034	0.0018	0.0157	0.0074	0.0497	0.0182	0.0565	0.0168
COG1547	0.0000	0.0069	0.0067	0.0009	0.0007	0.0021	0.0016	0.0024	0.0017	0.0030	0.0021
COG1548	0.0000	0.5389	0.1498	0.1256	0.0579	0.3328	0.1139	0.1235	0.1188	0.2382	0.1661
COG1549	0.4350	0.9919	0.0041	0.9979	0.0018	0.9871	0.0082	0.9688	0.0260	0.9432	0.0409
COG1550	0.0000	0.0040	0.0022	0.0002	0.0001	0.0006	0.0004	0.0006	0.0004	0.0010	0.0005
COG1551	0.0000	0.0011	0.0007	0.0002	0.0001	0.0009	0.0006	0.0014	0.0007	0.0018	0.0008
COG1552	0.0000	0.7790	0.0716	0.1667	0.0632	0.4399	0.1025	0.5917	0.1149	0.6626	0.1060
COG1553	0.0100	0.7244	0.0754	0.9718	0.0124	0.0825	0.0348	0.0537	0.0259	0.0504	0.0148
COG1554	0.0000	0.0083	0.0046	0.0010	0.0007	0.0026	0.0009	0.0086	0.0019	0.0162	0.0040
COG1555	0.0000	0.0121	0.0035	0.0007	0.0004	0.0036	0.0018	0.0085	0.0041	0.0155	0.0051
COG1556	0.0000	0.0184	0.0058	0.0016	0.0007	0.0007	0.0003	0.0016	0.0005	0.0035	0.0013
COG1558	0.0000	0.0003	0.0001	0.0001	0.0000	0.0002	0.0001	0.0003	0.0001	0.0004	0.0002
COG1559	0.0000	0.0004	0.0002	0.0000	0.0000	0.0002	0.0001	0.0006	0.0002	0.0010	0.0004
COG1560	0.0000	0.0005	0.0004	0.0003	0.0002	0.0005	0.0004	0.0010	0.0006	0.0010	0.0005
COG1561	0.0000	0.0022	0.0014	0.0003	0.0004	0.0012	0.0014	0.0020	0.0013	0.0023	0.0014
COG1562	0.0000	0.0514	0.0249	0.0145	0.0086	0.0139	0.0053	0.0186	0.0074	0.0378	0.0172
COG1563	0.0050	0.7660	0.1104	0.9592	0.0475	0.2605	0.1293	0.2429	0.1297	0.3615	0.1423
COG1564	0.0000	0.0038	0.0039	0.0005	0.0004	0.0028	0.0028	0.0048	0.0032	0.0123	0.0079
COG1565	0.0000	0.0133	0.0075	0.0024	0.0016	0.0026	0.0016	0.0051	0.0028	0.0096	0.0044
COG1566	0.0000	0.0026	0.0014	0.0002	0.0001	0.0005	0.0003	0.0011	0.0006	0.0017	0.0009
COG1567	0.0000	0.1345	0.0620	0.0154	0.0120	0.0159	0.0100	0.0107	0.0074	0.0165	0.0091
COG1568	0.0000	0.5775	0.1235	0.0581	0.0289	0.1775	0.0859	0.1705	0.0659	0.1638	0.0782
COG1569	0.0000	0.1961	0.0860	0.0173	0.0072	0.0588	0.0251	0.0359	0.0135	0.0235	0.0080
COG1570	0.0000	0.0423	0.0155	0.0035	0.0013	0.0173	0.0065	0.0412	0.0099	0.0758	0.0094
COG1571	0.0050	0.9990	0.0004	0.9999	0.0001	0.9600	0.0306	0.9629	0.0239	0.9406	0.0329
COG1572	0.0500	0.7268	0.0535	0.9840	0.0050	0.9433	0.0191	0.8484	0.0407	0.0922	0.0179
COG1573	0.0200	0.9445	0.0208	0.9951	0.0068	0.9842	0.0130	0.2743	0.1111	0.4590	0.1184
COG1574	0.0000	0.2665	0.0608	0.0246	0.0172	0.0457	0.0144	0.0427	0.0117	0.0492	0.0178
COG1575	0.0000	0.1467	0.0671	0.0104	0.0053	0.0335	0.0212	0.0681	0.0316	0.0642	0.0384
COG1576	0.0000	0.0098	0.0048	0.0005	0.0002	0.0115	0.0049	0.0375	0.0084	0.0901	0.0232
COG1577	0.2950	0.9932	0.0024	0.9997	0.0003	0.9995	0.0003	0.9978	0.0014	0.9963	0.0018
COG1578	0.0000	0.9519	0.0148	0.4018	0.1345	0.6868	0.1318	0.7310	0.1071	0.7330	0.0963
COG1579	0.0050	0.0287	0.0063	0.6576	0.1563	0.0047	0.0029	0.0063	0.0034	0.0104	0.0048
COG1580	0.0000	0.0021	0.0011	0.0004	0.0001	0.0006	0.0002	0.0011	0.0004	0.0008	0.0003
COG1581	0.0300	0.9842	0.0101	1.0000	0.0000	0.9998	0.0002	0.7637	0.0750	0.8493	0.0535
COG1582	0.0000	0.0015	0.0008	0.0002	0.0001	0.0009	0.0005	0.0015	0.0010	0.0017	0.0009
COG1583	0.0000	0.7936	0.0878	0.1937	0.0816	0.4350	0.1022	0.1550	0.0595	0.1796	0.0633
COG1584	0.0000	0.1911	0.0470	0.0152	0.0053	0.0311	0.0138	0.0815	0.0316	0.1597	0.0315
COG1585	0.0100	0.5881	0.1153	0.9679	0.0101	0.0534	0.0296	0.0798	0.0350	0.0813	0.0389
COG1586	0.0000	0.6553	0.1264	0.0690	0.0607	0.3813	0.1283	0.4578	0.1342	0.5008	0.1295
COG1587	0.0000	0.2818	0.1189	0.0593	0.0461	0.2822	0.1340	0.2577	0.1506	0.2202	0.1111
COG1588	0.0100	0.9954	0.0034	1.0000	0.0000	0.8114	0.1048	0.9125	0.0561	0.9391	0.0379
COG1589	0.0000	0.0007	0.0006	0.0001	0.0001	0.0007	0.0005	0.0015	0.0010	0.0024	0.0014
COG1590	0.0000	0.2330	0.0963	0.0903	0.0350	0.3807	0.0986	0.4818	0.1149	0.5915	0.1242
COG1591	0.0150	0.8590	0.0654	0.9986	0.0012	0.9925	0.0056	0.3798	0.0751	0.4172	0.1077
COG1592	0.0050	0.9842	0.0061	0.9998	0.0002	0.2808	0.0521	0.3997	0.0480	0.5325	0.0689
COG1593	0.0000	0.0038	0.0014	0.0005	0.0004	0.0017	0.0011	0.0042	0.0014	0.0044	0.0011
COG1594	0.0050	0.9874	0.0073	0.9998	0.0002	0.4962	0.1591	0.6196	0.1169	0.6947	0.0996
COG1595	0.0000	0.0045	0.0031	0.0003	0.0002	0.0011	0.0007	0.0048	0.0023	0.0097	0.0039
COG1596	0.0000	0.0073	0.0019	0.0003	0.0003	0.0021	0.0011	0.0022	0.0009	0.0033	0.0015
COG1597	0.0000	0.0101	0.0037	0.0003	0.0001	0.0024	0.0010	0.0078	0.0033	0.0182	0.0093
COG1598	0.0050	0.9439	0.0182	0.9982	0.0007	0.1443	0.0724	0.1251	0.0459	0.1169	0.0311
COG1599	0.0050	0.9968	0.0011	1.0000	0.0000	0.7062	0.0819	0.8612	0.0298	0.9272	0.0155
COG1600	0.0000	0.5647	0.0697	0.0509	0.0465	0.0693	0.0542	0.0796	0.0448	0.0620	0.0261
COG1601	0.1600	0.9947	0.0011	1.0000	0.0000	0.9996	0.0001	0.9986	0.0004	0.9975	0.0006
COG1602	0.1550	0.9974	0.0009	1.0000	0.0000	0.9999	0.0001	0.9993	0.0003	0.9980	0.0008
COG1603	0.0000	0.7030	0.0806	0.1627	0.1523	0.3624	0.1305	0.4007	0.1131	0.6420	0.1035
COG1604	0.0100	0.3890	0.0775	0.6502	0.1456	0.0195	0.0098	0.0093	0.0053	0.0156	0.0084
COG1605	0.0300	0.6754	0.0781	0.9766	0.0124	0.9038	0.0467	0.0941	0.0581	0.1480	0.0788
COG1606	0.4150	0.9974	0.0011	0.9998	0.0001	0.9988	0.0006	0.9961	0.0018	0.9914	0.0029
COG1607	0.0000	0.0090	0.0055	0.0016	0.0010	0.0032	0.0018	0.0045	0.0020	0.0041	0.0022
COG1608	0.0200	0.9978	0.0009	1.0000	0.0000	0.9999	0.0001	0.8992	0.0179	0.8992	0.0172
COG1609	0.0000	0.0043	0.0020	0.0007	0.0003	0.0017	0.0007	0.0064	0.0025	0.0111	0.0039
COG1610	0.0000	0.0010	0.0009	0.0001	0.0001	0.0003	0.0003	0.0005	0.0004	0.0007	0.0005
COG1611	0.0050	0.8717	0.0641	0.9906	0.0085	0.0723	0.0378	0.0999	0.0412	0.1110	0.0243
COG1612	0.0000	0.0004	0.0004	0.0002	0.0002	0.0011	0.0007	0.0018	0.0012	0.0023	0.0014
COG1613	0.0000	0.0014	0.0009	0.0003	0.0002	0.0005	0.0004	0.0007	0.0005	0.0009	0.0005
COG1614	0.0000	0.7492	0.0837	0.1989	0.1099	0.1753	0.0825	0.3567	0.1316	0.2198	0.1121
COG1615	0.0000	0.1164	0.0356	0.0194	0.0102	0.0542	0.0217	0.0516	0.0203	0.0507	0.0254
COG1617	0.0300	0.9887	0.0049	0.9995	0.0003	0.9986	0.0008	0.7139	0.0548	0.6793	0.0782
COG1618	0.0000	0.8652	0.0246	0.1861	0.0598	0.5625	0.0963	0.7298	0.1040	0.7723	0.0848
COG1619	0.0000	0.0096	0.0048	0.0012	0.0006	0.0030	0.0020	0.0060	0.0041	0.0114	0.0090
COG1620	0.0000	0.0290	0.0090	0.0025	0.0009	0.0097	0.0027	0.0088	0.0030	0.0136	0.0055
COG1621	0.0000	0.0161	0.0034	0.0005	0.0003	0.0032	0.0014	0.0090	0.0036	0.0129	0.0055
COG1622	0.0000	0.0081	0.0065	0.0015	0.0012	0.0067	0.0035	0.0149	0.0081	0.0157	0.0083
COG1623	0.0000	0.0009	0.0008	0.0004	0.0003	0.0004	0.0004	0.0007	0.0008	0.0016	0.0015
COG1624	0.2150	0.8637	0.0934	0.9938	0.0055	0.9601	0.0280	0.9305	0.0422	0.8696	0.0704
COG1625	0.0000	0.0436	0.0351	0.0030	0.0037	0.0070	0.0077	0.0125	0.0071	0.0133	0.0080
COG1626	0.0000	0.0058	0.0027	0.0008	0.0002	0.0021	0.0009	0.0064	0.0026	0.0093	0.0036
COG1627	0.0000	0.0613	0.0618	0.0184	0.0248	0.0227	0.0240	0.0175	0.0161	0.0127	0.0144
COG1628	0.0550	0.9983	0.0006	0.9999	0.0001	0.9996	0.0002	0.9982	0.0011	0.7498	0.0624
COG1629	0.0000	0.0112	0.0022	0.0020	0.0008	0.0095	0.0017	0.0189	0.0029	0.0255	0.0058
COG1630	0.0000	0.8147	0.0537	0.2175	0.0631	0.3988	0.0829	0.2486	0.0735	0.2195	0.0891
COG1631	0.0050	0.9931	0.0025	1.0000	0.0000	0.6734	0.0703	0.8687	0.0468	0.9227	0.0269
COG1632	0.1200	0.9945	0.0015	1.0000	0.0000	0.9998	0.0000	0.9994	0.0001	0.9990	0.0002
COG1633	0.0000	0.6036	0.0823	0.0446	0.0201	0.1757	0.0925	0.1570	0.0532	0.2770	0.0558
COG1634	0.0000	0.8942	0.0383	0.4079	0.1779	0.5975	0.0806	0.7364	0.0822	0.8006	0.1051
COG1635	0.0400	0.9852	0.0075	0.9984	0.0021	0.9973	0.0021	0.7637	0.0964	0.7289	0.0905
COG1636	0.0000	0.0192	0.0107	0.0019	0.0011	0.0092	0.0052	0.0290	0.0153	0.0315	0.0140
COG1637	0.1050	0.9369	0.0148	0.9958	0.0044	0.9887	0.0074	0.9449	0.0244	0.8792	0.0471
COG1638	0.0000	0.0058	0.0017	0.0007	0.0004	0.0016	0.0004	0.0033	0.0008	0.0048	0.0013
COG1639	0.0000	0.0014	0.0008	0.0002	0.0001	0.0007	0.0004	0.0011	0.0005	0.0014	0.0006
COG1640	0.0000	0.0139	0.0067	0.0010	0.0007	0.0061	0.0049	0.0150	0.0112	0.0151	0.0124
COG1641	0.4250	0.9964	0.0015	0.9996	0.0003	0.9975	0.0019	0.9907	0.0063	0.9815	0.0091
COG1643	0.0000	0.0022	0.0012	0.0002	0.0001	0.0017	0.0006	0.0031	0.0015	0.0053	0.0032
COG1644	0.3000	0.9942	0.0012	1.0000	0.0000	0.9998	0.0001	0.9990	0.0004	0.9980	0.0007
COG1645	0.0100	0.9769	0.0087	0.9997	0.0006	0.5397	0.1495	0.4546	0.1460	0.3641	0.1278
COG1646	0.0000	0.9384	0.0416	0.6095	0.1451	0.8929	0.0611	0.8989	0.0652	0.8968	0.0696
COG1647	0.0000	0.0070	0.0056	0.0006	0.0004	0.0018	0.0013	0.0032	0.0021	0.0046	0.0030
COG1648	0.0000	0.7532	0.0642	0.0899	0.0650	0.1528	0.0672	0.2389	0.1264	0.2691	0.1126
COG1649	0.0000	0.0155	0.0033	0.0015	0.0004	0.0048	0.0016	0.0094	0.0034	0.0083	0.0032
COG1650	0.1600	0.9827	0.0057	0.9999	0.0001	0.9992	0.0003	0.9957	0.0012	0.9915	0.0024
COG1651	0.0000	0.0199	0.0162	0.0036	0.0039	0.0235	0.0221	0.0396	0.0253	0.0500	0.0276
COG1652	0.0000	0.0112	0.0053	0.0009	0.0003	0.0027	0.0009	0.0049	0.0016	0.0116	0.0035
COG1653	0.0000	0.0509	0.0203	0.0107	0.0062	0.0058	0.0030	0.0170	0.0071	0.0273	0.0132
COG1654	0.0000	0.0000	0.0000	0.0000	0.0000	0.0000	0.0000	0.0000	0.0000	0.0000	0.0000
COG1655	0.0000	0.0061	0.0027	0.0016	0.0006	0.0040	0.0014	0.0047	0.0010	0.0068	0.0016
COG1656	0.0000	0.9069	0.0303	0.2709	0.1456	0.6828	0.1443	0.7367	0.1234	0.7298	0.0630
COG1657	0.0050	0.2788	0.0637	0.9216	0.0347	0.0146	0.0067	0.0170	0.0060	0.0272	0.0054
COG1658	0.7050	0.9884	0.0052	0.9988	0.0006	0.9973	0.0019	0.9903	0.0086	0.9833	0.0112
COG1659	0.0000	0.0121	0.0040	0.0011	0.0005	0.0052	0.0023	0.0063	0.0027	0.0073	0.0026
COG1660	0.0000	0.0002	0.0002	0.0000	0.0000	0.0001	0.0001	0.0004	0.0003	0.0006	0.0003
COG1661	0.0000	0.6664	0.0821	0.0755	0.0426	0.2149	0.0774	0.2518	0.0984	0.2571	0.0942
COG1662	0.0000	0.0069	0.0010	0.0008	0.0003	0.0017	0.0005	0.0023	0.0005	0.0032	0.0008
COG1663	0.0000	0.0003	0.0003	0.0001	0.0001	0.0004	0.0003	0.0006	0.0004	0.0008	0.0004
COG1664	0.0000	0.0044	0.0017	0.0006	0.0004	0.0020	0.0011	0.0048	0.0020	0.0075	0.0026
COG1665	0.1300	0.9552	0.0370	0.9974	0.0029	0.9918	0.0091	0.9346	0.0463	0.9249	0.0610
COG1666	0.0000	0.0001	0.0001	0.0001	0.0000	0.0000	0.0000	0.0001	0.0001	0.0003	0.0001
COG1667	0.0000	0.0265	0.0148	0.0277	0.0195	0.0214	0.0116	0.0167	0.0090	0.0153	0.0134
COG1668	0.0050	0.9688	0.0118	0.9995	0.0007	0.5645	0.1118	0.4314	0.1105	0.3167	0.1082
COG1669	0.0400	0.9794	0.0071	0.9997	0.0001	0.9919	0.0027	0.1252	0.0362	0.1061	0.0229
COG1670	0.0000	0.1043	0.0409	0.0062	0.0027	0.0236	0.0105	0.0467	0.0151	0.0702	0.0243
COG1671	0.0000	0.0057	0.0036	0.0008	0.0009	0.0015	0.0014	0.0024	0.0019	0.0038	0.0025
COG1672	0.0000	0.8305	0.0333	0.2256	0.0871	0.3991	0.0754	0.3943	0.0535	0.3108	0.0378
COG1673	0.0000	0.3147	0.0850	0.0256	0.0239	0.0621	0.0243	0.0970	0.0270	0.1095	0.0307
COG1674	0.0000	0.0004	0.0001	0.0000	0.0000	0.0002	0.0001	0.0012	0.0006	0.0026	0.0013
COG1675	0.0150	0.9896	0.0034	0.9998	0.0003	0.9984	0.0014	0.4400	0.1421	0.5691	0.1207
COG1676	0.0200	0.9968	0.0014	1.0000	0.0000	0.9999	0.0001	0.8563	0.0572	0.9224	0.0290
COG1677	0.0000	0.0003	0.0001	0.0000	0.0000	0.0002	0.0001	0.0003	0.0001	0.0003	0.0001
COG1678	0.0000	0.0011	0.0006	0.0003	0.0003	0.0007	0.0004	0.0019	0.0009	0.0038	0.0017
COG1679	0.7250	0.9992	0.0004	0.9999	0.0002	0.9997	0.0002	0.9991	0.0005	0.9975	0.0010
COG1680	0.0000	0.0901	0.0294	0.0064	0.0027	0.0160	0.0064	0.0264	0.0095	0.0369	0.0080
COG1681	0.0700	0.9765	0.0149	0.9984	0.0015	0.9968	0.0022	0.9841	0.0123	0.3942	0.1461
COG1682	0.0200	0.3043	0.0991	0.9322	0.0348	0.8381	0.1077	0.0173	0.0078	0.0188	0.0050
COG1683	0.0000	0.1545	0.0378	0.0085	0.0041	0.0478	0.0220	0.0476	0.0251	0.0586	0.0155
COG1684	0.0000	0.0003	0.0002	0.0001	0.0000	0.0002	0.0002	0.0006	0.0004	0.0009	0.0006
COG1685	0.5050	0.9858	0.0081	0.9963	0.0024	0.9936	0.0059	0.9926	0.0052	0.9861	0.0083
COG1686	0.0000	0.0001	0.0001	0.0000	0.0000	0.0001	0.0001	0.0003	0.0002	0.0004	0.0003
COG1687	0.0000	0.0024	0.0011	0.0007	0.0004	0.0015	0.0008	0.0024	0.0011	0.0042	0.0021
COG1688	0.1800	0.9821	0.0066	0.9975	0.0038	0.9893	0.0050	0.6267	0.1196	0.4807	0.1141
COG1689	0.0000	0.3121	0.1465	0.0155	0.0115	0.0497	0.0274	0.0633	0.0281	0.0715	0.0262
COG1690	0.3400	0.9892	0.0065	0.9991	0.0007	0.9931	0.0046	0.9861	0.0091	0.9882	0.0067
COG1691	0.1100	0.9940	0.0023	0.9997	0.0002	0.9978	0.0017	0.9941	0.0042	0.9875	0.0066
COG1692	0.0000	0.0007	0.0006	0.0001	0.0001	0.0008	0.0007	0.0023	0.0017	0.0025	0.0014
COG1693	0.0000	0.2736	0.0581	0.0169	0.0092	0.0561	0.0229	0.0812	0.0369	0.0744	0.0463
COG1694	0.0100	0.9108	0.0346	0.9961	0.0026	0.0715	0.0329	0.1251	0.0459	0.2166	0.0640
COG1695	0.0100	0.9864	0.0054	0.9996	0.0006	0.4484	0.1289	0.5793	0.0895	0.4991	0.0933
COG1696	0.0000	0.0028	0.0009	0.0003	0.0001	0.0025	0.0008	0.0045	0.0013	0.0059	0.0019
COG1697	0.0000	0.8353	0.0440	0.2412	0.0626	0.6380	0.0724	0.7322	0.0693	0.7428	0.0634
COG1698	0.0000	0.7508	0.1313	0.2176	0.0566	0.6204	0.1114	0.8272	0.0771	0.9056	0.0406
COG1699	0.0000	0.0001	0.0000	0.0000	0.0000	0.0001	0.0000	0.0001	0.0000	0.0002	0.0001
COG1700	0.0000	0.0412	0.0268	0.0035	0.0024	0.0036	0.0017	0.0049	0.0023	0.0063	0.0029
COG1701	0.0250	0.9927	0.0019	0.9998	0.0001	0.9992	0.0003	0.7584	0.0541	0.8198	0.0557
COG1702	0.0000	0.0022	0.0014	0.0003	0.0002	0.0009	0.0005	0.0021	0.0009	0.0020	0.0008
COG1703	0.0000	0.2532	0.1743	0.0175	0.0098	0.0161	0.0086	0.0264	0.0092	0.0203	0.0059
COG1704	0.0000	0.0313	0.0084	0.0029	0.0014	0.0319	0.0189	0.0699	0.0209	0.1536	0.0304
COG1705	0.0000	0.0020	0.0010	0.0003	0.0003	0.0010	0.0007	0.0012	0.0007	0.0032	0.0018
COG1706	0.0000	0.0008	0.0005	0.0003	0.0002	0.0007	0.0004	0.0010	0.0006	0.0017	0.0011
COG1707	0.0000	0.1738	0.0667	0.0325	0.0197	0.1245	0.0755	0.1403	0.0947	0.2421	0.1584
COG1708	0.0350	0.9907	0.0033	0.9997	0.0005	0.9990	0.0006	0.4768	0.1137	0.3316	0.0819
COG1709	0.9150	0.9975	0.0016	0.9997	0.0003	0.9981	0.0008	0.9932	0.0027	0.9856	0.0047
COG1710	0.0000	0.0879	0.0847	0.0612	0.0499	0.0725	0.0476	0.0645	0.0417	0.0696	0.0561
COG1711	0.0000	0.7554	0.0988	0.1429	0.1163	0.5069	0.1723	0.6443	0.1164	0.7143	0.1063
COG1712	0.1000	0.8159	0.0659	0.9977	0.0008	0.9969	0.0013	0.9926	0.0026	0.9862	0.0050
COG1713	0.0000	0.0017	0.0006	0.0002	0.0001	0.0012	0.0006	0.0023	0.0013	0.0022	0.0013
COG1714	0.0000	0.1748	0.0743	0.0084	0.0048	0.0312	0.0209	0.0452	0.0255	0.0571	0.0219
COG1715	0.0000	0.0948	0.0220	0.0051	0.0014	0.0174	0.0052	0.0214	0.0060	0.0231	0.0065
COG1716	0.0000	0.0672	0.0311	0.0041	0.0023	0.0149	0.0069	0.0291	0.0118	0.0544	0.0224
COG1717	0.0050	0.9924	0.0025	1.0000	0.0000	0.6994	0.1005	0.8897	0.0452	0.9505	0.0146
COG1718	0.0000	0.9004	0.0429	0.4155	0.1270	0.6796	0.0698	0.7646	0.0621	0.7945	0.0527
COG1719	0.1300	0.9392	0.0201	0.9934	0.0070	0.9634	0.0260	0.9064	0.0334	0.8069	0.0516
COG1720	0.0000	0.9204	0.0222	0.3003	0.1485	0.4272	0.1653	0.5549	0.1575	0.6040	0.0958
COG1721	0.0050	0.9593	0.0154	0.9983	0.0011	0.2673	0.0777	0.1762	0.0766	0.2149	0.0790
COG1722	0.0000	0.0194	0.0069	0.0016	0.0009	0.0100	0.0044	0.0256	0.0060	0.0576	0.0090
COG1723	0.0000	0.0086	0.0036	0.0019	0.0012	0.0053	0.0029	0.0097	0.0049	0.0146	0.0059
COG1724	0.0000	0.2082	0.0356	0.0204	0.0081	0.0315	0.0180	0.0262	0.0085	0.0329	0.0076
COG1725	0.0000	0.0127	0.0039	0.0022	0.0010	0.0074	0.0022	0.0177	0.0051	0.0207	0.0063
COG1726	0.0000	0.0003	0.0002	0.0002	0.0002	0.0009	0.0007	0.0016	0.0014	0.0028	0.0018
COG1727	0.0050	0.9964	0.0010	1.0000	0.0000	0.7696	0.0732	0.8762	0.0381	0.9214	0.0173
COG1728	0.0000	0.0019	0.0009	0.0012	0.0007	0.0025	0.0011	0.0024	0.0011	0.0036	0.0018
COG1729	0.0000	0.0014	0.0005	0.0004	0.0002	0.0021	0.0005	0.0037	0.0012	0.0103	0.0029
COG1730	0.0750	0.9902	0.0015	0.9998	0.0001	0.9995	0.0002	0.9976	0.0007	0.7172	0.0516
COG1731	0.0000	0.5542	0.1894	0.2040	0.0739	0.4439	0.0912	0.6366	0.0986	0.6593	0.1403
COG1732	0.0000	0.0167	0.0076	0.0012	0.0009	0.0025	0.0012	0.0044	0.0021	0.0054	0.0027
COG1733	0.0000	0.3559	0.0818	0.0146	0.0059	0.0424	0.0155	0.1145	0.0346	0.1518	0.0298
COG1734	0.0000	0.0008	0.0009	0.0002	0.0003	0.0005	0.0005	0.0011	0.0010	0.0018	0.0013
COG1735	0.0000	0.0138	0.0052	0.0012	0.0005	0.0031	0.0014	0.0050	0.0016	0.0055	0.0010
COG1736	0.0550	0.9812	0.0083	0.9999	0.0001	0.9996	0.0003	0.9988	0.0008	0.9191	0.0307
COG1737	0.0000	0.0011	0.0007	0.0001	0.0001	0.0006	0.0005	0.0011	0.0007	0.0016	0.0010
COG1738	0.0000	0.1731	0.0570	0.0391	0.0133	0.0592	0.0179	0.0707	0.0238	0.1181	0.0351
COG1739	0.0000	0.0384	0.0309	0.0055	0.0068	0.0226	0.0252	0.0334	0.0240	0.0458	0.0349
COG1740	0.0000	0.0686	0.0229	0.0041	0.0028	0.0115	0.0051	0.0260	0.0102	0.0800	0.0257
COG1741	0.0000	0.0345	0.0122	0.0083	0.0034	0.0066	0.0029	0.0097	0.0032	0.0119	0.0050
COG1742	0.0000	0.0345	0.0140	0.0027	0.0024	0.0040	0.0018	0.0037	0.0018	0.0037	0.0016
COG1743	0.0000	0.3559	0.0530	0.0128	0.0064	0.0330	0.0078	0.0319	0.0069	0.0462	0.0150
COG1744	0.0000	0.1057	0.0342	0.0077	0.0041	0.0259	0.0070	0.0448	0.0173	0.0494	0.0138
COG1745	0.0000	0.2482	0.1211	0.0844	0.0496	0.1853	0.1082	0.1573	0.0835	0.1267	0.1078
COG1746	0.7600	0.9991	0.0007	0.9999	0.0001	0.9995	0.0003	0.9974	0.0018	0.9935	0.0038
COG1747	0.0000	0.0014	0.0015	0.0006	0.0006	0.0016	0.0019	0.0023	0.0027	0.0033	0.0021
COG1748	0.0000	0.1819	0.0482	0.0207	0.0147	0.0861	0.0329	0.1065	0.0423	0.1034	0.0302
COG1749	0.0000	0.0025	0.0008	0.0002	0.0001	0.0012	0.0006	0.0021	0.0008	0.0026	0.0008
COG1750	0.1100	0.8932	0.0308	0.9990	0.0011	0.9972	0.0012	0.9845	0.0060	0.9707	0.0118
COG1751	0.0450	0.8996	0.0388	0.9946	0.0045	0.9741	0.0144	0.8925	0.0489	0.1138	0.0420
COG1752	0.0000	0.0183	0.0084	0.0009	0.0005	0.0026	0.0014	0.0090	0.0046	0.0136	0.0071
COG1753	0.0000	0.1806	0.0452	0.0258	0.0117	0.0392	0.0184	0.0386	0.0230	0.0448	0.0207
COG1754	0.0000	0.0001	0.0001	0.0001	0.0001	0.0001	0.0001	0.0001	0.0000	0.0001	0.0000
COG1755	0.0000	0.0001	0.0001	0.0000	0.0000	0.0000	0.0000	0.0000	0.0000	0.0001	0.0000
COG1756	0.0750	0.9205	0.0524	0.9985	0.0013	0.9921	0.0075	0.9787	0.0187	0.2979	0.0929
COG1757	0.0000	0.0110	0.0082	0.0012	0.0006	0.0050	0.0024	0.0103	0.0029	0.0200	0.0049
COG1758	0.0600	0.9774	0.0077	0.9998	0.0001	0.9987	0.0006	0.9958	0.0013	0.8121	0.0382
COG1759	0.0000	0.7967	0.0687	0.2261	0.1225	0.7280	0.0647	0.8825	0.0435	0.9039	0.0332
COG1760	0.0000	0.0105	0.0051	0.0012	0.0004	0.0034	0.0011	0.0073	0.0032	0.0095	0.0036
COG1761	0.3250	0.9971	0.0007	1.0000	0.0000	0.9999	0.0001	0.9994	0.0002	0.9984	0.0007
COG1762	0.0000	0.0147	0.0065	0.0016	0.0006	0.0034	0.0016	0.0056	0.0037	0.0093	0.0057
COG1763	0.0000	0.7530	0.0640	0.1247	0.0963	0.5975	0.1029	0.6985	0.0804	0.5974	0.0910
COG1764	0.0000	0.0902	0.0189	0.0101	0.0055	0.0159	0.0053	0.0186	0.0058	0.0210	0.0040
COG1765	0.0150	0.8980	0.0425	0.9832	0.0084	0.9636	0.0259	0.1656	0.0567	0.0900	0.0323
COG1766	0.0000	0.0010	0.0005	0.0003	0.0002	0.0007	0.0003	0.0016	0.0007	0.0026	0.0011
COG1767	0.0000	0.9465	0.0273	0.5536	0.1512	0.6852	0.0861	0.2579	0.1552	0.4846	0.1698
COG1768	0.0000	0.0016	0.0009	0.0005	0.0004	0.0008	0.0005	0.0012	0.0007	0.0021	0.0007
COG1769	0.0000	0.1087	0.0693	0.0039	0.0043	0.0034	0.0022	0.0017	0.0011	0.0034	0.0019
COG1770	0.0000	0.0028	0.0015	0.0017	0.0008	0.0027	0.0009	0.0044	0.0018	0.0049	0.0018
COG1771	0.0000	0.0675	0.0743	0.0724	0.0821	0.0614	0.0608	0.0422	0.0416	0.0419	0.0550
COG1772	0.0000	0.3701	0.1812	0.1532	0.0778	0.0876	0.0474	0.0778	0.0252	0.0747	0.0502
COG1773	0.0000	0.4780	0.1219	0.0540	0.0361	0.1490	0.0724	0.3567	0.0985	0.4102	0.0827
COG1774	0.0000	0.0189	0.0155	0.0018	0.0019	0.0050	0.0042	0.0073	0.0057	0.0098	0.0080
COG1775	0.0000	0.3386	0.0813	0.0534	0.0303	0.0478	0.0200	0.0544	0.0210	0.0404	0.0141
COG1776	0.0000	0.4239	0.1101	0.0108	0.0061	0.1117	0.0832	0.1206	0.0678	0.0421	0.0189
COG1777	0.0000	0.5949	0.1189	0.0384	0.0141	0.0801	0.0458	0.1339	0.0358	0.1835	0.0480
COG1778	0.0000	0.0041	0.0016	0.0008	0.0003	0.0037	0.0015	0.0077	0.0028	0.0086	0.0025
COG1779	0.0350	0.9590	0.0210	0.9997	0.0003	0.9981	0.0019	0.5367	0.0839	0.6309	0.1190
COG1780	0.0000	0.0004	0.0002	0.0003	0.0002	0.0007	0.0004	0.0013	0.0007	0.0013	0.0006
COG1781	0.5400	0.9986	0.0004	1.0000	0.0000	0.9998	0.0001	0.9989	0.0005	0.9969	0.0012
COG1782	0.8200	0.9995	0.0002	1.0000	0.0000	0.9998	0.0001	0.9991	0.0003	0.9984	0.0006
COG1783	0.0000	0.0057	0.0019	0.0005	0.0002	0.0021	0.0008	0.0054	0.0017	0.0114	0.0029
COG1784	0.0000	0.4537	0.1034	0.0460	0.0347	0.3320	0.1590	0.4648	0.1104	0.6552	0.0694
COG1785	0.0000	0.0734	0.0164	0.0068	0.0025	0.0292	0.0146	0.0235	0.0115	0.0250	0.0097
COG1786	0.6050	0.9987	0.0003	0.9999	0.0001	0.9996	0.0001	0.9987	0.0005	0.9960	0.0015
COG1787	0.0000	0.0099	0.0021	0.0008	0.0003	0.0050	0.0018	0.0056	0.0015	0.0062	0.0013
COG1788	0.0000	0.0514	0.0340	0.0029	0.0013	0.0079	0.0031	0.0158	0.0062	0.0160	0.0038
COG1790	0.0000	0.0246	0.0179	0.0810	0.0487	0.0750	0.0574	0.0630	0.0492	0.0446	0.0389
COG1791	0.0000	0.0008	0.0004	0.0003	0.0001	0.0013	0.0008	0.0017	0.0009	0.0016	0.0008
COG1792	0.0000	0.0001	0.0001	0.0000	0.0000	0.0001	0.0001	0.0007	0.0004	0.0016	0.0008
COG1793	0.1500	0.9914	0.0034	0.9997	0.0003	0.9990	0.0006	0.9969	0.0016	0.9942	0.0027
COG1794	0.0000	0.1323	0.0690	0.0070	0.0049	0.0298	0.0185	0.0818	0.0291	0.0912	0.0320
COG1795	0.0000	0.0036	0.0009	0.0015	0.0009	0.0036	0.0014	0.0009	0.0008	0.0016	0.0012
COG1796	0.0000	0.0316	0.0245	0.0015	0.0012	0.0086	0.0064	0.0108	0.0056	0.0210	0.0095
COG1797	0.0400	0.8311	0.0771	0.9527	0.0296	0.6703	0.1097	0.0759	0.0660	0.0728	0.0637
COG1798	0.1850	0.9833	0.0074	0.9999	0.0001	0.9994	0.0004	0.9986	0.0011	0.9974	0.0018
COG1799	0.0000	0.0052	0.0053	0.0016	0.0017	0.0045	0.0056	0.0087	0.0097	0.0092	0.0080
COG1800	0.0000	0.1265	0.0442	0.0171	0.0051	0.0513	0.0127	0.0702	0.0172	0.0801	0.0268
COG1801	0.0000	0.8495	0.0379	0.2311	0.1716	0.4262	0.1700	0.4636	0.1573	0.4144	0.1194
COG1802	0.0000	0.0065	0.0021	0.0008	0.0005	0.0019	0.0010	0.0035	0.0013	0.0034	0.0011
COG1803	0.0000	0.0147	0.0062	0.0006	0.0005	0.0054	0.0033	0.0059	0.0025	0.0071	0.0024
COG1804	0.0000	0.0813	0.0403	0.0066	0.0026	0.0079	0.0019	0.0193	0.0047	0.0313	0.0068
COG1805	0.0000	0.0005	0.0002	0.0001	0.0001	0.0005	0.0002	0.0006	0.0002	0.0010	0.0003
COG1806	0.0000	0.0012	0.0008	0.0003	0.0003	0.0008	0.0008	0.0017	0.0015	0.0024	0.0025
COG1807	0.0000	0.0547	0.0223	0.0055	0.0029	0.0520	0.0273	0.0641	0.0229	0.0783	0.0263
COG1808	0.1500	0.7286	0.0514	0.9746	0.0070	0.9284	0.0221	0.8282	0.0558	0.7253	0.0678
COG1809	0.0000	0.0721	0.0274	0.0159	0.0046	0.0268	0.0089	0.0409	0.0126	0.0340	0.0080
COG1810	0.0100	0.8211	0.0831	0.9700	0.0249	0.0864	0.0386	0.0962	0.0450	0.0919	0.0498
COG1811	0.0000	0.0172	0.0040	0.0016	0.0007	0.0043	0.0028	0.0054	0.0020	0.0099	0.0034
COG1812	0.0000	0.9653	0.0286	0.4110	0.1923	0.7466	0.1355	0.7797	0.1200	0.8125	0.1098
COG1813	0.0000	0.9583	0.0203	0.4553	0.1460	0.7150	0.0881	0.7370	0.0821	0.7668	0.0764
COG1814	0.0100	0.9781	0.0049	0.9996	0.0003	0.4103	0.0768	0.4318	0.0681	0.4662	0.0632
COG1815	0.0000	0.0006	0.0003	0.0001	0.0000	0.0002	0.0001	0.0004	0.0002	0.0006	0.0003
COG1816	0.0000	0.0115	0.0046	0.0025	0.0011	0.0049	0.0017	0.0058	0.0024	0.0119	0.0069
COG1817	0.0800	0.9428	0.0262	0.9951	0.0052	0.9942	0.0050	0.9350	0.0416	0.1292	0.0320
COG1818	0.0000	0.5331	0.1872	0.1293	0.0993	0.2350	0.1297	0.2374	0.1249	0.2491	0.1260
COG1819	0.0150	0.8225	0.0354	0.9927	0.0047	0.9814	0.0098	0.1755	0.0345	0.1439	0.0409
COG1820	0.0000	0.0079	0.0026	0.0009	0.0010	0.0047	0.0029	0.0100	0.0045	0.0160	0.0083
COG1821	0.0000	0.5734	0.1262	0.1317	0.0603	0.2934	0.0909	0.1186	0.0947	0.2275	0.1455
COG1822	0.0150	0.4334	0.2354	0.8956	0.0562	0.8330	0.0900	0.0804	0.0275	0.0707	0.0339
COG1823	0.0000	0.0001	0.0001	0.0001	0.0001	0.0003	0.0004	0.0007	0.0005	0.0010	0.0006
COG1824	0.0000	0.7929	0.0808	0.1387	0.0771	0.3660	0.1768	0.5031	0.1676	0.6712	0.1287
COG1825	0.0000	0.0010	0.0011	0.0001	0.0001	0.0008	0.0008	0.0017	0.0012	0.0019	0.0009
COG1826	0.0000	0.2364	0.1258	0.0121	0.0099	0.0756	0.0396	0.1810	0.0457	0.2243	0.0690
COG1827	0.0000	0.0087	0.0039	0.0005	0.0004	0.0030	0.0017	0.0044	0.0020	0.0069	0.0029
COG1828	0.0000	0.8170	0.0466	0.3762	0.1530	0.6565	0.0993	0.6513	0.0921	0.3831	0.0894
COG1829	0.0100	0.9936	0.0020	0.9998	0.0001	0.6672	0.1533	0.6893	0.1241	0.7355	0.1008
COG1830	0.0000	0.9366	0.0138	0.3431	0.1279	0.7693	0.0440	0.8346	0.0232	0.8312	0.0377
COG1831	0.0050	0.8974	0.0357	0.9920	0.0033	0.2389	0.1450	0.4042	0.1464	0.4199	0.1731
COG1832	0.0200	0.7335	0.1369	0.9812	0.0098	0.9396	0.0370	0.0893	0.0201	0.1390	0.0231
COG1833	0.0000	0.9006	0.0256	0.1484	0.0665	0.4007	0.1785	0.4624	0.1365	0.5933	0.0954
COG1834	0.0000	0.0647	0.0223	0.0071	0.0022	0.0215	0.0099	0.0317	0.0139	0.0475	0.0155
COG1835	0.0000	0.0160	0.0036	0.0012	0.0005	0.0068	0.0022	0.0133	0.0035	0.0191	0.0036
COG1836	0.3800	0.9931	0.0033	0.9997	0.0002	0.9933	0.0047	0.9832	0.0084	0.9859	0.0064
COG1837	0.0000	0.0019	0.0018	0.0001	0.0001	0.0006	0.0008	0.0015	0.0014	0.0023	0.0016
COG1838	0.1250	0.9924	0.0021	0.9973	0.0032	0.9981	0.0008	0.9972	0.0007	0.9959	0.0011
COG1839	0.0000	0.6096	0.1184	0.1179	0.1111	0.4122	0.1754	0.4806	0.1278	0.5651	0.0557
COG1840	0.0000	0.1650	0.0671	0.0107	0.0051	0.0113	0.0047	0.0104	0.0031	0.0117	0.0060
COG1841	0.2800	0.9971	0.0013	0.9999	0.0000	0.9997	0.0001	0.9987	0.0006	0.9957	0.0022
COG1842	0.0000	0.0589	0.0282	0.0023	0.0014	0.0051	0.0021	0.0065	0.0025	0.0110	0.0046
COG1843	0.0000	0.0010	0.0004	0.0001	0.0001	0.0003	0.0002	0.0003	0.0001	0.0003	0.0001
COG1844	0.0000	0.1692	0.1626	0.1041	0.1348	0.0321	0.0386	0.0240	0.0220	0.0252	0.0318
COG1845	0.0000	0.0011	0.0007	0.0002	0.0001	0.0007	0.0004	0.0014	0.0012	0.0026	0.0019
COG1846	0.0050	0.7698	0.0646	0.9856	0.0073	0.0264	0.0152	0.0552	0.0245	0.0680	0.0244
COG1847	0.0000	0.0046	0.0026	0.0004	0.0003	0.0019	0.0012	0.0058	0.0030	0.0090	0.0038
COG1848	0.0150	0.9876	0.0041	0.9997	0.0002	0.9960	0.0015	0.2421	0.0593	0.1947	0.0492
COG1849	0.0000	0.2495	0.0865	0.0264	0.0176	0.1575	0.0757	0.3906	0.0835	0.6056	0.1027
COG1850	0.0050	0.9612	0.0149	0.9987	0.0007	0.2819	0.0894	0.3585	0.0767	0.4383	0.0712
COG1851	0.0000	0.0241	0.0142	0.0081	0.0036	0.0150	0.0048	0.0147	0.0057	0.0147	0.0070
COG1852	0.2800	0.9438	0.0209	0.9973	0.0015	0.9941	0.0023	0.9816	0.0059	0.9687	0.0122
COG1853	0.0050	0.9811	0.0063	0.9995	0.0006	0.4362	0.1395	0.4642	0.1082	0.5980	0.0747
COG1854	0.0000	0.0015	0.0013	0.0004	0.0003	0.0024	0.0014	0.0020	0.0010	0.0022	0.0009
COG1855	0.6350	0.9983	0.0020	1.0000	0.0000	0.9996	0.0003	0.9982	0.0014	0.9951	0.0040
COG1856	0.0000	0.7300	0.1359	0.2533	0.1050	0.4113	0.1418	0.2935	0.1396	0.1873	0.0805
COG1857	0.0200	0.9357	0.0181	0.9943	0.0068	0.9890	0.0063	0.0806	0.0364	0.1031	0.0480
COG1858	0.0000	0.0033	0.0011	0.0004	0.0002	0.0010	0.0004	0.0015	0.0005	0.0029	0.0007
COG1859	0.0050	0.9067	0.0592	0.9854	0.0103	0.1099	0.0462	0.2301	0.0880	0.3822	0.1357
COG1860	0.0000	0.9126	0.0402	0.4226	0.2020	0.5387	0.1641	0.6736	0.1789	0.6538	0.1916
COG1861	0.0000	0.0181	0.0069	0.0029	0.0013	0.0057	0.0017	0.0122	0.0037	0.0143	0.0030
COG1862	0.0000	0.0020	0.0015	0.0005	0.0004	0.0020	0.0016	0.0022	0.0015	0.0029	0.0020
COG1863	0.0000	0.9340	0.0351	0.6100	0.2949	0.4862	0.1861	0.4267	0.1651	0.4831	0.1784
COG1864	0.0000	0.0028	0.0024	0.0004	0.0002	0.0018	0.0010	0.0038	0.0011	0.0051	0.0017
COG1865	0.0000	0.7111	0.1093	0.1626	0.1264	0.0878	0.0431	0.1325	0.0622	0.0941	0.0482
COG1866	0.0200	0.3462	0.0570	0.8958	0.0681	0.7193	0.1519	0.0445	0.0196	0.0475	0.0127
COG1867	0.1050	0.9984	0.0009	1.0000	0.0000	0.9999	0.0000	0.9997	0.0002	0.9993	0.0003
COG1868	0.0000	0.0007	0.0002	0.0001	0.0001	0.0003	0.0001	0.0004	0.0002	0.0004	0.0002
COG1869	0.0000	0.0018	0.0006	0.0003	0.0002	0.0006	0.0002	0.0014	0.0003	0.0019	0.0005
COG1871	0.0000	0.5679	0.1308	0.0123	0.0056	0.1080	0.0882	0.1557	0.0793	0.0455	0.0143
COG1872	0.0050	0.9754	0.0150	0.9991	0.0005	0.2752	0.1389	0.3507	0.1395	0.5120	0.0785
COG1873	0.0000	0.7805	0.1009	0.1819	0.0760	0.4365	0.1178	0.5550	0.1272	0.7079	0.1094
COG1874	0.0000	0.1177	0.0313	0.0084	0.0033	0.0174	0.0093	0.0339	0.0105	0.0392	0.0087
COG1875	0.0000	0.0130	0.0105	0.0025	0.0022	0.0072	0.0072	0.0107	0.0078	0.0130	0.0081
COG1876	0.0000	0.0002	0.0001	0.0000	0.0000	0.0002	0.0001	0.0004	0.0002	0.0009	0.0004
COG1877	0.0000	0.0117	0.0046	0.0016	0.0008	0.0052	0.0019	0.0108	0.0035	0.0116	0.0040
COG1878	0.0000	0.5072	0.0756	0.0497	0.0383	0.1063	0.0335	0.1607	0.0318	0.1071	0.0216
COG1879	0.0000	0.0081	0.0025	0.0009	0.0008	0.0027	0.0010	0.0051	0.0010	0.0060	0.0010
COG1880	0.0000	0.5215	0.1351	0.1078	0.0659	0.1360	0.0509	0.1547	0.0549	0.1738	0.0756
COG1881	0.0000	0.3946	0.1050	0.0261	0.0191	0.0890	0.0454	0.1219	0.0462	0.1937	0.0525
COG1882	0.0000	0.0481	0.0163	0.0037	0.0019	0.0101	0.0061	0.0272	0.0139	0.0443	0.0173
COG1883	0.0000	0.0796	0.0582	0.0084	0.0074	0.0230	0.0165	0.0366	0.0220	0.0265	0.0130
COG1884	0.0000	0.2967	0.1906	0.0210	0.0080	0.0151	0.0091	0.0201	0.0082	0.0192	0.0065
COG1885	0.0000	0.4526	0.2660	0.1594	0.0938	0.0806	0.0469	0.0601	0.0328	0.0774	0.0823
COG1886	0.0000	0.0003	0.0003	0.0004	0.0003	0.0005	0.0004	0.0008	0.0004	0.0011	0.0006
COG1887	0.0000	0.0246	0.0097	0.0032	0.0012	0.0118	0.0051	0.0248	0.0097	0.0266	0.0101
COG1888	0.0250	0.9840	0.0082	0.9989	0.0010	0.9944	0.0031	0.4356	0.0731	0.5281	0.0844
COG1889	0.2150	0.0166	0.0046	0.4014	0.0715	0.1762	0.0423	0.0855	0.0306	0.0560	0.0245
COG1890	0.6750	0.9994	0.0003	1.0000	0.0000	0.9999	0.0000	0.9997	0.0001	0.9994	0.0002
COG1891	0.0000	0.5714	0.1295	0.1185	0.0695	0.2815	0.1101	0.1046	0.1046	0.1853	0.1264
COG1892	0.0000	0.3535	0.0474	0.0313	0.0242	0.1851	0.0716	0.2394	0.0821	0.1796	0.0551
COG1893	0.0500	0.9126	0.0325	0.9909	0.0038	0.9672	0.0309	0.8930	0.0908	0.2545	0.0595
COG1894	0.0050	0.6419	0.0969	0.9590	0.0164	0.0302	0.0152	0.0706	0.0221	0.1204	0.0258
COG1895	0.0000	0.3833	0.0998	0.0488	0.0227	0.1461	0.0515	0.0856	0.0274	0.0839	0.0168
COG1896	0.0100	0.7641	0.0585	0.9974	0.0024	0.1313	0.0577	0.2484	0.0953	0.3466	0.1187
COG1897	0.0000	0.0017	0.0013	0.0002	0.0001	0.0018	0.0011	0.0032	0.0025	0.0036	0.0026
COG1898	0.0050	0.9364	0.0161	0.9957	0.0024	0.2715	0.1302	0.3688	0.0851	0.1006	0.0218
COG1899	0.1000	0.9983	0.0007	1.0000	0.0000	0.9999	0.0000	0.9995	0.0002	0.9986	0.0004
COG1900	0.0150	0.9430	0.0309	0.9943	0.0070	0.9930	0.0046	0.7652	0.0590	0.7891	0.0688
COG1901	0.0200	0.9263	0.0292	0.9986	0.0015	0.9857	0.0072	0.2211	0.1096	0.3815	0.0885
COG1902	0.0000	0.2411	0.0781	0.0048	0.0024	0.0156	0.0104	0.0207	0.0102	0.0280	0.0119
COG1903	0.0000	0.1236	0.0790	0.0073	0.0037	0.0083	0.0029	0.0189	0.0136	0.0214	0.0138
COG1904	0.0000	0.0027	0.0015	0.0006	0.0006	0.0032	0.0028	0.0040	0.0033	0.0056	0.0047
COG1905	0.0000	0.3499	0.1103	0.0241	0.0151	0.0280	0.0169	0.0635	0.0284	0.0655	0.0196
COG1906	0.0300	0.6589	0.0887	0.9566	0.0346	0.9071	0.0651	0.1112	0.0485	0.0782	0.0275
COG1907	0.0250	0.9957	0.0026	0.9993	0.0005	0.9977	0.0016	0.3139	0.1602	0.4897	0.2068
COG1908	0.0000	0.7827	0.0622	0.2314	0.1022	0.4582	0.1070	0.6818	0.0889	0.3599	0.0823
COG1909	0.3300	0.9982	0.0004	0.9999	0.0000	0.9996	0.0002	0.9988	0.0004	0.9965	0.0009
COG1910	0.0000	0.0975	0.0237	0.0121	0.0127	0.0459	0.0185	0.0742	0.0273	0.1007	0.0341
COG1911	0.0000	0.8537	0.0710	0.2667	0.0438	0.7938	0.0838	0.9088	0.0501	0.9515	0.0291
COG1912	0.0000	0.8651	0.0349	0.1409	0.1051	0.2961	0.1371	0.2702	0.0979	0.3578	0.1140
COG1913	0.0000	0.6761	0.0899	0.0734	0.0402	0.3032	0.1112	0.4422	0.1148	0.4949	0.0855
COG1914	0.0000	0.0492	0.0160	0.0060	0.0029	0.0228	0.0053	0.0356	0.0098	0.0401	0.0137
COG1915	0.0200	0.4477	0.0707	0.9548	0.0246	0.8627	0.0712	0.0585	0.0314	0.1158	0.0806
COG1916	0.2600	0.9764	0.0085	0.9966	0.0025	0.9928	0.0036	0.9763	0.0176	0.9783	0.0144
COG1917	0.0000	0.8321	0.0549	0.1232	0.0711	0.3182	0.1287	0.2974	0.0891	0.2788	0.0810
COG1918	0.1550	0.9851	0.0066	0.9995	0.0006	0.9985	0.0008	0.9936	0.0024	0.9837	0.0085
COG1920	0.0750	0.9213	0.0396	0.9872	0.0086	0.9275	0.0360	0.8883	0.0749	0.3305	0.1501
COG1921	0.0000	0.0223	0.0117	0.0013	0.0012	0.0074	0.0032	0.0124	0.0051	0.0107	0.0045
COG1922	0.0000	0.0022	0.0008	0.0002	0.0001	0.0013	0.0004	0.0030	0.0011	0.0043	0.0015
COG1923	0.0000	0.0125	0.0069	0.0016	0.0012	0.0033	0.0026	0.0049	0.0044	0.0052	0.0040
COG1924	0.1050	0.9286	0.0211	0.9975	0.0014	0.9729	0.0101	0.9550	0.0133	0.9243	0.0269
COG1925	0.0000	0.0061	0.0024	0.0014	0.0006	0.0062	0.0024	0.0082	0.0030	0.0165	0.0059
COG1926	0.0000	0.1564	0.0320	0.0087	0.0037	0.0555	0.0190	0.0920	0.0222	0.1034	0.0167
COG1927	0.0000	0.4721	0.1265	0.1263	0.0698	0.2017	0.0655	0.1544	0.0583	0.2263	0.0993
COG1928	0.0000	0.0026	0.0006	0.0005	0.0002	0.0018	0.0004	0.0031	0.0011	0.0045	0.0016
COG1929	0.0000	0.0011	0.0007	0.0001	0.0000	0.0017	0.0007	0.0019	0.0009	0.0021	0.0010
COG1930	0.0000	0.0672	0.0207	0.0029	0.0009	0.0037	0.0016	0.0038	0.0028	0.0054	0.0031
COG1931	0.5200	0.9852	0.0094	0.9981	0.0032	0.9935	0.0096	0.9818	0.0198	0.9470	0.0387
COG1932	0.0000	0.0101	0.0038	0.0018	0.0007	0.0102	0.0042	0.0208	0.0068	0.0239	0.0072
COG1933	0.9000	0.9966	0.0009	0.9994	0.0003	0.9972	0.0017	0.9927	0.0037	0.9892	0.0053
COG1934	0.0000	0.0019	0.0008	0.0007	0.0003	0.0036	0.0013	0.0043	0.0014	0.0076	0.0021
COG1935	0.0000	0.3915	0.2571	0.1663	0.0871	0.1036	0.0562	0.0628	0.0298	0.0914	0.0863
COG1936	0.0000	0.8204	0.0884	0.1935	0.0574	0.6427	0.1177	0.7796	0.1020	0.8115	0.0814
COG1937	0.0000	0.0091	0.0041	0.0007	0.0003	0.0017	0.0007	0.0049	0.0018	0.0074	0.0028
COG1938	0.0000	0.8781	0.0463	0.2842	0.1135	0.5878	0.0917	0.7374	0.0873	0.7723	0.0871
COG1939	0.0000	0.0022	0.0023	0.0012	0.0011	0.0022	0.0027	0.0044	0.0051	0.0057	0.0066
COG1940	0.0000	0.0811	0.0333	0.0036	0.0021	0.0328	0.0098	0.0811	0.0215	0.0981	0.0299
COG1941	0.1150	0.9355	0.0300	0.9965	0.0033	0.9886	0.0080	0.9637	0.0145	0.9218	0.0358
COG1942	0.0000	0.0554	0.0091	0.0025	0.0011	0.0153	0.0051	0.0248	0.0081	0.0310	0.0111
COG1943	0.0000	0.1532	0.0342	0.0050	0.0017	0.0287	0.0111	0.0556	0.0214	0.0558	0.0220
COG1944	0.0000	0.2522	0.0687	0.0215	0.0107	0.0654	0.0200	0.1020	0.0371	0.1866	0.0775
COG1945	0.0750	0.9844	0.0081	0.9996	0.0002	0.9982	0.0010	0.9962	0.0025	0.6133	0.1037
COG1946	0.0000	0.0009	0.0005	0.0010	0.0007	0.0017	0.0008	0.0017	0.0006	0.0026	0.0013
COG1947	0.0000	0.0020	0.0008	0.0001	0.0001	0.0008	0.0004	0.0026	0.0014	0.0042	0.0029
COG1948	0.0050	0.7180	0.1121	0.9963	0.0049	0.1969	0.0756	0.3224	0.0793	0.3123	0.0834
COG1949	0.0000	0.0083	0.0069	0.0062	0.0052	0.0153	0.0116	0.0252	0.0169	0.0317	0.0188
COG1950	0.0000	0.0064	0.0054	0.0006	0.0005	0.0020	0.0021	0.0059	0.0041	0.0116	0.0064
COG1951	0.1950	0.9968	0.0009	0.9995	0.0011	0.9995	0.0003	0.9982	0.0007	0.9940	0.0021
COG1952	0.0000	0.0048	0.0073	0.0010	0.0011	0.0026	0.0031	0.0036	0.0026	0.0043	0.0018
COG1953	0.0000	0.0140	0.0040	0.0045	0.0020	0.0076	0.0033	0.0130	0.0053	0.0133	0.0047
COG1954	0.0000	0.0006	0.0004	0.0002	0.0001	0.0003	0.0001	0.0005	0.0003	0.0006	0.0003
COG1955	0.1100	0.9787	0.0140	0.9981	0.0017	0.9966	0.0024	0.9841	0.0121	0.7969	0.1551
COG1956	0.0050	0.0655	0.0143	0.7979	0.0906	0.0023	0.0017	0.0057	0.0035	0.0066	0.0037
COG1957	0.0000	0.0246	0.0076	0.0010	0.0004	0.0046	0.0020	0.0123	0.0041	0.0158	0.0063
COG1958	0.0000	0.9325	0.0772	0.3485	0.2460	0.7339	0.2039	0.8601	0.1027	0.9120	0.0551
COG1959	0.0000	0.0103	0.0054	0.0014	0.0011	0.0016	0.0009	0.0035	0.0020	0.0053	0.0025
COG1960	0.0000	0.0927	0.0721	0.0084	0.0048	0.0159	0.0076	0.0265	0.0098	0.0506	0.0142
COG1961	0.0050	0.5206	0.0700	0.9814	0.0095	0.0140	0.0068	0.0453	0.0130	0.0685	0.0163
COG1962	0.0850	0.9067	0.0688	0.9932	0.0070	0.9753	0.0170	0.9175	0.0443	0.2295	0.0631
COG1963	0.0000	0.0005	0.0004	0.0001	0.0001	0.0010	0.0007	0.0020	0.0014	0.0042	0.0033
COG1964	0.3500	0.9964	0.0010	0.9999	0.0000	0.9988	0.0004	0.9971	0.0012	0.9913	0.0041
COG1965	0.0000	0.0003	0.0001	0.0003	0.0001	0.0004	0.0001	0.0004	0.0001	0.0010	0.0003
COG1966	0.0000	0.1994	0.0692	0.0242	0.0124	0.0873	0.0372	0.0510	0.0152	0.0656	0.0185
COG1967	0.0000	0.6103	0.1588	0.1546	0.1002	0.3636	0.1657	0.5063	0.2015	0.6667	0.2200
COG1968	0.0000	0.3557	0.0973	0.0147	0.0086	0.0949	0.0296	0.1347	0.0333	0.1679	0.0440
COG1969	0.0000	0.0013	0.0009	0.0002	0.0001	0.0006	0.0004	0.0012	0.0008	0.0023	0.0012
COG1970	0.0000	0.1057	0.0171	0.0104	0.0023	0.0307	0.0104	0.0415	0.0218	0.0782	0.0278
COG1971	0.0000	0.0563	0.0139	0.0049	0.0013	0.0298	0.0086	0.0425	0.0137	0.0711	0.0169
COG1972	0.0000	0.0010	0.0007	0.0004	0.0004	0.0005	0.0005	0.0008	0.0006	0.0014	0.0011
COG1973	0.0050	0.8046	0.0953	0.9669	0.0247	0.1329	0.0538	0.1101	0.0429	0.1373	0.0585
COG1974	0.0000	0.0016	0.0014	0.0001	0.0000	0.0003	0.0002	0.0009	0.0004	0.0018	0.0006
COG1975	0.0000	0.0831	0.0555	0.0131	0.0073	0.0136	0.0046	0.0253	0.0073	0.0228	0.0102
COG1976	0.0950	0.9974	0.0007	1.0000	0.0000	0.9999	0.0000	0.9998	0.0001	0.9194	0.0313
COG1977	0.2850	0.9966	0.0015	0.9963	0.0049	0.9947	0.0080	0.9868	0.0241	0.9722	0.0204
COG1978	0.0000	0.0029	0.0017	0.0007	0.0005	0.0016	0.0010	0.0024	0.0016	0.0027	0.0012
COG1979	0.0000	0.0028	0.0007	0.0007	0.0003	0.0018	0.0006	0.0037	0.0010	0.0065	0.0015
COG1980	0.0000	0.7934	0.0672	0.1814	0.0970	0.6367	0.1168	0.7935	0.0736	0.8388	0.0696
COG1981	0.0000	0.0009	0.0008	0.0003	0.0003	0.0008	0.0005	0.0016	0.0007	0.0018	0.0008
COG1982	0.0000	0.0050	0.0037	0.0007	0.0007	0.0039	0.0024	0.0087	0.0050	0.0147	0.0065
COG1983	0.0000	0.0661	0.0289	0.0092	0.0042	0.0286	0.0082	0.0474	0.0155	0.0693	0.0259
COG1984	0.0000	0.0136	0.0136	0.0008	0.0013	0.0028	0.0022	0.0039	0.0028	0.0075	0.0043
COG1985	0.3150	0.9817	0.0134	0.9980	0.0017	0.9944	0.0038	0.9818	0.0153	0.9728	0.0222
COG1986	0.0100	0.9966	0.0008	1.0000	0.0000	0.7814	0.0420	0.8146	0.0446	0.8412	0.0502
COG1987	0.0000	0.0005	0.0001	0.0000	0.0000	0.0001	0.0001	0.0003	0.0001	0.0003	0.0001
COG1988	0.0000	0.1048	0.0789	0.0045	0.0043	0.0410	0.0368	0.0546	0.0345	0.0811	0.0332
COG1989	0.0000	0.8049	0.0916	0.1369	0.0701	0.4359	0.1390	0.5534	0.1085	0.6069	0.0982
COG1990	0.0000	0.8164	0.0619	0.1234	0.0247	0.6589	0.0488	0.8059	0.0416	0.8536	0.0218
COG1991	0.0000	0.0161	0.0185	0.0197	0.0158	0.0215	0.0142	0.0212	0.0176	0.0182	0.0224
COG1992	0.0250	0.6659	0.1628	0.9894	0.0054	0.9538	0.0218	0.0891	0.0457	0.0818	0.0423
COG1993	0.0000	0.5512	0.1659	0.0720	0.0496	0.1665	0.0979	0.0770	0.0405	0.0657	0.0379
COG1994	0.0000	0.5009	0.0860	0.0532	0.0179	0.2225	0.0668	0.3673	0.0880	0.5321	0.1083
COG1995	0.0000	0.0103	0.0040	0.0006	0.0002	0.0027	0.0013	0.0056	0.0028	0.0049	0.0028
COG1996	0.0050	0.9546	0.0098	0.9990	0.0006	0.2998	0.0600	0.4414	0.0627	0.4692	0.0649
COG1997	0.5150	0.9980	0.0007	1.0000	0.0000	0.9996	0.0002	0.9976	0.0013	0.9964	0.0020
COG1998	0.0000	0.7939	0.0641	0.1473	0.0710	0.5555	0.1295	0.7162	0.0874	0.7811	0.0739
COG1999	0.0000	0.0045	0.0029	0.0010	0.0007	0.0032	0.0017	0.0057	0.0025	0.0113	0.0038
COG2000	0.0000	0.0234	0.0088	0.0041	0.0007	0.0182	0.0066	0.0265	0.0077	0.0400	0.0151
COG2001	0.0000	0.0014	0.0010	0.0001	0.0001	0.0004	0.0002	0.0015	0.0009	0.0022	0.0011
COG2002	0.0200	0.9491	0.0153	0.9992	0.0008	0.9920	0.0047	0.1623	0.0570	0.1482	0.0411
COG2003	0.0000	0.0368	0.0149	0.0018	0.0010	0.0053	0.0022	0.0180	0.0061	0.0463	0.0130
COG2004	0.0650	0.9977	0.0007	1.0000	0.0000	0.9999	0.0000	0.9998	0.0001	0.9370	0.0310
COG2005	0.0000	0.6553	0.0875	0.0878	0.0544	0.1768	0.0925	0.2172	0.1064	0.1769	0.0668
COG2006	0.0000	0.5691	0.0644	0.0549	0.0175	0.1303	0.0546	0.1884	0.0583	0.2156	0.0511
COG2007	0.3850	0.9984	0.0004	1.0000	0.0000	0.9999	0.0000	0.9994	0.0001	0.9985	0.0004
COG2008	0.0000	0.0232	0.0106	0.0024	0.0012	0.0029	0.0016	0.0052	0.0031	0.0099	0.0048
COG2009	0.0000	0.0725	0.0373	0.0051	0.0033	0.0087	0.0054	0.0201	0.0097	0.0256	0.0138
COG2010	0.0000	0.0139	0.0054	0.0029	0.0028	0.0061	0.0043	0.0118	0.0072	0.0208	0.0101
COG2011	0.0000	0.0001	0.0002	0.0001	0.0002	0.0002	0.0003	0.0005	0.0005	0.0006	0.0005
COG2012	0.1850	0.9948	0.0014	1.0000	0.0000	0.9998	0.0000	0.9993	0.0002	0.9985	0.0003
COG2013	0.2400	0.9745	0.0117	0.9978	0.0016	0.9924	0.0046	0.9618	0.0170	0.9439	0.0250
COG2014	0.0950	0.9374	0.0244	0.9929	0.0048	0.9704	0.0115	0.8525	0.0703	0.2849	0.0777
COG2015	0.0000	0.0107	0.0031	0.0015	0.0004	0.0025	0.0007	0.0045	0.0011	0.0097	0.0020
COG2016	0.1350	0.9962	0.0012	0.9999	0.0001	0.9994	0.0004	0.9973	0.0011	0.9906	0.0045
COG2017	0.0000	0.0024	0.0010	0.0004	0.0002	0.0024	0.0012	0.0070	0.0029	0.0110	0.0043
COG2018	0.0000	0.6106	0.1057	0.0769	0.0413	0.2262	0.1003	0.2005	0.1082	0.2687	0.1150
COG2019	0.0550	0.7796	0.0996	0.9979	0.0012	0.9939	0.0040	0.9868	0.0101	0.4913	0.1160
COG2020	0.0300	0.9069	0.0202	0.9977	0.0006	0.9876	0.0036	0.1589	0.0602	0.1783	0.0386
COG2021	0.0000	0.0647	0.0282	0.0029	0.0015	0.0051	0.0031	0.0122	0.0093	0.0157	0.0090
COG2022	0.0000	0.0010	0.0008	0.0001	0.0001	0.0013	0.0006	0.0019	0.0007	0.0033	0.0014
COG2023	0.0000	0.7620	0.0411	0.1212	0.0347	0.6296	0.0589	0.7880	0.0517	0.7865	0.0496
COG2025	0.0000	0.3027	0.1753	0.0191	0.0127	0.0313	0.0148	0.0628	0.0260	0.0494	0.0176
COG2026	0.0000	0.4503	0.0943	0.0427	0.0162	0.1603	0.0492	0.1641	0.0377	0.2191	0.0331
COG2027	0.0000	0.0033	0.0017	0.0005	0.0003	0.0013	0.0009	0.0033	0.0019	0.0055	0.0027
COG2028	0.0000	0.0507	0.0153	0.0380	0.0095	0.0341	0.0084	0.0292	0.0064	0.0308	0.0089
COG2029	0.0000	0.2691	0.1293	0.0178	0.0229	0.0372	0.0361	0.0758	0.0560	0.0536	0.0306
COG2030	0.0000	0.0322	0.0158	0.0028	0.0010	0.0034	0.0008	0.0079	0.0019	0.0094	0.0020
COG2031	0.0000	0.0015	0.0007	0.0002	0.0001	0.0006	0.0004	0.0010	0.0006	0.0017	0.0006
COG2032	0.0000	0.0021	0.0004	0.0004	0.0001	0.0012	0.0003	0.0011	0.0003	0.0023	0.0007
COG2033	0.0050	0.9611	0.0148	0.9996	0.0002	0.2979	0.1153	0.4395	0.1092	0.5731	0.1020
COG2034	0.0650	0.8312	0.1104	0.9738	0.0149	0.9329	0.0476	0.8827	0.0773	0.1878	0.0644
COG2035	0.0000	0.0158	0.0082	0.0023	0.0019	0.0167	0.0095	0.0596	0.0193	0.0864	0.0268
COG2036	0.2850	0.9967	0.0022	0.9999	0.0000	0.9997	0.0002	0.9988	0.0009	0.9963	0.0028
COG2037	0.0000	0.8139	0.1061	0.3321	0.1580	0.5821	0.1292	0.2221	0.1606	0.3882	0.1887
COG2038	0.0050	0.9776	0.0058	0.9947	0.0036	0.3121	0.0446	0.5220	0.1022	0.2530	0.1129
COG2039	0.0000	0.1047	0.0586	0.0123	0.0063	0.0177	0.0093	0.0253	0.0097	0.0317	0.0100
COG2040	0.0000	0.0005	0.0003	0.0001	0.0000	0.0002	0.0002	0.0005	0.0003	0.0007	0.0003
COG2041	0.0050	0.7773	0.0559	0.9842	0.0087	0.0664	0.0344	0.0911	0.0514	0.1297	0.0459
COG2042	0.0050	0.9347	0.0287	0.9985	0.0010	0.4488	0.1178	0.5274	0.1036	0.5972	0.0901
COG2043	0.0100	0.8391	0.0668	0.9859	0.0102	0.0683	0.0362	0.1649	0.0689	0.2528	0.0787
COG2044	0.0000	0.4881	0.1105	0.0934	0.0615	0.1763	0.0734	0.1067	0.0600	0.0412	0.0168
COG2045	0.0100	0.5451	0.1006	0.9748	0.0111	0.0301	0.0141	0.0528	0.0416	0.0357	0.0180
COG2046	0.0000	0.4669	0.1017	0.0990	0.0495	0.1410	0.0809	0.1041	0.0385	0.0749	0.0247
COG2047	0.8700	0.9996	0.0001	0.9999	0.0001	0.9995	0.0002	0.9983	0.0011	0.9963	0.0017
COG2048	0.1650	0.9951	0.0029	0.9994	0.0005	0.9974	0.0017	0.9954	0.0032	0.9509	0.0267
COG2049	0.0000	0.0116	0.0110	0.0007	0.0008	0.0022	0.0015	0.0037	0.0021	0.0054	0.0025
COG2050	0.0000	0.2432	0.0841	0.0057	0.0020	0.0181	0.0090	0.0528	0.0197	0.0902	0.0181
COG2051	0.0000	0.8814	0.0358	0.1955	0.1412	0.6636	0.0977	0.8570	0.0435	0.8911	0.0339
COG2052	0.0000	0.0038	0.0016	0.0004	0.0003	0.0018	0.0011	0.0040	0.0023	0.0043	0.0021
COG2053	0.0750	0.9937	0.0017	1.0000	0.0000	0.9999	0.0001	0.9993	0.0003	0.8995	0.0250
COG2054	0.0000	0.5087	0.1353	0.0930	0.0587	0.2501	0.0992	0.0979	0.0975	0.1848	0.1303
COG2055	0.0450	0.7980	0.0454	0.9931	0.0041	0.9578	0.0146	0.8794	0.0351	0.1384	0.0235
COG2056	0.0000	0.0002	0.0001	0.0002	0.0002	0.0004	0.0003	0.0008	0.0005	0.0013	0.0007
COG2057	0.0000	0.0457	0.0274	0.0024	0.0010	0.0060	0.0028	0.0108	0.0044	0.0139	0.0045
COG2058	0.0000	0.8050	0.0528	0.1545	0.0626	0.5211	0.0801	0.7166	0.0470	0.7881	0.0274
COG2059	0.0000	0.0110	0.0065	0.0017	0.0009	0.0030	0.0016	0.0051	0.0018	0.0090	0.0036
COG2060	0.0000	0.0774	0.0358	0.0118	0.0070	0.0231	0.0067	0.0066	0.0018	0.0059	0.0023
COG2061	0.0000	0.5969	0.1158	0.1705	0.0638	0.3376	0.0834	0.4913	0.0850	0.5818	0.1190
COG2062	0.0000	0.0497	0.0111	0.0049	0.0033	0.0208	0.0077	0.0266	0.0106	0.0395	0.0195
COG2063	0.0000	0.0004	0.0002	0.0002	0.0001	0.0004	0.0002	0.0005	0.0003	0.0011	0.0005
COG2064	0.0000	0.7874	0.1061	0.1813	0.0816	0.6383	0.1258	0.7835	0.0627	0.7786	0.0766
COG2065	0.0000	0.0008	0.0006	0.0001	0.0001	0.0013	0.0008	0.0024	0.0017	0.0027	0.0015
COG2066	0.0000	0.0012	0.0005	0.0002	0.0001	0.0008	0.0004	0.0008	0.0003	0.0014	0.0006
COG2067	0.0000	0.0023	0.0009	0.0005	0.0003	0.0016	0.0007	0.0029	0.0012	0.0032	0.0018
COG2068	0.0000	0.0535	0.0330	0.0093	0.0048	0.0097	0.0033	0.0217	0.0065	0.0222	0.0052
COG2069	0.0650	0.8899	0.0728	0.9839	0.0187	0.8272	0.1094	0.8307	0.1195	0.2156	0.1077
COG2070	0.0000	0.0494	0.0197	0.0021	0.0008	0.0074	0.0026	0.0118	0.0039	0.0211	0.0084
COG2071	0.0000	0.0091	0.0072	0.0007	0.0004	0.0027	0.0012	0.0043	0.0018	0.0058	0.0021
COG2072	0.0000	0.0008	0.0003	0.0002	0.0000	0.0006	0.0002	0.0008	0.0004	0.0013	0.0005
COG2073	0.0000	0.1713	0.1040	0.0094	0.0054	0.0127	0.0079	0.0319	0.0207	0.0489	0.0207
COG2074	0.0050	0.4639	0.2246	0.9458	0.0599	0.0207	0.0149	0.0469	0.0281	0.0535	0.0248
COG2075	0.0000	0.7190	0.0681	0.1556	0.0637	0.5776	0.0848	0.7265	0.0629	0.7747	0.0474
COG2076	0.0000	0.0745	0.0295	0.0047	0.0022	0.0264	0.0127	0.0349	0.0142	0.0531	0.0145
COG2077	0.0050	0.0054	0.0025	0.1911	0.0591	0.0003	0.0002	0.0003	0.0001	0.0008	0.0004
COG2078	0.0600	0.9989	0.0005	1.0000	0.0000	0.9999	0.0001	0.9992	0.0004	0.8735	0.0362
COG2079	0.0000	0.0480	0.0141	0.0087	0.0049	0.0100	0.0034	0.0147	0.0029	0.0131	0.0029
COG2080	0.0000	0.0204	0.0226	0.0037	0.0020	0.0039	0.0008	0.0105	0.0027	0.0149	0.0055
COG2081	0.0000	0.0022	0.0010	0.0003	0.0003	0.0031	0.0016	0.0053	0.0018	0.0105	0.0045
COG2082	0.0000	0.2013	0.0806	0.0056	0.0044	0.0049	0.0024	0.0121	0.0109	0.0105	0.0083
COG2083	0.0550	0.9686	0.0200	0.9987	0.0010	0.9961	0.0022	0.9889	0.0067	0.7486	0.1145
COG2084	0.0150	0.4130	0.1188	0.9415	0.0393	0.8400	0.0649	0.0287	0.0085	0.0346	0.0096
COG2085	0.0550	0.8643	0.0266	0.9882	0.0062	0.9556	0.0158	0.8954	0.0373	0.1504	0.0620
COG2086	0.0050	0.4569	0.1621	0.8046	0.1062	0.0201	0.0095	0.0443	0.0205	0.0334	0.0155
COG2087	0.0000	0.0030	0.0017	0.0004	0.0002	0.0002	0.0001	0.0005	0.0003	0.0002	0.0001
COG2088	0.0000	0.0102	0.0044	0.0009	0.0003	0.0041	0.0014	0.0076	0.0025	0.0149	0.0056
COG2089	0.0000	0.0471	0.0124	0.0074	0.0018	0.0278	0.0050	0.0233	0.0060	0.0259	0.0052
COG2090	0.0000	0.4728	0.1651	0.1375	0.0887	0.4153	0.0859	0.4200	0.0615	0.3451	0.1061
COG2091	0.0000	0.0158	0.0064	0.0016	0.0006	0.0079	0.0038	0.0141	0.0043	0.0190	0.0058
COG2092	0.2550	0.9966	0.0012	1.0000	0.0000	0.9998	0.0002	0.9988	0.0007	0.9970	0.0017
COG2093	0.0000	0.8479	0.0660	0.1587	0.0629	0.6370	0.1103	0.8302	0.0627	0.8687	0.0446
COG2094	0.0000	0.0381	0.0231	0.0070	0.0035	0.0272	0.0118	0.0646	0.0294	0.0914	0.0530
COG2095	0.2250	0.9752	0.0124	0.9975	0.0028	0.9917	0.0059	0.9856	0.0080	0.9802	0.0131
COG2096	0.0000	0.0225	0.0159	0.0009	0.0006	0.0035	0.0012	0.0128	0.0034	0.0439	0.0135
COG2097	0.0300	0.9944	0.0011	1.0000	0.0000	0.9997	0.0001	0.7945	0.0761	0.8209	0.0763
COG2098	0.0000	0.5744	0.1632	0.1990	0.1115	0.2361	0.1089	0.3286	0.1085	0.3855	0.1548
COG2099	0.0000	0.0107	0.0079	0.0014	0.0014	0.0014	0.0014	0.0053	0.0072	0.0049	0.0075
COG2100	0.0600	0.8610	0.0654	0.9896	0.0144	0.9576	0.0321	0.8441	0.0937	0.2170	0.1084
COG2101	0.4900	0.9972	0.0005	0.9999	0.0000	0.9996	0.0001	0.9979	0.0008	0.9961	0.0014
COG2102	0.0000	0.8656	0.0543	0.3118	0.1201	0.6587	0.1160	0.8473	0.0285	0.8584	0.0342
COG2103	0.0000	0.0011	0.0005	0.0001	0.0001	0.0005	0.0002	0.0010	0.0003	0.0020	0.0007
COG2104	0.0000	0.6077	0.1011	0.0831	0.0396	0.3525	0.1092	0.3875	0.0814	0.3530	0.0994
COG2105	0.0000	0.1106	0.0303	0.0035	0.0015	0.0143	0.0101	0.0182	0.0093	0.0256	0.0116
COG2106	0.1050	0.9260	0.0210	0.9955	0.0083	0.9817	0.0295	0.9591	0.0474	0.9458	0.0325
COG2107	0.0000	0.0238	0.0075	0.0026	0.0010	0.0217	0.0081	0.0527	0.0100	0.0838	0.0227
COG2108	0.1550	0.9867	0.0066	0.9996	0.0003	0.9917	0.0073	0.9705	0.0245	0.9450	0.0443
COG2109	0.0900	0.9567	0.0206	0.9930	0.0046	0.9452	0.0764	0.8916	0.1394	0.1498	0.0842
COG2110	0.0100	0.9859	0.0051	0.9986	0.0013	0.2533	0.1277	0.2825	0.0978	0.3838	0.1152
COG2111	0.0000	0.9330	0.0327	0.6729	0.2479	0.6841	0.1472	0.5631	0.1241	0.6467	0.1250
COG2112	0.0000	0.1732	0.1381	0.0531	0.0925	0.2117	0.0860	0.2207	0.0811	0.2191	0.1118
COG2113	0.0000	0.0105	0.0038	0.0008	0.0003	0.0024	0.0008	0.0069	0.0021	0.0115	0.0028
COG2114	0.0000	0.0124	0.0073	0.0011	0.0007	0.0046	0.0030	0.0100	0.0047	0.0145	0.0054
COG2115	0.0000	0.0018	0.0013	0.0004	0.0003	0.0012	0.0007	0.0028	0.0016	0.0038	0.0019
COG2116	0.0000	0.0730	0.0349	0.0077	0.0050	0.0166	0.0099	0.0442	0.0214	0.0632	0.0304
COG2117	0.0000	0.3220	0.1928	0.0368	0.0328	0.0655	0.0494	0.0818	0.0344	0.1022	0.0649
COG2118	0.0750	0.9967	0.0008	1.0000	0.0000	0.9999	0.0001	0.9994	0.0002	0.8462	0.0617
COG2119	0.0000	0.4437	0.1327	0.0311	0.0178	0.0410	0.0197	0.0572	0.0315	0.0408	0.0235
COG2120	0.0100	0.6042	0.0937	0.9918	0.0034	0.0497	0.0193	0.0582	0.0272	0.0647	0.0189
COG2121	0.0000	0.0005	0.0003	0.0002	0.0001	0.0003	0.0002	0.0003	0.0002	0.0005	0.0003
COG2122	0.1000	0.8659	0.0586	0.9771	0.0154	0.9752	0.0105	0.9566	0.0193	0.9368	0.0396
COG2123	0.0000	0.6819	0.0947	0.1539	0.1045	0.4111	0.1632	0.6334	0.1771	0.8043	0.1303
COG2124	0.0000	0.0020	0.0008	0.0001	0.0001	0.0003	0.0001	0.0006	0.0002	0.0010	0.0003
COG2125	0.8350	0.9994	0.0003	1.0000	0.0000	0.9998	0.0001	0.9990	0.0005	0.9982	0.0008
COG2126	0.0000	0.6295	0.0799	0.0849	0.0386	0.3587	0.0785	0.5917	0.0753	0.6574	0.0867
COG2127	0.0350	0.0029	0.0014	0.0478	0.0232	0.0312	0.0178	0.0003	0.0002	0.0003	0.0002
COG2128	0.0000	0.0313	0.0155	0.0012	0.0006	0.0029	0.0013	0.0063	0.0022	0.0100	0.0017
COG2129	0.0500	0.9838	0.0059	0.9993	0.0012	0.9971	0.0023	0.9908	0.0048	0.7217	0.1139
COG2130	0.0000	0.0051	0.0031	0.0011	0.0009	0.0014	0.0008	0.0023	0.0012	0.0028	0.0015
COG2131	0.0000	0.2953	0.1169	0.0207	0.0246	0.0840	0.0651	0.3617	0.1254	0.3909	0.0899
COG2132	0.0000	0.0421	0.0224	0.0020	0.0008	0.0130	0.0069	0.0191	0.0085	0.0147	0.0059
COG2133	0.0000	0.0600	0.0250	0.0041	0.0018	0.0212	0.0098	0.0320	0.0086	0.0408	0.0084
COG2134	0.0000	0.0008	0.0004	0.0009	0.0004	0.0008	0.0004	0.0007	0.0004	0.0009	0.0005
COG2135	0.0000	0.0153	0.0090	0.0010	0.0004	0.0036	0.0019	0.0069	0.0034	0.0075	0.0031
COG2136	0.0050	0.9517	0.0313	0.9983	0.0030	0.4050	0.0976	0.4536	0.0976	0.5253	0.1262
COG2137	0.0000	0.0004	0.0003	0.0000	0.0000	0.0003	0.0002	0.0006	0.0004	0.0017	0.0009
COG2138	0.0050	0.8652	0.0578	0.9845	0.0110	0.0433	0.0211	0.0967	0.0566	0.1449	0.0739
COG2139	0.2050	0.9960	0.0009	1.0000	0.0000	0.9998	0.0001	0.9991	0.0003	0.9986	0.0005
COG2140	0.1400	0.8677	0.0831	0.9961	0.0031	0.9832	0.0122	0.9466	0.0310	0.9298	0.0470
COG2141	0.0000	0.4754	0.1115	0.0843	0.0127	0.1748	0.0588	0.2005	0.0562	0.2775	0.0950
COG2142	0.0000	0.0613	0.0434	0.0047	0.0046	0.0092	0.0078	0.0203	0.0161	0.0145	0.0117
COG2143	0.0100	0.0314	0.0136	0.2878	0.0893	0.0012	0.0004	0.0027	0.0015	0.0033	0.0016
COG2144	0.3650	0.9307	0.0316	0.9937	0.0035	0.9734	0.0126	0.8757	0.0472	0.8313	0.0607
COG2145	0.0000	0.1509	0.0488	0.0127	0.0077	0.0582	0.0344	0.0950	0.0369	0.1063	0.0275
COG2146	0.0000	0.1325	0.0687	0.0192	0.0096	0.0399	0.0175	0.0566	0.0270	0.0575	0.0227
COG2147	0.1600	0.9977	0.0007	1.0000	0.0000	0.9999	0.0000	0.9997	0.0002	0.9993	0.0003
COG2148	0.0000	0.0238	0.0127	0.0005	0.0004	0.0062	0.0055	0.0079	0.0060	0.0076	0.0054
COG2149	0.0000	0.0127	0.0039	0.0012	0.0004	0.0037	0.0011	0.0042	0.0012	0.0044	0.0013
COG2150	0.0800	0.9833	0.0130	0.9983	0.0017	0.9976	0.0021	0.9938	0.0048	0.6081	0.1316
COG2151	0.0000	0.4416	0.1128	0.0822	0.0509	0.3845	0.1029	0.5140	0.0852	0.4231	0.0841
COG2152	0.0050	0.6453	0.0682	0.9895	0.0080	0.0583	0.0194	0.1191	0.0329	0.1746	0.0390
COG2153	0.0000	0.0253	0.0085	0.0043	0.0026	0.0259	0.0090	0.0308	0.0073	0.0496	0.0117
COG2154	0.0000	0.0180	0.0131	0.0020	0.0010	0.0106	0.0058	0.0108	0.0047	0.0147	0.0057
COG2155	0.0000	0.0022	0.0017	0.0002	0.0001	0.0015	0.0009	0.0055	0.0025	0.0111	0.0050
COG2156	0.0000	0.0739	0.0329	0.0083	0.0054	0.0187	0.0051	0.0051	0.0016	0.0047	0.0017
COG2157	0.0000	0.8677	0.0452	0.3018	0.1005	0.4571	0.1103	0.6376	0.0782	0.7109	0.0862
COG2158	0.0000	0.0718	0.0805	0.0136	0.0089	0.0358	0.0272	0.0523	0.0342	0.0958	0.0596
COG2159	0.0000	0.3102	0.0842	0.0168	0.0070	0.0276	0.0166	0.0728	0.0345	0.0813	0.0291
COG2160	0.0000	0.0010	0.0004	0.0001	0.0001	0.0008	0.0003	0.0019	0.0007	0.0024	0.0007
COG2161	0.0000	0.0174	0.0044	0.0012	0.0005	0.0023	0.0011	0.0038	0.0017	0.0048	0.0021
COG2162	0.0000	0.0074	0.0017	0.0005	0.0002	0.0019	0.0008	0.0024	0.0011	0.0017	0.0007
COG2163	0.0000	0.3358	0.1901	0.1342	0.0702	0.2937	0.1087	0.3451	0.1198	0.3880	0.1173
COG2164	0.0000	0.3844	0.0924	0.0486	0.0324	0.1994	0.0681	0.3341	0.0952	0.3189	0.1213
COG2165	0.0000	0.0020	0.0012	0.0003	0.0002	0.0014	0.0010	0.0024	0.0011	0.0029	0.0009
COG2166	0.0000	0.0053	0.0037	0.0039	0.0020	0.0117	0.0060	0.0230	0.0098	0.0227	0.0054
COG2167	0.0100	0.9687	0.0111	0.9997	0.0001	0.4561	0.0460	0.6508	0.0677	0.6467	0.0585
COG2168	0.0000	0.0312	0.0214	0.0081	0.0044	0.0078	0.0053	0.0063	0.0058	0.0048	0.0039
COG2169	0.0000	0.0017	0.0006	0.0003	0.0001	0.0012	0.0004	0.0030	0.0009	0.0034	0.0013
COG2170	0.0000	0.0294	0.0126	0.0019	0.0010	0.0041	0.0019	0.0039	0.0021	0.0052	0.0027
COG2171	0.0000	0.0119	0.0063	0.0020	0.0018	0.0084	0.0036	0.0093	0.0042	0.0118	0.0048
COG2172	0.0000	0.0218	0.0039	0.0014	0.0004	0.0161	0.0050	0.0190	0.0069	0.0250	0.0060
COG2173	0.0000	0.0008	0.0004	0.0002	0.0002	0.0005	0.0002	0.0019	0.0009	0.0032	0.0015
COG2174	0.0050	0.5308	0.2298	0.9982	0.0024	0.1591	0.0796	0.1874	0.0721	0.2567	0.0933
COG2175	0.0000	0.0006	0.0005	0.0003	0.0002	0.0006	0.0004	0.0012	0.0007	0.0019	0.0007
COG2176	0.0000	0.0017	0.0013	0.0004	0.0005	0.0017	0.0014	0.0040	0.0024	0.0076	0.0042
COG2177	0.0000	0.0002	0.0001	0.0000	0.0000	0.0001	0.0000	0.0003	0.0001	0.0007	0.0003
COG2178	0.0000	0.6343	0.0930	0.0615	0.0232	0.2012	0.0602	0.3214	0.1062	0.3677	0.1111
COG2179	0.0000	0.0013	0.0009	0.0004	0.0004	0.0010	0.0010	0.0026	0.0024	0.0040	0.0036
COG2180	0.0000	0.0183	0.0068	0.0037	0.0039	0.0188	0.0122	0.0250	0.0106	0.0297	0.0113
COG2181	0.0000	0.0794	0.0144	0.0059	0.0069	0.0325	0.0177	0.0478	0.0294	0.0484	0.0249
COG2182	0.0000	0.0350	0.0164	0.0036	0.0022	0.0061	0.0027	0.0133	0.0056	0.0165	0.0073
COG2183	0.0000	0.0026	0.0015	0.0001	0.0001	0.0003	0.0002	0.0009	0.0005	0.0032	0.0013
COG2184	0.0000	0.0007	0.0002	0.0002	0.0001	0.0004	0.0001	0.0008	0.0002	0.0015	0.0004
COG2185	0.0050	0.6377	0.1541	0.9440	0.0262	0.0145	0.0049	0.0326	0.0112	0.0191	0.0061
COG2186	0.0000	0.0042	0.0019	0.0003	0.0002	0.0006	0.0003	0.0008	0.0004	0.0008	0.0004
COG2187	0.0000	0.0026	0.0024	0.0007	0.0007	0.0016	0.0018	0.0024	0.0020	0.0031	0.0018
COG2188	0.0000	0.0023	0.0014	0.0001	0.0001	0.0003	0.0002	0.0007	0.0006	0.0008	0.0007
COG2189	0.0050	0.6077	0.0496	0.9902	0.0023	0.0296	0.0115	0.0267	0.0110	0.0435	0.0165
COG2190	0.0000	0.0009	0.0006	0.0007	0.0004	0.0032	0.0017	0.0037	0.0016	0.0065	0.0030
COG2191	0.0050	0.8381	0.0891	0.9706	0.0240	0.0778	0.0400	0.1532	0.0592	0.1177	0.0399
COG2192	0.0000	0.1070	0.0667	0.0144	0.0083	0.0456	0.0228	0.0510	0.0223	0.0508	0.0215
COG2193	0.0000	0.1590	0.0446	0.0107	0.0058	0.0508	0.0232	0.0556	0.0125	0.0697	0.0165
COG2194	0.0000	0.0071	0.0034	0.0026	0.0008	0.0044	0.0014	0.0070	0.0027	0.0074	0.0036
COG2195	0.0000	0.0388	0.0152	0.0073	0.0031	0.0142	0.0072	0.0246	0.0125	0.0328	0.0112
COG2197	0.0000	0.0162	0.0070	0.0008	0.0005	0.0025	0.0017	0.0092	0.0038	0.0133	0.0052
COG2198	0.0000	0.0022	0.0010	0.0009	0.0008	0.0016	0.0010	0.0027	0.0012	0.0031	0.0012
COG2199	0.0000	0.0773	0.0250	0.0062	0.0023	0.0253	0.0152	0.0477	0.0224	0.0546	0.0193
COG2200	0.0000	0.0010	0.0007	0.0004	0.0004	0.0011	0.0007	0.0011	0.0008	0.0016	0.0010
COG2201	0.0000	0.7627	0.1090	0.0268	0.0165	0.1817	0.1261	0.3112	0.1447	0.1107	0.0415
COG2202	0.0000	0.3229	0.0963	0.0092	0.0061	0.0400	0.0476	0.0638	0.0494	0.0490	0.0141
COG2203	0.0000	0.1572	0.0648	0.0041	0.0022	0.0217	0.0238	0.0339	0.0191	0.0319	0.0107
COG2204	0.0000	0.0589	0.0237	0.0058	0.0032	0.0261	0.0122	0.0559	0.0224	0.0813	0.0262
COG2205	0.0000	0.0000	0.0000	0.0000	0.0000	0.0000	0.0000	0.0000	0.0000	0.0000	0.0000
COG2206	0.0000	0.0068	0.0039	0.0004	0.0002	0.0023	0.0016	0.0039	0.0026	0.0061	0.0043
COG2207	0.0000	0.0062	0.0023	0.0007	0.0003	0.0027	0.0009	0.0047	0.0015	0.0078	0.0020
COG2208	0.0000	0.0124	0.0044	0.0010	0.0005	0.0064	0.0023	0.0167	0.0064	0.0335	0.0133
COG2209	0.0000	0.0003	0.0003	0.0001	0.0001	0.0004	0.0005	0.0008	0.0006	0.0011	0.0007
COG2210	0.0000	0.3753	0.0732	0.0167	0.0133	0.0366	0.0230	0.0565	0.0222	0.0151	0.0133
COG2211	0.0000	0.0325	0.0191	0.0041	0.0027	0.0064	0.0035	0.0126	0.0064	0.0161	0.0068
COG2212	0.0100	0.9146	0.0555	0.9127	0.1128	0.4350	0.1817	0.4317	0.1861	0.4898	0.1885
COG2213	0.0000	0.0002	0.0001	0.0000	0.0000	0.0002	0.0001	0.0006	0.0002	0.0012	0.0004
COG2214	0.0000	0.0028	0.0017	0.0003	0.0002	0.0014	0.0010	0.0022	0.0012	0.0039	0.0021
COG2215	0.0000	0.0190	0.0074	0.0037	0.0014	0.0063	0.0026	0.0086	0.0035	0.0193	0.0085
COG2216	0.0150	0.1246	0.0383	0.5160	0.1297	0.2448	0.0697	0.0060	0.0022	0.0051	0.0017
COG2217	0.0000	0.4295	0.0766	0.0096	0.0035	0.0457	0.0150	0.1119	0.0357	0.2088	0.0656
COG2218	0.0000	0.6219	0.1052	0.0844	0.0446	0.2551	0.0960	0.1030	0.0781	0.1906	0.1210
COG2219	0.0000	0.9608	0.0292	0.5332	0.1428	0.7741	0.0763	0.8742	0.0655	0.9132	0.0559
COG2220	0.0000	0.8615	0.0283	0.1971	0.0797	0.3447	0.1200	0.4664	0.0738	0.5991	0.0446
COG2221	0.0000	0.2318	0.0686	0.0241	0.0105	0.0403	0.0166	0.0775	0.0416	0.0897	0.0448
COG2222	0.0000	0.1210	0.0326	0.0062	0.0023	0.0797	0.0306	0.1488	0.0547	0.1567	0.0400
COG2223	0.0000	0.1212	0.0511	0.0123	0.0120	0.0452	0.0281	0.1055	0.0521	0.1025	0.0329
COG2224	0.0000	0.0008	0.0004	0.0002	0.0001	0.0005	0.0002	0.0006	0.0002	0.0011	0.0005
COG2225	0.0000	0.0017	0.0006	0.0005	0.0002	0.0008	0.0003	0.0014	0.0005	0.0018	0.0008
COG2226	0.0000	0.0455	0.0254	0.0064	0.0035	0.0184	0.0077	0.0386	0.0162	0.0332	0.0163
COG2227	0.0000	0.1882	0.0513	0.0244	0.0074	0.0820	0.0241	0.0954	0.0253	0.1152	0.0246
COG2229	0.0000	0.2868	0.0890	0.0263	0.0105	0.0531	0.0210	0.0609	0.0237	0.0902	0.0362
COG2230	0.0000	0.0437	0.0265	0.0035	0.0019	0.0167	0.0111	0.0206	0.0125	0.0252	0.0083
COG2231	0.0150	0.7321	0.0889	0.9933	0.0016	0.9784	0.0125	0.3180	0.0776	0.2855	0.0644
COG2232	0.0250	0.9163	0.0486	0.9960	0.0030	0.9818	0.0093	0.1039	0.0709	0.1500	0.1114
COG2233	0.0000	0.0355	0.0141	0.0053	0.0042	0.0061	0.0046	0.0136	0.0102	0.0266	0.0181
COG2234	0.0150	0.8312	0.0755	0.9936	0.0027	0.9640	0.0188	0.1275	0.0431	0.1248	0.0309
COG2235	0.0000	0.0272	0.0120	0.0094	0.0051	0.0224	0.0085	0.0042	0.0020	0.0121	0.0033
COG2236	0.0000	0.7658	0.0688	0.2495	0.0799	0.4857	0.1508	0.5512	0.1146	0.6094	0.1093
COG2237	0.8400	0.9969	0.0025	0.9997	0.0002	0.9992	0.0005	0.9980	0.0016	0.9958	0.0029
COG2238	0.2600	0.9970	0.0009	1.0000	0.0000	0.9998	0.0001	0.9990	0.0004	0.9966	0.0015
COG2239	0.0000	0.0178	0.0038	0.0029	0.0012	0.0082	0.0052	0.0339	0.0147	0.0730	0.0221
COG2240	0.0000	0.0008	0.0003	0.0005	0.0004	0.0015	0.0007	0.0030	0.0012	0.0043	0.0014
COG2241	0.0000	0.1226	0.0598	0.0022	0.0014	0.0051	0.0027	0.0087	0.0076	0.0108	0.0091
COG2242	0.0000	0.2591	0.0421	0.0231	0.0117	0.0625	0.0229	0.0700	0.0266	0.0867	0.0291
COG2243	0.0000	0.1832	0.0808	0.0026	0.0012	0.0068	0.0026	0.0198	0.0169	0.0245	0.0200
COG2244	0.0000	0.6089	0.0792	0.0258	0.0139	0.2164	0.0955	0.3449	0.0853	0.3885	0.0761
COG2245	0.0000	0.1106	0.0544	0.0211	0.0157	0.0871	0.0293	0.0892	0.0315	0.0697	0.0228
COG2246	0.0000	0.0365	0.0062	0.0036	0.0015	0.0261	0.0097	0.0428	0.0124	0.0619	0.0158
COG2247	0.0000	0.1432	0.1041	0.0166	0.0097	0.0553	0.0298	0.0826	0.0367	0.0682	0.0280
COG2248	0.3500	0.9954	0.0019	0.9996	0.0008	0.9985	0.0017	0.9959	0.0030	0.9895	0.0054
COG2249	0.0000	0.0391	0.0218	0.0020	0.0011	0.0080	0.0055	0.0119	0.0058	0.0181	0.0069
COG2250	0.0950	0.9511	0.0203	0.9990	0.0005	0.9926	0.0025	0.8987	0.0309	0.1060	0.0272
COG2251	0.0000	0.0044	0.0042	0.0004	0.0002	0.0018	0.0011	0.0032	0.0021	0.0050	0.0027
COG2252	0.0050	0.6041	0.1191	0.9755	0.0077	0.0296	0.0090	0.0500	0.0081	0.0839	0.0281
COG2253	0.0050	0.8032	0.0688	0.9988	0.0006	0.0301	0.0100	0.0383	0.0119	0.0394	0.0134
COG2254	0.0000	0.1248	0.0359	0.0398	0.0225	0.0682	0.0172	0.0707	0.0143	0.0593	0.0118
COG2255	0.0000	0.0017	0.0008	0.0000	0.0000	0.0003	0.0002	0.0020	0.0018	0.0046	0.0030
COG2256	0.0000	0.0032	0.0015	0.0001	0.0000	0.0009	0.0003	0.0032	0.0013	0.0066	0.0029
COG2257	0.0000	0.0006	0.0006	0.0001	0.0001	0.0005	0.0005	0.0008	0.0005	0.0011	0.0007
COG2258	0.0000	0.0197	0.0096	0.0019	0.0016	0.0091	0.0058	0.0202	0.0132	0.0282	0.0170
COG2259	0.0000	0.0039	0.0051	0.0003	0.0002	0.0018	0.0013	0.0047	0.0040	0.0093	0.0085
COG2260	0.0000	0.3564	0.1198	0.0305	0.0202	0.1781	0.0428	0.2738	0.0618	0.3233	0.0822
COG2261	0.0000	0.0005	0.0002	0.0000	0.0000	0.0001	0.0000	0.0003	0.0001	0.0007	0.0002
COG2262	0.1000	0.9635	0.0152	0.9922	0.0147	0.9850	0.0203	0.9602	0.0415	0.8988	0.0750
COG2263	0.0250	0.9824	0.0075	0.9996	0.0003	0.9979	0.0011	0.6290	0.0858	0.6888	0.0913
COG2264	0.0000	0.0041	0.0016	0.0002	0.0001	0.0012	0.0009	0.0018	0.0008	0.0026	0.0009
COG2265	0.0000	0.0225	0.0144	0.0007	0.0007	0.0077	0.0050	0.0270	0.0142	0.0406	0.0163
COG2266	0.0000	0.7300	0.0785	0.1398	0.0706	0.2618	0.0678	0.4456	0.1095	0.3927	0.1279
COG2267	0.0000	0.1014	0.0445	0.0055	0.0020	0.0205	0.0119	0.0368	0.0155	0.0661	0.0190
COG2268	0.0000	0.0061	0.0042	0.0006	0.0004	0.0014	0.0008	0.0039	0.0019	0.0089	0.0042
COG2269	0.0000	0.0014	0.0008	0.0003	0.0003	0.0012	0.0006	0.0045	0.0020	0.0074	0.0026
COG2270	0.0000	0.0187	0.0052	0.0027	0.0007	0.0070	0.0030	0.0121	0.0057	0.0167	0.0059
COG2271	0.0000	0.0455	0.0144	0.0036	0.0017	0.0087	0.0026	0.0368	0.0082	0.0656	0.0175
COG2272	0.0000	0.0073	0.0020	0.0009	0.0003	0.0017	0.0006	0.0040	0.0012	0.0062	0.0019
COG2273	0.0000	0.0124	0.0051	0.0016	0.0007	0.0056	0.0026	0.0150	0.0062	0.0242	0.0062
COG2274	0.0000	0.0021	0.0006	0.0005	0.0003	0.0015	0.0005	0.0026	0.0007	0.0046	0.0011
COG2301	0.0000	0.0494	0.0244	0.0070	0.0030	0.0240	0.0120	0.0234	0.0085	0.0213	0.0085
COG2302	0.0000	0.0016	0.0005	0.0005	0.0003	0.0017	0.0007	0.0026	0.0011	0.0042	0.0018
COG2303	0.0000	0.0446	0.0182	0.0036	0.0014	0.0176	0.0045	0.0372	0.0095	0.0533	0.0122
COG2304	0.0000	0.4005	0.1051	0.0156	0.0068	0.0603	0.0423	0.0777	0.0485	0.1310	0.0488
COG2306	0.0000	0.0485	0.0281	0.0033	0.0018	0.0096	0.0059	0.0132	0.0041	0.0122	0.0033
COG2307	0.0000	0.0024	0.0018	0.0004	0.0004	0.0008	0.0006	0.0011	0.0007	0.0017	0.0009
COG2308	0.0000	0.0036	0.0012	0.0011	0.0006	0.0015	0.0004	0.0025	0.0008	0.0041	0.0014
COG2309	0.0000	0.2125	0.0564	0.0098	0.0036	0.0540	0.0303	0.1174	0.0458	0.1724	0.0567
COG2310	0.0000	0.0019	0.0006	0.0003	0.0001	0.0007	0.0003	0.0018	0.0006	0.0032	0.0012
COG2311	0.0000	0.0015	0.0010	0.0002	0.0001	0.0007	0.0004	0.0015	0.0008	0.0014	0.0008
COG2312	0.0000	0.0108	0.0029	0.0013	0.0004	0.0041	0.0013	0.0071	0.0027	0.0105	0.0032
COG2313	0.0000	0.0002	0.0002	0.0001	0.0000	0.0001	0.0001	0.0002	0.0002	0.0004	0.0003
COG2314	0.0000	0.0353	0.0082	0.0055	0.0027	0.0169	0.0075	0.0385	0.0138	0.0681	0.0154
COG2315	0.0000	0.0022	0.0007	0.0003	0.0002	0.0011	0.0007	0.0045	0.0018	0.0077	0.0029
COG2316	0.0000	0.1222	0.0424	0.0135	0.0044	0.0321	0.0223	0.0515	0.0236	0.0836	0.0484
COG2317	0.0000	0.1289	0.0436	0.0046	0.0024	0.0117	0.0054	0.0148	0.0086	0.0266	0.0121
COG2318	0.0000	0.0029	0.0021	0.0006	0.0004	0.0009	0.0006	0.0010	0.0007	0.0015	0.0008
COG2319	0.0000	0.2159	0.0585	0.0193	0.0100	0.0339	0.0194	0.0286	0.0123	0.0274	0.0105
COG2320	0.0000	0.0298	0.0091	0.0019	0.0008	0.0071	0.0035	0.0062	0.0025	0.0080	0.0028
COG2321	0.0000	0.0014	0.0007	0.0005	0.0003	0.0011	0.0003	0.0010	0.0002	0.0018	0.0003
COG2322	0.0000	0.0054	0.0044	0.0015	0.0012	0.0022	0.0028	0.0026	0.0032	0.0037	0.0041
COG2323	0.0000	0.0026	0.0010	0.0006	0.0004	0.0019	0.0009	0.0022	0.0009	0.0045	0.0015
COG2324	0.0000	0.1205	0.0567	0.0118	0.0069	0.0148	0.0112	0.0173	0.0090	0.0201	0.0076
COG2326	0.0000	0.0078	0.0026	0.0009	0.0005	0.0031	0.0015	0.0046	0.0020	0.0054	0.0019
COG2327	0.0000	0.1224	0.0169	0.0070	0.0029	0.0327	0.0090	0.0473	0.0141	0.0649	0.0153
COG2329	0.0000	0.0499	0.0165	0.0046	0.0015	0.0080	0.0031	0.0079	0.0026	0.0116	0.0038
COG2331	0.0000	0.0107	0.0062	0.0007	0.0004	0.0016	0.0011	0.0024	0.0014	0.0027	0.0010
COG2332	0.0050	0.1077	0.0329	0.3026	0.0726	0.0045	0.0018	0.0072	0.0026	0.0153	0.0051
COG2333	0.0000	0.0425	0.0077	0.0024	0.0009	0.0156	0.0056	0.0309	0.0127	0.0428	0.0166
COG2334	0.0000	0.0025	0.0014	0.0003	0.0002	0.0012	0.0006	0.0034	0.0016	0.0088	0.0040
COG2335	0.0000	0.0325	0.0090	0.0020	0.0011	0.0127	0.0058	0.0187	0.0077	0.0302	0.0101
COG2336	0.0000	0.0009	0.0003	0.0001	0.0000	0.0004	0.0002	0.0006	0.0002	0.0010	0.0003
COG2337	0.0000	0.0711	0.0237	0.0056	0.0022	0.0198	0.0073	0.0129	0.0051	0.0200	0.0051
COG2339	0.0050	0.5621	0.1435	0.9659	0.0159	0.0358	0.0183	0.0489	0.0180	0.0877	0.0425
COG2340	0.0000	0.0334	0.0093	0.0014	0.0004	0.0101	0.0020	0.0193	0.0041	0.0303	0.0074
COG2342	0.0000	0.0974	0.0291	0.0134	0.0031	0.0171	0.0054	0.0227	0.0064	0.0257	0.0074
COG2343	0.0000	0.0089	0.0053	0.0006	0.0004	0.0034	0.0019	0.0067	0.0027	0.0100	0.0038
COG2344	0.0000	0.0010	0.0004	0.0001	0.0001	0.0004	0.0002	0.0005	0.0003	0.0011	0.0006
COG2345	0.0000	0.0862	0.0272	0.0084	0.0044	0.0168	0.0060	0.0239	0.0094	0.0244	0.0080
COG2346	0.0000	0.0056	0.0037	0.0006	0.0003	0.0021	0.0011	0.0022	0.0010	0.0030	0.0010
COG2348	0.0000	0.0095	0.0035	0.0008	0.0006	0.0060	0.0032	0.0097	0.0047	0.0121	0.0064
COG2350	0.0000	0.0106	0.0020	0.0009	0.0006	0.0045	0.0021	0.0036	0.0010	0.0064	0.0011
COG2351	0.0000	0.0053	0.0014	0.0008	0.0004	0.0014	0.0006	0.0021	0.0008	0.0029	0.0011
COG2352	0.0000	0.0023	0.0010	0.0002	0.0001	0.0007	0.0004	0.0016	0.0008	0.0028	0.0019
COG2353	0.0000	0.0007	0.0006	0.0001	0.0001	0.0003	0.0002	0.0006	0.0003	0.0007	0.0003
COG2354	0.0000	0.0013	0.0008	0.0005	0.0005	0.0009	0.0005	0.0012	0.0006	0.0013	0.0007
COG2355	0.0000	0.1202	0.0642	0.0085	0.0054	0.0181	0.0089	0.0273	0.0115	0.0212	0.0078
COG2356	0.0000	0.0020	0.0017	0.0014	0.0018	0.0025	0.0019	0.0027	0.0017	0.0046	0.0025
COG2357	0.0000	0.0068	0.0014	0.0006	0.0002	0.0036	0.0011	0.0067	0.0019	0.0145	0.0041
COG2358	0.0000	0.0686	0.0309	0.0034	0.0015	0.0106	0.0034	0.0171	0.0056	0.0214	0.0085
COG2359	0.0000	0.0105	0.0057	0.0023	0.0012	0.0046	0.0021	0.0058	0.0022	0.0085	0.0038
COG2360	0.0000	0.0007	0.0006	0.0002	0.0001	0.0005	0.0004	0.0004	0.0004	0.0007	0.0007
COG2361	0.0100	0.8724	0.0360	0.9974	0.0010	0.1736	0.0593	0.0664	0.0251	0.0968	0.0313
COG2362	0.0000	0.1016	0.0396	0.0121	0.0066	0.0224	0.0061	0.0277	0.0082	0.0243	0.0057
COG2363	0.0000	0.0004	0.0004	0.0001	0.0001	0.0001	0.0001	0.0001	0.0001	0.0002	0.0002
COG2364	0.0000	0.0025	0.0016	0.0006	0.0004	0.0021	0.0009	0.0077	0.0042	0.0156	0.0058
COG2365	0.0000	0.0025	0.0016	0.0005	0.0004	0.0013	0.0006	0.0025	0.0014	0.0035	0.0022
COG2366	0.0000	0.0404	0.0126	0.0052	0.0022	0.0035	0.0014	0.0049	0.0017	0.0070	0.0025
COG2367	0.0000	0.0030	0.0025	0.0001	0.0001	0.0010	0.0008	0.0022	0.0016	0.0030	0.0020
COG2368	0.0000	0.0536	0.0381	0.0029	0.0017	0.0069	0.0051	0.0093	0.0054	0.0092	0.0047
COG2369	0.0000	0.0116	0.0048	0.0007	0.0004	0.0025	0.0012	0.0044	0.0019	0.0069	0.0025
COG2370	0.0000	0.0007	0.0003	0.0002	0.0000	0.0005	0.0002	0.0010	0.0003	0.0015	0.0004
COG2371	0.0000	0.0012	0.0009	0.0004	0.0002	0.0003	0.0001	0.0005	0.0002	0.0008	0.0003
COG2372	0.0000	0.0023	0.0010	0.0006	0.0003	0.0011	0.0005	0.0016	0.0004	0.0021	0.0006
COG2373	0.0000	0.0274	0.0083	0.0023	0.0007	0.0125	0.0046	0.0182	0.0070	0.0357	0.0107
COG2374	0.0000	0.0502	0.0140	0.0051	0.0030	0.0194	0.0113	0.0275	0.0133	0.0367	0.0121
COG2375	0.0000	0.0017	0.0017	0.0007	0.0011	0.0011	0.0014	0.0013	0.0015	0.0010	0.0009
COG2376	0.0000	0.0097	0.0053	0.0007	0.0005	0.0014	0.0007	0.0035	0.0014	0.0051	0.0025
COG2377	0.0000	0.0033	0.0012	0.0008	0.0003	0.0018	0.0005	0.0025	0.0010	0.0042	0.0020
COG2378	0.0000	0.0060	0.0021	0.0002	0.0001	0.0009	0.0004	0.0014	0.0005	0.0024	0.0007
COG2379	0.0050	0.9126	0.0391	0.9956	0.0042	0.1829	0.1120	0.1266	0.0660	0.1064	0.0338
COG2380	0.0000	0.0064	0.0030	0.0008	0.0003	0.0022	0.0007	0.0024	0.0008	0.0031	0.0009
COG2382	0.0000	0.0034	0.0030	0.0009	0.0005	0.0012	0.0006	0.0019	0.0007	0.0041	0.0012
COG2383	0.0000	0.1930	0.1064	0.0181	0.0070	0.0753	0.0423	0.0610	0.0352	0.0544	0.0358
COG2384	0.0000	0.0005	0.0002	0.0001	0.0001	0.0006	0.0003	0.0011	0.0007	0.0012	0.0007
COG2385	0.0000	0.0016	0.0012	0.0003	0.0003	0.0011	0.0010	0.0027	0.0017	0.0050	0.0029
COG2386	0.0000	0.2762	0.0950	0.0296	0.0158	0.0244	0.0080	0.0305	0.0112	0.0509	0.0231
COG2388	0.0000	0.0307	0.0150	0.0126	0.0058	0.0259	0.0086	0.0610	0.0185	0.0712	0.0195
COG2389	0.0000	0.0194	0.0074	0.0026	0.0023	0.0041	0.0028	0.0032	0.0024	0.0027	0.0016
COG2390	0.0000	0.0020	0.0010	0.0003	0.0003	0.0007	0.0006	0.0012	0.0008	0.0017	0.0009
COG2391	0.0000	0.2092	0.0406	0.0153	0.0073	0.0402	0.0155	0.0570	0.0150	0.0309	0.0115
COG2401	0.0000	0.1535	0.0484	0.0128	0.0075	0.0319	0.0099	0.0357	0.0121	0.0481	0.0146
COG2402	0.0000	0.4791	0.0648	0.0598	0.0204	0.1103	0.0385	0.0613	0.0203	0.0522	0.0125
COG2403	0.0100	0.8395	0.0908	0.9990	0.0006	0.2308	0.1047	0.2052	0.0761	0.2840	0.0709
COG2404	0.0250	0.4642	0.1410	0.9921	0.0072	0.9428	0.0325	0.0730	0.0278	0.0960	0.0301
COG2405	0.0500	0.9329	0.0176	0.9958	0.0022	0.9728	0.0074	0.7996	0.0501	0.0896	0.0219
COG2406	0.0000	0.1621	0.0530	0.0243	0.0095	0.1142	0.0370	0.1058	0.0275	0.0598	0.0179
COG2407	0.0050	0.5710	0.1201	0.9820	0.0187	0.0561	0.0254	0.0566	0.0142	0.0596	0.0149
COG2409	0.0000	0.0199	0.0113	0.0017	0.0010	0.0053	0.0031	0.0141	0.0065	0.0198	0.0078
COG2410	0.0000	0.2536	0.1124	0.0426	0.0256	0.2214	0.0858	0.2871	0.0784	0.4477	0.0998
COG2411	0.0000	0.3866	0.1138	0.0382	0.0331	0.1762	0.0983	0.2329	0.0852	0.1898	0.0884
COG2412	0.0100	0.9706	0.0260	0.9999	0.0001	0.3226	0.1873	0.4943	0.1964	0.6116	0.1097
COG2413	0.0050	0.8770	0.0552	0.9931	0.0066	0.2405	0.1001	0.2408	0.1025	0.2569	0.0794
COG2414	0.0000	0.9933	0.0035	0.7590	0.1608	0.9439	0.0300	0.9529	0.0283	0.9078	0.0369
COG2419	0.0000	0.0349	0.0225	0.0361	0.0429	0.0246	0.0126	0.0244	0.0089	0.0350	0.0203
COG2421	0.0000	0.0431	0.0153	0.0034	0.0015	0.0060	0.0031	0.0098	0.0042	0.0137	0.0058
COG2423	0.0000	0.5796	0.0794	0.0399	0.0361	0.0672	0.0325	0.1182	0.0359	0.1437	0.0377
COG2425	0.0350	0.4531	0.1532	0.9393	0.0522	0.7442	0.1377	0.0343	0.0197	0.0598	0.0415
COG2426	0.0000	0.5975	0.1452	0.1121	0.0406	0.3256	0.1224	0.4804	0.1360	0.6085	0.1325
COG2427	0.0000	0.0573	0.0187	0.0033	0.0018	0.0055	0.0017	0.0104	0.0032	0.0146	0.0076
COG2428	0.0000	0.0688	0.0384	0.0667	0.0715	0.0948	0.0660	0.1052	0.0665	0.0959	0.0445
COG2429	0.0100	0.3550	0.1320	0.8721	0.1416	0.0928	0.0270	0.1137	0.0391	0.0790	0.0375
COG2430	0.0000	0.3303	0.1477	0.0473	0.0324	0.1034	0.0497	0.1214	0.0374	0.1594	0.0509
COG2431	0.0000	0.0429	0.0240	0.0034	0.0028	0.0126	0.0049	0.0187	0.0059	0.0250	0.0069
COG2433	0.0000	0.6746	0.0992	0.0834	0.0359	0.2319	0.0648	0.3796	0.0848	0.5538	0.1022
COG2440	0.0000	0.0385	0.0207	0.0029	0.0013	0.0027	0.0011	0.0109	0.0040	0.0167	0.0079
COG2441	0.0100	0.7958	0.0706	0.9789	0.0123	0.1234	0.0549	0.0680	0.0351	0.1260	0.0558
COG2442	0.0050	0.8848	0.0356	0.9968	0.0018	0.1717	0.0574	0.0272	0.0087	0.0255	0.0050
COG2443	0.1750	0.9563	0.0288	0.9997	0.0002	0.9983	0.0011	0.9953	0.0038	0.9889	0.0099
COG2445	0.0300	0.9574	0.0106	0.9989	0.0006	0.9889	0.0037	0.1354	0.0497	0.1340	0.0335
COG2450	0.0050	0.9778	0.0123	0.9998	0.0001	0.4503	0.0670	0.6263	0.0674	0.6844	0.0938
COG2451	0.0000	0.0637	0.0590	0.0366	0.0614	0.0647	0.0691	0.0708	0.0712	0.1007	0.0765
COG2452	0.0000	0.2096	0.0460	0.0183	0.0071	0.0557	0.0210	0.0723	0.0225	0.0315	0.0083
COG2453	0.0000	0.1794	0.0888	0.0077	0.0044	0.0256	0.0222	0.0373	0.0168	0.0446	0.0172
COG2454	0.1100	0.9342	0.0409	0.9907	0.0114	0.9280	0.0442	0.8212	0.0844	0.7592	0.1271
COG2456	0.0000	0.0529	0.0423	0.0039	0.0027	0.0399	0.0231	0.0323	0.0168	0.0276	0.0183
COG2457	0.0350	0.9710	0.0096	0.9932	0.0039	0.9833	0.0086	0.1987	0.1221	0.3444	0.1891
COG2461	0.0000	0.2079	0.0616	0.0270	0.0149	0.0891	0.0553	0.0865	0.0473	0.0941	0.0331
COG2469	0.1050	0.5874	0.1316	0.9215	0.0452	0.9232	0.0275	0.8317	0.0450	0.5000	0.1554
COG2501	0.0000	0.0019	0.0015	0.0003	0.0003	0.0007	0.0004	0.0020	0.0012	0.0020	0.0010
COG2502	0.0000	0.0021	0.0008	0.0008	0.0007	0.0033	0.0013	0.0083	0.0034	0.0138	0.0060
COG2503	0.0000	0.0011	0.0004	0.0004	0.0003	0.0014	0.0007	0.0016	0.0005	0.0021	0.0007
COG2508	0.0000	0.0039	0.0024	0.0008	0.0004	0.0013	0.0006	0.0026	0.0015	0.0024	0.0012
COG2509	0.0200	0.9613	0.0088	0.9970	0.0050	0.9960	0.0049	0.5355	0.0930	0.5481	0.0890
COG2510	0.2400	0.8129	0.0383	0.9921	0.0067	0.9608	0.0141	0.8614	0.0364	0.7162	0.0682
COG2511	0.0500	0.9959	0.0015	1.0000	0.0000	0.9999	0.0001	0.9989	0.0008	0.8942	0.0246
COG2512	0.0450	0.9260	0.0316	0.9970	0.0022	0.9753	0.0090	0.9344	0.0263	0.1243	0.0473
COG2513	0.0000	0.0326	0.0125	0.0029	0.0022	0.0109	0.0057	0.0183	0.0075	0.0133	0.0056
COG2514	0.0000	0.0014	0.0008	0.0001	0.0001	0.0004	0.0002	0.0009	0.0006	0.0016	0.0012
COG2515	0.0000	0.0359	0.0165	0.0018	0.0005	0.0063	0.0023	0.0095	0.0039	0.0105	0.0034
COG2516	0.0250	0.9872	0.0081	0.9988	0.0014	0.9922	0.0067	0.4877	0.1507	0.4881	0.1050
COG2517	0.0000	0.3017	0.1298	0.1342	0.0663	0.1177	0.0735	0.0822	0.0540	0.0895	0.0441
COG2518	0.1000	0.9980	0.0009	0.9999	0.0001	0.9995	0.0003	0.9976	0.0022	0.9964	0.0021
COG2519	0.0000	0.9175	0.0317	0.3036	0.1191	0.7773	0.0739	0.8688	0.0508	0.8338	0.0551
COG2520	0.6100	0.9998	0.0001	1.0000	0.0000	0.9999	0.0000	0.9995	0.0002	0.9990	0.0003
COG2521	0.0000	0.0583	0.0480	0.0051	0.0019	0.0325	0.0116	0.0775	0.0253	0.0888	0.0339
COG2522	0.0000	0.3013	0.0952	0.0480	0.0276	0.2559	0.1337	0.3734	0.1537	0.3110	0.1341
COG2524	0.0000	0.4272	0.0646	0.0364	0.0146	0.1478	0.0530	0.1927	0.0768	0.2480	0.1116
COG2602	0.0000	0.0006	0.0001	0.0001	0.0000	0.0003	0.0001	0.0003	0.0001	0.0003	0.0001
COG2603	0.0000	0.0025	0.0015	0.0013	0.0009	0.0065	0.0051	0.0105	0.0075	0.0089	0.0064
COG2604	0.0000	0.0034	0.0012	0.0010	0.0003	0.0016	0.0005	0.0020	0.0005	0.0030	0.0008
COG2605	0.0000	0.0423	0.0237	0.0130	0.0068	0.0073	0.0060	0.0088	0.0049	0.0141	0.0061
COG2606	0.0000	0.0423	0.0123	0.0040	0.0022	0.0110	0.0044	0.0227	0.0115	0.0471	0.0238
COG2607	0.0000	0.0024	0.0023	0.0001	0.0001	0.0005	0.0005	0.0028	0.0029	0.0058	0.0060
COG2608	0.0000	0.0107	0.0052	0.0005	0.0003	0.0030	0.0017	0.0072	0.0035	0.0129	0.0059
COG2609	0.0000	0.0002	0.0002	0.0001	0.0001	0.0004	0.0004	0.0007	0.0005	0.0019	0.0014
COG2610	0.0000	0.0187	0.0097	0.0015	0.0014	0.0062	0.0060	0.0086	0.0077	0.0191	0.0119
COG2703	0.0000	0.0385	0.0139	0.0024	0.0009	0.0068	0.0028	0.0098	0.0044	0.0072	0.0027
COG2704	0.0000	0.0003	0.0005	0.0002	0.0002	0.0003	0.0005	0.0006	0.0006	0.0008	0.0008
COG2706	0.0000	0.0076	0.0037	0.0009	0.0006	0.0039	0.0023	0.0072	0.0024	0.0059	0.0020
COG2707	0.0000	0.0006	0.0004	0.0003	0.0003	0.0003	0.0003	0.0005	0.0003	0.0005	0.0003
COG2710	0.0000	0.5044	0.0892	0.0623	0.0441	0.0519	0.0296	0.1013	0.0590	0.1676	0.0869
COG2715	0.0000	0.0008	0.0007	0.0001	0.0001	0.0003	0.0003	0.0008	0.0005	0.0013	0.0007
COG2716	0.0000	0.0031	0.0013	0.0004	0.0002	0.0005	0.0003	0.0011	0.0006	0.0012	0.0006
COG2717	0.0000	0.0016	0.0009	0.0005	0.0002	0.0007	0.0003	0.0013	0.0006	0.0023	0.0009
COG2718	0.0000	0.0099	0.0057	0.0004	0.0002	0.0015	0.0009	0.0015	0.0008	0.0023	0.0015
COG2719	0.0000	0.0073	0.0047	0.0003	0.0003	0.0011	0.0010	0.0014	0.0012	0.0025	0.0021
COG2720	0.0000	0.0013	0.0007	0.0002	0.0002	0.0006	0.0004	0.0028	0.0020	0.0041	0.0026
COG2721	0.0000	0.0740	0.0269	0.0143	0.0099	0.0201	0.0070	0.0186	0.0045	0.0233	0.0043
COG2723	0.0000	0.0284	0.0132	0.0013	0.0007	0.0061	0.0034	0.0103	0.0043	0.0146	0.0057
COG2730	0.0000	0.0690	0.0140	0.0055	0.0021	0.0162	0.0069	0.0291	0.0071	0.0321	0.0047
COG2731	0.0000	0.0006	0.0003	0.0002	0.0002	0.0008	0.0006	0.0019	0.0011	0.0027	0.0015
COG2732	0.0000	0.0024	0.0009	0.0005	0.0003	0.0012	0.0005	0.0017	0.0004	0.0027	0.0006
COG2733	0.0000	0.0011	0.0006	0.0003	0.0002	0.0006	0.0004	0.0013	0.0008	0.0026	0.0012
COG2738	0.0000	0.0016	0.0008	0.0002	0.0002	0.0010	0.0005	0.0015	0.0007	0.0021	0.0008
COG2739	0.0000	0.0018	0.0011	0.0009	0.0007	0.0022	0.0015	0.0041	0.0024	0.0041	0.0021
COG2740	0.0000	0.0011	0.0006	0.0003	0.0002	0.0011	0.0008	0.0024	0.0012	0.0024	0.0013
COG2746	0.0000	0.0134	0.0077	0.0012	0.0008	0.0036	0.0031	0.0048	0.0043	0.0056	0.0050
COG2747	0.0000	0.0014	0.0010	0.0003	0.0004	0.0011	0.0011	0.0014	0.0011	0.0023	0.0017
COG2755	0.0000	0.0193	0.0053	0.0024	0.0013	0.0129	0.0051	0.0161	0.0068	0.0381	0.0120
COG2759	0.0000	0.2617	0.1094	0.0199	0.0075	0.0756	0.0341	0.1476	0.0429	0.1302	0.0529
COG2761	0.0000	0.0126	0.0064	0.0008	0.0004	0.0016	0.0007	0.0035	0.0019	0.0054	0.0025
COG2764	0.0000	0.0113	0.0046	0.0015	0.0007	0.0042	0.0015	0.0053	0.0013	0.0086	0.0026
COG2766	0.0000	0.0073	0.0038	0.0003	0.0001	0.0009	0.0005	0.0011	0.0007	0.0020	0.0016
COG2768	0.3500	0.9802	0.0086	0.9994	0.0003	0.9923	0.0052	0.9654	0.0244	0.9340	0.0446
COG2770	0.0000	0.0020	0.0005	0.0001	0.0000	0.0009	0.0003	0.0012	0.0004	0.0021	0.0007
COG2771	0.0000	0.0110	0.0051	0.0020	0.0011	0.0040	0.0016	0.0039	0.0015	0.0038	0.0019
COG2801	0.0000	0.1105	0.0342	0.0044	0.0017	0.0208	0.0078	0.0426	0.0136	0.0703	0.0131
COG2802	0.0000	0.0016	0.0008	0.0006	0.0003	0.0010	0.0005	0.0010	0.0005	0.0012	0.0006
COG2804	0.0000	0.0040	0.0047	0.0004	0.0005	0.0024	0.0029	0.0054	0.0046	0.0074	0.0046
COG2805	0.0000	0.0020	0.0015	0.0004	0.0003	0.0018	0.0013	0.0035	0.0020	0.0056	0.0020
COG2807	0.0050	0.0791	0.0356	0.7076	0.0904	0.0042	0.0019	0.0064	0.0032	0.0081	0.0041
COG2808	0.0000	0.0023	0.0011	0.0006	0.0003	0.0007	0.0002	0.0009	0.0004	0.0009	0.0004
COG2810	0.0000	0.1542	0.0910	0.0069	0.0042	0.0218	0.0130	0.0251	0.0117	0.0222	0.0119
COG2811	0.0250	0.6071	0.0933	0.9670	0.0202	0.8272	0.0641	0.0522	0.0286	0.0510	0.0263
COG2812	0.0000	0.0004	0.0002	0.0000	0.0000	0.0002	0.0001	0.0010	0.0004	0.0023	0.0008
COG2813	0.0150	0.0860	0.0347	0.7948	0.1286	0.5114	0.1391	0.0061	0.0021	0.0104	0.0033
COG2814	0.2400	0.0007	0.0003	0.0294	0.0148	0.0253	0.0114	0.0276	0.0194	0.0278	0.0281
COG2815	0.0000	0.0065	0.0024	0.0005	0.0002	0.0018	0.0006	0.0030	0.0015	0.0047	0.0018
COG2816	0.0000	0.0135	0.0065	0.0024	0.0013	0.0034	0.0013	0.0070	0.0029	0.0069	0.0031
COG2818	0.0000	0.0090	0.0080	0.0006	0.0004	0.0017	0.0012	0.0105	0.0066	0.0168	0.0111
COG2819	0.0000	0.0111	0.0081	0.0013	0.0009	0.0024	0.0016	0.0049	0.0026	0.0061	0.0028
COG2820	0.0000	0.2911	0.1162	0.0440	0.0325	0.0342	0.0255	0.0449	0.0246	0.0504	0.0205
COG2821	0.0000	0.0023	0.0014	0.0004	0.0002	0.0009	0.0004	0.0015	0.0008	0.0013	0.0005
COG2822	0.0000	0.0013	0.0006	0.0005	0.0002	0.0003	0.0001	0.0005	0.0002	0.0007	0.0002
COG2823	0.0000	0.0048	0.0068	0.0007	0.0008	0.0015	0.0014	0.0017	0.0012	0.0035	0.0020
COG2824	0.0000	0.0003	0.0001	0.0001	0.0000	0.0002	0.0001	0.0007	0.0003	0.0012	0.0006
COG2825	0.0000	0.0005	0.0006	0.0002	0.0002	0.0009	0.0011	0.0016	0.0015	0.0021	0.0016
COG2826	0.0000	0.0009	0.0002	0.0001	0.0000	0.0005	0.0002	0.0013	0.0003	0.0021	0.0006
COG2827	0.0000	0.0258	0.0238	0.0015	0.0011	0.0069	0.0062	0.0133	0.0099	0.0142	0.0099
COG2828	0.0000	0.0136	0.0042	0.0039	0.0016	0.0055	0.0020	0.0031	0.0010	0.0024	0.0008
COG2829	0.0000	0.0009	0.0010	0.0002	0.0002	0.0007	0.0005	0.0010	0.0006	0.0015	0.0007
COG2830	0.0000	0.0002	0.0001	0.0001	0.0001	0.0002	0.0001	0.0005	0.0003	0.0006	0.0004
COG2831	0.0000	0.0008	0.0004	0.0002	0.0001	0.0004	0.0002	0.0010	0.0006	0.0014	0.0007
COG2832	0.0000	0.0251	0.0103	0.0029	0.0009	0.0116	0.0043	0.0248	0.0146	0.0260	0.0117
COG2833	0.0000	0.0004	0.0002	0.0001	0.0001	0.0002	0.0001	0.0002	0.0001	0.0003	0.0001
COG2834	0.0000	0.0497	0.0185	0.0039	0.0019	0.0127	0.0052	0.0267	0.0101	0.0371	0.0137
COG2835	0.0300	0.9681	0.0214	0.9984	0.0021	0.9973	0.0044	0.7083	0.0693	0.7303	0.0606
COG2836	0.0000	0.0358	0.0187	0.0013	0.0009	0.0077	0.0068	0.0102	0.0090	0.0077	0.0079
COG2837	0.0000	0.0023	0.0008	0.0005	0.0002	0.0007	0.0003	0.0013	0.0005	0.0019	0.0006
COG2838	0.0000	0.0047	0.0036	0.0007	0.0008	0.0035	0.0024	0.0103	0.0064	0.0142	0.0079
COG2839	0.0000	0.0036	0.0025	0.0012	0.0007	0.0029	0.0011	0.0085	0.0023	0.0085	0.0022
COG2840	0.0000	0.0008	0.0004	0.0005	0.0003	0.0010	0.0004	0.0028	0.0012	0.0037	0.0014
COG2841	0.0000	0.0009	0.0006	0.0006	0.0008	0.0010	0.0013	0.0010	0.0016	0.0014	0.0019
COG2842	0.0000	0.0057	0.0032	0.0005	0.0002	0.0010	0.0005	0.0017	0.0007	0.0024	0.0010
COG2843	0.0000	0.0141	0.0043	0.0009	0.0005	0.0060	0.0031	0.0207	0.0094	0.0229	0.0087
COG2844	0.0000	0.0033	0.0015	0.0005	0.0004	0.0014	0.0008	0.0022	0.0008	0.0027	0.0012
COG2845	0.0000	0.0011	0.0005	0.0004	0.0002	0.0008	0.0005	0.0009	0.0007	0.0012	0.0007
COG2846	0.0000	0.0165	0.0090	0.0041	0.0022	0.0195	0.0104	0.0257	0.0105	0.0387	0.0133
COG2847	0.0000	0.0038	0.0025	0.0008	0.0006	0.0015	0.0008	0.0016	0.0006	0.0021	0.0011
COG2848	0.1800	0.7142	0.1103	0.9840	0.0147	0.9330	0.0447	0.8616	0.0769	0.7586	0.1001
COG2849	0.0000	0.0036	0.0018	0.0008	0.0004	0.0024	0.0010	0.0043	0.0015	0.0056	0.0021
COG2850	0.0000	0.0006	0.0006	0.0003	0.0003	0.0005	0.0004	0.0004	0.0002	0.0006	0.0003
COG2851	0.0000	0.0006	0.0002	0.0002	0.0001	0.0008	0.0003	0.0010	0.0004	0.0009	0.0003
COG2852	0.0000	0.0033	0.0018	0.0004	0.0003	0.0009	0.0006	0.0011	0.0007	0.0016	0.0007
COG2853	0.0000	0.0004	0.0002	0.0002	0.0002	0.0004	0.0003	0.0006	0.0003	0.0011	0.0005
COG2854	0.0000	0.0009	0.0005	0.0004	0.0003	0.0009	0.0006	0.0015	0.0008	0.0022	0.0010
COG2855	0.0000	0.0417	0.0079	0.0038	0.0014	0.0193	0.0065	0.0254	0.0062	0.0252	0.0045
COG2856	0.0000	0.0597	0.0157	0.0021	0.0009	0.0092	0.0043	0.0128	0.0047	0.0156	0.0036
COG2857	0.0000	0.0005	0.0006	0.0006	0.0010	0.0014	0.0016	0.0016	0.0017	0.0021	0.0019
COG2859	0.0000	0.0005	0.0002	0.0001	0.0000	0.0003	0.0002	0.0006	0.0003	0.0006	0.0003
COG2860	0.0000	0.0198	0.0080	0.0029	0.0018	0.0103	0.0048	0.0217	0.0104	0.0196	0.0115
COG2861	0.0000	0.0006	0.0003	0.0006	0.0002	0.0005	0.0002	0.0012	0.0005	0.0019	0.0008
COG2862	0.0000	0.0142	0.0029	0.0033	0.0009	0.0096	0.0028	0.0144	0.0048	0.0125	0.0040
COG2863	0.0000	0.0006	0.0004	0.0003	0.0002	0.0007	0.0004	0.0011	0.0007	0.0018	0.0011
COG2864	0.0000	0.0391	0.0125	0.0017	0.0010	0.0069	0.0036	0.0205	0.0083	0.0348	0.0136
COG2865	0.0000	0.2361	0.0447	0.0214	0.0070	0.0424	0.0151	0.0530	0.0192	0.0699	0.0240
COG2866	0.0000	0.0532	0.0243	0.0093	0.0029	0.0197	0.0110	0.0342	0.0183	0.0388	0.0143
COG2867	0.0000	0.0030	0.0028	0.0005	0.0005	0.0012	0.0009	0.0028	0.0020	0.0036	0.0023
COG2868	0.0000	0.0006	0.0004	0.0002	0.0001	0.0011	0.0010	0.0022	0.0013	0.0040	0.0021
COG2869	0.0000	0.0004	0.0003	0.0001	0.0001	0.0005	0.0005	0.0009	0.0007	0.0012	0.0007
COG2870	0.0000	0.0084	0.0042	0.0013	0.0009	0.0035	0.0023	0.0063	0.0041	0.0087	0.0050
COG2871	0.0000	0.0094	0.0049	0.0007	0.0003	0.0074	0.0026	0.0185	0.0078	0.0151	0.0047
COG2872	0.0350	0.1597	0.0946	0.7282	0.1339	0.4290	0.1594	0.0068	0.0037	0.0127	0.0053
COG2873	0.0000	0.0244	0.0119	0.0012	0.0005	0.0061	0.0039	0.0118	0.0068	0.0164	0.0089
COG2874	0.0400	0.9728	0.0164	0.9979	0.0019	0.9968	0.0022	0.8131	0.0510	0.4286	0.1463
COG2875	0.0000	0.2393	0.1068	0.0068	0.0038	0.0132	0.0078	0.0282	0.0231	0.0351	0.0246
COG2876	0.0000	0.0255	0.0206	0.0022	0.0020	0.0041	0.0031	0.0144	0.0111	0.0237	0.0150
COG2877	0.0000	0.0028	0.0011	0.0010	0.0004	0.0027	0.0013	0.0035	0.0015	0.0056	0.0026
COG2878	0.0000	0.0010	0.0005	0.0002	0.0001	0.0005	0.0002	0.0014	0.0004	0.0027	0.0008
COG2879	0.0000	0.0010	0.0004	0.0004	0.0003	0.0012	0.0005	0.0010	0.0005	0.0010	0.0005
COG2880	0.0000	0.3959	0.0681	0.0595	0.0210	0.1126	0.0316	0.0766	0.0199	0.0882	0.0290
COG2881	0.0000	0.0671	0.0441	0.0077	0.0042	0.0184	0.0063	0.0588	0.0239	0.1102	0.0528
COG2882	0.0000	0.0050	0.0024	0.0004	0.0003	0.0022	0.0010	0.0040	0.0017	0.0043	0.0018
COG2884	0.0000	0.0004	0.0001	0.0000	0.0000	0.0001	0.0001	0.0007	0.0003	0.0013	0.0007
COG2885	0.0000	0.0216	0.0073	0.0037	0.0013	0.0194	0.0073	0.0360	0.0107	0.0413	0.0116
COG2886	0.0000	0.6996	0.1242	0.1509	0.0749	0.2267	0.0943	0.1249	0.0521	0.0620	0.0153
COG2887	0.0000	0.0105	0.0075	0.0021	0.0019	0.0117	0.0108	0.0220	0.0174	0.0542	0.0374
COG2888	0.0050	0.9053	0.0219	0.9978	0.0013	0.1625	0.0606	0.3067	0.0892	0.4902	0.0855
COG2890	0.2000	0.9849	0.0064	0.9999	0.0001	0.9985	0.0010	0.9948	0.0023	0.9840	0.0050
COG2891	0.0000	0.0039	0.0019	0.0009	0.0005	0.0052	0.0030	0.0064	0.0033	0.0057	0.0029
COG2892	0.0000	0.7633	0.0743	0.2210	0.0915	0.4245	0.1336	0.4879	0.1242	0.4938	0.1319
COG2893	0.0000	0.0024	0.0009	0.0004	0.0001	0.0015	0.0004	0.0019	0.0005	0.0032	0.0010
COG2894	0.0000	0.0014	0.0014	0.0002	0.0003	0.0006	0.0006	0.0010	0.0007	0.0017	0.0009
COG2895	0.0000	0.0098	0.0031	0.0036	0.0015	0.0034	0.0012	0.0113	0.0056	0.0119	0.0063
COG2896	0.0100	0.9937	0.0012	0.9984	0.0019	0.8368	0.0368	0.8862	0.0367	0.8636	0.0468
COG2897	0.0000	0.0406	0.0235	0.0022	0.0009	0.0049	0.0025	0.0092	0.0024	0.0119	0.0039
COG2898	0.0000	0.0015	0.0004	0.0003	0.0001	0.0010	0.0004	0.0015	0.0005	0.0026	0.0009
COG2899	0.0000	0.0028	0.0011	0.0010	0.0007	0.0052	0.0027	0.0085	0.0030	0.0150	0.0055
COG2900	0.0000	0.0014	0.0010	0.0008	0.0006	0.0016	0.0014	0.0016	0.0016	0.0016	0.0014
COG2901	0.0000	0.0019	0.0029	0.0015	0.0026	0.0028	0.0042	0.0037	0.0054	0.0043	0.0053
COG2902	0.0000	0.0006	0.0007	0.0005	0.0005	0.0009	0.0010	0.0008	0.0008	0.0021	0.0013
COG2905	0.0000	0.0732	0.0179	0.0047	0.0017	0.0124	0.0051	0.0289	0.0062	0.0499	0.0085
COG2906	0.0000	0.0069	0.0042	0.0014	0.0011	0.0025	0.0020	0.0025	0.0017	0.0027	0.0019
COG2907	0.0000	0.0005	0.0002	0.0001	0.0001	0.0003	0.0001	0.0006	0.0003	0.0009	0.0005
COG2908	0.0000	0.0056	0.0027	0.0010	0.0006	0.0038	0.0019	0.0038	0.0014	0.0044	0.0012
COG2909	0.0000	0.0044	0.0014	0.0002	0.0001	0.0007	0.0004	0.0017	0.0007	0.0023	0.0008
COG2910	0.0000	0.0020	0.0006	0.0005	0.0003	0.0010	0.0005	0.0010	0.0004	0.0015	0.0005
COG2911	0.0000	0.0133	0.0051	0.0012	0.0004	0.0081	0.0039	0.0174	0.0060	0.0240	0.0083
COG2912	0.0000	0.0024	0.0008	0.0005	0.0003	0.0013	0.0006	0.0011	0.0005	0.0017	0.0009
COG2913	0.0000	0.0013	0.0008	0.0006	0.0005	0.0011	0.0006	0.0020	0.0013	0.0025	0.0011
COG2914	0.0000	0.0003	0.0002	0.0002	0.0001	0.0003	0.0002	0.0004	0.0002	0.0004	0.0003
COG2915	0.0000	0.0007	0.0004	0.0006	0.0004	0.0015	0.0008	0.0016	0.0010	0.0021	0.0012
COG2916	0.0000	0.0014	0.0015	0.0008	0.0015	0.0012	0.0014	0.0011	0.0015	0.0012	0.0012
COG2917	0.0000	0.0007	0.0009	0.0004	0.0005	0.0007	0.0010	0.0013	0.0012	0.0024	0.0018
COG2918	0.0000	0.0021	0.0009	0.0009	0.0003	0.0021	0.0009	0.0029	0.0014	0.0048	0.0023
COG2919	0.0000	0.0008	0.0009	0.0001	0.0001	0.0005	0.0004	0.0013	0.0010	0.0017	0.0011
COG2920	0.0000	0.0134	0.0069	0.0021	0.0008	0.0029	0.0007	0.0044	0.0017	0.0059	0.0019
COG2921	0.0000	0.0014	0.0011	0.0007	0.0006	0.0014	0.0010	0.0033	0.0022	0.0039	0.0016
COG2922	0.0000	0.0008	0.0011	0.0005	0.0009	0.0006	0.0010	0.0007	0.0009	0.0008	0.0008
COG2923	0.0000	0.2092	0.0484	0.0288	0.0150	0.0216	0.0151	0.0143	0.0069	0.0133	0.0049
COG2924	0.0000	0.0007	0.0003	0.0008	0.0005	0.0018	0.0008	0.0025	0.0010	0.0037	0.0010
COG2925	0.0000	0.0006	0.0006	0.0006	0.0010	0.0012	0.0009	0.0015	0.0011	0.0021	0.0014
COG2926	0.0000	0.0000	0.0000	0.0001	0.0001	0.0001	0.0001	0.0002	0.0001	0.0002	0.0001
COG2927	0.0000	0.0021	0.0024	0.0014	0.0021	0.0013	0.0015	0.0017	0.0015	0.0024	0.0015
COG2928	0.0000	0.0545	0.0464	0.0086	0.0082	0.0138	0.0117	0.0217	0.0121	0.0245	0.0090
COG2929	0.0000	0.0111	0.0039	0.0014	0.0009	0.0034	0.0016	0.0032	0.0012	0.0030	0.0009
COG2930	0.0000	0.0016	0.0005	0.0006	0.0002	0.0011	0.0004	0.0018	0.0009	0.0025	0.0011
COG2931	0.0000	0.0794	0.0271	0.0037	0.0009	0.0301	0.0146	0.0579	0.0228	0.0590	0.0181
COG2932	0.0300	0.0066	0.0029	0.3805	0.0924	0.0709	0.0234	0.0005	0.0002	0.0007	0.0002
COG2933	0.0000	0.0009	0.0006	0.0006	0.0003	0.0010	0.0005	0.0014	0.0007	0.0027	0.0013
COG2935	0.0000	0.0012	0.0006	0.0004	0.0003	0.0015	0.0006	0.0009	0.0003	0.0012	0.0004
COG2936	0.0000	0.0496	0.0184	0.0036	0.0019	0.0083	0.0040	0.0117	0.0048	0.0143	0.0045
COG2937	0.0000	0.0003	0.0001	0.0002	0.0001	0.0006	0.0002	0.0010	0.0003	0.0016	0.0002
COG2938	0.0000	0.0014	0.0026	0.0013	0.0027	0.0013	0.0025	0.0013	0.0024	0.0013	0.0019
COG2939	0.0000	0.0012	0.0005	0.0005	0.0002	0.0005	0.0002	0.0008	0.0001	0.0010	0.0002
COG2940	0.0000	0.0094	0.0082	0.0014	0.0016	0.0037	0.0028	0.0073	0.0034	0.0108	0.0044
COG2941	0.0000	0.0048	0.0092	0.0017	0.0036	0.0038	0.0066	0.0062	0.0094	0.0061	0.0088
COG2942	0.0000	0.0089	0.0013	0.0014	0.0007	0.0020	0.0007	0.0056	0.0013	0.0041	0.0014
COG2943	0.0000	0.0020	0.0006	0.0007	0.0002	0.0010	0.0004	0.0016	0.0006	0.0012	0.0005
COG2944	0.0000	0.0052	0.0015	0.0004	0.0001	0.0009	0.0003	0.0016	0.0005	0.0019	0.0006
COG2945	0.0000	0.1075	0.0528	0.0196	0.0096	0.0155	0.0120	0.0306	0.0123	0.0252	0.0093
COG2946	0.0000	0.0006	0.0002	0.0001	0.0001	0.0003	0.0001	0.0004	0.0001	0.0006	0.0002
COG2947	0.0000	0.0013	0.0014	0.0003	0.0001	0.0011	0.0007	0.0031	0.0016	0.0048	0.0027
COG2948	0.0000	0.0012	0.0007	0.0005	0.0004	0.0007	0.0006	0.0011	0.0008	0.0016	0.0010
COG2949	0.0000	0.0005	0.0003	0.0001	0.0000	0.0004	0.0002	0.0013	0.0011	0.0019	0.0013
COG2951	0.0000	0.0008	0.0004	0.0006	0.0005	0.0010	0.0006	0.0024	0.0013	0.0042	0.0022
COG2952	0.0000	0.0005	0.0004	0.0005	0.0003	0.0011	0.0007	0.0016	0.0009	0.0020	0.0009
COG2954	0.0000	0.0014	0.0009	0.0003	0.0002	0.0017	0.0007	0.0020	0.0008	0.0054	0.0022
COG2956	0.0000	0.0008	0.0008	0.0004	0.0003	0.0012	0.0012	0.0014	0.0010	0.0024	0.0009
COG2957	0.0000	0.0113	0.0033	0.0034	0.0017	0.0075	0.0032	0.0044	0.0019	0.0056	0.0016
COG2958	0.0000	0.0038	0.0009	0.0009	0.0003	0.0015	0.0004	0.0021	0.0005	0.0030	0.0007
COG2959	0.0000	0.0018	0.0017	0.0014	0.0012	0.0020	0.0015	0.0028	0.0023	0.0048	0.0036
COG2960	0.0000	0.0013	0.0008	0.0005	0.0005	0.0012	0.0015	0.0025	0.0034	0.0021	0.0023
COG2961	0.0000	0.0125	0.0130	0.0033	0.0043	0.0049	0.0051	0.0072	0.0085	0.0111	0.0091
COG2962	0.0000	0.0002	0.0002	0.0001	0.0001	0.0002	0.0001	0.0003	0.0001	0.0006	0.0002
COG2963	0.0000	0.0203	0.0067	0.0006	0.0003	0.0026	0.0012	0.0072	0.0032	0.0134	0.0058
COG2964	0.0000	0.0015	0.0006	0.0003	0.0001	0.0006	0.0002	0.0009	0.0003	0.0011	0.0004
COG2965	0.0000	0.0003	0.0002	0.0002	0.0001	0.0004	0.0002	0.0006	0.0004	0.0007	0.0004
COG2966	0.0000	0.0015	0.0004	0.0003	0.0002	0.0015	0.0005	0.0017	0.0005	0.0037	0.0014
COG2967	0.0000	0.0006	0.0004	0.0004	0.0004	0.0011	0.0010	0.0008	0.0005	0.0011	0.0007
COG2968	0.0000	0.0910	0.0485	0.0083	0.0053	0.0393	0.0196	0.0995	0.0377	0.1323	0.0366
COG2969	0.0000	0.0008	0.0003	0.0004	0.0002	0.0009	0.0002	0.0015	0.0003	0.0017	0.0005
COG2971	0.0000	0.0144	0.0076	0.0035	0.0020	0.0080	0.0050	0.0144	0.0067	0.0187	0.0091
COG2972	0.0000	0.0127	0.0053	0.0021	0.0009	0.0035	0.0018	0.0062	0.0026	0.0058	0.0022
COG2973	0.0000	0.0005	0.0002	0.0002	0.0001	0.0005	0.0003	0.0009	0.0003	0.0013	0.0004
COG2974	0.0000	0.0002	0.0002	0.0001	0.0001	0.0003	0.0002	0.0003	0.0003	0.0005	0.0003
COG2975	0.0000	0.0005	0.0004	0.0004	0.0004	0.0002	0.0002	0.0002	0.0002	0.0005	0.0005
COG2976	0.0000	0.0051	0.0025	0.0020	0.0017	0.0056	0.0038	0.0073	0.0042	0.0103	0.0055
COG2977	0.0000	0.0030	0.0013	0.0007	0.0003	0.0009	0.0004	0.0021	0.0011	0.0019	0.0009
COG2978	0.0000	0.0002	0.0001	0.0000	0.0000	0.0001	0.0001	0.0002	0.0001	0.0003	0.0002
COG2979	0.0000	0.0010	0.0006	0.0001	0.0001	0.0004	0.0003	0.0006	0.0005	0.0007	0.0005
COG2980	0.0000	0.0017	0.0008	0.0013	0.0015	0.0014	0.0012	0.0020	0.0015	0.0029	0.0018
COG2981	0.0000	0.0043	0.0021	0.0006	0.0004	0.0010	0.0009	0.0011	0.0011	0.0019	0.0013
COG2982	0.0000	0.0023	0.0011	0.0006	0.0002	0.0042	0.0019	0.0104	0.0043	0.0156	0.0070
COG2983	0.0000	0.0168	0.0180	0.0044	0.0041	0.0111	0.0175	0.0151	0.0210	0.0128	0.0152
COG2984	0.0000	0.0044	0.0020	0.0004	0.0002	0.0012	0.0006	0.0022	0.0008	0.0037	0.0012
COG2985	0.0000	0.0016	0.0005	0.0005	0.0002	0.0018	0.0003	0.0035	0.0010	0.0034	0.0008
COG2986	0.0000	0.0389	0.0191	0.0059	0.0019	0.0088	0.0034	0.0112	0.0041	0.0132	0.0053
COG2987	0.0000	0.0404	0.0218	0.0067	0.0015	0.0081	0.0026	0.0137	0.0041	0.0148	0.0052
COG2988	0.0000	0.0003	0.0001	0.0003	0.0002	0.0006	0.0003	0.0007	0.0006	0.0013	0.0008
COG2989	0.0000	0.0009	0.0007	0.0003	0.0004	0.0006	0.0005	0.0007	0.0004	0.0008	0.0005
COG2990	0.0000	0.0005	0.0006	0.0004	0.0005	0.0007	0.0006	0.0013	0.0009	0.0016	0.0012
COG2991	0.0000	0.0004	0.0002	0.0003	0.0002	0.0007	0.0002	0.0007	0.0002	0.0010	0.0003
COG2992	0.0000	0.0005	0.0003	0.0004	0.0002	0.0005	0.0002	0.0011	0.0005	0.0017	0.0005
COG2993	0.0000	0.0026	0.0011	0.0002	0.0001	0.0005	0.0002	0.0008	0.0003	0.0017	0.0007
COG2994	0.0000	0.0005	0.0004	0.0004	0.0004	0.0005	0.0004	0.0005	0.0004	0.0005	0.0005
COG2995	0.0000	0.0005	0.0002	0.0001	0.0000	0.0002	0.0001	0.0003	0.0001	0.0006	0.0002
COG2996	0.0000	0.0003	0.0002	0.0001	0.0001	0.0003	0.0003	0.0011	0.0008	0.0016	0.0006
COG2998	0.0000	0.2318	0.0675	0.0247	0.0228	0.1921	0.1040	0.1613	0.0631	0.1485	0.0475
COG2999	0.0000	0.0002	0.0001	0.0003	0.0002	0.0002	0.0002	0.0003	0.0002	0.0004	0.0002
COG3000	0.0000	0.0040	0.0017	0.0006	0.0003	0.0015	0.0007	0.0023	0.0010	0.0051	0.0021
COG3001	0.0000	0.0017	0.0012	0.0002	0.0002	0.0009	0.0006	0.0011	0.0005	0.0012	0.0005
COG3002	0.0000	0.0015	0.0009	0.0003	0.0002	0.0004	0.0003	0.0004	0.0002	0.0007	0.0003
COG3004	0.0000	0.0025	0.0021	0.0006	0.0005	0.0027	0.0027	0.0038	0.0030	0.0053	0.0030
COG3005	0.0000	0.0038	0.0013	0.0003	0.0001	0.0010	0.0004	0.0020	0.0006	0.0030	0.0007
COG3006	0.0000	0.0007	0.0006	0.0004	0.0004	0.0005	0.0004	0.0004	0.0004	0.0003	0.0003
COG3007	0.0000	0.0246	0.0066	0.0053	0.0022	0.0112	0.0030	0.0108	0.0027	0.0093	0.0040
COG3008	0.0000	0.0007	0.0005	0.0003	0.0003	0.0004	0.0003	0.0007	0.0004	0.0009	0.0005
COG3009	0.0000	0.0010	0.0006	0.0002	0.0001	0.0004	0.0003	0.0006	0.0003	0.0010	0.0005
COG3010	0.0000	0.0012	0.0006	0.0003	0.0002	0.0007	0.0005	0.0021	0.0016	0.0019	0.0012
COG3011	0.0000	0.0016	0.0013	0.0003	0.0002	0.0011	0.0008	0.0017	0.0011	0.0042	0.0027
COG3012	0.0000	0.0308	0.0083	0.0021	0.0009	0.0082	0.0039	0.0115	0.0049	0.0140	0.0031
COG3013	0.0000	0.0014	0.0008	0.0006	0.0004	0.0009	0.0007	0.0009	0.0007	0.0009	0.0007
COG3014	0.0000	0.0005	0.0001	0.0001	0.0000	0.0005	0.0001	0.0011	0.0002	0.0016	0.0003
COG3015	0.0000	0.0012	0.0005	0.0006	0.0003	0.0014	0.0004	0.0017	0.0004	0.0023	0.0005
COG3016	0.0000	0.0009	0.0005	0.0002	0.0002	0.0007	0.0009	0.0011	0.0013	0.0013	0.0013
COG3017	0.0000	0.0002	0.0001	0.0001	0.0001	0.0003	0.0003	0.0007	0.0005	0.0014	0.0008
COG3018	0.0000	0.0002	0.0002	0.0001	0.0001	0.0004	0.0003	0.0006	0.0004	0.0005	0.0003
COG3019	0.0000	0.0070	0.0023	0.0010	0.0003	0.0036	0.0009	0.0055	0.0017	0.0084	0.0020
COG3021	0.0000	0.0025	0.0015	0.0004	0.0003	0.0016	0.0007	0.0026	0.0012	0.0025	0.0010
COG3022	0.0000	0.0005	0.0005	0.0001	0.0001	0.0005	0.0003	0.0012	0.0007	0.0020	0.0013
COG3023	0.0000	0.0070	0.0030	0.0004	0.0002	0.0021	0.0011	0.0048	0.0026	0.0075	0.0041
COG3024	0.0000	0.0010	0.0004	0.0002	0.0002	0.0005	0.0004	0.0006	0.0006	0.0008	0.0008
COG3025	0.0000	0.0027	0.0024	0.0006	0.0005	0.0015	0.0010	0.0024	0.0014	0.0025	0.0016
COG3026	0.0000	0.0012	0.0006	0.0004	0.0002	0.0010	0.0005	0.0008	0.0004	0.0016	0.0008
COG3027	0.0000	0.0007	0.0010	0.0002	0.0004	0.0006	0.0010	0.0009	0.0013	0.0010	0.0013
COG3028	0.0000	0.0018	0.0030	0.0008	0.0017	0.0016	0.0023	0.0027	0.0025	0.0034	0.0017
COG3029	0.0000	0.0009	0.0005	0.0004	0.0004	0.0007	0.0005	0.0012	0.0010	0.0012	0.0009
COG3030	0.0000	0.0298	0.0154	0.0043	0.0024	0.0096	0.0053	0.0121	0.0058	0.0278	0.0082
COG3031	0.0000	0.0010	0.0006	0.0003	0.0002	0.0008	0.0003	0.0011	0.0004	0.0012	0.0005
COG3033	0.0000	0.0092	0.0043	0.0017	0.0011	0.0022	0.0015	0.0027	0.0019	0.0071	0.0042
COG3034	0.0000	0.0018	0.0008	0.0004	0.0003	0.0008	0.0003	0.0006	0.0002	0.0008	0.0003
COG3036	0.0000	0.0000	0.0000	0.0000	0.0000	0.0000	0.0000	0.0000	0.0000	0.0000	0.0000
COG3037	0.0000	0.0021	0.0010	0.0004	0.0002	0.0013	0.0005	0.0020	0.0007	0.0031	0.0010
COG3038	0.0000	0.0016	0.0018	0.0010	0.0013	0.0015	0.0013	0.0016	0.0013	0.0022	0.0011
COG3039	0.0000	0.1172	0.0358	0.0031	0.0011	0.0169	0.0057	0.0355	0.0117	0.0504	0.0125
COG3040	0.0000	0.0041	0.0013	0.0007	0.0002	0.0024	0.0010	0.0019	0.0005	0.0021	0.0006
COG3041	0.0000	0.0036	0.0018	0.0004	0.0005	0.0013	0.0009	0.0016	0.0010	0.0022	0.0010
COG3042	0.0000	0.0106	0.0032	0.0019	0.0007	0.0052	0.0026	0.0110	0.0047	0.0160	0.0057
COG3043	0.0000	0.0006	0.0002	0.0001	0.0000	0.0004	0.0002	0.0010	0.0004	0.0015	0.0006
COG3044	0.0000	0.1439	0.0621	0.0068	0.0037	0.0514	0.0200	0.0859	0.0314	0.1151	0.0546
COG3045	0.0000	0.0018	0.0015	0.0011	0.0020	0.0016	0.0024	0.0013	0.0020	0.0015	0.0020
COG3046	0.0000	0.0093	0.0033	0.0031	0.0008	0.0063	0.0023	0.0122	0.0049	0.0222	0.0071
COG3047	0.0000	0.0012	0.0007	0.0004	0.0006	0.0008	0.0008	0.0010	0.0011	0.0014	0.0013
COG3048	0.0000	0.0006	0.0001	0.0001	0.0000	0.0003	0.0001	0.0003	0.0001	0.0005	0.0001
COG3049	0.0000	0.0276	0.0042	0.0016	0.0005	0.0069	0.0026	0.0096	0.0036	0.0171	0.0046
COG3050	0.0000	0.0001	0.0000	0.0002	0.0001	0.0002	0.0002	0.0003	0.0001	0.0003	0.0002
COG3051	0.0000	0.0016	0.0008	0.0004	0.0002	0.0008	0.0004	0.0014	0.0007	0.0024	0.0009
COG3052	0.0000	0.0062	0.0031	0.0020	0.0015	0.0053	0.0022	0.0068	0.0032	0.0126	0.0055
COG3053	0.0000	0.0013	0.0004	0.0004	0.0002	0.0010	0.0004	0.0013	0.0006	0.0026	0.0008
COG3054	0.0000	0.0005	0.0002	0.0002	0.0001	0.0004	0.0001	0.0005	0.0001	0.0005	0.0001
COG3055	0.0000	0.0357	0.0159	0.0024	0.0012	0.0151	0.0066	0.0207	0.0071	0.0298	0.0079
COG3056	0.0000	0.0023	0.0018	0.0012	0.0015	0.0014	0.0014	0.0013	0.0015	0.0012	0.0014
COG3057	0.0000	0.0026	0.0023	0.0012	0.0008	0.0014	0.0008	0.0010	0.0008	0.0010	0.0007
COG3058	0.0000	0.0105	0.0029	0.0012	0.0005	0.0049	0.0015	0.0107	0.0025	0.0258	0.0069
COG3059	0.0000	0.0003	0.0003	0.0001	0.0001	0.0003	0.0002	0.0007	0.0004	0.0008	0.0003
COG3060	0.0000	0.0002	0.0001	0.0002	0.0002	0.0002	0.0002	0.0002	0.0002	0.0002	0.0002
COG3061	0.0000	0.0000	0.0000	0.0000	0.0000	0.0000	0.0000	0.0000	0.0000	0.0000	0.0000
COG3062	0.0000	0.0036	0.0037	0.0007	0.0009	0.0034	0.0043	0.0045	0.0041	0.0065	0.0053
COG3063	0.0000	0.0047	0.0012	0.0006	0.0002	0.0018	0.0008	0.0027	0.0011	0.0034	0.0013
COG3064	0.0000	0.0066	0.0035	0.0004	0.0003	0.0019	0.0009	0.0035	0.0017	0.0062	0.0026
COG3065	0.0000	0.0024	0.0023	0.0009	0.0012	0.0021	0.0018	0.0023	0.0027	0.0026	0.0028
COG3066	0.0000	0.0046	0.0013	0.0013	0.0004	0.0058	0.0016	0.0052	0.0016	0.0075	0.0018
COG3067	0.0000	0.0007	0.0005	0.0003	0.0002	0.0007	0.0004	0.0018	0.0006	0.0019	0.0008
COG3068	0.0000	0.0013	0.0012	0.0008	0.0007	0.0009	0.0009	0.0008	0.0009	0.0006	0.0008
COG3069	0.0000	0.0026	0.0019	0.0006	0.0004	0.0018	0.0014	0.0032	0.0022	0.0024	0.0016
COG3070	0.0000	0.0061	0.0019	0.0012	0.0008	0.0027	0.0007	0.0058	0.0011	0.0085	0.0015
COG3071	0.0000	0.0015	0.0009	0.0004	0.0003	0.0015	0.0010	0.0029	0.0025	0.0044	0.0028
COG3072	0.0000	0.0013	0.0017	0.0010	0.0009	0.0019	0.0013	0.0017	0.0010	0.0021	0.0009
COG3073	0.0000	0.0005	0.0003	0.0003	0.0002	0.0008	0.0005	0.0005	0.0003	0.0006	0.0004
COG3074	0.0000	0.0020	0.0024	0.0005	0.0005	0.0017	0.0016	0.0019	0.0016	0.0018	0.0013
COG3075	0.0000	0.0281	0.0193	0.0023	0.0012	0.0041	0.0024	0.0063	0.0040	0.0066	0.0043
COG3076	0.0000	0.0004	0.0002	0.0004	0.0002	0.0004	0.0002	0.0004	0.0002	0.0006	0.0002
COG3077	0.0000	0.0012	0.0005	0.0003	0.0003	0.0007	0.0004	0.0019	0.0008	0.0032	0.0012
COG3078	0.0000	0.0007	0.0005	0.0003	0.0002	0.0006	0.0003	0.0006	0.0006	0.0006	0.0005
COG3079	0.0000	0.0008	0.0005	0.0008	0.0005	0.0012	0.0007	0.0018	0.0011	0.0024	0.0014
COG3080	0.0000	0.0006	0.0004	0.0002	0.0002	0.0004	0.0003	0.0009	0.0008	0.0010	0.0007
COG3081	0.0000	0.0033	0.0018	0.0007	0.0004	0.0027	0.0011	0.0044	0.0022	0.0056	0.0019
COG3082	0.0000	0.0000	0.0000	0.0000	0.0000	0.0000	0.0000	0.0000	0.0000	0.0000	0.0000
COG3083	0.0000	0.0010	0.0004	0.0003	0.0001	0.0007	0.0002	0.0010	0.0003	0.0011	0.0003
COG3084	0.0000	0.0000	0.0000	0.0000	0.0000	0.0000	0.0000	0.0000	0.0000	0.0000	0.0000
COG3085	0.0000	0.0002	0.0001	0.0003	0.0001	0.0004	0.0001	0.0003	0.0001	0.0004	0.0002
COG3086	0.0000	0.0028	0.0018	0.0005	0.0004	0.0024	0.0021	0.0027	0.0028	0.0027	0.0025
COG3087	0.0000	0.0036	0.0027	0.0008	0.0006	0.0020	0.0012	0.0030	0.0016	0.0053	0.0026
COG3088	0.0000	0.0013	0.0006	0.0003	0.0002	0.0005	0.0002	0.0008	0.0004	0.0009	0.0004
COG3089	0.0000	0.0008	0.0004	0.0003	0.0001	0.0004	0.0002	0.0007	0.0003	0.0007	0.0003
COG3090	0.0000	0.0017	0.0005	0.0001	0.0000	0.0004	0.0002	0.0011	0.0005	0.0017	0.0007
COG3091	0.0000	0.0013	0.0013	0.0004	0.0003	0.0007	0.0006	0.0012	0.0009	0.0020	0.0015
COG3092	0.0000	0.0000	0.0000	0.0000	0.0000	0.0000	0.0000	0.0000	0.0000	0.0000	0.0000
COG3093	0.0000	0.0052	0.0016	0.0004	0.0002	0.0008	0.0003	0.0021	0.0008	0.0030	0.0009
COG3094	0.0000	0.0003	0.0002	0.0002	0.0001	0.0002	0.0001	0.0003	0.0002	0.0004	0.0002
COG3095	0.0000	0.0008	0.0007	0.0005	0.0005	0.0006	0.0005	0.0005	0.0005	0.0005	0.0005
COG3096	0.0000	0.0010	0.0012	0.0005	0.0006	0.0007	0.0007	0.0006	0.0008	0.0006	0.0007
COG3097	0.0000	0.0001	0.0001	0.0002	0.0001	0.0002	0.0002	0.0002	0.0002	0.0002	0.0002
COG3098	0.0000	0.0010	0.0006	0.0009	0.0009	0.0010	0.0007	0.0009	0.0008	0.0011	0.0008
COG3099	0.0000	0.0000	0.0000	0.0000	0.0000	0.0000	0.0000	0.0000	0.0000	0.0000	0.0000
COG3100	0.0000	0.0004	0.0002	0.0002	0.0001	0.0005	0.0003	0.0005	0.0003	0.0005	0.0003
COG3101	0.0000	0.0002	0.0003	0.0003	0.0005	0.0003	0.0004	0.0003	0.0004	0.0003	0.0004
COG3102	0.0000	0.0003	0.0001	0.0005	0.0002	0.0006	0.0002	0.0006	0.0002	0.0009	0.0003
COG3103	0.0000	0.0233	0.0105	0.0016	0.0004	0.0040	0.0014	0.0155	0.0055	0.0214	0.0059
COG3104	0.0000	0.0021	0.0009	0.0012	0.0007	0.0033	0.0010	0.0048	0.0014	0.0058	0.0016
COG3105	0.0000	0.0031	0.0054	0.0017	0.0028	0.0017	0.0027	0.0018	0.0026	0.0018	0.0023
COG3106	0.0000	0.0040	0.0019	0.0014	0.0018	0.0026	0.0024	0.0021	0.0024	0.0020	0.0024
COG3107	0.0000	0.0010	0.0012	0.0010	0.0009	0.0015	0.0012	0.0022	0.0011	0.0024	0.0011
COG3108	0.0000	0.0033	0.0012	0.0004	0.0001	0.0010	0.0003	0.0031	0.0014	0.0043	0.0020
COG3109	0.0000	0.0010	0.0012	0.0010	0.0014	0.0013	0.0013	0.0013	0.0018	0.0015	0.0017
COG3110	0.0000	0.0001	0.0000	0.0001	0.0000	0.0001	0.0000	0.0001	0.0000	0.0001	0.0000
COG3111	0.0000	0.0009	0.0003	0.0004	0.0002	0.0008	0.0003	0.0012	0.0004	0.0015	0.0005
COG3112	0.0000	0.0001	0.0000	0.0000	0.0000	0.0000	0.0000	0.0000	0.0000	0.0000	0.0000
COG3113	0.0000	0.0026	0.0038	0.0012	0.0015	0.0015	0.0018	0.0015	0.0017	0.0013	0.0011
COG3114	0.0000	0.0010	0.0006	0.0008	0.0011	0.0008	0.0010	0.0008	0.0007	0.0009	0.0006
COG3115	0.0000	0.0045	0.0057	0.0010	0.0015	0.0016	0.0019	0.0030	0.0042	0.0039	0.0050
COG3116	0.0000	0.0016	0.0017	0.0009	0.0016	0.0017	0.0019	0.0023	0.0025	0.0034	0.0032
COG3117	0.0000	0.0029	0.0032	0.0010	0.0015	0.0019	0.0023	0.0039	0.0042	0.0051	0.0042
COG3118	0.0000	0.0185	0.0068	0.0004	0.0002	0.0101	0.0036	0.0400	0.0176	0.0834	0.0365
COG3119	0.0000	0.2052	0.0575	0.0138	0.0046	0.0336	0.0145	0.0687	0.0257	0.0744	0.0295
COG3120	0.0000	0.0000	0.0000	0.0001	0.0001	0.0000	0.0000	0.0000	0.0000	0.0000	0.0000
COG3121	0.0000	0.0014	0.0007	0.0002	0.0001	0.0006	0.0003	0.0010	0.0003	0.0015	0.0003
COG3122	0.0000	0.0018	0.0010	0.0010	0.0011	0.0016	0.0009	0.0020	0.0009	0.0018	0.0009
COG3123	0.0000	0.0024	0.0009	0.0004	0.0002	0.0016	0.0006	0.0031	0.0006	0.0027	0.0007
COG3124	0.0000	0.0047	0.0027	0.0007	0.0004	0.0024	0.0019	0.0023	0.0019	0.0021	0.0015
COG3125	0.0000	0.0007	0.0006	0.0006	0.0007	0.0009	0.0010	0.0020	0.0019	0.0026	0.0022
COG3126	0.0000	0.0025	0.0012	0.0006	0.0004	0.0007	0.0006	0.0011	0.0009	0.0012	0.0008
COG3127	0.0150	0.0495	0.0264	0.4601	0.1760	0.2222	0.1173	0.0018	0.0011	0.0048	0.0028
COG3128	0.0000	0.0013	0.0005	0.0004	0.0003	0.0008	0.0004	0.0009	0.0005	0.0013	0.0006
COG3129	0.0000	0.0003	0.0002	0.0001	0.0001	0.0002	0.0002	0.0004	0.0002	0.0007	0.0003
COG3130	0.0000	0.0001	0.0000	0.0001	0.0000	0.0001	0.0000	0.0001	0.0001	0.0001	0.0001
COG3131	0.0000	0.0012	0.0003	0.0004	0.0001	0.0005	0.0002	0.0009	0.0002	0.0007	0.0002
COG3132	0.0000	0.0012	0.0005	0.0002	0.0001	0.0007	0.0005	0.0006	0.0003	0.0007	0.0003
COG3133	0.0000	0.0012	0.0020	0.0008	0.0010	0.0016	0.0013	0.0019	0.0018	0.0028	0.0019
COG3134	0.0000	0.0019	0.0024	0.0014	0.0016	0.0019	0.0025	0.0020	0.0019	0.0017	0.0014
COG3135	0.0000	0.0038	0.0019	0.0005	0.0005	0.0006	0.0006	0.0012	0.0012	0.0010	0.0010
COG3136	0.0000	0.0076	0.0034	0.0030	0.0016	0.0043	0.0021	0.0045	0.0025	0.0042	0.0026
COG3137	0.0000	0.0019	0.0009	0.0007	0.0004	0.0013	0.0004	0.0030	0.0011	0.0036	0.0011
COG3138	0.0000	0.0002	0.0001	0.0002	0.0001	0.0003	0.0001	0.0006	0.0002	0.0010	0.0004
COG3139	0.0000	0.0001	0.0000	0.0001	0.0001	0.0001	0.0001	0.0001	0.0001	0.0001	0.0001
COG3140	0.0000	0.0000	0.0000	0.0000	0.0000	0.0000	0.0000	0.0000	0.0000	0.0000	0.0000
COG3141	0.0000	0.0007	0.0009	0.0005	0.0008	0.0004	0.0006	0.0003	0.0006	0.0003	0.0005
COG3142	0.0000	0.0003	0.0002	0.0002	0.0001	0.0007	0.0004	0.0008	0.0004	0.0014	0.0005
COG3143	0.0000	0.0027	0.0018	0.0003	0.0002	0.0009	0.0004	0.0012	0.0005	0.0010	0.0005
COG3144	0.0000	0.0014	0.0016	0.0006	0.0007	0.0015	0.0017	0.0015	0.0015	0.0025	0.0017
COG3145	0.0000	0.0012	0.0006	0.0003	0.0002	0.0009	0.0004	0.0015	0.0005	0.0027	0.0010
COG3146	0.0000	0.0080	0.0028	0.0019	0.0006	0.0031	0.0011	0.0039	0.0017	0.0028	0.0011
COG3147	0.0000	0.0010	0.0006	0.0005	0.0005	0.0010	0.0007	0.0014	0.0008	0.0015	0.0007
COG3148	0.0000	0.0008	0.0003	0.0002	0.0001	0.0004	0.0002	0.0007	0.0003	0.0013	0.0006
COG3149	0.0000	0.0011	0.0006	0.0005	0.0003	0.0012	0.0008	0.0014	0.0006	0.0017	0.0006
COG3150	0.0000	0.0012	0.0010	0.0007	0.0006	0.0012	0.0011	0.0023	0.0019	0.0032	0.0022
COG3151	0.0000	0.0043	0.0044	0.0030	0.0028	0.0029	0.0032	0.0032	0.0028	0.0036	0.0024
COG3152	0.0000	0.0009	0.0003	0.0003	0.0001	0.0010	0.0003	0.0024	0.0008	0.0039	0.0012
COG3153	0.0000	0.0495	0.0125	0.0028	0.0006	0.0051	0.0014	0.0077	0.0024	0.0158	0.0029
COG3154	0.0000	0.0052	0.0079	0.0023	0.0040	0.0024	0.0040	0.0034	0.0042	0.0036	0.0034
COG3155	0.0000	0.0008	0.0002	0.0004	0.0002	0.0006	0.0001	0.0008	0.0003	0.0015	0.0003
COG3156	0.0000	0.0015	0.0010	0.0002	0.0001	0.0008	0.0005	0.0013	0.0008	0.0015	0.0009
COG3157	0.0000	0.0075	0.0031	0.0010	0.0003	0.0029	0.0010	0.0040	0.0010	0.0051	0.0018
COG3158	0.0000	0.0053	0.0017	0.0005	0.0002	0.0017	0.0006	0.0019	0.0005	0.0031	0.0007
COG3159	0.0000	0.0020	0.0015	0.0017	0.0024	0.0016	0.0017	0.0018	0.0014	0.0017	0.0012
COG3160	0.0000	0.0002	0.0001	0.0002	0.0001	0.0003	0.0002	0.0003	0.0002	0.0004	0.0003
COG3161	0.0000	0.1659	0.0905	0.0246	0.0221	0.0589	0.0523	0.0719	0.0483	0.0779	0.0392
COG3162	0.0000	0.0005	0.0003	0.0001	0.0001	0.0006	0.0002	0.0004	0.0002	0.0005	0.0002
COG3164	0.0000	0.0016	0.0019	0.0019	0.0009	0.0016	0.0013	0.0031	0.0024	0.0030	0.0025
COG3165	0.0000	0.0002	0.0001	0.0002	0.0001	0.0002	0.0001	0.0003	0.0002	0.0004	0.0003
COG3166	0.0000	0.0017	0.0006	0.0003	0.0001	0.0007	0.0003	0.0010	0.0003	0.0009	0.0003
COG3167	0.0000	0.0041	0.0018	0.0003	0.0001	0.0014	0.0009	0.0023	0.0013	0.0022	0.0012
COG3168	0.0000	0.0012	0.0005	0.0002	0.0001	0.0006	0.0002	0.0008	0.0003	0.0010	0.0003
COG3169	0.0000	0.0005	0.0001	0.0003	0.0001	0.0007	0.0003	0.0005	0.0001	0.0005	0.0002
COG3170	0.0000	0.0049	0.0014	0.0003	0.0001	0.0011	0.0004	0.0024	0.0009	0.0037	0.0012
COG3171	0.0000	0.0026	0.0010	0.0009	0.0004	0.0011	0.0006	0.0010	0.0006	0.0010	0.0005
COG3172	0.0000	0.0026	0.0021	0.0008	0.0008	0.0018	0.0015	0.0044	0.0031	0.0051	0.0030
COG3173	0.0000	0.0204	0.0086	0.0016	0.0007	0.0068	0.0028	0.0092	0.0034	0.0143	0.0054
COG3174	0.0000	0.2726	0.0601	0.0217	0.0132	0.0615	0.0348	0.0611	0.0260	0.0958	0.0220
COG3175	0.0000	0.0018	0.0037	0.0016	0.0034	0.0024	0.0036	0.0026	0.0039	0.0028	0.0038
COG3176	0.0000	0.0012	0.0008	0.0008	0.0006	0.0024	0.0015	0.0046	0.0028	0.0061	0.0023
COG3177	0.0000	0.1497	0.0387	0.0149	0.0101	0.0261	0.0138	0.0485	0.0180	0.0571	0.0233
COG3178	0.0000	0.0018	0.0005	0.0003	0.0001	0.0017	0.0003	0.0025	0.0005	0.0032	0.0006
COG3179	0.0000	0.0015	0.0006	0.0003	0.0002	0.0008	0.0004	0.0013	0.0005	0.0013	0.0004
COG3180	0.0000	0.0010	0.0006	0.0003	0.0002	0.0006	0.0002	0.0012	0.0005	0.0015	0.0006
COG3181	0.0000	0.0049	0.0012	0.0009	0.0002	0.0035	0.0012	0.0046	0.0015	0.0041	0.0011
COG3182	0.0000	0.0018	0.0007	0.0004	0.0002	0.0010	0.0004	0.0014	0.0005	0.0018	0.0007
COG3183	0.0000	0.0302	0.0067	0.0031	0.0014	0.0081	0.0034	0.0088	0.0022	0.0112	0.0017
COG3184	0.0000	0.0017	0.0007	0.0008	0.0004	0.0010	0.0005	0.0013	0.0006	0.0018	0.0007
COG3185	0.0000	0.0142	0.0062	0.0012	0.0006	0.0026	0.0012	0.0030	0.0010	0.0079	0.0021
COG3186	0.0000	0.0002	0.0001	0.0001	0.0001	0.0002	0.0001	0.0003	0.0001	0.0007	0.0002
COG3187	0.0000	0.0056	0.0022	0.0011	0.0005	0.0029	0.0010	0.0041	0.0016	0.0091	0.0026
COG3188	0.0000	0.0007	0.0003	0.0001	0.0000	0.0004	0.0001	0.0005	0.0001	0.0009	0.0002
COG3189	0.0050	0.1984	0.0496	0.9101	0.0435	0.0154	0.0054	0.0169	0.0073	0.0374	0.0157
COG3190	0.0000	0.0014	0.0008	0.0003	0.0002	0.0006	0.0004	0.0015	0.0012	0.0019	0.0012
COG3191	0.0000	0.0463	0.0274	0.0035	0.0029	0.0091	0.0050	0.0150	0.0081	0.0189	0.0091
COG3192	0.0000	0.0005	0.0003	0.0001	0.0001	0.0003	0.0002	0.0007	0.0003	0.0014	0.0005
COG3193	0.0000	0.0151	0.0056	0.0026	0.0013	0.0084	0.0045	0.0106	0.0030	0.0116	0.0030
COG3194	0.0000	0.0024	0.0008	0.0002	0.0002	0.0008	0.0004	0.0012	0.0005	0.0013	0.0004
COG3195	0.0000	0.0004	0.0003	0.0002	0.0002	0.0002	0.0001	0.0003	0.0002	0.0005	0.0003
COG3196	0.0000	0.0016	0.0008	0.0004	0.0002	0.0008	0.0003	0.0009	0.0004	0.0013	0.0005
COG3197	0.0000	0.0017	0.0011	0.0001	0.0001	0.0003	0.0002	0.0005	0.0003	0.0008	0.0005
COG3198	0.0000	0.0009	0.0004	0.0003	0.0003	0.0007	0.0004	0.0008	0.0005	0.0012	0.0006
COG3199	0.2900	0.9709	0.0169	0.9952	0.0026	0.9760	0.0160	0.8725	0.0812	0.8317	0.0749
COG3200	0.0000	0.0008	0.0007	0.0011	0.0008	0.0013	0.0012	0.0018	0.0013	0.0025	0.0013
COG3201	0.0000	0.0009	0.0003	0.0005	0.0002	0.0011	0.0004	0.0037	0.0011	0.0093	0.0023
COG3202	0.0000	0.0001	0.0001	0.0001	0.0001	0.0003	0.0001	0.0003	0.0001	0.0003	0.0001
COG3203	0.0000	0.0060	0.0029	0.0020	0.0009	0.0027	0.0008	0.0031	0.0006	0.0044	0.0010
COG3204	0.0000	0.0030	0.0007	0.0008	0.0002	0.0012	0.0002	0.0026	0.0006	0.0029	0.0009
COG3205	0.0000	0.0215	0.0062	0.0029	0.0020	0.0074	0.0061	0.0158	0.0069	0.0269	0.0081
COG3206	0.0000	0.0168	0.0049	0.0009	0.0003	0.0046	0.0014	0.0106	0.0040	0.0184	0.0033
COG3207	0.0000	0.0006	0.0003	0.0005	0.0003	0.0007	0.0005	0.0009	0.0006	0.0012	0.0007
COG3208	0.0000	0.0017	0.0008	0.0002	0.0001	0.0003	0.0002	0.0004	0.0002	0.0005	0.0003
COG3209	0.0000	0.0675	0.0156	0.0049	0.0016	0.0137	0.0051	0.0284	0.0065	0.0435	0.0082
COG3210	0.0000	0.0592	0.0195	0.0063	0.0016	0.0174	0.0036	0.0437	0.0077	0.0544	0.0069
COG3211	0.0000	0.0022	0.0013	0.0003	0.0001	0.0013	0.0005	0.0015	0.0005	0.0017	0.0006
COG3212	0.0000	0.0157	0.0084	0.0015	0.0017	0.0064	0.0035	0.0086	0.0048	0.0142	0.0052
COG3213	0.0000	0.0004	0.0002	0.0001	0.0001	0.0004	0.0002	0.0006	0.0003	0.0010	0.0005
COG3214	0.0000	0.0108	0.0036	0.0012	0.0004	0.0031	0.0015	0.0091	0.0034	0.0093	0.0041
COG3215	0.0000	0.0019	0.0019	0.0005	0.0007	0.0012	0.0016	0.0021	0.0025	0.0028	0.0026
COG3216	0.0000	0.0017	0.0012	0.0009	0.0007	0.0012	0.0008	0.0024	0.0015	0.0032	0.0019
COG3217	0.0000	0.0049	0.0021	0.0009	0.0004	0.0020	0.0015	0.0034	0.0032	0.0042	0.0037
COG3218	0.0000	0.0050	0.0030	0.0017	0.0012	0.0022	0.0020	0.0031	0.0032	0.0026	0.0018
COG3219	0.0000	0.0002	0.0001	0.0000	0.0000	0.0001	0.0000	0.0001	0.0001	0.0002	0.0001
COG3220	0.0000	0.0010	0.0003	0.0002	0.0001	0.0005	0.0002	0.0005	0.0002	0.0009	0.0003
COG3221	0.0000	0.0146	0.0059	0.0009	0.0004	0.0028	0.0013	0.0065	0.0026	0.0064	0.0027
COG3222	0.0000	0.0122	0.0063	0.0015	0.0008	0.0040	0.0018	0.0050	0.0022	0.0040	0.0017
COG3223	0.0000	0.0006	0.0004	0.0008	0.0004	0.0012	0.0006	0.0018	0.0008	0.0021	0.0010
COG3224	0.0000	0.0073	0.0044	0.0012	0.0007	0.0022	0.0012	0.0026	0.0015	0.0028	0.0020
COG3225	0.0000	0.0089	0.0083	0.0013	0.0018	0.0028	0.0015	0.0049	0.0020	0.0047	0.0028
COG3226	0.0000	0.0020	0.0010	0.0006	0.0004	0.0006	0.0003	0.0007	0.0004	0.0005	0.0003
COG3227	0.0000	0.0151	0.0043	0.0016	0.0005	0.0054	0.0019	0.0089	0.0039	0.0112	0.0029
COG3228	0.0000	0.0020	0.0005	0.0003	0.0001	0.0008	0.0003	0.0006	0.0003	0.0008	0.0005
COG3230	0.0000	0.0008	0.0005	0.0003	0.0002	0.0005	0.0003	0.0004	0.0002	0.0004	0.0002
COG3231	0.0000	0.0015	0.0004	0.0003	0.0001	0.0007	0.0002	0.0013	0.0004	0.0018	0.0004
COG3232	0.0000	0.0011	0.0006	0.0002	0.0003	0.0005	0.0003	0.0007	0.0004	0.0007	0.0005
COG3233	0.0000	0.0410	0.0162	0.0059	0.0023	0.0412	0.0167	0.0333	0.0098	0.0388	0.0139
COG3234	0.0000	0.0005	0.0002	0.0002	0.0001	0.0003	0.0002	0.0004	0.0002	0.0003	0.0001
COG3235	0.0000	0.0003	0.0002	0.0002	0.0001	0.0005	0.0003	0.0004	0.0002	0.0010	0.0006
COG3236	0.0000	0.0003	0.0001	0.0003	0.0001	0.0004	0.0001	0.0007	0.0002	0.0011	0.0002
COG3237	0.0000	0.0020	0.0006	0.0002	0.0001	0.0008	0.0003	0.0008	0.0003	0.0009	0.0003
COG3238	0.0000	0.0015	0.0010	0.0002	0.0001	0.0004	0.0002	0.0007	0.0004	0.0005	0.0002
COG3239	0.0000	0.0005	0.0005	0.0001	0.0001	0.0006	0.0003	0.0012	0.0006	0.0027	0.0013
COG3240	0.0000	0.0006	0.0002	0.0001	0.0000	0.0003	0.0001	0.0006	0.0002	0.0008	0.0002
COG3241	0.0000	0.0002	0.0003	0.0001	0.0001	0.0002	0.0002	0.0004	0.0004	0.0006	0.0004
COG3242	0.0000	0.0030	0.0042	0.0019	0.0045	0.0024	0.0047	0.0026	0.0038	0.0029	0.0035
COG3243	0.0000	0.0255	0.0261	0.0027	0.0031	0.0074	0.0052	0.0111	0.0077	0.0169	0.0112
COG3245	0.0000	0.0012	0.0007	0.0003	0.0002	0.0006	0.0003	0.0011	0.0004	0.0009	0.0003
COG3246	0.0000	0.0269	0.0121	0.0015	0.0006	0.0045	0.0017	0.0060	0.0020	0.0088	0.0028
COG3247	0.0000	0.0205	0.0092	0.0021	0.0012	0.0145	0.0060	0.0212	0.0079	0.0268	0.0088
COG3248	0.0000	0.0008	0.0004	0.0002	0.0001	0.0004	0.0003	0.0005	0.0003	0.0005	0.0003
COG3249	0.0000	0.0002	0.0001	0.0002	0.0001	0.0003	0.0002	0.0006	0.0003	0.0011	0.0006
COG3250	0.0000	0.0190	0.0047	0.0030	0.0011	0.0118	0.0035	0.0386	0.0150	0.0539	0.0204
COG3251	0.0000	0.0036	0.0013	0.0005	0.0003	0.0012	0.0008	0.0010	0.0006	0.0008	0.0004
COG3252	0.0050	0.9815	0.0174	0.9979	0.0022	0.5717	0.1213	0.2240	0.1377	0.3393	0.1559
COG3253	0.0000	0.0009	0.0009	0.0002	0.0001	0.0008	0.0006	0.0012	0.0009	0.0019	0.0014
COG3254	0.0000	0.0030	0.0012	0.0005	0.0003	0.0009	0.0004	0.0021	0.0009	0.0025	0.0012
COG3255	0.0000	0.0786	0.0337	0.0145	0.0060	0.0336	0.0139	0.0390	0.0202	0.0871	0.0393
COG3256	0.0000	0.0190	0.0037	0.0022	0.0009	0.0036	0.0015	0.0047	0.0014	0.0052	0.0018
COG3257	0.0000	0.0017	0.0009	0.0002	0.0002	0.0005	0.0002	0.0011	0.0004	0.0013	0.0006
COG3258	0.0000	0.0010	0.0006	0.0002	0.0001	0.0004	0.0002	0.0004	0.0002	0.0005	0.0002
COG3259	0.0000	0.0947	0.0328	0.0217	0.0168	0.1228	0.0500	0.1806	0.0722	0.2069	0.0735
COG3260	0.3000	0.9692	0.0099	0.9986	0.0011	0.9980	0.0007	0.9912	0.0030	0.9487	0.0206
COG3261	0.0450	0.9411	0.0266	0.9989	0.0014	0.9978	0.0008	0.9921	0.0029	0.7722	0.0507
COG3262	0.0000	0.1950	0.0975	0.0466	0.0217	0.1838	0.0611	0.2535	0.0751	0.2680	0.0736
COG3263	0.0150	0.1619	0.0350	0.9579	0.0121	0.9338	0.0214	0.0850	0.0329	0.0970	0.0326
COG3264	0.0000	0.0658	0.0294	0.0059	0.0027	0.0195	0.0070	0.0537	0.0143	0.1148	0.0338
COG3265	0.0000	0.0008	0.0002	0.0002	0.0001	0.0004	0.0002	0.0011	0.0004	0.0021	0.0006
COG3266	0.0000	0.0134	0.0055	0.0011	0.0007	0.0061	0.0031	0.0087	0.0033	0.0171	0.0054
COG3267	0.0000	0.0080	0.0042	0.0013	0.0006	0.0061	0.0024	0.0131	0.0055	0.0167	0.0057
COG3268	0.0000	0.0020	0.0019	0.0007	0.0007	0.0018	0.0024	0.0022	0.0031	0.0029	0.0035
COG3269	0.3000	0.9782	0.0159	0.9989	0.0016	0.9946	0.0065	0.9868	0.0134	0.9640	0.0277
COG3270	0.0000	0.1149	0.1399	0.0157	0.0255	0.0569	0.0765	0.0750	0.0944	0.1018	0.0897
COG3271	0.0000	0.0153	0.0032	0.0014	0.0006	0.0057	0.0031	0.0155	0.0056	0.0306	0.0063
COG3272	0.0000	0.0010	0.0006	0.0003	0.0002	0.0009	0.0004	0.0016	0.0008	0.0019	0.0008
COG3273	0.0000	0.8338	0.0752	0.1644	0.0978	0.4176	0.1826	0.5738	0.1591	0.7206	0.1240
COG3274	0.0000	0.0059	0.0023	0.0008	0.0004	0.0068	0.0042	0.0058	0.0032	0.0085	0.0050
COG3275	0.0000	0.0042	0.0011	0.0004	0.0001	0.0013	0.0005	0.0016	0.0005	0.0024	0.0007
COG3276	0.0000	0.9925	0.0047	0.8235	0.1208	0.9515	0.0324	0.9660	0.0193	0.9744	0.0131
COG3277	0.0800	0.9686	0.0116	0.9992	0.0009	0.9969	0.0031	0.9914	0.0075	0.4363	0.1324
COG3278	0.0000	0.0038	0.0030	0.0004	0.0002	0.0006	0.0004	0.0014	0.0009	0.0022	0.0008
COG3279	0.0000	0.0047	0.0016	0.0005	0.0002	0.0018	0.0008	0.0039	0.0018	0.0069	0.0026
COG3280	0.0000	0.0056	0.0025	0.0009	0.0004	0.0021	0.0008	0.0036	0.0012	0.0040	0.0016
COG3281	0.0000	0.0143	0.0053	0.0051	0.0038	0.0053	0.0028	0.0062	0.0028	0.0064	0.0027
COG3283	0.0000	0.0014	0.0005	0.0009	0.0004	0.0011	0.0005	0.0010	0.0008	0.0012	0.0011
COG3284	0.0000	0.0076	0.0023	0.0009	0.0004	0.0024	0.0012	0.0027	0.0015	0.0032	0.0013
COG3285	0.0000	0.0129	0.0042	0.0026	0.0012	0.0043	0.0015	0.0069	0.0019	0.0111	0.0034
COG3286	0.0000	0.1059	0.0834	0.1437	0.0590	0.1125	0.0703	0.0695	0.0478	0.0496	0.0402
COG3287	0.0000	0.0552	0.0249	0.0039	0.0023	0.0172	0.0081	0.0568	0.0264	0.0722	0.0242
COG3288	0.0000	0.0062	0.0042	0.0021	0.0011	0.0045	0.0020	0.0063	0.0027	0.0080	0.0026
COG3290	0.0000	0.0069	0.0025	0.0004	0.0002	0.0012	0.0006	0.0025	0.0013	0.0035	0.0015
COG3291	0.0000	0.4550	0.0729	0.0303	0.0096	0.2099	0.0699	0.2854	0.0664	0.3238	0.0655
COG3292	0.0000	0.0091	0.0022	0.0023	0.0008	0.0037	0.0013	0.0047	0.0017	0.0097	0.0032
COG3293	0.0000	0.0155	0.0038	0.0008	0.0002	0.0035	0.0008	0.0075	0.0022	0.0122	0.0031
COG3294	0.0000	0.3335	0.1299	0.0296	0.0257	0.1066	0.0714	0.1855	0.0831	0.1063	0.0624
COG3295	0.0000	0.0005	0.0003	0.0001	0.0000	0.0002	0.0001	0.0003	0.0002	0.0003	0.0002
COG3296	0.0000	0.0096	0.0056	0.0013	0.0005	0.0038	0.0022	0.0110	0.0044	0.0158	0.0045
COG3297	0.0000	0.0019	0.0027	0.0015	0.0026	0.0018	0.0024	0.0016	0.0023	0.0016	0.0017
COG3298	0.0000	0.0042	0.0021	0.0009	0.0007	0.0034	0.0019	0.0040	0.0022	0.0054	0.0026
COG3299	0.0000	0.0223	0.0085	0.0009	0.0005	0.0040	0.0017	0.0099	0.0029	0.0152	0.0028
COG3300	0.0000	0.0035	0.0018	0.0009	0.0005	0.0016	0.0007	0.0023	0.0008	0.0021	0.0006
COG3301	0.0000	0.0229	0.0121	0.0025	0.0013	0.0118	0.0059	0.0166	0.0045	0.0290	0.0063
COG3302	0.0000	0.0093	0.0057	0.0023	0.0030	0.0087	0.0095	0.0102	0.0106	0.0117	0.0127
COG3303	0.0000	0.0075	0.0026	0.0005	0.0002	0.0018	0.0007	0.0030	0.0011	0.0039	0.0014
COG3304	0.0000	0.0025	0.0016	0.0003	0.0001	0.0010	0.0006	0.0016	0.0008	0.0022	0.0011
COG3305	0.0000	0.0004	0.0001	0.0001	0.0000	0.0002	0.0001	0.0004	0.0002	0.0006	0.0002
COG3306	0.0000	0.0006	0.0001	0.0004	0.0001	0.0009	0.0003	0.0011	0.0003	0.0015	0.0004
COG3307	0.0000	0.0074	0.0039	0.0003	0.0002	0.0039	0.0023	0.0061	0.0028	0.0056	0.0024
COG3308	0.0000	0.0001	0.0001	0.0002	0.0001	0.0004	0.0003	0.0005	0.0003	0.0008	0.0005
COG3309	0.0000	0.0004	0.0002	0.0002	0.0001	0.0004	0.0002	0.0005	0.0003	0.0007	0.0003
COG3310	0.0000	0.0007	0.0006	0.0003	0.0003	0.0006	0.0004	0.0006	0.0003	0.0011	0.0005
COG3311	0.0000	0.0119	0.0033	0.0004	0.0003	0.0014	0.0006	0.0024	0.0012	0.0040	0.0014
COG3312	0.0000	0.0003	0.0001	0.0002	0.0001	0.0003	0.0002	0.0003	0.0002	0.0004	0.0003
COG3313	0.0000	0.0026	0.0033	0.0013	0.0013	0.0028	0.0033	0.0029	0.0030	0.0038	0.0027
COG3314	0.0000	0.0017	0.0010	0.0004	0.0003	0.0010	0.0006	0.0018	0.0010	0.0035	0.0019
COG3315	0.0000	0.0432	0.0176	0.0048	0.0018	0.0051	0.0019	0.0096	0.0040	0.0142	0.0055
COG3316	0.0000	0.1022	0.0366	0.0045	0.0015	0.0181	0.0079	0.0385	0.0168	0.0386	0.0149
COG3317	0.0000	0.0021	0.0005	0.0007	0.0005	0.0024	0.0008	0.0061	0.0019	0.0105	0.0028
COG3318	0.0000	0.0011	0.0011	0.0006	0.0008	0.0010	0.0007	0.0016	0.0005	0.0012	0.0004
COG3319	0.0000	0.0004	0.0002	0.0001	0.0001	0.0001	0.0001	0.0003	0.0001	0.0005	0.0002
COG3320	0.0000	0.0010	0.0007	0.0002	0.0002	0.0004	0.0003	0.0005	0.0003	0.0009	0.0006
COG3321	0.0000	0.0023	0.0010	0.0002	0.0001	0.0006	0.0002	0.0008	0.0002	0.0010	0.0003
COG3322	0.0000	0.1026	0.0290	0.0097	0.0049	0.0205	0.0077	0.0288	0.0099	0.0187	0.0041
COG3323	0.0000	0.0002	0.0000	0.0000	0.0000	0.0002	0.0001	0.0005	0.0003	0.0009	0.0004
COG3324	0.0000	0.0504	0.0403	0.0031	0.0019	0.0100	0.0072	0.0138	0.0079	0.0225	0.0113
COG3325	0.0000	0.0064	0.0019	0.0004	0.0002	0.0018	0.0003	0.0054	0.0012	0.0071	0.0018
COG3326	0.0000	0.0347	0.0115	0.0034	0.0014	0.0159	0.0038	0.0332	0.0075	0.0336	0.0092
COG3327	0.0000	0.0054	0.0036	0.0009	0.0006	0.0021	0.0012	0.0045	0.0027	0.0066	0.0041
COG3328	0.0000	0.0363	0.0080	0.0016	0.0005	0.0049	0.0012	0.0109	0.0024	0.0177	0.0048
COG3329	0.0000	0.0004	0.0003	0.0002	0.0001	0.0004	0.0003	0.0006	0.0004	0.0007	0.0002
COG3330	0.0000	0.0009	0.0005	0.0003	0.0002	0.0010	0.0008	0.0016	0.0010	0.0023	0.0013
COG3331	0.0000	0.0033	0.0016	0.0014	0.0008	0.0032	0.0015	0.0068	0.0026	0.0073	0.0026
COG3332	0.0000	0.0049	0.0020	0.0004	0.0002	0.0012	0.0009	0.0024	0.0015	0.0028	0.0018
COG3333	0.0000	0.0044	0.0013	0.0011	0.0005	0.0033	0.0015	0.0033	0.0008	0.0029	0.0006
COG3334	0.0000	0.0009	0.0003	0.0006	0.0003	0.0016	0.0008	0.0019	0.0009	0.0025	0.0011
COG3335	0.0000	0.1000	0.0379	0.0025	0.0014	0.0093	0.0060	0.0146	0.0062	0.0256	0.0080
COG3336	0.0000	0.0003	0.0003	0.0001	0.0001	0.0002	0.0002	0.0005	0.0005	0.0008	0.0007
COG3337	0.0000	0.1213	0.0494	0.0093	0.0114	0.0084	0.0042	0.0048	0.0026	0.0067	0.0027
COG3338	0.0000	0.0017	0.0011	0.0002	0.0001	0.0004	0.0003	0.0008	0.0005	0.0008	0.0005
COG3339	0.0000	0.0450	0.0104	0.0013	0.0009	0.0059	0.0030	0.0069	0.0028	0.0108	0.0032
COG3340	0.0000	0.0079	0.0032	0.0033	0.0028	0.0080	0.0033	0.0076	0.0031	0.0134	0.0044
COG3341	0.0000	0.0006	0.0004	0.0002	0.0001	0.0004	0.0003	0.0008	0.0005	0.0010	0.0005
COG3342	0.0000	0.0554	0.0218	0.0059	0.0023	0.0126	0.0049	0.0150	0.0050	0.0167	0.0063
COG3343	0.0000	0.0013	0.0009	0.0003	0.0002	0.0014	0.0009	0.0041	0.0023	0.0055	0.0026
COG3344	0.0000	0.0328	0.0221	0.0011	0.0008	0.0038	0.0027	0.0109	0.0074	0.0185	0.0092
COG3345	0.0000	0.0024	0.0010	0.0002	0.0001	0.0010	0.0005	0.0026	0.0013	0.0046	0.0020
COG3346	0.0000	0.0003	0.0003	0.0011	0.0008	0.0019	0.0010	0.0029	0.0011	0.0041	0.0015
COG3347	0.0000	0.0005	0.0002	0.0001	0.0000	0.0003	0.0001	0.0005	0.0002	0.0005	0.0002
COG3349	0.0000	0.0005	0.0003	0.0002	0.0002	0.0003	0.0002	0.0005	0.0003	0.0007	0.0004
COG3350	0.0000	0.4133	0.0572	0.0456	0.0417	0.0796	0.0336	0.0798	0.0247	0.0761	0.0165
COG3351	0.0150	0.7208	0.1575	0.9602	0.0352	0.9164	0.0537	0.2852	0.0801	0.1066	0.0614
COG3352	0.0000	0.0405	0.0351	0.0636	0.0410	0.0468	0.0314	0.0272	0.0199	0.0152	0.0174
COG3353	0.0700	0.9285	0.0430	0.9920	0.0091	0.9839	0.0168	0.9421	0.0517	0.1891	0.0756
COG3354	0.0150	0.9785	0.0184	0.9978	0.0025	0.9954	0.0039	0.7675	0.0603	0.3297	0.1373
COG3355	0.0000	0.4611	0.0841	0.0280	0.0088	0.0590	0.0253	0.0730	0.0213	0.0713	0.0324
COG3356	0.0050	0.6713	0.1309	0.9907	0.0074	0.1644	0.0702	0.2873	0.0889	0.2503	0.0602
COG3357	0.0000	0.3210	0.1514	0.0253	0.0160	0.0562	0.0359	0.0568	0.0277	0.0565	0.0327
COG3358	0.0000	0.0136	0.0077	0.0020	0.0013	0.0031	0.0018	0.0070	0.0039	0.0059	0.0025
COG3359	0.0000	0.1183	0.0350	0.0042	0.0025	0.0272	0.0160	0.0345	0.0118	0.0557	0.0172
COG3360	0.0000	0.0841	0.0292	0.0053	0.0025	0.0173	0.0077	0.0300	0.0132	0.0285	0.0096
COG3361	0.0000	0.0046	0.0020	0.0006	0.0004	0.0017	0.0012	0.0025	0.0018	0.0032	0.0021
COG3363	0.0000	0.0466	0.0189	0.0050	0.0019	0.0220	0.0121	0.0438	0.0185	0.0665	0.0356
COG3364	0.0000	0.1409	0.1081	0.0303	0.0440	0.0755	0.0969	0.1076	0.1039	0.2290	0.1080
COG3365	0.0050	0.6669	0.1971	0.9767	0.0283	0.0979	0.1110	0.1510	0.1198	0.3368	0.1444
COG3366	0.0000	0.4050	0.0860	0.0680	0.0466	0.1711	0.0917	0.2615	0.0926	0.2303	0.0953
COG3367	0.0050	0.3761	0.1434	0.8720	0.0579	0.0251	0.0105	0.0414	0.0266	0.0344	0.0207
COG3368	0.0000	0.1105	0.0499	0.0516	0.0159	0.0597	0.0203	0.0485	0.0179	0.0345	0.0142
COG3369	0.0000	0.0478	0.0138	0.0052	0.0027	0.0137	0.0084	0.0257	0.0076	0.0345	0.0094
COG3370	0.0000	0.0571	0.0140	0.0026	0.0007	0.0042	0.0017	0.0094	0.0028	0.0155	0.0040
COG3371	0.0450	0.8252	0.0713	0.9927	0.0034	0.9595	0.0164	0.8529	0.0509	0.0884	0.0283
COG3372	0.0000	0.2177	0.0701	0.0071	0.0041	0.0325	0.0211	0.0473	0.0230	0.0500	0.0217
COG3373	0.0000	0.1775	0.0798	0.1573	0.0633	0.2510	0.1084	0.2037	0.0827	0.1186	0.0483
COG3374	0.0000	0.0031	0.0023	0.0010	0.0005	0.0017	0.0013	0.0033	0.0021	0.0038	0.0027
COG3375	0.0000	0.0376	0.0210	0.0104	0.0039	0.0137	0.0062	0.0181	0.0067	0.0158	0.0064
COG3376	0.0000	0.0070	0.0044	0.0048	0.0036	0.0069	0.0032	0.0095	0.0038	0.0075	0.0032
COG3377	0.0000	0.1407	0.0704	0.0235	0.0095	0.0496	0.0202	0.0959	0.0432	0.1440	0.0783
COG3378	0.0000	0.0428	0.0087	0.0025	0.0007	0.0064	0.0015	0.0125	0.0028	0.0205	0.0048
COG3379	0.0100	0.8481	0.0364	0.9926	0.0042	0.0676	0.0285	0.0620	0.0150	0.0868	0.0188
COG3380	0.0000	0.0022	0.0018	0.0008	0.0009	0.0012	0.0013	0.0012	0.0012	0.0018	0.0019
COG3381	0.0000	0.0185	0.0058	0.0030	0.0020	0.0189	0.0077	0.0251	0.0067	0.0331	0.0078
COG3382	0.0050	0.6869	0.1231	0.9916	0.0120	0.1134	0.0607	0.1052	0.0337	0.1557	0.0440
COG3383	0.0000	0.2150	0.0662	0.0513	0.0294	0.1029	0.0334	0.1094	0.0382	0.1601	0.0511
COG3384	0.0000	0.0246	0.0145	0.0039	0.0019	0.0048	0.0017	0.0072	0.0037	0.0077	0.0044
COG3385	0.0000	0.0962	0.0269	0.0018	0.0005	0.0057	0.0026	0.0129	0.0045	0.0171	0.0047
COG3386	0.0000	0.0225	0.0059	0.0041	0.0017	0.0082	0.0027	0.0144	0.0039	0.0142	0.0041
COG3387	0.0000	0.0596	0.0197	0.0026	0.0010	0.0202	0.0066	0.0507	0.0169	0.0757	0.0293
COG3388	0.0000	0.1768	0.1089	0.0227	0.0187	0.0369	0.0171	0.0699	0.0273	0.0916	0.0501
COG3389	0.0150	0.8207	0.1981	0.9985	0.0022	0.9941	0.0089	0.2748	0.0836	0.3928	0.1073
COG3390	0.0000	0.5482	0.1328	0.0792	0.0578	0.1759	0.0989	0.3298	0.1133	0.4992	0.1324
COG3391	0.0000	0.0379	0.0117	0.0033	0.0013	0.0082	0.0028	0.0144	0.0042	0.0229	0.0037
COG3392	0.0000	0.0099	0.0022	0.0016	0.0005	0.0047	0.0015	0.0061	0.0022	0.0093	0.0025
COG3393	0.0750	0.0613	0.0223	0.8025	0.0750	0.3912	0.0594	0.2516	0.0404	0.0068	0.0020
COG3394	0.0000	0.0040	0.0018	0.0007	0.0005	0.0022	0.0013	0.0039	0.0021	0.0077	0.0043
COG3395	0.0000	0.0122	0.0041	0.0013	0.0006	0.0026	0.0014	0.0045	0.0032	0.0043	0.0030
COG3396	0.0000	0.0016	0.0012	0.0004	0.0002	0.0008	0.0004	0.0007	0.0005	0.0013	0.0007
COG3397	0.0000	0.0027	0.0016	0.0009	0.0006	0.0016	0.0010	0.0019	0.0009	0.0015	0.0006
COG3398	0.0900	0.9010	0.0395	0.9952	0.0025	0.9740	0.0142	0.8924	0.0514	0.0659	0.0201
COG3399	0.0000	0.0001	0.0001	0.0001	0.0001	0.0002	0.0001	0.0002	0.0002	0.0003	0.0002
COG3400	0.0000	0.0000	0.0000	0.0000	0.0000	0.0000	0.0000	0.0000	0.0000	0.0000	0.0000
COG3401	0.0000	0.0028	0.0011	0.0005	0.0003	0.0016	0.0007	0.0039	0.0014	0.0048	0.0016
COG3402	0.0000	0.0147	0.0079	0.0021	0.0014	0.0071	0.0043	0.0108	0.0075	0.0153	0.0114
COG3403	0.0000	0.0015	0.0009	0.0002	0.0002	0.0005	0.0005	0.0006	0.0007	0.0008	0.0009
COG3404	0.0000	0.0529	0.0288	0.0135	0.0068	0.0135	0.0059	0.0169	0.0078	0.0155	0.0054
COG3405	0.0000	0.0052	0.0013	0.0004	0.0002	0.0025	0.0012	0.0045	0.0019	0.0053	0.0023
COG3407	0.0000	0.0152	0.0053	0.0028	0.0015	0.0147	0.0062	0.0309	0.0152	0.0434	0.0213
COG3408	0.0000	0.1645	0.0385	0.0140	0.0052	0.0983	0.0477	0.1695	0.0646	0.2605	0.0630
COG3409	0.0000	0.0056	0.0023	0.0004	0.0003	0.0037	0.0023	0.0066	0.0032	0.0130	0.0043
COG3410	0.0000	0.0081	0.0019	0.0015	0.0006	0.0042	0.0019	0.0078	0.0024	0.0096	0.0025
COG3411	0.0000	0.0123	0.0041	0.0019	0.0010	0.0044	0.0020	0.0051	0.0023	0.0061	0.0023
COG3412	0.0000	0.0022	0.0010	0.0002	0.0001	0.0006	0.0003	0.0013	0.0006	0.0022	0.0009
COG3413	0.0050	0.8799	0.0327	0.9925	0.0031	0.0675	0.0395	0.0934	0.0399	0.0738	0.0302
COG3414	0.0000	0.0056	0.0028	0.0008	0.0004	0.0023	0.0010	0.0035	0.0011	0.0043	0.0011
COG3415	0.0000	0.0759	0.0325	0.0017	0.0009	0.0060	0.0042	0.0146	0.0069	0.0237	0.0095
COG3416	0.0000	0.0041	0.0026	0.0024	0.0011	0.0030	0.0012	0.0032	0.0016	0.0029	0.0009
COG3417	0.0000	0.0006	0.0002	0.0002	0.0001	0.0006	0.0003	0.0011	0.0004	0.0024	0.0010
COG3418	0.0000	0.0023	0.0007	0.0006	0.0002	0.0014	0.0007	0.0025	0.0009	0.0029	0.0010
COG3419	0.0000	0.0025	0.0011	0.0004	0.0002	0.0012	0.0007	0.0031	0.0012	0.0050	0.0024
COG3420	0.0000	0.0785	0.0209	0.0041	0.0013	0.0183	0.0076	0.0600	0.0172	0.0763	0.0210
COG3421	0.0000	0.0060	0.0016	0.0011	0.0004	0.0025	0.0007	0.0029	0.0009	0.0041	0.0012
COG3422	0.0000	0.0134	0.0037	0.0036	0.0009	0.0111	0.0031	0.0147	0.0047	0.0163	0.0047
COG3423	0.0000	0.0041	0.0043	0.0010	0.0011	0.0012	0.0013	0.0011	0.0010	0.0008	0.0007
COG3424	0.0000	0.0018	0.0013	0.0004	0.0002	0.0008	0.0004	0.0008	0.0004	0.0012	0.0005
COG3425	0.5950	0.9986	0.0005	0.9997	0.0003	0.9994	0.0003	0.9974	0.0011	0.9931	0.0032
COG3426	0.0000	0.0009	0.0005	0.0003	0.0002	0.0008	0.0004	0.0008	0.0003	0.0010	0.0004
COG3427	0.0000	0.0195	0.0082	0.0015	0.0010	0.0039	0.0013	0.0174	0.0042	0.0194	0.0068
COG3428	0.0000	0.1375	0.0594	0.0156	0.0091	0.0534	0.0228	0.0849	0.0353	0.1827	0.0653
COG3429	0.0000	0.0010	0.0007	0.0006	0.0008	0.0010	0.0008	0.0011	0.0008	0.0013	0.0008
COG3430	0.0000	0.0228	0.0148	0.0155	0.0070	0.0186	0.0089	0.0237	0.0124	0.0153	0.0071
COG3431	0.0000	0.1726	0.0710	0.0070	0.0048	0.0318	0.0325	0.0258	0.0166	0.0220	0.0085
COG3432	0.0350	0.6730	0.0971	0.9984	0.0010	0.9845	0.0072	0.1420	0.0522	0.1618	0.0689
COG3433	0.0000	0.0003	0.0002	0.0002	0.0002	0.0003	0.0002	0.0003	0.0002	0.0003	0.0002
COG3434	0.0000	0.0009	0.0004	0.0000	0.0000	0.0003	0.0002	0.0008	0.0005	0.0013	0.0005
COG3435	0.0000	0.0037	0.0011	0.0011	0.0006	0.0021	0.0007	0.0030	0.0010	0.0034	0.0009
COG3436	0.0000	0.0235	0.0124	0.0007	0.0005	0.0043	0.0028	0.0144	0.0064	0.0231	0.0062
COG3437	0.0000	0.0288	0.0110	0.0015	0.0008	0.0092	0.0055	0.0208	0.0066	0.0193	0.0053
COG3439	0.0000	0.1002	0.0574	0.0038	0.0030	0.0098	0.0078	0.0167	0.0076	0.0233	0.0066
COG3440	0.0000	0.0333	0.0076	0.0023	0.0009	0.0060	0.0021	0.0089	0.0026	0.0113	0.0032
COG3442	0.0000	0.0021	0.0014	0.0004	0.0003	0.0009	0.0008	0.0013	0.0010	0.0012	0.0008
COG3443	0.0000	0.0019	0.0010	0.0011	0.0008	0.0018	0.0011	0.0024	0.0013	0.0034	0.0020
COG3444	0.0000	0.0007	0.0002	0.0001	0.0000	0.0003	0.0001	0.0008	0.0002	0.0016	0.0004
COG3445	0.0000	0.0026	0.0022	0.0009	0.0008	0.0012	0.0011	0.0011	0.0010	0.0010	0.0008
COG3447	0.0000	0.0040	0.0019	0.0008	0.0004	0.0019	0.0009	0.0026	0.0014	0.0024	0.0013
COG3448	0.0000	0.0265	0.0101	0.0019	0.0009	0.0106	0.0047	0.0196	0.0092	0.0215	0.0072
COG3449	0.0000	0.0082	0.0035	0.0009	0.0003	0.0028	0.0011	0.0065	0.0027	0.0087	0.0034
COG3450	0.0000	0.0286	0.0119	0.0025	0.0011	0.0077	0.0046	0.0073	0.0041	0.0101	0.0039
COG3451	0.0000	0.0181	0.0045	0.0016	0.0006	0.0063	0.0026	0.0202	0.0076	0.0251	0.0088
COG3452	0.0000	0.0008	0.0004	0.0002	0.0001	0.0005	0.0003	0.0008	0.0004	0.0007	0.0003
COG3453	0.0000	0.0010	0.0006	0.0003	0.0002	0.0002	0.0001	0.0002	0.0001	0.0003	0.0002
COG3454	0.0000	0.0088	0.0065	0.0015	0.0008	0.0030	0.0023	0.0047	0.0038	0.0044	0.0015
COG3455	0.0000	0.0004	0.0002	0.0003	0.0002	0.0005	0.0003	0.0007	0.0004	0.0008	0.0003
COG3456	0.0000	0.0000	0.0000	0.0001	0.0001	0.0001	0.0001	0.0001	0.0001	0.0001	0.0001
COG3457	0.0000	0.0061	0.0026	0.0011	0.0006	0.0029	0.0012	0.0037	0.0011	0.0035	0.0010
COG3458	0.0000	0.0028	0.0028	0.0006	0.0005	0.0011	0.0008	0.0030	0.0020	0.0032	0.0021
COG3459	0.0000	0.0136	0.0053	0.0029	0.0017	0.0081	0.0038	0.0128	0.0048	0.0172	0.0056
COG3460	0.0000	0.0005	0.0004	0.0002	0.0002	0.0004	0.0004	0.0004	0.0003	0.0005	0.0004
COG3461	0.0000	0.0041	0.0013	0.0006	0.0003	0.0036	0.0013	0.0069	0.0022	0.0167	0.0054
COG3462	0.0000	0.0107	0.0043	0.0006	0.0004	0.0012	0.0007	0.0023	0.0010	0.0034	0.0011
COG3463	0.0000	0.0646	0.0319	0.0056	0.0021	0.0248	0.0052	0.0366	0.0110	0.0270	0.0114
COG3464	0.0000	0.0226	0.0051	0.0009	0.0004	0.0036	0.0011	0.0086	0.0028	0.0116	0.0031
COG3465	0.0000	0.1549	0.0271	0.0181	0.0056	0.0437	0.0097	0.0418	0.0097	0.0559	0.0078
COG3466	0.0000	0.0458	0.0080	0.0210	0.0069	0.0338	0.0173	0.0361	0.0127	0.0351	0.0134
COG3467	0.0000	0.3212	0.1092	0.0305	0.0144	0.0265	0.0139	0.0338	0.0148	0.0351	0.0189
COG3468	0.0000	0.0048	0.0010	0.0012	0.0005	0.0020	0.0006	0.0042	0.0012	0.0035	0.0008
COG3469	0.0000	0.0016	0.0008	0.0005	0.0002	0.0011	0.0005	0.0020	0.0008	0.0026	0.0007
COG3470	0.0000	0.0004	0.0003	0.0002	0.0002	0.0002	0.0001	0.0003	0.0002	0.0005	0.0003
COG3471	0.0000	0.0007	0.0010	0.0007	0.0010	0.0008	0.0011	0.0010	0.0011	0.0015	0.0010
COG3472	0.0000	0.0053	0.0029	0.0011	0.0006	0.0017	0.0008	0.0018	0.0009	0.0017	0.0008
COG3473	0.0000	0.1225	0.0716	0.0103	0.0071	0.0212	0.0110	0.0206	0.0100	0.0292	0.0156
COG3474	0.0000	0.0023	0.0014	0.0012	0.0008	0.0014	0.0010	0.0022	0.0014	0.0027	0.0014
COG3475	0.0000	0.0034	0.0014	0.0005	0.0002	0.0019	0.0007	0.0058	0.0018	0.0094	0.0028
COG3476	0.0000	0.0320	0.0063	0.0025	0.0007	0.0075	0.0042	0.0155	0.0064	0.0359	0.0148
COG3477	0.0000	0.0002	0.0001	0.0001	0.0001	0.0003	0.0001	0.0003	0.0001	0.0004	0.0002
COG3478	0.0000	0.0492	0.0126	0.0048	0.0027	0.0113	0.0049	0.0184	0.0091	0.0197	0.0088
COG3479	0.0000	0.0022	0.0008	0.0010	0.0005	0.0015	0.0006	0.0013	0.0005	0.0014	0.0006
COG3480	0.0000	0.0038	0.0021	0.0014	0.0011	0.0031	0.0018	0.0063	0.0030	0.0074	0.0035
COG3481	0.0000	0.1240	0.1006	0.0070	0.0032	0.0551	0.0318	0.2159	0.0793	0.2481	0.0687
COG3482	0.0000	0.0538	0.0147	0.0065	0.0031	0.0148	0.0065	0.0225	0.0065	0.0376	0.0114
COG3483	0.0000	0.0011	0.0011	0.0004	0.0003	0.0011	0.0008	0.0021	0.0013	0.0028	0.0016
COG3484	0.0000	0.0008	0.0004	0.0003	0.0003	0.0006	0.0005	0.0005	0.0004	0.0007	0.0005
COG3485	0.0000	0.0025	0.0013	0.0004	0.0001	0.0012	0.0005	0.0021	0.0008	0.0025	0.0008
COG3486	0.0000	0.0080	0.0031	0.0011	0.0007	0.0026	0.0020	0.0024	0.0014	0.0021	0.0014
COG3487	0.0000	0.0008	0.0005	0.0002	0.0002	0.0003	0.0003	0.0004	0.0002	0.0004	0.0002
COG3488	0.0000	0.0004	0.0004	0.0001	0.0001	0.0002	0.0002	0.0004	0.0003	0.0005	0.0003
COG3489	0.0000	0.0011	0.0019	0.0003	0.0006	0.0006	0.0011	0.0009	0.0009	0.0010	0.0007
COG3490	0.0000	0.0008	0.0004	0.0008	0.0009	0.0009	0.0008	0.0008	0.0008	0.0008	0.0010
COG3491	0.0000	0.0006	0.0002	0.0002	0.0001	0.0005	0.0001	0.0013	0.0002	0.0029	0.0007
COG3492	0.0000	0.0014	0.0005	0.0011	0.0008	0.0051	0.0019	0.0030	0.0009	0.0035	0.0013
COG3493	0.0000	0.0002	0.0001	0.0001	0.0000	0.0003	0.0001	0.0006	0.0002	0.0009	0.0004
COG3494	0.0000	0.0007	0.0005	0.0004	0.0002	0.0015	0.0009	0.0029	0.0015	0.0020	0.0009
COG3495	0.0000	0.0007	0.0003	0.0005	0.0002	0.0007	0.0002	0.0008	0.0003	0.0013	0.0004
COG3496	0.0000	0.0004	0.0001	0.0001	0.0000	0.0002	0.0001	0.0004	0.0001	0.0006	0.0002
COG3497	0.0000	0.0162	0.0047	0.0012	0.0007	0.0032	0.0011	0.0091	0.0024	0.0114	0.0030
COG3498	0.0000	0.0008	0.0004	0.0002	0.0001	0.0005	0.0003	0.0011	0.0004	0.0017	0.0005
COG3499	0.0000	0.0007	0.0003	0.0002	0.0001	0.0005	0.0003	0.0010	0.0004	0.0013	0.0004
COG3500	0.0000	0.0073	0.0014	0.0006	0.0002	0.0022	0.0007	0.0045	0.0013	0.0064	0.0017
COG3501	0.0000	0.0087	0.0023	0.0010	0.0005	0.0026	0.0006	0.0048	0.0013	0.0071	0.0027
COG3502	0.0000	0.0102	0.0038	0.0017	0.0008	0.0026	0.0010	0.0039	0.0014	0.0026	0.0008
COG3503	0.0100	0.5995	0.0642	0.9770	0.0094	0.0628	0.0273	0.0728	0.0242	0.0950	0.0345
COG3504	0.0000	0.0008	0.0002	0.0003	0.0002	0.0007	0.0003	0.0017	0.0006	0.0023	0.0009
COG3505	0.0000	0.0044	0.0017	0.0004	0.0002	0.0009	0.0004	0.0020	0.0007	0.0035	0.0010
COG3506	0.0000	0.0038	0.0022	0.0002	0.0001	0.0009	0.0005	0.0020	0.0009	0.0033	0.0015
COG3507	0.0000	0.0036	0.0018	0.0006	0.0005	0.0025	0.0019	0.0067	0.0041	0.0110	0.0048
COG3508	0.0000	0.0004	0.0003	0.0002	0.0001	0.0003	0.0002	0.0003	0.0001	0.0007	0.0003
COG3509	0.0000	0.0058	0.0018	0.0008	0.0002	0.0027	0.0008	0.0040	0.0012	0.0072	0.0017
COG3510	0.0000	0.0088	0.0027	0.0024	0.0008	0.0041	0.0014	0.0039	0.0008	0.0039	0.0007
COG3511	0.0000	0.0033	0.0015	0.0011	0.0005	0.0015	0.0006	0.0041	0.0012	0.0049	0.0015
COG3512	0.0000	0.0003	0.0002	0.0001	0.0001	0.0004	0.0002	0.0004	0.0002	0.0007	0.0003
COG3513	0.0000	0.0004	0.0002	0.0002	0.0001	0.0003	0.0002	0.0006	0.0002	0.0012	0.0004
COG3514	0.0000	0.0007	0.0002	0.0003	0.0001	0.0004	0.0001	0.0004	0.0001	0.0004	0.0001
COG3515	0.0000	0.0009	0.0004	0.0004	0.0001	0.0006	0.0003	0.0010	0.0005	0.0015	0.0006
COG3516	0.0000	0.0008	0.0005	0.0003	0.0002	0.0006	0.0004	0.0010	0.0006	0.0015	0.0008
COG3517	0.0000	0.0012	0.0008	0.0004	0.0002	0.0009	0.0005	0.0012	0.0007	0.0017	0.0010
COG3518	0.0000	0.0010	0.0004	0.0002	0.0001	0.0005	0.0002	0.0006	0.0002	0.0010	0.0004
COG3519	0.0000	0.0013	0.0010	0.0006	0.0004	0.0011	0.0008	0.0018	0.0012	0.0027	0.0017
COG3520	0.0000	0.0013	0.0005	0.0005	0.0002	0.0008	0.0004	0.0013	0.0006	0.0020	0.0009
COG3521	0.0000	0.0017	0.0006	0.0005	0.0002	0.0008	0.0003	0.0012	0.0005	0.0013	0.0006
COG3522	0.0000	0.0008	0.0004	0.0003	0.0002	0.0005	0.0003	0.0008	0.0004	0.0013	0.0006
COG3523	0.0000	0.0006	0.0002	0.0003	0.0001	0.0006	0.0003	0.0013	0.0005	0.0020	0.0009
COG3524	0.0000	0.0010	0.0004	0.0005	0.0003	0.0011	0.0005	0.0007	0.0002	0.0010	0.0003
COG3525	0.0000	0.0089	0.0031	0.0016	0.0007	0.0058	0.0020	0.0098	0.0028	0.0109	0.0033
COG3526	0.0000	0.0016	0.0004	0.0003	0.0001	0.0004	0.0001	0.0011	0.0002	0.0011	0.0002
COG3527	0.0000	0.0274	0.0123	0.0010	0.0005	0.0038	0.0016	0.0095	0.0042	0.0096	0.0026
COG3528	0.0000	0.0005	0.0003	0.0001	0.0001	0.0004	0.0003	0.0005	0.0003	0.0008	0.0004
COG3529	0.0000	0.0002	0.0001	0.0003	0.0002	0.0003	0.0002	0.0005	0.0003	0.0005	0.0003
COG3530	0.0000	0.0054	0.0029	0.0007	0.0005	0.0015	0.0012	0.0025	0.0017	0.0036	0.0019
COG3531	0.0000	0.0004	0.0002	0.0001	0.0000	0.0002	0.0001	0.0003	0.0001	0.0005	0.0002
COG3533	0.0000	0.0122	0.0035	0.0018	0.0009	0.0074	0.0021	0.0170	0.0042	0.0203	0.0048
COG3534	0.0000	0.0159	0.0052	0.0011	0.0007	0.0050	0.0026	0.0148	0.0056	0.0176	0.0063
COG3535	0.0000	0.0924	0.0235	0.0147	0.0045	0.0202	0.0043	0.0322	0.0077	0.0157	0.0032
COG3536	0.0000	0.0015	0.0016	0.0002	0.0002	0.0005	0.0004	0.0006	0.0005	0.0011	0.0007
COG3537	0.0000	0.0022	0.0007	0.0006	0.0003	0.0016	0.0005	0.0034	0.0011	0.0046	0.0017
COG3538	0.0000	0.0016	0.0007	0.0004	0.0003	0.0008	0.0004	0.0025	0.0011	0.0032	0.0015
COG3539	0.0000	0.0004	0.0002	0.0006	0.0003	0.0007	0.0004	0.0008	0.0005	0.0008	0.0005
COG3540	0.0350	0.0582	0.0130	0.5061	0.0950	0.3766	0.0801	0.0047	0.0014	0.0078	0.0016
COG3541	0.0000	0.0246	0.0061	0.0014	0.0004	0.0036	0.0014	0.0097	0.0033	0.0170	0.0050
COG3542	0.0000	0.0049	0.0024	0.0006	0.0002	0.0021	0.0008	0.0036	0.0017	0.0038	0.0016
COG3543	0.0000	0.0729	0.0330	0.0060	0.0038	0.0135	0.0088	0.0205	0.0097	0.0265	0.0091
COG3544	0.0000	0.0014	0.0008	0.0002	0.0001	0.0009	0.0004	0.0014	0.0005	0.0029	0.0009
COG3545	0.0000	0.0003	0.0002	0.0001	0.0001	0.0005	0.0003	0.0014	0.0009	0.0045	0.0030
COG3546	0.0000	0.0127	0.0082	0.0014	0.0011	0.0046	0.0032	0.0065	0.0047	0.0085	0.0060
COG3547	0.0000	0.1059	0.0265	0.0024	0.0011	0.0109	0.0040	0.0230	0.0061	0.0351	0.0062
COG3548	0.0000	0.0159	0.0063	0.0023	0.0009	0.0053	0.0025	0.0103	0.0039	0.0135	0.0056
COG3549	0.0000	0.0006	0.0002	0.0001	0.0000	0.0002	0.0001	0.0003	0.0001	0.0005	0.0002
COG3550	0.0000	0.0024	0.0008	0.0003	0.0001	0.0007	0.0002	0.0018	0.0005	0.0028	0.0010
COG3551	0.0000	0.0076	0.0031	0.0006	0.0003	0.0028	0.0014	0.0043	0.0017	0.0047	0.0013
COG3552	0.0000	0.0335	0.0243	0.0022	0.0015	0.0024	0.0020	0.0060	0.0040	0.0068	0.0039
COG3553	0.0000	0.0009	0.0003	0.0006	0.0003	0.0007	0.0003	0.0004	0.0002	0.0004	0.0002
COG3554	0.0000	0.0080	0.0020	0.0008	0.0003	0.0013	0.0006	0.0022	0.0008	0.0022	0.0006
COG3555	0.0000	0.0009	0.0003	0.0004	0.0001	0.0014	0.0005	0.0011	0.0004	0.0022	0.0007
COG3556	0.0000	0.0005	0.0003	0.0006	0.0004	0.0009	0.0008	0.0008	0.0006	0.0011	0.0008
COG3557	0.0000	0.0008	0.0007	0.0003	0.0002	0.0008	0.0007	0.0015	0.0014	0.0019	0.0017
COG3558	0.0000	0.0061	0.0027	0.0012	0.0006	0.0028	0.0012	0.0046	0.0016	0.0059	0.0019
COG3559	0.0000	0.0024	0.0008	0.0005	0.0002	0.0014	0.0005	0.0028	0.0008	0.0045	0.0012
COG3560	0.0000	0.0008	0.0006	0.0003	0.0003	0.0006	0.0007	0.0013	0.0010	0.0019	0.0014
COG3561	0.0000	0.0014	0.0006	0.0004	0.0002	0.0008	0.0005	0.0015	0.0008	0.0022	0.0009
COG3562	0.0000	0.0051	0.0014	0.0011	0.0005	0.0070	0.0030	0.0066	0.0030	0.0070	0.0030
COG3563	0.0000	0.0036	0.0011	0.0008	0.0004	0.0020	0.0007	0.0019	0.0008	0.0022	0.0006
COG3564	0.0000	0.0018	0.0005	0.0003	0.0002	0.0007	0.0003	0.0010	0.0005	0.0022	0.0011
COG3565	0.0000	0.0005	0.0003	0.0003	0.0002	0.0006	0.0005	0.0009	0.0004	0.0018	0.0006
COG3566	0.0000	0.0009	0.0005	0.0003	0.0001	0.0008	0.0004	0.0013	0.0005	0.0016	0.0007
COG3567	0.0000	0.0034	0.0017	0.0005	0.0004	0.0017	0.0010	0.0028	0.0018	0.0034	0.0020
COG3568	0.0000	0.0150	0.0074	0.0009	0.0004	0.0044	0.0020	0.0110	0.0043	0.0244	0.0085
COG3569	0.0000	0.0107	0.0112	0.0032	0.0040	0.0187	0.0142	0.0308	0.0231	0.0307	0.0238
COG3570	0.0000	0.0002	0.0002	0.0001	0.0001	0.0002	0.0002	0.0003	0.0003	0.0005	0.0004
COG3571	0.0000	0.0057	0.0021	0.0011	0.0002	0.0022	0.0010	0.0045	0.0023	0.0049	0.0024
COG3572	0.0000	0.0008	0.0006	0.0002	0.0001	0.0007	0.0006	0.0015	0.0008	0.0029	0.0017
COG3573	0.0000	0.0005	0.0002	0.0001	0.0001	0.0002	0.0001	0.0003	0.0002	0.0003	0.0001
COG3575	0.0000	0.0014	0.0009	0.0003	0.0002	0.0006	0.0003	0.0017	0.0007	0.0019	0.0010
COG3576	0.0000	0.3503	0.0987	0.0296	0.0135	0.0499	0.0156	0.0940	0.0237	0.1572	0.0479
COG3577	0.0000	0.0134	0.0051	0.0033	0.0014	0.0062	0.0032	0.0062	0.0035	0.0069	0.0033
COG3579	0.0000	0.0014	0.0008	0.0004	0.0003	0.0009	0.0004	0.0018	0.0007	0.0027	0.0011
COG3580	0.0000	0.0146	0.0069	0.0013	0.0007	0.0034	0.0021	0.0072	0.0030	0.0065	0.0021
COG3581	0.0000	0.0084	0.0039	0.0010	0.0005	0.0030	0.0016	0.0050	0.0021	0.0078	0.0027
COG3582	0.0000	0.0316	0.0227	0.0082	0.0075	0.0245	0.0209	0.0373	0.0203	0.0434	0.0214
COG3583	0.0000	0.0021	0.0008	0.0004	0.0002	0.0023	0.0009	0.0046	0.0021	0.0051	0.0020
COG3584	0.0000	0.0011	0.0004	0.0001	0.0001	0.0006	0.0003	0.0018	0.0007	0.0019	0.0009
COG3585	0.0000	0.2640	0.0769	0.0290	0.0187	0.0930	0.0447	0.1564	0.0785	0.1777	0.0601
COG3586	0.0000	0.0832	0.0204	0.0081	0.0027	0.0290	0.0095	0.0316	0.0068	0.0305	0.0058
COG3587	0.0000	0.0076	0.0025	0.0009	0.0004	0.0010	0.0004	0.0014	0.0005	0.0025	0.0007
COG3588	0.0000	0.0007	0.0004	0.0003	0.0002	0.0006	0.0003	0.0016	0.0005	0.0026	0.0009
COG3589	0.0000	0.0012	0.0006	0.0002	0.0002	0.0016	0.0009	0.0036	0.0014	0.0056	0.0020
COG3590	0.0000	0.0034	0.0011	0.0012	0.0004	0.0027	0.0013	0.0053	0.0025	0.0067	0.0019
COG3591	0.0000	0.0117	0.0035	0.0018	0.0011	0.0049	0.0025	0.0059	0.0024	0.0055	0.0014
COG3592	0.0000	0.0023	0.0024	0.0008	0.0005	0.0022	0.0013	0.0020	0.0009	0.0020	0.0008
COG3593	0.0100	0.4890	0.0871	0.9737	0.0090	0.0231	0.0104	0.0372	0.0112	0.0380	0.0112
COG3594	0.0000	0.0130	0.0058	0.0013	0.0007	0.0047	0.0027	0.0078	0.0041	0.0100	0.0037
COG3595	0.0000	0.0297	0.0178	0.0019	0.0010	0.0069	0.0050	0.0127	0.0077	0.0141	0.0089
COG3596	0.0000	0.0008	0.0003	0.0001	0.0001	0.0004	0.0001	0.0004	0.0002	0.0005	0.0002
COG3597	0.0000	0.0013	0.0007	0.0003	0.0002	0.0012	0.0006	0.0015	0.0007	0.0022	0.0013
COG3598	0.0000	0.0038	0.0012	0.0002	0.0001	0.0010	0.0004	0.0018	0.0007	0.0031	0.0012
COG3599	0.0000	0.0016	0.0010	0.0002	0.0002	0.0007	0.0006	0.0023	0.0018	0.0040	0.0030
COG3600	0.0000	0.0064	0.0012	0.0008	0.0002	0.0016	0.0005	0.0026	0.0006	0.0036	0.0010
COG3601	0.0000	0.0582	0.0378	0.0193	0.0094	0.0495	0.0252	0.0564	0.0263	0.0528	0.0294
COG3602	0.0000	0.0056	0.0011	0.0017	0.0004	0.0036	0.0009	0.0059	0.0020	0.0083	0.0030
COG3603	0.0000	0.0420	0.0129	0.0029	0.0012	0.0087	0.0035	0.0119	0.0039	0.0140	0.0031
COG3604	0.0000	0.0037	0.0020	0.0002	0.0001	0.0008	0.0004	0.0009	0.0004	0.0013	0.0004
COG3605	0.0000	0.0019	0.0010	0.0006	0.0005	0.0006	0.0004	0.0013	0.0007	0.0019	0.0009
COG3607	0.0000	0.0029	0.0011	0.0005	0.0002	0.0017	0.0008	0.0028	0.0011	0.0030	0.0011
COG3608	0.0000	0.2661	0.0716	0.0184	0.0087	0.0490	0.0220	0.0541	0.0213	0.0762	0.0236
COG3609	0.0000	0.8441	0.0323	0.1452	0.0598	0.2673	0.0848	0.2913	0.0906	0.3563	0.1034
COG3610	0.0000	0.0024	0.0007	0.0005	0.0002	0.0013	0.0004	0.0024	0.0008	0.0045	0.0012
COG3611	0.0000	0.0008	0.0015	0.0009	0.0017	0.0016	0.0025	0.0026	0.0038	0.0035	0.0047
COG3612	0.0000	0.2561	0.1246	0.0156	0.0072	0.0281	0.0125	0.0665	0.0211	0.0841	0.0391
COG3613	0.0000	0.0739	0.0249	0.0046	0.0010	0.0077	0.0037	0.0141	0.0070	0.0305	0.0108
COG3614	0.0050	0.0083	0.0027	0.2721	0.1155	0.0007	0.0003	0.0009	0.0003	0.0011	0.0004
COG3615	0.0000	0.0007	0.0004	0.0002	0.0001	0.0003	0.0002	0.0004	0.0002	0.0005	0.0003
COG3616	0.0000	0.0154	0.0085	0.0013	0.0007	0.0027	0.0018	0.0027	0.0014	0.0040	0.0018
COG3617	0.0000	0.0053	0.0028	0.0009	0.0008	0.0033	0.0015	0.0052	0.0018	0.0095	0.0030
COG3618	0.0000	0.0029	0.0016	0.0005	0.0002	0.0012	0.0006	0.0023	0.0011	0.0028	0.0014
COG3619	0.0000	0.0034	0.0015	0.0007	0.0003	0.0019	0.0006	0.0018	0.0005	0.0026	0.0008
COG3620	0.0000	0.7020	0.0957	0.0968	0.0559	0.1984	0.0698	0.2353	0.0684	0.2235	0.0695
COG3621	0.0000	0.0021	0.0009	0.0003	0.0001	0.0014	0.0004	0.0011	0.0004	0.0015	0.0004
COG3622	0.0000	0.0019	0.0006	0.0005	0.0004	0.0010	0.0004	0.0015	0.0009	0.0022	0.0013
COG3623	0.0000	0.0004	0.0001	0.0001	0.0000	0.0003	0.0001	0.0007	0.0002	0.0007	0.0001
COG3624	0.0000	0.0038	0.0019	0.0006	0.0003	0.0016	0.0008	0.0021	0.0011	0.0017	0.0007
COG3625	0.0000	0.0128	0.0072	0.0017	0.0006	0.0037	0.0021	0.0044	0.0028	0.0035	0.0016
COG3626	0.0000	0.0089	0.0060	0.0014	0.0005	0.0028	0.0018	0.0038	0.0032	0.0030	0.0016
COG3627	0.0000	0.0101	0.0064	0.0015	0.0007	0.0031	0.0016	0.0041	0.0026	0.0031	0.0012
COG3628	0.0000	0.0166	0.0037	0.0013	0.0004	0.0032	0.0007	0.0071	0.0016	0.0105	0.0029
COG3629	0.0000	0.0023	0.0005	0.0002	0.0001	0.0013	0.0003	0.0023	0.0004	0.0027	0.0007
COG3630	0.0000	0.0172	0.0203	0.0026	0.0034	0.0078	0.0079	0.0118	0.0088	0.0137	0.0067
COG3631	0.0000	0.0202	0.0079	0.0008	0.0002	0.0031	0.0012	0.0048	0.0022	0.0061	0.0037
COG3633	0.0000	0.0009	0.0006	0.0005	0.0003	0.0017	0.0010	0.0055	0.0023	0.0098	0.0041
COG3634	0.0000	0.0995	0.0299	0.0029	0.0016	0.0117	0.0059	0.0277	0.0132	0.0443	0.0167
COG3635	0.0000	0.9473	0.0233	0.3365	0.1285	0.6585	0.0498	0.7959	0.0415	0.8883	0.0543
COG3636	0.0000	0.0005	0.0001	0.0001	0.0000	0.0002	0.0001	0.0004	0.0001	0.0005	0.0001
COG3637	0.0000	0.0010	0.0004	0.0002	0.0001	0.0008	0.0003	0.0019	0.0006	0.0032	0.0013
COG3638	0.0000	0.0065	0.0028	0.0026	0.0013	0.0037	0.0026	0.0073	0.0060	0.0083	0.0064
COG3639	0.0000	0.0051	0.0024	0.0016	0.0011	0.0025	0.0017	0.0052	0.0043	0.0073	0.0054
COG3640	0.0050	0.9928	0.0025	0.9983	0.0014	0.3297	0.1592	0.4820	0.1807	0.3690	0.1601
COG3641	0.0000	0.0002	0.0001	0.0002	0.0001	0.0004	0.0002	0.0016	0.0006	0.0028	0.0008
COG3642	0.0100	0.1277	0.0904	0.7889	0.1483	0.0082	0.0058	0.0174	0.0103	0.0160	0.0089
COG3643	0.0000	0.0051	0.0026	0.0009	0.0006	0.0017	0.0010	0.0027	0.0016	0.0041	0.0016
COG3644	0.0000	0.0011	0.0004	0.0003	0.0001	0.0004	0.0001	0.0005	0.0001	0.0004	0.0001
COG3645	0.0000	0.0024	0.0006	0.0005	0.0002	0.0011	0.0004	0.0018	0.0006	0.0025	0.0007
COG3646	0.0000	0.0011	0.0003	0.0002	0.0001	0.0010	0.0003	0.0016	0.0006	0.0020	0.0007
COG3647	0.0000	0.0010	0.0010	0.0004	0.0003	0.0007	0.0005	0.0011	0.0007	0.0019	0.0009
COG3648	0.0000	0.0011	0.0014	0.0005	0.0005	0.0006	0.0006	0.0007	0.0006	0.0010	0.0006
COG3649	0.0000	0.2043	0.0332	0.0158	0.0067	0.0407	0.0160	0.0118	0.0063	0.0208	0.0100
COG3650	0.0000	0.0004	0.0004	0.0001	0.0001	0.0002	0.0002	0.0003	0.0003	0.0004	0.0004
COG3651	0.0000	0.0009	0.0005	0.0002	0.0001	0.0008	0.0004	0.0016	0.0006	0.0040	0.0016
COG3652	0.0000	0.0007	0.0003	0.0002	0.0001	0.0008	0.0003	0.0013	0.0006	0.0015	0.0006
COG3653	0.0000	0.0171	0.0051	0.0011	0.0003	0.0020	0.0008	0.0066	0.0027	0.0081	0.0034
COG3654	0.0000	0.0379	0.0097	0.0041	0.0016	0.0086	0.0014	0.0079	0.0017	0.0138	0.0030
COG3655	0.0000	0.0026	0.0008	0.0002	0.0001	0.0007	0.0003	0.0025	0.0009	0.0046	0.0012
COG3656	0.0000	0.0023	0.0011	0.0005	0.0002	0.0013	0.0008	0.0026	0.0014	0.0022	0.0011
COG3657	0.0000	0.0005	0.0002	0.0001	0.0001	0.0003	0.0002	0.0005	0.0002	0.0007	0.0003
COG3658	0.0000	0.0013	0.0004	0.0003	0.0002	0.0004	0.0002	0.0006	0.0004	0.0007	0.0003
COG3659	0.0000	0.0020	0.0007	0.0006	0.0003	0.0013	0.0005	0.0023	0.0011	0.0037	0.0019
COG3660	0.0000	0.0015	0.0013	0.0005	0.0005	0.0019	0.0013	0.0032	0.0020	0.0034	0.0023
COG3661	0.0000	0.0083	0.0030	0.0019	0.0008	0.0042	0.0018	0.0049	0.0023	0.0060	0.0034
COG3662	0.0000	0.0006	0.0006	0.0003	0.0003	0.0005	0.0005	0.0007	0.0005	0.0010	0.0005
COG3663	0.0000	0.0049	0.0023	0.0006	0.0004	0.0029	0.0011	0.0059	0.0020	0.0075	0.0027
COG3664	0.0000	0.0069	0.0022	0.0007	0.0002	0.0028	0.0011	0.0072	0.0026	0.0122	0.0046
COG3665	0.0000	0.0051	0.0020	0.0007	0.0003	0.0013	0.0004	0.0025	0.0007	0.0033	0.0007
COG3666	0.0000	0.0395	0.0120	0.0024	0.0011	0.0087	0.0033	0.0171	0.0053	0.0190	0.0045
COG3667	0.0000	0.0007	0.0002	0.0005	0.0002	0.0009	0.0005	0.0013	0.0006	0.0009	0.0003
COG3668	0.0000	0.0153	0.0047	0.0008	0.0003	0.0027	0.0015	0.0028	0.0011	0.0042	0.0010
COG3669	0.0000	0.0052	0.0013	0.0009	0.0001	0.0033	0.0011	0.0057	0.0022	0.0070	0.0015
COG3670	0.0000	0.0033	0.0022	0.0006	0.0008	0.0014	0.0013	0.0023	0.0018	0.0035	0.0024
COG3671	0.0000	0.0020	0.0007	0.0011	0.0004	0.0016	0.0008	0.0017	0.0006	0.0016	0.0006
COG3672	0.0000	0.0082	0.0049	0.0026	0.0021	0.0049	0.0042	0.0104	0.0091	0.0144	0.0121
COG3673	0.0000	0.0014	0.0006	0.0003	0.0002	0.0007	0.0004	0.0007	0.0003	0.0009	0.0003
COG3675	0.0000	0.0019	0.0005	0.0003	0.0001	0.0008	0.0002	0.0020	0.0007	0.0026	0.0006
COG3676	0.0000	0.0051	0.0020	0.0008	0.0007	0.0041	0.0024	0.0066	0.0020	0.0088	0.0029
COG3677	0.0000	0.0723	0.0196	0.0038	0.0018	0.0137	0.0051	0.0210	0.0071	0.0316	0.0092
COG3678	0.0000	0.0029	0.0014	0.0003	0.0002	0.0006	0.0003	0.0008	0.0005	0.0007	0.0005
COG3679	0.0000	0.0129	0.0121	0.0016	0.0014	0.0062	0.0056	0.0113	0.0089	0.0127	0.0104
COG3680	0.0000	0.0011	0.0004	0.0002	0.0001	0.0005	0.0002	0.0007	0.0003	0.0010	0.0004
COG3681	0.0000	0.0124	0.0039	0.0030	0.0014	0.0071	0.0030	0.0149	0.0062	0.0247	0.0075
COG3682	0.0000	0.1091	0.0496	0.0041	0.0037	0.0162	0.0116	0.0439	0.0221	0.0407	0.0148
COG3683	0.0000	0.0027	0.0009	0.0011	0.0005	0.0013	0.0009	0.0013	0.0011	0.0017	0.0009
COG3684	0.0000	0.0038	0.0015	0.0004	0.0002	0.0013	0.0005	0.0035	0.0014	0.0051	0.0019
COG3685	0.0000	0.0013	0.0008	0.0002	0.0002	0.0010	0.0007	0.0011	0.0007	0.0019	0.0012
COG3686	0.0000	0.0003	0.0001	0.0002	0.0001	0.0003	0.0002	0.0006	0.0003	0.0006	0.0004
COG3687	0.0000	0.0008	0.0004	0.0004	0.0002	0.0006	0.0002	0.0008	0.0003	0.0010	0.0003
COG3688	0.0000	0.0069	0.0025	0.0006	0.0002	0.0015	0.0008	0.0018	0.0008	0.0020	0.0008
COG3689	0.0000	0.0041	0.0012	0.0010	0.0005	0.0020	0.0009	0.0017	0.0008	0.0024	0.0009
COG3691	0.0000	0.0000	0.0000	0.0001	0.0000	0.0000	0.0000	0.0000	0.0000	0.0000	0.0000
COG3692	0.0000	0.0007	0.0004	0.0006	0.0004	0.0006	0.0004	0.0007	0.0004	0.0007	0.0004
COG3693	0.0000	0.0109	0.0017	0.0011	0.0004	0.0039	0.0009	0.0093	0.0017	0.0139	0.0025
COG3694	0.0000	0.0020	0.0018	0.0004	0.0002	0.0003	0.0002	0.0008	0.0005	0.0021	0.0013
COG3695	0.0100	0.2229	0.0968	0.9363	0.0247	0.0111	0.0084	0.0182	0.0095	0.0173	0.0065
COG3696	0.0000	0.0010	0.0004	0.0002	0.0001	0.0005	0.0002	0.0005	0.0002	0.0008	0.0003
COG3697	0.0000	0.0013	0.0009	0.0004	0.0003	0.0018	0.0012	0.0020	0.0013	0.0031	0.0014
COG3698	0.0000	0.0004	0.0002	0.0001	0.0001	0.0002	0.0001	0.0003	0.0001	0.0006	0.0002
COG3700	0.0000	0.0017	0.0010	0.0010	0.0005	0.0010	0.0006	0.0015	0.0008	0.0018	0.0009
COG3701	0.0000	0.0012	0.0005	0.0002	0.0002	0.0007	0.0004	0.0018	0.0008	0.0022	0.0010
COG3702	0.0000	0.0013	0.0009	0.0009	0.0009	0.0012	0.0009	0.0021	0.0006	0.0023	0.0005
COG3703	0.0000	0.0251	0.0088	0.0037	0.0019	0.0083	0.0033	0.0128	0.0049	0.0121	0.0041
COG3704	0.0000	0.0014	0.0005	0.0010	0.0003	0.0010	0.0004	0.0012	0.0003	0.0015	0.0005
COG3705	0.0000	0.0084	0.0050	0.0007	0.0012	0.0165	0.0135	0.0195	0.0115	0.0316	0.0104
COG3707	0.0000	0.0131	0.0078	0.0017	0.0015	0.0060	0.0041	0.0105	0.0062	0.0076	0.0037
COG3708	0.0000	0.0154	0.0047	0.0020	0.0011	0.0059	0.0023	0.0096	0.0030	0.0149	0.0035
COG3709	0.0000	0.0068	0.0065	0.0026	0.0038	0.0032	0.0034	0.0043	0.0035	0.0056	0.0040
COG3710	0.0000	0.0010	0.0004	0.0006	0.0003	0.0013	0.0006	0.0016	0.0006	0.0016	0.0005
COG3711	0.0000	0.0014	0.0006	0.0002	0.0001	0.0010	0.0006	0.0018	0.0011	0.0025	0.0013
COG3712	0.0000	0.0053	0.0017	0.0012	0.0003	0.0033	0.0007	0.0043	0.0013	0.0035	0.0011
COG3713	0.0000	0.0006	0.0002	0.0001	0.0001	0.0002	0.0001	0.0003	0.0002	0.0005	0.0002
COG3714	0.0000	0.0025	0.0006	0.0005	0.0003	0.0009	0.0003	0.0018	0.0007	0.0031	0.0012
COG3715	0.0000	0.0006	0.0004	0.0001	0.0001	0.0004	0.0003	0.0008	0.0005	0.0017	0.0009
COG3716	0.0000	0.0002	0.0001	0.0000	0.0000	0.0002	0.0002	0.0005	0.0004	0.0012	0.0009
COG3717	0.0000	0.0005	0.0001	0.0001	0.0001	0.0006	0.0003	0.0012	0.0006	0.0018	0.0006
COG3718	0.0000	0.0041	0.0013	0.0004	0.0002	0.0013	0.0004	0.0037	0.0013	0.0050	0.0017
COG3719	0.0000	0.0013	0.0005	0.0008	0.0004	0.0012	0.0005	0.0012	0.0006	0.0013	0.0006
COG3720	0.0000	0.0012	0.0007	0.0005	0.0003	0.0007	0.0004	0.0007	0.0004	0.0009	0.0005
COG3721	0.0000	0.0012	0.0011	0.0006	0.0007	0.0013	0.0013	0.0015	0.0012	0.0016	0.0012
COG3722	0.0000	0.0037	0.0024	0.0012	0.0009	0.0021	0.0011	0.0021	0.0011	0.0019	0.0009
COG3723	0.0000	0.0032	0.0008	0.0003	0.0001	0.0019	0.0005	0.0032	0.0008	0.0051	0.0009
COG3724	0.0000	0.0004	0.0002	0.0004	0.0002	0.0005	0.0002	0.0009	0.0003	0.0012	0.0005
COG3725	0.0000	0.0003	0.0002	0.0004	0.0003	0.0005	0.0004	0.0007	0.0005	0.0009	0.0006
COG3726	0.0000	0.0001	0.0000	0.0001	0.0001	0.0001	0.0000	0.0000	0.0000	0.0000	0.0000
COG3727	0.0000	0.0337	0.0112	0.0034	0.0015	0.0159	0.0076	0.0104	0.0045	0.0147	0.0055
COG3728	0.0000	0.0013	0.0007	0.0001	0.0001	0.0004	0.0002	0.0008	0.0004	0.0013	0.0007
COG3729	0.0000	0.0038	0.0018	0.0006	0.0004	0.0021	0.0010	0.0025	0.0010	0.0032	0.0017
COG3730	0.0000	0.0005	0.0002	0.0001	0.0001	0.0003	0.0001	0.0005	0.0002	0.0008	0.0003
COG3731	0.0000	0.0003	0.0002	0.0001	0.0001	0.0002	0.0001	0.0004	0.0002	0.0008	0.0003
COG3732	0.0000	0.0006	0.0002	0.0002	0.0001	0.0003	0.0001	0.0005	0.0002	0.0008	0.0003
COG3733	0.0000	0.0010	0.0003	0.0002	0.0001	0.0006	0.0002	0.0008	0.0003	0.0013	0.0004
COG3734	0.0000	0.0011	0.0008	0.0005	0.0004	0.0007	0.0007	0.0014	0.0013	0.0013	0.0011
COG3735	0.0000	0.0013	0.0008	0.0002	0.0001	0.0008	0.0005	0.0009	0.0006	0.0021	0.0011
COG3736	0.0000	0.0008	0.0004	0.0009	0.0003	0.0010	0.0005	0.0013	0.0003	0.0016	0.0003
COG3737	0.0000	0.0012	0.0008	0.0003	0.0002	0.0006	0.0004	0.0013	0.0008	0.0011	0.0007
COG3738	0.0000	0.0005	0.0003	0.0001	0.0001	0.0003	0.0002	0.0007	0.0003	0.0015	0.0006
COG3739	0.0000	0.0002	0.0002	0.0001	0.0001	0.0003	0.0002	0.0003	0.0002	0.0004	0.0003
COG3740	0.0000	0.0020	0.0008	0.0002	0.0001	0.0007	0.0002	0.0012	0.0004	0.0022	0.0008
COG3741	0.0000	0.0132	0.0035	0.0021	0.0005	0.0079	0.0021	0.0169	0.0033	0.0176	0.0055
COG3742	0.0000	0.0009	0.0006	0.0004	0.0004	0.0003	0.0003	0.0002	0.0002	0.0003	0.0001
COG3743	0.0000	0.0209	0.0131	0.0013	0.0009	0.0027	0.0012	0.0051	0.0012	0.0109	0.0020
COG3744	0.0000	0.0086	0.0024	0.0018	0.0008	0.0035	0.0015	0.0043	0.0015	0.0046	0.0013
COG3745	0.0000	0.0012	0.0011	0.0001	0.0000	0.0005	0.0003	0.0013	0.0007	0.0017	0.0005
COG3746	0.0000	0.0013	0.0014	0.0003	0.0006	0.0012	0.0019	0.0023	0.0030	0.0025	0.0022
COG3747	0.0000	0.0015	0.0005	0.0002	0.0001	0.0005	0.0002	0.0010	0.0003	0.0012	0.0003
COG3748	0.0000	0.0002	0.0001	0.0001	0.0000	0.0002	0.0001	0.0004	0.0001	0.0007	0.0003
COG3749	0.0000	0.0020	0.0017	0.0021	0.0026	0.0019	0.0021	0.0021	0.0018	0.0023	0.0013
COG3750	0.0000	0.0018	0.0026	0.0023	0.0031	0.0022	0.0028	0.0026	0.0023	0.0031	0.0021
COG3751	0.0000	0.0021	0.0013	0.0004	0.0003	0.0020	0.0010	0.0022	0.0011	0.0028	0.0012
COG3752	0.0000	0.0020	0.0018	0.0003	0.0002	0.0008	0.0005	0.0018	0.0013	0.0037	0.0020
COG3753	0.0000	0.0004	0.0001	0.0001	0.0000	0.0004	0.0001	0.0004	0.0001	0.0005	0.0001
COG3754	0.0000	0.0009	0.0003	0.0002	0.0001	0.0005	0.0002	0.0010	0.0004	0.0012	0.0003
COG3755	0.0000	0.0010	0.0004	0.0001	0.0001	0.0005	0.0002	0.0008	0.0004	0.0010	0.0005
COG3756	0.0000	0.0006	0.0004	0.0002	0.0002	0.0005	0.0004	0.0008	0.0003	0.0009	0.0005
COG3757	0.0000	0.0005	0.0003	0.0001	0.0001	0.0005	0.0003	0.0010	0.0006	0.0017	0.0008
COG3758	0.0000	0.0003	0.0002	0.0001	0.0001	0.0002	0.0001	0.0004	0.0002	0.0005	0.0002
COG3759	0.0000	0.0002	0.0001	0.0001	0.0000	0.0001	0.0001	0.0004	0.0003	0.0005	0.0003
COG3760	0.0000	0.0050	0.0021	0.0016	0.0009	0.0045	0.0027	0.0047	0.0024	0.0077	0.0034
COG3761	0.0000	0.0001	0.0001	0.0002	0.0001	0.0001	0.0001	0.0003	0.0002	0.0004	0.0003
COG3762	0.0000	0.0012	0.0004	0.0002	0.0001	0.0005	0.0002	0.0010	0.0002	0.0014	0.0002
COG3763	0.0000	0.0004	0.0006	0.0005	0.0009	0.0011	0.0015	0.0022	0.0026	0.0036	0.0040
COG3764	0.0000	0.0031	0.0017	0.0006	0.0005	0.0018	0.0014	0.0036	0.0024	0.0062	0.0045
COG3765	0.0000	0.0005	0.0004	0.0002	0.0002	0.0005	0.0003	0.0006	0.0002	0.0006	0.0003
COG3766	0.0000	0.0012	0.0006	0.0002	0.0001	0.0005	0.0003	0.0009	0.0003	0.0011	0.0005
COG3767	0.0000	0.0011	0.0016	0.0009	0.0014	0.0015	0.0019	0.0020	0.0019	0.0025	0.0021
COG3768	0.0000	0.0010	0.0004	0.0002	0.0001	0.0006	0.0003	0.0010	0.0006	0.0010	0.0005
COG3769	0.0000	0.1550	0.0426	0.0200	0.0111	0.0547	0.0259	0.0767	0.0262	0.1047	0.0294
COG3770	0.0000	0.0016	0.0007	0.0004	0.0002	0.0008	0.0003	0.0009	0.0003	0.0010	0.0004
COG3771	0.0000	0.0000	0.0000	0.0000	0.0000	0.0000	0.0000	0.0000	0.0000	0.0000	0.0000
COG3772	0.0000	0.0019	0.0007	0.0003	0.0002	0.0008	0.0004	0.0010	0.0004	0.0017	0.0007
COG3773	0.0000	0.0013	0.0008	0.0004	0.0003	0.0010	0.0008	0.0029	0.0014	0.0056	0.0026
COG3774	0.0000	0.0014	0.0005	0.0003	0.0001	0.0011	0.0004	0.0024	0.0004	0.0038	0.0007
COG3775	0.0000	0.0038	0.0023	0.0006	0.0005	0.0009	0.0006	0.0014	0.0009	0.0018	0.0011
COG3776	0.0000	0.0001	0.0001	0.0002	0.0001	0.0002	0.0001	0.0001	0.0001	0.0001	0.0001
COG3777	0.0000	0.0008	0.0002	0.0002	0.0001	0.0004	0.0001	0.0005	0.0001	0.0007	0.0002
COG3778	0.0000	0.0006	0.0005	0.0001	0.0002	0.0005	0.0004	0.0010	0.0006	0.0016	0.0008
COG3779	0.0000	0.0005	0.0004	0.0001	0.0001	0.0003	0.0002	0.0005	0.0003	0.0006	0.0003
COG3780	0.0000	0.0473	0.0250	0.0068	0.0031	0.0331	0.0137	0.0496	0.0193	0.0529	0.0173
COG3781	0.0000	0.0011	0.0013	0.0003	0.0004	0.0008	0.0008	0.0009	0.0009	0.0011	0.0011
COG3782	0.0000	0.0003	0.0003	0.0002	0.0002	0.0004	0.0003	0.0009	0.0006	0.0012	0.0007
COG3783	0.0000	0.0000	0.0000	0.0000	0.0000	0.0001	0.0000	0.0000	0.0000	0.0000	0.0000
COG3784	0.0000	0.0008	0.0003	0.0001	0.0001	0.0002	0.0001	0.0002	0.0001	0.0002	0.0001
COG3785	0.0000	0.0003	0.0002	0.0003	0.0001	0.0003	0.0001	0.0004	0.0003	0.0006	0.0002
COG3786	0.0000	0.0003	0.0001	0.0002	0.0001	0.0004	0.0002	0.0008	0.0004	0.0014	0.0007
COG3787	0.0000	0.0032	0.0020	0.0010	0.0004	0.0023	0.0010	0.0053	0.0018	0.0050	0.0020
COG3788	0.0000	0.0008	0.0002	0.0009	0.0002	0.0012	0.0003	0.0010	0.0004	0.0014	0.0005
COG3789	0.0000	0.0002	0.0001	0.0001	0.0001	0.0001	0.0001	0.0002	0.0001	0.0002	0.0001
COG3790	0.0000	0.0003	0.0002	0.0005	0.0003	0.0006	0.0004	0.0004	0.0003	0.0004	0.0002
COG3791	0.0000	0.0005	0.0002	0.0001	0.0000	0.0003	0.0001	0.0008	0.0003	0.0013	0.0004
COG3792	0.0000	0.0001	0.0001	0.0001	0.0001	0.0002	0.0002	0.0002	0.0002	0.0002	0.0001
COG3793	0.0000	0.0044	0.0011	0.0005	0.0001	0.0023	0.0006	0.0041	0.0013	0.0042	0.0014
COG3794	0.0000	0.0474	0.0512	0.0043	0.0032	0.0187	0.0133	0.0188	0.0096	0.0198	0.0091
COG3795	0.0000	0.0014	0.0005	0.0002	0.0001	0.0005	0.0002	0.0007	0.0003	0.0010	0.0004
COG3797	0.0000	0.0209	0.0097	0.0029	0.0011	0.0065	0.0033	0.0093	0.0030	0.0122	0.0038
COG3798	0.0000	0.0007	0.0005	0.0004	0.0003	0.0008	0.0003	0.0007	0.0003	0.0007	0.0003
COG3799	0.0000	0.0051	0.0027	0.0019	0.0009	0.0008	0.0004	0.0016	0.0007	0.0017	0.0008
COG3800	0.0000	0.0004	0.0006	0.0003	0.0005	0.0004	0.0007	0.0007	0.0011	0.0008	0.0011
COG3801	0.0000	0.0014	0.0007	0.0006	0.0004	0.0015	0.0009	0.0016	0.0008	0.0019	0.0009
COG3802	0.0000	0.0019	0.0009	0.0009	0.0005	0.0012	0.0009	0.0019	0.0010	0.0016	0.0010
COG3803	0.0000	0.0006	0.0002	0.0002	0.0001	0.0003	0.0001	0.0005	0.0002	0.0007	0.0003
COG3804	0.0000	0.0440	0.0114	0.0040	0.0016	0.0077	0.0030	0.0125	0.0040	0.0122	0.0035
COG3805	0.0000	0.0010	0.0005	0.0003	0.0002	0.0006	0.0003	0.0012	0.0007	0.0013	0.0007
COG3806	0.0000	0.0025	0.0010	0.0004	0.0001	0.0007	0.0004	0.0012	0.0005	0.0020	0.0008
COG3807	0.0000	0.0008	0.0005	0.0005	0.0002	0.0005	0.0004	0.0011	0.0005	0.0017	0.0007
COG3808	0.0750	0.7871	0.0728	0.9926	0.0076	0.9651	0.0175	0.9397	0.0404	0.2246	0.0841
COG3809	0.0000	0.0200	0.0102	0.0022	0.0010	0.0079	0.0046	0.0120	0.0064	0.0089	0.0026
COG3811	0.0000	0.0001	0.0001	0.0001	0.0000	0.0001	0.0001	0.0001	0.0001	0.0001	0.0001
COG3812	0.0000	0.0002	0.0001	0.0001	0.0001	0.0003	0.0001	0.0006	0.0002	0.0007	0.0001
COG3813	0.0000	0.0005	0.0001	0.0001	0.0000	0.0002	0.0001	0.0003	0.0002	0.0004	0.0001
COG3814	0.0000	0.0014	0.0015	0.0011	0.0008	0.0018	0.0018	0.0023	0.0017	0.0021	0.0014
COG3815	0.0000	0.1078	0.0412	0.0111	0.0051	0.0408	0.0123	0.0642	0.0247	0.0792	0.0313
COG3816	0.0000	0.0016	0.0013	0.0005	0.0003	0.0006	0.0004	0.0009	0.0009	0.0011	0.0011
COG3817	0.0000	0.0005	0.0005	0.0003	0.0002	0.0004	0.0003	0.0004	0.0003	0.0004	0.0003
COG3818	0.0000	0.0008	0.0006	0.0004	0.0002	0.0012	0.0008	0.0019	0.0012	0.0033	0.0021
COG3819	0.0000	0.0005	0.0004	0.0003	0.0002	0.0005	0.0003	0.0004	0.0002	0.0005	0.0002
COG3820	0.0000	0.0004	0.0004	0.0010	0.0010	0.0011	0.0011	0.0018	0.0016	0.0024	0.0018
COG3821	0.0000	0.0022	0.0050	0.0013	0.0029	0.0015	0.0035	0.0018	0.0041	0.0019	0.0039
COG3822	0.0000	0.0043	0.0018	0.0007	0.0002	0.0012	0.0006	0.0032	0.0013	0.0032	0.0013
COG3823	0.0000	0.0161	0.0092	0.0012	0.0007	0.0070	0.0028	0.0249	0.0069	0.0305	0.0030
COG3824	0.0000	0.0010	0.0006	0.0001	0.0000	0.0006	0.0004	0.0007	0.0003	0.0010	0.0004
COG3825	0.0000	0.0045	0.0017	0.0006	0.0003	0.0016	0.0007	0.0022	0.0012	0.0027	0.0012
COG3826	0.0000	0.0020	0.0013	0.0003	0.0002	0.0009	0.0005	0.0014	0.0008	0.0014	0.0009
COG3827	0.0000	0.0017	0.0008	0.0006	0.0003	0.0015	0.0006	0.0022	0.0009	0.0033	0.0010
COG3828	0.0000	0.0034	0.0013	0.0008	0.0003	0.0012	0.0004	0.0045	0.0016	0.0051	0.0018
COG3829	0.0000	0.0149	0.0046	0.0010	0.0003	0.0040	0.0023	0.0052	0.0027	0.0075	0.0023
COG3830	0.0000	0.1564	0.0539	0.0319	0.0236	0.1282	0.0913	0.2121	0.0927	0.2128	0.0706
COG3831	0.0000	0.0067	0.0043	0.0005	0.0003	0.0014	0.0008	0.0035	0.0017	0.0040	0.0018
COG3832	0.0000	0.0139	0.0105	0.0009	0.0005	0.0016	0.0009	0.0047	0.0023	0.0089	0.0043
COG3833	0.0000	0.0038	0.0023	0.0004	0.0003	0.0009	0.0005	0.0020	0.0012	0.0033	0.0017
COG3835	0.0000	0.0018	0.0008	0.0006	0.0004	0.0015	0.0006	0.0017	0.0006	0.0028	0.0009
COG3836	0.0000	0.0684	0.0223	0.0083	0.0029	0.0241	0.0082	0.0250	0.0102	0.0215	0.0097
COG3837	0.0350	0.0691	0.0153	0.6386	0.0734	0.2843	0.0736	0.0028	0.0012	0.0030	0.0010
COG3838	0.0000	0.0009	0.0002	0.0003	0.0001	0.0005	0.0002	0.0010	0.0003	0.0014	0.0004
COG3839	0.0150	0.9908	0.0021	0.9997	0.0002	0.9990	0.0003	0.7039	0.0681	0.6600	0.0876
COG3840	0.0000	0.0007	0.0009	0.0010	0.0016	0.0008	0.0013	0.0008	0.0013	0.0008	0.0014
COG3842	0.0100	0.2435	0.0568	0.9279	0.0309	0.0221	0.0066	0.0494	0.0114	0.0679	0.0169
COG3843	0.0000	0.0012	0.0003	0.0001	0.0001	0.0004	0.0002	0.0012	0.0004	0.0019	0.0007
COG3844	0.0000	0.0034	0.0020	0.0007	0.0006	0.0021	0.0022	0.0051	0.0032	0.0067	0.0039
COG3845	0.0000	0.0510	0.0268	0.0037	0.0029	0.0114	0.0044	0.0211	0.0108	0.0235	0.0095
COG3846	0.0000	0.0008	0.0002	0.0002	0.0001	0.0006	0.0002	0.0008	0.0002	0.0010	0.0003
COG3847	0.0000	0.0022	0.0008	0.0003	0.0002	0.0011	0.0005	0.0022	0.0007	0.0031	0.0013
COG3848	0.0000	0.0045	0.0015	0.0008	0.0003	0.0020	0.0007	0.0041	0.0015	0.0041	0.0017
COG3850	0.0000	0.0027	0.0017	0.0003	0.0001	0.0005	0.0004	0.0010	0.0006	0.0013	0.0009
COG3851	0.0000	0.0003	0.0001	0.0002	0.0001	0.0004	0.0002	0.0004	0.0002	0.0005	0.0002
COG3852	0.0000	0.0218	0.0075	0.0028	0.0019	0.0051	0.0045	0.0065	0.0047	0.0090	0.0045
COG3853	0.0000	0.0040	0.0033	0.0003	0.0003	0.0016	0.0013	0.0032	0.0023	0.0073	0.0039
COG3854	0.0000	0.0075	0.0059	0.0015	0.0010	0.0030	0.0025	0.0054	0.0040	0.0072	0.0053
COG3855	0.0000	0.0003	0.0002	0.0001	0.0000	0.0003	0.0002	0.0006	0.0003	0.0015	0.0005
COG3856	0.0000	0.0024	0.0014	0.0007	0.0004	0.0022	0.0011	0.0028	0.0013	0.0037	0.0017
COG3857	0.0000	0.0018	0.0009	0.0002	0.0001	0.0005	0.0004	0.0017	0.0011	0.0018	0.0012
COG3858	0.0000	0.0016	0.0007	0.0003	0.0001	0.0009	0.0003	0.0031	0.0011	0.0040	0.0010
COG3859	0.0000	0.0054	0.0021	0.0030	0.0020	0.0116	0.0055	0.0076	0.0040	0.0087	0.0053
COG3860	0.0000	0.0022	0.0014	0.0005	0.0003	0.0009	0.0007	0.0016	0.0012	0.0012	0.0009
COG3861	0.0000	0.0028	0.0011	0.0002	0.0002	0.0007	0.0007	0.0011	0.0010	0.0015	0.0013
COG3862	0.0050	0.2375	0.0703	0.8430	0.0791	0.0080	0.0036	0.0150	0.0054	0.0250	0.0058
COG3863	0.0000	0.0273	0.0175	0.0024	0.0019	0.0056	0.0025	0.0136	0.0052	0.0176	0.0046
COG3864	0.0000	0.0116	0.0020	0.0011	0.0003	0.0031	0.0010	0.0053	0.0025	0.0090	0.0037
COG3865	0.0000	0.0072	0.0050	0.0007	0.0002	0.0027	0.0011	0.0033	0.0013	0.0043	0.0016
COG3866	0.0000	0.0074	0.0014	0.0011	0.0003	0.0071	0.0018	0.0144	0.0033	0.0169	0.0030
COG3867	0.0000	0.0028	0.0018	0.0007	0.0006	0.0019	0.0015	0.0048	0.0036	0.0059	0.0032
COG3868	0.0000	0.0020	0.0010	0.0004	0.0002	0.0015	0.0009	0.0030	0.0014	0.0045	0.0016
COG3869	0.0000	0.0016	0.0008	0.0005	0.0002	0.0017	0.0008	0.0022	0.0010	0.0032	0.0014
COG3870	0.0000	0.0009	0.0008	0.0003	0.0003	0.0012	0.0012	0.0015	0.0014	0.0016	0.0013
COG3871	0.0000	0.0219	0.0099	0.0015	0.0004	0.0051	0.0022	0.0107	0.0053	0.0128	0.0048
COG3872	0.0000	0.0023	0.0019	0.0002	0.0001	0.0017	0.0009	0.0036	0.0021	0.0049	0.0027
COG3874	0.0000	0.0507	0.0313	0.0100	0.0104	0.0185	0.0120	0.0310	0.0203	0.0329	0.0167
COG3875	0.0000	0.7132	0.1067	0.1592	0.0652	0.4056	0.1655	0.5245	0.1555	0.4444	0.1355
COG3876	0.0000	0.0071	0.0033	0.0008	0.0004	0.0021	0.0010	0.0064	0.0023	0.0090	0.0024
COG3877	0.0000	0.0026	0.0013	0.0003	0.0001	0.0007	0.0003	0.0011	0.0004	0.0009	0.0003
COG3878	0.0000	0.0016	0.0009	0.0002	0.0001	0.0006	0.0003	0.0010	0.0005	0.0025	0.0010
COG3879	0.0000	0.0026	0.0022	0.0008	0.0006	0.0025	0.0018	0.0038	0.0021	0.0050	0.0025
COG3880	0.0000	0.0008	0.0006	0.0002	0.0001	0.0006	0.0004	0.0006	0.0004	0.0013	0.0009
COG3881	0.0000	0.0024	0.0011	0.0007	0.0003	0.0014	0.0006	0.0021	0.0010	0.0035	0.0019
COG3882	0.0000	0.0058	0.0018	0.0013	0.0006	0.0036	0.0010	0.0038	0.0015	0.0051	0.0020
COG3883	0.0000	0.0018	0.0008	0.0005	0.0002	0.0013	0.0005	0.0017	0.0007	0.0023	0.0009
COG3884	0.0000	0.0017	0.0009	0.0006	0.0003	0.0012	0.0008	0.0029	0.0015	0.0063	0.0037
COG3885	0.0000	0.0188	0.0105	0.0022	0.0010	0.0043	0.0019	0.0088	0.0035	0.0058	0.0026
COG3886	0.0000	0.0125	0.0022	0.0015	0.0006	0.0034	0.0009	0.0038	0.0010	0.0035	0.0007
COG3887	0.0000	0.0006	0.0003	0.0004	0.0003	0.0018	0.0011	0.0043	0.0023	0.0088	0.0041
COG3888	0.0000	0.0492	0.0136	0.0352	0.0103	0.0325	0.0084	0.0468	0.0064	0.0402	0.0102
COG3889	0.0000	0.0967	0.0874	0.0189	0.0173	0.0306	0.0244	0.0505	0.0262	0.0325	0.0176
COG3890	0.0000	0.0009	0.0005	0.0066	0.0058	0.0035	0.0016	0.0038	0.0020	0.0046	0.0025
COG3892	0.0000	0.0011	0.0009	0.0005	0.0005	0.0013	0.0011	0.0020	0.0013	0.0029	0.0016
COG3893	0.0000	0.0006	0.0002	0.0004	0.0002	0.0005	0.0002	0.0005	0.0002	0.0005	0.0002
COG3894	0.0050	0.6627	0.1075	0.9836	0.0123	0.0491	0.0250	0.1191	0.0528	0.0799	0.0313
COG3895	0.0000	0.0020	0.0008	0.0006	0.0003	0.0010	0.0006	0.0012	0.0009	0.0013	0.0010
COG3896	0.0000	0.0011	0.0005	0.0003	0.0003	0.0004	0.0002	0.0010	0.0003	0.0017	0.0005
COG3897	0.0000	0.0023	0.0013	0.0003	0.0002	0.0009	0.0006	0.0009	0.0004	0.0009	0.0004
COG3898	0.0000	0.0016	0.0010	0.0016	0.0014	0.0016	0.0010	0.0017	0.0009	0.0018	0.0007
COG3899	0.0000	0.0081	0.0029	0.0011	0.0004	0.0035	0.0016	0.0043	0.0019	0.0051	0.0018
COG3900	0.0000	0.0007	0.0005	0.0002	0.0002	0.0005	0.0004	0.0007	0.0004	0.0008	0.0004
COG3901	0.0000	0.0009	0.0005	0.0010	0.0005	0.0013	0.0007	0.0013	0.0007	0.0012	0.0006
COG3903	0.0150	0.1064	0.0271	0.7175	0.0761	0.3599	0.0974	0.0034	0.0013	0.0047	0.0013
COG3904	0.0000	0.0013	0.0012	0.0006	0.0007	0.0009	0.0011	0.0011	0.0013	0.0012	0.0013
COG3905	0.0000	0.0025	0.0016	0.0005	0.0004	0.0008	0.0007	0.0007	0.0005	0.0005	0.0003
COG3906	0.0000	0.0013	0.0009	0.0003	0.0002	0.0010	0.0007	0.0024	0.0014	0.0022	0.0013
COG3907	0.0000	0.0017	0.0006	0.0007	0.0003	0.0007	0.0003	0.0012	0.0004	0.0012	0.0004
COG3908	0.0000	0.0002	0.0001	0.0007	0.0004	0.0008	0.0008	0.0013	0.0011	0.0018	0.0011
COG3909	0.0000	0.0006	0.0003	0.0003	0.0002	0.0003	0.0002	0.0005	0.0001	0.0007	0.0001
COG3910	0.0000	0.0048	0.0017	0.0005	0.0002	0.0013	0.0005	0.0026	0.0008	0.0047	0.0010
COG3911	0.0000	0.0025	0.0021	0.0007	0.0008	0.0014	0.0013	0.0028	0.0022	0.0051	0.0027
COG3913	0.0000	0.0013	0.0011	0.0007	0.0008	0.0009	0.0008	0.0013	0.0007	0.0015	0.0008
COG3914	0.0250	0.0180	0.0026	0.4328	0.0414	0.2276	0.0436	0.0026	0.0013	0.0024	0.0011
COG3915	0.0000	0.0041	0.0028	0.0013	0.0009	0.0016	0.0009	0.0014	0.0011	0.0014	0.0012
COG3916	0.0000	0.0016	0.0015	0.0004	0.0005	0.0012	0.0010	0.0018	0.0017	0.0018	0.0016
COG3917	0.0000	0.0004	0.0002	0.0003	0.0002	0.0005	0.0003	0.0010	0.0005	0.0016	0.0011
COG3918	0.0000	0.0005	0.0002	0.0003	0.0001	0.0004	0.0002	0.0005	0.0002	0.0007	0.0002
COG3919	0.0000	0.0661	0.0279	0.0038	0.0022	0.0214	0.0081	0.0300	0.0092	0.0401	0.0099
COG3920	0.0000	0.0417	0.0103	0.0028	0.0017	0.0120	0.0067	0.0174	0.0067	0.0170	0.0066
COG3921	0.0000	0.0011	0.0004	0.0004	0.0003	0.0007	0.0003	0.0007	0.0004	0.0008	0.0005
COG3923	0.0000	0.0000	0.0000	0.0000	0.0000	0.0000	0.0000	0.0000	0.0000	0.0000	0.0000
COG3924	0.0000	0.0014	0.0008	0.0007	0.0005	0.0011	0.0007	0.0013	0.0008	0.0016	0.0009
COG3926	0.0000	0.0011	0.0005	0.0002	0.0001	0.0005	0.0002	0.0010	0.0005	0.0015	0.0005
COG3930	0.0000	0.0013	0.0006	0.0004	0.0003	0.0023	0.0010	0.0050	0.0016	0.0081	0.0021
COG3931	0.0000	0.0005	0.0006	0.0002	0.0002	0.0004	0.0004	0.0004	0.0004	0.0006	0.0005
COG3932	0.0000	0.0062	0.0032	0.0016	0.0010	0.0031	0.0013	0.0057	0.0028	0.0054	0.0027
COG3933	0.0000	0.0000	0.0000	0.0000	0.0000	0.0000	0.0000	0.0000	0.0000	0.0000	0.0000
COG3934	0.0000	0.0220	0.0052	0.0018	0.0008	0.0065	0.0012	0.0157	0.0034	0.0140	0.0037
COG3935	0.0000	0.0028	0.0017	0.0004	0.0004	0.0012	0.0008	0.0025	0.0017	0.0042	0.0028
COG3936	0.0000	0.0009	0.0005	0.0003	0.0001	0.0009	0.0004	0.0013	0.0006	0.0021	0.0011
COG3937	0.0000	0.0114	0.0051	0.0006	0.0002	0.0025	0.0012	0.0032	0.0013	0.0034	0.0016
COG3938	0.0000	0.0067	0.0020	0.0006	0.0002	0.0022	0.0009	0.0040	0.0010	0.0036	0.0009
COG3940	0.0000	0.0017	0.0007	0.0002	0.0001	0.0012	0.0004	0.0040	0.0014	0.0073	0.0017
COG3941	0.0000	0.0015	0.0014	0.0002	0.0002	0.0006	0.0005	0.0008	0.0008	0.0014	0.0008
COG3942	0.0000	0.0003	0.0002	0.0001	0.0000	0.0002	0.0001	0.0004	0.0002	0.0007	0.0003
COG3943	0.0000	0.0106	0.0025	0.0014	0.0007	0.0039	0.0013	0.0059	0.0016	0.0076	0.0016
COG3944	0.0000	0.0012	0.0007	0.0001	0.0000	0.0006	0.0002	0.0010	0.0004	0.0015	0.0006
COG3945	0.0000	0.0846	0.0527	0.0047	0.0021	0.0276	0.0129	0.0251	0.0094	0.0248	0.0098
COG3946	0.0000	0.0015	0.0008	0.0005	0.0004	0.0007	0.0004	0.0006	0.0003	0.0005	0.0003
COG3947	0.0000	0.0013	0.0005	0.0003	0.0002	0.0007	0.0004	0.0011	0.0005	0.0014	0.0007
COG3948	0.0000	0.0012	0.0007	0.0003	0.0001	0.0006	0.0003	0.0014	0.0005	0.0018	0.0007
COG3949	0.0000	0.0885	0.0319	0.0108	0.0035	0.0172	0.0081	0.0270	0.0099	0.0219	0.0081
COG3950	0.0000	0.0171	0.0032	0.0009	0.0002	0.0029	0.0007	0.0042	0.0011	0.0063	0.0014
COG3951	0.0000	0.0002	0.0001	0.0001	0.0001	0.0005	0.0003	0.0010	0.0005	0.0015	0.0006
COG3952	0.0000	0.0015	0.0009	0.0006	0.0004	0.0010	0.0003	0.0015	0.0008	0.0022	0.0012
COG3953	0.0000	0.0029	0.0009	0.0012	0.0005	0.0018	0.0007	0.0020	0.0007	0.0020	0.0006
COG3954	0.0000	0.0023	0.0019	0.0016	0.0021	0.0026	0.0025	0.0022	0.0027	0.0029	0.0027
COG3955	0.0000	0.0020	0.0008	0.0006	0.0002	0.0019	0.0007	0.0030	0.0010	0.0040	0.0014
COG3957	0.0000	0.0013	0.0003	0.0002	0.0001	0.0010	0.0005	0.0012	0.0006	0.0029	0.0013
COG3958	0.0000	0.0728	0.0368	0.0086	0.0051	0.0388	0.0209	0.1287	0.0556	0.1016	0.0563
COG3959	0.0000	0.0987	0.0368	0.0111	0.0038	0.0436	0.0196	0.1301	0.0487	0.1115	0.0450
COG3960	0.0000	0.0108	0.0057	0.0027	0.0020	0.0056	0.0025	0.0044	0.0024	0.0044	0.0017
COG3961	0.0000	0.0053	0.0018	0.0006	0.0003	0.0021	0.0010	0.0024	0.0010	0.0028	0.0010
COG3962	0.0000	0.0004	0.0004	0.0001	0.0001	0.0002	0.0003	0.0007	0.0006	0.0011	0.0010
COG3963	0.0000	0.0011	0.0006	0.0003	0.0002	0.0008	0.0004	0.0010	0.0005	0.0015	0.0008
COG3964	0.0000	0.0027	0.0011	0.0006	0.0002	0.0011	0.0003	0.0016	0.0006	0.0022	0.0008
COG3965	0.0000	0.0006	0.0002	0.0002	0.0001	0.0005	0.0002	0.0008	0.0003	0.0009	0.0004
COG3966	0.0000	0.0004	0.0002	0.0001	0.0000	0.0002	0.0001	0.0002	0.0001	0.0003	0.0001
COG3967	0.0000	0.0048	0.0020	0.0009	0.0005	0.0016	0.0009	0.0029	0.0013	0.0028	0.0011
COG3968	0.0000	0.0022	0.0012	0.0005	0.0003	0.0012	0.0008	0.0019	0.0011	0.0015	0.0007
COG3969	0.0000	0.0041	0.0011	0.0007	0.0002	0.0017	0.0005	0.0037	0.0011	0.0060	0.0015
COG3970	0.0000	0.0119	0.0066	0.0017	0.0008	0.0035	0.0016	0.0083	0.0045	0.0073	0.0037
COG3971	0.0000	0.0036	0.0008	0.0006	0.0002	0.0013	0.0004	0.0024	0.0005	0.0027	0.0009
COG3972	0.0000	0.0066	0.0018	0.0008	0.0002	0.0015	0.0006	0.0018	0.0005	0.0016	0.0005
COG3973	0.0000	0.0008	0.0006	0.0001	0.0001	0.0003	0.0002	0.0006	0.0003	0.0012	0.0005
COG3975	0.0000	0.0022	0.0022	0.0005	0.0004	0.0015	0.0012	0.0043	0.0016	0.0077	0.0031
COG3976	0.0000	0.0013	0.0007	0.0002	0.0001	0.0007	0.0004	0.0020	0.0009	0.0027	0.0009
COG3977	0.0000	0.0013	0.0005	0.0003	0.0002	0.0010	0.0005	0.0012	0.0008	0.0014	0.0007
COG3978	0.0000	0.0007	0.0004	0.0007	0.0006	0.0008	0.0005	0.0008	0.0004	0.0007	0.0004
COG3979	0.0100	0.4302	0.0678	0.9710	0.0077	0.0481	0.0125	0.0566	0.0131	0.0534	0.0084
COG3980	0.0000	0.0155	0.0025	0.0020	0.0005	0.0067	0.0019	0.0071	0.0024	0.0079	0.0017
COG3981	0.0000	0.0018	0.0005	0.0003	0.0002	0.0009	0.0004	0.0024	0.0011	0.0048	0.0015
COG4002	0.0050	0.7035	0.0989	0.9753	0.0118	0.0966	0.0658	0.1369	0.0532	0.1609	0.0618
COG4003	0.0100	0.7434	0.1222	0.9846	0.0107	0.1776	0.1021	0.1883	0.1079	0.2230	0.1099
COG4004	0.0000	0.0597	0.0405	0.0119	0.0080	0.0120	0.0073	0.0285	0.0146	0.0639	0.0326
COG4006	0.0000	0.0457	0.0160	0.0069	0.0061	0.0056	0.0024	0.0061	0.0022	0.0086	0.0035
COG4007	0.0000	0.0029	0.0020	0.0066	0.0050	0.0118	0.0099	0.0114	0.0095	0.0080	0.0059
COG4008	0.0000	0.0161	0.0097	0.0475	0.0313	0.0302	0.0215	0.0246	0.0186	0.0208	0.0129
COG4009	0.0000	0.0146	0.0139	0.0299	0.0313	0.0272	0.0259	0.0272	0.0249	0.0170	0.0157
COG4010	0.0000	0.0241	0.0083	0.0341	0.0224	0.0541	0.0240	0.0391	0.0185	0.0291	0.0106
COG4012	0.0000	0.2633	0.0900	0.0281	0.0200	0.0680	0.0419	0.1218	0.0568	0.1883	0.0661
COG4013	0.0000	0.0001	0.0001	0.0006	0.0009	0.0005	0.0005	0.0003	0.0003	0.0003	0.0005
COG4014	0.0000	0.0127	0.0131	0.0132	0.0120	0.0128	0.0123	0.0169	0.0130	0.0237	0.0154
COG4015	0.0000	0.0020	0.0020	0.0061	0.0051	0.0096	0.0095	0.0083	0.0077	0.0058	0.0055
COG4016	0.0000	0.0017	0.0016	0.0053	0.0042	0.0102	0.0098	0.0089	0.0089	0.0059	0.0056
COG4017	0.0000	0.0021	0.0020	0.0067	0.0060	0.0120	0.0126	0.0101	0.0101	0.0069	0.0068
COG4018	0.0000	0.0027	0.0025	0.0064	0.0047	0.0115	0.0109	0.0101	0.0095	0.0073	0.0073
COG4019	0.0000	0.0010	0.0008	0.0044	0.0041	0.0069	0.0069	0.0059	0.0057	0.0042	0.0052
COG4020	0.0000	0.0336	0.0187	0.0215	0.0145	0.0620	0.0485	0.0617	0.0377	0.1109	0.0905
COG4021	0.0000	0.2478	0.0785	0.0218	0.0088	0.0388	0.0136	0.0651	0.0161	0.1393	0.0387
COG4022	0.0000	0.2554	0.1036	0.0838	0.0322	0.1438	0.0624	0.2110	0.0639	0.2881	0.0706
COG4023	0.0000	0.6692	0.1441	0.1609	0.1119	0.3420	0.1238	0.4937	0.1088	0.5206	0.0932
COG4024	0.0000	0.0157	0.0105	0.0333	0.0293	0.0229	0.0195	0.0154	0.0122	0.0101	0.0088
COG4025	0.0000	0.0682	0.0684	0.0467	0.0470	0.0351	0.0251	0.0288	0.0205	0.0253	0.0267
COG4026	0.0000	0.0165	0.0149	0.0136	0.0249	0.0058	0.0081	0.0043	0.0040	0.0052	0.0072
COG4028	0.0000	0.0895	0.0206	0.0312	0.0127	0.0582	0.0180	0.0549	0.0117	0.0724	0.0180
COG4029	0.0000	0.0724	0.0530	0.1226	0.0701	0.1035	0.0876	0.1037	0.0699	0.1519	0.0695
COG4030	0.0000	0.2161	0.0676	0.0195	0.0120	0.0792	0.0478	0.1678	0.0760	0.2945	0.1042
COG4031	0.0000	0.0865	0.0367	0.0059	0.0025	0.0131	0.0067	0.0174	0.0050	0.0174	0.0060
COG4032	0.0000	0.1691	0.0456	0.0224	0.0077	0.0449	0.0141	0.0668	0.0244	0.0922	0.0436
COG4033	0.0000	0.0012	0.0008	0.0014	0.0016	0.0016	0.0009	0.0016	0.0009	0.0037	0.0035
COG4034	0.0000	0.1486	0.0470	0.0160	0.0071	0.0260	0.0160	0.0424	0.0159	0.0631	0.0225
COG4035	0.0000	0.0000	0.0000	0.0002	0.0002	0.0003	0.0003	0.0003	0.0003	0.0003	0.0005
COG4036	0.0000	0.0012	0.0027	0.0050	0.0095	0.0092	0.0116	0.0093	0.0085	0.0104	0.0117
COG4037	0.0000	0.0015	0.0031	0.0059	0.0103	0.0103	0.0135	0.0101	0.0090	0.0114	0.0128
COG4038	0.0000	0.0015	0.0029	0.0054	0.0088	0.0100	0.0115	0.0103	0.0091	0.0110	0.0125
COG4039	0.0000	0.0000	0.0000	0.0002	0.0003	0.0002	0.0002	0.0002	0.0002	0.0002	0.0004
COG4040	0.0000	0.0014	0.0029	0.0053	0.0090	0.0088	0.0091	0.0093	0.0072	0.0096	0.0095
COG4041	0.0000	0.0014	0.0026	0.0050	0.0079	0.0090	0.0087	0.0093	0.0070	0.0102	0.0104
COG4042	0.0000	0.0000	0.0000	0.0002	0.0003	0.0003	0.0004	0.0003	0.0003	0.0003	0.0005
COG4043	0.0000	0.0081	0.0061	0.0010	0.0006	0.0023	0.0011	0.0031	0.0013	0.0064	0.0023
COG4044	0.0000	0.2691	0.1188	0.0485	0.0261	0.0559	0.0478	0.0505	0.0373	0.0394	0.0288
COG4046	0.0000	0.0832	0.0616	0.0874	0.0686	0.1421	0.0749	0.1876	0.0938	0.1656	0.0889
COG4047	0.0000	0.1059	0.0663	0.0156	0.0089	0.0464	0.0239	0.0627	0.0210	0.0879	0.0331
COG4048	0.0000	0.2439	0.1319	0.0854	0.0690	0.1712	0.1136	0.2055	0.1013	0.2341	0.0757
COG4049	0.0000	0.0017	0.0030	0.0022	0.0030	0.0008	0.0010	0.0005	0.0008	0.0006	0.0014
COG4050	0.0150	0.3951	0.1690	0.9051	0.0565	0.8360	0.1165	0.1009	0.0714	0.1519	0.0641
COG4051	0.0000	0.0731	0.0493	0.1345	0.0603	0.1107	0.0797	0.1159	0.0851	0.1588	0.0688
COG4052	0.0000	0.0917	0.0685	0.1794	0.1051	0.1248	0.1070	0.1151	0.0815	0.1562	0.0653
COG4053	0.0000	0.0000	0.0000	0.0002	0.0004	0.0001	0.0002	0.0001	0.0001	0.0001	0.0001
COG4054	0.0000	0.1392	0.1121	0.1518	0.1359	0.1761	0.1718	0.2204	0.1529	0.2791	0.0913
COG4055	0.0000	0.1066	0.0897	0.1569	0.1209	0.1249	0.1350	0.1459	0.1148	0.1599	0.0646
COG4056	0.0050	0.3130	0.1425	0.8921	0.0445	0.1914	0.2014	0.2212	0.1585	0.2775	0.0903
COG4057	0.0000	0.1390	0.1071	0.1805	0.1565	0.2263	0.2072	0.2628	0.1737	0.3087	0.1025
COG4058	0.0000	0.1433	0.1102	0.1732	0.1351	0.2122	0.1869	0.2426	0.1591	0.2820	0.0955
COG4059	0.0000	0.0136	0.0078	0.0188	0.0149	0.0328	0.0395	0.0337	0.0254	0.0419	0.0201
COG4060	0.0000	0.0167	0.0106	0.0226	0.0233	0.0344	0.0495	0.0341	0.0264	0.0424	0.0203
COG4061	0.0000	0.0337	0.0281	0.0203	0.0170	0.0354	0.0352	0.0469	0.0311	0.0564	0.0272
COG4062	0.0000	0.0136	0.0087	0.0150	0.0098	0.0242	0.0294	0.0283	0.0186	0.0346	0.0149
COG4063	0.0000	0.1696	0.0479	0.0289	0.0140	0.0991	0.0456	0.1395	0.0417	0.1267	0.0428
COG4064	0.0000	0.0092	0.0058	0.0075	0.0040	0.0076	0.0061	0.0083	0.0040	0.0103	0.0042
COG4065	0.0000	0.0813	0.0388	0.1230	0.0807	0.1039	0.0743	0.0732	0.0386	0.0908	0.0433
COG4066	0.0000	0.0188	0.0085	0.0153	0.0072	0.0286	0.0151	0.0383	0.0240	0.0411	0.0377
COG4067	0.0000	0.0020	0.0008	0.0005	0.0002	0.0007	0.0003	0.0008	0.0003	0.0018	0.0006
COG4068	0.0400	0.6100	0.1308	0.9897	0.0121	0.9703	0.0278	0.3372	0.1193	0.4310	0.1527
COG4069	0.0000	0.1755	0.0655	0.0894	0.0369	0.1559	0.0281	0.1467	0.0411	0.1977	0.0741
COG4070	0.0050	0.5888	0.1582	0.9599	0.0330	0.1106	0.0887	0.1128	0.0820	0.1642	0.0834
COG4071	0.0000	0.0431	0.0205	0.0164	0.0071	0.0487	0.0217	0.0487	0.0243	0.0388	0.0200
COG4072	0.0000	0.0634	0.0503	0.0236	0.0135	0.0405	0.0185	0.0415	0.0196	0.0475	0.0257
COG4073	0.0000	0.0327	0.0279	0.0259	0.0225	0.0342	0.0228	0.0446	0.0236	0.0455	0.0248
COG4075	0.0000	0.0072	0.0033	0.0211	0.0139	0.0162	0.0098	0.0102	0.0057	0.0157	0.0139
COG4076	0.0000	0.0406	0.0145	0.0096	0.0037	0.0234	0.0090	0.0263	0.0112	0.0267	0.0064
COG4077	0.0000	0.0000	0.0000	0.0001	0.0002	0.0001	0.0001	0.0001	0.0001	0.0001	0.0001
COG4078	0.0000	0.0013	0.0024	0.0041	0.0063	0.0086	0.0087	0.0089	0.0071	0.0102	0.0107
COG4079	0.0000	0.0096	0.0075	0.0079	0.0074	0.0156	0.0086	0.0136	0.0064	0.0234	0.0158
COG4080	0.0000	0.0260	0.0149	0.0665	0.0446	0.0526	0.0236	0.0438	0.0172	0.0447	0.0127
COG4081	0.0000	0.0020	0.0014	0.0027	0.0028	0.0041	0.0026	0.0046	0.0025	0.0104	0.0082
COG4083	0.0200	0.8262	0.2053	0.9739	0.0646	0.9442	0.1176	0.1600	0.0598	0.2233	0.1076
COG4084	0.0000	0.0014	0.0029	0.0049	0.0081	0.0090	0.0103	0.0094	0.0080	0.0103	0.0118
COG4085	0.0000	0.0141	0.0192	0.0028	0.0030	0.0079	0.0090	0.0141	0.0137	0.0159	0.0140
COG4086	0.0000	0.0032	0.0013	0.0008	0.0005	0.0017	0.0009	0.0019	0.0009	0.0026	0.0012
COG4087	0.0000	0.3768	0.1899	0.0259	0.0266	0.0568	0.0373	0.0925	0.0360	0.1060	0.0536
COG4088	0.0000	0.0368	0.0145	0.0112	0.0041	0.0154	0.0069	0.0169	0.0068	0.0162	0.0061
COG4089	0.0050	0.9413	0.0539	0.9962	0.0046	0.2424	0.1309	0.3718	0.1320	0.3966	0.1045
COG4090	0.0000	0.0877	0.0420	0.0528	0.0358	0.0961	0.0706	0.1084	0.0566	0.1276	0.0539
COG4091	0.0000	0.0069	0.0025	0.0008	0.0004	0.0013	0.0004	0.0017	0.0006	0.0021	0.0004
COG4092	0.0000	0.0002	0.0001	0.0004	0.0002	0.0004	0.0002	0.0004	0.0002	0.0004	0.0002
COG4093	0.0000	0.0001	0.0001	0.0001	0.0001	0.0002	0.0001	0.0001	0.0001	0.0002	0.0001
COG4094	0.0000	0.0019	0.0019	0.0006	0.0009	0.0007	0.0009	0.0007	0.0009	0.0008	0.0008
COG4095	0.0000	0.0284	0.0086	0.0035	0.0014	0.0272	0.0110	0.0499	0.0148	0.0937	0.0268
COG4096	0.0000	0.1569	0.0245	0.0212	0.0068	0.0373	0.0122	0.0233	0.0080	0.0440	0.0114
COG4097	0.0000	0.0022	0.0017	0.0002	0.0001	0.0005	0.0004	0.0012	0.0008	0.0021	0.0012
COG4098	0.0000	0.0027	0.0014	0.0008	0.0004	0.0013	0.0006	0.0013	0.0005	0.0015	0.0005
COG4099	0.0000	0.0020	0.0007	0.0004	0.0003	0.0013	0.0006	0.0021	0.0005	0.0038	0.0012
COG4100	0.0000	0.0022	0.0026	0.0012	0.0014	0.0029	0.0040	0.0050	0.0060	0.0057	0.0069
COG4101	0.0000	0.0021	0.0012	0.0005	0.0002	0.0010	0.0003	0.0014	0.0005	0.0020	0.0007
COG4102	0.0000	0.0005	0.0002	0.0002	0.0001	0.0003	0.0002	0.0010	0.0005	0.0016	0.0007
COG4103	0.0000	0.0027	0.0010	0.0005	0.0003	0.0007	0.0004	0.0010	0.0006	0.0013	0.0005
COG4104	0.0000	0.0164	0.0050	0.0013	0.0007	0.0048	0.0012	0.0084	0.0020	0.0095	0.0029
COG4105	0.0000	0.0006	0.0005	0.0005	0.0004	0.0008	0.0006	0.0016	0.0013	0.0020	0.0016
COG4106	0.0350	0.2131	0.0559	0.8756	0.0435	0.7086	0.0754	0.0129	0.0038	0.0159	0.0051
COG4107	0.0000	0.0071	0.0040	0.0017	0.0015	0.0031	0.0022	0.0039	0.0027	0.0031	0.0015
COG4108	0.0000	0.0001	0.0000	0.0000	0.0000	0.0000	0.0000	0.0001	0.0001	0.0002	0.0001
COG4109	0.0950	0.0105	0.0037	0.2667	0.1092	0.1630	0.0731	0.0433	0.0211	0.0022	0.0015
COG4110	0.0000	0.0007	0.0004	0.0002	0.0002	0.0004	0.0003	0.0006	0.0003	0.0006	0.0002
COG4111	0.0250	0.0047	0.0017	0.1364	0.0499	0.0284	0.0176	0.0005	0.0003	0.0007	0.0004
COG4112	0.0000	0.0014	0.0009	0.0003	0.0002	0.0010	0.0006	0.0015	0.0009	0.0027	0.0014
COG4113	0.0050	0.9297	0.0181	0.9968	0.0027	0.1589	0.0439	0.1424	0.0436	0.1198	0.0370
COG4114	0.0000	0.0026	0.0014	0.0007	0.0005	0.0007	0.0005	0.0005	0.0003	0.0004	0.0002
COG4115	0.0000	0.0009	0.0003	0.0001	0.0001	0.0007	0.0002	0.0009	0.0003	0.0017	0.0006
COG4116	0.0000	0.0005	0.0003	0.0003	0.0003	0.0006	0.0005	0.0014	0.0010	0.0018	0.0010
COG4117	0.0000	0.0020	0.0008	0.0002	0.0002	0.0004	0.0002	0.0005	0.0002	0.0011	0.0004
COG4118	0.0000	0.0063	0.0023	0.0016	0.0006	0.0013	0.0006	0.0008	0.0004	0.0008	0.0003
COG4119	0.0000	0.0072	0.0025	0.0009	0.0004	0.0020	0.0013	0.0029	0.0014	0.0056	0.0019
COG4120	0.0000	0.0005	0.0002	0.0002	0.0002	0.0003	0.0002	0.0006	0.0004	0.0007	0.0003
COG4121	0.0000	0.0077	0.0046	0.0022	0.0016	0.0112	0.0061	0.0198	0.0124	0.0356	0.0135
COG4122	0.0000	0.0601	0.0235	0.0053	0.0016	0.0170	0.0080	0.0267	0.0086	0.0517	0.0127
COG4123	0.1300	0.0655	0.0387	0.7625	0.1220	0.6323	0.1251	0.3620	0.1157	0.2607	0.0951
COG4124	0.0000	0.0061	0.0017	0.0007	0.0003	0.0029	0.0009	0.0090	0.0029	0.0161	0.0042
COG4125	0.0000	0.0012	0.0005	0.0007	0.0007	0.0009	0.0009	0.0010	0.0009	0.0009	0.0009
COG4126	0.0000	0.0571	0.0155	0.0089	0.0035	0.0070	0.0027	0.0086	0.0031	0.0085	0.0034
COG4127	0.0000	0.0392	0.0054	0.0058	0.0016	0.0061	0.0011	0.0061	0.0015	0.0081	0.0023
COG4128	0.0000	0.0016	0.0016	0.0004	0.0004	0.0011	0.0010	0.0016	0.0013	0.0016	0.0012
COG4129	0.0000	0.0004	0.0002	0.0001	0.0000	0.0005	0.0003	0.0010	0.0004	0.0014	0.0005
COG4130	0.0000	0.0015	0.0015	0.0012	0.0011	0.0013	0.0014	0.0016	0.0017	0.0016	0.0017
COG4132	0.0000	0.0027	0.0016	0.0007	0.0005	0.0010	0.0011	0.0009	0.0007	0.0008	0.0006
COG4133	0.0000	0.0044	0.0079	0.0033	0.0061	0.0040	0.0082	0.0041	0.0079	0.0039	0.0073
COG4134	0.0000	0.0027	0.0018	0.0005	0.0004	0.0008	0.0006	0.0008	0.0006	0.0010	0.0005
COG4135	0.0000	0.0006	0.0008	0.0006	0.0011	0.0006	0.0009	0.0006	0.0008	0.0007	0.0008
COG4136	0.0000	0.0006	0.0004	0.0005	0.0004	0.0005	0.0004	0.0006	0.0004	0.0006	0.0003
COG4137	0.0000	0.0021	0.0015	0.0007	0.0008	0.0014	0.0012	0.0024	0.0025	0.0030	0.0030
COG4138	0.0000	0.0000	0.0000	0.0000	0.0000	0.0000	0.0000	0.0000	0.0000	0.0000	0.0000
COG4139	0.0000	0.0000	0.0000	0.0000	0.0000	0.0000	0.0000	0.0000	0.0000	0.0000	0.0000
COG4143	0.0050	0.3467	0.1819	0.8590	0.0716	0.0297	0.0234	0.0415	0.0359	0.0287	0.0288
COG4145	0.0000	0.0017	0.0011	0.0002	0.0001	0.0014	0.0006	0.0033	0.0017	0.0050	0.0030
COG4146	0.0000	0.0002	0.0001	0.0000	0.0000	0.0001	0.0001	0.0004	0.0002	0.0006	0.0003
COG4147	0.0000	0.0295	0.0095	0.0027	0.0009	0.0084	0.0030	0.0096	0.0042	0.0109	0.0035
COG4148	0.0000	0.0013	0.0007	0.0005	0.0003	0.0013	0.0009	0.0016	0.0009	0.0012	0.0008
COG4149	0.0000	0.0142	0.0053	0.0006	0.0004	0.0029	0.0011	0.0076	0.0021	0.0087	0.0017
COG4150	0.0000	0.0004	0.0002	0.0003	0.0002	0.0006	0.0003	0.0006	0.0003	0.0006	0.0003
COG4152	0.4600	0.1055	0.0325	0.7636	0.0718	0.4182	0.1330	0.1764	0.0664	0.1531	0.0728
COG4154	0.0000	0.0005	0.0003	0.0001	0.0001	0.0002	0.0001	0.0006	0.0004	0.0013	0.0007
COG4158	0.0000	0.0017	0.0009	0.0004	0.0002	0.0008	0.0004	0.0014	0.0006	0.0012	0.0005
COG4160	0.0000	0.0010	0.0014	0.0010	0.0016	0.0010	0.0012	0.0012	0.0012	0.0016	0.0009
COG4166	0.0000	0.0006	0.0004	0.0000	0.0000	0.0001	0.0001	0.0002	0.0001	0.0004	0.0003
COG4168	0.0000	0.0001	0.0001	0.0002	0.0002	0.0002	0.0002	0.0001	0.0002	0.0001	0.0001
COG4171	0.0000	0.0000	0.0000	0.0001	0.0001	0.0001	0.0000	0.0000	0.0000	0.0000	0.0000
COG4174	0.0000	0.0013	0.0008	0.0010	0.0006	0.0025	0.0022	0.0013	0.0007	0.0016	0.0008
COG4175	0.0000	0.0098	0.0031	0.0014	0.0003	0.0039	0.0012	0.0078	0.0018	0.0126	0.0025
COG4176	0.0000	0.0096	0.0037	0.0007	0.0003	0.0024	0.0011	0.0053	0.0019	0.0098	0.0035
COG4177	0.0050	0.5664	0.1638	0.7116	0.1168	0.0176	0.0077	0.0396	0.0119	0.0550	0.0229
COG4178	0.0000	0.0010	0.0005	0.0006	0.0006	0.0011	0.0012	0.0016	0.0013	0.0027	0.0012
COG4181	0.0000	0.0029	0.0013	0.0012	0.0005	0.0024	0.0010	0.0013	0.0006	0.0024	0.0006
COG4185	0.0000	0.0040	0.0006	0.0007	0.0001	0.0020	0.0006	0.0023	0.0006	0.0030	0.0008
COG4186	0.0000	0.0326	0.0099	0.0049	0.0024	0.0117	0.0039	0.0138	0.0061	0.0196	0.0083
COG4187	0.0000	0.0004	0.0003	0.0001	0.0001	0.0002	0.0001	0.0003	0.0002	0.0003	0.0002
COG4188	0.0000	0.0057	0.0024	0.0009	0.0004	0.0021	0.0008	0.0037	0.0011	0.0046	0.0013
COG4189	0.0000	0.0060	0.0036	0.0012	0.0012	0.0022	0.0017	0.0033	0.0022	0.0039	0.0024
COG4190	0.0000	0.0424	0.0223	0.0026	0.0018	0.0065	0.0058	0.0061	0.0047	0.0075	0.0030
COG4191	0.0000	0.0349	0.0176	0.0012	0.0007	0.0097	0.0038	0.0207	0.0080	0.0330	0.0080
COG4192	0.0000	0.0010	0.0011	0.0005	0.0008	0.0011	0.0017	0.0012	0.0016	0.0010	0.0013
COG4193	0.0000	0.0004	0.0002	0.0001	0.0001	0.0004	0.0002	0.0009	0.0004	0.0015	0.0004
COG4194	0.0000	0.0041	0.0019	0.0008	0.0004	0.0014	0.0009	0.0021	0.0011	0.0022	0.0011
COG4195	0.0000	0.0028	0.0016	0.0005	0.0003	0.0012	0.0006	0.0016	0.0007	0.0017	0.0007
COG4196	0.0000	0.0005	0.0002	0.0002	0.0001	0.0003	0.0002	0.0004	0.0002	0.0006	0.0003
COG4197	0.0000	0.0003	0.0002	0.0002	0.0003	0.0003	0.0003	0.0004	0.0003	0.0005	0.0004
COG4198	0.0000	0.0881	0.0536	0.0080	0.0045	0.0212	0.0084	0.0298	0.0145	0.0418	0.0210
COG4199	0.0000	0.0000	0.0000	0.0000	0.0000	0.0000	0.0000	0.0000	0.0000	0.0000	0.0000
COG4200	0.0000	0.0032	0.0022	0.0005	0.0003	0.0017	0.0010	0.0013	0.0006	0.0011	0.0005
COG4206	0.0000	0.0054	0.0026	0.0017	0.0005	0.0071	0.0023	0.0129	0.0030	0.0130	0.0028
COG4208	0.0000	0.0005	0.0002	0.0001	0.0001	0.0002	0.0001	0.0004	0.0002	0.0006	0.0003
COG4209	0.0000	0.0005	0.0003	0.0005	0.0007	0.0006	0.0005	0.0016	0.0013	0.0020	0.0015
COG4211	0.0000	0.0001	0.0001	0.0001	0.0001	0.0001	0.0000	0.0002	0.0001	0.0003	0.0001
COG4213	0.0000	0.0019	0.0006	0.0003	0.0002	0.0015	0.0008	0.0022	0.0009	0.0026	0.0009
COG4214	0.0000	0.0010	0.0003	0.0002	0.0001	0.0005	0.0001	0.0009	0.0002	0.0011	0.0003
COG4215	0.0000	0.0010	0.0011	0.0009	0.0014	0.0010	0.0010	0.0013	0.0010	0.0018	0.0008
COG4218	0.0000	0.0035	0.0022	0.0033	0.0030	0.0024	0.0021	0.0029	0.0017	0.0047	0.0029
COG4219	0.0000	0.0024	0.0010	0.0002	0.0001	0.0010	0.0006	0.0022	0.0011	0.0028	0.0013
COG4220	0.0000	0.0005	0.0002	0.0001	0.0001	0.0003	0.0001	0.0005	0.0002	0.0006	0.0002
COG4221	0.0000	0.0149	0.0113	0.0008	0.0005	0.0052	0.0043	0.0112	0.0059	0.0106	0.0063
COG4222	0.0000	0.0033	0.0012	0.0004	0.0002	0.0009	0.0004	0.0010	0.0005	0.0011	0.0004
COG4223	0.0000	0.0020	0.0011	0.0003	0.0002	0.0009	0.0004	0.0009	0.0005	0.0011	0.0005
COG4224	0.0000	0.0006	0.0004	0.0002	0.0002	0.0007	0.0004	0.0017	0.0009	0.0034	0.0013
COG4225	0.0000	0.0019	0.0007	0.0003	0.0001	0.0013	0.0004	0.0038	0.0013	0.0055	0.0019
COG4226	0.0000	0.0011	0.0005	0.0002	0.0001	0.0003	0.0001	0.0006	0.0003	0.0007	0.0003
COG4227	0.0000	0.0299	0.0046	0.0020	0.0005	0.0052	0.0012	0.0070	0.0015	0.0086	0.0015
COG4228	0.0000	0.0010	0.0008	0.0003	0.0003	0.0007	0.0004	0.0009	0.0003	0.0011	0.0003
COG4229	0.0000	0.0017	0.0009	0.0006	0.0003	0.0020	0.0017	0.0026	0.0016	0.0027	0.0011
COG4230	0.0000	0.0001	0.0001	0.0001	0.0001	0.0002	0.0002	0.0002	0.0001	0.0002	0.0001
COG4231	0.0000	0.6883	0.0901	0.0712	0.0179	0.1304	0.0436	0.2094	0.0574	0.3314	0.0591
COG4232	0.0000	0.0135	0.0041	0.0015	0.0010	0.0054	0.0023	0.0080	0.0029	0.0094	0.0031
COG4233	0.0000	0.0013	0.0007	0.0015	0.0007	0.0015	0.0008	0.0021	0.0009	0.0024	0.0009
COG4235	0.0000	0.0023	0.0010	0.0006	0.0004	0.0006	0.0002	0.0013	0.0005	0.0020	0.0007
COG4237	0.0000	0.0459	0.0137	0.0047	0.0015	0.0314	0.0113	0.0582	0.0227	0.0324	0.0119
COG4238	0.0000	0.0008	0.0003	0.0005	0.0002	0.0008	0.0003	0.0008	0.0002	0.0008	0.0003
COG4239	0.0000	0.0013	0.0007	0.0008	0.0004	0.0017	0.0013	0.0014	0.0007	0.0017	0.0007
COG4240	0.0000	0.0010	0.0014	0.0006	0.0009	0.0018	0.0020	0.0035	0.0029	0.0044	0.0033
COG4241	0.0000	0.0050	0.0022	0.0019	0.0011	0.0033	0.0019	0.0035	0.0019	0.0038	0.0018
COG4242	0.0000	0.0088	0.0045	0.0012	0.0006	0.0020	0.0013	0.0023	0.0014	0.0024	0.0008
COG4243	0.0000	0.0062	0.0041	0.0006	0.0004	0.0047	0.0036	0.0088	0.0059	0.0130	0.0083
COG4244	0.0000	0.0016	0.0010	0.0001	0.0001	0.0004	0.0003	0.0007	0.0004	0.0009	0.0006
COG4245	0.0000	0.0030	0.0006	0.0004	0.0001	0.0013	0.0003	0.0021	0.0006	0.0044	0.0013
COG4246	0.0000	0.0017	0.0023	0.0010	0.0017	0.0016	0.0023	0.0014	0.0019	0.0014	0.0018
COG4247	0.0000	0.0020	0.0009	0.0008	0.0003	0.0009	0.0005	0.0012	0.0005	0.0011	0.0007
COG4248	0.0000	0.0033	0.0008	0.0004	0.0002	0.0012	0.0005	0.0021	0.0007	0.0041	0.0013
COG4249	0.0000	0.0504	0.0124	0.0041	0.0025	0.0155	0.0081	0.0197	0.0075	0.0237	0.0073
COG4250	0.0000	0.0080	0.0071	0.0017	0.0016	0.0030	0.0028	0.0033	0.0031	0.0027	0.0028
COG4251	0.0000	0.0843	0.0423	0.0038	0.0017	0.0187	0.0157	0.0159	0.0094	0.0134	0.0045
COG4252	0.0000	0.0011	0.0007	0.0003	0.0002	0.0005	0.0003	0.0010	0.0006	0.0009	0.0005
COG4253	0.0000	0.0012	0.0013	0.0007	0.0007	0.0011	0.0010	0.0012	0.0011	0.0014	0.0009
COG4254	0.0000	0.0047	0.0013	0.0007	0.0002	0.0017	0.0007	0.0042	0.0013	0.0041	0.0007
COG4255	0.0000	0.0002	0.0001	0.0001	0.0001	0.0003	0.0003	0.0006	0.0004	0.0007	0.0005
COG4256	0.0000	0.0017	0.0014	0.0008	0.0012	0.0015	0.0014	0.0014	0.0016	0.0015	0.0010
COG4257	0.0050	0.0384	0.0256	0.8030	0.0487	0.0029	0.0013	0.0064	0.0032	0.0061	0.0038
COG4258	0.0000	0.0010	0.0004	0.0003	0.0002	0.0004	0.0003	0.0011	0.0007	0.0017	0.0009
COG4259	0.0000	0.0003	0.0002	0.0002	0.0001	0.0003	0.0003	0.0005	0.0004	0.0006	0.0004
COG4260	0.0000	0.0110	0.0021	0.0026	0.0016	0.0026	0.0010	0.0062	0.0026	0.0095	0.0050
COG4261	0.0000	0.0003	0.0002	0.0001	0.0000	0.0002	0.0002	0.0008	0.0006	0.0009	0.0006
COG4262	0.0000	0.0330	0.0081	0.0025	0.0009	0.0133	0.0056	0.0196	0.0053	0.0312	0.0078
COG4263	0.0000	0.0082	0.0049	0.0008	0.0006	0.0026	0.0018	0.0042	0.0015	0.0061	0.0016
COG4264	0.0000	0.0089	0.0027	0.0021	0.0010	0.0039	0.0024	0.0043	0.0024	0.0051	0.0033
COG4266	0.0000	0.0003	0.0001	0.0001	0.0001	0.0003	0.0001	0.0004	0.0002	0.0007	0.0002
COG4267	0.0000	0.0004	0.0002	0.0000	0.0000	0.0004	0.0002	0.0005	0.0003	0.0006	0.0003
COG4268	0.0000	0.1920	0.0308	0.0179	0.0070	0.0106	0.0022	0.0129	0.0033	0.0164	0.0040
COG4269	0.0000	0.0005	0.0003	0.0001	0.0000	0.0005	0.0003	0.0009	0.0005	0.0011	0.0005
COG4270	0.0000	0.0005	0.0003	0.0001	0.0001	0.0004	0.0003	0.0010	0.0008	0.0016	0.0009
COG4271	0.0000	0.0319	0.0054	0.0032	0.0011	0.0100	0.0025	0.0108	0.0029	0.0094	0.0024
COG4272	0.0000	0.0070	0.0033	0.0020	0.0007	0.0018	0.0008	0.0028	0.0013	0.0037	0.0017
COG4273	0.0000	0.2575	0.0577	0.0154	0.0084	0.0610	0.0433	0.0611	0.0301	0.0498	0.0167
COG4274	0.0000	0.0482	0.0132	0.0025	0.0010	0.0175	0.0082	0.0330	0.0126	0.0416	0.0076
COG4275	0.0000	0.0578	0.0240	0.0059	0.0020	0.0103	0.0043	0.0067	0.0030	0.0046	0.0025
COG4276	0.0000	0.0048	0.0036	0.0005	0.0005	0.0010	0.0011	0.0022	0.0021	0.0025	0.0021
COG4277	0.0000	0.1809	0.0369	0.0126	0.0061	0.0362	0.0140	0.0375	0.0124	0.0784	0.0160
COG4278	0.0000	0.0013	0.0008	0.0002	0.0001	0.0007	0.0003	0.0012	0.0006	0.0020	0.0010
COG4279	0.0000	0.0299	0.0104	0.0015	0.0005	0.0039	0.0015	0.0054	0.0020	0.0064	0.0024
COG4280	0.0000	0.0025	0.0018	0.0009	0.0006	0.0014	0.0010	0.0028	0.0017	0.0038	0.0024
COG4281	0.0000	0.0032	0.0034	0.0012	0.0010	0.0012	0.0013	0.0018	0.0015	0.0021	0.0014
COG4282	0.0000	0.0027	0.0006	0.0003	0.0001	0.0005	0.0002	0.0006	0.0002	0.0009	0.0003
COG4283	0.0000	0.0024	0.0014	0.0004	0.0003	0.0008	0.0005	0.0018	0.0011	0.0026	0.0013
COG4284	0.0000	0.0011	0.0008	0.0003	0.0002	0.0009	0.0006	0.0021	0.0015	0.0028	0.0014
COG4285	0.0000	0.0274	0.0108	0.0046	0.0022	0.0084	0.0049	0.0129	0.0068	0.0157	0.0064
COG4286	0.0000	0.0008	0.0008	0.0001	0.0001	0.0004	0.0004	0.0011	0.0010	0.0014	0.0009
COG4287	0.0000	0.0028	0.0014	0.0014	0.0007	0.0016	0.0008	0.0032	0.0011	0.0041	0.0014
COG4288	0.0000	0.0057	0.0019	0.0007	0.0002	0.0017	0.0005	0.0033	0.0011	0.0029	0.0006
COG4289	0.0000	0.0011	0.0004	0.0002	0.0001	0.0010	0.0006	0.0031	0.0016	0.0044	0.0024
COG4290	0.0000	0.0007	0.0004	0.0003	0.0002	0.0006	0.0003	0.0008	0.0002	0.0016	0.0005
COG4291	0.0000	0.0018	0.0009	0.0007	0.0006	0.0012	0.0009	0.0014	0.0007	0.0023	0.0009
COG4292	0.0000	0.0016	0.0008	0.0002	0.0001	0.0007	0.0003	0.0017	0.0005	0.0025	0.0009
COG4293	0.0000	0.0015	0.0005	0.0003	0.0002	0.0008	0.0003	0.0013	0.0004	0.0018	0.0008
COG4294	0.0000	0.0201	0.0067	0.0017	0.0006	0.0075	0.0021	0.0152	0.0038	0.0197	0.0051
COG4295	0.0000	0.0028	0.0007	0.0003	0.0001	0.0009	0.0001	0.0021	0.0005	0.0046	0.0015
COG4296	0.0000	0.0010	0.0004	0.0002	0.0001	0.0005	0.0002	0.0006	0.0001	0.0011	0.0003
COG4297	0.0000	0.0009	0.0007	0.0002	0.0002	0.0003	0.0002	0.0005	0.0004	0.0005	0.0004
COG4298	0.0000	0.0007	0.0002	0.0001	0.0001	0.0003	0.0001	0.0004	0.0002	0.0004	0.0001
COG4299	0.0000	0.0049	0.0023	0.0009	0.0003	0.0027	0.0008	0.0035	0.0009	0.0044	0.0010
COG4300	0.0000	0.0085	0.0034	0.0015	0.0009	0.0022	0.0009	0.0040	0.0014	0.0038	0.0012
COG4301	0.0000	0.0147	0.0128	0.0023	0.0022	0.0108	0.0115	0.0143	0.0134	0.0218	0.0131
COG4302	0.0000	0.0018	0.0009	0.0002	0.0000	0.0003	0.0002	0.0005	0.0002	0.0007	0.0002
COG4303	0.0000	0.0011	0.0007	0.0001	0.0001	0.0002	0.0001	0.0003	0.0002	0.0005	0.0002
COG4304	0.0000	0.0004	0.0003	0.0003	0.0002	0.0004	0.0003	0.0005	0.0003	0.0005	0.0003
COG4305	0.0000	0.0015	0.0007	0.0003	0.0001	0.0006	0.0003	0.0010	0.0004	0.0010	0.0004
COG4306	0.0000	0.0042	0.0020	0.0012	0.0005	0.0020	0.0009	0.0022	0.0010	0.0019	0.0009
COG4307	0.0000	0.0010	0.0005	0.0003	0.0002	0.0008	0.0003	0.0007	0.0003	0.0013	0.0005
COG4308	0.0000	0.0014	0.0006	0.0006	0.0003	0.0012	0.0005	0.0016	0.0006	0.0018	0.0005
COG4309	0.0000	0.0014	0.0004	0.0002	0.0001	0.0004	0.0002	0.0005	0.0002	0.0008	0.0002
COG4310	0.0000	0.0018	0.0008	0.0003	0.0002	0.0012	0.0004	0.0021	0.0005	0.0023	0.0006
COG4311	0.0000	0.0024	0.0016	0.0010	0.0006	0.0017	0.0010	0.0019	0.0011	0.0022	0.0011
COG4312	0.0000	0.0011	0.0007	0.0002	0.0001	0.0005	0.0002	0.0011	0.0005	0.0015	0.0007
COG4313	0.0000	0.0006	0.0002	0.0001	0.0000	0.0003	0.0002	0.0008	0.0004	0.0009	0.0004
COG4314	0.0000	0.0075	0.0042	0.0004	0.0003	0.0017	0.0010	0.0027	0.0019	0.0034	0.0030
COG4315	0.0000	0.0164	0.0059	0.0013	0.0006	0.0031	0.0017	0.0048	0.0027	0.0085	0.0036
COG4316	0.0000	0.0005	0.0004	0.0004	0.0002	0.0004	0.0003	0.0006	0.0004	0.0005	0.0004
COG4317	0.0000	0.0036	0.0027	0.0009	0.0011	0.0019	0.0022	0.0026	0.0031	0.0032	0.0039
COG4318	0.0000	0.0005	0.0002	0.0003	0.0001	0.0006	0.0002	0.0007	0.0003	0.0009	0.0003
COG4319	0.0000	0.0198	0.0104	0.0014	0.0003	0.0033	0.0018	0.0033	0.0018	0.0069	0.0027
COG4320	0.0000	0.0029	0.0008	0.0004	0.0003	0.0013	0.0005	0.0017	0.0006	0.0027	0.0009
COG4321	0.0000	0.0006	0.0003	0.0011	0.0004	0.0007	0.0003	0.0007	0.0003	0.0009	0.0002
COG4322	0.0000	0.0006	0.0004	0.0003	0.0003	0.0008	0.0003	0.0010	0.0003	0.0013	0.0004
COG4323	0.0000	0.0003	0.0001	0.0003	0.0002	0.0003	0.0002	0.0003	0.0002	0.0003	0.0002
COG4324	0.0000	0.0015	0.0009	0.0007	0.0005	0.0007	0.0004	0.0017	0.0012	0.0012	0.0006
COG4325	0.0000	0.0068	0.0028	0.0010	0.0004	0.0030	0.0012	0.0029	0.0013	0.0036	0.0014
COG4326	0.0000	0.0087	0.0052	0.0010	0.0007	0.0017	0.0010	0.0014	0.0007	0.0009	0.0004
COG4327	0.0000	0.0011	0.0011	0.0002	0.0002	0.0005	0.0003	0.0009	0.0008	0.0012	0.0009
COG4328	0.0000	0.0096	0.0033	0.0021	0.0007	0.0033	0.0008	0.0067	0.0022	0.0072	0.0024
COG4329	0.0000	0.0031	0.0020	0.0006	0.0006	0.0017	0.0014	0.0021	0.0019	0.0026	0.0022
COG4330	0.0000	0.0027	0.0017	0.0005	0.0004	0.0008	0.0006	0.0011	0.0006	0.0014	0.0007
COG4331	0.0000	0.0004	0.0003	0.0002	0.0002	0.0004	0.0003	0.0007	0.0003	0.0010	0.0004
COG4332	0.0000	0.0011	0.0004	0.0002	0.0001	0.0004	0.0002	0.0004	0.0002	0.0004	0.0002
COG4333	0.0000	0.0015	0.0005	0.0002	0.0001	0.0007	0.0004	0.0015	0.0006	0.0023	0.0007
COG4334	0.0000	0.0027	0.0009	0.0008	0.0003	0.0012	0.0006	0.0016	0.0009	0.0014	0.0005
COG4335	0.0000	0.0100	0.0040	0.0007	0.0002	0.0034	0.0011	0.0056	0.0016	0.0064	0.0024
COG4336	0.0000	0.0491	0.0252	0.0027	0.0018	0.0125	0.0078	0.0155	0.0077	0.0175	0.0062
COG4337	0.0000	0.0006	0.0005	0.0002	0.0002	0.0008	0.0006	0.0014	0.0009	0.0016	0.0005
COG4338	0.0000	0.0003	0.0002	0.0001	0.0001	0.0003	0.0002	0.0005	0.0003	0.0009	0.0004
COG4339	0.0000	0.0032	0.0015	0.0005	0.0003	0.0022	0.0017	0.0048	0.0027	0.0084	0.0044
COG4340	0.0000	0.0010	0.0009	0.0004	0.0004	0.0011	0.0006	0.0012	0.0008	0.0012	0.0011
COG4341	0.0000	0.0008	0.0006	0.0004	0.0002	0.0008	0.0005	0.0017	0.0012	0.0022	0.0013
COG4342	0.0000	0.1196	0.0282	0.0438	0.0163	0.0580	0.0161	0.0679	0.0142	0.0612	0.0104
COG4343	0.0000	0.2561	0.0646	0.0689	0.0347	0.1093	0.0444	0.0979	0.0334	0.0829	0.0197
COG4344	0.0000	0.0599	0.0245	0.0065	0.0030	0.0128	0.0047	0.0156	0.0043	0.0149	0.0049
COG4345	0.0000	0.0246	0.0152	0.0729	0.0520	0.0436	0.0203	0.0471	0.0107	0.0460	0.0128
COG4346	0.0000	0.0546	0.0316	0.0126	0.0055	0.0523	0.0181	0.0876	0.0308	0.1327	0.0413
COG4347	0.0000	0.0559	0.0160	0.0076	0.0039	0.0232	0.0149	0.0288	0.0200	0.0348	0.0281
COG4352	0.0000	0.0215	0.0081	0.0145	0.0111	0.0258	0.0081	0.0233	0.0071	0.0218	0.0069
COG4353	0.0000	0.0429	0.0166	0.0144	0.0091	0.0269	0.0132	0.0302	0.0137	0.0269	0.0088
COG4354	0.0000	0.0156	0.0042	0.0025	0.0013	0.0044	0.0015	0.0070	0.0026	0.0071	0.0030
COG4357	0.0000	0.0015	0.0008	0.0003	0.0002	0.0010	0.0007	0.0013	0.0010	0.0012	0.0008
COG4359	0.0000	0.0058	0.0025	0.0007	0.0006	0.0018	0.0010	0.0027	0.0013	0.0035	0.0016
COG4360	0.0000	0.0022	0.0038	0.0007	0.0011	0.0015	0.0018	0.0024	0.0026	0.0025	0.0022
COG4362	0.0000	0.0010	0.0008	0.0003	0.0003	0.0007	0.0006	0.0010	0.0008	0.0009	0.0006
COG4365	0.0000	0.0076	0.0048	0.0026	0.0016	0.0050	0.0046	0.0054	0.0044	0.0058	0.0043
COG4367	0.0000	0.0012	0.0008	0.0004	0.0002	0.0011	0.0004	0.0020	0.0004	0.0020	0.0005
COG4370	0.0000	0.0026	0.0014	0.0015	0.0008	0.0029	0.0013	0.0044	0.0015	0.0038	0.0015
COG4371	0.0000	0.0011	0.0007	0.0007	0.0004	0.0008	0.0005	0.0008	0.0005	0.0008	0.0005
COG4372	0.0250	0.0263	0.0152	0.4666	0.0826	0.2610	0.0730	0.0035	0.0034	0.0059	0.0050
COG4373	0.0000	0.0061	0.0027	0.0009	0.0005	0.0032	0.0017	0.0038	0.0017	0.0072	0.0023
COG4374	0.0000	0.0009	0.0002	0.0003	0.0001	0.0004	0.0002	0.0002	0.0001	0.0002	0.0001
COG4377	0.0000	0.0036	0.0015	0.0007	0.0003	0.0016	0.0005	0.0023	0.0008	0.0039	0.0013
COG4378	0.0000	0.0006	0.0007	0.0001	0.0002	0.0002	0.0002	0.0002	0.0002	0.0002	0.0001
COG4379	0.0000	0.0005	0.0004	0.0002	0.0002	0.0004	0.0004	0.0008	0.0007	0.0011	0.0006
COG4380	0.0000	0.0003	0.0002	0.0001	0.0001	0.0003	0.0001	0.0005	0.0002	0.0006	0.0003
COG4381	0.0000	0.0015	0.0011	0.0006	0.0005	0.0010	0.0006	0.0014	0.0008	0.0015	0.0007
COG4382	0.0000	0.0008	0.0004	0.0002	0.0001	0.0004	0.0001	0.0005	0.0002	0.0007	0.0002
COG4383	0.0000	0.0013	0.0003	0.0001	0.0000	0.0005	0.0001	0.0010	0.0002	0.0018	0.0004
COG4384	0.0000	0.0011	0.0011	0.0006	0.0006	0.0012	0.0010	0.0016	0.0010	0.0016	0.0009
COG4385	0.0000	0.0031	0.0012	0.0004	0.0002	0.0010	0.0003	0.0020	0.0005	0.0029	0.0005
COG4386	0.0000	0.0006	0.0005	0.0002	0.0001	0.0005	0.0004	0.0008	0.0004	0.0015	0.0006
COG4387	0.0000	0.0003	0.0001	0.0001	0.0000	0.0002	0.0001	0.0004	0.0001	0.0006	0.0002
COG4388	0.0000	0.0002	0.0001	0.0000	0.0000	0.0001	0.0000	0.0002	0.0001	0.0003	0.0001
COG4389	0.0000	0.0002	0.0001	0.0002	0.0001	0.0003	0.0002	0.0004	0.0002	0.0008	0.0003
COG4390	0.0000	0.0001	0.0001	0.0001	0.0001	0.0001	0.0001	0.0003	0.0002	0.0004	0.0002
COG4391	0.0000	0.0003	0.0001	0.0002	0.0001	0.0002	0.0001	0.0006	0.0003	0.0007	0.0004
COG4392	0.0000	0.0123	0.0061	0.0013	0.0008	0.0031	0.0019	0.0048	0.0031	0.0069	0.0035
COG4393	0.0000	0.0070	0.0024	0.0009	0.0004	0.0018	0.0009	0.0034	0.0014	0.0051	0.0016
COG4394	0.0000	0.0015	0.0007	0.0016	0.0014	0.0023	0.0012	0.0031	0.0013	0.0039	0.0014
COG4395	0.0000	0.0006	0.0004	0.0003	0.0003	0.0012	0.0006	0.0012	0.0006	0.0015	0.0006
COG4396	0.0000	0.0005	0.0002	0.0001	0.0000	0.0003	0.0001	0.0006	0.0001	0.0007	0.0002
COG4397	0.0000	0.0011	0.0004	0.0002	0.0001	0.0006	0.0001	0.0011	0.0002	0.0017	0.0003
COG4398	0.0000	0.0004	0.0002	0.0001	0.0000	0.0001	0.0001	0.0002	0.0001	0.0003	0.0001
COG4399	0.0000	0.0201	0.0118	0.0019	0.0018	0.0026	0.0020	0.0049	0.0020	0.0138	0.0064
COG4401	0.0000	0.0048	0.0047	0.0007	0.0004	0.0014	0.0010	0.0046	0.0037	0.0037	0.0023
COG4402	0.0000	0.0010	0.0004	0.0003	0.0001	0.0005	0.0002	0.0009	0.0003	0.0013	0.0004
COG4403	0.0000	0.0056	0.0015	0.0010	0.0003	0.0026	0.0008	0.0033	0.0012	0.0040	0.0013
COG4405	0.0000	0.0026	0.0008	0.0004	0.0002	0.0010	0.0004	0.0022	0.0010	0.0026	0.0010
COG4408	0.0000	0.0056	0.0022	0.0016	0.0010	0.0026	0.0014	0.0036	0.0016	0.0030	0.0013
COG4409	0.0000	0.0341	0.0099	0.0053	0.0022	0.0181	0.0071	0.0213	0.0069	0.0254	0.0066
COG4412	0.0000	0.0473	0.0126	0.0056	0.0019	0.0241	0.0087	0.0219	0.0065	0.0250	0.0075
COG4413	0.0000	0.0038	0.0029	0.0013	0.0011	0.0034	0.0018	0.0040	0.0020	0.0063	0.0032
COG4416	0.0000	0.0013	0.0007	0.0005	0.0003	0.0017	0.0011	0.0035	0.0020	0.0054	0.0031
COG4420	0.0000	0.0039	0.0034	0.0008	0.0005	0.0019	0.0012	0.0038	0.0022	0.0064	0.0028
COG4421	0.0000	0.0080	0.0027	0.0013	0.0004	0.0031	0.0011	0.0054	0.0015	0.0051	0.0010
COG4422	0.0000	0.0287	0.0073	0.0019	0.0007	0.0051	0.0016	0.0095	0.0025	0.0100	0.0029
COG4423	0.0000	0.0017	0.0010	0.0007	0.0005	0.0006	0.0004	0.0004	0.0002	0.0005	0.0002
COG4424	0.0000	0.0165	0.0036	0.0010	0.0002	0.0051	0.0015	0.0075	0.0017	0.0077	0.0019
COG4425	0.0000	0.0005	0.0004	0.0001	0.0001	0.0003	0.0002	0.0005	0.0003	0.0007	0.0004
COG4427	0.0000	0.0019	0.0008	0.0005	0.0002	0.0009	0.0004	0.0009	0.0003	0.0009	0.0003
COG4430	0.0000	0.0161	0.0098	0.0026	0.0010	0.0135	0.0057	0.0206	0.0074	0.0249	0.0055
COG4443	0.0000	0.0017	0.0006	0.0004	0.0002	0.0015	0.0004	0.0038	0.0011	0.0061	0.0016
COG4445	0.0000	0.0006	0.0004	0.0007	0.0006	0.0010	0.0007	0.0015	0.0011	0.0027	0.0021
COG4446	0.0000	0.0013	0.0012	0.0003	0.0003	0.0004	0.0004	0.0005	0.0004	0.0011	0.0007
COG4447	0.0000	0.0086	0.0045	0.0013	0.0004	0.0032	0.0012	0.0049	0.0013	0.0098	0.0033
COG4448	0.0000	0.0015	0.0009	0.0009	0.0007	0.0016	0.0015	0.0018	0.0014	0.0028	0.0019
COG4449	0.0000	0.0009	0.0005	0.0005	0.0003	0.0005	0.0003	0.0006	0.0003	0.0006	0.0003
COG4451	0.0000	0.0051	0.0046	0.0013	0.0012	0.0015	0.0013	0.0016	0.0014	0.0025	0.0018
COG4452	0.0000	0.0003	0.0001	0.0001	0.0000	0.0002	0.0001	0.0006	0.0003	0.0007	0.0003
COG4453	0.0000	0.0010	0.0005	0.0003	0.0002	0.0003	0.0002	0.0003	0.0001	0.0003	0.0001
COG4454	0.0000	0.0009	0.0006	0.0003	0.0002	0.0005	0.0002	0.0009	0.0006	0.0014	0.0012
COG4455	0.0000	0.0013	0.0003	0.0003	0.0002	0.0009	0.0003	0.0010	0.0003	0.0015	0.0002
COG4456	0.0000	0.0011	0.0004	0.0003	0.0001	0.0007	0.0002	0.0008	0.0003	0.0007	0.0003
COG4457	0.0000	0.0010	0.0005	0.0004	0.0002	0.0007	0.0003	0.0010	0.0004	0.0013	0.0005
COG4458	0.0000	0.0011	0.0004	0.0005	0.0003	0.0008	0.0004	0.0011	0.0005	0.0015	0.0005
COG4459	0.0000	0.0004	0.0004	0.0003	0.0003	0.0005	0.0004	0.0006	0.0005	0.0005	0.0004
COG4460	0.0000	0.0061	0.0021	0.0013	0.0006	0.0021	0.0008	0.0025	0.0009	0.0026	0.0008
COG4461	0.0000	0.0004	0.0001	0.0001	0.0000	0.0002	0.0001	0.0004	0.0002	0.0006	0.0003
COG4463	0.0000	0.0018	0.0009	0.0008	0.0005	0.0030	0.0023	0.0028	0.0017	0.0029	0.0015
COG4464	0.0000	0.0017	0.0010	0.0001	0.0000	0.0008	0.0003	0.0017	0.0007	0.0018	0.0008
COG4465	0.0000	0.0024	0.0016	0.0007	0.0010	0.0010	0.0010	0.0016	0.0015	0.0012	0.0011
COG4466	0.0000	0.0011	0.0002	0.0006	0.0003	0.0024	0.0011	0.0035	0.0012	0.0077	0.0037
COG4467	0.0000	0.0068	0.0022	0.0005	0.0002	0.0020	0.0007	0.0045	0.0016	0.0079	0.0030
COG4468	0.0000	0.0004	0.0002	0.0001	0.0001	0.0004	0.0002	0.0014	0.0005	0.0031	0.0011
COG4469	0.0000	0.0048	0.0020	0.0005	0.0003	0.0014	0.0006	0.0021	0.0009	0.0030	0.0013
COG4470	0.0000	0.0001	0.0002	0.0003	0.0005	0.0004	0.0005	0.0008	0.0009	0.0013	0.0016
COG4471	0.0000	0.0001	0.0001	0.0002	0.0001	0.0001	0.0001	0.0002	0.0001	0.0002	0.0002
COG4472	0.0000	0.0024	0.0013	0.0013	0.0009	0.0051	0.0029	0.0072	0.0038	0.0083	0.0038
COG4473	0.0000	0.0005	0.0011	0.0006	0.0016	0.0005	0.0012	0.0005	0.0010	0.0004	0.0006
COG4474	0.0000	0.0018	0.0015	0.0005	0.0003	0.0011	0.0008	0.0033	0.0013	0.0060	0.0018
COG4475	0.0000	0.0008	0.0004	0.0002	0.0001	0.0007	0.0003	0.0007	0.0003	0.0008	0.0003
COG4476	0.0000	0.0002	0.0001	0.0003	0.0004	0.0004	0.0003	0.0005	0.0004	0.0006	0.0005
COG4477	0.0000	0.0002	0.0002	0.0002	0.0004	0.0004	0.0004	0.0006	0.0006	0.0011	0.0011
COG4478	0.0000	0.0009	0.0007	0.0003	0.0003	0.0017	0.0008	0.0031	0.0014	0.0050	0.0027
COG4479	0.0000	0.0010	0.0015	0.0009	0.0017	0.0010	0.0016	0.0010	0.0015	0.0009	0.0013
COG4481	0.0000	0.0055	0.0032	0.0008	0.0005	0.0022	0.0016	0.0039	0.0025	0.0054	0.0025
COG4483	0.0000	0.0000	0.0000	0.0000	0.0000	0.0000	0.0000	0.0000	0.0000	0.0000	0.0000
COG4485	0.0000	0.0037	0.0014	0.0007	0.0003	0.0025	0.0015	0.0051	0.0024	0.0063	0.0026
COG4487	0.0000	0.0013	0.0004	0.0003	0.0001	0.0013	0.0004	0.0054	0.0017	0.0085	0.0024
COG4492	0.0000	0.0010	0.0003	0.0006	0.0002	0.0007	0.0002	0.0018	0.0005	0.0025	0.0007
COG4493	0.0000	0.0009	0.0015	0.0006	0.0013	0.0007	0.0013	0.0007	0.0014	0.0006	0.0012
COG4495	0.0000	0.0001	0.0001	0.0001	0.0001	0.0003	0.0001	0.0004	0.0002	0.0005	0.0002
COG4496	0.0000	0.0016	0.0010	0.0004	0.0002	0.0016	0.0006	0.0062	0.0026	0.0074	0.0026
COG4499	0.0000	0.0004	0.0002	0.0003	0.0003	0.0004	0.0004	0.0005	0.0004	0.0005	0.0003
COG4502	0.0000	0.0021	0.0013	0.0005	0.0003	0.0006	0.0003	0.0018	0.0008	0.0051	0.0020
COG4506	0.0000	0.0014	0.0013	0.0007	0.0009	0.0024	0.0025	0.0037	0.0027	0.0041	0.0029
COG4508	0.0000	0.0031	0.0016	0.0016	0.0011	0.0042	0.0025	0.0062	0.0027	0.0092	0.0037
COG4509	0.0000	0.0015	0.0008	0.0011	0.0007	0.0023	0.0013	0.0051	0.0027	0.0068	0.0031
COG4512	0.0000	0.0005	0.0002	0.0002	0.0001	0.0005	0.0002	0.0006	0.0002	0.0008	0.0002
COG4517	0.0000	0.0007	0.0002	0.0002	0.0001	0.0003	0.0001	0.0005	0.0002	0.0007	0.0002
COG4518	0.0000	0.0002	0.0002	0.0004	0.0003	0.0004	0.0003	0.0004	0.0003	0.0003	0.0002
COG4519	0.0000	0.0002	0.0002	0.0003	0.0003	0.0003	0.0003	0.0002	0.0002	0.0001	0.0001
COG4520	0.0000	0.0013	0.0014	0.0006	0.0010	0.0007	0.0010	0.0013	0.0017	0.0019	0.0022
COG4521	0.0050	0.0110	0.0059	0.3196	0.1238	0.0009	0.0005	0.0013	0.0006	0.0017	0.0009
COG4525	0.0000	0.0022	0.0007	0.0017	0.0007	0.0015	0.0008	0.0014	0.0007	0.0015	0.0007
COG4529	0.0000	0.0004	0.0002	0.0002	0.0001	0.0005	0.0002	0.0005	0.0002	0.0005	0.0002
COG4530	0.0000	0.0007	0.0003	0.0010	0.0004	0.0009	0.0003	0.0009	0.0002	0.0009	0.0002
COG4531	0.0000	0.0001	0.0001	0.0000	0.0000	0.0001	0.0001	0.0002	0.0002	0.0004	0.0003
COG4533	0.0000	0.0002	0.0001	0.0001	0.0001	0.0001	0.0001	0.0001	0.0001	0.0001	0.0001
COG4535	0.0000	0.0008	0.0006	0.0012	0.0011	0.0018	0.0011	0.0025	0.0012	0.0032	0.0014
COG4536	0.0000	0.0031	0.0017	0.0014	0.0006	0.0026	0.0018	0.0041	0.0032	0.0053	0.0042
COG4537	0.0000	0.0021	0.0010	0.0004	0.0003	0.0011	0.0007	0.0022	0.0015	0.0029	0.0015
COG4538	0.0000	0.0010	0.0004	0.0002	0.0001	0.0003	0.0001	0.0003	0.0002	0.0005	0.0002
COG4539	0.0000	0.0002	0.0001	0.0001	0.0001	0.0003	0.0002	0.0006	0.0003	0.0008	0.0003
COG4540	0.0000	0.0005	0.0002	0.0001	0.0000	0.0005	0.0002	0.0011	0.0004	0.0018	0.0005
COG4541	0.0000	0.0029	0.0041	0.0013	0.0021	0.0016	0.0021	0.0016	0.0023	0.0016	0.0025
COG4542	0.0000	0.0017	0.0012	0.0004	0.0004	0.0005	0.0004	0.0006	0.0005	0.0004	0.0003
COG4544	0.0000	0.0022	0.0020	0.0013	0.0011	0.0014	0.0009	0.0016	0.0015	0.0014	0.0014
COG4545	0.0000	0.0002	0.0001	0.0002	0.0001	0.0005	0.0002	0.0007	0.0002	0.0008	0.0002
COG4547	0.0000	0.0041	0.0025	0.0019	0.0007	0.0042	0.0020	0.0055	0.0027	0.0058	0.0026
COG4548	0.0000	0.0081	0.0046	0.0012	0.0007	0.0078	0.0042	0.0109	0.0037	0.0080	0.0020
COG4549	0.0000	0.0006	0.0004	0.0002	0.0002	0.0008	0.0005	0.0011	0.0005	0.0010	0.0005
COG4550	0.0000	0.0002	0.0001	0.0003	0.0003	0.0003	0.0002	0.0003	0.0003	0.0004	0.0003
COG4551	0.0000	0.0066	0.0036	0.0009	0.0005	0.0039	0.0018	0.0063	0.0029	0.0090	0.0042
COG4552	0.0000	0.0332	0.0174	0.0051	0.0029	0.0077	0.0029	0.0091	0.0035	0.0107	0.0047
COG4553	0.0000	0.0055	0.0084	0.0027	0.0034	0.0033	0.0043	0.0032	0.0036	0.0041	0.0034
COG4555	0.0600	0.0889	0.0606	0.7785	0.1455	0.3193	0.1467	0.1794	0.0778	0.0035	0.0012
COG4558	0.0000	0.0023	0.0015	0.0006	0.0005	0.0009	0.0006	0.0013	0.0007	0.0014	0.0008
COG4559	0.0000	0.0006	0.0003	0.0001	0.0001	0.0003	0.0001	0.0003	0.0001	0.0005	0.0002
COG4564	0.0000	0.0047	0.0018	0.0005	0.0002	0.0016	0.0007	0.0027	0.0007	0.0026	0.0008
COG4565	0.0000	0.0025	0.0015	0.0002	0.0001	0.0011	0.0006	0.0017	0.0011	0.0023	0.0014
COG4566	0.0000	0.0010	0.0008	0.0002	0.0002	0.0004	0.0004	0.0007	0.0007	0.0007	0.0008
COG4567	0.0000	0.0006	0.0004	0.0001	0.0001	0.0005	0.0003	0.0011	0.0003	0.0017	0.0004
COG4568	0.0000	0.0005	0.0002	0.0003	0.0001	0.0004	0.0002	0.0004	0.0002	0.0004	0.0002
COG4569	0.0000	0.0037	0.0010	0.0006	0.0002	0.0014	0.0003	0.0021	0.0006	0.0024	0.0006
COG4570	0.0000	0.0067	0.0019	0.0005	0.0002	0.0028	0.0011	0.0035	0.0011	0.0061	0.0017
COG4571	0.0000	0.0009	0.0004	0.0004	0.0002	0.0009	0.0005	0.0013	0.0007	0.0014	0.0008
COG4572	0.0000	0.0236	0.0073	0.0034	0.0023	0.0053	0.0032	0.0073	0.0038	0.0103	0.0040
COG4573	0.0000	0.0043	0.0015	0.0009	0.0004	0.0042	0.0015	0.0073	0.0024	0.0065	0.0020
COG4574	0.0000	0.0005	0.0001	0.0004	0.0002	0.0008	0.0004	0.0009	0.0004	0.0011	0.0005
COG4575	0.0000	0.0042	0.0031	0.0019	0.0013	0.0028	0.0030	0.0039	0.0046	0.0044	0.0045
COG4576	0.0000	0.0007	0.0003	0.0001	0.0000	0.0002	0.0001	0.0003	0.0002	0.0005	0.0003
COG4577	0.0000	0.0004	0.0001	0.0001	0.0000	0.0001	0.0000	0.0002	0.0001	0.0003	0.0001
COG4578	0.0000	0.0006	0.0004	0.0002	0.0001	0.0003	0.0002	0.0005	0.0003	0.0009	0.0004
COG4579	0.0000	0.0006	0.0003	0.0002	0.0001	0.0004	0.0003	0.0004	0.0003	0.0008	0.0005
COG4580	0.0000	0.0007	0.0003	0.0002	0.0001	0.0004	0.0002	0.0006	0.0002	0.0007	0.0002
COG4581	0.0000	0.0020	0.0017	0.0007	0.0005	0.0013	0.0009	0.0030	0.0023	0.0054	0.0055
COG4582	0.0000	0.0007	0.0005	0.0005	0.0004	0.0009	0.0007	0.0009	0.0007	0.0016	0.0012
COG4583	0.0000	0.0017	0.0017	0.0016	0.0014	0.0021	0.0019	0.0025	0.0017	0.0030	0.0018
COG4584	0.0000	0.0147	0.0039	0.0006	0.0004	0.0019	0.0007	0.0053	0.0014	0.0074	0.0018
COG4585	0.0000	0.0037	0.0016	0.0003	0.0001	0.0007	0.0005	0.0013	0.0006	0.0017	0.0008
COG4586	0.0050	0.0093	0.0066	0.2394	0.1273	0.0003	0.0002	0.0007	0.0004	0.0021	0.0012
COG4587	0.0000	0.0019	0.0017	0.0005	0.0003	0.0002	0.0002	0.0006	0.0004	0.0019	0.0011
COG4588	0.0000	0.0071	0.0040	0.0019	0.0009	0.0032	0.0016	0.0040	0.0017	0.0032	0.0015
COG4589	0.0000	0.0001	0.0001	0.0000	0.0000	0.0001	0.0001	0.0003	0.0002	0.0008	0.0004
COG4590	0.0000	0.0004	0.0003	0.0001	0.0001	0.0003	0.0003	0.0002	0.0001	0.0003	0.0001
COG4591	0.0000	0.0463	0.0140	0.0089	0.0028	0.0263	0.0094	0.0299	0.0108	0.0329	0.0111
COG4592	0.0000	0.0004	0.0003	0.0005	0.0005	0.0006	0.0004	0.0005	0.0003	0.0004	0.0003
COG4594	0.0000	0.0005	0.0004	0.0003	0.0002	0.0004	0.0003	0.0004	0.0003	0.0003	0.0003
COG4597	0.0000	0.0028	0.0022	0.0013	0.0006	0.0020	0.0014	0.0014	0.0009	0.0016	0.0009
COG4598	0.0000	0.0012	0.0012	0.0007	0.0013	0.0008	0.0012	0.0010	0.0013	0.0011	0.0012
COG4603	0.0000	0.0611	0.0337	0.0028	0.0018	0.0099	0.0040	0.0189	0.0091	0.0244	0.0110
COG4604	0.0000	0.0004	0.0003	0.0001	0.0001	0.0003	0.0002	0.0004	0.0003	0.0004	0.0002
COG4605	0.0000	0.0003	0.0002	0.0001	0.0001	0.0002	0.0001	0.0003	0.0002	0.0003	0.0001
COG4606	0.0000	0.0003	0.0002	0.0001	0.0001	0.0003	0.0002	0.0004	0.0002	0.0004	0.0002
COG4607	0.0000	0.0003	0.0001	0.0001	0.0000	0.0002	0.0001	0.0003	0.0001	0.0003	0.0001
COG4608	0.0000	0.8560	0.0509	0.1990	0.0754	0.0736	0.0505	0.2707	0.1530	0.2255	0.1416
COG4615	0.0000	0.0017	0.0010	0.0002	0.0001	0.0005	0.0005	0.0006	0.0004	0.0004	0.0002
COG4618	0.0000	0.0014	0.0016	0.0005	0.0008	0.0014	0.0014	0.0017	0.0017	0.0018	0.0017
COG4619	0.0000	0.0019	0.0012	0.0003	0.0002	0.0009	0.0005	0.0016	0.0007	0.0016	0.0008
COG4623	0.0000	0.0009	0.0010	0.0003	0.0002	0.0006	0.0006	0.0013	0.0009	0.0018	0.0012
COG4624	0.0000	0.0029	0.0016	0.0010	0.0004	0.0026	0.0011	0.0033	0.0014	0.0046	0.0020
COG4625	0.0000	0.0032	0.0007	0.0005	0.0002	0.0010	0.0002	0.0021	0.0003	0.0025	0.0004
COG4626	0.0000	0.0018	0.0004	0.0001	0.0000	0.0004	0.0001	0.0013	0.0004	0.0020	0.0006
COG4627	0.0950	0.2953	0.0709	0.9572	0.0158	0.8665	0.0311	0.5297	0.0775	0.0185	0.0051
COG4628	0.0000	0.0007	0.0004	0.0001	0.0000	0.0005	0.0003	0.0008	0.0004	0.0015	0.0006
COG4630	0.0000	0.0026	0.0010	0.0005	0.0001	0.0012	0.0003	0.0023	0.0007	0.0026	0.0007
COG4631	0.0000	0.0043	0.0017	0.0013	0.0004	0.0022	0.0007	0.0031	0.0008	0.0030	0.0009
COG4632	0.0000	0.0052	0.0016	0.0011	0.0003	0.0019	0.0007	0.0030	0.0010	0.0048	0.0016
COG4633	0.0000	0.0029	0.0018	0.0006	0.0004	0.0011	0.0007	0.0021	0.0016	0.0040	0.0018
COG4634	0.0150	0.5815	0.0860	0.9660	0.0118	0.6700	0.0736	0.0090	0.0031	0.0092	0.0020
COG4635	0.0150	0.5561	0.1331	0.9778	0.0128	0.8585	0.0492	0.0408	0.0160	0.0388	0.0147
COG4636	0.0000	0.0084	0.0049	0.0008	0.0007	0.0020	0.0013	0.0012	0.0005	0.0017	0.0007
COG4637	0.0000	0.1377	0.0149	0.0083	0.0030	0.0144	0.0035	0.0155	0.0040	0.0185	0.0039
COG4638	0.0000	0.0017	0.0013	0.0003	0.0003	0.0005	0.0004	0.0009	0.0006	0.0018	0.0012
COG4639	0.0000	0.0058	0.0026	0.0004	0.0001	0.0009	0.0004	0.0022	0.0009	0.0052	0.0025
COG4640	0.0000	0.0015	0.0008	0.0002	0.0001	0.0005	0.0003	0.0010	0.0006	0.0013	0.0007
COG4641	0.4700	0.4529	0.0687	0.9235	0.0279	0.8007	0.0580	0.5241	0.0724	0.3514	0.0546
COG4642	0.0000	0.0006	0.0005	0.0001	0.0001	0.0004	0.0002	0.0010	0.0004	0.0011	0.0004
COG4643	0.0000	0.0134	0.0028	0.0015	0.0003	0.0037	0.0006	0.0046	0.0008	0.0074	0.0012
COG4644	0.0000	0.0014	0.0008	0.0001	0.0001	0.0003	0.0002	0.0005	0.0002	0.0008	0.0004
COG4645	0.0000	0.0015	0.0007	0.0005	0.0002	0.0008	0.0003	0.0009	0.0002	0.0011	0.0003
COG4646	0.0000	0.0032	0.0009	0.0012	0.0004	0.0022	0.0008	0.0027	0.0010	0.0027	0.0011
COG4647	0.0000	0.0163	0.0052	0.0015	0.0007	0.0033	0.0018	0.0030	0.0014	0.0034	0.0012
COG4648	0.0000	0.0003	0.0001	0.0001	0.0001	0.0003	0.0002	0.0006	0.0002	0.0008	0.0003
COG4649	0.0000	0.0006	0.0003	0.0018	0.0012	0.0022	0.0013	0.0026	0.0016	0.0031	0.0013
COG4650	0.0000	0.0004	0.0002	0.0002	0.0001	0.0003	0.0001	0.0004	0.0001	0.0008	0.0002
COG4651	0.0000	0.0036	0.0037	0.0016	0.0019	0.0033	0.0030	0.0042	0.0037	0.0049	0.0031
COG4652	0.0000	0.0004	0.0003	0.0002	0.0001	0.0005	0.0002	0.0007	0.0003	0.0008	0.0003
COG4653	0.0000	0.0032	0.0017	0.0003	0.0002	0.0016	0.0008	0.0032	0.0018	0.0041	0.0023
COG4654	0.0000	0.0014	0.0010	0.0014	0.0007	0.0017	0.0012	0.0026	0.0018	0.0036	0.0024
COG4655	0.0000	0.0019	0.0007	0.0004	0.0002	0.0014	0.0006	0.0022	0.0007	0.0027	0.0009
COG4656	0.0000	0.1804	0.0715	0.0117	0.0139	0.0492	0.0376	0.1257	0.0807	0.0791	0.0444
COG4657	0.0000	0.0088	0.0048	0.0011	0.0010	0.0043	0.0043	0.0094	0.0071	0.0145	0.0081
COG4658	0.0000	0.0120	0.0063	0.0017	0.0018	0.0055	0.0042	0.0135	0.0100	0.0210	0.0099
COG4659	0.0000	0.0090	0.0034	0.0004	0.0002	0.0039	0.0013	0.0085	0.0026	0.0151	0.0045
COG4660	0.0000	0.0094	0.0060	0.0014	0.0015	0.0045	0.0047	0.0100	0.0090	0.0144	0.0091
COG4662	0.0000	0.2477	0.0728	0.0284	0.0257	0.2032	0.1012	0.1581	0.0735	0.1139	0.0387
COG4663	0.0000	0.0050	0.0028	0.0011	0.0007	0.0027	0.0019	0.0039	0.0023	0.0048	0.0024
COG4664	0.0000	0.0039	0.0023	0.0008	0.0005	0.0017	0.0011	0.0026	0.0016	0.0032	0.0017
COG4665	0.0000	0.0058	0.0026	0.0005	0.0002	0.0017	0.0009	0.0038	0.0017	0.0039	0.0016
COG4666	0.0000	0.0584	0.0278	0.0026	0.0012	0.0084	0.0026	0.0228	0.0049	0.0291	0.0103
COG4667	0.0000	0.0012	0.0005	0.0004	0.0002	0.0018	0.0007	0.0055	0.0016	0.0101	0.0024
COG4668	0.0000	0.0009	0.0004	0.0003	0.0002	0.0007	0.0003	0.0012	0.0004	0.0012	0.0004
COG4669	0.0000	0.0004	0.0001	0.0003	0.0002	0.0006	0.0002	0.0011	0.0004	0.0017	0.0006
COG4670	0.0000	0.0201	0.0118	0.0016	0.0009	0.0047	0.0024	0.0077	0.0040	0.0109	0.0041
COG4671	0.0000	0.0099	0.0052	0.0013	0.0007	0.0034	0.0018	0.0023	0.0012	0.0031	0.0014
COG4672	0.0000	0.0021	0.0012	0.0007	0.0004	0.0012	0.0007	0.0017	0.0009	0.0016	0.0009
COG4674	0.0000	0.0079	0.0041	0.0008	0.0004	0.0007	0.0005	0.0012	0.0009	0.0017	0.0012
COG4675	0.0000	0.0093	0.0022	0.0010	0.0003	0.0020	0.0005	0.0035	0.0009	0.0043	0.0008
COG4676	0.0000	0.0039	0.0011	0.0006	0.0002	0.0016	0.0005	0.0031	0.0012	0.0053	0.0017
COG4677	0.0000	0.0039	0.0022	0.0006	0.0004	0.0032	0.0012	0.0060	0.0019	0.0093	0.0029
COG4678	0.0000	0.0016	0.0007	0.0005	0.0002	0.0013	0.0005	0.0017	0.0006	0.0017	0.0007
COG4679	0.0000	0.0011	0.0003	0.0001	0.0000	0.0004	0.0002	0.0007	0.0003	0.0010	0.0003
COG4680	0.0000	0.0010	0.0006	0.0002	0.0001	0.0004	0.0003	0.0006	0.0004	0.0006	0.0003
COG4681	0.0000	0.0006	0.0004	0.0002	0.0001	0.0003	0.0002	0.0004	0.0002	0.0005	0.0003
COG4682	0.0000	0.0004	0.0002	0.0001	0.0001	0.0003	0.0002	0.0004	0.0002	0.0004	0.0002
COG4683	0.0000	0.0010	0.0004	0.0002	0.0001	0.0004	0.0001	0.0005	0.0002	0.0006	0.0002
COG4684	0.0000	0.0010	0.0004	0.0009	0.0007	0.0006	0.0003	0.0011	0.0005	0.0010	0.0005
COG4685	0.0000	0.0002	0.0002	0.0002	0.0002	0.0003	0.0002	0.0003	0.0002	0.0004	0.0002
COG4687	0.0000	0.0001	0.0001	0.0001	0.0001	0.0004	0.0002	0.0006	0.0003	0.0011	0.0004
COG4688	0.0000	0.0007	0.0006	0.0004	0.0004	0.0006	0.0004	0.0007	0.0005	0.0006	0.0005
COG4689	0.0000	0.0353	0.0127	0.0019	0.0008	0.0051	0.0028	0.0092	0.0033	0.0110	0.0029
COG4690	0.0000	0.0295	0.0072	0.0039	0.0015	0.0101	0.0031	0.0123	0.0044	0.0165	0.0048
COG4691	0.0000	0.0021	0.0009	0.0005	0.0003	0.0004	0.0002	0.0003	0.0001	0.0004	0.0001
COG4692	0.0000	0.0054	0.0027	0.0013	0.0008	0.0028	0.0008	0.0034	0.0008	0.0033	0.0008
COG4693	0.0000	0.0010	0.0007	0.0005	0.0003	0.0006	0.0004	0.0006	0.0004	0.0005	0.0003
COG4694	0.0000	0.0048	0.0009	0.0007	0.0002	0.0023	0.0003	0.0028	0.0004	0.0040	0.0005
COG4695	0.0000	0.0025	0.0008	0.0003	0.0001	0.0009	0.0003	0.0024	0.0010	0.0034	0.0011
COG4696	0.0000	0.0008	0.0009	0.0003	0.0003	0.0010	0.0010	0.0027	0.0024	0.0038	0.0025
COG4697	0.0000	0.0136	0.0094	0.0235	0.0102	0.0198	0.0094	0.0199	0.0120	0.0152	0.0101
COG4698	0.0000	0.0012	0.0022	0.0012	0.0026	0.0010	0.0019	0.0009	0.0017	0.0007	0.0013
COG4699	0.0000	0.0000	0.0000	0.0000	0.0000	0.0001	0.0000	0.0001	0.0001	0.0001	0.0001
COG4700	0.0000	0.0009	0.0005	0.0002	0.0001	0.0003	0.0002	0.0006	0.0002	0.0007	0.0002
COG4701	0.0000	0.0001	0.0001	0.0001	0.0001	0.0002	0.0001	0.0004	0.0003	0.0007	0.0004
COG4702	0.0000	0.0005	0.0003	0.0002	0.0001	0.0003	0.0002	0.0006	0.0003	0.0005	0.0002
COG4703	0.0000	0.0000	0.0000	0.0000	0.0000	0.0000	0.0000	0.0000	0.0000	0.0000	0.0000
COG4704	0.0000	0.0029	0.0007	0.0010	0.0004	0.0021	0.0007	0.0044	0.0015	0.0048	0.0018
COG4705	0.0000	0.0021	0.0010	0.0006	0.0003	0.0011	0.0004	0.0018	0.0005	0.0024	0.0008
COG4706	0.0000	0.0004	0.0002	0.0001	0.0001	0.0004	0.0003	0.0010	0.0005	0.0014	0.0007
COG4707	0.0000	0.0000	0.0000	0.0000	0.0000	0.0001	0.0000	0.0001	0.0000	0.0001	0.0001
COG4708	0.0000	0.0263	0.0095	0.0063	0.0019	0.0159	0.0064	0.0172	0.0073	0.0130	0.0063
COG4709	0.0000	0.0114	0.0059	0.0026	0.0012	0.0045	0.0022	0.0096	0.0025	0.0101	0.0023
COG4710	0.0000	0.0070	0.0031	0.0009	0.0004	0.0019	0.0007	0.0028	0.0008	0.0036	0.0008
COG4711	0.0000	0.0253	0.0177	0.0018	0.0011	0.0071	0.0050	0.0110	0.0052	0.0098	0.0061
COG4712	0.0000	0.0008	0.0004	0.0001	0.0000	0.0004	0.0001	0.0006	0.0002	0.0007	0.0002
COG4713	0.0000	0.0026	0.0012	0.0004	0.0002	0.0016	0.0006	0.0021	0.0006	0.0011	0.0002
COG4714	0.0000	0.0017	0.0005	0.0003	0.0001	0.0004	0.0002	0.0009	0.0004	0.0011	0.0003
COG4715	0.0000	0.0453	0.0136	0.0027	0.0012	0.0064	0.0027	0.0074	0.0026	0.0112	0.0052
COG4716	0.0000	0.0064	0.0045	0.0011	0.0009	0.0023	0.0014	0.0032	0.0016	0.0026	0.0010
COG4717	0.0700	0.1296	0.0541	0.8904	0.0472	0.5450	0.1003	0.3148	0.0712	0.0150	0.0038
COG4718	0.0000	0.0005	0.0004	0.0004	0.0004	0.0005	0.0004	0.0005	0.0003	0.0005	0.0003
COG4719	0.0000	0.0006	0.0004	0.0001	0.0001	0.0003	0.0001	0.0006	0.0002	0.0005	0.0002
COG4720	0.0000	0.2582	0.1122	0.0402	0.0232	0.1641	0.0576	0.1483	0.0539	0.1257	0.0495
COG4721	0.0000	0.0108	0.0026	0.0061	0.0028	0.0103	0.0036	0.0069	0.0025	0.0081	0.0025
COG4722	0.0000	0.0027	0.0006	0.0005	0.0002	0.0013	0.0004	0.0023	0.0007	0.0025	0.0006
COG4723	0.0000	0.0006	0.0004	0.0004	0.0003	0.0006	0.0003	0.0007	0.0003	0.0007	0.0004
COG4724	0.0000	0.0006	0.0005	0.0004	0.0003	0.0006	0.0005	0.0008	0.0005	0.0010	0.0005
COG4725	0.0000	0.0080	0.0039	0.0009	0.0005	0.0020	0.0009	0.0025	0.0010	0.0028	0.0009
COG4726	0.0000	0.0026	0.0012	0.0008	0.0003	0.0018	0.0007	0.0024	0.0012	0.0024	0.0008
COG4727	0.0000	0.0005	0.0001	0.0003	0.0001	0.0006	0.0002	0.0007	0.0002	0.0007	0.0002
COG4728	0.0000	0.0004	0.0002	0.0001	0.0001	0.0003	0.0002	0.0010	0.0004	0.0021	0.0009
COG4729	0.0000	0.0076	0.0030	0.0016	0.0009	0.0041	0.0016	0.0063	0.0030	0.0106	0.0049
COG4731	0.0000	0.0003	0.0002	0.0001	0.0001	0.0004	0.0001	0.0005	0.0002	0.0010	0.0003
COG4732	0.0000	0.0298	0.0114	0.0048	0.0050	0.0218	0.0093	0.0251	0.0134	0.0206	0.0073
COG4733	0.0000	0.0493	0.0149	0.0029	0.0009	0.0154	0.0079	0.0413	0.0120	0.0495	0.0144
COG4734	0.0000	0.0013	0.0004	0.0002	0.0001	0.0003	0.0001	0.0007	0.0002	0.0011	0.0003
COG4735	0.0000	0.0016	0.0022	0.0005	0.0008	0.0011	0.0012	0.0018	0.0015	0.0024	0.0011
COG4736	0.0000	0.0016	0.0009	0.0011	0.0015	0.0012	0.0015	0.0014	0.0017	0.0014	0.0017
COG4737	0.0000	0.0007	0.0002	0.0002	0.0001	0.0003	0.0001	0.0003	0.0001	0.0005	0.0001
COG4738	0.0000	0.1212	0.0717	0.0142	0.0088	0.0213	0.0198	0.0356	0.0281	0.0309	0.0142
COG4739	0.0100	0.6195	0.1038	0.9704	0.0325	0.0803	0.0374	0.1292	0.0440	0.1339	0.0490
COG4740	0.0000	0.0341	0.0118	0.0265	0.0224	0.0215	0.0127	0.0162	0.0072	0.0134	0.0052
COG4741	0.0200	0.2996	0.0615	0.9883	0.0049	0.9691	0.0155	0.0808	0.0343	0.1126	0.0302
COG4742	0.0000	0.3467	0.1124	0.0340	0.0401	0.0608	0.0630	0.0653	0.0544	0.0771	0.0431
COG4743	0.0000	0.6378	0.0757	0.0442	0.0232	0.1739	0.0795	0.1993	0.0880	0.1870	0.0486
COG4744	0.0000	0.0460	0.0181	0.0017	0.0011	0.0077	0.0054	0.0204	0.0122	0.0202	0.0098
COG4745	0.0000	0.0488	0.0115	0.0061	0.0028	0.0147	0.0080	0.0271	0.0093	0.0391	0.0172
COG4746	0.0000	0.1001	0.0389	0.0178	0.0150	0.0276	0.0310	0.0303	0.0283	0.0222	0.0225
COG4747	0.0000	0.0466	0.0167	0.0010	0.0003	0.0068	0.0024	0.0389	0.0120	0.1283	0.0464
COG4748	0.0000	0.0212	0.0048	0.0020	0.0005	0.0053	0.0016	0.0084	0.0018	0.0121	0.0022
COG4749	0.0000	0.0560	0.0295	0.0106	0.0062	0.0072	0.0046	0.0064	0.0031	0.0113	0.0076
COG4750	0.0000	0.0004	0.0002	0.0002	0.0001	0.0007	0.0003	0.0016	0.0006	0.0024	0.0006
COG4752	0.0000	0.0014	0.0005	0.0006	0.0004	0.0008	0.0004	0.0011	0.0004	0.0016	0.0007
COG4753	0.0050	0.0321	0.0169	0.6301	0.1294	0.0014	0.0007	0.0030	0.0014	0.0018	0.0009
COG4754	0.0000	0.0115	0.0048	0.0036	0.0008	0.0048	0.0012	0.0087	0.0027	0.0079	0.0033
COG4755	0.0000	0.0008	0.0007	0.0055	0.0038	0.0032	0.0022	0.0032	0.0022	0.0029	0.0020
COG4756	0.0000	0.0463	0.0187	0.0045	0.0024	0.0107	0.0056	0.0114	0.0059	0.0189	0.0080
COG4757	0.0000	0.0014	0.0009	0.0007	0.0004	0.0009	0.0006	0.0010	0.0006	0.0008	0.0005
COG4758	0.0000	0.0023	0.0008	0.0003	0.0001	0.0015	0.0006	0.0022	0.0010	0.0033	0.0015
COG4759	0.0000	0.0007	0.0005	0.0002	0.0001	0.0004	0.0003	0.0006	0.0003	0.0007	0.0003
COG4760	0.0000	0.0020	0.0013	0.0010	0.0007	0.0018	0.0014	0.0042	0.0026	0.0065	0.0039
COG4762	0.0000	0.0008	0.0005	0.0003	0.0002	0.0005	0.0004	0.0006	0.0005	0.0007	0.0004
COG4763	0.0000	0.0006	0.0004	0.0001	0.0001	0.0005	0.0003	0.0011	0.0007	0.0013	0.0007
COG4764	0.0000	0.0013	0.0025	0.0011	0.0021	0.0014	0.0026	0.0018	0.0026	0.0023	0.0023
COG4765	0.0000	0.0012	0.0022	0.0007	0.0013	0.0011	0.0019	0.0014	0.0020	0.0015	0.0017
COG4766	0.0000	0.0006	0.0003	0.0001	0.0001	0.0002	0.0001	0.0004	0.0002	0.0004	0.0002
COG4767	0.0000	0.0019	0.0007	0.0002	0.0001	0.0014	0.0006	0.0019	0.0008	0.0027	0.0010
COG4768	0.0000	0.0023	0.0017	0.0010	0.0012	0.0022	0.0022	0.0033	0.0029	0.0047	0.0040
COG4769	0.0000	0.0007	0.0007	0.0003	0.0004	0.0006	0.0006	0.0008	0.0007	0.0011	0.0008
COG4770	0.0000	0.0493	0.0367	0.0016	0.0011	0.0147	0.0099	0.0286	0.0174	0.0236	0.0185
COG4772	0.0000	0.0005	0.0004	0.0006	0.0007	0.0011	0.0013	0.0015	0.0008	0.0021	0.0006
COG4773	0.0000	0.0032	0.0017	0.0009	0.0004	0.0020	0.0011	0.0030	0.0015	0.0030	0.0014
COG4774	0.0000	0.0008	0.0002	0.0004	0.0002	0.0010	0.0004	0.0012	0.0004	0.0013	0.0004
COG4775	0.0000	0.0019	0.0018	0.0012	0.0016	0.0029	0.0023	0.0054	0.0038	0.0063	0.0043
COG4776	0.0000	0.0001	0.0001	0.0003	0.0002	0.0006	0.0004	0.0011	0.0006	0.0013	0.0008
COG4778	0.0000	0.0042	0.0016	0.0009	0.0005	0.0019	0.0010	0.0026	0.0015	0.0022	0.0009
COG4779	0.0000	0.0013	0.0011	0.0007	0.0006	0.0012	0.0009	0.0009	0.0008	0.0007	0.0006
COG4781	0.0000	0.0000	0.0000	0.0000	0.0000	0.0000	0.0000	0.0000	0.0000	0.0000	0.0000
COG4782	0.0000	0.0008	0.0004	0.0002	0.0001	0.0003	0.0001	0.0004	0.0001	0.0006	0.0002
COG4783	0.0000	0.0032	0.0015	0.0008	0.0003	0.0020	0.0010	0.0033	0.0017	0.0046	0.0026
COG4784	0.0000	0.0007	0.0003	0.0003	0.0001	0.0006	0.0004	0.0008	0.0006	0.0012	0.0009
COG4785	0.0000	0.0021	0.0013	0.0011	0.0006	0.0013	0.0008	0.0010	0.0006	0.0008	0.0005
COG4786	0.0000	0.0005	0.0002	0.0001	0.0000	0.0003	0.0001	0.0005	0.0002	0.0009	0.0003
COG4787	0.0000	0.0013	0.0007	0.0020	0.0016	0.0029	0.0014	0.0041	0.0013	0.0056	0.0015
COG4789	0.0000	0.0013	0.0004	0.0005	0.0004	0.0013	0.0003	0.0026	0.0008	0.0039	0.0015
COG4790	0.0000	0.0005	0.0001	0.0003	0.0002	0.0006	0.0002	0.0012	0.0004	0.0016	0.0006
COG4791	0.0000	0.0006	0.0003	0.0006	0.0008	0.0008	0.0005	0.0014	0.0009	0.0019	0.0014
COG4792	0.0000	0.0004	0.0002	0.0004	0.0005	0.0006	0.0004	0.0007	0.0003	0.0009	0.0005
COG4794	0.0000	0.0005	0.0003	0.0008	0.0012	0.0010	0.0008	0.0014	0.0012	0.0020	0.0019
COG4795	0.0000	0.0026	0.0012	0.0003	0.0001	0.0016	0.0009	0.0021	0.0011	0.0022	0.0010
COG4796	0.0000	0.0021	0.0008	0.0004	0.0002	0.0013	0.0005	0.0024	0.0007	0.0032	0.0016
COG4797	0.0000	0.0020	0.0020	0.0022	0.0017	0.0040	0.0038	0.0052	0.0036	0.0042	0.0031
COG4798	0.0000	0.0032	0.0008	0.0012	0.0004	0.0023	0.0009	0.0052	0.0016	0.0058	0.0014
COG4799	0.0000	0.1673	0.0907	0.0100	0.0051	0.0709	0.0406	0.0945	0.0330	0.0792	0.0244
COG4800	0.0000	0.2473	0.1233	0.1113	0.0930	0.1615	0.1347	0.2248	0.1185	0.2970	0.1113
COG4801	0.0100	0.4475	0.1778	0.8535	0.1831	0.0262	0.0110	0.0404	0.0138	0.0503	0.0224
COG4802	0.0000	0.1737	0.0418	0.0137	0.0039	0.0378	0.0182	0.0505	0.0221	0.0603	0.0160
COG4803	0.0000	0.0101	0.0041	0.0004	0.0003	0.0009	0.0006	0.0024	0.0013	0.0026	0.0009
COG4804	0.0000	0.0268	0.0101	0.0029	0.0023	0.0046	0.0015	0.0058	0.0013	0.0101	0.0018
COG4805	0.0000	0.0136	0.0047	0.0027	0.0013	0.0039	0.0018	0.0078	0.0039	0.0099	0.0046
COG4806	0.0000	0.0011	0.0004	0.0003	0.0001	0.0005	0.0002	0.0012	0.0005	0.0021	0.0007
COG4807	0.0000	0.0006	0.0005	0.0001	0.0001	0.0006	0.0005	0.0013	0.0011	0.0022	0.0010
COG4808	0.0000	0.0017	0.0006	0.0008	0.0003	0.0017	0.0007	0.0026	0.0010	0.0027	0.0010
COG4809	0.0000	0.3815	0.1583	0.0421	0.0186	0.0840	0.0291	0.1013	0.0305	0.0993	0.0449
COG4810	0.0000	0.0002	0.0001	0.0001	0.0001	0.0002	0.0001	0.0004	0.0001	0.0008	0.0002
COG4811	0.0000	0.0001	0.0001	0.0002	0.0002	0.0002	0.0001	0.0001	0.0001	0.0001	0.0001
COG4812	0.0000	0.0006	0.0002	0.0002	0.0001	0.0004	0.0001	0.0006	0.0001	0.0007	0.0002
COG4813	0.0000	0.0041	0.0021	0.0005	0.0004	0.0023	0.0022	0.0062	0.0054	0.0067	0.0063
COG4814	0.0000	0.0002	0.0001	0.0002	0.0002	0.0005	0.0004	0.0005	0.0004	0.0007	0.0006
COG4815	0.0000	0.0001	0.0001	0.0000	0.0001	0.0001	0.0001	0.0001	0.0001	0.0002	0.0001
COG4816	0.0000	0.0010	0.0005	0.0004	0.0002	0.0004	0.0002	0.0008	0.0003	0.0009	0.0003
COG4817	0.0000	0.0036	0.0014	0.0008	0.0004	0.0024	0.0013	0.0025	0.0014	0.0028	0.0014
COG4818	0.0000	0.1775	0.0474	0.0298	0.0090	0.0619	0.0306	0.1335	0.0466	0.1833	0.0566
COG4819	0.0000	0.0045	0.0018	0.0008	0.0003	0.0008	0.0004	0.0012	0.0007	0.0015	0.0008
COG4820	0.0000	0.0022	0.0009	0.0007	0.0002	0.0008	0.0003	0.0012	0.0005	0.0014	0.0005
COG4821	0.0000	0.0050	0.0020	0.0016	0.0009	0.0016	0.0006	0.0030	0.0011	0.0039	0.0013
COG4822	0.0000	0.0076	0.0038	0.0009	0.0004	0.0024	0.0009	0.0090	0.0042	0.0149	0.0055
COG4823	0.0000	0.0003	0.0002	0.0001	0.0000	0.0003	0.0002	0.0005	0.0003	0.0009	0.0005
COG4824	0.0000	0.0014	0.0009	0.0003	0.0002	0.0008	0.0005	0.0017	0.0007	0.0021	0.0007
COG4825	0.0000	0.0016	0.0006	0.0004	0.0002	0.0008	0.0005	0.0012	0.0004	0.0009	0.0003
COG4826	0.0000	0.0871	0.0317	0.0071	0.0021	0.0320	0.0107	0.0584	0.0168	0.0724	0.0216
COG4827	0.0000	0.0487	0.0239	0.0080	0.0100	0.0157	0.0141	0.0233	0.0171	0.0220	0.0120
COG4828	0.0000	0.0079	0.0027	0.0006	0.0004	0.0047	0.0021	0.0099	0.0031	0.0173	0.0035
COG4829	0.0000	0.0081	0.0065	0.0009	0.0005	0.0023	0.0020	0.0028	0.0029	0.0029	0.0024
COG4830	0.0000	0.0476	0.0324	0.0437	0.0475	0.0678	0.0322	0.0866	0.0422	0.0928	0.0620
COG4831	0.0000	0.0149	0.0040	0.0034	0.0018	0.0053	0.0018	0.0050	0.0016	0.0050	0.0014
COG4832	0.0000	0.0588	0.0168	0.0034	0.0018	0.0070	0.0033	0.0145	0.0056	0.0190	0.0057
COG4833	0.0000	0.0012	0.0006	0.0003	0.0002	0.0009	0.0003	0.0017	0.0008	0.0022	0.0011
COG4834	0.0000	0.0003	0.0001	0.0001	0.0001	0.0002	0.0001	0.0004	0.0002	0.0005	0.0002
COG4835	0.0000	0.0000	0.0000	0.0000	0.0000	0.0000	0.0000	0.0000	0.0000	0.0000	0.0001
COG4836	0.0000	0.0001	0.0000	0.0002	0.0003	0.0002	0.0002	0.0002	0.0002	0.0002	0.0002
COG4837	0.0000	0.0000	0.0000	0.0000	0.0000	0.0000	0.0000	0.0000	0.0000	0.0000	0.0000
COG4838	0.0000	0.0001	0.0000	0.0001	0.0000	0.0001	0.0000	0.0000	0.0000	0.0000	0.0000
COG4839	0.0000	0.0004	0.0002	0.0001	0.0001	0.0004	0.0002	0.0010	0.0004	0.0013	0.0005
COG4840	0.0000	0.0000	0.0000	0.0000	0.0000	0.0000	0.0000	0.0000	0.0000	0.0000	0.0000
COG4841	0.0000	0.0000	0.0000	0.0000	0.0000	0.0000	0.0000	0.0000	0.0000	0.0000	0.0000
COG4842	0.0000	0.0007	0.0002	0.0002	0.0001	0.0004	0.0002	0.0005	0.0002	0.0007	0.0003
COG4843	0.0000	0.0125	0.0058	0.0016	0.0007	0.0103	0.0058	0.0195	0.0084	0.0208	0.0063
COG4844	0.0000	0.0018	0.0015	0.0011	0.0013	0.0014	0.0016	0.0015	0.0018	0.0016	0.0016
COG4845	0.0000	0.0051	0.0017	0.0010	0.0004	0.0021	0.0010	0.0031	0.0014	0.0041	0.0014
COG4846	0.0000	0.0004	0.0007	0.0003	0.0009	0.0003	0.0006	0.0002	0.0006	0.0002	0.0004
COG4847	0.0000	0.0009	0.0006	0.0028	0.0016	0.0016	0.0012	0.0018	0.0010	0.0017	0.0009
COG4848	0.0000	0.0003	0.0002	0.0001	0.0001	0.0002	0.0002	0.0002	0.0002	0.0003	0.0002
COG4849	0.0000	0.0013	0.0006	0.0002	0.0001	0.0004	0.0002	0.0004	0.0002	0.0005	0.0003
COG4850	0.0000	0.0008	0.0006	0.0002	0.0001	0.0003	0.0002	0.0005	0.0003	0.0005	0.0003
COG4851	0.0000	0.0001	0.0000	0.0001	0.0001	0.0002	0.0001	0.0003	0.0001	0.0005	0.0002
COG4852	0.0000	0.0002	0.0001	0.0000	0.0000	0.0002	0.0001	0.0004	0.0002	0.0009	0.0003
COG4853	0.0000	0.0004	0.0002	0.0003	0.0002	0.0008	0.0004	0.0011	0.0005	0.0013	0.0005
COG4854	0.0000	0.1102	0.0486	0.0236	0.0134	0.0566	0.0250	0.0715	0.0136	0.0761	0.0175
COG4855	0.0000	0.0614	0.0121	0.0058	0.0032	0.0081	0.0072	0.0098	0.0074	0.0131	0.0070
COG4856	0.0000	0.0032	0.0041	0.0002	0.0004	0.0018	0.0024	0.0047	0.0051	0.0044	0.0040
COG4857	0.0000	0.0011	0.0005	0.0003	0.0002	0.0005	0.0002	0.0010	0.0003	0.0013	0.0003
COG4858	0.0000	0.0002	0.0002	0.0003	0.0005	0.0003	0.0002	0.0003	0.0002	0.0003	0.0001
COG4859	0.0000	0.0023	0.0014	0.0004	0.0003	0.0008	0.0004	0.0016	0.0010	0.0028	0.0011
COG4860	0.0000	0.1593	0.1598	0.0190	0.0223	0.0225	0.0217	0.0477	0.0354	0.0873	0.0683
COG4861	0.0000	0.0142	0.0037	0.0014	0.0005	0.0031	0.0011	0.0049	0.0016	0.0048	0.0013
COG4862	0.0000	0.0008	0.0013	0.0008	0.0014	0.0025	0.0030	0.0036	0.0046	0.0054	0.0070
COG4863	0.0000	0.0003	0.0002	0.0003	0.0002	0.0008	0.0004	0.0013	0.0006	0.0017	0.0009
COG4864	0.0000	0.0008	0.0003	0.0002	0.0001	0.0010	0.0005	0.0041	0.0016	0.0051	0.0019
COG4865	0.0000	0.0063	0.0024	0.0025	0.0007	0.0006	0.0003	0.0014	0.0005	0.0013	0.0006
COG4866	0.0000	0.0163	0.0049	0.0048	0.0023	0.0132	0.0061	0.0199	0.0069	0.0247	0.0087
COG4867	0.0000	0.0044	0.0048	0.0008	0.0010	0.0015	0.0017	0.0024	0.0022	0.0036	0.0020
COG4868	0.0000	0.0070	0.0027	0.0040	0.0019	0.0128	0.0041	0.0318	0.0108	0.0481	0.0196
COG4869	0.0000	0.0014	0.0007	0.0003	0.0002	0.0007	0.0005	0.0023	0.0014	0.0028	0.0015
COG4870	0.0000	0.1415	0.0526	0.0120	0.0045	0.0410	0.0207	0.0607	0.0272	0.0710	0.0198
COG4871	0.0000	0.1450	0.0307	0.0134	0.0114	0.0208	0.0161	0.0341	0.0172	0.0264	0.0098
COG4872	0.0000	0.0035	0.0012	0.0005	0.0002	0.0010	0.0004	0.0015	0.0003	0.0027	0.0006
COG4873	0.0000	0.0000	0.0000	0.0000	0.0000	0.0000	0.0000	0.0000	0.0000	0.0000	0.0000
COG4874	0.0000	0.0002	0.0002	0.0001	0.0002	0.0004	0.0004	0.0011	0.0008	0.0012	0.0010
COG4875	0.0000	0.0012	0.0003	0.0003	0.0001	0.0008	0.0002	0.0013	0.0004	0.0015	0.0004
COG4876	0.0000	0.0039	0.0016	0.0010	0.0005	0.0020	0.0010	0.0031	0.0015	0.0041	0.0019
COG4877	0.0000	0.0011	0.0007	0.0002	0.0001	0.0014	0.0007	0.0023	0.0010	0.0032	0.0012
COG4878	0.0000	0.0007	0.0002	0.0002	0.0000	0.0006	0.0001	0.0009	0.0003	0.0008	0.0003
COG4879	0.0000	0.0005	0.0005	0.0053	0.0041	0.0024	0.0018	0.0022	0.0017	0.0022	0.0017
COG4880	0.0050	0.0867	0.0329	0.7743	0.1024	0.0081	0.0025	0.0106	0.0032	0.0118	0.0041
COG4881	0.0000	0.0027	0.0004	0.0006	0.0002	0.0016	0.0005	0.0026	0.0008	0.0030	0.0010
COG4882	0.0000	0.0125	0.0069	0.0062	0.0022	0.0095	0.0043	0.0155	0.0062	0.0149	0.0050
COG4883	0.0000	0.1363	0.0433	0.0262	0.0261	0.0328	0.0202	0.0221	0.0104	0.0273	0.0096
COG4884	0.0000	0.0021	0.0011	0.0010	0.0004	0.0016	0.0007	0.0019	0.0008	0.0020	0.0010
COG4885	0.0000	0.0385	0.0150	0.0017	0.0007	0.0053	0.0023	0.0100	0.0040	0.0126	0.0054
COG4886	0.0000	0.0063	0.0018	0.0006	0.0002	0.0027	0.0006	0.0066	0.0017	0.0127	0.0031
COG4887	0.0100	0.7655	0.0499	0.9864	0.0092	0.0706	0.0203	0.1479	0.0217	0.1218	0.0183
COG4888	0.0000	0.0357	0.0247	0.0136	0.0039	0.0206	0.0102	0.0222	0.0092	0.0315	0.0125
COG4889	0.0000	0.0009	0.0004	0.0006	0.0003	0.0010	0.0004	0.0013	0.0006	0.0016	0.0008
COG4890	0.0000	0.0008	0.0005	0.0003	0.0002	0.0005	0.0004	0.0005	0.0003	0.0006	0.0004
COG4891	0.0000	0.0316	0.0124	0.0014	0.0011	0.0040	0.0032	0.0045	0.0036	0.0038	0.0022
COG4892	0.0000	0.0425	0.0068	0.0042	0.0013	0.0075	0.0034	0.0093	0.0028	0.0120	0.0033
COG4893	0.0000	0.0001	0.0001	0.0002	0.0002	0.0002	0.0001	0.0001	0.0001	0.0001	0.0001
COG4894	0.0000	0.0389	0.0144	0.0022	0.0010	0.0050	0.0028	0.0087	0.0044	0.0142	0.0061
COG4895	0.0000	0.0457	0.0254	0.0014	0.0008	0.0082	0.0052	0.0119	0.0068	0.0130	0.0053
COG4896	0.0000	0.0003	0.0003	0.0003	0.0007	0.0003	0.0005	0.0003	0.0004	0.0002	0.0003
COG4897	0.0000	0.0000	0.0000	0.0000	0.0000	0.0000	0.0000	0.0000	0.0000	0.0000	0.0000
COG4898	0.0000	0.0008	0.0003	0.0001	0.0001	0.0007	0.0002	0.0010	0.0003	0.0012	0.0002
COG4899	0.0000	0.0005	0.0003	0.0001	0.0001	0.0003	0.0001	0.0004	0.0002	0.0004	0.0002
COG4900	0.0000	0.0066	0.0027	0.0016	0.0009	0.0088	0.0044	0.0136	0.0091	0.0357	0.0178
COG4901	0.0000	0.0169	0.0200	0.0261	0.0381	0.0308	0.0215	0.0336	0.0214	0.0222	0.0164
COG4902	0.0000	0.0568	0.0267	0.0048	0.0019	0.0162	0.0037	0.0252	0.0059	0.0342	0.0143
COG4903	0.0000	0.0003	0.0003	0.0005	0.0007	0.0008	0.0007	0.0011	0.0011	0.0018	0.0015
COG4904	0.0000	0.0006	0.0005	0.0024	0.0019	0.0013	0.0010	0.0010	0.0008	0.0008	0.0006
COG4905	0.0000	0.0019	0.0009	0.0005	0.0003	0.0015	0.0008	0.0029	0.0013	0.0069	0.0025
COG4906	0.0000	0.1778	0.0370	0.0214	0.0066	0.0533	0.0140	0.0780	0.0227	0.0716	0.0117
COG4907	0.0000	0.0461	0.0160	0.0041	0.0021	0.0154	0.0076	0.0228	0.0102	0.0531	0.0281
COG4908	0.0000	0.0050	0.0013	0.0007	0.0002	0.0049	0.0013	0.0080	0.0019	0.0118	0.0037
COG4909	0.0000	0.0015	0.0010	0.0003	0.0002	0.0003	0.0002	0.0004	0.0002	0.0004	0.0002
COG4910	0.0000	0.0020	0.0012	0.0003	0.0002	0.0004	0.0002	0.0005	0.0003	0.0005	0.0003
COG4911	0.0000	0.0006	0.0006	0.0002	0.0002	0.0006	0.0004	0.0021	0.0017	0.0024	0.0020
COG4912	0.0000	0.0572	0.0253	0.0067	0.0036	0.0245	0.0165	0.0621	0.0339	0.1050	0.0485
COG4913	0.0000	0.0025	0.0011	0.0003	0.0001	0.0010	0.0004	0.0020	0.0007	0.0018	0.0005
COG4914	0.0000	0.0536	0.0201	0.0130	0.0080	0.0229	0.0118	0.0181	0.0050	0.0125	0.0047
COG4915	0.0000	0.0012	0.0012	0.0004	0.0005	0.0011	0.0010	0.0020	0.0016	0.0031	0.0021
COG4916	0.0000	0.0153	0.0051	0.0010	0.0003	0.0041	0.0012	0.0041	0.0007	0.0045	0.0005
COG4917	0.0000	0.0003	0.0001	0.0001	0.0001	0.0002	0.0001	0.0006	0.0001	0.0010	0.0003
COG4918	0.0000	0.0000	0.0000	0.0001	0.0000	0.0001	0.0001	0.0001	0.0001	0.0002	0.0001
COG4919	0.0000	0.0098	0.0055	0.0194	0.0122	0.0291	0.0126	0.0308	0.0202	0.0216	0.0124
COG4920	0.0000	0.0005	0.0004	0.0049	0.0034	0.0022	0.0014	0.0019	0.0014	0.0019	0.0014
COG4921	0.0000	0.0259	0.0114	0.0135	0.0087	0.0090	0.0051	0.0094	0.0044	0.0123	0.0064
COG4922	0.0000	0.0081	0.0028	0.0006	0.0003	0.0034	0.0010	0.0062	0.0019	0.0068	0.0014
COG4923	0.0000	0.0262	0.0052	0.0027	0.0011	0.0074	0.0037	0.0089	0.0040	0.0088	0.0030
COG4924	0.0000	0.0029	0.0011	0.0002	0.0001	0.0007	0.0002	0.0009	0.0003	0.0009	0.0003
COG4925	0.0000	0.0039	0.0010	0.0006	0.0003	0.0018	0.0008	0.0023	0.0006	0.0030	0.0007
COG4926	0.0000	0.0010	0.0005	0.0002	0.0001	0.0006	0.0003	0.0012	0.0005	0.0016	0.0005
COG4927	0.0000	0.0607	0.0154	0.0069	0.0044	0.0158	0.0069	0.0176	0.0086	0.0196	0.0071
COG4928	0.0000	0.0637	0.0113	0.0044	0.0013	0.0114	0.0024	0.0194	0.0033	0.0260	0.0039
COG4929	0.0000	0.0053	0.0018	0.0005	0.0002	0.0013	0.0004	0.0027	0.0009	0.0039	0.0011
COG4930	0.0000	0.0889	0.0266	0.0036	0.0012	0.0085	0.0030	0.0118	0.0033	0.0157	0.0046
COG4932	0.0000	0.0484	0.0174	0.0037	0.0020	0.0210	0.0098	0.0295	0.0133	0.0360	0.0102
COG4933	0.0000	0.2461	0.0624	0.0236	0.0080	0.0676	0.0256	0.0739	0.0183	0.0816	0.0162
COG4934	0.0000	0.0160	0.0034	0.0021	0.0007	0.0058	0.0015	0.0110	0.0031	0.0138	0.0038
COG4935	0.0000	0.0011	0.0004	0.0003	0.0002	0.0010	0.0004	0.0019	0.0008	0.0026	0.0008
COG4936	0.0000	0.0034	0.0007	0.0009	0.0002	0.0016	0.0005	0.0020	0.0006	0.0024	0.0005
COG4938	0.0000	0.2229	0.0284	0.0149	0.0061	0.0229	0.0076	0.0260	0.0083	0.0259	0.0092
COG4939	0.0000	0.0004	0.0001	0.0002	0.0001	0.0003	0.0001	0.0004	0.0001	0.0007	0.0002
COG4940	0.0000	0.0008	0.0011	0.0006	0.0014	0.0009	0.0015	0.0008	0.0011	0.0007	0.0008
COG4941	0.0000	0.0006	0.0003	0.0001	0.0001	0.0004	0.0002	0.0004	0.0002	0.0005	0.0003
COG4942	0.0000	0.0005	0.0003	0.0000	0.0000	0.0003	0.0002	0.0011	0.0005	0.0020	0.0010
COG4943	0.0000	0.0007	0.0005	0.0003	0.0003	0.0005	0.0004	0.0004	0.0004	0.0006	0.0004
COG4944	0.0000	0.0009	0.0006	0.0005	0.0007	0.0009	0.0008	0.0009	0.0008	0.0010	0.0007
COG4945	0.0000	0.0678	0.0340	0.0080	0.0017	0.0136	0.0035	0.0188	0.0072	0.0230	0.0102
COG4946	0.0000	0.0025	0.0013	0.0006	0.0003	0.0015	0.0007	0.0033	0.0013	0.0034	0.0014
COG4947	0.0000	0.0004	0.0002	0.0001	0.0000	0.0002	0.0001	0.0006	0.0003	0.0013	0.0006
COG4948	0.0000	0.2139	0.0464	0.0379	0.0192	0.0271	0.0096	0.0410	0.0117	0.0347	0.0108
COG4949	0.0000	0.0015	0.0017	0.0008	0.0015	0.0010	0.0015	0.0014	0.0017	0.0015	0.0016
COG4950	0.0000	0.0007	0.0004	0.0006	0.0005	0.0004	0.0004	0.0006	0.0004	0.0006	0.0004
COG4951	0.0000	0.0039	0.0022	0.0018	0.0009	0.0025	0.0009	0.0026	0.0006	0.0028	0.0005
COG4952	0.0000	0.0307	0.0119	0.0050	0.0048	0.0074	0.0033	0.0174	0.0081	0.0145	0.0055
COG4953	0.0000	0.0012	0.0005	0.0003	0.0003	0.0008	0.0004	0.0008	0.0004	0.0012	0.0005
COG4954	0.0000	0.0045	0.0015	0.0005	0.0002	0.0016	0.0008	0.0025	0.0010	0.0045	0.0012
COG4955	0.0000	0.0000	0.0000	0.0000	0.0000	0.0000	0.0000	0.0000	0.0000	0.0000	0.0000
COG4956	0.0000	0.0042	0.0023	0.0004	0.0003	0.0025	0.0015	0.0035	0.0019	0.0025	0.0013
COG4957	0.0000	0.0043	0.0063	0.0022	0.0025	0.0033	0.0032	0.0044	0.0033	0.0052	0.0027
COG4959	0.0000	0.0008	0.0002	0.0002	0.0001	0.0003	0.0001	0.0006	0.0002	0.0008	0.0002
COG4960	0.0000	0.0016	0.0005	0.0004	0.0002	0.0010	0.0003	0.0017	0.0006	0.0017	0.0007
COG4961	0.0000	0.0046	0.0029	0.0004	0.0002	0.0017	0.0011	0.0036	0.0025	0.0037	0.0028
COG4962	0.0000	0.8483	0.0830	0.3216	0.1402	0.7204	0.1132	0.8248	0.0642	0.8349	0.0521
COG4963	0.0000	0.0011	0.0006	0.0003	0.0002	0.0013	0.0005	0.0031	0.0010	0.0037	0.0012
COG4964	0.0000	0.0013	0.0006	0.0002	0.0001	0.0007	0.0003	0.0021	0.0008	0.0032	0.0009
COG4965	0.0000	0.0009	0.0005	0.0001	0.0000	0.0006	0.0004	0.0015	0.0006	0.0021	0.0009
COG4966	0.0000	0.0026	0.0006	0.0003	0.0002	0.0006	0.0003	0.0016	0.0005	0.0018	0.0006
COG4967	0.0000	0.0024	0.0009	0.0002	0.0001	0.0008	0.0002	0.0015	0.0005	0.0023	0.0004
COG4968	0.0000	0.0022	0.0006	0.0002	0.0001	0.0010	0.0004	0.0025	0.0008	0.0036	0.0010
COG4969	0.0000	0.0007	0.0003	0.0001	0.0000	0.0003	0.0002	0.0006	0.0003	0.0012	0.0004
COG4970	0.0000	0.0016	0.0005	0.0002	0.0001	0.0007	0.0003	0.0008	0.0004	0.0012	0.0005
COG4972	0.0000	0.0062	0.0042	0.0007	0.0005	0.0029	0.0019	0.0045	0.0026	0.0065	0.0029
COG4973	0.0000	0.0054	0.0066	0.0014	0.0023	0.0031	0.0049	0.0047	0.0074	0.0046	0.0065
COG4974	0.0050	0.4746	0.0975	0.9956	0.0017	0.0082	0.0041	0.0338	0.0142	0.0793	0.0248
COG4975	0.0000	0.0020	0.0009	0.0007	0.0005	0.0021	0.0011	0.0047	0.0016	0.0064	0.0027
COG4976	0.0300	0.1651	0.0362	0.9095	0.0344	0.8446	0.0423	0.0178	0.0052	0.0212	0.0086
COG4977	0.0000	0.0031	0.0013	0.0003	0.0001	0.0013	0.0005	0.0025	0.0008	0.0023	0.0009
COG4978	0.0000	0.0924	0.0249	0.0121	0.0068	0.0234	0.0100	0.0349	0.0117	0.0306	0.0100
COG4980	0.0000	0.0011	0.0013	0.0003	0.0005	0.0012	0.0019	0.0020	0.0030	0.0029	0.0040
COG4981	0.0000	0.0000	0.0000	0.0000	0.0000	0.0000	0.0000	0.0000	0.0000	0.0000	0.0000
COG4983	0.0000	0.0230	0.0080	0.0022	0.0015	0.0058	0.0037	0.0062	0.0043	0.0073	0.0053
COG4984	0.0000	0.0004	0.0002	0.0001	0.0001	0.0002	0.0001	0.0004	0.0001	0.0004	0.0002
COG4986	0.0000	0.0155	0.0065	0.0069	0.0023	0.0044	0.0012	0.0082	0.0034	0.0098	0.0049
COG4987	0.0000	0.0026	0.0023	0.0005	0.0004	0.0015	0.0013	0.0024	0.0024	0.0032	0.0026
COG4988	0.0000	0.0055	0.0026	0.0007	0.0004	0.0020	0.0011	0.0019	0.0012	0.0025	0.0012
COG4989	0.0000	0.0004	0.0004	0.0001	0.0001	0.0003	0.0002	0.0006	0.0004	0.0013	0.0007
COG4990	0.0000	0.0166	0.0070	0.0028	0.0011	0.0044	0.0016	0.0039	0.0014	0.0044	0.0017
COG4992	0.0000	0.9153	0.0267	0.3902	0.1606	0.8275	0.0518	0.8051	0.0365	0.7757	0.0625
COG4993	0.0000	0.0037	0.0014	0.0016	0.0008	0.0042	0.0016	0.0048	0.0019	0.0076	0.0025
COG4994	0.0000	0.0008	0.0002	0.0001	0.0001	0.0004	0.0001	0.0004	0.0001	0.0004	0.0001
COG4995	0.0000	0.0084	0.0024	0.0012	0.0004	0.0019	0.0008	0.0024	0.0011	0.0028	0.0008
COG4996	0.0000	0.0357	0.0222	0.0167	0.0063	0.0155	0.0042	0.0152	0.0064	0.0152	0.0066
COG4997	0.0000	0.0224	0.0069	0.0036	0.0015	0.0073	0.0024	0.0080	0.0024	0.0158	0.0031
COG4998	0.0000	0.0127	0.0065	0.0364	0.0151	0.0403	0.0208	0.0416	0.0229	0.0310	0.0169
COG5000	0.0000	0.0090	0.0038	0.0009	0.0004	0.0050	0.0027	0.0051	0.0025	0.0079	0.0032
COG5001	0.0000	0.0133	0.0035	0.0015	0.0006	0.0042	0.0013	0.0071	0.0016	0.0126	0.0021
COG5002	0.0000	0.0166	0.0074	0.0011	0.0010	0.0051	0.0036	0.0134	0.0073	0.0101	0.0043
COG5003	0.0000	0.0008	0.0009	0.0004	0.0004	0.0006	0.0007	0.0008	0.0008	0.0009	0.0007
COG5004	0.0000	0.0007	0.0003	0.0003	0.0002	0.0005	0.0003	0.0010	0.0003	0.0014	0.0003
COG5005	0.0000	0.0084	0.0036	0.0011	0.0006	0.0032	0.0010	0.0040	0.0016	0.0052	0.0022
COG5006	0.0000	0.0009	0.0006	0.0003	0.0002	0.0004	0.0003	0.0006	0.0004	0.0006	0.0004
COG5007	0.0000	0.0004	0.0004	0.0002	0.0002	0.0007	0.0005	0.0022	0.0017	0.0030	0.0019
COG5008	0.0000	0.0020	0.0023	0.0009	0.0011	0.0016	0.0015	0.0027	0.0017	0.0033	0.0017
COG5009	0.0000	0.0002	0.0003	0.0001	0.0002	0.0005	0.0006	0.0009	0.0010	0.0012	0.0012
COG5010	0.0000	0.0011	0.0004	0.0004	0.0001	0.0012	0.0005	0.0041	0.0020	0.0054	0.0028
COG5011	0.0000	0.0074	0.0068	0.0023	0.0025	0.0031	0.0033	0.0062	0.0049	0.0052	0.0043
COG5012	0.1300	0.9374	0.0358	0.9953	0.0052	0.9568	0.0257	0.9347	0.0300	0.6238	0.1007
COG5013	0.2100	0.0484	0.0138	0.1681	0.0602	0.1316	0.0204	0.0857	0.0170	0.0644	0.0172
COG5014	0.0000	0.1945	0.0868	0.0664	0.0328	0.1324	0.0673	0.1930	0.0716	0.2045	0.0534
COG5015	0.0000	0.0209	0.0097	0.0041	0.0018	0.0064	0.0023	0.0133	0.0049	0.0136	0.0053
COG5016	0.0450	0.8731	0.0531	0.9923	0.0047	0.9671	0.0163	0.9034	0.0329	0.2144	0.0797
COG5017	0.0000	0.0092	0.0032	0.0009	0.0004	0.0065	0.0024	0.0058	0.0012	0.0056	0.0011
COG5018	0.0000	0.0035	0.0016	0.0014	0.0010	0.0028	0.0012	0.0030	0.0013	0.0044	0.0020
COG5019	0.0000	0.0008	0.0004	0.0005	0.0003	0.0013	0.0007	0.0023	0.0013	0.0024	0.0014
COG5020	0.0000	0.0002	0.0001	0.0005	0.0003	0.0004	0.0001	0.0004	0.0002	0.0004	0.0002
COG5021	0.0000	0.0002	0.0001	0.0003	0.0001	0.0003	0.0001	0.0003	0.0001	0.0003	0.0001
COG5022	0.0000	0.0008	0.0004	0.0006	0.0003	0.0005	0.0003	0.0007	0.0003	0.0006	0.0003
COG5023	0.0000	0.0044	0.0025	0.0027	0.0018	0.0039	0.0017	0.0053	0.0017	0.0044	0.0022
COG5024	0.0000	0.0000	0.0000	0.0000	0.0000	0.0000	0.0000	0.0000	0.0000	0.0000	0.0000
COG5025	0.0000	0.0000	0.0000	0.0000	0.0000	0.0000	0.0000	0.0000	0.0000	0.0000	0.0000
COG5026	0.0000	0.0012	0.0006	0.0007	0.0005	0.0007	0.0004	0.0019	0.0011	0.0022	0.0013
COG5027	0.0000	0.0000	0.0000	0.0000	0.0000	0.0000	0.0000	0.0000	0.0000	0.0000	0.0000
COG5028	0.0000	0.0000	0.0000	0.0000	0.0000	0.0000	0.0000	0.0000	0.0000	0.0000	0.0000
COG5029	0.0000	0.0070	0.0026	0.0020	0.0005	0.0036	0.0010	0.0035	0.0008	0.0036	0.0008
COG5030	0.0000	0.0000	0.0000	0.0000	0.0000	0.0000	0.0000	0.0000	0.0000	0.0000	0.0000
COG5031	0.0000	0.0006	0.0003	0.0004	0.0003	0.0010	0.0006	0.0008	0.0005	0.0014	0.0007
COG5032	0.0000	0.0020	0.0021	0.0024	0.0036	0.0020	0.0028	0.0029	0.0027	0.0036	0.0023
COG5033	0.0000	0.0043	0.0015	0.0020	0.0007	0.0025	0.0009	0.0026	0.0009	0.0023	0.0009
COG5034	0.0000	0.0000	0.0000	0.0000	0.0000	0.0000	0.0000	0.0000	0.0000	0.0000	0.0000
COG5035	0.0000	0.0000	0.0000	0.0000	0.0000	0.0000	0.0000	0.0000	0.0000	0.0000	0.0000
COG5036	0.0000	0.0058	0.0015	0.0009	0.0002	0.0039	0.0018	0.0093	0.0039	0.0115	0.0037
COG5037	0.0000	0.0000	0.0000	0.0000	0.0000	0.0000	0.0000	0.0000	0.0000	0.0000	0.0000
COG5038	0.0000	0.0000	0.0000	0.0001	0.0001	0.0000	0.0000	0.0000	0.0000	0.0001	0.0001
COG5039	0.0000	0.0058	0.0015	0.0012	0.0004	0.0022	0.0006	0.0028	0.0007	0.0037	0.0009
COG5040	0.0000	0.0000	0.0000	0.0000	0.0000	0.0000	0.0000	0.0000	0.0000	0.0000	0.0000
COG5041	0.0000	0.0000	0.0000	0.0000	0.0000	0.0000	0.0000	0.0000	0.0000	0.0000	0.0000
COG5042	0.0000	0.0046	0.0013	0.0012	0.0002	0.0019	0.0006	0.0037	0.0009	0.0050	0.0009
COG5043	0.0000	0.0000	0.0000	0.0000	0.0000	0.0000	0.0000	0.0000	0.0000	0.0000	0.0000
COG5044	0.0000	0.0006	0.0003	0.0005	0.0003	0.0009	0.0004	0.0010	0.0005	0.0012	0.0006
COG5045	0.0000	0.0000	0.0000	0.0000	0.0000	0.0000	0.0000	0.0000	0.0000	0.0000	0.0000
COG5046	0.0000	0.0000	0.0000	0.0000	0.0000	0.0000	0.0000	0.0000	0.0000	0.0000	0.0000
COG5047	0.0000	0.0000	0.0000	0.0000	0.0000	0.0000	0.0000	0.0000	0.0000	0.0000	0.0000
COG5048	0.0000	0.0005	0.0002	0.0002	0.0001	0.0004	0.0002	0.0005	0.0002	0.0005	0.0002
COG5049	0.0000	0.0005	0.0002	0.0007	0.0003	0.0008	0.0003	0.0009	0.0004	0.0009	0.0004
COG5050	0.0000	0.0006	0.0002	0.0005	0.0002	0.0005	0.0002	0.0006	0.0002	0.0006	0.0002
COG5051	0.0000	0.0000	0.0000	0.0000	0.0000	0.0000	0.0000	0.0000	0.0000	0.0000	0.0000
COG5052	0.0000	0.0000	0.0000	0.0000	0.0000	0.0000	0.0000	0.0000	0.0000	0.0000	0.0000
COG5053	0.0000	0.0000	0.0000	0.0000	0.0000	0.0000	0.0000	0.0000	0.0000	0.0000	0.0000
COG5054	0.0000	0.0004	0.0003	0.0005	0.0004	0.0006	0.0005	0.0007	0.0005	0.0007	0.0006
COG5055	0.0000	0.0016	0.0008	0.0008	0.0004	0.0014	0.0007	0.0017	0.0008	0.0016	0.0008
COG5056	0.0000	0.0000	0.0000	0.0000	0.0000	0.0000	0.0000	0.0000	0.0000	0.0000	0.0000
COG5057	0.0000	0.0000	0.0000	0.0000	0.0000	0.0000	0.0000	0.0000	0.0000	0.0000	0.0000
COG5058	0.0000	0.0000	0.0000	0.0000	0.0000	0.0000	0.0000	0.0000	0.0000	0.0000	0.0000
COG5059	0.0000	0.0002	0.0001	0.0003	0.0001	0.0003	0.0001	0.0004	0.0002	0.0004	0.0002
COG5061	0.0000	0.0110	0.0039	0.0014	0.0006	0.0039	0.0020	0.0042	0.0016	0.0051	0.0015
COG5062	0.0000	0.0000	0.0000	0.0000	0.0000	0.0000	0.0000	0.0000	0.0000	0.0000	0.0000
COG5064	0.0000	0.0000	0.0000	0.0000	0.0000	0.0000	0.0000	0.0000	0.0000	0.0000	0.0000
COG5065	0.0000	0.0000	0.0000	0.0000	0.0000	0.0000	0.0000	0.0000	0.0000	0.0000	0.0000
COG5066	0.0000	0.0018	0.0007	0.0020	0.0008	0.0020	0.0006	0.0021	0.0006	0.0023	0.0006
COG5068	0.0000	0.0000	0.0000	0.0000	0.0000	0.0000	0.0000	0.0000	0.0000	0.0000	0.0000
COG5069	0.0000	0.0003	0.0003	0.0005	0.0002	0.0005	0.0003	0.0005	0.0004	0.0005	0.0003
COG5070	0.0000	0.0000	0.0000	0.0000	0.0000	0.0000	0.0000	0.0000	0.0000	0.0000	0.0000
COG5072	0.0000	0.0000	0.0000	0.0000	0.0000	0.0000	0.0000	0.0000	0.0000	0.0000	0.0000
COG5074	0.0000	0.0006	0.0003	0.0005	0.0004	0.0006	0.0003	0.0010	0.0005	0.0011	0.0006
COG5075	0.0000	0.0000	0.0000	0.0000	0.0000	0.0000	0.0000	0.0000	0.0000	0.0000	0.0000
COG5076	0.0000	0.0000	0.0000	0.0000	0.0000	0.0000	0.0000	0.0000	0.0000	0.0000	0.0000
COG5077	0.0000	0.0001	0.0000	0.0003	0.0001	0.0002	0.0001	0.0002	0.0001	0.0003	0.0001
COG5078	0.0000	0.0414	0.0165	0.0047	0.0027	0.0072	0.0073	0.0217	0.0203	0.0242	0.0216
COG5080	0.0000	0.0000	0.0000	0.0000	0.0000	0.0000	0.0000	0.0000	0.0000	0.0000	0.0000
COG5082	0.0000	0.0000	0.0000	0.0000	0.0000	0.0000	0.0000	0.0000	0.0000	0.0000	0.0000
COG5083	0.0000	0.0015	0.0006	0.0004	0.0002	0.0008	0.0003	0.0016	0.0006	0.0018	0.0007
COG5087	0.0000	0.0000	0.0000	0.0000	0.0000	0.0000	0.0000	0.0000	0.0000	0.0000	0.0000
COG5090	0.0000	0.0000	0.0000	0.0000	0.0000	0.0000	0.0000	0.0000	0.0000	0.0000	0.0000
COG5091	0.0000	0.0000	0.0000	0.0000	0.0000	0.0000	0.0000	0.0000	0.0000	0.0000	0.0000
COG5092	0.0000	0.0000	0.0000	0.0000	0.0000	0.0000	0.0000	0.0000	0.0000	0.0000	0.0000
COG5093	0.0000	0.0000	0.0000	0.0000	0.0000	0.0000	0.0000	0.0000	0.0000	0.0000	0.0000
COG5094	0.0000	0.0019	0.0013	0.0005	0.0004	0.0009	0.0007	0.0007	0.0004	0.0009	0.0005
COG5096	0.0000	0.0000	0.0000	0.0000	0.0001	0.0000	0.0000	0.0000	0.0000	0.0000	0.0000
COG5097	0.0000	0.0000	0.0000	0.0000	0.0000	0.0000	0.0000	0.0000	0.0000	0.0000	0.0000
COG5098	0.0000	0.0000	0.0000	0.0000	0.0000	0.0000	0.0000	0.0000	0.0000	0.0000	0.0000
COG5099	0.0000	0.0000	0.0000	0.0000	0.0000	0.0000	0.0000	0.0000	0.0000	0.0000	0.0000
COG5100	0.0000	0.0000	0.0000	0.0000	0.0000	0.0000	0.0000	0.0000	0.0000	0.0000	0.0000
COG5101	0.0000	0.0000	0.0000	0.0000	0.0000	0.0000	0.0000	0.0000	0.0000	0.0000	0.0000
COG5102	0.0000	0.0000	0.0000	0.0000	0.0000	0.0000	0.0000	0.0000	0.0000	0.0000	0.0000
COG5103	0.0000	0.0000	0.0000	0.0000	0.0000	0.0000	0.0000	0.0000	0.0000	0.0000	0.0000
COG5106	0.0000	0.0000	0.0000	0.0000	0.0000	0.0000	0.0000	0.0000	0.0000	0.0000	0.0000
COG5107	0.0000	0.0030	0.0012	0.0016	0.0008	0.0041	0.0012	0.0085	0.0028	0.0090	0.0028
COG5108	0.0000	0.0017	0.0011	0.0009	0.0005	0.0016	0.0008	0.0025	0.0012	0.0025	0.0011
COG5110	0.0000	0.0000	0.0000	0.0000	0.0000	0.0000	0.0000	0.0000	0.0000	0.0000	0.0000
COG5112	0.0000	0.0000	0.0000	0.0000	0.0000	0.0000	0.0000	0.0000	0.0000	0.0000	0.0000
COG5113	0.0000	0.0119	0.0044	0.0005	0.0002	0.0021	0.0007	0.0044	0.0014	0.0095	0.0021
COG5114	0.0000	0.0006	0.0004	0.0004	0.0002	0.0008	0.0004	0.0010	0.0006	0.0011	0.0006
COG5116	0.0000	0.0000	0.0000	0.0000	0.0000	0.0000	0.0000	0.0000	0.0000	0.0000	0.0000
COG5118	0.0000	0.0000	0.0000	0.0000	0.0000	0.0000	0.0000	0.0000	0.0000	0.0000	0.0000
COG5119	0.0000	0.0007	0.0003	0.0005	0.0002	0.0006	0.0002	0.0006	0.0002	0.0005	0.0002
COG5122	0.0000	0.0000	0.0000	0.0000	0.0000	0.0000	0.0000	0.0000	0.0000	0.0000	0.0000
COG5123	0.0000	0.0000	0.0000	0.0000	0.0000	0.0000	0.0000	0.0000	0.0000	0.0000	0.0000
COG5124	0.0000	0.0000	0.0000	0.0000	0.0000	0.0000	0.0000	0.0000	0.0000	0.0000	0.0000
COG5125	0.0000	0.0000	0.0000	0.0000	0.0000	0.0000	0.0000	0.0000	0.0000	0.0000	0.0000
COG5126	0.0000	0.0046	0.0036	0.0009	0.0010	0.0020	0.0013	0.0021	0.0017	0.0020	0.0016
COG5127	0.0000	0.0000	0.0000	0.0000	0.0000	0.0000	0.0000	0.0000	0.0000	0.0000	0.0000
COG5129	0.0000	0.0000	0.0000	0.0000	0.0000	0.0000	0.0000	0.0000	0.0000	0.0000	0.0000
COG5131	0.0000	0.0044	0.0030	0.0136	0.0085	0.0078	0.0050	0.0058	0.0037	0.0048	0.0032
COG5133	0.0000	0.0098	0.0049	0.0215	0.0099	0.0121	0.0064	0.0081	0.0046	0.0061	0.0036
COG5134	0.0000	0.0000	0.0000	0.0000	0.0000	0.0000	0.0000	0.0000	0.0000	0.0000	0.0000
COG5135	0.0000	0.0006	0.0004	0.0004	0.0002	0.0010	0.0004	0.0013	0.0007	0.0015	0.0007
COG5137	0.0000	0.0000	0.0000	0.0000	0.0000	0.0000	0.0000	0.0000	0.0000	0.0000	0.0000
COG5139	0.0000	0.0000	0.0000	0.0000	0.0000	0.0000	0.0000	0.0000	0.0000	0.0000	0.0000
COG5140	0.0000	0.0000	0.0000	0.0000	0.0000	0.0000	0.0000	0.0000	0.0000	0.0000	0.0000
COG5141	0.0000	0.0000	0.0000	0.0000	0.0000	0.0000	0.0000	0.0000	0.0000	0.0000	0.0000
COG5142	0.0000	0.0000	0.0000	0.0000	0.0000	0.0000	0.0000	0.0000	0.0000	0.0000	0.0000
COG5143	0.0000	0.0000	0.0000	0.0000	0.0000	0.0000	0.0000	0.0000	0.0000	0.0000	0.0000
COG5144	0.0000	0.0011	0.0006	0.0005	0.0003	0.0006	0.0004	0.0005	0.0003	0.0005	0.0003
COG5145	0.0000	0.0000	0.0000	0.0000	0.0000	0.0000	0.0000	0.0000	0.0000	0.0000	0.0000
COG5146	0.0000	0.0011	0.0007	0.0005	0.0004	0.0022	0.0023	0.0049	0.0046	0.0081	0.0071
COG5147	0.0000	0.0001	0.0000	0.0002	0.0001	0.0002	0.0001	0.0002	0.0001	0.0003	0.0001
COG5148	0.0000	0.0002	0.0001	0.0002	0.0002	0.0003	0.0002	0.0004	0.0003	0.0005	0.0003
COG5150	0.0000	0.0000	0.0000	0.0000	0.0000	0.0000	0.0000	0.0000	0.0000	0.0000	0.0000
COG5151	0.0000	0.0000	0.0000	0.0000	0.0000	0.0000	0.0000	0.0000	0.0000	0.0000	0.0000
COG5153	0.0000	0.0001	0.0001	0.0001	0.0001	0.0001	0.0001	0.0002	0.0001	0.0002	0.0001
COG5155	0.0000	0.0000	0.0000	0.0000	0.0000	0.0000	0.0000	0.0000	0.0000	0.0000	0.0000
COG5156	0.0000	0.0011	0.0005	0.0004	0.0002	0.0007	0.0003	0.0007	0.0003	0.0008	0.0003
COG5157	0.0000	0.0000	0.0000	0.0000	0.0000	0.0000	0.0000	0.0000	0.0000	0.0000	0.0000
COG5158	0.0000	0.0000	0.0000	0.0000	0.0000	0.0000	0.0000	0.0000	0.0000	0.0000	0.0000
COG5159	0.0000	0.0000	0.0000	0.0000	0.0000	0.0000	0.0000	0.0000	0.0000	0.0000	0.0000
COG5160	0.0000	0.0002	0.0001	0.0004	0.0003	0.0004	0.0003	0.0005	0.0004	0.0007	0.0004
COG5161	0.0000	0.0004	0.0005	0.0006	0.0007	0.0005	0.0006	0.0005	0.0005	0.0004	0.0005
COG5162	0.0000	0.0000	0.0000	0.0000	0.0000	0.0000	0.0000	0.0000	0.0000	0.0000	0.0000
COG5163	0.0000	0.0000	0.0000	0.0000	0.0000	0.0000	0.0000	0.0000	0.0000	0.0000	0.0000
COG5164	0.0000	0.0015	0.0008	0.0003	0.0001	0.0005	0.0002	0.0008	0.0003	0.0010	0.0004
COG5165	0.0000	0.0000	0.0000	0.0000	0.0000	0.0000	0.0000	0.0000	0.0000	0.0000	0.0000
COG5166	0.0000	0.0062	0.0025	0.0028	0.0013	0.0039	0.0014	0.0042	0.0013	0.0040	0.0014
COG5167	0.0000	0.0000	0.0000	0.0000	0.0000	0.0000	0.0000	0.0000	0.0000	0.0000	0.0000
COG5169	0.0000	0.0000	0.0000	0.0000	0.0000	0.0000	0.0000	0.0000	0.0000	0.0000	0.0000
COG5171	0.0000	0.0000	0.0000	0.0000	0.0000	0.0000	0.0000	0.0000	0.0000	0.0000	0.0000
COG5173	0.0000	0.0000	0.0000	0.0000	0.0000	0.0000	0.0000	0.0000	0.0000	0.0000	0.0000
COG5175	0.0000	0.0000	0.0000	0.0000	0.0000	0.0000	0.0000	0.0000	0.0000	0.0000	0.0000
COG5176	0.0000	0.0000	0.0000	0.0000	0.0000	0.0000	0.0000	0.0000	0.0000	0.0000	0.0000
COG5178	0.0000	0.0000	0.0000	0.0000	0.0000	0.0000	0.0000	0.0000	0.0000	0.0000	0.0000
COG5180	0.0000	0.0023	0.0011	0.0005	0.0005	0.0014	0.0008	0.0016	0.0010	0.0016	0.0007
COG5182	0.0000	0.0000	0.0000	0.0000	0.0000	0.0000	0.0000	0.0000	0.0000	0.0000	0.0000
COG5183	0.0000	0.0013	0.0006	0.0004	0.0002	0.0010	0.0004	0.0012	0.0005	0.0010	0.0004
COG5184	0.0000	0.0065	0.0016	0.0010	0.0004	0.0044	0.0009	0.0129	0.0021	0.0148	0.0024
COG5185	0.0000	0.0012	0.0006	0.0003	0.0002	0.0007	0.0004	0.0008	0.0004	0.0007	0.0004
COG5186	0.0000	0.0005	0.0004	0.0005	0.0004	0.0005	0.0004	0.0005	0.0004	0.0004	0.0003
COG5187	0.0000	0.0004	0.0004	0.0004	0.0005	0.0006	0.0006	0.0006	0.0006	0.0006	0.0006
COG5188	0.0000	0.0000	0.0000	0.0000	0.0000	0.0000	0.0000	0.0000	0.0000	0.0000	0.0000
COG5189	0.0000	0.0000	0.0000	0.0000	0.0000	0.0000	0.0000	0.0000	0.0000	0.0000	0.0000
COG5190	0.0000	0.0016	0.0009	0.0005	0.0002	0.0007	0.0004	0.0010	0.0005	0.0010	0.0005
COG5192	0.0000	0.0000	0.0000	0.0000	0.0000	0.0000	0.0000	0.0000	0.0000	0.0000	0.0000
COG5193	0.0000	0.0000	0.0000	0.0000	0.0000	0.0000	0.0000	0.0000	0.0000	0.0000	0.0000
COG5194	0.0000	0.0000	0.0000	0.0000	0.0000	0.0000	0.0000	0.0000	0.0000	0.0000	0.0000
COG5195	0.0000	0.0014	0.0007	0.0023	0.0012	0.0018	0.0007	0.0018	0.0008	0.0018	0.0007
COG5196	0.0000	0.0000	0.0000	0.0000	0.0000	0.0000	0.0000	0.0000	0.0000	0.0000	0.0000
COG5198	0.0000	0.0001	0.0001	0.0002	0.0001	0.0001	0.0001	0.0001	0.0001	0.0002	0.0001
COG5199	0.0000	0.0000	0.0000	0.0000	0.0000	0.0000	0.0000	0.0000	0.0000	0.0000	0.0000
COG5200	0.0000	0.0000	0.0000	0.0000	0.0000	0.0000	0.0000	0.0000	0.0000	0.0000	0.0000
COG5201	0.0000	0.0000	0.0000	0.0000	0.0000	0.0000	0.0000	0.0000	0.0000	0.0000	0.0000
COG5206	0.0000	0.0001	0.0001	0.0001	0.0001	0.0002	0.0001	0.0002	0.0001	0.0003	0.0001
COG5207	0.0000	0.0012	0.0005	0.0005	0.0002	0.0012	0.0006	0.0021	0.0010	0.0029	0.0011
COG5209	0.0000	0.0000	0.0000	0.0000	0.0000	0.0000	0.0000	0.0000	0.0000	0.0000	0.0000
COG5210	0.0000	0.0000	0.0000	0.0000	0.0000	0.0000	0.0000	0.0000	0.0000	0.0000	0.0000
COG5212	0.0000	0.0003	0.0002	0.0003	0.0002	0.0003	0.0003	0.0004	0.0003	0.0004	0.0002
COG5213	0.0000	0.0000	0.0000	0.0000	0.0000	0.0000	0.0000	0.0000	0.0000	0.0000	0.0000
COG5214	0.0000	0.0000	0.0000	0.0000	0.0000	0.0000	0.0000	0.0000	0.0000	0.0000	0.0000
COG5215	0.0000	0.0002	0.0001	0.0002	0.0001	0.0003	0.0001	0.0003	0.0001	0.0002	0.0001
COG5216	0.0000	0.0000	0.0000	0.0000	0.0000	0.0000	0.0000	0.0000	0.0000	0.0000	0.0000
COG5217	0.0000	0.0001	0.0001	0.0002	0.0002	0.0003	0.0002	0.0002	0.0002	0.0002	0.0002
COG5218	0.0000	0.0000	0.0000	0.0000	0.0000	0.0000	0.0000	0.0000	0.0000	0.0000	0.0000
COG5219	0.0000	0.0000	0.0000	0.0000	0.0000	0.0000	0.0000	0.0000	0.0000	0.0000	0.0000
COG5222	0.0000	0.0005	0.0002	0.0005	0.0003	0.0005	0.0002	0.0004	0.0002	0.0004	0.0002
COG5225	0.0000	0.0000	0.0000	0.0000	0.0000	0.0000	0.0000	0.0000	0.0000	0.0000	0.0000
COG5226	0.0000	0.0000	0.0000	0.0000	0.0000	0.0000	0.0000	0.0000	0.0000	0.0000	0.0000
COG5227	0.0000	0.0000	0.0000	0.0000	0.0000	0.0000	0.0000	0.0000	0.0000	0.0000	0.0000
COG5228	0.0000	0.0000	0.0000	0.0000	0.0000	0.0000	0.0000	0.0000	0.0000	0.0000	0.0000
COG5230	0.0000	0.0000	0.0000	0.0000	0.0000	0.0000	0.0000	0.0000	0.0000	0.0000	0.0000
COG5231	0.0000	0.0000	0.0000	0.0000	0.0000	0.0000	0.0000	0.0000	0.0000	0.0000	0.0000
COG5235	0.0000	0.0000	0.0000	0.0000	0.0000	0.0000	0.0000	0.0000	0.0000	0.0000	0.0000
COG5236	0.0000	0.0000	0.0000	0.0000	0.0000	0.0000	0.0000	0.0000	0.0000	0.0000	0.0000
COG5237	0.0000	0.0000	0.0000	0.0000	0.0000	0.0000	0.0000	0.0000	0.0000	0.0000	0.0000
COG5238	0.0000	0.0006	0.0003	0.0007	0.0007	0.0007	0.0004	0.0007	0.0003	0.0007	0.0004
COG5239	0.0000	0.0001	0.0001	0.0001	0.0000	0.0001	0.0001	0.0002	0.0001	0.0002	0.0001
COG5240	0.0000	0.0000	0.0000	0.0000	0.0000	0.0000	0.0000	0.0000	0.0000	0.0000	0.0000
COG5241	0.0000	0.0000	0.0000	0.0000	0.0000	0.0000	0.0000	0.0000	0.0000	0.0000	0.0000
COG5243	0.0000	0.0000	0.0000	0.0000	0.0000	0.0000	0.0000	0.0000	0.0000	0.0000	0.0000
COG5244	0.0000	0.0015	0.0007	0.0009	0.0005	0.0012	0.0006	0.0013	0.0007	0.0011	0.0006
COG5245	0.0000	0.0002	0.0001	0.0003	0.0002	0.0003	0.0002	0.0003	0.0002	0.0004	0.0002
COG5246	0.0000	0.0000	0.0000	0.0000	0.0000	0.0000	0.0000	0.0000	0.0000	0.0000	0.0000
COG5247	0.0000	0.0000	0.0000	0.0000	0.0000	0.0000	0.0000	0.0000	0.0000	0.0000	0.0000
COG5249	0.0000	0.0000	0.0000	0.0000	0.0000	0.0000	0.0000	0.0000	0.0000	0.0000	0.0000
COG5251	0.0000	0.0000	0.0000	0.0000	0.0000	0.0000	0.0000	0.0000	0.0000	0.0000	0.0000
COG5252	0.0000	0.0000	0.0000	0.0000	0.0000	0.0000	0.0000	0.0000	0.0000	0.0000	0.0000
COG5253	0.0000	0.8031	0.0767	0.1857	0.0898	0.7378	0.0943	0.9038	0.0441	0.9493	0.0218
COG5254	0.0000	0.0000	0.0000	0.0000	0.0000	0.0000	0.0000	0.0000	0.0000	0.0000	0.0000
COG5255	0.0000	0.0016	0.0010	0.0006	0.0003	0.0007	0.0003	0.0010	0.0004	0.0011	0.0005
COG5256	0.9450	0.9994	0.0002	1.0000	0.0000	0.9997	0.0001	0.9987	0.0006	0.9978	0.0007
COG5258	0.0000	0.0026	0.0014	0.0058	0.0030	0.0031	0.0017	0.0023	0.0014	0.0021	0.0012
COG5259	0.0000	0.0000	0.0000	0.0000	0.0000	0.0000	0.0000	0.0000	0.0000	0.0000	0.0000
COG5260	0.0000	0.0027	0.0027	0.0005	0.0004	0.0016	0.0010	0.0019	0.0011	0.0017	0.0010
COG5261	0.0000	0.0000	0.0000	0.0000	0.0000	0.0000	0.0000	0.0000	0.0000	0.0000	0.0000
COG5262	0.0000	0.0000	0.0000	0.0000	0.0000	0.0000	0.0000	0.0000	0.0000	0.0000	0.0000
COG5263	0.0000	0.0017	0.0008	0.0003	0.0002	0.0011	0.0005	0.0028	0.0012	0.0043	0.0015
COG5264	0.0000	0.0000	0.0000	0.0000	0.0000	0.0000	0.0000	0.0000	0.0000	0.0000	0.0000
COG5265	0.0000	0.0012	0.0013	0.0007	0.0007	0.0015	0.0011	0.0024	0.0017	0.0057	0.0035
COG5266	0.0000	0.0343	0.0150	0.0047	0.0022	0.0138	0.0078	0.0193	0.0097	0.0325	0.0152
COG5267	0.0000	0.0003	0.0002	0.0001	0.0001	0.0002	0.0001	0.0004	0.0003	0.0007	0.0004
COG5268	0.0000	0.0015	0.0003	0.0006	0.0003	0.0012	0.0003	0.0015	0.0003	0.0016	0.0003
COG5271	0.0000	0.0023	0.0008	0.0009	0.0004	0.0018	0.0006	0.0023	0.0006	0.0025	0.0008
COG5272	0.0000	0.0104	0.0014	0.0024	0.0007	0.0036	0.0011	0.0057	0.0012	0.0074	0.0018
COG5273	0.0000	0.0004	0.0002	0.0004	0.0001	0.0005	0.0001	0.0006	0.0002	0.0006	0.0002
COG5274	0.0000	0.0007	0.0006	0.0002	0.0002	0.0005	0.0004	0.0011	0.0005	0.0024	0.0013
COG5275	0.0000	0.0008	0.0004	0.0005	0.0003	0.0007	0.0004	0.0011	0.0005	0.0011	0.0005
COG5276	0.0000	0.0178	0.0072	0.0013	0.0004	0.0083	0.0035	0.0109	0.0036	0.0104	0.0025
COG5277	0.0000	0.0181	0.0025	0.0072	0.0038	0.0061	0.0062	0.0053	0.0061	0.0052	0.0051
COG5278	0.0000	0.0008	0.0004	0.0005	0.0007	0.0006	0.0007	0.0005	0.0005	0.0004	0.0003
COG5279	0.0000	0.0050	0.0012	0.0011	0.0005	0.0026	0.0011	0.0045	0.0016	0.0066	0.0015
COG5280	0.0000	0.0034	0.0009	0.0006	0.0001	0.0021	0.0004	0.0037	0.0006	0.0045	0.0009
COG5281	0.0000	0.0007	0.0003	0.0002	0.0002	0.0004	0.0003	0.0006	0.0004	0.0009	0.0005
COG5282	0.0000	0.0116	0.0150	0.0044	0.0074	0.0065	0.0116	0.0083	0.0154	0.0094	0.0158
COG5283	0.0000	0.0097	0.0018	0.0009	0.0002	0.0028	0.0009	0.0042	0.0013	0.0060	0.0017
COG5285	0.0000	0.0007	0.0004	0.0003	0.0002	0.0007	0.0004	0.0018	0.0011	0.0026	0.0014
COG5290	0.0000	0.0005	0.0002	0.0002	0.0001	0.0003	0.0001	0.0005	0.0002	0.0007	0.0003
COG5291	0.0000	0.0000	0.0000	0.0000	0.0000	0.0000	0.0000	0.0000	0.0000	0.0000	0.0000
COG5293	0.0000	0.0118	0.0013	0.0010	0.0001	0.0028	0.0004	0.0034	0.0006	0.0047	0.0008
COG5294	0.0000	0.0001	0.0001	0.0001	0.0000	0.0002	0.0001	0.0003	0.0001	0.0005	0.0001
COG5295	0.0000	0.0078	0.0023	0.0012	0.0005	0.0033	0.0014	0.0058	0.0020	0.0075	0.0018
COG5296	0.0000	0.0001	0.0001	0.0002	0.0002	0.0002	0.0002	0.0002	0.0002	0.0002	0.0002
COG5297	0.0000	0.0118	0.0033	0.0016	0.0005	0.0036	0.0014	0.0084	0.0028	0.0103	0.0033
COG5298	0.0000	0.0036	0.0014	0.0006	0.0003	0.0014	0.0005	0.0013	0.0003	0.0013	0.0003
COG5301	0.0000	0.0028	0.0010	0.0004	0.0002	0.0015	0.0006	0.0023	0.0010	0.0032	0.0013
COG5302	0.0000	0.0006	0.0009	0.0003	0.0003	0.0005	0.0005	0.0005	0.0005	0.0006	0.0004
COG5304	0.0000	0.0009	0.0004	0.0002	0.0001	0.0004	0.0002	0.0005	0.0002	0.0005	0.0002
COG5305	0.0150	0.1282	0.0661	0.8580	0.0628	0.6244	0.1247	0.0065	0.0039	0.0072	0.0029
COG5306	0.0000	0.2096	0.1025	0.0166	0.0066	0.0723	0.0240	0.1121	0.0311	0.1340	0.0473
COG5307	0.0000	0.0001	0.0000	0.0002	0.0001	0.0002	0.0001	0.0001	0.0001	0.0002	0.0001
COG5308	0.0000	0.0000	0.0000	0.0000	0.0000	0.0000	0.0000	0.0000	0.0000	0.0000	0.0000
COG5309	0.0000	0.0011	0.0006	0.0002	0.0002	0.0005	0.0004	0.0010	0.0008	0.0016	0.0009
COG5310	0.0000	0.0129	0.0048	0.0033	0.0011	0.0038	0.0022	0.0065	0.0027	0.0067	0.0023
COG5314	0.0000	0.0024	0.0009	0.0004	0.0002	0.0010	0.0003	0.0018	0.0005	0.0019	0.0006
COG5316	0.0000	0.1809	0.0849	0.0222	0.0223	0.0295	0.0261	0.0196	0.0122	0.0243	0.0098
COG5317	0.0000	0.0005	0.0004	0.0007	0.0004	0.0006	0.0004	0.0005	0.0003	0.0005	0.0003
COG5319	0.0000	0.0081	0.0034	0.0026	0.0010	0.0049	0.0019	0.0065	0.0022	0.0075	0.0030
COG5321	0.0000	0.0062	0.0097	0.0022	0.0039	0.0034	0.0057	0.0036	0.0061	0.0033	0.0056
COG5322	0.0000	0.0095	0.0054	0.0022	0.0010	0.0042	0.0019	0.0095	0.0040	0.0054	0.0028
COG5323	0.0000	0.0041	0.0014	0.0020	0.0009	0.0020	0.0011	0.0032	0.0017	0.0045	0.0029
COG5324	0.0000	0.0006	0.0004	0.0005	0.0003	0.0005	0.0003	0.0006	0.0003	0.0006	0.0004
COG5328	0.0000	0.0006	0.0003	0.0005	0.0003	0.0005	0.0002	0.0005	0.0002	0.0006	0.0002
COG5329	0.0000	0.0002	0.0001	0.0002	0.0002	0.0003	0.0002	0.0003	0.0002	0.0004	0.0003
COG5330	0.0000	0.0009	0.0007	0.0006	0.0003	0.0011	0.0005	0.0013	0.0006	0.0012	0.0006
COG5331	0.0000	0.0001	0.0001	0.0001	0.0001	0.0002	0.0002	0.0003	0.0002	0.0005	0.0003
COG5333	0.0000	0.0000	0.0000	0.0000	0.0000	0.0000	0.0000	0.0000	0.0000	0.0000	0.0000
COG5336	0.0000	0.0007	0.0004	0.0005	0.0003	0.0005	0.0002	0.0007	0.0003	0.0009	0.0003
COG5337	0.0000	0.0051	0.0013	0.0013	0.0003	0.0034	0.0007	0.0082	0.0016	0.0104	0.0023
COG5338	0.0000	0.0023	0.0013	0.0005	0.0006	0.0012	0.0010	0.0021	0.0015	0.0023	0.0017
COG5339	0.0000	0.0009	0.0018	0.0005	0.0010	0.0007	0.0013	0.0007	0.0012	0.0008	0.0012
COG5340	0.0100	0.8561	0.0485	0.9986	0.0006	0.0319	0.0100	0.0506	0.0132	0.0475	0.0105
COG5341	0.0000	0.0006	0.0003	0.0002	0.0002	0.0006	0.0005	0.0008	0.0005	0.0012	0.0007
COG5342	0.0000	0.0011	0.0011	0.0014	0.0017	0.0015	0.0014	0.0018	0.0012	0.0025	0.0009
COG5343	0.0000	0.0009	0.0007	0.0002	0.0001	0.0003	0.0001	0.0003	0.0002	0.0007	0.0005
COG5345	0.0000	0.0014	0.0014	0.0008	0.0012	0.0008	0.0012	0.0010	0.0013	0.0013	0.0013
COG5346	0.0000	0.0008	0.0004	0.0002	0.0001	0.0004	0.0001	0.0004	0.0002	0.0006	0.0002
COG5347	0.0000	0.0001	0.0000	0.0001	0.0000	0.0001	0.0000	0.0001	0.0000	0.0001	0.0001
COG5349	0.0000	0.0010	0.0006	0.0005	0.0003	0.0006	0.0003	0.0008	0.0005	0.0017	0.0009
COG5350	0.0000	0.0108	0.0088	0.0039	0.0029	0.0042	0.0032	0.0039	0.0029	0.0042	0.0030
COG5351	0.0000	0.0010	0.0003	0.0002	0.0001	0.0006	0.0002	0.0007	0.0002	0.0009	0.0002
COG5352	0.0000	0.0005	0.0006	0.0012	0.0015	0.0012	0.0010	0.0017	0.0009	0.0018	0.0009
COG5353	0.0000	0.0000	0.0000	0.0000	0.0000	0.0000	0.0000	0.0000	0.0000	0.0000	0.0000
COG5354	0.0000	0.0012	0.0007	0.0009	0.0005	0.0007	0.0004	0.0006	0.0004	0.0006	0.0003
COG5360	0.0000	0.0127	0.0077	0.0031	0.0019	0.0057	0.0024	0.0046	0.0019	0.0038	0.0014
COG5361	0.0000	0.0097	0.0035	0.0007	0.0002	0.0019	0.0008	0.0048	0.0012	0.0084	0.0023
COG5362	0.0000	0.0058	0.0017	0.0005	0.0002	0.0022	0.0008	0.0035	0.0011	0.0093	0.0025
COG5368	0.0000	0.0044	0.0025	0.0017	0.0012	0.0026	0.0017	0.0038	0.0017	0.0051	0.0022
COG5371	0.0000	0.0002	0.0002	0.0002	0.0002	0.0003	0.0002	0.0004	0.0002	0.0005	0.0002
COG5373	0.0000	0.0007	0.0005	0.0001	0.0001	0.0004	0.0002	0.0010	0.0006	0.0020	0.0012
COG5375	0.0000	0.0009	0.0007	0.0010	0.0006	0.0013	0.0011	0.0015	0.0011	0.0016	0.0012
COG5377	0.0000	0.0018	0.0004	0.0003	0.0002	0.0013	0.0004	0.0021	0.0005	0.0035	0.0007
COG5378	0.0150	0.6692	0.1135	0.9951	0.0026	0.9392	0.0276	0.0361	0.0156	0.0426	0.0166
COG5379	0.0000	0.0008	0.0004	0.0002	0.0001	0.0003	0.0002	0.0005	0.0004	0.0009	0.0005
COG5380	0.0000	0.0009	0.0005	0.0002	0.0002	0.0005	0.0003	0.0014	0.0006	0.0025	0.0008
COG5381	0.0000	0.0013	0.0004	0.0006	0.0002	0.0006	0.0002	0.0007	0.0003	0.0006	0.0002
COG5383	0.0000	0.0003	0.0002	0.0001	0.0000	0.0002	0.0001	0.0003	0.0001	0.0004	0.0002
COG5384	0.0000	0.0006	0.0004	0.0005	0.0003	0.0008	0.0004	0.0011	0.0006	0.0013	0.0008
COG5385	0.0000	0.0003	0.0001	0.0006	0.0004	0.0004	0.0003	0.0004	0.0003	0.0005	0.0003
COG5386	0.0000	0.0011	0.0007	0.0005	0.0005	0.0010	0.0007	0.0013	0.0009	0.0012	0.0007
COG5387	0.0000	0.0003	0.0002	0.0009	0.0005	0.0005	0.0003	0.0004	0.0003	0.0005	0.0003
COG5388	0.0000	0.0001	0.0001	0.0001	0.0001	0.0002	0.0002	0.0003	0.0002	0.0003	0.0002
COG5389	0.0000	0.0003	0.0003	0.0006	0.0005	0.0005	0.0005	0.0005	0.0004	0.0008	0.0004
COG5391	0.0000	0.0000	0.0000	0.0000	0.0000	0.0000	0.0000	0.0000	0.0000	0.0000	0.0000
COG5393	0.0000	0.0033	0.0021	0.0021	0.0014	0.0025	0.0021	0.0040	0.0027	0.0042	0.0025
COG5394	0.0000	0.0027	0.0013	0.0004	0.0003	0.0008	0.0003	0.0010	0.0005	0.0016	0.0008
COG5395	0.0000	0.0005	0.0003	0.0002	0.0001	0.0002	0.0002	0.0004	0.0002	0.0005	0.0002
COG5397	0.0000	0.0014	0.0007	0.0004	0.0003	0.0008	0.0004	0.0012	0.0004	0.0012	0.0004
COG5398	0.0000	0.0015	0.0015	0.0011	0.0014	0.0017	0.0013	0.0018	0.0012	0.0019	0.0012
COG5399	0.0000	0.0020	0.0016	0.0118	0.0085	0.0076	0.0047	0.0094	0.0056	0.0086	0.0055
COG5400	0.0000	0.0028	0.0016	0.0019	0.0016	0.0030	0.0012	0.0024	0.0011	0.0020	0.0010
COG5401	0.0000	0.0037	0.0028	0.0009	0.0008	0.0011	0.0011	0.0027	0.0018	0.0033	0.0019
COG5402	0.0000	0.0025	0.0016	0.0017	0.0017	0.0016	0.0015	0.0017	0.0017	0.0021	0.0017
COG5403	0.0000	0.0021	0.0011	0.0005	0.0003	0.0010	0.0004	0.0015	0.0005	0.0030	0.0012
COG5404	0.0000	0.0001	0.0001	0.0002	0.0001	0.0001	0.0001	0.0001	0.0001	0.0001	0.0001
COG5405	0.0000	0.0006	0.0004	0.0001	0.0001	0.0003	0.0002	0.0005	0.0003	0.0008	0.0004
COG5406	0.0000	0.0000	0.0000	0.0000	0.0000	0.0000	0.0000	0.0000	0.0000	0.0000	0.0000
COG5407	0.0000	0.0001	0.0000	0.0001	0.0000	0.0001	0.0000	0.0001	0.0001	0.0001	0.0000
COG5409	0.0000	0.0000	0.0000	0.0000	0.0000	0.0000	0.0000	0.0000	0.0000	0.0000	0.0000
COG5410	0.0000	0.0337	0.0149	0.0033	0.0011	0.0117	0.0038	0.0141	0.0040	0.0198	0.0049
COG5411	0.0000	0.0000	0.0000	0.0000	0.0000	0.0000	0.0000	0.0000	0.0000	0.0000	0.0000
COG5412	0.0000	0.0027	0.0010	0.0003	0.0001	0.0010	0.0005	0.0018	0.0006	0.0025	0.0007
COG5413	0.0000	0.0013	0.0011	0.0008	0.0008	0.0019	0.0013	0.0022	0.0018	0.0018	0.0013
COG5414	0.0000	0.0009	0.0004	0.0005	0.0004	0.0005	0.0003	0.0005	0.0002	0.0005	0.0002
COG5416	0.0000	0.0057	0.0054	0.0011	0.0012	0.0030	0.0038	0.0060	0.0059	0.0088	0.0065
COG5417	0.0000	0.0000	0.0000	0.0000	0.0000	0.0001	0.0000	0.0000	0.0000	0.0001	0.0000
COG5418	0.0050	0.5817	0.1353	0.9810	0.0118	0.0477	0.0190	0.0741	0.0267	0.1074	0.0382
COG5419	0.0000	0.0007	0.0004	0.0004	0.0002	0.0005	0.0004	0.0007	0.0004	0.0006	0.0004
COG5420	0.0000	0.0053	0.0015	0.0015	0.0010	0.0020	0.0010	0.0020	0.0008	0.0020	0.0007
COG5421	0.0000	0.0752	0.0229	0.0042	0.0019	0.0116	0.0041	0.0241	0.0088	0.0297	0.0113
COG5422	0.0000	0.0004	0.0003	0.0006	0.0005	0.0004	0.0004	0.0004	0.0003	0.0004	0.0003
COG5423	0.0100	0.8806	0.1081	0.9945	0.0048	0.0929	0.0541	0.2971	0.1144	0.1784	0.0552
COG5424	0.0000	0.0022	0.0017	0.0005	0.0003	0.0019	0.0014	0.0031	0.0021	0.0064	0.0053
COG5425	0.0000	0.0004	0.0002	0.0004	0.0005	0.0004	0.0002	0.0005	0.0001	0.0006	0.0001
COG5426	0.0000	0.0131	0.0028	0.0035	0.0007	0.0052	0.0016	0.0057	0.0026	0.0071	0.0028
COG5427	0.0000	0.1625	0.0458	0.0157	0.0065	0.1084	0.0526	0.1401	0.0426	0.1644	0.0571
COG5428	0.0000	0.4714	0.0810	0.0691	0.0348	0.0947	0.0404	0.0379	0.0187	0.0324	0.0093
COG5429	0.0000	0.0006	0.0001	0.0001	0.0001	0.0004	0.0002	0.0008	0.0005	0.0009	0.0003
COG5430	0.0000	0.0008	0.0003	0.0003	0.0001	0.0005	0.0001	0.0006	0.0001	0.0007	0.0001
COG5431	0.0000	0.1181	0.0634	0.0567	0.0404	0.1317	0.0640	0.1618	0.0631	0.1987	0.0687
COG5433	0.0000	0.0022	0.0004	0.0001	0.0000	0.0004	0.0001	0.0009	0.0003	0.0014	0.0004
COG5434	0.0300	0.1993	0.0368	0.9326	0.0146	0.7661	0.0472	0.0153	0.0056	0.0254	0.0059
COG5435	0.0000	0.0036	0.0018	0.0011	0.0005	0.0018	0.0009	0.0024	0.0012	0.0028	0.0012
COG5436	0.0000	0.0034	0.0019	0.0021	0.0016	0.0021	0.0016	0.0022	0.0020	0.0026	0.0019
COG5437	0.0000	0.0046	0.0030	0.0016	0.0010	0.0031	0.0021	0.0029	0.0021	0.0026	0.0021
COG5438	0.0000	0.0011	0.0008	0.0002	0.0001	0.0009	0.0009	0.0019	0.0014	0.0020	0.0011
COG5439	0.0000	0.0016	0.0005	0.0006	0.0003	0.0008	0.0003	0.0008	0.0004	0.0007	0.0003
COG5440	0.0000	0.0756	0.0394	0.0174	0.0092	0.0289	0.0166	0.0387	0.0200	0.0646	0.0286
COG5441	0.0000	0.0356	0.0136	0.0023	0.0016	0.0035	0.0017	0.0090	0.0029	0.0081	0.0024
COG5442	0.0000	0.0030	0.0027	0.0021	0.0017	0.0024	0.0020	0.0028	0.0025	0.0022	0.0020
COG5443	0.0000	0.0034	0.0029	0.0021	0.0020	0.0027	0.0018	0.0028	0.0025	0.0024	0.0020
COG5444	0.0000	0.0006	0.0003	0.0002	0.0001	0.0004	0.0002	0.0006	0.0003	0.0010	0.0004
COG5445	0.0000	0.0002	0.0002	0.0003	0.0002	0.0003	0.0002	0.0004	0.0002	0.0004	0.0003
COG5446	0.0000	0.0021	0.0016	0.0004	0.0003	0.0005	0.0003	0.0006	0.0004	0.0006	0.0004
COG5447	0.0000	0.0001	0.0001	0.0003	0.0002	0.0003	0.0002	0.0003	0.0002	0.0002	0.0001
COG5448	0.0000	0.0025	0.0019	0.0013	0.0010	0.0023	0.0016	0.0030	0.0026	0.0026	0.0020
COG5449	0.0000	0.0032	0.0034	0.0012	0.0012	0.0020	0.0015	0.0024	0.0020	0.0027	0.0017
COG5450	0.0000	0.0069	0.0035	0.0015	0.0005	0.0017	0.0008	0.0018	0.0010	0.0018	0.0008
COG5451	0.0000	0.0006	0.0003	0.0012	0.0007	0.0008	0.0005	0.0008	0.0004	0.0008	0.0004
COG5452	0.0000	0.0002	0.0001	0.0002	0.0001	0.0003	0.0002	0.0005	0.0003	0.0005	0.0003
COG5453	0.0000	0.0007	0.0006	0.0002	0.0001	0.0003	0.0002	0.0003	0.0002	0.0002	0.0002
COG5454	0.0000	0.0001	0.0001	0.0003	0.0002	0.0003	0.0002	0.0003	0.0002	0.0003	0.0002
COG5455	0.0000	0.0018	0.0020	0.0015	0.0020	0.0018	0.0017	0.0019	0.0020	0.0018	0.0016
COG5456	0.0000	0.0011	0.0008	0.0001	0.0001	0.0007	0.0004	0.0010	0.0007	0.0017	0.0010
COG5457	0.0000	0.0007	0.0004	0.0004	0.0003	0.0005	0.0004	0.0007	0.0007	0.0010	0.0009
COG5458	0.0000	0.0001	0.0001	0.0001	0.0001	0.0002	0.0001	0.0002	0.0001	0.0002	0.0001
COG5459	0.0000	0.0028	0.0012	0.0009	0.0003	0.0019	0.0005	0.0025	0.0007	0.0048	0.0011
COG5460	0.0000	0.0024	0.0012	0.0003	0.0002	0.0007	0.0005	0.0015	0.0011	0.0020	0.0010
COG5461	0.0000	0.0004	0.0003	0.0006	0.0004	0.0006	0.0004	0.0005	0.0004	0.0004	0.0003
COG5462	0.0000	0.0001	0.0001	0.0003	0.0002	0.0002	0.0002	0.0004	0.0003	0.0003	0.0002
COG5463	0.0000	0.0008	0.0004	0.0004	0.0005	0.0006	0.0004	0.0007	0.0004	0.0007	0.0004
COG5464	0.0000	0.0070	0.0033	0.0005	0.0003	0.0016	0.0006	0.0037	0.0016	0.0044	0.0019
COG5465	0.0000	0.0033	0.0012	0.0011	0.0006	0.0012	0.0004	0.0018	0.0006	0.0030	0.0013
COG5466	0.0000	0.0101	0.0067	0.0017	0.0011	0.0023	0.0012	0.0047	0.0025	0.0051	0.0031
COG5467	0.0000	0.0004	0.0002	0.0005	0.0010	0.0005	0.0005	0.0006	0.0004	0.0007	0.0004
COG5468	0.0000	0.0003	0.0002	0.0006	0.0004	0.0004	0.0003	0.0004	0.0003	0.0005	0.0003
COG5469	0.0000	0.0012	0.0012	0.0007	0.0007	0.0008	0.0009	0.0009	0.0007	0.0006	0.0005
COG5470	0.0000	0.0033	0.0009	0.0006	0.0002	0.0012	0.0002	0.0032	0.0008	0.0043	0.0011
COG5471	0.0000	0.0014	0.0004	0.0003	0.0001	0.0009	0.0003	0.0011	0.0003	0.0011	0.0003
COG5472	0.0000	0.0002	0.0002	0.0001	0.0001	0.0001	0.0001	0.0002	0.0002	0.0002	0.0002
COG5473	0.0000	0.0027	0.0029	0.0011	0.0022	0.0022	0.0034	0.0042	0.0060	0.0047	0.0059
COG5474	0.0000	0.0027	0.0015	0.0010	0.0005	0.0013	0.0007	0.0012	0.0007	0.0010	0.0006
COG5475	0.0000	0.0014	0.0005	0.0010	0.0004	0.0011	0.0005	0.0011	0.0005	0.0011	0.0005
COG5476	0.0000	0.0118	0.0067	0.0018	0.0007	0.0026	0.0008	0.0069	0.0025	0.0086	0.0031
COG5477	0.0000	0.0026	0.0020	0.0011	0.0009	0.0013	0.0009	0.0022	0.0014	0.0026	0.0015
COG5478	0.0000	0.0004	0.0002	0.0002	0.0001	0.0005	0.0002	0.0006	0.0002	0.0010	0.0003
COG5479	0.0000	0.0033	0.0022	0.0007	0.0005	0.0012	0.0009	0.0017	0.0015	0.0020	0.0018
COG5480	0.0000	0.0022	0.0015	0.0015	0.0007	0.0020	0.0009	0.0018	0.0009	0.0019	0.0007
COG5481	0.0000	0.0007	0.0004	0.0004	0.0003	0.0007	0.0004	0.0019	0.0011	0.0014	0.0008
COG5482	0.0000	0.0005	0.0003	0.0002	0.0001	0.0004	0.0003	0.0011	0.0005	0.0013	0.0006
COG5483	0.0000	0.3713	0.1034	0.0302	0.0151	0.1055	0.0476	0.1094	0.0271	0.1248	0.0272
COG5484	0.0000	0.0002	0.0002	0.0001	0.0000	0.0002	0.0001	0.0003	0.0002	0.0004	0.0002
COG5485	0.0000	0.0485	0.0170	0.0026	0.0012	0.0051	0.0030	0.0097	0.0044	0.0121	0.0042
COG5486	0.0000	0.0040	0.0017	0.0008	0.0004	0.0023	0.0010	0.0023	0.0004	0.0041	0.0011
COG5487	0.0000	0.0013	0.0004	0.0005	0.0002	0.0011	0.0004	0.0010	0.0005	0.0016	0.0008
COG5488	0.0000	0.0009	0.0005	0.0004	0.0002	0.0012	0.0007	0.0012	0.0007	0.0015	0.0009
COG5489	0.0000	0.0011	0.0003	0.0005	0.0004	0.0007	0.0004	0.0008	0.0004	0.0007	0.0004
COG5490	0.0000	0.0010	0.0004	0.0012	0.0004	0.0015	0.0008	0.0012	0.0005	0.0022	0.0010
COG5491	0.0000	0.0117	0.0125	0.0154	0.0151	0.0205	0.0116	0.0289	0.0195	0.0178	0.0094
COG5492	0.0000	0.0086	0.0019	0.0011	0.0004	0.0047	0.0015	0.0145	0.0044	0.0203	0.0049
COG5493	0.0000	0.1070	0.0421	0.0305	0.0117	0.0708	0.0260	0.0569	0.0110	0.0374	0.0096
COG5494	0.0000	0.0004	0.0003	0.0012	0.0007	0.0009	0.0006	0.0011	0.0007	0.0011	0.0008
COG5495	0.0000	0.0017	0.0019	0.0004	0.0003	0.0016	0.0011	0.0028	0.0019	0.0042	0.0028
COG5496	0.0000	0.0344	0.0086	0.0070	0.0032	0.0185	0.0086	0.0364	0.0130	0.0439	0.0146
COG5497	0.0000	0.0013	0.0005	0.0010	0.0008	0.0012	0.0006	0.0017	0.0007	0.0015	0.0008
COG5498	0.0000	0.0017	0.0008	0.0004	0.0002	0.0008	0.0005	0.0021	0.0010	0.0019	0.0006
COG5499	0.0000	0.0015	0.0010	0.0003	0.0003	0.0004	0.0003	0.0006	0.0004	0.0006	0.0003
COG5500	0.0000	0.0025	0.0011	0.0004	0.0002	0.0010	0.0005	0.0013	0.0007	0.0012	0.0007
COG5501	0.0000	0.0021	0.0009	0.0008	0.0005	0.0012	0.0005	0.0012	0.0009	0.0014	0.0009
COG5502	0.0000	0.0103	0.0040	0.0005	0.0004	0.0024	0.0015	0.0045	0.0027	0.0052	0.0038
COG5503	0.0000	0.0000	0.0000	0.0000	0.0000	0.0000	0.0000	0.0000	0.0000	0.0000	0.0000
COG5504	0.0000	0.0076	0.0045	0.0016	0.0009	0.0051	0.0025	0.0063	0.0021	0.0076	0.0034
COG5505	0.0000	0.0002	0.0001	0.0000	0.0000	0.0003	0.0001	0.0007	0.0002	0.0009	0.0003
COG5506	0.0000	0.0003	0.0003	0.0002	0.0003	0.0002	0.0003	0.0003	0.0004	0.0004	0.0003
COG5507	0.0000	0.0033	0.0008	0.0006	0.0002	0.0014	0.0004	0.0029	0.0007	0.0045	0.0015
COG5508	0.0000	0.0009	0.0007	0.0006	0.0004	0.0009	0.0006	0.0007	0.0004	0.0008	0.0005
COG5509	0.0000	0.0001	0.0001	0.0001	0.0001	0.0001	0.0001	0.0001	0.0001	0.0001	0.0001
COG5510	0.0000	0.0010	0.0010	0.0008	0.0011	0.0013	0.0008	0.0011	0.0009	0.0011	0.0007
COG5511	0.0000	0.0008	0.0001	0.0001	0.0000	0.0004	0.0001	0.0006	0.0002	0.0010	0.0002
COG5512	0.0000	0.0021	0.0010	0.0002	0.0001	0.0011	0.0005	0.0038	0.0020	0.0040	0.0018
COG5513	0.0000	0.0451	0.0127	0.0053	0.0020	0.0069	0.0022	0.0143	0.0043	0.0250	0.0073
COG5514	0.0000	0.0005	0.0002	0.0002	0.0001	0.0003	0.0002	0.0005	0.0002	0.0006	0.0002
COG5515	0.0000	0.0012	0.0009	0.0007	0.0008	0.0012	0.0011	0.0015	0.0011	0.0016	0.0009
COG5516	0.0000	0.0033	0.0016	0.0007	0.0004	0.0011	0.0009	0.0013	0.0009	0.0013	0.0005
COG5517	0.0000	0.0076	0.0018	0.0010	0.0004	0.0027	0.0007	0.0035	0.0009	0.0048	0.0012
COG5518	0.0000	0.0178	0.0038	0.0024	0.0009	0.0057	0.0017	0.0064	0.0018	0.0065	0.0019
COG5519	0.0000	0.0086	0.0041	0.0008	0.0003	0.0015	0.0005	0.0020	0.0006	0.0029	0.0009
COG5520	0.0000	0.0085	0.0026	0.0006	0.0003	0.0030	0.0009	0.0081	0.0027	0.0188	0.0055
COG5521	0.0000	0.0007	0.0002	0.0002	0.0001	0.0004	0.0002	0.0009	0.0004	0.0012	0.0004
COG5522	0.0000	0.0001	0.0001	0.0000	0.0000	0.0001	0.0000	0.0002	0.0001	0.0004	0.0002
COG5523	0.0000	0.0023	0.0008	0.0003	0.0002	0.0010	0.0005	0.0025	0.0013	0.0038	0.0014
COG5524	0.0000	0.0054	0.0056	0.0031	0.0032	0.0053	0.0066	0.0116	0.0115	0.0144	0.0111
COG5525	0.0000	0.0015	0.0005	0.0001	0.0000	0.0006	0.0001	0.0009	0.0002	0.0014	0.0003
COG5526	0.0000	0.0014	0.0006	0.0005	0.0003	0.0007	0.0004	0.0007	0.0004	0.0007	0.0003
COG5527	0.0000	0.0019	0.0006	0.0003	0.0001	0.0013	0.0006	0.0019	0.0006	0.0025	0.0006
COG5528	0.0000	0.0011	0.0009	0.0004	0.0004	0.0006	0.0005	0.0008	0.0006	0.0009	0.0005
COG5529	0.0000	0.0004	0.0002	0.0003	0.0002	0.0006	0.0003	0.0008	0.0003	0.0015	0.0006
COG5530	0.0000	0.0047	0.0021	0.0006	0.0004	0.0016	0.0008	0.0019	0.0010	0.0021	0.0011
COG5531	0.0000	0.0005	0.0004	0.0003	0.0003	0.0009	0.0007	0.0008	0.0005	0.0011	0.0006
COG5532	0.0000	0.0010	0.0010	0.0004	0.0004	0.0006	0.0005	0.0008	0.0006	0.0008	0.0006
COG5533	0.0000	0.0003	0.0002	0.0003	0.0002	0.0005	0.0003	0.0007	0.0003	0.0009	0.0004
COG5534	0.0000	0.0030	0.0015	0.0007	0.0005	0.0016	0.0008	0.0017	0.0007	0.0019	0.0008
COG5535	0.0000	0.0000	0.0000	0.0000	0.0000	0.0000	0.0000	0.0000	0.0000	0.0000	0.0000
COG5536	0.0000	0.0000	0.0000	0.0000	0.0000	0.0000	0.0000	0.0000	0.0000	0.0000	0.0000
COG5537	0.0000	0.0000	0.0000	0.0000	0.0000	0.0000	0.0000	0.0000	0.0000	0.0000	0.0000
COG5539	0.0000	0.0000	0.0000	0.0002	0.0001	0.0001	0.0001	0.0001	0.0001	0.0001	0.0001
COG5541	0.0000	0.0000	0.0000	0.0000	0.0000	0.0000	0.0000	0.0000	0.0000	0.0000	0.0000
COG5542	0.0000	0.0157	0.0044	0.0018	0.0007	0.0080	0.0032	0.0120	0.0042	0.0195	0.0055
COG5544	0.0000	0.0021	0.0013	0.0007	0.0004	0.0021	0.0014	0.0016	0.0010	0.0026	0.0011
COG5545	0.0000	0.0013	0.0007	0.0002	0.0001	0.0005	0.0003	0.0010	0.0006	0.0013	0.0008
COG5546	0.0000	0.0006	0.0001	0.0003	0.0001	0.0006	0.0002	0.0007	0.0002	0.0009	0.0002
COG5547	0.0000	0.0013	0.0006	0.0006	0.0003	0.0015	0.0006	0.0024	0.0009	0.0022	0.0008
COG5548	0.0000	0.0003	0.0001	0.0002	0.0001	0.0003	0.0001	0.0004	0.0002	0.0004	0.0001
COG5549	0.0000	0.0204	0.0068	0.0024	0.0012	0.0058	0.0026	0.0158	0.0056	0.0199	0.0061
COG5550	0.0000	0.0902	0.0313	0.0158	0.0054	0.0368	0.0115	0.0393	0.0070	0.0253	0.0080
COG5551	0.0000	0.3360	0.0728	0.0320	0.0238	0.0309	0.0270	0.0132	0.0077	0.0241	0.0122
COG5552	0.0000	0.0024	0.0018	0.0006	0.0004	0.0009	0.0005	0.0018	0.0011	0.0027	0.0014
COG5553	0.0000	0.0047	0.0046	0.0007	0.0005	0.0020	0.0014	0.0019	0.0012	0.0028	0.0014
COG5554	0.0000	0.0024	0.0008	0.0007	0.0005	0.0009	0.0006	0.0013	0.0007	0.0015	0.0006
COG5555	0.0000	0.0037	0.0008	0.0008	0.0002	0.0022	0.0007	0.0040	0.0013	0.0048	0.0015
COG5556	0.0000	0.0001	0.0001	0.0001	0.0001	0.0002	0.0001	0.0002	0.0001	0.0002	0.0001
COG5557	0.0000	0.0594	0.0190	0.0027	0.0012	0.0082	0.0040	0.0152	0.0056	0.0309	0.0091
COG5558	0.0000	0.0236	0.0047	0.0239	0.0072	0.0227	0.0084	0.0268	0.0075	0.0275	0.0060
COG5559	0.0000	0.1549	0.0531	0.0208	0.0104	0.0255	0.0103	0.0168	0.0048	0.0152	0.0036
COG5560	0.0000	0.0003	0.0001	0.0006	0.0002	0.0006	0.0002	0.0007	0.0003	0.0008	0.0003
COG5561	0.0000	0.2205	0.0310	0.0091	0.0038	0.0195	0.0085	0.0304	0.0072	0.0279	0.0119
COG5562	0.0000	0.0002	0.0001	0.0001	0.0000	0.0002	0.0001	0.0002	0.0001	0.0003	0.0001
COG5563	0.0000	0.0105	0.0036	0.0018	0.0008	0.0068	0.0043	0.0065	0.0030	0.0056	0.0018
COG5564	0.0000	0.0202	0.0055	0.0013	0.0007	0.0030	0.0015	0.0065	0.0021	0.0072	0.0015
COG5565	0.0000	0.0012	0.0009	0.0007	0.0006	0.0010	0.0006	0.0020	0.0011	0.0032	0.0019
COG5566	0.0000	0.0007	0.0005	0.0001	0.0001	0.0003	0.0002	0.0005	0.0003	0.0007	0.0003
COG5567	0.0000	0.0010	0.0007	0.0008	0.0005	0.0010	0.0006	0.0010	0.0006	0.0014	0.0006
COG5568	0.0000	0.0003	0.0002	0.0004	0.0003	0.0004	0.0002	0.0004	0.0002	0.0006	0.0003
COG5569	0.0000	0.0014	0.0003	0.0008	0.0003	0.0009	0.0004	0.0011	0.0003	0.0015	0.0004
COG5570	0.0000	0.0004	0.0003	0.0005	0.0003	0.0006	0.0005	0.0005	0.0004	0.0006	0.0005
COG5571	0.0000	0.0016	0.0025	0.0008	0.0013	0.0015	0.0023	0.0023	0.0024	0.0025	0.0021
COG5572	0.0000	0.0009	0.0007	0.0007	0.0006	0.0009	0.0008	0.0009	0.0010	0.0009	0.0009
COG5573	0.0000	0.0240	0.0072	0.0026	0.0014	0.0111	0.0030	0.0097	0.0027	0.0096	0.0031
COG5574	0.0000	0.0001	0.0001	0.0002	0.0002	0.0002	0.0002	0.0001	0.0001	0.0001	0.0001
COG5577	0.0000	0.0012	0.0008	0.0004	0.0002	0.0005	0.0002	0.0014	0.0005	0.0022	0.0010
COG5578	0.0000	0.0007	0.0003	0.0005	0.0002	0.0011	0.0004	0.0027	0.0009	0.0040	0.0014
COG5579	0.0000	0.0027	0.0010	0.0005	0.0002	0.0020	0.0007	0.0019	0.0005	0.0032	0.0007
COG5580	0.0000	0.0043	0.0021	0.0012	0.0007	0.0034	0.0024	0.0085	0.0034	0.0079	0.0036
COG5581	0.0000	0.0023	0.0013	0.0003	0.0002	0.0013	0.0009	0.0030	0.0018	0.0038	0.0022
COG5582	0.0000	0.0002	0.0004	0.0003	0.0007	0.0002	0.0004	0.0002	0.0004	0.0001	0.0002
COG5583	0.0000	0.0029	0.0017	0.0007	0.0006	0.0009	0.0007	0.0014	0.0010	0.0012	0.0008
COG5584	0.0000	0.0000	0.0000	0.0000	0.0000	0.0000	0.0000	0.0000	0.0000	0.0000	0.0000
COG5585	0.0000	0.0007	0.0002	0.0003	0.0001	0.0007	0.0002	0.0008	0.0002	0.0010	0.0003
COG5586	0.0000	0.0034	0.0019	0.0009	0.0005	0.0018	0.0010	0.0025	0.0012	0.0020	0.0008
COG5587	0.0000	0.0043	0.0022	0.0011	0.0007	0.0018	0.0008	0.0039	0.0014	0.0048	0.0013
COG5588	0.0000	0.0065	0.0030	0.0009	0.0005	0.0025	0.0009	0.0025	0.0005	0.0041	0.0011
COG5589	0.0000	0.0007	0.0004	0.0007	0.0005	0.0008	0.0004	0.0008	0.0003	0.0010	0.0003
COG5590	0.0000	0.0001	0.0001	0.0003	0.0002	0.0004	0.0003	0.0006	0.0005	0.0007	0.0004
COG5591	0.0000	0.0012	0.0007	0.0006	0.0007	0.0010	0.0007	0.0009	0.0008	0.0011	0.0008
COG5592	0.0000	0.0034	0.0010	0.0005	0.0002	0.0017	0.0005	0.0035	0.0008	0.0055	0.0016
COG5593	0.0000	0.0000	0.0000	0.0000	0.0000	0.0000	0.0000	0.0000	0.0000	0.0000	0.0000
COG5594	0.0000	0.0000	0.0000	0.0000	0.0000	0.0000	0.0000	0.0000	0.0000	0.0000	0.0000
COG5595	0.0000	0.0012	0.0009	0.0005	0.0003	0.0008	0.0005	0.0010	0.0006	0.0011	0.0007
COG5596	0.0000	0.0000	0.0000	0.0000	0.0000	0.0000	0.0000	0.0000	0.0000	0.0000	0.0000
COG5597	0.0000	0.0008	0.0007	0.0006	0.0004	0.0007	0.0007	0.0009	0.0008	0.0009	0.0010
COG5598	0.0000	0.1279	0.0493	0.0148	0.0048	0.0128	0.0053	0.0623	0.0288	0.0389	0.0148
COG5599	0.0000	0.0005	0.0004	0.0002	0.0002	0.0004	0.0003	0.0007	0.0005	0.0009	0.0007
COG5600	0.0000	0.0000	0.0000	0.0000	0.0000	0.0000	0.0000	0.0000	0.0000	0.0000	0.0000
COG5601	0.0000	0.0000	0.0000	0.0000	0.0000	0.0000	0.0000	0.0000	0.0000	0.0000	0.0000
COG5602	0.0000	0.0033	0.0023	0.0012	0.0012	0.0020	0.0012	0.0022	0.0011	0.0017	0.0007
COG5604	0.0000	0.0055	0.0026	0.0032	0.0010	0.0030	0.0008	0.0034	0.0010	0.0038	0.0013
COG5605	0.0000	0.0007	0.0011	0.0006	0.0011	0.0011	0.0017	0.0017	0.0022	0.0023	0.0026
COG5606	0.0000	0.0009	0.0003	0.0003	0.0002	0.0004	0.0002	0.0005	0.0002	0.0007	0.0002
COG5607	0.0000	0.0149	0.0054	0.0014	0.0006	0.0053	0.0021	0.0059	0.0030	0.0066	0.0031
COG5608	0.0000	0.0864	0.0429	0.0030	0.0018	0.0079	0.0041	0.0157	0.0061	0.0275	0.0110
COG5609	0.0000	0.0017	0.0011	0.0002	0.0002	0.0008	0.0006	0.0008	0.0005	0.0006	0.0004
COG5610	0.0000	0.0009	0.0003	0.0001	0.0001	0.0004	0.0002	0.0007	0.0002	0.0012	0.0004
COG5611	0.0000	0.0057	0.0027	0.0012	0.0007	0.0018	0.0010	0.0010	0.0007	0.0012	0.0005
COG5612	0.0000	0.0004	0.0002	0.0002	0.0001	0.0003	0.0001	0.0003	0.0001	0.0003	0.0001
COG5613	0.0000	0.0001	0.0001	0.0002	0.0001	0.0002	0.0001	0.0002	0.0001	0.0002	0.0001
COG5614	0.0000	0.0013	0.0008	0.0003	0.0002	0.0009	0.0005	0.0011	0.0006	0.0012	0.0007
COG5615	0.0000	0.0168	0.0098	0.0051	0.0031	0.0116	0.0044	0.0113	0.0044	0.0119	0.0055
COG5616	0.0000	0.0011	0.0006	0.0001	0.0001	0.0005	0.0003	0.0007	0.0003	0.0010	0.0005
COG5617	0.0250	0.2598	0.0803	0.9359	0.0255	0.8061	0.0696	0.0207	0.0095	0.0250	0.0092
COG5618	0.0000	0.0026	0.0012	0.0008	0.0005	0.0012	0.0006	0.0017	0.0009	0.0017	0.0009
COG5619	0.0000	0.0042	0.0009	0.0008	0.0003	0.0015	0.0005	0.0018	0.0005	0.0015	0.0005
COG5620	0.0000	0.0009	0.0005	0.0002	0.0002	0.0005	0.0003	0.0007	0.0003	0.0010	0.0005
COG5621	0.0000	0.0397	0.0137	0.0026	0.0012	0.0071	0.0039	0.0095	0.0037	0.0205	0.0053
COG5622	0.0000	0.0008	0.0004	0.0003	0.0003	0.0004	0.0002	0.0006	0.0003	0.0009	0.0002
COG5623	0.0000	0.6891	0.1100	0.2335	0.1379	0.4218	0.1227	0.4185	0.0853	0.4202	0.0848
COG5624	0.0000	0.0052	0.0017	0.0012	0.0005	0.0028	0.0011	0.0037	0.0012	0.0042	0.0012
COG5625	0.0000	0.1516	0.1272	0.0436	0.0533	0.1214	0.0756	0.1441	0.0574	0.1342	0.0604
COG5626	0.0000	0.0004	0.0003	0.0002	0.0001	0.0004	0.0002	0.0006	0.0002	0.0009	0.0002
COG5627	0.0000	0.0000	0.0000	0.0000	0.0000	0.0000	0.0000	0.0000	0.0000	0.0000	0.0000
COG5628	0.0000	0.0010	0.0005	0.0002	0.0001	0.0003	0.0001	0.0008	0.0002	0.0011	0.0003
COG5631	0.0000	0.0005	0.0005	0.0004	0.0005	0.0004	0.0004	0.0004	0.0004	0.0005	0.0003
COG5632	0.0000	0.0023	0.0008	0.0004	0.0001	0.0013	0.0003	0.0022	0.0008	0.0036	0.0011
COG5633	0.0000	0.0011	0.0006	0.0008	0.0004	0.0014	0.0006	0.0016	0.0006	0.0015	0.0006
COG5634	0.0000	0.0067	0.0011	0.0007	0.0003	0.0013	0.0005	0.0017	0.0005	0.0021	0.0005
COG5635	0.0000	0.1596	0.0162	0.0063	0.0023	0.0191	0.0066	0.0248	0.0067	0.0273	0.0077
COG5636	0.0000	0.0000	0.0000	0.0000	0.0000	0.0000	0.0000	0.0000	0.0000	0.0000	0.0000
COG5637	0.0000	0.0057	0.0030	0.0008	0.0004	0.0028	0.0013	0.0027	0.0010	0.0033	0.0010
COG5638	0.0000	0.0000	0.0000	0.0000	0.0000	0.0000	0.0000	0.0000	0.0000	0.0000	0.0000
COG5639	0.0000	0.0009	0.0002	0.0005	0.0002	0.0008	0.0003	0.0009	0.0004	0.0008	0.0003
COG5640	0.0000	0.0053	0.0027	0.0010	0.0004	0.0036	0.0018	0.0076	0.0036	0.0071	0.0026
COG5641	0.0000	0.0006	0.0003	0.0005	0.0003	0.0006	0.0003	0.0008	0.0004	0.0008	0.0004
COG5642	0.0000	0.0011	0.0006	0.0002	0.0001	0.0002	0.0001	0.0003	0.0001	0.0003	0.0001
COG5643	0.0000	0.0904	0.0297	0.0145	0.0087	0.0444	0.0221	0.0490	0.0184	0.0558	0.0150
COG5644	0.0000	0.0003	0.0001	0.0003	0.0002	0.0005	0.0002	0.0006	0.0002	0.0005	0.0001
COG5645	0.0000	0.0012	0.0006	0.0010	0.0006	0.0009	0.0005	0.0008	0.0004	0.0006	0.0002
COG5646	0.0000	0.0099	0.0059	0.0012	0.0007	0.0028	0.0013	0.0059	0.0025	0.0067	0.0026
COG5647	0.0000	0.0000	0.0000	0.0000	0.0000	0.0000	0.0000	0.0000	0.0000	0.0000	0.0000
COG5648	0.0000	0.0000	0.0000	0.0000	0.0000	0.0000	0.0000	0.0000	0.0000	0.0000	0.0000
COG5649	0.0000	0.0205	0.0100	0.0032	0.0020	0.0076	0.0028	0.0110	0.0034	0.0128	0.0039
COG5650	0.0000	0.0414	0.0140	0.0099	0.0040	0.0147	0.0062	0.0236	0.0075	0.0324	0.0100
COG5651	0.0000	0.0018	0.0008	0.0015	0.0009	0.0017	0.0011	0.0018	0.0012	0.0020	0.0012
COG5652	0.0000	0.0050	0.0036	0.0004	0.0003	0.0028	0.0016	0.0044	0.0024	0.0067	0.0030
COG5653	0.0000	0.0194	0.0083	0.0025	0.0015	0.0089	0.0050	0.0102	0.0046	0.0130	0.0038
COG5654	0.0000	0.0008	0.0003	0.0001	0.0001	0.0002	0.0001	0.0003	0.0002	0.0004	0.0002
COG5655	0.0000	0.0017	0.0007	0.0004	0.0002	0.0009	0.0003	0.0012	0.0003	0.0014	0.0004
COG5657	0.0000	0.0000	0.0000	0.0000	0.0000	0.0000	0.0000	0.0000	0.0000	0.0000	0.0000
COG5658	0.0000	0.1533	0.0325	0.0147	0.0049	0.0375	0.0060	0.0611	0.0102	0.1003	0.0218
COG5659	0.0000	0.0139	0.0035	0.0009	0.0003	0.0032	0.0011	0.0060	0.0019	0.0072	0.0016
COG5660	0.0000	0.0009	0.0003	0.0002	0.0001	0.0002	0.0001	0.0006	0.0003	0.0012	0.0005
COG5661	0.0000	0.0037	0.0032	0.0016	0.0016	0.0035	0.0043	0.0031	0.0032	0.0034	0.0026
COG5662	0.0000	0.0069	0.0033	0.0006	0.0003	0.0026	0.0013	0.0057	0.0027	0.0060	0.0021
COG5663	0.0000	0.0012	0.0006	0.0002	0.0001	0.0006	0.0003	0.0016	0.0009	0.0046	0.0017
COG5664	0.0000	0.0003	0.0002	0.0005	0.0004	0.0005	0.0003	0.0004	0.0003	0.0004	0.0003
COG5665	0.0000	0.0000	0.0000	0.0000	0.0000	0.0000	0.0000	0.0000	0.0000	0.0000	0.0000
