COG_ID	category	name	truth	fn04_input	fn04_post	fn04_present	fn04_state	fn06_input	fn06_post	fn06_present	fn06_state	fn08_input	fn08_post	fn08_present	fn08_state
COG0001	H	Glutamate-1-semialdehyde aminotransferase	1	1	1.0000	1	kept	0	0.9975	1	recovered	0	0.9902	1	recovered
COG0002	E	N-acetyl-gamma-glutamylphosphate reductase	1	1	0.9996	1	kept	0	0.9800	1	recovered	0	0.9570	1	recovered
COG0003	P	Anion-transporting ATPase, ArsA/GET3 family	0	0	0.5147	1	FP	0	0.6219	1	FP	0	0.0421	0	absent
COG0004	P	Ammonia channel protein AmtB	1	1	0.9998	1	kept	0	0.9635	1	recovered	0	0.1374	0	gap
COG0005	F	Purine nucleoside phosphorylase	1	0	0.9389	1	recovered	0	0.9857	1	recovered	1	0.9819	1	kept
COG0006	E	Xaa-Pro aminopeptidase	1	0	0.9996	1	recovered	1	0.9999	1	kept	0	0.9964	1	recovered
COG0007	H	Uroporphyrinogen-III methylase (siroheme synthase)	1	0	0.9997	1	recovered	0	0.9951	1	recovered	0	0.4900	0	gap
COG0008	J	Glutamyl- or glutaminyl-tRNA synthetase	1	1	0.9999	1	kept	0	0.9971	1	recovered	0	0.9916	1	recovered
COG0009	J	tRNA A37 threonylcarbamoyladenosine synthetase subunit TsaC/SUA5/YrdC	1	0	0.9977	1	recovered	0	0.9910	1	recovered	1	0.9969	1	kept
COG0010	E	Arginase/agmatinase family enzyme	1	1	0.9998	1	kept	0	0.9192	1	recovered	0	0.9597	1	recovered
COG0011	H	Thiamin-binding stress-response protein YqgV, UPF0045 family	0	0	0.2183	0	absent	0	0.3865	0	absent	0	0.4699	0	absent
COG0012	J	Ribosome-binding ATPase YchF, GTP1/OBG family	1	1	0.9998	1	kept	0	0.9876	1	recovered	1	0.9892	1	kept
COG0013	J	Alanyl-tRNA synthetase	1	0	0.9984	1	recovered	0	0.9895	1	recovered	0	0.9818	1	recovered
COG0014	E	Gamma-glutamyl phosphate reductase	1	1	0.9998	1	kept	1	0.9998	1	kept	0	0.9825	1	recovered
COG0015	F	Adenylosuccinate lyase	1	0	0.9955	1	recovered	1	0.9991	1	kept	0	0.9681	1	recovered
COG0016	J	Phenylalanyl-tRNA synthetase alpha subunit	1	0	0.9962	1	recovered	1	0.9985	1	kept	0	0.9847	1	recovered
COG0017	J	Aspartyl/asparaginyl-tRNA synthetase	1	0	0.9941	1	recovered	0	0.9945	1	recovered	1	0.9898	1	kept
COG0018	J	Arginyl-tRNA synthetase	1	1	0.9999	1	kept	0	0.9920	1	recovered	0	0.9814	1	recovered
COG0019	E	Diaminopimelate decarboxylase	1	1	0.9998	1	kept	1	0.9997	1	kept	0	0.9894	1	recovered
COG0020	I	Undecaprenyl pyrophosphate synthase	1	0	0.9988	1	recovered	0	0.9926	1	recovered	1	0.9953	1	kept
COG0021	G	Transketolase	1	0	0.9996	1	recovered	1	1.0000	1	kept	0	0.9987	1	recovered
COG0022	C	Pyruvate/2-oxoglutarate/acetoin dehydrogenase complex, dehydrogenase (E1) component, beta subunit	0	0	0.9987	1	FP	0	0.9702	1	FP	0	0.9109	1	FP
COG0023	J	Translation initiation factor 1 (eIF-1/SUI1)	1	1	0.9892	1	kept	0	0.8994	1	recovered	0	0.7298	1	recovered
COG0024	J	Methionine aminopeptidase	1	0	0.9974	1	recovered	0	0.9935	1	recovered	0	0.9937	1	recovered
COG0025	P	NhaP-type Na+/H+ or K+/H+ antiporter	1	1	0.9785	1	kept	0	0.6746	1	recovered	0	0.4221	0	gap
COG0026	F	Phosphoribosylaminoimidazole carboxylase (NCAIR synthetase)	1	1	0.9913	1	kept	1	0.9816	1	kept	0	0.6595	1	recovered
COG0027	F	Formate-dependent phosphoribosylglycinamide formyltransferase (GAR transformylase)	1	1	0.8658	1	kept	0	0.1501	0	gap	0	0.1192	0	gap
COG0028	EH	Acetolactate synthase large subunit or other thiamine pyrophosphate-requiring enzyme	1	1	1.0000	1	kept	1	0.9999	1	kept	0	0.9891	1	recovered
COG0029	H	Aspartate oxidase	1	1	0.9998	1	kept	0	0.9851	1	recovered	0	0.9397	1	recovered
COG0030	J	16S rRNA A1518 and A1519 N6-dimethyltransferase RsmA/KsgA/DIM1 (may also have DNA glycosylase/AP lyase activity)	1	1	0.9993	1	kept	1	0.9968	1	kept	0	0.9596	1	recovered
COG0031	E	Cysteine synthase	1	1	0.9999	1	kept	0	0.9974	1	recovered	0	0.9849	1	recovered
COG0033	G	Phosphoglucomutase/phosphomannomutase	1	1	0.9967	1	kept	0	0.9059	1	recovered	0	0.6983	1	recovered
COG0034	F	Glutamine phosphoribosylpyrophosphate amidotransferase	1	1	0.9985	1	kept	0	0.9678	1	recovered	1	0.9913	1	kept
COG0035	F	Uracil phosphoribosyltransferase	1	1	1.0000	1	kept	0	0.9998	1	recovered	0	0.9930	1	recovered
COG0036	G	Pentose-5-phosphate-3-epimerase	1	0	0.9952	1	recovered	1	0.9983	1	kept	0	0.9870	1	recovered
COG0037	J	tRNA(Ile)-lysidine synthase TilS/MesJ	1	1	1.0000	1	kept	0	0.9992	1	recovered	0	0.9907	1	recovered
COG0038	P	H+/Cl- antiporter ClcA	1	1	0.9998	1	kept	1	0.9996	1	kept	0	0.9677	1	recovered
COG0039	C	Malate/lactate dehydrogenase	1	1	0.9982	1	kept	0	0.9354	1	recovered	0	0.8870	1	recovered
COG0040	E	ATP phosphoribosyltransferase	1	0	0.9940	1	recovered	1	0.9990	1	kept	0	0.9683	1	recovered
COG0041	F	Phosphoribosylcarboxyaminoimidazole (NCAIR) mutase	1	1	0.9983	1	kept	1	0.9801	1	kept	0	0.8435	1	recovered
COG0042	J	tRNA-dihydrouridine synthase	1	1	1.0000	1	kept	0	0.9989	1	recovered	0	0.9969	1	recovered
COG0043	H	3-polyprenyl-4-hydroxybenzoate decarboxylase	1	1	0.9821	1	kept	1	0.6778	1	kept	1	0.9216	1	kept
COG0044	F	Dihydroorotase or related cyclic amidohydrolase	1	1	0.9999	1	kept	0	0.9968	1	recovered	0	0.9871	1	recovered
COG0045	C	Succinyl-CoA synthetase, beta subunit	1	0	0.9949	1	recovered	1	0.9996	1	kept	0	0.9682	1	recovered
COG0046	F	Phosphoribosylformylglycinamidine (FGAM) synthase, synthetase domain	1	1	0.9997	1	kept	1	0.9981	1	kept	0	0.9533	1	recovered
COG0047	F	Phosphoribosylformylglycinamidine (FGAM) synthase, glutamine amidotransferase domain	0	1	0.8209	1	FP	0	0.5279	1	FP	0	0.3747	0	absent
COG0048	J	Ribosomal protein S12	1	1	0.9998	1	kept	0	0.9762	1	recovered	0	0.9411	1	recovered
COG0049	J	Ribosomal protein S7	1	1	0.9998	1	kept	0	0.9833	1	recovered	0	0.9399	1	recovered
COG0050	J	Translation elongation factor EF-Tu, a GTPase	1	1	0.9999	1	kept	0	0.9806	1	recovered	0	0.9759	1	recovered
COG0051	J	Ribosomal protein S10	1	1	0.9996	1	kept	1	0.9974	1	kept	0	0.9720	1	recovered
COG0052	J	Ribosomal protein S2	1	1	0.9997	1	kept	0	0.9913	1	recovered	1	0.9873	1	kept
COG0053	P	Divalent metal cation (Fe/Co/Zn/Cd) efflux pump	1	1	0.9998	1	kept	0	0.9907	1	recovered	0	0.9828	1	recovered
COG0054	H	6,7-dimethyl-8-ribityllumazine synthase (Riboflavin synthase beta chain)	1	1	0.9998	1	kept	0	0.9928	1	recovered	0	0.9445	1	recovered
COG0055	C	FoF1-type ATP synthase, beta subunit	1	1	0.9996	1	kept	0	0.9490	1	recovered	0	0.9788	1	recovered
COG0056	C	FoF1-type ATP synthase, alpha subunit	1	0	0.9917	1	recovered	0	0.9223	1	recovered	0	0.9791	1	recovered
COG0057	G	Glyceraldehyde-3-phosphate dehydrogenase/erythrose-4-phosphate dehydrogenase	1	1	0.9999	1	kept	1	0.9997	1	kept	0	0.9929	1	recovered
COG0058	G	Glucan phosphorylase	1	1	1.0000	1	kept	0	0.9970	1	recovered	1	0.9985	1	kept
COG0059	EH	Ketol-acid reductoisomerase	1	0	0.9896	1	recovered	0	0.9892	1	recovered	0	0.9868	1	recovered
COG0060	J	Isoleucyl-tRNA synthetase	1	0	0.9959	1	recovered	0	0.9850	1	recovered	0	0.9799	1	recovered
COG0061	H	NAD kinase	1	0	0.9959	1	recovered	0	0.9860	1	recovered	0	0.9891	1	recovered
COG0062	F	NAD(P)H-hydrate repair enzyme Nnr, NAD(P)H-hydrate epimerase domain	1	1	0.9991	1	kept	1	0.9984	1	kept	1	0.9932	1	kept
COG0063	F	NAD(P)H-hydrate repair enzyme Nnr, NAD(P)H-hydrate dehydratase domain	0	0	0.0151	0	absent	0	0.0551	0	absent	0	0.0802	0	absent
COG0064	J	Asp-tRNAAsn/Glu-tRNAGln amidotransferase B subunit	0	1	0.9995	1	FP	1	0.9986	1	FP	0	0.9295	1	FP
COG0065	E	Homoaconitase/3-isopropylmalate dehydratase large subunit	1	0	0.9995	1	recovered	1	0.9997	1	kept	0	0.9686	1	recovered
COG0066	E	3-isopropylmalate dehydratase small subunit	1	0	0.9971	1	recovered	1	0.9982	1	kept	1	0.9965	1	kept
COG0067	E	Glutamate synthase domain 1	1	1	0.9998	1	kept	0	0.9914	1	recovered	0	0.3463	0	gap
COG0068	O	Hydrogenase maturation factor HypF (carbamoyltransferase)	1	0	0.9919	1	recovered	1	0.9929	1	kept	0	0.0274	0	gap
COG0069	E	Glutamate synthase domain 2	0	0	0.4197	0	absent	0	0.5491	1	FP	0	0.1645	0	absent
COG0070	E	Glutamate synthase domain 3	0	0	0.0090	0	absent	0	0.0686	0	absent	0	0.0059	0	absent
COG0071	O	Small heat shock protein IbpA, HSP20 family	1	1	0.9886	1	kept	1	0.9955	1	kept	0	0.1904	0	gap
COG0072	J	Phenylalanyl-tRNA synthetase beta subunit	1	0	0.9961	1	recovered	1	0.9984	1	kept	0	0.9828	1	recovered
COG0073	J	tRNA-binding EMAP/Myf domain	1	0	0.7731	1	recovered	0	0.7098	1	recovered	0	0.6609	1	recovered
COG0074	C	Succinyl-CoA synthetase, alpha subunit	1	1	0.9998	1	kept	0	0.9879	1	recovered	1	0.9928	1	kept
COG0075	EF	Archaeal aspartate aminotransferase or a related aminotransferase, includes purine catabolism protein PucG	0	1	0.9930	1	FP	0	0.7765	1	FP	0	0.3845	0	absent
COG0076	E	Glutamate or tyrosine decarboxylase or a related PLP-dependent protein	1	1	0.9906	1	kept	1	0.9905	1	kept	0	0.2178	0	gap
COG0077	E	Prephenate dehydratase	1	0	0.9933	1	recovered	0	0.9860	1	recovered	1	0.9952	1	kept
COG0078	E	Ornithine carbamoyltransferase	1	0	0.9985	1	recovered	0	0.9977	1	recovered	0	0.9595	1	recovered
COG0079	E	Histidinol-phosphate/aromatic aminotransferase or cobyric acid decarboxylase	1	1	1.0000	1	kept	0	0.9998	1	recovered	0	0.9934	1	recovered
COG0080	J	Ribosomal protein L11	1	1	0.9993	1	kept	0	0.9724	1	recovered	1	0.9925	1	kept
COG0081	J	Ribosomal protein L1	1	1	0.9996	1	kept	0	0.9785	1	recovered	0	0.9635	1	recovered
COG0082	E	Chorismate synthase	1	0	0.9906	1	recovered	0	0.9903	1	recovered	0	0.9796	1	recovered
COG0083	E	Homoserine kinase	1	1	0.9809	1	kept	0	0.0391	0	gap	0	0.4064	0	gap
COG0084	N	3'->5' ssDNA/RNA exonuclease TatD	1	1	0.9998	1	kept	0	0.9946	1	recovered	0	0.9864	1	recovered
COG0085	K	DNA-directed RNA polymerase, beta subunit/140 kD subunit	1	0	0.9966	1	recovered	0	0.9847	1	recovered	0	0.9800	1	recovered
COG0086	K	DNA-directed RNA polymerase, beta' subunit/160 kD subunit	1	1	0.9997	1	kept	1	0.9965	1	kept	1	0.9810	1	kept
COG0087	J	Ribosomal protein L3	1	1	0.9999	1	kept	0	0.9872	1	recovered	0	0.9627	1	recovered
COG0088	J	Ribosomal protein L4	1	1	0.9999	1	kept	0	0.9918	1	recovered	1	0.9935	1	kept
COG0089	J	Ribosomal protein L23	1	1	0.9998	1	kept	1	0.9993	1	kept	0	0.9881	1	recovered
COG0090	J	Ribosomal protein L2	1	1	0.9998	1	kept	1	0.9990	1	kept	0	0.9863	1	recovered
COG0091	J	Ribosomal protein L22	1	0	0.9918	1	recovered	1	0.9980	1	kept	0	0.9857	1	recovered
COG0092	J	Ribosomal protein S3	1	1	0.9999	1	kept	0	0.9924	1	recovered	1	0.9957	1	kept
COG0093	J	Ribosomal protein L14	1	1	0.9998	1	kept	0	0.9859	1	recovered	1	0.9933	1	kept
COG0094	J	Ribosomal protein L5	1	0	0.9987	1	recovered	1	0.9993	1	kept	0	0.9867	1	recovered
COG0095	H	Lipoate-protein ligase A	1	0	0.1122	0	gap	0	0.6073	1	recovered	0	0.2285	0	gap
COG0096	J	Ribosomal protein S8	1	0	0.9966	1	recovered	1	0.9986	1	kept	1	0.9947	1	kept
COG0097	J	Ribosomal protein L6P/L9E	1	1	0.9999	1	kept	1	0.9986	1	kept	0	0.9837	1	recovered
COG0098	J	Ribosomal protein S5	1	1	0.9998	1	kept	0	0.9843	1	recovered	0	0.9817	1	recovered
COG0099	J	Ribosomal protein S13	1	1	0.9995	1	kept	0	0.9658	1	recovered	1	0.9937	1	kept
COG0100	J	Ribosomal protein S11	1	0	0.9938	1	recovered	0	0.9770	1	recovered	1	0.9924	1	kept
COG0101	J	tRNA U38,U39,U40 pseudouridine synthase TruA	1	1	0.9998	1	kept	0	0.9931	1	recovered	0	0.9660	1	recovered
COG0102	J	Ribosomal protein L13	1	1	0.9996	1	kept	0	0.9872	1	recovered	1	0.9896	1	kept
COG0103	J	Ribosomal protein S9	1	1	0.9998	1	kept	1	0.9987	1	kept	0	0.9821	1	recovered
COG0104	F	Adenylosuccinate synthase	1	0	0.9944	1	recovered	0	0.9813	1	recovered	0	0.9610	1	recovered
COG0105	F	Nucleoside diphosphate kinase	1	1	0.9995	1	kept	0	0.9646	1	recovered	0	0.9747	1	recovered
COG0106	E	Phosphoribosylformimino-5-aminoimidazole carboxamide ribonucleotide (ProFAR) isomerase	1	0	0.9728	1	recovered	1	0.9974	1	kept	1	0.9943	1	kept
COG0107	E	Imidazole glycerol phosphate synthase subunit HisF	1	0	0.9939	1	recovered	0	0.9945	1	recovered	0	0.9662	1	recovered
COG0108	H	3,4-dihydroxy-2-butanone 4-phosphate synthase	1	1	1.0000	1	kept	0	0.9967	1	recovered	0	0.9726	1	recovered
COG0109	HI	Polyprenyltransferase (heme O synthase)	1	0	0.8390	1	recovered	1	0.9868	1	kept	0	0.1667	0	gap
COG0110	R	Acetyltransferase, isoleucine patch superfamily	1	1	1.0000	1	kept	0	0.9954	1	recovered	0	0.9481	1	recovered
COG0111	H	Phosphoglycerate dehydrogenase or related dehydrogenase	1	1	0.9997	1	kept	0	0.9707	1	recovered	0	0.9384	1	recovered
COG0112	E	Glycine/serine hydroxymethyltransferase	1	1	0.9995	1	kept	1	0.9973	1	kept	0	0.9755	1	recovered
COG0113	H	Delta-aminolevulinic acid dehydratase, porphobilinogen synthase	1	0	0.9997	1	recovered	0	0.9928	1	recovered	1	0.9957	1	kept
COG0114	C	Fumarate hydratase class II	1	0	0.9826	1	recovered	1	0.9990	1	kept	0	0.7782	1	recovered
COG0115	EH	Branched-chain amino acid aminotransferase/4-amino-4-deoxychorismate lyase	1	1	0.9999	1	kept	1	0.9999	1	kept	0	0.9896	1	recovered
COG0116	J	23S rRNA G2445 N2-methylase RlmL	1	0	0.3663	0	gap	1	0.9988	1	kept	0	0.7398	1	recovered
COG0117	H	Riboflavin biosynthesis protein RibD, pyrimidine deaminase domain	1	1	1.0000	1	kept	0	0.9961	1	recovered	0	0.9482	1	recovered
COG0118	E	Imidazoleglycerol phosphate synthase glutamine amidotransferase subunit HisH	1	0	0.9922	1	recovered	1	0.9977	1	kept	0	0.7221	1	recovered
COG0119	E	Isopropylmalate/homocitrate/citramalate synthases	1	0	0.9994	1	recovered	0	0.9985	1	recovered	0	0.9886	1	recovered
COG0120	G	Ribose 5-phosphate isomerase	1	1	0.7645	1	kept	1	0.8725	1	kept	1	0.3569	0	gap
COG0121	R	Predicted glutamine amidotransferase YafJ	1	0	0.1784	0	gap	1	0.7872	1	kept	0	0.0039	0	gap
COG0122	L	3-methyladenine DNA glycosylase/8-oxoguanine DNA glycosylase	1	1	0.9964	1	kept	1	0.9864	1	kept	0	0.0763	0	gap
COG0123	Q	Acetoin utilization deacetylase AcuC or a related deacetylase	0	0	0.3619	0	absent	0	0.7431	1	FP	0	0.6814	1	FP
COG0124	J	Histidyl-tRNA synthetase	1	1	0.9997	1	kept	1	0.9978	1	kept	0	0.9819	1	recovered
COG0125	F	Thymidylate kinase	1	1	0.9993	1	kept	1	0.9963	1	kept	0	0.9674	1	recovered
COG0126	G	3-phosphoglycerate kinase	1	1	0.9999	1	kept	0	0.9883	1	recovered	0	0.9754	1	recovered
COG0127	F	Inosine/xanthosine triphosphate pyrophosphatase, all-alpha NTP-PPase family	1	1	0.9999	1	kept	1	0.9995	1	kept	0	0.9832	1	recovered
COG0128	E	5-enolpyruvylshikimate-3-phosphate synthase	1	1	0.9998	1	kept	1	0.9993	1	kept	0	0.9799	1	recovered
COG0129	EG	Dihydroxyacid dehydratase/phosphogluconate dehydratase	1	0	0.9989	1	recovered	1	0.9995	1	kept	0	0.9869	1	recovered
COG0130	J	tRNA U55 pseudouridine synthase TruB, may also work on U342 of tmRNA	1	1	0.9999	1	kept	0	0.9783	1	recovered	0	0.9804	1	recovered
COG0131	E	Imidazoleglycerol phosphate dehydratase HisB	1	1	0.9990	1	kept	0	0.9848	1	recovered	1	0.9882	1	kept
COG0132	H	Dethiobiotin synthetase	1	1	0.9839	1	kept	1	0.9293	1	kept	0	0.4921	0	gap
COG0133	E	Tryptophan synthase beta chain	1	1	1.0000	1	kept	0	0.9981	1	recovered	1	0.9970	1	kept
COG0134	E	Indole-3-glycerol phosphate synthase	1	1	0.9989	1	kept	0	0.9535	1	recovered	0	0.8614	1	recovered
COG0135	E	Phosphoribosylanthranilate isomerase	0	0	0.9224	1	FP	0	0.9619	1	FP	0	0.5689	1	FP
COG0136	E	Aspartate-semialdehyde dehydrogenase	1	0	0.9972	1	recovered	0	0.9881	1	recovered	1	0.9990	1	kept
COG0137	E	Argininosuccinate synthase	1	0	0.9940	1	recovered	1	0.9997	1	kept	0	0.9789	1	recovered
COG0138	F	AICAR transformylase/IMP cyclohydrolase PurH	1	1	0.9998	1	kept	0	0.9861	1	recovered	1	0.9977	1	kept
COG0139	E	Phosphoribosyl-AMP cyclohydrolase	1	1	0.9999	1	kept	1	0.9995	1	kept	0	0.9830	1	recovered
COG0140	E	Phosphoribosyl-ATP pyrophosphohydrolase	0	0	0.0512	0	absent	0	0.3696	0	absent	0	0.2490	0	absent
COG0141	E	Histidinol dehydrogenase	1	0	0.9962	1	recovered	1	0.9986	1	kept	1	0.9933	1	kept
COG0142	H	Geranylgeranyl pyrophosphate synthase	1	1	1.0000	1	kept	0	0.9984	1	recovered	0	0.9981	1	recovered
COG0143	J	Methionyl-tRNA synthetase	0	0	0.3072	0	absent	0	0.5640	1	FP	0	0.2758	0	absent
COG0144	J	16S rRNA C967 or C1407 C5-methylase, RsmB/RsmF family	1	0	0.9931	1	recovered	0	0.9568	1	recovered	0	0.9004	1	recovered
COG0145	EQ	N-methylhydantoinase A/oxoprolinase/acetone carboxylase, beta subunit	0	0	0.3277	0	absent	0	0.8151	1	FP	0	0.4735	0	absent
COG0146	EQ	N-methylhydantoinase B/oxoprolinase/acetone carboxylase, alpha subunit	0	0	0.0129	0	absent	0	0.2064	0	absent	0	0.0400	0	absent
COG0147	EH	Anthranilate/para-aminobenzoate synthases component I	1	1	0.9999	1	kept	0	0.9993	1	recovered	0	0.9719	1	recovered
COG0148	G	Enolase	1	1	1.0000	1	kept	1	0.9995	1	kept	0	0.9912	1	recovered
COG0149	G	Triosephosphate isomerase	1	1	0.9999	1	kept	0	0.9953	1	recovered	0	0.9792	1	recovered
COG0150	F	Phosphoribosylaminoimidazole (AIR) synthetase	1	1	0.9994	1	kept	0	0.9834	1	recovered	0	0.9009	1	recovered
COG0151	F	Phosphoribosylamine-glycine ligase	1	1	0.9995	1	kept	0	0.9624	1	recovered	0	0.8493	1	recovered
COG0152	F	Phosphoribosylaminoimidazole-succinocarboxamide synthase	1	0	0.9746	1	recovered	0	0.9458	1	recovered	1	0.9824	1	kept
COG0153	G	Galactokinase	1	1	0.9832	1	kept	1	0.9265	1	kept	0	0.1371	0	gap
COG0154	J	Asp-tRNAAsn/Glu-tRNAGln amidotransferase A subunit or related amidase	1	0	0.9975	1	recovered	0	0.9985	1	recovered	0	0.9074	1	recovered
COG0155	P	Sulfite reductase, beta subunit (hemoprotein)	1	1	0.9999	1	kept	0	0.9602	1	recovered	0	0.4914	0	gap
COG0156	H	7-keto-8-aminopelargonate synthetase or related enzyme	1	0	0.9955	1	recovered	1	0.9961	1	kept	0	0.6560	1	recovered
COG0157	H	Nicotinate-nucleotide pyrophosphorylase	1	0	0.9829	1	recovered	0	0.9672	1	recovered	1	0.9906	1	kept
COG0158	G	Fructose-1,6-bisphosphatase	1	0	0.5864	1	recovered	1	0.9714	1	kept	0	0.4961	0	gap
COG0159	E	Tryptophan synthase alpha chain	1	0	0.9944	1	recovered	1	0.9988	1	kept	0	0.8669	1	recovered
COG0160	E	Acetylornithine aminotransferase/4-aminobutyrate aminotransferase	1	1	0.9953	1	kept	0	0.8557	1	recovered	1	0.9414	1	kept
COG0161	H	Adenosylmethionine-8-amino-7-oxononanoate aminotransferase	1	1	0.9998	1	kept	1	0.9996	1	kept	0	0.9018	1	recovered
COG0162	J	Tyrosyl-tRNA synthetase	1	1	0.9999	1	kept	0	0.9890	1	recovered	0	0.9770	1	recovered
COG0163	H	Flavin prenyltransferase UbiX	1	0	0.6222	1	recovered	0	0.0911	0	gap	0	0.7082	1	recovered
COG0164	L	Ribonuclease HII	1	1	1.0000	1	kept	0	0.9949	1	recovered	0	0.9780	1	recovered
COG0165	E	Argininosuccinate lyase	1	1	0.9999	1	kept	0	0.9967	1	recovered	0	0.9789	1	recovered
COG0166	G	Glucose-6-phosphate isomerase	1	0	0.9996	1	recovered	1	0.9999	1	kept	0	0.9936	1	recovered
COG0167	F	Dihydroorotate dehydrogenase	1	0	0.9993	1	recovered	0	0.9963	1	recovered	0	0.9906	1	recovered
COG0168	P	Trk-type K+ transport system, membrane component	1	0	0.4867	0	gap	0	0.9717	1	recovered	0	0.9506	1	recovered
COG0169	E	Shikimate 5-dehydrogenase	1	1	0.9995	1	kept	1	0.9989	1	kept	0	0.9705	1	recovered
COG0170	OM	Dolichol kinase	0	0	0.0063	0	absent	0	0.0345	0	absent	0	0.0178	0	absent
COG0171	H	NH3-dependent NAD+ synthetase	1	0	0.9955	1	recovered	1	0.9994	1	kept	0	0.9822	1	recovered
COG0172	J	Seryl-tRNA synthetase	1	0	0.9975	1	recovered	0	0.9903	1	recovered	0	0.9818	1	recovered
COG0173	J	Aspartyl-tRNA synthetase	1	1	0.9996	1	kept	1	0.9992	1	kept	0	0.9803	1	recovered
COG0174	E	Glutamine synthetase	1	0	0.9843	1	recovered	0	0.9223	1	recovered	0	0.4580	0	gap
COG0175	EH	3'-phosphoadenosine 5'-phosphosulfate sulfotransferase (PAPS reductase)/FAD synthetase or related enzyme	1	0	0.9998	1	recovered	0	0.9626	1	recovered	0	0.2487	0	gap
COG0176	G	Transaldolase/fructose-6-phosphate aldolase	1	1	1.0000	1	kept	1	0.9989	1	kept	0	0.9727	1	recovered
COG0177	L	Endonuclease III	1	0	0.9839	1	recovered	1	0.9959	1	kept	0	0.9685	1	recovered
COG0178	L	Excinuclease UvrABC ATPase subunit	1	1	0.9999	1	kept	1	0.9994	1	kept	0	0.9872	1	recovered
COG0179	Q	2-keto-4-pentenoate hydratase/2-oxohepta-3-ene-1,7-dioic acid hydratase (catechol pathway)	1	0	0.9966	1	recovered	0	0.9718	1	recovered	0	0.7893	1	recovered
COG0180	J	Tryptophanyl-tRNA synthetase	1	1	0.9998	1	kept	0	0.9908	1	recovered	0	0.9866	1	recovered
COG0181	H	Porphobilinogen deaminase	1	1	1.0000	1	kept	0	0.9952	1	recovered	0	0.9368	1	recovered
COG0182	E	5-methylthioribose/5-deoxyribulose 1-phosphate isomerase (methionine salvage pathway), a paralog of eIF-2B alpha subunit	1	0	0.4942	0	gap	0	0.8190	1	recovered	0	0.1795	0	gap
COG0183	I	Acetyl-CoA acetyltransferase	1	1	0.9999	1	kept	1	0.9997	1	kept	0	0.9051	1	recovered
COG0184	J	Ribosomal protein S15P/S13E	1	1	0.9997	1	kept	1	0.9982	1	kept	0	0.9829	1	recovered
COG0185	J	Ribosomal protein S19	1	1	0.9998	1	kept	1	0.9985	1	kept	0	0.9764	1	recovered
COG0186	J	Ribosomal protein S17	1	0	0.9966	1	recovered	0	0.9868	1	recovered	0	0.9796	1	recovered
COG0187	L	DNA gyrase/topoisomerase IV, subunit B	1	0	0.9994	1	recovered	0	0.9961	1	recovered	0	0.9906	1	recovered
COG0188	L	DNA gyrase/topoisomerase IV, subunit A	1	0	0.9982	1	recovered	0	0.9971	1	recovered	0	0.9934	1	recovered
COG0189	EHJQ	Glutathione synthase, LysX or RimK-type ligase, ATP-grasp superfamily	1	0	0.9848	1	recovered	0	0.9877	1	recovered	0	0.9442	1	recovered
COG0190	H	5,10-methylene-tetrahydrofolate dehydrogenase/Methenyl tetrahydrofolate cyclohydrolase	1	0	0.9964	1	recovered	1	0.9990	1	kept	0	0.9838	1	recovered
COG0191	G	Fructose/tagatose bisphosphate aldolase	1	1	1.0000	1	kept	0	0.9987	1	recovered	0	0.9958	1	recovered
COG0192	H	S-adenosylmethionine synthetase	1	0	0.9963	1	recovered	1	0.9995	1	kept	0	0.9676	1	recovered
COG0193	J	Peptidyl-tRNA hydrolase	1	0	0.9910	1	recovered	0	0.9877	1	recovered	0	0.9831	1	recovered
COG0194	F	Guanylate kinase	1	0	0.9376	1	recovered	0	0.9649	1	recovered	0	0.9487	1	recovered
COG0195	K	Transcription antitermination factor NusA, contains S1 and KH domains	1	1	0.9993	1	kept	1	0.9935	1	kept	1	0.9837	1	kept
COG0196	H	FAD synthase	1	1	0.9996	1	kept	0	0.9855	1	recovered	1	0.9933	1	kept
COG0197	J	Ribosomal protein L16/L10AE	1	1	0.9999	1	kept	0	0.9895	1	recovered	0	0.9764	1	recovered
COG0198	J	Ribosomal protein L24	1	1	0.9998	1	kept	0	0.9864	1	recovered	0	0.9799	1	recovered
COG0199	J	Ribosomal protein S14	1	1	0.9978	1	kept	0	0.4662	0	gap	0	0.6817	1	recovered
COG0200	J	Ribosomal protein L15	1	0	0.9980	1	recovered	0	0.9926	1	recovered	1	0.9965	1	kept
COG0201	U	Preprotein translocase subunit SecY	1	1	0.9999	1	kept	0	0.9935	1	recovered	0	0.9902	1	recovered
COG0202	K	DNA-directed RNA polymerase, alpha subunit/40 kD subunit	1	1	0.9999	1	kept	1	0.9987	1	kept	0	0.9839	1	recovered
COG0203	J	Ribosomal protein L17	1	1	0.9998	1	kept	0	0.9867	1	recovered	0	0.9849	1	recovered
COG0204	I	1-acyl-sn-glycerol-3-phosphate acyltransferase	1	0	0.9999	1	recovered	1	1.0000	1	kept	0	0.9990	1	recovered
COG0205	G	6-phosphofructokinase	1	1	0.9999	1	kept	1	0.9994	1	kept	1	0.9993	1	kept
COG0206	D	Cell division GTPase FtsZ	1	1	1.0000	1	kept	0	0.9951	1	recovered	1	0.9963	1	kept
COG0207	F	Thymidylate synthase	1	0	0.0690	0	gap	1	0.8885	1	kept	0	0.5918	1	recovered
COG0208	F	Ribonucleotide reductase beta subunit, ferritin-like domain	1	1	0.9999	1	kept	1	0.9938	1	kept	0	0.9596	1	recovered
COG0209	F	Ribonucleotide reductase alpha subunit	1	0	0.9997	1	recovered	0	0.9983	1	recovered	0	0.9973	1	recovered
COG0210	L	Superfamily I DNA or RNA helicase	1	0	0.9992	1	recovered	0	0.9990	1	recovered	1	0.9980	1	kept
COG0211	J	Ribosomal protein L27	1	1	0.9995	1	kept	0	0.9900	1	recovered	0	0.9612	1	recovered
COG0212	H	5-formyltetrahydrofolate cyclo-ligase	1	0	0.9859	1	recovered	1	0.9990	1	kept	0	0.9679	1	recovered
COG0213	F	Thymidine phosphorylase	1	0	0.5760	1	recovered	1	0.9074	1	kept	0	0.7146	1	recovered
COG0214	H	Pyridoxal 5'-phosphate synthase subunit PdxS	0	0	0.0068	0	absent	0	0.0186	0	absent	0	0.1867	0	absent
COG0215	J	Cysteinyl-tRNA synthetase	1	0	0.9916	1	recovered	0	0.9873	1	recovered	0	0.9803	1	recovered
COG0216	J	Protein chain release factor RF1	1	0	0.9928	1	recovered	1	0.9988	1	kept	0	0.9838	1	recovered
COG0217	KJ	Transcriptional and/or translational regulatory protein YebC/TACO1	1	1	0.9998	1	kept	1	0.9992	1	kept	0	0.9787	1	recovered
COG0218	D	GTP-binding protein EngB required for normal cell division	1	1	0.9994	1	kept	0	0.9895	1	recovered	0	0.8213	1	recovered
COG0219	J	tRNA(Leu) C34 or U34 (ribose-2'-O)-methylase TrmL, contains SPOUT domain	1	1	0.9999	1	kept	1	0.9999	1	kept	0	0.9750	1	recovered
COG0220	J	tRNA G46 N7-methylase TrmB	1	1	1.0000	1	kept	1	0.9998	1	kept	0	0.9677	1	recovered
COG0221	C	Inorganic pyrophosphatase	1	0	0.9718	1	recovered	1	0.9802	1	kept	1	0.9827	1	kept
COG0222	J	Ribosomal protein L7/L12	1	1	0.9996	1	kept	1	0.9979	1	kept	0	0.9608	1	recovered
COG0223	J	Methionyl-tRNA formyltransferase	1	0	0.9812	1	recovered	0	0.9916	1	recovered	0	0.9788	1	recovered
COG0224	C	FoF1-type ATP synthase, gamma subunit	1	1	0.9989	1	kept	0	0.8468	1	recovered	1	0.9903	1	kept
COG0225	O	Peptide methionine sulfoxide reductase MsrA	1	1	1.0000	1	kept	0	0.9997	1	recovered	0	0.9971	1	recovered
COG0226	P	ABC-type phosphate transport system, periplasmic component	1	0	0.9997	1	recovered	0	0.9990	1	recovered	0	0.9806	1	recovered
COG0227	J	Ribosomal protein L28	1	1	0.9997	1	kept	0	0.9745	1	recovered	0	0.9310	1	recovered
COG0228	J	Ribosomal protein S16	1	0	0.9913	1	recovered	1	0.9985	1	kept	0	0.9882	1	recovered
COG0229	O	Peptide methionine sulfoxide reductase MsrB	1	0	0.9299	1	recovered	0	0.8319	1	recovered	0	0.5902	1	recovered
COG0230	J	Ribosomal protein L34	1	1	0.9982	1	kept	0	0.9139	1	recovered	0	0.8880	1	recovered
COG0231	J	Translation elongation factor P (EF-P)/translation initiation factor 5A (eIF-5A)	1	1	0.9997	1	kept	0	0.9897	1	recovered	1	0.9897	1	kept
COG0232	F	dGTP triphosphohydrolase	1	0	0.6918	1	recovered	0	0.9400	1	recovered	0	0.7514	1	recovered
COG0233	J	Ribosome recycling factor	1	0	0.9953	1	recovered	1	0.9992	1	kept	0	0.9863	1	recovered
COG0234	O	Co-chaperonin GroES (HSP10)	1	0	0.9948	1	recovered	0	0.9725	1	recovered	0	0.9588	1	recovered
COG0235	EG	5-methylthioribulose/5-deoxyribulose/Fuculose 1-phosphate aldolase (methionine salvage, sugar degradation)	1	1	0.9997	1	kept	0	0.9791	1	recovered	0	0.6008	1	recovered
COG0236	I	Acyl carrier protein	1	0	0.9983	1	recovered	0	0.9924	1	recovered	0	0.9833	1	recovered
COG0237	H	Dephospho-CoA kinase	1	1	0.9998	1	kept	0	0.9926	1	recovered	1	0.9947	1	kept
COG0238	J	Ribosomal protein S18	1	0	0.9912	1	recovered	0	0.9708	1	recovered	0	0.9789	1	recovered
COG0239	DP	Fluoride ion exporter CrcB/FEX, affects chromosome condensation	1	1	0.9967	1	kept	1	0.9973	1	kept	0	0.5105	1	recovered
COG0240	C	Glycerol-3-phosphate dehydrogenase	1	1	0.9999	1	kept	0	0.9939	1	recovered	1	0.9990	1	kept
COG0241	E	Histidinol phosphatase/D-glycero-mannoheptose bisphosphatephosphatase, HAD superfamily	1	0	0.9236	1	recovered	0	0.9111	1	recovered	0	0.7950	1	recovered
COG0242	J	Peptide deformylase	1	0	0.9990	1	recovered	1	0.9993	1	kept	0	0.9829	1	recovered
COG0243	C	Anaerobic selenocysteine-containing dehydrogenase	1	1	0.9999	1	kept	0	0.9994	1	recovered	1	0.9966	1	kept
COG0244	J	Ribosomal protein L10	1	1	0.9995	1	kept	0	0.9739	1	recovered	0	0.9642	1	recovered
COG0245	I	2C-methyl-D-erythritol 2,4-cyclodiphosphate synthase	1	0	0.8884	1	recovered	1	0.9985	1	kept	0	0.8576	1	recovered
COG0246	G	Mannitol-1-phosphate/altronate dehydrogenases	1	1	0.9981	1	kept	0	0.5845	1	recovered	0	0.1684	0	gap
COG0247	C	Fe-S cluster-containing oxidoreductase, includes glycolate oxidase subunit GlcF	1	1	1.0000	1	kept	0	0.9994	1	recovered	0	0.9871	1	recovered
COG0248	FT	Exopolyphosphatase/pppGpp-phosphohydrolase	1	1	0.9997	1	kept	0	0.9877	1	recovered	1	0.9970	1	kept
COG0249	L	DNA mismatch repair ATPase MutS	1	1	0.9988	1	kept	1	0.9990	1	kept	1	0.9964	1	kept
COG0250	K	Transcription termination/antitermination protein NusG	1	0	0.9955	1	recovered	0	0.9890	1	recovered	0	0.9731	1	recovered
COG0251	V	Enamine deaminase RidA, house cleaning of reactive enamine intermediates, YjgF/YER057c/UK114 family	1	1	1.0000	1	kept	1	0.9996	1	kept	0	0.9928	1	recovered
COG0252	JE	L-asparaginase/archaeal Glu-tRNAGln amidotransferase subunit D	1	1	0.9999	1	kept	0	0.9937	1	recovered	0	0.9492	1	recovered
COG0253	E	Diaminopimelate epimerase	1	1	0.9999	1	kept	0	0.9848	1	recovered	1	0.9737	1	kept
COG0254	J	Ribosomal protein L31	1	0	0.9957	1	recovered	1	0.9986	1	kept	1	0.9963	1	kept
COG0255	J	Ribosomal protein L29	1	1	0.9998	1	kept	1	0.9989	1	kept	0	0.9698	1	recovered
COG0256	J	Ribosomal protein L18	1	1	0.9997	1	kept	0	0.9773	1	recovered	0	0.9751	1	recovered
COG0257	J	Ribosomal protein L36	1	1	0.9274	1	kept	0	0.4245	0	gap	1	0.9584	1	kept
COG0258	L	5'-3' exonuclease Xni/ExoIX (flap endonuclease)	1	1	0.9999	1	kept	0	0.9842	1	recovered	0	0.9797	1	recovered
COG0259	H	Pyridoxine/pyridoxamine 5'-phosphate oxidase	1	0	0.9700	1	recovered	0	0.9138	1	recovered	0	0.8664	1	recovered
COG0260	E	Leucyl aminopeptidase	1	1	0.9999	1	kept	0	0.9969	1	recovered	0	0.9982	1	recovered
COG0261	J	Ribosomal protein L21	1	1	0.9997	1	kept	0	0.9939	1	recovered	0	0.9789	1	recovered
COG0262	H	Dihydrofolate reductase	1	0	0.9923	1	recovered	1	0.9998	1	kept	0	0.9761	1	recovered
COG0263	E	Glutamate 5-kinase	1	0	0.9967	1	recovered	1	0.9998	1	kept	1	0.9963	1	kept
COG0264	J	Translation elongation factor EF-Ts	1	0	0.9951	1	recovered	1	0.9993	1	kept	0	0.9807	1	recovered
COG0265	O	Periplasmic serine protease, S1-C subfamily, contain C-terminal PDZ domain	1	0	0.9945	1	recovered	0	0.9869	1	recovered	0	0.9576	1	recovered
COG0266	L	Formamidopyrimidine-DNA glycosylase	1	1	0.9999	1	kept	1	0.9996	1	kept	1	0.9986	1	kept
COG0267	J	Ribosomal protein L33	1	1	0.9955	1	kept	1	0.9778	1	kept	0	0.8001	1	recovered
COG0268	J	Ribosomal protein S20	1	1	0.9996	1	kept	0	0.9753	1	recovered	0	0.9730	1	recovered
COG0269	G	3-keto-L-gulonate-6-phosphate decarboxylase	1	1	0.8850	1	kept	0	0.0386	0	gap	1	0.2573	0	gap
COG0270	L	DNA-cytosine methylase	1	1	0.9945	1	kept	0	0.9612	1	recovered	0	0.6134	1	recovered
COG0271	KT	DNA-binding global transcriptional regulator BolA, affects cell shape, cell division and biofilm formation	1	1	0.0182	0	gap	0	0.0123	0	gap	1	0.0020	0	gap
COG0272	L	NAD-dependent DNA ligase	1	0	0.9971	1	recovered	0	0.9967	1	recovered	1	0.9922	1	kept
COG0274	F	Deoxyribose-phosphate aldolase	1	1	0.9999	1	kept	0	0.9391	1	recovered	1	0.9859	1	kept
COG0275	J	16S rRNA C1402 N4-methylase RsmH	1	0	0.9834	1	recovered	0	0.9927	1	recovered	1	0.9934	1	kept
COG0276	H	Protoheme ferro-lyase (ferrochelatase)	1	0	0.9958	1	recovered	0	0.9731	1	recovered	0	0.9965	1	recovered
COG0277	C	FAD/FMN-containing lactate dehydrogenase/glycolate oxidase	1	0	0.9998	1	recovered	1	0.9998	1	kept	0	0.9529	1	recovered
COG0278	O	Glutaredoxin-related protein	1	1	0.1688	0	gap	1	0.1966	0	gap	0	0.0013	0	gap
COG0279	G	Phosphoheptose isomerase	1	1	0.9887	1	kept	0	0.9341	1	recovered	1	0.8986	1	kept
COG0280	C	Phosphotransacetylase (includes Pta, EutD and phosphobutyryltransferase)	1	1	0.9999	1	kept	0	0.9963	1	recovered	0	0.9818	1	recovered
COG0281	C	Malic enzyme	1	1	0.9995	1	kept	0	0.8741	1	recovered	0	0.7414	1	recovered
COG0282	C	Acetate kinase	1	0	0.9971	1	recovered	0	0.9952	1	recovered	0	0.9134	1	recovered
COG0283	F	Cytidylate kinase	1	1	0.9957	1	kept	1	0.9939	1	kept	0	0.9124	1	recovered
COG0284	F	Orotidine-5'-phosphate decarboxylase	1	1	0.9992	1	kept	0	0.9824	1	recovered	0	0.9855	1	recovered
COG0285	H	Folylpolyglutamate synthase/Dihydropteroate synthase	1	1	0.9998	1	kept	0	0.9928	1	recovered	0	0.9905	1	recovered
COG0286	V	Type I restriction-modification system, DNA methylase subunit	1	1	0.9993	1	kept	0	0.9353	1	recovered	0	0.8868	1	recovered
COG0287	E	Prephenate dehydrogenase	1	1	0.9990	1	kept	1	0.9907	1	kept	0	0.8597	1	recovered
COG0288	P	Carbonic anhydrase	1	0	0.9995	1	recovered	1	0.9994	1	kept	0	0.9727	1	recovered
COG0289	E	4-hydroxy-tetrahydrodipicolinate reductase	1	1	0.9996	1	kept	1	0.9977	1	kept	0	0.9731	1	recovered
COG0290	J	Translation initiation factor IF-3	1	1	0.9997	1	kept	1	0.9989	1	kept	1	0.9934	1	kept
COG0291	J	Ribosomal protein L35	1	0	0.9958	1	recovered	1	0.9991	1	kept	0	0.9738	1	recovered
COG0292	J	Ribosomal protein L20	1	1	0.9996	1	kept	0	0.9880	1	recovered	0	0.9880	1	recovered
COG0293	J	23S rRNA U2552 (ribose-2'-O)-methylase RlmE/FtsJ	1	0	0.6969	1	recovered	1	0.9927	1	kept	0	0.2992	0	gap
COG0294	H	Dihydropteroate synthase	1	0	0.9650	1	recovered	0	0.9619	1	recovered	0	0.9504	1	recovered
COG0295	F	Cytidine deaminase	1	1	0.9958	1	kept	0	0.8010	1	recovered	0	0.7493	1	recovered
COG0296	G	1,4-alpha-glucan branching enzyme	1	1	0.9998	1	kept	1	0.9989	1	kept	0	0.9403	1	recovered
COG0297	G	Glycogen synthase	1	0	0.9923	1	recovered	1	0.9963	1	kept	0	0.7571	1	recovered
COG0298	O	Hydrogenase maturation factor HybG, HypC/HupF family	1	1	0.9992	1	kept	1	0.9931	1	kept	0	0.0175	0	gap
COG0299	F	Folate-dependent phosphoribosylglycinamide formyltransferase PurN	1	1	0.9996	1	kept	0	0.9897	1	recovered	0	0.9587	1	recovered
COG0300	R	Short-chain dehydrogenase	1	0	0.9706	1	recovered	1	0.9912	1	kept	0	0.6894	1	recovered
COG0301	HJ	Adenylyl- and sulfurtransferase ThiI (thiamine and tRNA 4-thiouridine biosynthesis)	1	0	0.0362	0	gap	1	0.9957	1	kept	0	0.0634	0	gap
COG0302	H	GTP cyclohydrolase I	1	0	0.3385	0	gap	1	0.8422	1	kept	0	0.8023	1	recovered
COG0303	H	Molybdopterin Mo-transferase (molybdopterin biosynthesis)	1	0	0.9999	1	recovered	1	1.0000	1	kept	0	0.9827	1	recovered
COG0304	IQ	3-oxoacyl-(acyl-carrier-protein) synthase	1	0	0.9989	1	recovered	1	0.9997	1	kept	1	0.9995	1	kept
COG0305	L	Replicative DNA helicase	1	1	0.9997	1	kept	0	0.9948	1	recovered	0	0.9924	1	recovered
COG0306	P	Phosphate/sulfate permease	1	0	0.9978	1	recovered	0	0.5963	1	recovered	0	0.9527	1	recovered
COG0307	H	Riboflavin synthase alpha chain	1	0	0.9970	1	recovered	1	0.9996	1	kept	0	0.9486	1	recovered
COG0308	E	Aminopeptidase N, contains DUF3458 domain	1	1	0.9995	1	kept	0	0.9683	1	recovered	1	0.9959	1	kept
COG0309	O	Carbamoyl dehydratase HypE (hydrogenase maturation factor)	1	1	0.9973	1	kept	0	0.9147	1	recovered	0	0.0404	0	gap
COG0310	P	ABC-type Co2+ transport system, permease component	0	0	0.7512	1	FP	0	0.5221	1	FP	0	0.0777	0	absent
COG0311	H	Pyridoxal 5'-phosphate synthase subunit PdxT (glutamine amidotransferase)	0	0	0.0246	0	absent	0	0.0356	0	absent	0	0.0949	0	absent
COG0312	R	Zn-dependent protease PmbA/TldA or its inactivated homolog	1	1	0.7067	1	kept	0	0.0056	0	gap	0	0.0139	0	gap
COG0313	J	16S rRNA C1402 (ribose-2'-O) methylase RsmI	1	0	0.9995	1	recovered	1	0.9991	1	kept	0	0.9755	1	recovered
COG0314	H	Molybdopterin synthase catalytic subunit MoaE	1	0	0.9610	1	recovered	1	0.9932	1	kept	0	0.6456	1	recovered
COG0315	H	Molybdenum cofactor biosynthesis enzyme MoaC	1	0	0.9945	1	recovered	0	0.9857	1	recovered	0	0.8996	1	recovered
COG0316	O	Fe-S cluster assembly iron-binding protein IscA	1	1	0.9978	1	kept	1	0.9956	1	kept	0	0.9079	1	recovered
COG0317	TK	(p)ppGpp synthase/hydrolase, HD superfamily	1	1	0.9999	1	kept	0	0.9969	1	recovered	0	0.9896	1	recovered
COG0318	I	O-succinylbenzoic acid-CoA ligase MenE or related acyl-CoA synthetase (AMP-forming)	1	1	1.0000	1	kept	1	1.0000	1	kept	0	0.9946	1	recovered
COG0319	J	ssRNA-specific RNase YbeY, 16S rRNA maturation enzyme	1	0	0.9801	1	recovered	0	0.9874	1	recovered	0	0.9937	1	recovered
COG0320	H	Lipoate synthase	1	1	0.9993	1	kept	0	0.9439	1	recovered	0	0.9253	1	recovered
COG0321	H	Lipoate-protein ligase B	1	0	0.9941	1	recovered	0	0.9557	1	recovered	1	0.9906	1	kept
COG0322	L	Excinuclease UvrABC, nuclease subunit	1	0	0.9987	1	recovered	0	0.9927	1	recovered	0	0.9888	1	recovered
COG0323	L	DNA mismatch repair ATPase MutL	1	0	0.9819	1	recovered	0	0.9910	1	recovered	0	0.9232	1	recovered
COG0324	J	tRNA A37 N6-isopentenylltransferase MiaA	1	0	0.9907	1	recovered	0	0.9807	1	recovered	0	0.9824	1	recovered
COG0325	H	Pyridoxal 5'-phosphate homeostasis protein YggS, UPF0001 family	1	1	0.9993	1	kept	1	0.9992	1	kept	0	0.9711	1	recovered
COG0326	O	Molecular chaperone, HSP90 family	1	1	0.9999	1	kept	0	0.9984	1	recovered	0	0.9596	1	recovered
COG0327	H	Putative GTP cyclohydrolase 1 type 2, NIF3 family	1	0	0.9809	1	recovered	0	0.9674	1	recovered	0	0.9575	1	recovered
COG0328	L	Ribonuclease HI	1	1	0.9999	1	kept	0	0.9923	1	recovered	0	0.9554	1	recovered
COG0329	EM	4-hydroxy-tetrahydrodipicolinate synthase/N-acetylneuraminate lyase	1	1	1.0000	1	kept	1	0.9998	1	kept	0	0.9946	1	recovered
COG0330	O	Regulator of protease activity HflC, stomatin/prohibitin superfamily	1	0	0.9992	1	recovered	0	0.9982	1	recovered	1	0.9989	1	kept
COG0331	I	Malonyl CoA-acyl carrier protein transacylase	1	0	0.9925	1	recovered	0	0.9588	1	recovered	0	0.9770	1	recovered
COG0332	I	3-oxoacyl-[acyl-carrier-protein] synthase III	1	1	1.0000	1	kept	1	0.9998	1	kept	0	0.9940	1	recovered
COG0333	J	Ribosomal protein L32	1	1	0.9984	1	kept	0	0.9857	1	recovered	0	0.9106	1	recovered
COG0334	E	Glutamate dehydrogenase/leucine dehydrogenase	1	1	0.9987	1	kept	1	0.9986	1	kept	0	0.9911	1	recovered
COG0335	J	Ribosomal protein L19	1	0	0.9852	1	recovered	0	0.9919	1	recovered	0	0.9796	1	recovered
COG0336	J	tRNA G37 N-methylase TrmD	1	1	0.9997	1	kept	1	0.9994	1	kept	0	0.9787	1	recovered
COG0337	E	3-dehydroquinate synthetase	1	0	0.9679	1	recovered	1	0.9955	1	kept	0	0.9312	1	recovered
COG0338	L	DNA-adenine methylase	1	1	0.8799	1	kept	0	0.1354	0	gap	0	0.0575	0	gap
COG0339	O	Zn-dependent oligopeptidase, M3 family	1	1	0.9931	1	kept	0	0.5701	1	recovered	1	0.9937	1	kept
COG0340	H	Biotin-(acetyl-CoA carboxylase) ligase	1	1	0.9997	1	kept	0	0.9811	1	recovered	0	0.9908	1	recovered
COG0341	U	Preprotein translocase subunit SecF	1	1	0.9999	1	kept	1	0.9995	1	kept	1	0.9978	1	kept
COG0342	U	Preprotein translocase subunit SecD	1	0	0.9916	1	recovered	0	0.9741	1	recovered	0	0.8387	1	recovered
COG0343	J	Queuine/archaeosine tRNA-ribosyltransferase	1	1	0.9999	1	kept	0	0.9967	1	recovered	0	0.9796	1	recovered
COG0344	I	Phospholipid biosynthesis protein PlsY, probable glycerol-3-phosphate acyltransferase	1	1	0.9971	1	kept	1	0.9899	1	kept	0	0.7337	1	recovered
COG0345	E	Pyrroline-5-carboxylate reductase	1	0	0.9983	1	recovered	0	0.9940	1	recovered	0	0.9839	1	recovered
COG0346	Q	Catechol 2,3-dioxygenase or related enzyme, vicinal oxygen chelate (VOC) family	1	0	1.0000	1	recovered	1	1.0000	1	kept	0	0.9811	1	recovered
COG0347	TE	Nitrogen regulatory protein PII	1	1	0.9928	1	kept	0	0.8482	1	recovered	0	0.3145	0	gap
COG0348	C	Polyferredoxin NapH	1	0	0.9868	1	recovered	1	0.9984	1	kept	0	0.7922	1	recovered
COG0349	J	Ribonuclease D	1	1	0.9914	1	kept	0	0.9831	1	recovered	0	0.8836	1	recovered
COG0350	L	DNA repair enzyme Ada (O6-methylguanine-DNA--protein-cysteine methyltransferase)	1	1	1.0000	1	kept	0	0.9921	1	recovered	1	0.9971	1	kept
COG0351	H	Hydroxymethylpyrimidine/phosphomethylpyrimidine kinase	1	0	0.9987	1	recovered	1	0.9993	1	kept	0	0.8992	1	recovered
COG0352	H	Thiamine monophosphate synthase	1	0	0.9949	1	recovered	0	0.9967	1	recovered	0	0.8144	1	recovered
COG0353	L	Recombinational DNA repair protein RecR	1	1	0.9996	1	kept	1	0.9972	1	kept	0	0.9562	1	recovered
COG0354	O	Folate-binding protein YgfZ, synthesis and repair of Fe-S clusters	1	0	0.0082	0	gap	0	0.0076	0	gap	1	0.4946	0	gap
COG0355	C	FoF1-type ATP synthase, epsilon subunit	1	0	0.9801	1	recovered	0	0.8990	1	recovered	1	0.9918	1	kept
COG0356	C	FoF1-type ATP synthase, membrane subunit a	1	0	0.9977	1	recovered	0	0.9807	1	recovered	0	0.9882	1	recovered
COG0357	J	16S rRNA G527 N7-methylase RsmG (former glucose-inhibited division protein B)	1	0	0.9940	1	recovered	0	0.9825	1	recovered	1	0.9988	1	kept
COG0358	L	DNA primase (bacterial type)	1	0	0.9989	1	recovered	0	0.9948	1	recovered	0	0.9890	1	recovered
COG0359	J	Ribosomal protein L9	1	0	0.9913	1	recovered	0	0.9842	1	recovered	0	0.9910	1	recovered
COG0360	J	Ribosomal protein S6	1	0	0.9829	1	recovered	0	0.9688	1	recovered	1	0.9944	1	kept
COG0361	J	Translation initiation factor IF-1	1	0	0.9960	1	recovered	0	0.9899	1	recovered	1	0.9960	1	kept
COG0362	G	6-phosphogluconate dehydrogenase	1	1	0.9895	1	kept	0	0.7759	1	recovered	0	0.6548	1	recovered
COG0363	G	6-phosphogluconolactonase/Glucosamine-6-phosphate isomerase/deaminase	1	0	0.9966	1	recovered	0	0.9673	1	recovered	0	0.9280	1	recovered
COG0364	G	Glucose-6-phosphate 1-dehydrogenase	1	0	0.9848	1	recovered	1	0.9731	1	kept	0	0.8183	1	recovered
COG0365	I	Acyl-coenzyme A synthetase/AMP-(fatty) acid ligase	1	0	0.8177	1	recovered	1	0.9906	1	kept	0	0.6569	1	recovered
COG0366	G	Glycosidase/amylase (phosphorylase)	1	0	0.9886	1	recovered	0	0.9698	1	recovered	1	0.9865	1	kept
COG0367	E	Asparagine synthetase B (glutamine-hydrolyzing)	1	0	0.5515	1	recovered	0	0.4223	0	gap	0	0.1818	0	gap
COG0368	H	Cobalamin synthase CobS (adenosylcobinamide-GDP ribazoletransferase)	1	0	0.9991	1	recovered	0	0.9938	1	recovered	0	0.1625	0	gap
COG0369	FP	Flavoprotein (flavin reductase) subunit CysJ of sulfite and N-hydroxylaminopurine reductases	1	1	1.0000	1	kept	0	0.9988	1	recovered	0	0.9548	1	recovered
COG0370	P	Fe2+ transporter FeoB	1	1	0.9991	1	kept	0	0.9951	1	recovered	1	0.9967	1	kept
COG0371	C	Glycerol dehydrogenase or related enzyme, iron-containing ADH family	1	0	0.6386	1	recovered	0	0.3134	0	gap	1	0.9069	1	kept
COG0372	C	Citrate synthase	1	0	0.9952	1	recovered	1	0.9995	1	kept	0	0.9936	1	recovered
COG0373	H	Glutamyl-tRNA reductase	1	1	1.0000	1	kept	0	0.9965	1	recovered	0	0.9756	1	recovered
COG0374	C	Ni,Fe-hydrogenase I large subunit	1	0	0.9628	1	recovered	1	0.9937	1	kept	0	0.0388	0	gap
COG0375	O	Hydrogenase maturation factor HypA/HybF, metallochaperone involved in Ni insertion	1	1	0.9994	1	kept	0	0.8748	1	recovered	0	0.0922	0	gap
COG0376	P	Catalase (peroxidase I)	1	1	0.9590	1	kept	1	0.9782	1	kept	0	0.1509	0	gap
COG0377	C	NADH:ubiquinone oxidoreductase 20 kD subunit (chain B) or related Fe-S oxidoreductase	1	1	0.9953	1	kept	1	0.9921	1	kept	0	0.6619	1	recovered
COG0378	O	Hydrogenase/urease maturation factor HypB, Ni2+-binding GTPase	1	1	0.9999	1	kept	0	0.9858	1	recovered	0	0.2383	0	gap
COG0379	H	Quinolinate synthase	1	0	0.9823	1	recovered	0	0.9833	1	recovered	0	0.9601	1	recovered
COG0380	G	Trehalose-6-phosphate synthase, GT20 family	1	0	0.1485	0	gap	1	0.7027	1	kept	0	0.1205	0	gap
COG0381	M	UDP-N-acetylglucosamine 2-epimerase	1	0	0.7477	1	recovered	0	0.8381	1	recovered	0	0.4545	0	gap
COG0382	H	4-hydroxybenzoate polyprenyltransferase	1	1	0.9986	1	kept	1	0.9877	1	kept	1	0.9957	1	kept
COG0383	G	Alpha-mannosidase	0	0	0.0879	0	absent	0	0.0142	0	absent	0	0.0073	0	absent
COG0384	R	Predicted epimerase YddE/YHI9, PhzF superfamily	1	1	0.9992	1	kept	0	0.7969	1	recovered	0	0.2809	0	gap
COG0385	R	Predicted Na+-dependent transporter YfeH	1	1	0.9932	1	kept	0	0.9102	1	recovered	0	0.8129	1	recovered
COG0386	VI	Thioredoxin/glutathione peroxidase BtuE, reduces lipid peroxides	1	1	0.9995	1	kept	0	0.8195	1	recovered	0	0.3793	0	gap
COG0387	P	Cation (Ca2+/Na+/K+)/H+ antiporter ChaA	1	1	0.9241	1	kept	0	0.0102	0	gap	0	0.2630	0	gap
COG0388	C	Omega-amidase YafV/Nit2, hydrolyzes alpha-ketoglutaramate	1	1	0.9999	1	kept	0	0.9905	1	recovered	0	0.9410	1	recovered
COG0389	L	Nucleotidyltransferase/DNA polymerase DinP involved in DNA repair	1	1	0.9999	1	kept	1	1.0000	1	kept	0	0.9766	1	recovered
COG0390	P	ABC-type iron transport system FetAB, permease component	1	0	0.4796	0	gap	1	0.9946	1	kept	0	0.5114	1	recovered
COG0391	GH	Archaeal 2-phospho-L-lactate transferase/Bacterial gluconeogenesis factor, CofD/UPF0052 family	1	1	0.9798	1	kept	0	0.7957	1	recovered	1	0.9812	1	kept
COG0392	M	Predicted membrane flippase AglD2/YbhN, UPF0104 family	1	0	0.5879	1	recovered	1	0.9816	1	kept	0	0.2411	0	gap
COG0393	S	Uncharacterized pentameric protein YbjQ, UPF0145 family	1	0	0.2487	0	gap	0	0.3667	0	gap	0	0.1578	0	gap
COG0394	T	Protein-tyrosine-phosphatase	1	1	0.9985	1	kept	0	0.8830	1	recovered	1	0.9889	1	kept
COG0395	G	ABC-type glycerol-3-phosphate transport system, permease component	1	1	0.9984	1	kept	1	0.9976	1	kept	1	0.8788	1	kept
COG0396	O	Fe-S cluster assembly ATPase SufC	1	1	0.9965	1	kept	0	0.0986	0	gap	0	0.6095	1	recovered
COG0397	O	Protein adenylyltransferase (AMPylase) SelO/YdiU (selenoprotein O)	1	0	0.5454	1	recovered	1	0.9981	1	kept	1	0.9894	1	kept
COG0398	S	Uncharacterized membrane protein YdjX, related to fungal oxalate transporter, TVP38/TMEM64 family	1	0	0.9338	1	recovered	1	0.9979	1	kept	0	0.4457	0	gap
COG0399	M	dTDP-4-amino-4,6-dideoxygalactose transaminase	1	1	0.9999	1	kept	1	0.9998	1	kept	0	0.9881	1	recovered
COG0400	R	Predicted esterase	1	0	0.8011	1	recovered	0	0.4938	0	gap	0	0.4247	0	gap
COG0401	C	Membrane potential modulator PMP3/YqaE, plasma membrane proteolipid 3 (PMP3)/Esi3/RCI2/UPF0057 family	1	1	0.4668	0	gap	1	0.8240	1	kept	0	0.0309	0	gap
COG0402	FR	Cytosine/adenosine deaminase or related metal-dependent hydrolase	1	1	0.9997	1	kept	1	0.9999	1	kept	0	0.9649	1	recovered
COG0403	E	Glycine cleavage system protein P (pyridoxal-binding), N-terminal domain	1	0	0.9769	1	recovered	0	0.9807	1	recovered	0	0.5614	1	recovered
COG0404	E	Glycine cleavage system protein T (aminomethyltransferase)	1	1	0.9983	1	kept	1	0.9988	1	kept	0	0.4232	0	gap
COG0405	E	Gamma-glutamyltranspeptidase	1	0	0.9762	1	recovered	0	0.9690	1	recovered	0	0.5529	1	recovered
COG0406	G	Broad specificity phosphatase PhoE	1	1	0.9999	1	kept	0	0.9981	1	recovered	0	0.9687	1	recovered
COG0407	H	Uroporphyrinogen-III decarboxylase HemE	1	1	0.9998	1	kept	1	0.9983	1	kept	0	0.9447	1	recovered
COG0408	H	Coproporphyrinogen-III oxidase HemH, oxygen-dependent	1	1	0.7894	1	kept	0	0.0634	0	gap	0	0.0088	0	gap
COG0409	O	Hydrogenase maturation factor HypD	1	1	0.9994	1	kept	0	0.9356	1	recovered	0	0.0142	0	gap
COG0410	E	ABC-type branched-chain amino acid transport system, ATPase component LivF	1	0	0.9974	1	recovered	1	0.9996	1	kept	0	0.8953	1	recovered
COG0411	E	ABC-type branched-chain amino acid transport system, ATPase component LivG	1	0	0.9943	1	recovered	1	0.9986	1	kept	0	0.8612	1	recovered
COG0412	Q	Dienelactone hydrolase	1	0	0.9827	1	recovered	0	0.6519	1	recovered	0	0.4904	0	gap
COG0413	H	Ketopantoate hydroxymethyltransferase	1	0	0.9402	1	recovered	0	0.9351	1	recovered	0	0.8983	1	recovered
COG0414	H	Panthothenate synthetase	1	0	0.9803	1	recovered	1	0.9851	1	kept	0	0.9172	1	recovered
COG0415	L	Deoxyribodipyrimidine photolyase	1	1	0.9940	1	kept	1	0.9966	1	kept	0	0.7253	1	recovered
COG0416	I	Acyl-ACP:phosphate acyltransferase (fatty acid/phospholipid biosynthesis)	1	0	0.9234	1	recovered	0	0.6616	1	recovered	0	0.3091	0	gap
COG0417	L	DNA polymerase B elongation subunit	1	1	0.8724	1	kept	0	0.0737	0	gap	0	0.0172	0	gap
COG0418	F	Dihydroorotase	1	1	0.3625	0	gap	0	0.1584	0	gap	0	0.4036	0	gap
COG0419	L	DNA repair exonuclease SbcCD ATPase subunit	1	0	0.9981	1	recovered	1	0.9995	1	kept	0	0.9654	1	recovered
COG0420	L	DNA repair exonuclease SbcCD nuclease subunit	1	0	0.9973	1	recovered	0	0.9971	1	recovered	1	0.9984	1	kept
COG0421	E	Spermidine synthase (polyamine aminopropyltransferase)	1	1	0.9794	1	kept	1	0.9669	1	kept	0	0.7675	1	recovered
COG0422	H	4-amino-2-methyl-5-hydroxymethylpyrimidine (HMP) synthase ThiC	1	0	0.8923	1	recovered	1	0.9895	1	kept	0	0.3800	0	gap
COG0423	J	Glycyl-tRNA synthetase, class II	0	0	0.0367	0	absent	0	0.0780	0	absent	0	0.0423	0	absent
COG0424	Q	7-methyl-GTP pyrophosphatase and related NTP pyrophosphatases, Maf/HAM1 superfamily	1	0	0.9906	1	recovered	1	0.9986	1	kept	1	0.9955	1	kept
COG0425	JHO	Sulfur carrier protein TusA (tRNA thiolation, molybdenum cofactor biosynthesis)	1	1	0.9872	1	kept	0	0.8901	1	recovered	0	0.9237	1	recovered
COG0426	C	Flavorubredoxin	1	1	0.9978	1	kept	1	0.9987	1	kept	0	0.6653	1	recovered
COG0427	C	Propionyl CoA:succinate CoA transferase	0	0	0.8370	1	FP	0	0.3281	0	absent	0	0.9426	1	FP
COG0428	P	Zinc transporter ZupT	1	0	0.6323	1	recovered	0	0.7045	1	recovered	0	0.8883	1	recovered
COG0429	R	Predicted hydrolase of the alpha/beta-hydrolase fold	1	0	0.2914	0	gap	0	0.7655	1	recovered	1	0.9103	1	kept
COG0430	A	RNA 3'-terminal phosphate cyclase	1	0	0.0420	0	gap	0	0.0188	0	gap	0	0.0072	0	gap
COG0431	C	NAD(P)H-dependent FMN reductase	1	1	0.9987	1	kept	0	0.8666	1	recovered	0	0.8874	1	recovered
COG0432	H	Thiamin phosphate synthase YjbQ, UPF0047 family	1	1	0.9848	1	kept	0	0.9774	1	recovered	0	0.2579	0	gap
COG0433	L	Archaeal DNA helicase HerA or a related bacterial ATPase, contains HAS-barrel and ATPase domains	1	0	0.9210	1	recovered	1	0.9722	1	kept	0	0.6383	1	recovered
COG0434	M	Membrane biogenesis protein, BtpA/SgcQ family	1	0	0.1366	0	gap	1	0.7799	1	kept	0	0.0127	0	gap
COG0435	C	Glutathionyl-hydroquinone reductase	1	0	0.0410	0	gap	0	0.1144	0	gap	0	0.0478	0	gap
COG0436	E	Aspartate/methionine/tyrosine aminotransferase	1	1	1.0000	1	kept	0	1.0000	1	recovered	0	0.9998	1	recovered
COG0437	C	Fe-S-cluster-containing dehydrogenase component (DMSO reductase)	1	1	0.9993	1	kept	1	0.9992	1	kept	0	0.6714	1	recovered
COG0438	M	Glycosyltransferase involved in cell wall bisynthesis	1	1	1.0000	1	kept	1	0.9999	1	kept	1	0.9974	1	kept
COG0439	I	Biotin carboxylase	1	1	0.9998	1	kept	0	0.9346	1	recovered	1	0.9924	1	kept
COG0440	E	Acetolactate synthase, small subunit	1	1	0.9996	1	kept	1	0.9991	1	kept	0	0.9814	1	recovered
COG0441	J	Threonyl-tRNA synthetase	1	0	0.9939	1	recovered	0	0.9885	1	recovered	0	0.9844	1	recovered
COG0442	J	Prolyl-tRNA synthetase	1	1	0.9999	1	kept	0	0.9948	1	recovered	0	0.9790	1	recovered
COG0443	O	Molecular chaperone DnaK (HSP70)	1	1	0.9999	1	kept	0	0.9970	1	recovered	0	0.9749	1	recovered
COG0444	EP	ABC-type dipeptide/oligopeptide/nickel transport system, ATPase component	1	0	0.9981	1	recovered	1	0.9999	1	kept	0	0.9626	1	recovered
COG0445	J	tRNA U34 5-carboxymethylaminomethyl modifying enzyme MnmG/GidA	1	1	0.9990	1	kept	1	0.9981	1	kept	0	0.9277	1	recovered
COG0446	I	NADPH-dependent 2,4-dienoyl-CoA reductase, sulfur reductase, or a related oxidoreductase	1	1	0.9998	1	kept	0	0.9942	1	recovered	0	0.8439	1	recovered
COG0447	H	1,4-Dihydroxy-2-naphthoyl-CoA synthase	1	0	0.8862	1	recovered	1	0.9985	1	kept	0	0.5267	1	recovered
COG0448	G	Glucose-1-phosphate adenylyltransferase (ADP-glucose pyrophosphorylase)	1	1	0.9997	1	kept	0	0.9571	1	recovered	0	0.9640	1	recovered
COG0449	M	Glucosamine 6-phosphate synthetase, contains amidotransferase and phosphosugar isomerase domains	1	1	1.0000	1	kept	1	0.9997	1	kept	0	0.9711	1	recovered
COG0450	V	Alkyl hydroperoxide reductase subunit AhpC (peroxiredoxin)	1	1	1.0000	1	kept	0	0.9890	1	recovered	0	0.9805	1	recovered
COG0451	M	Nucleoside-diphosphate-sugar epimerase	1	0	1.0000	1	recovered	0	0.9999	1	recovered	1	0.9997	1	kept
COG0452	H	Phosphopantothenoylcysteine synthetase/decarboxylase CoaBC	1	0	0.9915	1	recovered	1	0.9972	1	kept	1	0.9976	1	kept
COG0454	KR	N-acetyltransferase, GNAT superfamily (includes histone acetyltransferase HPA2)	1	0	1.0000	1	recovered	0	0.9993	1	recovered	1	0.9997	1	kept
COG0455	DN	MinD-like ATPase FlhG/YlxH, activator of the FlhF-type GTPase	0	0	0.9973	1	FP	0	0.9948	1	FP	0	0.9151	1	FP
COG0456	J	Ribosomal protein S18 acetylase RimI and related acetyltransferases	0	0	0.0039	0	absent	0	0.0086	0	absent	0	0.0027	0	absent
COG0457	R	Tetratricopeptide (TPR) repeat	1	1	1.0000	1	kept	1	1.0000	1	kept	0	0.9999	1	recovered
COG0458	EF	Carbamoylphosphate synthase large subunit	1	1	0.9997	1	kept	0	0.9931	1	recovered	0	0.9687	1	recovered
COG0459	O	Chaperonin GroEL (HSP60 family)	1	0	0.9980	1	recovered	0	0.9769	1	recovered	0	0.9629	1	recovered
COG0460	E	Homoserine dehydrogenase	1	1	0.9998	1	kept	1	0.9986	1	kept	0	0.9757	1	recovered
COG0461	F	Orotate phosphoribosyltransferase	1	1	0.9985	1	kept	0	0.9738	1	recovered	0	0.9357	1	recovered
COG0462	F	Phosphoribosylpyrophosphate synthetase	1	1	0.9999	1	kept	0	0.9961	1	recovered	1	0.9983	1	kept
COG0463	M	Glycosyltransferase involved in cell wall bisynthesis	1	0	0.9977	1	recovered	1	0.9995	1	kept	0	0.9066	1	recovered
COG0464	MDT	AAA+-type ATPase, SpoVK/Ycf46/Vps4 family	0	0	0.9820	1	FP	0	0.8515	1	FP	0	0.5982	1	FP
COG0465	O	ATP-dependent Zn proteases	1	1	0.9998	1	kept	0	0.9965	1	recovered	1	0.9944	1	kept
COG0466	O	ATP-dependent Lon protease, bacterial type	1	0	0.9999	1	recovered	1	0.9999	1	kept	0	0.9910	1	recovered
COG0467	T	RecA-superfamily ATPase, KaiC/GvpD/RAD55 family	0	0	0.2880	0	absent	0	0.8301	1	FP	0	0.5563	1	FP
COG0468	L	RecA/RadA recombinase	1	1	1.0000	1	kept	1	0.9991	1	kept	1	0.9821	1	kept
COG0469	G	Pyruvate kinase	1	0	1.0000	1	recovered	1	1.0000	1	kept	0	0.9952	1	recovered
COG0470	L	DNA polymerase III, delta prime subunit	1	1	0.9983	1	kept	0	0.7099	1	recovered	0	0.7174	1	recovered
COG0471	G	Di- and tricarboxylate antiporter	1	1	0.9992	1	kept	1	0.9999	1	kept	1	0.9984	1	kept
COG0472	M	UDP-N-acetylmuramyl pentapeptide phosphotransferase/UDP-N-acetylglucosamine-1-phosphate transferase	1	1	0.9994	1	kept	0	0.9871	1	recovered	0	0.9890	1	recovered
COG0473	CE	Isocitrate/isopropylmalate dehydrogenase	1	0	0.9966	1	recovered	0	0.9923	1	recovered	1	0.9948	1	kept
COG0474	P	Magnesium-transporting ATPase (P-type)	1	1	0.9949	1	kept	0	0.5152	1	recovered	0	0.6336	1	recovered
COG0475	P	Kef-type K+ transport system, membrane component KefB	1	1	0.9970	1	kept	0	0.9433	1	recovered	0	0.7028	1	recovered
COG0476	H	Molybdopterin or thiamine biosynthesis adenylyltransferase	1	1	1.0000	1	kept	0	0.9980	1	recovered	0	0.8797	1	recovered
COG0477	GEPR	MFS family permease, includes anhydromuropeptide permease AmpG	1	1	1.0000	1	kept	0	0.9999	1	recovered	0	0.9991	1	recovered
COG0478	T	RIO-like serine/threonine protein kinase fused to N-terminal HTH domain	0	0	0.0035	0	absent	0	0.0046	0	absent	0	0.0075	0	absent
COG0479	C	Succinate dehydrogenase/fumarate reductase, Fe-S protein subunit	1	0	0.9996	1	recovered	1	0.9997	1	kept	0	0.9654	1	recovered
COG0480	J	Translation elongation factor EF-G, a GTPase	1	1	1.0000	1	kept	1	0.9999	1	kept	0	0.9904	1	recovered
COG0481	J	Translation elongation factor EF-4, membrane-bound GTPase	1	1	0.9998	1	kept	1	0.9995	1	kept	1	0.9957	1	kept
COG0482	J	tRNA U34 2-thiouridine synthase MnmA/TrmU, contains the PP-loop ATPase domain	1	1	0.9996	1	kept	0	0.9744	1	recovered	0	0.9747	1	recovered
COG0483	G	Archaeal fructose-1,6-bisphosphatase or related enzyme, inositol monophosphatase family	1	1	0.9997	1	kept	0	0.9772	1	recovered	1	0.9944	1	kept
COG0484	O	DnaJ-class molecular chaperone with C-terminal Zn finger domain	1	0	0.9988	1	recovered	0	0.9991	1	recovered	0	0.9964	1	recovered
COG0486	J	tRNA U34 5-carboxymethylaminomethyl modifying GTPase MnmE/TrmE	1	1	0.9998	1	kept	1	0.9990	1	kept	0	0.9659	1	recovered
COG0488	R	ATPase components of ABC transporters with duplicated ATPase domains	1	1	1.0000	1	kept	1	1.0000	1	kept	0	1.0000	1	recovered
COG0489	D	Fe-S cluster carrier ATPase, Mrp/ApbC/NBP35 family	1	0	0.9992	1	recovered	0	0.9985	1	recovered	0	0.9819	1	recovered
COG0490	PT	K+/H+ antiporter KhtSTU, c-di-AMP-binding regulatory subunit KhtT, contains RCK_C (TrkA_C) domain	0	0	0.1571	0	absent	0	0.1194	0	absent	0	0.2227	0	absent
COG0491	R	Glyoxylase or a related metal-dependent hydrolase, beta-lactamase superfamily II	1	0	0.9999	1	recovered	0	0.9998	1	recovered	0	0.9984	1	recovered
COG0492	O	Thioredoxin reductase	1	0	0.9980	1	recovered	1	0.9990	1	kept	0	0.9798	1	recovered
COG0493	ER	NADPH-dependent glutamate synthase beta chain or related oxidoreductase	1	1	1.0000	1	kept	0	0.9983	1	recovered	0	0.9522	1	recovered
COG0494	V	8-oxo-dGTP pyrophosphatase MutT and related house-cleaning NTP pyrophosphohydrolases, NUDIX family	1	0	0.9992	1	recovered	1	0.9998	1	kept	0	0.9932	1	recovered
COG0495	J	Leucyl-tRNA synthetase	1	1	0.9999	1	kept	0	0.9877	1	recovered	0	0.9839	1	recovered
COG0496	L	Broad specificity polyphosphatase and 5'/3'-nucleotidase SurE	1	1	0.9997	1	kept	1	0.9941	1	kept	1	0.9312	1	kept
COG0497	L	DNA repair ATPase RecN	1	1	1.0000	1	kept	0	0.9930	1	recovered	0	0.9877	1	recovered
COG0498	E	Threonine synthase	1	1	1.0000	1	kept	1	0.9984	1	kept	0	0.9073	1	recovered
COG0499	H	S-adenosylhomocysteine hydrolase	0	0	0.8085	1	FP	0	0.9395	1	FP	0	0.2930	0	absent
COG0500	QR	SAM-dependent methyltransferase	1	1	1.0000	1	kept	0	0.9998	1	recovered	1	0.9998	1	kept
COG0501	O	Zn-dependent protease with chaperone function	1	1	1.0000	1	kept	0	0.9960	1	recovered	0	0.9559	1	recovered
COG0502	H	Biotin synthase or related enzyme	1	0	0.9997	1	recovered	0	0.9985	1	recovered	0	0.8777	1	recovered
COG0503	F	Adenine/guanine phosphoribosyltransferase or related PRPP-binding protein	1	1	0.9996	1	kept	0	0.9757	1	recovered	0	0.9327	1	recovered
COG0504	F	CTP synthase (UTP-ammonia lyase)	1	0	0.9923	1	recovered	0	0.9604	1	recovered	0	0.7811	1	recovered
COG0505	EF	Carbamoylphosphate synthase small subunit	1	0	0.9840	1	recovered	1	0.9983	1	kept	0	0.8582	1	recovered
COG0506	E	Proline dehydrogenase	1	1	0.9988	1	kept	0	0.9474	1	recovered	0	0.9542	1	recovered
COG0507	L	ATPase/5-3 helicase helicase subunit RecD of the DNA repair enzyme RecBCD (exonuclease V)	1	1	0.9989	1	kept	1	0.9956	1	kept	1	0.9973	1	kept
COG0508	C	Pyruvate/2-oxoglutarate dehydrogenase complex, dihydrolipoamide acyltransferase (E2) component	1	1	1.0000	1	kept	1	1.0000	1	kept	0	0.9703	1	recovered
COG0509	E	Glycine cleavage system protein H (lipoate-binding)	1	0	0.9484	1	recovered	0	0.9773	1	recovered	0	0.4212	0	gap
COG0510	H	Thiamine kinase or a related kinase	1	0	0.4797	0	gap	0	0.3254	0	gap	0	0.1517	0	gap
COG0511	I	Biotin carboxyl carrier protein	1	1	0.9979	1	kept	1	0.9979	1	kept	0	0.9736	1	recovered
COG0512	EH	Anthranilate/para-aminobenzoate synthase component II (glutamine amidotransferase)	1	0	0.9927	1	recovered	1	0.9997	1	kept	0	0.8710	1	recovered
COG0513	L	Superfamily II DNA and RNA helicase	1	0	1.0000	1	recovered	1	1.0000	1	kept	0	0.9998	1	recovered
COG0514	L	Superfamily II DNA helicase RecQ	1	0	0.9984	1	recovered	0	0.9988	1	recovered	0	0.9123	1	recovered
COG0515	T	Serine/threonine protein kinase	1	0	0.9900	1	recovered	0	0.9833	1	recovered	0	0.9669	1	recovered
COG0516	F	IMP dehydrogenase/GMP reductase	1	0	0.9940	1	recovered	1	0.9996	1	kept	0	0.9966	1	recovered
COG0517	T	CBS domain	1	1	0.9999	1	kept	1	1.0000	1	kept	0	0.9884	1	recovered
COG0518	F	GMP synthase, glutamine amidotransferase domain	1	0	0.9786	1	recovered	0	0.9388	1	recovered	0	0.6957	1	recovered
COG0519	F	GMP synthase, PP-ATPase domain/subunit	0	0	0.1380	0	absent	0	0.7288	1	FP	0	0.7568	1	FP
COG0520	E	Selenocysteine lyase/Cysteine desulfurase	1	0	0.9995	1	recovered	0	0.9835	1	recovered	0	0.8964	1	recovered
COG0521	H	Molybdopterin biosynthesis enzyme MoaB/MogA	1	0	0.9824	1	recovered	1	0.9967	1	kept	0	0.8428	1	recovered
COG0522	J	Ribosomal protein S4 or related protein	1	1	0.9999	1	kept	1	0.9989	1	kept	0	0.9901	1	recovered
COG0523	R	Zinc metallochaperone YeiR/ZagA and related GTPases, G3E family	1	1	0.9978	1	kept	0	0.7617	1	recovered	0	0.1623	0	gap
COG0524	G	Sugar or nucleoside kinase, ribokinase family	1	0	0.9995	1	recovered	0	0.9994	1	recovered	0	0.9333	1	recovered
COG0525	J	Valyl-tRNA synthetase	1	1	0.9995	1	kept	0	0.9773	1	recovered	0	0.9794	1	recovered
COG0526	O	Thiol-disulfide isomerase or thioredoxin	1	0	0.9998	1	recovered	0	0.9975	1	recovered	0	0.9960	1	recovered
COG0527	E	Aspartate kinase	1	1	0.9999	1	kept	1	0.9996	1	kept	0	0.9951	1	recovered
COG0528	F	Uridylate kinase	1	1	0.9997	1	kept	1	0.9989	1	kept	0	0.9849	1	recovered
COG0529	P	Adenylylsulfate kinase or related kinase	1	1	0.9714	1	kept	0	0.6413	1	recovered	0	0.0988	0	gap
COG0530	P	Ca2+/Na+ antiporter	1	0	0.1124	0	gap	1	0.9967	1	kept	0	0.2472	0	gap
COG0531	E	Serine transporter YbeC, amino acid:H+ symporter family	1	0	0.9970	1	recovered	0	0.8905	1	recovered	0	0.8614	1	recovered
COG0532	J	Translation initiation factor IF-2, a GTPase	1	0	0.9129	1	recovered	0	0.9354	1	recovered	0	0.9784	1	recovered
COG0533	J	tRNA A37 threonylcarbamoyltransferase TsaD	1	1	0.9997	1	kept	1	0.9971	1	kept	0	0.9750	1	recovered
COG0534	V	Na+-driven multidrug efflux pump, DinF/NorM/MATE family	1	1	1.0000	1	kept	1	1.0000	1	kept	0	0.9980	1	recovered
COG0535	DH	Radical SAM superfamily maturase, SkfB/NifB/PqqE family	0	0	0.9881	1	FP	0	0.9706	1	FP	0	0.3480	0	absent
COG0536	DL	GTPase involved in cell partioning and DNA repair	1	1	0.9999	1	kept	0	0.9979	1	recovered	0	0.9774	1	recovered
COG0537	FR	Purine nucleoside phosphoramidase/Ap4A hydrolase, histidine triade (HIT) family	1	0	0.9969	1	recovered	0	0.9880	1	recovered	0	0.9852	1	recovered
COG0538	C	Isocitrate dehydrogenase	1	1	0.9392	1	kept	0	0.1031	0	gap	0	0.2110	0	gap
COG0539	J	Ribosomal protein S1	1	1	0.9996	1	kept	1	0.9990	1	kept	1	0.9972	1	kept
COG0540	F	Aspartate carbamoyltransferase, catalytic subunit	1	1	0.9997	1	kept	0	0.9909	1	recovered	0	0.9775	1	recovered
COG0541	U	Signal recognition particle GTPase	1	1	0.9997	1	kept	1	0.9990	1	kept	0	0.9773	1	recovered
COG0542	O	ATP-dependent Clp protease, ATP-binding subunit ClpA	1	0	0.9962	1	recovered	0	0.9920	1	recovered	1	0.9958	1	kept
COG0543	HC	NAD(P)H-flavin reductase	1	1	0.9495	1	kept	0	0.7499	1	recovered	1	0.9489	1	kept
COG0544	O	FKBP-type peptidyl-prolyl cis-trans isomerase (trigger factor)	1	0	0.9888	1	recovered	1	0.9990	1	kept	0	0.9783	1	recovered
COG0545	O	FKBP-type peptidyl-prolyl cis-trans isomerase	1	0	0.9953	1	recovered	0	0.9762	1	recovered	0	0.9887	1	recovered
COG0546	C	Phosphoglycolate phosphatase, HAD superfamily	1	0	0.9990	1	recovered	0	0.9970	1	recovered	0	0.9299	1	recovered
COG0547	E	Anthranilate phosphoribosyltransferase, glycosyltransferase domain	1	0	0.9701	1	recovered	0	0.9696	1	recovered	0	0.7753	1	recovered
COG0548	E	N-acetylglutamate kinase	1	1	0.9997	1	kept	1	0.9984	1	kept	0	0.9323	1	recovered
COG0549	E	Carbamate kinase	1	0	0.4446	0	gap	0	0.4762	0	gap	0	0.3872	0	gap
COG0550	L	DNA topoisomerase IA	1	0	0.9904	1	recovered	0	0.9901	1	recovered	0	0.9725	1	recovered
COG0551	L	DNA topoisomerase I, ssDNA-binding Zn-finger and Zn-ribbon domains	1	1	0.4455	0	gap	0	0.1814	0	gap	0	0.0515	0	gap
COG0552	U	Signal recognition particle GTPase FtsY	1	0	0.9967	1	recovered	0	0.9902	1	recovered	0	0.9783	1	recovered
COG0553	KL	Superfamily II DNA or RNA helicase, SNF2 family	1	0	0.9993	1	recovered	0	0.9958	1	recovered	0	0.9535	1	recovered
COG0554	C	Glycerol kinase	1	1	0.9999	1	kept	0	0.9953	1	recovered	0	0.8222	1	recovered
COG0555	P	ABC-type sulfate transport system, permease component	1	1	0.9990	1	kept	0	0.3558	0	gap	0	0.0355	0	gap
COG0556	L	Excinuclease UvrABC helicase subunit UvrB	1	0	0.9975	1	recovered	1	0.9988	1	kept	1	0.9905	1	kept
COG0557	K	Exoribonuclease R	1	0	0.9965	1	recovered	1	0.9991	1	kept	0	0.9927	1	recovered
COG0558	I	Phosphatidylglycerophosphate synthase	1	1	0.9993	1	kept	0	0.9916	1	recovered	0	0.9783	1	recovered
COG0559	E	Branched-chain amino acid ABC-type transport system, permease component	1	0	0.9970	1	recovered	1	0.9995	1	kept	0	0.9031	1	recovered
COG0560	E	Phosphoserine phosphatase	1	0	0.9966	1	recovered	0	0.9859	1	recovered	0	0.9850	1	recovered
COG0561	HR	Hydroxymethylpyrimidine pyrophosphatase and other HAD family phosphatases	1	0	0.9958	1	recovered	1	0.9987	1	kept	1	0.9946	1	kept
COG0562	M	UDP-galactopyranose mutase	0	0	0.4876	0	absent	0	0.2830	0	absent	0	0.0852	0	absent
COG0563	F	Adenylate kinase or related kinase	1	0	0.9972	1	recovered	0	0.9899	1	recovered	0	0.9825	1	recovered
COG0564	J	Pseudouridine synthase RluA, 23S rRNA- or tRNA-specific	1	0	0.9996	1	recovered	0	0.9995	1	recovered	0	0.9976	1	recovered
COG0565	J	tRNA C32,U32 (ribose-2'-O)-methylase TrmJ or a related methyltransferase	1	0	0.3920	0	gap	0	0.8737	1	recovered	0	0.8781	1	recovered
COG0566	J	tRNA G18 (ribose-2'-O)-methylase SpoU	1	1	1.0000	1	kept	0	0.9992	1	recovered	0	0.9985	1	recovered
COG0567	C	2-oxoglutarate dehydrogenase complex, dehydrogenase (E1) component, and related enzymes	1	0	0.9801	1	recovered	1	0.9974	1	kept	0	0.5317	1	recovered
COG0568	K	DNA-directed RNA polymerase, sigma subunit (sigma70/sigma32)	1	1	0.9999	1	kept	1	0.9998	1	kept	0	0.9948	1	recovered
COG0569	PT	Trk/Ktr K+ transport system regulatory component TrkA/KtrA/KtrC, RCK domain	1	1	0.9979	1	kept	1	0.9998	1	kept	0	0.9831	1	recovered
COG0571	K	dsRNA-specific ribonuclease	1	1	0.9999	1	kept	0	0.9952	1	recovered	0	0.9937	1	recovered
COG0572	F	Uridine kinase	1	1	0.9927	1	kept	0	0.6571	1	recovered	0	0.6258	1	recovered
COG0573	P	ABC-type phosphate transport system, permease component	1	1	0.9996	1	kept	1	0.9989	1	kept	0	0.9584	1	recovered
COG0574	G	Phosphoenolpyruvate synthase/pyruvate phosphate dikinase	1	0	0.9904	1	recovered	0	0.9826	1	recovered	0	0.8072	1	recovered
COG0575	I	CDP-diglyceride synthetase	1	1	0.5931	1	kept	0	0.1557	0	gap	0	0.2460	0	gap
COG0576	O	Molecular chaperone GrpE (heat shock protein HSP-70)	1	0	0.9959	1	recovered	0	0.9931	1	recovered	0	0.9712	1	recovered
COG0577	V	ABC-type antimicrobial peptide transport system, permease component	1	0	0.9995	1	recovered	0	0.9797	1	recovered	0	0.9800	1	recovered
COG0578	C	Glycerol-3-phosphate dehydrogenase	1	0	0.9996	1	recovered	0	0.9965	1	recovered	1	0.9952	1	kept
COG0579	G	L-2-hydroxyglutarate oxidase LhgO	1	1	0.9971	1	kept	0	0.8943	1	recovered	0	0.7952	1	recovered
COG0580	G	Glycerol uptake facilitator or related aquaporin (Major Intrinsic protein Family)	1	1	0.9978	1	kept	0	0.4335	0	gap	0	0.1975	0	gap
COG0581	P	ABC-type phosphate transport system, permease component	1	1	0.9999	1	kept	1	0.9998	1	kept	0	0.9918	1	recovered
COG0582	LX	Integrase/recombinase, includes phage integrase	1	1	1.0000	1	kept	0	0.9966	1	recovered	0	0.9575	1	recovered
COG0583	K	DNA-binding transcriptional regulator, LysR family	1	0	1.0000	1	recovered	0	0.9997	1	recovered	0	0.9964	1	recovered
COG0584	I	Glycerophosphoryl diester phosphodiesterase	1	1	0.9999	1	kept	1	0.9993	1	kept	0	0.9819	1	recovered
COG0585	J	tRNA(Glu) U13 pseudouridine synthase TruD	1	1	0.8878	1	kept	1	0.6185	1	kept	0	0.0345	0	gap
COG0586	M	Membrane integrity protein DedA, putative transporter, DedA/Tvp38 family	1	1	1.0000	1	kept	1	0.9954	1	kept	0	0.9497	1	recovered
COG0587	L	DNA polymerase III, alpha subunit	1	1	0.9993	1	kept	1	0.9989	1	kept	0	0.9898	1	recovered
COG0588	G	Phosphoglycerate mutase (BPG-dependent)	1	1	0.9950	1	kept	1	0.9656	1	kept	0	0.5362	1	recovered
COG0589	T	Nucleotide-binding universal stress protein,  UspA family	1	1	1.0000	1	kept	0	0.9996	1	recovered	0	0.9967	1	recovered
COG0590	J	tRNA(Arg) A34 adenosine deaminase TadA	1	0	0.9814	1	recovered	1	0.9986	1	kept	0	0.9164	1	recovered
COG0591	E	Na+/proline symporter	1	1	0.9979	1	kept	1	0.9968	1	kept	0	0.8271	1	recovered
COG0592	L	DNA polymerase III sliding clamp (beta) subunit, PCNA homolog	1	1	0.9998	1	kept	1	0.9983	1	kept	0	0.9762	1	recovered
COG0593	L	Chromosomal replication initiation ATPase DnaA	1	1	0.9998	1	kept	1	0.9992	1	kept	1	0.9958	1	kept
COG0594	J	RNase P protein component	1	1	0.9942	1	kept	0	0.8519	1	recovered	0	0.7817	1	recovered
COG0595	J	mRNA degradation ribonuclease J1/J2	0	0	0.9760	1	FP	0	0.9581	1	FP	0	0.8173	1	FP
COG0596	HR	2-succinyl-6-hydroxy-2,4-cyclohexadiene-1-carboxylate synthase MenH and related esterases, alpha/beta hydrolase fold	1	0	0.9996	1	recovered	1	0.9999	1	kept	0	0.9617	1	recovered
COG0597	MU	Lipoprotein signal peptidase	1	1	0.9998	1	kept	0	0.9916	1	recovered	0	0.9896	1	recovered
COG0598	P	Mg2+ and Co2+ transporter CorA	1	1	0.9999	1	kept	1	0.9975	1	kept	1	0.9983	1	kept
COG0599	R	Uncharacterized conserved protein YurZ, alkylhydroperoxidase/carboxymuconolactone decarboxylase family	0	0	0.9594	1	FP	0	0.7512	1	FP	0	0.3375	0	absent
COG0600	P	ABC-type nitrate/sulfonate/bicarbonate transport system, permease component	1	0	0.9975	1	recovered	1	0.9992	1	kept	0	0.9415	1	recovered
COG0601	EP	ABC-type dipeptide/oligopeptide/nickel transport system, permease component	1	1	1.0000	1	kept	1	0.9999	1	kept	0	0.9857	1	recovered
COG0602	H	Organic radical activating enzyme NrdG/QueE	1	0	0.8024	1	recovered	0	0.8904	1	recovered	0	0.3501	0	gap
COG0603	J	7-cyano-7-deazaguanine synthase (queuosine biosynthesis)	1	1	0.9930	1	kept	0	0.8022	1	recovered	0	0.4257	0	gap
COG0604	CR	NADPH:quinone reductase or related Zn-dependent oxidoreductase	1	1	1.0000	1	kept	1	1.0000	1	kept	1	0.9992	1	kept
COG0605	P	Superoxide dismutase	1	1	0.9989	1	kept	0	0.6898	1	recovered	0	0.9601	1	recovered
COG0606	O	Predicted Mg-chelatase, contains ChlI-like and ATPase domains, YifB family	1	0	0.9762	1	recovered	0	0.9883	1	recovered	0	0.9757	1	recovered
COG0607	P	Rhodanese-related sulfurtransferase	1	1	1.0000	1	kept	0	0.9976	1	recovered	0	0.9978	1	recovered
COG0608	L	ssDNA-specific exonuclease RecJ, DHH superfamily, may be involved in archaeal DNA replication intiation	1	1	0.9993	1	kept	1	0.9974	1	kept	0	0.9014	1	recovered
COG0609	P	ABC-type Fe3+-siderophore transport system, permease component	1	1	1.0000	1	kept	1	0.9997	1	kept	0	0.9891	1	recovered
COG0610	V	Type I site-specific restriction-modification system, R (restriction) subunit and related helicases ...	1	1	0.9725	1	kept	0	0.7238	1	recovered	1	0.9482	1	kept
COG0611	H	Thiamine monophosphate kinase	1	0	0.9211	1	recovered	0	0.8780	1	recovered	0	0.6056	1	recovered
COG0612	R	Predicted Zn-dependent peptidase, M16 family	1	1	0.9989	1	kept	0	0.9265	1	recovered	0	0.9526	1	recovered
COG0613	F	5'-3' exoribonuclease TrpH/YciV (RNase AM), contains PHP domain	1	1	0.9973	1	kept	0	0.9835	1	recovered	0	0.9499	1	recovered
COG0614	P	ABC-type Fe3+-hydroxamate transport system, periplasmic component	1	1	1.0000	1	kept	0	0.9990	1	recovered	1	0.9981	1	kept
COG0615	M	Glycerol-3-phosphate cytidylyltransferase, cytidylyltransferase family	1	0	0.9380	1	recovered	1	0.9935	1	kept	0	0.7925	1	recovered
COG0616	O	Periplasmic serine protease, ClpP class	1	1	0.9998	1	kept	0	0.9837	1	recovered	1	0.9898	1	kept
COG0617	J	tRNA nucleotidyltransferase/poly(A) polymerase	1	0	0.9984	1	recovered	0	0.9911	1	recovered	1	0.9993	1	kept
COG0618	FT	nanoRNase/pAp phosphatase, hydrolyzes c-di-AMP and oligoRNAs	0	0	0.5536	1	FP	0	0.9276	1	FP	0	0.2405	0	absent
COG0619	H	ECF-type transporter transmembrane protein EcfT	1	1	0.9984	1	kept	0	0.9049	1	recovered	0	0.3595	0	gap
COG0620	E	Methionine synthase II (cobalamin-independent)	1	1	0.9976	1	kept	1	0.9877	1	kept	0	0.7993	1	recovered
COG0621	J	tRNA A37 methylthiotransferase MiaB	1	1	1.0000	1	kept	1	1.0000	1	kept	0	0.9986	1	recovered
COG0622	R	Predicted phosphodiesterase, calcineurin family	1	0	0.6619	1	recovered	0	0.7546	1	recovered	0	0.2069	0	gap
COG0623	I	Enoyl-[acyl-carrier-protein] reductase FabI	1	0	0.9702	1	recovered	1	0.9990	1	kept	0	0.9593	1	recovered
COG0624	E	Acetylornithine deacetylase/Succinyl-diaminopimelate desuccinylase or related deacylase	1	1	1.0000	1	kept	0	0.9994	1	recovered	0	0.9979	1	recovered
COG0625	O	Glutathione S-transferase	1	1	0.9214	1	kept	0	0.4659	0	gap	0	0.0374	0	gap
COG0626	E	Cystathionine beta-lyase/cystathionine gamma-synthase	1	0	0.9994	1	recovered	0	0.9937	1	recovered	0	0.9064	1	recovered
COG0627	V	S-formylglutathione hydrolase FrmB	1	1	0.9959	1	kept	0	0.3768	0	gap	0	0.1928	0	gap
COG0628	R	Predicted PurR-regulated permease PerM	1	1	1.0000	1	kept	1	1.0000	1	kept	0	0.9991	1	recovered
COG0629	L	Single-stranded DNA-binding protein	1	0	0.9785	1	recovered	0	0.9665	1	recovered	1	0.9950	1	kept
COG0630	NU	Type IV secretory pathway ATPase VirB11/Archaellum biosynthesis ATPase ArlI/FlaI	0	0	0.0474	0	absent	0	0.0778	0	absent	0	0.0934	0	absent
COG0631	T	Serine/threonine protein phosphatase PrpC	1	1	0.9986	1	kept	1	0.9938	1	kept	0	0.6857	1	recovered
COG0632	L	Holliday junction resolvasome RuvABC DNA-binding subunit	1	1	0.9995	1	kept	0	0.9877	1	recovered	0	0.9907	1	recovered
COG0633	C	Ferredoxin	1	1	0.9713	1	kept	1	0.9877	1	kept	0	0.5882	1	recovered
COG0634	F	Hypoxanthine-guanine phosphoribosyltransferase	1	0	0.9990	1	recovered	0	0.9971	1	recovered	0	0.9915	1	recovered
COG0635	H	Coproporphyrinogen-III oxidase HemN  (oxygen-independent) or related Fe-S oxidoreductase	1	1	1.0000	1	kept	0	0.9967	1	recovered	0	0.9983	1	recovered
COG0636	C	FoF1-type ATP synthase, membrane subunit c/Archaeal/vacuolar-type H+-ATPase, subunit K	1	1	0.9989	1	kept	1	0.9976	1	kept	0	0.9906	1	recovered
COG0637	G	Beta-phosphoglucomutase, HAD superfamily	1	1	1.0000	1	kept	1	0.9995	1	kept	1	0.9936	1	kept
COG0638	O	20S proteasome, alpha and beta subunits	0	0	0.0008	0	absent	0	0.0004	0	absent	0	0.0024	0	absent
COG0639	T	Diadenosine tetraphosphatase ApaH/serine/threonine protein phosphatase, PP2A family	1	1	0.9993	1	kept	0	0.8917	1	recovered	0	0.7620	1	recovered
COG0640	K	DNA-binding transcriptional regulator, ArsR family	1	1	1.0000	1	kept	0	0.9993	1	recovered	0	0.9930	1	recovered
COG0641	O	Sulfatase maturation enzyme AslB, radical SAM superfamily	1	0	0.6883	1	recovered	1	0.9412	1	kept	0	0.4004	0	gap
COG0642	T	Signal transduction histidine kinase	1	0	0.9998	1	recovered	0	0.9999	1	recovered	0	0.9993	1	recovered
COG0643	T	Chemotaxis protein histidine kinase CheA	1	1	0.9995	1	kept	1	0.9996	1	kept	0	0.8766	1	recovered
COG0644	C	Dehydrogenase (flavoprotein)	1	0	0.3312	0	gap	1	0.9636	1	kept	0	0.2642	0	gap
COG0645	R	Predicted kinase, contains AAA domain	0	0	0.3930	0	absent	0	0.2977	0	absent	0	0.1708	0	absent
COG0646	E	Methionine synthase I (cobalamin-dependent), methyltransferase domain	1	1	0.9999	1	kept	0	0.9614	1	recovered	0	0.6119	1	recovered
COG0647	F	Ribonucleotide monophosphatase NagD, HAD superfamily	1	0	0.7902	1	recovered	0	0.6813	1	recovered	0	0.8931	1	recovered
COG0648	L	Endonuclease IV	1	1	0.9832	1	kept	1	0.9867	1	kept	1	0.9708	1	kept
COG0649	C	NADH:ubiquinone oxidoreductase 49 kD subunit (chain D)	1	0	0.9430	1	recovered	0	0.9124	1	recovered	0	0.6154	1	recovered
COG0650	C	Formate hydrogenlyase subunit HyfC	1	0	0.8009	1	recovered	0	0.2953	0	gap	0	0.0245	0	gap
COG0651	CP	Formate hydrogenlyase subunit 3/Multisubunit Na+/H+ antiporter, MnhD subunit	1	0	0.9260	1	recovered	1	0.9997	1	kept	0	0.6725	1	recovered
COG0652	O	Peptidyl-prolyl cis-trans isomerase (rotamase) - cyclophilin family	1	0	0.9924	1	recovered	1	0.9996	1	kept	0	0.9871	1	recovered
COG0653	U	Preprotein translocase subunit SecA (ATPase, RNA helicase)	1	0	0.9920	1	recovered	0	0.9887	1	recovered	0	0.9812	1	recovered
COG0654	HC	2-polyprenyl-6-methoxyphenol hydroxylase and related FAD-dependent oxidoreductases	1	1	0.9868	1	kept	0	0.5776	1	recovered	0	0.2656	0	gap
COG0655	C	Multimeric flavodoxin WrbA, includes NAD(P)H:quinone oxidoreductase	1	1	0.9717	1	kept	0	0.8484	1	recovered	0	0.2483	0	gap
COG0656	Q	Aldo/keto reductase, related to diketogulonate reductase	1	1	0.9999	1	kept	1	0.9978	1	kept	0	0.8538	1	recovered
COG0657	I	Acetyl esterase/lipase	1	0	0.8895	1	recovered	0	0.7299	1	recovered	0	0.3197	0	gap
COG0658	U	DNA uptake channel protein ComEC, N-terminal domain	1	1	0.9992	1	kept	0	0.9749	1	recovered	0	0.9903	1	recovered
COG0659	P	Sulfate permease or related transporter, MFS superfamily	1	0	0.8793	1	recovered	0	0.9621	1	recovered	0	0.9856	1	recovered
COG0661	HT	Predicted protein kinase regulating ubiquinone biosynthesis, AarF/ABC1/UbiB family	1	1	0.9990	1	kept	1	0.9969	1	kept	0	0.3401	0	gap
COG0662	G	Mannose-6-phosphate isomerase, cupin superfamily	1	0	0.9952	1	recovered	1	0.9991	1	kept	0	0.9616	1	recovered
COG0663	R	Carbonic anhydrase or acetyltransferase, isoleucine patch superfamily	1	1	0.9930	1	kept	0	0.6961	1	recovered	1	0.9908	1	kept
COG0664	T	cAMP-binding domain of CRP or a regulatory subunit of cAMP-dependent protein kinases	1	1	1.0000	1	kept	0	0.9992	1	recovered	0	0.9991	1	recovered
COG0665	E	Glycine/D-amino acid oxidase (deaminating)	1	1	0.9994	1	kept	1	0.9965	1	kept	0	0.8439	1	recovered
COG0666	T	Ankyrin repeat	1	1	0.9975	1	kept	0	0.4705	0	gap	1	0.9958	1	kept
COG0667	HR	Pyridoxal reductase PdxI or related oxidoreductase, aldo/keto reductase family	1	1	0.9999	1	kept	1	0.9983	1	kept	0	0.7734	1	recovered
COG0668	M	Small-conductance mechanosensitive channel	1	1	0.9999	1	kept	1	0.9996	1	kept	0	0.9974	1	recovered
COG0669	H	Phosphopantetheine adenylyltransferase	1	1	0.9998	1	kept	1	0.9994	1	kept	1	0.9972	1	kept
COG0670	P	Integral membrane protein YbhL, putative Ca2+ regulator, Bax inhibitor (BI-1)/TMBIM family	1	1	0.9973	1	kept	1	0.9992	1	kept	0	0.8304	1	recovered
COG0671	I	Membrane-associated phospholipid phosphatase	1	1	0.9994	1	kept	0	0.7412	1	recovered	0	0.4980	0	gap
COG0672	P	High-affinity Fe2+/Pb2+ permease	1	1	0.9955	1	kept	0	0.0341	0	gap	0	0.0144	0	gap
COG0673	R	Predicted dehydrogenase	1	0	0.9971	1	recovered	0	0.9840	1	recovered	0	0.9850	1	recovered
COG0674	C	Pyruvate:ferredoxin oxidoreductase or related 2-oxoacid:ferredoxin oxidoreductase, alpha subunit	1	0	0.9862	1	recovered	1	0.9997	1	kept	0	0.8598	1	recovered
COG0675	X	Transposase	0	0	0.1171	0	absent	0	0.0674	0	absent	0	0.0231	0	absent
COG0676	G	D-hexose-6-phosphate mutarotase	1	1	0.4953	0	gap	0	0.1300	0	gap	0	0.6917	1	recovered
COG0677	M	UDP-N-acetyl-D-mannosaminuronate dehydrogenase	1	1	0.9859	1	kept	1	0.9967	1	kept	0	0.7394	1	recovered
COG0678	O	Peroxiredoxin	0	0	0.0036	0	absent	0	0.0075	0	absent	0	0.0018	0	absent
COG0679	R	Predicted permease, AEC (auxin efflux carrier) family	1	0	0.9885	1	recovered	1	0.9993	1	kept	1	0.9921	1	kept
COG0680	C	Ni,Fe-hydrogenase maturation factor	1	1	0.9960	1	kept	1	0.9524	1	kept	0	0.0251	0	gap
COG0681	U	Signal peptidase I	1	0	0.9927	1	recovered	1	0.9959	1	kept	0	0.9865	1	recovered
COG0682	M	Prolipoprotein diacylglyceryltransferase	1	1	0.9999	1	kept	1	0.9991	1	kept	0	0.9906	1	recovered
COG0683	E	ABC-type branched-chain amino acid transport system, periplasmic component	1	1	1.0000	1	kept	1	0.9999	1	kept	0	0.9494	1	recovered
COG0684	J	RNA degradosome component RraA (regulator of RNase E activity)	1	0	0.9605	1	recovered	1	0.9585	1	kept	0	0.2933	0	gap
COG0685	E	5,10-methylenetetrahydrofolate reductase	1	1	0.9983	1	kept	0	0.9608	1	recovered	0	0.9538	1	recovered
COG0686	E	Alanine dehydrogenase (includes sporulation protein SpoVN)	0	0	0.9865	1	FP	0	0.9915	1	FP	0	0.7829	1	FP
COG0687	E	Spermidine/putrescine-binding periplasmic protein	1	1	0.9977	1	kept	0	0.9485	1	recovered	1	0.9909	1	kept
COG0688	I	Phosphatidylserine decarboxylase	1	0	0.9950	1	recovered	0	0.9886	1	recovered	0	0.9182	1	recovered
COG0689	J	Ribonuclease PH	1	0	0.7647	1	recovered	0	0.7867	1	recovered	0	0.8832	1	recovered
COG0690	U	Preprotein translocase subunit SecE	1	1	0.9994	1	kept	1	0.9966	1	kept	0	0.9471	1	recovered
COG0691	O	tmRNA-binding protein	1	0	0.9951	1	recovered	1	0.9985	1	kept	1	0.9949	1	kept
COG0692	L	Uracil-DNA glycosylase	1	1	1.0000	1	kept	0	0.9475	1	recovered	0	0.9795	1	recovered
COG0693	V	Protein/nucleotide deglycase, PfpI/YajL/DJ-1 family (repair of methylglyoxal-glycated proteins and nucleic acids)	1	1	0.9995	1	kept	0	0.9895	1	recovered	1	0.9962	1	kept
COG0694	O	Fe-S cluster biogenesis protein NfuA, 4Fe-4S-binding domain	0	1	0.9985	1	FP	0	0.9924	1	FP	0	0.9573	1	FP
COG0695	O	Glutaredoxin	1	0	0.9118	1	recovered	1	0.9972	1	kept	0	0.4604	0	gap
COG0696	G	Phosphoglycerate mutase (BPG-independent), AlkP superfamily	1	1	0.9822	1	kept	0	0.9406	1	recovered	0	0.9446	1	recovered
COG0697	GER	Permease of the drug/metabolite transporter (DMT) superfamily	1	0	1.0000	1	recovered	0	0.9998	1	recovered	1	0.9999	1	kept
COG0698	G	Ribose 5-phosphate isomerase RpiB	1	1	0.9992	1	kept	0	0.7365	1	recovered	1	0.9909	1	kept
COG0699	L	Replication fork clamp-binding protein CrfC (dynamin-like GTPase family)	1	0	0.5983	1	recovered	0	0.5817	1	recovered	0	0.7685	1	recovered
COG0700	S	Spore maturation protein SpmB (function unknown)	1	0	0.1240	0	gap	0	0.5521	1	recovered	0	0.1861	0	gap
COG0701	S	Uncharacterized membrane protein YraQ, UPF0718 family	1	1	0.9925	1	kept	0	0.9785	1	recovered	1	0.9783	1	kept
COG0702	R	Uncharacterized conserved protein YbjT, contains NAD(P)-binding and DUF2867 domains	1	1	0.9999	1	kept	1	0.9997	1	kept	1	0.9961	1	kept
COG0703	E	Shikimate kinase	1	0	0.9851	1	recovered	1	0.9976	1	kept	0	0.9327	1	recovered
COG0704	P	Phosphate uptake regulator PhoU	1	1	0.9993	1	kept	0	0.9900	1	recovered	0	0.9416	1	recovered
COG0705	O	Membrane-associated serine protease, rhomboid family	1	1	0.9988	1	kept	1	0.9875	1	kept	0	0.9356	1	recovered
COG0706	M	Membrane protein insertase Oxa1/YidC/SpoIIIJ	1	0	0.9994	1	recovered	0	0.9952	1	recovered	1	0.9974	1	kept
COG0707	M	UDP-N-acetylglucosamine:LPS N-acetylglucosamine transferase	1	0	0.9924	1	recovered	1	0.9976	1	kept	0	0.9857	1	recovered
COG0708	L	Exonuclease III	1	0	0.9973	1	recovered	0	0.9917	1	recovered	0	0.9854	1	recovered
COG0709	E	Selenophosphate synthase	1	0	0.4729	0	gap	0	0.8487	1	recovered	0	0.7381	1	recovered
COG0710	E	3-dehydroquinate dehydratase	1	1	0.9477	1	kept	0	0.0446	0	gap	0	0.5483	1	recovered
COG0711	C	FoF1-type ATP synthase, membrane subunit b or b'	1	1	0.9999	1	kept	1	0.9976	1	kept	0	0.9766	1	recovered
COG0712	C	FoF1-type ATP synthase, delta subunit	1	1	0.9999	1	kept	0	0.9919	1	recovered	1	0.9969	1	kept
COG0713	C	NADH:ubiquinone oxidoreductase subunit 11 or 4L (chain K)	1	0	0.9708	1	recovered	0	0.9631	1	recovered	0	0.7719	1	recovered
COG0714	R	MoxR-like ATPase	1	1	0.9998	1	kept	0	0.9930	1	recovered	0	0.8355	1	recovered
COG0715	P	ABC-type nitrate/sulfonate/bicarbonate transport system, periplasmic component	1	1	0.9999	1	kept	0	0.9991	1	recovered	0	0.9185	1	recovered
COG0716	C	Flavodoxin	1	1	0.9987	1	kept	1	0.9900	1	kept	0	0.8275	1	recovered
COG0717	F	dCTP deaminase	1	0	0.1605	0	gap	0	0.4059	0	gap	0	0.2272	0	gap
COG0718	K	DNA-binding nucleoid-associated protein YbaB/EfbC	1	1	0.9964	1	kept	0	0.9449	1	recovered	0	0.6384	1	recovered
COG0719	O	Fe-S cluster assembly scaffold protein SufB	1	1	0.9986	1	kept	0	0.1139	0	gap	0	0.6497	1	recovered
COG0720	H	6-pyruvoyl-tetrahydropterin synthase	1	1	0.9995	1	kept	1	0.9984	1	kept	0	0.1501	0	gap
COG0721	J	Asp-tRNAAsn/Glu-tRNAGln amidotransferase C subunit	0	0	0.9588	1	FP	0	0.9671	1	FP	0	0.8704	1	FP
COG0722	E	3-deoxy-D-arabino-heptulosonate 7-phosphate (DAHP) synthase	1	0	0.1947	0	gap	0	0.5738	1	recovered	0	0.2006	0	gap
COG0723	C	Rieske Fe-S protein	0	0	0.2829	0	absent	0	0.1214	0	absent	0	0.4844	0	absent
COG0724	J	RNA recognition motif (RRM) domain	0	0	0.7433	1	FP	0	0.6253	1	FP	1	0.9683	1	FP
COG0725	P	ABC-type molybdate transport system, periplasmic Mo-binding protein ModA	1	1	1.0000	1	kept	1	0.9998	1	kept	0	0.9822	1	recovered
COG0726	GM	Peptidoglycan/xylan/chitin deacetylase, PgdA/NodB/CDA1 family	1	1	0.9998	1	kept	0	0.9758	1	recovered	0	0.9344	1	recovered
COG0727	R	Uncharacterized protein YkgJ, contains CxxCxxCC motif	1	1	0.9996	1	kept	0	0.9774	1	recovered	0	0.9073	1	recovered
COG0728	M	Lipid II flippase MurJ/MviN (peptidoglycan biosynthesis)	1	1	0.9998	1	kept	1	0.9996	1	kept	1	0.9922	1	kept
COG0729	M	Outer membrane translocation and assembly module TamA	1	0	0.2390	0	gap	0	0.7610	1	recovered	0	0.5192	1	recovered
COG0730	P	Sulfite exporter TauE/SafE/YfcA and related permeases, UPF0721 family	1	1	1.0000	1	kept	1	1.0000	1	kept	0	0.9963	1	recovered
COG0731	J	Wyosine [tRNA(Phe)-imidazoG37] synthetase, radical SAM superfamily	0	0	0.0062	0	absent	0	0.1063	0	absent	0	0.1495	0	absent
COG0732	V	Restriction endonuclease S subunit	1	0	0.9423	1	recovered	1	0.9944	1	kept	0	0.8481	1	recovered
COG0733	R	Na+-dependent transporter, SNF family	0	0	0.1125	0	absent	0	0.7344	1	FP	0	0.8762	1	FP
COG0735	P	Fe2+ or Zn2+ uptake regulation protein Fur/Zur	1	0	0.9998	1	recovered	0	0.9998	1	recovered	0	0.9979	1	recovered
COG0736	I	Phosphopantetheinyl transferase (holo-ACP synthase)	1	1	0.9971	1	kept	0	0.2954	0	gap	0	0.6274	1	recovered
COG0737	FV	2',3'-cyclic-nucleotide 2'-phosphodiesterase/5'- or 3'-nucleotidase, 5'-nucleotidase family	1	1	0.9986	1	kept	1	0.9986	1	kept	0	0.7888	1	recovered
COG0738	G	Fucose permease	1	1	0.9985	1	kept	1	0.9948	1	kept	0	0.9406	1	recovered
COG0739	M	Murein DD-endopeptidase MepM and murein hydrolase activator NlpD, contains LysM domain	1	0	1.0000	1	recovered	0	0.9990	1	recovered	0	0.9981	1	recovered
COG0740	O	ATP-dependent protease ClpP, protease subunit	1	0	0.9919	1	recovered	0	0.9865	1	recovered	1	0.9949	1	kept
COG0741	M	Soluble lytic murein transglycosylase or regulatory protein s ( may contain LysM/invasin domain)	1	1	1.0000	1	kept	1	1.0000	1	kept	0	0.9754	1	recovered
COG0742	J	16S rRNA G966 N2-methylase RsmD	1	1	0.9974	1	kept	0	0.9679	1	recovered	0	0.9727	1	recovered
COG0743	I	1-deoxy-D-xylulose 5-phosphate reductoisomerase	1	0	0.9158	1	recovered	1	0.9976	1	kept	0	0.8729	1	recovered
COG0744	M	Penicillin-binding protein 1B/1F, peptidoglycan  transglycosylase/transpeptidase	1	1	1.0000	1	kept	1	0.9986	1	kept	0	0.9920	1	recovered
COG0745	TK	DNA-binding response regulator, OmpR family, contains REC and winged-helix (wHTH) domain	1	1	1.0000	1	kept	1	1.0000	1	kept	0	0.9998	1	recovered
COG0746	H	Molybdopterin-guanine dinucleotide biosynthesis protein A	1	1	0.9980	1	kept	0	0.9780	1	recovered	0	0.5822	1	recovered
COG0747	E	ABC-type transport system, periplasmic component	1	1	0.9974	1	kept	1	0.9998	1	kept	0	0.9564	1	recovered
COG0748	P	Putative heme iron utilization protein, contains PNPOx domain	0	0	0.7891	1	FP	0	0.5749	1	FP	0	0.7214	1	FP
COG0749	L	DNA polymerase I, 3'-5' exonuclease and polymerase domains	0	0	0.0614	0	absent	0	0.0439	0	absent	0	0.0708	0	absent
COG0750	OK	Membrane-associated protease RseP, regulator of RpoE activity	1	1	0.9996	1	kept	0	0.9886	1	recovered	0	0.9853	1	recovered
COG0751	J	Glycyl-tRNA synthetase, beta subunit	1	1	0.9879	1	kept	1	0.9748	1	kept	0	0.9637	1	recovered
COG0752	J	Glycyl-tRNA synthetase, alpha subunit	1	0	0.8477	1	recovered	0	0.7492	1	recovered	1	0.9725	1	kept
COG0753	P	Catalase	1	1	0.9970	1	kept	0	0.7975	1	recovered	0	0.9754	1	recovered
COG0754	E	Glutathionylspermidine synthase, CHAP domain	1	1	0.7077	1	kept	1	0.6213	1	kept	0	0.2346	0	gap
COG0755	O	ABC-type transport system involved in cytochrome c biogenesis, permease component	1	1	1.0000	1	kept	1	1.0000	1	kept	0	0.9957	1	recovered
COG0756	FV	dUTP pyrophosphatase (dUTPase)	1	1	0.9992	1	kept	0	0.9361	1	recovered	0	0.8944	1	recovered
COG0757	E	3-dehydroquinate dehydratase	0	0	0.8574	1	FP	0	0.9537	1	FP	0	0.2603	0	absent
COG0758	L	Predicted Rossmann fold nucleotide-binding protein DprA/Smf involved in DNA uptake	1	0	0.9963	1	recovered	1	0.9998	1	kept	1	0.9982	1	kept
COG0759	M	Membrane-anchored protein YidD, putatitve component of membrane protein insertase Oxa1/YidC/SpoIIIJ	0	0	0.9033	1	FP	0	0.7765	1	FP	0	0.8392	1	FP
COG0760	O	Peptidyl-prolyl isomerase, parvulin family	1	1	1.0000	1	kept	0	0.9991	1	recovered	1	0.9998	1	kept
COG0761	I	4-Hydroxy-3-methylbut-2-enyl diphosphate reductase IspH	1	1	0.9991	1	kept	1	0.9974	1	kept	0	0.9333	1	recovered
COG0762	O	Cytochrome b6 maturation protein CCB3/Ycf19 and related maturases, YggT family	1	0	0.7704	1	recovered	0	0.9556	1	recovered	1	0.9906	1	kept
COG0763	M	Lipid A disaccharide synthetase	1	0	0.9838	1	recovered	0	0.9587	1	recovered	1	0.9951	1	kept
COG0764	I	3-hydroxymyristoyl/3-hydroxydecanoyl-(acyl carrier protein) dehydratase	1	0	0.9125	1	recovered	1	0.9769	1	kept	0	0.8742	1	recovered
COG0765	E	ABC-type amino acid transport system, permease component	1	0	0.9999	1	recovered	1	0.9999	1	kept	0	0.9920	1	recovered
COG0766	M	UDP-N-acetylglucosamine enolpyruvyl transferase	1	1	0.9992	1	kept	0	0.9416	1	recovered	1	0.9942	1	kept
COG0767	M	Permease subunit MlaE of the ABC-type intermembrane phospholipid transporter Mla	1	1	0.9999	1	kept	0	0.9904	1	recovered	0	0.9500	1	recovered
COG0768	DM	Cell division protein FtsI, peptidoglycan transpeptidase (Penicillin-binding protein 2)	1	1	1.0000	1	kept	0	0.9977	1	recovered	1	0.9994	1	kept
COG0769	M	UDP-N-acetylmuramyl tripeptide synthase	1	1	0.9990	1	kept	0	0.9753	1	recovered	0	0.9793	1	recovered
COG0770	M	UDP-N-acetylmuramyl pentapeptide synthase	1	0	0.9814	1	recovered	0	0.8337	1	recovered	0	0.9466	1	recovered
COG0771	M	UDP-N-acetylmuramoylalanine-D-glutamate ligase	1	0	0.9827	1	recovered	0	0.9712	1	recovered	0	0.9805	1	recovered
COG0772	D	Peptodoglycan polymerase FtsW/RodA/SpoVE	1	1	0.9998	1	kept	1	0.9985	1	kept	1	0.9972	1	kept
COG0773	M	UDP-N-acetylmuramate-alanine ligase MurC and related ligases, MurC/Mpl family	1	1	0.9999	1	kept	1	0.9989	1	kept	0	0.9817	1	recovered
COG0774	M	UDP-3-O-acyl-N-acetylglucosamine deacetylase	1	0	0.9977	1	recovered	0	0.9979	1	recovered	0	0.9982	1	recovered
COG0775	FH	Nucleoside phosphorylase/nucleosidase, includes 5'-methylthioadenosine/S-adenosylhomocysteine nucleosidase MtnN and futalosine hydrolase MqnB	1	1	0.9992	1	kept	0	0.8253	1	recovered	1	0.9992	1	kept
COG0776	L	Bacterial nucleoid DNA-binding protein IHF-alpha	1	0	0.9962	1	recovered	1	0.9998	1	kept	0	0.9791	1	recovered
COG0777	I	Acetyl-CoA carboxylase beta subunit	1	1	0.9633	1	kept	0	0.6624	1	recovered	1	0.9718	1	kept
COG0778	C	Nitroreductase	1	1	1.0000	1	kept	0	0.9995	1	recovered	1	0.9997	1	kept
COG0779	J	Ribosome maturation factor RimP	1	0	0.9987	1	recovered	0	0.9939	1	recovered	0	0.9705	1	recovered
COG0780	J	NADPH-dependent 7-cyano-7-deazaguanine reductase QueF, C-terminal domain, T-fold superfamily	1	1	0.9882	1	kept	0	0.5362	1	recovered	0	0.2818	0	gap
COG0781	K	Transcription antitermination protein NusB	1	1	0.9997	1	kept	0	0.9839	1	recovered	0	0.9859	1	recovered
COG0782	K	Transcription elongation factor, GreA/GreB family	1	1	0.9999	1	kept	0	0.9981	1	recovered	0	0.9840	1	recovered
COG0783	PV	DNA-binding ferritin-like protein (oxidative damage protectant)	1	1	0.9987	1	kept	1	0.9937	1	kept	1	0.9981	1	kept
COG0784	T	CheY-like REC (receiver) domain, includes chemotaxis protein CheY  and sporulation regulator Spo0F	1	1	1.0000	1	kept	0	0.9998	1	recovered	0	0.9877	1	recovered
COG0785	CO	Cytochrome c biogenesis protein CcdA	0	0	0.5395	1	FP	0	0.7797	1	FP	0	0.8099	1	FP
COG0786	E	Na+/glutamate symporter	1	0	0.5107	1	recovered	0	0.6719	1	recovered	0	0.7624	1	recovered
COG0787	M	Alanine racemase	1	1	0.9997	1	kept	1	0.9989	1	kept	0	0.9540	1	recovered
COG0788	F	Formyltetrahydrofolate hydrolase	1	1	0.9989	1	kept	0	0.7478	1	recovered	0	0.9007	1	recovered
COG0789	K	DNA-binding transcriptional regulator, MerR family	1	1	1.0000	1	kept	0	0.9910	1	recovered	0	0.9971	1	recovered
COG0790	R	TPR repeat	1	0	0.8185	1	recovered	1	0.9669	1	kept	0	0.4174	0	gap
COG0791	M	Cell wall-associated hydrolase, NlpC_P60 family	1	1	0.9999	1	kept	0	0.8910	1	recovered	0	0.8546	1	recovered
COG0792	L	Predicted endonuclease distantly related to archaeal Holliday junction resolvase, YraN/UPF0102 family	1	1	0.9980	1	kept	1	0.9982	1	kept	0	0.9489	1	recovered
COG0793	O	C-terminal processing protease CtpA/Prc, contains a PDZ domain	1	0	0.9994	1	recovered	0	0.9990	1	recovered	1	0.9988	1	kept
COG0794	GM	D-arabinose 5-phosphate isomerase GutQ	1	1	0.9760	1	kept	1	0.7004	1	kept	0	0.1963	0	gap
COG0795	MN	Lipopolysaccharide export LptBFGC system, permease protein LptF	1	1	0.9999	1	kept	1	0.9998	1	kept	0	0.9888	1	recovered
COG0796	M	Glutamate racemase	1	1	0.9957	1	kept	1	0.9929	1	kept	0	0.9850	1	recovered
COG0797	M	Peptidoglycan lytic transglycosylase RlpA, contains C-terminal SPOR domain	1	1	0.9998	1	kept	1	0.9998	1	kept	0	0.9772	1	recovered
COG0798	P	Arsenite efflux pump ArsB, ACR3 family	0	0	0.9516	1	FP	0	0.9722	1	FP	0	0.8931	1	FP
COG0799	J	Ribosomal silencing factor RsfS, regulates association of 30S and 50S subunits	1	1	0.9998	1	kept	1	0.9991	1	kept	0	0.9757	1	recovered
COG0800	G	2-keto-3-deoxy-6-phosphogluconate aldolase	1	1	0.9999	1	kept	0	0.9600	1	recovered	1	0.9936	1	kept
COG0801	H	7,8-dihydro-6-hydroxymethylpterin pyrophosphokinase (folate biosynthesis)	1	0	0.9871	1	recovered	0	0.9827	1	recovered	0	0.9585	1	recovered
COG0802	J	tRNA A37 threonylcarbamoyladenosine biosynthesis protein TsaE	1	1	0.9967	1	kept	1	0.9945	1	kept	0	0.9214	1	recovered
COG0803	P	ABC-type Zn uptake system ZnuABC, Zn-binding component ZnuA	1	0	0.9927	1	recovered	0	0.9898	1	recovered	1	0.9990	1	kept
COG0804	E	Urease alpha subunit	0	0	0.2200	0	absent	0	0.0970	0	absent	0	0.1063	0	absent
COG0805	U	Twin-arginine protein secretion pathway component TatC	1	1	1.0000	1	kept	1	0.9993	1	kept	0	0.9847	1	recovered
COG0806	J	Ribosomal 30S subunit maturation factor RimM, required for 16S rRNA processing	1	0	0.9994	1	recovered	0	0.9990	1	recovered	0	0.9908	1	recovered
COG0807	H	GTP cyclohydrolase II	1	0	0.9504	1	recovered	0	0.4591	0	gap	0	0.8411	1	recovered
COG0809	J	S-adenosylmethionine:tRNA-ribosyltransferase-isomerase (queuine synthetase)	1	1	0.9983	1	kept	1	0.9940	1	kept	0	0.7521	1	recovered
COG0810	M	Periplasmic protein TonB, links inner and outer membranes	1	1	0.9999	1	kept	1	0.9995	1	kept	0	0.9818	1	recovered
COG0811	U	Biopolymer transport protein ExbB/TolQ	1	0	1.0000	1	recovered	0	1.0000	1	recovered	0	0.9984	1	recovered
COG0812	M	UDP-N-acetylenolpyruvoylglucosamine reductase	1	1	0.9998	1	kept	0	0.9896	1	recovered	0	0.9901	1	recovered
COG0813	F	Purine-nucleoside phosphorylase	1	1	0.9110	1	kept	1	0.4096	0	gap	1	0.7697	1	kept
COG0814	E	Amino acid permease	1	0	0.0172	0	gap	0	0.0075	0	gap	0	0.2326	0	gap
COG0815	M	Apolipoprotein N-acyltransferase	1	0	0.9917	1	recovered	0	0.9847	1	recovered	0	0.9937	1	recovered
COG0816	JLK	YqgF/RuvX protein, pre-16S rRNA maturation RNase/Holliday junction resolvase/anti-termination factor	1	1	0.9355	1	kept	1	0.3731	0	gap	0	0.1531	0	gap
COG0817	L	Holliday junction resolvasome RuvABC endonuclease subunit RuvC	1	1	0.9991	1	kept	0	0.9883	1	recovered	0	0.9821	1	recovered
COG0818	I	Diacylglycerol kinase	1	0	0.4864	0	gap	1	0.8914	1	kept	1	0.9733	1	kept
COG0819	H	Aminopyrimidine aminohydrolase TenA (thiamine salvage pathway)	0	0	0.5095	1	FP	0	0.4758	0	absent	0	0.1990	0	absent
COG0820	J	Adenine C2-methylase RlmN of 23S rRNA A2503 and tRNA A37	1	0	0.9991	1	recovered	1	0.9998	1	kept	0	0.9912	1	recovered
COG0821	I	4-hydroxy-3-methylbut-2-en-1-yl diphosphate synthase IspG/GcpE	1	1	0.9876	1	kept	0	0.9048	1	recovered	0	0.8467	1	recovered
COG0822	O	Fe-S cluster assembly scaffold protein IscU, NifU family	1	0	0.2624	0	gap	0	0.8426	1	recovered	0	0.3732	0	gap
COG0823	U	Periplasmic component TolB of the Tol biopolymer transport system	1	1	0.9999	1	kept	0	0.9875	1	recovered	0	0.9739	1	recovered
COG0824	I	Acyl-CoA thioesterase FadM	1	1	1.0000	1	kept	0	0.9929	1	recovered	0	0.9951	1	recovered
COG0825	I	Acetyl-CoA carboxylase alpha subunit	1	0	0.1218	0	gap	0	0.1160	0	gap	0	0.1308	0	gap
COG0826	J	23S rRNA C2501 and tRNA U34 5'-hydroxylation protein RlhA/YrrN/YrrO, U32 peptidase family	1	0	0.9975	1	recovered	0	0.9987	1	recovered	0	0.9789	1	recovered
COG0827	L	Adenine-specific DNA N6-methylase	1	1	0.8913	1	kept	0	0.2394	0	gap	0	0.1841	0	gap
COG0828	J	Ribosomal protein S21	1	1	0.9972	1	kept	0	0.6448	1	recovered	0	0.7052	1	recovered
COG0829	O	Urease accessory protein UreH	0	0	0.1826	0	absent	0	0.1568	0	absent	0	0.0930	0	absent
COG0830	O	Urease accessory protein UreF	0	0	0.1599	0	absent	0	0.1134	0	absent	0	0.0817	0	absent
COG0831	E	Urease gamma subunit	0	0	0.1878	0	absent	0	0.0946	0	absent	0	0.1182	0	absent
COG0832	E	Urease beta subunit	0	0	0.0194	0	absent	0	0.0127	0	absent	0	0.0222	0	absent
COG0833	E	Amino acid permease	1	1	0.9912	1	kept	0	0.6633	1	recovered	0	0.5430	1	recovered
COG0834	ET	ABC-type amino acid transport/signal transduction system, periplasmic component/domain	1	1	1.0000	1	kept	0	0.9999	1	recovered	0	0.9988	1	recovered
COG0835	T	Chemotaxis signal transduction protein CheW	1	0	0.9880	1	recovered	1	0.9982	1	kept	1	0.9775	1	kept
COG0836	M	Mannose-1-phosphate guanylyltransferase	0	0	0.5539	1	FP	0	0.6465	1	FP	0	0.4225	0	absent
COG0837	G	Glucokinase	1	1	0.9233	1	kept	1	0.8757	1	kept	1	0.9749	1	kept
COG0838	C	NADH:ubiquinone oxidoreductase subunit 3 (chain A)	1	0	0.9710	1	recovered	0	0.9041	1	recovered	0	0.7656	1	recovered
COG0839	C	NADH:ubiquinone oxidoreductase subunit 6 (chain J)	1	1	0.9989	1	kept	1	0.9923	1	kept	0	0.7394	1	recovered
COG0840	T	Methyl-accepting chemotaxis protein (MCP)	1	1	1.0000	1	kept	0	0.9956	1	recovered	0	0.9097	1	recovered
COG0841	V	Multidrug efflux pump subunit AcrB	1	0	1.0000	1	recovered	0	1.0000	1	recovered	0	0.9999	1	recovered
COG0842	V	ABC-type multidrug transport system, permease component	1	1	0.9999	1	kept	0	0.9223	1	recovered	0	0.8952	1	recovered
COG0843	C	Heme/copper-type cytochrome/quinol oxidase, subunit 1	1	0	0.9173	1	recovered	0	0.9412	1	recovered	0	0.1585	0	gap
COG0845	MV	Multidrug efflux pump subunit AcrA (membrane-fusion protein)	1	0	1.0000	1	recovered	1	1.0000	1	kept	0	0.9997	1	recovered
COG0846	O	NAD-dependent protein deacetylase, SIR2 family	1	1	0.9987	1	kept	0	0.9377	1	recovered	0	0.7973	1	recovered
COG0847	L	DNA polymerase III, epsilon subunit or related 3'-5' exonuclease	1	0	0.9852	1	recovered	0	0.9745	1	recovered	0	0.9724	1	recovered
COG0848	U	Biopolymer transport protein ExbD	1	0	1.0000	1	recovered	1	1.0000	1	kept	0	0.9993	1	recovered
COG0849	D	Cell division ATPase FtsA	1	0	0.9995	1	recovered	0	0.9991	1	recovered	0	0.9885	1	recovered
COG0850	D	Septum site-determining protein MinC	1	0	0.0250	0	gap	0	0.0187	0	gap	0	0.0253	0	gap
COG0851	D	Septum formation topological specificity factor MinE	1	0	0.0017	0	gap	0	0.0075	0	gap	0	0.0059	0	gap
COG0852	C	NADH:ubiquinone oxidoreductase 27 kD subunit (chain C)	0	0	0.9982	1	FP	1	0.9988	1	FP	0	0.5257	1	FP
COG0853	H	Aspartate 1-decarboxylase	1	1	0.9211	1	kept	0	0.1094	0	gap	0	0.4441	0	gap
COG0854	H	Pyridoxine 5'-phosphate synthase PdxJ	1	0	0.4869	0	gap	0	0.6642	1	recovered	0	0.0462	0	gap
COG0855	P	Polyphosphate kinase	1	0	0.9949	1	recovered	0	0.9817	1	recovered	1	0.9965	1	kept
COG0856	F	Orotate phosphoribosyltransferase homolog	0	0	0.0000	0	absent	0	0.0000	0	absent	0	0.0000	0	absent
COG0857	R	BioD-like N-terminal domain of phosphotransacetylase	0	0	0.0002	0	absent	0	0.0032	0	absent	0	0.0077	0	absent
COG0858	J	Ribosome-binding factor RbfA	1	1	0.9981	1	kept	0	0.9624	1	recovered	1	0.9918	1	kept
COG0859	M	ADP-heptose:LPS heptosyltransferase	1	0	0.9241	1	recovered	0	0.9185	1	recovered	0	0.8104	1	recovered
COG0860	M	N-acetylmuramoyl-L-alanine amidase	1	0	0.9967	1	recovered	1	0.9971	1	kept	0	0.9868	1	recovered
COG0861	P	Tellurite resistance membrane protein TerC	1	1	0.9997	1	kept	0	0.7858	1	recovered	1	0.9945	1	kept
COG0863	L	DNA modification methylase	0	0	0.7288	1	FP	0	0.3782	0	absent	0	0.1018	0	absent
COG0864	K	Metal-responsive transcriptional regulator, contains CopG/Arc/MetJ DNA-binding domain	1	1	0.9931	1	kept	0	0.8339	1	recovered	0	0.2756	0	gap
COG1001	F	Adenine deaminase	1	0	0.7596	1	recovered	1	0.9723	1	kept	0	0.2775	0	gap
COG1002	V	Type II restriction/modification system, endonuclease and methylase domains	0	0	0.0737	0	absent	0	0.1843	0	absent	0	0.1196	0	absent
COG1003	E	Glycine cleavage system protein P (pyridoxal-binding), C-terminal domain	0	0	0.0812	0	absent	0	0.5579	1	FP	0	0.0316	0	absent
COG1004	M	UDP-glucose 6-dehydrogenase	1	1	0.9987	1	kept	0	0.9494	1	recovered	0	0.8275	1	recovered
COG1005	C	NADH:ubiquinone oxidoreductase subunit 1 (chain H)	1	1	0.9992	1	kept	0	0.9709	1	recovered	0	0.5153	1	recovered
COG1006	P	Multisubunit Na+/H+ antiporter, MnhC subunit	0	0	0.0634	0	absent	0	0.9614	1	FP	0	0.5826	1	FP
COG1007	C	NADH:ubiquinone oxidoreductase subunit 2 (chain N)	1	1	0.9992	1	kept	0	0.9770	1	recovered	0	0.7355	1	recovered
COG1008	C	NADH:ubiquinone oxidoreductase subunit 4 (chain M)	1	0	0.9856	1	recovered	1	0.9982	1	kept	0	0.7843	1	recovered
COG1009	C	Membrane H+-translocase/NADH:ubiquinone oxidoreductase subunit 5 (chain L)/Multisubunit Na+/H+ antiporter, MnhA subunit	1	1	0.9998	1	kept	1	0.9993	1	kept	0	0.8003	1	recovered
COG1010	H	Precorrin-3B methylase	0	0	0.9258	1	FP	0	0.9106	1	FP	0	0.0379	0	absent
COG1011	H	FMN and 5-amino-6-(5-phospho-D-ribitylamino)uracil phosphatase YigB, HAD superfamily (riboflavin biosynthesis)	1	0	0.7457	1	recovered	0	0.5172	1	recovered	0	0.5207	1	recovered
COG1012	I	Acyl-CoA reductase or other NAD-dependent aldehyde dehydrogenase	1	1	1.0000	1	kept	1	1.0000	1	kept	0	0.9942	1	recovered
COG1013	C	Pyruvate:ferredoxin oxidoreductase or related 2-oxoacid:ferredoxin oxidoreductase, beta subunit	0	0	0.3025	0	absent	0	0.3320	0	absent	0	0.0781	0	absent
COG1014	C	Pyruvate:ferredoxin oxidoreductase or related 2-oxoacid:ferredoxin oxidoreductase, gamma subunit	0	0	0.4477	0	absent	0	0.2214	0	absent	0	0.4092	0	absent
COG1015	G	Phosphopentomutase	1	1	0.9934	1	kept	1	0.9732	1	kept	0	0.5265	1	recovered
COG1017	C	Hemoglobin-like flavoprotein	1	1	0.9847	1	kept	0	0.2518	0	gap	0	0.5030	1	recovered
COG1018	C	Flavodoxin/ferredoxin--NADP reductase	1	1	0.9856	1	kept	0	0.6185	1	recovered	0	0.5374	1	recovered
COG1019	H	Phosphopantetheine adenylyltransferase	0	0	0.0000	0	absent	0	0.0000	0	absent	0	0.0000	0	absent
COG1020	Q	EntF, seryl-AMP synthase component  of non-ribosomal peptide synthetase	1	1	0.9992	1	kept	0	0.8505	1	recovered	0	0.1167	0	gap
COG1021	Q	EntE, 2,3-dihydroxybenzoate-AMP synthase component of non-ribosomal peptide synthetase	1	0	0.2897	0	gap	0	0.0760	0	gap	0	0.0122	0	gap
COG1022	I	Long-chain acyl-CoA synthetase (AMP-forming)	0	0	0.9643	1	FP	0	0.9585	1	FP	0	0.9692	1	FP
COG1023	G	6-phosphogluconate dehydrogenase (decarboxylating)	0	0	0.0883	0	absent	0	0.0794	0	absent	0	0.0369	0	absent
COG1024	I	Enoyl-CoA hydratase/carnithine racemase	1	1	1.0000	1	kept	0	0.9936	1	recovered	0	0.9432	1	recovered
COG1025	O	Secreted/periplasmic Zn-dependent peptidases, insulinase-like	1	1	0.2975	0	gap	0	0.0625	0	gap	0	0.0126	0	gap
COG1026	O	Zn-dependent peptidase, M16 (insulinase) family	0	0	0.4058	0	absent	0	0.8960	1	FP	0	0.7204	1	FP
COG1027	E	Aspartate ammonia-lyase	1	1	0.9993	1	kept	1	0.9928	1	kept	0	0.9687	1	recovered
COG1028	I	NAD(P)-dependent dehydrogenase, short-chain alcohol dehydrogenase family	1	1	1.0000	1	kept	1	1.0000	1	kept	0	0.9990	1	recovered
COG1029	C	Formylmethanofuran dehydrogenase subunit B	0	0	0.0002	0	absent	0	0.0002	0	absent	0	0.0002	0	absent
COG1030	O	Membrane-bound serine protease NfeD, ClpP class	0	0	0.2352	0	absent	0	0.3379	0	absent	0	0.4202	0	absent
COG1031	R	Radical SAM superfamily enzyme with C-terminal helix-hairpin-helix motif	0	0	0.0008	0	absent	0	0.0008	0	absent	0	0.0021	0	absent
COG1032	R	Radical SAM superfamily enzyme YgiQ, UPF0313 family	1	1	0.9998	1	kept	1	0.9999	1	kept	1	0.9968	1	kept
COG1033	R	Predicted exporter protein, RND superfamily	0	0	0.6800	1	FP	0	0.9442	1	FP	0	0.1355	0	absent
COG1034	C	NADH dehydrogenase/NADH:ubiquinone oxidoreductase 75 kD subunit (chain G)	1	1	0.9998	1	kept	1	0.9989	1	kept	1	0.9844	1	kept
COG1035	C	Coenzyme F420-reducing hydrogenase, beta subunit	0	0	0.0242	0	absent	0	0.1147	0	absent	0	0.1104	0	absent
COG1036	C	Archaeal flavoprotein	0	0	0.0031	0	absent	0	0.0059	0	absent	0	0.0057	0	absent
COG1038	C	Pyruvate carboxylase	0	0	0.2250	0	absent	0	0.6383	1	FP	0	0.1861	0	absent
COG1039	L	Ribonuclease HIII	0	0	0.0001	0	absent	0	0.0016	0	absent	0	0.0113	0	absent
COG1040	R	DNA utilization protein ComFC/GntX, contains phosphoribosyltransferase domain	1	1	0.9994	1	kept	1	0.9960	1	kept	0	0.9781	1	recovered
COG1041	J	tRNA G10 N-methylase Trm11	0	0	0.0078	0	absent	0	0.0062	0	absent	0	0.0166	0	absent
COG1042	C	Acyl-CoA synthetase (NDP forming)	0	0	0.0375	0	absent	0	0.0769	0	absent	0	0.1914	0	absent
COG1043	M	Acyl-[acyl carrier protein]--UDP-N-acetylglucosamine O-acyltransferase	1	1	0.9986	1	kept	0	0.9711	1	recovered	0	0.9496	1	recovered
COG1044	M	UDP-3-O-[3-hydroxymyristoyl] glucosamine N-acyltransferase	1	0	0.9945	1	recovered	1	0.9983	1	kept	1	0.9920	1	kept
COG1045	E	Serine acetyltransferase	1	1	0.9999	1	kept	1	0.9996	1	kept	1	0.9995	1	kept
COG1047	O	Peptidyl-prolyl cis-trans isomerase, FKBP type	1	1	0.9984	1	kept	0	0.9976	1	recovered	0	0.9786	1	recovered
COG1048	C	Aconitase A	1	1	0.9998	1	kept	1	0.9992	1	kept	1	0.9776	1	kept
COG1049	C	Aconitase B	1	0	0.3637	0	gap	0	0.5221	1	recovered	1	0.9307	1	kept
COG1051	F	ADP-ribose pyrophosphatase YjhB, NUDIX family	1	1	1.0000	1	kept	0	0.9990	1	recovered	0	0.9953	1	recovered
COG1052	CHR	Lactate dehydrogenase or related 2-hydroxyacid dehydrogenase	1	1	0.9992	1	kept	0	0.9909	1	recovered	0	0.7082	1	recovered
COG1053	C	Succinate dehydrogenase/fumarate reductase, flavoprotein subunit	1	0	0.9999	1	recovered	0	0.9982	1	recovered	1	0.9995	1	kept
COG1054	J	tRNA U34 5'-hydroxylase TrhO, rhodanese family	1	1	0.4975	0	gap	0	0.0114	0	gap	1	0.8160	1	kept
COG1055	P	Na+/H+ antiporter NhaD or related arsenite permease	1	0	0.9565	1	recovered	1	0.9748	1	kept	0	0.1169	0	gap
COG1056	H	Nicotinamide mononucleotide adenylyltransferase	1	1	0.3490	0	gap	0	0.0200	0	gap	1	0.1287	0	gap
COG1057	H	Nicotinate-nucleotide adenylyltransferase NadD	1	1	0.9982	1	kept	1	0.9982	1	kept	0	0.9291	1	recovered
COG1058	L	ADP-ribose pyrophosphatase domain of DNA damage- and competence-inducible protein CinA	1	1	0.9794	1	kept	1	0.9847	1	kept	0	0.2239	0	gap
COG1059	LV	Thermostable 8-oxoguanine DNA glycosylase	0	0	0.0018	0	absent	0	0.0006	0	absent	0	0.0037	0	absent
COG1060	H	2-iminoacetate synthase ThiH/Menaquinone biosynthesis enzymes MqnC and MqnE	0	0	0.4069	0	absent	1	0.3425	0	absent	0	0.3304	0	absent
COG1061	KL	Superfamily II DNA or RNA helicase	1	1	0.9996	1	kept	1	0.9995	1	kept	0	0.8932	1	recovered
COG1062	C	Zn-dependent alcohol/formaldehyde dehydrogenase	1	1	0.9659	1	kept	0	0.1795	0	gap	0	0.1286	0	gap
COG1063	ER	Threonine dehydrogenase or related Zn-dependent dehydrogenase	1	1	0.9999	1	kept	0	0.9960	1	recovered	0	0.8943	1	recovered
COG1064	G	D-arabinose 1-dehydrogenase, Zn-dependent alcohol dehydrogenase family	1	0	0.9640	1	recovered	1	0.9778	1	kept	0	0.8114	1	recovered
COG1066	L	DNA repair protein RadA/Sms, contains AAA+ ATPase domain	1	0	0.9980	1	recovered	0	0.9553	1	recovered	0	0.9767	1	recovered
COG1067	O	Predicted ATP-dependent protease	1	1	0.5879	1	kept	0	0.1237	0	gap	0	0.0105	0	gap
COG1069	G	Ribulose kinase	1	1	0.9196	1	kept	0	0.3384	0	gap	0	0.0816	0	gap
COG1070	G	Sugar (pentulose or hexulose) kinase	1	0	0.9877	1	recovered	0	0.9673	1	recovered	1	0.8788	1	kept
COG1071	C	TPP-dependent pyruvate or acetoin dehydrogenase subunit alpha	0	0	0.9883	1	FP	0	0.8295	1	FP	0	0.8171	1	FP
COG1072	H	Panthothenate kinase	1	0	0.1393	0	gap	0	0.0259	0	gap	1	0.9208	1	kept
COG1073	T	Fermentation-respiration switch esterase FrsA, DUF1100 family	1	0	0.9925	1	recovered	0	0.9876	1	recovered	0	0.9654	1	recovered
COG1074	L	3-5 helicase subunit RecB of the DNA repair enzyme RecBCD (exonuclease V)	1	1	1.0000	1	kept	1	0.9998	1	kept	0	0.9894	1	recovered
COG1075	I	Triacylglycerol esterase/lipase EstA, alpha/beta hydrolase fold	1	1	0.9991	1	kept	0	0.9848	1	recovered	0	0.7246	1	recovered
COG1076	O	DnaJ domain-containing protein	1	0	0.1944	0	gap	1	0.9953	1	kept	0	0.3411	0	gap
COG1077	DZ	Cell shape-determining ATPase MreB, actin-like superfamily	1	0	0.9964	1	recovered	0	0.9762	1	recovered	0	0.9784	1	recovered
COG1078	R	HD superfamily phosphohydrolase	0	0	0.0511	0	absent	1	0.9325	1	FP	0	0.2664	0	absent
COG1079	F	ABC-type guanosine uptake system NupNOPQ, permease subunit NupQ	0	0	0.9981	1	FP	0	0.9921	1	FP	0	0.9600	1	FP
COG1080	G	Phosphoenolpyruvate-protein kinase (PTS system EI component in bacteria)	1	0	1.0000	1	recovered	0	0.9995	1	recovered	0	0.9776	1	recovered
COG1082	G	Sugar phosphate isomerase/epimerase	1	0	0.9943	1	recovered	1	0.9996	1	kept	0	0.6997	1	recovered
COG1083	M	CMP-N-acetylneuraminic acid synthetase, NeuA/PseF family	1	0	0.2513	0	gap	1	0.8955	1	kept	1	0.8014	1	kept
COG1084	R	GTP-binding protein, GTP1/Obg family	0	0	0.0000	0	absent	0	0.0000	0	absent	0	0.0000	0	absent
COG1085	G	Galactose-1-phosphate uridylyltransferase	1	0	0.6323	1	recovered	0	0.8706	1	recovered	0	0.7007	1	recovered
COG1086	MO	NDP-sugar epimerase, includes UDP-GlcNAc-inverting 4,6-dehydratase FlaA1 and capsular polysaccharide biosynthesis protein EpsC	0	0	0.8437	1	FP	0	0.7122	1	FP	0	0.7451	1	FP
COG1087	M	UDP-glucose 4-epimerase	1	1	0.9994	1	kept	1	0.9984	1	kept	0	0.9673	1	recovered
COG1088	M	dTDP-D-glucose 4,6-dehydratase	1	0	0.9744	1	recovered	1	0.9956	1	kept	1	0.9523	1	kept
COG1089	M	GDP-D-mannose dehydratase	1	0	0.8852	1	recovered	0	0.6817	1	recovered	0	0.4028	0	gap
COG1090	R	NAD dependent epimerase/dehydratase family enzyme	1	1	0.9997	1	kept	0	0.9897	1	recovered	0	0.9581	1	recovered
COG1091	M	dTDP-4-dehydrorhamnose reductase	1	0	0.9356	1	recovered	0	0.8541	1	recovered	0	0.7999	1	recovered
COG1092	J	23S rRNA G2069 N7-methylase RlmK or C1962 C5-methylase RlmI	1	0	0.9358	1	recovered	0	0.7173	1	recovered	0	0.6535	1	recovered
COG1093	J	Translation initiation factor 2, alpha subunit (eIF-2alpha)	0	0	0.0000	0	absent	0	0.0000	0	absent	0	0.0000	0	absent
COG1094	J	rRNA processing protein Krr1/Pno1, contains KH domain	0	0	0.0000	0	absent	0	0.0000	0	absent	0	0.0000	0	absent
COG1095	K	DNA-directed RNA polymerase, subunit E'/Rpb7	0	0	0.0000	0	absent	0	0.0000	0	absent	0	0.0000	0	absent
COG1096	U	Exosome complex RNA-binding protein Csl4, contains S1 and Zn-ribbon domains	0	0	0.0001	0	absent	0	0.0001	0	absent	0	0.0002	0	absent
COG1097	U	Exosome complex RNA-binding protein Rrp4, contains S1 and KH domains	0	0	0.0000	0	absent	0	0.0000	0	absent	0	0.0000	0	absent
COG1098	R	Predicted RNA-binding protein, contains ribosomal protein S1 (RPS1) domain	0	0	0.0001	0	absent	0	0.0001	0	absent	0	0.0001	0	absent
COG1099	R	Predicted metal-dependent hydrolase, TIM-barrel fold	0	0	0.2465	0	absent	0	0.2835	0	absent	0	0.0198	0	absent
COG1100	R	GTPase SAR1 family domain	0	0	0.8622	1	FP	0	0.7501	1	FP	0	0.5309	1	FP
COG1101	R	ABC-type uncharacterized transport system, ATPase component	0	0	0.2134	0	absent	0	0.3281	0	absent	0	0.7998	1	FP
COG1102	F	Cytidylate kinase	0	0	0.0311	0	absent	0	0.0779	0	absent	0	0.0105	0	absent
COG1103	J	Archaeal Cys-tRNA synthase (O-phospho-L-seryl-tRNA:Cys-tRNA synthase)	0	0	0.0000	0	absent	0	0.0000	0	absent	0	0.0000	0	absent
COG1104	E	Cysteine desulfurase/Cysteine sulfinate desulfinase IscS or related enzyme, NifS family	1	0	0.9938	1	recovered	1	0.9998	1	kept	0	0.9913	1	recovered
COG1105	G	1-phosphofructokinase or 6-phosphofructokinase II	1	1	0.9926	1	kept	0	0.5982	1	recovered	0	0.4202	0	gap
COG1106	R	ATPase/GTPase, AAA15 family	0	0	0.2762	0	absent	0	0.3633	0	absent	0	0.1328	0	absent
COG1107	L	Archaea-specific RecJ-like exonuclease, contains DnaJ-type Zn finger domain	0	0	0.0003	0	absent	0	0.0004	0	absent	0	0.0005	0	absent
COG1108	P	ABC-type Mn2+/Zn2+ transport system, permease component	1	0	0.9948	1	recovered	1	0.9991	1	kept	0	0.9898	1	recovered
COG1109	G	Phosphomannomutase	1	0	0.9996	1	recovered	1	0.9997	1	kept	0	0.9967	1	recovered
COG1110	L	Reverse gyrase	0	0	0.0000	0	absent	0	0.0000	0	absent	0	0.0000	0	absent
COG1111	L	ERCC4-related helicase	0	0	0.0417	0	absent	0	0.0124	0	absent	0	0.0258	0	absent
COG1112	L	Superfamily I DNA and/or RNA helicase	1	0	0.1719	0	gap	1	0.9550	1	kept	0	0.4246	0	gap
COG1113	E	L-asparagine transporter or related permease	1	1	0.9556	1	kept	0	0.0176	0	gap	0	0.0904	0	gap
COG1114	E	Branched-chain amino acid permease	1	0	0.0072	0	gap	0	0.0272	0	gap	1	0.9378	1	kept
COG1115	E	Na+/alanine symporter	1	1	0.9828	1	kept	0	0.8596	1	recovered	0	0.8824	1	recovered
COG1116	P	ABC-type nitrate/sulfonate/bicarbonate transport system, ATPase component	1	1	0.9998	1	kept	0	0.9640	1	recovered	0	0.8707	1	recovered
COG1117	P	ABC-type phosphate transport system, ATPase component	1	1	0.9999	1	kept	0	0.9959	1	recovered	0	0.9865	1	recovered
COG1118	P	ABC-type sulfate/molybdate transport systems, ATPase component	1	1	0.9386	1	kept	1	0.1852	0	gap	0	0.0131	0	gap
COG1119	P	ABC-type molybdenum transport system, ATPase component ModF/photorepair protein PhrA	1	0	0.9955	1	recovered	0	0.9160	1	recovered	0	0.9526	1	recovered
COG1120	PH	ABC-type cobalamin/Fe3+-siderophores transport system, ATPase component	1	1	0.9999	1	kept	1	0.9996	1	kept	0	0.9829	1	recovered
COG1121	P	ABC-type Mn2+/Zn2+ transport system, ATPase component	1	1	0.9999	1	kept	0	0.9933	1	recovered	0	0.9896	1	recovered
COG1122	PR	Energy-coupling factor transporter ATP-binding protein EcfA2	1	1	0.9985	1	kept	0	0.8815	1	recovered	0	0.3339	0	gap
COG1123	O	ABC-type glutathione transport system ATPase component, contains duplicated ATPase domain	1	1	0.9915	1	kept	0	0.9506	1	recovered	1	0.9883	1	kept
COG1124	EP	ABC-type dipeptide/oligopeptide/nickel transport system, ATPase component	1	1	0.3578	0	gap	0	0.1505	0	gap	0	0.0861	0	gap
COG1125	E	ABC-type proline/glycine betaine transport system, ATPase component	1	1	0.9721	1	kept	0	0.8686	1	recovered	1	0.9786	1	kept
COG1126	E	ABC-type polar amino acid transport system, ATPase component	1	1	1.0000	1	kept	1	0.9999	1	kept	0	0.9944	1	recovered
COG1127	M	ATPase subunit MlaF of the ABC-type intermembrane phospholipid transporter Mla	1	1	0.9995	1	kept	0	0.9783	1	recovered	0	0.9646	1	recovered
COG1129	G	ABC-type sugar transport system, ATPase component	1	1	1.0000	1	kept	0	0.9942	1	recovered	0	0.7864	1	recovered
COG1131	V	ABC-type multidrug transport system, ATPase component	1	1	1.0000	1	kept	1	0.9998	1	kept	0	0.9822	1	recovered
COG1132	V	ABC-type multidrug transport system, ATPase and permease component	1	1	1.0000	1	kept	0	0.9996	1	recovered	1	0.9996	1	kept
COG1133	V	Peptide antibiotic transporter SbmA/BacA, ABC-type permease family	1	1	0.1376	0	gap	0	0.0051	0	gap	0	0.0112	0	gap
COG1134	G	ABC-type polysaccharide/polyol phosphate transport system, ATPase component	1	0	0.7021	1	recovered	1	0.8926	1	kept	0	0.6276	1	recovered
COG1135	E	ABC-type methionine transport system, ATPase component	1	1	0.9973	1	kept	0	0.7384	1	recovered	0	0.7233	1	recovered
COG1136	M	ABC-type lipoprotein export system, ATPase component	1	0	1.0000	1	recovered	0	0.9997	1	recovered	1	0.9999	1	kept
COG1137	M	ABC-type lipopolysaccharide export system, ATPase component	1	0	0.9914	1	recovered	1	0.9997	1	kept	0	0.9825	1	recovered
COG1138	CO	Cytochrome c biogenesis protein CcmF	1	1	0.9957	1	kept	0	0.8517	1	recovered	0	0.0272	0	gap
COG1139	C	L-lactate utilization protein LutB, contains a ferredoxin-type domain	1	1	0.9677	1	kept	0	0.8390	1	recovered	0	0.7931	1	recovered
COG1140	CP	Nitrate reductase beta subunit	1	1	0.6758	1	kept	0	0.2148	0	gap	0	0.4395	0	gap
COG1141	C	Ferredoxin	0	0	0.8126	1	FP	0	0.6338	1	FP	0	0.4013	0	absent
COG1142	C	Fe-S-cluster-containing hydrogenase component 2	1	0	0.4326	0	gap	1	0.8948	1	kept	0	0.0928	0	gap
COG1143	C	Formate hydrogenlyase subunit 6/NADH:ubiquinone oxidoreductase 23 kD subunit (chain I)	1	1	0.9999	1	kept	0	0.9916	1	recovered	0	0.8064	1	recovered
COG1144	C	Pyruvate:ferredoxin oxidoreductase or related 2-oxoacid:ferredoxin oxidoreductase, delta subunit	0	0	0.0002	0	absent	0	0.0013	0	absent	0	0.0009	0	absent
COG1145	C	Ferredoxin	1	0	0.6495	1	recovered	1	0.9911	1	kept	0	0.7666	1	recovered
COG1146	F	NAD-dependent dihydropyrimidine dehydrogenase, PreA subunit	0	0	0.8973	1	FP	0	0.8584	1	FP	0	0.7535	1	FP
COG1148	C	Heterodisulfide reductase, subunit A (polyferredoxin)	0	0	0.0190	0	absent	0	0.1199	0	absent	0	0.0522	0	absent
COG1149	R	MinD superfamily P-loop ATPase, contains an inserted ferredoxin domain	0	0	0.0409	0	absent	0	0.5035	1	FP	0	0.3138	0	absent
COG1150	C	Heterodisulfide reductase, subunit C	0	0	0.0151	0	absent	0	0.0267	0	absent	0	0.0782	0	absent
COG1151	C	Hydroxylamine reductase (hybrid-cluster protein)	0	0	0.0002	0	absent	0	0.0002	0	absent	0	0.0002	0	absent
COG1152	C	CO dehydrogenase/acetyl-CoA synthase alpha subunit	0	0	0.0053	0	absent	0	0.0264	0	absent	0	0.0054	0	absent
COG1153	C	Formylmethanofuran dehydrogenase subunit D	0	0	0.0003	0	absent	0	0.0004	0	absent	0	0.0003	0	absent
COG1154	HI	Deoxyxylulose-5-phosphate synthase	1	1	0.9985	1	kept	0	0.8864	1	recovered	1	0.9882	1	kept
COG1155	C	Archaeal/vacuolar-type H+-ATPase catalytic subunit A/Vma1	0	0	0.0058	0	absent	0	0.0169	0	absent	0	0.0926	0	absent
COG1156	C	Archaeal/vacuolar-type H+-ATPase subunit B/Vma2	0	0	0.0093	0	absent	0	0.0308	0	absent	0	0.1010	0	absent
COG1157	NU	Flagellar biosynthesis/type III secretory pathway ATPase FliI	1	1	1.0000	1	kept	0	0.9925	1	recovered	0	0.9159	1	recovered
COG1158	K	Transcription termination factor Rho	1	0	0.9958	1	recovered	1	0.9994	1	kept	0	0.9907	1	recovered
COG1159	J	GTPase Era, involved in 16S rRNA processing	1	0	0.9975	1	recovered	1	0.9999	1	kept	0	0.9961	1	recovered
COG1160	J	Double Era-like domain GTPase Der	1	1	0.9996	1	kept	0	0.9772	1	recovered	0	0.9590	1	recovered
COG1161	J	Ribosome biogenesis GTPase RbgA	0	0	0.0151	0	absent	0	0.2739	0	absent	0	0.0234	0	absent
COG1162	J	Ribosome biogenesis GTPase RsgA	1	0	0.8623	1	recovered	1	0.9901	1	kept	0	0.9445	1	recovered
COG1163	J	Ribosome-interacting GTPase RBG1	0	0	0.0000	0	absent	0	0.0001	0	absent	0	0.0001	0	absent
COG1164	E	Oligoendopeptidase F	0	0	0.8906	1	FP	0	0.8647	1	FP	0	0.2454	0	absent
COG1165	H	2-succinyl-5-enolpyruvyl-6-hydroxy-3-cyclohexene-1-carboxylate synthase	1	1	0.9940	1	kept	1	0.9987	1	kept	0	0.4926	0	gap
COG1166	E	Arginine decarboxylase (spermidine biosynthesis)	1	1	0.9700	1	kept	0	0.8806	1	recovered	0	0.8642	1	recovered
COG1167	KE	DNA-binding transcriptional regulator, MocR family, contains an aminotransferase domain	1	0	0.9980	1	recovered	0	0.9739	1	recovered	0	0.9011	1	recovered
COG1168	ER	Bifunctional PLP-dependent enzyme with beta-cystathionase and maltose regulon repressor activities	1	1	0.9954	1	kept	0	0.8940	1	recovered	0	0.6311	1	recovered
COG1169	HQ	Isochorismate synthase EntC	1	0	0.9146	1	recovered	0	0.9735	1	recovered	0	0.4966	0	gap
COG1171	E	Threonine deaminase	1	1	1.0000	1	kept	1	0.9989	1	kept	0	0.9765	1	recovered
COG1172	G	Ribose/xylose/arabinose/galactoside ABC-type transport system, permease component	1	1	0.9974	1	kept	0	0.8910	1	recovered	0	0.5522	1	recovered
COG1173	EP	ABC-type dipeptide/oligopeptide/nickel transport system, permease component	1	0	0.9998	1	recovered	1	0.9999	1	kept	0	0.9846	1	recovered
COG1174	E	ABC-type proline/glycine betaine transport system, permease component	1	0	0.8580	1	recovered	1	0.9909	1	kept	0	0.9066	1	recovered
COG1175	G	ABC-type sugar transport system, permease component	1	0	0.9906	1	recovered	1	0.9990	1	kept	1	0.9063	1	kept
COG1176	E	ABC-type spermidine/putrescine transport system, permease component I	1	1	0.9980	1	kept	1	0.9966	1	kept	0	0.7998	1	recovered
COG1177	E	ABC-type spermidine/putrescine transport system, permease component II	1	1	0.9993	1	kept	1	0.9992	1	kept	0	0.8171	1	recovered
COG1178	P	ABC-type Fe3+ transport system, permease component	1	1	0.9977	1	kept	1	0.9992	1	kept	0	0.9503	1	recovered
COG1179	J	tRNA A37 threonylcarbamoyladenosine dehydratase	1	1	0.9951	1	kept	1	0.9933	1	kept	0	0.9533	1	recovered
COG1180	O	Pyruvate-formate lyase-activating enzyme	1	0	0.9520	1	recovered	0	0.9476	1	recovered	0	0.9856	1	recovered
COG1181	MR	D-alanine-D-alanine ligase or related ATP-grasp enzyme	1	1	0.9999	1	kept	1	0.9985	1	kept	0	0.9820	1	recovered
COG1182	C	FMN-dependent NADH-azoreductase	1	1	0.9649	1	kept	1	0.9112	1	kept	0	0.0395	0	gap
COG1183	I	Phosphatidylserine synthase	0	0	0.9927	1	FP	0	0.9756	1	FP	0	0.8903	1	FP
COG1184	J	Translation initiation factor 2B subunit, eIF-2B alpha/beta/delta family	0	0	0.0004	0	absent	0	0.0023	0	absent	0	0.0012	0	absent
COG1185	J	Polyribonucleotide nucleotidyltransferase (polynucleotide phosphorylase)	1	0	0.9964	1	recovered	0	0.9940	1	recovered	0	0.9930	1	recovered
COG1186	J	Protein chain release factor PrfB	1	1	0.9999	1	kept	0	0.9977	1	recovered	0	0.9954	1	recovered
COG1187	J	Pseudouridylate synthase RsuA, specific for 16S rRNA U516  and 23S rRNA U2605	1	1	0.9994	1	kept	0	0.9792	1	recovered	0	0.9701	1	recovered
COG1188	J	Ribosomal 50S subunit-recycling heat shock protein, contains S4 domain	1	1	0.9422	1	kept	0	0.0099	0	gap	0	0.4457	0	gap
COG1189	J	Predicted rRNA methylase YqxC, contains S4 and FtsJ domains	0	0	0.9873	1	FP	0	0.9668	1	FP	0	0.9331	1	FP
COG1190	J	Lysyl-tRNA synthetase (class II)	1	0	0.9895	1	recovered	1	0.9951	1	kept	0	0.9626	1	recovered
COG1191	K	DNA-directed RNA polymerase specialized sigma subunit	1	1	0.9996	1	kept	1	0.9936	1	kept	0	0.3809	0	gap
COG1192	DN	ParA-like ATPase involved in chromosome/plasmid partitioning or cellulose biosynthesis protein BcsQ	1	1	0.9999	1	kept	1	0.9998	1	kept	0	0.9887	1	recovered
COG1193	L	dsDNA-specific endonuclease/ATPase MutS2	0	0	0.9833	1	FP	0	0.9341	1	FP	0	0.9154	1	FP
COG1194	L	Adenine-specific DNA glycosylase, acts on AG and A-oxoG pairs	1	1	0.9981	1	kept	0	0.5700	1	recovered	0	0.8431	1	recovered
COG1195	L	Recombinational DNA repair ATPase RecF	1	1	0.9985	1	kept	0	0.8603	1	recovered	0	0.5432	1	recovered
COG1196	D	Chromosome segregation ATPase Smc	1	1	0.9999	1	kept	0	0.9986	1	recovered	0	0.9777	1	recovered
COG1197	LK	Transcription-repair coupling factor (superfamily II helicase)	1	0	0.9966	1	recovered	0	0.9942	1	recovered	0	0.9881	1	recovered
COG1198	L	Primosomal protein N' (replication factor Y) - superfamily II helicase	1	1	0.9995	1	kept	1	0.9989	1	kept	0	0.9857	1	recovered
COG1199	L	Rad3-related DNA helicase DinG	1	1	0.9984	1	kept	1	0.9950	1	kept	0	0.8963	1	recovered
COG1200	L	RecG-like helicase	1	0	0.5138	1	recovered	1	0.5538	1	kept	0	0.4938	0	gap
COG1201	L	Lhr-like helicase	0	0	0.5058	1	FP	0	0.3348	0	absent	0	0.1953	0	absent
COG1202	L	Superfamily II helicase, archaea-specific	0	0	0.0000	0	absent	0	0.0000	0	absent	0	0.0000	0	absent
COG1203	V	CRISPR-Cas type I system-associated endonuclease/helicase Cas3	1	0	0.4687	0	gap	1	0.9549	1	kept	0	0.1100	0	gap
COG1204	L	Replicative superfamily II helicase	0	0	0.1804	0	absent	0	0.0864	0	absent	0	0.0649	0	absent
COG1205	L	ATP-dependent helicase YprA,  contains C-terminal metal-binding DUF1998 domain	0	0	0.0121	0	absent	0	0.0377	0	absent	0	0.0707	0	absent
COG1206	J	Folate-dependent tRNA-U54 methylase TrmFO/GidA	0	0	0.8800	1	FP	0	0.9307	1	FP	0	0.3827	0	absent
COG1207	M	Bifunctional protein GlmU, N-acetylglucosamine-1-phosphate-uridyltransferase/glucosamine-1-phosphate-acetyltransferase	1	0	0.9989	1	recovered	1	0.9997	1	kept	1	0.9970	1	kept
COG1208	JM	NDP-sugar pyrophosphorylase, includes eIF-2Bgamma, eIF-2Bepsilon, and LPS biosynthesis protein s	1	1	0.9987	1	kept	0	0.9301	1	recovered	0	0.7764	1	recovered
COG1209	M	dTDP-glucose pyrophosphorylase	1	1	0.9970	1	kept	0	0.9250	1	recovered	0	0.8488	1	recovered
COG1210	M	UTP-glucose-1-phosphate uridylyltransferase	1	0	0.9714	1	recovered	0	0.9362	1	recovered	1	0.9909	1	kept
COG1211	I	2-C-methyl-D-erythritol 4-phosphate cytidylyltransferase	1	0	0.1442	0	gap	1	0.8491	1	kept	0	0.1036	0	gap
COG1212	M	CMP-2-keto-3-deoxyoctulosonic acid synthetase	1	1	0.9999	1	kept	0	0.9970	1	recovered	0	0.9927	1	recovered
COG1213	I	Choline kinase	0	0	0.0943	0	absent	0	0.1429	0	absent	0	0.0465	0	absent
COG1214	J	tRNA A37 threonylcarbamoyladenosine modification protein TsaB	1	1	0.9998	1	kept	0	0.9911	1	recovered	0	0.9688	1	recovered
COG1215	N	Glycosyltransferase, catalytic subunit of cellulose synthase and poly-beta-1,6-N-acetylglucosamine synthase	1	1	0.9999	1	kept	0	0.9978	1	recovered	0	0.9868	1	recovered
COG1216	G	Glycosyltransferase, GT2 family	1	1	1.0000	1	kept	1	0.9996	1	kept	0	0.9596	1	recovered
COG1217	T	Predicted membrane GTPase TypA/BipA involved in stress response	1	1	1.0000	1	kept	0	0.9989	1	recovered	0	0.9930	1	recovered
COG1218	P	3'-Phosphoadenosine 5'-phosphosulfate (PAPS) 3'-phosphatase	1	1	0.6942	1	kept	0	0.3737	0	gap	0	0.0547	0	gap
COG1219	O	ATP-dependent protease Clp, ATPase subunit ClpX	1	0	0.9837	1	recovered	1	0.9985	1	kept	0	0.9781	1	recovered
COG1220	O	ATP-dependent protease HslVU (ClpYQ), ATPase subunit HslU	1	1	0.9939	1	kept	1	0.9912	1	kept	0	0.0492	0	gap
COG1221	KT	Transcriptional regulators containing an AAA-type ATPase domain and a DNA-binding domain	1	0	0.0180	0	gap	0	0.0016	0	gap	1	0.0030	0	gap
COG1222	O	ATP-dependent 26S proteasome regulatory subunit	0	0	0.0780	0	absent	0	0.0437	0	absent	0	0.0343	0	absent
COG1223	R	Predicted ATPase, AAA+ superfamily	0	0	0.0008	0	absent	0	0.0005	0	absent	0	0.0007	0	absent
COG1224	K	DNA helicase TIP49, TBP-interacting protein	0	0	0.0000	0	absent	0	0.0000	0	absent	0	0.0000	0	absent
COG1225	O	Peroxiredoxin	1	1	1.0000	1	kept	1	0.9999	1	kept	0	0.9575	1	recovered
COG1226	P	Voltage-gated potassium channel Kch	1	0	0.9466	1	recovered	1	0.9975	1	kept	1	0.9478	1	kept
COG1227	C	Inorganic pyrophosphatase/exopolyphosphatase	0	0	0.8987	1	FP	0	0.8696	1	FP	0	0.8657	1	FP
COG1228	Q	Imidazolonepropionase or related amidohydrolase	0	0	0.9337	1	FP	0	0.8803	1	FP	0	0.2993	0	absent
COG1229	C	Formylmethanofuran dehydrogenase subunit A	0	0	0.0004	0	absent	0	0.0004	0	absent	0	0.0004	0	absent
COG1230	P	Co/Zn/Cd efflux system component	1	0	0.9375	1	recovered	0	0.7745	1	recovered	0	0.5699	1	recovered
COG1231	E	Monoamine oxidase	0	0	0.7740	1	FP	0	0.3797	0	absent	0	0.0945	0	absent
COG1232	H	Protoporphyrinogen oxidase HemY/PPOX	0	0	0.9220	1	FP	0	0.9663	1	FP	0	0.8155	1	FP
COG1233	Q	Phytoene dehydrogenase-related protein	0	0	0.8145	1	FP	0	0.7791	1	FP	0	0.6546	1	FP
COG1234	J	Ribonuclease BN, tRNA processing enzyme	1	1	0.9886	1	kept	0	0.4240	0	gap	0	0.7159	1	recovered
COG1235	P	Phosphoribosyl 1,2-cyclic phosphate phosphodiesterase	1	1	0.9975	1	kept	0	0.9187	1	recovered	0	0.7683	1	recovered
COG1236	J	RNA processing exonuclease, beta-lactamase fold, Cft2 family	0	0	0.7836	1	FP	0	0.2295	0	absent	1	0.9889	1	FP
COG1237	R	Metal-dependent hydrolase, beta-lactamase superfamily II	0	0	0.0838	0	absent	0	0.2323	0	absent	0	0.1612	0	absent
COG1238	S	Uncharacterized membrane protein YqaA, VTT domain	1	0	0.2678	0	gap	1	0.9934	1	kept	0	0.8822	1	recovered
COG1239	H	Mg-chelatase subunit ChlI	0	0	0.1406	0	absent	0	0.1193	0	absent	0	0.0172	0	absent
COG1240	H	vWFA (von Willebrand factor type A) domain of Mg and Co chelatases	0	0	0.0611	0	absent	0	0.0617	0	absent	0	0.0167	0	absent
COG1241	L	DNA replicative helicase MCM subunit Mcm2, Cdc46/Mcm family	0	0	0.0046	0	absent	0	0.0062	0	absent	0	0.0044	0	absent
COG1242	R	Radical SAM superfamily enzyme	1	0	0.1068	0	gap	1	0.9921	1	kept	0	0.6913	1	recovered
COG1243	J	tRNA U34 5-carboxymethylaminomethylation enzyme Elp3 (RNA elongator complex protein 3), contains radical SAM and acetyltransferase domains	0	0	0.0036	0	absent	0	0.4599	0	absent	0	0.0277	0	absent
COG1244	J	Archaeosine formation enzyme, radical SAM superfamily	0	0	0.0015	0	absent	0	0.0101	0	absent	0	0.0123	0	absent
COG1245	J	Translation initiation factor RLI1, contains Fe-S and AAA+ ATPase domains	0	0	0.0007	0	absent	0	0.0117	0	absent	0	0.0221	0	absent
COG1246	E	N-acetylglutamate synthase or related acetyltransferase, GNAT family	0	0	0.9601	1	FP	0	0.9305	1	FP	0	0.8667	1	FP
COG1247	E	L-amino acid N-acyltransferase MnaT	1	0	0.9918	1	recovered	0	0.7029	1	recovered	0	0.8363	1	recovered
COG1249	C	Dihydrolipoamide dehydrogenase (E3) component of pyruvate/2-oxoglutarate dehydrogenase complex or glutathione oxidoreductase	1	1	1.0000	1	kept	0	0.9998	1	recovered	0	0.9941	1	recovered
COG1250	I	3-hydroxyacyl-CoA dehydrogenase	0	0	0.7871	1	FP	0	0.5693	1	FP	0	0.4963	0	absent
COG1251	C	NAD(P)H-nitrite reductase, large subunit	1	0	0.9409	1	recovered	1	0.9988	1	kept	0	0.5631	1	recovered
COG1252	C	NADH dehydrogenase, FAD-containing subunit	1	1	1.0000	1	kept	1	0.9995	1	kept	0	0.9665	1	recovered
COG1253	R	Hemolysin-related protein, contains CBS domains, UPF0053 family	1	0	0.9998	1	recovered	0	0.9996	1	recovered	0	0.9985	1	recovered
COG1254	C	Acylphosphatase	1	0	0.8977	1	recovered	0	0.4918	0	gap	0	0.2164	0	gap
COG1255	R	Predicted small methyltransferase MTH1000, UPF0146 family	0	0	0.0000	0	absent	0	0.0000	0	absent	0	0.0000	0	absent
COG1256	N	Flagellar hook-associated protein FlgK	1	0	0.9991	1	recovered	1	0.9980	1	kept	0	0.8496	1	recovered
COG1257	I	Hydroxymethylglutaryl-CoA reductase	0	0	0.7265	1	FP	0	0.5555	1	FP	0	0.4002	0	absent
COG1258	J	tRNA U54 and U55 pseudouridine synthase Pus10	0	0	0.0000	0	absent	0	0.0002	0	absent	0	0.0002	0	absent
COG1259	R	Bifunctional DNase/RNase	0	0	0.0057	0	absent	0	0.0106	0	absent	0	0.0133	0	absent
COG1260	I	Myo-inositol-1-phosphate synthase	0	0	0.0124	0	absent	0	0.0537	0	absent	0	0.0137	0	absent
COG1261	N	Flagellar basal body P-ring formation protein FlgA	1	1	0.9946	1	kept	0	0.9423	1	recovered	0	0.4135	0	gap
COG1262	O	Formylglycine-generating enzyme, required for sulfatase activity, contains SUMF1/FGE domain	0	0	0.9975	1	FP	0	0.9936	1	FP	0	0.7313	1	FP
COG1263	G	Phosphotransferase system IIC components, glucose/maltose/N-acetylglucosamine-specific	1	1	0.9997	1	kept	1	0.9730	1	kept	0	0.5439	1	recovered
COG1264	G	Phosphotransferase system IIB components	0	0	0.0021	0	absent	0	0.0011	0	absent	0	0.0101	0	absent
COG1266	O	Membrane protease YdiL, CAAX protease family	0	0	0.9160	1	FP	1	0.9858	1	FP	0	0.3767	0	absent
COG1267	I	Phosphatidylglycerophosphatase A	1	0	0.5208	1	recovered	1	0.9929	1	kept	0	0.8846	1	recovered
COG1268	H	Biotin transporter BioY	0	0	0.2454	0	absent	0	0.0798	0	absent	0	0.3576	0	absent
COG1269	C	Archaeal/vacuolar-type H+-ATPase subunit I/STV1	0	0	0.1186	0	absent	0	0.1809	0	absent	0	0.0715	0	absent
COG1270	H	Cobalamin biosynthesis protein CobD/CbiB	0	0	0.9934	1	FP	0	0.9651	1	FP	0	0.1358	0	absent
COG1271	C	Cytochrome bd-type quinol oxidase, subunit 1	1	1	1.0000	1	kept	0	0.9960	1	recovered	0	0.9518	1	recovered
COG1272	U	Predicted membrane channel-forming protein YqfA, hemolysin III family	1	1	0.9981	1	kept	0	0.9788	1	recovered	0	0.9376	1	recovered
COG1273	L	Non-homologous end joining protein Ku, dsDNA break repair	0	0	0.0875	0	absent	0	0.0452	0	absent	0	0.0746	0	absent
COG1274	C	Phosphoenolpyruvate carboxykinase, GTP-dependent	0	0	0.2509	0	absent	0	0.0930	0	absent	0	0.5708	1	FP
COG1275	V	Tellurite resistance protein TehA and related permeases	1	0	0.9120	1	recovered	0	0.3646	0	gap	0	0.5276	1	recovered
COG1276	P	Putative copper export protein	1	1	0.4772	0	gap	1	0.2594	0	gap	0	0.0205	0	gap
COG1277	O	ABC-type transport system involved in multi-copper enzyme maturation, permease component	0	0	0.9613	1	FP	0	0.8966	1	FP	0	0.5362	1	FP
COG1278	K	Cold shock protein, CspA family	1	1	0.9999	1	kept	0	0.9961	1	recovered	0	0.9261	1	recovered
COG1279	E	Arginine exporter protein ArgO	1	0	0.9392	1	recovered	1	0.9810	1	kept	1	0.9828	1	kept
COG1280	E	Threonine/homoserine/homoserine lactone efflux protein	1	1	0.9998	1	kept	0	0.9105	1	recovered	0	0.9317	1	recovered
COG1281	O	Redox-regulated molecular chaperone, HSP33 family	1	1	0.9845	1	kept	1	0.9985	1	kept	0	0.4901	0	gap
COG1282	C	NAD/NADP transhydrogenase beta subunit	1	0	0.7922	1	recovered	0	0.9415	1	recovered	0	0.1555	0	gap
COG1283	P	Na+/phosphate symporter	1	1	0.9566	1	kept	1	0.9870	1	kept	0	0.7254	1	recovered
COG1284	S	Uncharacterized membrane-anchored protein YitT, contains DUF161 and DUF2179 domains	0	0	0.8961	1	FP	0	0.9457	1	FP	0	0.7533	1	FP
COG1285	P	Magnesium uptake protein YhiD/SapB, involved in acid resistance	1	0	0.3645	0	gap	1	0.8943	1	kept	0	0.3323	0	gap
COG1286	FM	Colicin V production accessory protein CvpA, regulator of purF expression and biofilm formation	1	1	0.9972	1	kept	0	0.9108	1	recovered	0	0.7975	1	recovered
COG1287	O	Asparagine N-glycosylation enzyme, membrane subunit Stt3	0	0	0.0575	0	absent	0	0.0734	0	absent	0	0.1007	0	absent
COG1288	R	Predicted membrane transporter YfcC, affects glyoxylate shunt	1	0	0.3124	0	gap	1	0.9410	1	kept	0	0.3992	0	gap
COG1289	S	Uncharacterized membrane protein YccC	1	0	0.9789	1	recovered	1	0.9983	1	kept	1	0.9940	1	kept
COG1290	C	Cytochrome b subunit of the bc complex	0	0	0.2736	0	absent	0	0.0764	0	absent	0	0.3462	0	absent
COG1291	N	Flagellar motor component MotA	1	1	1.0000	1	kept	0	0.9971	1	recovered	0	0.9298	1	recovered
COG1292	M	Choline-glycine betaine transporter	1	1	0.9540	1	kept	0	0.9639	1	recovered	0	0.9136	1	recovered
COG1293	JO	Ribosome quality control (RQC) protein RqcH, Rqc2/NEMF/Tae2 family, contains fibronectin-(FbpA) and RNA- (NFACT) binding domains	0	0	0.7718	1	FP	0	0.9469	1	FP	0	0.4988	0	absent
COG1294	C	Cytochrome bd-type quinol oxidase, subunit 2	1	1	1.0000	1	kept	0	0.9921	1	recovered	1	0.9966	1	kept
COG1295	S	Uncharacterized membrane protein, BrkB/YihY/UPF0761 family (not an RNase)	1	1	0.9997	1	kept	1	0.9994	1	kept	0	0.9904	1	recovered
COG1296	E	Predicted branched-chain amino acid permease (azaleucine resistance)	1	0	0.9749	1	recovered	0	0.9660	1	recovered	0	0.9843	1	recovered
COG1297	R	Predicted oligopeptide transporter, OPT family	0	0	0.3127	0	absent	0	0.0878	0	absent	0	0.0526	0	absent
COG1298	N	Flagellar biosynthesis protein FlhA	1	1	0.9999	1	kept	0	0.9836	1	recovered	0	0.5805	1	recovered
COG1299	G	Phosphotransferase system, fructose-specific IIC component	1	0	0.8203	1	recovered	0	0.3097	0	gap	0	0.2615	0	gap
COG1300	D	Stage II sporulation protein SpoIIM, component of the engulfment complex	0	1	0.5632	1	FP	0	0.2723	0	absent	0	0.2091	0	absent
COG1301	C	Na+/H+-dicarboxylate symporter	1	1	0.9999	1	kept	0	0.9791	1	recovered	0	0.9307	1	recovered
COG1302	S	Uncharacterized conserved protein YloU, alkaline shock protein (Asp23) family	0	0	0.0044	0	absent	0	0.0052	0	absent	1	0.3375	0	absent
COG1303	J	tRNA C56-2-O'-methylase, SpoU family	0	0	0.0000	0	absent	0	0.0000	0	absent	0	0.0000	0	absent
COG1304	CIR	FMN-dependent dehydrogenase, includes L-lactate dehydrogenase and type II isopentenyl diphosphate isomerase	1	1	0.9968	1	kept	0	0.8722	1	recovered	1	0.9721	1	kept
COG1305	O	Transglutaminase-like enzyme, putative cysteine protease	0	0	0.9794	1	FP	0	0.9692	1	FP	0	0.7462	1	FP
COG1306	R	Predicted glycosyl hydrolase, alpha amylase family	0	0	0.0016	0	absent	0	0.0099	0	absent	0	0.0233	0	absent
COG1307	I	Fatty acid-binding protein DegV (function unknown)	0	0	0.0620	0	absent	0	0.0095	0	absent	0	0.0261	0	absent
COG1308	K	Transcription factor homologous to NACalpha-BTF3	0	0	0.0026	0	absent	0	0.0027	0	absent	0	0.0037	0	absent
COG1309	K	DNA-binding protein, AcrR family, includes nucleoid occlusion protein SlmA	1	0	1.0000	1	recovered	1	1.0000	1	kept	0	0.9990	1	recovered
COG1310	O	Proteasome lid subunit RPN8/RPN11, contains Jab1/MPN domain metalloenzyme (JAMM) motif	0	0	0.1715	0	absent	0	0.0975	0	absent	0	0.0073	0	absent
COG1311	L	Archaeal DNA polymerase II, small subunit/DNA polymerase delta, subunit B	0	0	0.0000	0	absent	0	0.0000	0	absent	0	0.0000	0	absent
COG1312	G	D-mannonate dehydratase	1	1	0.9455	1	kept	0	0.1068	0	gap	0	0.1227	0	gap
COG1313	R	Radical SAM superfamily enzyme PflX	0	0	0.0010	0	absent	0	0.0034	0	absent	0	0.0049	0	absent
COG1314	U	Protein translocase subunit SecG	1	0	0.9794	1	recovered	1	0.9942	1	kept	0	0.9813	1	recovered
COG1315	N	Flagellar assembly protein FapA, interacts with EIIAGlc	0	0	0.4484	0	absent	0	0.3406	0	absent	0	0.1153	0	absent
COG1316	M	Anionic cell wall polymer biosynthesis enzyme TagV/TagU,  LytR-Cps2A-Psr (LCP) family (peptidoglycan teichoic acid transferase)	0	0	0.0016	0	absent	0	0.0003	0	absent	0	0.0113	0	absent
COG1317	NU	Flagellar biosynthesis/type III secretory pathway protein FliH	1	0	0.9962	1	recovered	0	0.9061	1	recovered	0	0.9195	1	recovered
COG1318	K	Predicted transcriptional regulator	0	0	0.0011	0	absent	0	0.0004	0	absent	0	0.0004	0	absent
COG1319	C	Aldehyde, CO, or xanthine dehydrogenase, FAD-binding subunit	1	1	0.7600	1	kept	1	0.9677	1	kept	1	0.9177	1	kept
COG1320	P	Multisubunit Na+/H+ antiporter, MnhG subunit	0	0	0.0081	0	absent	0	0.9466	1	FP	0	0.4765	0	absent
COG1321	K	Mn-dependent transcriptional regulator MntR, DtxR family	1	1	0.9811	1	kept	0	0.7702	1	recovered	0	0.8895	1	recovered
COG1322	L	DNA anti-recombination protein (rearrangement mutator) RmuC	1	0	0.4410	0	gap	0	0.4056	0	gap	0	0.9048	1	recovered
COG1323	J	tRNA-Met C34-N4-acetylcytidine synthase TmcAL	0	0	0.0000	0	absent	0	0.0004	0	absent	0	0.0007	0	absent
COG1324	P	Divalent cation tolerance protein CutA	1	0	0.0096	0	gap	1	0.6778	1	kept	1	0.6372	1	kept
COG1325	U	Exosome subunit, RNA binding protein with dsRBD fold	0	0	0.0000	0	absent	0	0.0000	0	absent	0	0.0000	0	absent
COG1326	R	Uncharacterized archaeal Zn-finger protein	0	0	0.0000	0	absent	0	0.0000	0	absent	0	0.0000	0	absent
COG1327	K	Transcriptional regulator NrdR, contains Zn-ribbon and ATP-cone domains	1	0	0.3430	0	gap	1	0.9925	1	kept	1	0.9863	1	kept
COG1328	F	Anaerobic ribonucleoside-triphosphate reductase	1	0	0.4999	0	gap	0	0.8092	1	recovered	0	0.8484	1	recovered
COG1329	K	RNA polymerase-interacting regulator, CarD/CdnL/TRCF family	0	0	0.6164	1	FP	0	0.8010	1	FP	0	0.7934	1	FP
COG1330	L	Scaffold subunit RecC of the DNA repair enzyme RecBCD (exonuclease V)	1	0	0.3605	0	gap	1	0.9931	1	kept	0	0.4692	0	gap
COG1331	R	Uncharacterized conserved protein YyaL, SSP411 family, contains thoiredoxin and six-hairpin glycosidase-like domains	0	0	0.5063	1	FP	0	0.3782	0	absent	0	0.0870	0	absent
COG1332	V	CRISPR-Cas system type III CSM-effector complex subunit Csm5, RAMP superfamily Cas7 group	0	0	0.0015	0	absent	0	0.0034	0	absent	0	0.0062	0	absent
COG1333	CO	Cytochrome c biogenesis protein ResB	0	0	0.0299	0	absent	0	0.0587	0	absent	0	0.7298	1	FP
COG1334	R	Uncharacterized conserved protein, FlaG/YvyC family	0	0	0.0614	0	absent	0	0.0744	0	absent	0	0.1945	0	absent
COG1335	HR	Nicotinamidase-related amidase	1	1	1.0000	1	kept	0	0.9883	1	recovered	0	0.9192	1	recovered
COG1336	V	CRISPR-Cas system type III CMR-effector complex subunit Cmr4, RAMP superfamily Cas7 group	0	0	0.0024	0	absent	0	0.0086	0	absent	0	0.0026	0	absent
COG1337	V	CRISPR-Cas system type III CSM-effector complex subunit Csm3, RAMP superfamily Cas7 group	0	0	0.0055	0	absent	0	0.0068	0	absent	0	0.0103	0	absent
COG1338	N	Flagellar biosynthesis protein FliP	1	1	0.9987	1	kept	0	0.8871	1	recovered	0	0.5761	1	recovered
COG1339	H	Archaeal CTP-dependent riboflavin kinase	0	0	0.0003	0	absent	0	0.0002	0	absent	0	0.0003	0	absent
COG1340	S	Uncharacterized coiled-coil protein, contains DUF342 domain	0	0	0.0009	0	absent	0	0.0011	0	absent	0	0.0003	0	absent
COG1341	J	Polynucleotide 5'-kinase, involved in rRNA processing	0	0	0.0005	0	absent	0	0.0007	0	absent	0	0.0007	0	absent
COG1342	R	Predicted DNA-binding protein, UPF0251 family	0	0	0.0228	0	absent	0	0.3470	0	absent	0	0.2076	0	absent
COG1343	V	CRISPR/Cas system-associated endoribonuclease Cas2	0	0	0.2386	0	absent	0	0.4870	0	absent	0	0.0324	0	absent
COG1344	N	Flagellin and related hook-associated protein FlgL	1	1	1.0000	1	kept	0	0.9973	1	recovered	0	0.9251	1	recovered
COG1345	N	Flagellar capping protein FliD	1	0	0.8943	1	recovered	1	0.9869	1	kept	1	0.9610	1	kept
COG1346	M	Putative effector of murein hydrolase	1	0	0.9598	1	recovered	0	0.6636	1	recovered	1	0.9971	1	kept
COG1347	C	Na+-transporting NADH:ubiquinone oxidoreductase, subunit NqrD	0	0	0.0003	0	absent	0	0.1103	0	absent	0	0.0149	0	absent
COG1348	HP	Nitrogenase ATPase subunit NifH/coenzyme F430 biosynthesis subunit CfbC	0	0	0.7856	1	FP	0	0.8705	1	FP	0	0.1219	0	absent
COG1349	KG	DNA-binding transcriptional regulator of sugar metabolism, DeoR/GlpR family	1	1	1.0000	1	kept	0	0.9783	1	recovered	1	0.9902	1	kept
COG1350	E	Predicted alternative tryptophan synthase beta-subunit (paralog of TrpB)	0	0	0.0056	0	absent	0	0.0084	0	absent	0	0.0289	0	absent
COG1351	F	Thymidylate synthase ThyX, FAD-dependent family	0	0	0.6504	1	FP	0	0.2078	0	absent	0	0.1775	0	absent
COG1352	T	Methylase of chemotaxis methyl-accepting proteins	1	0	0.9958	1	recovered	0	0.9970	1	recovered	1	0.9917	1	kept
COG1353	V	CRISPR/Cas system-associated protein Cas10, large subunit of type III CRISPR-Cas systems, contains HD superfamily nuclease domain	0	0	0.0036	0	absent	0	0.0067	0	absent	0	0.0123	0	absent
COG1354	L	Chromatin segregation and condensation protein Rec8/ScpA/Scc1, kleisin family	0	0	0.0875	0	absent	0	0.2391	0	absent	1	0.7887	1	FP
COG1355	R	Predicted class III extradiol dioxygenase, MEMO1 family	0	0	0.0704	0	absent	0	0.5656	1	FP	0	0.1243	0	absent
COG1356	K	Transcriptional regulator	0	0	0.0000	0	absent	0	0.0000	0	absent	0	0.0000	0	absent
COG1357	S	Uncharacterized conserved protein YjbI, contains pentapeptide repeats	1	0	0.9943	1	recovered	0	0.9376	1	recovered	0	0.8801	1	recovered
COG1358	J	Ribosomal protein L7Ae or related RNA K-turn-binding protein	0	0	0.0175	0	absent	0	0.0285	0	absent	0	0.0030	0	absent
COG1359	C	Quinol monooxygenase YgiN	1	1	0.9888	1	kept	0	0.7845	1	recovered	0	0.7326	1	recovered
COG1360	N	Flagellar motor protein MotB	1	0	0.9996	1	recovered	1	1.0000	1	kept	0	0.9615	1	recovered
COG1361	R	S-layer protein MJ0795, predicted component of type IV pili-like system	0	0	0.8948	1	FP	0	0.6926	1	FP	0	0.5806	1	FP
COG1362	E	Aspartyl aminopeptidase	0	0	0.2415	0	absent	0	0.6323	1	FP	0	0.4543	0	absent
COG1363	EG	Putative aminopeptidase FrvX	1	1	0.8533	1	kept	0	0.3961	0	gap	0	0.0624	0	gap
COG1364	E	Glutamate N-acetyltransferase (ornithine transacetylase)	0	0	0.9436	1	FP	0	0.9341	1	FP	0	0.9191	1	FP
COG1365	R	Predicted ATPase, PP-loop superfamily	0	0	0.0006	0	absent	0	0.0012	0	absent	0	0.0006	0	absent
COG1366	T	Anti-anti-sigma regulatory factor (antagonist of anti-sigma factor)	0	0	0.9849	1	FP	0	0.9867	1	FP	0	0.1855	0	absent
COG1367	V	CRISPR-Cas system type III CMR-effector complex subunit Cmr1, RAMP superfamily Cas7 group	0	0	0.0020	0	absent	0	0.0049	0	absent	0	0.0013	0	absent
COG1368	M	Phosphoglycerol transferase MdoB/OpgB, AlkP superfamily	1	1	0.9889	1	kept	0	0.8672	1	recovered	0	0.9329	1	recovered
COG1369	J	RNase P/RNase MRP subunit POP5	0	0	0.0000	0	absent	0	0.0000	0	absent	0	0.0000	0	absent
COG1370	J	tRNA-guanine transglycosylase, archaeosine-15-forming, contains TGT and PUA domains	0	0	0.0000	0	absent	0	0.0000	0	absent	0	0.0000	0	absent
COG1371	J	Archease, activates RNA ligation by RtcB (tRNA splicing)	0	0	0.0006	0	absent	0	0.0007	0	absent	0	0.0005	0	absent
COG1372	LX	Intein/homing endonuclease	0	0	0.1105	0	absent	0	0.0393	0	absent	0	0.0250	0	absent
COG1373	R	Predicted ATPase, AAA+ superfamily	0	0	0.1338	0	absent	0	0.7737	1	FP	0	0.6107	1	FP
COG1374	J	Rbosome biogenesis protein Nip4, contains PUA domain	0	0	0.0000	0	absent	0	0.0000	0	absent	0	0.0000	0	absent
COG1376	M	Lipoprotein-anchoring transpeptidase ErfK/SrfK	1	0	0.9258	1	recovered	0	0.4639	0	gap	0	0.1195	0	gap
COG1377	N	Flagellar biosynthesis protein FlhB	1	1	1.0000	1	kept	1	0.9999	1	kept	0	0.8373	1	recovered
COG1378	K	Sugar-specific transcriptional regulator TrmB	0	0	0.4249	0	absent	0	0.2174	0	absent	0	0.1394	0	absent
COG1379	R	PHP family phosphoesterase with a Zn ribbon	0	0	0.0077	0	absent	0	0.0022	0	absent	0	0.0016	0	absent
COG1380	R	Putative effector of murein hydrolase LrgA, UPF0299 family	1	1	0.9974	1	kept	0	0.6227	1	recovered	0	0.9527	1	recovered
COG1381	L	Recombinational DNA repair protein RecO (RecF pathway)	1	0	0.9633	1	recovered	1	0.9932	1	kept	0	0.8729	1	recovered
COG1382	O	Prefoldin, chaperonin cofactor	0	0	0.0000	0	absent	0	0.0000	0	absent	0	0.0000	0	absent
COG1383	J	Ribosomal protein S17E	0	0	0.0000	0	absent	0	0.0000	0	absent	0	0.0000	0	absent
COG1384	J	Lysyl-tRNA synthetase, class I	0	0	0.0350	0	absent	0	0.1062	0	absent	0	0.0415	0	absent
COG1385	J	16S rRNA U1498 N3-methylase RsmE	1	1	0.9998	1	kept	0	0.9875	1	recovered	0	0.9897	1	recovered
COG1386	K	Chromosome segregation and condensation protein ScpB	0	0	0.0956	0	absent	0	0.5282	1	FP	0	0.4133	0	absent
COG1387	ER	Histidinol phosphatase or related hydrolase of the PHP family	1	1	0.9926	1	kept	1	0.9866	1	kept	0	0.2168	0	gap
COG1388	M	LysM repeat	1	0	0.8954	1	recovered	1	0.9936	1	kept	0	0.5388	1	recovered
COG1389	L	DNA topoisomerase VI, subunit B	0	0	0.0002	0	absent	0	0.0036	0	absent	0	0.0021	0	absent
COG1390	C	Archaeal/vacuolar-type H+-ATPase subunit E/Vma4	0	0	0.0014	0	absent	0	0.0127	0	absent	0	0.0580	0	absent
COG1391	O	Glutamine synthetase adenylyltransferase	1	1	0.2479	0	gap	1	0.8108	1	kept	1	0.2662	0	gap
COG1392	P	Phosphate transport regulator YkaA, distantly related to PhoU, UPF0111/DUF47 family	0	0	0.9493	1	FP	0	0.3335	0	absent	0	0.8927	1	FP
COG1393	P	Arsenate reductase or related protein, glutaredoxin family	1	1	0.9997	1	kept	0	0.9365	1	recovered	0	0.8506	1	recovered
COG1394	C	Archaeal/vacuolar-type H+-ATPase subunit D/Vma8	0	0	0.0089	0	absent	0	0.0351	0	absent	0	0.0923	0	absent
COG1395	K	Predicted transcriptional regulator	0	0	0.0352	0	absent	0	0.0808	0	absent	0	0.0470	0	absent
COG1396	K	Transcriptional regulator, contains XRE-family HTH domain	1	0	0.9998	1	recovered	1	1.0000	1	kept	0	0.9814	1	recovered
COG1397	O	ADP-ribosylglycohydrolase	1	0	0.9313	1	recovered	0	0.8184	1	recovered	0	0.5670	1	recovered
COG1398	I	Fatty-acid desaturase	0	0	0.0258	0	absent	0	0.1391	0	absent	0	0.0193	0	absent
COG1399	J	23S rRNA accumulation protein YceD (essential in plants, uncharacterized in bacteria)	1	1	0.9998	1	kept	1	0.9913	1	kept	0	0.9778	1	recovered
COG1400	U	Signal recognition particle subunit SEC65	0	0	0.0000	0	absent	0	0.0000	0	absent	0	0.0000	0	absent
COG1401	V	5-methylcytosine-specific restriction endonuclease McrBC, GTP-binding regulatory subunit McrB	0	0	0.0832	0	absent	1	0.8848	1	FP	0	0.2860	0	absent
COG1402	H	Creatinine amidohydrolase/Fe(II)-dependent FAPy formamide hydrolase (riboflavin and F420 biosynthesis)	0	0	0.5836	1	FP	0	0.4924	0	absent	0	0.0506	0	absent
COG1403	V	5-methylcytosine-specific restriction endonuclease McrA	1	1	1.0000	1	kept	0	0.9962	1	recovered	0	0.8196	1	recovered
COG1404	O	Serine protease, subtilisin family	0	0	0.9906	1	FP	0	0.9775	1	FP	0	0.8184	1	FP
COG1405	K	Transcription initiation factor TFIIIB, Brf1 subunit/Transcription initiation factor TFIIB	0	0	0.0000	0	absent	0	0.0000	0	absent	0	0.0001	0	absent
COG1406	N	Chemotaxis protein CheX, a CheY~P-specific phosphatase	0	0	0.7046	1	FP	0	0.8666	1	FP	0	0.5710	1	FP
COG1407	R	Metallophosphoesterase superfamily enzyme	0	0	0.0194	0	absent	0	0.0165	0	absent	0	0.1092	0	absent
COG1408	R	Predicted phosphohydrolase, MPP superfamily	0	0	0.9764	1	FP	0	0.8013	1	FP	0	0.9845	1	FP
COG1409	T	3',5'-cyclic AMP phosphodiesterase CpdA	1	1	0.9994	1	kept	1	0.9959	1	kept	0	0.6525	1	recovered
COG1410	E	Methionine synthase I, cobalamin-binding domain	0	0	0.1603	0	absent	0	0.1850	0	absent	0	0.0920	0	absent
COG1411	R	Uncharacterized conserved protein related to proFAR isomerase (HisA)	0	0	0.0003	0	absent	0	0.0005	0	absent	0	0.0007	0	absent
COG1412	J	rRNA-processing protein FCF1	0	0	0.0009	0	absent	0	0.0005	0	absent	0	0.0022	0	absent
COG1413	R	HEAT repeat	0	0	0.9894	1	FP	0	0.9565	1	FP	0	0.8834	1	FP
COG1414	K	DNA-binding transcriptional regulator, IclR family	1	1	1.0000	1	kept	0	0.9990	1	recovered	0	0.9714	1	recovered
COG1415	S	Uncharacterized conserved protein, DUF763 domain	0	0	0.0018	0	absent	0	0.0009	0	absent	0	0.0011	0	absent
COG1416	P	Intracellular sulfur oxidation protein, DsrE/DsrF family	0	0	0.3570	0	absent	0	0.5091	1	FP	0	0.3075	0	absent
COG1417	S	Uncharacterized conserved protein, DUF22 domain	0	0	0.0000	0	absent	0	0.0000	0	absent	0	0.0000	0	absent
COG1418	JR	HD superfamily phosphodieaserase, includes HD domain of RNase Y	1	1	0.9975	1	kept	1	0.9996	1	kept	0	0.9284	1	recovered
COG1419	N	Flagellar biosynthesis GTPase FlhF	0	0	0.9715	1	FP	0	0.9645	1	FP	0	0.3877	0	absent
COG1420	K	Transcriptional regulator of heat shock response	0	0	0.8748	1	FP	0	0.4476	0	absent	0	0.1188	0	absent
COG1421	V	CRISPR-Cas system type III CSM-effector complex small subunit Csm2	0	0	0.0002	0	absent	0	0.0004	0	absent	0	0.0022	0	absent
COG1422	M	Archaeal YidC/Oxa1-related membrane protein, DUF106 family	1	0	0.0029	0	gap	1	0.0112	0	gap	0	0.0015	0	gap
COG1423	L	ATP-dependent RNA circularization protein, DNA/RNA ligase (PAB1020)  family	1	0	0.0261	0	gap	0	0.0092	0	gap	0	0.0061	0	gap
COG1424	H	Pimeloyl-CoA synthetase	0	0	0.0011	0	absent	0	0.0043	0	absent	0	0.0111	0	absent
COG1426	D	Cytoskeletal protein RodZ, contains Xre-like HTH and DUF4115 domains	1	0	0.9808	1	recovered	0	0.8712	1	recovered	0	0.8259	1	recovered
COG1427	H	Chorismate dehydratase (menaquinone biosynthesis, futalosine pathway)	0	0	0.1132	0	absent	0	0.0099	0	absent	0	0.4715	0	absent
COG1428	F	Deoxyadenosine/deoxycytidine kinase	0	0	0.6798	1	FP	0	0.1319	0	absent	0	0.0528	0	absent
COG1429	H	Cobalamin biosynthesis protein CobN, Mg-chelatase	0	0	0.1523	0	absent	0	0.2295	0	absent	0	0.0331	0	absent
COG1430	S	Uncharacterized conserved membrane protein, UPF0127 family	0	0	0.0075	0	absent	0	0.0368	0	absent	0	0.0262	0	absent
COG1431	JV	PIWI domain, catalyzes dsRNA-guided hydrolysis of ssRNA, involved in RNA silencing, RNA metabolism and antiviral defense	0	0	0.0074	0	absent	0	0.0097	0	absent	0	0.0033	0	absent
COG1432	R	NYN domain, predicted PIN-related RNAse, tRNA/rRNA maturation	0	0	0.8561	1	FP	0	0.8121	1	FP	0	0.7680	1	FP
COG1433	O	Predicted Fe-Mo cluster-binding protein, NifX family	0	0	0.4739	0	absent	0	0.7049	1	FP	0	0.6119	1	FP
COG1434	M	Lipid carrier protein ElyC involved in cell wall biogenesis, DUF218 family	1	1	0.9995	1	kept	0	0.8274	1	recovered	0	0.6585	1	recovered
COG1435	F	Thymidine kinase	1	0	0.9526	1	recovered	0	0.3973	0	gap	0	0.7764	1	recovered
COG1436	C	Archaeal/vacuolar-type H+-ATPase subunit F/Vma7	0	0	0.0003	0	absent	0	0.0008	0	absent	0	0.0029	0	absent
COG1437	TR	Adenylate cyclase class IV, CYTH domain (includes archaeal enzymes of unknown function)	0	0	0.0222	0	absent	0	0.0806	0	absent	0	0.0589	0	absent
COG1438	K	Arginine repressor	1	1	0.1271	0	gap	1	0.2124	0	gap	1	0.5319	1	kept
COG1439	J	rRNA maturation endonuclease Nob1	0	0	0.0015	0	absent	0	0.0009	0	absent	0	0.0010	0	absent
COG1440	G	Phosphotransferase system cellobiose-specific component IIB	1	1	0.3750	0	gap	0	0.0013	0	gap	0	0.0022	0	gap
COG1441	H	O-succinylbenzoate synthase	1	0	0.0018	0	gap	1	0.0895	0	gap	0	0.0025	0	gap
COG1442	M	Lipopolysaccharide biosynthesis protein, LPS:glycosyltransferase	1	1	0.8734	1	kept	0	0.1568	0	gap	1	0.9135	1	kept
COG1443	I	Isopentenyldiphosphate isomerase	1	1	0.7399	1	kept	0	0.2788	0	gap	0	0.3291	0	gap
COG1444	J	tRNA(Met) C34 N-acetyltransferase TmcA	1	1	0.2805	0	gap	0	0.0161	0	gap	0	0.0087	0	gap
COG1445	G	Phosphotransferase system fructose-specific component IIB	1	1	0.4283	0	gap	0	0.0048	0	gap	0	0.0038	0	gap
COG1446	E	Isoaspartyl peptidase or L-asparaginase, Ntn-hydrolase superfamily	1	1	0.9645	1	kept	0	0.4153	0	gap	0	0.0640	0	gap
COG1447	G	Phosphotransferase system cellobiose-specific component IIA	1	0	0.0554	0	gap	0	0.0014	0	gap	0	0.0038	0	gap
COG1448	E	Aspartate/aromatic aminotransferase	1	1	0.7191	1	kept	1	0.9572	1	kept	1	0.9876	1	kept
COG1449	G	Alpha-amylase/alpha-mannosidase, GH57 family	0	0	0.0555	0	absent	0	0.0278	0	absent	0	0.0257	0	absent
COG1450	U	Type II secretory pathway component GspD/PulD (secretin)	1	1	0.9991	1	kept	1	0.9998	1	kept	0	0.8608	1	recovered
COG1451	R	UTP pyrophosphatase, metal-dependent hydrolase family	1	1	0.9935	1	kept	1	0.9974	1	kept	0	0.9547	1	recovered
COG1452	M	LPS assembly outer membrane protein LptD (organic solvent tolerance protein OstA)	1	1	0.9999	1	kept	0	0.9979	1	recovered	0	0.9828	1	recovered
COG1453	R	Predicted oxidoreductase of the aldo/keto reductase family	0	0	0.0024	0	absent	0	0.0158	0	absent	0	0.0019	0	absent
COG1454	C	Alcohol dehydrogenase, class IV	1	0	0.9801	1	recovered	0	0.9900	1	recovered	0	0.7247	1	recovered
COG1455	G	Phosphotransferase system cellobiose-specific component IIC	1	0	0.2903	0	gap	0	0.0255	0	gap	0	0.0099	0	gap
COG1456	C	CO dehydrogenase/acetyl-CoA synthase gamma subunit (corrinoid Fe-S protein)	0	0	0.0034	0	absent	0	0.0372	0	absent	0	0.0081	0	absent
COG1457	F	Purine-cytosine permease or related protein	1	1	0.8878	1	kept	0	0.1931	0	gap	1	0.6618	1	kept
COG1458	R	Predicted RNase MK1237, contains PIN domain, UPF0278 family	0	0	0.0000	0	absent	0	0.0001	0	absent	0	0.0001	0	absent
COG1459	NUW	Type II secretory pathway, component PulF	1	1	1.0000	1	kept	0	0.9999	1	recovered	1	0.9985	1	kept
COG1460	K	DNA-directed RNA polymerase, subunit F	0	0	0.0000	0	absent	0	0.0000	0	absent	0	0.0000	0	absent
COG1461	R	Predicted kinase related to dihydroxyacetone kinase	1	0	0.6156	1	recovered	0	0.0288	0	gap	0	0.0992	0	gap
COG1462	M	Curli biogenesis system outer membrane secretion channel CsgG	1	1	0.9754	1	kept	0	0.4522	0	gap	1	0.9310	1	kept
COG1463	M	Periplasmic subunit MlaD of the ABC-type intermembrane phospholipid transporter Mla	1	1	0.9999	1	kept	0	0.9968	1	recovered	1	0.9983	1	kept
COG1464	P	ABC-type metal ion transport system, periplasmic component/surface antigen	1	1	0.9998	1	kept	1	0.9379	1	kept	0	0.9226	1	recovered
COG1465	E	3-dehydroquinate synthase, class II	0	0	0.0060	0	absent	0	0.0045	0	absent	0	0.0102	0	absent
COG1466	L	DNA polymerase III, delta subunit	1	0	0.9932	1	recovered	0	0.9868	1	recovered	0	0.9602	1	recovered
COG1467	L	Eukaryotic-type DNA primase, catalytic (small) subunit	0	0	0.0069	0	absent	0	0.0093	0	absent	0	0.0026	0	absent
COG1468	V	CRISPR/Cas system-associated exonuclease Cas4, RecB family	0	1	0.7906	1	FP	0	0.4971	0	absent	0	0.0387	0	absent
COG1469	H	GTP cyclohydrolase FolE2	0	0	0.5959	1	FP	0	0.5973	1	FP	0	0.1275	0	absent
COG1470	S	Uncharacterized membrane protein	0	0	0.2084	0	absent	0	0.2278	0	absent	0	0.4159	0	absent
COG1471	J	Ribosomal protein S4E	0	0	0.0000	0	absent	0	0.0000	0	absent	0	0.0000	0	absent
COG1472	G	Periplasmic beta-glucosidase and related glycosidases	1	1	0.9999	1	kept	0	0.9702	1	recovered	1	0.9892	1	kept
COG1473	R	Metal-dependent amidase/aminoacylase/carboxypeptidase	1	0	0.9954	1	recovered	1	0.9992	1	kept	0	0.6367	1	recovered
COG1474	L	Cdc6-related protein, AAA superfamily ATPase	0	0	0.0821	0	absent	0	0.1345	0	absent	0	0.0790	0	absent
COG1475	D	Chromosome segregation protein Spo0J, contains ParB-like nuclease domain	1	0	0.9980	1	recovered	0	0.9955	1	recovered	0	0.9758	1	recovered
COG1476	K	DNA-binding transcriptional regulator, XRE-family HTH domain	1	1	0.9978	1	kept	1	0.9930	1	kept	0	0.4600	0	gap
COG1477	HO	FAD:protein FMN transferase ApbE	1	1	0.9916	1	kept	1	0.9975	1	kept	0	0.0944	0	gap
COG1478	H	F420-0:Gamma-glutamyl ligase (F420 biosynthesis)	0	0	0.0017	0	absent	0	0.0115	0	absent	0	0.0414	0	absent
COG1479	V	DNAse/DNA nickase specific for phosphorothioated or glycosylated phage DNA, GmrSD/DndB/SspE family, contains DUF262 and HNH nuclease domains	1	0	0.5484	1	recovered	0	0.6614	1	recovered	0	0.4675	0	gap
COG1480	T	Cyclic di-AMP-specific phosphodiesterase PgpH, HD superfamily	0	1	0.0722	0	absent	0	0.5240	1	FP	0	0.0420	0	absent
COG1481	K	DNA-binding transcriptional regulator WhiA, involved in cell division	0	0	0.0001	0	absent	0	0.0000	0	absent	0	0.0003	0	absent
COG1482	G	Mannose-6-phosphate isomerase, class I	1	1	0.9705	1	kept	0	0.3213	0	gap	0	0.1653	0	gap
COG1483	R	Predicted ATPase, AAA+ superfamily	0	0	0.0103	0	absent	0	0.0371	0	absent	0	0.0094	0	absent
COG1484	L	DNA replication protein DnaC	1	1	0.9945	1	kept	1	0.9752	1	kept	1	0.9126	1	kept
COG1485	D	Cell division protein ZapE (Z ring-associated ATPase), AFG1 superfamily	1	1	0.4959	0	gap	0	0.0030	0	gap	1	0.3048	0	gap
COG1486	G	Alpha-galactosidase/6-phospho-beta-glucosidase, family 4 of glycosyl hydrolase	1	0	0.1742	0	gap	1	0.5974	1	kept	1	0.4721	0	gap
COG1487	V	Ribonuclease/mRNA interferase VapC, contains PIN domain	0	0	0.2103	0	absent	0	0.4109	0	absent	0	0.1842	0	absent
COG1488	H	Nicotinic acid phosphoribosyltransferase	1	0	0.9878	1	recovered	0	0.8208	1	recovered	0	0.7993	1	recovered
COG1489	GT	DNA-binding protein, stimulates sugar fermentation	1	0	0.3652	0	gap	1	0.9981	1	kept	0	0.8073	1	recovered
COG1490	J	D-aminoacyl-tRNA deacylase	1	1	0.9985	1	kept	0	0.9643	1	recovered	0	0.9485	1	recovered
COG1491	R	Predicted nucleic acid-binding OB-fold protein	0	0	0.0000	0	absent	0	0.0000	0	absent	0	0.0000	0	absent
COG1492	H	Cobyric acid synthase	0	0	0.9422	1	FP	0	0.8137	1	FP	0	0.0107	0	absent
COG1493	T	Serine kinase of the HPr protein, regulates carbohydrate metabolism	0	0	0.7824	1	FP	0	0.1103	0	absent	0	0.3205	0	absent
COG1494	G	Fructose-1,6-bisphosphatase/sedoheptulose 1,7-bisphosphatase or related protein	1	0	0.9377	1	recovered	0	0.7893	1	recovered	0	0.7354	1	recovered
COG1495	O	Disulfide bond formation protein DsbB	1	1	0.9694	1	kept	1	0.8543	1	kept	1	0.9638	1	kept
COG1496	P	Copper oxidase (laccase) domain	1	1	0.9996	1	kept	0	0.9886	1	recovered	0	0.9421	1	recovered
COG1497	K	Predicted transcriptional regulator MJ0558, contains a CRP-type HTH domain	0	0	0.0003	0	absent	0	0.0012	0	absent	0	0.0005	0	absent
COG1498	J	Box C/D ribonucleoprotein Nop56/Prp31/SIK1 subunit	0	0	0.0000	0	absent	0	0.0000	0	absent	0	0.0000	0	absent
COG1499	J	NMD protein affecting ribosome stability and mRNA decay	0	0	0.0004	0	absent	0	0.0016	0	absent	0	0.0006	0	absent
COG1500	J	Ribosome maturation protein Sdo1	0	0	0.0000	0	absent	0	0.0000	0	absent	0	0.0000	0	absent
COG1501	G	Alpha-glucosidase/xylosidase, GH31 family	1	1	0.6279	1	kept	0	0.0533	0	gap	0	0.0088	0	gap
COG1502	I	Phosphatidylserine/phosphatidylglycerophosphate/cardiolipin synthase	1	1	0.9996	1	kept	1	0.9971	1	kept	1	0.9991	1	kept
COG1503	J	Peptide chain release factor 1 (eRF1)	0	0	0.0043	0	absent	0	0.0149	0	absent	0	0.1286	0	absent
COG1504	S	Uncharacterized conserved protein, DUF498 domain	0	0	0.0035	0	absent	0	0.0072	0	absent	0	0.0049	0	absent
COG1505	E	Prolyl endopeptidase PreP, S9A serine peptidase family	0	0	0.0337	0	absent	0	0.0086	0	absent	0	0.0238	0	absent
COG1506	E	Dipeptidyl aminopeptidase/acylaminoacyl peptidase	0	0	0.8995	1	FP	0	0.6165	1	FP	0	0.7148	1	FP
COG1507	S	Uncharacterized conserved protein, DUF501 family	0	0	0.0012	0	absent	0	0.0015	0	absent	0	0.0012	0	absent
COG1508	K	DNA-directed RNA polymerase specialized sigma subunit, sigma54 homolog	1	1	0.9994	1	kept	1	0.9997	1	kept	0	0.9283	1	recovered
COG1509	E	L-lysine 2,3-aminomutase (EF-P beta-lysylation pathway)	1	1	0.9427	1	kept	0	0.8598	1	recovered	1	0.9913	1	kept
COG1510	K	DNA-binding transcriptional regulator GbsR, MarR family	0	0	0.4121	0	absent	0	0.2359	0	absent	0	0.0913	0	absent
COG1511	S	Uncharacterized membrane protein YhgE, phage infection protein (PIP) family	1	1	0.9564	1	kept	1	0.8743	1	kept	0	0.1850	0	gap
COG1512	S	Uncharacterized membrane protein YgcG, contains a TPM-fold domain	1	0	0.5659	1	recovered	0	0.1596	0	gap	1	0.8802	1	kept
COG1513	P	Cyanate lyase	0	0	0.0330	0	absent	0	0.0526	0	absent	0	0.0126	0	absent
COG1514	J	RNA 2',3'-cyclic phosphodiesterase (2'-5' RNA ligase)	1	1	0.9957	1	kept	0	0.6408	1	recovered	1	0.8378	1	kept
COG1515	L	Deoxyinosine 3'-endonuclease (endonuclease V)	1	1	0.5828	1	kept	0	0.0050	0	gap	1	0.1451	0	gap
COG1516	NU	Flagellin-specific chaperone FliS	1	0	0.8031	1	recovered	0	0.7481	1	recovered	1	0.9092	1	kept
COG1517	V	CRISPR/Cas system-associated protein Csx1, contains CARF domain	0	0	0.0005	0	absent	0	0.0021	0	absent	0	0.0018	0	absent
COG1518	V	CRISPR-Cas system-associated integrase Cas1	1	1	0.7020	1	kept	1	0.8934	1	kept	0	0.1720	0	gap
COG1519	M	3-deoxy-D-manno-octulosonic-acid transferase	1	1	0.9993	1	kept	0	0.9880	1	recovered	0	0.9789	1	recovered
COG1520	M	Outer membrane protein assembly factor BamB, contains PQQ-like beta-propeller repeat	1	1	0.9788	1	kept	0	0.4681	0	gap	0	0.1833	0	gap
COG1521	H	Pantothenate kinase type III	0	0	0.9353	1	FP	0	0.8845	1	FP	0	0.2318	0	absent
COG1522	K	DNA-binding transcriptional regulator, Lrp family	1	1	0.9981	1	kept	0	0.9314	1	recovered	0	0.8722	1	recovered
COG1523	G	Pullulanase/glycogen debranching enzyme	1	1	0.9976	1	kept	1	0.9973	1	kept	1	0.9819	1	kept
COG1524	T	c-di-AMP phosphodiesterase AtaC or nucleotide pyrophosphatase, AlkP superfamily	0	0	0.8853	1	FP	0	0.9482	1	FP	0	0.7152	1	FP
COG1525	L	Endonuclease YncB, thermonuclease family	1	1	0.9948	1	kept	0	0.9566	1	recovered	0	0.8048	1	recovered
COG1526	C	Formate dehydrogenase assembly factor FdhD, a sulfurtransferase	1	1	0.9722	1	kept	0	0.4804	0	gap	0	0.1765	0	gap
COG1527	C	Archaeal/vacuolar-type H+-ATPase subunit C/Vma6	0	0	0.0002	0	absent	0	0.0002	0	absent	0	0.0009	0	absent
COG1528	P	Ferritin	1	0	0.9415	1	recovered	0	0.9504	1	recovered	1	0.9970	1	kept
COG1529	C	Aldehyde, CO or xanthine dehydrogenase, Mo-binding subunit	1	0	0.9920	1	recovered	0	0.9950	1	recovered	1	0.9829	1	kept
COG1530	J	Ribonuclease G or E	1	0	0.9513	1	recovered	1	0.9984	1	kept	0	0.8773	1	recovered
COG1531	S	Uncharacterized conserved protein, UPF0248 family	0	0	0.0035	0	absent	0	0.0022	0	absent	0	0.0047	0	absent
COG1532	R	Predicted RNA-binding protein	0	0	0.0004	0	absent	0	0.0040	0	absent	0	0.0009	0	absent
COG1533	L	DNA repair photolyase	0	0	0.8365	1	FP	0	0.7854	1	FP	0	0.1438	0	absent
COG1534	J	RNA-binding protein YhbY	1	1	0.9705	1	kept	1	0.9983	1	kept	0	0.2296	0	gap
COG1535	Q	Isochorismate hydrolase	1	1	0.6004	1	kept	0	0.0164	0	gap	0	0.0211	0	gap
COG1536	N	Flagellar motor switch protein FliG	1	0	0.9982	1	recovered	0	0.9937	1	recovered	0	0.9264	1	recovered
COG1537	J	Stalled ribosome rescue protein Dom34, pelota family	0	0	0.0037	0	absent	0	0.0216	0	absent	0	0.0261	0	absent
COG1538	M	Outer membrane protein TolC	1	0	1.0000	1	recovered	0	1.0000	1	recovered	0	1.0000	1	recovered
COG1539	H	Dihydroneopterin aldolase	1	0	0.7531	1	recovered	0	0.6212	1	recovered	0	0.7850	1	recovered
COG1540	E	5-oxoprolinase subunit A	1	1	0.9953	1	kept	0	0.6103	1	recovered	0	0.1604	0	gap
COG1541	H	Phenylacetate-coenzyme A ligase PaaK, adenylate-forming domain family	0	0	0.6889	1	FP	0	0.7475	1	FP	0	0.1025	0	absent
COG1542	S	Uncharacterized conserved protein, DUF505 domain	0	0	0.0002	0	absent	0	0.0001	0	absent	0	0.0002	0	absent
COG1543	G	Predicted glycosyl hydrolase, contains GH57 and DUF1957 domains	0	0	0.0067	0	absent	0	0.0010	0	absent	0	0.0040	0	absent
COG1544	J	Ribosome-associated translation inhibitor RaiA	1	1	0.9996	1	kept	0	0.9507	1	recovered	1	0.9914	1	kept
COG1545	R	Uncharacterized OB-fold protein, contains Zn-ribbon domain	0	0	0.0095	0	absent	0	0.0041	0	absent	0	0.0123	0	absent
COG1546	H	Nicotinamide mononucleotide (NMN) deamidase PncC	1	1	0.8449	1	kept	1	0.9633	1	kept	0	0.9131	1	recovered
COG1547	S	Predicted metal-dependent hydrolase	0	0	0.0164	0	absent	0	0.0669	0	absent	0	0.0322	0	absent
COG1548	H	Methanofuran synthetase MfnF, hydantoinase/oxoprolinase family	0	0	0.0004	0	absent	0	0.0006	0	absent	0	0.0002	0	absent
COG1549	J	Archaeosine tRNA-ribosyltransferase, contains uracil-DNA-glycosylase and PUA domains	0	0	0.0001	0	absent	0	0.0001	0	absent	0	0.0001	0	absent
COG1550	S	Stress-induced protein YlxP, DUF503 family	0	0	0.0346	0	absent	0	0.0967	0	absent	0	0.0073	0	absent
COG1551	T	sRNA-binding carbon storage regulator CsrA	1	1	0.9904	1	kept	1	0.9724	1	kept	0	0.6229	1	recovered
COG1552	J	Ribosomal protein L40E	0	0	0.0001	0	absent	0	0.0000	0	absent	0	0.0000	0	absent
COG1553	P	Sulfur relay (sulfurtransferase) complex TusBCD TusD component, DsrE family	1	0	0.0343	0	gap	0	0.0665	0	gap	0	0.0819	0	gap
COG1554	G	Kojibiose phosphorylase YcjT	1	0	0.0214	0	gap	1	0.7479	1	kept	0	0.0330	0	gap
COG1555	L	DNA uptake protein ComE or related DNA-binding protein	1	1	0.9975	1	kept	0	0.9473	1	recovered	0	0.9442	1	recovered
COG1556	C	L-lactate utilization protein LutC, contains LUD domain	1	0	0.9590	1	recovered	1	0.9993	1	kept	0	0.9593	1	recovered
COG1558	N	Flagellar basal body rod protein FlgC	1	1	0.9981	1	kept	0	0.8665	1	recovered	0	0.5528	1	recovered
COG1559	M	Endolytic transglycosylase MltG, terminates peptidoglycan polymerization	1	1	1.0000	1	kept	1	0.9991	1	kept	1	0.9979	1	kept
COG1560	I	Palmitoleoyl-ACP: Kdo2-lipid-IV acyltransferase (lipid A biosynthesis)	1	1	0.9997	1	kept	0	0.9923	1	recovered	0	0.8949	1	recovered
COG1561	S	Uncharacterized stationary-phase protein YicC, UPF0701 family	1	0	0.7856	1	recovered	1	0.9968	1	kept	0	0.1375	0	gap
COG1562	I	Phytoene/squalene synthetase	0	0	0.2570	0	absent	0	0.1130	0	absent	1	0.8763	1	FP
COG1563	R	Uncharacterized MnhB-related membrane protein	0	0	0.0004	0	absent	0	0.2449	0	absent	0	0.0129	0	absent
COG1564	H	Thiamine pyrophosphokinase	0	0	0.1361	0	absent	0	0.1487	0	absent	0	0.7616	1	FP
COG1565	R	SAM-dependent methyltransferase, MidA family	0	0	0.0329	0	absent	0	0.0022	0	absent	0	0.0843	0	absent
COG1566	V	Multidrug resistance efflux pump EmrA	1	1	0.9976	1	kept	1	0.9715	1	kept	0	0.1622	0	gap
COG1567	V	CRISPR-Cas system type III CSM-effector complex subunit Csm4, RAMP superfamily Cas5 group	0	0	0.0004	0	absent	0	0.0008	0	absent	0	0.0022	0	absent
COG1568	Q	Aminopropyltransferase BpsA, N(4)-bis(aminopropyl)spermidine biosynthesis	0	0	0.0002	0	absent	0	0.0004	0	absent	0	0.0002	0	absent
COG1569	R	Predicted nucleic acid-binding protein, contains PIN domain	0	0	0.0054	0	absent	0	0.0298	0	absent	0	0.0088	0	absent
COG1570	L	Exonuclease VII, large subunit	1	1	0.9995	1	kept	0	0.9938	1	recovered	0	0.9854	1	recovered
COG1571	J	tRNA(Ile2) C34 agmatinyltransferase TiaS	0	0	0.0913	0	absent	0	0.0991	0	absent	0	0.0108	0	absent
COG1572	O	Serine protease, subtilase family	0	0	0.0896	0	absent	0	0.1337	0	absent	0	0.0267	0	absent
COG1573	L	Uracil-DNA glycosylase	0	0	0.4814	0	absent	0	0.9604	1	FP	1	0.9945	1	FP
COG1574	R	Predicted amidohydrolase YtcJ	0	0	0.8509	1	FP	0	0.7797	1	FP	0	0.3632	0	absent
COG1575	H	1,4-dihydroxy-2-naphthoate polyprenyltransferase	1	0	0.9757	1	recovered	1	0.9991	1	kept	1	0.9484	1	kept
COG1576	J	23S rRNA pseudoU1915 N3-methylase RlmH	1	1	0.9988	1	kept	0	0.7236	1	recovered	0	0.9318	1	recovered
COG1577	I	Mevalonate kinase	0	0	0.5401	1	FP	0	0.4572	0	absent	0	0.3134	0	absent
COG1578	V	House-cleaning carbohydrate phosphatase, DUF89 family	0	0	0.2439	0	absent	0	0.3307	0	absent	0	0.0751	0	absent
COG1579	R	Predicted nucleic acid-binding protein DR0291, contains C4-type Zn-ribbon domain	0	0	0.9571	1	FP	0	0.9600	1	FP	0	0.9116	1	FP
COG1580	N	Flagellar basal body-associated protein FliL	1	0	0.9981	1	recovered	0	0.9719	1	recovered	0	0.6834	1	recovered
COG1581	K	DNA/RNA-binding protein AlbA/Ssh10b	0	0	0.0000	0	absent	0	0.0000	0	absent	0	0.0000	0	absent
COG1582	N	Swarming motility protein SwrD	0	0	0.0346	0	absent	0	0.0050	0	absent	0	0.0101	0	absent
COG1583	V	CRISPR/Cas system endoribonuclease Cas6, RAMP superfamily	0	0	0.0064	0	absent	0	0.0029	0	absent	0	0.0004	0	absent
COG1584	C	Succinate-acetate transporter SatP	1	0	0.9186	1	recovered	0	0.9027	1	recovered	1	0.9627	1	kept
COG1585	O	Membrane protein implicated in regulation of membrane protease activity	1	1	0.9941	1	kept	0	0.9078	1	recovered	1	0.9860	1	kept
COG1586	E	S-adenosylmethionine decarboxylase	1	1	0.6561	1	kept	0	0.2695	0	gap	0	0.0491	0	gap
COG1587	H	Uroporphyrinogen-III synthase	1	1	0.9618	1	kept	0	0.0358	0	gap	0	0.0666	0	gap
COG1588	J	RNase P/RNase MRP subunit p29	0	0	0.0000	0	absent	0	0.0000	0	absent	0	0.0000	0	absent
COG1589	D	Cell division septal protein FtsQ	1	1	0.9956	1	kept	0	0.9519	1	recovered	1	0.9948	1	kept
COG1590	J	tRNA(Phe) wybutosine-synthesizing methylase Tyw3	0	0	0.0000	0	absent	0	0.0000	0	absent	0	0.0000	0	absent
COG1591	L	Holliday junction resolvase Hjc, archaeal type	0	0	0.0023	0	absent	0	0.0010	0	absent	0	0.0006	0	absent
COG1592	C	Rubrerythrin	0	0	0.7298	1	FP	0	0.7862	1	FP	0	0.2646	0	absent
COG1593	G	TRAP-type C4-dicarboxylate transport system, large permease component	1	0	0.9877	1	recovered	0	0.9946	1	recovered	0	0.9317	1	recovered
COG1594	K	DNA-directed RNA polymerase, subunit M/Transcription elongation factor TFIIS	0	0	0.0029	0	absent	0	0.0141	0	absent	0	0.0018	0	absent
COG1595	K	DNA-directed RNA polymerase specialized sigma subunit, sigma24 family	1	1	0.9995	1	kept	1	0.9968	1	kept	0	0.8311	1	recovered
COG1596	M	Periplasmic protein Wza involved in polysaccharide export, contains SLBB domain of the beta-grasp fold	1	0	0.8619	1	recovered	0	0.9541	1	recovered	0	0.3733	0	gap
COG1597	IR	Phosphatidylglycerol kinase, diacylglycerol kinase family	1	0	0.4967	0	gap	0	0.6176	1	recovered	0	0.4295	0	gap
COG1598	V	Antitoxin component HicB of the HicAB toxin-antitoxin system	0	0	0.1024	0	absent	0	0.0402	0	absent	0	0.0554	0	absent
COG1599	L	ssDNA-binding replication factor A, large subunit	0	0	0.0000	0	absent	0	0.0000	0	absent	0	0.0000	0	absent
COG1600	J	Epoxyqueuosine reductase QueG (queuosine biosynthesis)	1	0	0.8919	1	recovered	0	0.9143	1	recovered	0	0.0423	0	gap
COG1601	J	Translation initiation factor 2, beta subunit (eIF-2beta)/eIF-5 N-terminal domain	0	0	0.0000	0	absent	0	0.0000	0	absent	0	0.0000	0	absent
COG1602	L	Archaeal DNA repair protein NreA	0	0	0.0000	0	absent	0	0.0000	0	absent	0	0.0000	0	absent
COG1603	J	RNase P/RNase MRP subunit p30	0	0	0.0000	0	absent	0	0.0000	0	absent	0	0.0000	0	absent
COG1604	V	CRISPR/Cas system CMR subunit Cmr6, Cas7 group, RAMP superfamily	0	0	0.0023	0	absent	0	0.0055	0	absent	0	0.0026	0	absent
COG1605	E	Chorismate mutase	0	0	0.7056	1	FP	0	0.2721	0	absent	0	0.4087	0	absent
COG1606	R	ATP-utilizing enzyme, PP-loop superfamily	0	0	0.0511	0	absent	0	0.6716	1	FP	0	0.0302	0	absent
COG1607	I	Acyl-CoA hydrolase	1	1	0.9992	1	kept	0	0.7939	1	recovered	1	0.9968	1	kept
COG1608	I	Isopentenyl phosphate kinase	0	0	0.0013	0	absent	0	0.0014	0	absent	0	0.0033	0	absent
COG1609	K	DNA-binding transcriptional regulator, LacI/PurR family	1	0	0.9999	1	recovered	0	0.9980	1	recovered	0	0.9372	1	recovered
COG1610	R	Uncharacterized conserved protein YqeY, may have tRNA amino acid amidase activity	0	0	0.9963	1	FP	0	0.9834	1	FP	0	0.6444	1	FP
COG1611	F	Nucleotide monophosphate nucleosidase PpnN/YdgH, Lonely Guy (LOG) family	1	1	0.9995	1	kept	1	0.9992	1	kept	0	0.8818	1	recovered
COG1612	H	Heme A synthase	0	0	0.1856	0	absent	0	0.0965	0	absent	0	0.0062	0	absent
COG1613	P	ABC-type sulfate transport system, periplasmic component	1	0	0.9702	1	recovered	0	0.1979	0	gap	0	0.0494	0	gap
COG1614	C	CO dehydrogenase/acetyl-CoA synthase beta subunit	0	0	0.0002	0	absent	0	0.0016	0	absent	0	0.0011	0	absent
COG1615	S	Uncharacterized membrane protein, UPF0182 family	0	0	0.0020	0	absent	0	0.0285	0	absent	0	0.0554	0	absent
COG1617	J	tRNA threonylcarbamoyladenosine modification (KEOPS) complex,  Cgi121 subunit	0	0	0.0000	0	absent	0	0.0000	0	absent	0	0.0000	0	absent
COG1618	F	Nucleoside-triphosphatase THEP1	0	0	0.0035	0	absent	0	0.0047	0	absent	0	0.0205	0	absent
COG1619	M	Muramoyltetrapeptide carboxypeptidase LdcA (peptidoglycan recycling)	1	0	0.9510	1	recovered	0	0.9380	1	recovered	0	0.6812	1	recovered
COG1620	C	L-lactate permease	1	0	0.8936	1	recovered	1	0.9923	1	kept	1	0.9843	1	kept
COG1621	G	Sucrose-6-phosphate hydrolase SacC, GH32 family	0	0	0.0567	0	absent	0	0.1335	0	absent	0	0.0927	0	absent
COG1622	C	Heme/copper-type cytochrome/quinol oxidase, subunit 2	1	1	0.9974	1	kept	0	0.9652	1	recovered	0	0.2120	0	gap
COG1623	T	c-di-AMP synthetase DisA, contains DisA_N, linker and DNA-binding domains	0	0	0.0023	0	absent	0	0.0072	0	absent	0	0.0070	0	absent
COG1624	T	c-di-AMP synthetase, contains DisA_N domain	0	0	0.1064	0	absent	0	0.3472	0	absent	0	0.2270	0	absent
COG1625	C	Fe-S oxidoreductase, related to NifB/MoaA family	0	0	0.0004	0	absent	0	0.0011	0	absent	0	0.0001	0	absent
COG1626	G	Neutral trehalase	1	0	0.0180	0	gap	1	0.4735	0	gap	0	0.0058	0	gap
COG1627	R	Uncharacterized conserved protein MJ0835, predicted component of type IV pili-like system, DUF1515 family	0	0	0.0000	0	absent	0	0.0000	0	absent	0	0.0000	0	absent
COG1628	R	Endonuclease V homolog, UPF0215 family	0	0	0.0048	0	absent	0	0.0035	0	absent	0	0.0012	0	absent
COG1629	P	Outer membrane receptor protein, Fe transport	1	1	1.0000	1	kept	0	0.9956	1	recovered	0	0.9084	1	recovered
COG1630	L	ssDNA and dsDNA 5'-3' nuclease NurA, repair of double-stranded DNA breaks	0	0	0.0009	0	absent	0	0.0003	0	absent	0	0.0009	0	absent
COG1631	J	Ribosomal protein L44E	0	0	0.0000	0	absent	0	0.0000	0	absent	0	0.0000	0	absent
COG1632	J	Ribosomal protein L15E	0	0	0.0000	0	absent	0	0.0000	0	absent	0	0.0000	0	absent
COG1633	P	Rubrerythrin, includes spore coat protein YhjR	0	0	0.8943	1	FP	0	0.9136	1	FP	0	0.3963	0	absent
COG1634	H	6-hydroxymethyl-7,8-dihydropterin pyrophosphokinase MptE (tetrahydrofolate and tetrahydromethanopterin biosynthesis)	0	0	0.0000	0	absent	0	0.0000	0	absent	0	0.0000	0	absent
COG1635	GH	Thiazole synthase/Archaeal ribulose 1,5-bisphosphate synthetase	0	0	0.0007	0	absent	0	0.0020	0	absent	0	0.0033	0	absent
COG1636	J	Epoxyqueuosine reductase QueH (tRNA modification)	0	0	0.0610	0	absent	0	0.1597	0	absent	1	0.9504	1	FP
COG1637	L	Endonuclease NucS, RecB family	0	0	0.3145	0	absent	0	0.3435	0	absent	0	0.3015	0	absent
COG1638	G	TRAP-type C4-dicarboxylate transport system, periplasmic component	1	0	0.9959	1	recovered	1	0.9997	1	kept	0	0.9546	1	recovered
COG1639	T	HD-like signal output (HDOD) domain, no enzymatic activity	0	0	0.7897	1	FP	0	0.9517	1	FP	0	0.2185	0	absent
COG1640	G	4-alpha-glucanotransferase	1	1	0.9994	1	kept	1	0.9982	1	kept	0	0.9781	1	recovered
COG1641	H	CTP-dependent cyclometallase, nickel-pincer nucleotide (NPN) cofactor biosynthesis	0	0	0.0177	0	absent	0	0.3956	0	absent	0	0.0236	0	absent
COG1643	J	HrpA-like RNA helicase	1	0	0.9988	1	recovered	1	0.9999	1	kept	0	0.9994	1	recovered
COG1644	K	DNA-directed RNA polymerase, subunit N (RpoN/RPB10)	0	0	0.0000	0	absent	0	0.0000	0	absent	0	0.0000	0	absent
COG1645	R	Uncharacterized Zn-finger containing protein, UPF0148 family	1	1	0.0954	0	gap	1	0.0183	0	gap	0	0.0029	0	gap
COG1646	I	Glycerol-1-phosphate heptaprenyltransferase	0	0	0.0009	0	absent	0	0.0002	0	absent	0	0.0003	0	absent
COG1647	Q	Esterase/lipase	0	0	0.9691	1	FP	0	0.9297	1	FP	0	0.6071	1	FP
COG1648	H	Siroheme synthase (precorrin-2 oxidase/ferrochelatase domain)	0	0	0.9125	1	FP	0	0.8512	1	FP	0	0.1280	0	absent
COG1649	S	Uncharacterized lipoprotein YddW, UPF0748 family	1	1	0.8521	1	kept	1	0.9620	1	kept	0	0.3859	0	gap
COG1650	J	D-tyrosyl-tRNA(Tyr) deacylase	0	0	0.0000	0	absent	0	0.0000	0	absent	0	0.0001	0	absent
COG1651	O	Protein thiol-disulfide isomerase DsbC	1	1	1.0000	1	kept	1	1.0000	1	kept	1	0.9998	1	kept
COG1652	P	Cytoplasmic potassium-binding protein Kbp/XkdP/YgaU, contains LysM domain	1	1	0.9996	1	kept	0	0.9503	1	recovered	0	0.7289	1	recovered
COG1653	G	ABC-type glycerol-3-phosphate transport system, periplasmic component	1	1	0.9992	1	kept	0	0.9938	1	recovered	0	0.8391	1	recovered
COG1654	K	Biotin operon repressor	0	0	0.0000	0	absent	0	0.0000	0	absent	0	0.0000	0	absent
COG1655	S	Uncharacterized conserved protein, DUF2225 family	0	1	0.0151	0	absent	0	0.0004	0	absent	0	0.0015	0	absent
COG1656	R	Uncharacterized conserved protein, contains PIN-related Mut7-C RNAse domain	0	0	0.0754	0	absent	0	0.0336	0	absent	0	0.1371	0	absent
COG1657	I	Terpene cyclase SqhC	0	0	0.0416	0	absent	0	0.1713	0	absent	0	0.0096	0	absent
COG1658	J	5S rRNA maturation ribonuclease M5, contains TOPRIM domain	0	0	0.0202	0	absent	0	0.0085	0	absent	0	0.0080	0	absent
COG1659	V	Bacteriocin, linocin/CFP29 family	0	0	0.7084	1	FP	0	0.3888	0	absent	0	0.0519	0	absent
COG1660	T	RNase adaptor protein RapZ for GlmZ sRNA degradation, contains a P-loop ATPase domain	1	0	0.9678	1	recovered	1	0.9951	1	kept	0	0.8022	1	recovered
COG1661	R	Predicted DNA-binding protein with PD1-like DNA-binding motif, PPC/DUF296 domain	1	1	0.8527	1	kept	0	0.2334	0	gap	1	0.7289	1	kept
COG1662	X	Transposase and inactivated derivatives, IS1 family	1	1	0.1496	0	gap	0	0.0011	0	gap	0	0.0021	0	gap
COG1663	M	Tetraacyldisaccharide-1-P 4'-kinase (Lipid A 4'-kinase)	1	1	0.9977	1	kept	0	0.9768	1	recovered	0	0.8818	1	recovered
COG1664	Z	Cytoskeletal protein CcmA, bactofilin family	0	0	0.9759	1	FP	0	0.6132	1	FP	0	0.7960	1	FP
COG1665	R	Predicted nucleotidyltransferase AF1967	0	0	0.0005	0	absent	0	0.0002	0	absent	0	0.0003	0	absent
COG1666	T	Cyclic di-GMP-binding protein YajQ, UPF0234 family	1	1	0.9985	1	kept	1	0.9955	1	kept	0	0.9125	1	recovered
COG1667	S	Uncharacterized conserved protein AF1501, DUF2226 family	0	0	0.0000	0	absent	0	0.0000	0	absent	0	0.0000	0	absent
COG1668	CP	ABC-type Na+ efflux pump, permease component NatB	0	0	0.0253	0	absent	0	0.0335	0	absent	0	0.0578	0	absent
COG1669	R	Predicted nucleotidyltransferase MJ0435	0	0	0.0475	0	absent	0	0.4200	0	absent	0	0.1879	0	absent
COG1670	JO	Protein N-acetyltransferase, RimJ/RimL family	1	0	0.9996	1	recovered	1	0.9982	1	kept	0	0.9579	1	recovered
COG1671	S	Uncharacterized conserved protein YaiI, UPF0178 family	1	0	0.6211	1	recovered	0	0.9246	1	recovered	0	0.6087	1	recovered
COG1672	R	Predicted ATPase, archaeal AAA+ ATPase superfamily	0	0	0.4799	0	absent	0	0.7194	1	FP	1	0.9287	1	FP
COG1673	R	Predicted RNA-binding protein, contains PUA-like EVE domain	0	0	0.0368	0	absent	0	0.0112	0	absent	0	0.0225	0	absent
COG1674	D	DNA segregation ATPase FtsK/SpoIIIE or related protein	0	0	0.9911	1	FP	0	0.9859	1	FP	0	0.9682	1	FP
COG1675	K	Transcription initiation factor IIE, alpha subunit	0	0	0.0016	0	absent	0	0.0025	0	absent	0	0.0028	0	absent
COG1676	J	tRNA splicing endonuclease subunit SEN34	0	0	0.0000	0	absent	0	0.0000	0	absent	0	0.0000	0	absent
COG1677	N	Flagellar hook-basal body complex protein FliE	1	0	0.9451	1	recovered	0	0.8774	1	recovered	0	0.6519	1	recovered
COG1678	K	Putative transcriptional regulator, AlgH/UPF0301 family	1	1	0.9845	1	kept	1	0.9730	1	kept	0	0.1957	0	gap
COG1679	I	Mevalonate 5-phosphate dehydratase subunit 1, aconitase superfamily (modified mevalonate pathway)	0	0	0.0084	0	absent	0	0.0485	0	absent	0	0.0179	0	absent
COG1680	V	CubicO group peptidase, beta-lactamase class C family	1	1	0.9999	1	kept	0	0.9443	1	recovered	0	0.8280	1	recovered
COG1681	N	Archaellin (archaeal flagellin)	0	0	0.0000	0	absent	0	0.0000	0	absent	0	0.0000	0	absent
COG1682	G	ABC-type polysaccharide/teichoic acid/polyol phosphate export permease	1	1	0.9414	1	kept	0	0.6312	1	recovered	1	0.8435	1	kept
COG1683	S	Uncharacterized conserved protein YbbK, DUF523 family	0	0	0.6438	1	FP	0	0.9728	1	FP	0	0.5904	1	FP
COG1684	N	Flagellar biosynthesis protein FliR	1	1	0.9984	1	kept	0	0.9449	1	recovered	0	0.6216	1	recovered
COG1685	E	Archaeal shikimate kinase	0	0	0.0000	0	absent	0	0.0000	0	absent	0	0.0000	0	absent
COG1686	M	D-alanyl-D-alanine carboxypeptidase	1	1	0.9063	1	kept	1	0.7635	1	kept	0	0.0549	0	gap
COG1687	E	Branched-chain amino acid transport protein AzlD	0	0	0.0275	0	absent	0	0.0054	0	absent	0	0.3136	0	absent
COG1688	V	CRISPR/Cas system-associated protein Cas5, RAMP superfamily	0	0	0.0033	0	absent	0	0.0046	0	absent	0	0.0006	0	absent
COG1689	R	Class II terpene cyclase family protein AF1543	0	0	0.0006	0	absent	0	0.0001	0	absent	0	0.0004	0	absent
COG1690	J	RNA-splicing ligase RtcB, repairs tRNA damage	1	0	0.6927	1	recovered	0	0.2527	0	gap	0	0.5115	1	recovered
COG1691	F	NCAIR mutase (PurE)-related protein	0	0	0.0429	0	absent	1	0.9165	1	FP	0	0.0391	0	absent
COG1692	T	2',3'- and 3',5'-cNMP phosphodiesterase YmdB, calcineurin family	0	0	0.0707	0	absent	0	0.0574	0	absent	0	0.0290	0	absent
COG1693	K	Repressor of nif and glnA expression	0	0	0.0003	0	absent	0	0.0010	0	absent	0	0.0036	0	absent
COG1694	V	NTP pyrophosphatase, house-cleaning of non-canonical NTPs	1	0	0.9766	1	recovered	1	0.9986	1	kept	1	0.9850	1	kept
COG1695	K	DNA-binding transcriptional regulator, PadR family	1	0	0.6600	1	recovered	1	0.8922	1	kept	0	0.4238	0	gap
COG1696	M	D-alanyl-lipoteichoic acid acyltransferase DltB, MBOAT superfamily	0	0	0.7320	1	FP	0	0.1262	0	absent	0	0.1083	0	absent
COG1697	L	DNA topoisomerase VI, subunit A	0	0	0.0012	0	absent	0	0.0039	0	absent	0	0.0067	0	absent
COG1698	S	Uncharacterized conserved protein, UPF0147 family	0	0	0.0000	0	absent	0	0.0000	0	absent	0	0.0000	0	absent
COG1699	N	Flagellar assembly factor FliW	0	0	0.9719	1	FP	0	0.8889	1	FP	0	0.7942	1	FP
COG1700	V	Predicted anti-virus defense system component AQ645, contains DUF2357 and  PD-(D/E)xK nuclease domains	0	0	0.0179	0	absent	0	0.1656	0	absent	0	0.0184	0	absent
COG1701	H	Archaeal phosphopantothenate synthetase	0	0	0.0001	0	absent	0	0.0001	0	absent	0	0.0002	0	absent
COG1702	T	Phosphate starvation-inducible protein PhoH, predicted ATPase	1	0	0.6381	1	recovered	1	0.9251	1	kept	0	0.1647	0	gap
COG1703	O	GTPase of the G3E family (not a periplasmic protein kinase)	0	0	0.7910	1	FP	0	0.6940	1	FP	0	0.1859	0	absent
COG1704	M	Magnetosome formation protein MamQ, lipoprotein antigen LemA family	1	1	0.9866	1	kept	0	0.7998	1	recovered	0	0.9799	1	recovered
COG1705	MN	Flagellum-specific peptidoglycan hydrolase FlgJ	1	1	0.2386	0	gap	0	0.0160	0	gap	0	0.0089	0	gap
COG1706	N	Flagellar basal body P-ring protein FlgI	1	0	0.9799	1	recovered	0	0.9781	1	recovered	0	0.2446	0	gap
COG1707	R	Uncharacterized protein, contains ACT and PBP-like DUF5612 domains, MJ1458 family	0	0	0.0001	0	absent	0	0.0001	0	absent	0	0.0001	0	absent
COG1708	R	Predicted nucleotidyltransferase, MJ0604 family	0	0	0.1709	0	absent	0	0.0936	0	absent	0	0.1726	0	absent
COG1709	K	Predicted transcriptional regulator,contains XRE-type HTH domain	0	0	0.0001	0	absent	0	0.0000	0	absent	0	0.0000	0	absent
COG1710	R	Predicted DNA-binding protein MJ1475, contains C-terminal HTH domain	0	0	0.0000	0	absent	0	0.0000	0	absent	0	0.0000	0	absent
COG1711	L	DNA replication initiation complex subunit, GINS family	0	0	0.0192	0	absent	0	0.0437	0	absent	0	0.0435	0	absent
COG1712	E	L-aspartate dehydrogenase, NAD(P)-dependent	0	0	0.0057	0	absent	0	0.0301	0	absent	0	0.1510	0	absent
COG1713	TR	Diadenosine tetraphosphatase YqeK or a related HD superfamily phosphohydrolase	0	0	0.0159	0	absent	0	0.0056	0	absent	0	0.0065	0	absent
COG1714	S	Uncharacterized membrane protein YckC, RDD family	0	0	0.9876	1	FP	0	0.9282	1	FP	0	0.9922	1	FP
COG1715	V	Restriction endonuclease Mrr	1	0	0.5638	1	recovered	1	0.9539	1	kept	0	0.1382	0	gap
COG1716	T	Forkhead associated (FHA) domain, binds pSer, pThr, pTyr	0	0	0.9560	1	FP	1	0.9772	1	FP	0	0.5937	1	FP
COG1717	J	Ribosomal protein L32E	0	0	0.0000	0	absent	0	0.0000	0	absent	0	0.0000	0	absent
COG1718	T	Serine/threonine-protein kinase RIO1	0	0	0.6585	1	FP	0	0.5308	1	FP	0	0.6962	1	FP
COG1719	R	Predicted hydrocarbon binding protein, contains 4VR domain	0	0	0.3484	0	absent	0	0.2847	0	absent	0	0.0287	0	absent
COG1720	J	tRNA (Thr-GGU) A37 N6-methylase	1	0	0.1812	0	gap	0	0.4620	0	gap	0	0.4193	0	gap
COG1721	S	Uncharacterized conserved protein, DUF58 family, contains vWF domain	0	0	0.8279	1	FP	0	0.8374	1	FP	0	0.5514	1	FP
COG1722	L	Exonuclease VII small subunit	1	1	0.9990	1	kept	1	0.9988	1	kept	0	0.9812	1	recovered
COG1723	J	Mitochondrial translation protein, Rmd1/RMND1/DUF155 family	0	0	0.1081	0	absent	0	0.0123	0	absent	0	0.0088	0	absent
COG1724	R	Predicted RNA binding protein YcfA, dsRBD-like fold, HicA-like mRNA interferase family	0	0	0.0423	0	absent	0	0.0132	0	absent	0	0.0162	0	absent
COG1725	K	DNA-binding transcriptional regulator YhcF, GntR family	0	0	0.0156	0	absent	0	0.0245	0	absent	0	0.1241	0	absent
COG1726	C	Na+-transporting NADH:ubiquinone oxidoreductase, subunit NqrA	0	0	0.0002	0	absent	0	0.0246	0	absent	0	0.0073	0	absent
COG1727	J	Ribosomal protein L18E	0	0	0.0000	0	absent	0	0.0000	0	absent	0	0.0000	0	absent
COG1728	S	Uncharacterized conserved protein YaaR, TM1646/DUF327 family	0	0	0.0022	0	absent	0	0.0004	0	absent	0	0.0005	0	absent
COG1729	D	Cell division protein CpoB, coordinates peptidoglycan biosynthesis and outer membrane constriction	1	1	0.9999	1	kept	0	0.9746	1	recovered	0	0.9402	1	recovered
COG1730	O	Prefoldin subunit 5	0	0	0.0012	0	absent	0	0.0072	0	absent	0	0.0013	0	absent
COG1731	H	Archaeal riboflavin synthase	0	0	0.0000	0	absent	0	0.0000	0	absent	0	0.0000	0	absent
COG1732	M	Periplasmic glycine betaine/choline-binding (lipo)protein of an ABC-type transport system (osmoprotectant binding protein)	1	1	0.8402	1	kept	1	0.6973	1	kept	1	0.8928	1	kept
COG1733	K	DNA-binding transcriptional regulator, HxlR family	1	0	0.9997	1	recovered	0	0.9739	1	recovered	0	0.7441	1	recovered
COG1734	K	RNA polymerase-binding transcription factor DksA	1	0	0.9999	1	recovered	0	0.9996	1	recovered	0	0.9835	1	recovered
COG1735	R	Predicted metal-dependent hydrolase, phosphotriesterase family	1	0	0.3946	0	gap	0	0.2237	0	gap	0	0.0403	0	gap
COG1736	J	Diphthamide synthase subunit DPH2	0	0	0.0000	0	absent	0	0.0000	0	absent	0	0.0000	0	absent
COG1737	K	DNA-binding transcriptional regulator, MurR/RpiR family, contains HTH and SIS domains	1	0	0.9294	1	recovered	1	0.9886	1	kept	0	0.2932	0	gap
COG1738	J	Queuosine precursor transporter YhhQ, DUF165 family	1	1	0.9856	1	kept	1	0.9538	1	kept	0	0.5635	1	recovered
COG1739	R	Putative translation regulator, IMPACT (imprinted ancient) protein family	1	1	0.9988	1	kept	0	0.9883	1	recovered	0	0.9683	1	recovered
COG1740	C	Ni,Fe-hydrogenase I small subunit	1	0	0.9610	1	recovered	1	0.9899	1	kept	0	0.0365	0	gap
COG1741	R	Redox-sensitive bicupin YhaK, pirin superfamily	1	1	0.9999	1	kept	0	0.9741	1	recovered	0	0.9753	1	recovered
COG1742	R	Uncharacterized inner membrane protein YnfA, drug/metabolite transporter superfamily	1	1	0.9458	1	kept	0	0.4569	0	gap	1	0.5587	1	kept
COG1743	L	Adenine-specific DNA methylase, contains a Zn-ribbon domain	0	0	0.0313	0	absent	0	0.1455	0	absent	0	0.0176	0	absent
COG1744	T	Lipoprotein Med, regulator of KinD/Spo0A, PBP1-ABC superfamily, includes NupN	0	0	0.9977	1	FP	0	0.9864	1	FP	0	0.9591	1	FP
COG1745	S	Uncharacterized metal-binding protein MJ1132, UPF0058 family	0	0	0.0000	0	absent	0	0.0000	0	absent	0	0.0000	0	absent
COG1746	J	tRNA nucleotidyltransferase (CCA-adding enzyme)	1	0	0.0803	0	gap	0	0.0848	0	gap	0	0.0483	0	gap
COG1747	S	Uncharacterized N-terminal domain of the transcription elongation factor GreA	0	0	0.0001	0	absent	0	0.0000	0	absent	0	0.0021	0	absent
COG1748	E	Saccharopine dehydrogenase, NADP-dependent	0	0	0.9663	1	FP	0	0.7345	1	FP	0	0.8698	1	FP
COG1749	N	Flagellar hook protein FlgE	1	1	0.9815	1	kept	0	0.8528	1	recovered	0	0.7351	1	recovered
COG1750	R	Predicted archaeal serine protease, S18 family	0	0	0.0089	0	absent	0	0.0023	0	absent	0	0.0069	0	absent
COG1751	GT	Ligand-binding C-terminal domain of pyruvate kinase, DUF1867	0	0	0.0004	0	absent	0	0.0004	0	absent	0	0.0005	0	absent
COG1752	R	Predicted acylesterase/phospholipase RssA, containd patatin domain	1	0	0.9901	1	recovered	0	0.8713	1	recovered	0	0.7023	1	recovered
COG1753	V	Predicted antitoxin, CopG family	0	0	0.0000	0	absent	0	0.0000	0	absent	0	0.0000	0	absent
COG1754	S	Uncharacterized C-terminal domain of topoisomerase IA	0	0	0.0021	0	absent	0	0.0004	0	absent	0	0.0000	0	absent
COG1755	S	Uncharacterized conserved protein YpbQ, isoprenylcysteine carboxyl methyltransferase (ICMT) family	0	0	0.3179	0	absent	0	0.1046	0	absent	0	0.0818	0	absent
COG1756	J	rRNA pseudouridine-1189 N-methylase Emg1, Nep1/Mra1 family	0	0	0.0000	0	absent	0	0.0000	0	absent	0	0.0000	0	absent
COG1757	C	Na+/H+ antiporter NhaC/MleN	0	0	0.4856	0	absent	0	0.8992	1	FP	0	0.4844	0	absent
COG1758	K	DNA-directed RNA polymerase, subunit K/omega	1	1	0.9957	1	kept	0	0.9587	1	recovered	0	0.6089	1	recovered
COG1759	F	5-formaminoimidazole-4-carboxamide-1-beta-D-ribofuranosyl 5'-monophosphate synthetase (purine biosynthesis)	0	0	0.0000	0	absent	0	0.0000	0	absent	0	0.0000	0	absent
COG1760	E	L-serine deaminase	1	0	0.9992	1	recovered	0	0.9906	1	recovered	1	0.9998	1	kept
COG1761	K	DNA-directed RNA polymerase, subunit L/RPAC2	0	0	0.0000	0	absent	0	0.0000	0	absent	0	0.0000	0	absent
COG1762	GT	Phosphotransferase system mannitol/fructose-specific IIA domain (Ntr-type)	1	0	0.9887	1	recovered	1	0.9964	1	kept	0	0.4020	0	gap
COG1763	H	Molybdopterin-guanine dinucleotide biosynthesis protein	1	0	0.3294	0	gap	1	0.9137	1	kept	1	0.8783	1	kept
COG1764	V	Organic hydroperoxide reductase OsmC/OhrA	1	1	0.9992	1	kept	1	0.9806	1	kept	0	0.7084	1	recovered
COG1765	R	Uncharacterized OsmC-related protein	1	0	0.9168	1	recovered	1	0.9959	1	kept	0	0.7774	1	recovered
COG1766	NU	Flagellar biosynthesis/type III secretory pathway M-ring protein FliF/YscJ	1	1	0.9997	1	kept	0	0.9556	1	recovered	0	0.7623	1	recovered
COG1767	H	Triphosphoribosyl-dephospho-CoA synthetase	1	0	0.9763	1	recovered	1	0.9911	1	kept	0	0.0764	0	gap
COG1768	R	Predicted phosphohydrolase, DR1119 family, metallophosphatase superfamily	0	0	0.0007	0	absent	0	0.0021	0	absent	0	0.0039	0	absent
COG1769	V	CRISPR-Cas system type III CMR-effector complex subunit Cmr3, RAMP superfamily Cas5 group	0	0	0.0036	0	absent	0	0.0073	0	absent	0	0.0040	0	absent
COG1770	E	Protease II	1	1	0.7057	1	kept	0	0.0200	0	gap	0	0.0664	0	gap
COG1771	S	Uncharacterized conserved protein, contains N-terminal Zn-finger domain	0	0	0.0000	0	absent	0	0.0000	0	absent	0	0.0000	0	absent
COG1772	S	Uncharacterized conserved protein, DUF531 domain	0	0	0.0000	0	absent	0	0.0000	0	absent	0	0.0000	0	absent
COG1773	P	Flavorubredoxin	1	1	0.9983	1	kept	1	0.9989	1	kept	0	0.3744	0	gap
COG1774	T	Cell fate regulator YaaT, PSP1 superfamily (controls sporulation, competence, biofilm development)	0	0	0.2866	0	absent	0	0.7870	1	FP	0	0.0819	0	absent
COG1775	EQ	Benzoyl-CoA reductase/2-hydroxyglutaryl-CoA dehydratase subunit, BcrC/BadD/HgdB	1	0	0.2503	0	gap	0	0.1807	0	gap	0	0.0270	0	gap
COG1776	T	Phosphoaspartate phosphatase CheC, specific for CheY-P	0	0	0.3123	0	absent	0	0.3158	0	absent	0	0.0939	0	absent
COG1777	K	Predicted transcriptional regulator, ArsR family	0	0	0.0011	0	absent	0	0.0005	0	absent	0	0.0005	0	absent
COG1778	MR	3-deoxy-D-manno-octulosonate 8-phosphate phosphatase KdsC and related HAD superfamily phosphatases	1	0	0.9420	1	recovered	0	0.9393	1	recovered	0	0.9284	1	recovered
COG1779	R	C4-type Zn-finger protein	0	0	0.0000	0	absent	0	0.0000	0	absent	0	0.0000	0	absent
COG1780	F	Flavodoxin NrdI, NrdF-interacting activator of class Ib ribonucleotide reductase	1	0	0.0117	0	gap	0	0.0014	0	gap	0	0.0577	0	gap
COG1781	F	Aspartate carbamoyltransferase, regulatory subunit	1	0	0.0000	0	gap	0	0.0001	0	gap	1	0.0309	0	gap
COG1782	R	Predicted metal-dependent RNase, contains metallo-beta-lactamase and KH domains	0	0	0.0000	0	absent	0	0.0000	0	absent	0	0.0000	0	absent
COG1783	X	Phage terminase large subunit	1	1	0.7184	1	kept	0	0.0114	0	gap	0	0.1187	0	gap
COG1784	R	TctA family transporter	0	0	0.0074	0	absent	0	0.0072	0	absent	0	0.0462	0	absent
COG1785	PR	Alkaline phosphatase	1	1	0.9919	1	kept	0	0.7316	1	recovered	1	0.9752	1	kept
COG1786	I	Mevalonate 5-phosphate dehydratase subunit 2, swiveling domain (modified mevalonate pathway)	0	0	0.0061	0	absent	0	0.0276	0	absent	0	0.0134	0	absent
COG1787	V	Endonuclease, HJR/Mrr/RecB family	0	0	0.0502	0	absent	0	0.0178	0	absent	0	0.0173	0	absent
COG1788	I	Acyl CoA:acetate/3-ketoacid CoA transferase, alpha subunit	1	1	0.9956	1	kept	0	0.7909	1	recovered	1	0.9818	1	kept
COG1790	S	Uncharacterized conserved protein, DUF483 domain	0	0	0.0000	0	absent	0	0.0000	0	absent	0	0.0000	0	absent
COG1791	E	Acireductone dioxygenase (methionine salvage), cupin superfamily	0	0	0.0122	0	absent	0	0.0016	0	absent	0	0.0040	0	absent
COG1792	DZ	Cell shape-determining protein MreC	1	1	0.9999	1	kept	1	0.9979	1	kept	0	0.9885	1	recovered
COG1793	L	ATP-dependent DNA ligase	0	0	0.6399	1	FP	0	0.2918	0	absent	0	0.4399	0	absent
COG1794	M	Amino acid racemase YgeA	1	1	0.9855	1	kept	0	0.9055	1	recovered	0	0.4838	0	gap
COG1795	C	Formaldehyde-activating enzyme (5,6,7,8-tetrahydromethanopterin hydrolyase)	0	0	0.0013	0	absent	0	0.0015	0	absent	0	0.0005	0	absent
COG1796	L	DNA polymerase/3'-5' exonuclease PolX	0	0	0.0028	0	absent	0	0.0043	0	absent	0	0.0011	0	absent
COG1797	H	Cobyrinic acid a,c-diamide synthase	0	0	0.9898	1	FP	0	0.9382	1	FP	0	0.0609	0	absent
COG1798	J	Diphthamide biosynthesis methyltransferase	0	0	0.0000	0	absent	0	0.0000	0	absent	0	0.0000	0	absent
COG1799	D	Cell division protein SepF/YlmF, interacts with FtsZ	0	0	0.0000	0	absent	0	0.0000	0	absent	0	0.0007	0	absent
COG1800	R	Predicted transglutaminase-like protease, UPF0252 family	0	0	0.0007	0	absent	0	0.0030	0	absent	0	0.0031	0	absent
COG1801	R	Sugar isomerase-related protein YecE, UPF0759/DUF72 family	1	0	0.0789	0	gap	0	0.1737	0	gap	0	0.0358	0	gap
COG1802	K	DNA-binding transcriptional regulator, GntR family	1	1	0.9999	1	kept	0	0.9861	1	recovered	0	0.9109	1	recovered
COG1803	G	Methylglyoxal synthase	1	1	0.9822	1	kept	0	0.2174	0	gap	0	0.3407	0	gap
COG1804	I	Crotonobetainyl-CoA:carnitine CoA-transferase CaiB and related acyl-CoA transferases	1	1	0.9846	1	kept	1	0.9716	1	kept	1	0.6415	1	kept
COG1805	C	Na+-transporting NADH:ubiquinone oxidoreductase, subunit NqrB	0	0	0.0048	0	absent	0	0.0160	0	absent	0	0.0334	0	absent
COG1806	T	Regulator of PEP synthase PpsR, kinase-PPPase family (combines ADP:protein kinase and phosphorylase activities)	1	1	0.8240	1	kept	0	0.7168	1	recovered	0	0.0999	0	gap
COG1807	M	PMT family glycosyltransferase ArnT/Agl22, involved in glycosylation of proteins and lipid IVA	1	0	0.9904	1	recovered	0	0.9350	1	recovered	0	0.2841	0	gap
COG1808	S	Uncharacterized membrane protein AF0785, contains DUF389 domain	0	0	0.0365	0	absent	0	0.0871	0	absent	0	0.0383	0	absent
COG1809	H	Phosphosulfolactate synthase, CoM biosynthesis protein A	0	0	0.0098	0	absent	0	0.0226	0	absent	0	0.0012	0	absent
COG1810	S	Uncharacterized conserved protein, DUF166 domain	0	0	0.0003	0	absent	0	0.0011	0	absent	0	0.0023	0	absent
COG1811	S	Uncharacterized membrane protein YqgA, affects biofilm formation	1	1	0.6779	1	kept	0	0.2159	0	gap	0	0.2673	0	gap
COG1812	H	Archaeal S-adenosylmethionine synthetase	0	0	0.0012	0	absent	0	0.0013	0	absent	0	0.0011	0	absent
COG1813	J	Archaeal ribosome-binding protein aMBF1, putative translation factor, contains Zn-ribbon and HTH domains	0	0	0.2945	0	absent	0	0.1891	0	absent	0	0.0418	0	absent
COG1814	P	Predicted Fe2+/Mn2+ transporter, VIT1/CCC1 family	0	0	0.6214	1	FP	0	0.1262	0	absent	0	0.2647	0	absent
COG1815	N	Flagellar basal body rod protein FlgB	1	1	0.9986	1	kept	0	0.8801	1	recovered	0	0.6237	1	recovered
COG1816	F	Adenosine deaminase	1	1	0.9999	1	kept	0	0.9484	1	recovered	0	0.9047	1	recovered
COG1817	R	Predicted glycosyltransferase	0	0	0.0047	0	absent	0	0.0188	0	absent	0	0.0023	0	absent
COG1818	J	tRNA(Ser,Leu) C12 N-acetylase TAN1, contains THUMP domain	0	0	0.0014	0	absent	0	0.0024	0	absent	0	0.0006	0	absent
COG1819	G	UDP:flavonoid glycosyltransferase YjiC, YdhE family	1	0	0.9386	1	recovered	0	0.7621	1	recovered	0	0.1669	0	gap
COG1820	G	N-acetylglucosamine-6-phosphate deacetylase	1	1	0.9953	1	kept	1	0.9220	1	kept	0	0.2948	0	gap
COG1821	H	Tyramine-glutamate ligase MfnD (methanofuran biosynthesis), ATP-grasp superfamily	0	0	0.0033	0	absent	0	0.0023	0	absent	0	0.0014	0	absent
COG1822	M	Uncharacterized membrane protein MJ0419, predicted role in archaeal polysaccharide biosynthesis	0	0	0.0000	0	absent	0	0.0000	0	absent	0	0.0000	0	absent
COG1823	E	L-cystine transporter TcyP, sodium:dicarboxylate symporter family	1	0	0.0814	0	gap	1	0.4763	0	gap	1	0.4560	0	gap
COG1824	P	Permease, similar to cation transporters	0	0	0.0000	0	absent	0	0.0000	0	absent	0	0.0000	0	absent
COG1825	J	Ribosomal protein L25 (general stress protein Ctc)	1	1	0.9998	1	kept	0	0.9875	1	recovered	0	0.9898	1	recovered
COG1826	U	Twin-arginine protein secretion pathway components TatA and TatB	1	1	1.0000	1	kept	0	0.9973	1	recovered	0	0.9971	1	recovered
COG1827	KH	Transcriptional regulator of NAD metabolism, contains HTH and 3H domains	0	0	0.0003	0	absent	0	0.0001	0	absent	0	0.0013	0	absent
COG1828	F	Phosphoribosylformylglycinamidine (FGAM) synthase, PurS subunit	0	0	0.0738	0	absent	0	0.0078	0	absent	0	0.0108	0	absent
COG1829	H	Archaeal pantoate kinase	0	0	0.0001	0	absent	0	0.0002	0	absent	0	0.0003	0	absent
COG1830	G	Fructose-bisphosphate aldolase class Ia, DhnA family	1	0	0.5998	1	recovered	0	0.3871	0	gap	1	0.6014	1	kept
COG1831	R	Predicted metal-dependent hydrolase, urease superfamily	0	0	0.0005	0	absent	0	0.0001	0	absent	0	0.0001	0	absent
COG1832	R	Predicted CoA-binding protein	1	0	0.9217	1	recovered	1	0.9918	1	kept	0	0.9371	1	recovered
COG1833	R	Uri superfamily endonuclease	0	0	0.0011	0	absent	0	0.0104	0	absent	0	0.0011	0	absent
COG1834	E	N-Dimethylarginine dimethylaminohydrolase	0	0	0.8827	1	FP	0	0.6244	1	FP	0	0.2751	0	absent
COG1835	M	Peptidoglycan/LPS O-acetylase OafA/YrhL, contains acyltransferase and SGNH-hydrolase domains	1	1	0.9997	1	kept	1	0.9912	1	kept	1	0.9905	1	kept
COG1836	R	Cytidylyltransferase family enzyme	0	0	0.0045	0	absent	0	0.0091	0	absent	0	0.0070	0	absent
COG1837	R	Predicted RNA-binding protein YlqC, contains KH domain, UPF0109 family	0	0	0.9855	1	FP	0	0.8878	1	FP	0	0.9897	1	FP
COG1838	C	Tartrate dehydratase beta subunit/Fumarate hydratase class I, C-terminal domain	1	1	0.9998	1	kept	1	0.9984	1	kept	0	0.9309	1	recovered
COG1839	F	Adenosine/AMP kinase	0	0	0.0248	0	absent	0	0.0069	0	absent	0	0.0009	0	absent
COG1840	P	ABC-type Fe3+ transport system, periplasmic component	1	0	0.9957	1	recovered	1	0.9999	1	kept	0	0.9198	1	recovered
COG1841	J	Ribosomal protein L30/L7E	1	1	1.0000	1	kept	1	0.9994	1	kept	0	0.9714	1	recovered
COG1842	KT	Phage shock protein A	1	0	0.9237	1	recovered	0	0.9573	1	recovered	0	0.7022	1	recovered
COG1843	N	Flagellar hook-capping protein FlgD	1	0	0.9818	1	recovered	0	0.9487	1	recovered	0	0.7661	1	recovered
COG1844	S	Uncharacterized conserved protein, DUF356 domain	0	0	0.0000	0	absent	0	0.0000	0	absent	0	0.0000	0	absent
COG1845	C	Heme/copper-type cytochrome/quinol oxidase, subunit 3	1	0	0.8293	1	recovered	0	0.9080	1	recovered	0	0.1539	0	gap
COG1846	K	DNA-binding transcriptional regulator, MarR family	1	0	0.9997	1	recovered	1	0.9996	1	kept	0	0.9790	1	recovered
COG1847	R	Predicted RNA-binding protein Jag (SpoIIIJ-associated), conains KH and R3H domains	0	0	0.9818	1	FP	0	0.9394	1	FP	0	0.9877	1	FP
COG1848	V	VapC family ribonuclease, toxin component of the VapBC toxin-antitoxin module, contains PIN domain	0	0	0.0250	0	absent	0	0.0361	0	absent	0	0.0323	0	absent
COG1849	S	Uncharacterized conserved protein	0	0	0.0000	0	absent	0	0.0000	0	absent	0	0.0000	0	absent
COG1850	G	Ribulose 1,5-bisphosphate carboxylase, large subunit, or a RuBisCO-like protein	0	0	0.0895	0	absent	0	0.2966	0	absent	0	0.0206	0	absent
COG1851	S	Uncharacterized conserved protein, UPF0128 family	0	0	0.0001	0	absent	0	0.0001	0	absent	0	0.0001	0	absent
COG1852	R	Predicted redox protein with CxxCxxC motif, DUF116 family	0	0	0.0198	0	absent	0	0.0305	0	absent	0	0.0592	0	absent
COG1853	C	FMN reductase RutF, DIM6/NTAB family	1	1	0.9983	1	kept	1	0.9645	1	kept	0	0.5793	1	recovered
COG1854	T	S-ribosylhomocysteine lyase LuxS, autoinducer biosynthesis	1	1	0.2668	0	gap	0	0.0057	0	gap	1	0.8074	1	kept
COG1855	UW	Predicted ATPase, PilT family, contains N-terminal PIN domain	0	0	0.0000	0	absent	0	0.0000	0	absent	0	0.0000	0	absent
COG1856	R	Uncharacterized conserved protein, radical SAM superfamily	0	0	0.0004	0	absent	0	0.0014	0	absent	0	0.0001	0	absent
COG1857	V	CRISPR-Cas system type I effector complex subunit Cas7,  RAMP superfamily	0	0	0.1072	0	absent	0	0.2755	0	absent	0	0.0269	0	absent
COG1858	O	Cytochrome c peroxidase	1	0	0.7374	1	recovered	0	0.6606	1	recovered	0	0.4951	0	gap
COG1859	J	RNA:NAD 2'-phosphotransferase, TPT1/KptA family	1	1	0.6949	1	kept	0	0.0226	0	gap	0	0.0394	0	gap
COG1860	FL	Predicted metal-binding protein, contains two cysteine clusters, UPF0179 family	0	0	0.0000	0	absent	0	0.0000	0	absent	0	0.0000	0	absent
COG1861	M	Spore coat polysaccharide biosynthesis protein SpsF, cytidylyltransferase family	0	0	0.0596	0	absent	0	0.0831	0	absent	0	0.0212	0	absent
COG1862	U	Protein translocase subunit YajC	1	1	0.9993	1	kept	0	0.9613	1	recovered	0	0.9796	1	recovered
COG1863	P	Multisubunit Na+/H+ antiporter, MnhE subunit	0	0	0.0245	0	absent	1	0.9945	1	FP	0	0.5374	1	FP
COG1864	F	DNA/RNA endonuclease G, NUC1	0	0	0.3270	0	absent	0	0.2774	0	absent	0	0.1368	0	absent
COG1865	H	Adenosylcobinamide amidohydrolase	0	0	0.0554	0	absent	0	0.0976	0	absent	0	0.0078	0	absent
COG1866	C	Phosphoenolpyruvate carboxykinase, ATP-dependent	1	1	0.8452	1	kept	1	0.6877	1	kept	0	0.1347	0	gap
COG1867	J	tRNA G26 N,N-dimethylase Trm1	0	0	0.0000	0	absent	0	0.0000	0	absent	0	0.0000	0	absent
COG1868	N	Flagellar motor switch protein FliM	1	0	0.9986	1	recovered	1	0.9998	1	kept	0	0.8712	1	recovered
COG1869	G	D-ribose pyranose/furanose isomerase RbsD	1	0	0.1436	0	gap	1	0.8558	1	kept	0	0.0965	0	gap
COG1871	T	Chemotaxis receptor (MCP) glutamine deamidase CheD	0	0	0.7403	1	FP	0	0.8105	1	FP	0	0.1933	0	absent
COG1872	S	Uncharacterized conserved protein YggU, UPF0235/DUF167 family	1	1	0.6370	1	kept	0	0.0358	0	gap	1	0.3732	0	gap
COG1873	R	Sporulation protein YlmC, YlmC/YmxH family, contains PRC-barrel domain	0	0	0.0124	0	absent	0	0.0156	0	absent	0	0.0042	0	absent
COG1874	G	Beta-galactosidase GanA	0	0	0.5820	1	FP	0	0.2844	0	absent	0	0.0978	0	absent
COG1875	R	Predicted ribonuclease YlaK, contains NYN-type RNase and PhoH-family ATPase domains	0	0	0.9995	1	FP	0	0.9968	1	FP	0	0.9878	1	FP
COG1876	M	LD-carboxypeptidase LdcB, LAS superfamily	0	0	0.2882	0	absent	0	0.2776	0	absent	1	0.9258	1	FP
COG1877	G	Trehalose-6-phosphate phosphatase	1	1	0.1641	0	gap	0	0.0198	0	gap	0	0.0152	0	gap
COG1878	E	Kynurenine formamidase	0	0	0.2528	0	absent	1	0.8034	1	FP	0	0.1822	0	absent
COG1879	G	ABC-type sugar transport system, periplasmic component, contains N-terminal xre family HTH domain	1	0	0.9990	1	recovered	1	0.9990	1	kept	0	0.7807	1	recovered
COG1880	C	CO dehydrogenase/acetyl-CoA synthase epsilon subunit	0	0	0.0000	0	absent	0	0.0000	0	absent	0	0.0000	0	absent
COG1881	R	Uncharacterized conserved protein, phosphatidylethanolamine-binding protein (PEBP) family	1	0	0.6296	1	recovered	0	0.2104	0	gap	0	0.0685	0	gap
COG1882	C	Pyruvate-formate lyase	1	0	0.8000	1	recovered	0	0.9035	1	recovered	0	0.9406	1	recovered
COG1883	C	Na+-transporting oxaloacetate/methylmalonyl-CoA decarboxylase, beta subunit	0	0	0.2375	0	absent	0	0.8169	1	FP	0	0.5289	1	FP
COG1884	I	Methylmalonyl-CoA mutase, N-terminal domain/subunit	1	0	0.5318	1	recovered	0	0.4121	0	gap	0	0.1024	0	gap
COG1885	S	Uncharacterized conserved protein, UPF0212 family	0	0	0.0000	0	absent	0	0.0000	0	absent	0	0.0000	0	absent
COG1886	NU	Flagellar motor switch/type III secretory pathway protein FliN	1	1	0.9996	1	kept	1	0.9997	1	kept	0	0.9565	1	recovered
COG1887	MI	CDP-glycerol glycerophosphotransferase, TagB/SpsB family	0	0	0.0792	0	absent	0	0.2147	0	absent	0	0.1080	0	absent
COG1888	S	Uncharacterized conserved protein, DUF211 domain	0	0	0.0025	0	absent	0	0.0020	0	absent	0	0.0018	0	absent
COG1889	J	Fibrillarin-like rRNA 2'-O-methylase NOP1	0	0	0.0002	0	absent	0	0.0003	0	absent	0	0.0001	0	absent
COG1890	J	Ribosomal protein S3AE	0	0	0.0000	0	absent	0	0.0000	0	absent	0	0.0000	0	absent
COG1891	H	4-(hydroxymethyl)-2-furancarboxaldehyde phosphate synthase MfnB	0	0	0.0008	0	absent	0	0.0011	0	absent	0	0.0017	0	absent
COG1892	G	Phosphoenolpyruvate carboxylase	0	0	0.0001	0	absent	0	0.0002	0	absent	0	0.0001	0	absent
COG1893	H	Ketopantoate reductase	1	1	0.9959	1	kept	1	0.9930	1	kept	1	0.9781	1	kept
COG1894	C	NADH:ubiquinone oxidoreductase, NADH-binding 51 kD subunit (chain F)	1	1	0.9988	1	kept	1	0.9987	1	kept	0	0.8034	1	recovered
COG1895	V	HEPN domain protein, predicted toxin of MNT-HEPN system	0	0	0.0005	0	absent	0	0.0007	0	absent	0	0.0005	0	absent
COG1896	FR	5'-deoxynucleotidase YfbR and related HD superfamily hydrolases	1	0	0.8638	1	recovered	0	0.9403	1	recovered	0	0.8516	1	recovered
COG1897	E	Homoserine O-succinyltransferase	1	0	0.0639	0	gap	0	0.0955	0	gap	1	0.9154	1	kept
COG1898	M	dTDP-4-dehydrorhamnose 3,5-epimerase or related enzyme	1	0	0.9359	1	recovered	1	0.9766	1	kept	0	0.7905	1	recovered
COG1899	OJ	Deoxyhypusine synthase	0	0	0.0166	0	absent	0	0.0716	0	absent	0	0.0434	0	absent
COG1900	E	Sulfur incorporation enzyme MA1821 (anaerobic homocysteine biosynthesis), HcyBio/DUF39 family	0	0	0.0010	0	absent	0	0.0051	0	absent	0	0.0191	0	absent
COG1901	J	tRNA pseudouridine-54 N-methylase	0	0	0.0004	0	absent	0	0.0003	0	absent	0	0.0004	0	absent
COG1902	C	2,4-dienoyl-CoA reductase or related NADH-dependent reductase, Old Yellow Enzyme (OYE) family	1	1	0.9999	1	kept	1	0.9979	1	kept	0	0.7984	1	recovered
COG1903	H	Cobalamin biosynthesis protein CbiD (cobalt-precorrin-5B C-methyltransferase)	0	0	0.8732	1	FP	0	0.8439	1	FP	0	0.0177	0	absent
COG1904	G	Glucuronate isomerase	1	1	0.9664	1	kept	0	0.1353	0	gap	1	0.5650	1	kept
COG1905	C	NADH:ubiquinone oxidoreductase 24 kD subunit (chain E)	1	0	0.9948	1	recovered	1	0.9997	1	kept	0	0.9247	1	recovered
COG1906	R	Predicted GntP-related membrane permease AF0261, DUF401 family	0	0	0.0130	0	absent	0	0.0080	0	absent	0	0.0099	0	absent
COG1907	H	Beta-ribofuranosylaminobenzene 5'-phosphate synthase (methanopterin biosynthesis)	0	0	0.0025	0	absent	0	0.0067	0	absent	0	0.0019	0	absent
COG1908	C	Coenzyme F420-reducing hydrogenase, delta subunit	0	0	0.0009	0	absent	0	0.0081	0	absent	0	0.0742	0	absent
COG1909	H	Archaeal dephospho-CoA kinase	0	0	0.0000	0	absent	0	0.0000	0	absent	0	0.0000	0	absent
COG1910	P	Periplasmic molybdate-binding protein/domain	0	0	0.1132	0	absent	0	0.1558	0	absent	0	0.0315	0	absent
COG1911	J	Ribosomal protein L30E	0	0	0.0000	0	absent	0	0.0000	0	absent	0	0.0000	0	absent
COG1912	HV	Stereoselective (R,S)-S-adenosylmethionine hydrolase (adenosine-forming)	1	1	0.6524	1	kept	0	0.0202	0	gap	0	0.0766	0	gap
COG1913	R	Predicted Zn-dependent protease	0	0	0.0626	0	absent	0	0.0898	0	absent	0	0.0124	0	absent
COG1914	P	Mn2+ or Fe2+ transporter, NRAMP family	1	1	0.9929	1	kept	0	0.4109	0	gap	0	0.0241	0	gap
COG1915	S	Uncharacterized conserved protein AF1278, contains saccharopine dehydrogenase N-terminal (SDHN) domain	0	0	0.0018	0	absent	0	0.0232	0	absent	0	0.0077	0	absent
COG1916	S	Pheromone shutdown protein TraB, contains GTxH motif (function unknown)	0	0	0.9391	1	FP	0	0.8505	1	FP	0	0.9437	1	FP
COG1917	R	Cupin domain protein related to quercetin dioxygenase	1	1	0.9999	1	kept	1	0.9998	1	kept	0	0.9707	1	recovered
COG1918	P	Fe2+ transport protein FeoA	1	0	0.8996	1	recovered	1	0.9992	1	kept	1	0.9897	1	kept
COG1920	H	2-phospho-L-lactate guanylyltransferase, coenzyme F420 biosynthesis enzyme, CobY/MobA/RfbA family	0	0	0.0001	0	absent	0	0.0003	0	absent	0	0.0004	0	absent
COG1921	J	Seryl-tRNA(Sec) selenium transferase	1	1	0.9083	1	kept	1	0.9721	1	kept	0	0.1607	0	gap
COG1922	M	UDP-N-acetyl-D-mannosaminuronic acid transferase, WecB/TagA/CpsF family	1	1	0.7527	1	kept	1	0.7486	1	kept	0	0.0429	0	gap
COG1923	T	sRNA-binding regulator protein Hfq	1	1	0.1926	0	gap	0	0.0014	0	gap	1	0.0540	0	gap
COG1924	I	Activator of 2-hydroxyglutaryl-CoA dehydratase (HSP70-class ATPase domain)	1	1	0.7789	1	kept	0	0.1539	0	gap	0	0.1263	0	gap
COG1925	TG	HPr or related phosphotransfer protein	1	0	0.9993	1	recovered	1	0.9997	1	kept	0	0.8725	1	recovered
COG1926	R	Predicted phosphoribosyltransferase	0	1	0.5504	1	FP	0	0.0038	0	absent	0	0.0303	0	absent
COG1927	C	F420-dependent methylenetetrahydromethanopterin dehydrogenase	0	0	0.0000	0	absent	0	0.0000	0	absent	0	0.0000	0	absent
COG1928	O	Dolichyl-phosphate-mannose--protein O-mannosyl transferase	0	0	0.0090	0	absent	0	0.0069	0	absent	0	0.0110	0	absent
COG1929	G	Glycerate kinase	1	0	0.8910	1	recovered	0	0.1751	0	gap	0	0.1439	0	gap
COG1930	P	ABC-type cobalt transport system, periplasmic component	0	0	0.0203	0	absent	0	0.0057	0	absent	0	0.0016	0	absent
COG1931	R	Predicted RNA binding protein with dsRBD fold, UPF0201 family	0	0	0.0000	0	absent	0	0.0000	0	absent	0	0.0000	0	absent
COG1932	HE	Phosphoserine aminotransferase	1	1	0.9992	1	kept	0	0.9851	1	recovered	0	0.9591	1	recovered
COG1933	L	Archaeal DNA polymerase II, large subunit	0	0	0.0025	0	absent	0	0.0035	0	absent	0	0.0018	0	absent
COG1934	M	Lipopolysaccharide export system protein LptA	1	1	0.9995	1	kept	1	0.9994	1	kept	0	0.7045	1	recovered
COG1935	S	Uncharacterized conserved protein, DUF473 domain	0	0	0.0000	0	absent	0	0.0000	0	absent	0	0.0000	0	absent
COG1936	F	Broad-specificity NMP kinase	0	0	0.0009	0	absent	0	0.0006	0	absent	0	0.0007	0	absent
COG1937	K	DNA-binding transcriptional regulator, FrmR family	1	1	0.9343	1	kept	0	0.5280	1	recovered	0	0.4991	0	gap
COG1938	R	Predicted ATP-dependent carboligase, ATP-grasp superfamily	0	0	0.0002	0	absent	0	0.0003	0	absent	0	0.0069	0	absent
COG1939	J	23S rRNA maturation mini-RNase III	0	0	0.0001	0	absent	0	0.0001	0	absent	0	0.0005	0	absent
COG1940	GK	Sugar kinase of the NBD/HSP70 family, may contain an N-terminal HTH domain	1	1	0.9990	1	kept	0	0.8779	1	recovered	0	0.4437	0	gap
COG1941	C	Coenzyme F420-reducing hydrogenase, gamma subunit	0	0	0.1199	0	absent	0	0.1309	0	absent	0	0.0138	0	absent
COG1942	Q	Phenylpyruvate tautomerase PptA, 4-oxalocrotonate tautomerase family	0	0	0.9479	1	FP	0	0.9342	1	FP	0	0.6867	1	FP
COG1943	X	REP element-mobilizing transposase RayT	1	1	0.9808	1	kept	0	0.7309	1	recovered	0	0.3758	0	gap
COG1944	J	Ribosomal protein S12 methylthiotransferase accessory factor YcaO	1	1	0.9920	1	kept	0	0.7179	1	recovered	1	0.8937	1	kept
COG1945	E	Pyruvoyl-dependent arginine decarboxylase	0	0	0.0002	0	absent	0	0.0005	0	absent	0	0.0024	0	absent
COG1946	I	Acyl-CoA thioesterase	1	0	0.1257	0	gap	0	0.1995	0	gap	0	0.0367	0	gap
COG1947	I	4-diphosphocytidyl-2C-methyl-D-erythritol kinase	1	1	0.9967	1	kept	1	0.9977	1	kept	0	0.8307	1	recovered
COG1948	L	ERCC4-type crossover junction endonuclease	0	0	0.0084	0	absent	0	0.0167	0	absent	0	0.0089	0	absent
COG1949	A	Oligoribonuclease (3'-5' exoribonuclease)	1	1	0.4179	0	gap	0	0.1736	0	gap	0	0.4306	0	gap
COG1950	S	Uncharacterized membrane protein YvlD, DUF360 family	0	0	0.1823	0	absent	0	0.1926	0	absent	0	0.0523	0	absent
COG1951	C	Tartrate dehydratase alpha subunit/Fumarate hydratase class I, N-terminal domain	1	1	0.2384	0	gap	0	0.0438	0	gap	1	0.1662	0	gap
COG1952	U	Preprotein translocase subunit SecB	1	0	0.0620	0	gap	0	0.1446	0	gap	1	0.3622	0	gap
COG1953	FH	Cytosine/uracil/thiamine/allantoin permease	1	1	0.9559	1	kept	0	0.1722	0	gap	0	0.0099	0	gap
COG1954	K	Glycerol-3-phosphate responsive antiterminator (mRNA-binding)	1	0	0.0085	0	gap	0	0.0094	0	gap	1	0.0823	0	gap
COG1955	N	Archaellum biogenesis protein ArlJ/FlaJ, TadC family	0	0	0.0000	0	absent	0	0.0000	0	absent	0	0.0000	0	absent
COG1956	VT	GAF domain-containing protein, putative methionine-R-sulfoxide reductase	1	1	0.9548	1	kept	0	0.0296	0	gap	1	0.4704	0	gap
COG1957	F	Inosine-uridine nucleoside N-ribohydrolase	1	0	0.6912	1	recovered	0	0.5134	1	recovered	0	0.3323	0	gap
COG1958	K	Small nuclear ribonucleoprotein (snRNP) homolog	0	0	0.0000	0	absent	0	0.0000	0	absent	0	0.0000	0	absent
COG1959	K	DNA-binding transcriptional regulator, IscR family	1	1	0.9999	1	kept	0	0.9909	1	recovered	0	0.6605	1	recovered
COG1960	I	Acyl-CoA dehydrogenase related to the alkylation response protein AidB	1	1	1.0000	1	kept	0	0.9976	1	recovered	0	0.9857	1	recovered
COG1961	L	Site-specific DNA recombinase SpoIVCA/DNA invertase PinE	1	1	0.9998	1	kept	0	0.9210	1	recovered	0	0.8012	1	recovered
COG1962	H	Tetrahydromethanopterin S-methyltransferase, subunit H	0	0	0.0003	0	absent	0	0.0010	0	absent	0	0.0002	0	absent
COG1963	R	Acid phosphatase family membrane protein YuiD	0	0	0.0009	0	absent	0	0.0054	0	absent	0	0.0099	0	absent
COG1964	H	C-terminal domain of the GTP 3',8'-cyclase MoaA, radical SAM superfamily (molybdenum cofactor biosynthesis)	0	0	0.2624	0	absent	0	0.3631	0	absent	0	0.0684	0	absent
COG1965	P	Fe-S cluster assembly protein CyaY, frataxin homolog	1	1	0.1159	0	gap	0	0.0216	0	gap	1	0.0185	0	gap
COG1966	CE	Carbon starvation protein CstA (peptide/pyruvate transporter)	1	0	0.9379	1	recovered	1	0.9890	1	kept	0	0.5841	1	recovered
COG1967	S	Uncharacterized membrane protein	0	0	0.0000	0	absent	0	0.0000	0	absent	0	0.0000	0	absent
COG1968	I	Undecaprenyl pyrophosphate phosphatase	1	1	0.9998	1	kept	0	0.9907	1	recovered	0	0.9772	1	recovered
COG1969	C	Ni,Fe-hydrogenase I cytochrome b subunit	1	1	0.7348	1	kept	0	0.1564	0	gap	0	0.0105	0	gap
COG1970	M	Large-conductance mechanosensitive channel	1	1	0.9970	1	kept	0	0.4267	0	gap	0	0.8543	1	recovered
COG1971	P	Putative Mn2+ efflux pump MntP	1	1	0.9940	1	kept	1	0.9921	1	kept	1	0.9562	1	kept
COG1972	F	Nucleoside permease NupC	1	0	0.0355	0	gap	0	0.4111	0	gap	0	0.2235	0	gap
COG1973	O	Hydrogenase maturation factor HypE	0	0	0.0000	0	absent	0	0.0000	0	absent	0	0.0000	0	absent
COG1974	KT	SOS-response transcriptional repressor LexA (RecA-mediated autopeptidase)	1	0	0.9407	1	recovered	0	0.9838	1	recovered	0	0.9016	1	recovered
COG1975	O	Molybdoenzyme maturation factor PaoD (Mo cofactor insertion), XdhC/CoxF family	1	1	0.9999	1	kept	0	0.9958	1	recovered	0	0.8985	1	recovered
COG1976	J	Translation initiation factor 6 (eIF-6)	0	0	0.0000	0	absent	0	0.0000	0	absent	0	0.0000	0	absent
COG1977	H	Molybdopterin synthase sulfur carrier subunit MoaD	1	1	0.9899	1	kept	1	0.9941	1	kept	0	0.2930	0	gap
COG1978	R	Predicted RNase H-related nuclease YkuK, DUF458 family	0	0	0.0093	0	absent	0	0.0362	0	absent	0	0.0039	0	absent
COG1979	C	Alcohol dehydrogenase YqhD, Fe-dependent ADH family	1	1	0.9955	1	kept	0	0.8313	1	recovered	0	0.8093	1	recovered
COG1980	G	Archaeal fructose 1,6-bisphosphatase	0	0	0.0001	0	absent	0	0.0000	0	absent	0	0.0001	0	absent
COG1981	H	Protoporphyrinogen oxidase HemJ (unrelated to HemG or HemY)	0	1	0.9804	1	FP	0	0.0760	0	absent	0	0.1869	0	absent
COG1982	E	Arginine/lysine/ornithine decarboxylase	1	1	0.5950	1	kept	0	0.0117	0	gap	0	0.0313	0	gap
COG1983	KT	Phage shock protein PspC (stress-responsive transcriptional regulator)	1	0	0.3537	0	gap	0	0.7547	1	recovered	0	0.7816	1	recovered
COG1984	E	5-oxoprolinase subunit C/Allophanate hydrolase subunit 2	1	1	0.9967	1	kept	0	0.7372	1	recovered	0	0.1380	0	gap
COG1985	H	Pyrimidine reductase, riboflavin biosynthesis	0	0	0.0638	0	absent	0	0.0240	0	absent	0	0.0510	0	absent
COG1986	FV	Non-canonical (house-cleaning) NTP pyrophosphatase, all-alpha NTP-PPase family	1	1	0.4429	0	gap	1	0.1595	0	gap	1	0.0899	0	gap
COG1987	N	Flagellar biosynthesis protein FliQ	1	1	0.9992	1	kept	0	0.9396	1	recovered	0	0.5161	1	recovered
COG1988	R	Membrane-bound metal-dependent hydrolase YbcI, DUF457 family	1	0	0.3892	0	gap	1	0.9633	1	kept	0	0.1876	0	gap
COG1989	NU	Prepilin signal peptidase PulO (type II secretory pathway) or related peptidase	1	1	0.9977	1	kept	1	0.9988	1	kept	0	0.9161	1	recovered
COG1990	J	Peptidyl-tRNA hydrolase	0	0	0.0140	0	absent	0	0.0016	0	absent	0	0.0145	0	absent
COG1991	R	Uncharacterized conserved protein MJ0832_1, predicted component of type IV pili-like system, UPF0333 family	0	0	0.0000	0	absent	0	0.0000	0	absent	0	0.0000	0	absent
COG1992	R	Predicted transcriptional regulator fused phosphomethylpyrimidine kinase (thiamin biosynthesis)	0	0	0.0000	0	absent	0	0.0000	0	absent	0	0.0000	0	absent
COG1993	T	PII-like signaling protein	0	0	0.2117	0	absent	0	0.1169	0	absent	0	0.0093	0	absent
COG1994	O	Zn-dependent protease (includes sporulation protein SpoIVFB)	0	0	0.9655	1	FP	0	0.8751	1	FP	0	0.6255	1	FP
COG1995	H	4-hydroxy-L-threonine phosphate dehydrogenase PdxA	1	0	0.9953	1	recovered	0	0.9770	1	recovered	0	0.5702	1	recovered
COG1996	K	DNA-directed RNA polymerase, subunit RPC12/RpoP, contains C4-type Zn-finger	0	0	0.0587	0	absent	0	0.0543	0	absent	0	0.0869	0	absent
COG1997	J	Ribosomal protein L37AE/L43A	0	0	0.0000	0	absent	0	0.0000	0	absent	0	0.0000	0	absent
COG1998	J	Ribosomal protein S27AE	0	0	0.0000	0	absent	0	0.0000	0	absent	0	0.0000	0	absent
COG1999	O	Cytochrome oxidase Cu insertion factor, SCO1/SenC/PrrC family	1	1	0.9995	1	kept	0	0.9826	1	recovered	0	0.4484	0	gap
COG2000	R	Uncharacterized Fe-S cluster-containing protein	0	0	0.0006	0	absent	0	0.0011	0	absent	0	0.0017	0	absent
COG2001	J	MraZ, DNA-binding transcriptional regulator and inhibitor of RsmH methyltransferase activity	1	0	0.5724	1	recovered	0	0.9576	1	recovered	0	0.7272	1	recovered
COG2002	KV	Bifunctional DNA-binding transcriptional regulator of stationary/sporulation/toxin gene expression and antitoxin component of the YhaV-PrlF toxin-antitoxin module	0	0	0.0342	0	absent	0	0.0880	0	absent	0	0.0420	0	absent
COG2003	L	DNA repair protein RadC, contains a helix-hairpin-helix DNA-binding motif	1	0	0.7806	1	recovered	1	0.9980	1	kept	0	0.9440	1	recovered
COG2004	J	Ribosomal protein S24E	0	0	0.0000	0	absent	0	0.0000	0	absent	0	0.0000	0	absent
COG2005	K	DNA-binding transcriptional regulator ModE (molybdenum-dependent)	1	1	0.9206	1	kept	0	0.3504	0	gap	0	0.1139	0	gap
COG2006	S	Uncharacterized conserved protein, DUF362 family	0	0	0.1285	0	absent	0	0.3264	0	absent	0	0.1602	0	absent
COG2007	J	Ribosomal protein S8E	0	0	0.0000	0	absent	0	0.0000	0	absent	0	0.0000	0	absent
COG2008	E	Threonine aldolase	1	1	0.9998	1	kept	1	0.9997	1	kept	0	0.9355	1	recovered
COG2009	C	Succinate dehydrogenase/fumarate reductase, cytochrome b subunit	1	1	0.9977	1	kept	0	0.1367	0	gap	1	0.9500	1	kept
COG2010	C	Cytochrome c, mono- and diheme variants	0	0	1.0000	1	FP	0	0.9996	1	FP	0	0.9566	1	FP
COG2011	E	ABC-type methionine transport system, permease component	1	0	0.9856	1	recovered	0	0.6253	1	recovered	0	0.8675	1	recovered
COG2012	K	DNA-directed RNA polymerase, subunit H, RpoH/RPB5	0	0	0.0000	0	absent	0	0.0000	0	absent	0	0.0000	0	absent
COG2013	C	AIM24 protein, required for mitochondrial respiration	0	0	0.5874	1	FP	0	0.5221	1	FP	0	0.2090	0	absent
COG2014	S	Uncharacterized conserved protein, contains DUF4213 and DUF364 domains	0	0	0.0990	0	absent	0	0.0613	0	absent	0	0.0761	0	absent
COG2015	Q	Alkyl sulfatase BDS1 and related hydrolases, metallo-beta-lactamase superfamily	1	0	0.1877	0	gap	0	0.0843	0	gap	0	0.0134	0	gap
COG2016	J	Predicted ribosome-associated RNA-binding protein Tma20, contains PUA domain	0	0	0.0000	0	absent	0	0.0000	0	absent	0	0.0000	0	absent
COG2017	G	Galactose mutarotase or related enzyme	1	1	0.9995	1	kept	0	0.9132	1	recovered	0	0.5102	1	recovered
COG2018	T	Predicted regulator of Ras-like GTPase activity, Roadblock/LC7/MglB family	0	0	0.1378	0	absent	0	0.1292	0	absent	0	0.0556	0	absent
COG2019	F	Archaeal adenylate kinase	0	0	0.0018	0	absent	0	0.0015	0	absent	0	0.0013	0	absent
COG2020	O	Protein-S-isoprenylcysteine O-methyltransferase Ste14	0	0	0.8951	1	FP	0	0.4289	0	absent	0	0.2217	0	absent
COG2021	E	Homoserine O-acetyltransferase	1	0	0.9836	1	recovered	0	0.9171	1	recovered	0	0.6606	1	recovered
COG2022	H	Thiazole synthase ThiGH, ThiG subunit (thiamin biosynthesis)	1	0	0.9485	1	recovered	1	0.9989	1	kept	0	0.3941	0	gap
COG2023	J	Ribonuclease P protein subunit RPR2	0	0	0.0000	0	absent	0	0.0000	0	absent	0	0.0000	0	absent
COG2025	C	Electron transfer flavoprotein, alpha subunit FixB	1	1	0.9952	1	kept	1	0.9928	1	kept	0	0.8871	1	recovered
COG2026	V	mRNA-degrading endonuclease RelE, toxin component of the RelBE toxin-antitoxin system	0	0	0.0710	0	absent	0	0.2073	0	absent	0	0.2546	0	absent
COG2027	M	D-alanyl-D-alanine carboxypeptidase	1	0	0.9482	1	recovered	0	0.8722	1	recovered	0	0.8636	1	recovered
COG2028	R	ASCH domain, putative RNA-binding protein, DUF365 family	0	0	0.0000	0	absent	0	0.0000	0	absent	0	0.0000	0	absent
COG2029	S	Uncharacterized conserved protein, DUF366 domain	0	0	0.0000	0	absent	0	0.0000	0	absent	0	0.0001	0	absent
COG2030	I	Acyl-CoA dehydratase PaaZ	0	0	0.9729	1	FP	0	0.9824	1	FP	0	0.6554	1	FP
COG2031	I	Short chain fatty acids transporter	1	1	0.5841	1	kept	0	0.0213	0	gap	1	0.1801	0	gap
COG2032	P	Cu/Zn superoxide dismutase	1	1	0.9367	1	kept	0	0.1231	0	gap	0	0.1075	0	gap
COG2033	C	Desulfoferrodoxin, superoxide reductase-like (SORL) domain	0	0	0.0274	0	absent	0	0.6144	1	FP	0	0.1306	0	absent
COG2034	S	Uncharacterized membrane protein, DUF131 family	0	0	0.0000	0	absent	0	0.0000	0	absent	0	0.0000	0	absent
COG2035	S	Uncharacterized membrane protein, DUF368 family	0	0	0.0009	0	absent	0	0.1512	0	absent	0	0.2902	0	absent
COG2036	B	Archaeal histone H3/H4	0	0	0.0013	0	absent	0	0.0144	0	absent	0	0.0032	0	absent
COG2037	C	Formylmethanofuran:tetrahydromethanopterin formyltransferase	0	1	0.0031	0	absent	0	0.0006	0	absent	0	0.0002	0	absent
COG2038	H	NaMN:DMB phosphoribosyltransferase	1	1	0.9994	1	kept	0	0.9248	1	recovered	0	0.2386	0	gap
COG2039	O	Pyrrolidone-carboxylate peptidase (N-terminal pyroglutamyl peptidase)	0	0	0.1123	0	absent	0	0.3036	0	absent	0	0.0469	0	absent
COG2040	E	Homocysteine/selenocysteine methylase (S-methylmethionine-dependent)	0	0	0.5374	1	FP	0	0.6964	1	FP	0	0.1627	0	absent
COG2041	C	Molybdopterin-dependent catalytic subunit of periplasmic DMSO/TMAO and protein-methionine-sulfoxide reductases	1	1	0.9545	1	kept	1	0.8779	1	kept	0	0.0353	0	gap
COG2042	J	Ribosome biogenesis protein Tsr3 (rRNA maturation)	0	0	0.0367	0	absent	0	0.0064	0	absent	0	0.0049	0	absent
COG2043	S	Uncharacterized conserved protein, DUF169 family	0	0	0.0430	0	absent	0	0.0343	0	absent	0	0.0205	0	absent
COG2044	R	Predicted peroxiredoxin, DsrE/DsrF-like family	0	0	0.0728	0	absent	0	0.1314	0	absent	0	0.0761	0	absent
COG2045	H	Phosphosulfolactate phosphohydrolase or related enzyme	0	0	0.1269	0	absent	0	0.0261	0	absent	1	0.1643	0	absent
COG2046	P	ATP sulfurylase (sulfate adenylyltransferase)	0	0	0.0160	0	absent	0	0.0080	0	absent	0	0.0077	0	absent
COG2047	R	Proteasome assembly chaperone (PAC2) family protein	0	0	0.0010	0	absent	0	0.0065	0	absent	0	0.0021	0	absent
COG2048	C	Heterodisulfide reductase, subunit B	0	0	0.0122	0	absent	0	0.0098	0	absent	0	0.0200	0	absent
COG2049	E	5-oxoprolinase subunit B/Allophanate hydrolase subunit 1	1	1	0.9873	1	kept	1	0.8514	1	kept	0	0.0440	0	gap
COG2050	Q	Acyl-CoA thioesterase PaaI, contains HGG motif	1	1	0.9998	1	kept	0	0.9792	1	recovered	1	0.9973	1	kept
COG2051	J	Ribosomal protein S27E	0	0	0.0000	0	absent	1	0.0000	0	absent	0	0.0000	0	absent
COG2052	M	Regulator of extracellular matrix RemA, YlzA/DUF370 family	0	0	0.0267	0	absent	0	0.0728	0	absent	0	0.0075	0	absent
COG2053	J	Ribosomal protein S28E/S33	0	0	0.0000	0	absent	0	0.0000	0	absent	0	0.0000	0	absent
COG2054	H	5-(aminomethyl)-3-furanmethanol-phosphate kinase MfnE (methanofuran biosynthesis)	0	0	0.0006	0	absent	0	0.0008	0	absent	0	0.0005	0	absent
COG2055	C	Malate/lactate/ureidoglycolate dehydrogenase, LDH2 family	1	1	0.9402	1	kept	0	0.7169	1	recovered	0	0.0910	0	gap
COG2056	E	Predicted histidine transporter YuiF, NhaC family	0	0	0.0037	0	absent	0	0.0284	0	absent	0	0.3578	0	absent
COG2057	I	Acyl-CoA:acetate/3-ketoacid CoA transferase, beta subunit	1	0	0.9247	1	recovered	1	0.9683	1	kept	1	0.9886	1	kept
COG2058	J	Ribosomal protein L12E/L44/L45/RPP1/RPP2	0	0	0.0006	0	absent	0	0.0007	0	absent	0	0.0010	0	absent
COG2059	P	Chromate transport protein ChrA	0	0	0.5106	1	FP	0	0.4985	0	absent	0	0.2524	0	absent
COG2060	P	K+-transporting ATPase, KdpA subunit	1	1	0.9982	1	kept	0	0.0284	0	gap	0	0.0991	0	gap
COG2061	R	Uncharacterized conserved protein, contains ACT domain	0	0	0.0001	0	absent	0	0.0001	0	absent	0	0.0001	0	absent
COG2062	T	Phosphohistidine phosphatase SixA	1	1	0.9997	1	kept	1	0.9994	1	kept	0	0.9749	1	recovered
COG2063	N	Flagellar basal body L-ring protein FlgH	1	1	0.9981	1	kept	0	0.9668	1	recovered	0	0.3175	0	gap
COG2064	W	Flp pilus assembly protein TadC	0	0	0.0033	0	absent	0	0.0266	0	absent	0	0.2217	0	absent
COG2065	F	Pyrimidine operon attenuation protein PyrR/uracil phosphoribosyltransferase	0	0	0.9439	1	FP	0	0.8926	1	FP	0	0.2814	0	absent
COG2066	E	Glutaminase	1	1	0.9875	1	kept	1	0.9879	1	kept	0	0.8566	1	recovered
COG2067	I	Long-chain fatty acid transport protein	1	1	0.9975	1	kept	0	0.7913	1	recovered	0	0.7042	1	recovered
COG2068	H	CTP:molybdopterin cytidylyltransferase MocA	1	0	0.9824	1	recovered	0	0.9553	1	recovered	0	0.7669	1	recovered
COG2069	C	CO dehydrogenase/acetyl-CoA synthase delta subunit (corrinoid Fe-S protein)	0	0	0.0001	0	absent	0	0.0015	0	absent	0	0.0003	0	absent
COG2070	R	NAD(P)H-dependent flavin oxidoreductase YrpB, nitropropane dioxygenase family	0	0	0.9998	1	FP	0	0.9978	1	FP	1	0.9995	1	FP
COG2071	E	Gamma-glutamyl-gamma-aminobutyrate hydrolase PuuD (putrescine degradation), contains GATase1-like domain	0	0	0.8679	1	FP	0	0.5422	1	FP	0	0.1965	0	absent
COG2072	P	Predicted flavoprotein CzcO associated with the cation diffusion facilitator CzcD	1	1	0.9703	1	kept	1	0.9072	1	kept	0	0.2704	0	gap
COG2073	H	Cobalamin biosynthesis protein CbiG	0	0	0.8082	1	FP	0	0.5660	1	FP	0	0.0110	0	absent
COG2074	GI	2-phosphoglycerate kinase/Mevalonate-3-phosphate 5-kinase	0	0	0.0009	0	absent	0	0.0028	0	absent	0	0.0022	0	absent
COG2075	J	Ribosomal protein L24E	0	0	0.0000	0	absent	0	0.0000	0	absent	0	0.0000	0	absent
COG2076	V	Multidrug transporter EmrE and related cation transporters	1	0	0.9914	1	recovered	1	0.9922	1	kept	0	0.9081	1	recovered
COG2077	O	Peroxiredoxin	1	1	0.9999	1	kept	0	0.9908	1	recovered	0	0.9877	1	recovered
COG2078	R	Predicted RNA modification protein, AMMECR1 domain	0	0	0.0203	0	absent	0	0.0498	0	absent	0	0.0247	0	absent
COG2079	G	2-methylcitrate dehydratase PrpD	1	0	0.5367	1	recovered	0	0.4150	0	gap	0	0.1565	0	gap
COG2080	C	Aldehyde, CO, or xanthine dehydrogenase, Fe-S subunit, CoxS/CutS family	1	0	0.8674	1	recovered	0	0.9667	1	recovered	1	0.9639	1	kept
COG2081	R	Predicted flavoprotein YhiN	1	0	0.7058	1	recovered	0	0.7408	1	recovered	1	0.9937	1	kept
COG2082	H	Precorrin-8X methylmutase CbiC/CobH	0	0	0.9041	1	FP	0	0.7408	1	FP	0	0.0217	0	absent
COG2083	S	Uncharacterized conserved protein, UPF0216 family	0	0	0.0000	0	absent	0	0.0000	0	absent	0	0.0001	0	absent
COG2084	I	3-hydroxyisobutyrate dehydrogenase or related beta-hydroxyacid dehydrogenase	1	1	0.9999	1	kept	0	0.9935	1	recovered	1	0.9767	1	kept
COG2085	R	Predicted dinucleotide-binding enzyme	1	1	0.9496	1	kept	1	0.5845	1	kept	0	0.0359	0	gap
COG2086	C	Electron transfer flavoprotein, alpha and beta subunits	1	1	0.9930	1	kept	0	0.9363	1	recovered	0	0.8863	1	recovered
COG2087	H	Adenosyl cobinamide kinase/adenosyl cobinamide phosphate guanylyltransferase	1	1	0.9996	1	kept	0	0.9937	1	recovered	0	0.0824	0	gap
COG2088	D	DNA-binding protein SpoVG, cell septation regulator	0	0	0.0062	0	absent	0	0.0123	0	absent	0	0.0439	0	absent
COG2089	M	Sialic acid synthase SpsE, contains C-terminal SAF domain	1	0	0.4300	0	gap	0	0.7518	1	recovered	0	0.5758	1	recovered
COG2090	S	Uncharacterized conserved protein, DUF371 domain	0	0	0.0000	0	absent	0	0.0000	0	absent	0	0.0000	0	absent
COG2091	H	Phosphopantetheinyl transferase	1	1	0.9971	1	kept	1	0.9946	1	kept	0	0.3709	0	gap
COG2092	J	Translation elongation factor EF-1beta	0	0	0.0000	0	absent	0	0.0000	0	absent	0	0.0000	0	absent
COG2093	K	RNA polymerase subunit RPABC4/transcription elongation factor Spt4	0	0	0.0000	0	absent	0	0.0000	0	absent	0	0.0000	0	absent
COG2094	L	3-methyladenine DNA glycosylase Mpg	0	0	0.2904	0	absent	0	0.3778	0	absent	0	0.0532	0	absent
COG2095	E	Small neutral amino acid transporter SnatA, MarC family	1	1	0.9997	1	kept	0	0.7404	1	recovered	0	0.9330	1	recovered
COG2096	H	Cob(II)alamin adenosyltransferase	0	0	0.9534	1	FP	0	0.9366	1	FP	0	0.3407	0	absent
COG2097	J	Ribosomal protein L31E	0	0	0.0000	0	absent	0	0.0000	0	absent	0	0.0000	0	absent
COG2098	H	7,8-dihydroneopterin aldolase MptD (tetrahydrofolate and tetrahydromethanopterin biosynthesis)	0	0	0.0000	0	absent	0	0.0000	0	absent	0	0.0000	0	absent
COG2099	H	Precorrin-6x reductase	0	0	0.1878	0	absent	0	0.0274	0	absent	0	0.0010	0	absent
COG2100	R	Uncharacterized Fe-S cluster-containing enzyme, radical SAM superfamily	0	0	0.0041	0	absent	0	0.0002	0	absent	0	0.0010	0	absent
COG2101	K	TATA-box binding protein (TBP), component of TFIID and TFIIIB	0	0	0.0000	0	absent	0	0.0000	0	absent	0	0.0000	0	absent
COG2102	J	Diphthamide synthase (EF-2-diphthine--ammonia ligase)	0	0	0.0057	0	absent	0	0.0226	0	absent	0	0.0194	0	absent
COG2103	M	N-acetylmuramic acid 6-phosphate (MurNAc-6-P) etherase	1	1	0.9451	1	kept	1	0.7549	1	kept	0	0.0459	0	gap
COG2104	H	Sulfur carrier protein ThiS (thiamine biosynthesis)	1	1	0.9987	1	kept	1	0.9960	1	kept	0	0.3138	0	gap
COG2105	E	Predicted gamma-glutamylamine cyclotransferase YtfP, GGCT/AIG2-like family	1	1	0.9973	1	kept	1	0.9923	1	kept	0	0.1083	0	gap
COG2106	R	Predicted RNA methylase MTH1, SPOUT superfamily	0	0	0.0000	0	absent	0	0.0000	0	absent	0	0.0000	0	absent
COG2107	H	1,4-dihydroxy-6-naphtoate synthase (menaquinone biosynthesis, futalosine pathway)	0	0	0.0799	0	absent	0	0.0102	0	absent	0	0.5628	1	FP
COG2108	S	Uncharacterized radical SAM domain-containing protein	0	0	0.0131	0	absent	0	0.0511	0	absent	0	0.0140	0	absent
COG2109	H	ATP:corrinoid adenosyltransferase	1	1	0.8055	1	kept	1	0.5867	1	kept	0	0.1350	0	gap
COG2110	J	O-acetyl-ADP-ribose deacetylase (regulator of RNase III), contains Macro domain	1	1	0.9662	1	kept	0	0.7188	1	recovered	0	0.3841	0	gap
COG2111	P	Multisubunit Na+/H+ antiporter, MnhB subunit	0	0	0.0072	0	absent	0	0.7951	1	FP	0	0.1452	0	absent
COG2112	T	Predicted Ser/Thr protein kinase	0	0	0.0004	0	absent	0	0.0003	0	absent	0	0.0006	0	absent
COG2113	E	ABC-type proline/glycine betaine transport system, periplasmic component	1	0	0.8925	1	recovered	0	0.9845	1	recovered	0	0.9857	1	recovered
COG2114	T	Adenylate cyclase, class 3	0	0	0.8244	1	FP	0	0.5631	1	FP	0	0.6825	1	FP
COG2115	G	Xylose isomerase	1	1	0.8027	1	kept	1	0.8804	1	kept	0	0.0496	0	gap
COG2116	P	Formate/nitrite transporter FocA, FNT family	1	0	0.1426	0	gap	1	0.8451	1	kept	0	0.2287	0	gap
COG2117	J	Predicted subunit of tRNA(5-methylaminomethyl-2-thiouridylate) methyltransferase, contains the PP-loop ATPase domain	0	0	0.0007	0	absent	0	0.0041	0	absent	0	0.0057	0	absent
COG2118	R	DNA-binding TFAR19-related protein, PDSD5 family	0	0	0.0000	0	absent	0	0.0000	0	absent	0	0.0000	0	absent
COG2119	R	Putative Ca2+/H+ antiporter, TMEM165/GDT1 family	0	0	0.0092	0	absent	0	0.0188	0	absent	0	0.0114	0	absent
COG2120	G	N-acetylglucosaminyl deacetylase, LmbE family	1	0	0.8111	1	recovered	1	0.9670	1	kept	0	0.5489	1	recovered
COG2121	S	Uncharacterized conserved protein, lysophospholipid acyltransferase (LPLAT) superfamily	0	0	0.4101	0	absent	0	0.7365	1	FP	0	0.8602	1	FP
COG2122	S	Uncharacterized conserved protein, UPF0280 family, ApbE superfamily	0	0	0.0022	0	absent	0	0.0150	0	absent	0	0.0210	0	absent
COG2123	U	Exosome complex RNA-binding protein Rrp42, RNase PH superfamily	0	0	0.0001	0	absent	0	0.0000	0	absent	0	0.0001	0	absent
COG2124	QV	Cytochrome P450	0	0	0.4455	0	absent	0	0.1037	0	absent	0	0.0343	0	absent
COG2125	J	Ribosomal protein S6E (S10)	0	0	0.0000	0	absent	0	0.0000	0	absent	0	0.0000	0	absent
COG2126	J	Ribosomal protein L37E	0	0	0.1594	0	absent	0	0.4849	0	absent	0	0.1861	0	absent
COG2127	O	ATP-dependent Clp protease adapter protein ClpS	1	1	0.9998	1	kept	0	0.9984	1	recovered	0	0.9688	1	recovered
COG2128	P	Alkylhydroperoxidase family enzyme, contains CxxC motif	1	0	0.7882	1	recovered	0	0.8219	1	recovered	1	0.9389	1	kept
COG2129	R	Predicted phosphoesterase, related to the Icc protein	0	0	0.5346	1	FP	0	0.5951	1	FP	0	0.3287	0	absent
COG2130	QR	NADPH-dependent curcumin reductase CurA	0	0	0.2624	0	absent	0	0.1698	0	absent	0	0.1063	0	absent
COG2131	F	Deoxycytidylate deaminase	0	0	0.9513	1	FP	0	0.9788	1	FP	0	0.7782	1	FP
COG2132	DPM	Multicopper oxidase with three cupredoxin domains (includes cell division protein FtsP and spore coat protein CotA)	1	0	0.5182	1	recovered	0	0.3994	0	gap	1	0.9091	1	kept
COG2133	G	Glucose/arabinose dehydrogenase, beta-propeller fold	1	0	0.8651	1	recovered	1	0.9966	1	kept	1	0.9260	1	kept
COG2134	I	CDP-diacylglycerol pyrophosphatase	1	0	0.0034	0	gap	0	0.0004	0	gap	0	0.0006	0	gap
COG2135	L	ssDNA abasic site-binding protein YedK/HMCES, SRAP family	1	0	0.7231	1	recovered	0	0.5823	1	recovered	0	0.2072	0	gap
COG2136	J	rRNA maturation protein Rpf1, contains Brix/IMP4 (anticodon-binding) domain	0	0	0.0004	0	absent	0	0.0002	0	absent	0	0.0008	0	absent
COG2137	O	SOS response regulatory protein OraA/RecX, interacts with RecA	1	0	0.9127	1	recovered	1	0.9979	1	kept	0	0.4677	0	gap
COG2138	H	Sirohydrochlorin ferrochelatase	0	0	0.7081	1	FP	0	0.3753	0	absent	0	0.0114	0	absent
COG2139	J	Ribosomal protein L21E	0	0	0.0000	0	absent	0	0.0000	0	absent	0	0.0000	0	absent
COG2140	G	Oxalate decarboxylase/archaeal phosphoglucose isomerase, cupin superfamily	0	0	0.0777	0	absent	0	0.0090	0	absent	0	0.0087	0	absent
COG2141	HR	Flavin-dependent oxidoreductase, luciferase family (includes alkanesulfonate monooxygenase SsuD and methylene tetrahydromethanopterin reductase)	1	1	0.9994	1	kept	0	0.7731	1	recovered	0	0.9507	1	recovered
COG2142	C	Succinate dehydrogenase, hydrophobic anchor subunit	1	1	0.0939	0	gap	0	0.0001	0	gap	1	0.0660	0	gap
COG2143	O	Thioredoxin-related protein SoxW	0	1	0.0591	0	absent	0	0.0030	0	absent	0	0.0053	0	absent
COG2144	R	Selenophosphate synthetase-related protein	0	0	0.0830	0	absent	0	0.0694	0	absent	0	0.0028	0	absent
COG2145	H	Hydroxyethylthiazole kinase, sugar kinase family	1	0	0.8499	1	recovered	0	0.4818	0	gap	0	0.6714	1	recovered
COG2146	PQ	Ferredoxin subunit of nitrite reductase or a ring-hydroxylating dioxygenase	1	1	0.9703	1	kept	0	0.1998	0	gap	0	0.0410	0	gap
COG2147	J	Ribosomal protein L19E	0	0	0.0000	0	absent	0	0.0000	0	absent	0	0.0000	0	absent
COG2148	M	Sugar transferase involved in LPS biosynthesis (colanic, teichoic acid)	1	0	0.9301	1	recovered	0	0.9110	1	recovered	0	0.6820	1	recovered
COG2149	S	Uncharacterized membrane protein YidH, DUF202 family	1	0	0.0680	0	gap	1	0.2981	0	gap	0	0.0756	0	gap
COG2150	R	Predicted regulator of amino acid metabolism, contains ACT domain	0	0	0.0000	0	absent	0	0.0000	0	absent	0	0.0000	0	absent
COG2151	O	Metal-sulfur cluster biosynthetic enzyme	0	0	0.3951	0	absent	0	0.0089	0	absent	0	0.0537	0	absent
COG2152	G	Predicted glycosyl hydrolase, GH43/DUF377 family	0	0	0.0260	0	absent	0	0.0232	0	absent	0	0.0097	0	absent
COG2153	R	Predicted N-acyltransferase, GNAT family	1	1	0.9835	1	kept	0	0.8415	1	recovered	0	0.1617	0	gap
COG2154	H	Pterin-4a-carbinolamine dehydratase	0	0	0.2580	0	absent	0	0.4013	0	absent	0	0.0394	0	absent
COG2155	S	Uncharacterized membrane protein YuzA, DUF378 family	0	0	0.0013	0	absent	0	0.0013	0	absent	0	0.0010	0	absent
COG2156	P	K+-transporting ATPase, KdpC subunit	1	1	0.9981	1	kept	0	0.0444	0	gap	0	0.1047	0	gap
COG2157	J	Ribosomal protein L20A (L18A)	0	0	0.0000	0	absent	0	0.0000	0	absent	0	0.0000	0	absent
COG2158	R	Uncharacterized conserved protein, contains a Zn-finger-like domain	0	0	0.0007	0	absent	0	0.0038	0	absent	0	0.0034	0	absent
COG2159	G	5-carboxyvanillate decarboxylase LigW (lignin degradation), amidohydro domain	0	0	0.8946	1	FP	0	0.7833	1	FP	0	0.0321	0	absent
COG2160	G	L-arabinose isomerase	1	0	0.3909	0	gap	1	0.8648	1	kept	0	0.0505	0	gap
COG2161	V	Antitoxin component YafN of the YafNO toxin-antitoxin module, PHD/YefM family	1	1	0.9892	1	kept	1	0.9937	1	kept	0	0.5083	1	recovered
COG2162	Q	Arylamine N-acetyltransferase	1	1	0.9590	1	kept	1	0.8350	1	kept	0	0.0824	0	gap
COG2163	J	Ribosomal protein L14E/L6E/L27E	0	0	0.0000	0	absent	0	0.0000	0	absent	1	0.0002	0	absent
COG2164	R	Uncharacterized protein with cyclophilin fold, contains DUF369 domain	0	0	0.0106	0	absent	0	0.0116	0	absent	0	0.0099	0	absent
COG2165	NUW	Type II secretory pathway, pseudopilin PulG	1	0	0.9825	1	recovered	1	0.9994	1	kept	0	0.9421	1	recovered
COG2166	O	Sulfur transfer protein SufE, Fe-S cluster assembly	1	1	0.9055	1	kept	0	0.0095	0	gap	0	0.0636	0	gap
COG2167	J	Ribosomal protein L39E	0	0	0.0000	0	absent	0	0.0000	0	absent	0	0.0000	0	absent
COG2168	J	Sulfur transfer complex TusBCD TusB component, DsrH family	1	1	0.0010	0	gap	0	0.0001	0	gap	0	0.0000	0	gap
COG2169	L	Methylphosphotriester-DNA--protein-cysteine methyltransferase (N-terminal fragment of Ada), contains Zn-binding and two AraC-type DNA-binding domains	1	1	0.9171	1	kept	0	0.1395	0	gap	1	0.5016	1	kept
COG2170	O	Gamma-glutamyl:cysteine ligase YbdK, ATP-grasp superfamily	1	0	0.2855	0	gap	0	0.4763	0	gap	1	0.8582	1	kept
COG2171	E	Tetrahydrodipicolinate N-succinyltransferase	1	1	0.9986	1	kept	1	0.9705	1	kept	0	0.5615	1	recovered
COG2172	T	Anti-sigma regulatory factor (Ser/Thr protein kinase)	0	0	0.8240	1	FP	0	0.8052	1	FP	0	0.0884	0	absent
COG2173	M	D-alanyl-D-alanine dipeptidase	0	0	0.7360	1	FP	0	0.0291	0	absent	0	0.0397	0	absent
COG2174	J	Ribosomal protein L34E	0	0	0.0000	0	absent	0	0.0000	0	absent	0	0.0000	0	absent
COG2175	Q	Taurine dioxygenase, alpha-ketoglutarate-dependent	1	1	0.8633	1	kept	0	0.0334	0	gap	0	0.0049	0	gap
COG2176	L	DNA polymerase III, alpha subunit (gram-positive type)	0	0	0.2456	0	absent	0	0.5191	1	FP	0	0.1545	0	absent
COG2177	D	Cell division protein FtsX	1	0	0.9948	1	recovered	0	0.9790	1	recovered	1	0.9856	1	kept
COG2178	R	Predicted RNA- or ssDNA-binding protein, translin family	0	0	0.0000	0	absent	0	0.0000	0	absent	0	0.0001	0	absent
COG2179	R	Predicted phosphohydrolase YqeG, HAD superfamily	0	0	0.0000	0	absent	0	0.0001	0	absent	0	0.0002	0	absent
COG2180	CPO	Nitrate reductase assembly protein NarJ, required for insertion of molybdenum cofactor	1	0	0.4756	0	gap	1	0.6173	1	kept	0	0.5004	1	recovered
COG2181	CP	Nitrate reductase gamma subunit	1	1	0.9803	1	kept	0	0.6518	1	recovered	0	0.9098	1	recovered
COG2182	G	Maltose-binding periplasmic protein MalE	1	1	0.8926	1	kept	0	0.0426	0	gap	0	0.2018	0	gap
COG2183	K	Transcriptional accessory protein Tex/SPT6	1	1	0.9999	1	kept	0	0.9989	1	recovered	0	0.9940	1	recovered
COG2184	T	Fido, protein-threonine AMPylation domain	1	1	0.8481	1	kept	0	0.4250	0	gap	0	0.2259	0	gap
COG2185	I	Methylmalonyl-CoA mutase, C-terminal domain/subunit (cobalamin-binding)	0	0	0.3039	0	absent	0	0.3255	0	absent	1	0.6055	1	FP
COG2186	K	DNA-binding transcriptional regulator, FadR family	1	1	0.9999	1	kept	0	0.9982	1	recovered	0	0.9369	1	recovered
COG2187	R	Aminoglycoside phosphotransferase family enzyme	0	0	0.0068	0	absent	0	0.0137	0	absent	0	0.0101	0	absent
COG2188	K	DNA-binding transcriptional regulator, GntR family	1	1	0.9999	1	kept	1	0.9996	1	kept	0	0.8669	1	recovered
COG2189	L	Adenine specific DNA methylase Mod	1	0	0.0810	0	gap	1	0.7459	1	kept	0	0.0809	0	gap
COG2190	G	Phosphotransferase system IIA component	1	0	0.1811	0	gap	1	0.3946	0	gap	0	0.0704	0	gap
COG2191	C	Formylmethanofuran dehydrogenase subunit E	0	0	0.0290	0	absent	0	0.1630	0	absent	0	0.1300	0	absent
COG2192	R	Predicted carbamoyl transferase, NodU family	0	0	0.0188	0	absent	0	0.2384	0	absent	0	0.0276	0	absent
COG2193	P	Bacterioferritin (cytochrome b1)	1	0	0.4002	0	gap	0	0.1857	0	gap	0	0.0047	0	gap
COG2194	M	Phosphoethanolamine transferase for periplasmic glucans OpgE, AlkP superfamily	1	1	0.9179	1	kept	0	0.1434	0	gap	0	0.3320	0	gap
COG2195	E	Di- or tripeptidase	1	1	0.9998	1	kept	1	0.9997	1	kept	1	0.9970	1	kept
COG2197	TK	DNA-binding response regulator, NarL/FixJ family, contains REC and HTH domains	1	1	1.0000	1	kept	0	0.9979	1	recovered	0	0.9905	1	recovered
COG2198	T	HPt (histidine-containing phosphotransfer) domain	0	0	0.2820	0	absent	0	0.4886	0	absent	0	0.4954	0	absent
COG2199	T	GGDEF domain, diguanylate cyclase (c-di-GMP synthetase) or its enzymatically inactive variants	1	1	1.0000	1	kept	1	1.0000	1	kept	1	0.9981	1	kept
COG2200	T	EAL domain, c-di-GMP-specific phosphodiesterase class I (or its enzymatically inactive variant)	1	1	0.8770	1	kept	0	0.3271	0	gap	0	0.0463	0	gap
COG2201	T	Chemotaxis response regulator CheB, contains REC and protein-glutamate methylesterase domains	1	1	0.9995	1	kept	0	0.9911	1	recovered	0	0.8964	1	recovered
COG2202	T	PAS domain	0	0	0.9180	1	FP	0	0.9792	1	FP	0	0.7576	1	FP
COG2203	T	GAF domain	0	0	0.9976	1	FP	0	0.9986	1	FP	0	0.9723	1	FP
COG2204	T	DNA-binding transcriptional response regulator, NtrC family, contains REC, AAA-type ATPase, and a Fis-type DNA-binding domains	1	1	1.0000	1	kept	1	1.0000	1	kept	1	1.0000	1	kept
COG2205	T	K+-sensing histidine kinase KdpD	0	0	0.0000	0	absent	0	0.0000	0	absent	0	0.0000	0	absent
COG2206	T	HD-GYP domain, c-di-GMP phosphodiesterase class II (or its inactivated variant)	0	0	0.8838	1	FP	0	0.9483	1	FP	0	0.3952	0	absent
COG2207	K	AraC-type DNA-binding domain and AraC-containing proteins	1	0	1.0000	1	recovered	1	0.9997	1	kept	0	0.9717	1	recovered
COG2208	TK	Phosphoserine phosphatase RsbU, regulator of sigma subunit	0	0	0.7741	1	FP	0	0.7322	1	FP	0	0.2918	0	absent
COG2209	C	Na+-transporting NADH:ubiquinone oxidoreductase, subunit NqrE	0	0	0.0006	0	absent	0	0.1381	0	absent	0	0.0152	0	absent
COG2210	C	Peroxiredoxin family protein	0	0	0.1084	0	absent	0	0.0256	0	absent	0	0.0435	0	absent
COG2211	G	Na+/melibiose symporter or related transporter	1	1	0.9872	1	kept	1	0.9537	1	kept	0	0.3333	0	gap
COG2212	P	Multisubunit Na+/H+ antiporter, MnhF subunit	0	0	0.0147	0	absent	0	0.9373	1	FP	0	0.4726	0	absent
COG2213	G	Phosphotransferase system, mannitol-specific IIBC component	1	1	0.7264	1	kept	1	0.1676	0	gap	0	0.0044	0	gap
COG2214	K	Curved DNA-binding protein CbpA, contains a DnaJ-like domain	0	0	0.8294	1	FP	0	0.8040	1	FP	0	0.7468	1	FP
COG2215	P	ABC-type nickel/cobalt efflux system, permease component RcnA	1	0	0.4050	0	gap	0	0.2947	0	gap	1	0.5086	1	kept
COG2216	P	K+ transport ATPase, ATPase subunit KdpB	1	0	0.9671	1	recovered	0	0.0382	0	gap	0	0.0830	0	gap
COG2217	P	Cation-transporting P-type ATPase	1	0	0.9999	1	recovered	1	0.9999	1	kept	0	0.9981	1	recovered
COG2218	C	Formylmethanofuran dehydrogenase subunit C	0	0	0.0041	0	absent	0	0.0037	0	absent	0	0.0006	0	absent
COG2219	L	Eukaryotic-type DNA primase, large subunit	0	0	0.0003	0	absent	0	0.0002	0	absent	0	0.0001	0	absent
COG2220	G	L-ascorbate lactonase UlaG, metallo-beta-lactamase superfamily	1	1	0.9998	1	kept	1	0.9899	1	kept	0	0.7177	1	recovered
COG2221	P	Dissimilatory sulfite reductase (desulfoviridin), alpha and beta subunits	0	0	0.2289	0	absent	0	0.4670	0	absent	0	0.3421	0	absent
COG2222	M	Fructoselysine-6-P-deglycase FrlB or related protein, duplicated sugar isomerase (SIS) domain	1	1	0.7006	1	kept	0	0.0203	0	gap	0	0.0188	0	gap
COG2223	P	Nitrate/nitrite transporter NarK	1	1	0.9998	1	kept	0	0.9219	1	recovered	0	0.9400	1	recovered
COG2224	C	Isocitrate lyase	1	0	0.1016	0	gap	0	0.1230	0	gap	0	0.0345	0	gap
COG2225	C	Malate synthase	1	0	0.5844	1	recovered	1	0.9221	1	kept	0	0.2307	0	gap
COG2226	H	Ubiquinone/menaquinone biosynthesis C-methylase UbiE/MenG	0	0	0.0006	0	absent	0	0.0002	0	absent	0	0.0001	0	absent
COG2227	H	2-polyprenyl-3-methyl-5-hydroxy-6-metoxy-1,4-benzoquinol methylase	1	1	0.9998	1	kept	0	0.9855	1	recovered	0	0.9309	1	recovered
COG2229	U	Signal recognition particle receptor subunit beta, a GTPase	0	0	0.0005	0	absent	0	0.0003	0	absent	0	0.0007	0	absent
COG2230	I	Cyclopropane fatty-acyl-phospholipid synthase and related methyltransferases	1	0	0.8841	1	recovered	0	0.9113	1	recovered	0	0.6401	1	recovered
COG2231	L	3-Methyladenine DNA glycosylase, HhH-GPD/Endo3 superfamily	0	0	0.0260	0	absent	0	0.0345	0	absent	0	0.3535	0	absent
COG2232	E	Pyrrolysine biosynthesis ligase PylC and related enzymes, ATP-grasp superfamily	0	0	0.0188	0	absent	0	0.0200	0	absent	0	0.0220	0	absent
COG2233	F	Xanthine/uracil permease	1	1	0.9999	1	kept	0	0.9998	1	recovered	0	0.9944	1	recovered
COG2234	OE	Zn-dependent amino- or carboxypeptidase, M28 family	1	1	0.7455	1	kept	1	0.8717	1	kept	0	0.1094	0	gap
COG2235	E	Arginine deiminase	0	0	0.0650	0	absent	0	0.4227	0	absent	0	0.0988	0	absent
COG2236	H	Hypoxanthine phosphoribosyltransferase	1	1	0.9998	1	kept	1	0.9966	1	kept	0	0.9481	1	recovered
COG2237	S	Uncharacterized membrane protein	0	0	0.0000	0	absent	0	0.0000	0	absent	0	0.0000	0	absent
COG2238	J	Ribosomal protein S19E (S16A)	0	0	0.0000	0	absent	0	0.0000	0	absent	0	0.0000	0	absent
COG2239	P	Mg/Co/Ni transporter MgtE (contains CBS domain)	0	0	0.9949	1	FP	0	0.9970	1	FP	0	0.9809	1	FP
COG2240	H	Pyridoxal/pyridoxine/pyridoxamine kinase	1	1	0.9183	1	kept	1	0.9555	1	kept	0	0.5978	1	recovered
COG2241	H	Precorrin-6B methylase 1	0	0	0.9918	1	FP	0	0.9684	1	FP	0	0.1014	0	absent
COG2242	H	Precorrin-6B methylase 2	0	0	0.1017	0	absent	0	0.1596	0	absent	0	0.0570	0	absent
COG2243	H	Precorrin-2 methylase	0	0	0.9916	1	FP	0	0.9047	1	FP	0	0.1423	0	absent
COG2244	M	Membrane protein involved in the export of O-antigen and teichoic acid	1	1	0.9987	1	kept	1	0.9799	1	kept	1	0.9398	1	kept
COG2245	S	Uncharacterized membrane protein, contains DUF996 domain	0	0	0.0002	0	absent	0	0.0000	0	absent	0	0.0002	0	absent
COG2246	I	Putative flippase GtrA (transmembrane translocase of bactoprenol-linked glucose)	0	0	0.4391	0	absent	0	0.1970	0	absent	0	0.1485	0	absent
COG2247	M	Putative cell wall-binding domain (amidase enhancer), LytB superfamily	0	0	0.0049	0	absent	0	0.0093	0	absent	0	0.0186	0	absent
COG2248	R	Predicted hydrolase, metallo-beta-lactamase superfamily	0	0	0.0014	0	absent	0	0.0057	0	absent	0	0.0038	0	absent
COG2249	R	Putative NADPH-quinone reductase (modulator of drug activity B)	1	0	0.9924	1	recovered	1	0.9953	1	kept	1	0.9931	1	kept
COG2250	V	HEPN domain protein, predicted toxin of MNT-HEPN system	0	0	0.0019	0	absent	0	0.0044	0	absent	0	0.0061	0	absent
COG2251	R	Predicted nuclease, RecB family	0	0	0.0055	0	absent	0	0.0195	0	absent	0	0.0420	0	absent
COG2252	F	Xanthine/guanine/uracil/vitamin C permease GhxP/GhxQ, nucleobase:cation symporter 2 ( NCS2) family	1	1	0.9995	1	kept	0	0.9799	1	recovered	1	0.9979	1	kept
COG2253	V	Predicted nucleotidyltransferase component of viral defense system	0	0	0.2043	0	absent	0	0.5017	1	FP	0	0.3542	0	absent
COG2254	V	CRISPR/Cas system-associated endonuclease Cas3-HD	0	0	0.0001	0	absent	0	0.0001	0	absent	0	0.0000	0	absent
COG2255	L	Holliday junction resolvasome RuvABC, ATP-dependent DNA helicase subunit RuvB	1	0	0.9964	1	recovered	1	0.9989	1	kept	1	0.9947	1	kept
COG2256	L	Replication-associated recombination protein RarA (DNA-dependent ATPase)	1	0	0.9976	1	recovered	0	0.9923	1	recovered	1	0.9984	1	kept
COG2257	U	Type III secretion system substrate exporter, FlhB-like	0	0	0.0807	0	absent	0	0.0603	0	absent	0	0.0776	0	absent
COG2258	FV	N-hydroxylaminopurine reductase YiiM, contains MOSC domain	1	0	0.5771	1	recovered	0	0.6979	1	recovered	0	0.3236	0	gap
COG2259	S	Uncharacterized membrane protein YphA, DoxX/SURF4 family	1	1	0.9999	1	kept	0	0.9260	1	recovered	1	0.9963	1	kept
COG2260	J	rRNA maturation protein Nop10, contains Zn-ribbon domain	0	0	0.0002	0	absent	0	0.0011	0	absent	0	0.0005	0	absent
COG2261	R	Uncharacterized membrane protein YeaQ/YmgE, transglycosylase-associated protein family	1	0	0.5831	1	recovered	0	0.2208	0	gap	0	0.7307	1	recovered
COG2262	J	50S ribosomal subunit-associated GTPase HflX	1	1	0.9997	1	kept	0	0.9898	1	recovered	0	0.8973	1	recovered
COG2263	R	Predicted RNA methylase	0	0	0.0438	0	absent	0	0.0125	0	absent	0	0.0067	0	absent
COG2264	J	Ribosomal protein L11 methylase PrmA	1	1	0.9998	1	kept	0	0.9963	1	recovered	0	0.9717	1	recovered
COG2265	J	tRNA/tmRNA/rRNA uracil-C5-methylase, TrmA/RlmC/RlmD family	1	1	0.9997	1	kept	1	0.9991	1	kept	0	0.9924	1	recovered
COG2266	H	GTP:adenosylcobinamide-phosphate guanylyltransferase	0	0	0.0008	0	absent	0	0.0003	0	absent	0	0.0002	0	absent
COG2267	I	Lysophospholipase, alpha-beta hydrolase superfamily	1	0	0.9993	1	recovered	0	0.9895	1	recovered	0	0.8651	1	recovered
COG2268	S	Uncharacterized membrane protein YqiK, contains Band7/PHB/SPFH domain	1	0	0.6082	1	recovered	0	0.3930	0	gap	0	0.5695	1	recovered
COG2269	J	Elongation factor P--beta-lysine ligase (EF-P beta-lysylation pathway)	1	0	0.1461	0	gap	0	0.7376	1	recovered	0	0.8778	1	recovered
COG2270	R	MFS-type transporter involved in bile tolerance, Atg22 family	0	0	0.8030	1	FP	0	0.8686	1	FP	0	0.7524	1	FP
COG2271	G	Sugar phosphate permease	1	1	0.9998	1	kept	0	0.9803	1	recovered	0	0.8907	1	recovered
COG2272	I	Carboxylesterase type B	0	0	0.3535	0	absent	0	0.0195	0	absent	0	0.0066	0	absent
COG2273	G	Beta-glucanase, GH16 family	0	0	0.0792	0	absent	0	0.0501	0	absent	0	0.0395	0	absent
COG2274	V	ABC-type bacteriocin/lantibiotic exporters, contain an N-terminal double-glycine peptidase domain	1	1	0.9980	1	kept	1	0.9971	1	kept	0	0.6538	1	recovered
COG2301	G	Citrate lyase beta subunit	1	1	0.9999	1	kept	1	0.9996	1	kept	0	0.3995	0	gap
COG2302	R	RNA-binding protein YlmH, contains S4-like domain	0	0	0.0001	0	absent	0	0.0000	0	absent	0	0.0015	0	absent
COG2303	IR	Choline dehydrogenase or related flavoprotein	1	0	0.9606	1	recovered	1	0.9626	1	kept	0	0.2563	0	gap
COG2304	R	Secreted protein containing bacterial Ig-like domain and vWFA domain	1	1	0.9999	1	kept	1	0.9992	1	kept	0	0.9452	1	recovered
COG2306	R	Predicted RNA-binding protein, associated with RNAse of E/G family, DUF402 domain	0	0	0.0004	0	absent	1	0.0183	0	absent	0	0.0010	0	absent
COG2307	S	Uncharacterized conserved protein, Alpha-E superfamily	0	0	0.7901	1	FP	0	0.8628	1	FP	0	0.0182	0	absent
COG2308	R	Circularly permuted ATP-grasp protein	0	0	0.9168	1	FP	0	0.9402	1	FP	0	0.1370	0	absent
COG2309	E	Leucyl aminopeptidase (aminopeptidase T)	0	0	0.5176	1	FP	0	0.2571	0	absent	0	0.3646	0	absent
COG2310	T	Stress response protein SCP2	0	0	0.4737	0	absent	0	0.0679	0	absent	0	0.1099	0	absent
COG2311	S	Uncharacterized membrane protein YeiB	1	1	0.7551	1	kept	0	0.0490	0	gap	1	0.9170	1	kept
COG2312	Q	Erythromycin esterase homolog	0	0	0.1315	0	absent	0	0.1008	0	absent	0	0.3030	0	absent
COG2313	F	Pseudouridine-5'-phosphate glycosidase (pseudoU degradation)	1	1	0.9107	1	kept	1	0.2424	0	gap	0	0.0022	0	gap
COG2314	R	Uncharacterized membrane protein YozV, TM2 domain, contains pTyr	0	0	0.6587	1	FP	0	0.5883	1	FP	0	0.4558	0	absent
COG2315	K	Predicted DNA-binding protein with double-wing structural motif, MmcQ/YjbR family	1	1	0.9944	1	kept	0	0.4810	0	gap	0	0.5161	1	recovered
COG2316	R	Predicted hydrolase, HD superfamily	0	0	0.1007	0	absent	0	0.1980	0	absent	0	0.0996	0	absent
COG2317	O	Zn-dependent carboxypeptidase, M32 family	0	0	0.7422	1	FP	0	0.7310	1	FP	0	0.0849	0	absent
COG2318	Q	Bacillithiol/mycothiol S-transferase BstA/DinB, DinB/YfiT family (unrelated to E. coli DinB)	0	0	0.8691	1	FP	0	0.3247	0	absent	0	0.7563	1	FP
COG2319	R	WD40 repeat	0	0	0.1229	0	absent	0	0.0790	0	absent	0	0.1733	0	absent
COG2320	R	GrpB domain, predicted nucleotidyltransferase, UPF0157 family	0	0	0.3719	0	absent	0	0.2018	0	absent	0	0.1637	0	absent
COG2321	R	Predicted metalloprotease	1	1	0.9804	1	kept	0	0.4442	0	gap	0	0.8447	1	recovered
COG2322	R	Predicted membrane metallochaperone YozB (3H, Sco1 fusion), DUF420 family	0	0	0.0060	0	absent	0	0.0267	0	absent	0	0.0004	0	absent
COG2323	S	Uncharacterized membrane protein YcaP, DUF421 family	1	0	0.1202	0	gap	0	0.1683	0	gap	1	0.8440	1	kept
COG2324	S	Uncharacterized membrane protein	0	0	0.0072	0	absent	0	0.0140	0	absent	0	0.0094	0	absent
COG2326	C	Polyphosphate kinase 2, PPK2 family	0	0	0.9933	1	FP	0	0.9382	1	FP	0	0.9106	1	FP
COG2327	M	Polysaccharide pyruvyl transferase family protein WcaK (colanic acid biosynthesis)	1	1	0.9322	1	kept	1	0.9184	1	kept	0	0.2763	0	gap
COG2329	H	Heme-degrading monooxygenase HmoA and related ABM domain proteins	0	0	0.9159	1	FP	0	0.7123	1	FP	0	0.4835	0	absent
COG2331	R	Predicted nucleic acid-binding protein, contains Zn-ribbon domain	0	0	0.4494	0	absent	0	0.9645	1	FP	0	0.2268	0	absent
COG2332	CO	Cytochrome c biogenesis protein CcmE	1	1	0.9918	1	kept	1	0.9885	1	kept	0	0.0358	0	gap
COG2333	U	DNA uptake channel protein ComEC C-terminal domain, metallo-beta-lactamase superfamily	0	0	0.2813	0	absent	0	0.2030	0	absent	0	0.2200	0	absent
COG2334	T	Ser/Thr protein kinase RdoA involved in Cpx stress response, MazF antagonist	1	0	0.9957	1	recovered	1	0.9991	1	kept	0	0.9037	1	recovered
COG2335	R	Uncaracterized surface protein containing fasciclin (FAS1) repeats	0	0	0.0549	0	absent	1	0.8120	1	FP	0	0.0823	0	absent
COG2336	V	Antitoxin component MazE of the MazEF toxin-antitoxin module	1	0	0.0645	0	gap	0	0.5601	1	recovered	0	0.0367	0	gap
COG2337	V	mRNA-degrading endonuclease MazF, toxin component of the MazEF toxin-antitoxin module	1	1	0.6856	1	kept	1	0.8568	1	kept	0	0.1876	0	gap
COG2339	T	Membrane proteinase PrsW, cleaves anti-sigma factor RsiW, M82 family	0	0	0.1533	0	absent	0	0.0259	0	absent	0	0.0154	0	absent
COG2340	DR	Spore germination protein YkwD and related proteins with CAP (CSP/antigen 5/PR1) domain	0	0	0.5467	1	FP	0	0.2588	0	absent	0	0.0844	0	absent
COG2342	G	Endo alpha-1,4 polygalactosaminidase, GH114 family (was erroneously annotated as Cys-tRNA synthetase)	0	0	0.0281	0	absent	0	0.0201	0	absent	0	0.0177	0	absent
COG2343	S	Uncharacterized conserved protein, DUF427 family	0	0	0.0120	0	absent	0	0.1377	0	absent	0	0.0070	0	absent
COG2344	K	NADH/NAD ratio-sensing transcriptional regulator Rex	0	0	0.1320	0	absent	0	0.0532	0	absent	0	0.3427	0	absent
COG2345	K	Predicted transcriptional regulator, ArsR family	0	0	0.7927	1	FP	0	0.5162	1	FP	0	0.4916	0	absent
COG2346	P	Truncated hemoglobin YjbI	0	0	0.9675	1	FP	0	0.8534	1	FP	0	0.8820	1	FP
COG2348	M	Lipid II:glycine glycyltransferase (Peptidoglycan interpeptide bridge formation enzyme)	0	0	0.0226	0	absent	0	0.4350	0	absent	0	0.5704	1	FP
COG2350	QR	YciI superfamily enzyme, includes 5-CHQ dehydrochlorinase, contains active-site pHis	1	0	0.9640	1	recovered	0	0.6094	1	recovered	0	0.6789	1	recovered
COG2351	F	5-hydroxyisourate hydrolase (purine catabolism), transthyretin-related family	1	1	0.9831	1	kept	0	0.5312	1	recovered	0	0.1673	0	gap
COG2352	C	Phosphoenolpyruvate carboxylase	1	1	0.9977	1	kept	1	0.9940	1	kept	0	0.5057	1	recovered
COG2353	R	Polyisoprenoid-binding periplasmic protein YceI	1	0	0.9981	1	recovered	0	0.9773	1	recovered	0	0.9622	1	recovered
COG2354	L	Membrane protein MutK/YedI, may be involved in DNA repair	1	0	0.1209	0	gap	0	0.3073	0	gap	0	0.4878	0	gap
COG2355	OE	Zn-dependent dipeptidase, microsomal dipeptidase homolog	0	0	0.6951	1	FP	0	0.3360	0	absent	0	0.0868	0	absent
COG2356	L	Endonuclease I	1	0	0.3240	0	gap	1	0.9695	1	kept	0	0.3545	0	gap
COG2357	FT	ppGpp synthetase catalytic domain (RelA/SpoT-type nucleotidyltranferase)	0	0	0.2079	0	absent	0	0.3483	0	absent	0	0.0477	0	absent
COG2358	R	TRAP-type uncharacterized transport system, periplasmic component	0	0	0.8809	1	FP	0	0.9401	1	FP	0	0.7597	1	FP
COG2359	S	Stage V sporulation protein SpoVS, predicted DNA-binding, AlbA superfamily	0	0	0.0001	0	absent	0	0.0001	0	absent	0	0.0001	0	absent
COG2360	O	Leu/Phe-tRNA-protein transferase	1	1	0.9983	1	kept	0	0.9900	1	recovered	0	0.7965	1	recovered
COG2361	V	HEPN domain protein, predicted toxin of MNT-HEPN system	0	0	0.0140	0	absent	1	0.5163	1	FP	1	0.3226	0	absent
COG2362	E	D-aminopeptidase	0	0	0.1211	0	absent	0	0.0372	0	absent	0	0.0244	0	absent
COG2363	S	Uncharacterized membrane protein YgdD, TMEM256/DUF423 family	1	1	0.9983	1	kept	0	0.8784	1	recovered	1	0.8670	1	kept
COG2364	S	Uncharacterized membrane protein YczE	0	0	0.0760	0	absent	0	0.0509	0	absent	0	0.0516	0	absent
COG2365	T	Protein tyrosine/serine phosphatase Oca4	0	0	0.5701	1	FP	0	0.2606	0	absent	0	0.0835	0	absent
COG2366	Q	Acyl-homoserine lactone (AHL) acylase PvdQ	0	0	0.1011	0	absent	0	0.1184	0	absent	0	0.0310	0	absent
COG2367	V	Beta-lactamase class A	0	0	0.5678	1	FP	0	0.3032	0	absent	0	0.1567	0	absent
COG2368	Q	Aromatic ring hydroxylase	0	0	0.0244	0	absent	0	0.0142	0	absent	0	0.0401	0	absent
COG2369	X	Uncharacterized protein, contains phage Mu head morphogenesis gpF-like domain	0	0	0.7216	1	FP	0	0.1366	0	absent	0	0.1116	0	absent
COG2370	O	Hydrogenase/urease accessory protein HupE	0	0	0.1776	0	absent	0	0.3109	0	absent	0	0.0088	0	absent
COG2371	O	Urease accessory protein UreE	0	0	0.0386	0	absent	0	0.0255	0	absent	0	0.0756	0	absent
COG2372	P	Copper-binding protein CopC (methionine-rich)	1	1	0.6920	1	kept	1	0.3747	0	gap	0	0.0143	0	gap
COG2373	R	Uncharacterized conserved protein YfaS, alpha-2-macroglobulin family	1	1	0.9995	1	kept	1	0.9962	1	kept	0	0.8643	1	recovered
COG2374	R	Predicted extracellular nuclease	0	0	0.9180	1	FP	0	0.8658	1	FP	0	0.4984	0	absent
COG2375	P	NADPH-dependent ferric siderophore reductase, contains FAD-binding and SIP domains	1	1	0.9654	1	kept	1	0.8489	1	kept	1	0.8063	1	kept
COG2376	G	Dihydroxyacetone kinase	1	0	0.9069	1	recovered	0	0.7546	1	recovered	1	0.9436	1	kept
COG2377	M	1,6-Anhydro-N-acetylmuramate kinase	1	1	0.7173	1	kept	0	0.0578	0	gap	0	0.0171	0	gap
COG2378	K	Predicted DNA-binding transcriptional regulator YobV, contains HTH and WYL domains	1	0	0.9927	1	recovered	0	0.9730	1	recovered	0	0.8392	1	recovered
COG2379	G	Glycerate-2-kinase	0	0	0.3438	0	absent	0	0.4946	0	absent	0	0.0516	0	absent
COG2380	R	NurA-like predicted nuclease, RNAse H fold	0	0	0.0006	0	absent	0	0.0005	0	absent	0	0.0003	0	absent
COG2382	P	Enterochelin esterase or related enzyme	1	1	0.8261	1	kept	0	0.0109	0	gap	1	0.5710	1	kept
COG2383	S	Uncharacterized membrane protein, Fun14 family	0	0	0.0004	0	absent	0	0.0005	0	absent	0	0.0010	0	absent
COG2384	J	tRNA A22 N1-methylase	0	0	0.0012	0	absent	0	0.0018	0	absent	0	0.0024	0	absent
COG2385	M	Peptidoglycan hydrolase (amidase) enhancer domain SpoIID	0	1	0.9865	1	FP	0	0.1156	0	absent	0	0.3964	0	absent
COG2386	O	ABC-type transport system involved in cytochrome c biogenesis, permease component	1	1	0.9894	1	kept	1	0.9886	1	kept	0	0.0306	0	gap
COG2388	R	Predicted acetyltransferase, GNAT superfamily	1	0	0.8475	1	recovered	0	0.2418	0	gap	0	0.5990	1	recovered
COG2389	S	Uncharacterized metal-binding protein, DUF2227 family	0	0	0.0008	0	absent	0	0.0008	0	absent	0	0.0038	0	absent
COG2390	K	DNA-binding transcriptional regulator LsrR, DeoR family	1	0	0.9428	1	recovered	1	0.9733	1	kept	0	0.3470	0	gap
COG2391	R	Uncharacterized membrane protein YedE/YeeE, contains two sulfur transport domains	1	1	0.9977	1	kept	1	0.9972	1	kept	1	0.9850	1	kept
COG2401	R	ABC-type ATPase fused to a predicted acetyltransferase domain	0	0	0.0027	0	absent	0	0.0021	0	absent	0	0.0006	0	absent
COG2402	R	Predicted nucleic acid-binding protein, contains PIN domain	0	0	0.0013	0	absent	0	0.0207	0	absent	0	0.0027	0	absent
COG2403	P	Zn/Ni/Co-binding GTPase YjiA, predicted metallochaperone, CobW/Nha3/YciC family	0	0	0.0024	0	absent	0	0.0300	0	absent	0	0.0330	0	absent
COG2404	JT	Oligoribonuclease NrnA/c-di-AMP phosphodiesterase DhhP, DHH superfamily	0	0	0.0497	0	absent	0	0.0847	0	absent	0	0.0433	0	absent
COG2405	R	Predicted nucleic acid-binding protein, contains PIN domain	0	0	0.0052	0	absent	0	0.0092	0	absent	0	0.0123	0	absent
COG2406	L	Ferritin-like DNA-binding protein, DPS (DNA Protection under Starvation) family	0	0	0.0044	0	absent	0	0.0069	0	absent	0	0.0111	0	absent
COG2407	G	L-fucose isomerase or related protein	1	0	0.1950	0	gap	1	0.6570	1	kept	0	0.0537	0	gap
COG2409	R	Predicted lipid transporter YdfJ, MMPL/SSD domain, RND superfamily	0	0	0.0200	0	absent	0	0.0017	0	absent	0	0.0266	0	absent
COG2410	R	Predicted nuclease (RNAse H fold)	0	0	0.0013	0	absent	0	0.0036	0	absent	0	0.0022	0	absent
COG2411	R	Predicted RNA-binding protein, contains PUA-like ASCH domain	0	0	0.0163	0	absent	0	0.0352	0	absent	0	0.0133	0	absent
COG2412	S	Uncharacterized conserved protein, DUF424 domain	0	0	0.0000	0	absent	0	0.0000	0	absent	0	0.0000	0	absent
COG2413	R	Predicted nucleotidyltransferase	0	0	0.0008	0	absent	0	0.0006	0	absent	0	0.0002	0	absent
COG2414	C	Aldehyde:ferredoxin oxidoreductase	1	1	0.3798	0	gap	0	0.7310	1	recovered	0	0.0623	0	gap
COG2419	J	tRNA (A,G)9-N-methylase TRM10	0	0	0.0000	0	absent	0	0.0000	0	absent	0	0.0000	0	absent
COG2421	C	Acetamidase/formamidase	0	0	0.0248	0	absent	0	0.0941	0	absent	0	0.0253	0	absent
COG2423	E	Ornithine cyclodeaminase/archaeal alanine dehydrogenase, mu-crystallin family	0	1	0.9656	1	FP	0	0.4303	0	absent	0	0.2174	0	absent
COG2425	S	Uncharacterized conserved protein, contains a von Willebrand factor type A (vWA) domain	1	1	0.9400	1	kept	0	0.0452	0	gap	0	0.1311	0	gap
COG2426	S	Uncharacterized membrane protein	0	0	0.0002	0	absent	0	0.0056	0	absent	0	0.0044	0	absent
COG2427	S	Uncharacterized conserved protein YjgD, DUF1641 family	0	0	0.2886	0	absent	0	0.0867	0	absent	0	0.0318	0	absent
COG2428	J	Rps3 or RNA methylase involved in ribosome biogenesis, SPOUT family	0	0	0.0000	0	absent	0	0.0000	0	absent	0	0.0000	0	absent
COG2429	F	Archaeal GTP cyclohydrolase III	0	0	0.0000	0	absent	0	0.0000	0	absent	0	0.0000	0	absent
COG2430	S	Uncharacterized conserved protein, DUF432 domain	0	0	0.0068	0	absent	0	0.1127	0	absent	0	0.0212	0	absent
COG2431	E	Lysine export protein LysO/YbjE, DUF340 family	1	0	0.0103	0	gap	0	0.0415	0	gap	0	0.3014	0	gap
COG2433	R	Possible nuclease of RNase H fold, RuvC/YqgF family	0	0	0.1784	0	absent	0	0.2855	0	absent	0	0.0804	0	absent
COG2440	C	Ferredoxin-like protein FixX	1	0	0.0035	0	gap	1	0.0919	0	gap	0	0.0060	0	gap
COG2441	R	Predicted butyrate kinase, DUF1464 family	0	0	0.0002	0	absent	0	0.0001	0	absent	0	0.0001	0	absent
COG2442	V	Predicted antitoxin component of a toxin-antitoxin system, DUF433 family	0	0	0.0041	0	absent	0	0.0074	0	absent	0	0.0027	0	absent
COG2443	U	Preprotein translocase subunit Sss1	0	0	0.0000	0	absent	0	0.0000	0	absent	0	0.0000	0	absent
COG2445	R	Uncharacterized HEPN domain protein YutE, UPF0331/DUF86 family	0	0	0.0044	0	absent	0	0.0335	0	absent	0	0.0286	0	absent
COG2450	D	Predicted archaeal cell division protein, SepF family	0	0	0.0000	0	absent	0	0.0000	0	absent	0	0.0000	0	absent
COG2451	J	Ribosomal protein L35AE/L33A	0	0	0.0000	0	absent	0	0.0000	0	absent	0	0.0000	0	absent
COG2452	X	Predicted site-specific integrase-resolvase	0	0	0.0730	0	absent	0	0.0189	0	absent	0	0.0184	0	absent
COG2453	T	Protein-tyrosine phosphatase	0	0	0.4249	0	absent	0	0.2996	0	absent	0	0.3132	0	absent
COG2454	R	Predicted nuclease, contains PIN domain	0	0	0.0039	0	absent	0	0.0008	0	absent	0	0.0004	0	absent
COG2456	S	Uncharacterized conserved protein, DUF2304 domain	0	0	0.0133	0	absent	0	0.0296	0	absent	0	0.0298	0	absent
COG2457	S	Uncharacterized conserved protein, DUF447 domain	0	0	0.0003	0	absent	0	0.0010	0	absent	0	0.0002	0	absent
COG2461	R	Uncharacterized conserved protein AF0170, contains SAB, hemerythrin HHE, and PAS domains	0	0	0.2377	0	absent	0	0.2861	0	absent	0	0.4514	0	absent
COG2469	T	Archaeal chemotaxis protein CheF	0	0	0.0000	0	absent	0	0.0000	0	absent	0	0.0000	0	absent
COG2501	J	Ribosome-associated protein YbcJ, S4-like RNA-binding protein	1	0	0.5010	1	recovered	1	0.9939	1	kept	0	0.8299	1	recovered
COG2502	E	Asparagine synthetase A	1	0	0.0013	0	gap	1	0.1348	0	gap	1	0.8041	1	kept
COG2503	R	Predicted secreted acid phosphatase	0	0	0.9001	1	FP	0	0.6669	1	FP	0	0.3707	0	absent
COG2508	K	DNA-binding transcriptional regulator, PucR/PutR family	0	0	0.0201	0	absent	0	0.0017	0	absent	0	0.0045	0	absent
COG2509	R	FAD-dependent dehydrogenase	0	0	0.7857	1	FP	0	0.9816	1	FP	0	0.1826	0	absent
COG2510	H	Riboflavin transporter RibN, EamA domain	0	0	0.1028	0	absent	0	0.0290	0	absent	0	0.1192	0	absent
COG2511	J	Archaeal Glu-tRNAGln amidotransferase subunit E, contains GAD domain	0	0	0.0003	0	absent	0	0.0007	0	absent	0	0.0003	0	absent
COG2512	R	Predicted transcriptional regulator, contains CW (cell wall-binding) repeats and an HTH domain	0	0	0.0183	0	absent	0	0.0789	0	absent	0	0.0282	0	absent
COG2513	G	2-Methylisocitrate lyase and related enzymes, PEP mutase family	1	0	0.8976	1	recovered	0	0.3633	0	gap	0	0.3712	0	gap
COG2514	Q	Catechol-2,3-dioxygenase	0	0	0.0590	0	absent	0	0.0442	0	absent	0	0.0418	0	absent
COG2515	E	1-aminocyclopropane-1-carboxylate deaminase/D-cysteine desulfhydrase, PLP-dependent ACC family	1	1	0.9583	1	kept	0	0.7352	1	recovered	0	0.3690	0	gap
COG2516	R	Biotin synthase-related protein, radical SAM superfamily	0	0	0.0060	0	absent	0	0.0075	0	absent	0	0.0004	0	absent
COG2517	R	Predicted RNA-binding protein, contains C-terminal EMAP domain	0	0	0.0000	0	absent	0	0.0000	0	absent	0	0.0000	0	absent
COG2518	O	Protein-L-isoaspartate O-methyltransferase	1	1	0.9973	1	kept	0	0.9638	1	recovered	0	0.9416	1	recovered
COG2519	J	tRNA A58 N-methylase Trm61	1	1	0.9853	1	kept	0	0.4258	0	gap	0	0.6512	1	recovered
COG2520	J	tRNA G37 N-methylase Trm5	0	0	0.1485	0	absent	0	0.0256	0	absent	0	0.0715	0	absent
COG2521	R	Predicted archaeal methyltransferase	0	0	0.0104	0	absent	0	0.0622	0	absent	0	0.0587	0	absent
COG2522	K	Predicted transcriptional regulator, contains XRE-type HTH domain	0	0	0.0087	0	absent	0	0.0013	0	absent	0	0.0173	0	absent
COG2524	K	Predicted transcriptional regulator, contains C-terminal CBS domains	0	0	0.0007	0	absent	0	0.0022	0	absent	0	0.0006	0	absent
COG2602	V	Beta-lactamase class D	0	0	0.7724	1	FP	0	0.5921	1	FP	0	0.1976	0	absent
COG2603	J	tRNA 2-selenouridine synthase SelU, contains rhodanese domain	1	0	0.1634	0	gap	0	0.3171	0	gap	0	0.4697	0	gap
COG2604	S	Uncharacterized conserved protein	0	0	0.2090	0	absent	0	0.1040	0	absent	0	0.0863	0	absent
COG2605	R	Predicted kinase related to galactokinase and mevalonate kinase	0	0	0.1538	0	absent	0	0.3093	0	absent	0	0.1714	0	absent
COG2606	J	Cys-tRNA(Pro) deacylase, prolyl-tRNA editing enzyme YbaK/EbsC	1	1	1.0000	1	kept	0	0.9752	1	recovered	1	0.9961	1	kept
COG2607	R	Predicted ATPase, AAA+ superfamily	0	0	0.0048	0	absent	0	0.0017	0	absent	0	0.0027	0	absent
COG2608	P	Copper chaperone CopZ	0	0	0.9771	1	FP	0	0.6582	1	FP	0	0.8791	1	FP
COG2609	C	Pyruvate dehydrogenase complex, dehydrogenase (E1) component	1	0	0.0643	0	gap	0	0.4431	0	gap	1	0.9687	1	kept
COG2610	G	H+/gluconate symporter GntT or related permease, GntP/DsdX family	1	1	0.9992	1	kept	1	0.9609	1	kept	0	0.3712	0	gap
COG2703	T	Hemerythrin	0	0	0.6081	1	FP	0	0.7038	1	FP	0	0.6870	1	FP
COG2704	G	Anaerobic C4-dicarboxylate transporter	1	1	0.9915	1	kept	0	0.3950	0	gap	1	0.9843	1	kept
COG2706	G	6-phosphogluconolactonase, cycloisomerase 2 family	1	1	0.9875	1	kept	1	0.9872	1	kept	0	0.3824	0	gap
COG2707	S	Uncharacterized membrane protein, DUF441 family	1	1	0.0579	0	gap	1	0.0111	0	gap	0	0.0002	0	gap
COG2710	HP	Nitrogenase Mo-Fe protein NifD/coenzyme F430 biosynthesis subunit CfbD	0	0	0.7726	1	FP	0	0.8932	1	FP	0	0.1316	0	absent
COG2715	R	Spore maturation protein SpmA (function unknown)	0	0	0.0020	0	absent	0	0.0125	0	absent	0	0.0008	0	absent
COG2716	E	Glycine cleavage system regulator GcvR	1	0	0.1679	0	gap	0	0.4929	0	gap	0	0.0590	0	gap
COG2717	C	Heme-binding membrane subunit of periplasmic DMSO/TMAO and protein-methionine-sulfoxide reductases	1	1	0.9367	1	kept	0	0.5050	1	recovered	0	0.0444	0	gap
COG2718	R	Uncharacterized conserved protein YeaH/YhbH, required for sporulation, DUF444 family	1	0	0.4637	0	gap	0	0.9368	1	recovered	0	0.0351	0	gap
COG2719	D	Stage V sporulation protein SpoVR/YcgB, involved in spore cortex formation (function unknown)	1	0	0.3127	0	gap	1	0.9797	1	kept	0	0.0141	0	gap
COG2720	V	Vancomycin resistance protein YoaR (function unknown), contains peptidoglycan-binding and VanW domains	0	0	0.0363	0	absent	0	0.0050	0	absent	0	0.0118	0	absent
COG2721	G	Altronate dehydratase	1	1	0.9926	1	kept	1	0.9669	1	kept	0	0.1300	0	gap
COG2723	G	Beta-glucosidase/6-phospho-beta-glucosidase/beta-galactosidase	1	0	0.9629	1	recovered	1	0.9332	1	kept	0	0.2070	0	gap
COG2730	G	Aryl-phospho-beta-D-glucosidase BglC, GH1 family	0	0	0.0825	0	absent	0	0.0873	0	absent	0	0.0599	0	absent
COG2731	G	Beta-galactosidase, beta subunit	1	1	0.9692	1	kept	1	0.9844	1	kept	1	0.9816	1	kept
COG2732	K	Barstar, RNAse (barnase) inhibitor	1	1	0.9299	1	kept	1	0.6181	1	kept	0	0.2571	0	gap
COG2733	S	Uncharacterized membrane-anchored protein YjiN, DUF445 family	1	0	0.6662	1	recovered	0	0.5226	1	recovered	0	0.3495	0	gap
COG2738	O	Zn-dependent membrane protease YugP	0	0	0.0067	0	absent	0	0.0126	0	absent	0	0.0233	0	absent
COG2739	K	Predicted DNA-binding protein YlxM, UPF0122 family	0	0	0.0000	0	absent	0	0.0000	0	absent	0	0.0001	0	absent
COG2740	R	Nucleoid-associated protein YlxR, Predicted RNA-binding, DUF448 family	0	0	0.2227	0	absent	0	0.0861	0	absent	0	0.1349	0	absent
COG2746	V	Aminoglycoside N3'-acetyltransferase	0	0	0.1209	0	absent	0	0.2257	0	absent	0	0.2125	0	absent
COG2747	KN	Negative regulator of flagellin synthesis (anti-sigma28 factor)	1	1	0.6894	1	kept	0	0.2992	0	gap	1	0.4283	0	gap
COG2755	DI	Lysophospholipase L1 or related esterase. Includes spore coat protein LipC/YcsK	1	1	1.0000	1	kept	0	0.9979	1	recovered	0	0.9783	1	recovered
COG2759	F	Formyltetrahydrofolate synthetase	0	0	0.1835	0	absent	0	0.7751	1	FP	0	0.5969	1	FP
COG2761	O	Predicted dithiol-disulfide isomerase, DsbA/YjbH family (virulence, stress resistance)	1	1	0.9950	1	kept	1	0.9969	1	kept	0	0.7742	1	recovered
COG2764	C	Zn-dependent glyoxalase, PhnB family	1	1	0.9938	1	kept	1	0.9427	1	kept	0	0.1857	0	gap
COG2766	T	Predicted Ser/Thr protein kinase	1	1	0.8659	1	kept	1	0.9933	1	kept	0	0.0189	0	gap
COG2768	S	Uncharacterized Fe-S cluster protein	0	0	0.1853	0	absent	0	0.2239	0	absent	0	0.0391	0	absent
COG2770	T	HAMP domain	0	0	0.1724	0	absent	0	0.5406	1	FP	0	0.0766	0	absent
COG2771	K	DNA-binding transcriptional regulator, CsgD family	1	1	0.9885	1	kept	1	0.9917	1	kept	0	0.3049	0	gap
COG2801	X	Transposase InsO and inactivated derivatives	1	1	1.0000	1	kept	0	0.9862	1	recovered	1	0.9938	1	kept
COG2802	S	Uncharacterized conserved protein, LON_N-like domain, ASCH/PUA-like superfamily	0	0	0.2855	0	absent	0	0.1474	0	absent	0	0.0158	0	absent
COG2804	NUW	Type II secretory pathway ATPase GspE/PulE or T4P pilus assembly pathway ATPase PilB	1	1	1.0000	1	kept	0	1.0000	1	recovered	0	0.9865	1	recovered
COG2805	NW	Type IV pilus assembly protein PilT, pilus retraction ATPase	1	1	0.9974	1	kept	1	0.9982	1	kept	1	0.9300	1	kept
COG2807	P	Cyanate permease	1	0	0.8696	1	recovered	0	0.7506	1	recovered	0	0.7531	1	recovered
COG2808	T	Predicted FMN-binding regulatory protein PaiB	0	0	0.2899	0	absent	0	0.0690	0	absent	0	0.0149	0	absent
COG2810	V	Predicted type IV restriction endonuclease	0	0	0.0079	0	absent	0	0.0268	0	absent	0	0.0139	0	absent
COG2811	C	Archaeal/vacuolar-type H+-ATPase subunit H	0	0	0.0010	0	absent	0	0.0003	0	absent	0	0.0011	0	absent
COG2812	L	DNA polymerase III, gamma/tau subunits	1	0	0.9881	1	recovered	0	0.9801	1	recovered	0	0.9681	1	recovered
COG2813	J	16S rRNA G1207 methylase RsmC	1	1	0.9362	1	kept	0	0.4322	0	gap	0	0.2670	0	gap
COG2814	G	Predicted arabinose efflux permease AraJ, MFS family	0	0	0.0000	0	absent	0	0.0000	0	absent	0	0.0000	0	absent
COG2815	M	PASTA domain, binds beta-lactams	0	0	0.4737	0	absent	0	0.1859	0	absent	0	0.0931	0	absent
COG2816	F	NADH pyrophosphatase NudC, Nudix superfamily	1	1	0.9953	1	kept	1	0.9896	1	kept	0	0.8598	1	recovered
COG2818	L	3-methyladenine DNA glycosylase Tag	1	0	0.9992	1	recovered	0	0.9872	1	recovered	1	0.9956	1	kept
COG2819	R	Predicted hydrolase of the alpha/beta superfamily	1	1	0.9909	1	kept	1	0.6885	1	kept	0	0.0637	0	gap
COG2820	F	Uridine phosphorylase	1	1	0.9877	1	kept	1	0.9730	1	kept	0	0.3014	0	gap
COG2821	M	Membrane-bound lytic murein transglycosylase	1	0	0.2884	0	gap	1	0.9578	1	kept	0	0.5839	1	recovered
COG2822	P	Iron uptake system EfeUOB, periplasmic (or lipoprotein) component EfeO/EfeM	1	1	0.9343	1	kept	0	0.0130	0	gap	0	0.0092	0	gap
COG2823	M	Osmotically-inducible protein OsmY, contains BON domain	1	1	0.9405	1	kept	0	0.3551	0	gap	0	0.2798	0	gap
COG2824	R	Uncharacterized Zn-ribbon-containing protein	1	0	0.9837	1	recovered	0	0.9154	1	recovered	1	0.9996	1	kept
COG2825	MO	Periplasmic chaperone for outer membrane proteins, Skp family	1	1	0.9997	1	kept	0	0.9911	1	recovered	0	0.7322	1	recovered
COG2826	X	Transposase and inactivated derivatives, IS30 family	1	0	0.1847	0	gap	0	0.2992	0	gap	0	0.3111	0	gap
COG2827	L	Predicted endonuclease, GIY-YIG superfamily	1	0	0.8823	1	recovered	0	0.8369	1	recovered	0	0.7965	1	recovered
COG2828	C	2-Methylaconitate cis-trans-isomerase PrpF (2-methyl citrate pathway)	1	1	0.9658	1	kept	1	0.9063	1	kept	0	0.1201	0	gap
COG2829	M	Outer membrane phospholipase A	1	0	0.1642	0	gap	0	0.1117	0	gap	0	0.4831	0	gap
COG2830	S	Uncharacterized conserved protein, DUF452 domain	0	0	0.0018	0	absent	0	0.0076	0	absent	0	0.1016	0	absent
COG2831	U	Hemolysin activation/secretion protein	1	1	0.9213	1	kept	1	0.9810	1	kept	0	0.1039	0	gap
COG2832	S	Uncharacterized membrane protein YbaN, DUF454 family	1	1	0.7133	1	kept	0	0.3699	0	gap	1	0.9627	1	kept
COG2833	S	Uncharacterized protein, contains ferritin-like DUF455 domain	0	0	0.0041	0	absent	0	0.0025	0	absent	0	0.0068	0	absent
COG2834	M	Outer membrane lipoprotein-sorting protein	1	1	1.0000	1	kept	1	1.0000	1	kept	0	0.9833	1	recovered
COG2835	J	RNA methyltransferase activator Trm112/YbaR	1	1	0.6634	1	kept	0	0.6974	1	recovered	1	0.9422	1	kept
COG2836	S	Uncharacterized membrane protein, DsbD domain	0	0	0.2855	0	absent	0	0.2217	0	absent	0	0.1471	0	absent
COG2837	P	Periplasmic deferrochelatase/peroxidase EfeB	1	0	0.9538	1	recovered	0	0.3360	0	gap	0	0.2502	0	gap
COG2838	C	Monomeric isocitrate dehydrogenase	0	1	0.9831	1	FP	0	0.9602	1	FP	0	0.9177	1	FP
COG2839	S	Uncharacterized conserved protein YqgC, DUF456 family	0	0	0.2817	0	absent	0	0.0401	0	absent	0	0.3028	0	absent
COG2840	L	DNA-nicking endonuclease, Smr domain	1	1	0.8765	1	kept	1	0.9831	1	kept	0	0.1183	0	gap
COG2841	S	Uncharacterized conserved protein YdcH, DUF465 family	1	1	0.0791	0	gap	0	0.0006	0	gap	1	0.0581	0	gap
COG2842	X	Bacteriophage DNA transposition protein, AAA+ family ATPase	0	0	0.6479	1	FP	0	0.2261	0	absent	0	0.1112	0	absent
COG2843	M	Poly-gamma-glutamate biosynthesis protein CapA/YwtB (capsule formation), metallophosphatase superfamily	0	0	0.1373	0	absent	0	0.1140	0	absent	0	0.2127	0	absent
COG2844	OT	UTP:GlnB (protein PII) uridylyltransferase	1	0	0.8813	1	recovered	0	0.8616	1	recovered	0	0.3074	0	gap
COG2845	S	Uncharacterized conserved protein, DUF459 domain	0	0	0.0056	0	absent	0	0.0016	0	absent	0	0.0127	0	absent
COG2846	O	Iron-sulfur cluster repair protein YtfE, RIC family, contains ScdAN and hemerythrin domains	1	1	0.9269	1	kept	0	0.0560	0	gap	0	0.1401	0	gap
COG2847	P	Copper(I)-binding protein	0	0	0.2405	0	absent	0	0.1536	0	absent	0	0.3822	0	absent
COG2848	D	Uncharacterized conserved protein, UPF0210 family	0	0	0.0212	0	absent	0	0.1624	0	absent	0	0.1247	0	absent
COG2849	V	Antitoxin component YwqK of the YwqJK toxin-antitoxin module	0	0	0.8616	1	FP	0	0.5915	1	FP	0	0.2504	0	absent
COG2850	J	Ribosomal protein L16 Arg81 hydroxylase, contains JmjC domain	1	0	0.1561	0	gap	0	0.0591	0	gap	0	0.0290	0	gap
COG2851	C	Mg2+/citrate symporter	0	0	0.7078	1	FP	0	0.1192	0	absent	0	0.0723	0	absent
COG2852	L	Very-short-patch-repair endonuclease	0	0	0.1091	0	absent	0	0.4158	0	absent	0	0.0819	0	absent
COG2853	M	Lipoprotein subunit MlaA of the ABC-type intermembrane phospholipid transporter Mla	1	0	0.4099	0	gap	0	0.9806	1	recovered	1	0.9509	1	kept
COG2854	M	Periplasmic subunit MlaC of the ABC-type intermembrane phospholipid transporter Mla	1	1	0.9687	1	kept	0	0.9798	1	recovered	1	0.8877	1	kept
COG2855	S	Uncharacterized membrane protein YadS, UPF0324 family	1	1	0.9980	1	kept	1	0.9945	1	kept	0	0.9718	1	recovered
COG2856	O	Zn-dependent peptidase ImmA, M78 family	0	0	0.8272	1	FP	0	0.4933	0	absent	0	0.2858	0	absent
COG2857	C	Cytochrome c1	0	0	0.0042	0	absent	0	0.0020	0	absent	0	0.0067	0	absent
COG2859	M	Outer membrane channel-forming protein BP26/OMP28, SIMPL family	0	0	0.0166	0	absent	0	0.0167	0	absent	0	0.0646	0	absent
COG2860	S	Uncharacterized membrane protein YeiH	1	0	0.9536	1	recovered	1	0.9966	1	kept	1	0.9995	1	kept
COG2861	G	Uncharacterized conserved protein YibQ, putative polysaccharide deacetylase 2 family	1	1	0.9916	1	kept	1	0.9926	1	kept	0	0.7736	1	recovered
COG2862	S	Uncharacterized membrane protein YqhA	1	1	0.4632	0	gap	0	0.0270	0	gap	0	0.0380	0	gap
COG2863	C	Cytochrome c553	0	0	0.7663	1	FP	0	0.6590	1	FP	0	0.1841	0	absent
COG2864	C	Cytochrome b subunit of formate dehydrogenase	1	1	0.7391	1	kept	0	0.1515	0	gap	0	0.2156	0	gap
COG2865	K	Predicted transcriptional regulator, contains HTH domain	0	0	0.2026	0	absent	0	0.8027	1	FP	0	0.4097	0	absent
COG2866	M	Murein tripeptide amidase MpaA	1	1	0.9792	1	kept	0	0.2919	0	gap	0	0.4762	0	gap
COG2867	J	Ribosome association toxin PasT (RatA) of the RatAB toxin-antitoxin module	1	1	0.8994	1	kept	0	0.1784	0	gap	0	0.0044	0	gap
COG2868	S	Uncharacterized conserved protein YsxB, DUF464 family	0	0	0.0012	0	absent	0	0.0002	0	absent	0	0.0006	0	absent
COG2869	C	Na+-transporting NADH:ubiquinone oxidoreductase, subunit NqrC	0	0	0.0007	0	absent	0	0.1552	0	absent	0	0.0158	0	absent
COG2870	M	ADP-heptose synthase, bifunctional sugar kinase/adenylyltransferase	0	0	0.0561	0	absent	0	0.1611	0	absent	0	0.2150	0	absent
COG2871	C	Na+-transporting NADH:ubiquinone oxidoreductase, subunit NqrF	0	0	0.0108	0	absent	0	0.3292	0	absent	0	0.0385	0	absent
COG2872	J	Ser-tRNA(Ala) deacylase AlaX (editing enzyme)	0	0	0.0727	0	absent	1	0.7282	1	FP	0	0.3924	0	absent
COG2873	E	O-acetylhomoserine/O-acetylserine sulfhydrylase, pyridoxal phosphate-dependent	0	0	0.9791	1	FP	0	0.9774	1	FP	0	0.9865	1	FP
COG2874	N	Archaellum biogenesis ATPase ArlH/FlaH	0	0	0.0000	0	absent	0	0.0000	0	absent	0	0.0000	0	absent
COG2875	H	Precorrin-4 methylase	0	0	0.8782	1	FP	0	0.5991	1	FP	0	0.0084	0	absent
COG2876	E	3-deoxy-D-arabino-heptulosonate 7-phosphate (DAHP) synthase	0	0	0.1536	0	absent	0	0.7098	1	FP	0	0.1294	0	absent
COG2877	M	3-deoxy-D-manno-octulosonic acid (KDO) 8-phosphate synthase	1	0	0.9910	1	recovered	0	0.9864	1	recovered	0	0.9637	1	recovered
COG2878	C	Na+-translocating ferredoxin:NAD+ oxidoreductase RNF, RnfB subunit	1	1	0.3696	0	gap	1	0.9186	1	kept	0	0.0080	0	gap
COG2879	S	Uncharacterized short protein YbdD, DUF466 family	1	0	0.1196	0	gap	0	0.0095	0	gap	0	0.0150	0	gap
COG2880	R	Predicted DNA-binding protein, potential antitoxin AbrB/MazE fold	0	0	0.0001	0	absent	0	0.0001	0	absent	0	0.0001	0	absent
COG2881	R	GTPase-interacting Yip1 domain	0	0	0.0018	0	absent	0	0.0018	0	absent	0	0.0048	0	absent
COG2882	N	Flagellar biosynthesis chaperone FliJ	1	1	0.7175	1	kept	1	0.6605	1	kept	0	0.3726	0	gap
COG2884	D	Cell division ATPase FtsE	1	1	0.9964	1	kept	0	0.9472	1	recovered	0	0.7219	1	recovered
COG2885	M	Outer membrane protein OmpA and related peptidoglycan-associated (lipo)proteins	1	1	1.0000	1	kept	0	1.0000	1	recovered	1	1.0000	1	kept
COG2886	R	Predicted antitoxin, contains HTH domain	0	0	0.0028	0	absent	0	0.0055	0	absent	0	0.0048	0	absent
COG2887	L	RecB family exonuclease	0	0	0.9628	1	FP	0	0.4159	0	absent	0	0.7970	1	FP
COG2888	R	Predicted RNA-binding protein involved in translation, contains  Zn-ribbon domain, DUF1610 family	1	0	0.0155	0	gap	1	0.1221	0	gap	0	0.0152	0	gap
COG2890	J	Methylase of polypeptide chain release factors	1	1	0.9998	1	kept	0	0.9954	1	recovered	0	0.9892	1	recovered
COG2891	M	Cell shape-determining protein MreD	1	1	0.2490	0	gap	0	0.0097	0	gap	0	0.0272	0	gap
COG2892	J	tRNA threonylcarbamoyladenosine modification (KEOPS) complex,  Pcc1 subunit	0	0	0.0000	0	absent	0	0.0000	0	absent	0	0.0000	0	absent
COG2893	G	Phosphotransferase system, mannose/fructose-specific component IIA	1	1	0.9996	1	kept	0	0.8653	1	recovered	0	0.5804	1	recovered
COG2894	D	Septum site-determining ATPase MinD	1	0	0.0389	0	gap	0	0.0602	0	gap	0	0.0347	0	gap
COG2895	P	Sulfate adenylyltransferase subunit 1, EFTu-like GTPase family	1	1	0.9939	1	kept	1	0.7995	1	kept	0	0.1165	0	gap
COG2896	H	GTP 3',8-cyclase (molybdenum cofactor biosynthesis protein MoaA)	1	0	0.9994	1	recovered	1	0.9997	1	kept	0	0.8871	1	recovered
COG2897	P	3-mercaptopyruvate sulfurtransferase SseA, contains two rhodanese domains	1	1	0.9997	1	kept	0	0.9911	1	recovered	0	0.9390	1	recovered
COG2898	I	Lysylphosphatidylglycerol synthetase MprF, lysyl-tRNA-binding C-terminal domain	0	0	0.0420	0	absent	0	0.0715	0	absent	0	0.0124	0	absent
COG2899	P	Uncharacterized TerC-related membrane protein, DUF475 domain	0	0	0.0291	0	absent	0	0.0015	0	absent	0	0.0696	0	absent
COG2900	S	Uncharacterized coiled-coil protein SlyX (sensitive to lysis X)	1	1	0.7423	1	kept	0	0.7312	1	recovered	0	0.2503	0	gap
COG2901	K	DNA-binding protein Fis (factor for inversion stimulation)	1	0	0.0008	0	gap	1	0.0349	0	gap	0	0.0011	0	gap
COG2902	E	NAD-specific glutamate dehydrogenase	0	1	0.9716	1	FP	0	0.7745	1	FP	0	0.5085	1	FP
COG2905	T	Signal-transduction protein containing cAMP-binding, CBS, and nucleotidyltransferase domains	0	0	0.9714	1	FP	0	0.9750	1	FP	0	0.8233	1	FP
COG2906	P	Bacterioferritin-associated ferredoxin	1	1	0.5496	1	kept	1	0.4505	0	gap	0	0.0119	0	gap
COG2907	R	Predicted flavin-containing amine oxidase	0	0	0.1646	0	absent	0	0.7543	1	FP	0	0.2033	0	absent
COG2908	M	UDP-2,3-diacylglucosamine pyrophosphatase LpxH	1	1	0.7738	1	kept	0	0.4957	0	gap	0	0.3262	0	gap
COG2909	K	ATP-, maltotriose- and DNA-dependent transcriptional regulator MalT	1	1	0.9797	1	kept	0	0.4724	0	gap	1	0.9255	1	kept
COG2910	R	Putative NADH-flavin reductase	0	0	0.8454	1	FP	0	0.2021	0	absent	0	0.4302	0	absent
COG2911	U	Autotransporter translocation and assembly protein TamB	1	1	1.0000	1	kept	1	0.9999	1	kept	1	0.9983	1	kept
COG2912	T	Regulator of sirC expression, contains transglutaminase-like and TPR domains	1	1	0.4353	0	gap	1	0.5716	1	kept	0	0.0359	0	gap
COG2913	M	Outer membrane protein assembly factor BamE, lipoprotein component of the BamABCDE complex	1	1	0.9895	1	kept	1	0.9837	1	kept	0	0.5657	1	recovered
COG2914	V	Putative antitoxin component PasI (RatB) of the RatAB toxin-antitoxin module, ubiquitin-RnfH superfamily	1	1	0.0009	0	gap	0	0.0000	0	gap	0	0.0000	0	gap
COG2915	XT	Regulator of phage lambda lysogenization HflD, binds to CII and stimulates its degradation	1	1	0.0000	0	gap	0	0.0000	0	gap	1	0.0002	0	gap
COG2916	K	DNA-binding protein H-NS	1	1	0.0951	0	gap	0	0.0105	0	gap	0	0.0027	0	gap
COG2917	D	Intracellular septation protein A	1	0	0.0037	0	gap	0	0.0166	0	gap	0	0.0102	0	gap
COG2918	H	Gamma-glutamylcysteine synthetase	1	0	0.0114	0	gap	1	0.3145	0	gap	1	0.0171	0	gap
COG2919	D	Cell division protein FtsB	1	1	0.9994	1	kept	1	0.9993	1	kept	1	0.9928	1	kept
COG2920	J	Sulfur transfer complex TusBCD TusE component, DsrC family (tRNA 2-thiouridine synthesizing protein C)	1	1	0.6396	1	kept	0	0.2944	0	gap	1	0.4557	0	gap
COG2921	T	Putative lipoate-binding regulatory protein, UPF0250 family	1	0	0.9055	1	recovered	0	0.6620	1	recovered	0	0.8672	1	recovered
COG2922	S	Uncharacterized conserved protein Smg, DUF494 family	1	1	0.0487	0	gap	1	0.0487	0	gap	0	0.0035	0	gap
COG2923	J	Sulfur transfer complex TusBCD TusC component, DsrF family	1	0	0.0001	0	gap	1	0.0016	0	gap	0	0.0000	0	gap
COG2924	PO	Fe-S cluster biosynthesis and repair protein YggX	1	1	0.0106	0	gap	0	0.0015	0	gap	0	0.0004	0	gap
COG2925	L	Exonuclease I (degrades ssDNA)	1	1	0.0516	0	gap	0	0.1101	0	gap	0	0.0058	0	gap
COG2926	S	Uncharacterized conserved protein YeeX, DUF496 family	1	1	0.0021	0	gap	0	0.0000	0	gap	1	0.0012	0	gap
COG2927	L	DNA polymerase III, chi subunit	1	0	0.0026	0	gap	0	0.0049	0	gap	0	0.0071	0	gap
COG2928	S	Uncharacterized membrane protein	0	0	0.5170	1	FP	0	0.4528	0	absent	0	0.2422	0	absent
COG2929	S	Uncharacterized conserved protein, DUF497 family	1	0	0.0274	0	gap	0	0.1823	0	gap	0	0.0830	0	gap
COG2930	I	Lipid-binding SYLF domain, Ysc84/FYVE family	0	0	0.5076	1	FP	0	0.4008	0	absent	0	0.0874	0	absent
COG2931	Q	Ca2+-binding protein, RTX toxin-related	0	0	0.7631	1	FP	0	0.8481	1	FP	0	0.4261	0	absent
COG2932	X	Phage repressor protein C, contains Cro/C1-type HTH and peptisase s24 domains	0	0	0.5142	1	FP	1	0.9053	1	FP	0	0.2335	0	absent
COG2933	J	23S rRNA C2498 (ribose-2'-O)-methylase RlmM	1	0	0.1151	0	gap	1	0.6395	1	kept	0	0.1118	0	gap
COG2935	O	Arginyl-tRNA--protein-N-Asp/Glu arginylyltransferase	0	0	0.1414	0	absent	0	0.2449	0	absent	0	0.1148	0	absent
COG2936	R	Predicted acyl esterase	0	0	0.2265	0	absent	0	0.0548	0	absent	0	0.1830	0	absent
COG2937	I	Glycerol-3-phosphate O-acyltransferase	1	1	0.8376	1	kept	1	0.8261	1	kept	0	0.0214	0	gap
COG2938	O	Succinate dehydrogenase flavin-adding protein, antitoxin component of the CptAB toxin-antitoxin module	1	0	0.0151	0	gap	0	0.0085	0	gap	1	0.0106	0	gap
COG2939	E	Carboxypeptidase C (cathepsin A)	0	0	0.0090	0	absent	0	0.0082	0	absent	0	0.0054	0	absent
COG2940	R	SET domain-containing protein (function unknown)	0	0	0.1101	0	absent	0	0.0581	0	absent	0	0.0771	0	absent
COG2941	H	Demethoxyubiquinone hydroxylase, CLK1/Coq7/Cat5 family (ubiquinone biosynthesis)	0	0	0.0055	0	absent	0	0.0036	0	absent	0	0.0014	0	absent
COG2942	G	Mannose or cellobiose epimerase, N-acyl-D-glucosamine 2-epimerase family	0	0	0.1084	0	absent	0	0.3112	0	absent	0	0.2572	0	absent
COG2943	MG	Membrane glycosyltransferase	1	1	0.8132	1	kept	1	0.9219	1	kept	0	0.0308	0	gap
COG2944	K	DNA-binding transcriptional regulator YiaG, XRE-type HTH domain	1	1	0.9563	1	kept	0	0.6480	1	recovered	1	0.9696	1	kept
COG2945	R	Alpha/beta superfamily hydrolase	0	0	0.0229	0	absent	0	0.0555	0	absent	0	0.1192	0	absent
COG2946	L	DNA relaxase NicK	0	0	0.0116	0	absent	0	0.0073	0	absent	0	0.0026	0	absent
COG2947	R	Predicted RNA-binding protein, contains EVE domain	0	0	0.1877	0	absent	0	0.7791	1	FP	0	0.0887	0	absent
COG2948	U	Type IV secretory pathway, VirB10 component	0	0	0.0369	0	absent	0	0.0872	0	absent	0	0.0202	0	absent
COG2949	M	Uncharacterized periplasmic protein SanA, affects membrane permeability for vancomycin	1	0	0.0689	0	gap	1	0.1463	0	gap	0	0.1818	0	gap
COG2951	M	Membrane-bound lytic murein transglycosylase B	1	0	0.4586	0	gap	0	0.6452	1	recovered	0	0.6959	1	recovered
COG2952	S	Uncharacterized conserved protein, DUF507 domain	0	0	0.0101	0	absent	0	0.0136	0	absent	0	0.0053	0	absent
COG2954	R	CYTH domain, found in class IV adenylate cyclase and various triphosphatases	0	0	0.4132	0	absent	0	0.4456	0	absent	0	0.2222	0	absent
COG2956	M	Lipopolysaccharide biosynthesis regulator YciM/LapB, contains six TPR domains and a C-terminal metal-binding domain	1	1	0.9948	1	kept	0	0.5040	1	recovered	0	0.6209	1	recovered
COG2957	E	Agmatine/peptidylarginine deiminase	0	0	0.9630	1	FP	0	0.7520	1	FP	0	0.7048	1	FP
COG2958	S	Uncharacterized conserved protein	0	0	0.0169	0	absent	0	0.0090	0	absent	0	0.0151	0	absent
COG2959	R	Proteobacterial HemX domain, involved in 2-ketogluconate production (unrelated to B. subtilis HemX, COG0755, no evidence of involvement in heme biosynthesis)	1	1	0.0043	0	gap	0	0.0003	0	gap	0	0.0001	0	gap
COG2960	H	Ubiquinone biosynthesis accessory factor UbiK	1	0	0.0014	0	gap	0	0.0047	0	gap	1	0.0014	0	gap
COG2961	J	23S rRNA A2030 N6-methylase RlmJ	1	1	0.2399	0	gap	0	0.0047	0	gap	0	0.0020	0	gap
COG2962	R	Membrane protein RarD, contains two EamA domains, drug/metabolite transporter family	1	1	0.9987	1	kept	0	0.9736	1	recovered	0	0.9454	1	recovered
COG2963	X	Transposase InsE and inactivated derivatives	1	1	0.9986	1	kept	0	0.9426	1	recovered	1	0.9936	1	kept
COG2964	K	Predicted transcriptional regulator YheO, contains PAS and DNA-binding HTH domains	1	0	0.4490	0	gap	0	0.2474	0	gap	0	0.3997	0	gap
COG2965	L	Primosomal replication protein N	1	1	0.0000	0	gap	0	0.0000	0	gap	0	0.0000	0	gap
COG2966	S	Uncharacterized membrane protein YjjP, DUF1212 family	1	1	0.9996	1	kept	1	0.9884	1	kept	0	0.8652	1	recovered
COG2967	P	Uncharacterized conserved protein ApaG affecting Mg2+/Co2+ transport	1	0	0.0282	0	gap	0	0.0630	0	gap	0	0.0043	0	gap
COG2968	S	Uncharacterized conserved protein YggE, contains kinase-interacting SIMPL domain	1	0	0.9791	1	recovered	0	0.7344	1	recovered	1	0.9845	1	kept
COG2969	O	Stringent starvation protein B, binds SsrA peptide	1	1	0.4759	0	gap	0	0.0259	0	gap	0	0.0022	0	gap
COG2971	G	BadF-type ATPase, related to human N-acetylglucosamine kinase	0	0	0.3132	0	absent	0	0.0250	0	absent	0	0.0501	0	absent
COG2972	T	Sensor histidine kinase YesM	1	1	0.9952	1	kept	0	0.5639	1	recovered	0	0.2925	0	gap
COG2973	K	Trp operon repressor	1	1	0.1817	0	gap	0	0.0567	0	gap	0	0.0810	0	gap
COG2974	L	DNA recombination-dependent growth factor RdgC	1	0	0.6266	1	recovered	1	0.9988	1	kept	0	0.8966	1	recovered
COG2975	O	Fe-S-cluster formation regulator IscX/YfhJ	1	1	0.0010	0	gap	0	0.0017	0	gap	0	0.0010	0	gap
COG2976	T	Putative negative regulator of RcsB-dependent stress response, UPF0070 family	1	1	0.4643	0	gap	0	0.0712	0	gap	0	0.1238	0	gap
COG2977	Q	4'-phosphopantetheinyl transferase EntD (siderophore biosynthesis)	1	0	0.6231	1	recovered	0	0.1633	0	gap	0	0.0665	0	gap
COG2978	H	p-Aminobenzoyl-glutamate transporter AbgT	0	0	0.1907	0	absent	0	0.8600	1	FP	0	0.6022	1	FP
COG2979	S	Uncharacterized membrane protein YebE, DUF533 family	1	1	0.8709	1	kept	0	0.2412	0	gap	0	0.0494	0	gap
COG2980	M	Outer membrane lipoprotein LptE/RlpB (LPS assembly)	1	1	0.0632	0	gap	0	0.1299	0	gap	0	0.2409	0	gap
COG2981	EP	Sulfate transporter CysZ	1	0	0.4965	0	gap	0	0.6850	1	recovered	1	0.9467	1	kept
COG2982	M	Uncharacterized conserved protein AsmA involved in outer membrane biogenesis	1	1	0.9979	1	kept	0	0.9766	1	recovered	0	0.8154	1	recovered
COG2983	R	Uncharacterized cysteine cluster protein YcgN, CxxCxxCC family	1	1	0.2107	0	gap	1	0.7386	1	kept	0	0.0400	0	gap
COG2984	R	ABC-type uncharacterized transport system, periplasmic component	0	0	0.9111	1	FP	0	0.9543	1	FP	0	0.9252	1	FP
COG2985	R	Uncharacterized membrane protein YbjL, putative transporter	0	0	0.1164	0	absent	0	0.1540	0	absent	0	0.4362	0	absent
COG2986	E	Histidine ammonia-lyase	0	0	0.9868	1	FP	0	0.9114	1	FP	0	0.6480	1	FP
COG2987	E	Urocanate hydratase	0	0	0.9353	1	FP	0	0.7420	1	FP	0	0.3857	0	absent
COG2988	E	Succinylglutamate desuccinylase	1	1	0.0040	0	gap	0	0.0029	0	gap	0	0.0010	0	gap
COG2989	M	Murein L,D-transpeptidase YcbB/YkuD	1	1	0.9561	1	kept	0	0.8411	1	recovered	1	0.9282	1	kept
COG2990	S	Outer membrane protein VirK/YbjX involved in antimicrobial peptide resistance, DUF535 family	1	1	0.3143	0	gap	1	0.0810	0	gap	0	0.0127	0	gap
COG2991	CO	Na+-NQR maturation protein NqrM	0	0	0.0005	0	absent	0	0.0018	0	absent	0	0.0004	0	absent
COG2992	R	Uncharacterized FlgJ-related protein	1	1	0.6313	1	kept	0	0.4898	0	gap	0	0.1132	0	gap
COG2993	C	Cbb3-type cytochrome oxidase, cytochrome c subunit FixO	0	0	0.0298	0	absent	0	0.0226	0	absent	0	0.0192	0	absent
COG2994	O	ACP:hemolysin acyltransferase (hemolysin-activating protein)	0	0	0.0111	0	absent	0	0.0132	0	absent	0	0.0043	0	absent
COG2995	M	Intermembrane transporter PqiABC subunit PqiA	1	0	0.0551	0	gap	0	0.2074	0	gap	0	0.0458	0	gap
COG2996	R	Predicted RNA-binding protein YitL, contains S1 domains, virulence factor B family	0	0	0.8618	1	FP	0	0.9825	1	FP	0	0.7108	1	FP
COG2998	P	ABC-type tungstate transport system, permease component TupA	0	0	0.0795	0	absent	0	0.3441	0	absent	0	0.0398	0	absent
COG2999	O	Glutaredoxin 2	1	0	0.0015	0	gap	1	0.0211	0	gap	1	0.0029	0	gap
COG3000	I	Sterol desaturase/sphingolipid hydroxylase, fatty acid hydroxylase superfamily	0	0	0.7988	1	FP	0	0.6212	1	FP	0	0.0139	0	absent
COG3001	G	Fructosamine-3-kinase	1	0	0.2368	0	gap	0	0.1826	0	gap	0	0.0143	0	gap
COG3002	C	Na+-translocating membrane potential-generating system subunit MpsB, UPF0753/DUF2309 family	0	0	0.0120	0	absent	0	0.0061	0	absent	0	0.0012	0	absent
COG3004	CP	Na+/H+ antiporter NhaA	1	1	0.9981	1	kept	1	0.9977	1	kept	0	0.9667	1	recovered
COG3005	C	Tetraheme cytochrome c subunit NapC of nitrate or TMAO reductase	1	1	0.9994	1	kept	0	0.9764	1	recovered	0	0.9229	1	recovered
COG3006	D	Chromosome condensin MukBEF, kleisin-like MukF subunit	1	1	0.2321	0	gap	1	0.1848	0	gap	0	0.0014	0	gap
COG3007	I	Trans-2-enoyl-CoA reductase	0	0	0.0829	0	absent	0	0.0158	0	absent	0	0.0668	0	absent
COG3008	M	Intermembrane transporter PqiABC subunit PqiB	1	1	0.0747	0	gap	0	0.0250	0	gap	0	0.0262	0	gap
COG3009	M	Intermembrane transporter PqiABC lipoprotein subunit PqiC	1	1	0.7174	1	kept	0	0.6682	1	recovered	1	0.5664	1	kept
COG3010	G	Putative N-acetylmannosamine-6-phosphate epimerase	1	0	0.0322	0	gap	1	0.1676	0	gap	0	0.0598	0	gap
COG3011	R	Predicted thiol-disulfide oxidoreductase YuxK, DCC family	0	0	0.4541	0	absent	0	0.5185	1	FP	0	0.2600	0	absent
COG3012	S	Uncharacterized conserved protein YchJ, contains N- and C-terminal SEC-C domains	1	1	0.9996	1	kept	1	0.9995	1	kept	0	0.9918	1	recovered
COG3013	S	Uncharacterized conserved protein YfbU, UPF0304 family	1	1	0.3816	0	gap	0	0.0286	0	gap	1	0.0345	0	gap
COG3014	S	Uncharacterized conserved protein	0	0	0.3285	0	absent	0	0.6613	1	FP	0	0.8523	1	FP
COG3015	MV	Uncharacterized lipoprotein NlpE involved in copper resistance	1	1	0.9023	1	kept	0	0.0727	0	gap	0	0.8082	1	recovered
COG3016	R	Putative heme-binding protein PhuW	0	0	0.7619	1	FP	0	0.9262	1	FP	0	0.5133	1	FP
COG3017	M	Outer membrane lipoprotein LolB, involved in outer membrane biogenesis	1	0	0.0006	0	gap	1	0.0173	0	gap	0	0.0000	0	gap
COG3018	N	Flagellar basal body lipoprotein FlgP, LPP20 family	0	0	0.3007	0	absent	0	0.0683	0	absent	0	0.0655	0	absent
COG3019	S	Uncharacterized metal-binding protein, DUF411 family	0	0	0.0101	0	absent	0	0.0717	0	absent	0	0.0387	0	absent
COG3021	R	Uncharacterized conserved protein YafD, endonuclease/exonuclease/phosphatase (EEP) superfamily	1	1	0.9898	1	kept	0	0.5771	1	recovered	0	0.7627	1	recovered
COG3022	L	DNA-binding protein YaaA associated with the oxidative stress response	1	1	0.9985	1	kept	0	0.8743	1	recovered	0	0.9857	1	recovered
COG3023	M	N-acetyl-anhydromuramyl-L-alanine amidase AmpD	1	1	0.9939	1	kept	0	0.7790	1	recovered	0	0.2167	0	gap
COG3024	L	Endogenous inhibitor of DNA gyrase, YacG/DUF329 family	1	1	0.1965	0	gap	1	0.3921	0	gap	0	0.0123	0	gap
COG3025	P	Inorganic triphosphatase YgiF, contains CYTH and CHAD domains	1	0	0.0332	0	gap	1	0.2788	0	gap	0	0.0098	0	gap
COG3026	T	RseB, negative regulator of sigma E activity	1	1	0.1804	0	gap	0	0.0117	0	gap	0	0.0056	0	gap
COG3027	D	Cell division protein ZapA, inhibits GTPase activity of FtsZ	1	1	0.9237	1	kept	0	0.0538	0	gap	0	0.0342	0	gap
COG3028	J	Ribosomal 50S subunit-associated protein YjgA, DUF615 family	1	1	0.7979	1	kept	0	0.8770	1	recovered	0	0.5105	1	recovered
COG3029	C	Fumarate reductase subunit C	1	0	0.0015	0	gap	1	0.0490	0	gap	0	0.0003	0	gap
COG3030	R	FxsA protein affecting phage T7 exclusion by the F plasmid, UPF0716 family	1	1	0.8930	1	kept	1	0.9959	1	kept	0	0.2268	0	gap
COG3031	U	Type II secretory pathway, component PulC	1	0	0.7358	1	recovered	0	0.8502	1	recovered	1	0.2632	0	gap
COG3033	E	Tryptophanase	1	0	0.2455	0	gap	0	0.0986	0	gap	1	0.8884	1	kept
COG3034	M	Murein L,D-transpeptidase YafK	1	0	0.9736	1	recovered	1	0.9973	1	kept	1	0.9901	1	kept
COG3036	J	Stalled ribosome alternative rescue factor ArfA	1	0	0.0000	0	gap	1	0.0000	0	gap	0	0.0000	0	gap
COG3037	G	Ascorbate-specific PTS system IIC component UlaA	1	0	0.0932	0	gap	0	0.0109	0	gap	0	0.0051	0	gap
COG3038	C	Cytochrome b561	1	0	0.0611	0	gap	1	0.6521	1	kept	0	0.0404	0	gap
COG3039	X	Transposase and inactivated derivatives, IS5 family	0	0	0.6642	1	FP	0	0.3975	0	absent	0	0.2580	0	absent
COG3040	M	Bacterial lipocalin Blc	1	1	0.9538	1	kept	0	0.6644	1	recovered	0	0.9351	1	recovered
COG3041	JV	mRNA-degrading endonuclease YafQ (mRNA interferase), toxin component of the YafQ-DinJ toxin-antitoxin module	0	0	0.0052	0	absent	0	0.0515	0	absent	0	0.0569	0	absent
COG3042	R	Putative hemolysin	1	0	0.0498	0	gap	0	0.0345	0	gap	0	0.0728	0	gap
COG3043	CP	Nitrate reductase cytochrome c-type subunit NapB	1	0	0.0260	0	gap	1	0.6315	1	kept	0	0.0523	0	gap
COG3044	R	Predicted ATPase of the ABC class	0	0	0.0045	0	absent	0	0.0645	0	absent	0	0.0191	0	absent
COG3045	T	Periplasmic catabolite regulation protein CreA (function unknown)	1	1	0.5980	1	kept	1	0.4744	0	gap	0	0.0166	0	gap
COG3046	R	Uncharacterized conserved protein related to deoxyribodipyrimidine photolyase	0	0	0.0070	0	absent	0	0.0402	0	absent	0	0.0390	0	absent
COG3047	M	Outer membrane protein OmpW	1	0	0.0663	0	gap	0	0.1401	0	gap	0	0.0504	0	gap
COG3048	E	D-serine dehydratase	1	1	0.5574	1	kept	0	0.0520	0	gap	1	0.4925	0	gap
COG3049	MR	Penicillin V acylase or related amidase, Ntn superfamily	0	0	0.4307	0	absent	0	0.1090	0	absent	0	0.1505	0	absent
COG3050	L	DNA polymerase III, psi subunit	1	1	0.0000	0	gap	1	0.0000	0	gap	0	0.0000	0	gap
COG3051	C	Citrate lyase, alpha subunit	1	0	0.8737	1	recovered	0	0.8498	1	recovered	0	0.1157	0	gap
COG3052	C	Acyl-carrier protein (citrate lyase gamma subunit)	1	0	0.9926	1	recovered	0	0.9662	1	recovered	0	0.1652	0	gap
COG3053	C	Citrate lyase synthetase CitC	1	1	0.9892	1	kept	1	0.9822	1	kept	1	0.2860	0	gap
COG3054	R	Predicted transcriptional regulator YtfJ	1	1	0.2871	0	gap	0	0.0165	0	gap	1	0.0544	0	gap
COG3055	M	N-acetylneuraminic acid mutarotase	1	1	0.9928	1	kept	1	0.9686	1	kept	0	0.3052	0	gap
COG3056	S	Uncharacterized lipoprotein YajG	1	1	0.1980	0	gap	0	0.0150	0	gap	0	0.0037	0	gap
COG3057	L	Negative regulator of replication initiation SeqA	1	0	0.0015	0	gap	0	0.0016	0	gap	1	0.0011	0	gap
COG3058	CO	Formate dehydrogenase maturation protein FdhE	1	1	0.1418	0	gap	0	0.0096	0	gap	1	0.0249	0	gap
COG3059	V	Reactive chlorine resistance protein RclC/YkgB, DUF417 family	1	1	0.9329	1	kept	0	0.3310	0	gap	0	0.5459	1	recovered
COG3060	KE	Transcriptional regulator MetJ (met regulon)	1	0	0.0000	0	gap	1	0.0001	0	gap	0	0.0000	0	gap
COG3061	D	Cell division protein YtfB/OapA (opacity-associated protein A)	1	1	0.0000	0	gap	0	0.0000	0	gap	0	0.0000	0	gap
COG3062	O	Cytoplasmic chaperone NapD for the signal peptide of periplasmic nitrate reductase NapAB	1	0	0.0036	0	gap	1	0.1467	0	gap	0	0.0052	0	gap
COG3063	NW	Type IV pilus assembly protein PilF/PilW	0	0	0.1431	0	absent	0	0.7641	1	FP	0	0.6080	1	FP
COG3064	M	Membrane protein TolA involved in colicin uptake	1	1	0.9963	1	kept	0	0.8626	1	recovered	0	0.7533	1	recovered
COG3065	M	Starvation-inducible outer membrane lipoprotein Slp	1	0	0.0009	0	gap	0	0.0032	0	gap	0	0.0007	0	gap
COG3066	L	DNA mismatch repair protein MutH	1	0	0.0029	0	gap	1	0.2518	0	gap	1	0.0433	0	gap
COG3067	CP	Na+/H+ antiporter NhaB	1	1	0.1340	0	gap	0	0.0200	0	gap	0	0.0069	0	gap
COG3068	S	Uncharacterized conserved protein YjaG, DUF416 family	1	0	0.0040	0	gap	1	0.0150	0	gap	0	0.0002	0	gap
COG3069	C	C4-dicarboxylate transporter DcuC	1	1	0.8705	1	kept	1	0.6899	1	kept	0	0.0564	0	gap
COG3070	K	Transcriptional regulator of competence genes, TfoX/Sxy family	1	1	0.9336	1	kept	1	0.9109	1	kept	0	0.0993	0	gap
COG3071	S	Uncharacterized protein HemY, contains HemY_N domain and TPR repeats (unrelated to protoporphyrinogen oxidase HemY)	1	1	0.4405	0	gap	1	0.5302	1	kept	0	0.0266	0	gap
COG3072	T	Adenylate cyclase, class I	1	1	0.0952	0	gap	1	0.1650	0	gap	1	0.0090	0	gap
COG3073	T	RseA, negative regulator of sigma E activity	1	1	0.0000	0	gap	1	0.0000	0	gap	0	0.0000	0	gap
COG3074	D	Cell division protein ZapB, interacts with FtsZ	1	1	0.0239	0	gap	1	0.0432	0	gap	0	0.0031	0	gap
COG3075	E	Anaerobic glycerol-3-phosphate dehydrogenase	1	0	0.2751	0	gap	1	0.7715	1	kept	0	0.1462	0	gap
COG3076	J	Regulator of RNase E activity RraB	1	0	0.0194	0	gap	1	0.1015	0	gap	0	0.0095	0	gap
COG3077	V	Antitoxin component of the RelBE or YafQ-DinJ toxin-antitoxin module	0	0	0.0122	0	absent	0	0.1681	0	absent	0	0.0337	0	absent
COG3078	J	Ribosome assembly protein YihI, activator of Der GTPase	1	0	0.0156	0	gap	1	0.1092	0	gap	0	0.0032	0	gap
COG3079	S	Uncharacterized conserved protein YgfB, UPF0149 family	1	0	0.0000	0	gap	1	0.0000	0	gap	0	0.0000	0	gap
COG3080	C	Fumarate reductase subunit D	1	1	0.0222	0	gap	1	0.0432	0	gap	0	0.0002	0	gap
COG3081	L	dsDNA-binding nucleoid-associated protein YejK/NdpA	1	1	0.4992	0	gap	0	0.0294	0	gap	0	0.2486	0	gap
COG3082	S	Uncharacterized conserved protein YejL, UPF0352 family	1	1	0.0000	0	gap	0	0.0000	0	gap	0	0.0000	0	gap
COG3083	MT	Periplasmic protein PbgA/YejM, regulator of the LPS biosynthesis, AlkP superfamily	1	0	0.0224	0	gap	0	0.0224	0	gap	0	0.0679	0	gap
COG3084	S	Uncharacterized conserved protein YihD, DUF1040 family	1	1	0.0000	0	gap	0	0.0000	0	gap	1	0.0000	0	gap
COG3085	S	Uncharacterized conserved protein YifE, UPF0438 family	1	0	0.0001	0	gap	0	0.0000	0	gap	0	0.0000	0	gap
COG3086	T	RseC, positive regulator of sigma E activity	1	1	0.0180	0	gap	1	0.5800	1	kept	0	0.0021	0	gap
COG3087	D	Cell division protein FtsN	1	1	0.9968	1	kept	0	0.9264	1	recovered	0	0.7341	1	recovered
COG3088	CO	Cytochrome c-type biogenesis protein CcmH/NrfF	1	1	0.7832	1	kept	1	0.4406	0	gap	0	0.0335	0	gap
COG3089	S	Uncharacterized conserved protein YheU, UPF0270 family	1	1	0.1460	0	gap	0	0.0767	0	gap	0	0.0219	0	gap
COG3090	G	TRAP-type C4-dicarboxylate transport system, small permease component YiaM	1	0	0.9027	1	recovered	1	0.9995	1	kept	0	0.8836	1	recovered
COG3091	R	Predicted Zn-dependent metalloprotease, SprT family	1	1	0.9174	1	kept	0	0.1729	0	gap	0	0.2962	0	gap
COG3092	S	Uncharacterized membrane protein YfbV, UPF0208 family	1	1	0.0000	0	gap	0	0.0000	0	gap	0	0.0000	0	gap
COG3093	V	Plasmid maintenance system antidote protein VapI, contains XRE-type HTH domain	1	0	0.8761	1	recovered	1	0.9872	1	kept	0	0.7089	1	recovered
COG3094	S	Uncharacterized membrane protein SirB2	1	1	0.0002	0	gap	0	0.0000	0	gap	0	0.0000	0	gap
COG3095	D	Chromosome condensin MukBEF, MukE localization factor	1	0	0.0057	0	gap	1	0.0840	0	gap	0	0.0010	0	gap
COG3096	D	Chromosome condensin MukBEF, ATPase and DNA-binding subunit MukB	1	1	0.2547	0	gap	1	0.1503	0	gap	0	0.0014	0	gap
COG3097	S	Uncharacterized conserved protein YqfB, UPF0267 family	1	1	0.0017	0	gap	0	0.0000	0	gap	0	0.0000	0	gap
COG3098	S	Uncharacterized conserved protein YqcC, DUF446 family	1	1	0.0189	0	gap	1	0.0072	0	gap	1	0.0017	0	gap
COG3099	S	Uncharacterized conserved protein YciU, UPF0263 family	1	0	0.0000	0	gap	1	0.0000	0	gap	0	0.0000	0	gap
COG3100	S	Uncharacterized conserved protein YcgL, UPF0745 family	1	1	0.0000	0	gap	0	0.0000	0	gap	0	0.0000	0	gap
COG3101	J	Elongation factor P hydroxylase EpmC (EF-P beta-lysylation pathway)	1	1	0.0391	0	gap	0	0.0021	0	gap	0	0.0006	0	gap
COG3102	R	Uncharacterized conserved protein YecM, predicted metalloenzyme	1	0	0.0005	0	gap	1	0.0050	0	gap	0	0.0007	0	gap
COG3103	R	Uncharacterized conserved protein YgiM, contains N-terminal SH3 domain, DUF1202 family	1	1	0.9796	1	kept	1	0.9778	1	kept	0	0.7429	1	recovered
COG3104	E	Dipeptide/tripeptide permease	1	1	0.9728	1	kept	0	0.0842	0	gap	0	0.1721	0	gap
COG3105	S	Uncharacterized membrane-anchored protein YhcB, DUF1043 family	1	1	0.0357	0	gap	1	0.0374	0	gap	0	0.0004	0	gap
COG3106	T	Ras-like GTP-binding stress-induced protein YcjX,  DUF463 family	1	1	0.0597	0	gap	1	0.0622	0	gap	0	0.0015	0	gap
COG3107	M	Outer membrane lipoprotein LpoA, binds and activates PBP1a	1	0	0.0280	0	gap	0	0.0493	0	gap	0	0.0105	0	gap
COG3108	S	Uncharacterized conserved protein YcbK, DUF882 family	1	1	0.9766	1	kept	0	0.4861	0	gap	0	0.2015	0	gap
COG3109	T	sRNA-binding protein ProQ	1	0	0.0012	0	gap	1	0.0057	0	gap	0	0.0002	0	gap
COG3110	S	Uncharacterized conserved protein YccT, UPF0319 family	1	0	0.0002	0	gap	0	0.0001	0	gap	1	0.0031	0	gap
COG3111	S	Predicted periplasmic protein YdeI with OB-fold, BOF family	1	1	0.7000	1	kept	0	0.1336	0	gap	1	0.2909	0	gap
COG3112	S	Uncharacterized conserved protein YacL, UPF0231 family	1	0	0.0000	0	gap	0	0.0000	0	gap	1	0.0000	0	gap
COG3113	M	Binding protein subunit MlaB of the ABC-type intermembrane phospholipid transporter Mla, contains STAS domain	1	1	0.0779	0	gap	1	0.0413	0	gap	0	0.0013	0	gap
COG3114	U	Heme exporter protein D	1	1	0.0117	0	gap	0	0.0001	0	gap	0	0.0000	0	gap
COG3115	D	Cell division protein ZipA, interacts with FtsZ	1	1	0.9496	1	kept	0	0.0209	0	gap	0	0.0082	0	gap
COG3116	D	Cell division protein FtsL, interacts with FtsB and FtsQ	1	0	0.0061	0	gap	0	0.0274	0	gap	0	0.0046	0	gap
COG3117	M	Lipopolysaccharide export system protein LptC	1	1	0.9001	1	kept	0	0.5674	1	recovered	0	0.1827	0	gap
COG3118	O	Chaperedoxin CnoX, contains thioredoxin-like and TPR-like domains, YbbN/TrxSC family	1	0	0.9996	1	recovered	0	0.9981	1	recovered	0	0.9969	1	recovered
COG3119	P	Arylsulfatase A or related enzyme, AlkP superfamily	1	0	0.1633	0	gap	0	0.4099	0	gap	0	0.2254	0	gap
COG3120	L	Macrodomain Ter protein organizer, MatP/YcbG family	1	1	0.0037	0	gap	1	0.0015	0	gap	0	0.0000	0	gap
COG3121	W	P pilus assembly protein, chaperone PapD	1	0	0.0208	0	gap	0	0.1146	0	gap	0	0.1379	0	gap
COG3122	S	Uncharacterized conserved protein YaiL, DUF2058 family	1	1	0.3848	0	gap	1	0.5274	1	kept	1	0.1706	0	gap
COG3123	F	Pyrimidine/purine nucleoside phosphorylase YaiE/PpnP, UPF0345/DUF1255 family	1	1	0.9910	1	kept	1	0.9785	1	kept	1	0.5824	1	kept
COG3124	I	Acyl carrier protein phosphodiesterase	1	1	0.9725	1	kept	0	0.3628	0	gap	1	0.6024	1	kept
COG3125	C	Heme/copper-type cytochrome/quinol oxidase, subunit 4	1	1	0.2440	0	gap	0	0.0015	0	gap	0	0.0006	0	gap
COG3126	S	Uncharacterized lipoprotein YbaY	1	0	0.0730	0	gap	0	0.0884	0	gap	0	0.0261	0	gap
COG3127	Q	Predicted ABC-type transport system involved in lysophospholipase L1 biosynthesis, permease component	1	1	0.9950	1	kept	0	0.9307	1	recovered	0	0.9351	1	recovered
COG3128	R	Predicted 2-oxoglutarate- and Fe(II)-dependent dioxygenase YbiX	1	1	0.5440	1	kept	0	0.0161	0	gap	0	0.0100	0	gap
COG3129	J	23S rRNA A1618 N6-methylase RlmF	1	1	0.6511	1	kept	1	0.6443	1	kept	0	0.4673	0	gap
COG3130	J	Ribosome modulation factor	1	1	0.0000	0	gap	1	0.0000	0	gap	0	0.0000	0	gap
COG3131	M	Periplasmic glucan biosynthesis protein OpgG	1	0	0.2790	0	gap	1	0.9010	1	kept	0	0.0217	0	gap
COG3132	S	Uncharacterized conserved protein YceH, UPF0502 family	1	0	0.0436	0	gap	0	0.4429	0	gap	1	0.7826	1	kept
COG3133	M	Outer membrane lipoprotein SlyB	1	0	0.0233	0	gap	0	0.1898	0	gap	1	0.1433	0	gap
COG3134	S	Uncharacterized conserved protein YcfJ, contains glycine zipper 2TM domain	1	1	0.1895	0	gap	0	0.0053	0	gap	0	0.0026	0	gap
COG3135	Q	Predicted benzoate:H+ symporter BenE	1	1	0.9088	1	kept	1	0.6385	1	kept	0	0.1069	0	gap
COG3136	S	Dual-topology membrane protein YdgC, GlpM family	1	0	0.0043	0	gap	0	0.0033	0	gap	1	0.0056	0	gap
COG3137	M	Putative salt-induced outer membrane protein YdiY	1	1	0.4546	0	gap	0	0.1596	0	gap	0	0.2405	0	gap
COG3138	E	Arginine/ornithine N-succinyltransferase beta subunit	1	1	0.1976	0	gap	0	0.0215	0	gap	0	0.0032	0	gap
COG3139	S	Uncharacterized conserved protein YeaC, DUF1315 family	1	0	0.0000	0	gap	0	0.0000	0	gap	0	0.0000	0	gap
COG3140	S	Uncharacterized conserved protein YoaH, UPF0181 family	1	1	0.0000	0	gap	0	0.0000	0	gap	0	0.0000	0	gap
COG3141	L	dsDNA-binding SOS-regulon protein YebG, induction by DNA damage requires cAMP	1	1	0.0721	0	gap	0	0.0199	0	gap	0	0.0008	0	gap
COG3142	P	Copper homeostasis protein CutC	1	1	0.8942	1	kept	0	0.0343	0	gap	1	0.7504	1	kept
COG3143	NT	Phosphoaspartate phosphatase CheZ, dephosphorylates CheY~P	1	1	0.5403	1	kept	0	0.0663	0	gap	0	0.0145	0	gap
COG3144	N	Flagellar hook-length control protein FliK	1	1	0.7763	1	kept	0	0.2046	0	gap	1	0.8416	1	kept
COG3145	L	Alkylated DNA repair dioxygenase AlkB	1	0	0.1859	0	gap	0	0.0317	0	gap	0	0.0330	0	gap
COG3146	R	Predicted N-acyltransferase	0	0	0.1488	0	absent	0	0.2063	0	absent	0	0.0243	0	absent
COG3147	D	Cell division protein DedD (periplasmic protein involved in septation)	1	0	0.0429	0	gap	0	0.1177	0	gap	0	0.4444	0	gap
COG3148	J	tRNA U47 aminocarboxypropyltransferaseTapT/TuaA/ YfiP, DTW domain	1	1	0.7972	1	kept	0	0.1601	0	gap	0	0.0515	0	gap
COG3149	U	Type II secretory pathway, component PulM	1	0	0.1311	0	gap	0	0.5563	1	recovered	0	0.0431	0	gap
COG3150	R	Predicted esterase YcpF, UPF0227 family	1	0	0.0009	0	gap	1	0.0311	0	gap	0	0.0036	0	gap
COG3151	S	Uncharacterized conserved protein YqiB, DUF1249 family	1	0	0.0022	0	gap	1	0.0369	0	gap	0	0.0001	0	gap
COG3152	S	Uncharacterized membrane protein YhaH, DUF805 family	1	0	0.5191	1	recovered	0	0.4636	0	gap	1	0.8943	1	kept
COG3153	R	Predicted N-acetyltransferase YhbS	1	0	0.8999	1	recovered	1	0.9718	1	kept	0	0.4302	0	gap
COG3154	H	Ubiquinone biosynthesis accessory factor UbiT, lipid carrier SCP2 domain	1	0	0.0011	0	gap	0	0.0010	0	gap	0	0.0009	0	gap
COG3155	V	Glyoxalase ElbB, DJ-1 superfamily	1	1	0.3006	0	gap	1	0.6020	1	kept	1	0.3288	0	gap
COG3156	U	Type II secretory pathway, component PulK	1	1	0.9273	1	kept	1	0.9505	1	kept	0	0.1411	0	gap
COG3157	U	Type VI protein secretion system component Hcp (secreted cytotoxin)	1	1	0.9949	1	kept	0	0.9771	1	recovered	0	0.0227	0	gap
COG3158	P	K+ uptake protein Kup	1	0	0.8780	1	recovered	1	0.9453	1	kept	0	0.0564	0	gap
COG3159	S	Uncharacterized conserved protein YigA, DUF484 family	1	0	0.0012	0	gap	1	0.0383	0	gap	0	0.0004	0	gap
COG3160	K	Regulator of sigma D	1	1	0.0000	0	gap	1	0.0000	0	gap	1	0.0001	0	gap
COG3161	H	4-hydroxybenzoate synthetase (chorismate-pyruvate lyase)	1	1	0.0097	0	gap	1	0.0088	0	gap	0	0.0004	0	gap
COG3162	S	Uncharacterized membrane protein, DUF485 family	1	1	0.9788	1	kept	0	0.5166	1	recovered	0	0.6769	1	recovered
COG3164	S	Uncharacterized conserved protein YhdP, contains DUF3971 and AsmA2 domains	1	1	0.0868	0	gap	1	0.2474	0	gap	0	0.0208	0	gap
COG3165	H	Ubiquinone biosynthesis protein UbiJ, contains SCP2 domain	1	1	0.0001	0	gap	0	0.0000	0	gap	0	0.0000	0	gap
COG3166	NW	Type IV pilus assembly protein PilN	1	1	0.9981	1	kept	1	0.9992	1	kept	1	0.9716	1	kept
COG3167	NW	Type IV pilus assembly protein PilO	0	0	0.4440	0	absent	0	0.6504	1	FP	0	0.2794	0	absent
COG3168	NW	Type IV pilus assembly protein PilP	0	0	0.0651	0	absent	0	0.4032	0	absent	0	0.0292	0	absent
COG3169	S	Uncharacterized membrane protein, DMT/DUF486 family	0	0	0.1757	0	absent	0	0.1033	0	absent	0	0.0398	0	absent
COG3170	NW	Type IV pilus assembly protein FimV	1	0	0.9844	1	recovered	1	0.9989	1	kept	1	0.9861	1	kept
COG3171	S	Uncharacterized conserved protein YggL, DUF469 family	1	1	0.1251	0	gap	1	0.1373	0	gap	0	0.0056	0	gap
COG3172	H	Nicotinamide riboside kinase	0	0	0.1910	0	absent	0	0.1273	0	absent	0	0.0242	0	absent
COG3173	R	Predicted  kinase, aminoglycoside phosphotransferase (APT) family	1	1	0.9900	1	kept	0	0.4458	0	gap	0	0.1392	0	gap
COG3174	P	Membrane component of predicted Mg2+ transport system, contains DUF4010 domain	0	0	0.0351	0	absent	0	0.0167	0	absent	0	0.0762	0	absent
COG3175	CO	Cytochrome c oxidase assembly protein Cox11	0	0	0.0010	0	absent	0	0.0011	0	absent	0	0.0005	0	absent
COG3176	R	Putative hemolysin	0	0	0.0605	0	absent	0	0.0360	0	absent	0	0.0053	0	absent
COG3177	K	Fic family protein	1	1	0.9992	1	kept	1	0.9992	1	kept	0	0.8864	1	recovered
COG3178	R	Predicted phosphotransferase, aminoglycoside/choline kinase (APH/ChoK) family	0	0	0.2596	0	absent	0	0.0889	0	absent	0	0.6245	1	FP
COG3179	G	Chitinase, GH19 family	0	0	0.7005	1	FP	0	0.2255	0	absent	0	0.2412	0	absent
COG3180	R	Uncharacterized membrane protein AbrB, regulator of aidB expression	1	1	0.9814	1	kept	0	0.6048	1	recovered	0	0.1769	0	gap
COG3181	C	Tripartite-type tricarboxylate transporter, extracytoplasmic receptor component TctC	1	1	0.9978	1	kept	1	0.9987	1	kept	0	0.5694	1	recovered
COG3182	S	PepSY-associated TM region	1	1	0.9995	1	kept	1	0.9985	1	kept	0	0.6399	1	recovered
COG3183	V	Predicted restriction endonuclease, HNH family	0	0	0.0472	0	absent	0	0.1245	0	absent	0	0.0679	0	absent
COG3184	S	Uncharacterized conserved protein, contains DUF2059 domain	0	0	0.2185	0	absent	0	0.2606	0	absent	0	0.1178	0	absent
COG3185	ER	4-hydroxyphenylpyruvate dioxygenase and related hemolysins	0	0	0.6403	1	FP	0	0.4042	0	absent	0	0.0779	0	absent
COG3186	E	Phenylalanine-4-hydroxylase	0	0	0.0895	0	absent	0	0.0832	0	absent	0	0.0135	0	absent
COG3187	O	Heat shock protein HslJ	1	1	0.9927	1	kept	0	0.2933	0	gap	0	0.9626	1	recovered
COG3188	NW	Outer membrane usher protein FimD/PapC	1	0	0.1553	0	gap	0	0.2463	0	gap	0	0.1369	0	gap
COG3189	S	Uncharacterized conserved protein YeaO, DUF488 family	1	1	0.9793	1	kept	0	0.3579	0	gap	0	0.1635	0	gap
COG3190	N	Flagellar biogenesis protein FliO	1	1	0.9924	1	kept	0	0.5117	1	recovered	1	0.9627	1	kept
COG3191	E	L-aminopeptidase/D-esterase	0	0	0.1307	0	absent	0	0.0688	0	absent	0	0.0140	0	absent
COG3192	E	Ethanolamine transporter EutH, required for ethanolamine utilization at low pH	1	0	0.0675	0	gap	0	0.1455	0	gap	0	0.0075	0	gap
COG3193	T	Heme-binding protein HbpS, GlcG/HbpS family	1	1	0.9959	1	kept	1	0.9982	1	kept	0	0.5173	1	recovered
COG3194	F	Ureidoglycolate hydrolase (allantoin degradation)	1	1	0.8415	1	kept	0	0.2006	0	gap	0	0.0553	0	gap
COG3195	F	2-oxo-4-hydroxy-4-carboxy--5-ureidoimidazoline (OHCU) decarboxylase (uric acid degradation)	0	0	0.7000	1	FP	0	0.3982	0	absent	0	0.0340	0	absent
COG3196	R	Colicin E2 tolerance protein CbrC, UPF0167 family	0	0	0.0307	0	absent	0	0.0053	0	absent	0	0.0141	0	absent
COG3197	O	Cytochrome oxidase maturation protein, CcoS/FixS family	0	0	0.0590	0	absent	0	0.1574	0	absent	0	0.0993	0	absent
COG3198	S	Uncharacterized conserved protein	0	0	0.0002	0	absent	0	0.0006	0	absent	0	0.0007	0	absent
COG3199	F	NAD kinase	0	0	0.0029	0	absent	0	0.0061	0	absent	0	0.0044	0	absent
COG3200	E	3-deoxy-D-arabino-heptulosonate 7-phosphate (DAHP) synthase, class II	0	0	0.6457	1	FP	0	0.2107	0	absent	0	0.8091	1	FP
COG3201	H	Nicotinamide riboside transporter PnuC	1	1	0.9654	1	kept	1	0.5435	1	kept	0	0.3918	0	gap
COG3202	C	ATP/ADP translocase	0	0	0.0223	0	absent	0	0.0610	0	absent	0	0.3016	0	absent
COG3203	M	Outer membrane porin OmpC/OmpF/PhoE	1	0	0.9443	1	recovered	0	0.9294	1	recovered	1	0.9007	1	kept
COG3204	R	Uncharacterized Ca-binding beta-propeller protein YjiK	1	0	0.0912	0	gap	0	0.2489	0	gap	0	0.1322	0	gap
COG3205	S	Uncharacterized membrane protein, DUF2061 family	0	0	0.0008	0	absent	0	0.0044	0	absent	0	0.0005	0	absent
COG3206	M	Exopolysaccharide export protein/domain GumC/Wzc1	0	0	0.9482	1	FP	0	0.9246	1	FP	0	0.7595	1	FP
COG3207	Q	Pyoverdine/dityrosine biosynthesis protein Dit1	0	0	0.0018	0	absent	0	0.0013	0	absent	0	0.0005	0	absent
COG3208	Q	Surfactin synthase thioesterase subunit	1	1	0.9984	1	kept	1	0.9796	1	kept	0	0.0841	0	gap
COG3209	R	Uncharacterized conserved protein RhaS, contains 28 RHS repeats	0	0	0.9735	1	FP	0	0.8271	1	FP	0	0.4008	0	absent
COG3210	U	Large exoprotein involved in heme utilization or adhesion	1	0	0.7846	1	recovered	0	0.6588	1	recovered	0	0.3080	0	gap
COG3211	R	Secreted phosphatase, PhoX family	0	0	0.0853	0	absent	0	0.3618	0	absent	0	0.0290	0	absent
COG3212	O	PepSY domain containing protein, regulator of zincin peptidase activity	0	0	0.1085	0	absent	0	0.0115	0	absent	0	0.1646	0	absent
COG3213	T	Nitric oxide response protein NnrS	0	0	0.0224	0	absent	0	0.0361	0	absent	0	0.0208	0	absent
COG3214	L	DNA glycosylase YcaQ, repair of DNA interstrand crosslinks	1	1	0.9829	1	kept	1	0.8508	1	kept	0	0.3246	0	gap
COG3215	NW	Type IV pilus assembly protein PilZ	0	0	0.0244	0	absent	0	0.0316	0	absent	0	0.0028	0	absent
COG3216	S	Uncharacterized conserved protein, DUF2062 family	0	0	0.5741	1	FP	0	0.8849	1	FP	0	0.7837	1	FP
COG3217	FV	N-hydroxylaminopurine reductase subunit YcbX, contains MOSC domain	0	0	0.2948	0	absent	0	0.0818	0	absent	0	0.0209	0	absent
COG3218	R	ABC-type uncharacterized transport system, auxiliary component	0	0	0.0688	0	absent	0	0.1787	0	absent	0	0.0547	0	absent
COG3219	S	Uncharacterized conserved protein, DUF2063 family	0	0	0.0348	0	absent	0	0.0075	0	absent	0	0.0044	0	absent
COG3220	S	Uncharacterized conserved protein, UPF0276 family	0	0	0.2276	0	absent	0	0.0411	0	absent	0	0.0101	0	absent
COG3221	P	ABC-type phosphate/phosphonate transport system, periplasmic component	1	0	0.9908	1	recovered	1	1.0000	1	kept	0	0.8032	1	recovered
COG3222	S	Uncharacterized conserved protein, glycosyltransferase A (GT-A) superfamily, DUF2064 family	0	0	0.0391	0	absent	0	0.3811	0	absent	0	0.0046	0	absent
COG3223	R	Phosphate starvation-inducible membrane PsiE (function unknown)	1	0	0.0063	0	gap	1	0.0946	0	gap	1	0.0287	0	gap
COG3224	R	Antibiotic biosynthesis monooxygenase (ABM) superfamily enzyme	0	0	0.0156	0	absent	0	0.0078	0	absent	0	0.0185	0	absent
COG3225	N	ABC-type uncharacterized transport system involved in gliding motility, auxiliary component	0	0	0.4631	0	absent	0	0.3294	0	absent	0	0.1471	0	absent
COG3226	K	DNA-binding transcriptional regulator YbjK	1	0	0.1233	0	gap	0	0.0301	0	gap	1	0.1040	0	gap
COG3227	O	Zn-dependent metalloprotease (Neutral protease B)	0	0	0.1820	0	absent	0	0.0579	0	absent	0	0.0247	0	absent
COG3228	T	Mlc titration factor MtfA, regulates ptsG expression	1	1	0.5746	1	kept	1	0.5641	1	kept	0	0.0969	0	gap
COG3230	P	Heme oxygenase	0	0	0.0344	0	absent	0	0.1754	0	absent	0	0.0667	0	absent
COG3231	J	Aminoglycoside phosphotransferase	0	0	0.0085	0	absent	0	0.0125	0	absent	0	0.0035	0	absent
COG3232	E	5-carboxymethyl-2-hydroxymuconate isomerase	0	0	0.1017	0	absent	0	0.0201	0	absent	0	0.0385	0	absent
COG3233	R	Predicted deacetylase	0	0	0.0024	0	absent	0	0.0108	0	absent	0	0.0040	0	absent
COG3234	S	Uncharacterized conserved protein YfaT, DUF1175 family	1	1	0.3677	0	gap	0	0.0082	0	gap	1	0.0407	0	gap
COG3235	S	Uncharacterized membrane protein	0	0	0.0000	0	absent	0	0.0000	0	absent	0	0.0000	0	absent
COG3236	HV	N-glycosidase YbiA/RibX (riboflavin biosynthesis, damage control), NADAR superfamily	0	0	0.0003	0	absent	0	0.0002	0	absent	0	0.0001	0	absent
COG3237	S	Uncharacterized conserved protein YjbJ, UPF0337 family	1	0	0.4199	0	gap	0	0.5533	1	recovered	1	0.9699	1	kept
COG3238	S	Uncharacterized membrane protein YdcZ, DUF606 family	1	1	0.9844	1	kept	1	0.9950	1	kept	0	0.2329	0	gap
COG3239	I	Fatty acid desaturase	0	0	0.6089	1	FP	0	0.3533	0	absent	0	0.0483	0	absent
COG3240	IR	Phospholipase/lecithinase/hemolysin	0	0	0.2164	0	absent	0	0.1797	0	absent	0	0.0428	0	absent
COG3241	C	Azurin	0	0	0.0036	0	absent	0	0.0060	0	absent	0	0.0046	0	absent
COG3242	S	Uncharacterized conserved protein YjeT, DUF2065 family	1	1	0.0631	0	gap	0	0.0581	0	gap	1	0.2702	0	gap
COG3243	I	Poly-beta-hydroxybutyrate synthase	0	0	0.0104	0	absent	0	0.1575	0	absent	0	0.0066	0	absent
COG3245	C	Cytochrome c5	0	0	0.0012	0	absent	1	0.0696	0	absent	0	0.0006	0	absent
COG3246	S	Uncharacterized conserved protein, DUF849 family	0	0	0.3130	0	absent	0	0.2975	0	absent	0	0.0285	0	absent
COG3247	R	Acid resistance membrane protein HdeD, DUF308 family	1	0	0.0522	0	gap	0	0.0087	0	gap	0	0.0928	0	gap
COG3248	M	Nucleoside-specific outer membrane channel protein Tsx	1	1	0.6993	1	kept	1	0.9358	1	kept	0	0.1373	0	gap
COG3249	S	Uncharacterized conserved protein, DUF2066 domain	0	0	0.0000	0	absent	0	0.0000	0	absent	0	0.0000	0	absent
COG3250	G	Beta-galactosidase/beta-glucuronidase	1	1	0.9457	1	kept	0	0.2047	0	gap	0	0.2542	0	gap
COG3251	Q	MbtH family protein, regulates adenylation domains of NRPSs	1	1	0.9831	1	kept	1	0.7869	1	kept	0	0.0096	0	gap
COG3252	H	Methenyltetrahydromethanopterin cyclohydrolase	0	0	0.0013	0	absent	0	0.0031	0	absent	0	0.0010	0	absent
COG3253	HP	Coproheme decarboxylase/chlorite dismutase	0	0	0.0062	0	absent	0	0.0067	0	absent	0	0.0091	0	absent
COG3254	M	L-rhamnose mutarotase	1	1	0.9446	1	kept	0	0.2616	0	gap	0	0.1185	0	gap
COG3255	I	Putative sterol carrier protein, contains SCP2 domain	0	0	0.0068	0	absent	0	0.0024	0	absent	0	0.0062	0	absent
COG3256	P	Nitric oxide reductase large subunit	0	0	0.2515	0	absent	0	0.1369	0	absent	0	0.0794	0	absent
COG3257	F	Ureidoglycine aminohydrolase	1	1	0.9152	1	kept	1	0.7591	1	kept	0	0.0158	0	gap
COG3258	P	Thiosulfate dehydrogenase TsdA, contains C-terminal cytochrome c domain	0	0	0.2769	0	absent	0	0.1131	0	absent	0	0.0147	0	absent
COG3259	C	Coenzyme F420-reducing hydrogenase, alpha subunit	0	0	0.1573	0	absent	0	0.1240	0	absent	0	0.0318	0	absent
COG3260	C	Ni,Fe-hydrogenase III small subunit	1	1	0.7143	1	kept	1	0.2005	0	gap	0	0.0062	0	gap
COG3261	C	Ni,Fe-hydrogenase III large subunit	1	1	0.9680	1	kept	0	0.4787	0	gap	0	0.0391	0	gap
COG3262	C	Ni,Fe-hydrogenase III component G	0	0	0.0003	0	absent	0	0.0005	0	absent	0	0.0001	0	absent
COG3263	CP	NhaP-type Na+/H+ and K+/H+ antiporter with C-terminal TrkAC and CorC domains	1	1	0.8744	1	kept	1	0.7152	1	kept	1	0.9578	1	kept
COG3264	M	Small-conductance mechanosensitive channel MscK	0	0	0.4611	0	absent	0	0.8624	1	FP	0	0.2047	0	absent
COG3265	G	Gluconate kinase	1	1	0.7856	1	kept	0	0.0762	0	gap	0	0.0516	0	gap
COG3266	D	Cell division protein DamX, binds to the septal ring, contains C-terminal SPOR domain	1	1	0.9958	1	kept	0	0.9602	1	recovered	0	0.9149	1	recovered
COG3267	UW	Type II secretory pathway ATPase component GspA/ExeA/MshM	1	1	0.9921	1	kept	1	0.9881	1	kept	1	0.8861	1	kept
COG3268	S	Uncharacterized conserved protein, related to short-chain dehydrogenases	0	0	0.0494	0	absent	0	0.0169	0	absent	0	0.0025	0	absent
COG3269	R	Predicted RNA-binding protein, contains TRAM domain	0	0	0.0000	0	absent	0	0.0000	0	absent	0	0.0000	0	absent
COG3270	J	Ribosome biogenesis protein, NOL1/NOP2/FMU family	0	0	0.0002	0	absent	0	0.0005	0	absent	0	0.0004	0	absent
COG3271	U	Predicted double-glycine leader peptidase, C39-like (CLD) domain	0	0	0.5499	1	FP	0	0.2121	0	absent	0	0.5633	1	FP
COG3272	S	Uncharacterized conserved protein YbgA, DUF1722 family	1	0	0.0012	0	gap	0	0.0033	0	gap	0	0.0068	0	gap
COG3273	R	Uncharacterized protein, contains PhoU and TrkA_C domains	0	0	0.0000	0	absent	0	0.0000	0	absent	0	0.0000	0	absent
COG3274	M	Surface polysaccharide O-acyltransferase WecH	1	0	0.0281	0	gap	1	0.5778	1	kept	0	0.0376	0	gap
COG3275	T	Sensor histidine kinase, LytS/YehU family	1	1	0.9940	1	kept	0	0.8828	1	recovered	1	0.8719	1	kept
COG3276	J	Selenocysteine-specific translation elongation factor SelB	1	0	0.0974	0	gap	0	0.3950	0	gap	0	0.1125	0	gap
COG3277	J	rRNA processing protein Gar1	0	0	0.0000	0	absent	0	0.0000	0	absent	0	0.0000	0	absent
COG3278	C	Cbb3-type cytochrome oxidase, subunit 1	0	0	0.0532	0	absent	0	0.0567	0	absent	0	0.0335	0	absent
COG3279	KT	DNA-binding response regulator, LytR/AlgR family	1	1	0.9991	1	kept	1	0.9912	1	kept	0	0.3584	0	gap
COG3280	G	Maltooligosyltrehalose synthase	0	0	0.2344	0	absent	1	0.6532	1	FP	0	0.0865	0	absent
COG3281	G	Predicted trehalose synthase	0	0	0.0368	0	absent	0	0.0014	0	absent	0	0.0027	0	absent
COG3283	KE	Transcriptional regulator TyrR of aromatic amino acids metabolism	1	0	0.0083	0	gap	1	0.0632	0	gap	0	0.0023	0	gap
COG3284	K	Transcriptional regulator DhaR of acetoin/glycerol metabolism	1	0	0.8739	1	recovered	0	0.6158	1	recovered	1	0.8932	1	kept
COG3285	L	Eukaryotic-type DNA primase	0	1	0.1808	0	absent	0	0.0015	0	absent	0	0.0020	0	absent
COG3286	S	Uncharacterized conserved protein, DUF2067 domain	0	0	0.0000	0	absent	0	0.0000	0	absent	0	0.0000	0	absent
COG3287	T	FIST domain protein MJ1623, contains FIST_N and FIST_C domains	0	0	0.2026	0	absent	0	0.1530	0	absent	0	0.0597	0	absent
COG3288	C	NAD/NADP transhydrogenase alpha subunit	1	1	0.9682	1	kept	1	0.9948	1	kept	0	0.1957	0	gap
COG3290	T	Sensor histidine kinase DipB regulating citrate/malate metabolism	1	1	0.9838	1	kept	1	0.9630	1	kept	0	0.2478	0	gap
COG3291	S	Uncharacterized conserved protein, PKD repeat domain	0	0	0.8136	1	FP	0	0.7967	1	FP	0	0.4550	0	absent
COG3292	T	Periplasmic ligand-binding sensor domain	0	0	0.2444	0	absent	0	0.1542	0	absent	0	0.0478	0	absent
COG3293	X	Transposase	0	0	0.4450	0	absent	0	0.1056	0	absent	0	0.2598	0	absent
COG3294	R	Metal-dependent phosphatase/phosphodiesterase, HD supefamily	0	0	0.0004	0	absent	0	0.0021	0	absent	0	0.0039	0	absent
COG3295	S	Uncharacterized conserved protein	0	0	0.3360	0	absent	0	0.2686	0	absent	0	0.2428	0	absent
COG3296	R	Uncharacterized Tic20-related protein, DUF4870 domain	0	0	0.0163	0	absent	0	0.0114	0	absent	0	0.0202	0	absent
COG3297	U	Type II secretory pathway, component PulL	1	0	0.0003	0	gap	1	0.0121	0	gap	0	0.0002	0	gap
COG3298	L	Predicted 3'-5' exonuclease related to the exonuclease domain of PolB	0	0	0.0119	0	absent	0	0.0206	0	absent	0	0.0374	0	absent
COG3299	X	Uncharacterized phage protein gp47/JayE	0	0	0.9774	1	FP	0	0.8459	1	FP	0	0.3354	0	absent
COG3300	T	MHYT domain, NO-binding membrane sensor	0	0	0.0085	0	absent	0	0.0049	0	absent	0	0.0090	0	absent
COG3301	P	Nitrite/polysulfide reductase, membrane component NrfD/PsrC	1	0	0.0261	0	gap	0	0.0613	0	gap	0	0.0041	0	gap
COG3302	C	DMSO reductase anchor subunit DmsC	1	0	0.0110	0	gap	1	0.4260	0	gap	0	0.0258	0	gap
COG3303	P	Formate-dependent nitrite reductase, periplasmic cytochrome c552 subunit	1	0	0.9912	1	recovered	1	0.9999	1	kept	0	0.9614	1	recovered
COG3304	S	Uncharacterized membrane protein YccF, DUF307 family	1	1	0.9713	1	kept	1	0.9701	1	kept	1	0.8970	1	kept
COG3305	S	Uncharacterized membrane protein, DUF2068 family	0	0	0.0038	0	absent	0	0.0001	0	absent	0	0.0001	0	absent
COG3306	M	Glycosyltransferase involved in LPS biosynthesis, GR25 family	0	0	0.0747	0	absent	0	0.1186	0	absent	0	0.4580	0	absent
COG3307	M	O-antigen ligase	1	0	0.9283	1	recovered	0	0.7816	1	recovered	0	0.6762	1	recovered
COG3308	S	Uncharacterized membrane protein	0	0	0.0000	0	absent	0	0.0000	0	absent	0	0.0000	0	absent
COG3309	V	Virulence-associated protein VapD, endoribonuclease	0	0	0.0026	0	absent	0	0.0021	0	absent	0	0.0034	0	absent
COG3310	S	Uncharacterized conserved protein, DUF1415 family	0	0	0.0016	0	absent	0	0.0009	0	absent	0	0.0005	0	absent
COG3311	KX	DNA-binding transcriptional regulator AlpA	1	0	0.5172	1	recovered	0	0.7214	1	recovered	0	0.3980	0	gap
COG3312	C	FoF1-type ATP synthase accessory protein AtpI	1	0	0.0000	0	gap	1	0.0006	0	gap	0	0.0000	0	gap
COG3313	R	Predicted Fe-S protein YdhL, DUF1289 family	1	0	0.0061	0	gap	0	0.0175	0	gap	0	0.0020	0	gap
COG3314	DE	Spore dipicolinate transporter SpoVV/YjiH/YlbJ, contains nucleoside recognition GATE domain	0	0	0.0015	0	absent	0	0.0062	0	absent	0	0.0083	0	absent
COG3315	Q	O-Methyltransferase involved in polyketide biosynthesis	0	0	0.7844	1	FP	0	0.2227	0	absent	0	0.0791	0	absent
COG3316	X	Transposase (or an inactivated derivative), DDE domain	0	0	0.0772	0	absent	0	0.0442	0	absent	0	0.0418	0	absent
COG3317	M	Outer membrane beta-barrel protein assembly factor BamC	1	1	0.4232	0	gap	1	0.5860	1	kept	1	0.0626	0	gap
COG3318	S	Uncharacterized conserved protein YecA, UPF0149 family, contains C-terminal Zn-binding SEC-C motif	0	0	0.0025	0	absent	0	0.0023	0	absent	0	0.0004	0	absent
COG3319	Q	Thioesterase domain of type I polyketide synthase or non-ribosomal peptide synthetase	0	0	0.1277	0	absent	0	0.0502	0	absent	0	0.0415	0	absent
COG3320	Q	Thioester reductase domain of alpha aminoadipate reductase Lys2 and NRPSs	1	1	0.5721	1	kept	1	0.5871	1	kept	1	0.1391	0	gap
COG3321	Q	Acyl transferase domain in polyketide synthase (PKS) enzymes	0	0	0.7854	1	FP	0	0.6694	1	FP	0	0.0603	0	absent
COG3322	T	Extracellular (periplasmic) sensor domain CHASE (specificity unknown)	0	0	0.0227	0	absent	0	0.1183	0	absent	0	0.0111	0	absent
COG3323	S	PII-like insert in the uncharacterized protein YqfO, YbgI/NIF3 family	0	0	0.0299	0	absent	0	0.1445	0	absent	0	0.1057	0	absent
COG3324	R	Lactoylglutathione lyase-related enzyme, vicinal oxygen chelate (VOC) family	0	0	0.8762	1	FP	0	0.4688	0	absent	0	0.4232	0	absent
COG3325	G	Chitinase, GH18 family	0	0	0.3380	0	absent	0	0.0632	0	absent	0	0.1001	0	absent
COG3326	S	Uncharacterized membrane protein YsdA, DUF1294 family	0	0	0.0058	0	absent	0	0.0106	0	absent	0	0.0259	0	absent
COG3327	K	DNA-binding transcriptional regulator PaaX (phenylacetic acid degradation)	0	0	0.0041	0	absent	0	0.0016	0	absent	0	0.0013	0	absent
COG3328	X	Transposase (or an inactivated derivative)	1	1	0.9606	1	kept	0	0.4841	0	gap	0	0.3705	0	gap
COG3329	S	Uncharacterized conserved protein Alr0986	0	0	0.0012	0	absent	0	0.0034	0	absent	0	0.0026	0	absent
COG3330	S	Uncharacterized conserved protein BH1414	0	0	0.0053	0	absent	0	0.0018	0	absent	0	0.0149	0	absent
COG3331	R	Penicillin-binding protein-related factor A, putative recombinase	0	0	0.0001	0	absent	0	0.0001	0	absent	0	0.0002	0	absent
COG3332	R	Uncharacterized stress-responsive protein, TANGO2 (Transport and Golgi organisation 2) family, contains NRDE motif	0	0	0.2299	0	absent	0	0.2765	0	absent	0	0.0741	0	absent
COG3333	R	TctA family transporter	1	1	0.9929	1	kept	1	0.9966	1	kept	0	0.4624	0	gap
COG3334	N	Flagellar motility protein MotE, a chaperone for MotC folding	0	0	0.8835	1	FP	0	0.6172	1	FP	0	0.4948	0	absent
COG3335	X	Transposase	0	0	0.7574	1	FP	0	0.2519	0	absent	0	0.1682	0	absent
COG3336	CO	Cytochrome c oxidase assembly protein CtaG	0	0	0.0202	0	absent	0	0.0062	0	absent	0	0.0078	0	absent
COG3337	V	CRISPR-Cas system type III CMR-effector complex small subunit Cmr5	0	0	0.0019	0	absent	0	0.0045	0	absent	0	0.0009	0	absent
COG3338	P	Carbonic anhydrase	0	0	0.1464	0	absent	0	0.0802	0	absent	0	0.0753	0	absent
COG3339	S	Uncharacterized membrane protein YkvA, DUF1232 family	0	0	0.8679	1	FP	0	0.7645	1	FP	0	0.7161	1	FP
COG3340	E	Peptidase E	1	1	0.9515	1	kept	1	0.7623	1	kept	0	0.3493	0	gap
COG3341	R	Ribonuclease HI-related protein, contains viroplasmin and RNaseH domains	0	0	0.0012	0	absent	0	0.0021	0	absent	0	0.0033	0	absent
COG3342	R	Uncharacterized conserved protein, Ntn-hydrolase superfamily	0	0	0.0456	0	absent	1	0.5449	1	FP	0	0.0060	0	absent
COG3343	K	DNA-directed RNA polymerase, delta subunit	0	0	0.0400	0	absent	0	0.0125	0	absent	0	0.0028	0	absent
COG3344	X	Retron-type reverse transcriptase	1	0	0.9325	1	recovered	0	0.7994	1	recovered	1	0.9550	1	kept
COG3345	G	Alpha-galactosidase	0	0	0.0311	0	absent	0	0.0084	0	absent	0	0.0138	0	absent
COG3346	O	Cytochrome oxidase assembly protein ShyY1	0	0	0.0023	0	absent	0	0.0012	0	absent	0	0.0114	0	absent
COG3347	G	Rhamnose utilisation protein RhaD, predicted bifunctional aldolase and dehydrogenase	0	0	0.0126	0	absent	0	0.0530	0	absent	0	0.0961	0	absent
COG3349	R	Uncharacterized protein, contains NAD-binding domain and a Fe-S cluster	0	0	0.0037	0	absent	0	0.0006	0	absent	0	0.0006	0	absent
COG3350	P	Heavy metal-bindng TRASH/YHS domain, predicted Cu/Ag metallochaperone	0	0	0.8520	1	FP	0	0.7855	1	FP	0	0.4695	0	absent
COG3351	N	Archaellum component ArlD/FlaD/FlaE	0	0	0.0000	0	absent	0	0.0000	0	absent	0	0.0000	0	absent
COG3352	N	Archaellum component ArlC/FlaC	0	0	0.0000	0	absent	0	0.0000	0	absent	0	0.0000	0	absent
COG3353	N	Archaellum component FlaF, FlaF/FlaG flagellin family	0	0	0.0000	0	absent	0	0.0000	0	absent	0	0.0000	0	absent
COG3354	N	Archaellum component FlaG, FlaF/FlaG flagellin family	0	0	0.0000	0	absent	0	0.0001	0	absent	0	0.0002	0	absent
COG3355	K	Predicted transcriptional regulator	0	0	0.0033	0	absent	0	0.0043	0	absent	0	0.0016	0	absent
COG3356	I	Predicted membrane-associated lipid hydrolase, neutral ceramidase superfamily	0	0	0.0129	0	absent	0	0.0058	0	absent	0	0.0045	0	absent
COG3357	K	Predicted transcriptional regulator, contains HTH and Zn-ribbon domains	0	0	0.0059	0	absent	0	0.0526	0	absent	0	0.0042	0	absent
COG3358	S	Uncharacterized conserved protein, DUF1684 family	0	0	0.0464	0	absent	0	0.0777	0	absent	0	0.0556	0	absent
COG3359	R	Uncharacterized conserved protein YprB, contains RNaseH-like and TPR domains	0	0	0.0871	0	absent	0	0.1275	0	absent	0	0.1198	0	absent
COG3360	R	Flavin-binding protein dodecin	0	0	0.0088	0	absent	0	0.0589	0	absent	0	0.0437	0	absent
COG3361	S	Uncharacterized conserved protein YqjF, DUF2071 family	0	0	0.0254	0	absent	0	0.0055	0	absent	0	0.0125	0	absent
COG3363	F	Archaeal IMP cyclohydrolase	0	0	0.0006	0	absent	0	0.0018	0	absent	0	0.0016	0	absent
COG3364	R	Predicted  nucleic acid-binding protein, contains Zn-ribbon domain	0	0	0.0000	0	absent	0	0.0000	0	absent	0	0.0000	0	absent
COG3365	S	Uncharacterized conserved protein, DUF2073 family	0	0	0.0000	0	absent	0	0.0000	0	absent	0	0.0000	0	absent
COG3366	S	Uncharacterized membrane protein	1	1	0.7747	1	kept	0	0.3995	0	gap	1	0.8410	1	kept
COG3367	R	Uncharacterized conserved protein, NAD-dependent epimerase/dehydratase family	0	0	0.0153	0	absent	0	0.0559	0	absent	0	0.0102	0	absent
COG3368	R	Predicted permease	0	0	0.0000	0	absent	0	0.0000	0	absent	0	0.0000	0	absent
COG3369	S	Uncharacterized conserved protein, contains Zn-finger domain of CDGSH type	0	0	0.1476	0	absent	0	0.1966	0	absent	0	0.0326	0	absent
COG3370	R	Uncharacterized conserved protein AF1964, DsrE/DsrF-like family	0	0	0.3368	0	absent	0	0.6786	1	FP	0	0.2451	0	absent
COG3371	S	Uncharacterized membrane protein	0	0	0.0017	0	absent	0	0.0008	0	absent	0	0.0007	0	absent
COG3372	R	Predicted nuclease of restriction endonuclease-like (RecB) superfamily, implicated in nucleotide excision repair	0	0	0.0469	0	absent	0	0.0822	0	absent	0	0.0052	0	absent
COG3373	K	Predicted transcriptional regulator, contains HTH domain	0	0	0.0000	0	absent	0	0.0000	0	absent	0	0.0000	0	absent
COG3374	S	Uncharacterized membrane protein	0	0	0.0005	0	absent	0	0.0002	0	absent	0	0.0003	0	absent
COG3375	R	Predicted acetyltransferase, GNAT superfamily	0	0	0.0160	0	absent	0	0.0070	0	absent	0	0.0591	0	absent
COG3376	P	High-affinity nickel/cobalt permease	0	0	0.0000	0	absent	0	0.0000	0	absent	0	0.0000	0	absent
COG3377	S	Uncharacterized conserved protein YunC, DUF1805 family	0	0	0.0015	0	absent	0	0.0005	0	absent	0	0.0023	0	absent
COG3378	X	DNA primase, phage- or plasmid-associated	0	0	0.5904	1	FP	0	0.3893	0	absent	0	0.1287	0	absent
COG3379	R	Predicted phosphohydrolase or phosphomutase, AlkP superfamily	0	0	0.0137	0	absent	0	0.0538	0	absent	0	0.0102	0	absent
COG3380	R	Predicted NAD/FAD-dependent oxidoreductase	0	0	0.0037	0	absent	0	0.0762	0	absent	0	0.0078	0	absent
COG3381	O	Cytoplasmic chaperone TorD involved in molybdoenzyme TorA maturation	1	0	0.1236	0	gap	0	0.3287	0	gap	0	0.2004	0	gap
COG3382	R	B3/B4 domain (DNA/RNA-binding domain of Phe-tRNA-synthetase)	0	0	0.1949	0	absent	0	0.3829	0	absent	0	0.0781	0	absent
COG3383	R	Predicted molibdopterin-dependent oxidoreductase YjgC	1	0	0.9099	1	recovered	0	0.9501	1	recovered	0	0.5941	1	recovered
COG3384	Q	Aromatic ring-opening dioxygenase, catalytic subunit, LigB family	1	1	0.9994	1	kept	1	0.9973	1	kept	0	0.8708	1	recovered
COG3385	X	IS4 transposase InsG	1	1	0.9873	1	kept	0	0.6226	1	recovered	1	0.9318	1	kept
COG3386	G	Sugar lactone lactonase YvrE	0	0	0.9259	1	FP	0	0.6270	1	FP	0	0.6056	1	FP
COG3387	G	Glucoamylase (glucan-1,4-alpha-glucosidase), GH15 family	0	0	0.2346	0	absent	0	0.4947	0	absent	0	0.1201	0	absent
COG3388	K	Predicted transcriptional regulator	0	0	0.0000	0	absent	0	0.0000	0	absent	0	0.0000	0	absent
COG3389	O	Presenilin-like membrane protease, A22 family	0	0	0.0000	0	absent	0	0.0000	0	absent	0	0.0000	0	absent
COG3390	L	Replication protein A (RPA) family protein	0	0	0.0000	0	absent	0	0.0000	0	absent	0	0.0000	0	absent
COG3391	R	DNA-binding beta-propeller fold protein YncE	1	1	0.9978	1	kept	1	0.9691	1	kept	0	0.2134	0	gap
COG3392	L	Adenine-specific DNA methylase	0	0	0.0225	0	absent	0	0.0144	0	absent	0	0.0244	0	absent
COG3393	R	Predicted acetyltransferase, GNAT family	0	0	0.0471	0	absent	0	0.0621	0	absent	0	0.0431	0	absent
COG3394	G	Chitooligosaccharide deacetylase ChbG, YdjC/CelG family	1	0	0.2618	0	gap	0	0.0772	0	gap	0	0.0207	0	gap
COG3395	G	D-threonate/D-erythronate kinase OtnK and related C4-acid sugar kinases, YgbK/DUF1537 family	1	1	0.8598	1	kept	0	0.4816	0	gap	0	0.1568	0	gap
COG3396	Q	1,2-phenylacetyl-CoA epoxidase, catalytic subunit	0	0	0.0008	0	absent	0	0.0004	0	absent	0	0.0032	0	absent
COG3397	R	Predicted carbohydrate-binding protein, contains CBM5 and CBM33 domains	0	0	0.0217	0	absent	0	0.0050	0	absent	0	0.0036	0	absent
COG3398	K	Predicted transcriptional regulator, contains two HTH domains	0	0	0.0000	0	absent	0	0.0000	0	absent	0	0.0000	0	absent
COG3399	S	Uncharacterized conserved protein	0	0	0.0002	0	absent	0	0.0002	0	absent	0	0.0007	0	absent
COG3400	R	Uncharacterized protein AQ_414, contains TrkA and USP-like domains	0	0	0.0002	0	absent	0	0.0000	0	absent	0	0.0001	0	absent
COG3401	R	Fibronectin type 3 domain	0	0	0.0080	0	absent	0	0.0267	0	absent	0	0.0110	0	absent
COG3402	S	Uncharacterized membrane protein YdbS, contains bPH2 (bacterial pleckstrin homology) domain	0	0	0.0029	0	absent	0	0.0467	0	absent	0	0.0600	0	absent
COG3403	S	Uncharacterized conserved protein YcgG, contains conserved FPC and CPF motifs	0	0	0.0592	0	absent	0	0.0235	0	absent	0	0.0170	0	absent
COG3404	E	Formiminotetrahydrofolate cyclodeaminase	0	0	0.0252	0	absent	0	0.1058	0	absent	0	0.0275	0	absent
COG3405	G	Endo-1,4-beta-D-glucanase Y	1	1	0.7287	1	kept	0	0.0385	0	gap	0	0.0141	0	gap
COG3407	I	Mevalonate pyrophosphate decarboxylase	0	0	0.3080	0	absent	0	0.1097	0	absent	0	0.2192	0	absent
COG3408	G	Glycogen debranching enzyme (alpha-1,6-glucosidase)	0	0	0.5906	1	FP	0	0.1957	0	absent	0	0.1336	0	absent
COG3409	M	Peptidoglycan-binding (PGRP) domain of peptidoglycan hydrolases	0	0	0.9330	1	FP	0	0.7452	1	FP	0	0.4162	0	absent
COG3410	S	Uncharacterized conserved protein, DUF2075 family	0	0	0.0130	0	absent	0	0.0210	0	absent	0	0.0086	0	absent
COG3411	C	2Fe-2S ferredoxin	0	0	0.3738	0	absent	0	0.7008	1	FP	0	0.3583	0	absent
COG3412	T	Phosphotransferase subunit DhaM of the dihydroxyacetone kinase DhaKLM complex, contains PTS-EIIA, HPr, and PEP-utilizing domains	0	0	0.0310	0	absent	0	0.0083	0	absent	0	0.0046	0	absent
COG3413	R	Predicted transcriptional regulator, contains HTH domain	0	0	0.0013	0	absent	0	0.0018	0	absent	0	0.0015	0	absent
COG3414	G	Phosphotransferase system, galactitol-specific IIB component	1	1	0.6931	1	kept	0	0.0276	0	gap	0	0.0160	0	gap
COG3415	V	CRISPR-associated protein Csa3, CARF domain	1	1	0.8830	1	kept	0	0.1268	0	gap	0	0.1157	0	gap
COG3416	S	Uncharacterized conserved protein, DUF2076 domain	0	0	0.0109	0	absent	0	0.0031	0	absent	0	0.0018	0	absent
COG3417	M	Outer membrane lipoprotein LpoB, binds and activates PBP1b	1	0	0.4716	0	gap	1	0.9701	1	kept	0	0.9019	1	recovered
COG3418	NU	Flagellar biosynthesis/type III secretory pathway chaperone FlgN	1	1	0.0245	0	gap	0	0.0015	0	gap	0	0.0008	0	gap
COG3419	NW	Type IV pilus assembly protein, tip-associated adhesin PilY1	0	0	0.4462	0	absent	0	0.6674	1	FP	0	0.0340	0	absent
COG3420	P	Nitrous oxide reductase accessory protein NosD, contains tandem CASH domains	0	0	0.2512	0	absent	0	0.1746	0	absent	0	0.1361	0	absent
COG3421	V	Type III restriction endonuclease	0	0	0.0018	0	absent	0	0.0177	0	absent	0	0.0232	0	absent
COG3422	S	Uncharacterized conserved protein YegP, UPF0339 family	1	1	0.9900	1	kept	1	0.8913	1	kept	0	0.1050	0	gap
COG3423	K	Predicted transcriptional regulator, lambda repressor-like DNA-binding domain	1	0	0.0131	0	gap	1	0.1689	0	gap	0	0.0027	0	gap
COG3424	Q	Predicted naringenin-chalcone synthase	0	0	0.2365	0	absent	0	0.2707	0	absent	0	0.2128	0	absent
COG3425	I	3-hydroxy-3-methylglutaryl CoA synthase	0	0	0.2361	0	absent	0	0.0199	0	absent	0	0.1805	0	absent
COG3426	C	Butyrate kinase	0	0	0.0150	0	absent	0	0.0266	0	absent	0	0.0179	0	absent
COG3427	C	Carbon monoxide dehydrogenase subunit CoxG	0	0	0.0129	0	absent	0	0.0129	0	absent	0	0.0084	0	absent
COG3428	S	Uncharacterized membrane protein YdbT, contains bPH2 (bacterial pleckstrin homology) domain	0	0	0.0539	0	absent	0	0.0920	0	absent	0	0.1646	0	absent
COG3429	G	Glucose-6-phosphate dehydrogenase assembly protein OpcA, contains a peptidoglycan-binding domain	0	0	0.0009	0	absent	0	0.0001	0	absent	0	0.0012	0	absent
COG3430	N	Archaeal flagellin (archaellin), FlaG/FlaF family	0	0	0.0000	0	absent	0	0.0000	0	absent	0	0.0000	0	absent
COG3431	S	Uncharacterized membrane protein, DUF373 family	0	0	0.0172	0	absent	0	0.1178	0	absent	0	0.0340	0	absent
COG3432	K	Predicted transcriptional regulator	0	0	0.0000	0	absent	0	0.0000	0	absent	0	0.0000	0	absent
COG3433	IQ	Acyl carrier protein/domain	0	0	0.0024	0	absent	0	0.0002	0	absent	0	0.0004	0	absent
COG3434	T	c-di-GMP phosphodiesterase YuxH/PdeH, contains EAL and HDOD domains	0	0	0.1018	0	absent	0	0.3209	0	absent	0	0.1679	0	absent
COG3435	Q	Gentisate 1,2-dioxygenase	0	0	0.0452	0	absent	0	0.0085	0	absent	0	0.0152	0	absent
COG3436	X	Transposase	1	1	0.8651	1	kept	0	0.1947	0	gap	0	0.0698	0	gap
COG3437	T	Response regulator c-di-GMP phosphodiesterase, RpfG family, contains REC and HD-GYP domains	0	0	0.9545	1	FP	0	0.9780	1	FP	0	0.6376	1	FP
COG3439	S	Uncharacterized conserved protein, DUF302 family	0	0	0.3737	0	absent	0	0.4156	0	absent	0	0.2588	0	absent
COG3440	V	Predicted restriction endonuclease	0	0	0.1844	0	absent	0	0.5108	1	FP	0	0.1747	0	absent
COG3442	R	Glutamine amidotransferase related to the GATase domain of CobQ	0	0	0.0000	0	absent	0	0.0000	0	absent	0	0.0001	0	absent
COG3443	P	Periplasmic Zn/Cd-binding protein ZinT	1	0	0.0013	0	gap	1	0.0178	0	gap	0	0.0024	0	gap
COG3444	G	Phosphotransferase system, mannose/fructose/N-acetylgalactosamine-specific component IIB	1	1	0.9984	1	kept	1	0.8845	1	kept	0	0.5822	1	recovered
COG3445	H	Autonomous glycyl radical cofactor GrcA	1	1	0.0426	0	gap	0	0.0020	0	gap	0	0.0002	0	gap
COG3447	T	Integral membrane sensor domain MASE1	1	1	0.3037	0	gap	1	0.2045	0	gap	0	0.0118	0	gap
COG3448	T	CBS-domain-containing membrane protein	0	0	0.4734	0	absent	0	0.6512	1	FP	0	0.4478	0	absent
COG3449	L	DNA gyrase inhibitor GyrI/SbmC	1	0	0.1057	0	gap	0	0.1128	0	gap	0	0.1583	0	gap
COG3450	R	Predicted enzyme of the cupin superfamily	0	0	0.0983	0	absent	0	0.0675	0	absent	0	0.0213	0	absent
COG3451	U	Type IV secretory pathway, VirB4 component	1	0	0.3733	0	gap	1	0.9316	1	kept	0	0.0981	0	gap
COG3452	T	Extracellular (periplasmic) sensor domain CHASE (specificity unknown)	0	0	0.0295	0	absent	0	0.0938	0	absent	0	0.0256	0	absent
COG3453	R	Predicted phosphohydrolase, protein tyrosine phosphatase (PTP) superfamily, DUF442 family	0	0	0.0070	0	absent	0	0.0808	0	absent	0	0.0115	0	absent
COG3454	P	Alpha-D-ribose 1-methylphosphonate 5-triphosphate diphosphatase PhnM	1	0	0.3466	0	gap	1	0.9767	1	kept	0	0.0709	0	gap
COG3455	U	Type VI protein secretion system component TssL/VasF/DotU	1	0	0.8884	1	recovered	0	0.9708	1	recovered	0	0.0380	0	gap
COG3456	TU	Predicted component of the type VI protein secretion system, contains a FHA domain	1	0	0.0000	0	gap	0	0.0000	0	gap	0	0.0000	0	gap
COG3457	E	Predicted amino acid racemase	1	0	0.0942	0	gap	0	0.4299	0	gap	0	0.0977	0	gap
COG3458	Q	Cephalosporin-C deacetylase or related acetyl esterase	0	0	0.0896	0	absent	0	0.1385	0	absent	0	0.0710	0	absent
COG3459	G	Cellobiose phosphorylase	0	0	0.0320	0	absent	0	0.1332	0	absent	0	0.0154	0	absent
COG3460	Q	1,2-phenylacetyl-CoA epoxidase, PaaB subunit	0	0	0.0004	0	absent	0	0.0001	0	absent	0	0.0016	0	absent
COG3461	S	Uncharacterized conserved protein	0	0	0.0089	0	absent	0	0.1313	0	absent	0	0.0226	0	absent
COG3462	S	Uncharacterized protein, contains short C-terminal (SHOCT) domain	0	0	0.0501	0	absent	0	0.0992	0	absent	0	0.0568	0	absent
COG3463	S	Uncharacterized membrane protein	0	0	0.0113	0	absent	0	0.0160	0	absent	0	0.0073	0	absent
COG3464	X	Transposase	1	0	0.6957	1	recovered	1	0.9677	1	kept	0	0.6381	1	recovered
COG3465	S	Uncharacterized conserved protein YwgA	0	0	0.0027	0	absent	0	0.0024	0	absent	0	0.0008	0	absent
COG3466	X	Putative transposon-encoded protein	0	0	0.0000	0	absent	0	0.0000	0	absent	0	0.0000	0	absent
COG3467	V	Nitroimidazole reductase NimA or a related FMN-containing flavoprotein, pyridoxamine 5'-phosphate oxidase superfamily	0	0	0.7665	1	FP	0	0.8703	1	FP	0	0.5313	1	FP
COG3468	MU	Autotransporter adhesin AidA	1	1	0.9883	1	kept	0	0.2708	0	gap	1	0.9586	1	kept
COG3469	G	Chitinase	0	0	0.0493	0	absent	0	0.0080	0	absent	0	0.0031	0	absent
COG3470	MI	Uncharacterized conserved protein probably involved in high-affinity Fe2+ transport	0	0	0.0162	0	absent	0	0.0040	0	absent	0	0.0003	0	absent
COG3471	S	Predicted secreted (periplasmic) protein	0	0	0.0022	0	absent	0	0.0090	0	absent	0	0.0041	0	absent
COG3472	S	Uncharacterized conserved protein domain, often C-terminal to DUF262	0	0	0.0021	0	absent	0	0.0025	0	absent	0	0.0006	0	absent
COG3473	Q	Maleate cis-trans isomerase	0	0	0.0539	0	absent	0	0.0561	0	absent	0	0.0282	0	absent
COG3474	C	Cytochrome c2	0	0	0.2850	0	absent	0	0.5565	1	FP	0	0.0541	0	absent
COG3475	I	Phosphorylcholine metabolism protein LicD	0	0	0.0073	0	absent	0	0.0560	0	absent	0	0.0606	0	absent
COG3476	T	Tryptophan-rich sensory protein TspO/CrtK (mitochondrial benzodiazepine receptor homolog)	0	1	0.6958	1	FP	0	0.0305	0	absent	0	0.0486	0	absent
COG3477	S	Uncharacterized membrane protein YagU, involved in acid resistance, DUF1440 family	1	0	0.0045	0	gap	0	0.0076	0	gap	0	0.0137	0	gap
COG3478	R	Predicted nucleic-acid-binding protein, contains Zn-ribbon domain	0	0	0.0056	0	absent	0	0.0381	0	absent	0	0.0277	0	absent
COG3479	Q	Phenolic acid decarboxylase	0	0	0.0675	0	absent	0	0.0087	0	absent	0	0.0011	0	absent
COG3480	T	Predicted secreted protein YlbL, contains PDZ domain	0	0	0.0001	0	absent	0	0.0000	0	absent	0	0.0007	0	absent
COG3481	J	3'-5' exoribonuclease YhaM, can participate in 23S rRNA maturation,  HD superfamily	0	0	0.1828	0	absent	0	0.0238	0	absent	0	0.0159	0	absent
COG3482	S	Uncharacterized conserved protein	0	0	0.1073	0	absent	0	0.0240	0	absent	0	0.0062	0	absent
COG3483	E	Tryptophan 2,3-dioxygenase (vermilion)	0	0	0.0190	0	absent	0	0.0363	0	absent	0	0.0038	0	absent
COG3484	O	Predicted proteasome-type protease	0	0	0.0115	0	absent	0	0.0216	0	absent	0	0.0016	0	absent
COG3485	Q	Protocatechuate 3,4-dioxygenase beta subunit	0	0	0.2623	0	absent	0	0.2155	0	absent	0	0.2595	0	absent
COG3486	Q	Lysine/ornithine N-monooxygenase	1	1	0.8466	1	kept	1	0.3223	0	gap	1	0.0269	0	gap
COG3487	S	Imelysin-like iron-regulated protein IrpA, duplicated M75 peptidase-like domain	0	0	0.0254	0	absent	0	0.0211	0	absent	0	0.0087	0	absent
COG3488	R	Uncharacterized conserved protein with two CxxC motifs, DUF1111 family	0	0	0.0093	0	absent	0	0.0204	0	absent	0	0.0054	0	absent
COG3489	R	Imelysin-like iron-regulated protein IrpA, duplicated M75 peptidase-like domain	0	0	0.0008	0	absent	0	0.0023	0	absent	0	0.0004	0	absent
COG3490	S	Uncharacterized conserved protein, DUF1513 domain	0	0	0.0026	0	absent	0	0.0029	0	absent	0	0.0004	0	absent
COG3491	Q	Isopenicillin N synthase and related dioxygenases	0	0	0.0353	0	absent	0	0.0180	0	absent	0	0.0497	0	absent
COG3492	S	Uncharacterized conserved protein, DUF1244 family	0	0	0.0026	0	absent	0	0.0023	0	absent	0	0.0001	0	absent
COG3493	C	Na+/citrate or Na+/malate symporter	0	0	0.5983	1	FP	0	0.3568	0	absent	0	0.0415	0	absent
COG3494	S	Uncharacterized conserved protein, DUF1009 family	0	0	0.5132	1	FP	0	0.6579	1	FP	0	0.1537	0	absent
COG3495	S	Uncharacterized conserved protein, DUF3299 family	0	0	0.0336	0	absent	0	0.0639	0	absent	0	0.0352	0	absent
COG3496	S	Uncharacterized conserved protein, DUF1365 family	0	0	0.0081	0	absent	0	0.2688	0	absent	0	0.0249	0	absent
COG3497	X	Phage tail sheath protein FI	1	1	1.0000	1	kept	1	0.9919	1	kept	1	0.7907	1	kept
COG3498	X	Phage tail tube protein FII	1	1	0.9806	1	kept	0	0.0741	0	gap	0	0.0364	0	gap
COG3499	X	Phage protein U	1	1	0.9541	1	kept	1	0.1713	0	gap	0	0.0188	0	gap
COG3500	X	Phage protein D	1	1	0.9999	1	kept	0	0.7396	1	recovered	0	0.2874	0	gap
COG3501	UXR	Uncharacterized conserved protein VgrG, implicated in type VI secretion and phage assembly	1	0	1.0000	1	recovered	1	1.0000	1	kept	0	0.5434	1	recovered
COG3502	S	Uncharacterized conserved protein, DUF952 family	0	0	0.0077	0	absent	0	0.0086	0	absent	0	0.0032	0	absent
COG3503	S	Uncharacterized membrane protein, DUF1624 family	0	0	0.1414	0	absent	0	0.2087	0	absent	0	0.1207	0	absent
COG3504	U	Type IV secretory pathway, VirB9 components	0	0	0.0605	0	absent	0	0.3182	0	absent	0	0.0457	0	absent
COG3505	U	Type IV secretory pathway, VirD4 component, TraG/TraD family ATPase	1	1	0.9492	1	kept	1	0.9789	1	kept	0	0.3264	0	gap
COG3506	S	Regulation of enolase protein 1 (function unknown), concanavalin A-like superfamily	0	0	0.2367	0	absent	0	0.0721	0	absent	1	0.4817	0	absent
COG3507	G	Beta-xylosidase	0	0	0.1300	0	absent	0	0.0459	0	absent	0	0.0861	0	absent
COG3508	Q	Homogentisate 1,2-dioxygenase	0	0	0.2287	0	absent	0	0.0213	0	absent	0	0.0076	0	absent
COG3509	G	Acetyl xylan esterase AxeA and related esterases, LpqC family	0	0	0.5625	1	FP	0	0.2677	0	absent	0	0.0292	0	absent
COG3510	V	Cephalosporin hydroxylase	0	0	0.0418	0	absent	0	0.0272	0	absent	0	0.0239	0	absent
COG3511	M	Phospholipase C	0	0	0.2507	0	absent	0	0.0016	0	absent	0	0.0025	0	absent
COG3512			0	0	0.0067	0	absent	0	0.0234	0	absent	0	0.0279	0	absent
COG3513	V	CRISPR-Cas system type-II protein Cas9	0	0	0.0675	0	absent	0	0.0413	0	absent	0	0.0603	0	absent
COG3514	S	Uncharacterized conserved protein, DUF4415 family	1	0	0.0081	0	gap	1	0.4846	0	gap	1	0.2288	0	gap
COG3515	U	Type VI protein secretion system component TssA1/VasJ/EvfE, contains ImpA_N domain	1	0	0.9413	1	recovered	1	0.9986	1	kept	0	0.0372	0	gap
COG3516	U	Predicted component TssA of the type VI protein secretion system	1	1	0.9997	1	kept	0	0.9970	1	recovered	0	0.0618	0	gap
COG3517	U	Predicted component TssB of the type VI protein secretion system, VipA/VipB/TssB family	1	0	0.9747	1	recovered	1	0.9981	1	kept	0	0.0242	0	gap
COG3518	U	Predicted component of the type VI protein secretion system	1	1	0.9935	1	kept	1	0.9945	1	kept	0	0.0031	0	gap
COG3519	U	Type VI protein secretion system component VasA	1	1	0.9998	1	kept	1	0.9998	1	kept	0	0.0700	0	gap
COG3520	U	Predicted component of the type VI protein secretion system	1	0	0.9875	1	recovered	0	0.9924	1	recovered	0	0.0623	0	gap
COG3521	U	Predicted component of the type VI protein secretion system	1	1	0.8998	1	kept	1	0.9592	1	kept	0	0.0123	0	gap
COG3522	U	Predicted component of the type VI protein secretion system	1	0	0.9974	1	recovered	0	0.9989	1	recovered	0	0.1004	0	gap
COG3523	U	Type VI protein secretion system component VasK	1	1	0.9958	1	kept	1	0.9960	1	kept	0	0.0281	0	gap
COG3524	M	Capsule polysaccharide export protein KpsE/RkpR	1	1	0.3908	0	gap	1	0.4930	0	gap	0	0.0175	0	gap
COG3525	G	N-acetyl-beta-hexosaminidase	0	0	0.4315	0	absent	0	0.0871	0	absent	0	0.1768	0	absent
COG3526	R	Predicted selenoprotein, Rdx family	0	0	0.0281	0	absent	0	0.0672	0	absent	0	0.0279	0	absent
COG3527	Q	Alpha-acetolactate decarboxylase	0	0	0.0562	0	absent	0	0.0196	0	absent	0	0.0231	0	absent
COG3528	S	Uncharacterized conserved protein, DUF2219 family	0	0	0.1430	0	absent	0	0.2829	0	absent	0	0.1925	0	absent
COG3529	R	Predicted nucleic-acid-binding protein, contains Zn-ribbon domain	1	0	0.0001	0	gap	0	0.0000	0	gap	0	0.0000	0	gap
COG3530	S	Uncharacterized conserved protein, DUF3820 family	1	1	0.8093	1	kept	1	0.9449	1	kept	0	0.4998	0	gap
COG3531	O	Predicted protein-disulfide isomerase, contains CxxC motif	0	0	0.4163	0	absent	0	0.6206	1	FP	0	0.3294	0	absent
COG3533	G	Beta-L-arabinofuranosidase, GH127 family	0	0	0.0074	0	absent	0	0.0199	0	absent	0	0.0072	0	absent
COG3534	G	Alpha-L-arabinofuranosidase	0	0	0.0186	0	absent	0	0.0115	0	absent	0	0.0195	0	absent
COG3535	S	Uncharacterized conserved protein, DUF917 family	0	0	0.0183	0	absent	0	0.0302	0	absent	0	0.0105	0	absent
COG3536	S	Uncharacterized conserved protein, DUF971 family	0	0	0.0053	0	absent	0	0.0081	0	absent	0	0.0042	0	absent
COG3537	G	Putative alpha-1,2-mannosidase	0	0	0.1918	0	absent	0	0.0348	0	absent	0	0.0340	0	absent
COG3538	S	Meiotically up-regulated gene 157 (Mug157) protein (function unknown)	0	0	0.0118	0	absent	0	0.0024	0	absent	0	0.0059	0	absent
COG3539	N	Pilin (type 1 fimbrial protein)	1	1	0.0221	0	gap	0	0.0001	0	gap	0	0.0000	0	gap
COG3540	P	Phosphodiesterase/alkaline phosphatase D	0	0	0.0560	0	absent	0	0.1078	0	absent	0	0.0117	0	absent
COG3541	R	Predicted nucleotidyltransferase YcgL	0	0	0.2625	0	absent	0	0.0263	0	absent	0	0.0678	0	absent
COG3542	R	Predicted sugar epimerase, cupin superfamily	0	0	0.9371	1	FP	0	0.8308	1	FP	0	0.1925	0	absent
COG3543	S	Uncharacterized conserved protein, DUF1284 domain	0	0	0.0005	0	absent	0	0.0007	0	absent	0	0.0001	0	absent
COG3544	S	Uncharacterized conserved protein, DUF305 family	0	0	0.0173	0	absent	0	0.0764	0	absent	0	0.2166	0	absent
COG3545	R	Predicted esterase of the alpha/beta hydrolase fold	0	0	0.7776	1	FP	0	0.1385	0	absent	0	0.2681	0	absent
COG3546	P	Mn-containing catalase (includes spore coat protein CotJC)	0	0	0.0011	0	absent	0	0.0035	0	absent	0	0.0010	0	absent
COG3547	X	Transposase	1	0	0.8984	1	recovered	0	0.7724	1	recovered	0	0.4850	0	gap
COG3548	S	Uncharacterized membrane protein	0	0	0.1019	0	absent	0	0.0232	0	absent	0	0.0178	0	absent
COG3549	V	Plasmid maintenance system killer protein	1	1	0.8343	1	kept	0	0.5301	1	recovered	0	0.2514	0	gap
COG3550	T	Serine/threonine protein kinase HipA, toxin component of the HipAB toxin-antitoxin module	1	1	0.9722	1	kept	0	0.8601	1	recovered	0	0.7110	1	recovered
COG3551	S	Uncharacterized conserved protein	0	0	0.0105	0	absent	0	0.0336	0	absent	0	0.0034	0	absent
COG3552	S	Uncharacterized protein CoxE, contains von Willebrand factor type A (vWA) domain	1	0	0.0503	0	gap	1	0.5770	1	kept	1	0.0138	0	gap
COG3553	S	Uncharacterized conserved protein, DUF2218 domain	0	0	0.0010	0	absent	0	0.0004	0	absent	0	0.0020	0	absent
COG3554	S	Uncharacterized conserved protein	0	0	0.1569	0	absent	0	0.0353	0	absent	0	0.0170	0	absent
COG3555	O	Aspartyl/asparaginyl beta-hydroxylase, cupin superfamily	0	0	0.0034	0	absent	0	0.0015	0	absent	0	0.0004	0	absent
COG3556	S	Uncharacterized membrane protein	0	0	0.0009	0	absent	0	0.0019	0	absent	0	0.0004	0	absent
COG3557	S	Uncharacterized conserved protein associated with RNAses G and E,  UPF0374/DUF402 family	0	0	0.0006	0	absent	0	0.0004	0	absent	0	0.0013	0	absent
COG3558	S	Uncharacterized conserved protein, nuclear transport factor 2 (NTF2) superfamily	0	0	0.0841	0	absent	0	0.0188	0	absent	0	0.0036	0	absent
COG3559	U	Putative exporter of oligosaccharides and polyketide antibiotics DrrB/NodJ, ABC-2 family	0	0	0.0001	0	absent	0	0.0002	0	absent	0	0.0007	0	absent
COG3560	R	Fatty acid repression mutant protein (predicted oxidoreductase)	0	0	0.0807	0	absent	0	0.0262	0	absent	0	0.1433	0	absent
COG3561	X	Phage anti-repressor protein Ant	0	0	0.1117	0	absent	0	0.0410	0	absent	0	0.0452	0	absent
COG3562	M	Capsule polysaccharide modification protein KpsS	1	1	0.3634	0	gap	0	0.1422	0	gap	1	0.2000	0	gap
COG3563	M	Capsule polysaccharide export protein KpsC/LpsZ	1	0	0.0475	0	gap	1	0.4921	0	gap	1	0.3117	0	gap
COG3564	S	Uncharacterized conserved protein, DUF779 family	0	0	0.9045	1	FP	0	0.2029	0	absent	0	0.1946	0	absent
COG3565	R	Predicted dioxygenase of extradiol dioxygenase family	0	0	0.0044	0	absent	0	0.0061	0	absent	0	0.0007	0	absent
COG3566	S	Uncharacterized conserved protein, DUF2213 domain	0	0	0.0624	0	absent	0	0.0178	0	absent	0	0.0068	0	absent
COG3567	S	Uncharacterized conserved protein, DUF1073 domain	0	0	0.0425	0	absent	0	0.0041	0	absent	0	0.0097	0	absent
COG3568	R	Metal-dependent hydrolase, endonuclease/exonuclease/phosphatase family	1	0	0.8801	1	recovered	0	0.9414	1	recovered	0	0.6247	1	recovered
COG3569	L	DNA topoisomerase IB	0	0	0.0036	0	absent	0	0.0186	0	absent	0	0.0456	0	absent
COG3570	V	Streptomycin 6-kinase	0	0	0.0063	0	absent	0	0.0069	0	absent	0	0.0306	0	absent
COG3571	R	Predicted hydrolase of the alpha/beta-hydrolase fold	0	0	0.0049	0	absent	0	0.0148	0	absent	0	0.0068	0	absent
COG3572	H	Gamma-glutamylcysteine synthetase	0	0	0.1601	0	absent	0	0.7095	1	FP	0	0.0037	0	absent
COG3573	R	Predicted oxidoreductase	0	0	0.0766	0	absent	0	0.0362	0	absent	0	0.0112	0	absent
COG3575	S	Uncharacterized conserved protein	0	0	0.0070	0	absent	0	0.0039	0	absent	0	0.0068	0	absent
COG3576	R	Predicted flavin-nucleotide-binding protein, pyridoxine 5'-phosphate oxidase superfamily	0	0	0.7900	1	FP	0	0.8576	1	FP	0	0.0811	0	absent
COG3577	R	Predicted aspartyl protease	0	0	0.0110	0	absent	0	0.0531	0	absent	0	0.0319	0	absent
COG3579	E	Aminopeptidase C	0	0	0.0086	0	absent	0	0.0021	0	absent	0	0.0028	0	absent
COG3580	R	Predicted nucleotide-binding protein, sugar kinase/HSP70/actin superfamily	0	0	0.0003	0	absent	0	0.0003	0	absent	0	0.0003	0	absent
COG3581	R	Predicted nucleotide-binding protein, sugar kinase/HSP70/actin superfamily	0	0	0.0028	0	absent	0	0.0011	0	absent	0	0.0009	0	absent
COG3582	V	CDC48-associated ubiquitin-like protein CUZ1, contains AN1-type Zn-finger (protection from As/Sb toxicity)	0	0	0.0000	0	absent	0	0.0000	0	absent	0	0.0000	0	absent
COG3583	S	Uncharacterized conserved protein YabE, contains G5 and tandem DUF348 domains	0	0	0.0007	0	absent	0	0.0003	0	absent	0	0.0035	0	absent
COG3584	S	3D (Asp-Asp-Asp) domain, usually in lytic transglycosylases	0	0	0.1185	0	absent	0	0.2214	0	absent	0	0.0618	0	absent
COG3585	H	Molybdopterin-binding protein MopI	1	0	0.0867	0	gap	0	0.0424	0	gap	0	0.0429	0	gap
COG3586	R	Uncharacterized protein domain, C-terminal to COG1479 DNAse/DNA nickase	0	0	0.0081	0	absent	0	0.0101	0	absent	0	0.0120	0	absent
COG3587	V	Restriction endonuclease, type III RM system	0	0	0.0196	0	absent	0	0.3554	0	absent	0	0.0950	0	absent
COG3588	G	Fructose-bisphosphate aldolase class 1	0	0	0.2421	0	absent	0	0.4852	0	absent	0	0.0752	0	absent
COG3589	S	Uncharacterized conserved protein, DUF871 domain	0	0	0.0856	0	absent	0	0.0438	0	absent	0	0.0121	0	absent
COG3590	O	Predicted metalloendopeptidase	0	0	0.5821	1	FP	0	0.1258	0	absent	0	0.1562	0	absent
COG3591	O	V8-like Glu-specific endopeptidase	1	1	0.9915	1	kept	1	0.6991	1	kept	1	0.9544	1	kept
COG3592	S	Uncharacterized Fe-S cluster protein YjdI	1	1	0.4499	0	gap	1	0.0460	0	gap	0	0.0048	0	gap
COG3593	L	Predicted ATP-dependent endonuclease of the OLD family, contains P-loop ATPase and TOPRIM domains	1	1	0.8475	1	kept	1	0.9093	1	kept	0	0.1146	0	gap
COG3594	G	Fucose 4-O-acetylase or related acetyltransferase	0	0	0.0699	0	absent	0	0.0863	0	absent	0	0.0451	0	absent
COG3595	S	Uncharacterized conserved protein YvlB, contains  DUF4097 and DUF4098 domains	0	0	0.2938	0	absent	0	0.0885	0	absent	0	0.1190	0	absent
COG3596	R	Predicted GTPase	1	1	0.4602	0	gap	0	0.0430	0	gap	0	0.0812	0	gap
COG3597	S	Uncharacterized conserved protein, DUF697 family	0	0	0.0191	0	absent	0	0.0281	0	absent	0	0.0051	0	absent
COG3598	L	RecA-family ATPase	0	0	0.0713	0	absent	0	0.0645	0	absent	0	0.0305	0	absent
COG3599	D	Cell division septum initiation protein DivIVA, interacts with FtsZ and MinD	0	0	0.8673	1	FP	0	0.6660	1	FP	0	0.3608	0	absent
COG3600	X	Uncharacterized phage-associated protein, contains DUF4065 domain	0	0	0.0553	0	absent	0	0.0330	0	absent	0	0.0461	0	absent
COG3601	H	Riboflavin transporter FmnP	0	0	0.0000	0	absent	0	0.0000	0	absent	0	0.0000	0	absent
COG3602	T	ACT domain, ACT-3 family	0	0	0.2115	0	absent	0	0.1831	0	absent	0	0.1331	0	absent
COG3603	T	ACT domain, ACT-7 family	0	0	0.0367	0	absent	0	0.0317	0	absent	0	0.0280	0	absent
COG3604	KT	FhlA-type transcriptional regulator, contains GAF, AAA-type ATPase, and DNA-binding Fis domains	1	0	0.6983	1	recovered	0	0.9358	1	recovered	0	0.5367	1	recovered
COG3605	T	Signal transduction protein containing GAF and PtsI domains	1	1	0.8835	1	kept	0	0.6620	1	recovered	0	0.0761	0	gap
COG3607	R	Lactoylglutathione lyase-related enzyme, vicinal oxygen chelate (VOC) family	0	0	0.2917	0	absent	0	0.0841	0	absent	0	0.0518	0	absent
COG3608	R	Predicted deacylase	0	0	0.7847	1	FP	0	0.9539	1	FP	0	0.8404	1	FP
COG3609	K	Transcriptional regulator, contains Arc/MetJ-type RHH (ribbon-helix-helix) DNA-binding domain	0	0	0.3341	0	absent	0	0.3581	0	absent	0	0.0800	0	absent
COG3610	S	Uncharacterized membrane protein YjjB, DUF3815 family	1	1	0.9216	1	kept	0	0.0903	0	gap	0	0.2297	0	gap
COG3611	L	Replication initiation and membrane attachment protein DnaB	0	0	0.0000	0	absent	0	0.0000	0	absent	0	0.0001	0	absent
COG3612	S	Predicted DNA-binding protein AF1194, contains HTH domain, DUF2240 family	0	0	0.0012	0	absent	0	0.0009	0	absent	0	0.0023	0	absent
COG3613	F	Nucleoside 2-deoxyribosyltransferase	0	0	0.4511	0	absent	0	0.6150	1	FP	0	0.1100	0	absent
COG3614	T	Extracytoplasmic sensor domain CHASE1 (specificity unknown)	0	0	0.0041	0	absent	0	0.0557	0	absent	0	0.0124	0	absent
COG3615	P	Tellurite resistance protein TehB, SAM-dependent methylase, cupin superfamily	1	0	0.0760	0	gap	1	0.7137	1	kept	1	0.1407	0	gap
COG3616	E	D-serine deaminase, pyridoxal phosphate-dependent	0	0	0.4918	0	absent	0	0.4921	0	absent	0	0.1171	0	absent
COG3617	X	Prophage antirepressor	0	0	0.2948	0	absent	0	0.2382	0	absent	0	0.2001	0	absent
COG3618	R	Predicted metal-dependent hydrolase, TIM-barrel fold	0	0	0.4481	0	absent	0	0.3960	0	absent	0	0.2160	0	absent
COG3619	S	Uncharacterized membrane protein YoaK, UPF0700 family	0	0	0.6259	1	FP	0	0.2023	0	absent	0	0.5182	1	FP
COG3620	K	Predicted transcriptional regulator, contains an XRE-type HTH domain (archaeal members contain CBS pair)	0	0	0.3705	0	absent	0	0.3484	0	absent	0	0.2401	0	absent
COG3621	R	Patatin-like phospholipase/acyl hydrolase, includes sporulation protein CotR	0	0	0.1808	0	absent	0	0.1336	0	absent	0	0.2783	0	absent
COG3622	G	Hydroxypyruvate/dehydroerythronate isomerase, Hyi/OtnI family	1	1	0.8821	1	kept	0	0.2476	0	gap	0	0.0246	0	gap
COG3623	G	L-ribulose-5-phosphate 3-epimerase UlaE	1	1	0.4985	0	gap	0	0.0148	0	gap	1	0.0514	0	gap
COG3624	P	Alpha-D-ribose 1-methylphosphonate 5-triphosphate synthase subunit PhnG	1	1	0.7203	1	kept	0	0.8845	1	recovered	0	0.0631	0	gap
COG3625	P	Alpha-D-ribose 1-methylphosphonate 5-triphosphate synthase subunit PhnH	1	0	0.3997	0	gap	0	0.9060	1	recovered	0	0.0487	0	gap
COG3626	P	Alpha-D-ribose 1-methylphosphonate 5-triphosphate synthase subunit PhnI	1	1	0.7093	1	kept	1	0.9622	1	kept	1	0.0499	0	gap
COG3627	P	Alpha-D-ribose 1-methylphosphonate 5-phosphate C-P lyase PhnJ	1	0	0.4089	0	gap	0	0.9108	1	recovered	0	0.0406	0	gap
COG3628	X	Phage baseplate assembly protein W	1	1	1.0000	1	kept	1	0.9969	1	kept	0	0.4525	0	gap
COG3629	K	DNA-binding transcriptional regulator DnrI/AfsR/EmbR, SARP family, contains BTAD domain	0	0	0.3906	0	absent	0	0.3035	0	absent	0	0.1166	0	absent
COG3630	C	Na+-transporting oxaloacetate/methylmalonyl-CoA decarboxylase, gamma subunit	0	0	0.0030	0	absent	0	0.0334	0	absent	0	0.0332	0	absent
COG3631	R	Ketosteroid isomerase-related protein	0	0	0.9869	1	FP	0	0.8302	1	FP	0	0.6493	1	FP
COG3633	E	Na+/serine and Na+/threonine symporter SstT	1	0	0.0334	0	gap	0	0.0182	0	gap	0	0.0785	0	gap
COG3634	V	Alkyl hydroperoxide reductase subunit AhpF	1	1	0.3447	0	gap	1	0.4138	0	gap	0	0.1801	0	gap
COG3635	G	2,3-bisphosphoglycerate-independent phosphoglycerate mutase, archeal type	0	0	0.0005	0	absent	0	0.1030	0	absent	0	0.0241	0	absent
COG3636	X	Uncharacterized Zn-binding protein, DUF971 domain	0	0	0.0688	0	absent	0	0.3008	0	absent	0	0.5371	1	FP
COG3637	M	Opacity protein LomR and related surface antigens	1	0	0.9080	1	recovered	0	0.9032	1	recovered	1	0.9845	1	kept
COG3638	P	ABC-type phosphate/phosphonate transport system, ATPase component	1	0	0.8346	1	recovered	1	0.9997	1	kept	0	0.4791	0	gap
COG3639	P	ABC-type phosphate/phosphonate transport system, permease component	1	0	0.7178	1	recovered	1	0.9997	1	kept	0	0.3686	0	gap
COG3640	O	CO dehydrogenase nickel-insertion accessory protein CooC1	0	0	0.0028	0	absent	0	0.0146	0	absent	0	0.0047	0	absent
COG3641	T	Membrane regulatory protein PfoR, PTS_EIIC_2 domain (does not regulate perfringolysin expression)	0	0	0.0002	0	absent	0	0.0011	0	absent	0	0.0047	0	absent
COG3642	J	tRNA A-37 threonylcarbamoyl transferase component Bud32	1	1	0.3483	0	gap	1	0.7268	1	kept	0	0.2208	0	gap
COG3643	E	Glutamate formiminotransferase	0	0	0.0014	0	absent	0	0.0170	0	absent	0	0.0035	0	absent
COG3644	S	Uncharacterized conserved protein, DUF2239 domain	0	0	0.0864	0	absent	0	0.0399	0	absent	0	0.0210	0	absent
COG3645	X	Phage antirepressor protein YoqD, KilAC domain	1	0	0.0404	0	gap	1	0.6377	1	kept	1	0.6456	1	kept
COG3646	X	Phage regulatory protein Rha	0	0	0.1853	0	absent	0	0.0485	0	absent	0	0.1220	0	absent
COG3647	S	Uncharacterized membrane protein YjdF	1	0	0.0978	0	gap	0	0.1612	0	gap	0	0.2835	0	gap
COG3648	Q	Uricase (urate oxidase)	0	0	0.0098	0	absent	0	0.0076	0	absent	0	0.0040	0	absent
COG3649	V	CRISPR-Cas system type I effector complex subunit Cas7,  RAMP superfamily	0	0	0.1585	0	absent	0	0.2029	0	absent	0	0.0178	0	absent
COG3650	S	Uncharacterized membrane protein	1	0	0.0144	0	gap	0	0.0580	0	gap	0	0.0184	0	gap
COG3651	S	Uncharacterized conserved protein, DUF2237 family	0	0	0.0263	0	absent	0	0.1281	0	absent	0	0.0234	0	absent
COG3652	S	Predicted outer membrane protein, contains DUF4142 domain	0	0	0.2004	0	absent	0	0.0993	0	absent	0	0.0413	0	absent
COG3653	Q	N-acyl-D-aspartate/D-glutamate deacylase	0	0	0.2635	0	absent	0	0.3966	0	absent	0	0.0203	0	absent
COG3654	X	Prophage maintenance system killer protein	0	1	0.9555	1	FP	0	0.6810	1	FP	0	0.4653	0	absent
COG3655	K	DNA-binding transcriptional regulator, XRE family	0	0	0.4867	0	absent	0	0.1971	0	absent	0	0.4820	0	absent
COG3656	S	Predicted periplasmic protein	0	0	0.0722	0	absent	0	0.0304	0	absent	0	0.0085	0	absent
COG3657	V	Putative component of the toxin-antitoxin plasmid stabilization module	0	0	0.0535	0	absent	0	0.1817	0	absent	0	0.3769	0	absent
COG3658	C	Cytochrome b subunit of Ni2+-dependent hydrogenase	1	1	0.6738	1	kept	1	0.7841	1	kept	0	0.0374	0	gap
COG3659	M	Carbohydrate-selective porin OprB	0	0	0.0288	0	absent	0	0.0410	0	absent	0	0.0162	0	absent
COG3660	D	Mitochondrial fission protein ELM1	0	0	0.0048	0	absent	0	0.0534	0	absent	0	0.0138	0	absent
COG3661	G	Alpha-glucuronidase	0	0	0.0123	0	absent	0	0.0024	0	absent	0	0.0018	0	absent
COG3662	S	Uncharacterized conserved protein, DUF2236 family	0	0	0.0089	0	absent	0	0.0061	0	absent	1	0.0533	0	absent
COG3663	L	G:T/U-mismatch repair DNA glycosylase	1	0	0.5250	1	recovered	0	0.0888	0	gap	0	0.4140	0	gap
COG3664	G	Beta-xylosidase	0	0	0.1022	0	absent	0	0.0433	0	absent	0	0.0159	0	absent
COG3665	S	Uncharacterized conserved protein YcgI, DUF1989 family	0	0	0.1851	0	absent	0	0.3010	0	absent	0	0.0979	0	absent
COG3666	X	Transposase, IS1182 family	0	0	0.4458	0	absent	0	0.2435	0	absent	0	0.1315	0	absent
COG3667	P	Uncharacterized conserved protein involved in copper resistance	0	0	0.0103	0	absent	0	0.0082	0	absent	0	0.0135	0	absent
COG3668	X	Plasmid stabilization system protein ParE	1	1	0.9902	1	kept	0	0.8208	1	recovered	0	0.4245	0	gap
COG3669	G	Alpha-L-fucosidase	0	0	0.0255	0	absent	0	0.0031	0	absent	0	0.0352	0	absent
COG3670	Q	Carotenoid cleavage dioxygenase or a related enzyme	0	0	0.0243	0	absent	0	0.0065	0	absent	0	0.0013	0	absent
COG3671	S	Uncharacterized membrane protein	0	0	0.0197	0	absent	0	0.0487	0	absent	0	0.0070	0	absent
COG3672	O	Predicted transglutaminase-like protein	0	0	0.1901	0	absent	0	0.4775	0	absent	0	0.2369	0	absent
COG3673	S	Uncharacterized conserved protein, PA2063/DUF2235 family	0	0	0.3401	0	absent	0	0.6303	1	FP	0	0.1797	0	absent
COG3675	I	Predicted lipase	0	0	0.2915	0	absent	0	0.3566	0	absent	0	0.1023	0	absent
COG3676	X	Transposase and inactivated derivatives	0	0	0.0230	0	absent	0	0.0173	0	absent	0	0.0210	0	absent
COG3677	X	Transposase InsA	1	1	0.9869	1	kept	0	0.5773	1	recovered	0	0.4899	0	gap
COG3678	O	Periplasmic chaperone Spy, Spy/CpxP family	1	1	0.9704	1	kept	1	0.9613	1	kept	0	0.1886	0	gap
COG3679	T	Cell fate regulator YlbF, YheA/YmcA/DUF963 family (controls sporulation, competence, biofilm development)	0	0	0.0001	0	absent	0	0.0001	0	absent	0	0.0001	0	absent
COG3680	S	Uncharacterized protein, contains GIY-YIG domain	1	0	0.0083	0	gap	0	0.0110	0	gap	1	0.0978	0	gap
COG3681	E	L-cysteine desulfidase YhaM	1	0	0.1974	0	gap	0	0.5584	1	recovered	1	0.9774	1	kept
COG3682	K	Transcriptional regulator, CopY/TcrY family	0	0	0.0981	0	absent	0	0.0418	0	absent	0	0.0639	0	absent
COG3683	R	ABC-type uncharacterized transport system, periplasmic component	0	0	0.0387	0	absent	0	0.1378	0	absent	0	0.1201	0	absent
COG3684	GP	Tagatose-1,6-bisphosphate/sulfofructosephosphate aldolase	1	1	0.0681	0	gap	1	0.0096	0	gap	1	0.0076	0	gap
COG3685	P	Ferritin-like metal-binding protein YciE	1	1	0.0842	0	gap	1	0.0954	0	gap	1	0.2032	0	gap
COG3686	S	Uncharacterized conserved protein, MAPEG superfamily	0	0	0.0013	0	absent	0	0.0011	0	absent	0	0.0005	0	absent
COG3687	R	Predicted metal-dependent hydrolase	0	0	0.0236	0	absent	0	0.0032	0	absent	0	0.0014	0	absent
COG3688	J	EndoRNase involved in mRNA decay, NYN (Nedd4-BP1/Rae1/YacP nuclease) family,  contains PIN domain	0	0	0.0031	0	absent	0	0.0028	0	absent	0	0.0033	0	absent
COG3689	S	Uncharacterized membrane protein YcgQ,  UPF0703/DUF1980 family	0	0	0.3768	0	absent	0	0.1991	0	absent	0	0.1758	0	absent
COG3691	S	Uncharacterized conserved protein YfcZ, UPF0381/DUF406 family	1	1	0.0000	0	gap	0	0.0000	0	gap	0	0.0000	0	gap
COG3692	S	Uncharacterized conserved protein YifN, PemK superfamily	0	0	0.0023	0	absent	0	0.0016	0	absent	0	0.0003	0	absent
COG3693	G	Endo-1,4-beta-xylanase, GH35 family	0	0	0.0146	0	absent	0	0.0119	0	absent	0	0.0122	0	absent
COG3694	R	ABC-type uncharacterized transport system, permease component	0	0	0.0102	0	absent	0	0.0050	0	absent	0	0.0091	0	absent
COG3695	K	Alkylated DNA nucleotide flippase Atl1, participates in nucleotide excision repair, Ada-like DNA-binding domain	1	1	0.9987	1	kept	0	0.9550	1	recovered	1	0.9534	1	kept
COG3696	P	Cu/Ag efflux pump CusA	1	0	0.8310	1	recovered	0	0.7770	1	recovered	1	0.9223	1	kept
COG3697	HI	Phosphoribosyl-dephospho-CoA transferase (holo-ACP synthetase)	1	1	0.8848	1	kept	1	0.6581	1	kept	1	0.0286	0	gap
COG3698	S	Uncharacterized conserved protein YigE, DUF2233 family	1	1	0.8885	1	kept	0	0.1626	0	gap	0	0.0186	0	gap
COG3700	PR	Acid phosphatase, class B	1	1	0.0952	0	gap	1	0.0518	0	gap	0	0.0041	0	gap
COG3701	U	Type IV secretory pathway, TrbF component	0	0	0.0237	0	absent	0	0.2224	0	absent	0	0.0246	0	absent
COG3702	U	Type IV secretory pathway, VirB3 component	0	0	0.0096	0	absent	0	0.0056	0	absent	0	0.0004	0	absent
COG3703	P	Gamma-glutamylcyclotransferase ChaC2 (glutathione degradation)	1	1	0.9441	1	kept	0	0.5199	1	recovered	0	0.0891	0	gap
COG3704	U	Type IV secretory pathway, VirB6 component	0	0	0.0107	0	absent	0	0.0230	0	absent	0	0.0110	0	absent
COG3705	E	ATP phosphoribosyltransferase regulatory subunit HisZ	0	1	0.8710	1	FP	0	0.0081	0	absent	0	0.0029	0	absent
COG3707	TK	Two-component response regulator, AmiR/NasT family, consists of REC and RNA-binding antiterminator (ANTAR) domains	0	0	0.6012	1	FP	0	0.5414	1	FP	0	0.0120	0	absent
COG3708	K	Predicted transcriptional regulator YdeE, contains AraC-type DNA-binding domain	0	0	0.4595	0	absent	0	0.1049	0	absent	0	0.0562	0	absent
COG3709	G	Ribose 1,5-bisphosphate kinase PhnN	1	1	0.7939	1	kept	1	0.9192	1	kept	0	0.0143	0	gap
COG3710	K	DNA-binding winged helix-turn-helix (wHTH) domain	1	1	0.0658	0	gap	0	0.0035	0	gap	1	0.0061	0	gap
COG3711	K	Transcriptional antiterminator	1	1	0.8952	1	kept	0	0.1390	0	gap	0	0.0220	0	gap
COG3712	PT	Periplasmic ferric-dicitrate binding protein FecR, regulates iron transport	1	0	0.7519	1	recovered	1	0.9810	1	kept	1	0.4980	0	gap
COG3713	M	Outer membrane scaffolding protein for murein synthesis, MipA/OmpV family	1	0	0.2536	0	gap	0	0.6306	1	recovered	0	0.5198	1	recovered
COG3714	S	Uncharacterized membrane protein YhhN	1	1	0.5765	1	kept	0	0.0095	0	gap	0	0.0061	0	gap
COG3715	G	Phosphotransferase system, mannose/fructose/N-acetylgalactosamine-specific IIC component	1	1	0.9950	1	kept	0	0.4941	0	gap	1	0.6575	1	kept
COG3716	G	Phosphotransferase system, mannose/fructose/N-acetylgalactosamine-specific IID component	1	1	0.9969	1	kept	0	0.4851	0	gap	0	0.5885	1	recovered
COG3717	G	5-keto 4-deoxyuronate isomerase	1	0	0.8763	1	recovered	1	0.9525	1	kept	0	0.3525	0	gap
COG3718	G	5-deoxy-D-glucuronate isomerase	0	1	0.8449	1	FP	0	0.0885	0	absent	0	0.0342	0	absent
COG3719	J	Ribonuclease I	1	0	0.0100	0	gap	1	0.0648	0	gap	0	0.0072	0	gap
COG3720	P	Putative heme degradation protein	1	0	0.0625	0	gap	1	0.0830	0	gap	0	0.0454	0	gap
COG3721	P	Putative heme iron utilization protein	1	0	0.0281	0	gap	0	0.0302	0	gap	0	0.0209	0	gap
COG3722	K	DNA-binding transcriptional regulator, MltR family	1	1	0.0699	0	gap	1	0.0412	0	gap	0	0.0014	0	gap
COG3723	L	Recombinational DNA repair protein RecT	1	0	0.5532	1	recovered	0	0.1075	0	gap	1	0.4863	0	gap
COG3724	E	Succinylarginine dihydrolase	1	1	0.1211	0	gap	1	0.1125	0	gap	0	0.0030	0	gap
COG3725	V	Membrane protein AmpE required for beta-lactamase induction	1	0	0.0000	0	gap	0	0.0000	0	gap	1	0.0001	0	gap
COG3726	S	Uncharacterized membrane protein Smp affecting hemolysin expression	1	0	0.0002	0	gap	1	0.0077	0	gap	0	0.0000	0	gap
COG3727	L	G:T-mismatch repair DNA endonuclease Vsr, very short patch repair protein	1	0	0.0475	0	gap	1	0.7875	1	kept	0	0.0441	0	gap
COG3728	X	Phage terminase, small subunit	0	0	0.2839	0	absent	0	0.1095	0	absent	0	0.0814	0	absent
COG3729	R	General stress protein YciG, contains tandem KGG domains	1	1	0.2266	0	gap	0	0.0013	0	gap	0	0.0010	0	gap
COG3730	G	Phosphotransferase system sorbitol-specific IIC component	1	1	0.3687	0	gap	1	0.0252	0	gap	0	0.0013	0	gap
COG3731	G	Phosphotransferase system sorbitol-specific IIA component	1	1	0.3442	0	gap	0	0.0012	0	gap	0	0.0007	0	gap
COG3732	G	Phosphotransferase system sorbitol-specific IIB component	1	1	0.4008	0	gap	0	0.0014	0	gap	0	0.0011	0	gap
COG3733	Q	Cu2+-containing amine oxidase	0	0	0.0339	0	absent	0	0.0050	0	absent	0	0.0020	0	absent
COG3734	G	2-keto-3-deoxy-galactonokinase	1	0	0.2025	0	gap	1	0.7283	1	kept	0	0.0304	0	gap
COG3735	S	Uncharacterized conserved protein YbaP, TraB family	1	0	0.0307	0	gap	1	0.7159	1	kept	0	0.1044	0	gap
COG3736	U	Type IV secretory pathway, component VirB8	0	0	0.0086	0	absent	0	0.0145	0	absent	0	0.0050	0	absent
COG3737	S	Uncharacterized protein, contains Mth938-like domain	0	0	0.0000	0	absent	0	0.0000	0	absent	0	0.0000	0	absent
COG3738	S	Uncharacterized conserved protein YijF, DUF1287 family	1	0	0.0472	0	gap	0	0.0131	0	gap	1	0.3692	0	gap
COG3739	S	Uncharacterized membrane protein YoaT, DUF817 family	0	0	0.0169	0	absent	0	0.0029	0	absent	0	0.0183	0	absent
COG3740	X	Phage head maturation protease	1	1	0.9371	1	kept	0	0.0664	0	gap	0	0.0173	0	gap
COG3741	E	N-formylglutamate amidohydrolase	0	0	0.0185	0	absent	0	0.1178	0	absent	0	0.0851	0	absent
COG3742	V	VapC family ribonuclease, contains PIN domain	0	0	0.0051	0	absent	0	0.0213	0	absent	0	0.0047	0	absent
COG3743	L	Predicted 5' DNA nuclease, flap endonuclease-1-like, helix-3-turn-helix (H3TH) domain	0	0	0.0116	0	absent	0	0.0277	0	absent	0	0.0034	0	absent
COG3744	V	PIN domain nuclease, a component of toxin-antitoxin system (PIN domain)	0	0	0.0441	0	absent	0	0.2007	0	absent	0	0.0269	0	absent
COG3745	UW	Flp pilus assembly protein CpaB	0	0	0.0076	0	absent	0	0.1636	0	absent	0	0.2770	0	absent
COG3746	P	Phosphate-selective porin	0	0	0.0813	0	absent	0	0.1498	0	absent	0	0.0352	0	absent
COG3747	X	Phage terminase, small subunit	1	1	0.7127	1	kept	1	0.3433	0	gap	1	0.0614	0	gap
COG3748	S	Uncharacterized membrane protein	0	0	0.0033	0	absent	0	0.0028	0	absent	0	0.0003	0	absent
COG3749	S	Uncharacterized conserved protein, DUF934 family	0	0	0.0006	0	absent	0	0.0011	0	absent	0	0.0001	0	absent
COG3750	S	Uncharacterized conserved protein, UPF0335 family	0	0	0.0016	0	absent	0	0.0007	0	absent	0	0.0002	0	absent
COG3751	JO	Proline 4-hydroxylase (includes Rps23 Pro-64 3,4-dihydroxylase Tpa1), contains SM-20 domain	0	0	0.2367	0	absent	0	0.1515	0	absent	0	0.0621	0	absent
COG3752	R	Steroid 5-alpha reductase family enzyme	0	0	0.0439	0	absent	0	0.4574	0	absent	0	0.0081	0	absent
COG3753	S	Uncharacterized conserved protein YidB, DUF937 family	1	1	0.1893	0	gap	0	0.0015	0	gap	0	0.0098	0	gap
COG3754	M	Lipopolysaccharide biosynthesis protein	0	0	0.0306	0	absent	0	0.0414	0	absent	0	0.2180	0	absent
COG3755	S	Uncharacterized conserved protein YecT, DUF1311 family	1	0	0.2525	0	gap	1	0.5967	1	kept	0	0.1416	0	gap
COG3756	S	Uncharacterized conserved protein YdaU, DUF1376 family	1	0	0.0138	0	gap	0	0.0077	0	gap	0	0.0055	0	gap
COG3757	M	Lyzozyme M1 (1,4-beta-N-acetylmuramidase), GH25 family	1	1	0.5442	1	kept	0	0.0062	0	gap	0	0.0163	0	gap
COG3758	S	Various environmental stresses-induced protein Ves (function unknown)	1	0	0.5837	1	recovered	1	0.9009	1	kept	0	0.2113	0	gap
COG3759	S	Uncharacterized membrane protein	0	0	0.7380	1	FP	0	0.2562	0	absent	0	0.0925	0	absent
COG3760	R	Predicted aminoacyl-tRNA deacylase, YbaK-like aminoacyl-tRNA editing domain	0	0	0.0106	0	absent	0	0.0135	0	absent	0	0.0084	0	absent
COG3761	C	NADH:ubiquinone oxidoreductase NDUFA12 subunit (Leigh syndrome)	0	0	0.0000	0	absent	0	0.0000	0	absent	0	0.0000	0	absent
COG3762	S	Uncharacterized membrane protein	0	0	0.3256	0	absent	0	0.3697	0	absent	0	0.1235	0	absent
COG3763	S	Uncharacterized conserved protein YneF, UPF0154 family	0	0	0.0000	0	absent	0	0.0000	0	absent	0	0.0000	0	absent
COG3764	M	Sortase (surface protein transpeptidase)	0	0	0.0010	0	absent	0	0.0034	0	absent	0	0.0264	0	absent
COG3765	M	LPS O-antigen chain length determinant protein, WzzB/FepE family	1	0	0.0126	0	gap	0	0.0229	0	gap	0	0.0240	0	gap
COG3766	S	Uncharacterized membrane protein YjfL, UPF0719 family	1	0	0.1959	0	gap	0	0.3495	0	gap	0	0.0326	0	gap
COG3767	S	Uncharacterized low-complexity protein	0	0	0.0004	0	absent	0	0.0002	0	absent	0	0.0002	0	absent
COG3768	S	Uncharacterized membrane protein YcjF, UPF0283 family	1	1	0.0406	0	gap	0	0.0162	0	gap	0	0.0021	0	gap
COG3769	G	Mannosyl-3-phosphoglycerate phosphatase YedP/MpgP, HAD superfamily	1	0	0.0051	0	gap	1	0.0678	0	gap	1	0.0571	0	gap
COG3770	M	Murein endopeptidase MepA (D-alanyl-D-alanine-endopeptidase)	1	1	0.2078	0	gap	0	0.0231	0	gap	0	0.0072	0	gap
COG3771	S	Lipopolysaccharide assembly protein YciS/LapA, DUF1049 family	1	1	0.0000	0	gap	0	0.0000	0	gap	1	0.0000	0	gap
COG3772	M	Phage-related lysozyme (muramidase), GH24 family	1	1	0.9733	1	kept	1	0.8318	1	kept	0	0.1213	0	gap
COG3773	DM	Cell wall hydrolase CwlJ, involved in spore germination	0	0	0.0223	0	absent	0	0.0413	0	absent	0	0.0306	0	absent
COG3774	M	Mannosyltransferase OCH1 or related enzyme	0	0	0.2171	0	absent	0	0.0688	0	absent	0	0.1218	0	absent
COG3775	G	Phosphotransferase system, galactitol-specific IIC component	1	1	0.2388	0	gap	1	0.1597	0	gap	0	0.0041	0	gap
COG3776	S	Uncharacterized conserved protein YhhL, DUF1145 family	1	0	0.0000	0	gap	0	0.0000	0	gap	0	0.0000	0	gap
COG3777	I	Hydroxyacyl-ACP dehydratase HTD2, hotdog domain	0	0	0.0087	0	absent	0	0.0279	0	absent	0	0.0033	0	absent
COG3778	X	Uncharacterized conserved protein YmfQ in lambdoid prophage, DUF2313 family	0	0	0.0239	0	absent	0	0.0195	0	absent	0	0.0185	0	absent
COG3779	S	Uncharacterized conserved protein YegJ, DUF2314 family	0	0	0.1241	0	absent	0	0.0260	0	absent	0	0.0178	0	absent
COG3780	L	DNA endonuclease related to intein-encoded endonucleases	0	0	0.0021	0	absent	0	0.0012	0	absent	0	0.0010	0	absent
COG3781	P	Predicted membrane chloride channel, bestrophin family	1	1	0.7609	1	kept	0	0.0350	0	gap	0	0.0169	0	gap
COG3782	S	Uncharacterized conserved protein, DUF1853 domain	0	0	0.0008	0	absent	0	0.0057	0	absent	0	0.0056	0	absent
COG3783	C	Soluble cytochrome b562	1	1	0.0000	0	gap	1	0.0000	0	gap	0	0.0000	0	gap
COG3784	S	Uncharacterized conserved protein YdbL, DUF1318 family	1	0	0.0233	0	gap	1	0.8040	1	kept	0	0.0318	0	gap
COG3785	O	Heat shock protein HspQ	1	0	0.0005	0	gap	0	0.0056	0	gap	0	0.0004	0	gap
COG3786	M	L,D-peptidoglycan transpeptidase YkuD, ErfK/YbiS/YcfS/YnhG family	0	0	0.1637	0	absent	0	0.0082	0	absent	0	0.0116	0	absent
COG3787	S	Uncharacterized conserved protein YhbP, UPF0306 family	1	1	0.5317	1	kept	0	0.0172	0	gap	1	0.2463	0	gap
COG3788	S	Uncharacterized membrane protein YecN, MAPEG domain	1	1	0.0487	0	gap	1	0.0415	0	gap	1	0.0081	0	gap
COG3789	S	Uncharacterized conserved protein YjfI, DUF2170 family	1	1	0.0101	0	gap	1	0.0104	0	gap	0	0.0000	0	gap
COG3790	S	Predicted membrane protein, encoded in cydAB operon	1	0	0.0000	0	gap	0	0.0000	0	gap	0	0.0000	0	gap
COG3791	S	Uncharacterized conserved protein	0	0	0.6125	1	FP	0	0.5769	1	FP	0	0.0743	0	absent
COG3792	S	Uncharacterized conserved protein, DUF596 domain	0	0	0.0000	0	absent	0	0.0000	0	absent	0	0.0000	0	absent
COG3793	P	Tellurite resistance protein TerB	0	0	0.7138	1	FP	0	0.3137	0	absent	0	0.1182	0	absent
COG3794	C	Plastocyanin	0	0	0.0619	0	absent	0	0.0764	0	absent	0	0.0361	0	absent
COG3795	Q	5-chloro-2-hydroxyhydroquinone dehydrochlorinase TtfG, YCII superfamily	0	0	0.5120	1	FP	0	0.2774	0	absent	0	0.0239	0	absent
COG3797	S	Uncharacterized conserved protein, DUF1697 family	0	0	0.4388	0	absent	0	0.1027	0	absent	0	0.0774	0	absent
COG3798	S	Uncharacterized conserved protein, DUF2171 domain	0	0	0.0025	0	absent	0	0.0009	0	absent	0	0.0006	0	absent
COG3799	E	Methylaspartate ammonia-lyase	0	0	0.0055	0	absent	0	0.0323	0	absent	0	0.0169	0	absent
COG3800	R	Predicted transcriptional regulator	0	0	0.0007	0	absent	0	0.0004	0	absent	0	0.0007	0	absent
COG3801	S	Uncharacterized conserved protein	0	0	0.0060	0	absent	0	0.0018	0	absent	0	0.0011	0	absent
COG3802	S	Uncharacterized conserved protein GguC, FAA hydrolase family	0	0	0.0027	0	absent	0	0.0012	0	absent	0	0.0004	0	absent
COG3803	S	Uncharacterized conserved protein, DUF924 family	0	0	0.0195	0	absent	0	0.1524	0	absent	0	0.0391	0	absent
COG3804	S	Uncharacterized conserved protein	0	0	0.0887	0	absent	0	0.0327	0	absent	0	0.0195	0	absent
COG3805	Q	Aromatic ring-cleaving dioxygenase	0	0	0.0062	0	absent	0	0.0102	0	absent	0	0.0020	0	absent
COG3806	T	Anti-sigma factor ChrR, cupin superfamily	0	0	0.0556	0	absent	0	0.0464	0	absent	0	0.0174	0	absent
COG3807	S	SH3-like domain	0	0	0.0238	0	absent	0	0.3807	0	absent	0	0.6588	1	FP
COG3808	C	Na+ or H+-translocating membrane pyrophosphatase	0	0	0.0326	0	absent	0	0.1913	0	absent	0	0.0373	0	absent
COG3809	R	Predicted nucleic acid-binding protein, contains Zn-finger domain	0	0	0.1032	0	absent	0	0.4599	0	absent	0	0.2443	0	absent
COG3811	S	Uncharacterized conserved protein YjhX, UPF0386/DUF2084 family	1	1	0.0885	0	gap	1	0.0223	0	gap	0	0.0000	0	gap
COG3812	S	Uncharacterized conserved protein, DUF1993 domain	0	0	0.0239	0	absent	0	0.0164	0	absent	0	0.0024	0	absent
COG3813	S	Uncharacterized conserved protein, DUF1272 domain	0	0	0.0067	0	absent	0	0.0017	0	absent	0	0.0006	0	absent
COG3814	O	SspB-like protein, predicted to bind SsrA peptide	0	0	0.0008	0	absent	0	0.0013	0	absent	0	0.0003	0	absent
COG3815	S	Uncharacterized membrane protein	0	0	0.0010	0	absent	0	0.0031	0	absent	0	0.0017	0	absent
COG3816	S	Uncharacterized conserved protein, DUF1285 family	0	0	0.0008	0	absent	0	0.0007	0	absent	0	0.0002	0	absent
COG3817	S	Uncharacterized membrane protein	0	0	0.0940	0	absent	0	0.0397	0	absent	0	0.0087	0	absent
COG3818	R	Predicted N-acetyltransferase, GNAT superfamily	0	0	0.0024	0	absent	0	0.0028	0	absent	0	0.0022	0	absent
COG3819	S	Uncharacterized membrane protein	0	0	0.0829	0	absent	0	0.0424	0	absent	0	0.0086	0	absent
COG3820	S	Uncharacterized conserved protein, DUF1013 family	0	0	0.0000	0	absent	0	0.0000	0	absent	0	0.0000	0	absent
COG3821	S	Uncharacterized membrane protein	0	0	0.0058	0	absent	0	0.0068	0	absent	0	0.0009	0	absent
COG3822	G	D-lyxose ketol-isomerase	1	0	0.0253	0	gap	0	0.0212	0	gap	0	0.0159	0	gap
COG3823	O	Glutamine cyclotransferase	0	0	0.5034	1	FP	0	0.4607	0	absent	0	0.3879	0	absent
COG3824	O	Predicted Zn-dependent protease, minimal metalloprotease (MMP)-like domain	0	0	0.0022	0	absent	0	0.0063	0	absent	0	0.0143	0	absent
COG3825	S	Uncharacterized CoxE-like protein,  contains von Willebrand factor type A (vWA) domain	0	0	0.0059	0	absent	0	0.0422	0	absent	0	0.0016	0	absent
COG3826	S	Uncharacterized conserved protein	0	0	0.0831	0	absent	0	0.0132	0	absent	0	0.0005	0	absent
COG3827	D	Cell pole-organizing protein PopZ	0	0	0.0059	0	absent	0	0.0043	0	absent	0	0.0033	0	absent
COG3828	R	Type 1 glutamine amidotransferase (GATase1)-like domain	0	0	0.0124	0	absent	0	0.0066	0	absent	1	0.1541	0	absent
COG3829	KT	RocR-type transcriptional regulator, contains PAS, AAA-type ATPase, and DNA-binding Fis domains	1	1	1.0000	1	kept	1	1.0000	1	kept	0	0.9896	1	recovered
COG3830	T	ACT domain, binds amino acids and other small ligands	0	0	0.0012	0	absent	0	0.0100	0	absent	0	0.0343	0	absent
COG3831	K	WGR domain, predicted DNA-binding domain in MolR	1	0	0.4946	0	gap	0	0.0983	0	gap	0	0.2335	0	gap
COG3832	I	Chalcone/flavanone-binding protein YndB, AHSA1/START/SRPBCC domain	0	0	0.9946	1	FP	0	0.9620	1	FP	0	0.7829	1	FP
COG3833	G	ABC-type maltose transport system, permease component MalG	1	1	0.7366	1	kept	0	0.0431	0	gap	0	0.0450	0	gap
COG3835	KT	Sugar diacid utilization regulator CdaR	1	1	0.5754	1	kept	0	0.0181	0	gap	0	0.0035	0	gap
COG3836	G	2-keto-3-deoxy-L-rhamnonate aldolase RhmA	1	0	0.5500	1	recovered	1	0.9570	1	kept	0	0.4640	0	gap
COG3837	S	Uncharacterized conserved protein, cupin superfamily	0	0	0.6808	1	FP	0	0.1648	0	absent	0	0.0405	0	absent
COG3838	U	Type IV secretory pathway, VirB2 component (pilin)	0	0	0.0110	0	absent	0	0.0453	0	absent	0	0.0029	0	absent
COG3839	G	ABC-type sugar transport system, ATPase component MalK	0	0	0.2300	0	absent	0	0.4600	0	absent	0	0.0612	0	absent
COG3840	H	ABC-type thiamine transport system, ATPase component ThiQ	1	1	0.0119	0	gap	1	0.0070	0	gap	0	0.0003	0	gap
COG3842	E	ABC-type Fe3+/spermidine/putrescine transport systems, ATPase component	1	1	1.0000	1	kept	1	1.0000	1	kept	0	0.9997	1	recovered
COG3843	U	Type IV secretory pathway, VirD2 component (relaxase)	0	0	0.1907	0	absent	0	0.6062	1	FP	0	0.1387	0	absent
COG3844	E	Kynureninase	0	0	0.0129	0	absent	0	0.0089	0	absent	0	0.0083	0	absent
COG3845	F	ABC-type guanosine uptake system NupNOPQ, ATPase component NupO	0	0	0.9984	1	FP	0	0.9925	1	FP	0	0.9689	1	FP
COG3846	U	Type IV secretory pathway, TrbL components	0	0	0.0314	0	absent	0	0.0480	0	absent	0	0.0110	0	absent
COG3847	UW	Flp pilus assembly protein, pilin Flp	0	0	0.0004	0	absent	0	0.0137	0	absent	0	0.0121	0	absent
COG3848	T	Phosphohistidine swiveling domain of PEP-utilizing enzymes	0	0	0.0033	0	absent	0	0.0023	0	absent	0	0.0068	0	absent
COG3850	T	Signal transduction histidine kinase NarQ, nitrate/nitrite-specific	1	1	0.9527	1	kept	1	0.9247	1	kept	1	0.8261	1	kept
COG3851	T	Signal transduction histidine kinase UhpB, glucose-6-phosphate specific	1	1	0.0147	0	gap	0	0.0001	0	gap	0	0.0000	0	gap
COG3852	T	Signal transduction histidine kinase NtrB, nitrogen specific	1	1	0.9967	1	kept	1	0.9993	1	kept	0	0.5912	1	recovered
COG3853	V	Uncharacterized conserved protein YaaN involved in tellurite resistance	0	0	0.1089	0	absent	0	0.0554	0	absent	0	0.5670	1	FP
COG3854	D	Stage III sporulation protein SpoIIIAA	0	1	0.0021	0	absent	0	0.0001	0	absent	0	0.0007	0	absent
COG3855	G	Fructose-1,6-bisphosphatase	0	0	0.0278	0	absent	0	0.1098	0	absent	0	0.0058	0	absent
COG3856	S	Small basic protein Sbp (function unknown), DUF1290 domain	0	0	0.0009	0	absent	0	0.0002	0	absent	0	0.0011	0	absent
COG3857	L	ATP-dependent helicase/DNAse subunit B	0	0	0.0185	0	absent	0	0.0386	0	absent	0	0.0033	0	absent
COG3858	D	Spore cortex hydrolase SleL/YaaH, N-acetylglucosaminidase of GH18 family	0	0	0.0349	0	absent	0	0.0091	0	absent	0	0.0107	0	absent
COG3859	H	Thiamine transporter ThiT	0	0	0.0002	0	absent	0	0.0001	0	absent	0	0.0001	0	absent
COG3860	S	Uncharacterized conserved protein, DUF2087 family	0	0	0.3748	0	absent	0	0.0980	0	absent	0	0.0947	0	absent
COG3861	S	Stress response protein YsnF (function unknown)	0	0	0.1078	0	absent	0	0.2734	0	absent	0	0.6081	1	FP
COG3862	S	Uncharacterized conserved protein with two CxxC motifs	0	0	0.0006	0	absent	0	0.0101	0	absent	0	0.0045	0	absent
COG3863	S	Uncharacterized conserved protein YycO, NlpC/P60 family	1	1	0.8643	1	kept	0	0.1077	0	gap	0	0.1764	0	gap
COG3864	R	Predicted metal-dependent peptidase	0	0	0.5508	1	FP	0	0.1000	0	absent	0	0.0964	0	absent
COG3865	R	Glyoxalase superfamily enzyme, possible 3-demethylubiquinone-9 3-methyltransferase	0	0	0.8433	1	FP	0	0.4299	0	absent	0	0.2284	0	absent
COG3866	G	Pectate lyase	0	0	0.2416	0	absent	0	0.1845	0	absent	0	0.0870	0	absent
COG3867	G	Arabinogalactan endo-1,4-beta-galactosidase	0	0	0.0182	0	absent	0	0.0012	0	absent	0	0.0008	0	absent
COG3868	G	Predicted glycosyl hydrolase, GH114 family	0	0	0.0403	0	absent	0	0.0080	0	absent	0	0.0187	0	absent
COG3869	O	Protein-arginine kinase McsB	0	0	0.0013	0	absent	0	0.0036	0	absent	0	0.0109	0	absent
COG3870	T	Cyclic di-AMP receptor DarA/PstA	0	0	0.0000	0	absent	1	0.0002	0	absent	0	0.0002	0	absent
COG3871	S	General stress protein 26 (function unknown)	0	0	0.4190	0	absent	0	0.4905	0	absent	0	0.2345	0	absent
COG3872	S	Uncharacterized conserved protein YqhQ, DUF1385 family	0	0	0.0339	0	absent	0	0.0055	0	absent	0	0.0033	0	absent
COG3874	S	Uncharacterized spore protein YtfJ	0	0	0.0005	0	absent	0	0.0008	0	absent	0	0.0021	0	absent
COG3875	M	Nickel-dependent lactate racemase	0	0	0.3810	0	absent	0	0.7064	1	FP	0	0.2833	0	absent
COG3876	S	Uncharacterized conserved protein YbbC, DUF1343 family	0	0	0.7828	1	FP	0	0.7305	1	FP	0	0.3005	0	absent
COG3877	K	Predicted DNA-binding transcriptional regulator with XRE-family HTH domain, DUF2089 family	0	0	0.0290	0	absent	0	0.0061	0	absent	0	0.1282	0	absent
COG3878	S	Uncharacterized conserved protein YwqG, DUF1963 family	0	0	0.1239	0	absent	0	0.0222	0	absent	0	0.0365	0	absent
COG3879	S	Uncharacterized conserved protein YlxW, UPF0749 family	0	0	0.0006	0	absent	0	0.0002	0	absent	0	0.0017	0	absent
COG3880	O	Protein-arginine kinase activator protein McsA	0	0	0.0352	0	absent	0	0.0499	0	absent	0	0.0275	0	absent
COG3881	S	Uncharacterized conserved protein YrrD, contains PRC-barrel domain	0	0	0.0009	0	absent	0	0.0011	0	absent	0	0.0006	0	absent
COG3882	I	Predicted enzyme involved in methoxymalonyl-ACP biosynthesis	0	0	0.0374	0	absent	0	0.0378	0	absent	0	0.0085	0	absent
COG3883	S	Uncharacterized N-terminal coiled-coil domain of peptidoglycan hydrolase CwlO	0	0	0.0010	0	absent	0	0.0017	0	absent	0	0.0053	0	absent
COG3884	I	Acyl-ACP thioesterase	0	0	0.7789	1	FP	0	0.1947	0	absent	0	0.3155	0	absent
COG3885	Q	Aromatic ring-opening dioxygenase, LigB subunit	0	0	0.0013	0	absent	0	0.0009	0	absent	0	0.0021	0	absent
COG3886	L	HKD family nuclease	0	0	0.0262	0	absent	0	0.0372	0	absent	0	0.0297	0	absent
COG3887	T	Cyclic di-AMP phosphodiesterase GdpP, contains GGDEF-like and DHH domains	0	0	0.0000	0	absent	0	0.0000	0	absent	1	0.0003	0	absent
COG3888	K	Predicted transcriptional regulator	0	0	0.0000	0	absent	0	0.0000	0	absent	0	0.0000	0	absent
COG3889	R	Extracellular solute-binding protein, contains Ig-fold domain	0	0	0.0010	0	absent	0	0.0005	0	absent	0	0.0003	0	absent
COG3890	I	Phosphomevalonate kinase	0	0	0.0000	0	absent	0	0.0000	0	absent	0	0.0000	0	absent
COG3892	G	Myo-inositol catabolism protein LolC	0	0	0.0003	0	absent	0	0.0003	0	absent	0	0.0001	0	absent
COG3893	L	Inactivated superfamily I helicase	0	0	0.0037	0	absent	0	0.0018	0	absent	0	0.0004	0	absent
COG3894	S	Uncharacterized 2Fe-2S and 4Fe-4S clusters-containing protein, contains DUF4445 domain	0	0	0.0005	0	absent	0	0.0110	0	absent	0	0.0015	0	absent
COG3895	M	Membrane-bound inhibitor of C-type lysozyme	1	1	0.5202	1	kept	1	0.1777	0	gap	0	0.0145	0	gap
COG3896	V	Chloramphenicol 3-O-phosphotransferase	0	0	0.0013	0	absent	0	0.0007	0	absent	0	0.0050	0	absent
COG3897	O	Protein N-terminal and lysine N-methylase, NNT1/EFM7 family	0	0	0.1322	0	absent	0	0.2944	0	absent	0	0.1170	0	absent
COG3898	S	Uncharacterized protein HemY, contains HemY_N domain and TPR repeats (unrelated to HemY-type protoporphyrinogen oxidase)	0	0	0.0023	0	absent	0	0.0014	0	absent	0	0.0002	0	absent
COG3899	R	Predicted ATPase	0	0	0.0017	0	absent	0	0.0040	0	absent	0	0.0038	0	absent
COG3900	S	Predicted periplasmic protein	0	0	0.0347	0	absent	0	0.0137	0	absent	0	0.0045	0	absent
COG3901	K	Transcriptional regulator NosR of nitric oxide reductase	0	0	0.0002	0	absent	0	0.0002	0	absent	0	0.0000	0	absent
COG3903	R	Predicted ATPase	0	0	0.0303	0	absent	0	0.0216	0	absent	0	0.0418	0	absent
COG3904	S	Predicted periplasmic protein	0	0	0.0133	0	absent	0	0.0214	0	absent	0	0.0057	0	absent
COG3905	K	Predicted transcriptional regulator, contains ribbon-helix-helix (RHH_1) domain	1	0	0.0096	0	gap	1	0.4499	0	gap	0	0.0181	0	gap
COG3906	S	Uncharacterized conserved protein YrzB, UPF0473 family	0	0	0.0001	0	absent	0	0.0001	0	absent	0	0.0001	0	absent
COG3907	R	Membrane-associated enzyme, PAP2 (acid phosphatase) superfamily	0	0	0.0289	0	absent	0	0.0419	0	absent	0	0.0127	0	absent
COG3908	S	Uncharacterized conserved protein, DUF2093 domain	0	0	0.0000	0	absent	0	0.0000	0	absent	0	0.0000	0	absent
COG3909	C	Cytochrome c556	0	0	0.0038	0	absent	0	0.1555	0	absent	0	0.0089	0	absent
COG3910	R	Predicted ATPase	0	0	0.0397	0	absent	0	0.0305	0	absent	0	0.1045	0	absent
COG3911	R	Predicted ATPase	0	0	0.0175	0	absent	0	0.0140	0	absent	0	0.0130	0	absent
COG3913	TU	Regulator of T6SS expression TagF, TagF/ImpM/SciT family (unrelated to teichoic acid polymerase TagF of B.subtilis, COG1887)	0	0	0.0985	0	absent	0	0.1445	0	absent	0	0.0005	0	absent
COG3914	O	Predicted O-linked N-acetylglucosamine transferase, SPINDLY family	0	0	0.0374	0	absent	0	0.0265	0	absent	0	0.0185	0	absent
COG3915	S	Uncharacterized conserved protein	0	0	0.0127	0	absent	0	0.0143	0	absent	0	0.0069	0	absent
COG3916	T	N-acyl-homoserine lactone synthase LasI (autoinducer biosynthesis)	0	0	0.0119	0	absent	0	0.0538	0	absent	0	0.0132	0	absent
COG3917	Q	2-hydroxychromene-2-carboxylate isomerase	0	0	0.0298	0	absent	0	0.0350	0	absent	0	0.0040	0	absent
COG3918	S	Uncharacterized membrane protein	0	0	0.0045	0	absent	0	0.0088	0	absent	0	0.0005	0	absent
COG3919	R	Predicted ATP-dependent carboligase, ATP-grasp superfamily	0	0	0.0403	0	absent	0	0.2928	0	absent	0	0.0740	0	absent
COG3920	T	Two-component sensor histidine kinase, HisKA and HATPase domains	0	0	0.9412	1	FP	0	0.8946	1	FP	0	0.3076	0	absent
COG3921	S	Uncharacterized conserved protein, contains Extensin-like_C domain	0	0	0.0092	0	absent	0	0.0217	0	absent	0	0.0311	0	absent
COG3923	L	Primosomal replication protein N''	1	0	0.0000	0	gap	1	0.0000	0	gap	0	0.0000	0	gap
COG3924	S	Uncharacterized membrane protein YhdT	1	1	0.3665	0	gap	1	0.4897	0	gap	1	0.1494	0	gap
COG3926	R	Lysozyme family protein	0	0	0.1742	0	absent	0	0.1473	0	absent	0	0.0349	0	absent
COG3930	S	Uncharacterized conserved protein, DUF1704 domain	0	0	0.0005	0	absent	0	0.0193	0	absent	0	0.0107	0	absent
COG3931	E	Predicted N-formylglutamate amidohydrolase	0	0	0.0036	0	absent	0	0.1764	0	absent	0	0.0168	0	absent
COG3932	M	Exopolysaccharide synthesis protein ExoD	0	0	0.0066	0	absent	0	0.0302	0	absent	0	0.0251	0	absent
COG3933	K	Transcriptional regulatory protein LevR, contains PRD, AAA+ and EIIA domains	0	0	0.0000	0	absent	0	0.0000	0	absent	0	0.0000	0	absent
COG3934	G	Endo-1,4-beta-mannosidase	0	0	0.0430	0	absent	0	0.0373	0	absent	0	0.0848	0	absent
COG3935	L	DNA replication protein DnaD	0	0	0.0396	0	absent	0	0.0116	0	absent	0	0.0329	0	absent
COG3936	G	Membrane-bound acyltransferase YfiQ, involved in biofilm formation	0	0	0.0009	0	absent	0	0.0016	0	absent	0	0.0005	0	absent
COG3937	QT	Polyhydroxyalkanoate synthesis regulator phasin	0	0	0.3435	0	absent	0	0.1855	0	absent	0	0.0500	0	absent
COG3938	E	Proline racemase/hydroxyproline epimerase	0	0	0.2607	0	absent	0	0.4311	0	absent	0	0.0843	0	absent
COG3940	G	Beta-xylosidase, GH43 family	0	0	0.0113	0	absent	0	0.0110	0	absent	0	0.0098	0	absent
COG3941	X	Phage tail tape-measure protein, controls tail length	0	0	0.2743	0	absent	0	0.0877	0	absent	0	0.0795	0	absent
COG3942	M	Surface antigen	0	0	0.0387	0	absent	0	0.0386	0	absent	0	0.0235	0	absent
COG3943	S	Uncharacterized protein RhuM, Salmonella virulence factor	1	0	0.2295	0	gap	1	0.9481	1	kept	0	0.5301	1	recovered
COG3944	M	Capsular polysaccharide biosynthesis protein YveK	0	0	0.0006	0	absent	0	0.0039	0	absent	0	0.0026	0	absent
COG3945	R	Hemerythrin domain	0	0	0.0652	0	absent	0	0.0767	0	absent	0	0.1363	0	absent
COG3946	U	Type IV secretory pathway, VirJ component	0	0	0.1629	0	absent	0	0.0426	0	absent	0	0.0185	0	absent
COG3947	TK	Two-component response regulator, SAPR family, consists of REC, wHTH and BTAD domains	0	0	0.0277	0	absent	0	0.0167	0	absent	0	0.0078	0	absent
COG3948	X	Phage-related baseplate assembly protein	0	0	0.8926	1	FP	0	0.0592	0	absent	0	0.0449	0	absent
COG3949	S	Uncharacterized membrane protein YkvI	0	0	0.0044	0	absent	0	0.0059	0	absent	0	0.0106	0	absent
COG3950	R	Predicted ATP-binding protein involved in virulence	0	0	0.4428	0	absent	0	0.3628	0	absent	0	0.2517	0	absent
COG3951	N	Rod binding protein domain	0	0	0.3854	0	absent	0	0.4011	0	absent	0	0.3675	0	absent
COG3952	R	Uncharacterized N-terminal domain of lipid-A-disaccharide synthase	0	0	0.0032	0	absent	0	0.0372	0	absent	0	0.0163	0	absent
COG3953	X	SLT domain protein	0	0	0.0089	0	absent	0	0.0027	0	absent	0	0.0016	0	absent
COG3954	G	Phosphoribulokinase	1	1	0.0167	0	gap	0	0.0018	0	gap	0	0.0008	0	gap
COG3955	M	Uncharacterized conserved protein, DUF1919 family	0	0	0.0049	0	absent	0	0.0022	0	absent	0	0.0023	0	absent
COG3957	G	Phosphoketolase	0	0	0.0251	0	absent	0	0.0044	0	absent	0	0.0047	0	absent
COG3958	G	Transketolase, C-terminal subunit	0	0	0.4502	0	absent	0	0.1280	0	absent	0	0.0725	0	absent
COG3959	G	Transketolase, N-terminal subunit	0	0	0.5313	1	FP	0	0.1644	0	absent	0	0.0750	0	absent
COG3960	Q	Glyoxylate carboligase	1	1	0.4307	0	gap	0	0.0131	0	gap	1	0.0170	0	gap
COG3961	GHR	TPP-dependent 2-oxoacid decarboxylase, includes indolepyruvate decarboxylase	0	0	0.0820	0	absent	0	0.0191	0	absent	0	0.0112	0	absent
COG3962	G	TPP-dependent trihydroxycyclohexane-1,2-dione (THcHDO) dehydratase, myo-inositol metabolism	0	0	0.5670	1	FP	0	0.1268	0	absent	0	0.0420	0	absent
COG3963	I	Phosphatidylethanolamine N-methyltransferase	0	0	0.0309	0	absent	0	0.0361	0	absent	0	0.0187	0	absent
COG3964	R	Predicted amidohydrolase	0	0	0.1586	0	absent	0	0.1882	0	absent	0	0.0115	0	absent
COG3965	P	Predicted Co/Zn/Cd cation transporter, cation efflux family	0	0	0.0464	0	absent	0	0.2028	0	absent	0	0.3548	0	absent
COG3966	M	Poly-D-alanine transfer protein DltD, involved in esterification of teichoic acids	0	0	0.0080	0	absent	0	0.0026	0	absent	0	0.0007	0	absent
COG3967	MI	Short-chain dehydrogenase involved in D-alanine esterification of teichoic acids	0	0	0.4152	0	absent	0	0.1126	0	absent	0	0.0151	0	absent
COG3968	E	Glutamine synthetase type III	0	0	0.4628	0	absent	0	0.7143	1	FP	0	0.3351	0	absent
COG3969	R	Predicted phosphoadenosine phosphosulfate sulfurtransferase, contains C-terminal DUF3440 domain	1	1	0.1869	0	gap	0	0.0014	0	gap	0	0.0022	0	gap
COG3970	R	Fumarylacetoacetate (FAA) hydrolase family protein	0	0	0.0311	0	absent	0	0.0111	0	absent	0	0.0020	0	absent
COG3971	Q	2-keto-4-pentenoate hydratase	0	0	0.2341	0	absent	0	0.3950	0	absent	0	0.0879	0	absent
COG3972	L	Superfamily I DNA and RNA helicases	0	0	0.0209	0	absent	0	0.0310	0	absent	0	0.0115	0	absent
COG3973	L	DNA helicase IV	0	0	0.6994	1	FP	0	0.4597	0	absent	0	0.1525	0	absent
COG3975	R	Predicted metalloprotease, contains C-terminal PDZ domain	0	0	0.2047	0	absent	0	0.0220	0	absent	0	0.0121	0	absent
COG3976	R	Uncharacterized conserved protein, contains FMN-binding domain	0	0	0.0060	0	absent	0	0.0071	0	absent	0	0.0030	0	absent
COG3977	E	Alanine-alpha-ketoisovalerate (or valine-pyruvate) aminotransferase	1	1	0.5451	1	kept	1	0.5992	1	kept	1	0.4704	0	gap
COG3978	E	Acetolactate synthase small subunit, contains ACT domain	1	1	0.0180	0	gap	0	0.0004	0	gap	1	0.0021	0	gap
COG3979	G	Chitodextrinase	1	0	0.1388	0	gap	0	0.1235	0	gap	0	0.0364	0	gap
COG3980	M	Spore coat polysaccharide biosynthesis protein SpsG, predicted glycosyltransferase	0	0	0.1158	0	absent	0	0.0863	0	absent	0	0.0346	0	absent
COG3981	R	Predicted acetyltransferase	0	0	0.0338	0	absent	0	0.0308	0	absent	0	0.0318	0	absent
COG4002	R	Predicted methyltransferase MtxX, methanogen marker protein 4	0	0	0.0000	0	absent	0	0.0000	0	absent	0	0.0000	0	absent
COG4003	S	Uncharacterized conserved protein, DUF2095 family	0	0	0.0000	0	absent	0	0.0000	0	absent	0	0.0000	0	absent
COG4004	S	Uncharacterized protein, contains DUF5611 domain	0	0	0.0000	0	absent	0	0.0000	0	absent	0	0.0000	0	absent
COG4006	V	CRISPR-Cas system-associated protein Csm6, contains CARF domain	0	0	0.0056	0	absent	0	0.0079	0	absent	0	0.0034	0	absent
COG4007	R	Predicted dehydrogenase related to H2-forming N5,N10-methylenetetrahydromethanopterin dehydrogenase	0	0	0.0000	0	absent	0	0.0000	0	absent	0	0.0000	0	absent
COG4008	K	Predicted metal-binding transcription factor, methanogenesis marker domain 9	0	0	0.0000	0	absent	0	0.0000	0	absent	0	0.0000	0	absent
COG4009	S	Uncharacterized conserved protein, DUF749 domain	0	0	0.0000	0	absent	0	0.0000	0	absent	0	0.0000	0	absent
COG4010	S	Uncharacterized conserved protein, DUF2096 domain	0	0	0.0000	0	absent	0	0.0000	0	absent	0	0.0000	0	absent
COG4012	R	Uncharacterized protein, DUF1786 family, actin-like ATPase superfamily	0	0	0.0003	0	absent	0	0.0006	0	absent	0	0.0008	0	absent
COG4013	S	Uncharacterized conserved protein, DUF2097 domain	0	0	0.0000	0	absent	0	0.0000	0	absent	0	0.0000	0	absent
COG4014	S	Uncharacterized protein MTH814, DUF2098 family	0	0	0.0000	0	absent	0	0.0000	0	absent	0	0.0000	0	absent
COG4015	R	Predicted dinucleotide-utilizing enzyme of the ThiF/HesA family	0	0	0.0000	0	absent	0	0.0000	0	absent	0	0.0000	0	absent
COG4016	H	Iron-guanylylpyridinol (FeGP) cofactor biosynthesis protein HcgF, CinA family	0	0	0.0000	0	absent	0	0.0000	0	absent	0	0.0000	0	absent
COG4017	H	Iron-guanylylpyridinol (FeGP) cofactor biosynthesis protein, methyltransferase HcgC	0	0	0.0000	0	absent	0	0.0000	0	absent	0	0.0000	0	absent
COG4018	H	Iron-guanylylpyridinol (FeGP) cofactor biosynthesis protein, fibrillarin family	0	0	0.0000	0	absent	0	0.0000	0	absent	0	0.0000	0	absent
COG4019	H	Iron-guanylylpyridinol (FeGP) cofactor biosynthesis protein HcgB, guanylyltransferase	0	0	0.0000	0	absent	0	0.0000	0	absent	0	0.0000	0	absent
COG4020	R	Predicted ATPase/kinase of ASKHA (acetate and sugar kinases, HSC70, actin) superfamily	0	0	0.0000	0	absent	0	0.0000	0	absent	0	0.0000	0	absent
COG4021	J	tRNA(His) 5'-end guanylyltransferase	0	0	0.0317	0	absent	0	0.0112	0	absent	0	0.0053	0	absent
COG4022	S	Uncharacterized conserved protein, DUF2099 domain	0	0	0.0001	0	absent	0	0.0001	0	absent	0	0.0001	0	absent
COG4023	U	Preprotein translocase subunit SecG (Sec61beta)	0	0	0.0000	0	absent	0	0.0000	0	absent	0	0.0000	0	absent
COG4024	S	Uncharacterized conserved protein, DUF2100 domain	0	0	0.0000	0	absent	0	0.0000	0	absent	0	0.0000	0	absent
COG4025	R	Uncharacterized conserved protein MTH423, predicted component of type IV pili-like system, DUF2101 family	0	0	0.0000	0	absent	0	0.0000	0	absent	0	0.0000	0	absent
COG4026	R	Uncharacterized conserved protein, contains TOPRIM domain, potential nuclease	0	0	0.0000	0	absent	0	0.0000	0	absent	0	0.0000	0	absent
COG4028	R	Predicted P-loop ATPase/GTPase	0	0	0.0000	0	absent	0	0.0000	0	absent	0	0.0000	0	absent
COG4029	S	Uncharacterized conserved protein MJ0498	0	0	0.0000	0	absent	0	0.0000	0	absent	0	0.0000	0	absent
COG4030	R	Predicted phosphohydrolase, HAD superfamily	0	0	0.0054	0	absent	0	0.0056	0	absent	0	0.0053	0	absent
COG4031	S	Uncharacterized metal-binding protein, DUF2103 family	0	0	0.0003	0	absent	0	0.0003	0	absent	0	0.0003	0	absent
COG4032	H	Sulfopyruvate decarboxylase, TPP-binding subunit (coenzyme M biosynthesis)	0	0	0.0056	0	absent	0	0.0138	0	absent	0	0.0032	0	absent
COG4033	S	Uncharacterized conserved protein MJ0453	0	0	0.0000	0	absent	0	0.0000	0	absent	0	0.0000	0	absent
COG4034	S	Uncharacterized conserved protein, DUF1152 domain	0	0	0.0031	0	absent	0	0.0013	0	absent	0	0.0005	0	absent
COG4035	C	Energy-converting hydrogenase Eha subunit L	0	0	0.0000	0	absent	0	0.0000	0	absent	0	0.0000	0	absent
COG4036	C	Energy-converting hydrogenase Eha subunit G	0	0	0.0000	0	absent	0	0.0000	0	absent	0	0.0000	0	absent
COG4037	C	Energy-converting hydrogenase Eha subunit F	0	0	0.0000	0	absent	0	0.0000	0	absent	0	0.0000	0	absent
COG4038	C	Energy-converting hydrogenase Eha subunit E	0	0	0.0000	0	absent	0	0.0000	0	absent	0	0.0000	0	absent
COG4039	C	Energy-converting hydrogenase Eha subunit D	0	0	0.0000	0	absent	0	0.0000	0	absent	0	0.0000	0	absent
COG4040	C	Energy-converting hydrogenase Eha subunit C	0	0	0.0000	0	absent	0	0.0000	0	absent	0	0.0000	0	absent
COG4041	C	Energy-converting hydrogenase Eha subunit B	0	0	0.0000	0	absent	0	0.0000	0	absent	0	0.0000	0	absent
COG4042	C	Energy-converting hydrogenase Eha subunit A	0	0	0.0000	0	absent	0	0.0000	0	absent	0	0.0000	0	absent
COG4043	R	ASC-1 homology (ASCH) domain, predicted RNA-binding domain	0	0	0.0001	0	absent	0	0.0002	0	absent	0	0.0006	0	absent
COG4044	S	Uncharacterized conserved protein, DUF2110 domain	0	0	0.0002	0	absent	0	0.0000	0	absent	0	0.0001	0	absent
COG4046	S	Uncharacterized protein, contains DUF1512 domain	0	0	0.0000	0	absent	0	0.0000	0	absent	0	0.0000	0	absent
COG4047	L	N-glycosylase/DNA lyase (8-oxoguanine DNA glycosylase)	1	0	0.0003	0	gap	0	0.0001	0	gap	0	0.0003	0	gap
COG4048	S	Uncharacterized conserved protein, DUF2111 domain	0	0	0.0001	0	absent	0	0.0000	0	absent	0	0.0000	0	absent
COG4049	R	Uncharacterized conserved protein, contains archaeal-type C2H2 Zn-finger	0	0	0.0000	0	absent	0	0.0000	0	absent	0	0.0000	0	absent
COG4050	S	Uncharacterized conserved protein, DUF2112 domain	0	0	0.0000	0	absent	0	0.0000	0	absent	0	0.0000	0	absent
COG4051	S	Uncharacterized conserved protein MJ0802, methanogenesis marker protein 17, contains DUF2113 domain	0	0	0.0000	0	absent	0	0.0000	0	absent	0	0.0000	0	absent
COG4052	R	Uncharacterized conserved protein related to methyl-CoM reductase subunit C, methanogenesis marker protein 7	0	0	0.0000	0	absent	0	0.0000	0	absent	0	0.0000	0	absent
COG4053	S	Uncharacterized conserved protein	0	0	0.0000	0	absent	0	0.0000	0	absent	0	0.0000	0	absent
COG4054	H	Methyl coenzyme M reductase, beta subunit	0	0	0.0000	0	absent	0	0.0000	0	absent	0	0.0000	0	absent
COG4055	H	Methyl coenzyme M reductase, subunit D	0	0	0.0000	0	absent	0	0.0000	0	absent	0	0.0000	0	absent
COG4056	H	Methyl coenzyme M reductase, subunit C	0	0	0.0000	0	absent	0	0.0000	0	absent	0	0.0000	0	absent
COG4057	H	Methyl coenzyme M reductase, gamma subunit	0	0	0.0000	0	absent	0	0.0000	0	absent	0	0.0000	0	absent
COG4058	H	Methyl coenzyme M reductase, alpha subunit	0	0	0.0000	0	absent	0	0.0000	0	absent	0	0.0000	0	absent
COG4059	H	Tetrahydromethanopterin S-methyltransferase, subunit E	0	0	0.0000	0	absent	0	0.0000	0	absent	0	0.0000	0	absent
COG4060	H	Tetrahydromethanopterin S-methyltransferase, subunit D	0	0	0.0000	0	absent	0	0.0000	0	absent	0	0.0000	0	absent
COG4061	H	Tetrahydromethanopterin S-methyltransferase, subunit C	0	0	0.0000	0	absent	0	0.0000	0	absent	0	0.0000	0	absent
COG4062	H	Tetrahydromethanopterin S-methyltransferase, subunit B	0	0	0.0000	0	absent	0	0.0000	0	absent	0	0.0000	0	absent
COG4063	H	Tetrahydromethanopterin S-methyltransferase, subunit A	0	0	0.0007	0	absent	0	0.0010	0	absent	0	0.0014	0	absent
COG4064	H	Tetrahydromethanopterin S-methyltransferase, subunit G	0	0	0.0000	0	absent	0	0.0000	0	absent	0	0.0000	0	absent
COG4065	S	Uncharacterized conserved protein MJ1451	0	0	0.0000	0	absent	0	0.0000	0	absent	0	0.0000	0	absent
COG4066	S	Uncharacterized conserved protein MTH_811, UPF0305 family	0	0	0.0000	0	absent	0	0.0000	0	absent	0	0.0000	0	absent
COG4067	S	Uncharacterized conserved protein	0	0	0.0255	0	absent	0	0.8282	1	FP	0	0.3787	0	absent
COG4068	R	Predicted nucleic acid-binding protein, contains Zn-ribbon domain	0	0	0.0000	0	absent	0	0.0000	0	absent	0	0.0000	0	absent
COG4069	S	Uncharacterized conserved protein, DUF2117 domain	0	0	0.0002	0	absent	0	0.0002	0	absent	0	0.0002	0	absent
COG4070	R	Cyclophilin family protein MJ1412, methanogenesis marker protein 3	0	0	0.0000	0	absent	0	0.0000	0	absent	0	0.0000	0	absent
COG4071	R	Gamma-glutamyl ligase family protein MJ1361	0	0	0.0001	0	absent	0	0.0000	0	absent	0	0.0001	0	absent
COG4072	S	Uncharacterized conserved protein, DUF2118 domain	0	0	0.0000	0	absent	0	0.0000	0	absent	0	0.0000	0	absent
COG4073	S	Uncharacterized conserved protein MJ0501	0	0	0.0000	0	absent	0	0.0000	0	absent	0	0.0000	0	absent
COG4075	S	Uncharacterized conserved protein MJ1244, distantly related to nitrogen regulatory protein PII	0	0	0.0000	0	absent	0	0.0000	0	absent	0	0.0000	0	absent
COG4076	R	Predicted RNA methylase	0	0	0.0192	0	absent	0	0.0208	0	absent	0	0.0046	0	absent
COG4077	S	Uncharacterized conserved protein MJ0491	0	0	0.0000	0	absent	0	0.0000	0	absent	0	0.0000	0	absent
COG4078	C	Energy-converting hydrogenase Eha subunit H	0	0	0.0000	0	absent	0	0.0000	0	absent	0	0.0000	0	absent
COG4079	S	Uncharacterized conserved protein, DUF2121 domain	0	0	0.0000	0	absent	0	0.0000	0	absent	0	0.0000	0	absent
COG4080	J	SpoU rRNA methylase family enzyme	0	0	0.0000	0	absent	0	0.0000	0	absent	0	0.0000	0	absent
COG4081	S	Uncharacterized conserved protein MJ0452	0	0	0.0000	0	absent	0	0.0000	0	absent	0	0.0000	0	absent
COG4083	U	Exosortase/Archaeosortase	0	0	0.0005	0	absent	0	0.0003	0	absent	0	0.0007	0	absent
COG4084	C	Energy-converting hydrogenase A subunit M	0	0	0.0000	0	absent	0	0.0000	0	absent	0	0.0000	0	absent
COG4085	A	DNA/RNA endonuclease YhcR, contains UshA esterase domain	0	0	0.0069	0	absent	0	0.0033	0	absent	0	0.0064	0	absent
COG4086	S	Uncharacterized conserved protein YpuA, DUF1002 family	0	0	0.0000	0	absent	0	0.0000	0	absent	0	0.0001	0	absent
COG4087	R	Soluble P-type ATPase	0	0	0.0062	0	absent	0	0.0140	0	absent	0	0.0115	0	absent
COG4088	JV	tRNA uridine 5-carbamoylmethylation protein Kti12 (Killer toxin insensitivity protein)	0	0	0.0011	0	absent	0	0.0010	0	absent	0	0.0040	0	absent
COG4089	S	Uncharacterized membrane protein	0	0	0.0011	0	absent	0	0.0005	0	absent	0	0.0001	0	absent
COG4090	S	Uncharacterized conserved protein MTH_862	0	0	0.0000	0	absent	0	0.0000	0	absent	0	0.0000	0	absent
COG4091	E	Predicted homoserine dehydrogenase, contains C-terminal SAF domain	0	0	0.1457	0	absent	0	0.1923	0	absent	0	0.0288	0	absent
COG4092	M	Predicted glycosyltransferase involved in capsule biosynthesis	0	0	0.0006	0	absent	0	0.0002	0	absent	0	0.0001	0	absent
COG4093	S	Uncharacterized conserved protein, DUF2125 domain	0	0	0.0000	0	absent	0	0.0000	0	absent	0	0.0000	0	absent
COG4094	S	Uncharacterized membrane protein	0	0	0.0040	0	absent	0	0.0132	0	absent	0	0.0012	0	absent
COG4095	G	Sugar transporter, SemiSWEET family, contains PQ motif	1	0	0.3573	0	gap	1	0.7170	1	kept	0	0.0865	0	gap
COG4096	V	Type I site-specific restriction endonuclease, part of a restriction-modification system	0	0	0.1723	0	absent	0	0.4308	0	absent	0	0.3040	0	absent
COG4097	P	Predicted ferric reductase	0	0	0.4986	0	absent	0	0.4713	0	absent	0	0.4573	0	absent
COG4098	L	Superfamily II DNA/RNA helicase required for DNA uptake (late competence protein)	0	0	0.0028	0	absent	0	0.0004	0	absent	0	0.0004	0	absent
COG4099	R	Predicted peptidase	0	0	0.3552	0	absent	0	0.1973	0	absent	0	0.1299	0	absent
COG4100	PR	Cystathionine beta-lyase family protein involved in aluminum resistance	0	0	0.0000	0	absent	0	0.0000	0	absent	0	0.0000	0	absent
COG4101	R	Uncharacterized conserved protein, RmlC-like cupin domain	0	0	0.0112	0	absent	0	0.0245	0	absent	0	0.0068	0	absent
COG4102	S	Uncharacterized conserved protein, DUF1501 family	0	0	0.0918	0	absent	0	0.0632	0	absent	0	0.0089	0	absent
COG4103	P	Tellurite resistance protein TerB	0	0	0.1082	0	absent	0	0.4827	0	absent	0	0.0416	0	absent
COG4104	U	Zn-binding Pro-Ala-Ala-Arg (PAAR) domain, involved in Type VI secretion	1	1	0.9967	1	kept	0	0.8641	1	recovered	0	0.1063	0	gap
COG4105	M	Outer membrane protein assembly factor BamD, BamD/ComL family	1	1	0.9982	1	kept	0	0.9699	1	recovered	0	0.6450	1	recovered
COG4106	C	Trans-aconitate methyltransferase	1	0	0.7761	1	recovered	0	0.7355	1	recovered	0	0.7193	1	recovered
COG4107	P	ABC-type phosphonate transport system, ATPase component PhnK	1	0	0.3610	0	gap	0	0.9011	1	recovered	0	0.0518	0	gap
COG4108	J	Peptide chain release factor RF-3	1	1	0.9998	1	kept	0	0.9925	1	recovered	0	0.9812	1	recovered
COG4109	K	Predicted transcriptional regulator containing CBS domains	0	0	0.0137	0	absent	0	0.0175	0	absent	0	0.0388	0	absent
COG4110	V	Tellurium resistance protein TerA/TerD	0	0	0.0128	0	absent	0	0.0039	0	absent	0	0.0085	0	absent
COG4111	S	Uncharacterized conserved protein	0	0	0.0253	0	absent	0	0.0265	0	absent	0	0.0142	0	absent
COG4112	R	Predicted phosphoesterase YmaB, NUDIX family	0	0	0.0003	0	absent	0	0.0029	0	absent	0	0.0055	0	absent
COG4113	V	RNA interferase (RNase) VapC, contains PIN domain	0	0	0.0012	0	absent	0	0.0102	0	absent	0	0.0047	0	absent
COG4114	P	Ferric iron reductase protein FhuF, involved in iron transport	1	1	0.1389	0	gap	0	0.0007	0	gap	0	0.0003	0	gap
COG4115	V	Toxin component of the Txe-Axe toxin-antitoxin module, Txe/YoeB family	1	1	0.8884	1	kept	1	0.8850	1	kept	0	0.3063	0	gap
COG4116	R	Predicted triphosphatase or cyclase YjbK, contains CYTH domain	0	0	0.0005	0	absent	0	0.0003	0	absent	0	0.0002	0	absent
COG4117	P	Thiosulfate reductase cytochrome b subunit	1	1	0.7331	1	kept	1	0.9313	1	kept	0	0.0861	0	gap
COG4118	V	Antitoxin component of toxin-antitoxin stability system, DNA-binding transcriptional repressor	0	0	0.0078	0	absent	0	0.0797	0	absent	0	0.0095	0	absent
COG4119	FR	Predicted NTP pyrophosphohydrolase, NUDIX family	0	0	0.0177	0	absent	0	0.0153	0	absent	0	0.0134	0	absent
COG4120	R	ABC-type uncharacterized transport system, permease component	0	0	0.1958	0	absent	0	0.3548	0	absent	0	0.8060	1	FP
COG4121	J	tRNA U34 5-methylaminomethyl-2-thiouridine-forming methyltransferase MnmC	0	0	0.0105	0	absent	0	0.0274	0	absent	0	0.4041	0	absent
COG4122	J	tRNA 5-hydroxyU34 O-methylase TrmR/YrrM	0	0	0.9715	1	FP	0	0.8993	1	FP	0	0.9036	1	FP
COG4123	J	tRNA1(Val) A37 N6-methylase TrmN6	1	0	0.9565	1	recovered	1	0.9984	1	kept	0	0.5836	1	recovered
COG4124	G	Beta-mannanase	0	0	0.0084	0	absent	0	0.0123	0	absent	0	0.0107	0	absent
COG4125	S	Uncharacterized membrane protein	0	0	0.0446	0	absent	0	0.1223	0	absent	0	0.1050	0	absent
COG4126	E	Asp/Glu/hydantoin racemase	1	0	0.6868	1	recovered	1	0.9509	1	kept	0	0.0613	0	gap
COG4127	R	Predicted restriction endonuclease, Mrr-cat superfamily	0	0	0.0269	0	absent	0	0.0276	0	absent	0	0.0251	0	absent
COG4128	R	Zona occludens toxin, predicted ATPase	0	0	0.0139	0	absent	0	0.0219	0	absent	0	0.0025	0	absent
COG4129	S	Uncharacterized membrane protein YgaE, UPF0421/DUF939 family	0	0	0.3079	0	absent	0	0.0249	0	absent	0	0.5375	1	FP
COG4130	G	Predicted sugar epimerase, xylose isomerase-like family	0	0	0.0017	0	absent	0	0.0016	0	absent	0	0.0003	0	absent
COG4132	R	ABC-type uncharacterized transport system, permease component	0	0	0.3496	0	absent	0	0.2286	0	absent	0	0.0517	0	absent
COG4133	O	ABC-type transport system involved in cytochrome c biogenesis, ATPase component	1	1	0.0168	0	gap	0	0.0008	0	gap	0	0.0006	0	gap
COG4134	R	ABC-type uncharacterized transport system YnjBCD, periplasmic component	1	1	0.6942	1	kept	1	0.9504	1	kept	0	0.0514	0	gap
COG4135	R	ABC-type uncharacterized transport system YnjBCD, permease component	1	1	0.2121	0	gap	1	0.2869	0	gap	0	0.0056	0	gap
COG4136	R	ABC-type uncharacterized transport system YnjBCD, ATPase component	1	0	0.0089	0	gap	0	0.0221	0	gap	0	0.0020	0	gap
COG4137	R	ABC-type uncharacterized transport system, permease component	1	0	0.0025	0	gap	0	0.0005	0	gap	0	0.0003	0	gap
COG4138	H	ABC-type cobalamin transport system, ATPase component BtuD	1	0	0.0000	0	gap	0	0.0000	0	gap	0	0.0000	0	gap
COG4139	H	ABC-type cobalamin transport system, permease component BtuC	1	1	0.0000	0	gap	1	0.0000	0	gap	0	0.0000	0	gap
COG4143	H	ABC-type thiamine transport system, periplasmic component TbpA	1	0	0.0679	0	gap	1	0.6954	1	kept	0	0.8818	1	recovered
COG4145	H	Na+/panthothenate symporter	1	0	0.0055	0	gap	1	0.5283	1	kept	0	0.0215	0	gap
COG4146	R	Uncharacterized membrane permease YidK, sodium:solute symporter family	1	0	0.0487	0	gap	1	0.8029	1	kept	0	0.0297	0	gap
COG4147	C	Na+(or H+)/acetate symporter ActP	1	0	0.7709	1	recovered	1	0.9837	1	kept	0	0.5512	1	recovered
COG4148	P	ABC-type molybdate transport system, ATPase component ModC	1	1	0.9565	1	kept	0	0.8501	1	recovered	1	0.7982	1	kept
COG4149	P	ABC-type molybdate transport system, permease component ModB	1	0	0.9959	1	recovered	0	0.9896	1	recovered	0	0.9327	1	recovered
COG4150	P	ABC-type sulfate transport system, periplasmic component	1	0	0.0001	0	gap	1	0.0025	0	gap	0	0.0000	0	gap
COG4152	R	ABC-type uncharacterized transport system, ATPase component	0	0	0.0035	0	absent	0	0.0016	0	absent	0	0.0216	0	absent
COG4154	G	L-fucose mutarotase/ribose pyranase, RbsD/FucU family	1	0	0.0237	0	gap	0	0.0510	0	gap	1	0.4025	0	gap
COG4158	R	Predicted ABC-type sugar transport system, permease component	0	0	0.1052	0	absent	0	0.0614	0	absent	0	0.0132	0	absent
COG4160	E	ABC-type arginine/histidine transport system, permease component	1	1	0.2065	0	gap	1	0.4693	0	gap	0	0.0089	0	gap
COG4166	E	ABC-type oligopeptide transport system, periplasmic component	1	1	0.9976	1	kept	1	0.9860	1	kept	0	0.9153	1	recovered
COG4168	V	ABC-type antimicrobial peptide export system, permease component SapB	1	1	0.0000	0	gap	0	0.0000	0	gap	0	0.0000	0	gap
COG4171	V	ABC-type antimicrobial peptide export system, permease component SapC	1	0	0.0000	0	gap	1	0.0000	0	gap	0	0.0000	0	gap
COG4174	Q	ABC-type microcin C transport system, permease component YejB	1	1	0.6255	1	kept	0	0.7972	1	recovered	1	0.9785	1	kept
COG4175	E	ABC-type proline/glycine betaine transport system, ATPase component	1	0	0.6850	1	recovered	1	0.9857	1	kept	0	0.9650	1	recovered
COG4176	E	ABC-type proline/glycine betaine transport system, permease component	1	0	0.7797	1	recovered	1	0.9979	1	kept	0	0.9873	1	recovered
COG4177	E	ABC-type branched-chain amino acid transport system, permease component	1	1	0.9998	1	kept	1	0.9997	1	kept	0	0.9181	1	recovered
COG4178	R	ABC-type uncharacterized transport system, permease and ATPase components	1	1	0.4759	0	gap	0	0.0147	0	gap	0	0.0077	0	gap
COG4181	Q	Predicted ABC-type transport system involved in lysophospholipase L1 biosynthesis, ATPase component	1	1	0.4959	0	gap	0	0.7159	1	recovered	0	0.0705	0	gap
COG4185	R	Predicted ABC-type ATPase or kinase	0	0	0.2396	0	absent	0	0.2668	0	absent	0	0.0774	0	absent
COG4186	R	Uncharacterized conserved protein MJ1445, calcineurin-like phosphoesterase superfamily	0	0	0.0111	0	absent	0	0.0038	0	absent	0	0.0224	0	absent
COG4187	E	Arginine utilization protein RocB	0	0	0.0206	0	absent	0	0.0138	0	absent	0	0.0039	0	absent
COG4188	R	Predicted dienelactone hydrolase	0	0	0.4175	0	absent	0	0.3242	0	absent	0	0.2253	0	absent
COG4189	K	Predicted transcriptional regulator, ArsR family	0	0	0.0007	0	absent	0	0.0012	0	absent	0	0.0008	0	absent
COG4190	K	Predicted transcriptional regulator, contains HTH domain	0	0	0.0017	0	absent	0	0.0184	0	absent	0	0.0057	0	absent
COG4191	T	Signal transduction histidine kinase regulating C4-dicarboxylate transport system	1	0	0.9999	1	recovered	1	1.0000	1	kept	1	0.9995	1	kept
COG4192	T	Signal transduction histidine kinase regulating phosphoglycerate transport system	1	1	0.1867	0	gap	0	0.0016	0	gap	0	0.0040	0	gap
COG4193	G	Beta- N-acetylglucosaminidase	0	0	0.0009	0	absent	0	0.0027	0	absent	0	0.0014	0	absent
COG4194	S	Uncharacterized membrane protein, DUF1648 family	0	0	0.0043	0	absent	0	0.0037	0	absent	0	0.0095	0	absent
COG4195	X	Phage-related replication protein YjqB, UPF0714/DUF867 family	0	0	0.0154	0	absent	0	0.0074	0	absent	0	0.0097	0	absent
COG4196	S	Uncharacterized conserved protein, DUF2126 family	0	0	0.0043	0	absent	0	0.0052	0	absent	0	0.0009	0	absent
COG4197	K	DNA-binding transcriptional regulator YdaS, prophage-encoded, Cro superfamily	1	1	0.1765	0	gap	0	0.0046	0	gap	0	0.0033	0	gap
COG4198	S	Uncharacterized conserved protein, DUF1015 family	0	0	0.0204	0	absent	0	0.0439	0	absent	0	0.0192	0	absent
COG4199	L	ssDNA-specific exonuclease RecJ	0	0	0.0000	0	absent	0	0.0000	0	absent	0	0.0000	0	absent
COG4200	V	Predicted lantabiotic-exporting membrane pepmease, EfiE/EfiG/ABC2 family	0	0	0.0091	0	absent	0	0.0063	0	absent	0	0.0146	0	absent
COG4206	H	Outer membrane cobalamin receptor protein BtuB	1	1	0.9994	1	kept	1	0.9972	1	kept	0	0.4442	0	gap
COG4208	P	ABC-type sulfate transport system, permease component	1	1	0.9979	1	kept	0	0.1281	0	gap	0	0.0143	0	gap
COG4209	G	ABC-type polysaccharide transport system, permease component	0	0	0.0008	0	absent	0	0.0005	0	absent	0	0.0009	0	absent
COG4211	G	ABC-type glucose/galactose transport system, permease component	1	1	0.6365	1	kept	0	0.0242	0	gap	0	0.0230	0	gap
COG4213	G	ABC-type xylose transport system, periplasmic component	1	1	0.9889	1	kept	1	0.9708	1	kept	0	0.1231	0	gap
COG4214	G	ABC-type xylose transport system, permease component	1	1	0.9812	1	kept	1	0.9668	1	kept	0	0.1135	0	gap
COG4215	E	ABC-type arginine transport system, permease component	1	1	0.1844	0	gap	0	0.0863	0	gap	0	0.0100	0	gap
COG4218	H	Tetrahydromethanopterin S-methyltransferase, subunit F	0	0	0.0000	0	absent	0	0.0000	0	absent	0	0.0000	0	absent
COG4219	T	Signal transducer regulating beta-lactamase production, contains metallopeptidase domain	0	0	0.0013	0	absent	0	0.0015	0	absent	0	0.0058	0	absent
COG4220	X	Phage DNA packaging protein, Nu1 subunit of terminase	1	1	0.7909	1	kept	0	0.0179	0	gap	0	0.0140	0	gap
COG4221	C	NADP-dependent 3-hydroxy acid dehydrogenase YdfG	1	1	0.9998	1	kept	0	0.9542	1	recovered	0	0.9600	1	recovered
COG4222	S	Uncharacterized conserved protein, contains a phytase-like domain	1	1	0.8861	1	kept	1	0.9775	1	kept	1	0.8897	1	kept
COG4223	S	Uncharacterized conserved protein	0	0	0.2664	0	absent	0	0.0601	0	absent	0	0.0144	0	absent
COG4224	S	Uncharacterized conserved protein YnzC, UPF0291/DUF896 family	0	1	0.0105	0	absent	0	0.0002	0	absent	1	0.0411	0	absent
COG4225	G	Rhamnogalacturonyl hydrolase YesR	0	0	0.5900	1	FP	0	0.5382	1	FP	1	0.5626	1	FP
COG4226	R	Predicted nuclease of the RNAse H fold, HicB family	0	0	0.0452	0	absent	0	0.3567	0	absent	0	0.1484	0	absent
COG4227	L	Antirestriction protein ArdC	0	0	0.1988	0	absent	0	0.4762	0	absent	0	0.0342	0	absent
COG4228	X	Mu-like prophage DNA circulation protein	0	0	0.0143	0	absent	0	0.0173	0	absent	0	0.0118	0	absent
COG4229	E	Enolase-phosphatase E1 involved in merthionine salvage	0	0	0.0099	0	absent	0	0.0042	0	absent	0	0.0077	0	absent
COG4230	E	Delta 1-pyrroline-5-carboxylate dehydrogenase	0	0	0.0000	0	absent	0	0.0000	0	absent	0	0.0000	0	absent
COG4231	C	TPP-dependent indolepyruvate ferredoxin oxidoreductase, alpha subunit	0	0	0.1067	0	absent	0	0.2138	0	absent	0	0.0428	0	absent
COG4232	O	Thiol:disulfide interchange protein DsbD	1	0	0.7582	1	recovered	0	0.8567	1	recovered	0	0.5003	1	recovered
COG4233	OC	Thiol-disulfide interchange protein, contains DsbC and DsbD domains	0	0	0.0008	0	absent	0	0.0010	0	absent	0	0.0005	0	absent
COG4235	CO	Cytochrome c-type biogenesis protein CcmH/NrfG	1	0	0.3194	0	gap	0	0.2569	0	gap	0	0.1047	0	gap
COG4237	C	Hydrogenase-4 membrane subunit HyfE	0	0	0.5437	1	FP	0	0.0603	0	absent	0	0.0266	0	absent
COG4238	M	Outer membrane murein-binding lipoprotein Lpp	1	0	0.0042	0	gap	0	0.0028	0	gap	0	0.0011	0	gap
COG4239	Q	ABC-type microcin C transport system, permease component YejE	1	0	0.1614	0	gap	1	0.9202	1	kept	0	0.8634	1	recovered
COG4240	R	Pantothenate kinase-related protein Tda10 (topoisomerase I damage affected protein)	0	0	0.0008	0	absent	0	0.0037	0	absent	0	0.0033	0	absent
COG4241	S	Uncharacterized conserved protein YybS, DUF2232 family	0	0	0.1265	0	absent	0	0.2749	0	absent	0	0.2087	0	absent
COG4242	QR	Cyanophycinase and related exopeptidases	0	0	0.0786	0	absent	0	0.1404	0	absent	0	0.0769	0	absent
COG4243	R	Vitamin K epoxide reductase (VKOR) family protein, predicted involvement in disulfide bond formation	0	0	0.0095	0	absent	0	0.0019	0	absent	0	0.0046	0	absent
COG4244	S	Uncharacterized membrane protein	0	0	0.1175	0	absent	0	0.2860	0	absent	0	0.0730	0	absent
COG4245	S	Uncharacterized conserved protein YegL, contains vWA domain of TerY type	1	1	0.9607	1	kept	1	0.5241	1	kept	0	0.0293	0	gap
COG4246	S	Uncharacterized conserved protein, contains a phytase-like domain	0	0	0.0039	0	absent	0	0.0044	0	absent	0	0.0022	0	absent
COG4247	I	3-phytase (myo-inositol-hexaphosphate 3-phosphohydrolase)	0	0	0.2586	0	absent	0	0.0867	0	absent	0	0.0807	0	absent
COG4248	R	Uncharacterized conserved protein YegI with protein kinase and helix-hairpin-helix DNA-binding domains	1	1	0.9533	1	kept	0	0.2818	0	gap	0	0.0350	0	gap
COG4249	R	Uncharacterized conserved protein, contains caspase domain	0	0	0.6998	1	FP	0	0.4481	0	absent	0	0.1543	0	absent
COG4250	T	DICT sensory domain found in diguanylate cyclases and two-component systems	0	0	0.0003	0	absent	0	0.0004	0	absent	0	0.0002	0	absent
COG4251	T	Bacteriophytochrome (light-regulated signal transduction histidine kinase)	0	0	0.8319	1	FP	0	0.8450	1	FP	0	0.5494	1	FP
COG4252	T	Extracytoplasmic sensor domain CHASE2 (specificity unknown)	0	0	0.0013	0	absent	0	0.0015	0	absent	0	0.0022	0	absent
COG4253	S	Uncharacterized conserved protein, DUF2345 family	0	0	0.0174	0	absent	0	0.0135	0	absent	0	0.0009	0	absent
COG4254	R	Uncharacterized peptidoglycan binding protein, contains LysM and FecR  domains	0	0	0.3786	0	absent	0	0.2216	0	absent	0	0.1589	0	absent
COG4255	S	Uncharacterized conserved protein	0	0	0.0000	0	absent	0	0.0000	0	absent	0	0.0000	0	absent
COG4256	H	Hemin uptake protein HemP	1	0	0.0015	0	gap	0	0.0028	0	gap	0	0.0005	0	gap
COG4257	V	Streptogramin lyase	0	0	0.0416	0	absent	0	0.0251	0	absent	0	0.0080	0	absent
COG4258	R	Predicted exporter	0	0	0.0721	0	absent	0	0.0490	0	absent	0	0.0605	0	absent
COG4259	S	Uncharacterized conserved protein, DUF4810 domain	0	0	0.0116	0	absent	0	0.0167	0	absent	0	0.0197	0	absent
COG4260	O	Membrane protease subunit, stomatin/prohibitin family, contains C-terminal Zn-ribbon domain	0	0	0.0900	0	absent	0	0.0382	0	absent	0	0.0634	0	absent
COG4261	R	Predicted acyltransferase, LPLAT superfamily	0	0	0.2698	0	absent	0	0.2031	0	absent	0	0.1330	0	absent
COG4262	R	Predicted spermidine synthase with an N-terminal membrane domain	0	0	0.0581	0	absent	0	0.3815	0	absent	0	0.0520	0	absent
COG4263	P	Nitrous oxide reductase	0	0	0.0049	0	absent	0	0.0046	0	absent	0	0.0034	0	absent
COG4264	P	Siderophore synthetase component IucA/IucC/SbnC	1	1	0.7283	1	kept	0	0.0598	0	gap	1	0.1451	0	gap
COG4266	F	Allantoicase	0	0	0.0333	0	absent	0	0.0117	0	absent	0	0.0066	0	absent
COG4267	S	Uncharacterized membrane protein	0	0	0.0020	0	absent	0	0.0088	0	absent	0	0.0037	0	absent
COG4268	V	5-methylcytosine-specific restriction endonuclease McrBC, regulatory subunit McrC	0	0	0.1380	0	absent	0	0.3172	0	absent	0	0.2946	0	absent
COG4269	S	Uncharacterized membrane protein YjgN, DUF898 family	1	0	0.2110	0	gap	0	0.3993	0	gap	0	0.1825	0	gap
COG4270	S	Uncharacterized membrane protein	0	0	0.2741	0	absent	0	0.0685	0	absent	0	0.0206	0	absent
COG4271	R	Predicted nucleotide-binding protein containing TIR -like domain	0	0	0.0892	0	absent	0	0.0940	0	absent	0	0.0275	0	absent
COG4272	S	Uncharacterized membrane protein	0	0	0.0503	0	absent	0	0.0009	0	absent	0	0.0110	0	absent
COG4273	S	Uncharacterized conserved protein, contains metal-binding DGC domain	0	0	0.0294	0	absent	0	0.0342	0	absent	0	0.0151	0	absent
COG4274	S	Uncharacterized conserved protein, contains GYD domain	0	0	0.0006	0	absent	0	0.0010	0	absent	0	0.0011	0	absent
COG4275	P	Chromate resistance protein ChrB1	0	0	0.0359	0	absent	0	0.0117	0	absent	0	0.0019	0	absent
COG4276	R	Ligand-binding SRPBCC domain	0	0	0.1838	0	absent	0	0.3002	0	absent	0	0.1116	0	absent
COG4277	R	Predicted DNA modification or repair protein, contains radical SAM and helix-hairpin-helix domains	0	0	0.0382	0	absent	0	0.3624	0	absent	0	0.6359	1	FP
COG4278	S	Uncharacterized conserved protein	0	0	0.0348	0	absent	0	0.0123	0	absent	0	0.0164	0	absent
COG4279	S	Uncharacterized protein, contains SWIM-type Zn finger domain	0	0	0.1515	0	absent	0	0.0349	0	absent	0	0.1187	0	absent
COG4280	S	Uncharacterized membrane protein	0	0	0.0007	0	absent	0	0.0003	0	absent	0	0.0000	0	absent
COG4281	I	Acyl-CoA-binding protein	0	0	0.0622	0	absent	0	0.0268	0	absent	0	0.0045	0	absent
COG4282	M	Cell wall assembly regulator SMI1 (Killer toxin-resistance protein 4)	0	0	0.1883	0	absent	0	0.0485	0	absent	0	0.1397	0	absent
COG4283	R	Uncharacterized conserved protein DfsB/IRC4, DUF1706 (PF08020) domain	0	0	0.0286	0	absent	0	0.0187	0	absent	0	0.1735	0	absent
COG4284	G	UDP-N-acetylglucosamine pyrophosphorylase	0	0	0.1024	0	absent	0	0.5276	1	FP	0	0.0524	0	absent
COG4285	R	Uncharacterized conserved protein, conains N-terminal glutamine amidotransferase (GATase1)-like domain	0	0	0.0224	0	absent	0	0.0528	0	absent	0	0.0451	0	absent
COG4286	S	Uncharacterized conserved protein, UPF0160 family	0	0	0.0338	0	absent	0	0.0683	0	absent	0	0.1309	0	absent
COG4287	R	PhoPQ-activated pathogenicity-related protein	0	0	0.0009	0	absent	0	0.0003	0	absent	0	0.0002	0	absent
COG4288	S	Uncharacterized conserved protein	0	0	0.0169	0	absent	0	0.0075	0	absent	0	0.0068	0	absent
COG4289	S	Uncharacterized conserved protein, DUF2264 domain	0	0	0.0910	0	absent	0	0.0228	0	absent	0	0.0187	0	absent
COG4290	F	Guanyl-specific ribonuclease Sa	0	0	0.3711	0	absent	0	0.0200	0	absent	0	0.1309	0	absent
COG4291	S	Uncharacterized membrane protein	0	0	0.0417	0	absent	0	0.0024	0	absent	0	0.0032	0	absent
COG4292	S	Low temperature requirement protein LtrA (function unknown)	0	0	0.3300	0	absent	0	0.1174	0	absent	0	0.0107	0	absent
COG4293	S	Uncharacterized conserved protein, DUF1802 family	0	0	0.0010	0	absent	0	0.0002	0	absent	0	0.0000	0	absent
COG4294	L	UV DNA damage repair endonuclease	0	0	0.0724	0	absent	0	0.4831	0	absent	0	0.3145	0	absent
COG4295	R	Predicted RNA repair component, a phosphatase of H2Macro superfamily, DUF2263 family	0	0	0.0198	0	absent	0	0.0012	0	absent	0	0.0076	0	absent
COG4296	S	Uncharacterized conserved protein, DUF2262 domain	0	0	0.0153	0	absent	0	0.0108	0	absent	0	0.0415	0	absent
COG4297	S	Uncharacterized conserved protein YjlB, cupin superfamily	0	0	0.0322	0	absent	0	0.0963	0	absent	0	0.0363	0	absent
COG4298	S	Uncharacterized conserved protein, YiaAB domain	0	0	0.0213	0	absent	0	0.0150	0	absent	0	0.0031	0	absent
COG4299	R	Predicted acyltransferase, DUF1624 domain	0	0	0.0401	0	absent	0	0.0337	0	absent	0	0.0144	0	absent
COG4300	P	Cadmium resistance protein CadD, predicted permease	0	0	0.0054	0	absent	0	0.0040	0	absent	0	0.0055	0	absent
COG4301	R	Uncharacterized protein, contains predicted SAM-dependent methyltransferase domain	0	0	0.0158	0	absent	0	0.0921	0	absent	0	0.0055	0	absent
COG4302	E	Ethanolamine ammonia-lyase, small subunit	1	1	0.9992	1	kept	0	0.9911	1	recovered	0	0.0441	0	gap
COG4303	E	Ethanolamine ammonia-lyase, large subunit	1	1	0.9990	1	kept	0	0.9892	1	recovered	0	0.0278	0	gap
COG4304	S	Uncharacterized conserved protein, DUF2247 domain	0	0	0.0101	0	absent	0	0.0043	0	absent	0	0.0009	0	absent
COG4305	M	Peptidoglycan-binding domain, expansin YoaJ	0	0	0.0522	0	absent	0	0.0101	0	absent	0	0.0062	0	absent
COG4306	S	Uncharacterized conserved protein, DUF2321 domain	0	0	0.0022	0	absent	0	0.0015	0	absent	0	0.0003	0	absent
COG4307	S	Uncharacterized conserved protein, DUF2248 family	0	0	0.0390	0	absent	0	0.0529	0	absent	0	0.0088	0	absent
COG4308	Q	Limonene-1,2-epoxide hydrolase LimA/EphG	0	0	0.0013	0	absent	0	0.0007	0	absent	0	0.0007	0	absent
COG4309	R	SirA-like two-layered alpha/beta sandwich domain, DUF2249 family	0	0	0.0124	0	absent	0	0.0131	0	absent	1	0.4607	0	absent
COG4310	R	Uncharacterized conserved protein, cotains an aminopeptidase-like domain	0	0	0.0152	0	absent	0	0.0298	0	absent	0	0.0169	0	absent
COG4311	E	Sarcosine oxidase delta subunit	0	0	0.0033	0	absent	0	0.0236	0	absent	0	0.0043	0	absent
COG4312	R	Predicted dithiol-disulfide oxidoreductase, DUF899 family	0	0	0.0621	0	absent	0	0.0191	0	absent	0	0.0024	0	absent
COG4313	M	Sphingosine uptake channel SphA-related outer membrane channel	0	0	0.1302	0	absent	0	0.1745	0	absent	0	0.1458	0	absent
COG4314	P	Nitrous oxide reductase accessory protein NosL	0	0	0.1113	0	absent	0	0.0520	0	absent	0	0.0875	0	absent
COG4315	S	Predicted lipoprotein with conserved Yx(FWY)xxD motif (function unknown)	0	0	0.1805	0	absent	0	0.0933	0	absent	0	0.0183	0	absent
COG4316	S	Uncharacterized conserved protein, DUF2251 domain	0	0	0.0041	0	absent	0	0.0015	0	absent	0	0.0007	0	absent
COG4317	F	Xanthosine utilization system component, XapX domain	0	0	0.0016	0	absent	0	0.0015	0	absent	0	0.0002	0	absent
COG4318	S	Uncharacterized conserved protein	0	0	0.0079	0	absent	0	0.0016	0	absent	0	0.0090	0	absent
COG4319	R	Ketosteroid isomerase homolog YybH	0	0	0.8900	1	FP	0	0.3466	0	absent	0	0.2159	0	absent
COG4320	S	Uncharacterized conserved protein, DUF2252 family	0	0	0.0507	0	absent	0	0.0101	0	absent	1	0.1233	0	absent
COG4321	R	Predicted DNA-binding protein, contains ribbon-helix-helix (RHH) domain	0	0	0.0071	0	absent	0	0.0040	0	absent	0	0.0006	0	absent
COG4322	S	Uncharacterized protein, contains DUF2272 domain	0	0	0.0035	0	absent	0	0.0031	0	absent	0	0.0010	0	absent
COG4323	S	Uncharacterized conserved protein, DUF962 domain	0	0	0.0053	0	absent	0	0.0010	0	absent	0	0.0009	0	absent
COG4324	R	Predicted aminopeptidase	0	0	0.0300	0	absent	0	0.1135	0	absent	0	0.0061	0	absent
COG4325	S	Uncharacterized membrane protein	0	0	0.0786	0	absent	0	0.4541	0	absent	0	0.1132	0	absent
COG4326	D	Stage 0 sporulation-control protein Spo0M	0	0	0.0140	0	absent	0	0.0177	0	absent	0	0.0027	0	absent
COG4327	S	Uncharacterized membrane protein, DUF4212 domain	0	0	0.0053	0	absent	0	0.3733	0	absent	0	0.0058	0	absent
COG4328	R	Predicted nuclease (RNAse H fold)	0	0	0.0029	0	absent	0	0.0136	0	absent	0	0.0030	0	absent
COG4329	S	Uncharacterized membrane protein, DUF2243 domain	0	0	0.0010	0	absent	0	0.0012	0	absent	0	0.0014	0	absent
COG4330	S	Uncharacterized membrane protein, DUF1361 domain	0	0	0.0280	0	absent	0	0.0047	0	absent	0	0.0018	0	absent
COG4331	S	Uncharacterized membrane protein, DUF2127 domain	0	0	0.0007	0	absent	0	0.0002	0	absent	0	0.0004	0	absent
COG4332	S	Uncharacterized conserved protein, DUF1062 domain	0	0	0.0194	0	absent	0	0.0043	0	absent	0	0.0009	0	absent
COG4333	S	Uncharacterized conserved protein, DUF1643 domain	0	0	0.0328	0	absent	0	0.0396	0	absent	0	0.0188	0	absent
COG4334	S	Uncharacterized conserved protein, DUF2255 domain	0	0	0.0092	0	absent	0	0.0049	0	absent	0	0.0021	0	absent
COG4335	L	3-methylpurine DNA glycosylase AlkC	0	0	0.7797	1	FP	0	0.7472	1	FP	0	0.7689	1	FP
COG4336	S	Uncharacterized conserved protein YcsI, UPF0317/DUF1446 family	0	0	0.0684	0	absent	0	0.0843	0	absent	0	0.0104	0	absent
COG4337	S	Uncharacterized conserved protein	0	0	0.0040	0	absent	0	0.0239	0	absent	0	0.0053	0	absent
COG4338	S	Uncharacterized conserved protein, DUF2256 family	0	0	0.0031	0	absent	0	0.0150	0	absent	0	0.0072	0	absent
COG4339	R	Predicted metal-dependent phosphohydrolase, HD superfamily	0	0	0.1971	0	absent	0	0.1697	0	absent	0	0.2051	0	absent
COG4340	R	Predicted dioxygenase, 2-oxoglutarate and Fe-dependent (2OG-Fe) dioxygenase superfamily	0	0	0.0072	0	absent	0	0.0013	0	absent	0	0.0013	0	absent
COG4341	R	Predicted HD phosphohydrolase	0	0	0.0026	0	absent	0	0.0040	0	absent	0	0.0003	0	absent
COG4342	X	Phage integrase/recombinase	0	0	0.0000	0	absent	0	0.0000	0	absent	0	0.0000	0	absent
COG4343	V	CRISPR/Cas system-associated exonuclease Cas4, RecB family	0	0	0.0000	0	absent	0	0.0000	0	absent	0	0.0000	0	absent
COG4344	K	Predicted transciptional regulator, contains HTH domain	0	0	0.0001	0	absent	0	0.0000	0	absent	0	0.0000	0	absent
COG4345	R	Predicted DNA binding protein, Pae2254/DUF2258 family	0	0	0.0000	0	absent	0	0.0000	0	absent	0	0.0000	0	absent
COG4346	O	Predicted membrane-bound dolichyl-phosphate-mannose-protein mannosyltransferase	0	0	0.0039	0	absent	0	0.0030	0	absent	0	0.0129	0	absent
COG4347	S	Uncharacterized membrane protein YpjA	0	0	0.0004	0	absent	0	0.0001	0	absent	0	0.0002	0	absent
COG4352	J	Ribosomal protein L13E	0	0	0.0000	0	absent	0	0.0000	0	absent	0	0.0000	0	absent
COG4353	R	Acetyltransferase superfamily protein, DUF1122 family	0	0	0.0000	0	absent	0	0.0000	0	absent	0	0.0000	0	absent
COG4354	S	Uncharacterized conserved protein, contains GBA2_N and DUF608 domains	0	0	0.0033	0	absent	0	0.0038	0	absent	0	0.0038	0	absent
COG4357	S	Uncharacterized conserved protein, contains Zn-finger domain of CHY type	0	0	0.0076	0	absent	0	0.0014	0	absent	0	0.0011	0	absent
COG4359	E	2-hydroxy-3-keto-5-methylthiopentenyl-1-phosphate phosphatase (methionine salvage)	0	0	0.0086	0	absent	0	0.0029	0	absent	0	0.0104	0	absent
COG4360	F	ATP adenylyltransferase (5',5'''-P-1,P-4-tetraphosphate phosphorylase II)	0	0	0.0016	0	absent	0	0.0053	0	absent	0	0.0060	0	absent
COG4362	P	Nitric oxide synthase, oxygenase domain	0	0	0.0043	0	absent	0	0.0008	0	absent	0	0.0003	0	absent
COG4365	Q	Putative cysteine ligase BshC/YllA (bacillithiol biosynthesis)	0	0	0.0315	0	absent	0	0.0135	0	absent	0	0.0400	0	absent
COG4367	S	Uncharacterized conserved protein, DUF2316 domain	0	0	0.0101	0	absent	0	0.0096	0	absent	0	0.0024	0	absent
COG4370	S	Uncharacterized conserved protein	0	0	0.0001	0	absent	0	0.0000	0	absent	0	0.0001	0	absent
COG4371	S	Uncharacterized membrane protein	0	0	0.0015	0	absent	0	0.0003	0	absent	0	0.0002	0	absent
COG4372	S	Uncharacterized protein, contains DUF3084 domain	1	0	0.6840	1	recovered	1	0.9146	1	kept	0	0.0377	0	gap
COG4373	X	Mu-like prophage FluMu protein gp28	0	0	0.0722	0	absent	0	0.0150	0	absent	0	0.0160	0	absent
COG4374	V	PIN domain nuclease, a component of toxin-antitoxin system (PIN domain)	0	0	0.0011	0	absent	0	0.0019	0	absent	0	0.0007	0	absent
COG4377	R	Predicted metal-dependent membrane protease YhfC, DUF2324 family	0	0	0.0007	0	absent	0	0.0003	0	absent	0	0.0011	0	absent
COG4378	S	Uncharacterized conserved protein, DUF2325 domain	0	0	0.0482	0	absent	0	0.0252	0	absent	0	0.0028	0	absent
COG4379	X	Mu-like prophage tail protein gpP	0	0	0.0023	0	absent	0	0.0043	0	absent	0	0.0079	0	absent
COG4380	S	Uncharacterized conserved protein, DUF799 domain	0	0	0.0060	0	absent	0	0.0168	0	absent	0	0.0312	0	absent
COG4381	X	Mu-like prophage protein gp46	0	0	0.0366	0	absent	0	0.0286	0	absent	0	0.0226	0	absent
COG4382	X	Mu-like prophage protein gp16	0	0	0.0168	0	absent	0	0.0331	0	absent	0	0.0152	0	absent
COG4383	X	Mu-like prophage protein gp29	0	0	0.1821	0	absent	0	0.0152	0	absent	0	0.0321	0	absent
COG4384	X	Mu-like prophage protein gp45	0	0	0.0066	0	absent	0	0.0058	0	absent	0	0.0040	0	absent
COG4385	X	Bacteriophage P2-related tail formation protein	0	0	0.9553	1	FP	0	0.4692	0	absent	0	0.2327	0	absent
COG4386	X	Mu-like prophage tail sheath protein gpL	0	0	0.0174	0	absent	0	0.0077	0	absent	0	0.0106	0	absent
COG4387	X	Mu-like prophage protein gp36	0	0	0.0157	0	absent	0	0.0054	0	absent	0	0.0021	0	absent
COG4388	X	Mu-like prophage I protein	0	0	0.0419	0	absent	0	0.0201	0	absent	0	0.0085	0	absent
COG4389	L	Site-specific recombinase	0	0	0.3159	0	absent	0	0.1077	0	absent	0	0.4730	0	absent
COG4390	S	Uncharacterized conserved protein, DUF2322 domain	0	0	0.0000	0	absent	0	0.0000	0	absent	0	0.0000	0	absent
COG4391	S	Uncharacterized protein, contains Zn-finger domain	0	0	0.0000	0	absent	0	0.0000	0	absent	0	0.0000	0	absent
COG4392	E	Branched-chain amino acid transport protein	0	0	0.3823	0	absent	0	0.6722	1	FP	0	0.1946	0	absent
COG4393	S	Uncharacterized membrane protein	0	0	0.0950	0	absent	0	0.1511	0	absent	0	0.0086	0	absent
COG4394	J	Elongation factor P Arg32-rhamnosyltransferase EarP	0	0	0.0114	0	absent	0	0.0106	0	absent	0	0.0022	0	absent
COG4395	I	Predicted lipid-binding transport protein, Tim44 family	0	0	0.0807	0	absent	0	0.0903	0	absent	0	0.0056	0	absent
COG4396	X	Mu-like prophage host-nuclease inhibitor protein Gam	0	0	0.0140	0	absent	0	0.0039	0	absent	0	0.0019	0	absent
COG4397	X	Mu-like prophage major head subunit gpT	0	0	0.0446	0	absent	0	0.0260	0	absent	0	0.0350	0	absent
COG4398	T	Small ligand-binding sensory domain FIST	0	0	0.0002	0	absent	0	0.0003	0	absent	0	0.0000	0	absent
COG4399	S	Uncharacterized membrane protein YheB, UPF0754 family	0	0	0.1030	0	absent	0	0.4732	0	absent	0	0.0503	0	absent
COG4401	E	Chorismate mutase AroH	0	0	0.0009	0	absent	0	0.0034	0	absent	0	0.0041	0	absent
COG4402	S	Uncharacterized conserved protein, DUF2330 domain	0	0	0.0062	0	absent	0	0.0015	0	absent	0	0.0006	0	absent
COG4403	V	Lantibiotic modifying enzyme	0	0	0.2562	0	absent	0	0.1026	0	absent	0	0.0231	0	absent
COG4405	R	Predicted RNA-binding protein YhfF, contains PUA-like ASCH domain	1	1	0.2778	0	gap	1	0.1283	0	gap	0	0.0230	0	gap
COG4408	S	Uncharacterized conserved protein	0	0	0.0014	0	absent	0	0.0025	0	absent	0	0.0012	0	absent
COG4409	GM	Neuraminidase (sialidase) NanH, contains C-terminal autotransporter domain	1	0	0.1026	0	gap	0	0.0587	0	gap	1	0.6061	1	kept
COG4412	O	Bacillopeptidase F, M6 metalloprotease family	0	0	0.0793	0	absent	0	0.0388	0	absent	0	0.0126	0	absent
COG4413	E	Urea transporter	0	0	0.0048	0	absent	0	0.0065	0	absent	0	0.0575	0	absent
COG4416	X	Mu-like prophage FluMu protein Com	0	0	0.0000	0	absent	0	0.0000	0	absent	0	0.0004	0	absent
COG4420	S	Uncharacterized membrane protein	0	0	0.5645	1	FP	0	0.1383	0	absent	0	0.1258	0	absent
COG4421	M	Capsular polysaccharide biosynthesis protein	0	0	0.2840	0	absent	0	0.2920	0	absent	0	0.1165	0	absent
COG4422	X	Bacteriophage protein gp37	0	0	0.0818	0	absent	0	0.0344	0	absent	0	0.0159	0	absent
COG4423	S	Uncharacterized conserved protein	0	0	0.0042	0	absent	0	0.0231	0	absent	0	0.0060	0	absent
COG4424	M	LPS sulfotransferase NodH	0	0	0.0114	0	absent	0	0.0150	0	absent	0	0.0020	0	absent
COG4425	S	Uncharacterized membrane protein	0	0	0.0042	0	absent	0	0.0043	0	absent	0	0.0069	0	absent
COG4427	S	Uncharacterized conserved protein, DUF2332 domain	0	0	0.0027	0	absent	0	0.0073	0	absent	0	0.0097	0	absent
COG4430	S	Uncharacterized conserved protein YdeI, YjbR/CyaY-like superfamily, DUF1801 family	0	0	0.8032	1	FP	0	0.4418	0	absent	0	0.1189	0	absent
COG4443	S	Uncharacterized conserved protein	0	0	0.0004	0	absent	0	0.0005	0	absent	0	0.0080	0	absent
COG4445	J	tRNA isopentenyl-2-thiomethyl-A-37 hydroxylase MiaE (synthesis of 2-methylthio-cis-ribozeatin)	0	0	0.0001	0	absent	0	0.0005	0	absent	0	0.0014	0	absent
COG4446	S	Uncharacterized conserved protein, DUF1499 family	0	0	0.0528	0	absent	0	0.7637	1	FP	0	0.1154	0	absent
COG4447	R	Uncharacterized conserved protein related to plant photosystem II stability/assembly factor	0	0	0.4088	0	absent	0	0.5385	1	FP	0	0.0659	0	absent
COG4448	E	L-asparaginase II	0	0	0.0025	0	absent	0	0.0035	0	absent	0	0.0418	0	absent
COG4449	R	Predicted protease, Abi (CAAX) family	0	0	0.0079	0	absent	0	0.0067	0	absent	0	0.0071	0	absent
COG4451	G	Ribulose bisphosphate carboxylase small subunit	0	0	0.0014	0	absent	0	0.0014	0	absent	0	0.0003	0	absent
COG4452	V	Inner membrane protein CreD involved in colicin E2 resistance	1	1	0.9146	1	kept	1	0.7371	1	kept	1	0.7574	1	kept
COG4453	S	Uncharacterized conserved protein, DUF1778 family	0	0	0.0449	0	absent	1	0.6364	1	FP	0	0.0456	0	absent
COG4454	R	Uncharacterized copper-binding protein, cupredoxin-like subfamily	0	0	0.0103	0	absent	0	0.0076	0	absent	0	0.0117	0	absent
COG4455	R	Protein of avirulence locus involved in temperature-dependent protein secretion	0	0	0.0170	0	absent	0	0.0372	0	absent	0	0.0002	0	absent
COG4456	S	Virulence-associated protein VagC (function unknown)	0	0	0.0110	0	absent	0	0.0957	0	absent	0	0.0471	0	absent
COG4457	Q	Virulence factor SrfB-related protein	0	0	0.0035	0	absent	0	0.0045	0	absent	0	0.0027	0	absent
COG4458	Q	Virulence factor SrfC-related protein	0	0	0.0031	0	absent	0	0.0040	0	absent	0	0.0023	0	absent
COG4459	C	Periplasmic nitrate reductase system, NapE component	0	0	0.0000	0	absent	0	0.0000	0	absent	0	0.0000	0	absent
COG4460	S	Uncharacterized conserved protein, DUF4440 domain	0	0	0.0051	0	absent	0	0.0040	0	absent	0	0.0030	0	absent
COG4461	V	Lysozyme inhibitor LprI	0	0	0.1739	0	absent	0	0.0859	0	absent	0	0.0516	0	absent
COG4463	K	Transcriptional regulator CtsR	0	0	0.0001	0	absent	0	0.0000	0	absent	0	0.0003	0	absent
COG4464	T	Tyrosine-protein phosphatase YwqE	0	0	0.0817	0	absent	0	0.2919	0	absent	0	0.0163	0	absent
COG4465	K	GTP-sensing pleiotropic transcriptional regulator CodY	0	0	0.0004	0	absent	0	0.0001	0	absent	0	0.0001	0	absent
COG4466	S	Uncharacterized conserved protein Veg, DUF1021 family	0	0	0.0000	0	absent	0	0.0000	0	absent	0	0.0000	0	absent
COG4467	L	Regulator of replication initiation timing YabA	0	0	0.0414	0	absent	0	0.0226	0	absent	0	0.0150	0	absent
COG4468	G	Galactose-1-phosphate uridylyltransferase	0	0	0.0040	0	absent	0	0.0017	0	absent	1	0.0801	0	absent
COG4469	R	Competence protein CoiA, contains predicted nuclease domain	0	0	0.0749	0	absent	0	0.0238	0	absent	0	0.0488	0	absent
COG4470	S	Uncharacterized conserved protein YutD, DUF1027 family	0	0	0.0000	0	absent	0	0.0000	0	absent	0	0.0000	0	absent
COG4471	S	Uncharacterized conserved protein YlbG, UPF0298 family	0	0	0.0004	0	absent	0	0.0001	0	absent	0	0.0001	0	absent
COG4472	S	Uncharacterized conserved protein, UPF0297 family	0	0	0.0000	0	absent	0	0.0000	0	absent	0	0.0000	0	absent
COG4473	U	Predicted ABC-type exoprotein transport system, permease component	0	0	0.0009	0	absent	0	0.0002	0	absent	0	0.0002	0	absent
COG4474	X	Uncharacterized SPBc2 prophage-derived protein YoqJ	0	0	0.0024	0	absent	0	0.0005	0	absent	0	0.0006	0	absent
COG4475	S	Uncharacterized conserved protein YwlG, UPF0340 family	0	0	0.0016	0	absent	0	0.0002	0	absent	0	0.0046	0	absent
COG4476	S	Uncharacterized conserved protein YktA, UPF0223 family	0	0	0.0000	0	absent	0	0.0000	0	absent	0	0.0000	0	absent
COG4477	D	Septation ring formation regulator EzrA	0	0	0.0000	0	absent	0	0.0000	0	absent	0	0.0000	0	absent
COG4478	S	Uncharacterized membrane protein	0	0	0.0000	0	absent	0	0.0000	0	absent	0	0.0015	0	absent
COG4479	S	Uncharacterized conserved protein YozE, UPF0346 family	0	0	0.0030	0	absent	0	0.0007	0	absent	0	0.0006	0	absent
COG4481	S	Uncharacterized conserved protein, DUF951 family	0	0	0.0000	0	absent	0	0.0000	0	absent	0	0.0002	0	absent
COG4483	S	Uncharacterized conserved protein YqgQ, DUF910 family	0	0	0.0001	0	absent	0	0.0000	0	absent	0	0.0000	0	absent
COG4485	S	Uncharacterized membrane protein YfhO	0	0	0.0462	0	absent	0	0.0175	0	absent	0	0.0254	0	absent
COG4487	S	Uncharacterized conserved protein, contains DUF2130 domain	0	0	0.0117	0	absent	0	0.0299	0	absent	0	0.0332	0	absent
COG4492	R	ACT domain-containing protein, UPF0735 family	0	0	0.0003	0	absent	0	0.0004	0	absent	0	0.0019	0	absent
COG4493	S	Uncharacterized conserved protein YktB, UPF0637 family	0	0	0.0075	0	absent	0	0.0030	0	absent	0	0.0002	0	absent
COG4495	S	Uncharacterized conserved protein, DUF4176 domain	0	0	0.0000	0	absent	0	0.0000	0	absent	0	0.0001	0	absent
COG4496	R	Predicted DNA-binding transcriptional regulator YerC, contains ArsR-like HTH domain	0	0	0.0015	0	absent	0	0.0073	0	absent	0	0.0067	0	absent
COG4499	U	ESX protein secretion system component YukC	0	0	0.0001	0	absent	0	0.0000	0	absent	0	0.0000	0	absent
COG4502	F	5'(3')-deoxyribonucleotidase	0	0	0.0374	0	absent	0	0.0144	0	absent	0	0.0460	0	absent
COG4506	S	Uncharacterized beta-barrel protein YwiB, DUF1934 family	0	0	0.0000	0	absent	0	0.0001	0	absent	0	0.0003	0	absent
COG4508	F	Dimeric dUTPase, all-alpha-NTP-PPase (MazG) superfamily	0	0	0.0005	0	absent	0	0.0004	0	absent	0	0.0008	0	absent
COG4509	S	Uncharacterized conserved protein	0	0	0.0000	0	absent	0	0.0000	0	absent	0	0.0000	0	absent
COG4512	KT	Accessory gene regulator protein AgrB	0	0	0.0002	0	absent	0	0.0006	0	absent	0	0.0001	0	absent
COG4517	S	Uncharacterized conserved protein, DUF1820 domain	0	0	0.0050	0	absent	0	0.0171	0	absent	0	0.0143	0	absent
COG4518	X	Mu-like prophage FluMu protein gp41	0	0	0.0008	0	absent	0	0.0004	0	absent	0	0.0000	0	absent
COG4519	S	Uncharacterized conserved protein	0	0	0.0000	0	absent	0	0.0000	0	absent	0	0.0000	0	absent
COG4520	M	Surface antigen	0	0	0.0064	0	absent	0	0.0948	0	absent	0	0.0833	0	absent
COG4521	P	ABC-type taurine transport system, periplasmic component	1	1	0.7708	1	kept	1	0.5812	1	kept	0	0.0133	0	gap
COG4525	P	ABC-type taurine transport system, ATPase component	1	1	0.0989	0	gap	1	0.1268	0	gap	0	0.0003	0	gap
COG4529	R	Uncharacterized NAD(P)/FAD-binding protein YdhS	1	0	0.0601	0	gap	1	0.7050	1	kept	1	0.6038	1	kept
COG4530	S	Uncharacterized conserved protein	0	0	0.0009	0	absent	0	0.0005	0	absent	0	0.0001	0	absent
COG4531	P	ABC-type Zn2+ transport system, periplasmic component/surface adhesin ZnuA	1	1	0.9355	1	kept	1	0.9518	1	kept	0	0.0576	0	gap
COG4533	K	DNA-binding transcriptional regulator SgrR of sgrS sRNA, contains a MarR-type HTH domain and a periplasmic-type solute-binding domain	1	0	0.0014	0	gap	1	0.0045	0	gap	0	0.0002	0	gap
COG4535	P	Mg2+ and Co2+ transporter CorC, contains CBS pair and CorC-HlyC domains	1	1	0.0121	0	gap	0	0.0004	0	gap	0	0.0003	0	gap
COG4536	P	Mg2+ and Co2+ transporter CorB, contains DUF21, CBS pair, and CorC-HlyC domains	1	0	0.0001	0	gap	0	0.0004	0	gap	1	0.0063	0	gap
COG4537	X	Competence protein ComGC	0	0	0.0008	0	absent	0	0.0010	0	absent	0	0.0007	0	absent
COG4538	S	Uncharacterized conserved protein, contains SnoaL-like domain	0	0	0.0211	0	absent	0	0.0062	0	absent	0	0.0040	0	absent
COG4539	I	2-hydroxy fatty acid dioxygenase MPO1 (alpha-oxidation of fatty acids)	0	0	0.0256	0	absent	0	0.0019	0	absent	0	0.0077	0	absent
COG4540	X	Phage P2 baseplate assembly protein gpV	1	1	0.9895	1	kept	0	0.1344	0	gap	0	0.0416	0	gap
COG4541	S	Uncharacterized membrane protein	0	0	0.0185	0	absent	0	0.0290	0	absent	0	0.0027	0	absent
COG4542	Q	PduX protein involved in propanediol utilization and related proteins	0	0	0.0277	0	absent	0	0.0073	0	absent	0	0.0007	0	absent
COG4544	S	Uncharacterized conserved protein	0	0	0.0014	0	absent	0	0.0014	0	absent	0	0.0011	0	absent
COG4545	O	Glutaredoxin-related protein	0	0	0.0004	0	absent	0	0.0002	0	absent	0	0.0006	0	absent
COG4547	H	Cobalamin biosynthesis cobaltochelatase CobT subunit	0	0	0.0670	0	absent	0	0.1217	0	absent	0	0.0028	0	absent
COG4548	P	Nitric oxide reductase activation protein	0	0	0.0132	0	absent	0	0.0479	0	absent	0	0.0193	0	absent
COG4549	S	Uncharacterized conserved protein YcnI, contains cohesin/reeler-like domain	0	0	0.0334	0	absent	0	0.0038	0	absent	0	0.0006	0	absent
COG4550	T	Cell fate regulator YmcA, YheA/YmcA/DUF963 family (controls sporulation, competence, biofilm development)	0	0	0.0052	0	absent	0	0.0010	0	absent	0	0.0003	0	absent
COG4551	R	Predicted protein tyrosine phosphatase	0	0	0.0198	0	absent	0	0.0171	0	absent	0	0.0076	0	absent
COG4552	R	Predicted acetyltransferase	0	0	0.2701	0	absent	0	0.2444	0	absent	0	0.5379	1	FP
COG4553	I	Poly-beta-hydroxyalkanoate depolymerase	0	0	0.0024	0	absent	0	0.0119	0	absent	0	0.0015	0	absent
COG4555	CP	ABC-type Na+ transport system, ATPase component NatA	0	0	0.0035	0	absent	0	0.0129	0	absent	0	0.0048	0	absent
COG4558	P	ABC-type hemin transport system, periplasmic component	1	1	0.8488	1	kept	0	0.0761	0	gap	1	0.8645	1	kept
COG4559	P	ABC-type hemin transport system, ATPase component	1	0	0.1040	0	gap	0	0.0278	0	gap	0	0.2050	0	gap
COG4564	T	Signal transduction histidine kinase	0	0	0.2180	0	absent	0	0.1556	0	absent	0	0.2603	0	absent
COG4565	KT	DNA-binding response regulator DpiB of citrate/malate metabolism	1	1	0.9997	1	kept	0	0.9650	1	recovered	1	0.9660	1	kept
COG4566	TK	DNA-binding response regulator, FixJ family, consists of REC and HTH domains	0	0	0.0514	0	absent	0	0.0456	0	absent	0	0.0237	0	absent
COG4567	TK	DNA-binding response regulator, ActR/RegA family, consists of REC and Fis-type HTH domains	0	0	0.0197	0	absent	0	0.0753	0	absent	0	0.0355	0	absent
COG4568	K	Transcriptional antiterminator Rof (Rho-off)	1	1	0.2422	0	gap	1	0.1075	0	gap	0	0.0035	0	gap
COG4569	Q	Acetaldehyde dehydrogenase (acetylating)	0	0	0.1246	0	absent	0	0.0486	0	absent	0	0.0213	0	absent
COG4570	L	Holliday junction resolvase RusA (prophage-encoded endonuclease)	1	0	0.1955	0	gap	0	0.0402	0	gap	0	0.0599	0	gap
COG4571	M	Outer membrane protease	1	1	0.1682	0	gap	0	0.0279	0	gap	1	0.1226	0	gap
COG4572	P	Cation transport regulator ChaB	1	0	0.0003	0	gap	1	0.0449	0	gap	0	0.0041	0	gap
COG4573	G	Tagatose-1,6-bisphosphate aldolase non-catalytic subunit AgaZ/GatZ	1	1	0.6313	1	kept	0	0.0516	0	gap	0	0.0082	0	gap
COG4574	O	Serine protease inhibitor ecotin	1	1	0.5263	1	kept	1	0.4063	0	gap	0	0.2016	0	gap
COG4575	J	Membrane-anchored ribosome-binding protein ElaB, inhibits growth in stationary phase, YqjD/DUF883 family	1	0	0.0169	0	gap	0	0.0122	0	gap	0	0.0090	0	gap
COG4576	QC	Carboxysome shell and ethanolamine utilization microcompartment protein CcmK/EutM	1	1	0.9956	1	kept	1	0.9989	1	kept	0	0.0698	0	gap
COG4577	QC	Carboxysome shell and ethanolamine utilization microcompartment protein CcmL/EutN	1	1	0.9974	1	kept	1	0.9993	1	kept	0	0.0929	0	gap
COG4578	K	DNA-binding transcriptional regulator of glucitol operon	1	0	0.0567	0	gap	0	0.0012	0	gap	0	0.0008	0	gap
COG4579	T	Isocitrate dehydrogenase kinase/phosphatase	1	0	0.0023	0	gap	0	0.0030	0	gap	0	0.0010	0	gap
COG4580	G	Maltoporin (phage lambda and maltose receptor)	1	1	0.9414	1	kept	0	0.3019	0	gap	0	0.1164	0	gap
COG4581	L	Superfamily II RNA helicase	0	0	0.5064	1	FP	0	0.6868	1	FP	0	0.2496	0	absent
COG4582	D	Cell division protein ZapD, interacts with FtsZ	1	0	0.0000	0	gap	1	0.0002	0	gap	0	0.0000	0	gap
COG4583	E	Sarcosine oxidase gamma subunit	0	0	0.0008	0	absent	0	0.0007	0	absent	0	0.0005	0	absent
COG4584	X	Transposase	1	1	0.9936	1	kept	0	0.7672	1	recovered	0	0.4549	0	gap
COG4585	T	Signal transduction histidine kinase ComP	0	0	0.9901	1	FP	0	0.9465	1	FP	0	0.8512	1	FP
COG4586	R	ABC-type uncharacterized transport system, ATPase component	0	0	0.0103	0	absent	0	0.0076	0	absent	0	0.0096	0	absent
COG4587	R	ABC-type uncharacterized transport system, permease component	0	0	0.0118	0	absent	0	0.0059	0	absent	0	0.0101	0	absent
COG4588	M	Accessory colonization factor AcfC, contains ABC-type periplasmic domain	0	0	0.0182	0	absent	0	0.0125	0	absent	0	0.0118	0	absent
COG4589	R	Predicted CDP-diglyceride synthetase/phosphatidate cytidylyltransferase	1	1	0.9964	1	kept	0	0.9441	1	recovered	0	0.9378	1	recovered
COG4590	R	ABC-type uncharacterized transport system, permease component	0	0	0.0054	0	absent	0	0.0682	0	absent	0	0.0190	0	absent
COG4591	M	ABC-type transport system involved in lipoprotein release, permease component LolC	1	0	0.9999	1	recovered	1	1.0000	1	kept	0	0.9990	1	recovered
COG4592	P	ABC-type Fe2+-enterobactin transport system, periplasmic component	1	0	0.0001	0	gap	0	0.0000	0	gap	0	0.0001	0	gap
COG4594	P	ABC-type Fe3+-citrate transport system, periplasmic component	1	1	0.2247	0	gap	0	0.0021	0	gap	0	0.0006	0	gap
COG4597	E	ABC-type amino acid transport system, permease component	1	1	0.4946	0	gap	0	0.4949	0	gap	1	0.5777	1	kept
COG4598	E	ABC-type histidine transport system, ATPase component	1	0	0.0365	0	gap	1	0.5205	1	kept	0	0.0145	0	gap
COG4603	F	ABC-type guanosine uptake system NupNOPQ, permease component NupP	0	0	0.9979	1	FP	0	0.9928	1	FP	0	0.9611	1	FP
COG4604	P	ABC-type enterochelin transport system, ATPase component	0	0	0.0094	0	absent	0	0.0122	0	absent	0	0.8245	1	FP
COG4605	P	ABC-type enterochelin transport system, permease component	0	0	0.0113	0	absent	0	0.0141	0	absent	1	0.9134	1	FP
COG4606	P	ABC-type enterochelin transport system, permease component	0	0	0.0158	0	absent	0	0.0170	0	absent	0	0.8498	1	FP
COG4607	P	ABC-type enterochelin transport system, periplasmic component	0	0	0.0151	0	absent	0	0.0147	0	absent	0	0.7898	1	FP
COG4608	E	ABC-type oligopeptide transport system, ATPase component	1	0	0.9937	1	recovered	1	0.9999	1	kept	0	0.9717	1	recovered
COG4615	P	ABC-type siderophore export system, fused ATPase and permease components	1	1	0.9667	1	kept	0	0.2844	0	gap	0	0.0530	0	gap
COG4618	U	ABC-type protease/lipase transport system, ATPase and permease components	0	0	0.0053	0	absent	0	0.0225	0	absent	0	0.0095	0	absent
COG4619	P	ABC-type iron transporter FetAB, ATPase component	1	0	0.0604	0	gap	1	0.8218	1	kept	0	0.0653	0	gap
COG4623	MT	Membrane-bound lytic murein transglycosylase MltF	1	1	0.3507	0	gap	1	0.3987	0	gap	1	0.4983	0	gap
COG4624	C	Iron only hydrogenase large subunit, C-terminal domain	0	0	0.0045	0	absent	0	0.0024	0	absent	0	0.0012	0	absent
COG4625	S	Uncharacterized conserved protein, contains a C-terminal beta-barrel porin domain	0	0	0.4445	0	absent	0	0.5808	1	FP	0	0.5873	1	FP
COG4626	X	Phage terminase-like protein, large subunit, contains N-terminal HTH domain	1	0	0.6343	1	recovered	0	0.1788	0	gap	0	0.0389	0	gap
COG4627	R	Predicted SAM-depedendent methyltransferase	0	0	0.2793	0	absent	0	0.4096	0	absent	0	0.1404	0	absent
COG4628	S	Uncharacterized conserved protein, DUF2132 family	0	0	0.3747	0	absent	0	0.8085	1	FP	0	0.2006	0	absent
COG4630	F	Xanthine dehydrogenase, Fe-S cluster and FAD-binding subunit XdhA	0	0	0.8400	1	FP	0	0.5350	1	FP	0	0.1780	0	absent
COG4631	F	Xanthine dehydrogenase, molybdopterin-binding subunit XdhB	0	0	0.4668	0	absent	0	0.3753	0	absent	0	0.1138	0	absent
COG4632	G	Sugar-P-sugar glycosidase (uncovering enzyme, UCE), NAGPA superfamily	0	0	0.0632	0	absent	0	0.0424	0	absent	0	0.0186	0	absent
COG4633	R	Plastocyanin domain containing protein	0	0	0.0357	0	absent	0	0.0548	0	absent	0	0.0019	0	absent
COG4634	R	Predicted nuclease, contains PIN domain, potential toxin-antitoxin system component	0	0	0.0015	0	absent	0	0.0035	0	absent	0	0.0014	0	absent
COG4635	H	Protoporphyrinogen IX oxidase, menaquinone-dependent (flavodoxin domain)	1	1	0.7055	1	kept	0	0.0721	0	gap	1	0.8251	1	kept
COG4636	R	Endonuclease, Uma2 family (restriction endonuclease fold)	0	0	0.0776	0	absent	0	0.0035	0	absent	0	0.0018	0	absent
COG4637	R	Predicted ATPase	0	0	0.3973	0	absent	0	0.2747	0	absent	0	0.1674	0	absent
COG4638	PR	Phenylpropionate dioxygenase or related ring-hydroxylating dioxygenase, large terminal subunit	0	0	0.3525	0	absent	0	0.0511	0	absent	0	0.0087	0	absent
COG4639	R	Predicted kinase	1	0	0.0504	0	gap	1	0.2815	0	gap	0	0.0117	0	gap
COG4640	S	Uncharacterized protein YvbJ, contains N-terminal Zn ribbon domain	0	0	0.0027	0	absent	0	0.0043	0	absent	0	0.0045	0	absent
COG4641	D	Spore maturation protein CgeB	0	0	0.2571	0	absent	0	0.3835	0	absent	0	0.3220	0	absent
COG4642	S	Uncharacterized conserved protein	0	0	0.0130	0	absent	0	0.0052	0	absent	0	0.0078	0	absent
COG4643	X	Uncharacterized domain associated with phage/plasmid primase	0	0	0.0529	0	absent	0	0.1179	0	absent	0	0.0593	0	absent
COG4644	X	Transposase and inactivated derivatives, TnpA family	0	0	0.1745	0	absent	0	0.2896	0	absent	0	0.0900	0	absent
COG4645	R	Predicted acyltransferase	0	0	0.0096	0	absent	0	0.0059	0	absent	0	0.0052	0	absent
COG4646	L	Adenine-specific DNA methylase, N12 class	0	0	0.0006	0	absent	0	0.0011	0	absent	0	0.0004	0	absent
COG4647	Q	Acetone carboxylase, gamma subunit	0	0	0.0030	0	absent	0	0.0026	0	absent	0	0.0014	0	absent
COG4648	S	Uncharacterized membrane protein	0	0	0.0015	0	absent	0	0.0022	0	absent	0	0.0036	0	absent
COG4649	S	TPR-like repeat domain	0	0	0.0049	0	absent	0	0.0016	0	absent	0	0.0087	0	absent
COG4650	KT	Sigma54-dependent transcription regulator containing an AAA-type ATPase domain and a DNA-binding domain	1	0	0.0670	0	gap	1	0.6265	1	kept	0	0.0327	0	gap
COG4651	P	Predicted Kef-type K+ transport protein, K+/H+ antiporter domain	0	0	0.0013	0	absent	0	0.0030	0	absent	0	0.0014	0	absent
COG4652	S	Uncharacterized conserved protein, DUF1430 domain	0	0	0.0002	0	absent	0	0.0001	0	absent	0	0.0003	0	absent
COG4653	X	Predicted phage phi-C31 gp36 major capsid-like protein	0	0	0.9104	1	FP	0	0.2162	0	absent	0	0.0579	0	absent
COG4654	C	Cytochrome c551/c552	0	0	0.0147	0	absent	0	0.0061	0	absent	0	0.0208	0	absent
COG4655	R	Uncharacterized conserved protein, contains TadX/Tad_C domain	0	0	0.0003	0	absent	0	0.0003	0	absent	0	0.0011	0	absent
COG4656	C	Na+-translocating ferredoxin:NAD+ oxidoreductase  RNF, RnfC subunit	1	1	0.2190	0	gap	0	0.9336	1	recovered	0	0.0169	0	gap
COG4657	C	Na+-translocating ferredoxin:NAD+ oxidoreductase RNF, RnfA subunit	1	1	0.0614	0	gap	1	0.9906	1	kept	0	0.0102	0	gap
COG4658	C	Na+-translocating ferredoxin:NAD+ oxidoreductase  RNF, RnfD subunit	1	0	0.0916	0	gap	1	0.9940	1	kept	0	0.0079	0	gap
COG4659	C	Na+-translocating ferredoxin:NAD+ oxidoreductase RNF, RnfG subunit	1	0	0.0322	0	gap	1	0.9978	1	kept	0	0.0353	0	gap
COG4660	C	Na+-translocating ferredoxin:NAD+ oxidoreductase  RNF, RnfE subunit	1	1	0.0588	0	gap	1	0.9872	1	kept	0	0.0110	0	gap
COG4662	P	ABC-type tungstate transport system, periplasmic component	0	0	0.0303	0	absent	0	0.3333	0	absent	0	0.0381	0	absent
COG4663	Q	TRAP-type mannitol/chloroaromatic compound transport system, periplasmic component	0	0	0.0420	0	absent	0	0.7770	1	FP	0	0.1271	0	absent
COG4664	Q	TRAP-type mannitol/chloroaromatic compound transport system, large permease component	0	0	0.0245	0	absent	0	0.6970	1	FP	0	0.1379	0	absent
COG4665	Q	TRAP-type mannitol/chloroaromatic compound transport system, small permease component	0	0	0.0451	0	absent	0	0.8235	1	FP	0	0.2752	0	absent
COG4666	R	TRAP-type uncharacterized transport system, fused permease components	0	0	0.2414	0	absent	0	0.8535	1	FP	0	0.6207	1	FP
COG4667	I	Predicted phospholipase, patatin/cPLA2 family	1	0	0.0099	0	gap	1	0.5583	1	kept	0	0.0963	0	gap
COG4668	G	Mannitol/fructose-specific phosphotransferase system, IIA domain	0	0	0.0405	0	absent	0	0.0055	0	absent	0	0.0016	0	absent
COG4669	U	Type III secretory pathway, lipoprotein EscJ	0	0	0.0071	0	absent	0	0.0130	0	absent	0	0.0113	0	absent
COG4670	I	Acyl CoA:acetate/3-ketoacid CoA transferase	1	1	0.9122	1	kept	0	0.3154	0	gap	0	0.0696	0	gap
COG4671	R	Predicted glycosyl transferase	0	0	0.1062	0	absent	0	0.2923	0	absent	0	0.2082	0	absent
COG4672	X	Phage tail protein	1	1	0.5166	1	kept	0	0.0223	0	gap	1	0.0292	0	gap
COG4674	R	ABC-type uncharacterized transport system, ATPase component	0	0	0.0127	0	absent	0	0.0574	0	absent	0	0.0134	0	absent
COG4675	X	Phage tail collar domain	0	0	0.8284	1	FP	0	0.5805	1	FP	0	0.1983	0	absent
COG4676	S	Uncharacterized conserved protein YfaP, DUF2135 family	1	1	0.9695	1	kept	0	0.1246	0	gap	1	0.3930	0	gap
COG4677	GI	Pectin methylesterase and related acyl-CoA thioesterases	1	1	0.9336	1	kept	0	0.0819	0	gap	0	0.0391	0	gap
COG4678	MX	Muramidase (phage lambda lysozyme)	1	0	0.0457	0	gap	0	0.0194	0	gap	0	0.0202	0	gap
COG4679	X	Phage-related protein	1	1	0.8195	1	kept	1	0.6953	1	kept	0	0.0820	0	gap
COG4680	JV	mRNA-degrading endonuclease (mRNA interferase) HigB, toxic component of the HigAB toxin-antitoxin module	0	0	0.1117	0	absent	0	0.0575	0	absent	0	0.0874	0	absent
COG4681	S	Uncharacterized conserved protein YaeQ, suppresses RfaH defect	1	1	0.9252	1	kept	0	0.6448	1	recovered	1	0.4500	0	gap
COG4682	S	Uncharacterized membrane protein YiaA	1	0	0.0385	0	gap	1	0.4572	0	gap	0	0.0778	0	gap
COG4683	S	Uncharacterized conserved protein	0	0	0.0307	0	absent	0	0.0289	0	absent	0	0.0316	0	absent
COG4684	S	Uncharacterized membrane protein	0	0	0.0000	0	absent	0	0.0001	0	absent	0	0.0001	0	absent
COG4685	S	Uncharacterized conserved protein YfaA, DUF2138 family	1	1	0.0129	0	gap	0	0.0001	0	gap	0	0.0000	0	gap
COG4687	S	Uncharacterized conserved protein	0	0	0.0000	0	absent	0	0.0000	0	absent	0	0.0000	0	absent
COG4688	S	Uncharacterized conserved protein	0	0	0.0241	0	absent	0	0.0135	0	absent	0	0.0022	0	absent
COG4689	Q	Acetoacetate decarboxylase	0	0	0.1339	0	absent	0	0.0656	0	absent	0	0.0130	0	absent
COG4690	E	Dipeptidase	0	0	0.0990	0	absent	0	0.0600	0	absent	0	0.0117	0	absent
COG4691	V	Plasmid stability protein StbC1, contains ribbon-helix-helix domain	1	1	0.0475	0	gap	1	0.1715	0	gap	0	0.0102	0	gap
COG4692	GM	Predicted neuraminidase (sialidase)	0	0	0.0166	0	absent	0	0.0068	0	absent	0	0.0302	0	absent
COG4693	P	Oxidoreductase (NAD-binding), involved in siderophore biosynthesis	1	1	0.2015	0	gap	0	0.0055	0	gap	0	0.0011	0	gap
COG4694	J	Wobble nucleotide-excising tRNase	1	1	0.7733	1	kept	1	0.7407	1	kept	0	0.0857	0	gap
COG4695	X	Phage portal protein BeeE	1	1	0.9689	1	kept	1	0.3454	0	gap	0	0.0441	0	gap
COG4696	F	NTP pyrophosphatase, MazG superfamily	0	0	0.0142	0	absent	0	0.0054	0	absent	0	0.0110	0	absent
COG4697	S	Uncharacterized conserved protein, DUF2139 domain	0	0	0.0000	0	absent	0	0.0000	0	absent	0	0.0000	0	absent
COG4698	S	Uncharacterized conserved protein YpmS, DUF2140 family	0	0	0.0002	0	absent	0	0.0000	0	absent	0	0.0000	0	absent
COG4699	S	Uncharacterized conserved protein, DUF1033 domain	0	0	0.0000	0	absent	0	0.0000	0	absent	0	0.0000	0	absent
COG4700	S	Uncharacterized conserved protein ECs_4300, contains TPR-like domain	0	0	0.0029	0	absent	0	0.0127	0	absent	0	0.0020	0	absent
COG4701	S	Uncharacterized conserved protein	0	0	0.0011	0	absent	0	0.0003	0	absent	0	0.0000	0	absent
COG4702	S	Uncharacterized conserved protein, UPF0303 family	0	0	0.0348	0	absent	0	0.0323	0	absent	0	0.0323	0	absent
COG4703	S	Uncharacterized conserved protein YkuJ, DUF1797 family	0	0	0.0000	0	absent	0	0.0000	0	absent	0	0.0000	0	absent
COG4704	S	Uncharacterized conserved protein, DUF2141 family	0	0	0.0441	0	absent	0	0.0597	0	absent	1	0.3608	0	absent
COG4705	S	Uncharacterized membrane-anchored protein	0	0	0.0640	0	absent	0	0.0103	0	absent	0	0.0047	0	absent
COG4706	I	Predicted 3-hydroxylacyl-ACP dehydratase, HotDog domain	0	0	0.0945	0	absent	0	0.0751	0	absent	0	0.1806	0	absent
COG4707	X	Prophage pi2 protein 07	0	0	0.0000	0	absent	0	0.0000	0	absent	0	0.0000	0	absent
COG4708	FJ	ECF-type transporter of queuosine precursor, membrane (S) component	0	0	0.0000	0	absent	0	0.0000	0	absent	0	0.0001	0	absent
COG4709	S	Uncharacterized membrane protein	0	0	0.0058	0	absent	0	0.0096	0	absent	0	0.0144	0	absent
COG4710	R	Predicted DNA-binding protein with an HTH domain	0	0	0.0079	0	absent	0	0.0182	0	absent	0	0.0637	0	absent
COG4711	S	Uncharacterized membrane protein	0	0	0.0049	0	absent	0	0.0475	0	absent	0	0.0409	0	absent
COG4712	L	Predicted ssDNA annealing protein, contains HHH motif, Rad42/Rad22/RecT/erf family	0	0	0.0779	0	absent	0	0.0216	0	absent	0	0.0107	0	absent
COG4713	S	Uncharacterized membrane protein	0	0	0.0093	0	absent	0	0.0035	0	absent	0	0.0091	0	absent
COG4714	S	Uncharacterized membrane-anchored protein	0	0	0.0357	0	absent	0	0.0200	0	absent	0	0.0084	0	absent
COG4715	S	Uncharacterized protein, contains SWIM-type Zn finger domain	1	1	0.9917	1	kept	0	0.1478	0	gap	1	0.8938	1	kept
COG4716	S	Myosin-crossreactive antigen  (function unknown)	0	0	0.2894	0	absent	0	0.0696	0	absent	0	0.1763	0	absent
COG4717	S	Uncharacterized conserved protein YhaN, contains AAA domain	0	0	0.0035	0	absent	0	0.0016	0	absent	0	0.0207	0	absent
COG4718	X	Phage tail protein	1	0	0.0049	0	gap	1	0.0347	0	gap	0	0.0002	0	gap
COG4719	S	Uncharacterized conserved protein, UCP014979 family	0	0	0.0220	0	absent	0	0.0309	0	absent	0	0.0214	0	absent
COG4720	H	ECF-type riboflavin transporter, membrane (S) component	0	0	0.0062	0	absent	0	0.0048	0	absent	0	0.0084	0	absent
COG4721	H	ABC-type thiamine/hydroxymethylpyrimidine transport system, permease component	0	0	0.0061	0	absent	0	0.0040	0	absent	0	0.0127	0	absent
COG4722	X	Phage-related protein YomH	0	0	0.0033	0	absent	0	0.0007	0	absent	0	0.0013	0	absent
COG4723	X	Phage-related protein, tail assembly protein I	1	1	0.3791	0	gap	0	0.0077	0	gap	0	0.0021	0	gap
COG4724	G	Endo-beta-N-acetylglucosaminidase D	0	0	0.0054	0	absent	0	0.0038	0	absent	0	0.0031	0	absent
COG4725	J	N6-adenosine-specific RNA methylase IME4	0	0	0.0110	0	absent	0	0.0125	0	absent	0	0.0068	0	absent
COG4726	NW	Type IV pilus assembly protein PilX	0	0	0.1308	0	absent	0	0.3071	0	absent	0	0.0947	0	absent
COG4727	S	Uncharacterized conserved protein, DUF2145 domain	0	0	0.0107	0	absent	0	0.0117	0	absent	0	0.0018	0	absent
COG4728	S	Uncharacterized conserved protein, DUF1653 family	0	0	0.0766	0	absent	0	0.2205	0	absent	0	0.1418	0	absent
COG4729	S	Uncharacterized conserved protein, DUF1850 family	0	0	0.0009	0	absent	0	0.0046	0	absent	0	0.0367	0	absent
COG4731	S	Uncharacterized conserved protein, DUF2147 family	0	0	0.0841	0	absent	0	0.1515	0	absent	0	0.1437	0	absent
COG4732	H	ECF-type thiazole transporter, membrane (S) component ThiW	0	0	0.0012	0	absent	0	0.0018	0	absent	0	0.0064	0	absent
COG4733	X	Phage-related protein, tail protein J	1	1	0.9918	1	kept	1	0.9681	1	kept	0	0.6494	1	recovered
COG4734	V	Antirestriction protein ArdA	0	0	0.0235	0	absent	0	0.0384	0	absent	0	0.0189	0	absent
COG4735	S	Uncharacterized conserved protein YaaW, UPF0174 family	1	0	0.0398	0	gap	0	0.0141	0	gap	1	0.2189	0	gap
COG4736	C	Cbb3-type cytochrome oxidase, subunit 3	0	0	0.0036	0	absent	0	0.0023	0	absent	0	0.0358	0	absent
COG4737	S	Uncharacterized conserved protein	1	0	0.0259	0	gap	0	0.0554	0	gap	1	0.1892	0	gap
COG4738	K	Predicted transcriptional regulator	0	0	0.0000	0	absent	0	0.0000	0	absent	0	0.0000	0	absent
COG4739	S	Uncharacterized conserved protein, contains ferredoxin domain	0	0	0.0007	0	absent	0	0.0004	0	absent	0	0.0030	0	absent
COG4740	R	Predicted metalloprotease	0	0	0.0000	0	absent	0	0.0000	0	absent	0	0.0000	0	absent
COG4741	F	Predicted secreted endonuclease distantly related to archaeal Holliday junction resolvase	0	0	0.0004	0	absent	0	0.0003	0	absent	0	0.0007	0	absent
COG4742	K	Predicted transcriptional regulator, contains HTH domain	0	0	0.0004	0	absent	0	0.0003	0	absent	0	0.0003	0	absent
COG4743	S	Uncharacterized membrane protein, DUF1616 domain	0	0	0.0002	0	absent	0	0.0001	0	absent	0	0.0001	0	absent
COG4744	S	Uncharacterized conserved protein, DUF2149 domain	0	0	0.0038	0	absent	0	0.0414	0	absent	0	0.0064	0	absent
COG4745	R	Predicted membrane-bound mannosyltransferase, involved in protein glycosylation	0	0	0.0029	0	absent	0	0.0055	0	absent	0	0.0175	0	absent
COG4746	S	Uncharacterized conserved protein	0	0	0.0001	0	absent	0	0.0002	0	absent	0	0.0000	0	absent
COG4747	R	ACT domain-containing protein	0	0	0.0365	0	absent	0	0.2375	0	absent	0	0.1113	0	absent
COG4748	S	Uncharacterized conserved protein, contains restriction enzyme R protein N terminal (HSDR_N) domain	0	0	0.4117	0	absent	0	0.2157	0	absent	0	0.1365	0	absent
COG4749	S	Uncharacterized conserved protein, DUF2150 domain	0	0	0.0000	0	absent	0	0.0000	0	absent	0	0.0000	0	absent
COG4750	MI	CTP:phosphocholine cytidylyltransferase LicC	0	0	0.0004	0	absent	0	0.0002	0	absent	0	0.0010	0	absent
COG4752	S	Uncharacterized conserved protein	0	0	0.0156	0	absent	0	0.6343	1	FP	0	0.3930	0	absent
COG4753	TK	Two-component response regulator, YesN/AraC family, consists of REC and AraC-type DNA-binding domains	0	0	0.0518	0	absent	0	0.0764	0	absent	0	0.2154	0	absent
COG4754	R	Extracellular substrate-binding protein	0	0	0.0004	0	absent	0	0.0002	0	absent	0	0.0001	0	absent
COG4755	S	Uncharacterized conserved protein, DUF2153 domain	0	0	0.0000	0	absent	0	0.0000	0	absent	0	0.0000	0	absent
COG4756	R	Predicted cation transporter	0	0	0.0002	0	absent	0	0.0000	0	absent	0	0.0007	0	absent
COG4757	R	Predicted alpha/beta hydrolase	0	0	0.0243	0	absent	0	0.0074	0	absent	0	0.0120	0	absent
COG4758	T	Membrane protein LiaF, inhibitor of the LiaRS two-component envelope stress sensory system	0	0	0.2673	0	absent	0	0.0743	0	absent	0	0.3272	0	absent
COG4759	R	Uncharacterized conserved protein, contains thioredoxin-like domain	0	0	0.0055	0	absent	0	0.0045	0	absent	0	0.0064	0	absent
COG4760	S	Uncharacterized membrane protein, YccA/Bax inhibitor family	0	0	0.2621	0	absent	0	0.0529	0	absent	0	0.1525	0	absent
COG4762	S	Uncharacterized conserved protein, UPF0548 family	0	0	0.0011	0	absent	0	0.0014	0	absent	0	0.0007	0	absent
COG4763	S	Uncharacterized membrane protein YcfT	1	0	0.0014	0	gap	0	0.0022	0	gap	0	0.0030	0	gap
COG4764	R	Predicted transglycosylase, contains SLT domain	0	0	0.0004	0	absent	0	0.0042	0	absent	0	0.0006	0	absent
COG4765	S	Uncharacterized conserved protein, DUF2155 domain	0	0	0.0006	0	absent	0	0.0019	0	absent	0	0.0002	0	absent
COG4766	E	Ethanolamine utilization protein EutQ, cupin superfamily (function unknown)	1	1	0.9177	1	kept	0	0.8146	1	recovered	0	0.0227	0	gap
COG4767	V	Glycopeptide antibiotics resistance protein	0	1	0.7311	1	FP	1	0.4045	0	absent	0	0.0816	0	absent
COG4768	S	Uncharacterized conserved protein YoxC, contains an MCP-like domain	0	0	0.0003	0	absent	0	0.0004	0	absent	0	0.0009	0	absent
COG4769	S	Uncharacterized membrane protein	0	0	0.0001	0	absent	0	0.0110	0	absent	0	0.0011	0	absent
COG4770	I	Acetyl/propionyl-CoA carboxylase, alpha subunit	0	0	0.9257	1	FP	0	0.9488	1	FP	0	0.8704	1	FP
COG4772	P	Outer membrane receptor for Fe3+-dicitrate	1	0	0.7405	1	recovered	1	0.9767	1	kept	0	0.1221	0	gap
COG4773	P	Outer membrane receptor for ferric coprogen and ferric-rhodotorulic acid	1	1	0.9972	1	kept	0	0.7071	1	recovered	0	0.5640	1	recovered
COG4774	P	Outer membrane receptor for monomeric catechols	1	1	0.9952	1	kept	1	0.9239	1	kept	0	0.4355	0	gap
COG4775	M	Outer membrane protein assembly factor BamA	1	0	1.0000	1	recovered	0	1.0000	1	recovered	0	0.9992	1	recovered
COG4776	K	Exoribonuclease II	1	1	0.0000	0	gap	1	0.0000	0	gap	1	0.0001	0	gap
COG4778	P	Alpha-D-ribose 1-methylphosphonate 5-triphosphate synthase subunit PhnL	1	1	0.7173	1	kept	1	0.9526	1	kept	0	0.0435	0	gap
COG4779	P	ABC-type enterobactin transport system, permease component	1	1	0.0611	0	gap	0	0.0002	0	gap	0	0.0022	0	gap
COG4781	I	Membrane-anchored glycerophosphoryl diester phosphodiesterase (GDPDase), membrane domain	0	0	0.0000	0	absent	0	0.0000	0	absent	0	0.0000	0	absent
COG4782	R	Esterase/lipase superfamily enzyme	0	0	0.1533	0	absent	0	0.3406	0	absent	0	0.1567	0	absent
COG4783	MO	Outer membrane protein chaperone/metalloprotease BepA/YfgC, contains M48 and TPR domains	1	1	0.9979	1	kept	1	0.9991	1	kept	1	0.9924	1	kept
COG4784	R	Putative Zn-dependent protease	0	0	0.0272	0	absent	0	0.1445	0	absent	0	0.0179	0	absent
COG4785	M	Lipoprotein NlpI, contains TPR repeats	1	1	0.0234	0	gap	0	0.0008	0	gap	1	0.0041	0	gap
COG4786	N	Flagellar basal body rod protein FlgG	1	1	1.0000	1	kept	1	0.9984	1	kept	0	0.5019	1	recovered
COG4787	N	Flagellar basal body rod protein FlgF	1	0	0.0012	0	gap	0	0.0010	0	gap	1	0.0026	0	gap
COG4789	U	Type III secretory pathway, component EscV	0	0	0.0319	0	absent	0	0.0275	0	absent	0	0.0254	0	absent
COG4790	U	Type III secretory pathway, EscR/YscR component	0	0	0.0236	0	absent	0	0.0408	0	absent	0	0.0209	0	absent
COG4791	U	Type III secretory pathway, EscT/YscT component	0	0	0.0085	0	absent	0	0.0069	0	absent	0	0.0127	0	absent
COG4792	U	Type III secretory pathway, EscU/YscU component	0	0	0.0008	0	absent	0	0.0012	0	absent	0	0.0011	0	absent
COG4794	U	Type III secretory pathway, EscS/YscS component	0	0	0.0014	0	absent	0	0.0017	0	absent	0	0.0037	0	absent
COG4795	U	Type II secretory pathway, PulJ/GspJ component	1	0	0.0800	0	gap	0	0.1829	0	gap	0	0.0040	0	gap
COG4796	U	Type II secretory pathway, component HofQ	1	0	0.5682	1	recovered	0	0.8530	1	recovered	0	0.2791	0	gap
COG4797	R	Predicted regulatory domain of a methyltransferase	0	0	0.0000	0	absent	0	0.0001	0	absent	0	0.0000	0	absent
COG4798	R	Predicted methyltransferase	0	0	0.0011	0	absent	1	0.0632	0	absent	0	0.0006	0	absent
COG4799	I	Acetyl-CoA carboxylase, carboxyltransferase component	0	0	0.9982	1	FP	0	0.9619	1	FP	0	0.9297	1	FP
COG4800	K	Predicted transcriptional regulator with an HTH domain	0	0	0.0002	0	absent	0	0.0000	0	absent	0	0.0000	0	absent
COG4801	R	Predicted acyltransferase, contains DUF342 domain	0	0	0.0004	0	absent	0	0.0003	0	absent	0	0.0002	0	absent
COG4802	C	Ferredoxin-thioredoxin reductase, catalytic subunit	0	0	0.0119	0	absent	0	0.0117	0	absent	0	0.0383	0	absent
COG4803	S	Uncharacterized membrane protein	0	0	0.0606	0	absent	0	0.0351	0	absent	0	0.1170	0	absent
COG4804	R	Predicted nuclease of restriction endonuclease-like (RecB) superfamily,  DUF1016 family	0	0	0.2127	0	absent	0	0.4586	0	absent	0	0.3245	0	absent
COG4805	S	Uncharacterized conserved protein, DUF885 family	0	0	0.2341	0	absent	0	0.1029	0	absent	0	0.2004	0	absent
COG4806	G	L-rhamnose isomerase	1	0	0.0071	0	gap	0	0.0023	0	gap	0	0.0055	0	gap
COG4807	S	Uncharacterized conserved protein YehS, DUF1456 family	1	1	0.7728	1	kept	0	0.8143	1	recovered	0	0.3832	0	gap
COG4808	S	Uncharacterized lipoprotein YehR, DUF1307 family	1	1	0.0221	0	gap	1	0.0173	0	gap	0	0.0018	0	gap
COG4809	G	Archaeal ADP-dependent glucokinase/phosphofructokinase	0	0	0.0063	0	absent	0	0.0317	0	absent	0	0.0034	0	absent
COG4810	E	Ethanolamine utilization protein EutS, microcompartment shell protein	1	1	0.9609	1	kept	1	0.9902	1	kept	0	0.0230	0	gap
COG4811	S	Uncharacterized membrane protein YobD, UPF0266 family	1	1	0.0001	0	gap	0	0.0000	0	gap	0	0.0000	0	gap
COG4812	E	Ethanolamine utilization protein EutT, cobalamin adenosyltransferase	1	0	0.2092	0	gap	1	0.9125	1	kept	0	0.0060	0	gap
COG4813	G	Trehalose utilization protein	0	0	0.0003	0	absent	0	0.0007	0	absent	0	0.0004	0	absent
COG4814	S	Uncharacterized conserved protein with an alpha/beta hydrolase fold	0	0	0.0000	0	absent	0	0.0000	0	absent	0	0.0000	0	absent
COG4815	S	Uncharacterized conserved protein	0	0	0.1239	0	absent	0	0.0206	0	absent	0	0.2632	0	absent
COG4816	E	Ethanolamine utilization protein EutL, microcompartment shell protein	1	1	0.9664	1	kept	1	0.9855	1	kept	0	0.0058	0	gap
COG4817	L	DNA-binding ferritin-like protein (Dps family)	0	0	0.0036	0	absent	0	0.0022	0	absent	0	0.0014	0	absent
COG4818	S	Uncharacterized membrane protein MJ1443, UPF0132 family	0	0	0.0010	0	absent	0	0.0008	0	absent	0	0.0013	0	absent
COG4819	E	Ethanolamine utilization protein EutA, possible chaperonin	1	0	0.6743	1	recovered	1	0.9887	1	kept	0	0.0068	0	gap
COG4820	E	Ethanolamine utilization protein EutJ, possible chaperonin	1	0	0.4999	0	gap	1	0.9609	1	kept	1	0.0798	0	gap
COG4821	R	Uncharacterized conserved protein, contains SIS (Sugar ISomerase) phosphosugar binding domain	0	0	0.0533	0	absent	0	0.0038	0	absent	0	0.0067	0	absent
COG4822	H	Cobalamin biosynthesis protein CbiK, Co2+ chelatase	0	0	0.3268	0	absent	0	0.6186	1	FP	0	0.2481	0	absent
COG4823	V	Abortive infection bacteriophage resistance protein	0	0	0.0623	0	absent	0	0.3087	0	absent	0	0.2818	0	absent
COG4824	X	Phage-related holin (Lysis protein)	0	0	0.0104	0	absent	0	0.0033	0	absent	0	0.0032	0	absent
COG4825	R	Uncharacterized conserved protein, contains thiamine pyrophosphokinase N- and C- domains	0	0	0.0000	0	absent	0	0.0000	0	absent	0	0.0000	0	absent
COG4826	O	Serine protease inhibitor	0	0	0.0103	0	absent	0	0.0363	0	absent	0	0.0128	0	absent
COG4827	R	Predicted transporter	0	0	0.0007	0	absent	0	0.0039	0	absent	0	0.0009	0	absent
COG4828	S	Uncharacterized membrane protein	0	0	0.0362	0	absent	0	0.0233	0	absent	0	0.0568	0	absent
COG4829	Q	Muconolactone delta-isomerase	0	0	0.0029	0	absent	0	0.0041	0	absent	0	0.0035	0	absent
COG4830	J	Ribosomal protein S26e	0	0	0.0000	0	absent	0	0.0000	0	absent	0	0.0000	0	absent
COG4831	T	Roadblock/LC7 domain	0	0	0.0003	0	absent	0	0.0002	0	absent	0	0.0001	0	absent
COG4832	VT	Cyclopropanoid cyclopropyl hydrolase, GyrI-like domain	0	0	0.0712	0	absent	0	0.0553	0	absent	0	0.0250	0	absent
COG4833	G	Predicted alpha-1,6-mannanase, GH76 family	0	0	0.0022	0	absent	0	0.0006	0	absent	0	0.0009	0	absent
COG4834	S	Uncharacterized conserved protein, DUF2184 domain	0	0	0.0610	0	absent	0	0.0102	0	absent	0	0.0057	0	absent
COG4835	S	Uncharacterized conserved protein	0	0	0.0000	0	absent	0	0.0000	0	absent	0	0.0000	0	absent
COG4836	S	Uncharacterized membrane protein YwzB	0	0	0.0003	0	absent	0	0.0001	0	absent	0	0.0000	0	absent
COG4837	O	Disulfide oxidoreductase YuzD	0	0	0.0005	0	absent	0	0.0001	0	absent	0	0.0000	0	absent
COG4838	S	Uncharacterized conserved protein YlaN, UPF0358 family	0	0	0.0020	0	absent	0	0.0005	0	absent	0	0.0001	0	absent
COG4839	D	Cell division protein FtsL	0	0	0.0021	0	absent	0	0.0010	0	absent	0	0.0006	0	absent
COG4840	S	Uncharacterized conserved protein YfkK, UPF0435 family	0	0	0.0025	0	absent	0	0.0001	0	absent	0	0.0000	0	absent
COG4841	S	Uncharacterized conserved protein YneR, related to HesB/YadR/YfhF family	0	0	0.0012	0	absent	0	0.0003	0	absent	0	0.0001	0	absent
COG4842	V	Secreted virulence factor YukE/EsxA, WXG100 family	0	0	0.0209	0	absent	0	0.0085	0	absent	0	0.0189	0	absent
COG4843	S	Uncharacterized conserved protein YebE, UPF0316/DUF2179 family	0	0	0.0840	0	absent	0	0.1000	0	absent	0	0.2608	0	absent
COG4844	S	Uncharacterized conserved protein YuzB, UPF0349 family	0	0	0.0119	0	absent	0	0.0034	0	absent	0	0.0004	0	absent
COG4845	V	Chloramphenicol O-acetyltransferase	0	0	0.2731	0	absent	0	0.2815	0	absent	0	0.1826	0	absent
COG4846	CO	Cytochrome c biogenesis protein CcdC	0	0	0.0288	0	absent	0	0.0027	0	absent	0	0.0004	0	absent
COG4847	S	Uncharacterized conserved protein, DUF2175 family	0	0	0.0000	0	absent	0	0.0000	0	absent	0	0.0000	0	absent
COG4848	R	YtpQ protein involved in methylglyoxal resistance, DUF1444/UPF0354 family	0	0	0.0158	0	absent	0	0.0027	0	absent	0	0.0054	0	absent
COG4849	R	Predicted nucleotidyltransferase	0	0	0.1101	0	absent	0	0.2178	0	absent	0	0.1459	0	absent
COG4850	I	Phosphatidate phosphatase APP1	0	0	0.0480	0	absent	0	0.3319	0	absent	0	0.2421	0	absent
COG4851	R	Uncharacterized conserved protein involved in sex pheromone biosynthesis	0	0	0.0001	0	absent	0	0.0001	0	absent	0	0.0001	0	absent
COG4852	S	Uncharacterized membrane protein	0	0	0.0006	0	absent	0	0.0270	0	absent	0	0.0144	0	absent
COG4853	T	YycI protein, regulator of the WalKR two-component signal transduction system	0	0	0.0001	0	absent	0	0.0003	0	absent	0	0.0001	0	absent
COG4854	S	Uncharacterized membrane protein AF1626, predicted component of bacteriocin or quorum sensing system, DUF2178 family	0	0	0.0000	0	absent	0	0.0000	0	absent	0	0.0000	0	absent
COG4855	F	Uncharacterized conserved protein	0	0	0.0013	0	absent	0	0.0014	0	absent	0	0.0016	0	absent
COG4856	T	Cyclic di-AMP synthase regulator CdaR, YbbR domain	0	0	0.3617	0	absent	0	0.7730	1	FP	0	0.4078	0	absent
COG4857	E	5-Methylthioribose/5-deoxyribose kinase, methionine salvage pathway	1	1	0.4792	0	gap	0	0.0604	0	gap	0	0.0192	0	gap
COG4858	S	Uncharacterized membrane-anchored protein	0	0	0.0002	0	absent	0	0.0001	0	absent	0	0.0002	0	absent
COG4859	S	Uncharacterized protein, contains DUF2185 domain	0	0	0.1218	0	absent	0	0.0658	0	absent	0	0.1518	0	absent
COG4860	K	Predicted DNA-binding transcriptional regulator, ArsR family	0	0	0.0000	0	absent	0	0.0000	0	absent	0	0.0000	0	absent
COG4861	S	Uncharacterized conserved protein	0	0	0.0569	0	absent	0	0.1018	0	absent	0	0.0369	0	absent
COG4862	KTN	Negative regulator MecA of genetic competence, sporulation and motility	0	0	0.0000	0	absent	0	0.0000	0	absent	0	0.0001	0	absent
COG4863	T	YycH protein, regulator of the WalKR two-component signal transduction system	0	0	0.0002	0	absent	0	0.0002	0	absent	0	0.0001	0	absent
COG4864	S	Uncharacterized conserved protein YqfA, UPF0365 family	0	0	0.0104	0	absent	0	0.0754	0	absent	0	0.0182	0	absent
COG4865	E	Glutamate mutase epsilon subunit	0	0	0.0256	0	absent	0	0.0288	0	absent	0	0.0533	0	absent
COG4866	S	Uncharacterized protein, contains DUF2156 domain	0	0	0.0805	0	absent	0	0.1947	0	absent	0	0.6216	1	FP
COG4867	S	Uncharacterized conserved protein, contains von Willebrand factor type A (vWFA) domain	0	0	0.0004	0	absent	0	0.0008	0	absent	0	0.0007	0	absent
COG4868	S	Uncharacterized conserved protein, UPF0371 family	0	0	0.0000	0	absent	0	0.0008	0	absent	0	0.0684	0	absent
COG4869	Q	Propanediol utilization protein	1	1	0.5441	1	kept	0	0.2891	0	gap	0	0.0112	0	gap
COG4870	O	Cysteine protease, C1A family	0	0	0.1784	0	absent	0	0.0836	0	absent	0	0.0121	0	absent
COG4871	K	Metal-binding trascriptional regulator, contains Fe-S cluster and ArsR family DNA binding domain	0	0	0.0005	0	absent	0	0.0012	0	absent	0	0.0011	0	absent
COG4872	S	Uncharacterized membrane protein	0	0	0.0171	0	absent	0	0.0481	0	absent	0	0.1566	0	absent
COG4873	S	Uncharacterized conserved protein YkvS, DUF2187 family	0	0	0.0002	0	absent	0	0.0000	0	absent	0	0.0000	0	absent
COG4874	S	Uncharacterized conserved protein	0	0	0.0202	0	absent	0	0.1409	0	absent	0	0.2299	0	absent
COG4875	O	Protein kinase association domain CaMKII_AD, NTF2-like superfamily	0	0	0.1508	0	absent	0	0.0549	0	absent	0	0.0162	0	absent
COG4876	S	Uncharacterized conserved protein YdaT	0	0	0.0022	0	absent	0	0.0029	0	absent	0	0.0028	0	absent
COG4877	S	Uncharacterized conserved protein	0	0	0.0181	0	absent	0	0.0028	0	absent	0	0.0317	0	absent
COG4878	S	Uncharacterized conserved protein, DUF2194 domain	0	0	0.0004	0	absent	0	0.0012	0	absent	0	0.0011	0	absent
COG4879	S	Uncharacterized protein, contains DUF2192 domain	0	0	0.0000	0	absent	0	0.0000	0	absent	0	0.0000	0	absent
COG4880	R	Secreted protein containing C-terminal beta-propeller domain distantly related to WD-40 repeats	0	0	0.0002	0	absent	0	0.0001	0	absent	0	0.0001	0	absent
COG4881	P	Predicted membrane anchor for polysulfide/nitrite-type reductase, PsrC/NrfD syperfamily	0	0	0.0010	0	absent	0	0.0014	0	absent	0	0.0009	0	absent
COG4882	R	Predicted aminopeptidase, Iap family	0	0	0.0001	0	absent	0	0.0000	0	absent	0	0.0001	0	absent
COG4883	S	Uncharacterized conserved protein, DUF2193 domain	0	0	0.0005	0	absent	0	0.0004	0	absent	0	0.0002	0	absent
COG4884	S	Uncharacterized conserved protein YfeS, contains WGR domain	0	0	0.0086	0	absent	0	0.0036	0	absent	0	0.0014	0	absent
COG4885	S	Uncharacterized conserved protein	0	0	0.0005	0	absent	0	0.0074	0	absent	0	0.0032	0	absent
COG4886	K	Leucine-rich repeat (LRR) protein	0	0	0.4257	0	absent	0	0.1520	0	absent	0	0.0722	0	absent
COG4887	S	Uncharacterized metal-binding protein MJ0455, DUF1847 family	0	0	0.0135	0	absent	0	0.0551	0	absent	0	0.0132	0	absent
COG4888	K	Transcription elongation factor Elf1, contains Zn-ribbon domain	0	0	0.0015	0	absent	0	0.0025	0	absent	0	0.0001	0	absent
COG4889	R	Predicted helicase	0	0	0.0013	0	absent	0	0.0006	0	absent	0	0.0011	0	absent
COG4890	S	Predicted outer membrane lipoprotein	1	1	0.0275	0	gap	1	0.0313	0	gap	0	0.0000	0	gap
COG4891	S	Uncharacterized conserved protein	0	0	0.0294	0	absent	0	0.0379	0	absent	0	0.0252	0	absent
COG4892	R	Predicted heme/steroid binding protein	0	0	0.0019	0	absent	0	0.0784	0	absent	0	0.0020	0	absent
COG4893	S	Uncharacterized conserved protein, DUF2195 domain	0	0	0.0000	0	absent	0	0.0000	0	absent	0	0.0000	0	absent
COG4894	I	Putative phospholipid scramblase YxjI, Tubby2 superfamily	0	0	0.0891	0	absent	0	0.1023	0	absent	0	0.2781	0	absent
COG4895	S	Uncharacterized conserved protein YwbE, DUF2196 family	0	0	0.3700	0	absent	0	0.7465	1	FP	0	0.5166	1	FP
COG4896	S	Uncharacterized conserved protein YlaI, DUF2197 family	0	0	0.0003	0	absent	0	0.0001	0	absent	0	0.0000	0	absent
COG4897	S	General stress protein CsbA (function unknown)	0	0	0.0001	0	absent	0	0.0000	0	absent	0	0.0000	0	absent
COG4898	S	Uncharacterized conserved protein	0	0	0.0282	0	absent	0	0.0120	0	absent	0	0.0488	0	absent
COG4899	S	Uncharacterized conserved protein, DUF2199 domain	0	0	0.0085	0	absent	0	0.0027	0	absent	0	0.0060	0	absent
COG4900	R	Predicted metallopeptidase	0	0	0.0047	0	absent	0	0.0057	0	absent	0	0.0007	0	absent
COG4901	J	Ribosomal protein S25e	0	0	0.0000	0	absent	0	0.0000	0	absent	0	0.0000	0	absent
COG4902	R	Ferritin-like protein MJ0754, DUF2202 family	0	0	0.0746	0	absent	0	0.1814	0	absent	0	0.1317	0	absent
COG4903	K	Competence transcription factor ComK	0	0	0.0000	0	absent	0	0.0000	0	absent	0	0.0000	0	absent
COG4904	S	Uncharacterized conserved protein	0	0	0.0000	0	absent	0	0.0000	0	absent	0	0.0000	0	absent
COG4905	S	Uncharacterized membrane protein	0	0	0.0006	0	absent	0	0.0016	0	absent	0	0.0013	0	absent
COG4906	S	Uncharacterized membrane protein	0	0	0.0002	0	absent	0	0.0001	0	absent	0	0.0001	0	absent
COG4907	S	Uncharacterized membrane protein	1	0	0.2315	0	gap	0	0.1618	0	gap	1	0.8223	1	kept
COG4908	R	Uncharacterized conserved protein, contains a NRPS condensation (elongation) domain	0	0	0.0043	0	absent	0	0.0086	0	absent	0	0.0075	0	absent
COG4909	Q	Propanediol dehydratase, large subunit	0	0	0.0348	0	absent	0	0.1106	0	absent	0	0.0043	0	absent
COG4910	Q	Propanediol dehydratase, small subunit	0	0	0.0390	0	absent	0	0.1097	0	absent	0	0.0039	0	absent
COG4911	S	Uncharacterized conserved protein, DUF2203 domain	0	0	0.0000	0	absent	0	0.0002	0	absent	0	0.0005	0	absent
COG4912	L	3-methyladenine DNA glycosylase AlkD	0	0	0.5879	1	FP	0	0.1973	0	absent	0	0.6265	1	FP
COG4913	S	Uncharacterized conserved protein, contains a C-terminal ATPase domain	0	0	0.3242	0	absent	0	0.2930	0	absent	0	0.2668	0	absent
COG4914	R	Predicted nucleotidyltransferase	0	0	0.0051	0	absent	0	0.0192	0	absent	0	0.0142	0	absent
COG4915	QR	5-bromo-4-chloroindolyl phosphatase XpaC	0	0	0.0004	0	absent	0	0.0002	0	absent	0	0.0038	0	absent
COG4916	S	Uncharacterized conserved protein	0	0	0.1292	0	absent	0	0.1198	0	absent	0	0.0188	0	absent
COG4917	E	Ethanolamine utilization protein EutP, contains a P-loop NTPase domain	1	0	0.8079	1	recovered	1	0.9919	1	kept	0	0.0272	0	gap
COG4918	R	Predicted Fe-S cluster biosynthesis protein YqkB	0	0	0.0000	0	absent	0	0.0000	0	absent	0	0.0000	0	absent
COG4919	J	Ribosomal protein S30	0	0	0.0000	0	absent	0	0.0000	0	absent	0	0.0000	0	absent
COG4920	S	Uncharacterized membrane protein	0	0	0.0000	0	absent	0	0.0000	0	absent	0	0.0000	0	absent
COG4921	S	Uncharacterized conserved protein, DUF2209 domain	0	0	0.0000	0	absent	0	0.0000	0	absent	0	0.0000	0	absent
COG4922	R	Predicted SnoaL-like aldol condensation-catalyzing enzyme	0	0	0.1661	0	absent	0	0.2129	0	absent	0	0.0860	0	absent
COG4923	R	Predicted nuclease (RNAse H fold)	0	0	0.0039	0	absent	0	0.0254	0	absent	0	0.0048	0	absent
COG4924	S	Uncharacterized conserved protein	0	0	0.0537	0	absent	0	0.1152	0	absent	0	0.1096	0	absent
COG4925	S	Uncharacterized conserved protein	0	0	0.2730	0	absent	0	0.0781	0	absent	0	0.1546	0	absent
COG4926	X	Phage-related protein	0	0	0.0030	0	absent	0	0.0015	0	absent	0	0.0015	0	absent
COG4927	R	Predicted choloylglycine hydrolase	0	0	0.3782	0	absent	0	0.1518	0	absent	0	0.2043	0	absent
COG4928	R	Predicted P-loop ATPase, KAP-like	1	1	0.9848	1	kept	1	0.9676	1	kept	0	0.2078	0	gap
COG4929	S	Uncharacterized membrane-anchored protein	0	0	0.1418	0	absent	0	0.2041	0	absent	0	0.5571	1	FP
COG4930	O	Predicted ATP-dependent Lon-type protease	0	0	0.0366	0	absent	0	0.1322	0	absent	0	0.0316	0	absent
COG4932	M	Clumping factor A-related surface protein, MSCRAMM (microbial surface components recognizing adhesive matrix molecules) family, DEv-IgG fold	1	0	0.4940	0	gap	1	0.9517	1	kept	0	0.4313	0	gap
COG4933	K	Predicted transcriptional regulator, contains an HTH and PUA-like domains	0	0	0.1265	0	absent	0	0.0625	0	absent	0	0.0434	0	absent
COG4934	O	Serine protease, subtilase family	0	1	0.6107	1	FP	0	0.0114	0	absent	0	0.0008	0	absent
COG4935	O	Regulatory P domain of the subtilisin-like proprotein convertases and other proteases	0	0	0.0114	0	absent	0	0.0039	0	absent	0	0.0024	0	absent
COG4936	T	Ligand-binding sensor domain	0	0	0.0105	0	absent	0	0.1290	0	absent	0	0.0197	0	absent
COG4938	R	Predicted ATPase	0	0	0.0470	0	absent	0	0.0883	0	absent	0	0.0236	0	absent
COG4939	S	Membrane-anchored lipoprotein Tpp15, major membrane immunogen	0	0	0.0103	0	absent	0	0.0112	0	absent	0	0.0077	0	absent
COG4940	X	Competence protein ComGF	0	0	0.0010	0	absent	0	0.0004	0	absent	0	0.0002	0	absent
COG4941	K	Predicted RNA polymerase sigma factor, contains C-terminal TPR domain	0	0	0.4387	0	absent	0	0.1189	0	absent	0	0.0127	0	absent
COG4942	D	Septal ring factor EnvC, activator of murein hydrolases AmiA and AmiB	1	0	0.9777	1	recovered	1	0.9959	1	kept	0	0.9001	1	recovered
COG4943	T	Redox-sensing c-di-GMP phosphodiesterase, contains CSS-motif and EAL domains	1	0	0.0081	0	gap	0	0.0076	0	gap	0	0.0021	0	gap
COG4944	S	Uncharacterized conserved protein	0	0	0.0024	0	absent	0	0.0029	0	absent	0	0.0009	0	absent
COG4945	GT	Carbohydrate-binding DOMON domain	0	0	0.0323	0	absent	0	0.0343	0	absent	0	0.0110	0	absent
COG4946	S	Uncharacterized N-terminal domain of tricorn protease, contains WD40 repeats	0	0	0.0032	0	absent	0	0.0027	0	absent	0	0.0026	0	absent
COG4947	R	Esterase/lipase superfamily enzyme	0	0	0.3202	0	absent	0	0.1938	0	absent	0	0.1820	0	absent
COG4948	MR	L-alanine-DL-glutamate epimerase or related enzyme of enolase superfamily	1	1	0.9995	1	kept	0	0.9857	1	recovered	0	0.8580	1	recovered
COG4949	S	Uncharacterized membrane-anchored protein	0	0	0.0101	0	absent	0	0.0247	0	absent	0	0.0021	0	absent
COG4950	S	N-terminal domain of uncharacterized protein YciW (function unknown)	0	0	0.0011	0	absent	0	0.0008	0	absent	0	0.0003	0	absent
COG4951	S	Uncharacterized conserved protein	0	0	0.0093	0	absent	0	0.0030	0	absent	0	0.0193	0	absent
COG4952	M	L-rhamnose isomerase	0	0	0.0901	0	absent	0	0.0176	0	absent	0	0.0110	0	absent
COG4953	M	Membrane carboxypeptidase/penicillin-binding protein PbpC	1	1	0.9979	1	kept	0	0.7127	1	recovered	0	0.4193	0	gap
COG4954	S	Uncharacterized conserved protein, DUF2000 domain	0	0	0.1192	0	absent	0	0.1013	0	absent	0	0.0336	0	absent
COG4955	S	Uncharacterized conserved protein YpbB, contains C-terminal HTH domain	0	0	0.0004	0	absent	0	0.0001	0	absent	0	0.0000	0	absent
COG4956	R	Uncharacterized conserved protein YacL, contains PIN and TRAM domains	0	0	0.0006	0	absent	0	0.0002	0	absent	0	0.0012	0	absent
COG4957	K	Predicted transcriptional regulator	0	0	0.0369	0	absent	0	0.0879	0	absent	0	0.0355	0	absent
COG4959	OU	Type IV secretory pathway, protease TraF	0	0	0.0296	0	absent	0	0.0983	0	absent	0	0.0055	0	absent
COG4960	OT	Flp pilus assembly protein, peptidase CpaA	0	0	0.0003	0	absent	0	0.0007	0	absent	0	0.0011	0	absent
COG4961	UW	Flp pilus assembly protein TadG, includes N-terminal TadE domain	0	0	0.0046	0	absent	0	0.0094	0	absent	0	0.0131	0	absent
COG4962	UW	Pilus assembly protein, ATPase of CpaF family	0	0	0.0176	0	absent	0	0.1299	0	absent	0	0.4514	0	absent
COG4963	UW	Flp pilus assembly ATPase CpaE/TadZ, contains N-terminal REC/TadZ_N domain	0	0	0.0071	0	absent	0	0.0098	0	absent	0	0.0144	0	absent
COG4964	UW	Flp pilus assembly protein, secretin CpaC	0	0	0.0095	0	absent	0	0.0155	0	absent	0	0.0533	0	absent
COG4965	UW	Flp pilus assembly protein TadB	0	0	0.0046	0	absent	0	0.0473	0	absent	0	0.3951	0	absent
COG4966	NW	Type IV pilus assembly protein PilW	0	0	0.2980	0	absent	0	0.5926	1	FP	0	0.0790	0	absent
COG4967	NW	Type IV pilus assembly protein PilV	1	1	0.9757	1	kept	1	0.9544	1	kept	0	0.2406	0	gap
COG4968	NW	Type IV pilus assembly protein PilE	0	0	0.1692	0	absent	0	0.6045	1	FP	0	0.1535	0	absent
COG4969	NW	Type IV pilus assembly protein, major pilin PilA	1	1	0.8520	1	kept	1	0.8697	1	kept	1	0.5755	1	kept
COG4970	NW	Type IV pilus assembly protein FimT	0	0	0.4155	0	absent	0	0.7009	1	FP	0	0.1376	0	absent
COG4972	NW	Type IV pilus assembly protein, ATPase PilM	1	1	0.9979	1	kept	1	0.9990	1	kept	0	0.6249	1	recovered
COG4973	L	Site-specific recombinase XerC	1	1	0.1464	0	gap	1	0.2043	0	gap	0	0.0026	0	gap
COG4974	L	Site-specific recombinase XerD	1	0	0.9993	1	recovered	1	0.9999	1	kept	1	0.9993	1	kept
COG4975	G	Glucose uptake protein GlcU	1	1	0.2255	0	gap	1	0.0345	0	gap	1	0.0809	0	gap
COG4976	R	Predicted methyltransferase, contains TPR repeat	0	0	0.0157	0	absent	0	0.0428	0	absent	0	0.0545	0	absent
COG4977	K	Transcriptional regulator GlxA, contains an amidase domain and an AraC-type DNA-binding HTH domain	1	1	0.9996	1	kept	0	0.9336	1	recovered	0	0.6808	1	recovered
COG4978	T	GyrI-like small molecule binding domain	0	0	0.0489	0	absent	0	0.0206	0	absent	0	0.0848	0	absent
COG4980	R	Gas vesicle protein YhaH	0	0	0.1066	0	absent	0	0.1170	0	absent	0	0.1199	0	absent
COG4981	I	Enoyl reductase domain of yeast-type fatty acid synthase	0	0	0.0000	0	absent	0	0.0000	0	absent	0	0.0000	0	absent
COG4983	X	Primase-polymerase (Primpol) domain protein	0	0	0.0208	0	absent	0	0.0165	0	absent	0	0.0213	0	absent
COG4984	S	Uncharacterized membrane protein	0	0	0.2519	0	absent	0	0.2456	0	absent	0	0.3021	0	absent
COG4986	P	ABC-type anion transport system, duplicated permease component	0	0	0.1042	0	absent	0	0.0026	0	absent	0	0.0082	0	absent
COG4987	CO	ABC-type transport system involved in cytochrome bd biosynthesis, fused ATPase and permease components	1	1	0.9501	1	kept	0	0.6953	1	recovered	0	0.6841	1	recovered
COG4988	CO	ABC-type transport system involved in cytochrome bd biosynthesis, ATPase and permease components	1	0	0.3909	0	gap	1	0.8549	1	kept	0	0.1860	0	gap
COG4989	R	Predicted oxidoreductase YdhF	1	1	0.8072	1	kept	1	0.2232	0	gap	0	0.0210	0	gap
COG4990	R	Predicted cysteine peptidase, C39 family	0	0	0.1451	0	absent	0	0.1709	0	absent	0	0.0240	0	absent
COG4992	E	Acetylornithine/succinyldiaminopimelate/putrescine aminotransferase	1	1	0.9987	1	kept	1	0.9959	1	kept	0	0.8796	1	recovered
COG4993	G	Glucose dehydrogenase, PQQ-dependent	1	1	0.5472	1	kept	0	0.0273	0	gap	0	0.0022	0	gap
COG4994	S	Uncharacterized protein CV0675, UCP033623 family	0	0	0.0483	0	absent	0	0.0244	0	absent	0	0.0193	0	absent
COG4995	S	Uncharacterized conserved protein, contains CHAT domain	0	0	0.1677	0	absent	0	0.1592	0	absent	0	0.0567	0	absent
COG4996	R	Predicted phosphatase	0	0	0.0000	0	absent	0	0.0000	0	absent	0	0.0000	0	absent
COG4997	R	Predicted house-cleaning noncanonical NTP pyrophosphatase, all-alpha NTP-PPase (MazG) superfamily	0	0	0.0014	0	absent	0	0.0032	0	absent	0	0.0063	0	absent
COG4998	L	Predicted endonuclease, RecB family	0	0	0.0000	0	absent	0	0.0000	0	absent	0	0.0000	0	absent
COG5000	T	Signal transduction histidine kinase NtrY involved in nitrogen fixation and metabolism regulation	0	0	0.9901	1	FP	0	0.9903	1	FP	0	0.9548	1	FP
COG5001	T	Cyclic di-GMP metabolism protein, combines GGDEF and EAL domains with a 6TM membrane domain	1	0	0.7893	1	recovered	1	0.9960	1	kept	1	0.9849	1	kept
COG5002	T	Sensor histidine kinase WalK	1	0	0.9957	1	recovered	0	0.9911	1	recovered	1	0.9991	1	kept
COG5003	X	Mu-like prophage protein gp37	0	0	0.0038	0	absent	0	0.0040	0	absent	0	0.0010	0	absent
COG5004	X	P2-like prophage tail protein X	1	1	0.9036	1	kept	1	0.1966	0	gap	0	0.0135	0	gap
COG5005	X	Mu-like prophage protein gpG	1	1	0.8560	1	kept	0	0.0529	0	gap	0	0.0520	0	gap
COG5006	E	Threonine/homoserine efflux transporter RhtA	1	1	0.9784	1	kept	1	0.8822	1	kept	0	0.5354	1	recovered
COG5007	T	Acid stress protein IbaG/YrbA, BolA-like family	1	1	0.0420	0	gap	1	0.0261	0	gap	0	0.0004	0	gap
COG5008	NW	Type IV pilus assembly protein, ATPase PilU	0	0	0.0012	0	absent	0	0.0028	0	absent	0	0.0005	0	absent
COG5009	M	Membrane carboxypeptidase/penicillin-binding protein	1	1	0.9981	1	kept	0	0.9651	1	recovered	0	0.7482	1	recovered
COG5010	UW	Flp pilus assembly protein TadD, contains TPR repeats	0	0	0.2411	0	absent	0	0.0084	0	absent	0	0.0224	0	absent
COG5011	S	Uncharacterized conserved protein, DUF2344 family	0	0	0.0000	0	absent	0	0.0002	0	absent	0	0.0012	0	absent
COG5012	C	Methanogenic corrinoid protein MtbC1	0	0	0.1011	0	absent	0	0.5375	1	FP	0	0.0323	0	absent
COG5013	CP	Nitrate reductase alpha subunit	1	0	0.5711	1	recovered	0	0.2434	0	gap	1	0.7216	1	kept
COG5014	R	Uncharacterized conserved protein TM0948, MoaA-related, radical SAM superfamily	0	0	0.0007	0	absent	0	0.0005	0	absent	0	0.0002	0	absent
COG5015	R	Pyridoxamine 5'-phosphate oxidase (PNPOx-like) family protein	0	0	0.0039	0	absent	0	0.0044	0	absent	0	0.0017	0	absent
COG5016	C	Pyruvate/oxaloacetate carboxyltransferase	0	0	0.0374	0	absent	0	0.0321	0	absent	0	0.0541	0	absent
COG5017	G	UDP-N-acetylglucosamine transferase subunit ALG13	0	0	0.0165	0	absent	0	0.0359	0	absent	0	0.0075	0	absent
COG5018	T	3'-5' exonuclease KapD, inhibitor of KinA-controlled sporulation	0	0	0.0077	0	absent	0	0.0025	0	absent	0	0.0069	0	absent
COG5019			0	0	0.0004	0	absent	0	0.0002	0	absent	0	0.0003	0	absent
COG5020			0	0	0.0001	0	absent	0	0.0000	0	absent	0	0.0000	0	absent
COG5021			0	0	0.0005	0	absent	0	0.0002	0	absent	0	0.0001	0	absent
COG5022			0	0	0.0005	0	absent	0	0.0005	0	absent	0	0.0002	0	absent
COG5023	Z	Tubulin	0	0	0.0005	0	absent	0	0.0002	0	absent	0	0.0002	0	absent
COG5024			0	0	0.0000	0	absent	0	0.0000	0	absent	0	0.0000	0	absent
COG5025			0	0	0.0001	0	absent	0	0.0000	0	absent	0	0.0000	0	absent
COG5026	G	Hexokinase	0	0	0.0095	0	absent	0	0.0088	0	absent	0	0.0133	0	absent
COG5027			0	0	0.0000	0	absent	0	0.0000	0	absent	0	0.0000	0	absent
COG5028			0	0	0.0000	0	absent	0	0.0000	0	absent	0	0.0000	0	absent
COG5029	OI	Prenyltransferase, beta subunit	0	0	0.0013	0	absent	0	0.0017	0	absent	0	0.0009	0	absent
COG5030			0	0	0.0000	0	absent	0	0.0000	0	absent	0	0.0000	0	absent
COG5031	H	Ubiquinone biosynthesis protein Coq4	0	0	0.0011	0	absent	0	0.0005	0	absent	0	0.0004	0	absent
COG5032			0	0	0.0002	0	absent	0	0.0002	0	absent	0	0.0033	0	absent
COG5033			0	0	0.0027	0	absent	0	0.0015	0	absent	0	0.0002	0	absent
COG5034			0	0	0.0000	0	absent	0	0.0000	0	absent	0	0.0000	0	absent
COG5035			0	0	0.0000	0	absent	0	0.0000	0	absent	0	0.0000	0	absent
COG5036	PU	SPX domain-containing protein involved in vacuolar polyphosphate accumulation	0	0	0.0018	0	absent	0	0.0128	0	absent	0	0.0062	0	absent
COG5037			0	0	0.0000	0	absent	0	0.0000	0	absent	0	0.0000	0	absent
COG5038			0	0	0.0000	0	absent	0	0.0000	0	absent	0	0.0000	0	absent
COG5039	GM	Exopolysaccharide biosynthesis protein EpsI, predicted pyruvyl transferase	0	0	0.0247	0	absent	0	0.0298	0	absent	0	0.0295	0	absent
COG5040			0	0	0.0000	0	absent	0	0.0000	0	absent	0	0.0000	0	absent
COG5041			0	0	0.0000	0	absent	0	0.0000	0	absent	0	0.0000	0	absent
COG5042	F	Purine nucleoside permease	0	0	0.0117	0	absent	0	0.0088	0	absent	0	0.0005	0	absent
COG5043			0	0	0.0000	0	absent	0	0.0000	0	absent	0	0.0000	0	absent
COG5044			0	0	0.0000	0	absent	0	0.0000	0	absent	0	0.0000	0	absent
COG5045			0	0	0.0000	0	absent	0	0.0000	0	absent	0	0.0000	0	absent
COG5046			0	0	0.0000	0	absent	0	0.0000	0	absent	0	0.0000	0	absent
COG5047			0	0	0.0000	0	absent	0	0.0000	0	absent	0	0.0000	0	absent
COG5048			0	0	0.0026	0	absent	0	0.0027	0	absent	0	0.0060	0	absent
COG5049			0	0	0.0021	0	absent	0	0.0005	0	absent	0	0.0008	0	absent
COG5050	I	sn-1,2-diacylglycerol ethanolamine- and cholinephosphotranferases	0	0	0.0139	0	absent	0	0.0219	0	absent	0	0.0018	0	absent
COG5051			0	0	0.0000	0	absent	0	0.0000	0	absent	0	0.0000	0	absent
COG5052			0	0	0.0000	0	absent	0	0.0000	0	absent	0	0.0000	0	absent
COG5053			0	0	0.0000	0	absent	0	0.0000	0	absent	0	0.0000	0	absent
COG5054			0	0	0.0009	0	absent	0	0.0002	0	absent	0	0.0001	0	absent
COG5055	L	Recombinational DNA repair protein (RAD52 pathway)	0	0	0.0072	0	absent	0	0.0056	0	absent	0	0.0020	0	absent
COG5056			0	0	0.0000	0	absent	0	0.0000	0	absent	0	0.0000	0	absent
COG5057			0	0	0.0000	0	absent	0	0.0000	0	absent	0	0.0000	0	absent
COG5058			0	0	0.0000	0	absent	0	0.0000	0	absent	0	0.0000	0	absent
COG5059			0	0	0.0007	0	absent	0	0.0003	0	absent	0	0.0001	0	absent
COG5061			0	0	0.0233	0	absent	0	0.0756	0	absent	0	0.0223	0	absent
COG5062			0	0	0.0000	0	absent	0	0.0000	0	absent	0	0.0000	0	absent
COG5064			0	0	0.0000	0	absent	0	0.0000	0	absent	0	0.0000	0	absent
COG5065			0	0	0.0000	0	absent	0	0.0000	0	absent	0	0.0000	0	absent
COG5066			0	0	0.0001	0	absent	0	0.0000	0	absent	0	0.0000	0	absent
COG5068			0	0	0.0000	0	absent	0	0.0000	0	absent	0	0.0000	0	absent
COG5069			0	0	0.0003	0	absent	0	0.0001	0	absent	0	0.0000	0	absent
COG5070			0	0	0.0000	0	absent	0	0.0000	0	absent	0	0.0000	0	absent
COG5072			0	0	0.0000	0	absent	0	0.0000	0	absent	0	0.0000	0	absent
COG5074			0	0	0.0015	0	absent	0	0.0003	0	absent	0	0.0003	0	absent
COG5075			0	0	0.0000	0	absent	0	0.0000	0	absent	0	0.0000	0	absent
COG5076			0	0	0.0000	0	absent	0	0.0000	0	absent	0	0.0000	0	absent
COG5077			0	0	0.0001	0	absent	0	0.0000	0	absent	0	0.0000	0	absent
COG5078	O	Ubiquitin-protein ligase	0	0	0.0010	0	absent	0	0.0006	0	absent	0	0.0002	0	absent
COG5080			0	0	0.0000	0	absent	0	0.0000	0	absent	0	0.0000	0	absent
COG5082			0	0	0.0000	0	absent	0	0.0000	0	absent	0	0.0000	0	absent
COG5083	I	Phosphatidate phosphatase PAH1, contains Lipin and LNS2 domains. can be involved in plasmid maintenance	0	0	0.0093	0	absent	0	0.0112	0	absent	0	0.0022	0	absent
COG5087			0	0	0.0000	0	absent	0	0.0000	0	absent	0	0.0000	0	absent
COG5090			0	0	0.0000	0	absent	0	0.0000	0	absent	0	0.0000	0	absent
COG5091			0	0	0.0000	0	absent	0	0.0000	0	absent	0	0.0000	0	absent
COG5092			0	0	0.0000	0	absent	0	0.0000	0	absent	0	0.0000	0	absent
COG5093			0	0	0.0000	0	absent	0	0.0000	0	absent	0	0.0000	0	absent
COG5094			0	0	0.0702	0	absent	0	0.0154	0	absent	0	0.0183	0	absent
COG5096			0	0	0.0000	0	absent	0	0.0000	0	absent	0	0.0000	0	absent
COG5097			0	0	0.0000	0	absent	0	0.0000	0	absent	0	0.0000	0	absent
COG5098			0	0	0.0000	0	absent	0	0.0000	0	absent	0	0.0000	0	absent
COG5099			0	0	0.0000	0	absent	0	0.0000	0	absent	0	0.0000	0	absent
COG5100			0	0	0.0000	0	absent	0	0.0000	0	absent	0	0.0000	0	absent
COG5101			0	0	0.0000	0	absent	0	0.0000	0	absent	0	0.0000	0	absent
COG5102			0	0	0.0000	0	absent	0	0.0000	0	absent	0	0.0000	0	absent
COG5103			0	0	0.0000	0	absent	0	0.0000	0	absent	0	0.0000	0	absent
COG5106			0	0	0.0000	0	absent	0	0.0000	0	absent	0	0.0000	0	absent
COG5107			0	0	0.0004	0	absent	0	0.0020	0	absent	0	0.0016	0	absent
COG5108	K	Mitochondrial DNA-directed RNA polymerase	0	0	0.0060	0	absent	0	0.0049	0	absent	0	0.0018	0	absent
COG5110			0	0	0.0000	0	absent	0	0.0000	0	absent	0	0.0000	0	absent
COG5112			0	0	0.0000	0	absent	0	0.0000	0	absent	0	0.0000	0	absent
COG5113			0	0	0.4193	0	absent	0	0.0312	0	absent	0	0.1051	0	absent
COG5114			0	0	0.0023	0	absent	0	0.0027	0	absent	0	0.0025	0	absent
COG5116			0	0	0.0000	0	absent	0	0.0000	0	absent	0	0.0000	0	absent
COG5118			0	0	0.0000	0	absent	0	0.0000	0	absent	0	0.0000	0	absent
COG5119	R	Uncharacterized conserved protein, contains ParB-like nuclease domain	0	0	0.0002	0	absent	0	0.0000	0	absent	0	0.0000	0	absent
COG5122			0	0	0.0000	0	absent	0	0.0000	0	absent	0	0.0000	0	absent
COG5123			0	0	0.0000	0	absent	0	0.0000	0	absent	0	0.0000	0	absent
COG5124			0	0	0.0000	0	absent	0	0.0000	0	absent	0	0.0000	0	absent
COG5125			0	0	0.0000	0	absent	0	0.0000	0	absent	0	0.0000	0	absent
COG5126	T	Ca2+-binding protein, EF-hand superfamily	0	0	0.1526	0	absent	0	0.2254	0	absent	0	0.0795	0	absent
COG5127			0	0	0.0000	0	absent	0	0.0000	0	absent	0	0.0000	0	absent
COG5129			0	0	0.0000	0	absent	0	0.0000	0	absent	0	0.0000	0	absent
COG5131	O	Ubiquitin-like protein	0	0	0.0000	0	absent	0	0.0000	0	absent	0	0.0000	0	absent
COG5133			0	0	0.0000	0	absent	0	0.0000	0	absent	0	0.0000	0	absent
COG5134			0	0	0.0000	0	absent	0	0.0000	0	absent	0	0.0000	0	absent
COG5135	S	Uncharacterized conserved protein	0	0	0.0003	0	absent	0	0.0013	0	absent	0	0.0008	0	absent
COG5137			0	0	0.0000	0	absent	0	0.0000	0	absent	0	0.0000	0	absent
COG5139			0	0	0.0000	0	absent	0	0.0000	0	absent	0	0.0000	0	absent
COG5140			0	0	0.0000	0	absent	0	0.0000	0	absent	0	0.0000	0	absent
COG5141			0	0	0.0000	0	absent	0	0.0000	0	absent	0	0.0000	0	absent
COG5142			0	0	0.0000	0	absent	0	0.0000	0	absent	0	0.0000	0	absent
COG5143			0	0	0.0000	0	absent	0	0.0000	0	absent	0	0.0000	0	absent
COG5144			0	0	0.0013	0	absent	0	0.0005	0	absent	0	0.0001	0	absent
COG5145			0	0	0.0000	0	absent	0	0.0000	0	absent	0	0.0000	0	absent
COG5146	H	Pantothenate kinase	0	0	0.0042	0	absent	0	0.0084	0	absent	0	0.0036	0	absent
COG5147			0	0	0.0000	0	absent	0	0.0000	0	absent	0	0.0000	0	absent
COG5148	S	vWFA (von Willebrand factor type A) domain-containing protein	0	0	0.0000	0	absent	0	0.0000	0	absent	0	0.0000	0	absent
COG5150			0	0	0.0000	0	absent	0	0.0000	0	absent	0	0.0000	0	absent
COG5151			0	0	0.0000	0	absent	0	0.0000	0	absent	0	0.0000	0	absent
COG5153	U	Putative lipase ATG15 (essential for vacuolar disintegration of autophagic bodies)	0	0	0.0124	0	absent	0	0.0228	0	absent	0	0.0053	0	absent
COG5155			0	0	0.0000	0	absent	0	0.0000	0	absent	0	0.0000	0	absent
COG5156			0	0	0.0071	0	absent	0	0.0163	0	absent	0	0.0041	0	absent
COG5157			0	0	0.0000	0	absent	0	0.0000	0	absent	0	0.0000	0	absent
COG5158			0	0	0.0000	0	absent	0	0.0000	0	absent	0	0.0000	0	absent
COG5159			0	0	0.0000	0	absent	0	0.0000	0	absent	0	0.0000	0	absent
COG5160	O	Protease, Ulp1 family	0	0	0.0000	0	absent	0	0.0000	0	absent	0	0.0000	0	absent
COG5161			0	0	0.0001	0	absent	0	0.0000	0	absent	0	0.0000	0	absent
COG5162			0	0	0.0000	0	absent	0	0.0000	0	absent	0	0.0000	0	absent
COG5163			0	0	0.0000	0	absent	0	0.0000	0	absent	0	0.0000	0	absent
COG5164	K	Transcription elongation factor SPT5	0	0	0.1412	0	absent	0	0.1028	0	absent	0	0.2222	0	absent
COG5165			0	0	0.0000	0	absent	0	0.0000	0	absent	0	0.0000	0	absent
COG5166			0	0	0.0003	0	absent	0	0.0002	0	absent	0	0.0001	0	absent
COG5167			0	0	0.0000	0	absent	0	0.0000	0	absent	0	0.0000	0	absent
COG5169			0	0	0.0000	0	absent	0	0.0000	0	absent	0	0.0000	0	absent
COG5171			0	0	0.0000	0	absent	0	0.0000	0	absent	0	0.0000	0	absent
COG5173			0	0	0.0000	0	absent	0	0.0000	0	absent	0	0.0000	0	absent
COG5175			0	0	0.0000	0	absent	0	0.0000	0	absent	0	0.0000	0	absent
COG5176			0	0	0.0000	0	absent	0	0.0000	0	absent	0	0.0000	0	absent
COG5178			0	0	0.0000	0	absent	0	0.0000	0	absent	0	0.0000	0	absent
COG5180	A	PAB1-binding protein, interacts with poly(A)-binding protein	0	0	0.0010	0	absent	0	0.0013	0	absent	0	0.0013	0	absent
COG5182			0	0	0.0000	0	absent	0	0.0000	0	absent	0	0.0000	0	absent
COG5183			0	0	0.0019	0	absent	0	0.0018	0	absent	0	0.0027	0	absent
COG5184	DZ	Alpha-tubulin suppressor ATS1 and related RCC1 domain-containing proteins	0	0	0.4953	0	absent	0	0.3964	0	absent	0	0.2157	0	absent
COG5185	D	Chromosome segregation protein NDC80, interacts with SMC proteins	0	0	0.0287	0	absent	0	0.0086	0	absent	0	0.0036	0	absent
COG5186	A	Poly(A) polymerase Pap1	0	0	0.0007	0	absent	0	0.0001	0	absent	0	0.0000	0	absent
COG5187			0	0	0.0006	0	absent	0	0.0005	0	absent	0	0.0002	0	absent
COG5188			0	0	0.0000	0	absent	0	0.0000	0	absent	0	0.0000	0	absent
COG5189			0	0	0.0000	0	absent	0	0.0000	0	absent	0	0.0000	0	absent
COG5190	K	TFIIF-interacting CTD phosphatase, includes NLI-interacting factor	0	0	0.0149	0	absent	0	0.0075	0	absent	0	0.0024	0	absent
COG5192			0	0	0.0000	0	absent	0	0.0000	0	absent	0	0.0000	0	absent
COG5193			0	0	0.0000	0	absent	0	0.0000	0	absent	0	0.0000	0	absent
COG5194			0	0	0.0000	0	absent	0	0.0000	0	absent	0	0.0000	0	absent
COG5195			0	0	0.0000	0	absent	0	0.0000	0	absent	0	0.0000	0	absent
COG5196			0	0	0.0000	0	absent	0	0.0000	0	absent	0	0.0000	0	absent
COG5198			0	0	0.0001	0	absent	0	0.0000	0	absent	0	0.0000	0	absent
COG5199			0	0	0.0000	0	absent	0	0.0000	0	absent	0	0.0000	0	absent
COG5200			0	0	0.0000	0	absent	0	0.0000	0	absent	0	0.0000	0	absent
COG5201			0	0	0.0000	0	absent	0	0.0000	0	absent	0	0.0000	0	absent
COG5206	O	Glycosylphosphatidylinositol transamidase (GPIT), subunit GPI8	0	0	0.0007	0	absent	0	0.0006	0	absent	0	0.0002	0	absent
COG5207	R	Uncharacterized Zn-finger protein, UBP-type	0	0	0.0039	0	absent	0	0.0019	0	absent	0	0.0016	0	absent
COG5209			0	0	0.0000	0	absent	0	0.0000	0	absent	0	0.0000	0	absent
COG5210			0	0	0.0000	0	absent	0	0.0000	0	absent	0	0.0000	0	absent
COG5212	T	cAMP phosphodiesterase	0	0	0.0248	0	absent	0	0.0151	0	absent	0	0.0091	0	absent
COG5213			0	0	0.0000	0	absent	0	0.0000	0	absent	0	0.0000	0	absent
COG5214			0	0	0.0000	0	absent	0	0.0000	0	absent	0	0.0000	0	absent
COG5215			0	0	0.0009	0	absent	0	0.0002	0	absent	0	0.0000	0	absent
COG5216			0	0	0.0000	0	absent	0	0.0000	0	absent	0	0.0000	0	absent
COG5217			0	0	0.0000	0	absent	0	0.0000	0	absent	0	0.0000	0	absent
COG5218			0	0	0.0000	0	absent	0	0.0000	0	absent	0	0.0000	0	absent
COG5219			0	0	0.0000	0	absent	0	0.0000	0	absent	0	0.0000	0	absent
COG5222			0	0	0.0071	0	absent	0	0.0017	0	absent	0	0.0004	0	absent
COG5225			0	0	0.0000	0	absent	0	0.0000	0	absent	0	0.0000	0	absent
COG5226			0	0	0.0000	0	absent	0	0.0000	0	absent	0	0.0000	0	absent
COG5227			0	0	0.0000	0	absent	0	0.0000	0	absent	0	0.0000	0	absent
COG5228			0	0	0.0000	0	absent	0	0.0000	0	absent	0	0.0000	0	absent
COG5230			0	0	0.0000	0	absent	0	0.0000	0	absent	0	0.0000	0	absent
COG5231			0	0	0.0000	0	absent	0	0.0000	0	absent	0	0.0000	0	absent
COG5235			0	0	0.0000	0	absent	0	0.0000	0	absent	0	0.0000	0	absent
COG5236			0	0	0.0000	0	absent	0	0.0000	0	absent	0	0.0000	0	absent
COG5237			0	0	0.0000	0	absent	0	0.0000	0	absent	0	0.0000	0	absent
COG5238	J	Ran GTPase-activating protein (RanGAP) involved in mRNA processing and transport	0	0	0.0044	0	absent	0	0.0016	0	absent	0	0.0010	0	absent
COG5239			0	0	0.0088	0	absent	0	0.0036	0	absent	0	0.0024	0	absent
COG5240			0	0	0.0000	0	absent	0	0.0000	0	absent	0	0.0000	0	absent
COG5241			0	0	0.0000	0	absent	0	0.0000	0	absent	0	0.0000	0	absent
COG5243			0	0	0.0000	0	absent	0	0.0000	0	absent	0	0.0000	0	absent
COG5244			0	0	0.0002	0	absent	0	0.0001	0	absent	0	0.0000	0	absent
COG5245			0	0	0.0001	0	absent	0	0.0000	0	absent	0	0.0000	0	absent
COG5246			0	0	0.0000	0	absent	0	0.0000	0	absent	0	0.0000	0	absent
COG5247			0	0	0.0000	0	absent	0	0.0000	0	absent	0	0.0000	0	absent
COG5249			0	0	0.0000	0	absent	0	0.0000	0	absent	0	0.0000	0	absent
COG5251			0	0	0.0000	0	absent	0	0.0000	0	absent	0	0.0000	0	absent
COG5252			0	0	0.0000	0	absent	0	0.0000	0	absent	0	0.0000	0	absent
COG5253			0	0	0.0000	0	absent	0	0.0000	0	absent	0	0.0000	0	absent
COG5254			0	0	0.0000	0	absent	0	0.0000	0	absent	0	0.0000	0	absent
COG5255	S	Uncharacterized conserved protein	0	0	0.0014	0	absent	0	0.0007	0	absent	0	0.0018	0	absent
COG5256	J	Translation elongation factor EF-1alpha (GTPase)	0	0	0.0001	0	absent	0	0.0001	0	absent	0	0.0001	0	absent
COG5258	R	GTPase	0	0	0.0000	0	absent	0	0.0000	0	absent	0	0.0000	0	absent
COG5259			0	0	0.0000	0	absent	0	0.0000	0	absent	0	0.0000	0	absent
COG5260			0	0	0.0010	0	absent	0	0.0012	0	absent	0	0.0016	0	absent
COG5261			0	0	0.0000	0	absent	0	0.0000	0	absent	0	0.0000	0	absent
COG5262			0	0	0.0000	0	absent	0	0.0000	0	absent	0	0.0000	0	absent
COG5263	G	Glucan-binding domain (YG repeat)	0	0	0.0568	0	absent	0	0.0167	0	absent	0	0.0256	0	absent
COG5264			0	0	0.0000	0	absent	0	0.0000	0	absent	0	0.0000	0	absent
COG5265	O	ABC-type transport system involved in Fe-S cluster assembly, permease and ATPase components	0	0	0.0004	0	absent	0	0.0020	0	absent	0	0.0017	0	absent
COG5266	R	Uncharacterized protein, contains GH25 family domain	0	0	0.6611	1	FP	0	0.8898	1	FP	0	0.3658	0	absent
COG5267	S	Uncharacterized conserved protein, DUF1800 family	0	0	0.0220	0	absent	0	0.0199	0	absent	0	0.0050	0	absent
COG5268	U	Type IV secretory pathway, TrbD component	0	0	0.0065	0	absent	0	0.0145	0	absent	0	0.0023	0	absent
COG5271	J	Midasin, AAA ATPase with  vWA domain, involved in ribosome maturation	0	0	0.0011	0	absent	0	0.0010	0	absent	0	0.0003	0	absent
COG5272	O	Ubiquitin	0	0	0.0036	0	absent	0	0.0025	0	absent	0	0.0030	0	absent
COG5273			0	0	0.0009	0	absent	0	0.0008	0	absent	0	0.0003	0	absent
COG5274	CI	Cytochrome b involved in lipid metabolism	0	0	0.0047	0	absent	0	0.0024	0	absent	0	0.0114	0	absent
COG5275	R	BRCT domain type II	0	0	0.0003	0	absent	0	0.0006	0	absent	0	0.0005	0	absent
COG5276	S	Uncharacterized secreted protein, contains LVIVD repeats, choice-of-anchor domain	0	0	0.0846	0	absent	0	0.1828	0	absent	0	0.0239	0	absent
COG5277	Z	Actin-related protein	0	0	0.0013	0	absent	0	0.0005	0	absent	0	0.0002	0	absent
COG5278	T	Extracytoplasmic sensor domain CHASE3 (specificity unknown)	0	0	0.0154	0	absent	0	0.0010	0	absent	0	0.0029	0	absent
COG5279	D	Cytokinesis protein 3, contains TGc (transglutaminase/protease-like) domain	0	0	0.0062	0	absent	0	0.0104	0	absent	0	0.0084	0	absent
COG5280	X	Phage-related minor tail protein	0	0	0.1543	0	absent	0	0.0359	0	absent	1	0.2227	0	absent
COG5281	X	Phage-related minor tail protein	0	0	0.0184	0	absent	0	0.0383	0	absent	0	0.0085	0	absent
COG5282	O	Zn-dependent metallopeptidase, zincin/DUF2342 superfamily	0	0	0.0000	0	absent	0	0.0000	0	absent	0	0.0001	0	absent
COG5283	X	Phage-related tail protein	1	0	0.9646	1	recovered	0	0.2956	0	gap	0	0.0677	0	gap
COG5285	Q	Ectoine hydroxylase-related dioxygenase, phytanoyl-CoA dioxygenase (PhyH) family	0	0	0.4685	0	absent	0	0.1305	0	absent	0	0.0231	0	absent
COG5290			0	0	0.0263	0	absent	0	0.0296	0	absent	0	0.0411	0	absent
COG5291			0	0	0.0000	0	absent	0	0.0000	0	absent	0	0.0000	0	absent
COG5293	S	Uncharacterized conserved protein YydD, contains DUF2326 domain	0	0	0.1646	0	absent	0	0.2905	0	absent	0	0.1024	0	absent
COG5294	S	Uncharacterized conserved protein YxeA, DUF1093 family	0	0	0.0001	0	absent	0	0.0000	0	absent	0	0.0000	0	absent
COG5295	UW	Autotransporter adhesin	1	1	0.9038	1	kept	0	0.1699	0	gap	0	0.1354	0	gap
COG5296			0	0	0.0000	0	absent	0	0.0000	0	absent	0	0.0000	0	absent
COG5297	G	Cellulase/cellobiase CelA1	0	0	0.3010	0	absent	0	0.3212	0	absent	0	0.0226	0	absent
COG5298	R	Predicted metal-dependent carbohydrate esterase YdaL, contains NodB-like catalytic (CE4) domain	0	0	0.0140	0	absent	0	0.0040	0	absent	0	0.0048	0	absent
COG5301	X	Phage-related tail fiber protein	1	1	0.9865	1	kept	0	0.2901	0	gap	0	0.1029	0	gap
COG5302	X	Post-segregation antitoxin (ccd killing mechanism protein) encoded by the F plasmid	1	0	0.0280	0	gap	1	0.4165	0	gap	0	0.0129	0	gap
COG5304	K	Predicted DNA binding protein, CopG/RHH family	0	0	0.0015	0	absent	0	0.0242	0	absent	0	0.0219	0	absent
COG5305	R	Uncharacterized membrane protein PF0508, contains N-terminal glycosyltransferase domain of PMT family	0	0	0.0452	0	absent	0	0.0165	0	absent	0	0.0094	0	absent
COG5306	R	Uncharacterized conserved protein MJ1470, contains DUF2341 domain, predicted component of type IV pili-like system	0	0	0.0020	0	absent	0	0.0017	0	absent	0	0.0020	0	absent
COG5307	R	Guanine-nucleotide exchange factor YEL1, contains Sec7 domain	0	0	0.0000	0	absent	0	0.0000	0	absent	0	0.0000	0	absent
COG5308			0	0	0.0000	0	absent	0	0.0000	0	absent	0	0.0000	0	absent
COG5309	G	Exo-beta-1,3-glucanase,  GH17 family	0	0	0.0071	0	absent	0	0.0126	0	absent	0	0.0050	0	absent
COG5310	Q	Homospermidine synthase	0	0	0.0005	0	absent	0	0.0002	0	absent	0	0.0009	0	absent
COG5314	X	Conjugal transfer/entry exclusion protein	0	0	0.0730	0	absent	0	0.1335	0	absent	0	0.0667	0	absent
COG5316	S	Uncharacterized protein, contains DUF4139 domain	0	0	0.7102	1	FP	0	0.1306	0	absent	0	0.1060	0	absent
COG5317	S	Uncharacterized conserved protein, DUF1465 domain	0	0	0.0000	0	absent	0	0.0000	0	absent	0	0.0000	0	absent
COG5319	S	Uncharacterized conserved protein, DUF1178 domain	0	0	0.0002	0	absent	0	0.0041	0	absent	0	0.0110	0	absent
COG5321	S	Uncharacterized conserved protein	0	0	0.0071	0	absent	0	0.0048	0	absent	0	0.0007	0	absent
COG5322	R	Predicted amino acid dehydrogenase	0	0	0.0008	0	absent	0	0.0046	0	absent	0	0.0031	0	absent
COG5323	X	Phage large terminase packaging protein	0	0	0.0919	0	absent	0	0.0213	0	absent	0	0.0294	0	absent
COG5324	J	tRNA splicing ligase	0	0	0.0004	0	absent	0	0.0001	0	absent	0	0.0001	0	absent
COG5328	S	Uncharacterized conserved protein, UPF0262 family	0	0	0.0004	0	absent	0	0.0001	0	absent	0	0.0000	0	absent
COG5329			0	0	0.0000	0	absent	0	0.0000	0	absent	0	0.0001	0	absent
COG5330	S	Uncharacterized conserved protein, DUF2336 family	0	0	0.0059	0	absent	0	0.0013	0	absent	0	0.0033	0	absent
COG5331	S	Uncharacterized conserved protein	0	0	0.0022	0	absent	0	0.0015	0	absent	0	0.0005	0	absent
COG5333			0	0	0.0000	0	absent	0	0.0000	0	absent	0	0.0000	0	absent
COG5336	C	FoF1-type ATP synthase AtpZ/Atp1/AtpQ subunit, putative Ca2+/Mg2+ transporter	0	0	0.2271	0	absent	0	0.5977	1	FP	0	0.7681	1	FP
COG5337	M	Spore coat protein CotH	0	0	0.0088	0	absent	0	0.0172	0	absent	0	0.0191	0	absent
COG5338	S	Uncharacterized conserved protein	0	0	0.0074	0	absent	0	0.0262	0	absent	0	0.0126	0	absent
COG5339	S	Uncharacterized conserved protein YdgA, DUF945 family	1	1	0.4072	0	gap	0	0.0630	0	gap	0	0.0196	0	gap
COG5340	V	Abortive phage infection protein AbiEi, antitoxin conponent of an AbiEi-AbiEii TA system	0	0	0.1752	0	absent	0	0.5220	1	FP	0	0.5003	1	FP
COG5341	S	Uncharacterized conserved protein	0	0	0.0005	0	absent	0	0.0117	0	absent	0	0.0012	0	absent
COG5342	R	Invasion protein IalB, involved in pathogenesis	1	0	0.0082	0	gap	1	0.1190	0	gap	0	0.0016	0	gap
COG5343	T	Anti-sigma-K factor RskA	0	0	0.0043	0	absent	0	0.0039	0	absent	0	0.0066	0	absent
COG5345	S	Uncharacterized conserved protein, DUF2333 domain	0	0	0.0065	0	absent	0	0.0375	0	absent	0	0.0031	0	absent
COG5346	S	Uncharacterized membrane protein	0	0	0.0105	0	absent	0	0.0134	0	absent	0	0.0063	0	absent
COG5347			0	0	0.0002	0	absent	0	0.0001	0	absent	0	0.0000	0	absent
COG5349	S	Uncharacterized conserved protein, DUF983 family	0	0	0.0000	0	absent	0	0.0006	0	absent	0	0.0002	0	absent
COG5350	R	Predicted protein tyrosine phosphatase	0	0	0.0042	0	absent	0	0.0035	0	absent	0	0.0011	0	absent
COG5351	S	Uncharacterized conserved protein, DUF2169 domain	1	1	0.7018	1	kept	1	0.7433	1	kept	1	0.0059	0	gap
COG5352	S	Uncharacterized conserved protein	0	0	0.0002	0	absent	0	0.0001	0	absent	0	0.0001	0	absent
COG5353	S	Uncharacterized conserved protein YpmB, contains C-terminal PepSY domain	0	0	0.0005	0	absent	0	0.0000	0	absent	0	0.0000	0	absent
COG5354			0	0	0.0007	0	absent	0	0.0004	0	absent	0	0.0001	0	absent
COG5360	R	Uncharacterized conserved protein, heparinase superfamily	0	0	0.0813	0	absent	0	0.3093	0	absent	0	0.0512	0	absent
COG5361	X	Uncharacterized conserved protein	0	0	0.3070	0	absent	0	0.0479	0	absent	0	0.0373	0	absent
COG5362	X	Phage terminase large subunit	0	0	0.4173	0	absent	1	0.4881	0	absent	0	0.0717	0	absent
COG5368	G	Endo-beta-1,2-glucanase, glucoamylase superfamily	0	0	0.0384	0	absent	0	0.0214	0	absent	0	0.0397	0	absent
COG5371	F	Nucleoside diphosphatase, GDA1/CD39 family	0	0	0.0022	0	absent	0	0.0014	0	absent	0	0.0004	0	absent
COG5373	S	Uncharacterized membrane protein	0	0	0.6712	1	FP	0	0.5399	1	FP	0	0.6643	1	FP
COG5375	S	Uncharacterized conserved protein	0	0	0.0006	0	absent	0	0.0017	0	absent	0	0.0041	0	absent
COG5377	X	Phage-related protein, predicted endonuclease	0	0	0.1515	0	absent	0	0.0733	0	absent	0	0.0905	0	absent
COG5378	R	Predicted nucleic acid-binding protein, contains PIN domain	0	0	0.0002	0	absent	0	0.0004	0	absent	0	0.0006	0	absent
COG5379	I	S-adenosylmethionine:diacylglycerol 3-amino-3-carboxypropyl transferase	0	0	0.0075	0	absent	0	0.0314	0	absent	0	0.0240	0	absent
COG5380	O	Lipase chaperone LimK	0	0	0.0831	0	absent	0	0.1303	0	absent	0	0.0338	0	absent
COG5381	S	Uncharacterized conserved protein	0	0	0.0078	0	absent	0	0.0039	0	absent	0	0.0016	0	absent
COG5383	R	Uncharacterized metalloenzyme YdcJ, glyoxalase superfamily	1	1	0.8494	1	kept	1	0.7710	1	kept	0	0.0311	0	gap
COG5384			0	0	0.0009	0	absent	0	0.0011	0	absent	0	0.0003	0	absent
COG5385	T	Histidine phosphotransfer protein ChpT, HPt domain	0	0	0.0000	0	absent	0	0.0000	0	absent	0	0.0000	0	absent
COG5386	P	Heme-binding NEAT domain	0	0	0.0107	0	absent	0	0.0469	0	absent	0	0.0195	0	absent
COG5387	O	Mitochondrial FoF1-type ATP synthase assembly chaperone ATP12	0	0	0.0000	0	absent	0	0.0000	0	absent	0	0.0000	0	absent
COG5388	S	Uncharacterized conserved protein	0	0	0.0000	0	absent	0	0.0000	0	absent	0	0.0000	0	absent
COG5389	S	Uncharacterized conserved protein, DUF721 domain	0	0	0.0010	0	absent	0	0.0007	0	absent	0	0.0002	0	absent
COG5391			0	0	0.0000	0	absent	0	0.0000	0	absent	0	0.0000	0	absent
COG5393	S	Uncharacterized membrane protein YqjE	1	1	0.0587	0	gap	1	0.0233	0	gap	0	0.0008	0	gap
COG5394	QT	Polyhydroxyalkanoate (PHA) synthesis regulator protein, binds DNA and PHA	0	0	0.2045	0	absent	0	0.3858	0	absent	0	0.0384	0	absent
COG5395	S	Uncharacterized membrane protein	0	0	0.0508	0	absent	0	0.0453	0	absent	0	0.0088	0	absent
COG5397	S	Uncharacterized conserved protein	0	0	0.0015	0	absent	0	0.0088	0	absent	0	0.0044	0	absent
COG5398	H	Heme oxygenase	0	0	0.0083	0	absent	0	0.0031	0	absent	0	0.0089	0	absent
COG5399	S	Uncharacterized conserved protein, DUF2286 domain	0	0	0.0000	0	absent	0	0.0000	0	absent	0	0.0000	0	absent
COG5400	S	Uncharacterized conserved protein	0	0	0.0016	0	absent	0	0.0020	0	absent	0	0.0005	0	absent
COG5401	D	Spore germination protein GerM	0	0	0.0074	0	absent	0	0.0274	0	absent	0	0.3511	0	absent
COG5402	S	Uncharacterized protein, contains DUF1214 domain	0	0	0.0015	0	absent	0	0.0007	0	absent	0	0.0003	0	absent
COG5403	S	Uncharacterized conserved protein, DUF937 domain	0	0	0.0115	0	absent	0	0.0037	0	absent	0	0.0221	0	absent
COG5404	D	Cell division inhibitor SulA, prevents FtsZ ring assembly	1	0	0.0000	0	gap	0	0.0000	0	gap	0	0.0000	0	gap
COG5405	O	ATP-dependent protease HslVU (ClpYQ), peptidase subunit	1	1	0.9925	1	kept	0	0.9052	1	recovered	0	0.0696	0	gap
COG5406			0	0	0.0000	0	absent	0	0.0000	0	absent	0	0.0000	0	absent
COG5407	U	Preprotein translocase subunit Sec63	0	0	0.0012	0	absent	0	0.0003	0	absent	0	0.0000	0	absent
COG5409			0	0	0.0000	0	absent	0	0.0000	0	absent	0	0.0000	0	absent
COG5410	S	Uncharacterized conserved protein	0	0	0.0485	0	absent	0	0.0039	0	absent	0	0.0069	0	absent
COG5411			0	0	0.0000	0	absent	0	0.0000	0	absent	0	0.0000	0	absent
COG5412	X	Phage-related protein	0	0	0.3889	0	absent	0	0.2028	0	absent	0	0.0596	0	absent
COG5413	S	Uncharacterized integral membrane protein	0	0	0.0003	0	absent	0	0.0002	0	absent	0	0.0001	0	absent
COG5414			0	0	0.0042	0	absent	0	0.0044	0	absent	0	0.0017	0	absent
COG5416	S	Uncharacterized integral membrane protein YrvD	0	0	0.1113	0	absent	0	0.0626	0	absent	0	0.0510	0	absent
COG5417	U	ESX protein secretion system component YukD	0	0	0.0001	0	absent	0	0.0000	0	absent	0	0.0000	0	absent
COG5418	S	Predicted secreted protein	0	0	0.0194	0	absent	0	0.0283	0	absent	0	0.0170	0	absent
COG5419	S	Uncharacterized conserved protein, DUF2285 domain	0	0	0.0003	0	absent	0	0.0001	0	absent	0	0.0000	0	absent
COG5420	S	Uncharacterized protein, UPF0437 family	0	0	0.0063	0	absent	0	0.0024	0	absent	0	0.0003	0	absent
COG5421	X	Transposase	1	1	0.3726	0	gap	0	0.0236	0	gap	0	0.0328	0	gap
COG5422			0	0	0.0001	0	absent	0	0.0000	0	absent	0	0.0000	0	absent
COG5423	S	Predicted metal-binding protein	0	0	0.0009	0	absent	0	0.0087	0	absent	0	0.0011	0	absent
COG5424	H	Pyrroloquinoline quinone (PQQ) biosynthesis protein C	0	0	0.0300	0	absent	0	0.0048	0	absent	0	0.0036	0	absent
COG5425	S	Usg protein (tryptophan operon, function unknown)	0	0	0.0000	0	absent	0	0.0000	0	absent	0	0.0000	0	absent
COG5426	R	Uncharacterized protein STM3548, contains class I glutamine amidotransferase domain	1	1	0.4798	0	gap	1	0.6522	1	kept	0	0.0338	0	gap
COG5427	S	Predicted membrane glycosyltransferase AF0583, Arch_YYY/DUF2298 family	0	0	0.0000	0	absent	0	0.0003	0	absent	0	0.0011	0	absent
COG5428	V	Predicted antitoxin component YuzE of a toxin-antitoxin system, DUF2283 family	0	0	0.0006	0	absent	0	0.0009	0	absent	0	0.0030	0	absent
COG5429	S	Uncharacterized conserved protein, DUF1223 domain	0	0	0.0082	0	absent	0	0.0099	0	absent	0	0.0027	0	absent
COG5430	W	Fimbrial subunit ScuA/B, ScuA/B/SCPU domain	0	0	0.0087	0	absent	0	0.0121	0	absent	0	0.0104	0	absent
COG5431	R	Predicted nucleic acid-binding protein, contains SWIM-type Zn-finger domain	0	0	0.0000	0	absent	0	0.0000	0	absent	0	0.0000	0	absent
COG5433	X	Predicted transposase YbfD/YdcC associated with H repeats	1	0	0.1395	0	gap	0	0.0741	0	gap	0	0.1464	0	gap
COG5434	G	Polygalacturonase	0	0	0.6723	1	FP	0	0.3436	0	absent	0	0.0605	0	absent
COG5435	S	Uncharacterized conserved protein	0	0	0.0229	0	absent	0	0.0074	0	absent	0	0.0036	0	absent
COG5436	S	Uncharacterized membrane protein	0	0	0.0013	0	absent	0	0.0010	0	absent	0	0.0002	0	absent
COG5437	X	Phage tail protein, TP901-1 family	0	0	0.0076	0	absent	0	0.0034	0	absent	0	0.0008	0	absent
COG5438	S	Uncharacterized membrane protein	0	0	0.0069	0	absent	0	0.0624	0	absent	0	0.1422	0	absent
COG5439	R	STAS domain	0	0	0.0034	0	absent	0	0.0034	0	absent	0	0.0017	0	absent
COG5440	T	Global stress regulator YbjN, DUF2299 family	0	0	0.0000	0	absent	0	0.0001	0	absent	0	0.0000	0	absent
COG5441	V	ATP-binding helicase-inhibiting domain, Tm-1/UPF0261 family	0	0	0.0044	0	absent	0	0.0205	0	absent	0	0.0117	0	absent
COG5442	N	Flagellar biosynthesis regulator FlaF	0	0	0.0036	0	absent	0	0.0059	0	absent	0	0.0010	0	absent
COG5443	N	Flagellar biosynthesis regulator FlbT	0	0	0.0044	0	absent	0	0.0064	0	absent	0	0.0009	0	absent
COG5444	V	Predicted ribonuclease, toxin component of the YeeF-YezG toxin-antitoxin module	0	0	0.0426	0	absent	0	0.0103	0	absent	0	0.0095	0	absent
COG5445	S	Uncharacterized conserved protein YfaQ, DUF2300 domain	1	0	0.0002	0	gap	1	0.0056	0	gap	0	0.0000	0	gap
COG5446	P	Putative cobalt transporter membrane subunit CbtA	0	0	0.0099	0	absent	0	0.0031	0	absent	0	0.0003	0	absent
COG5447	S	Uncharacterized conserved protein, DUF1491 domain	0	0	0.0000	0	absent	0	0.0000	0	absent	0	0.0000	0	absent
COG5448	S	Uncharacterized conserved protein, DUF2460 domain	0	0	0.0049	0	absent	0	0.0010	0	absent	0	0.0032	0	absent
COG5449	S	Uncharacterized conserved protein, DUF2163 domain	0	0	0.0334	0	absent	0	0.0169	0	absent	0	0.0084	0	absent
COG5450	K	Transcription regulator of the Arc/MetJ class	0	0	0.0101	0	absent	0	0.0404	0	absent	0	0.0497	0	absent
COG5451	S	Predicted secreted protein	0	0	0.0000	0	absent	0	0.0000	0	absent	0	0.0000	0	absent
COG5452	S	Uncharacterized conserved protein	0	0	0.0000	0	absent	0	0.0000	0	absent	0	0.0000	0	absent
COG5453	S	Uncharacterized conserved protein	0	0	0.0000	0	absent	0	0.0000	0	absent	0	0.0000	0	absent
COG5454	S	Predicted secreted protein	0	0	0.0000	0	absent	0	0.0000	0	absent	0	0.0000	0	absent
COG5455	P	Periplasmic regulator RcnB of Ni and Co efflux	1	0	0.0031	0	gap	0	0.0083	0	gap	1	0.0124	0	gap
COG5456	P	Nitrogen fixation protein FixH	0	0	0.0097	0	absent	0	0.0122	0	absent	0	0.0091	0	absent
COG5457	S	Uncharacterized conserved protein YjiS, DUF1127 family	1	1	0.2426	0	gap	0	0.0202	0	gap	1	0.0365	0	gap
COG5458	S	Uncharacterized conserved protein, DUF1489 domain	0	0	0.0000	0	absent	0	0.0000	0	absent	0	0.0000	0	absent
COG5459	J	Ribosomal protein RSM22 (predicted mitochondrial rRNA methylase)	0	0	0.0527	0	absent	0	0.0524	0	absent	0	0.0721	0	absent
COG5460	S	Uncharacterized conserved protein, DUF2164 family	0	0	0.0309	0	absent	0	0.0447	0	absent	0	0.0086	0	absent
COG5461	W	Type IV pilus biogenesis protein CpaD/CtpE	0	0	0.0000	0	absent	0	0.0000	0	absent	0	0.0000	0	absent
COG5462	S	Predicted secreted (periplasmic) protein	0	0	0.0000	0	absent	0	0.0000	0	absent	0	0.0000	0	absent
COG5463	S	Uncharacterized conserved protein YgiB, UPF0441/DUF1190 family, involved in bioifilm formation	1	0	0.0020	0	gap	1	0.0108	0	gap	0	0.0005	0	gap
COG5464	L	Recombination-promoting DNA endonuclease RpnC/YadD	1	0	0.0880	0	gap	0	0.0765	0	gap	0	0.0678	0	gap
COG5465	R	Uncharacterized conserved protein YbjN, helps stabilize unstable proteins	0	0	0.0113	0	absent	0	0.0036	0	absent	0	0.0022	0	absent
COG5466	S	Predicted small metal-binding protein	0	0	0.0004	0	absent	0	0.0011	0	absent	0	0.0007	0	absent
COG5467	S	Uncharacterized conserved protein, DUF1476 domain	0	0	0.0000	0	absent	0	0.0000	0	absent	0	0.0000	0	absent
COG5468	S	Predicted lipoprotein involved in lipopolysaccharide assembly	0	0	0.0000	0	absent	0	0.0000	0	absent	0	0.0000	0	absent
COG5469	S	Predicted metal-binding protein	0	0	0.0033	0	absent	0	0.0017	0	absent	0	0.0003	0	absent
COG5470	S	Uncharacterized conserved protein, DUF1330 family	0	0	0.2841	0	absent	0	0.1386	0	absent	0	0.0366	0	absent
COG5471	X	Predicted phage recombinase, RecA/RadA family	0	0	0.1214	0	absent	0	0.0260	0	absent	0	0.0588	0	absent
COG5472	S	Predicted small integral membrane protein	0	0	0.0179	0	absent	0	0.0030	0	absent	0	0.0046	0	absent
COG5473	S	Uncharacterized membrane protein	0	0	0.0083	0	absent	0	0.0033	0	absent	0	0.0630	0	absent
COG5474	C	NAD(P)H dehydrogenase cyanobacteria/chloroplast-specific assembly factor CRR6	0	0	0.0167	0	absent	0	0.0109	0	absent	0	0.0031	0	absent
COG5475	S	Uncharacterized conserved protein YodC, DUF2158 family	1	1	0.2278	0	gap	0	0.0081	0	gap	1	0.0075	0	gap
COG5476	R	Microcystin degradation protein MlrC, contains DUF1485 domain	0	0	0.2642	0	absent	0	0.1747	0	absent	0	0.1590	0	absent
COG5477	S	Predicted small integral membrane protein	0	0	0.1484	0	absent	0	0.5192	1	FP	0	0.0456	0	absent
COG5478	P	Low affinity Fe/Cu permease	0	0	0.0421	0	absent	0	0.0040	0	absent	0	0.0133	0	absent
COG5479	M	LGFP repeat-containing protein, may be involved in cell wall binding	0	0	0.0288	0	absent	0	0.0068	0	absent	0	0.0081	0	absent
COG5480	S	Uncharacterized membrane protein	0	0	0.0096	0	absent	0	0.0031	0	absent	0	0.0006	0	absent
COG5481	S	Uncharacterized conserved protein, DUF465 domain	0	0	0.0000	0	absent	0	0.0000	0	absent	0	0.0000	0	absent
COG5482	S	Uncharacterized conserved protein, DUF2161 domain	0	0	0.0040	0	absent	0	0.0722	0	absent	0	0.0065	0	absent
COG5483	S	Uncharacterized conserved protein, DUF488 family	0	0	0.0324	0	absent	0	0.0403	0	absent	0	0.0638	0	absent
COG5484	S	Uncharacterized conserved protein YjcR, contains N-terminal HTH domain	0	0	0.0071	0	absent	0	0.0004	0	absent	0	0.0008	0	absent
COG5485	R	Predicted ester cyclase	0	0	0.6900	1	FP	0	0.2639	0	absent	0	0.0732	0	absent
COG5486	S	Predicted metal-binding membrane protein	0	0	0.0130	0	absent	0	0.0188	0	absent	0	0.0023	0	absent
COG5487	S	Uncharacterized membrane protein YtjA, UPF0391 family	1	1	0.4929	0	gap	1	0.3882	0	gap	1	0.1442	0	gap
COG5488	S	Uncharacterized membrane protein	0	0	0.0000	0	absent	0	0.0000	0	absent	0	0.0000	0	absent
COG5489	S	Uncharacterized conserved protein, DUF736 family	0	0	0.0015	0	absent	0	0.0007	0	absent	0	0.0001	0	absent
COG5490	S	Predicted polyhydroxyalkanoate (PHA)-binding protein, phasin family	0	0	0.0009	0	absent	0	0.0003	0	absent	0	0.0000	0	absent
COG5491	D	Archaeal cell division protein CdvB, Snf7/Vps24/ESCRT-III family	0	0	0.0000	0	absent	0	0.0000	0	absent	0	0.0000	0	absent
COG5492	R	Uncharacterized conserved protein YjdB, contains Ig-like domain	1	0	0.7039	1	recovered	0	0.4518	0	gap	0	0.1920	0	gap
COG5493	R	Uncharacterized protein, contains PD-(D/E)XK nuclease domain	0	0	0.0013	0	absent	0	0.0013	0	absent	0	0.0015	0	absent
COG5494	O	Predicted thioredoxin/glutaredoxin	0	0	0.0000	0	absent	0	0.0000	0	absent	0	0.0000	0	absent
COG5495	R	Predicted oxidoreductase, contains short-chain dehydrogenase (SDR) and DUF2520 domains	0	0	0.1225	0	absent	0	0.1851	0	absent	0	0.4592	0	absent
COG5496	R	Predicted thioesterase	0	0	0.0106	0	absent	0	0.0192	0	absent	0	0.0303	0	absent
COG5497	S	Predicted secreted protein	0	0	0.0020	0	absent	0	0.0015	0	absent	0	0.0022	0	absent
COG5498	G	Endoglucanase Acf2	0	0	0.0043	0	absent	0	0.0032	0	absent	0	0.0028	0	absent
COG5499	V	Antitoxin component HigA of the HigAB toxin-antitoxin module, contains an N-terminal HTH domain	1	1	0.5625	1	kept	0	0.1339	0	gap	1	0.3002	0	gap
COG5500	S	Uncharacterized membrane protein	0	0	0.1293	0	absent	0	0.0669	0	absent	0	0.0248	0	absent
COG5501	S	Sulfur oxidation protein SoxY	0	0	0.0006	0	absent	0	0.0014	0	absent	0	0.0004	0	absent
COG5502	S	Uncharacterized conserved protein, DUF2267 family	0	0	0.0210	0	absent	0	0.0137	0	absent	0	0.0059	0	absent
COG5503	KV	DNA-dependent RNA polymerase auxiliary subunit epsilon	0	0	0.0001	0	absent	0	0.0000	0	absent	0	0.0000	0	absent
COG5504	R	Predicted Zn-dependent protease YjaZ, DUF2268 family	0	0	0.0329	0	absent	0	0.0016	0	absent	0	0.0037	0	absent
COG5505	S	Uncharacterized membrane protein YjcL	0	0	0.0056	0	absent	0	0.0302	0	absent	0	0.0112	0	absent
COG5506	S	Uncharacterized conserved protein YueI, DUF2278 family	0	0	0.0027	0	absent	0	0.0038	0	absent	0	0.0041	0	absent
COG5507	S	Uncharacterized conserved protein YbaA, DUF1428 family	1	0	0.0131	0	gap	0	0.0062	0	gap	0	0.0031	0	gap
COG5508	S	Uncharacterized conserved protein, DUF1674 domain	0	0	0.0000	0	absent	0	0.0000	0	absent	0	0.0000	0	absent
COG5509	S	Uncharacterized small protein, DUF1192 family	0	0	0.0000	0	absent	0	0.0000	0	absent	0	0.0000	0	absent
COG5510	S	Predicted small secreted protein	1	1	0.0502	0	gap	0	0.0034	0	gap	0	0.0003	0	gap
COG5511	X	Phage capsid protein	1	0	0.7294	1	recovered	0	0.2321	0	gap	1	0.5204	1	kept
COG5512	R	Predicted  nucleic acid-binding protein, contains Zn-ribbon domain (includes truncated derivatives)	0	0	0.9350	1	FP	0	0.8271	1	FP	0	0.5304	1	FP
COG5513	O	Chagasin-like inhibitor of cysteine peptidase, I42 family	0	0	0.0258	0	absent	0	0.0161	0	absent	0	0.0166	0	absent
COG5514	S	Uncharacterized conserved protein, DUF1794 domain	0	0	0.0154	0	absent	0	0.0095	0	absent	0	0.0027	0	absent
COG5515	S	Uncharacterized conserved protein, DUF1737 domain	1	1	0.4184	0	gap	0	0.0188	0	gap	0	0.0110	0	gap
COG5516	R	Uncharacterized conserved protein containing a Zn-ribbon-like motif, possibly RNA-binding	0	0	0.4133	0	absent	0	0.1410	0	absent	0	0.0349	0	absent
COG5517	Q	3-phenylpropionate/cinnamic acid dioxygenase, small subunit	0	0	0.0503	0	absent	0	0.0132	0	absent	0	0.0145	0	absent
COG5518	X	Phage capsid portal protein XkdE	0	0	0.0230	0	absent	0	0.0130	0	absent	0	0.0014	0	absent
COG5519	R	Predicted ATPase domain of Cch-like helicases, DUF927 family	0	0	0.1155	0	absent	0	0.1496	0	absent	0	0.0272	0	absent
COG5520	M	O-Glycosyl hydrolase	0	0	0.0786	0	absent	0	0.0194	0	absent	0	0.0157	0	absent
COG5521	G	Maltodextrin utilization protein YvdJ (function unknown)	0	0	0.0000	0	absent	0	0.0001	0	absent	0	0.0001	0	absent
COG5522	S	Uncharacterized membrane protein YwaF	0	0	0.0047	0	absent	0	0.0131	0	absent	0	0.0044	0	absent
COG5523	S	Uncharacterized membrane protein	0	0	0.0018	0	absent	0	0.0040	0	absent	0	0.0040	0	absent
COG5524	CT	Bacteriorhodopsin	0	0	0.0000	0	absent	0	0.0003	0	absent	0	0.0004	0	absent
COG5525	X	Phage terminase, large subunit GpA	1	0	0.8518	1	recovered	0	0.2584	0	gap	0	0.3840	0	gap
COG5526	R	Lysozyme family protein	0	0	0.0251	0	absent	0	0.0103	0	absent	0	0.0025	0	absent
COG5527	X	Protein involved in initiation of plasmid replication	0	0	0.0937	0	absent	0	0.1129	0	absent	0	0.0462	0	absent
COG5528	S	Uncharacterized membrane protein	0	0	0.0033	0	absent	0	0.0032	0	absent	0	0.0007	0	absent
COG5529	X	Phage-encoded DNA-binding protein ECs1768, contains HTH and DnaT DNA-binding domains	0	0	0.0037	0	absent	0	0.0009	0	absent	0	0.0007	0	absent
COG5530	S	Uncharacterized membrane protein	0	0	0.0034	0	absent	0	0.0172	0	absent	0	0.0057	0	absent
COG5531	B	DNA-binding SWIB/MDM2 domain	0	0	0.0110	0	absent	0	0.0038	0	absent	0	0.0122	0	absent
COG5532	S	Uncharacterized conserved protein YfdQ, DUF2303 family	1	1	0.3197	0	gap	1	0.0958	0	gap	0	0.0027	0	gap
COG5533	O	Ubiquitin C-terminal hydrolase	0	0	0.0013	0	absent	0	0.0003	0	absent	0	0.0005	0	absent
COG5534	X	Plasmid replication initiator protein	0	0	0.0035	0	absent	0	0.0030	0	absent	0	0.0009	0	absent
COG5535			0	0	0.0000	0	absent	0	0.0000	0	absent	0	0.0000	0	absent
COG5536			0	0	0.0000	0	absent	0	0.0000	0	absent	0	0.0000	0	absent
COG5537			0	0	0.0000	0	absent	0	0.0000	0	absent	0	0.0000	0	absent
COG5539			0	0	0.0000	0	absent	0	0.0000	0	absent	0	0.0000	0	absent
COG5541			0	0	0.0000	0	absent	0	0.0000	0	absent	0	0.0000	0	absent
COG5542	G	Mannosyltransferase related to Gpi18	0	0	0.0123	0	absent	0	0.0013	0	absent	0	0.0037	0	absent
COG5544	S	Uncharacterized conserved protein YfiM, DUF2279 family	1	0	0.0043	0	gap	0	0.0073	0	gap	0	0.0010	0	gap
COG5545	X	Predicted P-loop ATPase and inactivated derivatives	0	0	0.0285	0	absent	0	0.0141	0	absent	0	0.0094	0	absent
COG5546	S	Uncharacterized membrane protein	0	0	0.0002	0	absent	0	0.0000	0	absent	0	0.0000	0	absent
COG5547	S	Uncharacterized membrane protein	0	0	0.0001	0	absent	0	0.0002	0	absent	0	0.0003	0	absent
COG5548	S	Uncharacterized membrane protein, UPF0136 family	0	0	0.0001	0	absent	0	0.0000	0	absent	0	0.0005	0	absent
COG5549	O	Predicted Zn-dependent protease	0	0	0.1930	0	absent	0	0.3679	0	absent	0	0.0441	0	absent
COG5550	O	Predicted aspartyl protease	0	0	0.0000	0	absent	0	0.0000	0	absent	0	0.0001	0	absent
COG5551	V	CRISPR/Cas system endoribonuclease Cas6, RAMP superfamily	0	0	0.0074	0	absent	0	0.0161	0	absent	0	0.0321	0	absent
COG5552	S	Uncharacterized conserved protein, DUF2277 domain	0	0	0.0143	0	absent	0	0.0189	0	absent	0	0.0060	0	absent
COG5553	R	Predicted metal-dependent enzyme of the double-stranded beta helix superfamily	0	0	0.0092	0	absent	0	0.0122	0	absent	0	0.0047	0	absent
COG5554	Q	Nitrogen fixation protein NifT	0	0	0.0153	0	absent	0	0.0061	0	absent	0	0.0011	0	absent
COG5555	U	Cytolysin, a secreted calcineurin-like phosphatase	0	0	0.0083	0	absent	0	0.0115	0	absent	0	0.0062	0	absent
COG5556	S	Uncharacterized conserved protein	0	0	0.0001	0	absent	0	0.0000	0	absent	0	0.0000	0	absent
COG5557	C	Ni/Fe-hydrogenase 2 integral membrane subunit HybB	1	1	0.9997	1	kept	0	0.9984	1	recovered	1	0.9675	1	kept
COG5558	X	Transposase	0	0	0.0000	0	absent	0	0.0000	0	absent	0	0.0000	0	absent
COG5559	S	Uncharacterized conserved protein, DUF2281 domain	0	0	0.0002	0	absent	0	0.0002	0	absent	0	0.0001	0	absent
COG5560			0	0	0.0001	0	absent	0	0.0001	0	absent	0	0.0001	0	absent
COG5561	S	Predicted metal-binding protein, contains CGGC domain	0	0	0.0053	0	absent	0	0.0428	0	absent	0	0.0258	0	absent
COG5562	X	Prophage-encoded protein YbcV, DUF1398 family	1	1	0.4653	0	gap	1	0.0311	0	gap	0	0.0031	0	gap
COG5563	S	Uncharacterized conserved protein CPn0794, contains PKD-like HAF repeats	0	0	0.0040	0	absent	0	0.0053	0	absent	0	0.0072	0	absent
COG5564	S	Predicted TIM-barrel enzyme	0	0	0.0029	0	absent	0	0.0126	0	absent	0	0.0037	0	absent
COG5565	X	Phage terminase large (ATPase) subunit and inactivated derivatives	0	0	0.0001	0	absent	0	0.0002	0	absent	0	0.0001	0	absent
COG5566	KX	Transcriptional regulator, middle operon regulator (Mor) family	0	0	0.0398	0	absent	0	0.0402	0	absent	0	0.0141	0	absent
COG5567	S	Small periplasmic lipoprotein YifL (function unknown)	1	1	0.0185	0	gap	0	0.0011	0	gap	0	0.0000	0	gap
COG5568	S	Uncharacterized conserved protein, DUF1150 family	0	0	0.0000	0	absent	0	0.0000	0	absent	0	0.0000	0	absent
COG5569	P	Periplasmic Cu and Ag efflux protein CusF	1	0	0.0121	0	gap	0	0.0221	0	gap	1	0.0331	0	gap
COG5570	S	Uncharacterized conserved protein, DUF465 domain	0	0	0.0000	0	absent	0	0.0000	0	absent	0	0.0000	0	absent
COG5571	R	Uncharacterized conserved protein YhjY, contains autotransporter beta-barrel domain	1	1	0.1375	0	gap	0	0.0005	0	gap	1	0.0800	0	gap
COG5572	S	Uncharacterized membrane protein	0	0	0.0012	0	absent	0	0.0019	0	absent	0	0.0004	0	absent
COG5573	R	Predicted nucleic acid-binding protein, contains PIN domain	0	0	0.0007	0	absent	0	0.0034	0	absent	0	0.0026	0	absent
COG5574			0	0	0.0001	0	absent	0	0.0000	0	absent	0	0.0000	0	absent
COG5577	M	Spore coat protein CotF	0	0	0.0000	0	absent	0	0.0000	0	absent	0	0.0001	0	absent
COG5578	S	Uncharacterized membrane protein YesL	0	0	0.0001	0	absent	0	0.0000	0	absent	0	0.0002	0	absent
COG5579	S	Uncharacterized conserved protein, DUF1810 family	0	0	0.0098	0	absent	0	0.0265	0	absent	0	0.0084	0	absent
COG5580	O	Activator of HSP90 ATPase	0	0	0.0012	0	absent	0	0.0012	0	absent	0	0.0016	0	absent
COG5581	N	Cyclic di-GMP-binding flagellar brake protein FlgZ/YcgR, contains PilZNR(YcgR) and PilZ domains	1	0	0.1350	0	gap	1	0.9031	1	kept	0	0.1439	0	gap
COG5582	S	Uncharacterized conserved protein YpiB, UPF0302 family	0	0	0.0012	0	absent	0	0.0004	0	absent	0	0.0000	0	absent
COG5583	S	Uncharacterized conserved protein YezD	0	0	0.0126	0	absent	0	0.0036	0	absent	0	0.0008	0	absent
COG5584	S	Uncharacterized conserved protein YtzB	0	0	0.0002	0	absent	0	0.0000	0	absent	0	0.0000	0	absent
COG5585	X	Putative phage head morphogenesis protein, F of phage Mu or gp7 of SPP1	0	0	0.0028	0	absent	0	0.0011	0	absent	0	0.0009	0	absent
COG5586	S	Uncharacterized protein, contains DUF2293 domain	0	0	0.0070	0	absent	0	0.0068	0	absent	0	0.0066	0	absent
COG5587	S	Uncharacterized protein, contains DUF2461 domain	0	0	0.1976	0	absent	0	0.1236	0	absent	0	0.0533	0	absent
COG5588	S	Uncharacterized conserved protein, DUF1326 domain	0	0	0.0022	0	absent	0	0.0041	0	absent	0	0.0018	0	absent
COG5589	S	Uncharacterized conserved protein, DUF2390 domain	0	1	0.0567	0	absent	0	0.0008	0	absent	0	0.0001	0	absent
COG5590	H	Ubiquinone biosynthesis protein COQ9	0	0	0.0000	0	absent	0	0.0000	0	absent	0	0.0000	0	absent
COG5591	S	Uncharacterized conserved protein	0	0	0.0031	0	absent	0	0.0076	0	absent	0	0.0028	0	absent
COG5592	R	Hemerythrin domain-containing protein	0	0	0.0272	0	absent	0	0.0159	0	absent	0	0.0521	0	absent
COG5593			0	0	0.0000	0	absent	0	0.0000	0	absent	0	0.0000	0	absent
COG5594			0	0	0.0000	0	absent	0	0.0000	0	absent	0	0.0000	0	absent
COG5595	R	Predicted  nucleic acid-binding protein, contains Zn-ribbon domain	0	0	0.0039	0	absent	0	0.0030	0	absent	0	0.0006	0	absent
COG5596			0	0	0.0000	0	absent	0	0.0000	0	absent	0	0.0000	0	absent
COG5597	M	N-acetylglucosaminyl transferase	0	0	0.0009	0	absent	0	0.0018	0	absent	0	0.0006	0	absent
COG5598	H	Trimethylamine:corrinoid methyltransferase	0	0	0.0017	0	absent	0	0.0313	0	absent	0	0.0092	0	absent
COG5599	T	Protein tyrosine phosphatase	0	0	0.0027	0	absent	0	0.0008	0	absent	0	0.0011	0	absent
COG5600			0	0	0.0000	0	absent	0	0.0000	0	absent	0	0.0000	0	absent
COG5601			0	0	0.0000	0	absent	0	0.0000	0	absent	0	0.0000	0	absent
COG5602			0	0	0.0025	0	absent	0	0.0012	0	absent	0	0.0063	0	absent
COG5604			0	0	0.0006	0	absent	0	0.0004	0	absent	0	0.0004	0	absent
COG5605	C	Cytochrome c oxidase subunit IV	0	0	0.0000	0	absent	0	0.0001	0	absent	0	0.0001	0	absent
COG5606	R	Predicted DNA-binding protein, XRE-type HTH domain	1	1	0.4510	0	gap	0	0.0271	0	gap	0	0.0301	0	gap
COG5607	S	CHAD domain, binds inorganic polyphosphates	0	0	0.6568	1	FP	0	0.6244	1	FP	0	0.5314	1	FP
COG5608	V	Dessication stress tolerance protein, LEA/WHy domain	0	0	0.3772	0	absent	0	0.5999	1	FP	0	0.1137	0	absent
COG5609	C	Na+-translocating membrane potential-generating system subunit MpsC, DUF2294 family	0	0	0.0232	0	absent	0	0.0559	0	absent	0	0.0027	0	absent
COG5610	R	Predicted sugar hydrolase, contains GT1 and HAD domains	0	0	0.0351	0	absent	0	0.0372	0	absent	0	0.0218	0	absent
COG5611	R	Predicted nucleic-acid-binding protein, contains PIN domain	0	0	0.0115	0	absent	0	0.0325	0	absent	0	0.0117	0	absent
COG5612	P	Ni/Co/Cd-binding protein CnrX (heavy-metal resistance)	0	0	0.0166	0	absent	0	0.0064	0	absent	0	0.0003	0	absent
COG5613	U	Type III secretion system effector SseC (host membrane pore formation)	0	0	0.0001	0	absent	0	0.0000	0	absent	0	0.0000	0	absent
COG5614	X	Phage head-tail adaptor	0	0	0.0503	0	absent	0	0.0259	0	absent	0	0.0029	0	absent
COG5615	S	Uncharacterized membrane protein	0	0	0.0027	0	absent	0	0.0027	0	absent	0	0.0025	0	absent
COG5616	T	TolB amino-terminal domain (function unknown)	0	0	0.2070	0	absent	0	0.3699	0	absent	0	0.0722	0	absent
COG5617	R	Predicted membrane glycosyltransferase TK1552, contains 6-pyruvoyl-tetrahydropterin synthase (PTPS)-related domain	0	0	0.0056	0	absent	0	0.0098	0	absent	0	0.0109	0	absent
COG5618	S	Predicted periplasmic lipoprotein	0	0	0.0462	0	absent	0	0.0671	0	absent	0	0.0049	0	absent
COG5619	S	Uncharacterized conserved protein, DUF2290 domain	0	0	0.0145	0	absent	0	0.0154	0	absent	0	0.0027	0	absent
COG5620	S	Uncharacterized conserved protein, DUF1851 domain	0	0	0.0879	0	absent	0	0.0316	0	absent	0	0.0587	0	absent
COG5621	R	Predicted lipocalin, contains AttH/CrtC domain	0	0	0.0496	0	absent	0	0.3063	0	absent	0	0.0139	0	absent
COG5622	M	Protein required for attachment to host cells	0	0	0.0199	0	absent	0	0.0156	0	absent	0	0.0037	0	absent
COG5623			0	0	0.0001	0	absent	0	0.0001	0	absent	0	0.0001	0	absent
COG5624			0	0	0.0019	0	absent	0	0.0030	0	absent	0	0.0012	0	absent
COG5625	K	Predicted DNA-binding transcriptional regulator, contains HTH domain	0	0	0.0001	0	absent	0	0.0001	0	absent	0	0.0001	0	absent
COG5626	S	Uncharacterized protein Ssr3000, DUF2288 family	0	0	0.0216	0	absent	0	0.0507	0	absent	0	0.0098	0	absent
COG5627			0	0	0.0000	0	absent	0	0.0000	0	absent	0	0.0000	0	absent
COG5628	R	Predicted acetyltransferase	0	0	0.0301	0	absent	0	0.0491	0	absent	0	0.0311	0	absent
COG5631	K	Predicted transcription regulator, contains HTH domain, MarR family	0	0	0.0169	0	absent	0	0.0138	0	absent	0	0.0022	0	absent
COG5632	M	N-acetylmuramoyl-L-alanine amidase CwlA	0	0	0.0647	0	absent	0	0.0355	0	absent	0	0.0064	0	absent
COG5633	S	Uncharacterized conserved protein YcfL	1	0	0.0049	0	gap	1	0.1350	0	gap	0	0.0138	0	gap
COG5634	S	Uncharacterized conserved protein YukJ, DUF2278 family	0	0	0.2995	0	absent	0	0.1319	0	absent	0	0.0140	0	absent
COG5635	T	Predicted NTPase, NACHT family domain	0	0	0.4611	0	absent	0	0.4743	0	absent	0	0.2688	0	absent
COG5636			0	0	0.0000	0	absent	0	0.0000	0	absent	0	0.0000	0	absent
COG5637	S	Uncharacterized protein, contains SRPBCC domain	0	0	0.0468	0	absent	0	0.0468	0	absent	0	0.0242	0	absent
COG5638			0	0	0.0000	0	absent	0	0.0000	0	absent	0	0.0000	0	absent
COG5639	S	Uncharacterized conserved protein, DUF2274 domain	0	0	0.0009	0	absent	0	0.0004	0	absent	0	0.0001	0	absent
COG5640	O	Secreted trypsin-like serine protease	0	0	0.4267	0	absent	0	0.1838	0	absent	0	0.1899	0	absent
COG5641			0	0	0.0018	0	absent	0	0.0014	0	absent	0	0.0006	0	absent
COG5642	S	Uncharacterized conserved protein, DUF2384 family	0	0	0.0248	0	absent	0	0.1294	0	absent	0	0.0143	0	absent
COG5643	R	Uncharacterized conserved protein containing a metal-binding domain	0	0	0.0007	0	absent	0	0.0011	0	absent	0	0.0005	0	absent
COG5644			0	0	0.0005	0	absent	0	0.0001	0	absent	0	0.0001	0	absent
COG5645	S	Uncharacterized conserved protein YceK	1	0	0.0006	0	gap	0	0.0003	0	gap	0	0.0001	0	gap
COG5646	OP	Iron-binding protein Fra/YdhG, frataxin family (Fe-S cluster biosynthesis)	0	0	0.3290	0	absent	0	0.0422	0	absent	0	0.0678	0	absent
COG5647			0	0	0.0000	0	absent	0	0.0000	0	absent	0	0.0000	0	absent
COG5648			0	0	0.0000	0	absent	0	0.0000	0	absent	0	0.0000	0	absent
COG5649	S	Uncharacterized conserved protein, DUF1801 domain	0	0	0.0095	0	absent	0	0.0030	0	absent	0	0.0086	0	absent
COG5650	S	Uncharacterized membrane protein	0	0	0.0206	0	absent	0	0.0034	0	absent	0	0.0029	0	absent
COG5651	S	PPE-repeat protein	0	0	0.0026	0	absent	0	0.0006	0	absent	0	0.0005	0	absent
COG5652	S	VanZ-like family protein (function unknown)	0	0	0.0465	0	absent	1	0.9392	1	FP	0	0.1971	0	absent
COG5653	N	Acetyltransferase involved in cellulose biosynthesis, CelD/BcsL family	1	1	0.9360	1	kept	0	0.6674	1	recovered	0	0.1677	0	gap
COG5654	S	Uncharacterized protein, contains RES domain	0	0	0.0192	0	absent	0	0.0968	0	absent	0	0.0146	0	absent
COG5655	X	Replication initiaton protein REP (rolling circle plasmid replication)	0	0	0.0074	0	absent	0	0.0030	0	absent	0	0.0035	0	absent
COG5657			0	0	0.0000	0	absent	0	0.0000	0	absent	0	0.0000	0	absent
COG5658	V	Bacterial immunity/signal transduction membrane protein SdpI,  SdpI/YbgB/DUF1648 family	0	0	0.0108	0	absent	0	0.0028	0	absent	0	0.0060	0	absent
COG5659	X	SRSO17 transposase	0	0	0.0960	0	absent	0	0.0182	0	absent	0	0.0075	0	absent
COG5660	T	Anti-sigma-YlaC factor YlaD, contains Zn-finger domain	0	0	0.1643	0	absent	0	0.0406	0	absent	0	0.0562	0	absent
COG5661	O	Predicted secreted Zn-dependent protease	0	0	0.0052	0	absent	1	0.3184	0	absent	0	0.0021	0	absent
COG5662	K	Transmembrane transcriptional regulator RsiW (anti-sigma-W factor)	0	0	0.3587	0	absent	0	0.2111	0	absent	0	0.0614	0	absent
COG5663	R	Uncharacterized conserved protein YqfW, HAD superfamily	0	0	0.0027	0	absent	0	0.0146	0	absent	0	0.0243	0	absent
COG5664	O	Predicted secreted Zn-dependent protease	0	0	0.0000	0	absent	0	0.0000	0	absent	0	0.0000	0	absent
COG5665	K	CCR4-NOT transcriptional regulation complex, NOT5 subunit	0	0	0.0000	0	absent	0	0.0000	0	absent	0	0.0000	0	absent
