COG_ID	input_prob	input_present	candidate	q_full_mean	q_full_sd	q_mask_neutral_mean	q_mask_neutral_sd	q_mask_absent_mean	q_mask_absent_sd	self_anchor_neutral	self_anchor_absent	residual_context	dropout_mean	dropout_consensus
COG0001	1	1	1	0.999208	0.00148335	0.995999	0.00747496	0.979152	0.0419471	0.00320917	0.0200558	3.4389	0.999376	1
COG0002	1	1	1	0.999553	0.00051466	0.996957	0.00456231	0.987836	0.0203545	0.00259602	0.0117162	3.46164	0.992525	1
COG0003	1	1	1	0.99932	0.000899157	0.995131	0.00605139	0.970034	0.0370174	0.00418878	0.0292864	4.76034	0.99153	1
COG0004	1	1	1	0.98625	0.0121275	0.939629	0.0493871	0.783854	0.159139	0.0466204	0.202396	0.671431	0.974916	1
COG0005	1	1	1	0.999782	0.0001597	0.998665	0.00111527	0.993469	0.00595528	0.00111729	0.00631303	4.54051	0.994571	1
COG0006	1	1	1	0.999958	4.97253e-05	0.999539	0.000633258	0.995261	0.00761689	0.000419676	0.00469702	3.08212	0.999454	1
COG0007	1	1	1	0.987407	0.023998	0.950721	0.0941886	0.862081	0.257638	0.0366864	0.125326	1.71065	0.977134	0.99375
COG0008	1	1	1	1	1.01223e-06	0.999973	4.66688e-05	0.99885	0.0019601	2.60472e-05	0.0011493	3.11608	0.997626	1
COG0009	1	1	1	0.999747	0.000181245	0.997235	0.00172154	0.969941	0.022775	0.00251186	0.0298064	1.13225	0.98823	1
COG0010	1	1	1	0.999727	0.000282886	0.997941	0.00236763	0.988072	0.013755	0.00178611	0.0116549	4.35774	0.997969	1
COG0011	1	1	1	0.999522	0.00049727	0.996584	0.00376967	0.98019	0.0235368	0.00293827	0.0193316	5.15173	0.973177	1
COG0012	1	1	1	0.999868	0.000165089	0.997442	0.00313266	0.955073	0.0509922	0.00242615	0.0447952	0.268784	0.989776	1
COG0013	1	1	1	1	1.01503e-07	0.999995	4.48701e-06	0.999815	0.000201024	4.47035e-06	0.000184417	5.2791	0.998687	1
COG0014	0.9438	1	1	0.145683	0.259615	0.0689929	0.179366	0.0241145	0.068089	0.0766899	0.121568	-4.52429	0.502476	0.5125
COG0015	1	1	1	0.997638	0.00203008	0.988448	0.00920412	0.937048	0.055707	0.00919002	0.0605901	1.15402	0.996639	1
COG0016	1	1	1	0.999994	8.51287e-06	0.999852	0.000228304	0.996647	0.00477335	0.000142872	0.00334692	2.80648	0.992842	1
COG0017	1	1	1	0.99993	0.000171539	0.999012	0.00218942	0.989272	0.0219409	0.000917256	0.0106582	4.56054	0.998028	1
COG0018	1	1	1	0.999973	2.60557e-05	0.999434	0.000502067	0.988976	0.00940919	0.000538826	0.0109966	1.47508	0.992854	1
COG0019	1	1	1	0.991779	0.00695835	0.963643	0.0285663	0.852513	0.122283	0.0281363	0.139266	0.290112	0.988213	1
COG0020	1	1	1	0.999924	9.43873e-05	0.998662	0.00209766	0.981182	0.0334192	0.00126207	0.018742	1.53822	0.990398	1
COG0022	1	1	1	0.319512	0.35662	0.220325	0.383418	0.190051	0.373785	0.099187	0.129461	-1.55539	0.904453	0.9625
COG0023	1	1	1	0.999759	0.000339622	0.997085	0.00444855	0.96868	0.0502436	0.00267351	0.0310789	5.08417	0.978822	1
COG0024	1	1	1	0.999864	0.000123903	0.997782	0.00182681	0.96797	0.030457	0.00208235	0.0318944	0.762303	0.99336	1
COG0025	1	1	1	0.91778	0.0420803	0.640376	0.176151	0.2795	0.222361	0.277404	0.638281	-0.565561	0.860837	0.91875
COG0026	0.9998	1	1	0.139644	0.196865	0.0276151	0.0491654	0.00450893	0.00929802	0.112029	0.135135	-5.31358	0.387587	0.39375
COG0027	0.9966	1	1	0.342188	0.212399	0.0716529	0.0841094	0.00942047	0.0151486	0.270535	0.332767	-3.1672	0.106768	0.028125
COG0028	1	1	1	0.998419	0.00181303	0.991514	0.00871066	0.968297	0.0355256	0.00690496	0.0301223	2.18303	0.998829	1
COG0029	1	1	1	0.475883	0.345851	0.290465	0.378131	0.17489	0.284432	0.185418	0.300994	-1.63527	0.80578	0.859375
COG0030	1	1	1	0.999852	9.52224e-05	0.997422	0.00181723	0.9605	0.0304053	0.00243008	0.0393524	0.460597	0.987369	1
COG0031	1	1	1	0.924932	0.0734797	0.728641	0.189713	0.415074	0.292345	0.196291	0.509858	-2.02799	0.989038	1
COG0034	1	1	1	0.9978	0.00299254	0.991032	0.0106274	0.965269	0.0344881	0.00676763	0.0325307	1.81815	0.996368	1
COG0035	1	1	1	0.822357	0.142886	0.460451	0.281252	0.206635	0.294609	0.361906	0.615722	-1.65005	0.7769	0.825
COG0036	1	1	1	0.00402098	0.00462342	0.000404072	0.000640169	4.65304e-05	9.40352e-05	0.00361691	0.00397445	-12.2951	0.179822	0.11875
COG0037	1	1	1	0.999961	3.65956e-05	0.999304	0.000651476	0.9893	0.0102621	0.000656247	0.0106605	1.96516	0.989752	1
COG0038	1	1	1	0.998937	0.00070525	0.994475	0.00302737	0.977121	0.013251	0.00446159	0.0218155	3.93589	0.964671	1
COG0039	1	1	1	0.988871	0.00909875	0.947366	0.0320118	0.77996	0.121763	0.0415051	0.208911	0.355038	0.974233	1
COG0040	1	1	1	0.999974	2.38053e-05	0.999865	0.000109608	0.999443	0.000597927	0.000109255	0.00053072	6.55042	0.992537	1
COG0041	1	1	1	0.998857	0.00193755	0.994736	0.00715826	0.976195	0.0237023	0.00412083	0.0226623	2.43316	0.991748	1
COG0042	1	1	1	0.131911	0.296296	0.102212	0.297744	0.0959803	0.287262	0.0296994	0.0359307	-4.2124	0.735111	0.778125
COG0043	1	1	1	0.999994	3.9883e-06	0.999959	1.87683e-05	0.999777	8.77634e-05	3.41535e-05	0.000216126	9.04519	0.992115	1
COG0044	1	1	1	0.999673	0.000222134	0.998348	0.00104946	0.992671	0.00547511	0.00132418	0.00700152	3.49894	0.998288	1
COG0045	1	1	1	0.998105	0.00352351	0.991512	0.0155632	0.960103	0.0812868	0.00659227	0.0380014	2.63326	0.999065	1
COG0046	1	1	1	0.997681	0.00282219	0.992724	0.00750201	0.975879	0.0199717	0.0049575	0.0218023	2.25179	0.996428	1
COG0047	1	1	1	0.999671	0.000615183	0.996939	0.00638197	0.979953	0.0421004	0.00273216	0.0197185	4.17813	0.995577	1
COG0048	1	1	1	0.999903	9.64459e-05	0.997833	0.00218834	0.968846	0.0256375	0.00207025	0.0310578	1.58498	0.981722	1
COG0049	1	1	1	0.999927	5.11501e-05	0.998314	0.00128211	0.975692	0.0215569	0.00161314	0.0242344	1.93078	0.982795	1
COG0051	1	1	1	0.999826	0.00026664	0.994711	0.00852601	0.935475	0.0764535	0.00511509	0.0643504	0.853065	0.978536	0.99375
COG0052	1	1	1	0.999811	0.000152412	0.996277	0.00318723	0.934344	0.0708242	0.00353479	0.065467	-0.020651	0.961191	1
COG0053	1	1	1	0.999244	0.000713312	0.994421	0.00419499	0.956113	0.0299967	0.00482297	0.0431309	2.02342	0.996916	1
COG0054	1	1	1	0.997586	0.00183839	0.987339	0.0100123	0.948095	0.0395895	0.0102466	0.0494909	2.30611	0.979785	0.996875
COG0055	0.0012	1	1	0.00648439	0.0167696	0.00646751	0.0167259	0.000728238	0.00185044	1.68742e-05	0.00575615	-8.5216	0.0255969	0
COG0056	0.0012	1	1	0.00247846	0.00387079	0.0024717	0.00385948	0.00028404	0.000381109	6.75325e-06	0.00219442	-9.45055	0.0157728	0
COG0057	1	1	1	0.999795	0.000212449	0.997638	0.00273182	0.971299	0.0377941	0.00215638	0.0284962	0.961063	0.995112	1
COG0058	1	1	1	0.953941	0.0787105	0.807914	0.203187	0.46959	0.278333	0.146028	0.484351	-0.464805	0.897445	0.93125
COG0059	1	1	1	0.999071	0.000844509	0.995039	0.00412348	0.973525	0.0246812	0.00403196	0.0255457	2.82727	0.982931	1
COG0060	1	1	1	0.999972	4.36904e-05	0.999277	0.00111708	0.983579	0.0237828	0.000694692	0.0163933	0.893858	0.98394	1
COG0061	1	1	1	0.999989	9.78421e-06	0.999915	7.59015e-05	0.999489	0.000523601	7.34925e-05	0.000500023	5.87126	0.997914	1
COG0062	0.0007	1	1	0.130783	0.234004	0.130696	0.233931	0.0470313	0.117292	8.73506e-05	0.0837516	-3.83315	0.398836	0.359375
COG0063	1	1	1	0.999994	9.37144e-06	0.999897	0.000155572	0.998253	0.00248878	9.68575e-05	0.00174123	7.96085	0.965586	0.996875
COG0064	1	1	1	0.993829	0.0136837	0.955516	0.082517	0.833999	0.255568	0.0383124	0.15983	0.220095	0.963878	1
COG0065	1	1	1	0.999579	0.000712479	0.998938	0.00128063	0.997268	0.00290588	0.000640869	0.00231034	4.96839	0.999149	1
COG0066	1	1	1	0.99996	7.78503e-05	0.999837	0.00025346	0.999292	0.00104422	0.000123203	0.000667691	6.43922	0.999059	1
COG0067	1	1	1	0.989662	0.00939274	0.94546	0.0566648	0.797894	0.192642	0.044202	0.191768	0.779522	0.976145	1
COG0068	1	1	1	0.999978	1.39717e-05	0.999818	0.000117383	0.998814	0.000765776	0.000160038	0.00116378	7.8692	0.990598	0.996875
COG0069	1	1	1	0.99752	0.00378544	0.978676	0.0386205	0.906447	0.161125	0.0188439	0.0910734	3.0317	0.864394	0.940625
COG0070	0.9999	1	1	0.991761	0.00959598	0.92453	0.0708156	0.666541	0.210656	0.0672317	0.32522	3.44588	0.548831	0.509375
COG0071	1	1	1	0.999999	1.16435e-06	0.999994	8.54709e-06	0.999956	6.35835e-05	4.94719e-06	4.28557e-05	9.05827	0.99992	1
COG0072	1	1	1	0.998742	0.000918045	0.97112	0.0295267	0.697536	0.209278	0.0276213	0.301205	-2.16129	0.965361	1
COG0073	1	1	1	0.07825	0.084438	0.00939488	0.011287	0.000937054	0.00121537	0.0688552	0.077313	-7.30289	0.427786	0.446875
COG0074	1	1	1	0.999033	0.00154256	0.994833	0.00952583	0.970417	0.0601865	0.00419939	0.028616	3.02906	0.995934	1
COG0075	1	1	1	0.99997	3.05046e-05	0.999825	0.000239424	0.999072	0.00147606	0.000145376	0.000898302	7.11701	0.998671	1
COG0076	1	1	1	0.999827	0.000145228	0.999058	0.000716547	0.995802	0.00320953	0.000769436	0.00402504	6.16552	0.997631	1
COG0077	1	1	1	0.991733	0.00849091	0.948634	0.061751	0.798066	0.219802	0.0430992	0.193668	0.196521	0.964248	1
COG0078	1	1	1	0.0660981	0.0595766	0.0104374	0.00975988	0.00146072	0.00165911	0.0556607	0.0646374	-7.81037	0.422971	0.446875
COG0079	1	1	1	0.999999	1.35697e-06	0.999995	5.22189e-06	0.999986	1.67774e-05	3.63588e-06	1.30534e-05	9.864	0.999785	1
COG0080	1	1	1	0.999833	0.00023332	0.997179	0.00384424	0.97636	0.0259861	0.0026539	0.0234727	1.72375	0.983919	1
COG0081	1	1	1	0.999503	0.000651575	0.994101	0.00628482	0.931349	0.0625046	0.00540221	0.0681543	0.718535	0.971569	1
COG0082	1	1	1	0.999501	0.000663572	0.997417	0.00414679	0.984891	0.0283729	0.00208366	0.0146092	2.74883	0.996046	1
COG0083	1	1	1	0.890199	0.181243	0.668943	0.255418	0.369193	0.308029	0.221256	0.521006	0.156406	0.708237	0.7375
COG0084	1	1	1	0.938553	0.146752	0.781094	0.276637	0.410159	0.298241	0.157459	0.528394	-3.2043	0.580634	0.565625
COG0085	1	1	1	0.999933	6.36074e-05	0.998074	0.00187927	0.954077	0.0503969	0.00185841	0.0458555	0.871652	0.985064	1
COG0086	1	1	1	0.999923	7.56656e-05	0.997729	0.00253916	0.961336	0.039968	0.00219399	0.0385872	1.08637	0.988666	1
COG0087	1	1	1	0.999853	0.000167549	0.995553	0.00468593	0.916238	0.0803288	0.00430059	0.0836151	0.514146	0.968406	0.9875
COG0088	1	1	1	0.999931	0.000120268	0.995329	0.00901542	0.948587	0.0927326	0.00460142	0.0513433	1.05327	0.984842	0.99375
COG0089	1	1	1	0.998707	0.00217488	0.985698	0.023263	0.855659	0.177096	0.0130094	0.143049	-0.0274102	0.954026	0.98125
COG0090	1	1	1	0.999684	0.000522776	0.992738	0.012715	0.873855	0.181133	0.00694627	0.125829	0.0676723	0.971645	0.98125
COG0091	1	1	1	0.999907	0.000114924	0.996704	0.00407405	0.951141	0.0537927	0.00320375	0.048767	1.19248	0.966113	0.984375
COG0092	1	1	1	0.999993	1.3976e-05	0.999855	0.000221019	0.996477	0.00423658	0.000138462	0.0035165	3.81114	0.985056	0.99375
COG0093	1	1	1	0.999999	1.46584e-06	0.999941	7.90459e-05	0.998302	0.00264693	5.81145e-05	0.00169683	4.52058	0.985817	0.9875
COG0094	1	1	1	0.999999	2.37695e-06	0.999951	6.61174e-05	0.998754	0.00240287	4.79221e-05	0.00124478	4.78811	0.988226	0.9875
COG0095	1	1	1	0.992384	0.0167842	0.949154	0.093675	0.818218	0.234178	0.0432299	0.174166	2.21701	0.983853	1
COG0096	1	1	1	0.999991	2.07564e-05	0.999668	0.000635197	0.989776	0.0234325	0.000322759	0.0102156	2.64822	0.984811	0.990625
COG0097	1	1	1	0.999991	1.60903e-05	0.999735	0.000356722	0.992888	0.0124293	0.000256538	0.00710303	2.9844	0.989717	0.99375
COG0098	1	1	1	0.99995	8.24359e-05	0.998132	0.00315279	0.963709	0.0630293	0.00181848	0.0362411	1.21706	0.986031	0.996875
COG0099	1	1	1	0.99995	5.33832e-05	0.998186	0.00260058	0.966192	0.0486896	0.00176346	0.033758	1.13374	0.957651	1
COG0100	1	1	1	0.999759	0.000274264	0.990917	0.013539	0.886151	0.13822	0.00884187	0.113608	-0.0672688	0.940833	1
COG0101	1	1	1	0.997073	0.00524519	0.98435	0.0249159	0.920944	0.0999001	0.0127233	0.0761298	0.576317	0.985951	1
COG0102	1	1	1	0.999797	0.000232275	0.995301	0.00498217	0.912001	0.102996	0.00449681	0.0877963	-0.181682	0.966712	1
COG0103	1	1	1	0.000816336	0.00128925	5.458e-05	0.000105439	4.1604e-06	9.24826e-06	0.000761756	0.000812176	-14.4895	0.0475812	0
COG0104	1	1	1	0.999427	0.00043982	0.996854	0.00292903	0.979536	0.0238689	0.00257224	0.0198903	2.30234	0.995172	1
COG0105	1	1	1	0.999522	0.000371563	0.995959	0.0030225	0.975366	0.0178015	0.00356209	0.0241556	2.72808	0.997311	1
COG0106	1	1	1	0.999892	0.000122225	0.999472	0.000666652	0.99821	0.00272852	0.000420392	0.00168198	5.37938	0.99385	1
COG0107	1	1	1	0.999926	8.45344e-05	0.999617	0.000448699	0.998397	0.00270711	0.000308812	0.00152969	5.46681	0.996096	1
COG0108	1	1	1	0.988301	0.0132189	0.944376	0.0554764	0.801185	0.175797	0.043925	0.187116	0.787494	0.980207	0.99375
COG0109	1	1	1	0.288909	0.349257	0.189686	0.311934	0.134578	0.294577	0.099223	0.154332	-1.94477	0.772645	0.825
COG0110	1	1	1	0.90117	0.0790914	0.538696	0.263263	0.218622	0.301353	0.362473	0.682548	-2.07577	0.988167	1
COG0111	1	1	1	0.999612	0.000494381	0.998119	0.00194707	0.99303	0.00569982	0.0014925	0.00658166	3.49943	0.999134	1
COG0112	1	1	1	0.999713	0.000226605	0.997233	0.00235815	0.976782	0.0251374	0.00248021	0.0229309	1.72669	0.998008	1
COG0113	1	1	1	0.997871	0.00433576	0.987518	0.0289906	0.944185	0.129629	0.0103536	0.0536864	2.41609	0.989072	1
COG0114	1	1	1	0.199024	0.274694	0.122705	0.290337	0.100561	0.286167	0.0763193	0.0984629	-2.1796	0.760642	0.790625
COG0115	1	1	1	0.958403	0.028166	0.844186	0.0984858	0.610085	0.222347	0.114218	0.348318	-1.16538	0.988268	1
COG0116	0.9999	1	1	0.570409	0.164588	0.177783	0.0997801	0.0293289	0.0189759	0.392625	0.54108	-3.3796	0.443953	0.446875
COG0117	0.8653	1	1	0.0199383	0.03265	0.0048003	0.00839079	0.000869364	0.00139617	0.015138	0.0190689	-7.59832	0.290473	0.24375
COG0118	1	1	1	0.998074	0.00196998	0.991105	0.00958226	0.959468	0.0561605	0.0069688	0.038606	2.27518	0.990109	1
COG0119	1	1	1	0.999507	0.000615704	0.9976	0.00309581	0.991056	0.0139657	0.00190723	0.0084517	3.34365	0.99853	1
COG0120	1	1	1	0.99934	0.000782497	0.99561	0.00463859	0.976539	0.0220815	0.00373018	0.0228014	4.31808	0.987784	1
COG0121	1	1	1	0.810959	0.106669	0.383257	0.190124	0.0926457	0.102675	0.427701	0.718313	-1.18287	0.485507	0.5
COG0122	1	1	1	0.864837	0.106591	0.586737	0.260787	0.294777	0.312291	0.278099	0.570059	-1.22073	0.959458	0.996875
COG0123	1	1	1	0.99999	1.2247e-05	0.999951	5.35561e-05	0.999808	0.000212256	3.8743e-05	0.000182033	8.58773	0.999919	1
COG0124	1	1	1	0.999752	0.000242741	0.995558	0.00406254	0.934607	0.0549012	0.0041936	0.0651448	-0.415254	0.980905	1
COG0125	1	1	1	0.993774	0.00585175	0.94309	0.0511403	0.703683	0.225126	0.0506836	0.290091	-1.1316	0.981164	1
COG0126	1	1	1	0.999955	4.14913e-05	0.999462	0.000553633	0.992895	0.00936514	0.000493228	0.00706017	2.33244	0.996464	1
COG0127	1	1	1	0.999986	1.02566e-05	0.999856	0.000135235	0.998498	0.00190913	0.000130713	0.00148839	4.49819	0.995197	1
COG0128	1	1	1	0.999468	0.00057679	0.997203	0.00312714	0.986283	0.018886	0.00226545	0.013185	2.86946	0.994054	1
COG0129	1	1	1	0.996771	0.00291675	0.985299	0.0131161	0.954524	0.0369874	0.011472	0.0422463	2.16396	0.988468	1
COG0130	1	1	1	0.999866	0.000145052	0.997317	0.00335248	0.959694	0.054658	0.00254899	0.0401716	0.913893	0.959685	1
COG0131	1	1	1	0.99987	0.000122703	0.999361	0.000605781	0.997719	0.00272735	0.000508606	0.00215101	5.20819	0.98772	1
COG0132	0.9587	1	1	0.0432837	0.0510479	0.00570016	0.00782204	0.000684845	0.000995503	0.0375835	0.0425988	-6.62564	0.18926	0.125
COG0133	1	1	1	0.985646	0.0207308	0.920002	0.124674	0.784805	0.298875	0.0656435	0.200841	0.474819	0.978924	1
COG0134	1	1	1	0.999801	0.000301219	0.998327	0.00320742	0.987122	0.0307703	0.00147414	0.0126784	3.72863	0.992795	1
COG0135	1	1	1	0.995596	0.0110454	0.975515	0.0635534	0.930778	0.174825	0.0200812	0.0648181	2.43143	0.987476	1
COG0136	1	1	1	0.999853	0.000116436	0.999366	0.000719343	0.996466	0.00524789	0.000486493	0.00338709	4.03927	0.993777	1
COG0137	1	1	1	0.999208	0.000807567	0.995894	0.00582528	0.978151	0.038362	0.00331378	0.0210571	2.67249	0.990232	1
COG0138	0.9978	1	1	0.449412	0.33194	0.255913	0.376597	0.208666	0.390196	0.193498	0.240746	-2.74998	0.923614	0.98125
COG0139	1	1	1	0.999778	0.000168073	0.99899	0.000640995	0.996685	0.00224404	0.000787437	0.00309259	4.98537	0.986169	1
COG0140	0.9997	1	1	0.959598	0.0289752	0.80411	0.128101	0.47726	0.233814	0.155488	0.482338	0.447093	0.677108	0.71875
COG0141	1	1	1	0.999951	4.94666e-05	0.999703	0.000415473	0.99891	0.00163063	0.000247955	0.00104088	5.86207	0.996643	1
COG0142	1	1	1	0.999952	5.83432e-05	0.999564	0.000621065	0.996963	0.00478484	0.000388682	0.00298887	3.76406	0.998603	1
COG0143	1	1	1	0.999849	0.000218413	0.996876	0.00494424	0.953363	0.0727654	0.00297296	0.0464861	2.6472	0.960869	1
COG0144	1	1	1	0.953164	0.0394414	0.815589	0.102779	0.513006	0.173735	0.137575	0.440158	-1.18799	0.841314	0.915625
COG0145	1	1	1	0.994384	0.00445531	0.971028	0.0281721	0.875648	0.141449	0.0233562	0.118736	2.56098	0.995311	1
COG0146	1	1	1	0.986412	0.0139597	0.915562	0.0913966	0.680962	0.249249	0.0708506	0.30545	2.11929	0.932582	1
COG0147	1	1	1	0.989675	0.0223696	0.961152	0.0829451	0.894931	0.22275	0.0285225	0.0947437	1.38433	0.992459	1
COG0148	1	1	1	0.999944	7.56168e-05	0.999358	0.000842084	0.99393	0.0084339	0.000586092	0.00601482	3.17713	0.997269	1
COG0149	1	1	1	0.99992	0.000118333	0.998962	0.00150058	0.98669	0.0202204	0.000957668	0.0132303	1.92069	0.994676	1
COG0150	1	1	1	0.999544	0.000611236	0.997694	0.00272105	0.99007	0.010901	0.00185019	0.00947434	3.24277	0.994126	1
COG0151	1	1	1	0.993794	0.00660802	0.967038	0.0289116	0.839931	0.138078	0.0267558	0.153862	0.119525	0.99214	1
COG0152	1	1	1	0.998817	0.00175423	0.994881	0.00585609	0.977135	0.0239748	0.00393534	0.0216818	2.37606	0.994554	1
COG0153	1	1	1	0.354529	0.254333	0.107385	0.156126	0.0228157	0.0434823	0.247144	0.331713	-3.36318	0.551622	0.55625
COG0154	1	1	1	0.997321	0.00315594	0.980816	0.021862	0.892228	0.141972	0.0165048	0.105093	0.288875	0.99359	1
COG0155	0.9999	1	1	0.0415161	0.0823808	0.00723459	0.0175475	0.00110561	0.00286576	0.0342815	0.0404105	-6.48713	0.338789	0.321875
COG0156	1	1	1	0.314774	0.300906	0.106037	0.13573	0.0191556	0.0292673	0.208737	0.295619	-4.25285	0.644242	0.66875
COG0157	1	1	1	0.996888	0.00430437	0.982689	0.0230733	0.927135	0.0955212	0.0141988	0.0697532	2.18904	0.98821	1
COG0158	0.9887	1	1	0.393773	0.261851	0.147743	0.176018	0.0417517	0.0783477	0.24603	0.352021	-1.81713	0.646209	0.684375
COG0159	1	1	1	0.99942	0.000653606	0.996151	0.00605486	0.97716	0.0446107	0.00326872	0.0222597	3.06808	0.989834	1
COG0160	1	1	1	0.996003	0.00378098	0.976806	0.019682	0.902226	0.0848307	0.0191974	0.0937778	2.46794	0.990445	1
COG0161	0.1175	1	1	0.000800961	0.00105349	0.000614524	0.00080054	6.76334e-05	9.0002e-05	0.000186437	0.000733328	-9.70173	0.0646951	0.00625
COG0162	1	1	1	0.99995	3.86527e-05	0.998925	0.000853002	0.980567	0.0166671	0.00102478	0.019383	1.28581	0.991022	1
COG0163	1	1	1	0.999862	0.000184285	0.999186	0.000908909	0.995904	0.00344903	0.000676155	0.00395781	6.2081	0.940129	0.996875
COG0164	1	1	1	0.999927	5.75198e-05	0.998753	0.00102105	0.979754	0.020249	0.00117445	0.020173	1.57923	0.983493	1
COG0165	1	1	1	0.999313	0.000826473	0.9958	0.0070618	0.974804	0.0483165	0.00351346	0.0245097	2.50269	0.993725	1
COG0166	1	1	1	0.163981	0.286071	0.0942607	0.236274	0.0345979	0.0953987	0.06972	0.129383	-4.9494	0.636637	0.6375
COG0167	1	1	1	0.999974	2.55026e-05	0.999815	0.000226006	0.998714	0.00198898	0.000158668	0.00125968	4.84402	0.998718	1
COG0168	1	1	1	0.918547	0.0987469	0.781494	0.190317	0.517205	0.3113	0.137053	0.401342	-0.320149	0.919668	0.96875
COG0169	1	1	1	0.999757	0.000382507	0.99876	0.00228954	0.993767	0.013052	0.00099647	0.00599015	3.58794	0.997912	1
COG0170	1	1	1	0.999682	0.000269591	0.994878	0.0049984	0.9249	0.0756339	0.00480396	0.0747823	4.60897	0.803037	0.8625
COG0171	1	1	1	0.999967	3.34797e-05	0.999816	0.000145426	0.998981	0.000672432	0.000150561	0.000986457	5.10845	0.996425	1
COG0172	1	1	1	0.999749	0.000300278	0.996195	0.00423742	0.945291	0.0567547	0.00355309	0.0544572	0.10849	0.991395	1
COG0174	1	1	1	0.999951	3.55027e-05	0.999731	0.000228157	0.998766	0.0014317	0.00022012	0.00118446	5.42506	0.997716	1
COG0175	1	1	1	0.955874	0.0558296	0.838946	0.147289	0.558152	0.260493	0.116928	0.397723	0.189581	0.98201	1
COG0176	1	1	1	0.201329	0.209101	0.0431198	0.062746	0.00641123	0.00876566	0.158209	0.194918	-5.58538	0.490086	0.51875
COG0177	1	1	1	0.999929	6.51389e-05	0.999026	0.000941432	0.988361	0.0129802	0.000902474	0.0115678	2.26004	0.99662	1
COG0178	1	1	1	0.206875	0.375198	0.143959	0.312278	0.104166	0.294019	0.0629158	0.10271	-4.81599	0.909171	0.9625
COG0179	1	1	1	0.999363	0.000824011	0.997364	0.00331313	0.991667	0.0102924	0.00199938	0.00769597	4.40743	0.999443	1
COG0180	1	1	1	0.999959	4.81055e-05	0.99924	0.000687835	0.985905	0.0140859	0.00071907	0.0140541	1.35644	0.991062	1
COG0181	1	1	1	0.994152	0.0119141	0.968544	0.0710603	0.898706	0.204626	0.0256081	0.0954455	1.78635	0.979267	0.996875
COG0182	1	1	1	0.999987	1.76361e-05	0.9999	0.000141997	0.99946	0.00079873	8.70228e-05	0.000526845	7.89531	0.996762	1
COG0183	1	1	1	0.999701	0.000447426	0.998565	0.00210572	0.9964	0.00511141	0.00113553	0.0033012	4.67225	0.99995	1
COG0184	1	1	1	0.999852	0.000146747	0.996591	0.00454587	0.939255	0.0885898	0.00326097	0.0605976	0.0623237	0.98521	1
COG0185	1	1	1	0.999728	0.000494439	0.992448	0.0143012	0.890694	0.175654	0.00727916	0.109033	0.310689	0.964104	0.984375
COG0186	1	1	1	0.999998	4.54487e-06	0.999855	0.000235117	0.9951	0.00734636	0.000143051	0.00489783	3.51177	0.987932	0.99375
COG0187	0.9992	1	1	0.161173	0.304383	0.0977691	0.280183	0.0482704	0.144224	0.0634035	0.112902	-5.92546	0.678207	0.678125
COG0188	0.9991	1	1	0.160691	0.311283	0.10208	0.290014	0.0653776	0.195239	0.0586112	0.0953133	-5.60327	0.688634	0.684375
COG0189	1	1	1	0.814287	0.122566	0.468354	0.242144	0.198293	0.27878	0.345933	0.615994	-1.98204	0.967195	1
COG0190	1	1	1	0.013706	0.0375498	0.00147135	0.00410636	0.000151286	0.000422362	0.0122347	0.0135547	-10.8393	0.200877	0.121875
COG0191	0.9999	1	1	0.0728925	0.15523	0.0122396	0.0296626	0.00155022	0.0039694	0.0606529	0.0713423	-7.24372	0.440646	0.475
COG0192	1	1	1	0.000443256	0.00103654	3.75479e-05	9.53642e-05	3.44217e-06	9.06827e-06	0.000405708	0.000439814	-14.551	0.133962	0.05
COG0195	1	1	1	0.999989	1.06406e-05	0.999802	0.000217694	0.996225	0.00536728	0.000187039	0.00376415	2.68542	0.983431	1
COG0197	1	1	1	0.999995	1.1031e-05	0.99978	0.000408775	0.996399	0.00564226	0.000215054	0.00359559	3.80051	0.991403	0.996875
COG0198	1	1	1	0.999991	1.75833e-05	0.999637	0.000554339	0.992971	0.0139877	0.00035423	0.00701994	3.11556	0.975486	0.990625
COG0199	0.1413	1	1	0.850452	0.11665	0.806032	0.139616	0.34545	0.221975	0.0444196	0.505002	-1.98098	0.639958	0.696875
COG0200	1	1	1	0.99989	0.000159088	0.997138	0.00419042	0.966045	0.0444556	0.00275201	0.0338448	1.25335	0.980347	0.996875
COG0201	1	1	1	0.0311572	0.0492575	0.00292127	0.00509249	0.000248748	0.00046401	0.0282359	0.0309084	-10.2858	0.164316	0.090625
COG0202	1	1	1	0.999946	4.82705e-05	0.998409	0.00157128	0.965187	0.0340008	0.00153774	0.0347595	0.832567	0.985059	1
COG0205	1	1	1	0.212844	0.277549	0.0939177	0.221245	0.0355861	0.0988444	0.118926	0.177258	-4.14158	0.61748	0.584375
COG0206	1	1	1	0.946538	0.0851952	0.711989	0.280403	0.412594	0.400605	0.234549	0.533944	-2.70505	0.991652	1
COG0207	1	1	1	0.36023	0.32113	0.105454	0.131686	0.0163103	0.0257911	0.254776	0.34392	-4.35855	0.509198	0.53125
COG0208	0.2597	1	1	4.71234e-05	0.000134981	2.84404e-05	8.1788e-05	4.60446e-06	1.34168e-05	1.86831e-05	4.2519e-05	-12.0665	0.00946408	0
COG0209	1	1	1	0.985687	0.0228073	0.936922	0.0738529	0.779726	0.198961	0.0487646	0.205961	0.218314	0.986453	1
COG0210	1	1	1	0.456505	0.333992	0.206916	0.338731	0.101473	0.244221	0.249588	0.355032	-5.12124	0.881951	0.965625
COG0212	1	1	1	0.276399	0.211528	0.0741688	0.110773	0.0121832	0.0208705	0.20223	0.264216	-5.22347	0.48581	0.496875
COG0213	1	1	1	0.917441	0.0829282	0.684611	0.235076	0.366192	0.330227	0.23283	0.551249	-0.51079	0.887034	0.9625
COG0214	1	1	1	0.999647	0.000458773	0.996096	0.0054954	0.970686	0.0426978	0.00355071	0.0289604	4.50831	0.979665	1
COG0215	1	1	1	0.993341	0.00618925	0.897236	0.0806528	0.434858	0.259158	0.0961053	0.558483	-3.26113	0.969663	1
COG0218	1	1	1	0.531569	0.257445	0.205092	0.20582	0.0472442	0.0765812	0.326477	0.484325	-3.57678	0.743492	0.8
COG0221	1	1	1	0.432984	0.254724	0.164612	0.257735	0.0741394	0.179499	0.268373	0.358845	-2.67946	0.780537	0.84375
COG0224	0.0012	1	1	0.0379462	0.0604077	0.0378574	0.0602714	0.00442145	0.00657906	8.87848e-05	0.0335247	-6.65054	0.0801542	0
COG0225	1	1	1	0.282259	0.343252	0.170099	0.317195	0.116941	0.297227	0.11216	0.165318	-2.73161	0.963853	0.99375
COG0226	1	1	1	0.999446	0.000333789	0.997447	0.00188134	0.98972	0.0111249	0.00199902	0.00972605	3.65481	0.99564	1
COG0229	1	1	1	0.193499	0.300706	0.110373	0.270526	0.0674442	0.193915	0.0831256	0.126055	-2.66797	0.7729	0.85
COG0231	1	1	1	0.999766	0.000271456	0.995488	0.0052088	0.927995	0.0830881	0.00427848	0.071771	-0.254137	0.985444	1
COG0232	0.9608	1	1	0.274226	0.309595	0.0839686	0.117078	0.012881	0.0215254	0.190257	0.261345	-4.95767	0.259396	0.203125
COG0234	0.3126	1	1	0.0635258	0.130432	0.0379811	0.0815271	0.00538055	0.0127596	0.0255447	0.0581453	-7.07836	0.114635	0.009375
COG0235	1	1	1	0.999036	0.000777739	0.995696	0.00280348	0.981176	0.010055	0.00333965	0.0178596	3.36961	0.982385	1
COG0236	0.9835	1	1	0.00814084	0.0207797	0.000956571	0.00253025	0.000106999	0.000286336	0.00718427	0.00803384	-11.0219	0.187643	0.084375
COG0237	1	1	1	0.999827	0.000138445	0.998098	0.00174484	0.980612	0.0221137	0.00172883	0.0192157	1.99333	0.994959	1
COG0239	1	1	1	0.919857	0.0628867	0.7035	0.199357	0.41055	0.321859	0.216357	0.509307	-0.471571	0.874223	0.95625
COG0240	0.7867	1	1	0.0179543	0.03148	0.0042079	0.00850467	0.000606307	0.00131657	0.0137464	0.017348	-8.81259	0.239279	0.175
COG0241	0.9999	1	1	0.171633	0.243556	0.0607934	0.147737	0.0114796	0.0300862	0.11084	0.160154	-3.97297	0.369805	0.334375
COG0243	1	1	1	0.999552	0.00083159	0.998118	0.00338114	0.994711	0.00791798	0.00143403	0.00484073	5.11695	0.998107	1
COG0244	1	1	1	0.999821	0.000223412	0.996054	0.00528758	0.935641	0.086558	0.00376743	0.0641805	0.74429	0.973228	1
COG0247	1	1	1	0.999992	1.99099e-05	0.999959	9.58968e-05	0.999838	0.000367805	3.29018e-05	0.000153601	8.3671	0.999951	1
COG0248	0.4478	1	1	0.10348	0.246262	0.0780348	0.207497	0.0333057	0.0959075	0.0254449	0.0701739	-3.90134	0.259244	0.16875
COG0249	0.9999	1	1	0.488053	0.295691	0.263157	0.358938	0.175727	0.331892	0.224896	0.312326	-2.50383	0.95296	0.99375
COG0250	1	1	1	0.999925	0.000104656	0.998532	0.00183997	0.973321	0.0311801	0.00139266	0.0266038	1.41193	0.991042	1
COG0251	1	1	1	0.769073	0.212226	0.502836	0.281989	0.283049	0.343585	0.266237	0.486024	-2.22323	0.994016	1
COG0252	1	1	1	0.999812	0.000180936	0.9986	0.00129876	0.991433	0.00783889	0.00121224	0.00837892	4.9287	0.99451	1
COG0253	1	1	1	0.910085	0.0775197	0.691354	0.225097	0.395394	0.249956	0.21873	0.514691	-1.39862	0.778508	0.859375
COG0255	1	1	1	0.999986	2.70968e-05	0.999847	0.00026003	0.998336	0.00279168	0.00013876	0.00164938	5.1279	0.983695	0.99375
COG0256	1	1	1	0.999882	0.000250674	0.996458	0.00766418	0.966723	0.0509709	0.00342387	0.0331583	1.41917	0.970904	0.99375
COG0258	1	1	1	0.998593	0.00164885	0.98629	0.0157199	0.911861	0.100981	0.0123032	0.0867324	0.691108	0.981979	1
COG0260	1	1	1	9.35644e-05	0.000188801	1.58161e-05	3.09987e-05	2.49147e-06	4.89608e-06	7.77483e-05	9.10729e-05	-13.2682	0.0844386	0.053125
COG0262	1	1	1	0.0871452	0.260189	0.0461288	0.138314	0.00994544	0.0298308	0.0410164	0.0771997	-5.21487	0.362698	0.346875
COG0263	0.9435	1	1	0.109277	0.241046	0.0462052	0.1271	0.012908	0.0372197	0.0630714	0.0963686	-5.17353	0.461589	0.459375
COG0265	1	1	1	0.577161	0.248891	0.232537	0.282915	0.107356	0.259389	0.344625	0.469806	-4.74617	0.880491	0.946875
COG0269	1	1	1	0.999986	1.52649e-05	0.999838	0.000147778	0.998154	0.00173721	0.000147581	0.00183219	8.62431	0.942461	0.996875
COG0270	1	1	1	0.819403	0.111487	0.422921	0.20978	0.125293	0.183141	0.396482	0.694111	-1.63028	0.734609	0.75
COG0271	0.0017	1	1	0.000135148	0.000313817	0.00013479	0.000312959	2.70426e-05	5.70768e-05	3.57628e-07	0.000108105	-9.69113	0.00324875	0
COG0272	0.9639	1	1	0.0079554	0.0190669	0.000843444	0.00214104	8.34852e-05	0.000217989	0.00711196	0.00787192	-11.7112	0.376576	0.40625
COG0274	1	1	1	0.953606	0.0625963	0.790043	0.204645	0.474465	0.301993	0.163563	0.479141	-0.19571	0.898948	0.95625
COG0276	0.9995	1	1	0.0337235	0.0855033	0.00713227	0.0185828	0.00121528	0.00310317	0.0265912	0.0325082	-6.79158	0.217604	0.165625
COG0277	1	1	1	0.972254	0.0291721	0.895956	0.0915439	0.725749	0.227525	0.0762984	0.246505	0.39667	0.99787	1
COG0278	0.2151	1	1	5.40972e-05	8.56757e-05	3.75986e-05	5.96191e-05	7.07507e-06	1.12419e-05	1.64986e-05	4.70221e-05	-11.0799	0.00328395	0
COG0279	0.9876	1	1	0.156067	0.241595	0.0447861	0.110471	0.00999724	0.0274473	0.111281	0.14607	-4.19229	0.422404	0.4
COG0280	0.0116	1	1	0.000366995	0.000548516	0.000356397	0.000533034	3.17127e-05	5.15361e-05	1.05977e-05	0.000335282	-10.9273	0.0214527	0
COG0281	1	1	1	0.999982	1.84696e-05	0.999787	0.000232783	0.998125	0.00226746	0.000194132	0.00185668	6.27496	0.997839	1
COG0282	0.1143	1	1	0.000394312	0.000805469	0.00029667	0.000613486	2.63393e-05	5.92834e-05	9.76414e-05	0.000367972	-10.9552	0.0356235	0
COG0284	1	1	1	0.999735	0.000281017	0.99867	0.00107098	0.993217	0.00532713	0.00106496	0.00651866	3.44202	0.99521	1
COG0285	1	1	1	0.00400261	0.00797213	0.000413921	0.00079085	4.9153e-05	9.01476e-05	0.00358869	0.00395346	-11.4107	0.125999	0.046875
COG0286	1	1	1	0.999696	0.000413183	0.998209	0.00191447	0.989479	0.009129	0.00148708	0.0102165	4.30035	0.99574	1
COG0287	1	1	1	0.0359245	0.0432894	0.00436299	0.00657025	0.000593913	0.0010469	0.0315615	0.0353306	-8.26527	0.252205	0.19375
COG0288	1	1	1	0.182968	0.282127	0.109237	0.286255	0.0865286	0.253873	0.0737313	0.0964396	-2.50852	0.684594	0.696875
COG0289	1	1	1	0.97535	0.0242038	0.898562	0.0964133	0.68955	0.260735	0.0767884	0.2858	-0.442707	0.919521	0.965625
COG0293	1	1	1	0.968589	0.0292649	0.8075	0.144064	0.461565	0.242559	0.161088	0.507023	0.47666	0.906478	0.9625
COG0294	1	1	1	0.999981	1.71448e-05	0.999915	6.9265e-05	0.999664	0.000251691	6.67572e-05	0.000317872	7.14376	0.998972	1
COG0295	1	1	1	0.207459	0.271549	0.0648582	0.149595	0.0116244	0.0309004	0.142601	0.195835	-4.572	0.544016	0.540625
COG0296	0.9978	1	1	0.485469	0.342986	0.205687	0.299373	0.110353	0.280877	0.279782	0.375116	-2.35855	0.637502	0.66875
COG0297	1	1	1	0.849019	0.169885	0.563271	0.277598	0.254943	0.274864	0.285749	0.594077	-1.77367	0.850157	0.896875
COG0298	1	1	1	0.999761	0.000219259	0.997622	0.0021792	0.981653	0.0174162	0.00213927	0.0181078	5.13341	0.97445	0.99375
COG0299	1	1	1	0.416321	0.307805	0.230619	0.351919	0.147127	0.299017	0.185702	0.269195	-2.95597	0.788644	0.865625
COG0300	1	1	1	0.10521	0.256912	0.0501478	0.144439	0.0127634	0.0376965	0.0550626	0.092447	-5.23144	0.512029	0.503125
COG0301	1	1	1	0.999983	1.5416e-05	0.999757	0.000202808	0.996824	0.00262059	0.000225782	0.00315881	6.096	0.955201	0.99375
COG0302	0.9999	1	1	0.0622791	0.108067	0.0123252	0.0268557	0.00194947	0.00457922	0.0499539	0.0603296	-6.61982	0.308648	0.265625
COG0303	1	1	1	1	3.76973e-08	1	2.17373e-07	0.999999	1.95272e-06	1.19209e-07	6.55651e-07	13.3707	0.99997	1
COG0306	1	1	1	0.995746	0.00498049	0.983145	0.019008	0.945841	0.0576345	0.0126014	0.0499048	2.91578	0.988171	1
COG0307	0.9999	1	1	0.129637	0.213508	0.0414581	0.0847856	0.0104149	0.0237427	0.0881785	0.119222	-5.07975	0.637245	0.6375
COG0308	1	1	1	0.506357	0.285213	0.205667	0.169797	0.0526081	0.0567934	0.30069	0.453748	-3.20208	0.661387	0.678125
COG0309	1	1	1	0.999999	1.19314e-06	0.999993	7.15199e-06	0.99996	4.07571e-05	5.72205e-06	3.9041e-05	10.877	0.999735	1
COG0310	1	1	1	0.999952	7.0872e-05	0.999565	0.000747495	0.99713	0.00506728	0.000387073	0.00282133	7.23917	0.989861	1
COG0311	1	1	1	0.999322	0.000810751	0.99333	0.00872917	0.955748	0.0573518	0.00599188	0.0435739	4.14732	0.976912	1
COG0312	1	1	1	0.999198	0.00145671	0.993086	0.0128985	0.960218	0.0728786	0.0061121	0.0389792	3.20595	0.917424	0.98125
COG0314	1	1	1	0.99996	2.77634e-05	0.999773	0.000200466	0.998788	0.00140797	0.000187576	0.00117284	6.67037	0.99278	1
COG0315	1	1	1	1	5.96642e-07	0.999997	5.01328e-06	0.999977	3.95804e-05	2.86102e-06	2.25306e-05	10.3575	0.998331	1
COG0316	1	1	1	0.0514982	0.153203	0.0211401	0.0632281	0.00838733	0.0251301	0.030358	0.0431108	-5.03938	0.3661	0.365625
COG0317	0.9999	1	1	0.0157187	0.0333934	0.00161184	0.0038509	0.000161898	0.000414891	0.0141068	0.0155568	-10.6375	0.323884	0.34375
COG0318	1	1	1	0.745763	0.157118	0.470562	0.25056	0.252057	0.295579	0.275201	0.493706	-2.25799	0.993649	1
COG0320	1	1	1	0.147376	0.281852	0.0897797	0.235869	0.0484462	0.139137	0.0575964	0.0989299	-3.34886	0.790014	0.85
COG0321	1	1	1	0.014584	0.0199908	0.00289154	0.00439435	0.000561529	0.000963177	0.0116924	0.0140224	-7.42658	0.163596	0.09375
COG0322	1	1	1	0.205767	0.377079	0.143584	0.310945	0.0977453	0.275694	0.0621831	0.108021	-4.81547	0.857926	0.93125
COG0323	0.9981	1	1	0.416891	0.350225	0.242342	0.373785	0.179519	0.34836	0.174549	0.237372	-2.67379	0.959412	0.996875
COG0325	0.9911	1	1	0.186097	0.329586	0.0945961	0.193495	0.022848	0.0466871	0.0915004	0.163249	-5.11321	0.362113	0.36875
COG0326	0.0107	1	1	0.00552108	0.0149865	0.00540438	0.014679	0.000692228	0.00195071	0.000116694	0.00482885	-7.41429	0.179729	0.05
COG0327	1	1	1	0.961891	0.049225	0.85315	0.158705	0.617017	0.306904	0.10874	0.344874	0.292746	0.904496	0.934375
COG0328	1	1	1	0.16068	0.290394	0.0927219	0.241228	0.0391214	0.112755	0.0679585	0.121559	-4.74402	0.603938	0.5875
COG0329	1	1	1	0.999748	0.000332935	0.999188	0.000954599	0.997695	0.00223899	0.000560224	0.00205338	4.41953	0.997989	1
COG0330	1	1	1	0.999777	0.000307008	0.998374	0.00182896	0.990656	0.00830306	0.0014025	0.00912088	2.77332	0.998736	1
COG0334	1	1	1	0.984855	0.0124131	0.886506	0.0937522	0.570737	0.274975	0.0983484	0.414117	-0.556003	0.99613	1
COG0337	1	1	1	0.494623	0.213565	0.150329	0.136788	0.036954	0.0567089	0.344295	0.457669	-4.58663	0.329674	0.3125
COG0338	1	1	1	0.628491	0.223362	0.217214	0.200964	0.0331272	0.0431749	0.411277	0.595363	-2.29787	0.695092	0.665625
COG0340	1	1	1	0.999765	0.000202512	0.998714	0.00116859	0.991907	0.00917619	0.00105077	0.0078581	3.2702	0.992677	1
COG0341	0.808	1	1	0.505957	0.386202	0.36274	0.395011	0.238573	0.381405	0.143218	0.267384	-2.66009	0.80248	0.85
COG0342	0.852	1	1	0.519568	0.346909	0.344184	0.355562	0.211268	0.335556	0.175384	0.3083	-1.91164	0.839297	0.9
COG0343	1	1	1	0.999861	0.000117217	0.998462	0.00113042	0.986602	0.0101233	0.00139904	0.013259	2.47396	0.995429	1
COG0345	1	1	1	0.976745	0.0219159	0.879108	0.122663	0.641951	0.251997	0.0976365	0.334794	-0.611653	0.902354	0.959375
COG0346	1	1	1	0.719512	0.296591	0.504086	0.330099	0.282738	0.340766	0.215425	0.436774	-2.16613	0.999273	1
COG0347	1	1	1	0.884241	0.109796	0.723034	0.192752	0.450208	0.224363	0.161208	0.434034	-0.722879	0.830014	0.909375
COG0348	1	1	1	0.999116	0.00102825	0.994966	0.00522013	0.970707	0.0320875	0.00414932	0.0284087	3.63571	0.990431	1
COG0350	1	1	1	0.998076	0.00263584	0.986989	0.0164937	0.918415	0.0882464	0.0110869	0.0796614	1.15797	0.997936	1
COG0351	1	1	1	0.999195	0.00142675	0.997351	0.00311101	0.993788	0.00597386	0.00184375	0.00540668	4.79407	0.978942	1
COG0352	0.9999	1	1	0.63229	0.141964	0.235556	0.0831287	0.0470019	0.0195921	0.396733	0.585288	-3.40733	0.597702	0.5875
COG0358	1	1	1	0.999977	1.63519e-05	0.999494	0.000355864	0.989459	0.00968178	0.000483334	0.0105176	1.6645	0.992465	1
COG0361	1	1	1	0.999838	0.000192168	0.997197	0.00302852	0.963213	0.0369123	0.00264072	0.0366247	0.996494	0.98769	1
COG0365	1	1	1	0.978909	0.0300245	0.920154	0.0763615	0.779142	0.156561	0.058755	0.199767	0.577869	0.996012	1
COG0366	1	1	1	0.674549	0.270882	0.322263	0.301406	0.148285	0.295237	0.352286	0.526264	-2.33147	0.896406	0.94375
COG0367	1	1	1	0.979049	0.0156062	0.861545	0.0996361	0.508753	0.249976	0.117503	0.470296	-0.332407	0.965375	1
COG0368	1	1	1	0.999863	0.000152911	0.999388	0.000594571	0.998023	0.00187977	0.000475287	0.0018397	6.7977	0.977373	0.996875
COG0370	1	1	1	0.99996	7.93117e-05	0.999693	0.000536831	0.998511	0.00203823	0.000267327	0.00144911	6.33014	0.99228	1
COG0371	1	1	1	0.999882	0.000101054	0.998834	0.00122213	0.990887	0.0100839	0.00104779	0.00899452	5.94692	0.991039	1
COG0372	1	1	1	0.786488	0.125214	0.484135	0.211513	0.225399	0.264228	0.302352	0.561089	-2.2163	0.949325	0.996875
COG0373	1	1	1	0.999175	0.00172079	0.994567	0.0121765	0.966763	0.0768672	0.00460792	0.0324118	3.36176	0.997089	1
COG0374	0.9997	1	1	0.999382	0.000790609	0.995229	0.00600659	0.972668	0.0309818	0.00415289	0.0267143	5.3651	0.936459	0.990625
COG0375	1	1	1	0.999947	2.53805e-05	0.999504	0.00028343	0.996864	0.0017428	0.000443339	0.00308311	6.88628	0.980961	0.99375
COG0376	0.7744	1	1	0.484561	0.165433	0.203078	0.15712	0.0513248	0.0682079	0.281484	0.433236	-2.07235	0.300252	0.290625
COG0377	1	1	1	0.999323	0.00150306	0.996519	0.00532039	0.974869	0.0469885	0.0028038	0.0244538	3.6198	0.995571	1
COG0378	1	1	1	0.997109	0.00375557	0.9808	0.0233514	0.916325	0.117285	0.0163088	0.0807832	2.8446	0.986044	0.996875
COG0379	1	1	1	0.97619	0.0597764	0.934151	0.136971	0.841714	0.228138	0.0420384	0.134476	1.40494	0.985032	1
COG0380	0.9872	1	1	0.992046	0.00497856	0.942528	0.0427321	0.75358	0.171556	0.0495181	0.238466	2.19469	0.863993	0.94375
COG0381	1	1	1	0.995086	0.00663713	0.967403	0.0412984	0.822673	0.173655	0.0276831	0.172412	1.60931	0.955372	1
COG0382	1	1	1	0.999994	1.08795e-05	0.999973	4.45167e-05	0.99991	0.000128413	2.12789e-05	8.41022e-05	8.87746	0.999711	1
COG0383	1	1	1	0.96569	0.0248853	0.766692	0.133591	0.359959	0.241769	0.198998	0.60573	0.804782	0.677508	0.678125
COG0384	1	1	1	0.824546	0.112734	0.440157	0.273199	0.206301	0.315664	0.384389	0.618245	-0.887033	0.970305	0.996875
COG0385	0.9995	1	1	0.434342	0.237835	0.14642	0.249284	0.0643918	0.169256	0.287921	0.36995	-1.99008	0.584655	0.553125
COG0388	1	1	1	0.999173	0.000602966	0.996615	0.00233872	0.985596	0.0140342	0.00255793	0.0135773	3.39231	0.999104	1
COG0389	1	1	1	0.212619	0.341856	0.125805	0.297819	0.100891	0.29309	0.0868135	0.111728	-3.88713	0.885016	0.94375
COG0390	0.3695	1	1	0.810054	0.127749	0.678032	0.174918	0.268221	0.190972	0.132023	0.541833	0.690534	0.675419	0.725
COG0391	1	1	1	0.98838	0.0261285	0.924121	0.133861	0.741466	0.252083	0.0642597	0.246915	1.56734	0.984244	1
COG0392	1	1	1	0.999712	0.000292747	0.997232	0.00274522	0.980213	0.0211474	0.00247943	0.0194984	3.62586	0.982468	1
COG0393	1	1	1	0.990768	0.00611173	0.928393	0.0484215	0.6718	0.178337	0.0623755	0.318968	1.47144	0.824622	0.921875
COG0394	1	1	1	0.947448	0.0400642	0.734774	0.179561	0.395603	0.300447	0.212674	0.551845	-1.45071	0.975072	1
COG0395	1	1	1	0.360385	0.302972	0.171265	0.283295	0.0831115	0.210009	0.18912	0.277273	-2.6732	0.798293	0.8625
COG0396	1	1	1	0.999824	0.000284569	0.997832	0.00329448	0.98429	0.0189813	0.00199127	0.0155334	3.52138	0.966699	1
COG0397	0.0134	1	1	0.000355008	0.0008727	0.000346595	0.000852427	6.10739e-05	0.000155321	8.41319e-06	0.000293934	-8.8994	0.00340812	0
COG0398	0.028	1	1	0.148916	0.304231	0.146912	0.302482	0.0884404	0.236962	0.00200455	0.0604761	-2.18819	0.655782	0.71875
COG0399	1	1	1	0.997433	0.00192508	0.984086	0.0124033	0.908494	0.070492	0.0133472	0.088939	1.29239	0.997075	1
COG0400	0.001	1	1	7.21782e-05	8.63032e-05	7.19965e-05	8.60953e-05	6.10054e-06	7.89614e-06	1.8179e-07	6.60777e-05	-11.8302	0.0109506	0
COG0402	1	1	1	0.999907	9.99282e-05	0.999531	0.000511611	0.998155	0.00201289	0.000375271	0.0017519	5.73609	0.999557	1
COG0403	1	1	1	0.701586	0.183028	0.400792	0.310176	0.249971	0.368466	0.300794	0.451615	-1.40203	0.959803	0.990625
COG0404	1	1	1	0.237457	0.297209	0.132313	0.287246	0.0959041	0.265359	0.105144	0.141553	-2.63263	0.90428	0.978125
COG0405	0.9999	1	1	0.536726	0.252242	0.27758	0.325391	0.158694	0.298088	0.259146	0.378033	-1.56001	0.896913	0.9625
COG0406	1	1	1	0.123474	0.286973	0.0832877	0.241947	0.0383723	0.114359	0.0401862	0.0851016	-4.48619	0.624601	0.6
COG0407	1	1	1	0.947489	0.0690713	0.807696	0.210053	0.574983	0.312582	0.139793	0.372506	-0.136142	0.987674	1
COG0409	1	1	1	0.999815	0.000182923	0.998649	0.00111148	0.992236	0.00545119	0.00116682	0.00757921	6.03911	0.981523	0.99375
COG0410	1	1	1	0.996723	0.00574922	0.984868	0.0226437	0.944486	0.0896535	0.0118544	0.0522372	2.70748	0.997921	1
COG0411	1	1	1	0.997585	0.00290936	0.989283	0.0141349	0.958402	0.0663443	0.00830203	0.0391831	3.11892	0.994423	1
COG0412	0.9999	1	1	0.336589	0.268659	0.148427	0.284428	0.104236	0.286085	0.188162	0.232354	-2.08783	0.796329	0.859375
COG0413	1	1	1	0.197173	0.216525	0.0585412	0.0909912	0.0140922	0.0273957	0.138631	0.18308	-4.59341	0.716146	0.778125
COG0415	1	1	1	0.288038	0.260538	0.151445	0.282934	0.105027	0.280041	0.136593	0.183011	-1.78977	0.677553	0.7
COG0417	1	1	1	0.999986	2.09785e-05	0.999808	0.000299326	0.997345	0.00418899	0.000178218	0.00264084	7.64909	0.997465	1
COG0419	1	1	1	0.999925	5.26351e-05	0.999355	0.000449337	0.995045	0.00395353	0.00056988	0.00487953	5.0167	0.998386	1
COG0420	1	1	1	0.999844	0.000161652	0.99828	0.00214353	0.987854	0.0178803	0.00156367	0.0119898	4.26988	0.999017	1
COG0421	1	1	1	0.997958	0.00199098	0.989342	0.0122854	0.949239	0.0710958	0.00861597	0.0487189	2.87322	0.871829	0.928125
COG0422	1	1	1	0.999063	0.00167035	0.994982	0.00796796	0.98095	0.0220384	0.00408095	0.018113	4.10999	0.952672	0.99375
COG0423	1	1	1	0.999989	2.32793e-05	0.999731	0.000580684	0.994589	0.0121899	0.000257432	0.0054	5.16984	0.978827	1
COG0424	1	1	1	0.244453	0.252464	0.0715301	0.148042	0.0160512	0.0398961	0.172923	0.228402	-5.42693	0.491965	0.471875
COG0425	1	1	1	0.999813	0.000187365	0.999026	0.000883075	0.995952	0.0039148	0.000787377	0.00386131	5.69323	0.998423	1
COG0426	1	1	1	0.999994	9.6545e-06	0.999933	8.51409e-05	0.999353	0.000734797	6.03795e-05	0.000640273	7.94469	0.996033	1
COG0427	0.9959	1	1	0.951462	0.029075	0.743228	0.148651	0.392835	0.292033	0.208234	0.558627	0.547365	0.839022	0.925
COG0428	1	1	1	0.975261	0.0470321	0.873506	0.166204	0.610464	0.294501	0.101754	0.364797	0.315958	0.932061	0.99375
COG0430	1	1	1	0.999967	3.28322e-05	0.999488	0.000406871	0.991193	0.00777706	0.000479102	0.00877416	7.2767	0.991665	1
COG0431	1	1	1	0.105086	0.25347	0.046029	0.131406	0.010888	0.031997	0.0590572	0.0941982	-4.3786	0.508334	0.478125
COG0432	1	1	1	0.999997	4.9174e-06	0.999971	4.32968e-05	0.999776	0.00031747	2.58684e-05	0.000220478	8.67916	0.999079	1
COG0433	1	1	1	0.99987	0.000135083	0.998453	0.00162548	0.985519	0.0152238	0.00141716	0.0143512	3.69498	0.997867	1
COG0434	1	1	1	0.99485	0.00368351	0.946437	0.0370545	0.687702	0.178896	0.048413	0.307148	3.14873	0.817888	0.890625
COG0435	0.0007	1	1	0.0729316	0.171264	0.072879	0.171172	0.0200409	0.0539622	5.25489e-05	0.0528907	-2.43278	0.104344	0.009375
COG0436	1	1	1	1	4.24409e-07	0.999997	3.71132e-06	0.999977	2.92901e-05	2.86102e-06	2.28882e-05	8.45455	0.999977	1
COG0437	1	1	1	0.999986	1.64234e-05	0.999906	0.000131277	0.999465	0.000758638	8.05855e-05	0.000520825	7.94258	0.998424	1
COG0438	1	1	1	0.999157	0.002082	0.988706	0.0236102	0.876431	0.175433	0.0104508	0.122726	-1.26135	0.999813	1
COG0439	1	1	1	0.943106	0.0518267	0.776961	0.166571	0.495957	0.271318	0.166145	0.447149	-0.75466	0.790636	0.878125
COG0440	1	1	1	0.998641	0.00203796	0.994736	0.00752466	0.978713	0.0272424	0.00390494	0.0199285	3.14115	0.985885	1
COG0441	1	1	1	0.999988	9.95649e-06	0.999661	0.000301644	0.99135	0.00949165	0.000326812	0.00863725	1.68657	0.9886	1
COG0442	1	1	1	0.000289378	0.000574118	2.68787e-05	5.1578e-05	2.65539e-06	4.87385e-06	0.000262499	0.000286722	-14.4488	0.0314847	0
COG0443	1	1	1	0.154472	0.304439	0.0981104	0.27651	0.0526398	0.156647	0.056362	0.101833	-5.8964	0.832906	0.9
COG0444	1	1	1	0.996136	0.00589426	0.976435	0.0320973	0.900357	0.147172	0.0197011	0.0957788	1.72756	0.994302	1
COG0446	1	1	1	0.999995	3.33189e-06	0.999974	1.75198e-05	0.999878	8.0494e-05	2.10404e-05	0.000117779	8.06926	0.999734	1
COG0447	0.4131	1	1	0.211431	0.340118	0.171229	0.317901	0.100702	0.250655	0.0402014	0.110729	-0.823793	0.616444	0.65
COG0449	1	1	1	0.99963	0.000528509	0.997529	0.00334396	0.98402	0.022089	0.00210112	0.0156104	2.21634	0.997304	1
COG0450	1	1	1	0.998596	0.00197414	0.988415	0.0176375	0.940116	0.0846043	0.0101812	0.0584795	2.7158	0.896063	0.959375
COG0451	1	1	1	0.998209	0.00222774	0.988377	0.01541	0.936925	0.0777254	0.00983191	0.0612838	0.583833	0.999863	1
COG0452	1	1	1	0.999096	0.000752612	0.996384	0.0026699	0.984275	0.0109573	0.00271201	0.0148207	2.80509	0.993152	1
COG0454	1	1	1	0.993021	0.00661504	0.936027	0.0503649	0.634269	0.234572	0.0569941	0.358752	-2.25842	0.999603	1
COG0455	1	1	1	0.99128	0.00891804	0.945676	0.0445696	0.754298	0.15401	0.0456043	0.236982	1.35602	0.931692	0.996875
COG0456	1	1	1	1	9.03949e-08	0.999999	1.22849e-06	0.999981	2.40756e-05	9.53674e-07	1.87159e-05	14.0437	0.99939	1
COG0457	1	1	1	0.982205	0.0194754	0.889977	0.107927	0.631642	0.275482	0.0922276	0.350563	-1.7439	0.997704	1
COG0458	1	1	1	0.990152	0.0102549	0.956694	0.0555332	0.844279	0.186942	0.0334581	0.145873	0.199783	0.975527	1
COG0459	1	1	1	1	3.76973e-07	0.999993	1.48919e-05	0.999773	0.000478315	7.09295e-06	0.000226438	5.94974	0.999795	1
COG0460	1	1	1	0.99978	0.000393081	0.998978	0.00161484	0.996171	0.00536253	0.00080204	0.00360835	4.42861	0.994757	1
COG0461	1	1	1	0.999788	0.000170542	0.998685	0.0014279	0.990113	0.0142463	0.0011034	0.00967544	3.04837	0.988947	1
COG0462	1	1	1	0.999695	0.00020211	0.997546	0.00130842	0.980384	0.0130868	0.00214875	0.0193103	1.79037	0.98818	1
COG0463	1	1	1	0.998406	0.00172182	0.98374	0.0155049	0.867307	0.107566	0.014666	0.131099	-0.184482	0.998263	1
COG0464	1	1	1	0.999999	6.95359e-07	0.999996	3.50727e-06	0.999976	1.86238e-05	3.51667e-06	2.37226e-05	10.6406	0.999967	1
COG0466	0.9296	1	1	0.977255	0.030678	0.899673	0.108929	0.689698	0.25763	0.0775822	0.287557	-0.261752	0.981924	1
COG0467	1	1	1	0.999985	1.74986e-05	0.999831	0.000223643	0.998057	0.00278531	0.000154078	0.00192767	7.67312	0.997523	1
COG0468	1	1	1	1	0	1	1.82744e-07	0.999995	6.00086e-06	1.19209e-07	4.88758e-06	9.29107	0.999802	1
COG0469	1	1	1	0.999577	0.000430793	0.994479	0.00459397	0.947793	0.0410533	0.00509846	0.051784	1.39327	0.998529	1
COG0470	1	1	1	0.999846	0.000188896	0.997898	0.00275199	0.979432	0.0267669	0.00194746	0.0204136	2.93855	0.994314	1
COG0471	0.9957	1	1	0.789469	0.12076	0.431301	0.261469	0.192928	0.272865	0.358168	0.596541	-1.03024	0.831813	0.909375
COG0472	1	1	1	0.917081	0.178228	0.745214	0.308554	0.369642	0.268991	0.171867	0.547439	-3.48032	0.502341	0.53125
COG0473	1	1	1	0.999182	0.000851579	0.996794	0.00336486	0.988418	0.0136482	0.00238752	0.0107641	3.21219	0.999076	1
COG0474	1	1	1	0.994042	0.00711762	0.948584	0.0492073	0.713082	0.191058	0.045458	0.28096	0.320107	0.97723	1
COG0475	1	1	1	0.984935	0.0103514	0.903975	0.05213	0.619647	0.166091	0.08096	0.365288	-0.18298	0.961462	1
COG0476	1	1	1	0.999409	0.000578178	0.997238	0.00206745	0.989841	0.00785415	0.00217026	0.00956786	3.8174	0.998748	1
COG0477	1	1	1	0.999997	4.92123e-06	0.999981	2.74595e-05	0.999892	0.000144583	1.64509e-05	0.000104845	7.13935	0.999992	1
COG0478	1	1	1	0.99978	0.000489543	0.998139	0.00371204	0.984581	0.0250607	0.00164044	0.0151987	7.91851	0.970314	1
COG0479	1	1	1	0.989511	0.00788553	0.953102	0.0422005	0.822314	0.176978	0.0364081	0.167197	0.91609	0.991787	1
COG0480	1	1	1	0.999973	2.52071e-05	0.999072	0.0008825	0.973665	0.0309507	0.000900388	0.0263074	0.85944	0.997137	1
COG0483	1	1	1	0.989507	0.0235258	0.961006	0.078035	0.896502	0.167138	0.0285014	0.0930047	1.28432	0.991423	1
COG0484	1	1	1	0.218645	0.380847	0.154444	0.320087	0.0820445	0.221526	0.0642009	0.136601	-5.75644	0.867304	0.928125
COG0489	1	1	1	0.998616	0.00160901	0.992113	0.0114762	0.958815	0.0663796	0.00650328	0.0398013	1.44285	0.99233	1
COG0490	0.874	1	1	0.920239	0.0765066	0.705189	0.209872	0.338619	0.233881	0.215051	0.58162	1.27295	0.699546	0.6875
COG0491	1	1	1	0.99965	0.000443909	0.997133	0.00416234	0.977545	0.0370576	0.00251657	0.0221044	1.56469	0.999756	1
COG0492	1	1	1	0.999328	0.000781199	0.99342	0.00596916	0.945761	0.0365382	0.00590825	0.0535679	0.316569	0.993831	1
COG0493	1	1	1	0.959111	0.0394169	0.848349	0.111722	0.566621	0.241899	0.110762	0.392491	-1.05194	0.964575	1
COG0494	1	1	1	0.857373	0.125724	0.531313	0.284427	0.2562	0.30838	0.32606	0.601174	-3.26172	0.977044	1
COG0495	1	1	1	0.999941	5.88186e-05	0.998739	0.00120185	0.974443	0.0232225	0.0012027	0.0254979	0.497948	0.967189	1
COG0496	1	1	1	0.99977	0.000201331	0.998749	0.00107516	0.993681	0.00630461	0.00102121	0.00608933	5.09108	0.993131	1
COG0498	1	1	1	0.999999	1.33918e-06	0.999994	1.00898e-05	0.999963	6.17075e-05	5.24521e-06	3.5882e-05	8.75371	0.999523	1
COG0499	1	1	1	0.999994	6.2563e-06	0.99995	6.53659e-05	0.999721	0.000399903	4.40478e-05	0.000273049	7.68265	0.99893	1
COG0500	1	1	1	0.999997	6.15324e-06	0.999916	0.000160569	0.998195	0.0035557	8.07047e-05	0.00180137	3.35041	0.999994	1
COG0501	1	1	1	0.513611	0.176102	0.1684	0.170667	0.0431997	0.0813836	0.34521	0.470411	-3.88687	0.789148	0.84375
COG0502	0.9997	1	1	0.379835	0.196462	0.0854351	0.060282	0.0113156	0.0100465	0.2944	0.36852	-4.46351	0.483333	0.49375
COG0503	1	1	1	0.984117	0.0141082	0.909017	0.0711377	0.66565	0.21365	0.0750998	0.318466	-0.266708	0.958425	0.99375
COG0504	1	1	1	0.999655	0.000493399	0.996786	0.00496679	0.974508	0.0426247	0.00286889	0.0251479	1.68094	0.995168	1
COG0505	1	1	1	0.992946	0.00775733	0.960043	0.0507167	0.833254	0.20574	0.0329029	0.159692	0.476997	0.953869	1
COG0506	1	1	1	0.228139	0.34368	0.137997	0.294544	0.0954911	0.260855	0.0901419	0.132648	-1.93943	0.735163	0.775
COG0508	1	1	1	0.111674	0.296848	0.101945	0.296193	0.0967123	0.288692	0.00972845	0.0149615	-3.03946	0.810323	0.86875
COG0509	1	1	1	0.994122	0.0036623	0.975068	0.0196608	0.893464	0.111609	0.0190544	0.100658	1.66214	0.99582	1
COG0511	1	1	1	0.639302	0.19093	0.320749	0.154949	0.0916585	0.0610519	0.318554	0.547644	-2.91374	0.457032	0.465625
COG0512	1	1	1	0.999045	0.00193691	0.99302	0.0168678	0.963314	0.0964839	0.00602543	0.035731	2.7072	0.990905	1
COG0513	1	1	1	0.95951	0.0286213	0.799568	0.110158	0.442004	0.226273	0.159942	0.517507	-1.62378	0.995339	1
COG0514	0.0708	1	1	0.136292	0.295217	0.131474	0.29442	0.0997009	0.286115	0.00481756	0.0365908	-2.51908	0.53667	0.55
COG0515	1	1	1	0.678161	0.179669	0.302823	0.303321	0.146577	0.291719	0.375338	0.531585	-3.08851	0.893455	0.96875
COG0516	1	1	1	0.96888	0.0448078	0.853929	0.163581	0.581487	0.281468	0.114951	0.387394	-1.3529	0.91839	0.98125
COG0517	1	1	1	0.999996	8.01289e-06	0.999974	3.98223e-05	0.999876	0.000168352	2.14577e-05	0.000119507	7.79061	0.999908	1
COG0518	1	1	1	0.995487	0.00392776	0.978486	0.0173	0.910785	0.0704337	0.0170007	0.0847017	1.76137	0.99295	1
COG0519	1	1	1	0.999964	4.56499e-05	0.999656	0.000415581	0.997097	0.00378695	0.000308216	0.00286722	6.39819	0.972322	1
COG0520	1	1	1	0.797438	0.161012	0.481297	0.287858	0.211719	0.286903	0.31614	0.585718	-2.68298	0.990961	1
COG0521	1	1	1	0.999998	2.04088e-06	0.99999	8.22989e-06	0.999952	3.42965e-05	8.10623e-06	4.59552e-05	9.69697	0.999335	1
COG0522	1	1	1	0.999861	9.45593e-05	0.996698	0.00229288	0.944127	0.0414018	0.00316238	0.0557336	0.446643	0.970389	1
COG0523	0.6306	1	1	0.0376389	0.106367	0.0134714	0.0390178	0.00259826	0.00766557	0.0241675	0.0350406	-5.80981	0.343809	0.303125
COG0524	1	1	1	0.999262	0.000897861	0.994367	0.00633933	0.960208	0.0429027	0.00489503	0.0390536	1.23067	0.998306	1
COG0525	1	1	1	0.99404	0.00483568	0.896035	0.0797442	0.418649	0.256599	0.0980042	0.575391	-3.3751	0.931338	1
COG0526	1	1	1	0.999919	0.000115846	0.999226	0.00126571	0.993779	0.0115132	0.000692725	0.00613981	3.18982	0.99985	1
COG0527	1	1	1	0.998972	0.000778678	0.99487	0.00536414	0.969888	0.0358325	0.00410259	0.0290839	1.97972	0.995128	1
COG0528	1	1	1	0.999915	7.033e-05	0.998972	0.000995837	0.989269	0.0132174	0.000943184	0.0106456	2.42679	0.989867	1
COG0529	1	1	1	0.904799	0.0719634	0.651781	0.213774	0.320807	0.270216	0.253018	0.583992	-0.440503	0.885045	0.95
COG0530	1	1	1	0.996693	0.00378828	0.963181	0.043529	0.819572	0.193862	0.0335126	0.177121	1.63082	0.977587	1
COG0531	1	1	1	0.979117	0.0138738	0.874186	0.0771203	0.568301	0.222782	0.104931	0.410816	-0.417512	0.98826	1
COG0532	1	1	1	0.999902	7.07475e-05	0.998154	0.00132493	0.972332	0.0172991	0.00174886	0.0275701	0.621919	0.960399	1
COG0533	1	1	1	0.999995	4.65844e-06	0.999845	0.000145263	0.996151	0.0041026	0.000149727	0.00384396	2.934	0.994218	1
COG0534	1	1	1	0.366407	0.325706	0.166525	0.299353	0.108266	0.295026	0.199882	0.258141	-3.24513	0.877483	0.934375
COG0535	1	1	1	0.999998	2.27335e-06	0.999985	2.00056e-05	0.999869	0.000154541	1.35303e-05	0.000129223	8.26446	0.99987	1
COG0537	1	1	1	0.999766	0.00029312	0.996852	0.00371934	0.964517	0.0370541	0.00291365	0.0352486	0.386597	0.991292	1
COG0538	1	1	1	0.288138	0.325368	0.144136	0.271487	0.0759538	0.204327	0.144002	0.212184	-2.46455	0.751006	0.7875
COG0540	1	1	1	0.999857	9.59977e-05	0.99906	0.000853643	0.994406	0.00694011	0.000796735	0.00545102	3.70258	0.993963	1
COG0541	1	1	1	0.999266	0.000433532	0.991038	0.00556249	0.914101	0.0526677	0.00822788	0.0851645	0.405942	0.980314	1
COG0542	0.9942	1	1	0.0256529	0.0679896	0.00248995	0.0070205	0.000187114	0.000536959	0.0231629	0.0254658	-11.1981	0.174558	0.109375
COG0543	1	1	1	0.998852	0.00173199	0.993067	0.00843631	0.967899	0.0340268	0.00578499	0.0309525	2.79717	0.980244	1
COG0546	1	1	1	0.730525	0.214522	0.400619	0.324044	0.20155	0.326966	0.329905	0.528975	-3.14238	0.976762	1
COG0547	1	1	1	0.992815	0.0148075	0.967038	0.0663002	0.896161	0.198184	0.0257776	0.0966544	1.59764	0.966941	0.996875
COG0548	1	1	1	0.99905	0.00127623	0.996768	0.00278007	0.989666	0.0105283	0.00228262	0.00938404	3.56419	0.990023	1
COG0549	1	1	1	0.996042	0.00624286	0.968043	0.0324053	0.823285	0.116902	0.027999	0.172757	2.72585	0.873436	0.946875
COG0550	1	1	1	0.999612	0.000689369	0.993383	0.00936238	0.910241	0.0876982	0.00622892	0.089371	-0.837649	0.981094	1
COG0551	0.0021	1	1	0.132029	0.0935167	0.131517	0.0932421	0.0169573	0.01641	0.000511453	0.115071	-2.68663	0.106831	0
COG0552	1	1	1	0.999736	0.000209128	0.996786	0.00291925	0.967019	0.0338099	0.00295061	0.0327175	1.49328	0.988851	1
COG0553	1	1	1	0.988134	0.0146398	0.915103	0.0855016	0.64035	0.236306	0.0730308	0.347784	0.109644	0.989768	1
COG0554	1	1	1	0.547423	0.326884	0.264493	0.302616	0.127592	0.28936	0.28293	0.419831	-2.46372	0.877851	0.95
COG0555	1	1	1	0.983778	0.0101616	0.898037	0.0613966	0.610447	0.182281	0.0857409	0.373331	1.56037	0.861745	0.965625
COG0556	1	1	1	0.285701	0.38824	0.168428	0.328179	0.10638	0.294089	0.117273	0.179321	-4.53707	0.919569	0.98125
COG0557	0.9656	1	1	0.154498	0.264711	0.0565236	0.136245	0.0143001	0.038861	0.0979743	0.140198	-4.98713	0.588268	0.59375
COG0558	1	1	1	0.990644	0.00846822	0.928323	0.066618	0.697209	0.242978	0.0623215	0.293435	-1.47197	0.987101	1
COG0559	1	1	1	0.998199	0.00216422	0.991314	0.0112068	0.961573	0.0540677	0.00688553	0.0366259	3.09863	0.998033	1
COG0560	1	1	1	0.358505	0.20578	0.0898847	0.102863	0.0167096	0.0253584	0.26862	0.341795	-4.75178	0.757414	0.8125
COG0561	1	1	1	0.941424	0.0525661	0.68834	0.19979	0.293419	0.267566	0.253084	0.648005	-1.35874	0.9253	0.98125
COG0562	0.3551	1	1	0.123907	0.0925043	0.0577539	0.0482156	0.00535516	0.00548787	0.0661535	0.118552	-3.95233	0.0406894	0
COG0563	1	1	1	0.639136	0.245497	0.291425	0.361007	0.181863	0.346977	0.347711	0.457272	-3.84351	0.89964	0.953125
COG0565	1	1	1	0.994249	0.00874403	0.960542	0.0525445	0.817273	0.179338	0.0337074	0.176976	2.0561	0.958722	1
COG0569	1	1	1	0.968534	0.0290424	0.884761	0.096475	0.640845	0.237039	0.0837731	0.327689	-0.140675	0.925764	0.978125
COG0571	0.9995	1	1	0.0579551	0.0715914	0.00757886	0.0109953	0.000821614	0.00139946	0.0503762	0.0571335	-9.28881	0.275666	0.221875
COG0572	0.9994	1	1	0.300529	0.327828	0.112712	0.239166	0.0375538	0.10417	0.187818	0.262975	-3.09187	0.584431	0.56875
COG0573	1	1	1	0.993267	0.0048032	0.955112	0.0329304	0.846273	0.122758	0.038155	0.146994	1.18238	0.954489	1
COG0574	1	1	1	0.999976	2.2186e-05	0.999725	0.000304042	0.997603	0.00302233	0.000251114	0.00237328	4.51378	0.999592	1
COG0575	1	1	1	0.999946	9.18663e-05	0.999274	0.00146104	0.992317	0.0174474	0.000672042	0.00762969	4.89685	0.975926	1
COG0576	1	1	1	0.226769	0.319052	0.11758	0.291558	0.0872267	0.254356	0.109189	0.139542	-4.84842	0.828586	0.896875
COG0577	1	1	1	0.99403	0.00574959	0.939972	0.0533181	0.645307	0.267607	0.0540581	0.348723	-1.30823	0.994789	1
COG0578	1	1	1	0.460851	0.295732	0.233827	0.32266	0.124078	0.251531	0.227024	0.336774	-1.69843	0.857954	0.915625
COG0579	1	1	1	0.718781	0.188105	0.308594	0.194123	0.0666134	0.062334	0.410187	0.652167	-2.45758	0.695462	0.725
COG0580	0.9999	1	1	0.122378	0.267734	0.0632866	0.180887	0.0185784	0.054977	0.0590913	0.103799	-3.76178	0.426223	0.4625
COG0581	1	1	1	0.999857	0.000187851	0.999021	0.00157927	0.994395	0.0103631	0.000835955	0.00546271	4.48627	0.996235	1
COG0582	1	1	1	0.983878	0.012492	0.881939	0.0884765	0.535797	0.259608	0.101939	0.448082	-0.873067	0.989091	1
COG0583	0.9533	1	1	0.124989	0.164004	0.0238804	0.036278	0.00407173	0.00725097	0.101109	0.120918	-6.71754	0.32373	0.3
COG0584	1	1	1	0.863466	0.116359	0.530075	0.238657	0.218256	0.282143	0.333391	0.64521	-2.06836	0.965242	1
COG0585	1	1	1	0.999764	0.000219607	0.997281	0.00267329	0.967938	0.0375846	0.00248373	0.0318267	4.97768	0.983785	1
COG0586	1	1	1	0.6044	0.181221	0.249887	0.25369	0.10749	0.206362	0.354514	0.49691	-2.47935	0.765271	0.8125
COG0588	0.9999	1	1	0.0404305	0.0605578	0.00502012	0.00858434	0.000528467	0.00101781	0.0354104	0.0399021	-7.00926	0.19495	0.140625
COG0589	1	1	1	0.999887	8.32625e-05	0.999663	0.000191618	0.999076	0.000749933	0.000224888	0.000811279	6.29866	0.999496	1
COG0590	1	1	1	0.0183206	0.0307414	0.0015498	0.00283395	0.00014382	0.000286197	0.0167708	0.0181768	-10.2886	0.202728	0.125
COG0591	1	1	1	0.985936	0.00978211	0.925711	0.0509802	0.722136	0.200471	0.060225	0.263801	0.486114	0.93237	0.990625
COG0592	1	1	1	0.999966	2.38656e-05	0.999413	0.00035451	0.991108	0.00569243	0.000553608	0.00885868	2.21098	0.98493	1
COG0595	1	1	1	0.999866	0.000209562	0.997755	0.00357932	0.976734	0.0371602	0.00211066	0.0231315	3.02173	0.981118	1
COG0596	1	1	1	0.650316	0.244211	0.339063	0.286851	0.163126	0.289417	0.311254	0.48719	-2.71	0.988938	1
COG0598	1	1	1	0.85812	0.134913	0.538261	0.306428	0.294335	0.372933	0.319859	0.563785	-1.34932	0.903424	0.978125
COG0599	1	1	1	0.999269	0.000581429	0.996289	0.0026645	0.981809	0.0122131	0.0029791	0.0174598	4.02789	0.991629	1
COG0600	1	1	1	0.933007	0.0741906	0.751852	0.212517	0.425653	0.286927	0.181156	0.507354	-0.800768	0.933639	0.984375
COG0601	1	1	1	0.993367	0.0154614	0.980576	0.0422784	0.93726	0.141793	0.0127916	0.0561069	1.76372	0.993098	1
COG0602	1	1	1	0.946093	0.0507657	0.787641	0.172814	0.466942	0.265681	0.158452	0.47915	-0.476668	0.848581	0.915625
COG0603	1	1	1	0.993292	0.00931474	0.959833	0.0433371	0.835003	0.135944	0.0334592	0.158289	1.78691	0.9594	0.996875
COG0604	1	1	1	0.167793	0.286442	0.111446	0.296459	0.101824	0.299323	0.0563469	0.0659694	-2.63504	0.974658	1
COG0605	1	1	1	0.764789	0.208977	0.442199	0.302305	0.198673	0.289326	0.32259	0.566116	-1.75175	0.918898	0.96875
COG0606	0.0068	1	1	0.0100175	0.0186808	0.0098878	0.0184481	0.00143962	0.0027574	0.000129717	0.0085779	-7.88503	0.0202561	0
COG0607	1	1	1	0.721334	0.189357	0.418157	0.315634	0.235228	0.347356	0.303177	0.486107	-2.17298	0.9824	1
COG0608	1	1	1	0.999758	0.00028031	0.99685	0.00340453	0.970271	0.0327773	0.00290853	0.0294874	2.26097	0.997027	1
COG0609	1	1	1	0.999249	0.000533397	0.996795	0.00296945	0.982063	0.0235591	0.00245458	0.0171862	3.65567	0.985882	1
COG0610	1	1	1	0.99218	0.0069971	0.944848	0.0504828	0.718822	0.212528	0.0473319	0.273358	1.51047	0.900561	0.990625
COG0611	1	1	1	0.999999	5.36442e-07	0.999995	4.5763e-06	0.999962	4.11476e-05	4.47035e-06	3.76105e-05	10.1163	0.999082	1
COG0612	1	1	1	0.00498981	0.0116756	0.000581416	0.00138532	6.22481e-05	0.000151999	0.00440839	0.00492756	-10.9794	0.115943	0.028125
COG0613	1	1	1	0.997943	0.00218466	0.980991	0.0205174	0.873735	0.146821	0.0169519	0.124208	1.34179	0.994395	1
COG0614	1	1	1	0.999162	0.000909006	0.99637	0.0038351	0.98635	0.0157442	0.00279224	0.012812	3.57676	0.998675	1
COG0615	1	1	1	0.997745	0.00233831	0.981117	0.0185312	0.905032	0.0774329	0.0166284	0.0927137	2.19756	0.991831	1
COG0616	1	1	1	0.989566	0.0117568	0.957482	0.0412945	0.850753	0.116522	0.0320835	0.138813	1.59597	0.989104	1
COG0618	1	1	1	0.999875	0.000291487	0.998028	0.00448149	0.978543	0.0428283	0.00184715	0.0213321	3.65322	0.982912	1
COG0619	1	1	1	0.999997	7.55431e-06	0.999963	8.03742e-05	0.999662	0.000631212	3.37362e-05	0.000335276	8.01856	0.99806	1
COG0620	1	1	1	0.99994	6.97048e-05	0.999643	0.00038746	0.998039	0.00220859	0.000296414	0.00190049	6.5544	0.995322	1
COG0621	1	1	1	0.998237	0.00220605	0.98266	0.0203403	0.866677	0.128384	0.0155772	0.13156	-0.590831	0.988608	1
COG0622	1	1	1	0.999992	1.33209e-05	0.999941	9.84167e-05	0.999554	0.000664016	5.14984e-05	0.000438035	7.8769	0.99602	1
COG0624	1	1	1	0.999615	0.000507033	0.997856	0.00259829	0.991115	0.011106	0.00175875	0.00849962	3.13632	0.99942	1
COG0626	1	1	1	0.871797	0.111671	0.640503	0.222244	0.352981	0.256218	0.231293	0.518815	-1.10068	0.95526	1
COG0628	0.8464	1	1	0.681662	0.296867	0.45254	0.373701	0.287865	0.391562	0.229122	0.393797	-2.84707	0.909558	0.940625
COG0630	1	1	1	0.550374	0.267141	0.139092	0.110103	0.012934	0.0105693	0.411282	0.53744	-2.09223	0.243151	0.203125
COG0631	0.9533	1	1	0.133443	0.193927	0.0278021	0.0600478	0.00412076	0.0102864	0.105641	0.129322	-6.04475	0.512647	0.50625
COG0632	0.0062	1	1	0.00113573	0.00305711	0.00112022	0.00301625	0.000118709	0.000329804	1.55091e-05	0.00101702	-11.0754	0.0220242	0
COG0633	1	1	1	0.380131	0.34964	0.166027	0.252495	0.0687604	0.170569	0.214105	0.311371	-2.34932	0.866096	0.93125
COG0635	0.9995	1	1	0.0070501	0.0137482	0.000818387	0.00162904	0.000101751	0.000194227	0.00623171	0.00694835	-10.8483	0.124839	0.028125
COG0636	1	1	1	0.998884	0.00068708	0.990768	0.00551159	0.929972	0.0450023	0.00811577	0.0689126	0.852835	0.977248	1
COG0637	1	1	1	0.681943	0.226483	0.306398	0.262459	0.132837	0.288343	0.375545	0.549106	-2.73689	0.940393	0.990625
COG0638	1	1	1	1	0	1	0	1	7.53946e-08	0	0	15.5684	0.999989	1
COG0639	1	1	1	0.998941	0.000851422	0.994714	0.00381223	0.974035	0.0183806	0.0042268	0.0249058	2.96559	0.997214	1
COG0640	1	1	1	0.999998	2.64533e-06	0.999979	3.54898e-05	0.999775	0.000417393	1.90735e-05	0.000223696	6.70389	0.999975	1
COG0641	1	1	1	0.996854	0.00290083	0.974681	0.0198779	0.827394	0.110393	0.0221731	0.16946	2.20344	0.945365	1
COG0642	1	1	1	0.474592	0.358261	0.297507	0.37854	0.199912	0.342106	0.177085	0.27468	-3.78621	0.989064	1
COG0643	1	1	1	0.942893	0.0462414	0.750567	0.172677	0.439288	0.303897	0.192326	0.503605	0.0596696	0.933698	0.9625
COG0644	1	1	1	1	2.30848e-07	1	8.98035e-07	0.999998	3.43154e-06	2.38419e-07	1.60933e-06	12.7848	0.999994	1
COG0646	0.7457	1	1	0.12349	0.26822	0.0725075	0.188509	0.0275179	0.0785619	0.0509826	0.0959722	-4.34857	0.331811	0.275
COG0647	1	1	1	0.941805	0.040018	0.74785	0.147177	0.390434	0.283851	0.193955	0.551371	-0.246875	0.889515	0.978125
COG0648	1	1	1	0.999996	4.00346e-06	0.999916	7.60048e-05	0.998302	0.00161805	7.99894e-05	0.00169408	6.57879	0.994445	1
COG0649	1	1	1	0.998709	0.00323123	0.991332	0.0189836	0.961031	0.0820996	0.00737667	0.0376774	3.14724	0.998407	1
COG0650	1	1	1	0.999956	7.99558e-05	0.999688	0.000527104	0.998136	0.00267051	0.000268936	0.00182027	8.08965	0.847887	0.909375
COG0651	1	1	1	0.999997	7.01271e-06	0.999984	4.5003e-05	0.999936	0.00016535	1.35303e-05	6.18696e-05	10.0109	0.999806	1
COG0652	1	1	1	0.139534	0.302453	0.105055	0.297522	0.0978902	0.291796	0.0344784	0.0416433	-3.95725	0.906195	0.96875
COG0655	1	1	1	0.999545	0.000487517	0.995952	0.0046473	0.968892	0.0381545	0.0035938	0.0306534	3.09057	0.962115	1
COG0656	1	1	1	0.584984	0.241179	0.207624	0.267289	0.0869583	0.217004	0.37736	0.498026	-2.17923	0.838334	0.928125
COG0657	0.9997	1	1	0.444203	0.27598	0.173007	0.285628	0.10682	0.289373	0.271195	0.337383	-2.76852	0.818085	0.9
COG0659	0.9926	1	1	0.169467	0.276289	0.0812708	0.204667	0.0327175	0.0929284	0.0881964	0.13675	-3.49376	0.34002	0.33125
COG0661	0.9997	1	1	0.451289	0.342114	0.240635	0.325062	0.122627	0.232955	0.210654	0.328662	-2.13345	0.877975	0.9375
COG0662	1	1	1	0.881316	0.110234	0.608596	0.26564	0.316587	0.310513	0.27272	0.564729	-1.62421	0.96855	1
COG0663	1	1	1	0.996658	0.00477391	0.987984	0.0173887	0.958275	0.0568949	0.00867319	0.0383821	2.97318	0.988598	1
COG0665	1	1	1	0.698315	0.221521	0.430604	0.308638	0.225845	0.301638	0.267711	0.47247	-1.94622	0.96311	1
COG0666	0.9223	1	1	0.192387	0.26606	0.0827174	0.198207	0.0260934	0.0727631	0.109669	0.166293	-3.09432	0.339616	0.3875
COG0667	1	1	1	0.310012	0.284262	0.149114	0.286482	0.105689	0.288223	0.160899	0.204323	-2.91382	0.947447	1
COG0668	1	1	1	0.994542	0.00455848	0.94973	0.0324412	0.705426	0.161473	0.0448127	0.289116	-0.6084	0.985733	1
COG0671	1	1	1	0.945108	0.0478241	0.700821	0.211434	0.324566	0.272668	0.244288	0.620542	-2.01374	0.944222	0.996875
COG0672	1	1	1	0.794487	0.120592	0.392353	0.172705	0.0894788	0.0598863	0.402134	0.705008	-1.08011	0.54471	0.540625
COG0673	1	1	1	0.991351	0.00605987	0.952999	0.0294631	0.801786	0.11671	0.0383527	0.189566	0.193242	0.996938	1
COG0674	1	1	1	1	0	1	2.17373e-07	0.999998	3.75651e-06	1.19209e-07	1.90735e-06	12.598	0.999995	1
COG0675	1	1	1	0.99988	7.76656e-05	0.99864	0.000801257	0.986156	0.00827776	0.0012396	0.0137234	5.78808	0.990619	1
COG0677	1	1	1	0.996987	0.00363505	0.982676	0.0180862	0.910197	0.0856611	0.0143105	0.0867897	2.43151	0.987869	1
COG0679	1	1	1	0.833731	0.14121	0.475537	0.219248	0.148728	0.146369	0.358194	0.685003	-1.9376	0.705496	0.7125
COG0680	1	1	1	0.999912	0.000106757	0.999008	0.00118477	0.992839	0.00733397	0.0009045	0.0070734	5.51264	0.990712	1
COG0681	1	1	1	0.99999	7.07043e-06	0.99976	0.000189993	0.995004	0.00545527	0.000229359	0.00498581	2.31558	0.992125	1
COG0683	1	1	1	0.993428	0.00997975	0.980873	0.0206738	0.933326	0.0613852	0.0125551	0.0601015	1.97457	0.996139	1
COG0684	0.9999	1	1	0.912841	0.103711	0.682232	0.225524	0.348691	0.276962	0.230609	0.56415	-0.00815574	0.870394	0.9625
COG0685	1	1	1	0.980022	0.01558	0.906383	0.0714104	0.702816	0.221369	0.0736389	0.277206	0.174418	0.959292	1
COG0686	0.9998	1	1	0.318373	0.284443	0.124185	0.22945	0.0448587	0.113567	0.194188	0.273515	-2.86321	0.665907	0.653125
COG0687	0.7863	1	1	0.0426594	0.115279	0.0114107	0.0325867	0.00184398	0.00539022	0.0312487	0.0408155	-6.24132	0.278184	0.24375
COG0688	0.9989	1	1	0.70073	0.243266	0.39773	0.244367	0.143076	0.130388	0.303001	0.557655	-1.86162	0.739983	0.765625
COG0689	1	1	1	0.968348	0.0351079	0.838587	0.157201	0.611007	0.331084	0.129761	0.357341	0.0145392	0.869168	0.925
COG0693	1	1	1	0.989338	0.00976607	0.940688	0.0496643	0.742025	0.167511	0.04865	0.247313	0.580877	0.98685	1
COG0694	1	1	1	0.539372	0.301818	0.280884	0.341363	0.154415	0.281035	0.258487	0.384956	-1.38987	0.90735	0.959375
COG0695	1	1	1	0.546302	0.319315	0.317005	0.351393	0.19963	0.343116	0.229297	0.346672	-2.05155	0.972514	0.996875
COG0696	0.9998	1	1	0.297342	0.361859	0.213808	0.379538	0.15802	0.319111	0.0835338	0.139322	-1.88098	0.699631	0.73125
COG0697	1	1	1	0.998324	0.00254192	0.987755	0.0154139	0.917093	0.0891814	0.0105684	0.0812308	0.0774585	0.999249	1
COG0698	0.9968	1	1	0.00793705	0.00781394	0.000955561	0.00111497	0.000102711	0.000132831	0.00698149	0.00783434	-9.77036	0.104597	0.034375
COG0701	1	1	1	0.98167	0.025254	0.87269	0.170069	0.630399	0.306886	0.10898	0.351271	1.16298	0.93277	0.990625
COG0702	0.9998	1	1	0.146739	0.299202	0.10256	0.282033	0.0818516	0.241805	0.0441796	0.0648876	-2.66579	0.83651	0.9125
COG0703	0.9999	1	1	0.172679	0.247805	0.0513578	0.1105	0.010437	0.0263059	0.121321	0.162242	-5.39446	0.38595	0.40625
COG0704	1	1	1	1	1.70682e-07	0.999999	1.56637e-06	0.999991	1.57949e-05	6.55651e-07	8.76188e-06	10.8666	0.999949	1
COG0705	1	1	1	0.969259	0.0274813	0.853477	0.119804	0.573503	0.256518	0.115782	0.395756	-0.363879	0.964324	1
COG0707	1	1	1	0.0401385	0.094773	0.00511779	0.0138458	0.000528991	0.00147714	0.0350207	0.0396095	-9.86337	0.126136	0.01875
COG0708	1	1	1	0.481241	0.311423	0.192375	0.21404	0.05112	0.0976318	0.288866	0.430121	-3.95632	0.612136	0.5875
COG0709	1	1	1	0.420453	0.265774	0.171016	0.262256	0.0636417	0.147053	0.249437	0.356811	-2.05197	0.447471	0.44375
COG0710	1	1	1	0.558267	0.134513	0.114034	0.0717975	0.0122122	0.011413	0.444233	0.546055	-2.18605	0.0774117	0.0125
COG0713	1	1	1	0.937175	0.113533	0.843169	0.259276	0.685877	0.33986	0.0940059	0.251298	0.794264	0.97564	0.996875
COG0714	1	1	1	0.991606	0.00790143	0.969882	0.0212982	0.884352	0.0834038	0.0217242	0.107254	0.732265	0.99935	1
COG0715	1	1	1	0.983182	0.0173074	0.937986	0.0593667	0.76613	0.18056	0.0451958	0.217053	0.472291	0.986141	0.996875
COG0716	1	1	1	0.868047	0.0903333	0.454712	0.179293	0.0993449	0.0953513	0.413335	0.768702	-1.77557	0.680233	0.65
COG0717	1	1	1	0.999862	0.000136302	0.998791	0.00117615	0.990756	0.00896419	0.00107127	0.00910592	4.40777	0.95794	1
COG0719	1	1	1	0.999661	0.000536136	0.996039	0.00579731	0.971615	0.0333636	0.00362176	0.0280457	2.85748	0.9689	1
COG0720	1	1	1	0.998374	0.00193387	0.99239	0.00859662	0.976524	0.0251776	0.00598496	0.0218509	3.83119	0.976425	1
COG0721	1	1	1	0.981431	0.044576	0.91899	0.160043	0.782664	0.309842	0.06244	0.198767	0.122528	0.956685	0.99375
COG0723	0.9993	1	1	0.290527	0.305468	0.145834	0.234047	0.0742323	0.162376	0.144693	0.216295	-2.52276	0.608644	0.628125
COG0724	0.8636	1	1	0.508845	0.248578	0.228959	0.222041	0.056662	0.0968049	0.279887	0.452183	-1.69401	0.438818	0.465625
COG0725	1	1	1	0.99831	0.0022972	0.994766	0.00600483	0.982666	0.0172679	0.00354439	0.0156443	3.99524	0.977233	1
COG0726	1	1	1	0.751459	0.18412	0.37477	0.316367	0.193179	0.329886	0.376688	0.55828	-3.04765	0.957125	1
COG0727	1	1	1	0.999456	0.000645558	0.996643	0.00377029	0.983179	0.0183121	0.00281245	0.0162765	4.46889	0.99596	1
COG0730	1	1	1	0.999295	0.000746863	0.997045	0.00255053	0.990141	0.00711315	0.0022499	0.0091539	3.33226	0.995848	1
COG0731	1	1	1	1	4.21468e-08	1	6.45824e-07	0.999993	1.16377e-05	3.57628e-07	6.55651e-06	13.7184	0.998132	1
COG0732	1	1	1	0.995672	0.00431216	0.975385	0.0206791	0.84163	0.134608	0.0202867	0.154042	2.00278	0.966017	1
COG0733	1	1	1	0.780017	0.156565	0.447452	0.309142	0.243694	0.350668	0.332566	0.536323	-0.424545	0.658978	0.6875
COG0735	1	1	1	0.537451	0.298582	0.291594	0.33068	0.163958	0.298223	0.245857	0.373493	-3.10183	0.851373	0.94375
COG0736	0.2689	1	1	0.0034959	0.00401539	0.00184625	0.0020482	0.000179222	0.000174235	0.00164965	0.00331667	-9.14025	0.123015	0.0125
COG0737	0.9957	1	1	0.406897	0.2989	0.18828	0.320658	0.110999	0.276812	0.218617	0.295898	-2.16258	0.753514	0.79375
COG0739	0.9973	1	1	0.101011	0.253049	0.0446287	0.127855	0.00961437	0.0281576	0.0563825	0.0913968	-6.23415	0.516706	0.525
COG0742	0.8032	1	1	7.44611e-05	5.92698e-05	1.17123e-05	8.54385e-06	1.36495e-06	1.16989e-06	6.27488e-05	7.30962e-05	-15.3601	0.00898654	0
COG0745	1	1	1	0.26469	0.356963	0.155513	0.3134	0.115457	0.294276	0.109178	0.149233	-5.07988	0.885667	0.959375
COG0746	1	1	1	1	3.10288e-07	0.999999	1.11303e-06	0.999996	5.50951e-06	7.7486e-07	3.99351e-06	12.2762	0.999814	1
COG0747	1	1	1	0.977738	0.0357798	0.890758	0.125641	0.700247	0.238095	0.0869797	0.27749	-0.00802904	0.989829	1
COG0750	1	1	1	0.999713	0.000165589	0.995376	0.00238502	0.932592	0.0372232	0.00433713	0.0671206	-0.090337	0.972645	1
COG0753	0.9993	1	1	0.560986	0.204323	0.208982	0.266188	0.0801175	0.173396	0.352004	0.480869	-1.46599	0.505613	0.515625
COG0755	0.9999	1	1	0.46991	0.319376	0.308606	0.297275	0.19513	0.285339	0.161304	0.27478	-1.75948	0.795526	0.8375
COG0760	1	1	1	0.00439257	0.0124468	0.000842419	0.00244337	0.00013448	0.000393526	0.00355015	0.00425809	-10.2561	0.193648	0.109375
COG0765	1	1	1	0.213783	0.303645	0.11701	0.286763	0.0860256	0.250385	0.0967729	0.127758	-2.7653	0.794905	0.840625
COG0769	0.4521	1	1	0.00098983	0.00146407	0.000357211	0.000547083	4.18425e-05	6.83989e-05	0.00063262	0.000947988	-12.2514	0.0207284	0
COG0770	0.1395	1	1	0.482114	0.278037	0.42849	0.281718	0.152272	0.206026	0.0536236	0.329842	-3.66606	0.211115	0.1
COG0771	0.021	1	1	0.000386417	0.000385519	0.000369045	0.000370034	4.49479e-05	5.73393e-05	1.73718e-05	0.000341469	-12.021	0.00658684	0
COG0775	0.0043	1	1	0.00201418	0.00435579	0.00199445	0.00431528	0.000194091	0.000452606	1.97291e-05	0.00182009	-8.77023	0.0670658	0.00625
COG0776	0.0782	1	1	1.9604e-05	3.87578e-05	1.58727e-05	3.09448e-05	1.15633e-06	1.77542e-06	3.73125e-06	1.84476e-05	-15.5344	0.00970883	0
COG0778	1	1	1	0.99976	0.000315661	0.99829	0.00186512	0.988052	0.0122096	0.00147039	0.0117084	2.69208	0.999683	1
COG0780	0.7247	1	1	0.0676887	0.0740753	0.0170123	0.0178628	0.00232533	0.00227172	0.0506764	0.0653633	-5.78588	0.164645	0.05
COG0783	0.812	1	1	0.0875321	0.198207	0.0311465	0.0851818	0.00535091	0.0153416	0.0563856	0.0821812	-4.52188	0.319406	0.325
COG0784	1	1	1	0.950016	0.0437217	0.805782	0.150805	0.529216	0.300431	0.144234	0.4208	-0.0894779	0.997579	1
COG0785	1	1	1	0.999163	0.000886885	0.991228	0.00839998	0.928421	0.0561452	0.00793457	0.0707418	2.97482	0.878902	0.978125
COG0786	0.0004	1	1	0.0313444	0.0464637	0.0313152	0.0464256	0.00278175	0.00493982	2.92771e-05	0.0285627	-4.09058	0.01905	0
COG0787	1	1	1	0.00343054	0.00479176	0.000300851	0.000393674	3.11673e-05	3.83345e-05	0.00312969	0.00339938	-11.7845	0.0598067	0
COG0788	0.6151	1	1	0.0432331	0.118658	0.020141	0.0577097	0.00421832	0.0123622	0.0230921	0.0390148	-4.74534	0.0862193	0.01875
COG0789	0.0004	1	1	0.0299903	0.0818731	0.0299721	0.0818265	0.00528388	0.015106	1.81794e-05	0.0247064	-6.63278	0.192088	0.0375
COG0794	1	1	1	0.998237	0.00255542	0.978705	0.0318666	0.850624	0.199469	0.0195319	0.147614	3.86364	0.748984	0.775
COG0798	1	1	1	0.999718	0.000194579	0.998359	0.00147399	0.989483	0.0143247	0.00135899	0.0102345	5.4013	0.996416	1
COG0800	0.5018	1	1	0.0521767	0.102932	0.0212065	0.0465359	0.0036382	0.0091135	0.0309702	0.0485385	-5.46203	0.348147	0.303125
COG0801	0.0389	1	1	0.00344251	0.00322977	0.00320627	0.00301492	0.000562882	0.000570112	0.00023624	0.00287963	-8.08549	0.0474603	0.003125
COG0803	1	1	1	0.975767	0.0209009	0.893426	0.0798703	0.613107	0.220262	0.0823408	0.36266	-0.0174534	0.951547	0.9875
COG0804	0.8817	1	1	0.330376	0.328065	0.176506	0.277952	0.0857959	0.160788	0.153869	0.24458	-1.07027	0.336833	0.3125
COG0805	1	1	1	0.936585	0.0985128	0.83286	0.235278	0.688531	0.337107	0.103725	0.248054	0.233284	0.955324	0.990625
COG0807	0.9989	1	1	0.683679	0.119312	0.259159	0.121606	0.0514303	0.0381664	0.42452	0.632248	-1.80841	0.360073	0.3875
COG0811	0.1391	1	1	9.44346e-05	0.000173122	7.47353e-05	0.000138288	1.44452e-05	2.78036e-05	1.96993e-05	7.99894e-05	-11.1324	0.0165809	0
COG0814	0.5075	1	1	0.0579614	0.0770983	0.0179561	0.0243753	0.00141584	0.00194003	0.0400053	0.0565455	-4.48179	0.0210152	0
COG0817	0.0062	1	1	0.0127504	0.0132843	0.0125839	0.0131232	0.0015467	0.00189186	0.000166446	0.0112037	-7.72579	0.0511501	0
COG0818	0.0004	1	1	0.00548351	0.00555431	0.00547798	0.00554889	0.000462571	0.000523208	5.52833e-06	0.00502094	-7.04803	0.0193838	0
COG0819	1	1	1	0.761284	0.163018	0.383029	0.236741	0.11185	0.120648	0.378254	0.649434	-0.443624	0.505614	0.48125
COG0822	1	1	1	0.407097	0.320492	0.230659	0.362962	0.15876	0.321502	0.176438	0.248338	-3.26104	0.945254	0.99375
COG0823	1	1	1	0.387613	0.263559	0.164708	0.28066	0.108588	0.290548	0.222905	0.279025	-2.80505	0.810434	0.88125
COG0824	1	1	1	0.330799	0.271747	0.156039	0.276892	0.102965	0.269227	0.17476	0.227834	-2.9032	0.724391	0.746875
COG0826	1	1	1	0.797798	0.163926	0.432025	0.296699	0.143987	0.205723	0.365773	0.653811	-1.99851	0.648388	0.6375
COG0827	1	1	1	0.875592	0.0892304	0.488852	0.257343	0.169734	0.226875	0.38674	0.705858	-0.749956	0.765161	0.8375
COG0829	0.8797	1	1	0.501499	0.33465	0.254402	0.309108	0.105025	0.178739	0.247097	0.396474	-0.807161	0.350145	0.321875
COG0830	0.8797	1	1	0.43868	0.329479	0.237031	0.326133	0.120611	0.213182	0.201649	0.318069	-0.649686	0.381137	0.346875
COG0831	0.8817	1	1	0.498724	0.325587	0.260272	0.337306	0.133836	0.237982	0.238452	0.364888	-0.552945	0.363109	0.328125
COG0832	0.8817	1	1	0.488294	0.346545	0.251496	0.349466	0.148152	0.279987	0.236798	0.340142	-0.259122	0.328308	0.284375
COG0834	1	1	1	0.367796	0.300057	0.15199	0.282735	0.0992262	0.274203	0.215807	0.26857	-3.07825	0.89118	0.959375
COG0835	1	1	1	0.948472	0.0364759	0.810582	0.162563	0.556578	0.289181	0.137891	0.391894	0.627222	0.926698	0.959375
COG0836	1	1	1	0.933156	0.0722117	0.743071	0.199056	0.414473	0.291631	0.190085	0.518683	0.434458	0.822604	0.8875
COG0838	1	1	1	0.986971	0.0269328	0.945387	0.100918	0.831931	0.241978	0.0415839	0.155041	1.60291	0.981984	0.99375
COG0839	1	1	1	0.956731	0.0824044	0.873922	0.202756	0.708051	0.312131	0.0828091	0.24868	0.887396	0.957063	0.99375
COG0840	1	1	1	0.900039	0.0726427	0.689535	0.23866	0.427148	0.321882	0.210504	0.47289	-0.19111	0.975383	0.996875
COG0841	0.0004	1	1	0.00227552	0.00676463	0.00227389	0.00675977	0.0003957	0.00118036	1.6361e-06	0.00187982	-8.42918	0.0826035	0.009375
COG0842	1	1	1	0.999871	6.82187e-05	0.999058	0.000705102	0.994897	0.00510104	0.000813127	0.00497389	3.99959	0.999717	1
COG0843	1	1	1	0.0834313	0.238746	0.049417	0.146139	0.0233965	0.069834	0.0340142	0.0600348	-3.82236	0.414526	0.38125
COG0846	1	1	1	0.993916	0.00610806	0.958845	0.0384682	0.790227	0.156584	0.035071	0.203689	0.818029	0.982719	1
COG0847	1	1	1	0.0800992	0.180217	0.0193028	0.0521206	0.00321432	0.0091136	0.0607964	0.0768849	-6.20509	0.307663	0.2875
COG0848	0.0007	1	1	3.27826e-08	6.17275e-08	3.27826e-08	6.17275e-08	2.98023e-09	8.9407e-09	0	2.98023e-08	-13.7267	0.000168246	0
COG0852	1	1	1	0.987195	0.0356996	0.941202	0.148266	0.8623	0.255653	0.0459926	0.124895	1.81481	0.872487	0.946875
COG0853	0.9798	1	1	0.16686	0.145605	0.0278808	0.029518	0.00354835	0.00405328	0.138979	0.163311	-4.98412	0.172213	0.10625
COG0855	0.651	1	1	0.105462	0.29572	0.099557	0.292988	0.0897031	0.268301	0.00590473	0.0157586	-2.61506	0.461578	0.446875
COG0856	0.8297	1	1	0.98745	0.0142288	0.939169	0.0660127	0.739699	0.218105	0.0482819	0.247751	6.66373	0.700025	0.715625
COG0857	1	1	1	0.972754	0.046561	0.83087	0.186857	0.444097	0.221701	0.141884	0.528658	2.03631	0.707004	0.721875
COG0859	0.5201	1	1	0.00237226	0.00236059	0.00078007	0.000812677	9.59039e-05	0.000110503	0.0015922	0.00227636	-8.87994	0.0551956	0.00625
COG0861	0.9756	1	1	0.0322733	0.0697052	0.00627514	0.0156497	0.00102647	0.00272243	0.0259981	0.0312468	-6.71756	0.140112	0.071875
COG0863	1	1	1	0.996863	0.00211987	0.96717	0.0201758	0.770639	0.132333	0.0296934	0.226224	1.63209	0.991168	1
COG0864	1	1	1	0.999983	1.81293e-05	0.999809	0.000200939	0.998141	0.00194313	0.000174463	0.00184232	7.22375	0.999159	1
COG1001	1	1	1	0.996916	0.00264113	0.978818	0.0161753	0.875644	0.0983324	0.0180978	0.121273	3.22199	0.932605	1
COG1002	1	1	1	0.985721	0.00963206	0.88612	0.0843598	0.558369	0.26623	0.0996003	0.427352	1.46185	0.907688	0.996875
COG1003	1	1	1	0.946201	0.0504281	0.72926	0.232383	0.437098	0.396674	0.216941	0.509103	0.743254	0.954347	1
COG1004	1	1	1	0.856682	0.103255	0.508434	0.271025	0.256802	0.345174	0.348248	0.59988	-1.70792	0.95619	1
COG1005	1	1	1	0.996018	0.00949814	0.973792	0.047434	0.879992	0.217933	0.0222258	0.116026	1.89289	0.990979	1
COG1006	1	1	1	0.997949	0.0029371	0.987563	0.018847	0.944038	0.0933794	0.010386	0.0539111	3.6482	0.943589	0.975
COG1007	1	1	1	0.952451	0.0766941	0.865865	0.182903	0.698591	0.33078	0.0865863	0.25386	0.789263	0.983546	0.99375
COG1008	1	1	1	0.549077	0.321449	0.342519	0.355621	0.220537	0.319079	0.206558	0.328541	-1.30154	0.920459	0.978125
COG1009	1	1	1	0.991334	0.015701	0.968608	0.0506499	0.906891	0.160639	0.0227268	0.084443	1.75274	0.996787	1
COG1010	0.9999	1	1	0.999311	0.000456854	0.993669	0.00445496	0.963206	0.0241954	0.00564164	0.0361053	4.48694	0.858101	0.90625
COG1011	1	1	1	0.985494	0.0195382	0.925998	0.0847596	0.721361	0.199835	0.0594964	0.264134	-0.15149	0.994434	1
COG1012	1	1	1	0.936905	0.0655738	0.775215	0.169934	0.489942	0.268921	0.16169	0.446963	-1.57237	0.989645	1
COG1013	1	1	1	1	3.76973e-08	1	5.72329e-07	0.999997	9.87079e-06	1.78814e-07	3.21865e-06	12.6927	0.999987	1
COG1014	1	1	1	1	0	1	7.9968e-08	1	2.59126e-07	0	1.78814e-07	13.9579	0.999735	1
COG1018	1	1	1	0.173994	0.291969	0.0935927	0.23754	0.0440941	0.12692	0.0804011	0.1299	-2.93045	0.727885	0.784375
COG1019	1	1	1	0.255622	0.26832	0.12535	0.163034	0.045011	0.0597396	0.130273	0.210611	4.34993	0.0220409	0
COG1022	0.9998	1	1	0.144898	0.253926	0.0543325	0.137701	0.0119527	0.0329299	0.0905655	0.132945	-4.29532	0.479048	0.509375
COG1023	1	1	1	0.543262	0.204888	0.180128	0.144497	0.037211	0.0476005	0.363134	0.506051	-2.05706	0.580511	0.55625
COG1024	1	1	1	0.290629	0.363201	0.220266	0.371338	0.17686	0.345192	0.0703629	0.113768	-2.03371	0.984412	1
COG1027	0.9969	1	1	0.455797	0.247963	0.130996	0.144256	0.0238621	0.0377504	0.3248	0.431935	-2.35172	0.490894	0.51875
COG1028	1	1	1	0.886469	0.136066	0.651107	0.288862	0.398094	0.364179	0.235361	0.488375	-3.30428	0.998621	1
COG1029	1	1	1	0.999973	3.88331e-05	0.999799	0.000238615	0.998406	0.00152605	0.000173628	0.00156611	9.66565	0.932175	0.975
COG1030	1	1	1	0.998832	0.00153377	0.992087	0.0106427	0.956357	0.0621072	0.00674522	0.042475	3.85192	0.934691	0.984375
COG1031	1	1	1	0.999703	0.000297898	0.996409	0.00366142	0.962071	0.0397285	0.00329399	0.0376327	7.56761	0.908914	0.98125
COG1032	1	1	1	0.999999	1.61098e-06	0.999994	1.14431e-05	0.999959	7.84363e-05	5.30481e-06	4.01139e-05	9.54874	0.999356	1
COG1033	0.7004	1	1	0.797343	0.164419	0.575783	0.275177	0.290489	0.321468	0.22156	0.506854	-0.325093	0.854924	0.91875
COG1035	1	1	1	0.99994	9.665e-05	0.999488	0.000748671	0.996375	0.00458035	0.00045228	0.00356489	7.32953	0.98483	1
COG1036	1	1	1	0.997214	0.00426556	0.973895	0.0347207	0.835282	0.151885	0.0233185	0.161932	4.10458	0.661283	0.646875
COG1040	0.0004	1	1	0.0019423	0.00371947	0.00194059	0.00371637	0.000218374	0.000463263	1.70467e-06	0.00172392	-10.0395	0.0271343	0
COG1041	1	1	1	0.999958	2.27023e-05	0.999348	0.000395529	0.990094	0.00678503	0.000609398	0.00986397	6.88256	0.97113	1
COG1042	1	1	1	0.999921	6.62269e-05	0.99895	0.0010965	0.985689	0.01888	0.000971437	0.0142319	5.56837	0.996749	1
COG1045	0.9997	1	1	0.159998	0.282581	0.102446	0.281243	0.0715373	0.211102	0.057552	0.0884606	-3.33703	0.733826	0.765625
COG1047	1	1	1	0.99988	0.000159524	0.998977	0.00120311	0.991335	0.0103563	0.000902534	0.0085451	5.47238	0.994201	1
COG1048	1	1	1	0.792127	0.182217	0.524334	0.317706	0.311846	0.345736	0.267793	0.480281	-1.65186	0.97365	1
COG1051	1	1	1	0.953791	0.0434045	0.744723	0.190972	0.348661	0.307497	0.209068	0.60513	-2.60796	0.98219	1
COG1052	1	1	1	0.775473	0.189131	0.436915	0.272991	0.1608	0.233555	0.338558	0.614673	-2.48775	0.829838	0.890625
COG1053	1	1	1	0.998977	0.00111142	0.994872	0.00599755	0.980234	0.0295091	0.00410503	0.0187435	2.89191	0.999147	1
COG1055	1	1	1	0.999879	0.000104737	0.999264	0.000500471	0.995786	0.00253762	0.000614405	0.00409269	5.31339	0.988235	1
COG1056	1	1	1	0.999965	4.10508e-05	0.999375	0.000814074	0.989169	0.0148347	0.00058955	0.0107951	7.27329	0.988176	1
COG1058	1	1	1	0.997063	0.00145203	0.986673	0.00654824	0.939462	0.0393664	0.0103897	0.0576005	2.42324	0.994318	1
COG1059	1	1	1	0.942624	0.0380971	0.587647	0.172901	0.136244	0.113682	0.354977	0.80638	1.62111	0.37236	0.409375
COG1060	1	1	1	0.999313	0.00184931	0.994806	0.0138263	0.977091	0.0568153	0.00450748	0.0222225	4.91267	0.974058	0.99375
COG1061	1	1	1	0.999776	0.000155084	0.997976	0.00132821	0.984451	0.010389	0.00179946	0.0153245	4.04706	0.998308	1
COG1062	0.6165	1	1	0.161686	0.186802	0.0691563	0.12625	0.0176037	0.0428048	0.0925299	0.144082	-3.43429	0.384185	0.39375
COG1063	1	1	1	0.997984	0.00145505	0.990359	0.00627041	0.951353	0.0390549	0.00762534	0.0466312	2.19225	0.999218	1
COG1064	1	1	1	0.959175	0.0430867	0.820232	0.179681	0.569028	0.304034	0.138942	0.390147	0.719531	0.938289	1
COG1067	1	1	1	0.874771	0.071055	0.506916	0.193367	0.14321	0.10578	0.367855	0.731561	-0.305452	0.499756	0.5
COG1070	1	1	1	0.487715	0.281323	0.202742	0.269195	0.0891648	0.215535	0.284973	0.39855	-2.4523	0.795001	0.834375
COG1071	1	1	1	0.478144	0.348543	0.264786	0.377853	0.195622	0.369666	0.213358	0.282522	-1.34994	0.933993	0.98125
COG1073	1	1	1	0.759803	0.179384	0.366851	0.267778	0.146508	0.287722	0.392952	0.613295	-3.4372	0.978762	1
COG1074	0.9978	1	1	2.12163e-05	1.69682e-05	1.96397e-06	1.78896e-06	2.02656e-07	2.18514e-07	1.92523e-05	2.10136e-05	-14.8998	0.0233746	0
COG1075	0.3395	1	1	0.0619346	0.151036	0.0389013	0.102255	0.00712758	0.0202327	0.0230333	0.054807	-4.70492	0.230084	0.121875
COG1077	0.9943	1	1	0.464548	0.265716	0.187453	0.173202	0.0440762	0.0465979	0.277095	0.420472	-4.28756	0.347373	0.378125
COG1078	1	1	1	0.999986	2.42884e-05	0.999826	0.000323083	0.998055	0.00355595	0.000160098	0.00193155	7.65281	0.991038	1
COG1079	1	1	1	0.967832	0.0469837	0.834499	0.1954	0.530561	0.268392	0.133333	0.437271	0.493294	0.880952	0.94375
COG1080	0.0134	1	1	0.00360647	0.00921418	0.00351327	0.00898395	0.000458953	0.00121851	9.32037e-05	0.00314752	-7.74925	0.194608	0.0625
COG1082	1	1	1	0.999901	0.000111039	0.999289	0.000745507	0.99626	0.00393323	0.000611544	0.00364041	5.1275	0.998362	1
COG1083	1	1	1	0.531283	0.217042	0.171006	0.183964	0.034123	0.0639186	0.360277	0.49716	-2.05203	0.408736	0.43125
COG1084	1	1	1	0.999994	8.31544e-06	0.99992	9.86073e-05	0.998835	0.00124195	7.38502e-05	0.00115871	10.8357	0.954226	0.996875
COG1085	1	1	1	0.999171	0.000767714	0.990823	0.00835224	0.934085	0.053257	0.00834721	0.0650855	3.59237	0.973643	1
COG1086	1	1	1	0.471555	0.292443	0.209078	0.310127	0.101557	0.244146	0.262477	0.369998	-2.66289	0.641258	0.603125
COG1087	0.1613	1	1	0.0182494	0.0539314	0.0132504	0.0392254	0.00149542	0.00444909	0.00499899	0.016754	-7.53034	0.116694	0.021875
COG1088	1	1	1	0.971396	0.0209487	0.786532	0.140366	0.400111	0.313785	0.184864	0.571285	-0.938185	0.903365	0.975
COG1089	0.992	1	1	0.85231	0.127218	0.512063	0.261826	0.19577	0.252485	0.340247	0.65654	-0.939492	0.799327	0.88125
COG1090	0.5839	1	1	0.11981	0.236734	0.0739478	0.18025	0.0244226	0.0668741	0.0458624	0.0953877	-2.90741	0.262877	0.2
COG1091	1	1	1	0.990979	0.00930783	0.947895	0.0472665	0.755275	0.189522	0.0430838	0.235704	0.733125	0.947712	0.984375
COG1092	0.9998	1	1	0.445589	0.339626	0.182591	0.222078	0.0356356	0.0515338	0.262999	0.409954	-3.5519	0.300316	0.290625
COG1093	1	1	1	0.999997	4.20435e-06	0.999941	7.5016e-05	0.99883	0.0013914	5.57303e-05	0.00116676	10.047	0.967029	1
COG1094	1	1	1	0.999964	7.82108e-05	0.99949	0.00107454	0.992328	0.0150595	0.00047344	0.00763577	8.19069	0.927255	0.99375
COG1095	1	1	1	0.999984	2.98346e-05	0.999762	0.000403738	0.996113	0.00579117	0.000221252	0.00387013	8.8789	0.947233	1
COG1096	1	1	1	0.999683	0.000717738	0.996982	0.00664362	0.972982	0.0546101	0.00270104	0.0267007	7.2853	0.743118	0.775
COG1097	1	1	1	0.995124	0.0138928	0.95912	0.113924	0.874722	0.256642	0.0360039	0.120402	5.26931	0.374371	0.353125
COG1099	0.8037	1	1	0.993592	0.00506864	0.966672	0.0272394	0.823897	0.13642	0.0269203	0.169696	3.9288	0.719107	0.728125
COG1100	1	1	1	0.999936	8.22444e-05	0.999301	0.00105763	0.99403	0.00977074	0.000634789	0.00590587	6.41128	0.998003	1
COG1102	1	1	1	0.999997	6.41992e-06	0.999948	9.69106e-05	0.99918	0.00148647	4.88758e-05	0.000816464	8.08409	0.991924	1
COG1103	1	1	1	0.999684	0.00077862	0.997562	0.00589824	0.982116	0.0402984	0.00212216	0.0175676	9.36193	0.573568	0.571875
COG1104	1	1	1	0.241175	0.360198	0.156615	0.305985	0.0763702	0.189742	0.0845596	0.164804	-4.39228	0.757307	0.8
COG1105	0.0163	1	1	0.296631	0.242837	0.291235	0.241933	0.0799686	0.130197	0.00539643	0.216663	-1.84983	0.398338	0.3625
COG1106	1	1	1	0.992611	0.00507361	0.928376	0.0528421	0.609657	0.196878	0.0642346	0.382954	1.77428	0.795349	0.875
COG1107	0.9988	1	1	0.999807	0.000458721	0.998142	0.00438516	0.985806	0.0316056	0.00166559	0.0140009	8.60213	0.973224	0.99375
COG1108	1	1	1	0.949774	0.0546997	0.865246	0.119438	0.637475	0.227795	0.0845287	0.312299	0.00788371	0.963456	0.9875
COG1109	1	1	1	0.999953	4.74801e-05	0.999342	0.000697871	0.991567	0.010426	0.000611067	0.00838596	1.74034	0.999044	1
COG1110	0.9999	1	1	0.94889	0.153324	0.912113	0.263609	0.90171	0.294367	0.0367774	0.0471799	6.67074	0.314223	0.2875
COG1111	1	1	1	0.999194	0.00121855	0.986745	0.0228906	0.884087	0.164542	0.0124491	0.115107	4.15388	0.987468	1
COG1112	1	1	1	0.80254	0.133189	0.417252	0.274026	0.167727	0.262319	0.385288	0.634813	-0.219986	0.814796	0.896875
COG1115	0.9255	1	1	0.0338889	0.0605465	0.00446624	0.00796994	0.000447974	0.000750877	0.0294226	0.0334409	-7.30036	0.113176	0.025
COG1116	1	1	1	0.989037	0.0152618	0.939169	0.0716388	0.762289	0.193946	0.0498676	0.226748	0.678338	0.970723	0.990625
COG1117	1	1	1	0.999729	0.000237029	0.99864	0.00127509	0.994719	0.00598555	0.00108874	0.00500965	4.45963	0.997483	1
COG1119	0.1291	1	1	0.249046	0.279313	0.220614	0.276389	0.100728	0.235935	0.028432	0.148318	-0.951042	0.352615	0.28125
COG1120	1	1	1	0.999427	0.000509725	0.997105	0.0024178	0.983628	0.0163731	0.00232136	0.0157982	3.81592	0.986967	1
COG1121	1	1	1	0.989901	0.0121754	0.95001	0.0603335	0.836088	0.132737	0.0398915	0.153814	1.2234	0.971849	0.996875
COG1122	1	1	1	0.999998	4.47722e-06	0.999985	3.43133e-05	0.999916	0.000168228	1.31726e-05	8.21352e-05	9.34476	0.999448	1
COG1123	1	1	1	0.978472	0.0188419	0.906548	0.0789865	0.742277	0.197573	0.0719237	0.236195	1.19949	0.802302	0.86875
COG1124	0.0136	1	1	0.273604	0.183344	0.268672	0.181929	0.0526541	0.0569103	0.00493282	0.22095	-0.417691	0.100543	0
COG1125	0.483	1	1	0.680085	0.172487	0.457491	0.269167	0.222239	0.344108	0.222594	0.457847	-0.062254	0.665197	0.715625
COG1126	1	1	1	0.221797	0.287925	0.121937	0.292352	0.100505	0.29174	0.0998599	0.121292	-2.61082	0.875574	0.940625
COG1131	1	1	1	0.999962	5.63043e-05	0.999468	0.00081281	0.992945	0.0120452	0.000493824	0.00701725	2.24821	0.999968	1
COG1132	1	1	1	0.176943	0.278287	0.105656	0.297713	0.0986734	0.294727	0.071287	0.0782697	-4.96967	0.909193	0.959375
COG1134	0.9804	1	1	0.425555	0.292392	0.210235	0.346974	0.0930545	0.206316	0.21532	0.332501	-2.31386	0.513397	0.525
COG1136	1	1	1	0.995373	0.00596517	0.940297	0.0824973	0.699277	0.314794	0.0550765	0.296096	-2.11041	0.995136	1
COG1138	1	1	1	0.809133	0.175285	0.581763	0.223038	0.344438	0.262629	0.22737	0.464695	-0.0447985	0.840739	0.884375
COG1139	1	1	1	0.995492	0.00294391	0.966803	0.0229226	0.839903	0.104231	0.0286883	0.155589	2.48664	0.92321	0.99375
COG1140	0.9995	1	1	0.996447	0.00373469	0.97251	0.0259988	0.868284	0.117034	0.0239364	0.128163	3.65311	0.835289	0.871875
COG1141	1	1	1	0.923577	0.0723611	0.655432	0.253725	0.31475	0.312946	0.268145	0.608827	0.135688	0.795233	0.8125
COG1142	1	1	1	0.998574	0.00234791	0.987024	0.0199139	0.915071	0.0936492	0.0115495	0.0835026	3.61328	0.921296	0.99375
COG1143	1	1	1	0.999999	1.72359e-06	0.99999	1.99712e-05	0.999929	0.000151807	9.35793e-06	7.02739e-05	8.81785	0.999788	1
COG1144	1	1	1	0.999988	3.43651e-05	0.999845	0.000426878	0.997933	0.00525101	0.000143409	0.00205487	8.21914	0.940842	0.99375
COG1145	1	1	1	0.999991	1.70447e-05	0.99996	8.22891e-05	0.999837	0.000345946	3.11136e-05	0.000154436	8.99119	0.999428	1
COG1146	1	1	1	0.999998	1.96171e-06	0.999989	9.26424e-06	0.999947	4.56045e-05	8.88109e-06	5.07236e-05	9.35578	0.999739	1
COG1148	1	1	1	1	1.77818e-07	0.999999	1.3976e-06	0.999985	1.69697e-05	1.13249e-06	1.4782e-05	12.4477	0.997643	1
COG1149	1	1	1	0.999583	0.000450247	0.994974	0.00515851	0.948999	0.0513069	0.00460863	0.0505838	4.68409	0.918029	0.984375
COG1150	1	1	1	0.998769	0.0022568	0.989026	0.0162129	0.91431	0.0994022	0.00974262	0.0844591	4.64417	0.792777	0.85625
COG1151	1	1	1	0.99844	0.001335	0.987284	0.0093693	0.910374	0.0629956	0.0111564	0.0880669	8.15973	0.565679	0.5125
COG1152	1	1	1	0.99922	0.000390567	0.991857	0.00513893	0.923221	0.0696929	0.00736296	0.075999	5.92149	0.842254	0.91875
COG1153	1	1	1	0.999951	9.66557e-05	0.999674	0.000546276	0.997761	0.00309675	0.000276864	0.00218934	10.3381	0.967552	0.99375
COG1155	1	1	1	0.999996	4.5201e-06	0.999954	4.21881e-05	0.999595	0.000369022	4.20213e-05	0.000400245	9.19963	0.9988	1
COG1156	1	1	1	0.999993	8.41902e-06	0.999911	9.62116e-05	0.99912	0.000862533	8.23736e-05	0.000873268	8.43233	0.997488	1
COG1161	1	1	1	0.769897	0.294058	0.410159	0.24426	0.0906539	0.0672701	0.359738	0.679243	-1.62134	0.215028	0.16875
COG1162	0.4906	1	1	0.141826	0.283918	0.100277	0.245282	0.0392669	0.112214	0.0415485	0.102559	-3.87017	0.303405	0.2625
COG1163	1	1	1	0.999999	1.76595e-06	0.999974	3.78189e-05	0.999233	0.000933198	2.46167e-05	0.000765622	9.83739	0.997898	1
COG1164	1	1	1	0.1987	0.293959	0.109051	0.293314	0.0911273	0.270538	0.0896485	0.107572	-2.23976	0.839154	0.875
COG1165	0.003	1	1	0.119804	0.278508	0.119606	0.278335	0.0714815	0.203852	0.000197947	0.0483228	-1.03851	0.369259	0.325
COG1166	0.8048	1	1	0.405536	0.140693	0.136738	0.0678997	0.0260912	0.0157287	0.268798	0.379445	-1.96395	0.119005	0.025
COG1167	1	1	1	0.943126	0.0687649	0.768549	0.205981	0.439941	0.266029	0.174577	0.503185	-0.642161	0.904185	0.98125
COG1169	0.0188	1	1	0.0929877	0.24607	0.0920611	0.244658	0.04845	0.141699	0.000926554	0.0445376	-1.53038	0.286115	0.2
COG1171	1	1	1	0.510509	0.293256	0.298668	0.359594	0.20567	0.342818	0.211841	0.304839	-1.99713	0.965612	1
COG1172	0.9874	1	1	0.095882	0.181592	0.0247096	0.0599486	0.00243422	0.00571418	0.0711724	0.0934478	-5.53962	0.234058	0.165625
COG1173	1	1	1	0.998269	0.00394108	0.98965	0.0239194	0.948014	0.123369	0.00861901	0.0502547	2.01596	0.994115	1
COG1174	0.7373	1	1	0.807997	0.117002	0.515698	0.248481	0.247142	0.338216	0.292299	0.560855	-0.0987787	0.708651	0.790625
COG1175	1	1	1	0.460279	0.321872	0.213949	0.309994	0.109422	0.261305	0.246329	0.350856	-2.36509	0.871685	0.903125
COG1176	0.9998	1	1	0.135481	0.26363	0.0420548	0.111949	0.00949346	0.0271156	0.093426	0.125987	-4.57141	0.427314	0.4125
COG1177	0.9999	1	1	0.124598	0.260629	0.0469024	0.129708	0.011915	0.0346935	0.0776952	0.112683	-4.31293	0.413492	0.4
COG1178	1	1	1	0.609352	0.286403	0.31396	0.258908	0.13843	0.274755	0.295392	0.470922	-1.65493	0.92304	0.978125
COG1180	1	1	1	1	5.3312e-08	1	4.1638e-07	0.999997	3.70207e-06	1.78814e-07	2.5034e-06	12.8684	0.999508	1
COG1183	1	1	1	0.971474	0.0400033	0.86906	0.156292	0.687542	0.28407	0.102414	0.283932	0.711117	0.907579	0.959375
COG1184	1	1	1	0.998591	0.00169577	0.981707	0.0197317	0.837251	0.151407	0.0168843	0.16134	4.67124	0.973518	1
COG1189	0.9899	1	1	0.817122	0.155455	0.518426	0.258806	0.228557	0.232963	0.298697	0.588566	-1.51943	0.533368	0.546875
COG1190	0.9996	1	1	0.0239758	0.0429257	0.0028206	0.00546383	0.000285831	0.000574203	0.0211552	0.0236899	-9.34148	0.187162	0.1125
COG1192	0.9999	1	1	0.800521	0.217993	0.537327	0.285123	0.243478	0.273296	0.263193	0.557042	-3.17919	0.891127	0.984375
COG1193	0.9999	1	1	0.995803	0.00849539	0.969325	0.0600532	0.869822	0.204528	0.0264776	0.125981	2.2532	0.966247	1
COG1194	1	1	1	0.28033	0.336794	0.152022	0.288474	0.0749786	0.18388	0.128309	0.205352	-3.13509	0.697902	0.75625
COG1195	0.0597	1	1	0.00203343	0.00512871	0.00176851	0.00447588	0.00017626	0.000465998	0.000264922	0.00185717	-9.58367	0.0451121	0
COG1196	1	1	1	0.447382	0.357191	0.254886	0.379548	0.194932	0.378635	0.192495	0.25245	-3.98456	0.964842	0.996875
COG1199	1	1	1	0.974293	0.0418312	0.901628	0.105749	0.66461	0.202697	0.0726646	0.309683	0.354757	0.988155	1
COG1201	1	1	1	0.999896	8.91568e-05	0.999157	0.000858301	0.9943	0.00617713	0.000739574	0.00559658	5.54163	0.996491	1
COG1202	1	1	1	0.992622	0.0174822	0.971024	0.0651075	0.916691	0.158046	0.0215976	0.0759305	7.2919	0.968325	0.99375
COG1203	1	1	1	0.999983	9.72548e-06	0.99985	9.43511e-05	0.998847	0.000855276	0.000132501	0.00113595	8.05769	0.991681	1
COG1204	1	1	1	0.999984	1.4498e-05	0.999781	0.000227536	0.996775	0.00373982	0.000203252	0.00320959	7.8854	0.997955	1
COG1205	1	1	1	0.999839	0.000121704	0.998442	0.00122279	0.9869	0.0112755	0.00139624	0.0129388	6.33885	0.9779	1
COG1208	1	1	1	0.99996	3.44016e-05	0.999676	0.000251686	0.998059	0.00153004	0.000283897	0.00190085	5.5539	0.999599	1
COG1209	1	1	1	0.684242	0.167354	0.311115	0.342402	0.190204	0.347341	0.373128	0.494039	-2.06266	0.798884	0.88125
COG1210	1	1	1	0.735952	0.204306	0.363547	0.201384	0.0885482	0.0733019	0.372406	0.647404	-2.7452	0.524955	0.51875
COG1211	0.5068	1	1	0.00761539	0.0083707	0.00239732	0.00272085	0.00025849	0.000312647	0.00521807	0.0073569	-8.49107	0.0253955	0
COG1213	1	1	1	0.977615	0.0124423	0.845812	0.0577445	0.440332	0.121806	0.131804	0.537283	1.53964	0.621061	0.603125
COG1215	1	1	1	0.973088	0.0313177	0.821281	0.139302	0.42141	0.284362	0.151807	0.551678	-2.40333	0.989542	1
COG1216	1	1	1	0.898075	0.0819056	0.597392	0.232378	0.270557	0.335763	0.300682	0.627518	-2.71821	0.937234	0.996875
COG1222	1	1	1	0.999919	0.000102459	0.999186	0.00100691	0.992336	0.00916715	0.000733376	0.00758332	6.43853	0.994864	1
COG1223	0.9957	1	1	0.997823	0.00228206	0.9839	0.0145856	0.901931	0.0725111	0.0139236	0.0958925	6.99007	0.637245	0.6125
COG1224	1	1	1	0.921548	0.231826	0.897346	0.28609	0.862194	0.289239	0.0242016	0.0593538	6.81972	0.174966	0.13125
COG1225	1	1	1	0.678615	0.275668	0.451799	0.339586	0.278741	0.336197	0.226817	0.399874	-1.72689	0.995918	1
COG1226	1	1	1	0.997192	0.00207331	0.982415	0.016467	0.902758	0.103218	0.0147765	0.0944338	2.25243	0.993452	1
COG1227	0.3578	1	1	0.272797	0.241317	0.174012	0.190533	0.0320354	0.0465508	0.0987849	0.240762	-2.07131	0.107744	0.015625
COG1228	1	1	1	0.985067	0.0164611	0.933794	0.0523374	0.755497	0.150007	0.051273	0.22957	0.981292	0.99053	1
COG1229	1	1	1	0.999886	0.000180303	0.999111	0.00128413	0.992787	0.00875312	0.000775218	0.00709856	8.11556	0.859558	0.928125
COG1230	1	1	1	0.9871	0.0103602	0.919077	0.0589006	0.665929	0.197778	0.0680232	0.321171	0.939391	0.917499	0.99375
COG1232	1	1	1	0.842349	0.208607	0.606015	0.318807	0.331643	0.30108	0.236334	0.510706	-0.498357	0.922413	0.984375
COG1233	1	1	1	0.996698	0.00322153	0.978499	0.0205731	0.90219	0.0887019	0.0181985	0.0945072	2.44048	0.996423	1
COG1234	1	1	1	0.999928	7.19651e-05	0.999352	0.000825007	0.99532	0.0071329	0.0005759	0.00460738	5.1531	0.999369	1
COG1235	1	1	1	0.936315	0.0720979	0.748693	0.221945	0.43714	0.31715	0.187622	0.499175	-0.988637	0.971617	0.996875
COG1236	1	1	1	0.999855	0.000206219	0.998221	0.00258001	0.983043	0.023049	0.00163436	0.0168123	4.14452	0.997915	1
COG1237	1	1	1	0.999967	3.61281e-05	0.999525	0.000500239	0.993955	0.00615374	0.000442028	0.00601262	6.80964	0.987862	1
COG1238	1	1	1	0.479066	0.248702	0.183712	0.239585	0.0675898	0.159251	0.295355	0.411477	-1.9598	0.526664	0.528125
COG1239	1	1	1	0.999276	0.00131883	0.992236	0.0137267	0.950812	0.0760146	0.00704002	0.0484647	4.26956	0.937556	0.996875
COG1240	0.1608	1	1	0.492779	0.18642	0.41432	0.185658	0.0948621	0.0897437	0.0784594	0.397917	0.270124	0.155428	0.028125
COG1241	1	1	1	0.999999	8.00346e-07	0.999984	1.89489e-05	0.999576	0.000508466	1.55568e-05	0.000422955	10.7901	0.997181	1
COG1242	0.3259	1	1	0.222005	0.189996	0.142636	0.157425	0.02745	0.0447805	0.0793687	0.194555	-2.30183	0.0726399	0
COG1243	1	1	1	0.999996	5.87727e-06	0.999901	0.000150122	0.997272	0.00437466	9.46522e-05	0.00272417	7.61633	0.991626	1
COG1244	0.9995	1	1	0.999877	0.000161321	0.998378	0.0019783	0.98065	0.022087	0.00149894	0.019227	7.09505	0.984505	1
COG1245	1	1	1	0.999986	1.52051e-05	0.999753	0.000279384	0.99574	0.00511053	0.000232875	0.00424546	8.28698	0.986836	1
COG1246	0.9998	1	1	0.865965	0.0955251	0.508014	0.243814	0.19259	0.253372	0.357952	0.673376	-0.736704	0.867404	0.928125
COG1247	1	1	1	0.613457	0.19298	0.219078	0.274948	0.113042	0.290052	0.394379	0.500415	-2.38682	0.879087	0.9375
COG1249	1	1	1	0.996161	0.00494617	0.983115	0.0212017	0.941623	0.0726891	0.0130452	0.054538	1.77356	0.999065	1
COG1250	1	1	1	0.987441	0.0265746	0.956018	0.0702677	0.85655	0.174814	0.0314236	0.130891	1.79391	0.996835	1
COG1251	0.0358	1	1	0.797462	0.126843	0.787239	0.131872	0.420721	0.239954	0.0102232	0.37674	0.0844904	0.84386	0.953125
COG1252	0.9997	1	1	0.254427	0.345465	0.148854	0.301829	0.104493	0.282793	0.105573	0.149934	-1.70876	0.767533	0.834375
COG1253	0.9998	1	1	0.122479	0.289293	0.0832028	0.24036	0.0322205	0.0957868	0.0392758	0.0902581	-4.97337	0.615091	0.61875
COG1254	1	1	1	0.999836	0.000200583	0.998639	0.00147896	0.991587	0.00809233	0.00119656	0.00824881	4.97024	0.997858	1
COG1255	0.9883	1	1	0.991853	0.0142301	0.95307	0.075777	0.819394	0.189823	0.0387832	0.172459	6.8312	0.706056	0.728125
COG1257	1	1	1	0.999947	7.21938e-05	0.999292	0.000981415	0.992162	0.010709	0.000655711	0.00778502	6.61585	0.994008	1
COG1258	1	1	1	0.999989	1.02601e-05	0.999851	0.00012468	0.997676	0.0019324	0.000137508	0.00231272	9.70962	0.979416	1
COG1259	1	1	1	0.99871	0.00246657	0.99097	0.0166106	0.954214	0.0819795	0.0077402	0.0444959	4.06807	0.969992	0.996875
COG1260	1	1	1	0.999989	1.27174e-05	0.999885	0.000141543	0.998728	0.00172741	0.000103712	0.00126106	7.89202	0.969811	1
COG1262	0.82	1	1	0.235782	0.361532	0.170994	0.330062	0.112525	0.278776	0.0647873	0.123256	-2.02236	0.698171	0.73125
COG1266	1	1	1	0.979398	0.0152948	0.852968	0.107063	0.493997	0.274735	0.126429	0.485401	-0.7778	0.985245	1
COG1267	0.9999	1	1	0.980053	0.0234765	0.903256	0.100379	0.697718	0.267156	0.0767975	0.282335	1.38599	0.572572	0.575
COG1268	0.9988	1	1	0.990855	0.00662814	0.94463	0.0399669	0.755409	0.177447	0.0462249	0.235446	1.51483	0.920034	0.9875
COG1269	1	1	1	0.999986	8.85892e-06	0.999899	5.49652e-05	0.999357	0.000385949	8.78572e-05	0.000629723	8.10537	0.998672	1
COG1270	1	1	1	0.999956	5.11122e-05	0.999813	0.000146521	0.999396	0.000396675	0.000142455	0.000559986	8.0283	0.983865	1
COG1271	1	1	1	0.891314	0.0765091	0.621691	0.179448	0.284879	0.25282	0.269623	0.606436	-0.447547	0.853833	0.93125
COG1273	0.9992	1	1	0.845393	0.0829523	0.458502	0.178544	0.126861	0.0926331	0.386891	0.718533	-0.956469	0.333704	0.328125
COG1274	1	1	1	0.839469	0.186995	0.60622	0.302237	0.305875	0.237201	0.233249	0.533594	-0.0207825	0.495025	0.5
COG1275	0.7284	1	1	0.945294	0.0375091	0.811041	0.103416	0.433665	0.167891	0.134254	0.511629	1.37782	0.507737	0.534375
COG1277	1	1	1	0.978593	0.0226724	0.86704	0.152388	0.62211	0.307958	0.111553	0.356483	0.144378	0.996107	1
COG1278	1	1	1	0.0725547	0.122885	0.0127383	0.0268591	0.00171082	0.00396724	0.0598164	0.0708439	-7.74733	0.650609	0.671875
COG1279	0.0103	1	1	0.0535689	0.110542	0.052761	0.109303	0.0108024	0.027404	0.000807893	0.0427665	-3.22825	0.0886112	0.00625
COG1280	1	1	1	0.956121	0.0564779	0.827713	0.172549	0.565451	0.272266	0.128407	0.390669	0.419023	0.982467	1
COG1282	0.1268	1	1	0.00554905	0.0073619	0.0043568	0.00575943	0.000659993	0.000840794	0.00119224	0.00488905	-6.9283	0.0749975	0.003125
COG1283	0.051	1	1	0.040457	0.0944418	0.0374533	0.0884957	0.00664055	0.0177462	0.00300361	0.0338164	-4.60452	0.190421	0.046875
COG1285	0.0001	1	1	0.00313468	0.00801814	0.00313393	0.00801627	0.000284061	0.000765477	7.48085e-07	0.00285062	-7.99186	0.0576181	0
COG1287	1	1	1	0.999965	5.80934e-05	0.999502	0.000790481	0.99411	0.00849434	0.000462294	0.00585449	6.14862	0.987163	1
COG1290	0.9998	1	1	0.209132	0.286134	0.117381	0.255508	0.0721026	0.195764	0.091751	0.137029	-2.55182	0.597494	0.60625
COG1292	0.0273	1	1	0.142508	0.249588	0.138832	0.245093	0.0410033	0.0924743	0.00367546	0.101504	-1.92562	0.164071	0.05625
COG1293	1	1	1	0.99994	0.000137273	0.999167	0.0020141	0.992852	0.0165607	0.000772357	0.00708824	5.53392	0.996477	1
COG1294	0.0539	1	1	0.356943	0.313229	0.342016	0.313024	0.146484	0.248562	0.0149274	0.210459	-1.17504	0.65732	0.728125
COG1295	0.3179	1	1	0.14997	0.293847	0.125908	0.282645	0.0818642	0.231614	0.0240615	0.0681054	-2.93749	0.519838	0.546875
COG1296	0.9463	1	1	0.496216	0.326668	0.257776	0.307472	0.115633	0.237737	0.23844	0.380583	-1.83878	0.690977	0.7125
COG1297	1	1	1	0.618464	0.209156	0.245532	0.199342	0.0491615	0.0549474	0.372933	0.569303	-1.50434	0.469448	0.496875
COG1299	0.0002	1	1	0.0119982	0.0199127	0.0119931	0.0199052	0.00139669	0.00268968	5.06639e-06	0.0106015	-5.11183	0.0432757	0
COG1300	1	1	1	0.999066	0.00086843	0.993499	0.00578612	0.963742	0.0290666	0.00556707	0.0353237	4.48156	0.920692	0.984375
COG1301	0.9894	1	1	0.178772	0.197986	0.0319409	0.0438408	0.00408531	0.0059746	0.146831	0.174687	-5.3523	0.390676	0.3875
COG1303	1	1	1	0.999829	0.0002636	0.997964	0.00278681	0.973693	0.0310882	0.00186479	0.0261359	7.4045	0.867401	0.971875
COG1304	1	1	1	0.999936	5.76177e-05	0.999606	0.000321207	0.997879	0.00165908	0.00033015	0.00205773	6.15332	0.996461	1
COG1305	1	1	1	0.977882	0.0159126	0.872698	0.0739917	0.532083	0.212965	0.105183	0.445799	-0.609069	0.975307	1
COG1308	1	1	1	0.999996	5.60312e-06	0.999913	0.000109097	0.99797	0.00235958	8.28505e-05	0.00202549	8.48567	0.996217	1
COG1309	1	1	1	0.742647	0.179843	0.392654	0.269049	0.177775	0.28459	0.349993	0.564873	-3.20927	0.987418	1
COG1310	1	1	1	0.999904	9.92171e-05	0.999215	0.000921009	0.995028	0.00664735	0.000689089	0.0048759	6.4602	0.996978	1
COG1311	1	1	1	0.999839	0.000210863	0.997392	0.003243	0.958237	0.0475052	0.00244689	0.0416026	6.52011	0.973276	1
COG1312	0.9515	1	1	0.375084	0.184473	0.0912597	0.130693	0.014776	0.0292074	0.283825	0.360308	-2.71548	0.379252	0.39375
COG1313	1	1	1	0.999996	6.91658e-06	0.999944	7.74013e-05	0.999179	0.000939009	5.1856e-05	0.000816584	8.2975	0.962482	0.996875
COG1318	1	1	1	0.96054	0.103687	0.873572	0.239384	0.663282	0.270844	0.0869681	0.297258	4.68575	0.168446	0.121875
COG1319	1	1	1	0.851889	0.156225	0.514642	0.296511	0.225778	0.259353	0.337247	0.626111	-0.757597	0.792486	0.85
COG1320	0.9999	1	1	0.988702	0.0198702	0.960513	0.0705343	0.883748	0.197698	0.0281886	0.104954	2.9277	0.899793	0.953125
COG1321	1	1	1	0.999997	3.06561e-06	0.999969	3.652e-05	0.99976	0.000305573	2.72989e-05	0.00023675	8.23012	0.999218	1
COG1323	0.018	1	1	0.376191	0.343918	0.370619	0.342492	0.129736	0.206588	0.00557116	0.246455	-0.692564	0.00244339	0
COG1324	1	1	1	0.999679	0.000289196	0.997065	0.00259015	0.975696	0.0203784	0.00261396	0.0239832	4.6472	0.945584	1
COG1325	1	1	1	0.999942	0.000100791	0.999381	0.0010032	0.992832	0.0104129	0.000560403	0.00710946	8.77682	0.881329	0.9625
COG1326	0.9116	1	1	0.962048	0.0421018	0.84818	0.136306	0.574679	0.277151	0.113868	0.387369	5.09771	0.75784	0.7875
COG1327	0.9803	1	1	0.0115418	0.0299595	0.00167804	0.00461596	0.000232789	0.000659544	0.00986374	0.011309	-9.79983	0.182751	0.115625
COG1328	1	1	1	0.986553	0.0289574	0.886663	0.169501	0.571474	0.257625	0.0998902	0.415079	0.967897	0.5975	0.571875
COG1331	1	1	1	0.999222	0.000988722	0.994701	0.00759246	0.97003	0.0480346	0.00452024	0.0291915	3.89831	0.998717	1
COG1332	0.7748	1	1	0.996351	0.00250486	0.983021	0.0115715	0.899971	0.0766161	0.0133292	0.0963792	5.80143	0.464565	0.453125
COG1335	1	1	1	0.999654	0.000331986	0.9979	0.00174114	0.988986	0.00714406	0.00175476	0.0106687	3.75121	0.999245	1
COG1336	0.9998	1	1	0.999567	0.000278353	0.996477	0.00374361	0.97445	0.035989	0.00308967	0.0251167	7.03637	0.764678	0.815625
COG1337	1	1	1	0.999905	5.38243e-05	0.99903	0.000631224	0.989596	0.00906249	0.000874281	0.0103086	7.38683	0.831464	0.896875
COG1339	1	1	1	0.999993	1.15181e-05	0.999884	0.000194958	0.997932	0.00343386	0.000109196	0.00206107	9.7457	0.993119	1
COG1340	1	1	1	0.998885	0.000920214	0.987216	0.011548	0.895815	0.100328	0.0116686	0.10307	5.27416	0.943962	0.990625
COG1341	1	1	1	0.947921	0.0324362	0.696987	0.117336	0.253168	0.102753	0.250933	0.694752	3.5611	0.25872	0.165625
COG1342	1	1	1	0.999689	0.000695134	0.996396	0.00684972	0.960525	0.0571391	0.00329274	0.0391638	5.04928	0.811763	0.8875
COG1343	1	1	1	1	1.34606e-07	0.999998	1.02096e-06	0.999984	1.50455e-05	1.43051e-06	1.58548e-05	12.7061	0.996266	1
COG1346	0.3617	1	1	0.469875	0.339074	0.34898	0.310283	0.0989097	0.126228	0.120895	0.370965	-0.878453	0.246023	0.15625
COG1348	0.6509	1	1	0.991016	0.00802289	0.961983	0.03261	0.786448	0.164874	0.0290328	0.204568	3.38606	0.656914	0.690625
COG1350	1	1	1	0.999997	2.73052e-06	0.999964	3.27023e-05	0.999537	0.000492211	3.3021e-05	0.000459969	8.97422	0.982195	1
COG1351	1	1	1	0.967865	0.0517258	0.83105	0.233864	0.607836	0.31422	0.136814	0.360028	0.961273	0.681344	0.709375
COG1352	1	1	1	0.959844	0.0341004	0.79996	0.176027	0.526929	0.309766	0.159884	0.432915	0.449514	0.948073	0.975
COG1353	1	1	1	0.999999	2.09356e-06	0.999994	1.25755e-05	0.999968	7.07582e-05	4.88758e-06	3.06368e-05	12.8689	0.95523	0.971875
COG1354	1	1	1	0.797866	0.154902	0.525448	0.306837	0.280166	0.364993	0.272418	0.5177	-2.40457	0.920827	0.9625
COG1355	1	1	1	0.999998	2.96469e-06	0.999974	4.79386e-05	0.999492	0.000872485	2.48551e-05	0.000506163	8.9417	0.9884	1
COG1356	1	1	1	0.985202	0.0286562	0.911791	0.140528	0.703282	0.24383	0.073411	0.28192	6.3692	0.600526	0.565625
COG1357	1	1	1	0.524177	0.236438	0.177049	0.274005	0.0910877	0.244314	0.347128	0.43309	-1.45536	0.683665	0.709375
COG1358	1	1	1	0.999935	0.000129997	0.99901	0.00158748	0.985009	0.0190658	0.000924766	0.0149263	5.17792	0.965692	1
COG1359	1	1	1	0.396745	0.23732	0.134737	0.273352	0.081182	0.23076	0.262008	0.315563	-2.0554	0.711362	0.734375
COG1361	1	1	1	0.997618	0.00351732	0.975971	0.0292926	0.842551	0.131487	0.0216471	0.155067	2.03229	0.952761	0.990625
COG1363	1	1	1	0.99989	0.000150237	0.998973	0.00125801	0.993224	0.00665995	0.000917554	0.00666612	5.73602	0.991589	1
COG1364	0.947	1	1	0.904074	0.0987943	0.716406	0.217328	0.435687	0.26443	0.187668	0.468387	-0.814173	0.528191	0.53125
COG1365	0.6762	1	1	0.829248	0.30615	0.736353	0.34307	0.43236	0.267399	0.0928956	0.396888	3.02536	0.104608	0.059375
COG1366	0.034	1	1	0.0585775	0.158377	0.0563595	0.153071	0.0143309	0.0414822	0.00221805	0.0442466	-4.63544	0.280664	0.18125
COG1367	0.5108	1	1	0.992258	0.00655957	0.977883	0.019211	0.872142	0.118369	0.0143749	0.120116	5.45408	0.581714	0.628125
COG1369	1	1	1	0.999809	0.000355558	0.997724	0.00415796	0.972624	0.0452955	0.00208545	0.0271856	7.48244	0.889117	0.953125
COG1370	1	1	1	0.982718	0.0418286	0.921984	0.149561	0.741408	0.260644	0.0607343	0.24131	5.41476	0.790501	0.875
COG1371	1	1	1	1	2.6656e-08	0.999999	6.64264e-07	0.999977	2.77112e-05	5.96046e-07	2.27094e-05	12.7873	0.998704	1
COG1372	1	1	1	0.920378	0.0443129	0.526995	0.153771	0.119053	0.101789	0.393384	0.801326	-0.0160087	0.714198	0.675
COG1373	1	1	1	0.999356	0.000482875	0.991621	0.00548904	0.912296	0.053371	0.00773466	0.0870601	2.79065	0.875712	0.975
COG1374	1	1	1	0.991277	0.0241224	0.948292	0.137513	0.869448	0.257261	0.042985	0.12183	6.62186	0.403713	0.39375
COG1378	1	1	1	0.999358	0.000931535	0.99076	0.0124205	0.900859	0.109853	0.00859821	0.0984988	4.1012	0.994937	1
COG1379	1	1	1	0.984543	0.0234914	0.868101	0.149042	0.489082	0.246363	0.116442	0.495461	2.18226	0.46058	0.459375
COG1380	0.3617	1	1	0.494238	0.327829	0.360884	0.294397	0.0916237	0.108839	0.133355	0.402615	-0.947712	0.252859	0.175
COG1382	1	1	1	0.999964	4.10163e-05	0.999343	0.00064062	0.986563	0.0113237	0.000620663	0.0134007	7.69205	0.961015	1
COG1383	1	1	1	0.999855	0.000187265	0.997973	0.00239249	0.969666	0.0307479	0.00188166	0.0301884	7.0505	0.87512	0.971875
COG1384	1	1	1	0.999164	0.00091295	0.988104	0.0176671	0.902295	0.137349	0.0110601	0.0968684	3.62556	0.926383	0.984375
COG1386	1	1	1	0.514683	0.288799	0.30189	0.348415	0.194646	0.347961	0.212794	0.320037	-2.85649	0.657299	0.6875
COG1387	1	1	1	0.999619	0.00104403	0.995847	0.011239	0.975839	0.0596627	0.00377172	0.02378	3.61118	0.98339	1
COG1389	1	1	1	0.999913	0.000136427	0.998406	0.00264361	0.971446	0.0477135	0.00150663	0.0284675	6.22005	0.969287	1
COG1390	1	1	1	0.999962	3.38709e-05	0.99951	0.000456267	0.994893	0.00557833	0.000452101	0.00506836	6.86431	0.970235	1
COG1392	1	1	1	0.999694	0.000352137	0.997919	0.00192127	0.988404	0.00934669	0.00177497	0.0112894	5.05872	0.939923	0.996875
COG1394	1	1	1	0.999994	4.86343e-06	0.999918	5.52641e-05	0.999104	0.000629943	7.58171e-05	0.000889778	8.42471	0.997615	1
COG1395	1	1	1	0.999975	4.66677e-05	0.999809	0.000320352	0.998584	0.00211892	0.000165641	0.00139076	8.8777	0.993943	1
COG1396	0.274	1	1	0.0989234	0.267412	0.0882187	0.24971	0.0406467	0.120631	0.0107047	0.0582767	-4.71365	0.40405	0.36875
COG1397	1	1	1	0.990675	0.00777043	0.928819	0.0545666	0.659564	0.21908	0.0618568	0.331111	1.18809	0.966794	1
COG1400	1	1	1	0.99994	0.000149724	0.999533	0.00108774	0.996024	0.00829128	0.0004071	0.00391597	9.42643	0.963476	0.99375
COG1401	1	1	1	0.979151	0.0175284	0.850025	0.105393	0.493066	0.277638	0.129126	0.486085	1.57474	0.800973	0.859375
COG1402	1	1	1	0.99728	0.00261292	0.981469	0.0178328	0.899409	0.0954194	0.0158114	0.0978719	3.04585	0.992176	1
COG1403	0.8304	1	1	0.56203	0.236326	0.278226	0.299356	0.135628	0.291813	0.283803	0.426402	-2.58846	0.929732	0.990625
COG1404	1	1	1	0.94594	0.0498914	0.697692	0.197971	0.324635	0.314365	0.248248	0.621305	-1.51647	0.991004	1
COG1405	1	1	1	1	1.3592e-07	0.999998	2.98142e-06	0.999954	8.38522e-05	1.60933e-06	4.6134e-05	13.2094	0.990496	1
COG1407	1	1	1	0.999884	0.000128704	0.998831	0.00100338	0.987791	0.00910916	0.00105226	0.0120922	5.99763	0.959945	1
COG1408	0.9997	1	1	0.760484	0.257591	0.423573	0.299757	0.156793	0.206671	0.33691	0.603691	-1.66505	0.55119	0.546875
COG1409	1	1	1	0.918698	0.0991943	0.683695	0.263766	0.381827	0.324098	0.235003	0.536871	-1.18185	0.982949	1
COG1410	0.9993	1	1	0.806499	0.0815975	0.347994	0.136481	0.0704294	0.0491889	0.458505	0.736069	-1.76931	0.546182	0.54375
COG1411	1	1	1	0.999132	0.00171389	0.993345	0.0123956	0.955002	0.0688887	0.0057863	0.04413	6.63167	0.756162	0.821875
COG1412	1	1	1	0.999981	1.35876e-05	0.999658	0.000229158	0.992769	0.0058909	0.000322819	0.00721186	8.31029	0.980774	1
COG1413	1	1	1	0.876526	0.0782814	0.536429	0.252672	0.242255	0.282711	0.340097	0.63427	-0.687604	0.947526	0.990625
COG1414	0.0129	1	1	0.213296	0.297572	0.211138	0.297373	0.115656	0.27699	0.00215743	0.0976393	-1.79983	0.735929	0.828125
COG1415	1	1	1	0.999433	0.00152753	0.994596	0.0138575	0.959719	0.0892633	0.00483674	0.0397139	6.08108	0.708393	0.734375
COG1416	0.9924	1	1	0.983534	0.0161781	0.889578	0.122796	0.640057	0.257741	0.093956	0.343476	2.52448	0.677936	0.690625
COG1417	0.8749	1	1	0.987145	0.0179107	0.948106	0.0722157	0.830672	0.208128	0.0390384	0.156472	7.80301	0.181151	0.08125
COG1418	1	1	1	0.996446	0.00473112	0.959557	0.0491281	0.749133	0.202686	0.0368888	0.247313	0.491253	0.988377	1
COG1421	0.7604	1	1	0.989637	0.0165584	0.956669	0.0660041	0.823962	0.181113	0.0329685	0.165675	5.26479	0.360697	0.31875
COG1422	1	1	1	0.994785	0.00491708	0.95461	0.0391615	0.749714	0.178967	0.0401749	0.245071	4.32589	0.801597	0.8875
COG1423	0.9757	1	1	0.998415	0.00131596	0.98851	0.00942711	0.928127	0.0660509	0.00990433	0.0702878	5.9208	0.905486	0.984375
COG1424	0.0018	1	1	0.600654	0.188388	0.599864	0.188441	0.201413	0.133003	0.000790656	0.399241	3.04057	0.0100928	0
COG1427	0.9933	1	1	0.940292	0.0957071	0.760938	0.250026	0.473212	0.303138	0.179354	0.46708	1.89894	0.214082	0.1375
COG1429	0.9794	1	1	0.995543	0.00376294	0.968595	0.0298034	0.870238	0.117697	0.0269478	0.125304	3.24771	0.835781	0.921875
COG1430	0.9997	1	1	0.870343	0.147134	0.594889	0.297363	0.284114	0.242949	0.275453	0.586228	-0.575205	0.743903	0.7875
COG1431	0.9531	1	1	0.981024	0.0102776	0.849067	0.0822949	0.43325	0.23197	0.131957	0.547774	3.16449	0.78403	0.896875
COG1432	1	1	1	0.986711	0.0160338	0.909671	0.0989513	0.674162	0.260104	0.0770399	0.312549	0.699527	0.986058	1
COG1433	1	1	1	0.999983	3.18075e-05	0.99973	0.000432482	0.99668	0.00404472	0.000253201	0.00330311	6.80881	0.992192	1
COG1434	0.402	1	1	0.00391354	0.00884594	0.00147926	0.00348572	0.000136951	0.000347207	0.00243427	0.00377659	-9.02875	0.0694455	0.009375
COG1435	1	1	1	0.0131413	0.0285478	0.000989461	0.00200812	7.69496e-05	0.000136358	0.0121518	0.0130643	-8.9914	0.13247	0.059375
COG1436	1	1	1	0.999796	0.000310008	0.996486	0.00583718	0.965065	0.0580844	0.00330955	0.0347307	5.02162	0.966428	1
COG1437	1	1	1	0.999978	2.07507e-05	0.999621	0.000378829	0.993396	0.00665803	0.000357687	0.00658196	6.80618	0.985583	1
COG1439	1	1	1	0.999994	4.61973e-06	0.99991	8.48958e-05	0.998397	0.00182772	8.42214e-05	0.00159711	9.95011	0.993788	1
COG1443	1	1	1	0.259604	0.343182	0.127374	0.240898	0.0354997	0.0738191	0.132229	0.224104	-2.28122	0.445997	0.48125
COG1444	1	1	1	0.992288	0.00690147	0.953221	0.0350887	0.791566	0.106429	0.039067	0.200722	4.05537	0.729412	0.746875
COG1445	0.0002	1	1	0.0824708	0.0617238	0.0824335	0.0617018	0.00769238	0.00774015	3.73572e-05	0.0747785	-1.24279	0.051784	0
COG1446	1	1	1	0.970141	0.0400524	0.843151	0.163108	0.544994	0.252222	0.12699	0.425147	1.67471	0.913778	0.990625
COG1449	1	1	1	0.999731	0.000392233	0.99573	0.00693016	0.943718	0.097477	0.00400072	0.0560133	4.27785	0.907291	0.971875
COG1451	1	1	1	0.733576	0.267183	0.435142	0.317184	0.168099	0.240094	0.298434	0.565477	-2.29817	0.818131	0.896875
COG1453	1	1	1	0.954093	0.0327229	0.712293	0.16239	0.274257	0.164076	0.2418	0.679836	0.158801	0.661815	0.646875
COG1454	1	1	1	0.975783	0.0240775	0.878175	0.111239	0.613969	0.277691	0.0976076	0.361814	0.253217	0.990631	1
COG1456	1	1	1	0.999991	7.8954e-06	0.999857	0.000126847	0.997437	0.0025569	0.000134408	0.00255388	8.79052	0.948403	0.990625
COG1457	0.9999	1	1	0.989248	0.00536625	0.928126	0.0390209	0.689747	0.152376	0.0611216	0.2995	2.10578	0.624041	0.621875
COG1458	0.9759	1	1	0.999908	0.000131002	0.999364	0.000813391	0.995769	0.00473996	0.000543296	0.00413913	9.77131	0.877655	0.934375
COG1460	1	1	1	0.999938	0.000115543	0.999241	0.00134211	0.989867	0.0156372	0.000697613	0.0100716	8.22024	0.911125	0.984375
COG1465	1	1	1	0.970068	0.0356106	0.841459	0.162893	0.55771	0.296525	0.128609	0.412358	3.86069	0.850596	0.9375
COG1467	1	1	1	0.999998	1.60855e-06	0.999975	2.69073e-05	0.999546	0.000530496	2.3365e-05	0.000452697	11.0445	0.997966	1
COG1468	1	1	1	1	4.18508e-07	0.999995	7.62735e-06	0.999928	0.000119957	4.58956e-06	7.12276e-05	10.9542	0.99828	1
COG1469	1	1	1	0.999073	0.00141764	0.992306	0.0131672	0.956148	0.0736914	0.00676727	0.0429252	4.58159	0.961132	0.996875
COG1470	1	1	1	0.949928	0.0511836	0.75786	0.175971	0.385681	0.311569	0.192069	0.564247	0.0420114	0.883547	0.959375
COG1471	1	1	1	0.999926	0.000121479	0.999091	0.00156469	0.987742	0.0205623	0.000835061	0.0121844	7.71056	0.874087	0.959375
COG1472	0.9982	1	1	0.198971	0.282808	0.100347	0.257377	0.0575877	0.167936	0.0986233	0.141383	-3.71326	0.615353	0.590625
COG1473	1	1	1	0.943757	0.0507226	0.760143	0.182818	0.450048	0.305779	0.183615	0.493709	-0.494161	0.988634	1
COG1474	1	1	1	0.999963	4.32657e-05	0.999551	0.000525697	0.993999	0.0077463	0.000412345	0.00596398	6.95787	0.998834	1
COG1475	1	1	1	0.998411	0.0018579	0.984307	0.0236988	0.880213	0.165484	0.0141039	0.118198	-0.165535	0.972831	1
COG1476	1	1	1	0.895138	0.119212	0.538144	0.263302	0.1995	0.272839	0.356994	0.695639	-1.85093	0.868242	0.975
COG1477	0.325	1	1	0.0968792	0.269316	0.0848797	0.244776	0.0424114	0.126266	0.0119995	0.0544679	-3.3479	0.248633	0.1375
COG1478	1	1	1	0.99999	1.16362e-05	0.999829	0.000195504	0.997084	0.00336032	0.000161469	0.00290674	7.03592	0.991416	1
COG1479	0.9667	1	1	0.980472	0.0141166	0.856948	0.111026	0.49665	0.263499	0.123525	0.483823	0.828042	0.876399	0.99375
COG1482	0.0044	1	1	0.0616575	0.140214	0.061312	0.139598	0.0128391	0.0333993	0.00034542	0.0488183	-3.7814	0.0753538	0.003125
COG1483	1	1	1	0.998059	0.00105535	0.982685	0.0094316	0.87618	0.0805385	0.0153739	0.121879	4.49875	0.90859	0.9875
COG1484	0.0128	1	1	0.142088	0.255434	0.140326	0.254286	0.0448641	0.116811	0.00176191	0.0972235	-3.04933	0.429766	0.403125
COG1486	1	1	1	0.75045	0.14752	0.31768	0.245118	0.109275	0.22793	0.43277	0.641175	-0.748606	0.67894	0.68125
COG1487	1	1	1	0.999545	0.0004871	0.996442	0.00327693	0.976241	0.0176135	0.00310296	0.0233049	4.29716	0.988945	1
COG1488	1	1	1	0.999622	0.000950788	0.99777	0.00542446	0.992588	0.0169288	0.00185275	0.00703412	4.56339	0.997843	1
COG1489	1	1	1	0.998493	0.00127557	0.986027	0.013752	0.906222	0.0955829	0.0124665	0.0922715	3.43567	0.838825	0.925
COG1491	1	1	1	0.999948	0.000135471	0.999329	0.00171472	0.99102	0.0219407	0.000618279	0.00892752	8.03134	0.899582	0.984375
COG1492	1	1	1	0.998881	0.0013723	0.995137	0.00420618	0.979222	0.0166993	0.00374436	0.019659	4.59201	0.960568	0.990625
COG1493	0.9993	1	1	0.0247937	0.0461549	0.00374683	0.00760373	0.000545102	0.00113594	0.0210469	0.0242486	-7.39746	0.0929719	0.0125
COG1494	0.9434	1	1	0.411124	0.217185	0.176722	0.252281	0.0848515	0.206892	0.234402	0.326273	-1.57023	0.396209	0.38125
COG1495	0.1079	1	1	0.00155755	0.00257029	0.00124669	0.00204913	0.000177592	0.000313174	0.000310862	0.00137996	-7.95893	0.0116042	0
COG1497	0.9899	1	1	0.997893	0.00267749	0.978513	0.0319335	0.864308	0.167401	0.0193797	0.133585	6.70564	0.837116	0.9
COG1498	1	1	1	0.99996	5.89183e-05	0.999422	0.00072902	0.990527	0.0103079	0.000537694	0.00943261	8.09355	0.953513	1
COG1499	1	1	1	0.999997	4.8658e-06	0.999914	0.000135438	0.997586	0.00419119	8.23736e-05	0.00241089	9.17196	0.977554	1
COG1500	1	1	1	0.999985	3.26061e-05	0.999761	0.000477836	0.995846	0.00749734	0.000223517	0.00413835	8.81085	0.922865	0.99375
COG1501	0.9998	1	1	0.776484	0.10748	0.320261	0.233661	0.106107	0.220554	0.456223	0.670376	-1.32246	0.652029	0.64375
COG1502	1	1	1	0.544842	0.226641	0.202026	0.278692	0.106577	0.2753	0.342815	0.438265	-2.85088	0.858924	0.9375
COG1503	1	1	1	1	7.57706e-07	0.999991	1.5568e-05	0.999801	0.000357382	8.76188e-06	0.000198066	10.1563	0.999369	1
COG1504	1	1	1	0.995917	0.00360146	0.952949	0.0308024	0.658745	0.149506	0.042968	0.337172	4.14966	0.632441	0.56875
COG1505	1	1	1	0.678243	0.198241	0.254148	0.160866	0.0525062	0.0598933	0.424096	0.625737	-1.56521	0.488033	0.509375
COG1506	1	1	1	0.969802	0.0296719	0.840173	0.138988	0.536602	0.261023	0.129628	0.433199	0.411016	0.965044	1
COG1509	1	1	1	0.914766	0.0776705	0.638991	0.202856	0.282672	0.261667	0.275775	0.632094	-0.214798	0.685937	0.678125
COG1510	1	1	1	0.928331	0.0589696	0.658208	0.18836	0.278922	0.23224	0.270123	0.649409	0.691825	0.638259	0.603125
COG1511	0.0007	1	1	0.0928169	0.0463079	0.0926839	0.0462436	0.0104425	0.00535974	0.000132911	0.0823744	-4.12849	0.0711046	0
COG1514	1	1	1	0.999999	2.37605e-06	0.999986	2.02374e-05	0.999897	0.000142743	1.22786e-05	0.000101686	9.10551	0.999864	1
COG1515	1	1	1	0.999877	0.000115056	0.998814	0.000838919	0.990209	0.00649741	0.0010637	0.00966787	6.54966	0.992836	1
COG1517	1	1	1	0.998222	0.00241989	0.983016	0.0216637	0.880417	0.124294	0.0152062	0.117805	6.02138	0.551985	0.559375
COG1518	1	1	1	1	3.00398e-07	0.999998	1.72576e-06	0.999983	1.22457e-05	1.90735e-06	1.71661e-05	12.0459	0.995088	1
COG1520	1	1	1	0.956479	0.0330678	0.804726	0.11582	0.468245	0.220672	0.151753	0.488234	-0.525331	0.967371	1
COG1522	1	1	1	0.999856	0.000215455	0.999191	0.00109827	0.996149	0.00486355	0.00066483	0.00370705	4.89221	0.999793	1
COG1523	0.427	1	1	0.19596	0.26579	0.130177	0.269096	0.0737424	0.209051	0.0657834	0.122218	-2.15547	0.41226	0.409375
COG1524	1	1	1	0.953316	0.0429401	0.762653	0.14759	0.371224	0.230105	0.190663	0.582092	-0.384334	0.915489	0.996875
COG1525	1	1	1	0.758949	0.20432	0.395794	0.245087	0.124325	0.15896	0.363155	0.634625	-1.6636	0.65886	0.646875
COG1526	1	1	1	0.999373	0.00062546	0.996282	0.00387011	0.982426	0.0227809	0.00309116	0.0169472	4.4834	0.947269	0.99375
COG1527	1	1	1	0.999987	1.49932e-05	0.999773	0.000296445	0.997429	0.00348196	0.00021404	0.00255823	7.64799	0.988416	1
COG1528	1	1	1	0.990741	0.013052	0.934911	0.0733264	0.691314	0.228442	0.0558304	0.299427	2.24259	0.849973	0.921875
COG1529	1	1	1	0.768873	0.217525	0.475159	0.305226	0.206342	0.282133	0.293715	0.562531	-1.1655	0.888613	0.925
COG1530	1	1	1	0.999826	0.000193433	0.998947	0.00118901	0.99483	0.00583003	0.000879288	0.00499558	4.51488	0.987175	1
COG1531	1	1	1	0.998729	0.00274646	0.988556	0.0231273	0.925755	0.119524	0.0101732	0.0729737	6.97858	0.557974	0.55
COG1532	0.7021	1	1	0.996672	0.00388541	0.983392	0.0168301	0.870499	0.105107	0.0132802	0.126172	5.89941	0.513946	0.509375
COG1533	1	1	1	0.999662	0.0002281	0.997609	0.00148407	0.984906	0.00733477	0.00205237	0.0147562	4.20117	0.982218	1
COG1534	1	1	1	0.965637	0.0443203	0.821713	0.195891	0.550113	0.306173	0.143924	0.415524	0.594256	0.852041	0.9125
COG1537	1	1	1	0.999981	1.88759e-05	0.999667	0.000356528	0.993424	0.00743342	0.000314593	0.00655687	8.01002	0.994086	1
COG1540	0.9529	1	1	0.91437	0.0694935	0.691343	0.188439	0.387696	0.303061	0.223027	0.526674	0.450743	0.671685	0.728125
COG1541	1	1	1	0.998802	0.000961165	0.993031	0.00496742	0.965177	0.0250572	0.00577092	0.0336248	3.41207	0.991365	1
COG1542	0.4766	1	1	0.884799	0.220529	0.811301	0.246983	0.487477	0.221416	0.0734981	0.397322	5.24642	0.0402363	0
COG1543	0.6369	1	1	0.748031	0.142807	0.50017	0.201968	0.160333	0.14975	0.247861	0.587698	0.562798	0.184263	0.078125
COG1545	1	1	1	0.999998	3.59357e-06	0.999981	2.19005e-05	0.999825	0.000160407	1.71661e-05	0.000172377	9.97056	0.999741	1
COG1546	0.991	1	1	0.0105832	0.0130507	0.00126975	0.00156176	0.000141755	0.000178992	0.0093135	0.0104415	-8.68879	0.205963	0.096875
COG1547	0.8085	1	1	0.50876	0.296039	0.283873	0.281266	0.113022	0.192172	0.224887	0.395738	-0.114098	0.495531	0.5
COG1548	1	1	1	0.999734	0.000370878	0.998103	0.00242503	0.986296	0.0158304	0.00163066	0.0134379	7.55096	0.740903	0.815625
COG1549	1	1	1	0.999983	3.1874e-05	0.999838	0.000299551	0.998384	0.00275576	0.000145614	0.00159907	11.0067	0.987283	1
COG1552	0.0193	1	1	0.993105	0.00682093	0.992772	0.00712221	0.921525	0.0624699	0.000332117	0.0715793	6.35824	0.809638	0.953125
COG1553	1	1	1	0.999457	0.000701182	0.99485	0.00589064	0.956513	0.0542558	0.00460744	0.0429444	4.75898	0.927812	0.990625
COG1554	0.961	1	1	0.660305	0.156917	0.234942	0.184378	0.0485179	0.06619	0.425362	0.611787	-1.74777	0.361835	0.421875
COG1556	0.0005	1	1	0.529238	0.237992	0.529039	0.238046	0.225827	0.246129	0.000199497	0.303411	0.179632	0.602045	0.66875
COG1562	1	1	1	0.287557	0.283585	0.143326	0.285911	0.102913	0.281563	0.14423	0.184644	-1.77012	0.670868	0.690625
COG1563	1	1	1	0.935948	0.121289	0.727442	0.274396	0.473978	0.351429	0.208506	0.46197	2.41677	0.43582	0.465625
COG1567	0.7785	1	1	0.996825	0.00277284	0.985645	0.0117835	0.916975	0.0649188	0.0111797	0.0798499	5.9067	0.547791	0.5875
COG1568	1	1	1	0.993064	0.00864016	0.938812	0.0694314	0.7168	0.239293	0.0542516	0.276264	4.60181	0.578055	0.603125
COG1569	1	1	1	0.957034	0.0246134	0.728408	0.115329	0.284482	0.162247	0.228627	0.672552	0.263698	0.669687	0.634375
COG1570	0.2622	1	1	0.0139399	0.0380754	0.00904513	0.0250179	0.00133672	0.00375596	0.00489481	0.0126032	-8.24577	0.222214	0.10625
COG1571	1	1	1	0.999998	2.91892e-06	0.999975	4.57387e-05	0.999687	0.000673753	2.32458e-05	0.000310779	11.1744	0.998151	1
COG1572	0.3419	1	1	0.941623	0.0371973	0.892105	0.0630911	0.558621	0.179907	0.0495175	0.383002	1.3426	0.836803	0.953125
COG1573	1	1	1	0.997368	0.00378612	0.976312	0.0258732	0.884152	0.0992416	0.021056	0.113216	0.983717	0.987933	0.996875
COG1574	1	1	1	0.972412	0.0203465	0.841468	0.11398	0.520721	0.267176	0.130944	0.451691	0.304382	0.974808	1
COG1575	1	1	1	0.776348	0.175586	0.437191	0.270111	0.193405	0.281105	0.339157	0.582943	-0.523036	0.902504	0.96875
COG1576	0.3491	1	1	0.00216117	0.00548038	0.000982144	0.00251477	9.45002e-05	0.000241897	0.00117902	0.00206667	-9.94828	0.0219853	0
COG1577	1	1	1	0.999825	0.000325624	0.99812	0.00335907	0.984156	0.0264815	0.00170547	0.0156688	6.12689	0.98543	1
COG1578	1	1	1	0.999961	3.18796e-05	0.999624	0.000282293	0.99638	0.00311353	0.000336647	0.00358051	7.87573	0.928575	0.996875
COG1581	1	1	1	0.998088	0.00565021	0.979376	0.0606159	0.91687	0.229235	0.0187121	0.0812175	5.82856	0.529189	0.53125
COG1583	0.9938	1	1	0.999733	0.000302996	0.997039	0.00316431	0.968261	0.0363876	0.00269455	0.0314723	6.56403	0.808278	0.896875
COG1584	1	1	1	0.970085	0.018518	0.791715	0.114266	0.396126	0.218667	0.17837	0.573959	1.89543	0.692349	0.703125
COG1585	1	1	1	0.818249	0.185488	0.499866	0.295824	0.191876	0.223636	0.318383	0.626374	-1.37565	0.834855	0.93125
COG1586	1	1	1	0.998712	0.00176335	0.985607	0.0213499	0.901204	0.129953	0.0131045	0.0975075	3.32661	0.724761	0.728125
COG1587	0.9999	1	1	0.959438	0.0481572	0.827787	0.133995	0.523885	0.223514	0.131651	0.435552	0.462623	0.809303	0.896875
COG1588	1	1	1	0.999515	0.0011291	0.99502	0.0109397	0.95276	0.0846961	0.00449568	0.0467556	6.60053	0.815976	0.890625
COG1590	1	1	1	0.950714	0.141571	0.891749	0.26659	0.78933	0.314423	0.0589653	0.161384	5.79885	0.112258	0.040625
COG1591	1	1	1	0.997722	0.00347144	0.968861	0.0429483	0.764613	0.235406	0.0288607	0.233109	4.61196	0.704962	0.725
COG1592	1	1	1	0.999996	9.03654e-06	0.999938	0.000121335	0.999122	0.0016653	5.75781e-05	0.000873923	7.28598	0.982782	1
COG1594	1	1	1	0.999874	0.000244658	0.998004	0.00375146	0.971443	0.0494125	0.00186986	0.0284311	5.69788	0.982682	1
COG1595	0.0004	1	1	0.00821107	0.0245228	0.00820455	0.0245033	0.00101196	0.0030295	6.52112e-06	0.00719911	-8.73678	0.211869	0.0875
COG1597	0.999	1	1	0.159106	0.306851	0.0992113	0.277655	0.0596491	0.177336	0.0598948	0.099457	-3.29528	0.591511	0.553125
COG1598	1	1	1	0.999485	0.000904075	0.995302	0.00754854	0.965222	0.0471176	0.00418252	0.0342625	4.03347	0.977209	1
COG1599	1	1	1	1	6.38911e-07	0.999996	9.58336e-06	0.999926	0.00015439	3.8147e-06	7.4029e-05	12.8237	0.991295	1
COG1600	1	1	1	0.995374	0.00407834	0.975837	0.0186019	0.87843	0.0837204	0.0195376	0.116944	1.92468	0.977431	1
COG1601	1	1	1	0.99999	1.44456e-05	0.999847	0.000189817	0.997438	0.00276707	0.000142574	0.00255185	9.30094	0.933292	0.996875
COG1602	1	1	1	0.999968	4.57488e-05	0.999551	0.000572392	0.992381	0.00856767	0.000417292	0.00758702	8.26007	0.982859	1
COG1603	1	1	1	0.999877	0.000333274	0.998544	0.00393521	0.983721	0.0431492	0.00133288	0.0161555	8.20914	0.900801	0.953125
COG1604	0.9991	1	1	0.998995	0.000549112	0.991986	0.0061229	0.948107	0.0546815	0.00700933	0.0508882	6.50169	0.663708	0.73125
COG1605	1	1	1	0.957545	0.0228116	0.75758	0.10216	0.327106	0.135851	0.199965	0.63044	0.0525122	0.774992	0.85625
COG1606	1	1	1	0.999561	0.00110701	0.996934	0.00685678	0.978358	0.045355	0.00262749	0.0212032	4.94912	0.995159	1
COG1607	0.9999	1	1	0.416051	0.319763	0.184186	0.275447	0.092801	0.22868	0.231866	0.323251	-1.97501	0.67731	0.69375
COG1608	1	1	1	0.999981	2.43505e-05	0.999616	0.000537269	0.991737	0.0123642	0.000365138	0.00824422	7.91987	0.991425	1
COG1611	1	1	1	0.872668	0.163761	0.67114	0.287492	0.413128	0.336978	0.201528	0.45954	-1.18463	0.875085	0.95625
COG1612	0.9996	1	1	0.00237072	0.00673534	0.000640589	0.00183965	0.000168365	0.000485422	0.00173013	0.00220236	-8.51133	0.0079652	0
COG1614	1	1	1	0.999944	7.61811e-05	0.999327	0.000714116	0.990693	0.0075841	0.000617027	0.00925028	7.48661	0.88527	0.953125
COG1615	1	1	1	0.952616	0.0699159	0.790095	0.202339	0.435763	0.244621	0.162521	0.516854	1.17418	0.611354	0.603125
COG1617	1	1	1	0.999636	0.000264388	0.996723	0.00242972	0.968458	0.0290701	0.00291288	0.0311782	7.65818	0.9069	0.9875
COG1618	1	1	1	0.999941	9.90048e-05	0.999391	0.00091193	0.994024	0.0079072	0.000549495	0.0059163	7.32404	0.91136	1
COG1619	0.9997	1	1	0.292982	0.250152	0.0666072	0.108321	0.0100582	0.0213033	0.226375	0.282924	-3.86367	0.377072	0.421875
COG1620	1	1	1	0.825084	0.101426	0.424207	0.239792	0.14947	0.208621	0.400878	0.675614	-0.369484	0.690225	0.696875
COG1621	0.0004	1	1	0.07604	0.194028	0.0760101	0.193973	0.0197033	0.0564129	2.98992e-05	0.0563367	-3.07543	0.348382	0.2625
COG1622	1	1	1	0.105485	0.288487	0.087603	0.257992	0.0578625	0.172956	0.0178825	0.047623	-2.89606	0.536878	0.565625
COG1624	0.8189	1	1	0.995076	0.0138927	0.974553	0.0707328	0.905303	0.232583	0.0205233	0.0897728	2.62671	0.914784	0.94375
COG1625	0.5042	1	1	0.978104	0.0229758	0.937788	0.0608776	0.688913	0.236759	0.0403156	0.289192	2.33347	0.392383	0.35
COG1627	0.4834	1	1	0.780552	0.327894	0.731015	0.343262	0.585323	0.335538	0.0495372	0.195228	5.7846	0.105206	0.0625
COG1628	1	1	1	0.999998	2.91795e-06	0.999958	5.76417e-05	0.999153	0.00130193	3.96371e-05	0.000844479	10.5832	0.997048	1
COG1630	1	1	1	0.999911	0.000123641	0.998716	0.00176804	0.982392	0.0244622	0.00119573	0.0175191	7.01754	0.926373	0.996875
COG1631	1	1	1	0.99978	0.000499103	0.997308	0.0057365	0.967639	0.0577251	0.00247192	0.0321411	6.81615	0.889111	0.971875
COG1632	1	1	1	0.999934	0.000129528	0.999068	0.00176904	0.985972	0.0237993	0.000866115	0.0139623	7.60015	0.897997	0.984375
COG1633	1	1	1	0.998227	0.00107775	0.987756	0.0107989	0.928109	0.080923	0.0104713	0.0701176	2.87699	0.952011	0.996875
COG1634	1	1	1	0.999811	0.00029288	0.998546	0.00203192	0.987421	0.0155432	0.00126499	0.0123901	8.55383	0.925044	0.996875
COG1635	1	1	1	0.999109	0.000805997	0.990101	0.00700151	0.903155	0.0628173	0.00900793	0.0959541	5.37998	0.793351	0.859375
COG1637	1	1	1	0.99527	0.00501529	0.957376	0.0484714	0.776178	0.21654	0.0378941	0.219092	2.6349	0.894256	0.99375
COG1640	0.9913	1	1	0.501415	0.29963	0.173271	0.255442	0.0648083	0.163266	0.328144	0.436606	-2.43344	0.543742	0.53125
COG1641	1	1	1	0.999895	0.000280347	0.999191	0.00204515	0.994938	0.0117947	0.00070399	0.00495666	6.37667	0.997109	1
COG1644	1	1	1	0.999685	0.000687878	0.995847	0.00869229	0.950639	0.0843635	0.00383765	0.0490462	6.32667	0.785514	0.878125
COG1645	1	1	1	0.999147	0.000902914	0.98982	0.0100873	0.902612	0.0758864	0.00932652	0.096535	4.86638	0.899482	0.98125
COG1646	1	1	1	0.999881	0.000154276	0.998156	0.00269877	0.976435	0.0366701	0.00172496	0.0234458	6.43337	0.956234	1
COG1648	0.9991	1	1	0.9989	0.00133961	0.990609	0.011828	0.932737	0.0865376	0.00829124	0.0661631	4.15689	0.940862	0.990625
COG1649	0.9423	1	1	0.310953	0.263338	0.115968	0.239605	0.0448801	0.123201	0.194985	0.266073	-1.77236	0.428997	0.459375
COG1650	1	1	1	0.999696	0.000492521	0.996011	0.00564005	0.948751	0.0508991	0.00368482	0.0509446	6.47684	0.840974	0.9125
COG1651	0.9968	1	1	0.0156491	0.0448147	0.00386136	0.0113998	0.000815094	0.00242863	0.0117878	0.014834	-7.46689	0.308032	0.278125
COG1653	1	1	1	0.21001	0.27689	0.114779	0.285391	0.0861737	0.253016	0.0952309	0.123836	-2.8259	0.828747	0.8625
COG1655	0.0803	1	1	0.214375	0.149232	0.189633	0.138303	0.0305022	0.0285509	0.0247421	0.183873	-0.75335	0.0218811	0
COG1656	1	1	1	0.999819	0.00018894	0.998109	0.00170867	0.980356	0.0168646	0.00171059	0.0194634	5.85809	0.9921	1
COG1657	0.9987	1	1	0.82915	0.106528	0.448355	0.252617	0.151092	0.167196	0.380795	0.678058	-0.885147	0.589757	0.5375
COG1658	1	1	1	0.998815	0.00197704	0.983584	0.0252729	0.862251	0.180236	0.0152316	0.136565	3.54177	0.685692	0.703125
COG1659	0.0248	1	1	0.514346	0.176162	0.501545	0.177646	0.129886	0.115605	0.0128017	0.384461	0.988014	0.268881	0.125
COG1661	1	1	1	0.988558	0.0147768	0.91383	0.0820811	0.606565	0.236029	0.074728	0.381993	2.22745	0.957594	1
COG1662	0.746	1	1	0.674998	0.112537	0.281423	0.112799	0.0404752	0.0266647	0.393574	0.634523	-0.11077	0.213695	0.109375
COG1665	1	1	1	0.999979	2.75997e-05	0.999829	0.000215136	0.998522	0.00187734	0.000150263	0.00145727	10.5429	0.848594	0.934375
COG1667	0.0236	1	1	0.956742	0.0617688	0.955577	0.0632719	0.880709	0.142043	0.00116479	0.0760338	8.5277	0.0466653	0
COG1668	1	1	1	0.999872	0.000153391	0.998787	0.00144257	0.990791	0.0108991	0.00108498	0.00908023	5.19332	0.976915	1
COG1669	1	1	1	0.999888	9.96694e-05	0.998862	0.000960435	0.989087	0.00839072	0.00102603	0.0108017	5.29837	0.977187	1
COG1670	1	1	1	0.299963	0.329382	0.131529	0.29331	0.102534	0.298034	0.168433	0.197428	-3.32434	0.952926	0.99375
COG1672	1	1	1	0.999431	0.000338742	0.995407	0.00269419	0.965739	0.0213506	0.00402313	0.0336915	3.90915	0.986821	1
COG1673	0.9999	1	1	0.995105	0.00222797	0.957662	0.0158275	0.747408	0.0913525	0.0374425	0.247697	3.99224	0.692353	0.659375
COG1675	1	1	1	0.999997	4.57133e-06	0.999948	6.07532e-05	0.999025	0.000936371	4.88162e-05	0.000971913	9.90464	0.990176	1
COG1676	1	1	1	0.999999	1.38432e-06	0.999987	2.29892e-05	0.999746	0.000421306	1.23978e-05	0.000253379	11.5823	0.976641	1
COG1679	1	1	1	0.999971	2.12045e-05	0.999673	0.000242343	0.996337	0.00378053	0.000297427	0.00363368	7.82152	0.972268	1
COG1680	1	1	1	0.515995	0.229464	0.20104	0.27797	0.114959	0.293543	0.314955	0.401036	-2.59474	0.937945	0.990625
COG1681	1	1	1	0.999854	0.000129785	0.998863	0.00103007	0.990896	0.0101145	0.000990868	0.00895864	9.54396	0.885083	0.953125
COG1682	0.8682	1	1	0.359319	0.313645	0.183779	0.3132	0.0848056	0.192985	0.175539	0.274513	-2.44617	0.456558	0.45
COG1685	1	1	1	0.998831	0.00138183	0.991033	0.0099685	0.930324	0.0807246	0.00779808	0.0685067	6.92593	0.770101	0.825
COG1687	0.0004	1	1	0.197848	0.161006	0.197726	0.160945	0.0316078	0.0351966	0.00012213	0.16624	-1.2429	0.0310717	0
COG1688	1	1	1	0.999983	1.56423e-05	0.999794	0.000242205	0.997524	0.00347256	0.000189483	0.00245869	9.35282	0.949638	0.996875
COG1689	1	1	1	0.995588	0.00425821	0.968242	0.028522	0.831728	0.125412	0.0273464	0.16386	6.69657	0.61611	0.640625
COG1690	1	1	1	0.99523	0.00488116	0.957967	0.0379253	0.754924	0.184165	0.0372627	0.240306	1.85099	0.993753	1
COG1691	1	1	1	0.999255	0.00203285	0.994513	0.0142289	0.964635	0.0869785	0.00474256	0.0346204	4.42838	0.994762	1
COG1693	0.7683	1	1	0.986968	0.00964149	0.929959	0.0600983	0.653492	0.191083	0.0570096	0.333476	4.98612	0.673157	0.709375
COG1694	1	1	1	0.994054	0.00521263	0.963926	0.0249858	0.810213	0.112058	0.0301271	0.183841	0.314184	0.975195	1
COG1695	1	1	1	0.999812	0.000256418	0.998248	0.0020939	0.987336	0.0130844	0.00156438	0.0124765	4.1939	0.998348	1
COG1697	1	1	1	0.999836	0.000107366	0.997746	0.00199249	0.969885	0.0341234	0.0020898	0.0299514	5.90979	0.983183	1
COG1698	1	1	1	0.998951	0.00266291	0.988373	0.0289852	0.919449	0.167168	0.0105779	0.0795016	5.95774	0.502332	0.515625
COG1700	0.0056	1	1	0.729826	0.163132	0.727643	0.16364	0.280123	0.173459	0.00218296	0.449703	2.50728	0.225187	0.0625
COG1701	1	1	1	0.999774	0.000271043	0.99723	0.00361671	0.964291	0.0539127	0.00254476	0.0354837	7.25693	0.945475	0.996875
COG1702	0.3453	1	1	0.00581097	0.00749921	0.00289468	0.00357507	0.000425139	0.000501046	0.00291629	0.00538583	-8.76708	0.00769574	0
COG1703	1	1	1	0.988966	0.0137602	0.945556	0.068641	0.800049	0.222514	0.0434103	0.188917	2.06084	0.986839	1
COG1704	0.9999	1	1	0.259541	0.184633	0.0475195	0.0626617	0.00598315	0.0100348	0.212021	0.253558	-5.39859	0.299345	0.275
COG1707	0.5537	1	1	0.971412	0.0455177	0.923668	0.103853	0.709233	0.234833	0.0477441	0.262179	5.42695	0.355058	0.284375
COG1708	1	1	1	0.99995	4.36561e-05	0.999483	0.000479635	0.995022	0.00496802	0.000466287	0.00492764	5.69003	0.995112	1
COG1709	1	1	1	0.999226	0.00112467	0.991508	0.0118851	0.92552	0.0827071	0.00771832	0.0737065	6.41881	0.928842	0.978125
COG1710	0.5081	1	1	0.667441	0.354547	0.573307	0.339891	0.334863	0.268394	0.0941331	0.332577	4.62365	0.06371	0.03125
COG1711	1	1	1	0.999843	0.000113574	0.998164	0.00149543	0.978332	0.0250408	0.001679	0.0215113	6.68151	0.964248	1
COG1712	1	1	1	0.909076	0.0800173	0.566892	0.218511	0.200553	0.200152	0.342184	0.708523	0.409549	0.417744	0.43125
COG1714	1	1	1	0.523852	0.239084	0.193829	0.263086	0.0913021	0.226304	0.330023	0.43255	-2.20706	0.685892	0.6875
COG1715	1	1	1	0.940635	0.0391655	0.675575	0.186379	0.29068	0.258136	0.26506	0.649955	0.695814	0.799651	0.89375
COG1716	0.9994	1	1	0.591244	0.253177	0.249458	0.246731	0.0887484	0.177276	0.341787	0.502496	-2.45491	0.651374	0.6625
COG1717	1	1	1	0.999565	0.00101151	0.994538	0.012078	0.941096	0.10185	0.00502712	0.0584694	6.13435	0.741023	0.815625
COG1718	1	1	1	0.999777	0.000288849	0.997626	0.00332347	0.978658	0.0300531	0.00215131	0.0211188	5.38427	0.993567	1
COG1719	1	1	1	0.991812	0.00555694	0.933945	0.0546644	0.702612	0.208232	0.0578669	0.2892	2.66796	0.855369	0.946875
COG1720	1	1	1	0.997501	0.00224182	0.979891	0.0243189	0.884	0.121475	0.0176097	0.113501	2.98527	0.944609	1
COG1721	1	1	1	0.981757	0.0234837	0.918198	0.0908111	0.721287	0.242333	0.0635588	0.26047	0.428096	0.986127	1
COG1722	0.1237	1	1	0.00651811	0.0163111	0.00510596	0.0128202	0.000686294	0.00173819	0.00141215	0.00583182	-8.44888	0.124524	0.025
COG1723	0.9322	1	1	0.740909	0.0930457	0.259934	0.102004	0.0392776	0.0244891	0.480975	0.701632	-0.577326	0.244849	0.18125
COG1724	1	1	1	0.99148	0.00753832	0.920658	0.0532023	0.588669	0.160554	0.0708227	0.402812	1.84696	0.692568	0.68125
COG1725	0.3171	1	1	0.0901971	0.109633	0.0480111	0.0658754	0.00512642	0.00814075	0.042186	0.0850707	-4.85925	0.10825	0.009375
COG1727	1	1	1	0.999875	0.000303154	0.998461	0.0035805	0.981162	0.0389984	0.0014143	0.0187125	7.28709	0.900789	0.96875
COG1730	1	1	1	0.999985	1.95239e-05	0.999753	0.00029028	0.995172	0.00523557	0.00023216	0.00481302	8.59948	0.977841	1
COG1731	0.9999	1	1	0.999205	0.00075246	0.992152	0.00691453	0.919769	0.0741298	0.00705272	0.0794355	6.92723	0.546348	0.546875
COG1732	0.4975	1	1	0.735639	0.139445	0.52164	0.230422	0.218364	0.295004	0.213999	0.517275	0.227169	0.615932	0.659375
COG1733	1	1	1	0.932474	0.0485646	0.649142	0.207236	0.273608	0.274054	0.283332	0.658866	-0.886636	0.9692	1
COG1735	0.0382	1	1	0.516979	0.202273	0.498471	0.202122	0.123061	0.0848487	0.0185085	0.393918	0.0564786	0.433309	0.428125
COG1736	1	1	1	0.999729	0.000748565	0.9964	0.00987189	0.962971	0.0956096	0.0033288	0.0367579	6.70169	0.777743	0.840625
COG1738	1	1	1	0.449965	0.239623	0.148014	0.182749	0.035093	0.0698678	0.30195	0.414872	-2.63365	0.608967	0.60625
COG1739	0.7913	1	1	0.119298	0.147957	0.0246878	0.033979	0.00244997	0.00334126	0.0946102	0.116848	-5.90546	0.40434	0.403125
COG1740	0.9998	1	1	0.95465	0.0653088	0.759231	0.204118	0.391806	0.22781	0.195419	0.562844	1.49234	0.644172	0.64375
COG1741	1	1	1	0.447246	0.242555	0.181858	0.276226	0.113648	0.293886	0.265388	0.333598	-1.85401	0.83727	0.890625
COG1742	0.0288	1	1	0.5569	0.177617	0.543787	0.180543	0.197005	0.237234	0.0131131	0.359895	0.312703	0.380426	0.303125
COG1743	1	1	1	0.998663	0.00103297	0.98791	0.00864457	0.913779	0.0700004	0.0107525	0.0848834	4.66938	0.940647	0.996875
COG1744	1	1	1	0.912127	0.0988763	0.710393	0.216661	0.40849	0.290264	0.201733	0.503637	-0.172939	0.90529	0.9625
COG1745	0.3282	1	1	0.986126	0.019316	0.977518	0.0291169	0.912178	0.0838853	0.00860858	0.0739484	8.16692	0.804624	0.8625
COG1746	1	1	1	0.999949	5.47289e-05	0.999257	0.000811506	0.989093	0.0111515	0.000692368	0.0108565	6.85303	0.991821	1
COG1748	1	1	1	0.865564	0.0914263	0.543116	0.173161	0.181468	0.112912	0.322448	0.684096	-0.993643	0.760171	0.825
COG1750	1	1	1	0.997287	0.00503454	0.972217	0.0449449	0.8202	0.183735	0.0250698	0.177087	5.1443	0.573858	0.528125
COG1751	1	1	1	0.999673	0.000375082	0.996037	0.00386052	0.952918	0.0393014	0.00363582	0.0467544	6.52891	0.856663	0.925
COG1753	1	1	1	0.998927	0.000619416	0.990333	0.00474988	0.916214	0.0546578	0.00859421	0.082713	7.9346	0.741051	0.7875
COG1756	1	1	1	0.987953	0.0356461	0.950247	0.145152	0.901619	0.255454	0.0377062	0.0863342	6.35543	0.471992	0.475
COG1757	0.9901	1	1	0.383339	0.315792	0.19307	0.31531	0.0705876	0.131825	0.190269	0.312751	-1.49193	0.447535	0.45625
COG1758	1	1	1	0.974562	0.0504195	0.867039	0.15737	0.594461	0.250496	0.107523	0.380101	-0.770888	0.833702	0.925
COG1759	1	1	1	0.998755	0.00231777	0.989838	0.0157087	0.920525	0.0852795	0.00891721	0.0782303	6.33491	0.420306	0.403125
COG1761	1	1	1	0.99977	0.000378373	0.996959	0.00449998	0.958342	0.0491485	0.00281101	0.0414276	6.77952	0.869168	0.953125
COG1762	0.0013	1	1	0.00255496	0.00457941	0.00254845	0.00456886	0.000356248	0.000734021	6.50599e-06	0.00219871	-7.77364	0.0807959	0
COG1763	1	1	1	0.99812	0.0025707	0.987612	0.0162124	0.932837	0.0738133	0.0105081	0.0652829	3.70439	0.884059	0.975
COG1764	1	1	1	0.383076	0.253007	0.145439	0.268749	0.0832467	0.226805	0.237637	0.299829	-1.73796	0.587561	0.575
COG1765	1	1	1	0.999195	0.000878791	0.996216	0.00341828	0.983886	0.0128306	0.00297892	0.0153087	4.37944	0.993411	1
COG1767	1	1	1	0.999989	2.23896e-05	0.999924	0.000149563	0.999515	0.000920564	6.4671e-05	0.000474155	9.66713	0.996471	1
COG1769	0.9985	1	1	0.989147	0.00775714	0.92403	0.0484127	0.686276	0.165229	0.0651177	0.302871	4.42746	0.566179	0.60625
COG1771	0.4913	1	1	0.749366	0.365246	0.713196	0.364463	0.601499	0.358348	0.0361693	0.147866	5.75847	0.066075	0.059375
COG1772	0.5203	1	1	0.975914	0.0316663	0.945843	0.0679803	0.810351	0.184376	0.0300708	0.165563	7.82654	0.229308	0.134375
COG1773	0.9876	1	1	0.987013	0.0207671	0.922156	0.0908998	0.683485	0.217242	0.0648572	0.303528	1.33837	0.797166	0.8875
COG1775	1	1	1	0.994856	0.00548085	0.950669	0.0408213	0.732021	0.17107	0.0441863	0.262835	2.94378	0.912192	0.990625
COG1776	1	1	1	0.813295	0.141022	0.483676	0.272964	0.190079	0.214318	0.329619	0.623216	0.0319556	0.806932	0.903125
COG1777	1	1	1	0.994867	0.00537146	0.954329	0.049551	0.763597	0.203399	0.0405377	0.23127	5.383	0.973245	0.996875
COG1779	1	1	1	0.999816	0.000496836	0.998078	0.00523601	0.98179	0.0492491	0.00173759	0.0180254	8.07309	0.603938	0.596875
COG1781	1	1	1	0.999938	6.66073e-05	0.999241	0.000782098	0.991217	0.00966915	0.000697315	0.00872087	6.54359	0.949479	1
COG1782	1	1	1	0.999996	1.04669e-05	0.999936	0.000177128	0.998827	0.0031968	6.03199e-05	0.00116968	10.0443	0.953812	0.996875
COG1784	0.9991	1	1	0.96383	0.0515272	0.786158	0.213972	0.458895	0.329826	0.177672	0.504935	3.28447	0.782159	0.809375
COG1785	0.9984	1	1	0.832616	0.0991915	0.432926	0.187557	0.11804	0.124946	0.39969	0.714576	-0.611699	0.542952	0.509375
COG1786	1	1	1	0.999976	2.56469e-05	0.999743	0.000256153	0.997334	0.00242304	0.000233471	0.0026418	8.34579	0.976373	1
COG1787	1	1	1	0.742832	0.08199	0.201448	0.0737885	0.0230194	0.013985	0.541385	0.719813	-1.52845	0.262465	0.259375
COG1788	1	1	1	0.95862	0.0286124	0.81017	0.12753	0.520815	0.260235	0.14845	0.437805	0.573285	0.900994	0.96875
COG1790	0.1358	1	1	0.854558	0.299039	0.848447	0.304617	0.798049	0.339322	0.00611115	0.0565093	8.35569	0.00213046	0
COG1793	1	1	1	0.999971	3.77258e-05	0.999734	0.000290874	0.997867	0.00206101	0.00023669	0.00210458	6.53195	0.988339	1
COG1794	1	1	1	0.909318	0.0894197	0.631769	0.251064	0.286003	0.279656	0.277549	0.623315	-0.158656	0.884573	0.96875
COG1795	1	1	1	0.292351	0.165482	0.0533905	0.042127	0.00655087	0.00452786	0.238961	0.2858	-1.85434	0.0395821	0
COG1796	1	1	1	0.96509	0.0329593	0.753076	0.173646	0.334532	0.281106	0.212014	0.630558	2.84147	0.902728	0.934375
COG1797	1	1	1	0.99999	1.6763e-05	0.999912	0.000116458	0.999405	0.000674473	7.70688e-05	0.000584781	8.34024	0.983325	0.996875
COG1798	1	1	1	0.999741	0.000600289	0.996457	0.00780933	0.956427	0.0800174	0.00328445	0.0433146	6.55558	0.809675	0.871875
COG1800	0.9516	1	1	0.986859	0.0126941	0.8961	0.0857719	0.54004	0.206429	0.0907594	0.446819	4.44905	0.455174	0.503125
COG1801	1	1	1	0.998469	0.00255075	0.991912	0.0104192	0.962715	0.0409075	0.00655723	0.0357535	4.02781	0.957149	1
COG1802	0.1801	1	1	0.139209	0.154326	0.105578	0.128127	0.018612	0.030258	0.0336312	0.120597	-3.9645	0.205109	0.1
COG1803	0.9864	1	1	0.497232	0.252934	0.190514	0.266669	0.078307	0.191972	0.306718	0.418925	-1.36487	0.625965	0.60625
COG1804	1	1	1	0.861009	0.115354	0.597696	0.236999	0.289763	0.265401	0.263314	0.571247	-0.634487	0.951954	0.996875
COG1807	0.2596	1	1	0.310585	0.240296	0.231082	0.220058	0.0596245	0.0993274	0.079503	0.25096	-3.16846	0.593057	0.628125
COG1808	0.9991	1	1	0.976838	0.0177358	0.847251	0.120268	0.510864	0.267424	0.129587	0.465973	1.9617	0.854538	0.953125
COG1809	0.9989	1	1	0.991495	0.00946289	0.93248	0.072158	0.723039	0.228739	0.0590155	0.268456	4.14755	0.664247	0.640625
COG1810	1	1	1	0.99876	0.00125867	0.988353	0.00992137	0.900256	0.0846651	0.0104069	0.0985039	6.79499	0.716466	0.715625
COG1811	0.9986	1	1	0.958688	0.0247659	0.728936	0.133488	0.265988	0.133132	0.229752	0.6927	0.544611	0.552224	0.54375
COG1812	1	1	1	0.999999	8.18344e-07	0.99999	7.47251e-06	0.999872	0.000104235	9.47714e-06	0.000127554	12.3502	0.991318	1
COG1813	1	1	1	0.999941	2.82082e-05	0.999477	0.00024135	0.995376	0.00240804	0.000463665	0.00456524	6.53968	0.995276	1
COG1814	1	1	1	0.999967	4.45237e-05	0.999689	0.000393794	0.997007	0.00356425	0.000278294	0.00296015	6.53546	0.965635	1
COG1817	1	1	1	0.998708	0.00180538	0.985594	0.0169175	0.880538	0.113517	0.0131139	0.11817	5.1771	0.911387	0.99375
COG1818	1	1	1	0.99821	0.0052453	0.986835	0.0380205	0.941505	0.158251	0.0113747	0.0567047	6.64123	0.625762	0.659375
COG1819	1	1	1	0.911782	0.0437623	0.565852	0.18755	0.198562	0.241387	0.34593	0.713219	-0.283829	0.828847	0.9375
COG1820	0.7212	1	1	0.0657144	0.0923941	0.0140308	0.020981	0.00150127	0.00223881	0.0516836	0.0642132	-6.25313	0.15229	0.084375
COG1821	1	1	1	0.999644	0.00028414	0.997832	0.00133571	0.986953	0.00691215	0.0018115	0.012691	7.68145	0.767622	0.834375
COG1822	0.9989	1	1	0.7781	0.277873	0.509202	0.291937	0.207744	0.193433	0.268898	0.570356	3.90569	0.14325	0.075
COG1824	1	1	1	0.997368	0.00233155	0.973285	0.0242819	0.802717	0.162496	0.0240831	0.194651	5.4782	0.844421	0.915625
COG1826	1	1	1	0.915023	0.118826	0.8035	0.24751	0.664078	0.355014	0.111524	0.250945	0.142219	0.946771	0.990625
COG1828	1	1	1	0.999504	0.000810722	0.995436	0.00876936	0.971726	0.0517681	0.00406855	0.0277783	4.19303	0.951946	1
COG1829	1	1	1	0.999956	3.85332e-05	0.999424	0.000584625	0.991574	0.0103771	0.00053215	0.00838274	8.58869	0.975811	1
COG1830	1	1	1	0.999928	0.000102319	0.999268	0.00106408	0.994865	0.00696528	0.000659347	0.00506246	6.25197	0.998532	1
COG1831	0.9974	1	1	0.99948	0.000886237	0.995733	0.00657624	0.969349	0.0402618	0.00374705	0.0301304	7.48088	0.948559	1
COG1832	1	1	1	0.96484	0.0361045	0.852175	0.114566	0.580043	0.273232	0.112665	0.384797	0.938042	0.963735	1
COG1833	1	1	1	0.999847	0.000107586	0.997821	0.00174476	0.96971	0.0313637	0.00202596	0.0301367	6.57356	0.982047	1
COG1834	1	1	1	0.457838	0.243557	0.158191	0.228677	0.0504357	0.116186	0.299647	0.407402	-1.66603	0.591749	0.546875
COG1835	0.9853	1	1	0.156361	0.277854	0.0805085	0.221146	0.0333145	0.0980755	0.0758526	0.123047	-3.65222	0.394482	0.425
COG1836	1	1	1	0.999976	4.00274e-05	0.999664	0.00063367	0.995948	0.00801911	0.000311673	0.00402802	8.38867	0.987922	1
COG1838	1	1	1	0.998979	0.00101406	0.994929	0.00443793	0.976543	0.0236857	0.0040493	0.022436	3.76939	0.893623	0.96875
COG1839	1	1	1	0.999693	0.000787502	0.996811	0.00745814	0.969848	0.0572998	0.00288147	0.0298449	6.28463	0.747417	0.778125
COG1840	1	1	1	0.813138	0.143055	0.532911	0.22846	0.221561	0.248126	0.280227	0.591577	-1.19039	0.9472	0.996875
COG1841	1	1	1	0.999992	1.38605e-05	0.99987	0.000229452	0.998581	0.00298847	0.00012207	0.00141048	5.74428	0.994719	0.996875
COG1842	0.9977	1	1	0.707125	0.182033	0.339623	0.311135	0.167984	0.294526	0.367501	0.539141	-0.867603	0.884185	0.91875
COG1844	0.5083	1	1	0.931611	0.093668	0.883038	0.148754	0.746707	0.245098	0.0485726	0.184903	6.57649	0.123985	0.0375
COG1845	0.9979	1	1	0.0227382	0.0660063	0.0080761	0.0239063	0.00263835	0.00785094	0.0146621	0.0200998	-5.96746	0.16841	0.1125
COG1846	1	1	1	0.975549	0.0225939	0.885088	0.0834108	0.601036	0.180252	0.090461	0.374513	-1.11195	0.959871	1
COG1848	1	1	1	0.999951	6.01714e-05	0.999542	0.00059879	0.995861	0.00549886	0.000409126	0.00409049	6.40744	0.985988	1
COG1849	1	1	1	0.993977	0.00406078	0.932112	0.0402405	0.553216	0.174641	0.0618647	0.440761	4.30619	0.509032	0.49375
COG1850	1	1	1	0.997419	0.00198752	0.969323	0.0311539	0.809874	0.159786	0.028096	0.187545	3.21723	0.95283	0.996875
COG1851	0.0656	1	1	0.776938	0.263209	0.764721	0.26211	0.485491	0.218986	0.0122174	0.291447	5.93613	0.0178125	0
COG1852	1	1	1	0.997411	0.0032602	0.970856	0.0312933	0.784492	0.167548	0.0265558	0.212919	4.47623	0.659992	0.653125
COG1853	1	1	1	0.999417	0.000430456	0.99589	0.00339051	0.974244	0.0241926	0.00352705	0.0251728	2.80198	0.992138	1
COG1855	1	1	1	0.999933	0.000198568	0.999321	0.00199399	0.992866	0.0205069	0.000612319	0.00706673	8.6576	0.950584	0.984375
COG1856	1	1	1	0.983128	0.0444107	0.917383	0.175399	0.755569	0.252476	0.0657446	0.227558	4.81273	0.543853	0.54375
COG1857	1	1	1	0.998925	0.000756638	0.99054	0.00573125	0.926394	0.0469905	0.00838494	0.0725308	4.91711	0.718107	0.759375
COG1858	0.0001	1	1	0.0769206	0.187942	0.0769141	0.187931	0.0271773	0.076151	6.48201e-06	0.0497433	-2.60134	0.129612	0.015625
COG1859	1	1	1	0.933678	0.0402337	0.639145	0.211045	0.27284	0.278807	0.294533	0.660838	1.38596	0.765797	0.81875
COG1860	1	1	1	0.999611	0.000587421	0.997069	0.00335791	0.97534	0.0240728	0.00254267	0.0242712	8.43818	0.937945	0.984375
COG1863	0.9996	1	1	0.995543	0.00661647	0.967732	0.0601758	0.878958	0.208566	0.0278106	0.116585	2.87711	0.874119	0.909375
COG1865	0.999	1	1	0.99622	0.00313908	0.96829	0.0332698	0.836812	0.158543	0.0279298	0.159408	4.62961	0.891558	0.98125
COG1866	1	1	1	0.032333	0.0291135	0.00371973	0.00316741	0.000382581	0.000319006	0.0286133	0.0319504	-7.35421	0.330682	0.315625
COG1867	1	1	1	0.999998	2.70503e-06	0.999972	4.87203e-05	0.999415	0.000955689	2.67625e-05	0.000583231	10.9038	0.979596	1
COG1871	1	1	1	0.928861	0.0412706	0.652128	0.187348	0.290695	0.256614	0.276733	0.638165	0.328692	0.859089	0.940625
COG1872	1	1	1	0.998621	0.0025888	0.9865	0.0216505	0.889493	0.13623	0.0121209	0.109129	2.75438	0.897665	0.975
COG1873	1	1	1	0.99915	0.00100156	0.991207	0.00849429	0.925234	0.0587001	0.00794268	0.0739159	3.52161	0.926112	0.96875
COG1874	0.0043	1	1	0.344648	0.221913	0.342904	0.222217	0.11538	0.22884	0.00174421	0.229268	-1.37998	0.594685	0.6375
COG1877	0.9882	1	1	0.943731	0.0321337	0.722872	0.129325	0.337467	0.192305	0.220859	0.606264	0.689423	0.453479	0.471875
COG1878	1	1	1	0.999232	0.000559946	0.995199	0.00325633	0.970617	0.0234008	0.00403261	0.0286151	3.82248	0.994651	1
COG1879	0.5546	1	1	0.0867101	0.234684	0.0580688	0.167318	0.0109068	0.032053	0.0286413	0.0758033	-4.31115	0.371528	0.31875
COG1880	1	1	1	0.998323	0.00304807	0.987581	0.0222589	0.925214	0.112792	0.0107415	0.0731085	7.52809	0.690447	0.73125
COG1881	1	1	1	0.99603	0.0039337	0.972096	0.0239498	0.849758	0.131693	0.0239336	0.146272	2.41041	0.926234	0.990625
COG1882	1	1	1	0.446827	0.270284	0.116108	0.122067	0.0134577	0.015037	0.330719	0.433369	-3.3338	0.551124	0.525
COG1883	0.9737	1	1	0.803451	0.164489	0.445041	0.254054	0.124795	0.133008	0.35841	0.678657	-0.829301	0.405455	0.4
COG1884	1	1	1	0.986668	0.0162138	0.938814	0.0773607	0.83739	0.206761	0.0478547	0.149278	2.22379	0.9931	1
COG1885	0.5122	1	1	0.993588	0.00438736	0.986521	0.00887648	0.948109	0.0346224	0.00706768	0.0454796	9.31918	0.852806	0.8875
COG1887	0.9956	1	1	0.428505	0.170247	0.0764796	0.0479281	0.00816076	0.00609341	0.352025	0.420344	-3.52603	0.300936	0.30625
COG1888	1	1	1	0.999686	0.000295217	0.996968	0.00232875	0.971544	0.0170692	0.00271869	0.028142	7.47002	0.885323	0.98125
COG1889	1	1	1	0.369573	0.0718761	0.0470834	0.011916	0.00492649	0.00205089	0.32249	0.364647	-0.261263	0.0207576	0
COG1890	1	1	1	0.999978	4.14694e-05	0.999666	0.000590972	0.994505	0.00869743	0.000311971	0.0054726	8.60238	0.940349	0.996875
COG1891	1	1	1	0.999467	0.000321067	0.996175	0.00241296	0.972811	0.0188968	0.00329238	0.026656	6.90696	0.815375	0.8875
COG1892	1	1	1	0.997426	0.00674444	0.978164	0.0525815	0.883888	0.193384	0.019262	0.113538	6.17923	0.572811	0.559375
COG1893	1	1	1	0.9645	0.022656	0.803577	0.111024	0.451288	0.271593	0.160923	0.513212	-0.0478131	0.985088	1
COG1894	1	1	1	0.965605	0.0496633	0.889335	0.130008	0.690155	0.268485	0.0762706	0.275451	0.0926524	0.972726	0.996875
COG1895	1	1	1	0.999228	0.000678821	0.989831	0.00725359	0.890972	0.0712306	0.00939721	0.108256	4.79846	0.737097	0.7625
COG1896	1	1	1	0.449771	0.272679	0.134408	0.179987	0.0237273	0.0476254	0.315363	0.426044	-3.25724	0.474599	0.459375
COG1898	1	1	1	0.992592	0.00555405	0.957328	0.0323164	0.763646	0.16162	0.0352631	0.228946	0.969028	0.940766	0.98125
COG1899	1	1	1	0.999999	1.74144e-06	0.999987	2.6534e-05	0.999799	0.000439594	1.17421e-05	0.000199854	10.0955	0.994359	1
COG1900	1	1	1	0.992584	0.00877899	0.932407	0.0642742	0.669645	0.20789	0.0601767	0.322939	4.22588	0.486539	0.459375
COG1901	1	1	1	0.999087	0.00110821	0.988972	0.012309	0.890609	0.101184	0.0101149	0.108478	6.09039	0.809415	0.903125
COG1902	1	1	1	0.881552	0.101992	0.580068	0.237871	0.277713	0.303702	0.301484	0.603839	-0.943502	0.980908	1
COG1903	0.999	1	1	0.995956	0.00471321	0.960822	0.0521764	0.815441	0.176217	0.0351338	0.180515	3.09022	0.646831	0.68125
COG1904	0.028	1	1	0.00530473	0.00908887	0.00498037	0.00856684	0.000538269	0.000990586	0.000324359	0.00476646	-6.36698	0.0243555	0
COG1905	1	1	1	0.923348	0.140101	0.757954	0.277832	0.468352	0.297312	0.165394	0.454996	-0.684636	0.850325	0.9125
COG1906	1	1	1	0.984673	0.00821832	0.849357	0.0786641	0.424196	0.189054	0.135315	0.560477	2.75146	0.476815	0.5125
COG1907	1	1	1	1	5.42042e-07	0.999997	4.57366e-06	0.999968	3.85797e-05	3.09944e-06	3.14713e-05	13.408	0.996408	1
COG1908	1	1	1	0.999404	0.00133524	0.993956	0.0121183	0.945829	0.0844174	0.00544786	0.0535752	5.37352	0.886355	0.953125
COG1909	1	1	1	0.999986	2.23915e-05	0.999855	0.000205945	0.998246	0.00212967	0.000131011	0.00174057	10.06	0.962711	0.996875
COG1910	0.9997	1	1	0.959067	0.0176955	0.716393	0.0799986	0.255821	0.104215	0.242674	0.703246	1.24831	0.648738	0.621875
COG1911	1	1	1	0.998586	0.00362791	0.983354	0.0410263	0.891586	0.19673	0.0152324	0.107	5.5541	0.436073	0.428125
COG1912	1	1	1	0.999858	0.000203944	0.998812	0.00190784	0.992514	0.0121023	0.00104588	0.00734425	6.43494	0.990054	1
COG1913	1	1	1	0.999112	0.00115759	0.989984	0.0141505	0.917819	0.107353	0.00912857	0.0812934	5.08915	0.931211	0.984375
COG1914	0.9998	1	1	0.980989	0.0203209	0.887018	0.0980889	0.595307	0.241239	0.0939705	0.385682	0.861737	0.831062	0.91875
COG1915	1	1	1	0.997664	0.00188675	0.97621	0.0213581	0.838713	0.13914	0.0214548	0.158951	4.20698	0.801842	0.86875
COG1916	0.9994	1	1	0.986346	0.0118255	0.909782	0.0757715	0.649763	0.204714	0.0765645	0.336583	2.44134	0.977297	1
COG1917	1	1	1	0.999594	0.00035102	0.998043	0.0014668	0.98981	0.00678795	0.00155067	0.00978422	3.62317	0.999661	1
COG1918	1	1	1	0.995951	0.00478567	0.962356	0.0487843	0.798026	0.19414	0.033595	0.197925	1.62383	0.657619	0.6375
COG1920	1	1	1	0.999444	0.000671038	0.995251	0.00643078	0.965851	0.050348	0.00419289	0.0335934	5.16202	0.940981	0.99375
COG1921	0.1827	1	1	0.699971	0.206644	0.63338	0.231382	0.299144	0.258524	0.066591	0.400827	0.147859	0.642081	0.66875
COG1923	0.0139	1	1	0.142552	0.203982	0.140227	0.201027	0.0277262	0.0387589	0.00232513	0.114826	-3.02607	0.0325687	0
COG1924	1	1	1	0.999873	0.000220691	0.99846	0.002271	0.986967	0.0170001	0.00141263	0.0129054	5.24005	0.948617	1
COG1925	0.0135	1	1	2.48998e-05	3.637e-05	2.41309e-05	3.52681e-05	2.48849e-06	3.84714e-06	7.689e-07	2.24113e-05	-13.5517	0.0420681	0.003125
COG1926	1	1	1	0.999026	0.000911621	0.990539	0.0113183	0.938548	0.0779729	0.00848705	0.0604783	4.32183	0.961284	1
COG1927	1	1	1	0.995701	0.00720681	0.974707	0.0380308	0.881425	0.136718	0.0209944	0.114276	6.815	0.63647	0.6125
COG1930	0.1426	1	1	0.868518	0.101764	0.833739	0.124488	0.466538	0.234148	0.0347791	0.40198	2.93437	0.476091	0.471875
COG1931	1	1	1	0.999027	0.00178337	0.992317	0.012618	0.943184	0.0722417	0.00671005	0.0558434	6.87164	0.717854	0.7375
COG1933	1	1	1	0.998925	0.00116041	0.984368	0.0174259	0.851448	0.16095	0.0145567	0.147477	3.99451	0.946686	1
COG1935	0.5105	1	1	0.986258	0.0194012	0.972577	0.0378782	0.908615	0.105248	0.0136809	0.0776431	8.66464	0.350108	0.3375
COG1936	1	1	1	0.999925	7.63146e-05	0.998896	0.00102892	0.983353	0.0151863	0.00102824	0.0165721	7.10775	0.974032	1
COG1937	0.0026	1	1	0.106954	0.177552	0.106558	0.177207	0.0201543	0.0462895	0.000395156	0.0867992	-3.77219	0.136371	0.0125
COG1938	1	1	1	0.999952	7.27581e-05	0.999212	0.00120803	0.986875	0.0199497	0.000739515	0.0130771	6.28979	0.975492	1
COG1940	1	1	1	0.592254	0.276809	0.279023	0.287473	0.127548	0.277999	0.313231	0.464706	-2.8588	0.857335	0.90625
COG1941	1	1	1	0.999553	0.000648577	0.993727	0.00838227	0.941138	0.065344	0.00582618	0.0584148	4.68697	0.919963	0.984375
COG1942	1	1	1	0.533951	0.171834	0.149017	0.184225	0.0333664	0.0700111	0.384934	0.500584	-2.74739	0.527666	0.5125
COG1943	1	1	1	0.957333	0.0306452	0.730069	0.140516	0.304922	0.260548	0.227264	0.652411	-0.705088	0.881684	0.95625
COG1944	0.9989	1	1	0.984208	0.0123768	0.904799	0.0613229	0.614288	0.208313	0.0794096	0.36992	2.43949	0.87669	0.9375
COG1945	1	1	1	0.999975	4.22945e-05	0.999541	0.000898259	0.992282	0.0162588	0.000433683	0.00769281	7.45474	0.982437	1
COG1948	0.9999	1	1	0.984291	0.019496	0.850981	0.150279	0.482315	0.260719	0.133311	0.501976	1.67395	0.673387	0.65625
COG1951	1	1	1	0.999935	6.39365e-05	0.999045	0.000993146	0.987652	0.0134102	0.000890255	0.0122832	5.60571	0.920498	0.9875
COG1953	0.0142	1	1	0.0615075	0.0319328	0.0596135	0.0309898	0.00635341	0.00362426	0.001894	0.0551541	-3.16536	0.0450607	0
COG1955	0.9999	1	1	0.999855	0.000104917	0.999002	0.000742263	0.993077	0.00592073	0.00085336	0.00677824	9.85959	0.845458	0.9125
COG1956	0.9997	1	1	0.265758	0.174038	0.0411946	0.0420033	0.00463592	0.00506151	0.224563	0.261122	-4.29443	0.250965	0.165625
COG1957	0.9999	1	1	0.400565	0.189515	0.0777962	0.0881493	0.0106841	0.0168451	0.322769	0.389881	-4.00289	0.563956	0.515625
COG1958	1	1	1	0.999997	8.86145e-06	0.999955	0.000115659	0.999304	0.00163512	4.19021e-05	0.000692606	10.5838	0.986525	1
COG1960	1	1	1	0.59733	0.344389	0.469937	0.376245	0.31335	0.333662	0.127393	0.28398	-1.4044	0.991224	1
COG1961	1	1	1	0.382863	0.306507	0.170962	0.308339	0.0919259	0.245417	0.211901	0.290938	-2.79654	0.776139	0.83125
COG1962	1	1	1	0.999591	0.000370655	0.995639	0.00458821	0.960261	0.0489494	0.00395292	0.039331	7.56784	0.833834	0.91875
COG1964	1	1	1	0.999668	0.000375127	0.996002	0.00389242	0.95535	0.0385058	0.00366563	0.0443178	5.3599	0.8761	0.971875
COG1966	1	1	1	0.858206	0.0913708	0.476378	0.115634	0.119637	0.0497267	0.381829	0.738569	-1.31406	0.60983	0.56875
COG1967	0.9758	1	1	0.99764	0.0043119	0.984852	0.0223036	0.902212	0.10158	0.0127879	0.0954282	7.1324	0.854724	0.9
COG1968	1	1	1	0.77739	0.2389	0.494208	0.313689	0.216142	0.277264	0.283182	0.561248	-2.9777	0.777186	0.84375
COG1970	1	1	1	0.513104	0.299073	0.220839	0.306669	0.114859	0.270801	0.292265	0.398246	-2.38943	0.796046	0.859375
COG1971	0.9999	1	1	0.630621	0.11027	0.185864	0.0880929	0.0247552	0.0159512	0.444757	0.605865	-2.87986	0.407722	0.425
COG1973	0.9998	1	1	0.999305	0.000874612	0.996237	0.00467055	0.979937	0.0236716	0.00306779	0.0193679	9.16955	0.63922	0.6375
COG1975	1	1	1	0.865922	0.133766	0.675042	0.217188	0.41693	0.288542	0.190881	0.448993	-0.114115	0.903635	0.93125
COG1976	1	1	1	0.999953	6.42597e-05	0.999406	0.000765935	0.991525	0.0095881	0.000547767	0.00842845	8.34877	0.910137	0.9875
COG1977	1	1	1	0.999952	6.45942e-05	0.999723	0.000301537	0.998562	0.00190427	0.000229359	0.00139099	6.5104	0.999402	1
COG1980	1	1	1	0.982487	0.0525135	0.93617	0.191068	0.90435	0.279583	0.0463163	0.0781366	5.37873	0.559696	0.58125
COG1982	0.2312	1	1	0.0822188	0.080389	0.0518902	0.0549846	0.00609166	0.00774592	0.0303285	0.0761271	-4.37602	0.0851585	0.00625
COG1983	1	1	1	0.818787	0.164195	0.474389	0.27787	0.203825	0.287669	0.344398	0.614963	-0.560144	0.568413	0.528125
COG1984	0.9529	1	1	0.944161	0.059891	0.798767	0.173737	0.545828	0.283797	0.145394	0.398333	1.12292	0.74848	0.80625
COG1985	1	1	1	0.999877	0.000171585	0.998793	0.00195851	0.990807	0.015393	0.00108385	0.00907004	6.03744	0.989792	1
COG1986	1	1	1	0.999981	1.91829e-05	0.999723	0.000249516	0.995674	0.00385112	0.000258744	0.00430745	7.79153	0.989443	1
COG1988	1	1	1	0.846823	0.207735	0.566581	0.272641	0.212654	0.179296	0.280242	0.634169	-0.220119	0.458753	0.478125
COG1989	1	1	1	0.997896	0.00460075	0.980487	0.0437034	0.903143	0.189953	0.0174086	0.0947529	1.32246	0.957776	1
COG1990	1	1	1	0.999827	0.000151449	0.997381	0.00257304	0.959357	0.0464703	0.00244588	0.0404701	5.70477	0.982479	1
COG1991	0.8807	1	1	0.713999	0.270199	0.511338	0.27667	0.275809	0.205133	0.20266	0.43819	4.56881	0.0198751	0
COG1992	1	1	1	0.98806	0.00878966	0.902626	0.0734361	0.59588	0.240242	0.0854341	0.392181	5.21544	0.840396	0.9375
COG1993	1	1	1	0.997001	0.00131236	0.978899	0.00872131	0.875376	0.0644139	0.0181025	0.121625	4.00381	0.81469	0.9375
COG1994	1	1	1	0.955663	0.0995187	0.837374	0.250927	0.588903	0.305388	0.118289	0.366761	-0.316836	0.962521	1
COG1995	0.9946	1	1	0.0828913	0.136385	0.0170776	0.03571	0.00301676	0.00683786	0.0658137	0.0798745	-5.61385	0.33448	0.3
COG1996	0.9131	1	1	0.997899	0.00217573	0.976752	0.0238894	0.798287	0.157519	0.0211471	0.199611	3.31561	0.92171	0.996875
COG1997	1	1	1	0.999974	2.47376e-05	0.999553	0.000397303	0.991558	0.00808252	0.000420749	0.00841606	7.92504	0.937153	0.996875
COG1998	1	1	1	0.999864	0.000125066	0.997778	0.00172407	0.960915	0.0276749	0.0020858	0.0389495	6.60645	0.907747	0.990625
COG1999	0.9863	1	1	0.0379979	0.0935616	0.00934141	0.0246681	0.00189225	0.00506191	0.0286565	0.0361057	-5.97685	0.224329	0.15625
COG2000	0.1396	1	1	0.862081	0.0986345	0.822226	0.118892	0.376176	0.187783	0.0398551	0.485905	2.24649	0.164875	0.059375
COG2002	1	1	1	0.9992	0.000667184	0.991191	0.0067733	0.922085	0.0560659	0.00800848	0.0771142	2.80185	0.909588	1
COG2003	0.5189	1	1	0.104093	0.118585	0.038576	0.0529838	0.00465696	0.00799453	0.0655173	0.0994364	-5.94804	0.434844	0.421875
COG2004	1	1	1	0.999976	2.97607e-05	0.999647	0.000395628	0.994159	0.0060093	0.000328362	0.00581694	8.66538	0.939629	0.996875
COG2005	1	1	1	0.994601	0.00424733	0.961592	0.0260284	0.793701	0.122	0.0330094	0.2009	2.69587	0.923373	0.9875
COG2006	1	1	1	0.999875	0.000218446	0.998241	0.00324412	0.979009	0.0396953	0.00163394	0.0208659	5.57926	0.989073	1
COG2007	1	1	1	0.999928	0.000166101	0.998979	0.00229018	0.985173	0.0301679	0.000949383	0.0147557	7.54226	0.924927	0.996875
COG2009	0.9999	1	1	0.559332	0.359689	0.36261	0.309534	0.15778	0.165942	0.196722	0.401552	-1.36225	0.783268	0.878125
COG2010	0.0304	1	1	0.106305	0.289582	0.105719	0.289235	0.0916017	0.270342	0.000585712	0.0147028	-2.48133	0.416917	0.39375
COG2012	1	1	1	0.999853	0.000296231	0.99794	0.00395876	0.971131	0.0467022	0.00191331	0.0287225	6.89265	0.863599	0.96875
COG2013	1	1	1	0.994475	0.00396436	0.955797	0.0335679	0.747347	0.169227	0.0386775	0.247128	2.03358	0.911822	0.978125
COG2014	1	1	1	0.997465	0.00283558	0.978249	0.0179805	0.857241	0.111863	0.0192155	0.140224	4.49499	0.883011	0.975
COG2015	0.02	1	1	0.147907	0.225458	0.144467	0.224476	0.0440163	0.110005	0.00344008	0.103891	-1.09162	0.336877	0.25625
COG2016	1	1	1	0.999995	8.73166e-06	0.999942	0.000108609	0.999208	0.00140105	5.29289e-05	0.000787079	10.896	0.977692	0.996875
COG2017	0.9941	1	1	0.000584632	0.000790368	4.24236e-05	5.83084e-05	3.37362e-06	4.44358e-06	0.000542209	0.000581259	-12.7226	0.0831084	0.028125
COG2018	1	1	1	0.991182	0.00869428	0.92914	0.0569166	0.693749	0.202991	0.0620416	0.297433	2.68333	0.718366	0.75
COG2019	1	1	1	0.96435	0.0808033	0.847386	0.206016	0.510393	0.21709	0.116964	0.453957	3.25273	0.499058	0.515625
COG2020	1	1	1	0.992013	0.00719642	0.949859	0.0362193	0.771621	0.139967	0.0421537	0.220392	1.4816	0.98447	1
COG2021	0.9879	1	1	0.824299	0.11679	0.497365	0.234548	0.217762	0.268946	0.326934	0.606537	-1.19418	0.95935	1
COG2023	1	1	1	0.998875	0.00129037	0.98619	0.0136379	0.843122	0.104276	0.0126849	0.155753	5.23388	0.778929	0.853125
COG2025	1	1	1	0.982901	0.0198566	0.923177	0.0837632	0.749479	0.24325	0.0597239	0.233422	0.675344	0.991545	1
COG2026	1	1	1	0.994387	0.00571589	0.945489	0.0456958	0.680199	0.187542	0.0488983	0.314188	1.60955	0.842462	0.95
COG2027	0.001	1	1	0.0723188	0.134535	0.0722336	0.134436	0.0189546	0.0446926	8.51452e-05	0.0533642	-3.251	0.122913	0.021875
COG2028	0.9668	1	1	0.95518	0.10431	0.892061	0.193867	0.748102	0.234387	0.0631193	0.207078	8.28054	0.176621	0.06875
COG2029	0.849	1	1	0.986705	0.0179258	0.929397	0.0791527	0.693369	0.203153	0.0573078	0.293336	5.16849	0.431888	0.41875
COG2030	1	1	1	0.597476	0.328564	0.337386	0.347386	0.183624	0.311853	0.26009	0.413851	-1.30274	0.94721	0.99375
COG2031	0.8891	1	1	0.861929	0.0753004	0.513827	0.194443	0.150528	0.122721	0.348102	0.711401	0.66355	0.423452	0.428125
COG2032	0.0039	1	1	0.0790723	0.148567	0.0786288	0.148035	0.0147274	0.0357439	0.000443496	0.0643449	-2.92708	0.0391349	0
COG2033	1	1	1	0.995683	0.0107475	0.962447	0.0827869	0.848758	0.242411	0.0332365	0.146925	3.08313	0.686355	0.690625
COG2034	1	1	1	0.999076	0.00209829	0.994226	0.0128989	0.969565	0.0614046	0.00484943	0.0295109	9.19081	0.483813	0.471875
COG2035	0.7481	1	1	0.203867	0.276013	0.0810585	0.130082	0.0114208	0.0196081	0.122809	0.192447	-3.0752	0.284256	0.228125
COG2036	1	1	1	0.999966	3.56747e-05	0.999435	0.000554586	0.98983	0.00947173	0.000531197	0.0101363	7.80445	0.956091	1
COG2037	1	1	1	0.999988	2.16758e-05	0.999903	0.000147833	0.999083	0.00110038	8.50558e-05	0.000905514	10.1558	0.895309	0.946875
COG2038	1	1	1	0.999504	0.000468919	0.997382	0.00222459	0.986918	0.00964514	0.0021224	0.0125866	4.92684	0.937797	0.9875
COG2039	1	1	1	0.729734	0.155772	0.24592	0.175884	0.0411054	0.0519723	0.483814	0.688629	-1.5253	0.55563	0.528125
COG2041	1	1	1	0.977088	0.014984	0.881927	0.0650059	0.592306	0.19331	0.0951609	0.384782	0.50588	0.994257	1
COG2042	1	1	1	0.994592	0.00633378	0.949942	0.0601461	0.746293	0.216599	0.0446495	0.248299	3.20958	0.929435	0.990625
COG2043	1	1	1	0.999627	0.000349329	0.996222	0.00316361	0.965571	0.0284611	0.00340533	0.0340564	6.00533	0.925033	0.984375
COG2044	1	1	1	0.996147	0.00239109	0.970056	0.0168608	0.833662	0.105192	0.026091	0.162485	3.55553	0.795873	0.875
COG2045	1	1	1	0.990717	0.00811857	0.926646	0.0660067	0.685575	0.19999	0.064071	0.305142	2.72232	0.789677	0.840625
COG2046	0.9999	1	1	0.997491	0.00366693	0.975555	0.0357538	0.855742	0.177036	0.0219362	0.141749	3.76143	0.734431	0.753125
COG2047	1	1	1	0.999961	6.17952e-05	0.999247	0.00123822	0.985071	0.024849	0.000713944	0.0148902	6.1518	0.993757	1
COG2048	1	1	1	0.99999	9.19153e-06	0.999873	0.00013943	0.998112	0.00252929	0.000117779	0.00187862	8.3316	0.968095	0.99375
COG2049	0.9529	1	1	0.917458	0.080446	0.723877	0.186922	0.40096	0.289779	0.193581	0.516497	0.74563	0.706307	0.74375
COG2050	1	1	1	0.966428	0.0407337	0.878609	0.118757	0.671311	0.223288	0.0878186	0.295117	0.284061	0.982074	1
COG2051	1	1	1	0.999727	0.000645033	0.99674	0.00727325	0.963234	0.0684841	0.00298691	0.0364928	6.76932	0.896752	0.978125
COG2053	1	1	1	0.999907	0.000185817	0.998801	0.00228119	0.983631	0.0271811	0.0011062	0.0162756	7.43578	0.904949	0.978125
COG2054	1	1	1	0.999583	0.000538282	0.997203	0.00290311	0.981146	0.0147329	0.00237989	0.0184371	7.25027	0.704547	0.7625
COG2055	1	1	1	0.973959	0.0241179	0.8321	0.138127	0.505461	0.269862	0.141859	0.468498	0.946001	0.886603	0.971875
COG2057	1	1	1	0.962114	0.0274013	0.81314	0.134654	0.50783	0.255604	0.148974	0.454284	0.555598	0.886598	0.9625
COG2058	1	1	1	0.999985	1.01761e-05	0.999714	0.000174098	0.993934	0.00424484	0.000270844	0.00605088	8.38249	0.953172	1
COG2059	0.996	1	1	0.48563	0.225493	0.161562	0.204172	0.0412045	0.0819444	0.324068	0.444425	-2.89029	0.391381	0.41875
COG2060	0.9999	1	1	0.79828	0.117997	0.355519	0.236791	0.125318	0.25057	0.442761	0.672962	-0.655691	0.674107	0.715625
COG2061	1	1	1	0.995797	0.00420828	0.967148	0.0371515	0.824674	0.172258	0.0286498	0.171124	6.07945	0.791253	0.871875
COG2062	1	1	1	0.24216	0.252813	0.0848097	0.142047	0.0246662	0.0514613	0.15735	0.217494	-3.4881	0.506283	0.5
COG2064	1	1	1	0.999729	0.000355628	0.997031	0.00403262	0.977469	0.0298048	0.00269777	0.0222591	4.05335	0.954181	0.996875
COG2068	1	1	1	0.983569	0.019654	0.889435	0.100689	0.616459	0.268439	0.094134	0.36711	0.886682	0.869862	0.91875
COG2069	1	1	1	0.999903	0.000130466	0.998778	0.00153811	0.98357	0.0184262	0.00112438	0.0163328	7.20405	0.828831	0.9125
COG2070	0.9998	1	1	0.756774	0.150904	0.395169	0.28069	0.179974	0.276804	0.361605	0.576799	-1.73225	0.828726	0.921875
COG2071	0.9215	1	1	0.496507	0.265717	0.140752	0.096783	0.0184227	0.0160402	0.355755	0.478084	-3.77509	0.348345	0.3375
COG2072	0.0004	1	1	0.0032817	0.00755013	0.00327924	0.0075447	0.000504151	0.0012366	2.46777e-06	0.00277755	-6.91126	0.0176984	0
COG2073	0.999	1	1	0.991859	0.00908479	0.952358	0.0391462	0.819054	0.110037	0.0395002	0.172804	3.32171	0.823	0.890625
COG2074	0.9988	1	1	0.944669	0.10097	0.74475	0.24744	0.363823	0.242945	0.199919	0.580846	2.50338	0.496204	0.515625
COG2075	1	1	1	0.998867	0.0016597	0.986132	0.0175783	0.851764	0.121114	0.0127349	0.147103	5.21646	0.750971	0.809375
COG2076	0.3469	1	1	0.121201	0.271452	0.0994867	0.258124	0.0554518	0.162708	0.0217143	0.0657492	-2.51834	0.483261	0.484375
COG2078	1	1	1	0.999999	1.13437e-06	0.999986	2.57829e-05	0.999636	0.000669089	1.38283e-05	0.00036341	9.36115	0.995054	1
COG2079	1	1	1	0.988941	0.00931371	0.937748	0.0613285	0.739344	0.204608	0.0511936	0.249598	1.9446	0.846567	0.946875
COG2080	1	1	1	0.820979	0.190059	0.546008	0.320328	0.297093	0.31975	0.274971	0.523887	-0.519075	0.857464	0.903125
COG2081	0.0894	1	1	0.000135326	0.000223056	0.000109139	0.000182191	1.05202e-05	1.97698e-05	2.61873e-05	0.000124806	-11.7948	0.00461186	0
COG2082	0.999	1	1	0.99604	0.0025353	0.974112	0.0165364	0.857592	0.0930229	0.021928	0.138448	2.9484	0.855965	0.925
COG2083	1	1	1	0.997125	0.00767352	0.980817	0.0497568	0.920705	0.173697	0.0163077	0.0764201	7.26234	0.477693	0.465625
COG2084	1	1	1	0.656313	0.216715	0.336731	0.264383	0.155215	0.266183	0.319582	0.501097	-1.90928	0.835802	0.9
COG2085	1	1	1	0.997176	0.0025337	0.981201	0.0188504	0.898376	0.10377	0.015975	0.098799	3.47106	0.984181	1
COG2086	1	1	1	0.982118	0.0216265	0.925596	0.0833975	0.755366	0.236998	0.0565221	0.226752	0.7384	0.991252	1
COG2088	0.0032	1	1	0.244763	0.122998	0.24358	0.122649	0.0375283	0.0277766	0.00118364	0.207235	-1.96243	0.0930737	0.0125
COG2089	1	1	1	0.644739	0.181701	0.257274	0.265136	0.0945629	0.210054	0.387465	0.550176	-1.18425	0.543798	0.56875
COG2090	1	1	1	0.999188	0.00199468	0.992829	0.0168262	0.946991	0.105782	0.00635916	0.0521972	6.70307	0.876059	0.95625
COG2091	0.069	1	1	0.0501671	0.103621	0.0449584	0.0946497	0.0082423	0.0203352	0.00520869	0.0419248	-4.29238	0.115205	0.00625
COG2092	1	1	1	0.999745	0.000603013	0.996905	0.00688292	0.964201	0.0667078	0.00284034	0.0355436	6.75234	0.93012	0.990625
COG2093	1	1	1	0.999896	0.00012481	0.998206	0.00183535	0.966301	0.0283986	0.00168991	0.0335956	6.70564	0.916808	0.990625
COG2094	1	1	1	0.587225	0.255605	0.216296	0.174741	0.0405351	0.042369	0.370929	0.54669	-2.33445	0.460224	0.49375
COG2095	1	1	1	0.999036	0.00105912	0.993502	0.00808383	0.962577	0.0494145	0.00553393	0.0364591	3.92445	0.840867	0.909375
COG2096	1	1	1	0.407903	0.258302	0.182304	0.247407	0.0788254	0.171097	0.225599	0.329078	-2.36179	0.727951	0.76875
COG2097	1	1	1	0.999866	0.000304464	0.998255	0.00375903	0.977198	0.0426191	0.00161082	0.0226681	7.32198	0.915887	0.984375
COG2098	1	1	1	0.997994	0.00314637	0.986086	0.0171717	0.909206	0.0928618	0.0119075	0.0887876	7.50679	0.838913	0.928125
COG2099	0.1381	1	1	0.308156	0.192156	0.255735	0.17816	0.0498421	0.0575688	0.0524216	0.258314	-1.56159	0.0536138	0.0125
COG2100	1	1	1	0.997969	0.00215794	0.980479	0.0180011	0.86564	0.0905359	0.0174902	0.132329	5.88922	0.559548	0.546875
COG2101	1	1	1	0.999992	1.50907e-05	0.999873	0.000223179	0.997857	0.00366455	0.000118732	0.00213492	9.46454	0.953535	0.996875
COG2102	1	1	1	0.999772	0.000264385	0.997401	0.00297362	0.973788	0.028547	0.00237149	0.0259836	5.84824	0.936059	0.990625
COG2104	1	1	1	0.96914	0.0325812	0.886763	0.0930383	0.641471	0.178521	0.0823769	0.327669	0.861679	0.842539	0.94375
COG2105	1	1	1	0.896538	0.0741417	0.543239	0.21523	0.192281	0.183542	0.353299	0.704257	-0.359592	0.630844	0.603125
COG2106	1	1	1	0.994689	0.0125353	0.967043	0.0726793	0.866514	0.204204	0.0276456	0.128175	5.91941	0.696008	0.709375
COG2107	0.9999	1	1	0.919401	0.115835	0.731504	0.295248	0.448069	0.286275	0.187897	0.471332	1.824	0.162107	0.1125
COG2108	1	1	1	0.999966	2.94145e-05	0.999592	0.000290466	0.994744	0.00432142	0.000374258	0.00522178	8.84859	0.983999	1
COG2109	1	1	1	0.844138	0.106158	0.474446	0.245523	0.163494	0.216101	0.369691	0.680643	-1.14553	0.868231	0.934375
COG2110	1	1	1	0.999521	0.000290413	0.996742	0.00195208	0.980179	0.0120373	0.00277847	0.0193415	4.13608	0.995491	1
COG2111	1	1	1	0.995758	0.00910091	0.967821	0.0587387	0.87633	0.191952	0.0279369	0.119428	3.53461	0.933215	0.96875
COG2112	0.9999	1	1	0.896984	0.296392	0.859828	0.287845	0.619188	0.260811	0.0371559	0.277796	4.32656	0.120984	0.08125
COG2113	0.0104	1	1	0.0480387	0.0602574	0.047058	0.059146	0.00624715	0.009087	0.000980709	0.0417915	-3.74002	0.116015	0.009375
COG2114	1	1	1	0.23916	0.301991	0.112049	0.259435	0.0608312	0.172901	0.127111	0.178329	-2.49859	0.490162	0.5125
COG2116	0.964	1	1	0.56185	0.242714	0.193324	0.201589	0.0383783	0.0634745	0.368526	0.523472	-2.27776	0.515581	0.515625
COG2117	0.505	1	1	0.831017	0.185459	0.690425	0.251115	0.326235	0.272494	0.140592	0.504782	3.94727	0.608129	0.634375
COG2118	1	1	1	0.99999	1.322e-05	0.99984	0.000189717	0.99706	0.00329025	0.000150263	0.00292975	9.46981	0.942754	0.99375
COG2119	1	1	1	0.971699	0.0206419	0.845045	0.106764	0.527372	0.242518	0.126654	0.444328	1.42556	0.862014	0.975
COG2120	1	1	1	0.98568	0.0119198	0.901187	0.073564	0.63329	0.242774	0.0844932	0.352391	0.753723	0.957775	1
COG2122	1	1	1	0.976723	0.0268139	0.844915	0.124563	0.487181	0.205068	0.131808	0.489541	2.68177	0.421343	0.425
COG2123	1	1	1	0.992933	0.0195122	0.948994	0.129226	0.807787	0.248836	0.0439388	0.185146	4.53018	0.423639	0.4
COG2124	0.989	1	1	0.133475	0.272954	0.0820117	0.228153	0.0399527	0.117736	0.0514638	0.0935228	-2.49306	0.323247	0.2875
COG2125	1	1	1	0.999969	5.67787e-05	0.99955	0.000804152	0.992965	0.0116465	0.000418842	0.00700414	8.28931	0.929289	0.996875
COG2126	1	1	1	0.997612	0.00345976	0.972571	0.038046	0.832822	0.182278	0.0250407	0.16479	3.8787	0.890625	0.95625
COG2128	0.8774	1	1	0.492329	0.27345	0.233709	0.29039	0.124603	0.287717	0.258621	0.367727	-1.73082	0.893748	0.9875
COG2129	1	1	1	0.999964	3.4528e-05	0.999643	0.000351912	0.99691	0.00312413	0.000321388	0.00305396	7.04805	0.975681	0.996875
COG2130	0.0573	1	1	0.126052	0.259219	0.121174	0.256721	0.0623179	0.171889	0.00487766	0.0637337	-1.57785	0.40747	0.340625
COG2131	1	1	1	0.851741	0.164679	0.573493	0.321735	0.270348	0.319441	0.278248	0.581392	-0.659075	0.785986	0.853125
COG2132	0.9998	1	1	0.467015	0.260647	0.200061	0.292859	0.106727	0.256317	0.266954	0.360288	-1.7313	0.789441	0.85625
COG2133	1	1	1	0.329444	0.344354	0.187437	0.334263	0.125075	0.299183	0.142008	0.204369	-1.98683	0.961228	0.99375
COG2135	0.991	1	1	0.372736	0.314191	0.185672	0.312905	0.102909	0.256081	0.187064	0.269827	-1.87172	0.782382	0.825
COG2136	1	1	1	0.999075	0.00253831	0.992756	0.0197137	0.958377	0.10703	0.00631905	0.0406986	7.45877	0.603046	0.6
COG2138	1	1	1	0.996055	0.00686662	0.972377	0.0499097	0.886642	0.197525	0.0236775	0.109413	3.08008	0.930852	0.98125
COG2139	1	1	1	0.999914	0.000183475	0.99884	0.00246835	0.98394	0.0316684	0.00107449	0.0159746	7.45814	0.862692	0.95
COG2140	1	1	1	0.986116	0.0184124	0.893701	0.110251	0.587389	0.265938	0.0924148	0.398727	2.62874	0.781258	0.840625
COG2141	1	1	1	0.843572	0.132397	0.54946	0.267548	0.269776	0.293364	0.294111	0.573796	-0.77019	0.977365	1
COG2142	0.9999	1	1	0.713136	0.23056	0.446485	0.301762	0.193073	0.174392	0.266651	0.520063	-0.804479	0.697817	0.759375
COG2144	0.998	1	1	0.997026	0.00218084	0.975974	0.0221881	0.866704	0.122214	0.0210516	0.130322	4.99444	0.71093	0.74375
COG2145	0.9989	1	1	0.948539	0.0480794	0.776616	0.183767	0.45468	0.297167	0.171922	0.493859	1.29989	0.782278	0.83125
COG2146	1	1	1	0.683775	0.136281	0.325788	0.232471	0.143879	0.276858	0.357987	0.539896	-1.54832	0.910071	0.978125
COG2147	1	1	1	0.999879	0.00028694	0.998469	0.0035174	0.980557	0.0402629	0.00140983	0.0193222	7.26421	0.892027	0.959375
COG2148	0.394	1	1	0.133264	0.238909	0.0842484	0.182351	0.0179548	0.0471733	0.0490158	0.115309	-4.72576	0.413726	0.4
COG2149	0.0142	1	1	0.605383	0.207352	0.599796	0.208525	0.248951	0.191584	0.00558764	0.356432	0.881623	0.274863	0.1375
COG2150	1	1	1	0.996486	0.00323545	0.974086	0.0223195	0.839253	0.133951	0.0223995	0.157233	6.28054	0.898839	0.965625
COG2151	1	1	1	0.997011	0.00466873	0.977315	0.0336417	0.895349	0.14532	0.0196967	0.101663	2.21894	0.778117	0.834375
COG2152	1	1	1	0.967725	0.0268211	0.764798	0.135956	0.325805	0.153905	0.202927	0.64192	0.736029	0.506952	0.45625
COG2154	1	1	1	0.23099	0.285618	0.125011	0.286931	0.0944582	0.267681	0.105979	0.136532	-2.0764	0.702068	0.728125
COG2155	0.1904	1	1	0.0293129	0.042648	0.0191738	0.0286101	0.00164095	0.00239238	0.0101391	0.027672	-4.97864	0.025251	0
COG2156	0.9975	1	1	0.841028	0.0808926	0.385788	0.223355	0.138752	0.276112	0.45524	0.702276	-0.520097	0.693776	0.7375
COG2157	1	1	1	0.999717	0.000438463	0.997484	0.00340067	0.976206	0.026527	0.00223243	0.0235111	7.89301	0.836562	0.925
COG2158	0.6941	1	1	0.856499	0.120218	0.584617	0.230091	0.178235	0.183709	0.271882	0.678263	1.72148	0.04374	0
COG2159	1	1	1	0.991509	0.0095083	0.934595	0.0846765	0.748223	0.259634	0.0569143	0.243286	0.997536	0.994485	1
COG2161	0.2402	1	1	0.12428	0.133048	0.0858489	0.106861	0.0154038	0.0259654	0.0384315	0.108877	-3.71439	0.326745	0.240625
COG2163	1	1	1	0.937942	0.180964	0.880549	0.275764	0.703182	0.336253	0.0573928	0.23476	2.75738	0.236135	0.19375
COG2164	1	1	1	0.993114	0.00605142	0.941392	0.0525075	0.704748	0.225764	0.0517218	0.288366	3.22292	0.80257	0.865625
COG2168	0.9893	1	1	0.826185	0.17865	0.48926	0.19467	0.151467	0.119989	0.336925	0.674718	0.76788	0.146786	0.059375
COG2170	1	1	1	0.732236	0.188032	0.382613	0.29597	0.18901	0.297632	0.349622	0.543226	-0.189112	0.78386	0.84375
COG2171	0.0008	1	1	0.00139025	0.00200643	0.00138763	0.00200242	0.000136983	0.000171551	2.61364e-06	0.00125327	-8.90435	0.0653718	0.003125
COG2172	0.0563	1	1	0.169535	0.239871	0.158725	0.23315	0.027028	0.0494744	0.0108094	0.142506	-3.57791	0.358627	0.296875
COG2174	1	1	1	0.9099	0.230937	0.810204	0.309617	0.586928	0.337372	0.0996962	0.322972	4.24571	0.116104	0.078125
COG2178	1	1	1	0.999946	0.000104913	0.999017	0.00176182	0.981276	0.0284787	0.00092876	0.0186703	6.85122	0.821955	0.8875
COG2180	0.9847	1	1	0.989517	0.00540552	0.930995	0.0352969	0.705582	0.137097	0.0585216	0.283934	2.67693	0.655706	0.696875
COG2181	1	1	1	0.999615	0.000320909	0.99611	0.00449163	0.973955	0.0285935	0.00350505	0.0256605	5.20246	0.839761	0.884375
COG2182	1	1	1	0.782002	0.152608	0.370545	0.269431	0.132186	0.260231	0.411457	0.649816	-0.988969	0.650003	0.671875
COG2183	0.927	1	1	0.0588091	0.17004	0.0165605	0.0491782	0.00240765	0.00718731	0.0422486	0.0564015	-6.01896	0.21011	0.140625
COG2185	1	1	1	0.997606	0.00399592	0.982008	0.0273608	0.902704	0.13972	0.0155982	0.0949018	3.35771	0.98339	1
COG2189	1	1	1	0.813377	0.168618	0.481841	0.310896	0.201457	0.246387	0.331536	0.61192	-1.15773	0.711724	0.728125
COG2191	1	1	1	0.999864	9.57393e-05	0.998285	0.0016164	0.976473	0.0302326	0.00157958	0.0233914	6.23558	0.922302	0.99375
COG2192	0.9999	1	1	0.84722	0.147126	0.497983	0.246631	0.176485	0.212031	0.349237	0.670735	-0.146963	0.622896	0.575
COG2193	1	1	1	0.811577	0.101722	0.403734	0.182166	0.112081	0.120353	0.407843	0.699496	-1.24528	0.569553	0.534375
COG2195	0.9873	1	1	0.271852	0.237765	0.073546	0.11784	0.00864342	0.0147472	0.198306	0.263209	-4.08445	0.398946	0.434375
COG2201	1	1	1	0.956076	0.0302911	0.815888	0.126048	0.507	0.282027	0.140187	0.449076	0.239433	0.961092	0.98125
COG2202	1	1	1	0.991727	0.00643315	0.942961	0.0543024	0.752129	0.199889	0.0487657	0.239598	1.73233	0.993337	1
COG2203	1	1	1	0.934576	0.0593059	0.719974	0.216233	0.423554	0.322363	0.214602	0.511022	-0.331147	0.977415	1
COG2204	0.9999	1	1	0.00747611	0.0212098	0.00180827	0.00525297	0.000400949	0.00117757	0.00566784	0.00707516	-8.18532	0.400427	0.428125
COG2207	0.8046	1	1	0.0270076	0.0802524	0.00540507	0.0161335	0.000598696	0.00179044	0.0216025	0.0264089	-8.07116	0.161736	0.078125
COG2208	0.0806	1	1	0.0987107	0.158811	0.0888828	0.150495	0.0145403	0.0305404	0.00982787	0.0841704	-4.06622	0.331502	0.28125
COG2210	1	1	1	0.999251	0.00134444	0.99174	0.0152894	0.939704	0.112702	0.00751078	0.0595476	4.79866	0.966687	1
COG2211	0.9623	1	1	0.132906	0.0986364	0.0168624	0.0141626	0.00180649	0.00192214	0.116044	0.1311	-6.64607	0.375926	0.378125
COG2212	0.9999	1	1	0.988266	0.0158992	0.92879	0.115682	0.799477	0.266637	0.0594764	0.188789	2.29105	0.852032	0.89375
COG2214	0.2081	1	1	0.0429601	0.0473999	0.0273186	0.0326093	0.00307338	0.00467887	0.0156414	0.0398867	-4.95663	0.0619427	0
COG2215	0.231	1	1	0.19986	0.0856963	0.132924	0.0636566	0.0185196	0.0123275	0.0669361	0.18134	-2.25592	0.114315	0.028125
COG2216	0.9989	1	1	0.789852	0.10869	0.352377	0.229323	0.12305	0.25897	0.437475	0.666802	-0.66995	0.680432	0.73125
COG2217	1	1	1	0.998052	0.00151306	0.98554	0.0107304	0.887434	0.0910711	0.0125121	0.110617	0.250016	0.999256	1
COG2218	1	1	1	0.998756	0.00120072	0.990667	0.00820404	0.936156	0.0477582	0.00808895	0.0625997	4.95269	0.765964	0.821875
COG2219	1	1	1	0.99999	7.58008e-06	0.999858	0.000127894	0.997676	0.00249856	0.000132799	0.00231463	9.73196	0.994172	1
COG2220	1	1	1	0.999849	0.000173935	0.998586	0.00147074	0.989659	0.0093013	0.00126314	0.0101903	3.95802	0.998525	1
COG2221	1	1	1	0.999737	0.000393337	0.996106	0.00611851	0.95415	0.0720613	0.00363129	0.0455877	4.58117	0.789969	0.83125
COG2222	0.6383	1	1	0.31098	0.269483	0.12591	0.149424	0.0138871	0.0177322	0.18507	0.297093	-3.2186	0.193081	0.128125
COG2223	0.9843	1	1	0.7141	0.175186	0.366827	0.264474	0.153755	0.26073	0.347273	0.560344	-1.5831	0.901944	0.971875
COG2224	0.007	1	1	0.022689	0.0372921	0.0224093	0.0368934	0.00389202	0.00742436	0.00027965	0.018797	-4.5308	0.0504455	0.00625
COG2225	0.2447	1	1	0.0403326	0.0828522	0.0286086	0.0630403	0.00615048	0.0152913	0.011724	0.0341821	-4.45844	0.0892992	0.034375
COG2226	1	1	1	0.792618	0.145962	0.34243	0.176724	0.065886	0.0538975	0.450188	0.726732	1.85562	0.314304	0.30625
COG2229	1	1	1	0.979534	0.0188342	0.848459	0.116769	0.480355	0.195162	0.131075	0.499179	2.19119	0.444675	0.434375
COG2230	0.0047	1	1	0.0267483	0.0583408	0.0265521	0.0579889	0.00539552	0.0139245	0.000196189	0.0213528	-5.18008	0.289761	0.134375
COG2231	1	1	1	0.985435	0.0107236	0.844782	0.115121	0.445699	0.233473	0.140654	0.539736	2.06234	0.398451	0.415625
COG2232	1	1	1	0.998391	0.00140414	0.986891	0.0123742	0.915192	0.087128	0.0115004	0.0831989	4.61491	0.820527	0.890625
COG2233	0.7643	1	1	0.439832	0.362805	0.282516	0.367496	0.150521	0.280567	0.157316	0.289311	-1.40133	0.593916	0.58125
COG2234	1	1	1	0.982194	0.0266858	0.915287	0.108919	0.732729	0.213873	0.0669066	0.249465	1.53326	0.987558	1
COG2235	0.9999	1	1	0.774945	0.157528	0.341233	0.21974	0.0662766	0.0637825	0.433712	0.708668	-0.970564	0.350474	0.3625
COG2236	1	1	1	0.998026	0.00399254	0.9868	0.0253421	0.939572	0.100017	0.0112255	0.0584533	3.59974	0.976474	1
COG2237	1	1	1	0.999531	0.000706353	0.995859	0.0057703	0.962435	0.0429948	0.0036726	0.037096	7.21891	0.78658	0.840625
COG2238	1	1	1	0.999955	8.41811e-05	0.999353	0.00116553	0.99003	0.0163066	0.000601947	0.00992477	7.93936	0.905318	0.975
COG2239	1	1	1	0.0543108	0.0375908	0.0071309	0.00638291	0.000911945	0.000960699	0.0471799	0.0533989	-7.65453	0.229129	0.175
COG2241	0.9999	1	1	0.994171	0.00516317	0.960202	0.0321198	0.817675	0.103187	0.0339695	0.176496	2.77688	0.861931	0.925
COG2242	0.999	1	1	0.989342	0.0104849	0.921993	0.0759597	0.680225	0.24699	0.0673488	0.309118	1.92713	0.834288	0.928125
COG2243	0.999	1	1	0.989583	0.00890824	0.935999	0.0457257	0.726666	0.164454	0.0535848	0.262918	2.29262	0.846345	0.909375
COG2244	1	1	1	0.987404	0.0138909	0.877894	0.123489	0.503106	0.288763	0.10951	0.484298	-1.31478	0.971519	0.996875
COG2245	0.9999	1	1	0.930048	0.184307	0.83867	0.261985	0.545662	0.223052	0.0913781	0.384386	5.20595	0.18981	0.146875
COG2246	1	1	1	0.6154	0.203659	0.199549	0.176112	0.0372293	0.0609007	0.415851	0.578171	-3.20638	0.517057	0.50625
COG2247	0.4655	1	1	0.632681	0.314149	0.461889	0.292913	0.140844	0.21355	0.170792	0.491837	-0.110045	0.218837	0.11875
COG2248	1	1	1	0.999703	0.000671254	0.996885	0.00652309	0.970254	0.0526243	0.00281829	0.0294492	6.5606	0.781081	0.834375
COG2249	0.7318	1	1	0.282958	0.268659	0.127569	0.23921	0.0481907	0.129288	0.155389	0.234767	-1.88638	0.504865	0.49375
COG2250	1	1	1	0.999911	0.000169724	0.999093	0.00150985	0.990629	0.0128222	0.000817955	0.00928104	6.81885	0.842187	0.959375
COG2252	1	1	1	0.476705	0.323251	0.197611	0.274045	0.0848792	0.208582	0.279094	0.391826	-2.05186	0.597502	0.56875
COG2253	1	1	1	0.857756	0.097216	0.458809	0.224707	0.128917	0.155005	0.398947	0.728839	-1.00125	0.698726	0.73125
COG2254	0.9999	1	1	0.956661	0.109704	0.870578	0.236146	0.653935	0.231228	0.0860837	0.302727	6.36594	0.184835	0.10625
COG2255	0.0203	1	1	0.000441334	0.00111571	0.000417742	0.00105631	3.41743e-05	8.88355e-05	2.35915e-05	0.000407159	-12.3911	0.0179199	0
COG2258	0.9973	1	1	0.440627	0.186287	0.109872	0.0993109	0.0182989	0.023195	0.330755	0.422328	-3.39153	0.504212	0.525
COG2259	1	1	1	0.110782	0.253479	0.0530726	0.146305	0.0177541	0.0515117	0.0577089	0.0930274	-3.93574	0.543258	0.54375
COG2260	1	1	1	0.998565	0.00326203	0.984373	0.0306762	0.871253	0.153351	0.014192	0.127312	5.43813	0.774446	0.8125
COG2262	1	1	1	0.996818	0.00254737	0.979891	0.0231729	0.894582	0.127003	0.0169274	0.102236	0.840323	0.970543	1
COG2263	1	1	1	0.999925	7.76337e-05	0.99918	0.000711355	0.990867	0.00834442	0.000744939	0.00905794	6.78364	0.967259	0.996875
COG2264	0.4963	1	1	0.0665003	0.15439	0.0343804	0.0887253	0.00636029	0.0175246	0.0321199	0.06014	-5.52779	0.118097	0.015625
COG2265	0.5062	1	1	0.014953	0.0231626	0.00445404	0.00713474	0.000404921	0.000654117	0.010499	0.0145481	-9.19553	0.0726572	0.009375
COG2266	1	1	1	0.999858	0.000188768	0.99848	0.00209292	0.983351	0.0266489	0.0013777	0.0165067	7.42758	0.911347	0.9875
COG2267	1	1	1	0.434854	0.343878	0.218369	0.300722	0.119397	0.284465	0.216485	0.315457	-3.39626	0.899968	0.971875
COG2273	0.1828	1	1	0.0634027	0.110984	0.0448714	0.0843242	0.0053188	0.0119345	0.0185314	0.0580839	-4.22552	0.131674	0.01875
COG2301	0.999	1	1	0.160411	0.157325	0.0333102	0.0565642	0.00673413	0.0143454	0.127101	0.153677	-4.6512	0.699727	0.715625
COG2303	0.9936	1	1	0.722702	0.215889	0.426006	0.270072	0.216947	0.292176	0.296696	0.505754	-1.06487	0.784918	0.878125
COG2304	1	1	1	0.56634	0.315688	0.274332	0.324208	0.132972	0.283028	0.292008	0.433368	-2.7425	0.923258	0.990625
COG2306	0.1235	1	1	0.546866	0.237362	0.489593	0.244818	0.147394	0.174675	0.0572736	0.399472	0.50943	0.0943319	0.021875
COG2307	0.0001	1	1	0.00797592	0.0223329	0.00797429	0.0223284	0.00085766	0.00240087	1.62702e-06	0.00711826	-6.03663	0.0124707	0
COG2308	0.0001	1	1	0.0163833	0.0358398	0.0163804	0.0358341	0.0027446	0.00655414	2.85171e-06	0.0136387	-5.14631	0.0473809	0
COG2309	1	1	1	0.680916	0.192991	0.314903	0.318653	0.148628	0.278447	0.366013	0.532287	-1.2783	0.886217	0.965625
COG2311	0.003	1	1	0.0471728	0.111155	0.0469857	0.110789	0.00987466	0.026051	0.000187099	0.0372981	-3.02896	0.0682036	0
COG2312	0.6593	1	1	0.682483	0.179103	0.394034	0.260859	0.146685	0.239701	0.288449	0.535798	0.178235	0.558202	0.578125
COG2314	0.7223	1	1	0.57802	0.230035	0.291204	0.257327	0.0873616	0.154741	0.286816	0.490658	-1.34699	0.48722	0.515625
COG2316	0.9973	1	1	0.999217	0.000863137	0.988129	0.0143387	0.880451	0.133069	0.011088	0.118766	3.33	0.775136	0.809375
COG2317	1	1	1	0.799731	0.128642	0.395581	0.255331	0.14004	0.239095	0.40415	0.659691	-0.67949	0.884739	0.965625
COG2319	1	1	1	0.965092	0.0245419	0.815494	0.0973279	0.450746	0.21131	0.149598	0.514346	1.12762	0.881228	0.975
COG2320	0.9998	1	1	0.757978	0.114086	0.286316	0.244311	0.0823933	0.165947	0.471662	0.675585	-0.696206	0.564699	0.49375
COG2322	0.0138	1	1	0.203973	0.217979	0.201175	0.216075	0.0560198	0.0724269	0.0027988	0.147954	-0.530254	0.164085	0.078125
COG2323	0.0022	1	1	0.0606583	0.0292285	0.0603724	0.02911	0.00690125	0.004213	0.000285957	0.0537571	-3.98088	0.0485662	0
COG2324	1	1	1	0.975168	0.0206345	0.860782	0.115019	0.562849	0.245089	0.114386	0.41232	2.91496	0.841778	0.91875
COG2326	0.6312	1	1	0.132251	0.2869	0.102089	0.277914	0.0683179	0.201809	0.0301618	0.0639329	-2.41836	0.454697	0.434375
COG2327	1	1	1	0.799209	0.0822877	0.323319	0.223359	0.112056	0.231388	0.47589	0.687153	-1.13213	0.559657	0.496875
COG2329	1	1	1	0.779628	0.126692	0.404533	0.242211	0.17162	0.26589	0.375096	0.608008	-0.963701	0.791284	0.884375
COG2332	0.9999	1	1	0.600845	0.195785	0.252359	0.23692	0.10346	0.196064	0.348486	0.497385	-1.51277	0.552434	0.553125
COG2333	0.972	1	1	0.567109	0.212906	0.22225	0.280566	0.0834749	0.195657	0.34486	0.483635	-1.51672	0.708372	0.721875
COG2334	0.882	1	1	0.00102904	0.00274344	0.000145116	0.000406435	1.67608e-05	4.83523e-05	0.000883919	0.00101227	-11.2824	0.114577	0.040625
COG2335	0.9989	1	1	0.77725	0.151461	0.394131	0.293108	0.182367	0.292605	0.383119	0.594883	-0.316146	0.605343	0.596875
COG2337	1	1	1	0.704295	0.187122	0.319055	0.325265	0.152024	0.272252	0.385239	0.55227	-1.53858	0.707104	0.721875
COG2339	1	1	1	0.827412	0.193798	0.534331	0.334383	0.275864	0.338496	0.293081	0.551549	0.343952	0.887065	0.959375
COG2340	1	1	1	0.769644	0.153942	0.350182	0.294521	0.147857	0.265553	0.419461	0.621786	-1.38107	0.755919	0.79375
COG2342	0.9991	1	1	0.929095	0.0428909	0.556805	0.178674	0.151193	0.117761	0.37229	0.777901	1.96728	0.396732	0.4625
COG2343	0.9977	1	1	0.764185	0.152979	0.365775	0.258613	0.12772	0.186841	0.39841	0.636464	-0.477236	0.481402	0.509375
COG2345	1	1	1	0.758291	0.135776	0.339035	0.242125	0.121258	0.223731	0.419256	0.637033	-0.925658	0.701583	0.71875
COG2346	0.5851	1	1	0.130764	0.238395	0.080067	0.18104	0.0287039	0.0765708	0.0506971	0.10206	-2.87927	0.280509	0.21875
COG2348	1	1	1	0.376563	0.182433	0.0590124	0.0541912	0.00540006	0.00589085	0.31755	0.371163	-4.16246	0.201589	0.13125
COG2352	0.0676	1	1	0.0411456	0.102273	0.0379088	0.0954096	0.00955315	0.0264395	0.00323686	0.0315925	-3.96784	0.104862	0.01875
COG2353	0.0034	1	1	0.00573015	0.00916256	0.00569448	0.00911001	0.000955537	0.00174334	3.56701e-05	0.00477461	-6.58344	0.0388171	0
COG2355	1	1	1	0.918185	0.0728039	0.63821	0.211181	0.292773	0.28326	0.279974	0.625412	-0.676106	0.844535	0.925
COG2357	0.0001	1	1	0.0221908	0.0343903	0.0221858	0.034383	0.00208767	0.00351573	4.99189e-06	0.0201031	-5.13606	0.0535945	0
COG2358	0.9998	1	1	0.866167	0.0957568	0.581495	0.237547	0.302417	0.288995	0.284672	0.56375	0.0607941	0.699675	0.75
COG2361	1	1	1	0.999078	0.000514874	0.990411	0.00515965	0.915933	0.047797	0.00866669	0.0831453	3.89369	0.897054	0.990625
COG2362	1	1	1	0.93874	0.0490559	0.658431	0.207047	0.294204	0.306128	0.280309	0.644536	1.19397	0.769679	0.815625
COG2364	0.5242	1	1	0.0361698	0.0190598	0.0120934	0.0064228	0.00146537	0.000958174	0.0240763	0.0347044	-5.33766	0.0497466	0
COG2366	0.9999	1	1	0.957298	0.0307457	0.807093	0.146662	0.5202	0.269504	0.150205	0.437098	0.989242	0.91386	0.99375
COG2368	1	1	1	0.811156	0.115636	0.39502	0.172425	0.0895393	0.081896	0.416136	0.721617	-0.376969	0.604691	0.590625
COG2369	0.136	1	1	0.0140688	0.0135179	0.00965193	0.0092635	0.000592241	0.000544366	0.00441687	0.0134766	-5.62965	0.061525	0
COG2371	0.4537	1	1	0.200131	0.187544	0.0875255	0.101108	0.00888012	0.0134936	0.112605	0.191251	-3.04705	0.0635878	0.0125
COG2373	0.0003	1	1	0.0163822	0.0316095	0.0163722	0.0315922	0.00200348	0.00441962	1.00248e-05	0.0143787	-5.7238	0.176215	0.034375
COG2376	0.7174	1	1	0.426683	0.259164	0.207519	0.268716	0.0702275	0.152609	0.219164	0.356456	-1.12544	0.576499	0.559375
COG2378	0.0004	1	1	0.0400385	0.111465	0.0400153	0.111404	0.00698592	0.0203217	2.32235e-05	0.0330526	-5.3224	0.14356	0.03125
COG2379	1	1	1	0.999021	0.00178682	0.989049	0.0218986	0.9298	0.129994	0.00997239	0.0692207	3.60551	0.978813	1
COG2382	0.0708	1	1	0.0241932	0.0564065	0.0212486	0.0500465	0.002891	0.0073083	0.00294458	0.0213022	-4.49761	0.06676	0
COG2383	1	1	1	0.969431	0.0681969	0.864085	0.202451	0.598075	0.265195	0.105346	0.371356	4.54189	0.51919	0.509375
COG2386	1	1	1	0.945611	0.0883664	0.827377	0.175959	0.592888	0.279194	0.118234	0.352723	1.08635	0.838623	0.896875
COG2388	0.1219	1	1	0.265947	0.184272	0.226312	0.165189	0.0401024	0.036518	0.0396347	0.225845	-2.05928	0.0961399	0.009375
COG2389	0.0004	1	1	0.647243	0.161954	0.647077	0.161999	0.249523	0.145738	0.000166357	0.39772	3.52431	0.158237	0.025
COG2391	1	1	1	0.978661	0.0274353	0.88702	0.150447	0.702209	0.291929	0.0916411	0.276452	1.65483	0.901112	0.984375
COG2401	0.9999	1	1	0.93079	0.105011	0.666393	0.185946	0.210559	0.102692	0.264397	0.720231	2.48356	0.251276	0.234375
COG2402	1	1	1	0.999621	0.000410768	0.995462	0.00595327	0.956602	0.0603503	0.00415868	0.0430189	5.18529	0.962741	1
COG2403	1	1	1	0.999785	0.000285691	0.996826	0.00322778	0.955434	0.0439703	0.00295925	0.044351	5.57182	0.860362	0.94375
COG2404	1	1	1	0.8746	0.165197	0.60135	0.297629	0.248541	0.210823	0.27325	0.626059	1.07425	0.700917	0.721875
COG2405	1	1	1	0.999715	0.000183709	0.996906	0.00262089	0.971707	0.0305539	0.00280958	0.0280086	5.99396	0.980404	1
COG2406	1	1	1	0.993541	0.00436731	0.929693	0.0551392	0.641272	0.201228	0.0638486	0.352269	3.798	0.764742	0.815625
COG2407	1	1	1	0.968291	0.0293036	0.807023	0.120273	0.40254	0.148277	0.161268	0.565752	0.829957	0.656315	0.6625
COG2409	1	1	1	0.958537	0.0451683	0.768975	0.180013	0.415054	0.295507	0.189561	0.543483	1.29066	0.362039	0.35
COG2410	1	1	1	0.985043	0.0289975	0.897806	0.151565	0.633924	0.263398	0.0872374	0.351119	3.99283	0.353322	0.371875
COG2411	1	1	1	0.987009	0.0229006	0.915431	0.116126	0.665573	0.200291	0.0715783	0.321437	3.58911	0.479868	0.484375
COG2412	1	1	1	0.998538	0.00153762	0.983539	0.0143413	0.83009	0.124205	0.014999	0.168448	5.17123	0.874658	0.959375
COG2413	1	1	1	0.988899	0.0264476	0.943682	0.112317	0.791878	0.215556	0.045217	0.197021	4.39511	0.488078	0.496875
COG2414	1	1	1	1	2.62531e-07	0.999996	5.91559e-06	0.999839	0.000305052	3.99351e-06	0.000160635	10.6993	0.999795	1
COG2419	0.9966	1	1	0.903652	0.262195	0.869005	0.283039	0.786518	0.274187	0.0346466	0.117134	6.98022	0.0637237	0.040625
COG2421	1	1	1	0.958155	0.0247356	0.760163	0.12409	0.373197	0.236886	0.197993	0.584958	0.90906	0.815914	0.90625
COG2423	1	1	1	0.998722	0.00165889	0.992739	0.0082674	0.963506	0.0403284	0.00598305	0.0352163	4.03449	0.99429	1
COG2425	0.9976	1	1	0.901579	0.106731	0.598713	0.245815	0.198012	0.175665	0.302866	0.703567	0.6266	0.592571	0.559375
COG2426	0.9989	1	1	0.987286	0.0143811	0.872221	0.106675	0.505451	0.267363	0.115066	0.481835	1.57021	0.580807	0.578125
COG2427	0.9994	1	1	0.990913	0.0104937	0.91946	0.101795	0.702314	0.276964	0.0714531	0.288599	3.93539	0.733757	0.775
COG2428	0.9996	1	1	0.865991	0.287874	0.693097	0.257418	0.322179	0.228538	0.172894	0.543812	4.42116	0.0411436	0.00625
COG2429	1	1	1	0.822941	0.177659	0.527142	0.264332	0.236207	0.229447	0.2958	0.586735	3.47046	0.304583	0.3
COG2430	0.9999	1	1	0.988314	0.00801316	0.892061	0.0820108	0.571996	0.244383	0.0962535	0.416318	4.23188	0.450331	0.44375
COG2431	0.9999	1	1	0.982475	0.018984	0.867873	0.104662	0.495562	0.200733	0.114602	0.486913	2.95261	0.388802	0.371875
COG2433	1	1	1	0.998059	0.00266111	0.984428	0.0179055	0.906204	0.0941248	0.0136318	0.091855	3.61494	0.970021	0.99375
COG2440	0.9999	1	1	0.866964	0.0779663	0.449925	0.160172	0.102933	0.0752155	0.417039	0.764031	0.718512	0.584181	0.559375
COG2441	1	1	1	0.995869	0.0039101	0.96814	0.0254679	0.804436	0.114459	0.0277295	0.191433	6.23014	0.629946	0.6875
COG2442	1	1	1	0.998166	0.00128526	0.98133	0.0134464	0.854472	0.105564	0.0168362	0.143694	3.43296	0.902634	0.98125
COG2443	1	1	1	0.998708	0.00233663	0.984551	0.0252343	0.85643	0.148164	0.0141569	0.142278	5.70674	0.639303	0.6375
COG2445	1	1	1	0.999781	0.000207923	0.997579	0.00204598	0.975534	0.0224874	0.00220197	0.0242471	5.78755	0.931239	1
COG2450	1	1	1	0.998729	0.00162708	0.987663	0.0142049	0.888796	0.10045	0.0110658	0.109933	6.09328	0.837336	0.925
COG2451	1	1	1	0.777064	0.293264	0.450045	0.303619	0.108175	0.113074	0.327018	0.668889	1.99469	0.0864936	0.040625
COG2452	1	1	1	0.998882	0.000708826	0.990037	0.00560579	0.928032	0.0406758	0.00884438	0.0708494	4.59962	0.802761	0.884375
COG2453	1	1	1	0.976518	0.0131957	0.856679	0.0708041	0.495439	0.212042	0.119839	0.481079	1.69795	0.922065	0.99375
COG2454	1	1	1	0.997217	0.00172163	0.970691	0.0185573	0.783124	0.144823	0.0265263	0.214094	4.97466	0.726234	0.728125
COG2456	0.9896	1	1	0.8053	0.197203	0.391345	0.260046	0.100981	0.161743	0.413955	0.704319	-0.0403749	0.207627	0.146875
COG2457	1	1	1	0.999983	2.88336e-05	0.999849	0.000242093	0.99866	0.00197892	0.000134051	0.00132263	9.84746	0.969369	0.996875
COG2461	1	1	1	0.973909	0.0133649	0.790409	0.0967945	0.33103	0.164014	0.1835	0.642879	1.45812	0.654796	0.634375
COG2469	0.5215	1	1	0.913318	0.0527287	0.793962	0.106546	0.39458	0.169428	0.119356	0.518738	6.74939	0.212149	0.109375
COG2509	1	1	1	0.996068	0.0052676	0.96182	0.0490996	0.805121	0.195441	0.0342488	0.190948	1.95099	0.693823	0.68125
COG2510	1	1	1	0.878591	0.0550855	0.427437	0.154666	0.0878801	0.0714324	0.451154	0.790711	-0.913345	0.57371	0.5125
COG2511	1	1	1	1	5.51464e-07	0.999986	1.42511e-05	0.999594	0.000438917	1.31726e-05	0.000405788	10.8784	0.989634	1
COG2512	1	1	1	0.99984	0.000290897	0.998224	0.0026379	0.980555	0.0235901	0.00161558	0.0192849	7.34093	0.941467	1
COG2513	1	1	1	0.841083	0.0705581	0.51951	0.180697	0.216718	0.239049	0.321574	0.624366	-0.671551	0.672193	0.684375
COG2514	0.8356	1	1	0.316727	0.255897	0.138103	0.241346	0.0545635	0.138869	0.178624	0.262164	-1.12432	0.318848	0.33125
COG2515	0.8713	1	1	0.87335	0.0763124	0.571811	0.198551	0.228897	0.224769	0.301538	0.644452	-0.023883	0.74529	0.784375
COG2516	1	1	1	0.999637	0.000262834	0.996346	0.00296074	0.970845	0.0310774	0.00329125	0.0287921	6.4479	0.878955	0.953125
COG2517	1	1	1	0.972368	0.057459	0.889785	0.170462	0.687134	0.238834	0.082583	0.285234	5.90769	0.353039	0.334375
COG2518	1	1	1	0.999576	0.000809314	0.997363	0.00452717	0.987857	0.0172283	0.00221288	0.0117193	4.38501	0.997228	1
COG2519	1	1	1	0.999815	0.000334992	0.998158	0.00343943	0.98573	0.0253817	0.00165719	0.0140853	5.28294	0.988611	1
COG2520	1	1	1	0.999997	4.19614e-06	0.99997	4.34123e-05	0.999636	0.000464238	2.76566e-05	0.0003618	9.70599	0.996562	1
COG2521	1	1	1	0.859112	0.146913	0.452395	0.210855	0.107388	0.126934	0.406717	0.751724	1.24995	0.188572	0.13125
COG2522	1	1	1	0.993876	0.00576104	0.927581	0.0615186	0.609706	0.247932	0.0662947	0.38417	3.24849	0.538278	0.51875
COG2524	0.9943	1	1	0.999737	0.00030831	0.997301	0.00372009	0.97544	0.0385341	0.00243604	0.0242973	7.71509	0.935571	0.975
COG2603	0.0071	1	1	0.17838	0.135728	0.176415	0.134943	0.0324707	0.0403448	0.00196531	0.145909	-1.64864	0.0804391	0.003125
COG2605	0.9997	1	1	0.478293	0.258881	0.180203	0.246607	0.0474108	0.0870936	0.29809	0.430882	-1.0292	0.495968	0.515625
COG2606	1	1	1	0.390476	0.267592	0.144674	0.285344	0.0960884	0.272198	0.245803	0.294388	-2.4969	0.788717	0.84375
COG2607	0.046	1	1	0.133083	0.0740931	0.123353	0.0705065	0.0225876	0.0216662	0.00972968	0.110495	-2.87069	0.0446829	0
COG2608	1	1	1	0.46258	0.294352	0.203555	0.31182	0.0894255	0.200721	0.259025	0.373155	-2.5313	0.513981	0.496875
COG2610	0.2548	1	1	0.415864	0.292738	0.331776	0.304015	0.14323	0.250409	0.0840874	0.272634	-0.683584	0.372595	0.321875
COG2703	0.9781	1	1	0.952952	0.0260008	0.706995	0.156154	0.281976	0.166257	0.245957	0.670977	0.857168	0.506547	0.55
COG2710	0.7726	1	1	0.993121	0.00881132	0.958398	0.0550353	0.791775	0.199862	0.0347233	0.201346	3.37484	0.719909	0.771875
COG2717	0.0006	1	1	0.0460724	0.0929167	0.0460272	0.092843	0.00744723	0.0176224	4.51952e-05	0.0386251	-3.58229	0.0440486	0
COG2718	0.0017	1	1	0.165517	0.289936	0.165281	0.289918	0.102698	0.284363	0.000235602	0.0628184	-0.714959	0.738959	0.825
COG2719	0.0005	1	1	0.173838	0.294223	0.173767	0.294214	0.104837	0.285568	7.1153e-05	0.0690003	-0.526031	0.732399	0.821875
COG2721	0.9985	1	1	0.826688	0.0861436	0.418642	0.200659	0.133048	0.16878	0.408046	0.693639	-0.85199	0.68317	0.675
COG2723	1	1	1	0.524702	0.244746	0.148385	0.177557	0.0276029	0.0530628	0.376317	0.497099	-3.00091	0.432332	0.440625
COG2730	0.0733	1	1	0.204251	0.197691	0.183543	0.193769	0.0396833	0.0815584	0.0207087	0.164568	-2.46462	0.481335	0.471875
COG2746	0.9817	1	1	0.583808	0.134768	0.149334	0.144537	0.0218064	0.0347247	0.434474	0.562002	-1.68283	0.546585	0.55
COG2755	0.9952	1	1	0.0973572	0.277617	0.0615279	0.183435	0.0199822	0.0598447	0.0358292	0.077375	-5.20533	0.54781	0.5625
COG2759	0.9999	1	1	0.738776	0.271887	0.471973	0.360399	0.271325	0.361191	0.266802	0.467451	-0.944004	0.934379	0.9625
COG2761	0.9986	1	1	0.557746	0.256356	0.224189	0.266671	0.10075	0.224596	0.333557	0.456996	-1.56109	0.650788	0.646875
COG2766	0.017	1	1	0.173382	0.296878	0.171117	0.296471	0.104767	0.282835	0.00226529	0.0686154	-0.539381	0.778697	0.884375
COG2768	1	1	1	0.998492	0.00276719	0.981081	0.0356319	0.878612	0.172858	0.0174109	0.11988	2.92821	0.927156	0.990625
COG2770	0.4465	1	1	0.339347	0.164335	0.170521	0.119059	0.0241411	0.0257184	0.168826	0.315206	-2.07281	0.159419	0.021875
COG2771	0.0035	1	1	0.136798	0.170992	0.136153	0.170644	0.0316745	0.0616535	0.000645593	0.105124	-1.95195	0.0981775	0
COG2801	1	1	1	0.367039	0.323401	0.161028	0.283573	0.0621824	0.156356	0.206011	0.304856	-3.26354	0.789814	0.875
COG2810	1	1	1	0.963268	0.0227053	0.730296	0.128532	0.268235	0.173655	0.232973	0.695033	2.72064	0.683486	0.646875
COG2811	1	1	1	0.985977	0.0215207	0.903788	0.107578	0.629484	0.244597	0.0821887	0.356493	5.13385	0.680005	0.7
COG2813	1	1	1	0.0184753	0.0277553	0.00109279	0.00170232	6.92964e-05	0.000103744	0.0173825	0.018406	-9.00013	0.0768473	0.009375
COG2815	0.0099	1	1	0.236775	0.190919	0.233722	0.189663	0.0454466	0.057144	0.00305259	0.191328	-0.975791	0.110102	0.01875
COG2816	0.3034	1	1	0.200205	0.266832	0.148838	0.260329	0.0718649	0.193488	0.0513671	0.12834	-2.18227	0.348615	0.303125
COG2818	1	1	1	0.0713495	0.181977	0.0175204	0.0506269	0.00304722	0.00900816	0.0538291	0.0683023	-5.62209	0.384814	0.425
COG2819	0.1967	1	1	0.0396854	0.0361028	0.0251144	0.0242139	0.00243418	0.00280725	0.0145709	0.0372512	-4.6167	0.127828	0.0125
COG2820	1	1	1	0.976381	0.0245621	0.832472	0.146762	0.447561	0.212266	0.143908	0.52882	1.00284	0.886639	0.971875
COG2827	1	1	1	0.228447	0.315118	0.0873626	0.180548	0.0199379	0.0501313	0.141084	0.208509	-3.48161	0.614653	0.603125
COG2832	1	1	1	0.457038	0.139568	0.0770121	0.0482678	0.00854813	0.00722688	0.380026	0.44849	-3.40713	0.225093	0.171875
COG2834	0.14	1	1	0.176262	0.22714	0.151831	0.208158	0.0445745	0.0843339	0.0244308	0.131688	-3.30585	0.672906	0.78125
COG2835	1	1	1	0.985348	0.0139799	0.918909	0.0791228	0.72677	0.250089	0.066439	0.258578	1.25272	0.940213	0.990625
COG2836	0.2579	1	1	0.367975	0.270351	0.288189	0.27355	0.122546	0.253572	0.0797853	0.245429	-0.615391	0.553976	0.55625
COG2838	0.0007	1	1	0.104456	0.0763566	0.104338	0.0762759	0.0180298	0.0145082	0.000118271	0.0864267	-2.60415	0.00940765	0
COG2839	0.0051	1	1	0.0935873	0.0825813	0.0927159	0.0818918	0.0127983	0.01266	0.000871345	0.080789	-2.49377	0.0177049	0
COG2843	0.9995	1	1	0.73002	0.159132	0.315172	0.287459	0.121481	0.253294	0.414848	0.608539	-1.49338	0.691239	0.684375
COG2847	0.1573	1	1	0.142617	0.0982252	0.114381	0.083531	0.0264084	0.0248947	0.0282364	0.116209	-2.79063	0.030122	0.00625
COG2848	1	1	1	0.995728	0.00988183	0.952362	0.107025	0.827091	0.267278	0.0433658	0.168637	2.82138	0.709733	0.75
COG2855	0.9995	1	1	0.738289	0.142453	0.331184	0.235175	0.118048	0.198357	0.407105	0.62024	-1.24167	0.625227	0.61875
COG2856	0.7599	1	1	0.72468	0.151017	0.362087	0.246714	0.0885976	0.122538	0.362593	0.636083	-1.72577	0.600955	0.55
COG2860	0.9965	1	1	0.482262	0.216363	0.157013	0.267955	0.0872433	0.23847	0.325249	0.395019	-1.72758	0.341698	0.4
COG2862	0.006	1	1	0.251832	0.117943	0.249803	0.117629	0.0531104	0.046774	0.00202835	0.198721	-1.3072	0.0890678	0
COG2864	0.9993	1	1	0.972777	0.0471339	0.87911	0.160055	0.671863	0.240549	0.0936676	0.300914	2.16999	0.832921	0.89375
COG2865	1	1	1	0.960813	0.0341733	0.737848	0.18724	0.337217	0.288582	0.222965	0.623596	-0.0632472	0.823926	0.903125
COG2866	0.9989	1	1	0.139151	0.28377	0.0927538	0.266925	0.0540398	0.161109	0.046397	0.085111	-2.44199	0.471333	0.48125
COG2867	0.0167	1	1	0.0162734	0.0253239	0.0157689	0.0245036	0.00233058	0.00321615	0.000504484	0.0139428	-5.59561	0.038616	0
COG2872	1	1	1	0.796977	0.149848	0.407987	0.234983	0.117692	0.151009	0.38899	0.679285	-0.29545	0.603415	0.615625
COG2873	1	1	1	0.320382	0.314992	0.153719	0.293768	0.0993659	0.269524	0.166664	0.221017	-2.41483	0.845444	0.921875
COG2874	0.9999	1	1	0.999795	0.000131217	0.99852	0.00108103	0.989131	0.00984837	0.00127494	0.010664	9.3942	0.825152	0.875
COG2875	0.999	1	1	0.997751	0.00266351	0.985258	0.0160205	0.935906	0.0601278	0.0124931	0.0618443	3.89416	0.892965	0.946875
COG2876	0.9999	1	1	0.958436	0.0655336	0.818779	0.228818	0.553501	0.290754	0.139657	0.404935	0.991816	0.682022	0.709375
COG2878	0.0005	1	1	0.0517131	0.121812	0.0516752	0.121739	0.00872658	0.0230984	3.79086e-05	0.0429865	-3.47633	0.0223112	0
COG2880	0.9952	1	1	0.998187	0.00191975	0.985651	0.0136569	0.904407	0.0814299	0.0125362	0.0937798	7.57068	0.594268	0.578125
COG2881	0.9998	1	1	0.985564	0.0145881	0.861166	0.120592	0.532542	0.293487	0.124398	0.453022	3.48608	0.704247	0.740625
COG2886	1	1	1	0.999331	0.000393737	0.99381	0.00325277	0.94973	0.033859	0.005521	0.0496006	5.93369	0.922551	0.996875
COG2887	0.9685	1	1	0.0103045	0.00578859	0.00108479	0.000711043	9.99749e-05	7.89667e-05	0.00921972	0.0102045	-8.85431	0.0951579	0.009375
COG2888	1	1	1	0.997634	0.00133171	0.968077	0.0198323	0.733283	0.132045	0.0295565	0.264351	3.59359	0.835896	0.9
COG2890	1	1	1	0.998154	0.00268428	0.979754	0.0251111	0.845302	0.131727	0.0183999	0.152852	-1.04978	0.97876	1
COG2892	1	1	1	0.997229	0.00272611	0.980016	0.0175408	0.866129	0.104728	0.0172134	0.131101	6.2084	0.805452	0.86875
COG2896	1	1	1	1	8.10272e-07	0.999998	3.1975e-06	0.99999	1.21502e-05	1.90735e-06	1.00136e-05	10.986	0.999051	1
COG2897	1	1	1	0.620109	0.234242	0.318408	0.289198	0.163281	0.286048	0.3017	0.456828	-1.50058	0.943254	1
COG2898	0.0004	1	1	0.0224511	0.0135158	0.0224289	0.0135053	0.00193256	0.00175163	2.22214e-05	0.0205185	-4.58734	0.0119649	0
COG2899	0.8401	1	1	0.1328	0.0751487	0.0173027	0.00975198	0.00128032	0.000656761	0.115498	0.13152	-4.1922	0.00809283	0
COG2908	1	1	1	0.0266207	0.0479611	0.00359616	0.00626033	0.000446272	0.000718213	0.0230245	0.0261744	-7.01358	0.0678119	0.003125
COG2918	0.0001	1	1	0.0135255	0.00800783	0.0135227	0.00800636	0.00161806	0.00122944	2.89641e-06	0.0119075	-4.50002	0.0071596	0
COG2920	0.9968	1	1	0.975255	0.04068	0.855578	0.137697	0.520635	0.202567	0.119677	0.45462	2.02358	0.462051	0.40625
COG2923	0.9994	1	1	0.991418	0.00895963	0.93466	0.0645704	0.72662	0.190112	0.056758	0.264798	3.35495	0.689784	0.70625
COG2924	0.0037	1	1	0.00971204	0.00640733	0.00965042	0.00635659	0.00183975	0.000929214	6.16191e-05	0.00787229	-4.85611	0.00346089	0
COG2928	0.2829	1	1	0.212847	0.136949	0.149587	0.105552	0.0360457	0.0324681	0.0632597	0.176801	-2.37159	0.48138	0.46875
COG2936	1	1	1	0.799193	0.110946	0.380849	0.230986	0.132273	0.221354	0.418343	0.66692	-0.905031	0.704297	0.71875
COG2940	0.9966	1	1	0.3494	0.241804	0.0921108	0.127778	0.0152173	0.025914	0.257289	0.334183	-2.69708	0.300508	0.290625
COG2945	0.9895	1	1	0.709745	0.218252	0.41655	0.245012	0.143955	0.148795	0.293195	0.56579	-1.01136	0.749564	0.8125
COG2947	0.0743	1	1	0.00356486	0.00912471	0.00310868	0.0079864	0.000521654	0.00138768	0.000456187	0.00304321	-6.63671	0.0144126	0
COG2966	0.0007	1	1	0.0152212	0.0276318	0.0151967	0.0275905	0.00149391	0.00297448	2.4518e-05	0.0137273	-5.41557	0.0127874	0
COG2968	0.9997	1	1	0.422478	0.244879	0.112239	0.126325	0.0163459	0.0225138	0.310239	0.406132	-3.42192	0.530744	0.5
COG2971	0.9992	1	1	0.7426	0.179112	0.343514	0.28341	0.120722	0.19876	0.399085	0.621877	-0.696599	0.436342	0.4875
COG2983	0.0018	1	1	0.200232	0.126471	0.199741	0.126169	0.0409911	0.0262574	0.00049077	0.159241	-1.64815	0.0226004	0
COG2986	1	1	1	0.685862	0.221424	0.339745	0.342117	0.185002	0.321523	0.346116	0.50086	-0.835991	0.838577	0.9
COG2987	1	1	1	0.827346	0.147136	0.474755	0.301905	0.241271	0.329133	0.352592	0.586076	-0.398435	0.858138	0.934375
COG2988	0.1349	1	1	0.0566905	0.0669837	0.0433765	0.0540764	0.00537991	0.00837515	0.013314	0.0513106	-2.58786	0.00593145	0
COG2998	1	1	1	0.997752	0.00318272	0.975436	0.0399872	0.869007	0.214389	0.0223165	0.128745	3.60524	0.956278	0.996875
COG3002	0.0005	1	1	0.132973	0.172653	0.132884	0.172573	0.0268583	0.0454147	8.86321e-05	0.106114	-1.01329	0.0534506	0
COG3011	0.006	1	1	0.0462208	0.120125	0.04592	0.11943	0.012246	0.0339968	0.000300858	0.0339748	-3.60298	0.054315	0.009375
COG3019	0.1472	1	1	0.271442	0.163509	0.219439	0.156885	0.0434307	0.0657167	0.0520034	0.228012	-1.22656	0.128583	0.0125
COG3025	0.5023	1	1	0.126058	0.0953846	0.0515648	0.040848	0.00699196	0.00546443	0.0744936	0.119066	-3.57723	0.0677197	0.003125
COG3030	0.025	1	1	0.042214	0.0420033	0.0405938	0.0406532	0.00837286	0.0104035	0.00162024	0.0338412	-3.78722	0.213341	0.09375
COG3033	0.9993	1	1	0.884285	0.0978724	0.529051	0.231917	0.192239	0.264817	0.355233	0.692045	0.657364	0.805225	0.8875
COG3039	1	1	1	0.916677	0.0541198	0.577519	0.231246	0.241478	0.307667	0.339158	0.675199	-0.38211	0.942266	0.990625
COG3044	0.9921	1	1	0.95715	0.0334438	0.713972	0.180404	0.312461	0.262332	0.243178	0.644689	1.83106	0.266111	0.175
COG3046	0.5819	1	1	0.0510588	0.044287	0.0176295	0.017937	0.0023415	0.00287627	0.0334294	0.0487173	-4.55445	0.0377461	0
COG3049	0.9976	1	1	0.468696	0.138649	0.0923812	0.0593868	0.0105439	0.00933783	0.376315	0.458152	-3.1165	0.402674	0.471875
COG3055	1	1	1	0.365237	0.21969	0.105321	0.191194	0.027064	0.0678769	0.259916	0.338173	-2.02358	0.58361	0.559375
COG3058	0.8155	1	1	0.744983	0.149119	0.353523	0.123922	0.0612669	0.025661	0.39146	0.683717	-0.168338	0.275977	0.246875
COG3070	0.2285	1	1	0.0137449	0.0313053	0.00824009	0.0196099	0.000766638	0.00200782	0.00550479	0.0129782	-6.20397	0.0862932	0
COG3075	0.9837	1	1	0.869905	0.0835326	0.509894	0.18608	0.138666	0.0824113	0.360011	0.731238	1.71203	0.685212	0.703125
COG3091	0.0187	1	1	0.00144604	0.00135601	0.0013898	0.00130593	0.000166434	0.000173407	5.62399e-05	0.0012796	-6.6788	0.00200218	0
COG3119	1	1	1	0.673302	0.210621	0.317327	0.329762	0.176301	0.319028	0.355975	0.497001	-1.36708	0.958026	0.99375
COG3136	0.0003	1	1	0.241166	0.0820563	0.24105	0.0820251	0.0377035	0.0141446	0.000115439	0.203462	0.759423	0.0256162	0
COG3153	0.0184	1	1	0.135101	0.242255	0.132555	0.241393	0.0492474	0.13346	0.00254603	0.085854	-2.69893	0.49412	0.490625
COG3158	0.0062	1	1	0.0582768	0.0540516	0.0576502	0.0534964	0.0091917	0.00889568	0.000626557	0.0490851	-3.49462	0.0441325	0
COG3161	0.9709	1	1	0.787811	0.144834	0.446979	0.177836	0.126801	0.070246	0.340832	0.66101	-0.231125	0.277831	0.23125
COG3173	1	1	1	0.396438	0.305652	0.157832	0.293029	0.105981	0.295378	0.238606	0.290457	-1.81897	0.847289	0.90625
COG3174	0.9996	1	1	0.992726	0.00703303	0.936921	0.0639682	0.711134	0.239722	0.0558053	0.281592	2.98007	0.862565	0.928125
COG3177	1	1	1	0.511511	0.270292	0.203756	0.285517	0.0957829	0.24112	0.307754	0.415728	-2.46085	0.793608	0.85
COG3183	0.9996	1	1	0.853362	0.0717426	0.365212	0.207208	0.0745607	0.0939999	0.488149	0.778801	0.0788998	0.501006	0.46875
COG3187	0.5299	1	1	0.322711	0.249569	0.181228	0.222853	0.0559226	0.12017	0.141483	0.266789	-1.30924	0.212118	0.1375
COG3189	0.9997	1	1	0.986873	0.00960112	0.91267	0.0616654	0.657751	0.213548	0.0742038	0.329122	2.21552	0.705017	0.709375
COG3191	1	1	1	0.876722	0.0901968	0.486353	0.207935	0.141295	0.121165	0.390369	0.735426	-0.972196	0.715577	0.734375
COG3193	0.1826	1	1	0.319858	0.236322	0.265442	0.231814	0.0934192	0.168325	0.0544166	0.226439	-1.24416	0.356738	0.30625
COG3199	1	1	1	0.98712	0.010549	0.901388	0.0637432	0.596167	0.219983	0.0857328	0.390953	3.25711	0.98121	1
COG3205	0.7777	1	1	0.309268	0.134771	0.0708756	0.0461077	0.00731459	0.00601291	0.238393	0.301954	-2.35157	0.247999	0.203125
COG3211	0.0004	1	1	0.0314184	0.0742843	0.0313979	0.0742406	0.00518714	0.0132974	2.04369e-05	0.0262312	-4.0641	0.0184634	0
COG3212	0.0714	1	1	0.302315	0.146701	0.272171	0.14129	0.0460879	0.0416929	0.0301439	0.256227	-1.72943	0.195308	0.08125
COG3216	0.007	1	1	0.0165585	0.0100362	0.0163518	0.00990446	0.00268243	0.00145567	0.000206759	0.0138761	-4.72577	0.00587496	0
COG3217	0.0685	1	1	0.200989	0.221413	0.187118	0.216492	0.0636048	0.122489	0.0138714	0.137385	-1.4399	0.309096	0.2
COG3221	0.9998	1	1	0.391689	0.260605	0.173637	0.276292	0.101665	0.260574	0.218052	0.290025	-1.423	0.703035	0.734375
COG3224	0.0758	1	1	0.299272	0.227045	0.273727	0.221989	0.0706985	0.104438	0.0255445	0.228573	-0.482671	0.179153	0.028125
COG3227	0.0059	1	1	0.127673	0.148748	0.126428	0.147951	0.0199499	0.0358629	0.00124489	0.107723	-2.24647	0.174603	0.03125
COG3233	0.497	1	1	0.782572	0.146179	0.567166	0.170613	0.150808	0.0850714	0.215406	0.631764	0.983959	0.295766	0.26875
COG3243	0.7335	1	1	0.254728	0.263165	0.107367	0.143642	0.0209029	0.0315159	0.147362	0.233826	-2.68619	0.430942	0.39375
COG3246	0.9984	1	1	0.857259	0.0952165	0.519199	0.244075	0.241763	0.299165	0.33806	0.615496	0.011803	0.85352	0.934375
COG3247	0.9899	1	1	0.540266	0.265842	0.23889	0.311667	0.083895	0.15963	0.301376	0.456371	-1.55918	0.474948	0.484375
COG3250	1	1	1	0.121511	0.281942	0.0734258	0.213246	0.0258389	0.07691	0.0480853	0.0956722	-3.48102	0.580514	0.5625
COG3252	1	1	1	0.99997	7.42911e-05	0.99976	0.000551168	0.997996	0.00380561	0.000210464	0.0019747	9.38172	0.988177	1
COG3253	0.9997	1	1	0.150869	0.152154	0.0391446	0.0429406	0.00734481	0.00795779	0.111725	0.143525	-3.41936	0.0997642	0.053125
COG3254	0.0097	1	1	0.0744505	0.129341	0.0732691	0.127935	0.0119608	0.0275379	0.00118145	0.0624898	-2.79048	0.151516	0.040625
COG3255	1	1	1	0.973755	0.0290823	0.85036	0.157961	0.589762	0.279671	0.123395	0.383994	1.3087	0.835741	0.903125
COG3256	0.1356	1	1	0.77256	0.154087	0.727927	0.180172	0.389127	0.282276	0.044633	0.383433	1.60909	0.641115	0.696875
COG3259	1	1	1	0.919543	0.0470028	0.556912	0.185588	0.130424	0.0807682	0.36263	0.789119	0.0604915	0.463234	0.453125
COG3260	1	1	1	0.999322	0.00166781	0.995516	0.010381	0.974836	0.0534384	0.00380611	0.0244864	5.50178	0.830999	0.89375
COG3261	1	1	1	0.999721	0.000414231	0.997734	0.00308139	0.983511	0.0166977	0.00198698	0.0162103	5.85638	0.853997	0.915625
COG3262	0.5315	1	1	0.635615	0.26825	0.419949	0.266921	0.11918	0.147607	0.215666	0.516435	3.22734	0.130788	0.046875
COG3263	0.9997	1	1	0.36468	0.132212	0.0583867	0.0326224	0.00604642	0.00367869	0.306293	0.358634	-3.73021	0.226671	0.171875
COG3268	0.0005	1	1	0.093217	0.168707	0.0931615	0.168648	0.0243099	0.0576119	5.54547e-05	0.0689071	-1.88808	0.1264	0.00625
COG3269	1	1	1	0.999514	0.000487815	0.995505	0.00427709	0.956135	0.038595	0.00400883	0.0433786	7.20765	0.797179	0.875
COG3270	1	1	1	0.826737	0.262337	0.49611	0.271987	0.160775	0.21213	0.330627	0.665962	2.99042	0.186245	0.15625
COG3271	0.0256	1	1	0.357909	0.178916	0.346775	0.178455	0.0773122	0.0890537	0.0111338	0.280597	-1.04269	0.216252	0.09375
COG3272	0.4499	1	1	0.23193	0.052957	0.0909354	0.0256616	0.00889409	0.00338877	0.140994	0.223036	-0.843575	0.0102551	0
COG3273	1	1	1	0.996154	0.00377593	0.964928	0.0326174	0.778005	0.182183	0.0312265	0.21815	5.36174	0.849659	0.928125
COG3274	0.9799	1	1	0.246569	0.0593075	0.0279629	0.0123853	0.00229696	0.00144395	0.218606	0.244272	-4.14909	0.177937	0.05
COG3276	1	1	1	1	1.99475e-07	0.999998	2.43811e-06	0.999972	3.99055e-05	1.72853e-06	2.76566e-05	11.476	0.999965	1
COG3277	1	1	1	0.997507	0.00578339	0.983166	0.0363093	0.909569	0.143821	0.0143408	0.0879381	6.34563	0.779948	0.825
COG3280	0.3265	1	1	0.690554	0.194339	0.558944	0.209531	0.193094	0.125253	0.131611	0.497461	0.383466	0.268336	0.1875
COG3281	0.7494	1	1	0.910492	0.0508366	0.683326	0.161903	0.281738	0.186947	0.227165	0.628754	1.57044	0.206032	0.109375
COG3285	0.0002	1	1	0.500937	0.228746	0.500855	0.228751	0.162493	0.138111	8.19564e-05	0.338444	0.359965	0.184668	0.071875
COG3286	1	1	1	0.89767	0.250553	0.830591	0.291357	0.707221	0.330057	0.0670789	0.190449	6.25945	0.079648	0.03125
COG3287	0.9989	1	1	0.542057	0.127061	0.0992748	0.0515171	0.0101892	0.0069785	0.442782	0.531867	-2.80049	0.296871	0.321875
COG3291	1	1	1	0.974574	0.0217789	0.832106	0.123168	0.479737	0.291988	0.142468	0.494837	0.368398	0.958077	1
COG3292	0.0006	1	1	0.159481	0.211004	0.159362	0.210975	0.044179	0.101226	0.000118613	0.115302	-1.28374	0.218227	0.08125
COG3293	0.6105	1	1	0.559912	0.19785	0.300225	0.254626	0.0937116	0.182437	0.259687	0.466201	-0.86322	0.512617	0.503125
COG3294	1	1	1	0.998112	0.00151132	0.971649	0.023427	0.746054	0.176643	0.0264632	0.252058	3.45067	0.788238	0.83125
COG3299	0.2015	1	1	0.182207	0.269577	0.149808	0.270252	0.0657168	0.179256	0.0323995	0.11649	-1.06166	0.530631	0.51875
COG3301	0.9942	1	1	0.967617	0.0344172	0.793268	0.164625	0.413785	0.177485	0.174349	0.553832	2.24341	0.56212	0.54375
COG3304	0.0283	1	1	0.134011	0.167917	0.127794	0.164125	0.0189697	0.038451	0.00621621	0.115041	-2.11074	0.0861478	0.003125
COG3305	0.9994	1	1	0.423541	0.135621	0.0988545	0.0578027	0.0161086	0.011557	0.324687	0.407433	-1.05126	0.0142849	0
COG3307	0.1662	1	1	0.0537739	0.148687	0.0441723	0.124064	0.00987201	0.0288261	0.00960153	0.0439018	-5.16939	0.216162	0.103125
COG3314	0.0002	1	1	0.0151005	0.0300313	0.0150941	0.0300189	0.00134858	0.00247168	6.48573e-06	0.013752	-5.23733	0.0239993	0
COG3315	0.9732	1	1	0.745306	0.126598	0.280204	0.236385	0.0872514	0.187081	0.465102	0.658054	-0.78158	0.655266	0.640625
COG3316	0.9999	1	1	0.918289	0.0463998	0.58147	0.176619	0.20661	0.247658	0.336819	0.711679	0.539611	0.820244	0.915625
COG3324	1	1	1	0.646072	0.200403	0.305229	0.311787	0.156374	0.300413	0.340843	0.489698	-0.86962	0.835976	0.903125
COG3325	0.3679	1	1	0.0764078	0.146978	0.041211	0.0914778	0.00562293	0.0142125	0.0351967	0.0707848	-3.32262	0.114348	0
COG3326	0.9937	1	1	0.331073	0.193115	0.0653045	0.104583	0.00856245	0.0175485	0.265768	0.322511	-3.39271	0.256246	0.2125
COG3328	0.9942	1	1	0.922687	0.0576719	0.59892	0.199523	0.223684	0.2465	0.323767	0.699003	-0.24706	0.649072	0.596875
COG3329	0.0003	1	1	0.0326667	0.0192377	0.0326462	0.0192278	0.00413157	0.00319948	2.05114e-05	0.0285351	-3.05448	0.0055502	0
COG3332	0.8778	1	1	0.554236	0.252125	0.288276	0.289701	0.129	0.222403	0.26596	0.425236	-0.209555	0.53635	0.54375
COG3335	1	1	1	0.950043	0.0307767	0.73194	0.149845	0.344872	0.272433	0.218103	0.60517	0.601484	0.940426	0.99375
COG3337	0.6102	1	1	0.991192	0.00495494	0.970857	0.020997	0.85736	0.11859	0.0203343	0.133831	5.68291	0.517022	0.56875
COG3339	0.2557	1	1	0.703127	0.150755	0.594405	0.193756	0.243138	0.253781	0.108723	0.45999	-0.0261552	0.64506	0.71875
COG3341	0.0003	1	1	0.108638	0.0463089	0.108558	0.0462768	0.00792713	0.0038703	7.98702e-05	0.100711	-0.683636	0.00505484	0
COG3342	0.9999	1	1	0.896303	0.149186	0.658016	0.264155	0.325837	0.249722	0.238287	0.570466	1.13465	0.716764	0.75625
COG3344	0.9978	1	1	0.584789	0.227301	0.224543	0.308582	0.105843	0.259929	0.360246	0.478946	-1.53732	0.718484	0.7375
COG3345	0.0142	1	1	0.0139901	0.0175469	0.0135217	0.0170131	0.00128298	0.00184899	0.000468316	0.0127071	-5.77113	0.0697365	0.003125
COG3350	0.9999	1	1	0.995713	0.00584936	0.967423	0.0484164	0.850803	0.20301	0.0282895	0.14491	3.4191	0.91987	0.99375
COG3351	0.7983	1	1	0.965044	0.0452353	0.877292	0.125675	0.601511	0.203619	0.0877521	0.363533	6.98667	0.347324	0.33125
COG3352	0.5058	1	1	0.893248	0.269676	0.875622	0.272258	0.79916	0.266431	0.0176261	0.0940882	8.1584	0.0273791	0
COG3353	0.9999	1	1	0.999535	0.000361992	0.996835	0.00233873	0.978599	0.018008	0.00269973	0.0209357	9.26518	0.809921	0.865625
COG3354	0.9999	1	1	0.999801	0.000175309	0.998563	0.0012125	0.989691	0.00925155	0.00123805	0.0101102	9.56542	0.883438	0.940625
COG3355	1	1	1	0.999122	0.00120104	0.9914	0.00992486	0.930344	0.0748462	0.00772268	0.0687788	6.52326	0.978774	1
COG3356	1	1	1	0.992478	0.0129594	0.939692	0.0977974	0.753438	0.257103	0.0527852	0.239039	3.17732	0.903888	0.975
COG3357	1	1	1	0.997146	0.00146618	0.973975	0.0133713	0.824384	0.102424	0.0231716	0.172763	5.94487	0.855576	0.946875
COG3358	0.9236	1	1	0.681918	0.198123	0.356887	0.285346	0.14658	0.209019	0.325031	0.535339	0.455625	0.5771	0.540625
COG3359	1	1	1	0.982936	0.0198598	0.889414	0.12078	0.620993	0.257238	0.093522	0.361942	2.37992	0.910789	0.9875
COG3360	1	1	1	0.968682	0.0324628	0.822753	0.170117	0.529119	0.288221	0.145929	0.439563	1.56207	0.93527	0.984375
COG3361	0.076	1	1	0.139005	0.210126	0.12821	0.199386	0.0324731	0.063147	0.0107955	0.106532	-1.12047	0.167017	0.025
COG3363	0.5048	1	1	0.498584	0.283076	0.318456	0.257296	0.0701255	0.0827956	0.180128	0.428459	-0.654198	0.354739	0.303125
COG3364	0.9997	1	1	0.954359	0.0677268	0.761512	0.243922	0.429113	0.301775	0.192847	0.525246	4.35277	0.581079	0.578125
COG3365	0.9987	1	1	0.986861	0.0218682	0.898193	0.126406	0.617002	0.273018	0.0886672	0.369858	5.05404	0.717974	0.753125
COG3366	0.9988	1	1	0.994541	0.00416878	0.953918	0.0324767	0.738956	0.118482	0.0406232	0.255585	4.37311	0.685447	0.690625
COG3367	1	1	1	0.927005	0.0614077	0.697855	0.209413	0.361315	0.261184	0.229151	0.56569	1.75446	0.709836	0.734375
COG3368	1	1	1	0.963354	0.0730515	0.860086	0.180325	0.586361	0.210077	0.103268	0.376993	6.17534	0.244947	0.196875
COG3369	0.9999	1	1	0.962982	0.0390833	0.80805	0.186921	0.503287	0.255364	0.154931	0.459695	1.34236	0.742606	0.778125
COG3370	1	1	1	0.996501	0.00299037	0.956847	0.0478766	0.747977	0.229696	0.0396535	0.248524	4.45587	0.814707	0.9
COG3371	1	1	1	0.998437	0.00123466	0.983213	0.0141486	0.86842	0.104686	0.0152234	0.130017	4.64527	0.901594	0.99375
COG3372	1	1	1	0.986076	0.0215938	0.894258	0.149759	0.667863	0.312805	0.0918182	0.318213	4.26228	0.953085	1
COG3373	0.9969	1	1	0.928533	0.20342	0.891432	0.262933	0.81129	0.270042	0.0371014	0.117243	8.09943	0.151287	0.05625
COG3374	0.9977	1	1	0.864095	0.0953704	0.448435	0.201805	0.107903	0.0741807	0.41566	0.756191	3.0665	0.127952	0.028125
COG3375	1	1	1	0.877402	0.06538	0.508982	0.201212	0.157575	0.143646	0.36842	0.719827	0.821538	0.436969	0.44375
COG3376	0.1499	1	1	0.367518	0.145954	0.307143	0.136717	0.0727837	0.0565736	0.060375	0.294735	3.57286	0.027487	0
COG3377	1	1	1	0.946354	0.0949524	0.737661	0.221394	0.341923	0.243427	0.208693	0.604431	2.7212	0.506935	0.496875
COG3378	0.9965	1	1	0.854544	0.076731	0.426595	0.218289	0.126917	0.193527	0.427948	0.727627	-0.408945	0.623721	0.5125
COG3379	1	1	1	0.989831	0.0120934	0.910393	0.102267	0.64383	0.26365	0.0794381	0.346001	3.20199	0.955122	1
COG3380	0.0034	1	1	0.0777365	0.117631	0.0773737	0.11718	0.0152763	0.0270557	0.000362724	0.0624601	-2.15127	0.0646469	0
COG3381	0.9997	1	1	0.926995	0.0308261	0.619662	0.0745462	0.180468	0.0514609	0.307333	0.746527	0.378395	0.470232	0.459375
COG3382	1	1	1	0.979643	0.0166339	0.83916	0.11341	0.457464	0.233318	0.140483	0.522179	1.80553	0.705041	0.709375
COG3383	1	1	1	0.863254	0.106787	0.594829	0.241092	0.285837	0.304921	0.268425	0.577417	-1.15663	0.897331	0.975
COG3384	0.9999	1	1	0.726879	0.162822	0.347257	0.268513	0.150221	0.25065	0.379622	0.576658	-0.76842	0.570543	0.55625
COG3385	1	1	1	0.983921	0.0104664	0.873793	0.0733423	0.505121	0.247418	0.110127	0.478799	0.988031	0.981519	1
COG3386	0.9926	1	1	0.178971	0.267664	0.0951115	0.248621	0.0502514	0.145951	0.0838593	0.128719	-2.70033	0.653794	0.66875
COG3387	1	1	1	0.99454	0.00516406	0.952972	0.0423536	0.788335	0.178771	0.0415676	0.206205	1.96062	0.951799	0.990625
COG3388	0.2006	1	1	0.773867	0.20184	0.720625	0.232014	0.429228	0.306803	0.0532418	0.344639	7.43876	0.707425	0.765625
COG3389	1	1	1	0.990939	0.0198876	0.922838	0.124686	0.660915	0.322101	0.0681013	0.330024	4.98109	0.762417	0.7875
COG3390	1	1	1	0.995336	0.00743941	0.959947	0.0525669	0.762078	0.223212	0.035389	0.233258	6.13561	0.850835	0.921875
COG3391	1	1	1	0.735948	0.179397	0.391676	0.29896	0.197929	0.303377	0.344272	0.538019	-1.76484	0.877529	0.953125
COG3393	1	1	1	0.364281	0.181485	0.0607655	0.0593152	0.00646861	0.00739371	0.303516	0.357813	-3.71428	0.211127	0.15
COG3395	0.8266	1	1	0.625681	0.195715	0.272172	0.249697	0.0981778	0.203447	0.353509	0.527503	-0.594662	0.531387	0.55625
COG3396	0.0343	1	1	0.133743	0.265875	0.13089	0.264137	0.0712332	0.189276	0.00285271	0.0625096	-1.23166	0.137248	0.03125
COG3398	1	1	1	0.99911	0.00116972	0.991157	0.010191	0.919144	0.0928448	0.00795263	0.0799662	6.98948	0.982048	1
COG3402	0.075	1	1	0.396541	0.352856	0.376937	0.353093	0.197732	0.319216	0.0196044	0.19881	0.341832	0.315437	0.2125
COG3403	0.0005	1	1	0.141864	0.160248	0.141753	0.160166	0.0236753	0.038765	0.000111535	0.118189	-0.653534	0.0932831	0
COG3404	0.9854	1	1	0.884367	0.155518	0.679105	0.32252	0.395035	0.29657	0.205262	0.489332	0.953505	0.721767	0.73125
COG3407	1	1	1	0.303181	0.230862	0.0720982	0.085126	0.0105602	0.0135665	0.231083	0.292621	-2.13865	0.392609	0.41875
COG3408	1	1	1	0.957671	0.0477613	0.794128	0.175515	0.468812	0.284834	0.163543	0.488859	0.450763	0.921031	0.98125
COG3409	0.0004	1	1	0.00783972	0.0105253	0.00783241	0.0105168	0.000731757	0.00119767	7.30809e-06	0.00710796	-7.10582	0.0676868	0
COG3410	0.9876	1	1	0.841659	0.0349831	0.298458	0.0467178	0.0346565	0.0142587	0.543201	0.807002	-0.196186	0.199273	0.084375
COG3412	0.0002	1	1	0.272645	0.187009	0.272572	0.186992	0.0531387	0.0568656	7.36117e-05	0.219507	-0.12067	0.154516	0.053125
COG3413	1	1	1	0.999757	0.000384652	0.996812	0.00563445	0.963819	0.0659479	0.00294471	0.0359378	7.73191	0.99007	1
COG3415	0.9997	1	1	0.939485	0.0526892	0.665668	0.190885	0.284316	0.298607	0.273817	0.655169	0.355511	0.893018	0.971875
COG3420	1	1	1	0.922873	0.0432967	0.611892	0.217232	0.287774	0.3173	0.310981	0.635098	-0.222769	0.784218	0.840625
COG3422	0.9965	1	1	0.522709	0.118054	0.0950658	0.0681062	0.0100077	0.0105389	0.427643	0.512701	-2.66487	0.247949	0.203125
COG3425	1	1	1	0.999978	1.65187e-05	0.999688	0.000259021	0.996244	0.00322368	0.000290394	0.00373417	7.79664	0.993437	1
COG3427	0.9998	1	1	0.866367	0.10263	0.57966	0.257217	0.303627	0.310246	0.286708	0.56274	0.289595	0.83466	0.90625
COG3428	1	1	1	0.761766	0.226291	0.44756	0.334599	0.227513	0.313959	0.314206	0.534254	-0.580814	0.706413	0.721875
COG3430	1	1	1	0.784015	0.263523	0.514642	0.230693	0.182033	0.109058	0.269373	0.601982	8.81634	0.0800456	0
COG3431	0.192	1	1	0.933042	0.108611	0.90971	0.145695	0.760445	0.310487	0.0233316	0.172597	3.25276	0.716093	0.80625
COG3432	1	1	1	0.99715	0.00716347	0.96975	0.0748882	0.868531	0.236595	0.0273995	0.128619	3.54931	0.404807	0.4125
COG3435	0.0002	1	1	0.126186	0.0363222	0.126139	0.0363126	0.0179371	0.00742552	4.65363e-05	0.108249	-1.66937	0.0339938	0
COG3436	0.9238	1	1	0.715547	0.155289	0.281362	0.253563	0.0884914	0.189304	0.434185	0.627056	-0.578813	0.613055	0.58125
COG3439	1	1	1	0.998925	0.000981862	0.991295	0.0100747	0.944829	0.0728886	0.00763071	0.0540963	4.17271	0.990499	1
COG3440	0.0009	1	1	0.320647	0.252465	0.320329	0.252467	0.0975166	0.16291	0.000317514	0.22313	-0.77809	0.497526	0.509375
COG3451	0.9996	1	1	0.0773192	0.206053	0.0180383	0.0520665	0.00207485	0.00605609	0.0592809	0.0752443	-5.4486	0.378923	0.43125
COG3454	0.0004	1	1	0.0535934	0.0825198	0.0535548	0.0824757	0.00776043	0.0155195	3.86983e-05	0.045833	-2.53616	0.102861	0.01875
COG3460	0.0235	1	1	0.107953	0.172945	0.104973	0.169903	0.0265097	0.0577984	0.0029804	0.0814436	-1.73413	0.0216044	0
COG3461	0.7439	1	1	0.815726	0.0456158	0.428157	0.118704	0.0822011	0.0477358	0.387569	0.733525	0.578698	0.215336	0.13125
COG3462	0.9523	1	1	0.979832	0.0104177	0.816771	0.106368	0.371453	0.207458	0.163061	0.608379	1.92473	0.634582	0.628125
COG3463	0.9557	1	1	0.932766	0.0559283	0.636349	0.190766	0.203113	0.13833	0.296417	0.729653	1.16385	0.50453	0.496875
COG3464	0.5638	1	1	0.547215	0.203388	0.29419	0.260186	0.0874233	0.168369	0.253026	0.459792	-1.21406	0.545734	0.521875
COG3465	0.9983	1	1	0.957071	0.0409725	0.709868	0.165974	0.262251	0.168719	0.247203	0.69482	2.25307	0.543174	0.528125
COG3466	0.0447	1	1	0.872986	0.19015	0.866019	0.194769	0.594447	0.236755	0.00696653	0.278538	6.51001	0.0830856	0
COG3467	1	1	1	0.986485	0.0126246	0.901527	0.0928569	0.604201	0.221831	0.0849583	0.382284	1.05405	0.984363	1
COG3470	0.001	1	1	0.00779504	0.00436083	0.00777628	0.00435187	0.00071587	0.000555274	1.87606e-05	0.00707917	-4.19223	0.00165945	0
COG3472	0.0012	1	1	0.266518	0.0361685	0.265974	0.0361037	0.0357674	0.00903599	0.000543833	0.230751	1.48221	0.0350485	0
COG3473	1	1	1	0.909377	0.074728	0.607923	0.209499	0.222144	0.166747	0.301454	0.687232	0.60406	0.58653	0.578125
COG3475	0.0101	1	1	0.00934996	0.014384	0.00913803	0.0140856	0.000955936	0.00169986	0.00021193	0.00839402	-4.93419	0.00683339	0
COG3476	0.9995	1	1	0.573516	0.21893	0.204163	0.218002	0.0422028	0.0644144	0.369353	0.531313	-2.05956	0.46311	0.45625
COG3478	0.5315	1	1	0.750755	0.167582	0.511823	0.25424	0.163397	0.162558	0.238932	0.587358	1.6931	0.549643	0.56875
COG3481	1	1	1	0.685845	0.273065	0.351011	0.241028	0.0922878	0.0875994	0.334835	0.593557	-1.46939	0.532045	0.521875
COG3482	0.92	1	1	0.889743	0.077897	0.588477	0.218058	0.22347	0.18724	0.301266	0.666274	2.3116	0.442086	0.446875
COG3486	0.0005	1	1	0.259987	0.29117	0.259868	0.291163	0.107657	0.214254	0.000118583	0.15233	0.257116	0.0593798	0
COG3501	0.0451	1	1	0.104323	0.254073	0.101245	0.250444	0.0439416	0.125904	0.00307816	0.0603815	-1.56864	0.416722	0.390625
COG3503	0.5568	1	1	0.902084	0.062902	0.756283	0.127776	0.328292	0.143332	0.145801	0.573792	0.721612	0.594177	0.6125
COG3505	0.9992	1	1	0.0207788	0.0329838	0.0021618	0.00395674	0.000178221	0.000303548	0.018617	0.0206006	-7.91846	0.132152	0.0375
COG3508	0.9022	1	1	0.173937	0.175623	0.0429506	0.0639546	0.00744133	0.01304	0.130987	0.166496	-3.54468	0.0956058	0.009375
COG3511	0.0419	1	1	0.136887	0.087346	0.127467	0.0827269	0.019904	0.0166453	0.00941971	0.116983	-2.04945	0.112151	0.021875
COG3525	0.7991	1	1	0.158564	0.229441	0.0602633	0.140923	0.0134789	0.0363299	0.0983006	0.145085	-3.24972	0.289102	0.265625
COG3526	0.7231	1	1	0.221699	0.0812941	0.0560956	0.033334	0.0071971	0.00571099	0.165604	0.214502	-2.60001	0.0588296	0.003125
COG3527	0.0111	1	1	0.439576	0.208629	0.434495	0.20791	0.0968262	0.0724878	0.00508091	0.342749	0.438505	0.196012	0.071875
COG3533	0.7293	1	1	0.424295	0.200332	0.169559	0.22469	0.0485444	0.114831	0.254736	0.375751	-1.54104	0.444362	0.4375
COG3534	0.0005	1	1	0.206307	0.244896	0.206186	0.244903	0.0765634	0.184271	0.00012064	0.129744	-1.16224	0.336903	0.25625
COG3535	1	1	1	0.904176	0.0460401	0.486369	0.16725	0.108579	0.086934	0.417807	0.795597	0.550564	0.522581	0.50625
COG3543	0.1376	1	1	0.895251	0.107933	0.867436	0.128781	0.532338	0.232145	0.0278149	0.362913	3.12909	0.239543	0.109375
COG3546	0.0002	1	1	0.14726	0.101236	0.147207	0.101209	0.0183807	0.0144248	5.31226e-05	0.12888	-2.6523	0.106866	0.00625
COG3547	1	1	1	0.963419	0.0239555	0.748904	0.130974	0.331248	0.274839	0.214515	0.632171	-0.32254	0.935035	0.99375
COG3548	0.097	1	1	0.34048	0.259527	0.306954	0.260511	0.110035	0.215038	0.0335259	0.230445	-0.210307	0.382789	0.378125
COG3552	0.994	1	1	0.893548	0.0692161	0.610329	0.20029	0.270786	0.21643	0.283218	0.622762	0.480667	0.719478	0.75625
COG3568	0.9859	1	1	0.142499	0.256073	0.0492278	0.130104	0.0113433	0.0324795	0.0932714	0.131156	-4.50376	0.386346	0.378125
COG3569	0.9992	1	1	0.0881183	0.0846267	0.00999689	0.013533	0.00107606	0.00170553	0.0781214	0.0870422	-5.05097	0.153531	0.084375
COG3571	0.9868	1	1	0.316832	0.176956	0.055442	0.0468657	0.00704562	0.00736524	0.26139	0.309786	-3.3668	0.111513	0.01875
COG3576	1	1	1	0.939779	0.0359295	0.689119	0.171095	0.311782	0.248297	0.250659	0.627997	-0.0339501	0.847459	0.93125
COG3580	0.511	1	1	0.705071	0.141236	0.454672	0.162999	0.0914354	0.0604304	0.250399	0.613636	0.867309	0.178813	0.065625
COG3582	0.9999	1	1	0.874695	0.108013	0.495692	0.245876	0.154182	0.172367	0.379003	0.720513	3.50063	0.284098	0.30625
COG3585	1	1	1	0.974684	0.0162656	0.850695	0.0693332	0.473724	0.137189	0.123989	0.50096	1.6438	0.808239	0.884375
COG3586	0.0139	1	1	0.725283	0.101189	0.718565	0.103152	0.213005	0.127562	0.00671816	0.512278	2.75193	0.320983	0.19375
COG3587	0.0003	1	1	0.168441	0.12795	0.168351	0.127906	0.0209322	0.0229598	8.98093e-05	0.147508	-1.56004	0.0538773	0
COG3589	0.0026	1	1	0.0136012	0.00997967	0.0135084	0.00991633	0.0010336	0.000870056	9.27243e-05	0.0125676	-3.91564	0.00376759	0
COG3590	0.9831	1	1	0.0607966	0.0426392	0.00700517	0.00586122	0.000691289	0.000651332	0.0537914	0.0601053	-5.98732	0.107879	0.0125
COG3592	0.0025	1	1	0.136928	0.107628	0.136315	0.107342	0.0194263	0.0237418	0.000612751	0.117502	0.52218	0.012556	0
COG3593	0.9875	1	1	0.808221	0.125563	0.379684	0.213014	0.0846062	0.0813731	0.428537	0.723615	-0.368041	0.5473	0.50625
COG3594	0.0022	1	1	0.185682	0.0917355	0.184932	0.0914609	0.0224531	0.0144903	0.000750467	0.163229	-1.95212	0.0651178	0
COG3595	0.9999	1	1	0.848831	0.124567	0.4683	0.261472	0.18578	0.256246	0.380531	0.663051	-0.572718	0.580185	0.521875
COG3600	0.9959	1	1	0.393892	0.117443	0.046755	0.0207039	0.00341875	0.00162056	0.347137	0.390473	-3.44874	0.135884	0.03125
COG3601	0.9998	1	1	0.794218	0.328745	0.539603	0.339953	0.187627	0.175213	0.254615	0.606591	-0.0792502	0.048619	0.009375
COG3603	0.9998	1	1	0.858734	0.0757829	0.368067	0.242191	0.0895777	0.143216	0.490667	0.769157	0.0687476	0.621364	0.571875
COG3608	1	1	1	0.827161	0.135615	0.474827	0.276212	0.208087	0.272704	0.352334	0.619074	-0.52252	0.894571	0.965625
COG3609	1	1	1	0.997122	0.00253179	0.980064	0.0138181	0.880242	0.0748125	0.0170581	0.11688	3.50896	0.984366	1
COG3612	0.9961	1	1	0.897118	0.129448	0.666994	0.307427	0.42884	0.374602	0.230124	0.468278	3.27016	0.878801	0.93125
COG3613	1	1	1	0.853719	0.109229	0.436311	0.205148	0.117351	0.174296	0.417408	0.736368	-0.200212	0.63765	0.575
COG3620	1	1	1	0.987766	0.0143834	0.912864	0.0807986	0.631253	0.231595	0.0749025	0.356513	1.59892	0.970431	1
COG3628	0.0278	1	1	0.116165	0.240806	0.113213	0.23858	0.0339343	0.0913006	0.00295188	0.0822303	-1.47593	0.358407	0.33125
COG3630	0.1832	1	1	0.580974	0.255942	0.504274	0.250141	0.147516	0.12611	0.0766994	0.433458	1.18097	0.108114	0.03125
COG3631	0.0162	1	1	0.130798	0.288426	0.129717	0.28834	0.0955317	0.273688	0.00108054	0.0352659	-1.7721	0.755745	0.85
COG3634	0.9996	1	1	0.945539	0.0329084	0.679303	0.105579	0.231985	0.110052	0.266235	0.713553	0.192988	0.573469	0.553125
COG3635	1	1	1	0.999997	5.54086e-06	0.999967	5.93687e-05	0.999535	0.000695818	2.99811e-05	0.000462055	9.08542	0.944565	0.99375
COG3638	0.9993	1	1	0.198057	0.28052	0.0924573	0.247022	0.0500944	0.147809	0.105599	0.147962	-1.66917	0.447745	0.453125
COG3639	0.9998	1	1	0.159381	0.275567	0.0899057	0.251648	0.0525781	0.155816	0.0694755	0.106803	-1.60823	0.432857	0.41875
COG3640	1	1	1	1	1.08261e-06	0.999996	7.8314e-06	0.999961	6.23786e-05	3.93391e-06	3.85046e-05	12.4148	0.994073	1
COG3641	0.0004	1	1	0.00536351	0.0024585	0.00535868	0.00245627	0.00055438	0.000337174	4.83403e-06	0.00480913	-5.47592	0.000195091	0
COG3642	1	1	1	0.406186	0.21867	0.0995446	0.106169	0.01485	0.0208514	0.306641	0.391335	-2.32678	0.112928	0.040625
COG3643	1	1	1	0.839399	0.0917066	0.3532	0.148855	0.0578551	0.0392586	0.486199	0.781544	-0.0789378	0.189303	0.10625
COG3649	0.8533	1	1	0.909851	0.0474631	0.604038	0.158642	0.176538	0.136531	0.305812	0.733312	0.743577	0.682934	0.6875
COG3651	0.0606	1	1	0.0419455	0.0298474	0.0381176	0.0273479	0.00714898	0.00559721	0.00382791	0.0347965	-3.13914	0.0208069	0
COG3653	1	1	1	0.799199	0.143498	0.401702	0.258434	0.149165	0.269521	0.397497	0.650034	-0.743564	0.731878	0.778125
COG3654	0.99	1	1	0.426533	0.205326	0.0920573	0.117911	0.0125356	0.0231769	0.334475	0.413997	-3.41843	0.387041	0.478125
COG3663	0.0076	1	1	0.0224945	0.0158011	0.0220844	0.0155515	0.00191012	0.0016804	0.000410032	0.0205843	-5.43226	0.0739464	0.003125
COG3666	0.8809	1	1	0.891732	0.0484229	0.520587	0.179703	0.145215	0.170232	0.371145	0.746516	-0.0705708	0.607374	0.540625
COG3670	0.0146	1	1	0.0757478	0.153194	0.0743296	0.151246	0.015413	0.0380119	0.00141824	0.0603349	-1.92009	0.138413	0.003125
COG3677	0.9589	1	1	0.879863	0.0738182	0.508456	0.220297	0.18112	0.244145	0.371406	0.698742	-0.329513	0.701074	0.715625
COG3679	0.1274	1	1	0.627998	0.23063	0.580228	0.246945	0.250089	0.267236	0.0477698	0.377909	0.686423	0.226703	0.134375
COG3681	0.9999	1	1	0.700741	0.222014	0.265856	0.164182	0.0397021	0.035185	0.434885	0.661039	-0.98748	0.170852	0.0625
COG3682	1	1	1	0.938408	0.0425315	0.654884	0.178326	0.269251	0.284075	0.283524	0.669157	-0.159453	0.63034	0.58125
COG3693	0.0179	1	1	0.178797	0.210756	0.174655	0.21007	0.0469227	0.104643	0.0041427	0.131875	-1.60465	0.228681	0.1125
COG3727	0.3507	1	1	0.332612	0.159459	0.196796	0.136731	0.0276135	0.0279486	0.135815	0.304998	-1.80173	0.19173	0.109375
COG3733	0.0004	1	1	0.113145	0.157295	0.113073	0.15725	0.0207357	0.0454679	7.19428e-05	0.092409	-1.16558	0.057155	0
COG3741	0.0007	1	1	0.0830626	0.143901	0.0829776	0.143799	0.0160295	0.0364875	8.50037e-05	0.0670331	-2.76956	0.131809	0.01875
COG3743	0.037	1	1	0.368121	0.137825	0.350325	0.136226	0.0628565	0.0429915	0.0177961	0.305265	-0.681963	0.199997	0.065625
COG3764	0.0076	1	1	0.0734284	0.0718141	0.0723557	0.0709627	0.00876811	0.0111914	0.0010727	0.0646603	-3.96494	0.0233236	0
COG3769	0.9733	1	1	0.937412	0.144579	0.789798	0.242457	0.424305	0.228794	0.147614	0.513107	2.53948	0.353625	0.35625
COG3774	0.4072	1	1	0.00977649	0.00402903	0.00355964	0.00180497	0.000308686	0.000227805	0.00621685	0.0094678	-6.08407	0.00582071	0
COG3780	0.9998	1	1	0.906395	0.15791	0.590887	0.215923	0.153226	0.133075	0.315508	0.753169	1.64046	0.185874	0.115625
COG3794	1	1	1	0.805064	0.166532	0.486449	0.283341	0.21646	0.286865	0.318615	0.588604	-0.422561	0.878486	0.9375
COG3797	0.1304	1	1	0.253357	0.242736	0.21411	0.245896	0.0791044	0.197551	0.0392475	0.174253	-0.952113	0.368211	0.3125
COG3799	0.0005	1	1	0.21447	0.177441	0.214299	0.177368	0.0316932	0.0393759	0.000171185	0.182777	0.380472	0.191925	0.065625
COG3804	0.9999	1	1	0.832585	0.0951511	0.347804	0.143036	0.0539484	0.0390793	0.484782	0.778637	-0.856802	0.359119	0.3875
COG3808	1	1	1	0.941141	0.10321	0.797827	0.267703	0.590599	0.35489	0.143314	0.350542	0.286428	0.875648	0.946875
COG3809	0.0004	1	1	0.186155	0.125403	0.18603	0.125368	0.0296077	0.0370666	0.000124261	0.156547	-1.72118	0.128411	0.0125
COG3815	0.9997	1	1	0.822379	0.165738	0.451798	0.305681	0.159983	0.187849	0.370581	0.662396	1.7599	0.492024	0.5
COG3828	0.0023	1	1	0.0583277	0.122668	0.0581308	0.122354	0.0108487	0.0271541	0.000196945	0.047479	-2.93935	0.0771419	0.003125
COG3830	1	1	1	0.964516	0.0663939	0.80679	0.218962	0.500852	0.334815	0.157727	0.463664	1.4216	0.290241	0.2625
COG3832	1	1	1	0.276395	0.292703	0.137004	0.291593	0.105045	0.296927	0.139391	0.17135	-1.81596	0.846326	0.896875
COG3833	0.9987	1	1	0.444685	0.227753	0.141131	0.211383	0.0312552	0.070458	0.303554	0.41343	-1.78435	0.432936	0.453125
COG3836	0.9992	1	1	0.627632	0.169647	0.228062	0.230085	0.0729109	0.148218	0.399571	0.554721	-1.63199	0.767887	0.8125
COG3839	1	1	1	0.999959	3.88505e-05	0.999562	0.000391937	0.995127	0.00437002	0.000397325	0.00483167	7.1446	0.996638	1
COG3842	1	1	1	0.133471	0.292737	0.104728	0.298126	0.0999204	0.297727	0.0287425	0.0335504	-3.52672	0.780044	0.7875
COG3845	1	1	1	0.938765	0.106448	0.818198	0.211522	0.557402	0.279967	0.120566	0.381363	0.563771	0.911799	0.965625
COG3848	0.0188	1	1	0.403778	0.126894	0.394003	0.127042	0.0744563	0.0536066	0.00977528	0.329322	0.363835	0.196559	0.059375
COG3853	0.0005	1	1	0.0049452	0.00438852	0.00493861	0.00438241	0.000364017	0.000279429	6.58911e-06	0.00458118	-6.50123	0.0160429	0
COG3857	0.0243	1	1	0.0523601	0.0697254	0.0502293	0.066914	0.00684029	0.00848568	0.00213083	0.0455198	-4.25036	0.046027	0
COG3862	1	1	1	0.90838	0.10414	0.561712	0.181172	0.138956	0.104339	0.346668	0.769424	0.198386	0.341614	0.340625
COG3863	0.7663	1	1	0.518164	0.225393	0.16597	0.101015	0.0171013	0.0145023	0.352194	0.501063	-1.22176	0.0614745	0.003125
COG3864	0.9998	1	1	0.745238	0.08967	0.215573	0.0925257	0.0249128	0.0163758	0.529665	0.720325	-1.70984	0.270446	0.25625
COG3865	0.8265	1	1	0.626604	0.180516	0.271679	0.257081	0.120711	0.286599	0.354926	0.505894	-0.711335	0.600582	0.625
COG3874	0.882	1	1	0.965552	0.0361696	0.838084	0.166396	0.538463	0.304796	0.127468	0.427089	1.57362	0.559466	0.584375
COG3875	1	1	1	0.983558	0.0323935	0.896658	0.160412	0.665603	0.275474	0.0868993	0.317955	2.09708	0.970798	1
COG3876	0.0123	1	1	0.278117	0.241249	0.274448	0.239883	0.0725353	0.0989469	0.00366881	0.205582	-0.947325	0.153776	0.028125
COG3881	0.0092	1	1	0.1548	0.110349	0.152276	0.108853	0.0190535	0.0142427	0.00252335	0.135746	-1.19269	0.0212328	0
COG3885	0.9909	1	1	0.917988	0.0806378	0.621917	0.223939	0.256139	0.257486	0.296071	0.661849	1.78167	0.272343	0.21875
COG3888	0.9892	1	1	0.892827	0.190841	0.729677	0.269695	0.425921	0.240287	0.16315	0.466906	5.76018	0.134069	0.06875
COG3889	0.9951	1	1	0.800916	0.218021	0.450941	0.271753	0.152235	0.205076	0.349975	0.648681	2.55172	0.278416	0.196875
COG3890	0.014	1	1	0.302564	0.2093	0.2992	0.207713	0.116919	0.101619	0.00336456	0.185645	4.47685	0.000511743	0
COG3894	1	1	1	0.995507	0.00287906	0.945567	0.0459437	0.678647	0.213958	0.0499396	0.31686	4.2716	0.525842	0.509375
COG3910	0.0002	1	1	0.0551311	0.0499556	0.0551036	0.049936	0.00417231	0.00495357	2.75485e-05	0.0509588	-3.65167	0.0706464	0
COG3919	1	1	1	0.889968	0.0601157	0.502555	0.165587	0.136243	0.150235	0.387413	0.753725	-0.15358	0.674665	0.66875
COG3920	1	1	1	0.800655	0.124421	0.430867	0.226156	0.163681	0.229383	0.369788	0.636974	-0.382213	0.51278	0.503125
COG3932	0.0001	1	1	0.0739062	0.034789	0.0738911	0.0347828	0.00901474	0.00550818	1.5147e-05	0.0648915	-2.42362	0.0165151	0
COG3934	0.9722	1	1	0.7228	0.138598	0.273627	0.207273	0.0622887	0.105725	0.449173	0.660511	-1.00918	0.464942	0.528125
COG3937	0.0029	1	1	0.441984	0.200582	0.440731	0.200517	0.113169	0.0896425	0.00125325	0.328815	0.0499287	0.24803	0.11875
COG3940	0.0004	1	1	0.0343719	0.0489003	0.0343421	0.0488648	0.00373078	0.00645908	2.9806e-05	0.0306411	-3.30804	0.0188089	0
COG3943	0.3484	1	1	0.105054	0.0612885	0.0493483	0.029629	0.00421573	0.00221923	0.0557055	0.100838	-3.74388	0.0603635	0
COG3945	1	1	1	0.990094	0.00917688	0.930553	0.0736001	0.723752	0.222982	0.0595407	0.266342	2.30557	0.932699	1
COG3958	1	1	1	0.791697	0.242418	0.442923	0.332643	0.192708	0.266425	0.348774	0.598988	-0.964851	0.45162	0.428125
COG3959	1	1	1	0.856287	0.185674	0.502016	0.316065	0.233842	0.293067	0.354272	0.622445	-0.690567	0.499678	0.509375
COG3970	0.7407	1	1	0.794478	0.130791	0.512509	0.228211	0.207835	0.258402	0.281968	0.586643	0.748657	0.606617	0.64375
COG3971	0.004	1	1	0.0963048	0.0792338	0.0956319	0.0788969	0.0154866	0.0204136	0.000672907	0.0808182	-2.92745	0.093607	0
COG3975	0.2143	1	1	0.131106	0.104067	0.0905097	0.0772878	0.013739	0.0143942	0.0405967	0.117367	-2.69533	0.0557314	0.003125
COG3978	0.2499	1	1	0.0351909	0.0173124	0.0212415	0.0108627	0.00285714	0.00168161	0.0139494	0.0323338	-2.40394	0.00216184	0
COG3980	0.9585	1	1	0.677943	0.140023	0.202936	0.140941	0.0299425	0.0338075	0.475007	0.648	-0.968607	0.338608	0.3375
COG4002	0.9938	1	1	0.990623	0.00985133	0.941367	0.0543233	0.749019	0.180928	0.0492555	0.241604	6.3463	0.41882	0.415625
COG4003	1	1	1	0.953804	0.101751	0.845834	0.224393	0.577813	0.269586	0.10797	0.375991	5.1187	0.301372	0.228125
COG4004	0.1388	1	1	0.504731	0.262397	0.4528	0.255122	0.140669	0.128505	0.0519312	0.364062	8.22153	0.0963226	0.021875
COG4006	0.2755	1	1	0.948985	0.0245096	0.908404	0.0456624	0.561925	0.186013	0.0405804	0.387059	3.90173	0.234488	0.11875
COG4007	0.0255	1	1	0.768279	0.284031	0.764651	0.28479	0.579996	0.289311	0.00362778	0.188282	6.55203	0.00176019	0
COG4008	0.9135	1	1	0.777932	0.285787	0.631188	0.326962	0.410777	0.280725	0.146745	0.367155	5.15921	0.045502	0.028125
COG4009	0.1353	1	1	0.402316	0.214619	0.362973	0.201461	0.138913	0.0940551	0.0393434	0.263403	3.99831	0.00649147	0
COG4010	0.993	1	1	0.757972	0.304053	0.523131	0.301531	0.249386	0.219707	0.234841	0.508586	4.19686	0.0349688	0
COG4012	0.9993	1	1	0.998197	0.00179113	0.98383	0.0144596	0.879581	0.0989239	0.0143669	0.118616	6.25172	0.744948	0.78125
COG4013	0.0173	1	1	0.363619	0.245338	0.359356	0.243597	0.16034	0.132359	0.00426278	0.203279	4.22107	5.93998e-05	0
COG4014	0.1388	1	1	0.545946	0.15382	0.492695	0.161293	0.19124	0.135486	0.0532511	0.354706	4.32226	0.0122712	0
COG4015	0.1322	1	1	0.810004	0.271343	0.795609	0.271034	0.63673	0.251615	0.0143952	0.173274	6.85409	0.000570611	0
COG4016	0.1322	1	1	0.780806	0.283484	0.764889	0.283381	0.597636	0.265766	0.0159171	0.18317	6.68256	0.000459662	0
COG4017	0.1322	1	1	0.788501	0.285016	0.773145	0.284941	0.607126	0.266117	0.0153563	0.181375	6.73412	0.00057462	0
COG4018	0.1322	1	1	0.808543	0.275603	0.794096	0.275319	0.631475	0.253575	0.0144472	0.177068	6.86847	0.000794962	0
COG4019	0.1322	1	1	0.774473	0.268549	0.755957	0.271088	0.573667	0.267307	0.0185165	0.200807	6.63922	0.000458425	0
COG4020	0.1372	1	1	0.705161	0.152764	0.660368	0.166992	0.332959	0.2125	0.0447936	0.372203	5.06587	0.0693017	0.00625
COG4021	0.9992	1	1	0.965291	0.0206906	0.727508	0.154661	0.288034	0.188929	0.237783	0.677257	2.98218	0.538787	0.53125
COG4022	0.9998	1	1	0.989712	0.00499748	0.908706	0.0584927	0.594415	0.213073	0.0810056	0.395297	5.41883	0.22391	0.153125
COG4023	0.9997	1	1	0.999204	0.00119534	0.993769	0.00886012	0.951009	0.061648	0.00543517	0.0481955	7.2446	0.824922	0.884375
COG4024	0.0171	1	1	0.76918	0.328346	0.767517	0.329551	0.669652	0.367829	0.00166261	0.0995278	7.02422	0.0123672	0
COG4025	0.7495	1	1	0.791183	0.282772	0.698582	0.307357	0.526004	0.288492	0.0926009	0.26518	6.1723	0.068548	0.021875
COG4026	0.5034	1	1	0.738197	0.283287	0.64684	0.306375	0.440563	0.296978	0.091357	0.297634	5.42125	0.0423687	0.009375
COG4028	0.9987	1	1	0.981544	0.0167613	0.87167	0.088585	0.495401	0.164478	0.109874	0.486143	5.59483	0.379844	0.43125
COG4029	0.4628	1	1	0.983275	0.0177579	0.964284	0.0341843	0.837597	0.12652	0.0189918	0.145678	7.25369	0.0734447	0.03125
COG4030	1	1	1	0.962932	0.0237229	0.715489	0.128792	0.258571	0.164161	0.247443	0.704361	1.48322	0.590922	0.590625
COG4031	0.6305	1	1	0.976475	0.0314379	0.920766	0.0947898	0.689474	0.263711	0.0557084	0.287001	5.69583	0.798604	0.875
COG4032	0.9978	1	1	0.991948	0.00862652	0.937449	0.0609582	0.716428	0.200361	0.054499	0.27552	3.53712	0.758817	0.815625
COG4033	0.1404	1	1	0.678736	0.133434	0.635547	0.142508	0.325524	0.144919	0.0431895	0.353212	5.22655	0.0234345	0
COG4034	1	1	1	0.985358	0.0091167	0.882889	0.0632344	0.521466	0.188273	0.102469	0.463893	4.00786	0.504281	0.50625
COG4035	0.0171	1	1	0.573074	0.337057	0.570004	0.336571	0.380071	0.265492	0.00306976	0.193003	5.42777	4.67034e-05	0
COG4036	0.6353	1	1	0.725353	0.243329	0.554383	0.231719	0.267688	0.160996	0.170971	0.457665	4.90245	0.000901932	0
COG4037	0.6353	1	1	0.724018	0.260048	0.56506	0.263499	0.296722	0.207027	0.158957	0.427296	5.03776	0.000900249	0
COG4038	0.6353	1	1	0.715892	0.271186	0.55679	0.271405	0.287688	0.205882	0.159102	0.428204	4.98603	0.000941801	0
COG4039	0.6559	1	1	0.684794	0.263577	0.537815	0.265382	0.310133	0.21578	0.146979	0.374661	5.11342	0.000719549	0
COG4041	0.6353	1	1	0.742342	0.26146	0.592196	0.277172	0.33589	0.245901	0.150146	0.406452	5.21502	0.00131753	0
COG4042	0.0171	1	1	0.525933	0.303911	0.522234	0.303352	0.314323	0.235463	0.00369948	0.21161	5.14528	5.82291e-05	0
COG4043	0.3791	1	1	0.561673	0.321775	0.400082	0.282151	0.0680922	0.0720571	0.161591	0.49358	0.776977	0.03976	0
COG4044	1	1	1	0.984576	0.0155479	0.900963	0.080232	0.627914	0.212587	0.0836133	0.356662	3.26272	0.839451	0.9
COG4046	1	1	1	0.858875	0.296717	0.787296	0.361763	0.601756	0.336165	0.0715792	0.257119	4.51494	0.125312	0.0625
COG4047	0.9966	1	1	0.949571	0.122486	0.824187	0.254829	0.495462	0.251212	0.125384	0.454109	4.19235	0.244025	0.19375
COG4048	0.139	1	1	0.960334	0.0460803	0.948293	0.0590962	0.760902	0.213535	0.0120403	0.199432	6.89746	0.338936	0.26875
COG4049	0.0044	1	1	0.715497	0.348097	0.715121	0.348031	0.610721	0.321915	0.000375271	0.104776	7.20852	0.00156132	0
COG4050	0.4629	1	1	0.95734	0.0552958	0.918136	0.0920028	0.735395	0.212206	0.0392044	0.221944	6.63844	0.051321	0.00625
COG4051	0.4618	1	1	0.958341	0.0626385	0.922842	0.0972008	0.752003	0.195139	0.0354982	0.206337	6.7317	0.0422245	0.003125
COG4052	0.4618	1	1	0.987907	0.0136575	0.974084	0.026069	0.878871	0.0998815	0.0138227	0.109036	7.6011	0.0671644	0.021875
COG4053	0.0171	1	1	0.60401	0.382123	0.601944	0.381907	0.461086	0.337466	0.00206554	0.142924	5.65553	0.000155775	0
COG4054	0.9302	1	1	0.976267	0.0234461	0.879977	0.0938378	0.597625	0.21781	0.0962894	0.378641	6.08803	0.0681409	0.009375
COG4055	0.5415	1	1	0.938359	0.0406252	0.849561	0.0857439	0.522528	0.188361	0.0887986	0.415831	5.87612	0.0267294	0.003125
COG4056	0.4618	1	1	0.904055	0.0561067	0.799306	0.111515	0.450864	0.217694	0.104749	0.453191	5.61063	0.0200152	0.003125
COG4057	0.9302	1	1	0.967993	0.0384506	0.847461	0.129465	0.536918	0.23335	0.120532	0.431075	5.91217	0.0366756	0.00625
COG4058	0.9358	1	1	0.974071	0.0258483	0.868971	0.0992983	0.568499	0.214174	0.1051	0.405572	5.99511	0.0424909	0.003125
COG4059	0.1372	1	1	0.737614	0.145185	0.693592	0.160844	0.353048	0.173342	0.0440221	0.384566	5.4159	0.00634633	0
COG4060	0.1372	1	1	0.787034	0.125182	0.747899	0.140891	0.417062	0.184637	0.0391344	0.369972	5.66825	0.00613214	0
COG4061	0.1372	1	1	0.860283	0.109577	0.829097	0.130458	0.523878	0.232038	0.0311856	0.336405	5.7334	0.0310524	0
COG4062	0.1372	1	1	0.73065	0.14343	0.684415	0.158938	0.333328	0.169164	0.0462351	0.397322	5.29659	0.00540067	0
COG4063	0.8506	1	1	0.990291	0.0115111	0.937248	0.0792562	0.699846	0.215186	0.0530425	0.290445	5.19651	0.470467	0.459375
COG4064	0.137	1	1	0.768076	0.0892729	0.725984	0.101258	0.373179	0.137238	0.0420928	0.394897	5.59895	0.00911395	0
COG4065	0.8521	1	1	0.975361	0.0218344	0.908748	0.0757275	0.714603	0.185601	0.0666127	0.260758	6.55256	0.183949	0.125
COG4066	0.1421	1	1	0.696022	0.273741	0.657633	0.283218	0.37212	0.288544	0.0383887	0.323902	5.16277	0.0173341	0
COG4068	1	1	1	0.974456	0.0403911	0.855137	0.151809	0.49469	0.232144	0.11932	0.479767	5.40324	0.123361	0.065625
COG4069	0.46	1	1	0.941051	0.0829897	0.88873	0.130397	0.662362	0.204795	0.0523202	0.278689	6.272	0.130235	0.05
COG4070	0.4618	1	1	0.99881	0.00148653	0.997169	0.00333542	0.980301	0.020906	0.00164098	0.0185082	9.52055	0.150639	0.075
COG4071	0.9252	1	1	0.87887	0.236843	0.704256	0.271361	0.346464	0.234316	0.174614	0.532406	4.3848	0.0936895	0.05
COG4072	0.9732	1	1	0.896091	0.202564	0.734151	0.307019	0.430547	0.275205	0.161939	0.465544	4.21139	0.0774341	0.03125
COG4073	0.6778	1	1	0.880141	0.111497	0.726937	0.167936	0.393698	0.163394	0.153205	0.486444	5.47704	0.0360754	0
COG4075	0.0711	1	1	0.783985	0.262033	0.774999	0.269673	0.646881	0.331911	0.00898612	0.137103	7.205	0.00242897	0
COG4076	0.4221	1	1	0.7733	0.199093	0.615228	0.236313	0.224099	0.181265	0.158073	0.549201	1.79543	0.174752	0.0625
COG4077	0.0171	1	1	0.586084	0.368058	0.5838	0.367683	0.429452	0.312449	0.00228423	0.156632	5.52742	9.28193e-05	0
COG4078	0.6353	1	1	0.716297	0.257674	0.548219	0.257212	0.272938	0.189158	0.168078	0.443359	4.925	0.00116089	0
COG4079	0.1371	1	1	0.752356	0.164569	0.714702	0.175869	0.40429	0.205423	0.0376532	0.348066	5.50907	0.0125993	0
COG4080	0.9999	1	1	0.870488	0.233249	0.736881	0.323367	0.538073	0.343863	0.133608	0.332415	5.37189	0.0723945	0.025
COG4081	0.1373	1	1	0.558442	0.159858	0.505259	0.162858	0.184268	0.107177	0.0531824	0.374174	4.45887	0.00652143	0
COG4083	0.9996	1	1	0.986238	0.0247011	0.902124	0.143696	0.664497	0.300518	0.0841131	0.321741	4.68931	0.795132	0.86875
COG4084	0.6308	1	1	0.629978	0.226747	0.412966	0.19128	0.14282	0.0926578	0.217012	0.487158	4.14608	0.00134982	0
COG4085	0.994	1	1	0.642123	0.269034	0.272688	0.216688	0.063141	0.0807024	0.369434	0.578982	1.17991	0.0767663	0.0375
COG4086	0.0067	1	1	0.342195	0.235509	0.339611	0.23481	0.07771	0.079106	0.00258347	0.264485	0.247669	0.0133858	0
COG4087	0.9813	1	1	0.999556	0.000645857	0.996428	0.00434659	0.972576	0.0276817	0.00312757	0.0269795	7.0559	0.830294	0.909375
COG4088	0.8877	1	1	0.804499	0.216702	0.472859	0.259643	0.114511	0.103264	0.331639	0.689988	1.77478	0.348932	0.3625
COG4089	1	1	1	0.99898	0.00174011	0.98986	0.0163773	0.926805	0.104546	0.00912076	0.0721754	5.96516	0.718676	0.7375
COG4090	0.1382	1	1	0.918119	0.0307927	0.897532	0.0378639	0.617358	0.119695	0.0205876	0.300761	6.63162	0.0757369	0.0125
COG4095	0.9998	1	1	0.529864	0.128973	0.115805	0.0490772	0.0132212	0.00640247	0.414059	0.516643	-2.22132	0.211009	0.125
COG4096	0.4266	1	1	0.898756	0.0801088	0.790519	0.151915	0.391686	0.215289	0.108237	0.507071	0.813244	0.639265	0.64375
COG4097	0.0033	1	1	0.266117	0.158631	0.264764	0.158461	0.045115	0.0584089	0.00135291	0.221002	-1.29705	0.196075	0.05625
COG4104	0.0088	1	1	0.190558	0.213128	0.188495	0.212692	0.0503079	0.100065	0.00206341	0.14025	-0.815223	0.372778	0.35
COG4113	1	1	1	0.999606	0.000390689	0.995256	0.0052554	0.948656	0.0606245	0.00434971	0.0509496	4.66122	0.883283	0.99375
COG4119	0.0292	1	1	0.508584	0.184713	0.494141	0.183402	0.115526	0.0727445	0.014443	0.393058	0.53112	0.144053	0.025
COG4121	0.0171	1	1	0.184422	0.18766	0.180586	0.185355	0.0405495	0.055879	0.00383675	0.143873	-0.475214	0.0169434	0
COG4122	1	1	1	0.295863	0.332054	0.15912	0.307886	0.107662	0.290941	0.136743	0.188201	-2.55942	0.868833	0.95625
COG4127	0.4193	1	1	0.738126	0.11092	0.519509	0.162275	0.113969	0.098193	0.218617	0.624157	0.900883	0.410425	0.45625
COG4143	1	1	1	0.448789	0.27791	0.180041	0.195539	0.0392563	0.057443	0.268748	0.409533	-1.35388	0.606049	0.58125
COG4145	0.032	1	1	0.025882	0.016138	0.0239861	0.0149948	0.0022328	0.00152497	0.00189589	0.0236492	-3.29636	0.00689695	0
COG4147	0.906	1	1	0.48002	0.216691	0.199106	0.226014	0.0676558	0.118588	0.280914	0.412364	-1.76714	0.420214	0.4625
COG4149	0.0028	1	1	0.101098	0.129265	0.100647	0.128929	0.019057	0.0372039	0.000451051	0.0820409	-3.67404	0.145762	0.03125
COG4152	0.3386	1	1	0.205737	0.159209	0.124183	0.11036	0.0196558	0.0203411	0.0815533	0.186081	-2.60288	0.0818757	0.00625
COG4175	0.0101	1	1	0.0557624	0.0565096	0.0547078	0.0556175	0.00684602	0.00807809	0.00105461	0.0489164	-3.45864	0.0812146	0.003125
COG4176	0.0101	1	1	0.0781876	0.0796528	0.0768181	0.0785261	0.0115359	0.0138463	0.00136958	0.0666517	-2.96659	0.132853	0.015625
COG4177	1	1	1	0.999109	0.000995894	0.994803	0.00660337	0.975358	0.039367	0.00430673	0.0237514	3.58372	0.998123	1
COG4185	0.0125	1	1	0.0308443	0.0250962	0.0299242	0.0244315	0.00263241	0.00259853	0.000920087	0.0282119	-4.02077	0.0135147	0
COG4186	0.9622	1	1	0.805925	0.0960934	0.291041	0.121828	0.034756	0.0205852	0.514884	0.771169	-0.905239	0.363329	0.440625
COG4189	0.0001	1	1	0.224607	0.123171	0.224566	0.123158	0.0267816	0.0241161	4.06504e-05	0.197826	-0.613924	0.091232	0
COG4190	0.7143	1	1	0.870057	0.0636971	0.595453	0.160218	0.184947	0.15567	0.274604	0.685111	1.3256	0.566813	0.54375
COG4194	0.0006	1	1	0.29283	0.14188	0.292567	0.141792	0.0433759	0.0263005	0.000263035	0.249454	-0.478502	0.0625226	0
COG4198	0.9992	1	1	0.920941	0.170887	0.794144	0.262841	0.579479	0.316893	0.126797	0.341462	0.869069	0.558805	0.534375
COG4218	0.1372	1	1	0.48278	0.185168	0.426774	0.180638	0.126573	0.0806364	0.0560053	0.356207	4.23737	0.00664055	0
COG4221	0.9928	1	1	0.184647	0.326572	0.113813	0.27158	0.0742449	0.210606	0.0708337	0.110402	-2.83479	0.768582	0.85
COG4231	1	1	1	0.999996	7.02498e-06	0.999947	8.23796e-05	0.999209	0.00138871	4.84586e-05	0.00078702	8.28501	0.993406	1
COG4232	0.9602	1	1	0.0307272	0.0258053	0.00542195	0.00470235	0.000865111	0.000807568	0.0253052	0.0298621	-6.60429	0.202476	0.090625
COG4237	0.9991	1	1	0.993026	0.0040182	0.941367	0.0380303	0.701512	0.149697	0.0516585	0.291513	3.10226	0.596346	0.61875
COG4243	1	1	1	0.890811	0.194801	0.605643	0.285747	0.210749	0.21512	0.285169	0.680062	0.445501	0.373227	0.396875
COG4250	0.0012	1	1	0.201537	0.226776	0.201266	0.226591	0.0501491	0.0721418	0.000270635	0.151388	2.30085	0.124898	0.009375
COG4257	0.0402	1	1	0.157784	0.15162	0.147935	0.14635	0.0242521	0.0375561	0.00984848	0.133532	-1.43835	0.143154	0.034375
COG4262	0.0004	1	1	0.132851	0.17016	0.132772	0.170117	0.0246873	0.0502673	7.96318e-05	0.108164	-2.60883	0.246402	0.15
COG4263	0.0067	1	1	0.471954	0.266462	0.469015	0.267441	0.191442	0.285992	0.00293922	0.280513	1.12529	0.283081	0.18125
COG4264	0.001	1	1	0.186542	0.26375	0.186358	0.263658	0.0619849	0.130906	0.000183672	0.124557	-0.172734	0.0518606	0
COG4268	0.3728	1	1	0.928911	0.0448878	0.857236	0.0914117	0.487557	0.227227	0.0716747	0.441354	2.12869	0.692318	0.78125
COG4270	0.1893	1	1	0.028431	0.0729183	0.0207486	0.0539229	0.00328004	0.00874851	0.00768248	0.025151	-3.84784	0.0215955	0
COG4272	0.7973	1	1	0.887148	0.212841	0.70581	0.272251	0.321761	0.235464	0.181338	0.565387	2.87612	0.158333	0.078125
COG4273	1	1	1	0.993508	0.00455565	0.934692	0.0531044	0.660833	0.230716	0.0588158	0.332676	3.87489	0.855372	0.9625
COG4274	1	1	1	0.977449	0.0158351	0.833911	0.115687	0.461587	0.241825	0.143538	0.515861	1.99747	0.854578	0.940625
COG4275	0.9995	1	1	0.968311	0.00922637	0.757938	0.082694	0.302341	0.126888	0.210373	0.665969	1.86326	0.555126	0.546875
COG4276	0.9921	1	1	0.458171	0.28576	0.228235	0.310479	0.115776	0.243529	0.229935	0.342394	0.220461	0.60115	0.59375
COG4277	0.9999	1	1	0.946976	0.0417372	0.674338	0.163128	0.227276	0.192407	0.272638	0.7197	0.310496	0.410339	0.44375
COG4279	0.9978	1	1	0.95729	0.0278214	0.720867	0.177767	0.333056	0.258849	0.236423	0.624234	1.48712	0.707739	0.75
COG4280	0.6007	1	1	0.542558	0.278356	0.318449	0.224904	0.0807061	0.0869953	0.224109	0.461852	1.18164	0.0870257	0.015625
COG4289	0.0004	1	1	0.014311	0.0148145	0.014296	0.0148005	0.00104375	0.00124987	1.49403e-05	0.0132672	-4.32236	0.00706324	0
COG4292	0.0003	1	1	0.097992	0.168367	0.0979497	0.168329	0.0192267	0.0462869	4.23044e-05	0.0787653	-1.89155	0.0791142	0
COG4293	0.0236	1	1	0.138365	0.086223	0.133118	0.0838506	0.0220315	0.0189191	0.00524674	0.116334	-0.354417	0.00475123	0
COG4294	0.7571	1	1	0.774889	0.0950344	0.369162	0.170542	0.0628582	0.0589463	0.405727	0.71203	0.100662	0.526747	0.515625
COG4301	0.8726	1	1	0.746652	0.166029	0.430167	0.269352	0.189151	0.27367	0.316485	0.557502	-0.00986311	0.523287	0.553125
COG4309	0.0319	1	1	0.548773	0.184347	0.533373	0.186827	0.155773	0.139118	0.0154004	0.393	0.730982	0.266186	0.14375
COG4314	0.111	1	1	0.598956	0.269173	0.555382	0.275607	0.229902	0.242281	0.0435733	0.369054	1.1544	0.500511	0.51875
COG4317	0.0005	1	1	0.155972	0.14105	0.155839	0.140981	0.0240088	0.0324139	0.000132963	0.131963	-0.562842	0.0214393	0
COG4319	0.9683	1	1	0.553432	0.225225	0.239958	0.277486	0.113805	0.252276	0.313474	0.439627	-1.3616	0.660685	0.65
COG4326	0.1788	1	1	0.397866	0.279103	0.335641	0.29339	0.148322	0.264396	0.062225	0.249544	1.20246	0.194746	0.015625
COG4327	0.0061	1	1	0.115721	0.170992	0.114868	0.170087	0.0274392	0.0507396	0.000852965	0.0882818	-1.77756	0.0251514	0.003125
COG4333	0.0094	1	1	0.084565	0.0703814	0.0829199	0.0693631	0.00868303	0.00965044	0.00164508	0.075882	-2.19417	0.0468695	0
COG4342	0.9994	1	1	0.983042	0.0303683	0.91332	0.130869	0.715545	0.255642	0.0697224	0.267497	7.00994	0.300221	0.278125
COG4343	1	1	1	0.982393	0.0409004	0.911149	0.165239	0.716041	0.245334	0.0712433	0.266351	6.20802	0.334116	0.340625
COG4344	0.9999	1	1	0.967348	0.0570271	0.845055	0.159581	0.544125	0.246144	0.122293	0.423223	5.71112	0.344997	0.325
COG4345	0.9984	1	1	0.878145	0.278798	0.773487	0.264683	0.502787	0.23442	0.104658	0.375358	5.37673	0.0221509	0
COG4346	0.9947	1	1	0.927543	0.106799	0.65088	0.213406	0.236507	0.162309	0.276662	0.691036	0.885393	0.299226	0.265625
COG4347	0.8204	1	1	0.486984	0.283724	0.272325	0.321354	0.130801	0.227289	0.214659	0.356183	1.59267	0.557616	0.553125
COG4352	0.8507	1	1	0.732397	0.228956	0.388119	0.202586	0.101028	0.089764	0.344278	0.631369	3.03344	0.0837152	0.009375
COG4353	0.5377	1	1	0.927064	0.136668	0.857106	0.195084	0.577392	0.210037	0.0699581	0.349673	5.88049	0.158529	0.065625
COG4354	0.7844	1	1	0.886308	0.0560118	0.576161	0.168593	0.168237	0.155465	0.310147	0.718071	1.47156	0.502293	0.503125
COG4357	0.0004	1	1	0.157907	0.171004	0.157813	0.170935	0.027329	0.037176	9.3475e-05	0.130578	0.4157	0.0286183	0
COG4377	1	1	1	0.771444	0.0669738	0.244018	0.070159	0.0309603	0.0165265	0.527427	0.740484	-0.44183	0.140907	0.021875
COG4392	0.4371	1	1	0.217434	0.176701	0.10979	0.124287	0.0176419	0.0302286	0.107645	0.199792	-2.80488	0.389092	0.36875
COG4430	0.9939	1	1	0.311681	0.243505	0.122408	0.286581	0.0902712	0.263106	0.189273	0.221409	-1.261	0.549288	0.5625
COG4443	0.0014	1	1	0.0758019	0.0457953	0.0755734	0.0456903	0.00770747	0.00675373	0.000228494	0.0680944	-2.23129	0.0136305	0
COG4447	1	1	1	0.530495	0.256431	0.246516	0.31699	0.122481	0.247786	0.283979	0.408014	-1.31544	0.648728	0.64375
COG4508	0.1028	1	1	0.0860894	0.0545998	0.0709623	0.0466701	0.00922081	0.00763759	0.0151271	0.0768686	-2.19474	0.00494449	0
COG4538	0.0068	1	1	0.127057	0.151778	0.125606	0.15107	0.0216912	0.0450396	0.00145133	0.105366	-0.668411	0.0590135	0
COG4552	0.9995	1	1	0.800265	0.158186	0.428061	0.286963	0.177165	0.278501	0.372204	0.623101	-0.363163	0.737899	0.79375
COG4572	0.0028	1	1	0.606938	0.161017	0.605622	0.16122	0.186491	0.116454	0.00131559	0.420447	1.20385	0.264759	0.134375
COG4584	0.0067	1	1	0.266779	0.285117	0.264905	0.285062	0.103819	0.231748	0.00187385	0.16296	-1.07942	0.540977	0.6
COG4591	0.1749	1	1	0.0111098	0.0271645	0.00837515	0.0209136	0.00156231	0.0041934	0.00273469	0.00954753	-6.5633	0.151696	0.015625
COG4603	1	1	1	0.96666	0.0578049	0.857217	0.156735	0.578485	0.260977	0.109443	0.388176	0.696883	0.889922	0.940625
COG4608	1	1	1	0.99334	0.00840719	0.961744	0.0460452	0.84767	0.186847	0.0315951	0.145669	1.28721	0.992021	1
COG4635	1	1	1	0.972277	0.0343015	0.827127	0.15586	0.468868	0.283628	0.145149	0.503408	1.73259	0.930558	1
COG4637	0.9952	1	1	0.836709	0.0952161	0.39669	0.184624	0.0832338	0.0844186	0.440019	0.753475	-1.19195	0.631376	0.578125
COG4638	0.3678	1	1	0.0430206	0.0945591	0.0257078	0.0608605	0.00544117	0.0142297	0.0173128	0.0375794	-4.52649	0.129928	0.0375
COG4640	0.0463	1	1	0.0210397	0.0102786	0.0187598	0.00923207	0.00153402	0.000887294	0.00227986	0.0195056	-4.54276	0.0146894	0
COG4641	0.0045	1	1	0.0595129	0.0516296	0.058938	0.0512331	0.0064227	0.00737484	0.000574902	0.0530902	-3.35668	0.100733	0
COG4656	0.003	1	1	0.413138	0.29237	0.412075	0.292124	0.118719	0.141735	0.00106233	0.294418	-1.23315	0.440473	0.396875
COG4657	0.0005	1	1	0.0726917	0.181472	0.0726476	0.181377	0.00693846	0.0161722	4.41149e-05	0.0657532	-4.00247	0.0399284	0.003125
COG4658	0.0005	1	1	0.0334326	0.0940297	0.0334043	0.093952	0.00659732	0.0191668	2.83346e-05	0.0268353	-4.31203	0.12043	0.040625
COG4659	0.0005	1	1	0.125072	0.263635	0.125033	0.263623	0.0626461	0.170468	3.82811e-05	0.0624257	-1.77787	0.111197	0.025
COG4660	0.0005	1	1	0.0605954	0.144831	0.0605434	0.144713	0.00666525	0.0154479	5.20498e-05	0.0539302	-4.03556	0.0506575	0.009375
COG4662	1	1	1	0.99761	0.00402463	0.974653	0.045883	0.870747	0.209076	0.0229564	0.126863	3.7324	0.94425	0.996875
COG4666	0.9998	1	1	0.90298	0.0856235	0.656589	0.197625	0.317441	0.257888	0.246391	0.585539	0.586851	0.669385	0.69375
COG4667	0.0033	1	1	0.00243668	0.00181923	0.00241609	0.00180526	0.000199482	0.000186193	2.05964e-05	0.0022372	-7.00079	0.00653268	0
COG4670	0.9998	1	1	0.812713	0.0872481	0.300872	0.101878	0.0408273	0.0211608	0.511841	0.771885	-1.22706	0.446941	0.49375
COG4674	0.0031	1	1	0.23633	0.250444	0.235588	0.250216	0.0844885	0.159129	0.000741884	0.151842	-0.725696	0.19676	0.084375
COG4689	0.9993	1	1	0.834487	0.0783168	0.39679	0.216925	0.120112	0.17217	0.437697	0.714375	0.13741	0.651592	0.63125
COG4690	1	1	1	0.974635	0.0224813	0.806879	0.112313	0.35582	0.17253	0.167756	0.618815	1.55836	0.666471	0.63125
COG4697	0.9828	1	1	0.806218	0.270123	0.595093	0.236424	0.308743	0.203638	0.211125	0.497474	5.31155	0.0191731	0
COG4708	0.8033	1	1	0.841303	0.268181	0.628328	0.299817	0.268758	0.2547	0.212975	0.572544	0.705624	0.101574	0.034375
COG4709	0.9951	1	1	0.483644	0.169981	0.0906497	0.0486963	0.00897969	0.00495626	0.392994	0.474664	-3.01117	0.124527	0.03125
COG4711	0.7548	1	1	0.470771	0.292091	0.209279	0.220707	0.0413308	0.0581799	0.261491	0.42944	0.853812	0.408739	0.39375
COG4713	0.002	1	1	0.179444	0.0947798	0.178733	0.0945032	0.0186169	0.0144915	0.000710711	0.160827	-1.15177	0.0459457	0
COG4715	0.0188	1	1	0.408311	0.225326	0.399436	0.22694	0.121509	0.224627	0.00887507	0.286802	-0.0598898	0.748062	0.875
COG4720	1	1	1	0.97775	0.0534157	0.885268	0.191224	0.591298	0.284052	0.0924819	0.386452	1.61318	0.489122	0.484375
COG4721	0.6473	1	1	0.717636	0.231428	0.452729	0.227663	0.122743	0.101582	0.264908	0.594893	0.615031	0.0393835	0
COG4725	0.0008	1	1	0.0433124	0.0281629	0.0432263	0.028114	0.00341203	0.00261485	8.60766e-05	0.0399003	-2.91449	0.0346416	0
COG4729	0.5426	1	1	0.632113	0.158931	0.368696	0.212663	0.100404	0.151783	0.263417	0.531709	0.420336	0.224801	0.140625
COG4732	0.9996	1	1	0.961724	0.052187	0.750538	0.184269	0.321652	0.187814	0.211186	0.640072	2.07296	0.366644	0.38125
COG4738	0.2	1	1	0.819299	0.26942	0.786418	0.277695	0.544006	0.296026	0.0328804	0.275293	8.94841	0.343664	0.290625
COG4739	1	1	1	0.993457	0.0103789	0.939145	0.0837235	0.705272	0.269987	0.0543117	0.288184	4.6515	0.51771	0.509375
COG4740	0.1346	1	1	0.91214	0.0810991	0.894694	0.0905473	0.669398	0.164417	0.0174463	0.242742	7.61723	0.0860367	0
COG4741	1	1	1	0.948546	0.0679182	0.673753	0.202763	0.203575	0.140636	0.274793	0.744971	2.62499	0.259013	0.2375
COG4742	1	1	1	0.998788	0.00137533	0.98776	0.0137831	0.904126	0.107938	0.0110278	0.0946611	6.60805	0.941636	0.996875
COG4743	1	1	1	0.998225	0.00148625	0.979357	0.0197489	0.841122	0.157364	0.018868	0.157102	6.0263	0.968726	1
COG4744	0.1369	1	1	0.558678	0.163681	0.489464	0.166153	0.115057	0.0718934	0.0692148	0.443622	1.47723	0.0775236	0.003125
COG4745	0.0335	1	1	0.770829	0.213234	0.76055	0.21776	0.369871	0.235178	0.0102788	0.400958	2.27416	0.674258	0.728125
COG4746	0.1513	1	1	0.94432	0.0387333	0.926288	0.0507329	0.668476	0.195207	0.0180321	0.275844	7.00018	0.735515	0.840625
COG4747	1	1	1	0.936005	0.0786744	0.687391	0.221132	0.30454	0.221685	0.248614	0.631465	0.604933	0.62069	0.640625
COG4749	0.0327	1	1	0.572872	0.311257	0.565297	0.313555	0.356227	0.326867	0.00757474	0.216645	9.4395	0.639324	0.69375
COG4754	0.9878	1	1	0.94005	0.0955873	0.719791	0.214079	0.320273	0.204488	0.22026	0.619777	4.47711	0.191936	0.0875
COG4755	0.0143	1	1	0.377216	0.263975	0.373306	0.261916	0.142551	0.119047	0.00391024	0.234666	4.02839	0.000269521	0
COG4756	0.9985	1	1	0.988428	0.0152246	0.916159	0.0897829	0.6802	0.261904	0.0722688	0.308227	5.25995	0.388092	0.4
COG4760	0.9846	1	1	0.0994272	0.0753267	0.0171721	0.0136043	0.00230134	0.0019298	0.0822552	0.0971259	-4.29153	0.0208465	0
COG4770	0.0005	1	1	0.221821	0.330788	0.22176	0.330767	0.126268	0.280215	6.16312e-05	0.0955532	-2.12093	0.77717	0.859375
COG4782	0.0014	1	1	0.045491	0.0239933	0.0453613	0.0239286	0.00560255	0.00310789	0.000129689	0.0398885	-2.85778	0.00763618	0
COG4799	1	1	1	0.797879	0.203988	0.583958	0.306212	0.373205	0.364591	0.213921	0.424673	-0.880017	0.98205	1
COG4800	0.4649	1	1	0.937204	0.0770943	0.865776	0.142698	0.590458	0.255119	0.0714281	0.346746	7.00687	0.285112	0.23125
COG4802	1	1	1	0.986568	0.0258938	0.901363	0.158399	0.637231	0.242504	0.0852053	0.349337	4.03019	0.770053	0.828125
COG4803	0.0069	1	1	0.530214	0.242034	0.527343	0.242745	0.207507	0.252368	0.00287056	0.322707	0.921238	0.5512	0.584375
COG4804	0.575	1	1	0.289331	0.19905	0.116016	0.128715	0.0151778	0.0230778	0.173316	0.274154	-2.59894	0.282355	0.225
COG4806	0.0092	1	1	0.0427426	0.0248345	0.0419127	0.0244002	0.00475618	0.00343932	0.000829902	0.0379864	-3.07308	0.0246007	0
COG4809	0.9978	1	1	0.983785	0.0256244	0.875621	0.142658	0.557567	0.237386	0.108163	0.426218	4.43116	0.729401	0.753125
COG4813	0.0004	1	1	0.0744702	0.115678	0.0744196	0.115623	0.0111367	0.0216675	5.06714e-05	0.0633335	-2.1972	0.123057	0.01875
COG4818	1	1	1	0.992902	0.00645127	0.919464	0.0700777	0.578671	0.212601	0.0734385	0.414232	2.64348	0.528685	0.525
COG4821	0.0149	1	1	0.186824	0.0744244	0.181287	0.0727879	0.0180707	0.00947377	0.00553669	0.168753	-1.77991	0.0645384	0
COG4826	0.9999	1	1	0.854367	0.100647	0.464559	0.244176	0.151928	0.215735	0.389808	0.702439	-0.0891798	0.699957	0.703125
COG4827	0.1367	1	1	0.487662	0.198685	0.428305	0.203314	0.128481	0.137754	0.0593574	0.359181	3.80493	0.0593322	0
COG4828	0.0086	1	1	0.444443	0.207702	0.440182	0.208652	0.13409	0.227487	0.00426012	0.310353	0.471987	0.296145	0.209375
COG4829	0.0001	1	1	0.460071	0.201691	0.460025	0.201695	0.125904	0.107236	4.53889e-05	0.334167	0.914832	0.170411	0.040625
COG4830	1	1	1	0.910204	0.229816	0.809758	0.274765	0.478745	0.27743	0.100446	0.431459	4.13624	0.153394	0.090625
COG4831	0.0304	1	1	0.814657	0.0671737	0.805859	0.0694253	0.413984	0.125625	0.00879794	0.400674	4.95792	0.128317	0.003125
COG4832	0.991	1	1	0.862575	0.0626398	0.389278	0.18022	0.0727531	0.0846283	0.473297	0.789822	-0.669296	0.540205	0.475
COG4843	0.7661	1	1	0.689366	0.152902	0.317064	0.177081	0.051448	0.0433472	0.372302	0.637918	-0.437192	0.330392	0.3
COG4847	0.6756	1	1	0.76141	0.233455	0.603746	0.233167	0.325716	0.16981	0.157663	0.435693	5.86395	0.00623731	0
COG4854	1	1	1	0.968934	0.0495638	0.840363	0.160527	0.499317	0.208836	0.128571	0.469617	5.8014	0.316418	0.384375
COG4855	0.3143	1	1	0.936996	0.059608	0.886619	0.10162	0.579451	0.256179	0.0503762	0.357545	6.13573	0.4854	0.515625
COG4860	0.1408	1	1	0.380892	0.296742	0.337788	0.287895	0.115893	0.173339	0.0431039	0.264999	3.39006	0.21304	0.115625
COG4865	0.0005	1	1	0.301674	0.167919	0.301463	0.167877	0.0536984	0.0528689	0.000211746	0.247976	0.553767	0.240477	0.096875
COG4866	0.9341	1	1	0.70334	0.175614	0.331261	0.227797	0.0926969	0.15343	0.37208	0.610644	-0.280961	0.400006	0.421875
COG4870	0.9281	1	1	0.872613	0.0616817	0.505802	0.194711	0.15998	0.205563	0.36681	0.712632	0.178418	0.698653	0.684375
COG4871	0.368	1	1	0.982364	0.0147791	0.961531	0.0301091	0.770431	0.152371	0.0208336	0.211933	6.10891	0.544205	0.5625
COG4879	0.0151	1	1	0.419282	0.30062	0.415851	0.2991	0.205752	0.179846	0.00343132	0.21353	4.41704	0.000192042	0
COG4880	1	1	1	0.746961	0.169861	0.381472	0.173252	0.0936326	0.0477591	0.36549	0.653329	4.55687	0.0780146	0
COG4881	0.6228	1	1	0.895785	0.0883843	0.719879	0.155035	0.30576	0.155415	0.175906	0.590026	3.65596	0.092698	0.003125
COG4882	0.9535	1	1	0.841771	0.167368	0.514267	0.262783	0.181247	0.17189	0.327505	0.660524	3.92946	0.0994151	0.00625
COG4883	0.1415	1	1	0.95666	0.0214333	0.942796	0.0300916	0.713766	0.157712	0.0138641	0.242894	6.76711	0.463249	0.46875
COG4885	0.0327	1	1	0.677226	0.228136	0.665103	0.230626	0.278936	0.191159	0.0121234	0.39829	2.71431	0.551612	0.59375
COG4887	0.9501	1	1	0.99027	0.00626162	0.902785	0.0594728	0.521488	0.200378	0.0874858	0.468783	3.40438	0.629207	0.5875
COG4888	0.8608	1	1	0.724134	0.232823	0.377597	0.228686	0.0933577	0.0933617	0.346537	0.630776	1.24085	0.224192	0.15625
COG4891	0.1009	1	1	0.639462	0.190578	0.594976	0.204467	0.232207	0.254716	0.044486	0.407256	2.14466	0.655784	0.740625
COG4892	0.9532	1	1	0.987414	0.011509	0.887406	0.108357	0.556836	0.241935	0.100008	0.430577	4.07258	0.550577	0.553125
COG4894	0.8206	1	1	0.651093	0.159849	0.27079	0.234971	0.0755899	0.152561	0.380303	0.575503	-0.731884	0.439096	0.503125
COG4895	0.9998	1	1	0.991052	0.00963748	0.914971	0.0991139	0.658532	0.266237	0.0760818	0.33252	3.52589	0.933363	0.975
COG4900	0.9733	1	1	0.79401	0.243596	0.429979	0.289592	0.102995	0.10618	0.364031	0.691015	1.64177	0.118604	0.046875
COG4901	0.8444	1	1	0.668937	0.259011	0.356674	0.23451	0.115591	0.158317	0.312263	0.553346	2.43031	0.0490226	0.009375
COG4902	0.5123	1	1	0.968088	0.0179697	0.901371	0.0598137	0.549145	0.208002	0.0667174	0.418943	3.43026	0.506422	0.503125
COG4904	0.0415	1	1	0.478193	0.252306	0.469841	0.25001	0.275279	0.169595	0.00835222	0.202914	6.91754	0.00167466	0
COG4907	0.8665	1	1	0.948655	0.0393467	0.739283	0.180209	0.294188	0.171484	0.209373	0.654467	0.457419	0.465346	0.48125
COG4908	0.654	1	1	0.467924	0.189026	0.175648	0.1374	0.0209116	0.0219436	0.292277	0.447013	-1.50257	0.17841	0.05625
COG4911	0.9536	1	1	0.269071	0.20979	0.0834792	0.100984	0.0154901	0.0233913	0.185591	0.25358	-1.76869	0.0636732	0.0375
COG4912	1	1	1	0.432565	0.253368	0.156966	0.277961	0.0835609	0.231469	0.2756	0.349005	-1.73173	0.608542	0.596875
COG4914	1	1	1	0.959453	0.0709683	0.790676	0.229246	0.429182	0.226043	0.168778	0.530271	2.31804	0.426696	0.434375
COG4919	0.8193	1	1	0.667908	0.227843	0.319988	0.161583	0.0705385	0.0578375	0.34792	0.59737	1.89556	0.0434488	0.00625
COG4920	0.4247	1	1	0.464603	0.302529	0.352104	0.254955	0.139244	0.123511	0.112499	0.325359	4.00107	0.000577376	0
COG4921	0.138	1	1	0.804905	0.0760686	0.76604	0.0892859	0.414559	0.153004	0.0388655	0.390346	8.02339	0.0750186	0.00625
COG4923	0.1741	1	1	0.427862	0.187231	0.350075	0.184401	0.0778843	0.077396	0.0777868	0.349977	0.729077	0.353322	0.290625
COG4928	0.0076	1	1	0.476212	0.210528	0.472525	0.210902	0.12392	0.145108	0.00368696	0.352292	-0.0216515	0.429037	0.4125
COG4930	0.9958	1	1	0.986609	0.00639233	0.86242	0.0649337	0.421917	0.200407	0.12419	0.564692	2.46298	0.689467	0.64375
COG4932	0.0121	1	1	0.0758454	0.100559	0.0740872	0.0986038	0.00892636	0.0145928	0.00175814	0.066919	-4.0992	0.19701	0.05625
COG4933	0.9996	1	1	0.989544	0.00584367	0.890213	0.0463849	0.452666	0.142699	0.0993311	0.536878	3.26493	0.592022	0.521875
COG4934	0.9695	1	1	0.889204	0.0879571	0.543529	0.18335	0.154776	0.098152	0.345676	0.734428	0.7581	0.516597	0.5125
COG4938	1	1	1	0.991422	0.00354428	0.910378	0.0574547	0.570528	0.203964	0.0810441	0.420893	3.32238	0.676359	0.63125
COG4946	0.8946	1	1	0.736296	0.105703	0.26825	0.117407	0.0426309	0.0310443	0.468046	0.693665	0.939998	0.103146	0.003125
COG4948	1	1	1	0.856735	0.0960706	0.58715	0.217863	0.31005	0.270826	0.269585	0.546685	-0.935147	0.982498	1
COG4962	0.8009	1	1	0.995408	0.00403064	0.974979	0.0214858	0.842351	0.132063	0.0204288	0.153057	1.75849	0.969955	1
COG4973	0.0005	1	1	0.0300133	0.0259741	0.0299814	0.0259432	0.00353298	0.00241542	3.18978e-05	0.0264803	-4.21101	0.0313099	0
COG4974	0.9996	1	1	0.101473	0.238356	0.026325	0.0730926	0.00282722	0.00805246	0.0751484	0.0986461	-8.52423	0.463512	0.478125
COG4978	1	1	1	0.941251	0.0448597	0.685524	0.20626	0.314598	0.252449	0.255727	0.626653	1.62037	0.672053	0.675
COG4983	0.0173	1	1	0.470213	0.210558	0.462112	0.211118	0.12289	0.130888	0.00810003	0.347323	1.4612	0.46175	0.425
COG4986	0.9878	1	1	0.903064	0.116993	0.612024	0.248377	0.226691	0.153253	0.29104	0.676373	1.38027	0.246795	0.1875
COG4992	1	1	1	0.999386	0.000458789	0.997434	0.00216157	0.990945	0.0103554	0.00195175	0.00844026	3.54661	0.997641	1
COG4996	1	1	1	0.920243	0.143323	0.749093	0.223243	0.401013	0.201521	0.171149	0.51923	5.36651	0.213728	0.15
COG4997	0.9991	1	1	0.972829	0.0183227	0.727864	0.150608	0.256663	0.233435	0.244966	0.716167	1.73923	0.610333	0.55625
COG4998	0.5854	1	1	0.755676	0.312478	0.646959	0.319593	0.390493	0.286521	0.108716	0.365183	5.43152	0.0100795	0
COG5012	1	1	1	0.998607	0.0021238	0.985981	0.0183346	0.927884	0.0833968	0.0126264	0.0707231	3.60885	0.96514	0.996875
COG5013	0.9999	1	1	0.983312	0.0101201	0.888863	0.0674207	0.600259	0.208248	0.0944495	0.383053	2.32636	0.729024	0.765625
COG5014	1	1	1	0.905192	0.137537	0.603873	0.227448	0.17714	0.116048	0.30132	0.728052	3.21952	0.264853	0.21875
COG5015	0.9996	1	1	0.77439	0.0864067	0.272788	0.107394	0.0394275	0.0253324	0.501603	0.734963	-1.10458	0.221777	0.153125
COG5016	1	1	1	0.999864	0.000200358	0.998311	0.00216673	0.985704	0.0150141	0.00155365	0.0141601	5.75025	0.904561	0.96875
COG5131	0.0142	1	1	0.553881	0.253187	0.550618	0.252655	0.321535	0.184987	0.0032624	0.232346	6.44529	0.00388453	0
COG5184	0.1159	1	1	0.0628785	0.0544516	0.0489753	0.0439395	0.00502175	0.00525035	0.0139032	0.0578567	-3.54458	0.0757593	0.003125
COG5207	0.0063	1	1	0.100109	0.0524431	0.0988228	0.0519896	0.0116193	0.00918945	0.00128649	0.08849	-1.62925	0.0264742	0
COG5256	1	1	1	0.999985	2.0809e-05	0.999772	0.000252245	0.996081	0.00339683	0.000213146	0.00390422	8.84525	0.948051	1
COG5258	0.9999	1	1	0.252082	0.213018	0.118306	0.115714	0.0466047	0.0457388	0.133776	0.205477	4.54476	0.0452526	0
COG5266	0.1361	1	1	0.13064	0.0734617	0.101559	0.0608688	0.0139675	0.0113727	0.0290817	0.116673	-2.23287	0.048643	0
COG5276	0.9985	1	1	0.66637	0.153349	0.261854	0.260638	0.0969637	0.195169	0.404516	0.569406	-0.535118	0.5759	0.528125
COG5277	0.8346	1	1	0.665708	0.18999	0.323017	0.213365	0.0744715	0.0697429	0.342691	0.591236	2.91999	0.35648	0.33125
COG5282	0.0005	1	1	0.451486	0.274128	0.451343	0.274125	0.204064	0.2136	0.000143409	0.247422	0.724368	0.235918	0.1
COG5285	0.0004	1	1	0.00529327	0.0144679	0.00529006	0.0144593	0.0011408	0.00319226	3.21539e-06	0.00415247	-5.88632	0.0184246	0
COG5304	0.9653	1	1	0.577249	0.100078	0.173903	0.0757682	0.026904	0.0157031	0.403346	0.550345	-1.16559	0.0563359	0
COG5305	0.9987	1	1	0.523732	0.151315	0.098184	0.0538288	0.0098546	0.00695758	0.425548	0.513877	-2.83609	0.232016	0.1625
COG5306	0.9997	1	1	0.996126	0.00270191	0.956736	0.0249332	0.687144	0.141397	0.0393891	0.308982	4.60182	0.565066	0.540625
COG5310	0.1972	1	1	0.327303	0.150525	0.238133	0.121456	0.0290445	0.0186129	0.0891697	0.298258	-0.82212	0.0787733	0.003125
COG5316	0.9989	1	1	0.906065	0.0722271	0.635005	0.158139	0.21294	0.103945	0.271061	0.693125	0.243254	0.664846	0.665625
COG5340	1	1	1	0.830686	0.100571	0.431832	0.206974	0.10754	0.113394	0.398855	0.723146	-1.46055	0.732612	0.790625
COG5361	0.0163	1	1	0.193394	0.246818	0.189819	0.246685	0.0704524	0.173057	0.00357504	0.122941	-0.608839	0.331814	0.240625
COG5362	1	1	1	0.38835	0.157016	0.0599792	0.0604701	0.00617516	0.00854026	0.32837	0.382174	-2.57821	0.185582	0.06875
COG5378	0.997	1	1	0.998317	0.000453244	0.977252	0.0105747	0.780395	0.120553	0.0210651	0.217922	5.29036	0.709799	0.715625
COG5399	0.042	1	1	0.504029	0.333339	0.494847	0.329175	0.265296	0.21535	0.00918216	0.238733	4.8821	0.000415921	0
COG5418	0.9996	1	1	0.964926	0.0238849	0.735197	0.131584	0.266278	0.187924	0.229729	0.698648	2.94258	0.591244	0.540625
COG5421	1	1	1	0.983707	0.0131344	0.844932	0.100786	0.409926	0.251741	0.138775	0.573781	1.47514	0.794085	0.859375
COG5423	1	1	1	0.995703	0.00620974	0.958841	0.0534019	0.758818	0.212561	0.0368612	0.236885	3.94801	0.708987	0.728125
COG5424	0.9934	1	1	0.0845129	0.0736767	0.0125507	0.0137499	0.00176972	0.00224458	0.0719623	0.0827432	-4.66562	0.09122	0.05
COG5427	0.9899	1	1	0.993771	0.00361964	0.926677	0.0362357	0.558622	0.165095	0.0670943	0.435149	2.83846	0.684169	0.684375
COG5428	1	1	1	0.99901	0.00060449	0.987652	0.00797742	0.868347	0.104303	0.0113584	0.130663	4.58081	0.717973	0.71875
COG5431	1	1	1	0.950373	0.0529683	0.735066	0.200898	0.371371	0.295973	0.215307	0.579002	3.99645	0.499406	0.49375
COG5440	1	1	1	0.974236	0.0381954	0.827224	0.170124	0.46551	0.264339	0.147011	0.508726	4.80463	0.237019	0.234375
COG5441	0.0122	1	1	0.663112	0.166166	0.657777	0.168493	0.275658	0.262879	0.00533468	0.387454	1.5193	0.524397	0.553125
COG5459	0.0264	1	1	0.136037	0.0785305	0.129585	0.0754052	0.0175068	0.0122649	0.00645202	0.11853	-1.51007	0.00906869	0
COG5460	0.0003	1	1	0.072263	0.0551516	0.0722131	0.0551239	0.00666523	0.00764009	4.99263e-05	0.0655978	-2.40986	0.0228534	0
COG5464	0.0001	1	1	0.109622	0.0746145	0.109599	0.0746023	0.0109123	0.0098177	2.30893e-05	0.0987094	-2.86672	0.0749683	0.003125
COG5465	0.0003	1	1	0.0445598	0.0221714	0.0445323	0.0221542	0.00598998	0.00283615	2.7433e-05	0.0385698	-3.24232	0.0191985	0
COG5466	0.9999	1	1	0.926261	0.10161	0.680273	0.2456	0.311225	0.228795	0.245989	0.615036	2.88934	0.534573	0.46875
COG5470	0.0093	1	1	0.0835444	0.132166	0.0824742	0.131178	0.0186469	0.0409707	0.00107018	0.0648975	-2.88245	0.174552	0.01875
COG5476	0.3636	1	1	0.401482	0.242047	0.269174	0.243892	0.0849448	0.16621	0.132308	0.316538	-0.392812	0.49563	0.51875
COG5483	1	1	1	0.998732	0.00139019	0.987531	0.0154927	0.909023	0.112381	0.0112004	0.0897089	3.99344	0.929664	0.996875
COG5485	1	1	1	0.843249	0.0925987	0.456207	0.23908	0.183459	0.277013	0.387043	0.65979	-0.0889822	0.923405	0.996875
COG5486	0.0609	1	1	0.263763	0.189021	0.243311	0.18356	0.0528258	0.0714321	0.0204529	0.210938	-0.314676	0.242596	0.109375
COG5491	0.9745	1	1	0.553597	0.261596	0.214771	0.190874	0.0484271	0.0553115	0.338826	0.50517	1.3205	0.119135	0.11875
COG5493	0.4723	1	1	0.941013	0.11698	0.875239	0.190723	0.568542	0.260458	0.0657742	0.372471	4.46742	0.17266	0.075
COG5494	0.1381	1	1	0.426981	0.261788	0.388286	0.246235	0.155878	0.11979	0.0386949	0.271103	4.50109	0.000811876	0
COG5496	0.9998	1	1	0.88793	0.0799428	0.548439	0.225466	0.200136	0.191416	0.339491	0.687793	0.297926	0.528468	0.5125
COG5502	0.009	1	1	0.820614	0.157728	0.818299	0.159289	0.505799	0.281718	0.00231481	0.314815	2.70002	0.658281	0.771875
COG5504	0.3078	1	1	0.109082	0.079936	0.0577571	0.0423719	0.00600844	0.00429926	0.0513245	0.103073	-2.13152	0.0765381	0.00625
COG5507	0.1384	1	1	0.1693	0.231455	0.143446	0.226589	0.0479797	0.123493	0.0258534	0.12132	-1.21834	0.213749	0.071875
COG5513	0.1547	1	1	0.739308	0.172606	0.674533	0.198176	0.245307	0.17607	0.064775	0.494001	1.22354	0.471285	0.45
COG5518	0.0019	1	1	0.350582	0.13423	0.349674	0.134185	0.0648329	0.0474872	0.000907958	0.285749	2.17935	0.140829	0
COG5519	0.0003	1	1	0.443561	0.188779	0.443404	0.188796	0.105414	0.138949	0.000157207	0.338147	0.383781	0.214892	0.03125
COG5524	0.0018	1	1	0.00576971	0.00346789	0.00575223	0.00345843	0.000934452	0.000689684	1.74819e-05	0.00483526	-4.13618	0.0104936	0
COG5530	0.0006	1	1	0.298439	0.281849	0.298263	0.281855	0.120084	0.232548	0.000176162	0.178355	1.58039	0.354542	0.290625
COG5542	0.185	1	1	0.616448	0.123656	0.518006	0.133568	0.109847	0.0638603	0.0984427	0.506602	-0.1859	0.195146	0.10625
COG5549	0.9998	1	1	0.711461	0.223838	0.385587	0.30925	0.16983	0.256439	0.325874	0.541632	0.35587	0.620783	0.603125
COG5550	1	1	1	0.930997	0.120727	0.690616	0.258653	0.29247	0.251024	0.24038	0.638527	2.80216	0.282221	0.246875
COG5551	1	1	1	0.999457	0.000576405	0.992743	0.00947062	0.925808	0.100924	0.00671422	0.0736493	5.3492	0.782766	0.85
COG5557	0.9997	1	1	0.987797	0.023092	0.930795	0.112697	0.789715	0.287113	0.0570016	0.198082	2.82486	0.883857	0.93125
COG5558	0.7693	1	1	0.861553	0.25209	0.743587	0.262742	0.409268	0.198722	0.117967	0.452285	6.249	0.0736845	0
COG5559	0.9245	1	1	0.989854	0.00614999	0.932229	0.04054	0.672202	0.158184	0.0576251	0.317652	6.07429	0.508485	0.48125
COG5561	0.9986	1	1	0.997586	0.00201423	0.971128	0.0272143	0.787296	0.169066	0.0264581	0.21029	4.80956	0.728867	0.740625
COG5563	0.0045	1	1	0.285209	0.163656	0.283408	0.1634	0.0538837	0.0637917	0.0018003	0.231325	-0.0996197	0.0928841	0
COG5564	0.9993	1	1	0.830348	0.0819159	0.381981	0.244603	0.121126	0.176532	0.448366	0.709221	0.709235	0.525161	0.54375
COG5573	0.3706	1	1	0.688913	0.124602	0.495409	0.148364	0.10961	0.070767	0.193505	0.579304	0.166393	0.219805	0.109375
COG5592	0.0859	1	1	0.576958	0.2002	0.540706	0.201849	0.181739	0.130638	0.036252	0.395219	0.353893	0.141571	0.009375
COG5598	1	1	1	0.934509	0.0611039	0.640915	0.159662	0.193733	0.124568	0.293593	0.740775	0.840248	0.696924	0.728125
COG5607	0.0001	1	1	0.535728	0.207267	0.535688	0.207271	0.196603	0.178405	3.98755e-05	0.339125	0.150099	0.607243	0.7
COG5608	1	1	1	0.913187	0.0745163	0.626272	0.168725	0.228794	0.12982	0.286915	0.684393	1.51043	0.589833	0.590625
COG5615	0.9994	1	1	0.845103	0.116867	0.482386	0.189224	0.142186	0.109992	0.362717	0.702918	0.49092	0.319776	0.275
COG5617	0.0004	1	1	0.188777	0.0959593	0.188642	0.0959123	0.0232432	0.0177073	0.0001349	0.165534	-1.91128	0.0791636	0.003125
COG5621	0.001	1	1	0.553288	0.215175	0.552843	0.215262	0.197355	0.202264	0.000444412	0.355933	0.253193	0.393251	0.31875
COG5625	0.9963	1	1	0.853458	0.260884	0.652083	0.311132	0.34335	0.322978	0.201375	0.510109	3.83154	0.193609	0.140625
COG5635	0.9999	1	1	0.970127	0.0212892	0.798524	0.12581	0.389381	0.261617	0.171603	0.580746	1.29437	0.910478	1
COG5643	0.3193	1	1	0.88558	0.0793273	0.808455	0.123852	0.445224	0.196219	0.0771251	0.440357	6.10994	0.15248	0.009375
COG5646	0.9989	1	1	0.756976	0.13675	0.32366	0.255137	0.120571	0.252509	0.433316	0.636405	-0.563197	0.535012	0.490625
COG5650	0.0181	1	1	0.722384	0.194204	0.715567	0.196104	0.296449	0.170124	0.00681758	0.425936	1.0911	0.291281	0.203125
COG5652	0.999	1	1	0.0691511	0.13243	0.0105492	0.0260703	0.00121723	0.00320586	0.0586019	0.0679339	-6.19655	0.170041	0.071875
COG5658	1	1	1	0.948301	0.0388636	0.675505	0.184378	0.240127	0.172643	0.272796	0.708174	0.690516	0.591862	0.53125
