COG_ID	category	name	combined_input	combined_out_post	combined_present	euryroot_ml_input	euryroot_ml_out_post	euryroot_ml_present	euryroot_unif_input	euryroot_unif_out_post	euryroot_unif_present	gld_min1_input	gld_min1_out_post	gld_min1_present	gld_min4_input	gld_min4_out_post	gld_min4_present
COG0001	H	Glutamate-1-semialdehyde aminotransferase	0.1000	0.9268	1	0.9900	0.9886	1	0.4600	0.9369	1	1.0000	0.9998	1	1.0000	0.9916	1
COG0002	E	N-acetyl-gamma-glutamylphosphate reductase	0.0350	0.9831	1	0.0200	0.8888	1	0.0000	0.9591	1	1.0000	0.9996	1	0.9999	0.9930	1
COG0003	P	Anion-transporting ATPase, ArsA/GET3 family	0.0000	0.6778	1	0.2400	0.8888	1	0.0000	0.5477	1	1.0000	0.9991	1	0.9996	0.9875	1
COG0004	P	Ammonia channel protein AmtB	0.0000	0.5871	1	0.2300	0.5098	1	0.0000	0.4385	0	1.0000	0.9817	1	0.9533	0.8317	1
COG0005	F	Purine nucleoside phosphorylase	0.1600	0.9903	1	0.8200	0.9962	1	0.0300	0.9827	1	1.0000	0.9997	1	1.0000	0.9987	1
COG0006	E	Xaa-Pro aminopeptidase	0.0300	0.9958	1	0.9900	0.9992	1	0.0700	0.9954	1	1.0000	1.0000	1	1.0000	0.9998	1
COG0007	H	Uroporphyrinogen-III methylase (siroheme synthase)	0.0050	0.7955	1	0.8600	0.9588	1	0.0000	0.4762	0	1.0000	0.9971	1	0.9858	0.8395	1
COG0008	J	Glutamyl- or glutaminyl-tRNA synthetase	0.3600	0.9985	1	1.0000	1.0000	1	0.8300	0.9989	1	1.0000	1.0000	1	0.9999	1.0000	1
COG0009	J	tRNA A37 threonylcarbamoyladenosine synthetase subunit TsaC/SUA5/YrdC	0.0000	0.9761	1	0.9200	0.9967	1	0.0800	0.9900	1	1.0000	0.9997	1	0.9999	0.9993	1
COG0010	E	Arginase/agmatinase family enzyme	0.0000	0.9651	1	0.5500	0.9896	1	0.0200	0.9852	1	1.0000	0.9996	1	1.0000	0.9986	1
COG0011	H	Thiamin-binding stress-response protein YqgV, UPF0045 family	0.0000	0.8580	1	0.0000	0.7754	1	0.0000	0.7351	1	1.0000	0.9992	1	0.9999	0.9912	1
COG0012	J	Ribosome-binding ATPase YchF, GTP1/OBG family	0.9250	0.9943	1	1.0000	0.9987	1	0.9200	0.9934	1	1.0000	0.9996	1	1.0000	0.9993	1
COG0013	J	Alanyl-tRNA synthetase	0.2850	0.9971	1	0.9800	0.9999	1	0.4600	0.9971	1	1.0000	1.0000	1	0.9999	1.0000	1
COG0014	E	Gamma-glutamyl phosphate reductase	0.0000	0.1921	0	0.1200	0.0258	0	0.0000	0.1572	0	0.9438	0.1248	0	0.0438	0.0146	0
COG0015	F	Adenylosuccinate lyase	0.0050	0.9941	1	0.4700	0.9741	1	0.0000	0.9813	1	1.0000	0.9988	1	0.9999	0.9976	1
COG0016	J	Phenylalanyl-tRNA synthetase alpha subunit	0.0250	0.9928	1	0.9900	0.9998	1	0.5800	0.9943	1	1.0000	1.0000	1	0.9999	0.9999	1
COG0017	J	Aspartyl/asparaginyl-tRNA synthetase	0.3200	0.9972	1	1.0000	0.9998	1	0.3598	0.9945	1	1.0000	1.0000	1	1.0000	0.9998	1
COG0018	J	Arginyl-tRNA synthetase	0.2200	0.9842	1	0.9900	0.9982	1	0.4200	0.9801	1	1.0000	0.9999	1	0.9999	0.9996	1
COG0019	E	Diaminopimelate decarboxylase	0.0150	0.8933	1	0.5400	0.7900	1	0.0600	0.8790	1	1.0000	0.9875	1	0.9999	0.8870	1
COG0020	I	Undecaprenyl pyrophosphate synthase	0.4450	0.9973	1	0.9900	0.9995	1	0.6200	0.9957	1	1.0000	0.9999	1	1.0000	0.9998	1
COG0021	G	Transketolase	0.0000	0.0057	0	0.0000	0.0000	0	0.0000	0.0175	0	0.0000	0.0000	0	0.0000	0.0000	0
COG0022	C	Pyruvate/2-oxoglutarate/acetoin dehydrogenase complex, dehydrogenase (E1) component, beta subunit	0.0000	0.0401	0	0.0900	0.0837	0	0.0000	0.0721	0	1.0000	0.3729	0	0.9999	0.1861	0
COG0023	J	Translation initiation factor 1 (eIF-1/SUI1)	0.3000	0.9832	1	0.9000	0.9990	1	0.0500	0.9764	1	1.0000	0.9997	1	1.0000	0.9991	1
COG0024	J	Methionine aminopeptidase	0.5450	0.9951	1	1.0000	0.9985	1	0.9600	0.9952	1	1.0000	0.9998	1	1.0000	0.9995	1
COG0025	P	NhaP-type Na+/H+ or K+/H+ antiporter	0.0000	0.2110	0	0.9000	0.4377	0	0.0200	0.2986	0	1.0000	0.8402	1	0.8120	0.3866	0
COG0026	F	Phosphoribosylaminoimidazole carboxylase (NCAIR synthetase)	0.0000	0.0246	0	0.0000	0.0004	0	0.0000	0.0234	0	0.9998	0.1373	0	0.0012	0.0064	0
COG0027	F	Formate-dependent phosphoribosylglycinamide formyltransferase (GAR transformylase)	0.0000	0.1048	0	0.3700	0.1732	0	0.0000	0.0676	0	0.9966	0.1730	0	0.0547	0.1077	0
COG0028	EH	Acetolactate synthase large subunit or other thiamine pyrophosphate-requiring enzyme	0.0000	0.9177	1	0.7261	0.8976	1	0.0000	0.9386	1	1.0000	0.9992	1	1.0000	0.9912	1
COG0029	H	Aspartate oxidase	0.0150	0.3335	0	0.0600	0.0875	0	0.0000	0.0752	0	1.0000	0.4796	0	0.2004	0.2248	0
COG0030	J	16S rRNA A1518 and A1519 N6-dimethyltransferase RsmA/KsgA/DIM1 (may also have DNA glycosylase/AP lyase activity)	0.8250	0.9930	1	1.0000	0.9959	1	0.7900	0.9881	1	1.0000	0.9996	1	0.9999	0.9991	1
COG0031	E	Cysteine synthase	0.0050	0.7152	1	0.0000	0.1154	0	0.0000	0.5361	1	1.0000	0.9263	1	1.0000	0.8719	1
COG0033	G	Phosphoglucomutase/phosphomannomutase	0.0000	0.0013	0	0.0000	0.0008	0	0.0000	0.0007	0	0.0000	0.0021	0	0.0000	0.0009	0
COG0034	F	Glutamine phosphoribosylpyrophosphate amidotransferase	0.0300	0.9889	1	0.9903	0.9749	1	0.1700	0.9924	1	1.0000	0.9985	1	0.9996	0.9932	1
COG0035	F	Uracil phosphoribosyltransferase	0.0000	0.0682	0	0.0100	0.0696	0	0.0000	0.0253	0	1.0000	0.7501	1	0.5980	0.3410	0
COG0036	G	Pentose-5-phosphate-3-epimerase	0.0000	0.0928	0	0.8500	0.0163	0	0.0100	0.4458	0	1.0000	0.0024	0	0.9969	0.0113	0
COG0037	J	tRNA(Ile)-lysidine synthase TilS/MesJ	0.0450	0.9973	1	1.0000	0.9997	1	0.7800	0.9980	1	1.0000	0.9999	1	1.0000	0.9999	1
COG0038	P	H+/Cl- antiporter ClcA	0.1350	0.8876	1	0.9600	0.9625	1	0.0500	0.7657	1	1.0000	0.9986	1	0.9991	0.9682	1
COG0039	C	Malate/lactate dehydrogenase	0.0050	0.6376	1	0.1600	0.5384	1	0.0000	0.2946	0	1.0000	0.9736	1	0.9997	0.8657	1
COG0040	E	ATP phosphoribosyltransferase	0.0000	0.9706	1	0.0700	0.9851	1	0.0000	0.9659	1	1.0000	0.9999	1	0.9999	0.9993	1
COG0041	F	Phosphoribosylcarboxyaminoimidazole (NCAIR) mutase	0.0000	0.9582	1	0.8600	0.9708	1	0.0200	0.9801	1	1.0000	0.9983	1	0.9999	0.9957	1
COG0042	J	tRNA-dihydrouridine synthase	0.0000	0.1101	0	0.7090	0.0555	0	0.0000	0.0406	0	1.0000	0.1868	0	0.3501	0.0156	0
COG0043	H	3-polyprenyl-4-hydroxybenzoate decarboxylase	0.4950	0.9983	1	0.9900	0.9998	1	0.5400	0.9958	1	1.0000	1.0000	1	1.0000	0.9998	1
COG0044	F	Dihydroorotase or related cyclic amidohydrolase	0.2800	0.9983	1	0.1900	0.9955	1	0.0000	0.9934	1	1.0000	0.9998	1	1.0000	0.9996	1
COG0045	C	Succinyl-CoA synthetase, beta subunit	0.1500	0.9435	1	0.9800	0.9691	1	0.1200	0.9472	1	1.0000	0.9995	1	0.9999	0.9927	1
COG0046	F	Phosphoribosylformylglycinamidine (FGAM) synthase, synthetase domain	0.0000	0.9751	1	0.0700	0.9680	1	0.0000	0.9810	1	1.0000	0.9986	1	0.9999	0.9946	1
COG0047	F	Phosphoribosylformylglycinamidine (FGAM) synthase, glutamine amidotransferase domain	0.0800	0.9791	1	0.9800	0.9950	1	0.2600	0.9899	1	1.0000	0.9999	1	0.9999	0.9986	1
COG0048	J	Ribosomal protein S12	0.0050	0.9888	1	0.9800	0.9995	1	0.4200	0.9934	1	1.0000	0.9998	1	0.9999	0.9998	1
COG0049	J	Ribosomal protein S7	0.7500	0.9933	1	0.9700	0.9996	1	0.1700	0.9905	1	1.0000	0.9999	1	0.9999	0.9999	1
COG0050	J	Translation elongation factor EF-Tu, a GTPase	0.0000	0.0023	0	0.0000	0.0000	0	0.0000	0.0028	0	0.0000	0.0000	0	0.0000	0.0000	0
COG0051	J	Ribosomal protein S10	0.3350	0.9880	1	0.8200	0.9988	1	0.0300	0.9870	1	1.0000	0.9998	1	0.9999	0.9995	1
COG0052	J	Ribosomal protein S2	0.0350	0.9868	1	0.9900	0.9991	1	0.1000	0.9880	1	1.0000	0.9995	1	0.9999	0.9997	1
COG0053	P	Divalent metal cation (Fe/Co/Zn/Cd) efflux pump	0.6300	0.9783	1	0.9309	0.9819	1	0.1600	0.9228	1	1.0000	0.9987	1	1.0000	0.9926	1
COG0054	H	6,7-dimethyl-8-ribityllumazine synthase (Riboflavin synthase beta chain)	0.0500	0.8720	1	1.0000	0.9079	1	0.4900	0.9214	1	1.0000	0.9965	1	0.9990	0.9270	1
COG0055	C	FoF1-type ATP synthase, beta subunit	0.0000	0.0028	0	0.0000	0.0002	0	0.0000	0.0030	0	0.0012	0.0025	0	0.0000	0.0001	0
COG0056	C	FoF1-type ATP synthase, alpha subunit	0.0000	0.0039	0	0.0000	0.0003	0	0.0000	0.0036	0	0.0012	0.0017	0	0.0000	0.0002	0
COG0057	G	Glyceraldehyde-3-phosphate dehydrogenase/erythrose-4-phosphate dehydrogenase	0.4850	0.9909	1	0.9900	0.9945	1	0.2500	0.9862	1	1.0000	0.9998	1	0.9999	0.9994	1
COG0058	G	Glucan phosphorylase	0.0000	0.1803	0	0.2500	0.4007	0	0.0000	0.0782	0	1.0000	0.9326	1	0.9986	0.7175	1
COG0059	EH	Ketol-acid reductoisomerase	0.0000	0.9335	1	0.9200	0.9492	1	0.0400	0.9642	1	1.0000	0.9989	1	0.9999	0.9955	1
COG0060	J	Isoleucyl-tRNA synthetase	0.7150	0.9909	1	1.0000	0.9996	1	0.8100	0.9902	1	1.0000	0.9999	1	0.9999	0.9999	1
COG0061	H	NAD kinase	0.0150	0.9947	1	0.2500	0.9987	1	0.0000	0.9787	1	1.0000	1.0000	1	1.0000	0.9998	1
COG0062	F	NAD(P)H-hydrate repair enzyme Nnr, NAD(P)H-hydrate epimerase domain	0.0000	0.0137	0	0.0000	0.0023	0	0.0000	0.0143	0	0.0007	0.1736	0	0.0000	0.0060	0
COG0063	F	NAD(P)H-hydrate repair enzyme Nnr, NAD(P)H-hydrate dehydratase domain	0.0250	0.9942	1	0.9616	0.9999	1	0.0700	0.9936	1	1.0000	1.0000	1	0.9999	1.0000	1
COG0064	J	Asp-tRNAAsn/Glu-tRNAGln amidotransferase B subunit	0.0000	0.6148	1	1.0000	0.9280	1	0.2600	0.8326	1	1.0000	0.9903	1	0.9999	0.9436	1
COG0065	E	Homoaconitase/3-isopropylmalate dehydratase large subunit	0.0000	0.9864	1	0.9700	0.9774	1	0.0700	0.9930	1	1.0000	0.9998	1	1.0000	0.9992	1
COG0066	E	3-isopropylmalate dehydratase small subunit	0.0000	0.9898	1	0.9500	0.9954	1	0.0700	0.9950	1	1.0000	1.0000	1	1.0000	0.9998	1
COG0067	E	Glutamate synthase domain 1	0.0050	0.7768	1	0.6700	0.6644	1	0.0200	0.5133	1	1.0000	0.9915	1	0.9691	0.9194	1
COG0068	O	Hydrogenase maturation factor HypF (carbamoyltransferase)	0.5050	0.9979	1	0.9700	0.9996	1	0.3000	0.9821	1	1.0000	1.0000	1	0.9999	0.9999	1
COG0069	E	Glutamate synthase domain 2	0.0500	0.9065	1	0.3400	0.9704	1	0.0000	0.6761	1	1.0000	0.9971	1	1.0000	0.9937	1
COG0070	E	Glutamate synthase domain 3	0.0000	0.5574	1	0.0100	0.8763	1	0.0000	0.1796	0	0.9999	0.9854	1	0.8618	0.9525	1
COG0071	O	Small heat shock protein IbpA, HSP20 family	0.0000	0.9935	1	0.8514	0.9999	1	0.0300	0.9960	1	1.0000	1.0000	1	1.0000	1.0000	1
COG0072	J	Phenylalanyl-tRNA synthetase beta subunit	0.1550	0.9875	1	0.9900	0.9969	1	0.2500	0.9873	1	1.0000	0.9971	1	0.9999	0.9977	1
COG0073	J	tRNA-binding EMAP/Myf domain	0.0000	0.0819	0	0.8900	0.0525	0	0.0000	0.1140	0	1.0000	0.0740	0	0.9878	0.1291	0
COG0074	C	Succinyl-CoA synthetase, alpha subunit	0.2600	0.8867	1	0.9812	0.9431	1	0.3000	0.8234	1	1.0000	0.9993	1	0.9999	0.9896	1
COG0075	EF	Archaeal aspartate aminotransferase or a related aminotransferase, includes purine catabolism protein PucG	0.2750	0.9908	1	0.9500	0.9984	1	0.1700	0.9882	1	1.0000	1.0000	1	1.0000	0.9997	1
COG0076	E	Glutamate or tyrosine decarboxylase or a related PLP-dependent protein	0.4850	0.9576	1	0.9907	0.9956	1	0.3400	0.8168	1	1.0000	0.9997	1	0.9999	0.9970	1
COG0077	E	Prephenate dehydratase	0.0050	0.9269	1	0.9200	0.7160	1	0.0600	0.9042	1	1.0000	0.9845	1	0.9999	0.9608	1
COG0078	E	Ornithine carbamoyltransferase	0.0250	0.3175	0	0.7900	0.0276	0	0.0400	0.4857	0	1.0000	0.0259	0	1.0000	0.0724	0
COG0079	E	Histidinol-phosphate/aromatic aminotransferase or cobyric acid decarboxylase	0.0000	0.9961	1	0.7700	0.9989	1	0.0900	0.9949	1	1.0000	1.0000	1	1.0000	0.9999	1
COG0080	J	Ribosomal protein L11	0.0050	0.9903	1	0.1200	0.9965	1	0.0000	0.9706	1	1.0000	0.9999	1	0.9999	0.9999	1
COG0081	J	Ribosomal protein L1	0.6200	0.9951	1	0.9200	0.9986	1	0.1200	0.9920	1	1.0000	0.9995	1	0.9999	0.9996	1
COG0082	E	Chorismate synthase	0.2850	0.9870	1	0.6000	0.9118	1	0.0200	0.9713	1	1.0000	0.9996	1	0.9999	0.9939	1
COG0083	E	Homoserine kinase	0.0750	0.8021	1	0.9300	0.8098	1	0.1000	0.7584	1	1.0000	0.8876	1	0.9999	0.8443	1
COG0084	N	3'->5' ssDNA/RNA exonuclease TatD	0.0000	0.6675	1	0.9100	0.9378	1	0.0200	0.8828	1	1.0000	0.8851	1	0.9999	0.9491	1
COG0085	K	DNA-directed RNA polymerase, beta subunit/140 kD subunit	0.0600	0.9914	1	0.9800	0.9996	1	0.5800	0.9967	1	1.0000	0.9998	1	1.0000	0.9998	1
COG0086	K	DNA-directed RNA polymerase, beta' subunit/160 kD subunit	0.0000	0.9873	1	0.9982	0.9999	1	0.6600	0.9986	1	1.0000	0.9999	1	1.0000	0.9999	1
COG0087	J	Ribosomal protein L3	0.3000	0.9943	1	1.0000	0.9996	1	0.7600	0.9970	1	1.0000	0.9997	1	0.9999	0.9997	1
COG0088	J	Ribosomal protein L4	0.0050	0.9943	1	1.0000	0.9996	1	0.3000	0.9967	1	1.0000	1.0000	1	0.9999	1.0000	1
COG0089	J	Ribosomal protein L23	0.0000	0.9752	1	0.9900	0.9975	1	0.6900	0.9951	1	1.0000	0.9993	1	0.9999	0.9994	1
COG0090	J	Ribosomal protein L2	0.1850	0.9913	1	0.9800	0.9978	1	0.1400	0.9923	1	1.0000	0.9997	1	0.9999	0.9997	1
COG0091	J	Ribosomal protein L22	0.2850	0.9923	1	0.9800	0.9986	1	0.3200	0.9933	1	1.0000	1.0000	1	0.9999	0.9998	1
COG0092	J	Ribosomal protein S3	0.6900	0.9965	1	1.0000	0.9996	1	0.9500	0.9973	1	1.0000	1.0000	1	0.9999	0.9999	1
COG0093	J	Ribosomal protein L14	0.2350	0.9969	1	0.5900	0.9998	1	0.0000	0.9877	1	1.0000	1.0000	1	0.9999	1.0000	1
COG0094	J	Ribosomal protein L5	0.9200	0.9989	1	0.9800	0.9999	1	0.6100	0.9980	1	1.0000	1.0000	1	0.9999	1.0000	1
COG0095	H	Lipoate-protein ligase A	0.0250	0.9190	1	0.9168	0.9111	1	0.0100	0.9124	1	1.0000	0.9978	1	1.0000	0.9930	1
COG0096	J	Ribosomal protein S8	0.0150	0.9961	1	1.0000	0.9999	1	0.2700	0.9962	1	1.0000	1.0000	1	1.0000	0.9999	1
COG0097	J	Ribosomal protein L6P/L9E	0.4750	0.9975	1	0.9400	0.9998	1	0.0100	0.9946	1	1.0000	1.0000	1	0.9999	0.9999	1
COG0098	J	Ribosomal protein S5	0.6550	0.9977	1	1.0000	0.9997	1	0.9900	0.9983	1	1.0000	0.9999	1	0.9999	0.9997	1
COG0099	J	Ribosomal protein S13	0.1800	0.9903	1	1.0000	0.9995	1	0.6900	0.9943	1	1.0000	0.9999	1	0.9999	0.9998	1
COG0100	J	Ribosomal protein S11	0.0000	0.9651	1	0.3500	0.9973	1	0.0000	0.9726	1	1.0000	0.9995	1	0.9999	0.9996	1
COG0101	J	tRNA U38,U39,U40 pseudouridine synthase TruA	0.0100	0.9767	1	0.9400	0.9814	1	0.1100	0.8477	1	1.0000	0.9974	1	0.9999	0.9875	1
COG0102	J	Ribosomal protein L13	0.0000	0.9621	1	0.9500	0.9986	1	0.2000	0.9900	1	1.0000	0.9996	1	0.9999	0.9996	1
COG0103	J	Ribosomal protein S9	0.0050	0.0284	0	0.9800	0.0047	0	0.3100	0.0598	0	1.0000	0.0010	0	0.9999	0.0013	0
COG0104	F	Adenylosuccinate synthase	0.0150	0.9929	1	0.6100	0.9839	1	0.0000	0.9706	1	1.0000	0.9996	1	0.9999	0.9987	1
COG0105	F	Nucleoside diphosphate kinase	0.0000	0.9123	1	0.0200	0.9388	1	0.0000	0.9060	1	1.0000	0.9994	1	0.9999	0.9921	1
COG0106	E	Phosphoribosylformimino-5-aminoimidazole carboxamide ribonucleotide (ProFAR) isomerase	0.0000	0.9835	1	0.9900	0.9876	1	0.3900	0.9938	1	1.0000	0.9999	1	0.9997	0.9989	1
COG0107	E	Imidazole glycerol phosphate synthase subunit HisF	0.7750	0.9950	1	1.0000	0.9865	1	0.5100	0.9928	1	1.0000	0.9999	1	0.9999	0.9991	1
COG0108	H	3,4-dihydroxy-2-butanone 4-phosphate synthase	0.0000	0.6447	1	0.7900	0.8309	1	0.0300	0.8677	1	1.0000	0.9805	1	0.9964	0.8220	1
COG0109	HI	Polyprenyltransferase (heme O synthase)	0.0000	0.0859	0	0.7500	0.0815	0	0.0200	0.2994	0	1.0000	0.3250	0	0.9812	0.2053	0
COG0110	R	Acetyltransferase, isoleucine patch superfamily	0.0150	0.9094	1	0.7585	0.6868	1	0.0500	0.8272	1	1.0000	0.9070	1	1.0000	0.8639	1
COG0111	H	Phosphoglycerate dehydrogenase or related dehydrogenase	0.0550	0.9889	1	0.9900	0.9946	1	0.4700	0.9890	1	1.0000	0.9997	1	1.0000	0.9982	1
COG0112	E	Glycine/serine hydroxymethyltransferase	0.2900	0.9929	1	1.0000	0.9965	1	0.7500	0.9957	1	1.0000	0.9996	1	1.0000	0.9991	1
COG0113	H	Delta-aminolevulinic acid dehydratase, porphobilinogen synthase	0.0000	0.7499	1	0.8400	0.9592	1	0.0300	0.6484	1	1.0000	0.9994	1	0.9995	0.9057	1
COG0114	C	Fumarate hydratase class II	0.0000	0.0096	0	0.8300	0.0595	0	0.0000	0.0080	0	1.0000	0.2092	0	0.6817	0.1232	0
COG0115	EH	Branched-chain amino acid aminotransferase/4-amino-4-deoxychorismate lyase	0.2100	0.9219	1	0.6600	0.8047	1	0.0400	0.9540	1	1.0000	0.9396	1	0.9999	0.9152	1
COG0116	J	23S rRNA G2445 N2-methylase RlmL	0.0000	0.2683	0	0.9900	0.6167	1	0.0300	0.5685	1	0.9999	0.4095	0	0.9845	0.6605	1
COG0117	H	Riboflavin biosynthesis protein RibD, pyrimidine deaminase domain	0.0000	0.0215	0	0.0200	0.0024	0	0.0000	0.0476	0	0.8653	0.0322	0	0.0469	0.0013	0
COG0118	E	Imidazoleglycerol phosphate synthase glutamine amidotransferase subunit HisH	0.1050	0.9695	1	0.8500	0.9114	1	0.0300	0.9630	1	1.0000	0.9984	1	0.9999	0.9900	1
COG0119	E	Isopropylmalate/homocitrate/citramalate synthases	0.0650	0.9922	1	0.9940	0.9832	1	0.2200	0.9949	1	1.0000	0.9998	1	1.0000	0.9976	1
COG0120	G	Ribose 5-phosphate isomerase	0.0550	0.9906	1	0.9700	0.9954	1	0.3700	0.9897	1	1.0000	0.9993	1	0.9999	0.9987	1
COG0121	R	Predicted glutamine amidotransferase YafJ	0.0000	0.2269	0	0.4439	0.2774	0	0.0100	0.4009	0	1.0000	0.7103	1	0.9996	0.7127	1
COG0122	L	3-methyladenine DNA glycosylase/8-oxoguanine DNA glycosylase	0.0200	0.5242	1	0.7500	0.4416	0	0.0100	0.4573	0	1.0000	0.7349	1	0.9998	0.4468	0
COG0123	Q	Acetoin utilization deacetylase AcuC or a related deacetylase	0.0350	0.9949	1	0.5020	0.9991	1	0.0000	0.9859	1	1.0000	1.0000	1	1.0000	0.9999	1
COG0124	J	Histidyl-tRNA synthetase	0.0950	0.9750	1	0.9500	0.9975	1	0.0100	0.9664	1	1.0000	0.9997	1	1.0000	0.9992	1
COG0125	F	Thymidylate kinase	0.0000	0.9666	1	0.0000	0.8416	1	0.0000	0.9638	1	1.0000	0.9974	1	1.0000	0.9947	1
COG0126	G	3-phosphoglycerate kinase	0.0300	0.9878	1	0.9800	0.9972	1	0.2200	0.9880	1	1.0000	1.0000	1	1.0000	0.9998	1
COG0127	F	Inosine/xanthosine triphosphate pyrophosphatase, all-alpha NTP-PPase family	0.1750	0.9959	1	1.0000	0.9992	1	0.6600	0.9969	1	1.0000	1.0000	1	0.9999	0.9999	1
COG0128	E	5-enolpyruvylshikimate-3-phosphate synthase	0.0000	0.9560	1	0.0000	0.7011	1	0.0000	0.9325	1	1.0000	0.9994	1	0.9999	0.9926	1
COG0129	EG	Dihydroxyacid dehydratase/phosphogluconate dehydratase	0.0100	0.9655	1	0.3400	0.9071	1	0.0000	0.9634	1	1.0000	0.9981	1	0.9997	0.9896	1
COG0130	J	tRNA U55 pseudouridine synthase TruB, may also work on U342 of tmRNA	0.0800	0.9810	1	0.2902	0.9968	1	0.0000	0.9347	1	1.0000	0.9996	1	0.9999	0.9998	1
COG0131	E	Imidazoleglycerol phosphate dehydratase HisB	0.0000	0.9755	1	0.2600	0.9771	1	0.0100	0.9850	1	1.0000	0.9999	1	0.9999	0.9985	1
COG0132	H	Dethiobiotin synthetase	0.0000	0.0408	0	0.0400	0.0112	0	0.0000	0.0277	0	0.9587	0.0314	0	0.0001	0.0034	0
COG0133	E	Tryptophan synthase beta chain	0.2100	0.9277	1	0.5000	0.3312	0	0.0000	0.5407	1	1.0000	0.9799	1	0.9989	0.9089	1
COG0134	E	Indole-3-glycerol phosphate synthase	0.0000	0.9511	1	0.7000	0.7095	1	0.0400	0.7291	1	1.0000	0.9998	1	0.9993	0.9945	1
COG0135	E	Phosphoribosylanthranilate isomerase	0.0500	0.9511	1	0.0300	0.7953	1	0.0000	0.5152	1	1.0000	0.9990	1	0.9999	0.9773	1
COG0136	E	Aspartate-semialdehyde dehydrogenase	0.7200	0.9946	1	0.9935	0.9840	1	0.2400	0.9865	1	1.0000	0.9998	1	0.9999	0.9970	1
COG0137	E	Argininosuccinate synthase	0.0850	0.9881	1	0.9700	0.9574	1	0.1400	0.9901	1	1.0000	0.9993	1	0.9999	0.9939	1
COG0138	F	AICAR transformylase/IMP cyclohydrolase PurH	0.0000	0.2828	0	0.5700	0.2065	0	0.0000	0.3985	0	0.9978	0.5144	1	0.3586	0.2004	0
COG0139	E	Phosphoribosyl-AMP cyclohydrolase	0.1850	0.9888	1	0.9900	0.9819	1	0.1000	0.9862	1	1.0000	0.9997	1	0.9999	0.9973	1
COG0140	E	Phosphoribosyl-ATP pyrophosphohydrolase	0.0000	0.2701	0	0.8400	0.6788	1	0.0000	0.1296	0	0.9997	0.9276	1	0.9149	0.7483	1
COG0141	E	Histidinol dehydrogenase	0.0500	0.9890	1	0.9800	0.9863	1	0.2300	0.9908	1	1.0000	0.9999	1	0.9999	0.9992	1
COG0142	H	Geranylgeranyl pyrophosphate synthase	0.7900	0.9992	1	1.0000	0.9994	1	0.6400	0.9990	1	1.0000	0.9999	1	1.0000	0.9998	1
COG0143	J	Methionyl-tRNA synthetase	0.1550	0.9886	1	0.9600	0.9990	1	0.2000	0.9844	1	1.0000	0.9998	1	0.9999	0.9996	1
COG0144	J	16S rRNA C967 or C1407 C5-methylase, RsmB/RsmF family	0.3900	0.9527	1	0.6518	0.9268	1	0.0000	0.7515	1	1.0000	0.9170	1	1.0000	0.9718	1
COG0145	EQ	N-methylhydantoinase A/oxoprolinase/acetone carboxylase, beta subunit	0.0450	0.7829	1	0.3730	0.7896	1	0.0000	0.4007	0	1.0000	0.9956	1	0.9999	0.9873	1
COG0146	EQ	N-methylhydantoinase B/oxoprolinase/acetone carboxylase, alpha subunit	0.0000	0.2927	0	0.0400	0.4636	0	0.0000	0.1233	0	1.0000	0.9861	1	0.9995	0.9689	1
COG0147	EH	Anthranilate/para-aminobenzoate synthases component I	0.0250	0.9573	1	0.7700	0.4949	0	0.0200	0.8128	1	1.0000	0.9976	1	0.9993	0.9431	1
COG0148	G	Enolase	0.3200	0.9958	1	0.9908	0.9995	1	0.1700	0.9958	1	1.0000	1.0000	1	0.9999	0.9996	1
COG0149	G	Triosephosphate isomerase	0.0250	0.9911	1	0.7100	0.9968	1	0.0100	0.9851	1	1.0000	0.9999	1	0.9999	0.9998	1
COG0150	F	Phosphoribosylaminoimidazole (AIR) synthetase	0.0100	0.9717	1	0.8600	0.9819	1	0.0200	0.9806	1	1.0000	0.9993	1	0.9997	0.9966	1
COG0151	F	Phosphoribosylamine-glycine ligase	0.3350	0.9722	1	0.8999	0.9183	1	0.0700	0.9671	1	1.0000	0.9925	1	0.9999	0.9856	1
COG0152	F	Phosphoribosylaminoimidazole-succinocarboxamide synthase	0.0450	0.9865	1	0.6200	0.9769	1	0.0200	0.9901	1	1.0000	0.9988	1	0.9999	0.9968	1
COG0153	G	Galactokinase	0.0000	0.0289	0	0.0400	0.0311	0	0.0000	0.0251	0	1.0000	0.2411	0	0.7095	0.2050	0
COG0154	J	Asp-tRNAAsn/Glu-tRNAGln amidotransferase A subunit or related amidase	0.0000	0.5756	1	0.8900	0.8578	1	0.0100	0.8445	1	1.0000	0.9976	1	0.9999	0.9640	1
COG0155	P	Sulfite reductase, beta subunit (hemoprotein)	0.0000	0.0775	0	0.3000	0.0099	0	0.0000	0.0410	0	0.9999	0.0490	0	0.0301	0.0091	0
COG0156	H	7-keto-8-aminopelargonate synthetase or related enzyme	0.0000	0.2460	0	0.6508	0.0883	0	0.0000	0.1656	0	1.0000	0.2333	0	0.9996	0.1933	0
COG0157	H	Nicotinate-nucleotide pyrophosphorylase	0.0000	0.9480	1	0.4870	0.9609	1	0.0000	0.9087	1	1.0000	0.9949	1	0.9999	0.9873	1
COG0158	G	Fructose-1,6-bisphosphatase	0.0000	0.0528	0	0.1600	0.0915	0	0.0000	0.0244	0	0.9887	0.2849	0	0.0065	0.1529	0
COG0159	E	Tryptophan synthase alpha chain	0.0150	0.9635	1	0.1500	0.5904	1	0.0000	0.6748	1	1.0000	0.9993	1	0.9993	0.9869	1
COG0160	E	Acetylornithine aminotransferase/4-aminobutyrate aminotransferase	0.0050	0.8109	1	0.8220	0.8671	1	0.0100	0.8146	1	1.0000	0.9950	1	1.0000	0.9673	1
COG0161	H	Adenosylmethionine-8-amino-7-oxononanoate aminotransferase	0.0000	0.0226	0	0.0000	0.0004	0	0.0000	0.0260	0	0.1175	0.0037	0	0.0001	0.0011	0
COG0162	J	Tyrosyl-tRNA synthetase	0.0050	0.9895	1	0.6400	0.9962	1	0.0100	0.9862	1	1.0000	0.9999	1	0.9999	0.9995	1
COG0163	H	Flavin prenyltransferase UbiX	0.7050	0.9920	1	0.9700	0.9985	1	0.0800	0.9583	1	1.0000	0.9997	1	0.9999	0.9975	1
COG0164	L	Ribonuclease HII	0.0400	0.9775	1	0.9600	0.9989	1	0.4400	0.9903	1	1.0000	0.9997	1	1.0000	0.9996	1
COG0165	E	Argininosuccinate lyase	0.0000	0.9738	1	0.9200	0.9498	1	0.0800	0.9876	1	1.0000	0.9994	1	0.9997	0.9929	1
COG0166	G	Glucose-6-phosphate isomerase	0.0000	0.1103	0	0.0000	0.0056	0	0.0000	0.0799	0	1.0000	0.1504	0	0.9978	0.1264	0
COG0167	F	Dihydroorotate dehydrogenase	0.0800	0.9966	1	0.9900	0.9983	1	0.0100	0.9962	1	1.0000	1.0000	1	1.0000	0.9998	1
COG0168	P	Trk-type K+ transport system, membrane component	0.0850	0.9791	1	0.9800	0.9763	1	0.1400	0.9378	1	1.0000	0.8817	1	0.9826	0.8699	1
COG0169	E	Shikimate 5-dehydrogenase	0.0050	0.9837	1	0.0000	0.8054	1	0.0000	0.9419	1	1.0000	0.9998	1	0.9999	0.9955	1
COG0170	OM	Dolichol kinase	0.0050	0.9149	1	0.7862	0.9962	1	0.0100	0.9186	1	1.0000	0.9986	1	0.9999	0.9972	1
COG0171	H	NH3-dependent NAD+ synthetase	0.0000	0.9894	1	0.6200	0.9977	1	0.0000	0.9748	1	1.0000	0.9999	1	1.0000	0.9998	1
COG0172	J	Seryl-tRNA synthetase	0.0650	0.9850	1	0.9703	0.9968	1	0.3400	0.9824	1	1.0000	0.9997	1	0.9999	0.9993	1
COG0173	J	Aspartyl-tRNA synthetase	0.0000	0.0020	0	0.0000	0.0000	0	0.0000	0.0037	0	0.0000	0.0000	0	0.0000	0.0000	0
COG0174	E	Glutamine synthetase	0.0650	0.9905	1	0.8200	0.9980	1	0.0200	0.9886	1	1.0000	0.9999	1	1.0000	0.9997	1
COG0175	EH	3'-phosphoadenosine 5'-phosphosulfate sulfotransferase (PAPS reductase)/FAD synthetase or related enzyme	0.0100	0.9490	1	0.9877	0.8928	1	0.1387	0.8799	1	1.0000	0.9026	1	0.9999	0.8438	1
COG0176	G	Transaldolase/fructose-6-phosphate aldolase	0.0000	0.1597	0	0.3000	0.1116	0	0.0000	0.3895	0	1.0000	0.1823	0	0.9948	0.1710	0
COG0177	L	Endonuclease III	0.0000	0.9345	1	0.4120	0.9910	1	0.0100	0.9794	1	1.0000	0.9999	1	1.0000	0.9992	1
COG0178	L	Excinuclease UvrABC ATPase subunit	0.0000	0.0727	0	0.0100	0.0268	0	0.0000	0.0403	0	1.0000	0.2875	0	0.9989	0.1031	0
COG0179	Q	2-keto-4-pentenoate hydratase/2-oxohepta-3-ene-1,7-dioic acid hydratase (catechol pathway)	0.0050	0.9444	1	0.9900	0.9226	1	0.3100	0.9112	1	1.0000	0.9995	1	0.9999	0.9788	1
COG0180	J	Tryptophanyl-tRNA synthetase	0.7600	0.9902	1	1.0000	0.9987	1	0.2500	0.9782	1	1.0000	0.9999	1	1.0000	0.9997	1
COG0181	H	Porphobilinogen deaminase	0.0250	0.7249	1	0.8700	0.9371	1	0.0000	0.4553	0	1.0000	0.9983	1	0.9996	0.8817	1
COG0182	E	5-methylthioribose/5-deoxyribulose 1-phosphate isomerase (methionine salvage pathway), a paralog of eIF-2B alpha subunit	0.0950	0.9951	1	0.0500	0.9986	1	0.0000	0.9759	1	1.0000	1.0000	1	0.9999	0.9999	1
COG0183	I	Acetyl-CoA acetyltransferase	0.0000	0.9671	1	0.9768	0.9926	1	0.1387	0.9924	1	1.0000	0.9999	1	1.0000	0.9989	1
COG0184	J	Ribosomal protein S15P/S13E	0.0300	0.9922	1	1.0000	0.9988	1	0.4000	0.9939	1	1.0000	0.9997	1	0.9999	0.9997	1
COG0185	J	Ribosomal protein S19	0.0100	0.9895	1	0.3300	0.9947	1	0.0000	0.9775	1	1.0000	0.9998	1	0.9999	0.9996	1
COG0186	J	Ribosomal protein S17	0.0000	0.9891	1	0.0300	0.9991	1	0.0000	0.9881	1	1.0000	1.0000	1	0.9999	1.0000	1
COG0187	L	DNA gyrase/topoisomerase IV, subunit B	0.0000	0.1475	0	0.0000	0.0039	0	0.0000	0.0994	0	0.9992	0.1785	0	0.9205	0.0659	0
COG0188	L	DNA gyrase/topoisomerase IV, subunit A	0.0000	0.1670	0	0.5900	0.0396	0	0.0100	0.2074	0	0.9991	0.1657	0	0.9125	0.0579	0
COG0189	EHJQ	Glutathione synthase, LysX or RimK-type ligase, ATP-grasp superfamily	0.0050	0.8569	1	0.4100	0.5767	1	0.0400	0.8369	1	1.0000	0.7940	1	1.0000	0.7905	1
COG0190	H	5,10-methylene-tetrahydrofolate dehydrogenase/Methenyl tetrahydrofolate cyclohydrolase	0.0050	0.1122	0	0.4600	0.0043	0	0.0000	0.0757	0	1.0000	0.0044	0	0.9993	0.0180	0
COG0191	G	Fructose/tagatose bisphosphate aldolase	0.0000	0.0708	0	0.0300	0.0121	0	0.0000	0.0548	0	0.9999	0.0269	0	0.2942	0.0219	0
COG0192	H	S-adenosylmethionine synthetase	0.0000	0.0296	0	0.5500	0.0007	0	0.0000	0.0342	0	1.0000	0.0006	0	0.3101	0.0001	0
COG0193	J	Peptidyl-tRNA hydrolase	0.0000	0.0002	0	0.0000	0.0000	0	0.0000	0.0003	0	0.0000	0.0000	0	0.0000	0.0000	0
COG0194	F	Guanylate kinase	0.0000	0.0005	0	0.0000	0.0000	0	0.0000	0.0007	0	0.0000	0.0000	0	0.0000	0.0000	0
COG0195	K	Transcription antitermination factor NusA, contains S1 and KH domains	0.1400	0.9943	1	1.0000	0.9999	1	0.7500	0.9976	1	1.0000	1.0000	1	1.0000	1.0000	1
COG0196	H	FAD synthase	0.0000	0.0024	0	0.0000	0.0001	0	0.0000	0.0038	0	0.0000	0.0002	0	0.0000	0.0001	0
COG0197	J	Ribosomal protein L16/L10AE	0.0000	0.9774	1	0.5300	0.9985	1	0.0000	0.9695	1	1.0000	1.0000	1	0.9999	0.9999	1
COG0198	J	Ribosomal protein L24	0.0900	0.9939	1	0.9200	0.9997	1	0.0300	0.9918	1	1.0000	1.0000	1	0.9999	0.9998	1
COG0199	J	Ribosomal protein S14	0.0100	0.9486	1	0.9000	0.9761	1	0.0000	0.8838	1	0.1413	0.8919	1	0.0000	0.6639	1
COG0200	J	Ribosomal protein L15	0.0000	0.9827	1	0.9900	0.9996	1	0.0900	0.9936	1	1.0000	0.9999	1	0.9999	0.9997	1
COG0201	U	Preprotein translocase subunit SecY	0.0000	0.0066	0	1.0000	0.0072	0	0.6600	0.0573	0	1.0000	0.0088	0	0.9999	0.0192	0
COG0202	K	DNA-directed RNA polymerase, alpha subunit/40 kD subunit	0.0400	0.9897	1	0.9800	0.9993	1	0.5000	0.9949	1	1.0000	0.9999	1	0.9999	0.9997	1
COG0203	J	Ribosomal protein L17	0.0000	0.0002	0	0.0000	0.0000	0	0.0000	0.0003	0	0.0000	0.0000	0	0.0000	0.0000	0
COG0204	I	1-acyl-sn-glycerol-3-phosphate acyltransferase	0.0000	0.0034	0	0.0000	0.0000	0	0.0000	0.0044	0	0.0000	0.0000	0	0.0000	0.0000	0
COG0205	G	6-phosphofructokinase	0.0000	0.0670	0	0.1552	0.0354	0	0.0000	0.0944	0	1.0000	0.1543	0	0.9699	0.1155	0
COG0206	D	Cell division GTPase FtsZ	0.0000	0.9291	1	0.9876	0.9933	1	0.1486	0.9711	1	1.0000	0.9522	1	1.0000	0.9552	1
COG0207	F	Thymidylate synthase	0.0050	0.5213	1	0.3000	0.2368	0	0.0000	0.1151	0	1.0000	0.1656	0	0.8417	0.3475	0
COG0208	F	Ribonucleotide reductase beta subunit, ferritin-like domain	0.0000	0.0009	0	0.0200	0.0001	0	0.0000	0.0019	0	0.2597	0.0000	0	0.0011	0.0000	0
COG0209	F	Ribonucleotide reductase alpha subunit	0.0000	0.6941	1	0.4735	0.7458	1	0.0000	0.6935	1	1.0000	0.9859	1	1.0000	0.9084	1
COG0210	L	Superfamily I DNA or RNA helicase	0.0000	0.1515	0	0.1000	0.0467	0	0.0000	0.0664	0	1.0000	0.3748	0	0.6716	0.0754	0
COG0211	J	Ribosomal protein L27	0.0000	0.0005	0	0.0000	0.0000	0	0.0000	0.0006	0	0.0000	0.0000	0	0.0000	0.0000	0
COG0212	H	5-formyltetrahydrofolate cyclo-ligase	0.0000	0.3715	0	0.4800	0.2076	0	0.0000	0.4731	0	1.0000	0.1341	0	0.9998	0.3754	0
COG0213	F	Thymidine phosphorylase	0.4800	0.9573	1	1.0000	0.9690	1	0.2500	0.9014	1	1.0000	0.8257	1	0.9999	0.9015	1
COG0214	H	Pyridoxal 5'-phosphate synthase subunit PdxS	0.0050	0.9806	1	0.8200	0.9886	1	0.0300	0.9450	1	1.0000	0.9998	1	0.9998	0.9949	1
COG0215	J	Cysteinyl-tRNA synthetase	0.0100	0.8976	1	0.1800	0.5823	1	0.0000	0.6949	1	1.0000	0.9902	1	0.9999	0.9799	1
COG0216	J	Protein chain release factor RF1	0.0000	0.0002	0	0.0000	0.0000	0	0.0000	0.0004	0	0.0000	0.0000	0	0.0000	0.0000	0
COG0217	KJ	Transcriptional and/or translational regulatory protein YebC/TACO1	0.0000	0.0002	0	0.0000	0.0000	0	0.0000	0.0002	0	0.0000	0.0000	0	0.0000	0.0000	0
COG0218	D	GTP-binding protein EngB required for normal cell division	0.0000	0.3029	0	0.1800	0.3023	0	0.0000	0.0978	0	1.0000	0.4313	0	0.9848	0.4631	0
COG0219	J	tRNA(Leu) C34 or U34 (ribose-2'-O)-methylase TrmL, contains SPOUT domain	0.0000	0.0000	0	0.0000	0.0000	0	0.0000	0.0001	0	0.0000	0.0000	0	0.0000	0.0000	0
COG0220	J	tRNA G46 N7-methylase TrmB	0.0000	0.0013	0	0.0000	0.0000	0	0.0000	0.0015	0	0.0000	0.0000	0	0.0000	0.0000	0
COG0221	C	Inorganic pyrophosphatase	0.0150	0.5967	1	0.9200	0.1725	0	0.0300	0.4151	0	1.0000	0.4010	0	0.9995	0.2533	0
COG0222	J	Ribosomal protein L7/L12	0.0000	0.0018	0	0.0000	0.0000	0	0.0000	0.0020	0	0.0000	0.0001	0	0.0000	0.0000	0
COG0223	J	Methionyl-tRNA formyltransferase	0.0000	0.0139	0	0.0000	0.0002	0	0.0000	0.0148	0	0.0000	0.0003	0	0.0000	0.0001	0
COG0224	C	FoF1-type ATP synthase, gamma subunit	0.0000	0.0165	0	0.0000	0.0018	0	0.0000	0.0160	0	0.0012	0.0269	0	0.0000	0.0015	0
COG0225	O	Peptide methionine sulfoxide reductase MsrA	0.0000	0.0283	0	0.0700	0.0805	0	0.0000	0.0399	0	1.0000	0.3175	0	0.9936	0.1202	0
COG0226	P	ABC-type phosphate transport system, periplasmic component	0.0250	0.9786	1	0.9500	0.9743	1	0.4000	0.9672	1	1.0000	0.9991	1	1.0000	0.9909	1
COG0227	J	Ribosomal protein L28	0.0000	0.0009	0	0.0000	0.0000	0	0.0000	0.0015	0	0.0000	0.0000	0	0.0000	0.0000	0
COG0228	J	Ribosomal protein S16	0.0000	0.0003	0	0.0000	0.0000	0	0.0000	0.0004	0	0.0000	0.0000	0	0.0000	0.0000	0
COG0229	O	Peptide methionine sulfoxide reductase MsrB	0.0000	0.0437	0	0.0100	0.0230	0	0.0000	0.0422	0	1.0000	0.2219	0	0.9765	0.0920	0
COG0230	J	Ribosomal protein L34	0.0000	0.0008	0	0.0000	0.0001	0	0.0000	0.0007	0	0.0000	0.0000	0	0.0000	0.0000	0
COG0231	J	Translation elongation factor P (EF-P)/translation initiation factor 5A (eIF-5A)	0.5150	0.9913	1	1.0000	0.9991	1	0.5500	0.9898	1	1.0000	0.9997	1	0.9999	0.9996	1
COG0232	F	dGTP triphosphohydrolase	0.0000	0.0300	0	0.0400	0.0177	0	0.0000	0.0187	0	0.9608	0.1095	0	0.0021	0.0235	0
COG0233	J	Ribosome recycling factor	0.0000	0.0003	0	0.0000	0.0000	0	0.0000	0.0004	0	0.0000	0.0000	0	0.0000	0.0000	0
COG0234	O	Co-chaperonin GroES (HSP10)	0.0000	0.0081	0	0.0100	0.0053	0	0.0000	0.0064	0	0.3126	0.0410	0	0.0000	0.0003	0
COG0235	EG	5-methylthioribulose/5-deoxyribulose/Fuculose 1-phosphate aldolase (methionine salvage, sugar degradation)	0.0000	0.8969	1	0.6300	0.9833	1	0.0100	0.8884	1	1.0000	0.9975	1	0.9999	0.9962	1
COG0236	I	Acyl carrier protein	0.0000	0.0177	0	0.0397	0.0022	0	0.0000	0.0143	0	0.9835	0.0035	0	0.0362	0.0005	0
COG0237	H	Dephospho-CoA kinase	0.0000	0.9597	1	0.9300	0.9963	1	0.1400	0.9889	1	1.0000	0.9997	1	1.0000	0.9982	1
COG0238	J	Ribosomal protein S18	0.0000	0.0005	0	0.0000	0.0000	0	0.0000	0.0006	0	0.0000	0.0000	0	0.0000	0.0000	0
COG0239	DP	Fluoride ion exporter CrcB/FEX, affects chromosome condensation	0.0150	0.5353	1	0.6300	0.3124	0	0.0100	0.3062	0	1.0000	0.8085	1	0.9135	0.4323	0
COG0240	C	Glycerol-3-phosphate dehydrogenase	0.0000	0.0515	0	0.0400	0.0074	0	0.0000	0.0535	0	0.7867	0.0126	0	0.0006	0.0035	0
COG0241	E	Histidinol phosphatase/D-glycero-mannoheptose bisphosphatephosphatase, HAD superfamily	0.0050	0.0857	0	0.4500	0.0775	0	0.0100	0.1306	0	0.9999	0.1302	0	0.1631	0.0213	0
COG0242	J	Peptide deformylase	0.0000	0.0046	0	0.0000	0.0000	0	0.0000	0.0055	0	0.0000	0.0000	0	0.0000	0.0000	0
COG0243	C	Anaerobic selenocysteine-containing dehydrogenase	0.0000	0.8624	1	0.4346	0.9731	1	0.0100	0.8011	1	1.0000	0.9996	1	1.0000	0.9881	1
COG0244	J	Ribosomal protein L10	0.0000	0.9524	1	0.3000	0.9965	1	0.0000	0.9506	1	1.0000	0.9998	1	0.9999	0.9996	1
COG0245	I	2C-methyl-D-erythritol 2,4-cyclodiphosphate synthase	0.0000	0.0027	0	0.0000	0.0000	0	0.0000	0.0036	0	0.0000	0.0000	0	0.0000	0.0000	0
COG0246	G	Mannitol-1-phosphate/altronate dehydrogenases	0.0000	0.0030	0	0.0000	0.0002	0	0.0000	0.0036	0	0.0000	0.0001	0	0.0000	0.0002	0
COG0247	C	Fe-S cluster-containing oxidoreductase, includes glycolate oxidase subunit GlcF	0.0000	0.9123	1	0.9948	0.9987	1	0.1800	0.9466	1	1.0000	1.0000	1	1.0000	0.9991	1
COG0248	FT	Exopolyphosphatase/pppGpp-phosphohydrolase	0.0000	0.0461	0	0.0000	0.0075	0	0.0000	0.0535	0	0.4478	0.0903	0	0.0001	0.0107	0
COG0249	L	DNA mismatch repair ATPase MutS	0.0000	0.1406	0	0.1200	0.1107	0	0.0000	0.0573	0	0.9999	0.4957	0	0.2764	0.1451	0
COG0250	K	Transcription termination/antitermination protein NusG	0.7650	0.9943	1	1.0000	0.9986	1	0.8100	0.9932	1	1.0000	0.9998	1	0.9999	0.9997	1
COG0251	V	Enamine deaminase RidA, house cleaning of reactive enamine intermediates, YjgF/YER057c/UK114 family	0.0000	0.2528	0	0.0000	0.0749	0	0.0000	0.2852	0	1.0000	0.7576	1	0.9999	0.4975	0
COG0252	JE	L-asparaginase/archaeal Glu-tRNAGln amidotransferase subunit D	0.0000	0.9582	1	0.9000	0.9986	1	0.1100	0.9847	1	1.0000	0.9996	1	1.0000	0.9988	1
COG0253	E	Diaminopimelate epimerase	0.0000	0.6112	1	0.7300	0.7280	1	0.0000	0.6090	1	1.0000	0.8462	1	0.9985	0.7258	1
COG0254	J	Ribosomal protein L31	0.0000	0.0002	0	0.0000	0.0000	0	0.0000	0.0003	0	0.0000	0.0000	0	0.0000	0.0000	0
COG0255	J	Ribosomal protein L29	0.1450	0.9954	1	0.2100	0.9985	1	0.0000	0.9725	1	1.0000	1.0000	1	0.9999	0.9999	1
COG0256	J	Ribosomal protein L18	0.2400	0.9952	1	0.9100	0.9995	1	0.0900	0.9950	1	1.0000	0.9999	1	0.9999	0.9996	1
COG0257	J	Ribosomal protein L36	0.0000	0.0009	0	0.0000	0.0000	0	0.0000	0.0012	0	0.0000	0.0000	0	0.0000	0.0000	0
COG0258	L	5'-3' exonuclease Xni/ExoIX (flap endonuclease)	0.0000	0.9636	1	0.9400	0.9984	1	0.0600	0.9914	1	1.0000	0.9987	1	1.0000	0.9983	1
COG0259	H	Pyridoxine/pyridoxamine 5'-phosphate oxidase	0.0000	0.0001	0	0.0000	0.0000	0	0.0000	0.0002	0	0.0000	0.0001	0	0.0000	0.0000	0
COG0260	E	Leucyl aminopeptidase	0.0000	0.0043	0	0.8000	0.0003	0	0.0000	0.0113	0	1.0000	0.0001	0	0.3920	0.0001	0
COG0261	J	Ribosomal protein L21	0.0000	0.0002	0	0.0000	0.0000	0	0.0000	0.0003	0	0.0000	0.0000	0	0.0000	0.0000	0
COG0262	H	Dihydrofolate reductase	0.0000	0.0100	0	0.1000	0.0008	0	0.0000	0.0027	0	1.0000	0.0520	0	0.0865	0.0009	0
COG0263	E	Glutamate 5-kinase	0.0000	0.1928	0	0.1000	0.0226	0	0.0000	0.1438	0	0.9435	0.0817	0	0.0287	0.0069	0
COG0264	J	Translation elongation factor EF-Ts	0.0000	0.0003	0	0.0000	0.0000	0	0.0000	0.0004	0	0.0000	0.0000	0	0.0000	0.0000	0
COG0265	O	Periplasmic serine protease, S1-C subfamily, contain C-terminal PDZ domain	0.0000	0.1838	0	0.3200	0.2348	0	0.0000	0.3432	0	1.0000	0.4960	0	0.9997	0.3838	0
COG0266	L	Formamidopyrimidine-DNA glycosylase	0.0000	0.0316	0	0.0000	0.0003	0	0.0000	0.0391	0	0.0000	0.0041	0	0.0000	0.0002	0
COG0267	J	Ribosomal protein L33	0.0000	0.0011	0	0.0000	0.0000	0	0.0000	0.0013	0	0.0000	0.0000	0	0.0000	0.0000	0
COG0268	J	Ribosomal protein S20	0.0000	0.0007	0	0.0000	0.0000	0	0.0000	0.0008	0	0.0000	0.0000	0	0.0000	0.0000	0
COG0269	G	3-keto-L-gulonate-6-phosphate decarboxylase	0.0450	0.9967	1	0.8656	0.9999	1	0.0000	0.9345	1	1.0000	1.0000	1	0.9999	0.9999	1
COG0270	L	DNA-cytosine methylase	0.0400	0.6434	1	0.0500	0.4141	0	0.0000	0.2106	0	1.0000	0.7004	1	0.9989	0.6332	1
COG0271	KT	DNA-binding global transcriptional regulator BolA, affects cell shape, cell division and biofilm formation	0.0000	0.0042	0	0.0000	0.0003	0	0.0000	0.0042	0	0.0017	0.0003	0	0.0000	0.0003	0
COG0272	L	NAD-dependent DNA ligase	0.0000	0.0259	0	0.0200	0.0028	0	0.0000	0.0288	0	0.9639	0.0134	0	0.0031	0.0033	0
COG0274	F	Deoxyribose-phosphate aldolase	0.0000	0.2426	0	0.0200	0.2384	0	0.0000	0.1271	0	1.0000	0.8850	1	0.9999	0.8126	1
COG0275	J	16S rRNA C1402 N4-methylase RsmH	0.0000	0.0012	0	0.0000	0.0000	0	0.0000	0.0016	0	0.0000	0.0000	0	0.0000	0.0000	0
COG0276	H	Protoheme ferro-lyase (ferrochelatase)	0.0000	0.0091	0	0.0900	0.0014	0	0.0000	0.0173	0	0.9995	0.0300	0	0.0021	0.0022	0
COG0277	C	FAD/FMN-containing lactate dehydrogenase/glycolate oxidase	0.0000	0.5925	1	0.7074	0.6806	1	0.0100	0.9151	1	1.0000	0.9886	1	1.0000	0.9154	1
COG0278	O	Glutaredoxin-related protein	0.0000	0.0035	0	0.0000	0.0001	0	0.0000	0.0037	0	0.2151	0.0001	0	0.0000	0.0001	0
COG0279	G	Phosphoheptose isomerase	0.0000	0.0352	0	0.3400	0.0472	0	0.0100	0.1107	0	0.9876	0.1720	0	0.0851	0.0116	0
COG0280	C	Phosphotransacetylase (includes Pta, EutD and phosphobutyryltransferase)	0.0000	0.0067	0	0.0500	0.0008	0	0.0000	0.0090	0	0.0116	0.0004	0	0.0000	0.0001	0
COG0281	C	Malic enzyme	0.0150	0.9954	1	0.8400	0.9995	1	0.0400	0.9938	1	1.0000	1.0000	1	0.9999	0.9998	1
COG0282	C	Acetate kinase	0.0000	0.0070	0	0.0800	0.0008	0	0.0000	0.0089	0	0.1143	0.0005	0	0.0003	0.0002	0
COG0283	F	Cytidylate kinase	0.0000	0.0015	0	0.0000	0.0000	0	0.0000	0.0023	0	0.0000	0.0002	0	0.0000	0.0000	0
COG0284	F	Orotidine-5'-phosphate decarboxylase	0.0000	0.9811	1	0.8700	0.9908	1	0.0100	0.9912	1	1.0000	0.9998	1	0.9999	0.9992	1
COG0285	H	Folylpolyglutamate synthase/Dihydropteroate synthase	0.0000	0.0437	0	0.0000	0.0003	0	0.0000	0.0538	0	1.0000	0.0026	0	0.9999	0.0043	0
COG0286	V	Type I restriction-modification system, DNA methylase subunit	0.0050	0.9121	1	0.7746	0.9742	1	0.0100	0.6037	1	1.0000	0.9977	1	0.9999	0.9685	1
COG0287	E	Prephenate dehydrogenase	0.0000	0.0629	0	0.0694	0.0048	0	0.0000	0.0757	0	1.0000	0.0172	0	0.9983	0.0385	0
COG0288	P	Carbonic anhydrase	0.0000	0.0551	0	0.2531	0.0494	0	0.0000	0.0377	0	1.0000	0.1793	0	0.6942	0.0791	0
COG0289	E	4-hydroxy-tetrahydrodipicolinate reductase	0.0000	0.6862	1	0.6100	0.7606	1	0.0100	0.7739	1	1.0000	0.9602	1	0.9839	0.7903	1
COG0290	J	Translation initiation factor IF-3	0.0000	0.0011	0	0.0000	0.0000	0	0.0000	0.0011	0	0.0000	0.0000	0	0.0000	0.0000	0
COG0291	J	Ribosomal protein L35	0.0000	0.0016	0	0.0000	0.0001	0	0.0000	0.0017	0	0.0000	0.0001	0	0.0000	0.0000	0
COG0292	J	Ribosomal protein L20	0.0000	0.0007	0	0.0000	0.0000	0	0.0000	0.0007	0	0.0000	0.0000	0	0.0000	0.0000	0
COG0293	J	23S rRNA U2552 (ribose-2'-O)-methylase RlmE/FtsJ	0.4500	0.9578	1	0.9900	0.9843	1	0.4500	0.9659	1	1.0000	0.9450	1	0.9999	0.9850	1
COG0294	H	Dihydropteroate synthase	0.0000	0.9871	1	0.0400	0.9971	1	0.0000	0.9411	1	1.0000	1.0000	1	0.9999	0.9998	1
COG0295	F	Cytidine deaminase	0.0050	0.1115	0	0.2300	0.0088	0	0.0000	0.0404	0	1.0000	0.1114	0	0.8019	0.0627	0
COG0296	G	1,4-alpha-glucan branching enzyme	0.0000	0.0143	0	0.1100	0.0313	0	0.0000	0.0095	0	0.9978	0.5114	1	0.0001	0.0940	0
COG0297	G	Glycogen synthase	0.0000	0.2515	0	0.3400	0.3925	0	0.0000	0.1693	0	1.0000	0.8055	1	0.9993	0.6112	1
COG0298	O	Hydrogenase maturation factor HybG, HypC/HupF family	0.0000	0.9634	1	0.0700	0.9912	1	0.0000	0.9026	1	1.0000	0.9996	1	0.9999	0.9994	1
COG0299	F	Folate-dependent phosphoribosylglycinamide formyltransferase PurN	0.0000	0.1731	0	0.0200	0.1348	0	0.0000	0.3552	0	1.0000	0.3583	0	0.9724	0.1887	0
COG0300	R	Short-chain dehydrogenase	0.0000	0.0522	0	0.1900	0.0085	0	0.0000	0.0467	0	1.0000	0.0963	0	0.9571	0.0336	0
COG0301	HJ	Adenylyl- and sulfurtransferase ThiI (thiamine and tRNA 4-thiouridine biosynthesis)	0.0150	0.9922	1	0.9900	0.9999	1	0.4700	0.9936	1	1.0000	0.9999	1	0.9999	0.9999	1
COG0302	H	GTP cyclohydrolase I	0.0000	0.0162	0	0.0000	0.0002	0	0.0000	0.0222	0	0.9999	0.0856	0	0.4476	0.0037	0
COG0303	H	Molybdopterin Mo-transferase (molybdopterin biosynthesis)	0.0000	0.9977	1	0.9998	1.0000	1	0.6165	0.9993	1	1.0000	1.0000	1	1.0000	1.0000	1
COG0304	IQ	3-oxoacyl-(acyl-carrier-protein) synthase	0.0000	0.0028	0	0.0000	0.0001	0	0.0000	0.0033	0	0.0000	0.0002	0	0.0000	0.0000	0
COG0305	L	Replicative DNA helicase	0.0000	0.0026	0	0.0000	0.0000	0	0.0000	0.0032	0	0.0000	0.0000	0	0.0000	0.0000	0
COG0306	P	Phosphate/sulfate permease	0.2250	0.9309	1	0.9500	0.9758	1	0.1300	0.8364	1	1.0000	0.9949	1	1.0000	0.9921	1
COG0307	H	Riboflavin synthase alpha chain	0.0000	0.0296	0	0.2800	0.0053	0	0.0000	0.0593	0	0.9999	0.1872	0	0.0043	0.0056	0
COG0308	E	Aminopeptidase N, contains DUF3458 domain	0.0050	0.3833	0	0.1000	0.1667	0	0.0000	0.1490	0	1.0000	0.4345	0	0.9900	0.3407	0
COG0309	O	Carbamoyl dehydratase HypE (hydrogenase maturation factor)	0.2200	0.9986	1	0.8900	0.9997	1	0.1100	0.9894	1	1.0000	1.0000	1	1.0000	1.0000	1
COG0310	P	ABC-type Co2+ transport system, permease component	0.0050	0.9599	1	0.9796	0.9988	1	0.0300	0.8519	1	1.0000	0.9999	1	1.0000	0.9987	1
COG0311	H	Pyridoxal 5'-phosphate synthase subunit PdxT (glutamine amidotransferase)	0.2300	0.9834	1	0.9900	0.9844	1	0.0800	0.9302	1	1.0000	0.9996	1	0.9998	0.9943	1
COG0312	R	Zn-dependent protease PmbA/TldA or its inactivated homolog	0.0150	0.9931	1	1.0000	0.9998	1	0.2824	0.9930	1	1.0000	0.9985	1	1.0000	0.9998	1
COG0313	J	16S rRNA C1402 (ribose-2'-O) methylase RsmI	0.0000	0.0008	0	0.0000	0.0000	0	0.0000	0.0013	0	0.0000	0.0000	0	0.0000	0.0000	0
COG0314	H	Molybdopterin synthase catalytic subunit MoaE	0.0000	0.9789	1	0.9625	0.9990	1	0.0300	0.9889	1	1.0000	0.9999	1	0.9997	0.9998	1
COG0315	H	Molybdenum cofactor biosynthesis enzyme MoaC	0.0450	0.9938	1	0.8500	0.9996	1	0.0800	0.9927	1	1.0000	1.0000	1	0.9999	1.0000	1
COG0316	O	Fe-S cluster assembly iron-binding protein IscA	0.0000	0.0178	0	0.1600	0.0018	0	0.0000	0.0207	0	1.0000	0.0499	0	0.9905	0.0028	0
COG0317	TK	(p)ppGpp synthase/hydrolase, HD superfamily	0.0000	0.0083	0	0.0500	0.0009	0	0.0000	0.0111	0	0.9999	0.0071	0	0.0130	0.0004	0
COG0318	I	O-succinylbenzoic acid-CoA ligase MenE or related acyl-CoA synthetase (AMP-forming)	0.0000	0.3287	0	0.0100	0.2421	0	0.0000	0.3281	0	1.0000	0.7568	1	1.0000	0.5736	1
COG0319	J	ssRNA-specific RNase YbeY, 16S rRNA maturation enzyme	0.0000	0.0001	0	0.0000	0.0000	0	0.0000	0.0002	0	0.0000	0.0000	0	0.0000	0.0000	0
COG0320	H	Lipoate synthase	0.0000	0.0432	0	0.8300	0.0842	0	0.0100	0.1614	0	1.0000	0.2239	0	0.9594	0.1155	0
COG0321	H	Lipoate-protein ligase B	0.0000	0.0018	0	0.0100	0.0015	0	0.0000	0.0088	0	1.0000	0.0482	0	0.4101	0.0051	0
COG0322	L	Excinuclease UvrABC, nuclease subunit	0.0000	0.0566	0	0.4159	0.0322	0	0.0000	0.0413	0	1.0000	0.2809	0	0.9939	0.0922	0
COG0323	L	DNA mismatch repair ATPase MutL	0.0000	0.1281	0	0.0000	0.0319	0	0.0000	0.0716	0	0.9981	0.4029	0	0.5453	0.1387	0
COG0324	J	tRNA A37 N6-isopentenylltransferase MiaA	0.0000	0.0005	0	0.0000	0.0000	0	0.0000	0.0008	0	0.0000	0.0000	0	0.0000	0.0000	0
COG0325	H	Pyridoxal 5'-phosphate homeostasis protein YggS, UPF0001 family	0.0000	0.0474	0	0.0300	0.0096	0	0.0000	0.0384	0	0.9911	0.1124	0	0.0166	0.0114	0
COG0326	O	Molecular chaperone, HSP90 family	0.0000	0.0148	0	0.0300	0.0023	0	0.0000	0.0109	0	0.0107	0.0060	0	0.0004	0.0021	0
COG0327	H	Putative GTP cyclohydrolase 1 type 2, NIF3 family	0.0000	0.4396	0	0.0700	0.7287	1	0.0000	0.1800	0	1.0000	0.9290	1	0.9993	0.8707	1
COG0328	L	Ribonuclease HI	0.0000	0.1384	0	0.0300	0.0213	0	0.0000	0.1373	0	1.0000	0.1208	0	0.9988	0.0910	0
COG0329	EM	4-hydroxy-tetrahydrodipicolinate synthase/N-acetylneuraminate lyase	0.0100	0.9740	1	0.9400	0.9734	1	0.1800	0.9770	1	1.0000	0.9999	1	1.0000	0.9949	1
COG0330	O	Regulator of protease activity HflC, stomatin/prohibitin superfamily	0.2200	0.9869	1	1.0000	0.9933	1	0.8400	0.9878	1	1.0000	0.9998	1	1.0000	0.9976	1
COG0331	I	Malonyl CoA-acyl carrier protein transacylase	0.0000	0.0033	0	0.0000	0.0002	0	0.0000	0.0032	0	0.0000	0.0011	0	0.0000	0.0002	0
COG0332	I	3-oxoacyl-[acyl-carrier-protein] synthase III	0.0000	0.0085	0	0.0000	0.0008	0	0.0000	0.0138	0	0.0000	0.0024	0	0.0000	0.0006	0
COG0333	J	Ribosomal protein L32	0.0000	0.0004	0	0.0000	0.0000	0	0.0000	0.0005	0	0.0000	0.0000	0	0.0000	0.0000	0
COG0334	E	Glutamate dehydrogenase/leucine dehydrogenase	0.0000	0.6596	1	0.0595	0.6417	1	0.0000	0.6911	1	1.0000	0.9718	1	1.0000	0.9570	1
COG0335	J	Ribosomal protein L19	0.0000	0.0004	0	0.0000	0.0000	0	0.0000	0.0004	0	0.0000	0.0000	0	0.0000	0.0000	0
COG0336	J	tRNA G37 N-methylase TrmD	0.0000	0.0002	0	0.0000	0.0000	0	0.0000	0.0003	0	0.0000	0.0000	0	0.0000	0.0000	0
COG0337	E	3-dehydroquinate synthetase	0.0000	0.0761	0	0.0300	0.0099	0	0.0000	0.0663	0	1.0000	0.3710	0	0.1471	0.0477	0
COG0338	L	DNA-adenine methylase	0.0000	0.1949	0	0.0700	0.2387	0	0.0000	0.1322	0	1.0000	0.4314	0	0.9845	0.2838	0
COG0339	O	Zn-dependent oligopeptidase, M3 family	0.0000	0.0016	0	0.0000	0.0001	0	0.0000	0.0024	0	0.0000	0.0000	0	0.0000	0.0001	0
COG0340	H	Biotin-(acetyl-CoA carboxylase) ligase	0.0000	0.7754	1	0.4500	0.9494	1	0.0000	0.4877	0	1.0000	0.9992	1	0.9999	0.9917	1
COG0341	U	Preprotein translocase subunit SecF	0.0000	0.2793	0	0.9300	0.4805	0	0.0000	0.0608	0	0.8080	0.4988	0	0.7142	0.1079	0
COG0342	U	Preprotein translocase subunit SecD	0.0050	0.4010	0	1.0000	0.5021	1	0.0000	0.0566	0	0.8520	0.4933	0	0.6544	0.1564	0
COG0343	J	Queuine/archaeosine tRNA-ribosyltransferase	0.6600	0.9967	1	1.0000	0.9975	1	0.6900	0.9870	1	1.0000	0.9998	1	1.0000	0.9995	1
COG0344	I	Phospholipid biosynthesis protein PlsY, probable glycerol-3-phosphate acyltransferase	0.0000	0.0063	0	0.0000	0.0004	0	0.0000	0.0077	0	0.0000	0.0002	0	0.0000	0.0003	0
COG0345	E	Pyrroline-5-carboxylate reductase	0.0050	0.8168	1	0.2500	0.6342	1	0.0000	0.5214	1	1.0000	0.9535	1	0.9997	0.9322	1
COG0346	Q	Catechol 2,3-dioxygenase or related enzyme, vicinal oxygen chelate (VOC) family	0.0050	0.6023	1	0.1342	0.1609	0	0.0000	0.1972	0	1.0000	0.7480	1	1.0000	0.5599	1
COG0347	TE	Nitrogen regulatory protein PII	0.0000	0.7172	1	0.3085	0.6754	1	0.0100	0.6961	1	1.0000	0.8508	1	0.9840	0.6812	1
COG0348	C	Polyferredoxin NapH	0.0000	0.4510	0	0.1585	0.8348	1	0.0000	0.2867	0	1.0000	0.9983	1	0.9992	0.9730	1
COG0349	J	Ribonuclease D	0.0000	0.0022	0	0.0000	0.0005	0	0.0000	0.0030	0	0.0000	0.0002	0	0.0000	0.0005	0
COG0350	L	DNA repair enzyme Ada (O6-methylguanine-DNA--protein-cysteine methyltransferase)	0.0000	0.9168	1	0.6600	0.9730	1	0.0100	0.9556	1	1.0000	0.9979	1	1.0000	0.9928	1
COG0351	H	Hydroxymethylpyrimidine/phosphomethylpyrimidine kinase	0.0000	0.9603	1	0.3900	0.9834	1	0.0000	0.9417	1	1.0000	0.9993	1	0.9999	0.9949	1
COG0352	H	Thiamine monophosphate synthase	0.0000	0.2023	0	0.2500	0.0762	0	0.0000	0.0913	0	0.9999	0.4769	0	0.9580	0.2020	0
COG0353	L	Recombinational DNA repair protein RecR	0.0000	0.0002	0	0.0000	0.0000	0	0.0000	0.0003	0	0.0000	0.0000	0	0.0000	0.0000	0
COG0354	O	Folate-binding protein YgfZ, synthesis and repair of Fe-S clusters	0.0000	0.0014	0	0.0000	0.0006	0	0.0000	0.0021	0	0.0000	0.0005	0	0.0000	0.0008	0
COG0355	C	FoF1-type ATP synthase, epsilon subunit	0.0000	0.0033	0	0.0000	0.0002	0	0.0000	0.0043	0	0.0000	0.0009	0	0.0000	0.0002	0
COG0356	C	FoF1-type ATP synthase, membrane subunit a	0.0000	0.0027	0	0.0000	0.0003	0	0.0000	0.0024	0	0.0000	0.0007	0	0.0000	0.0001	0
COG0357	J	16S rRNA G527 N7-methylase RsmG (former glucose-inhibited division protein B)	0.0000	0.0031	0	0.0000	0.0001	0	0.0000	0.0029	0	0.0000	0.0002	0	0.0000	0.0001	0
COG0358	L	DNA primase (bacterial type)	0.8800	0.9953	1	1.0000	0.9993	1	0.9600	0.9950	1	1.0000	0.9999	1	0.9999	0.9997	1
COG0359	J	Ribosomal protein L9	0.0000	0.0006	0	0.0000	0.0000	0	0.0000	0.0008	0	0.0000	0.0000	0	0.0000	0.0000	0
COG0360	J	Ribosomal protein S6	0.0000	0.0011	0	0.0000	0.0000	0	0.0000	0.0013	0	0.0000	0.0000	0	0.0000	0.0000	0
COG0361	J	Translation initiation factor IF-1	0.0100	0.9861	1	0.7000	0.9981	1	0.0100	0.9850	1	1.0000	0.9998	1	1.0000	0.9996	1
COG0362	G	6-phosphogluconate dehydrogenase	0.0000	0.0085	0	0.0000	0.0027	0	0.0000	0.0119	0	0.0000	0.0108	0	0.0000	0.0074	0
COG0363	G	6-phosphogluconolactonase/Glucosamine-6-phosphate isomerase/deaminase	0.0000	0.0054	0	0.0000	0.0001	0	0.0000	0.0101	0	0.0000	0.0000	0	0.0000	0.0001	0
COG0364	G	Glucose-6-phosphate 1-dehydrogenase	0.0000	0.0013	0	0.0000	0.0001	0	0.0000	0.0024	0	0.0000	0.0034	0	0.0000	0.0001	0
COG0365	I	Acyl-coenzyme A synthetase/AMP-(fatty) acid ligase	0.0050	0.8548	1	0.9538	0.8684	1	0.1500	0.8746	1	1.0000	0.9801	1	1.0000	0.9466	1
COG0366	G	Glycosidase/amylase (phosphorylase)	0.0000	0.0679	0	0.5688	0.0824	0	0.0200	0.1171	0	1.0000	0.5009	1	0.9921	0.2452	0
COG0367	E	Asparagine synthetase B (glutamine-hydrolyzing)	0.0200	0.9328	1	0.5650	0.8687	1	0.0100	0.8982	1	1.0000	0.9532	1	1.0000	0.9217	1
COG0368	H	Cobalamin synthase CobS (adenosylcobinamide-GDP ribazoletransferase)	0.0600	0.9764	1	0.8700	0.9762	1	0.0100	0.6595	1	1.0000	0.9998	1	0.9981	0.9944	1
COG0369	FP	Flavoprotein (flavin reductase) subunit CysJ of sulfite and N-hydroxylaminopurine reductases	0.0000	0.5020	1	0.0000	0.2879	0	0.0000	0.3465	0	0.0000	0.7142	1	0.0000	0.3214	0
COG0370	P	Fe2+ transporter FeoB	0.0550	0.9981	1	0.9600	0.9998	1	0.0600	0.9926	1	1.0000	1.0000	1	1.0000	0.9999	1
COG0371	C	Glycerol dehydrogenase or related enzyme, iron-containing ADH family	0.0100	0.9941	1	1.0000	0.9993	1	0.3400	0.9937	1	1.0000	0.9998	1	1.0000	0.9997	1
COG0372	C	Citrate synthase	0.0000	0.2117	0	0.5800	0.1619	0	0.0000	0.1641	0	1.0000	0.7715	1	0.9999	0.5195	1
COG0373	H	Glutamyl-tRNA reductase	0.0000	0.8427	1	0.9700	0.9869	1	0.1100	0.8247	1	1.0000	0.9995	1	0.9993	0.9772	1
COG0374	C	Ni,Fe-hydrogenase I large subunit	0.0000	0.7842	1	0.7300	0.9934	1	0.0000	0.6170	1	0.9997	0.9988	1	0.6325	0.9934	1
COG0375	O	Hydrogenase maturation factor HypA/HybF, metallochaperone involved in Ni insertion	0.0150	0.9863	1	0.7600	0.9989	1	0.0000	0.8838	1	1.0000	0.9999	1	0.9999	0.9998	1
COG0376	P	Catalase (peroxidase I)	0.0000	0.0253	0	0.0000	0.0166	0	0.0000	0.0263	0	0.7744	0.3149	0	0.0013	0.0766	0
COG0377	C	NADH:ubiquinone oxidoreductase 20 kD subunit (chain B) or related Fe-S oxidoreductase	0.0100	0.7766	1	0.6900	0.6221	1	0.0200	0.4832	0	1.0000	0.9996	1	0.9996	0.9858	1
COG0378	O	Hydrogenase/urease maturation factor HypB, Ni2+-binding GTPase	0.0050	0.8382	1	0.5600	0.9074	1	0.0000	0.4552	0	1.0000	0.9893	1	0.9996	0.9477	1
COG0379	H	Quinolinate synthase	0.1100	0.9494	1	1.0000	0.9207	1	0.3500	0.8821	1	1.0000	0.9646	1	0.9999	0.9616	1
COG0380	G	Trehalose-6-phosphate synthase, GT20 family	0.0000	0.1003	0	0.0000	0.2251	0	0.0000	0.1398	0	0.9872	0.9813	1	0.0113	0.5328	1
COG0381	M	UDP-N-acetylglucosamine 2-epimerase	0.0350	0.8333	1	0.9200	0.9486	1	0.1100	0.7311	1	1.0000	0.9869	1	0.9999	0.9654	1
COG0382	H	4-hydroxybenzoate polyprenyltransferase	0.7500	0.9992	1	0.8891	0.9999	1	0.0000	0.9902	1	1.0000	1.0000	1	1.0000	0.9999	1
COG0383	G	Alpha-mannosidase	0.0000	0.1179	0	0.6600	0.6955	1	0.0000	0.1153	0	1.0000	0.9269	1	0.7114	0.8185	1
COG0384	R	Predicted epimerase YddE/YHI9, PhzF superfamily	0.0000	0.0857	0	0.1264	0.1298	0	0.0000	0.0394	0	1.0000	0.6939	1	0.9961	0.5191	1
COG0385	R	Predicted Na+-dependent transporter YfeH	0.0000	0.0725	0	0.7100	0.0890	0	0.0000	0.0473	0	0.9995	0.3378	0	0.0012	0.0444	0
COG0386	VI	Thioredoxin/glutathione peroxidase BtuE, reduces lipid peroxides	0.0000	0.0002	0	0.0000	0.0000	0	0.0000	0.0002	0	0.0000	0.0000	0	0.0000	0.0000	0
COG0387	P	Cation (Ca2+/Na+/K+)/H+ antiporter ChaA	0.0000	0.0102	0	0.0000	0.0065	0	0.0000	0.0203	0	0.0000	0.0251	0	0.0000	0.0094	0
COG0388	C	Omega-amidase YafV/Nit2, hydrolyzes alpha-ketoglutaramate	0.0150	0.9724	1	0.1200	0.9359	1	0.0000	0.9066	1	1.0000	0.9994	1	1.0000	0.9960	1
COG0389	L	Nucleotidyltransferase/DNA polymerase DinP involved in DNA repair	0.0000	0.0793	0	0.1200	0.0333	0	0.0100	0.1715	0	1.0000	0.2335	0	0.9975	0.1555	0
COG0390	P	ABC-type iron transport system FetAB, permease component	0.0000	0.0589	0	0.0000	0.1024	0	0.0000	0.0338	0	0.3695	0.7943	1	0.0003	0.3590	0
COG0391	GH	Archaeal 2-phospho-L-lactate transferase/Bacterial gluconeogenesis factor, CofD/UPF0052 family	0.0050	0.7987	1	0.4800	0.9214	1	0.0000	0.4457	0	1.0000	0.9861	1	0.9999	0.9718	1
COG0392	M	Predicted membrane flippase AglD2/YbhN, UPF0104 family	0.2000	0.9871	1	0.9966	0.9984	1	0.5400	0.9805	1	1.0000	0.9994	1	1.0000	0.9972	1
COG0393	S	Uncharacterized pentameric protein YbjQ, UPF0145 family	0.0000	0.3715	0	0.1100	0.7408	1	0.0000	0.3143	0	1.0000	0.9754	1	0.9998	0.9072	1
COG0394	T	Protein-tyrosine-phosphatase	0.0000	0.3989	0	0.5900	0.4021	0	0.0300	0.5538	1	1.0000	0.8559	1	0.9999	0.7213	1
COG0395	G	ABC-type glycerol-3-phosphate transport system, permease component	0.0050	0.1257	0	0.0600	0.0182	0	0.0000	0.0571	0	1.0000	0.3882	0	0.9997	0.2784	0
COG0396	O	Fe-S cluster assembly ATPase SufC	0.0500	0.9604	1	0.8800	0.9980	1	0.0100	0.9532	1	1.0000	0.9998	1	0.9999	0.9984	1
COG0397	O	Protein adenylyltransferase (AMPylase) SelO/YdiU (selenoprotein O)	0.0000	0.0015	0	0.0000	0.0000	0	0.0000	0.0012	0	0.0134	0.0002	0	0.0000	0.0001	0
COG0398	S	Uncharacterized membrane protein YdjX, related to fungal oxalate transporter, TVP38/TMEM64 family	0.0000	0.0216	0	0.0000	0.0024	0	0.0000	0.0103	0	0.0280	0.1658	0	0.0000	0.0079	0
COG0399	M	dTDP-4-amino-4,6-dideoxygalactose transaminase	0.0050	0.9490	1	0.1200	0.8582	1	0.0000	0.7733	1	1.0000	0.9945	1	1.0000	0.9815	1
COG0400	R	Predicted esterase	0.0000	0.0013	0	0.0100	0.0003	0	0.0000	0.0025	0	0.0010	0.0001	0	0.0000	0.0000	0
COG0401	C	Membrane potential modulator PMP3/YqaE, plasma membrane proteolipid 3 (PMP3)/Esi3/RCI2/UPF0057 family	0.0000	0.0014	0	0.0000	0.0016	0	0.0000	0.0011	0	0.0000	0.0172	0	0.0000	0.0031	0
COG0402	FR	Cytosine/adenosine deaminase or related metal-dependent hydrolase	0.0000	0.9905	1	0.8881	0.9989	1	0.0900	0.9893	1	1.0000	0.9999	1	1.0000	0.9994	1
COG0403	E	Glycine cleavage system protein P (pyridoxal-binding), N-terminal domain	0.0000	0.4139	0	0.8100	0.2363	0	0.0300	0.6489	1	1.0000	0.7438	1	0.9999	0.6492	1
COG0404	E	Glycine cleavage system protein T (aminomethyltransferase)	0.0000	0.3589	0	0.9424	0.1300	0	0.3200	0.5735	1	1.0000	0.3577	0	0.9999	0.3394	0
COG0405	E	Gamma-glutamyltranspeptidase	0.0000	0.0203	0	0.0400	0.0296	0	0.0000	0.0254	0	0.9999	0.5307	1	0.6582	0.2032	0
COG0406	G	Broad specificity phosphatase PhoE	0.0000	0.0311	0	0.0700	0.0022	0	0.0000	0.0283	0	1.0000	0.1595	0	0.9996	0.0201	0
COG0407	H	Uroporphyrinogen-III decarboxylase HemE	0.0600	0.8004	1	0.9989	0.7608	1	0.1264	0.7875	1	1.0000	0.9529	1	0.9999	0.8636	1
COG0408	H	Coproporphyrinogen-III oxidase HemH, oxygen-dependent	0.0000	0.0015	0	0.0000	0.0005	0	0.0000	0.0023	0	0.0000	0.0002	0	0.0000	0.0002	0
COG0409	O	Hydrogenase maturation factor HypD	0.0000	0.9805	1	0.8000	0.9977	1	0.0500	0.9531	1	1.0000	0.9998	1	0.9999	0.9997	1
COG0410	E	ABC-type branched-chain amino acid transport system, ATPase component LivF	0.0000	0.4515	0	0.5700	0.9379	1	0.0000	0.6680	1	1.0000	0.9977	1	1.0000	0.9848	1
COG0411	E	ABC-type branched-chain amino acid transport system, ATPase component LivG	0.0000	0.4361	0	0.9902	0.9646	1	0.0300	0.6767	1	1.0000	0.9987	1	1.0000	0.9922	1
COG0412	Q	Dienelactone hydrolase	0.0000	0.0297	0	0.0100	0.0808	0	0.0000	0.0425	0	0.9999	0.3289	0	0.0033	0.0684	0
COG0413	H	Ketopantoate hydroxymethyltransferase	0.0000	0.3332	0	0.1600	0.0259	0	0.0000	0.2939	0	1.0000	0.2141	0	0.9986	0.2897	0
COG0414	H	Panthothenate synthetase	0.0000	0.0020	0	0.0000	0.0001	0	0.0000	0.0028	0	0.0000	0.0004	0	0.0000	0.0003	0
COG0415	L	Deoxyribodipyrimidine photolyase	0.0000	0.0863	0	0.7600	0.1464	0	0.0100	0.2097	0	1.0000	0.2945	0	0.0504	0.1027	0
COG0416	I	Acyl-ACP:phosphate acyltransferase (fatty acid/phospholipid biosynthesis)	0.0000	0.0014	0	0.0000	0.0001	0	0.0000	0.0022	0	0.0000	0.0000	0	0.0000	0.0000	0
COG0417	L	DNA polymerase B elongation subunit	0.0050	0.9974	1	0.5792	0.9999	1	0.0100	0.9966	1	1.0000	1.0000	1	1.0000	1.0000	1
COG0418	F	Dihydroorotase	0.0000	0.0009	0	0.0000	0.0009	0	0.0000	0.0008	0	0.0000	0.0017	0	0.0000	0.0011	0
COG0419	L	DNA repair exonuclease SbcCD ATPase subunit	0.0300	0.9859	1	0.9900	0.9965	1	0.3100	0.9625	1	1.0000	0.9999	1	1.0000	0.9976	1
COG0420	L	DNA repair exonuclease SbcCD nuclease subunit	0.0200	0.9940	1	0.1400	0.9918	1	0.0000	0.9596	1	1.0000	0.9998	1	0.9998	0.9974	1
COG0421	E	Spermidine synthase (polyamine aminopropyltransferase)	0.0000	0.6392	1	0.1684	0.8263	1	0.0000	0.5162	1	1.0000	0.9975	1	0.9956	0.9776	1
COG0422	H	4-amino-2-methyl-5-hydroxymethylpyrimidine (HMP) synthase ThiC	0.0200	0.9904	1	0.7300	0.9973	1	0.0100	0.9690	1	1.0000	0.9990	1	0.9998	0.9978	1
COG0423	J	Glycyl-tRNA synthetase, class II	0.0900	0.9887	1	0.9800	0.9999	1	0.1700	0.9768	1	1.0000	1.0000	1	0.9999	1.0000	1
COG0424	Q	7-methyl-GTP pyrophosphatase and related NTP pyrophosphatases, Maf/HAM1 superfamily	0.0000	0.1720	0	0.5600	0.0959	0	0.0000	0.0546	0	1.0000	0.2037	0	0.3238	0.0853	0
COG0425	JHO	Sulfur carrier protein TusA (tRNA thiolation, molybdenum cofactor biosynthesis)	0.0800	0.8632	1	0.8156	0.9698	1	0.0800	0.8026	1	1.0000	0.9998	1	1.0000	0.9975	1
COG0426	C	Flavorubredoxin	0.1750	0.9837	1	0.8900	0.9993	1	0.2000	0.9375	1	1.0000	1.0000	1	1.0000	0.9998	1
COG0427	C	Propionyl CoA:succinate CoA transferase	0.0000	0.0744	0	0.0785	0.2157	0	0.0000	0.0793	0	0.9959	0.8805	1	0.1090	0.3883	0
COG0428	P	Zinc transporter ZupT	0.0950	0.8586	1	0.5700	0.8737	1	0.0300	0.8191	1	1.0000	0.9487	1	1.0000	0.9452	1
COG0429	R	Predicted hydrolase of the alpha/beta-hydrolase fold	0.0000	0.0008	0	0.0000	0.0007	0	0.0000	0.0009	0	0.0000	0.0121	0	0.0000	0.0013	0
COG0430	A	RNA 3'-terminal phosphate cyclase	0.0300	0.9956	1	0.5500	0.9997	1	0.0100	0.9965	1	1.0000	0.9999	1	0.9999	0.9999	1
COG0431	C	NAD(P)H-dependent FMN reductase	0.0000	0.0216	0	0.4000	0.0060	0	0.0000	0.0219	0	1.0000	0.1267	0	0.5462	0.0129	0
COG0432	H	Thiamin phosphate synthase YjbQ, UPF0047 family	0.0100	0.9956	1	0.4000	0.9995	1	0.0100	0.9908	1	1.0000	1.0000	1	1.0000	1.0000	1
COG0433	L	Archaeal DNA helicase HerA or a related bacterial ATPase, contains HAS-barrel and ATPase domains	0.0050	0.9911	1	0.9948	0.9987	1	0.0300	0.9829	1	1.0000	0.9996	1	1.0000	0.9988	1
COG0434	M	Membrane biogenesis protein, BtpA/SgcQ family	0.0050	0.4720	0	0.3200	0.7448	1	0.0000	0.0755	0	1.0000	0.9878	1	0.9997	0.9756	1
COG0435	C	Glutathionyl-hydroquinone reductase	0.0000	0.0046	0	0.0000	0.0012	0	0.0000	0.0032	0	0.0007	0.0643	0	0.0000	0.0037	0
COG0436	E	Aspartate/methionine/tyrosine aminotransferase	0.6200	0.9999	1	1.0000	0.9999	1	0.6400	0.9998	1	1.0000	1.0000	1	1.0000	1.0000	1
COG0437	C	Fe-S-cluster-containing dehydrogenase component (DMSO reductase)	0.3800	0.9552	1	0.5710	0.9945	1	0.0000	0.8062	1	1.0000	1.0000	1	0.9998	0.9988	1
COG0438	M	Glycosyltransferase involved in cell wall bisynthesis	0.0000	0.9863	1	0.9993	0.9981	1	0.0975	0.9952	1	1.0000	0.9997	1	1.0000	0.9986	1
COG0439	I	Biotin carboxylase	0.0000	0.2989	0	0.8900	0.8283	1	0.0200	0.3928	0	1.0000	0.8939	1	0.9958	0.7657	1
COG0440	E	Acetolactate synthase, small subunit	0.0000	0.9587	1	0.2800	0.9524	1	0.0100	0.9775	1	1.0000	0.9978	1	1.0000	0.9952	1
COG0441	J	Threonyl-tRNA synthetase	0.0150	0.9862	1	0.8400	0.9992	1	0.1000	0.9814	1	1.0000	1.0000	1	0.9999	0.9998	1
COG0442	J	Prolyl-tRNA synthetase	0.1750	0.0250	0	0.8600	0.0008	0	0.0200	0.0418	0	1.0000	0.0001	0	0.9999	0.0004	0
COG0443	O	Molecular chaperone DnaK (HSP70)	0.0000	0.1295	0	0.5400	0.0119	0	0.0000	0.1922	0	1.0000	0.2148	0	0.9998	0.0817	0
COG0444	EP	ABC-type dipeptide/oligopeptide/nickel transport system, ATPase component	0.0100	0.9433	1	0.7354	0.6703	1	0.0100	0.7771	1	1.0000	0.9988	1	1.0000	0.9780	1
COG0445	J	tRNA U34 5-carboxymethylaminomethyl modifying enzyme MnmG/GidA	0.0000	0.0009	0	0.0000	0.0000	0	0.0000	0.0009	0	0.0000	0.0000	0	0.0000	0.0000	0
COG0446	I	NADPH-dependent 2,4-dienoyl-CoA reductase, sulfur reductase, or a related oxidoreductase	0.0000	0.9735	1	0.9998	0.9977	1	0.1767	0.9837	1	1.0000	1.0000	1	1.0000	0.9998	1
COG0447	H	1,4-Dihydroxy-2-naphthoyl-CoA synthase	0.0100	0.0389	0	0.0000	0.0040	0	0.0000	0.0087	0	0.4131	0.2893	0	0.0003	0.0681	0
COG0448	G	Glucose-1-phosphate adenylyltransferase (ADP-glucose pyrophosphorylase)	0.0000	0.9075	1	0.0000	0.9556	1	0.0000	0.7147	1	0.0000	0.9988	1	0.0000	0.9830	1
COG0449	M	Glucosamine 6-phosphate synthetase, contains amidotransferase and phosphosugar isomerase domains	0.5200	0.9917	1	0.9400	0.9958	1	0.2900	0.9839	1	1.0000	0.9998	1	1.0000	0.9991	1
COG0450	V	Alkyl hydroperoxide reductase subunit AhpC (peroxiredoxin)	0.0000	0.7131	1	0.0784	0.9018	1	0.0000	0.6256	1	1.0000	0.9967	1	0.9999	0.9756	1
COG0451	M	Nucleoside-diphosphate-sugar epimerase	0.0350	0.9935	1	0.9985	0.9933	1	0.0783	0.9830	1	1.0000	0.9994	1	1.0000	0.9947	1
COG0452	H	Phosphopantothenoylcysteine synthetase/decarboxylase CoaBC	0.1900	0.9887	1	0.3300	0.9814	1	0.0000	0.9409	1	1.0000	0.9984	1	0.9999	0.9961	1
COG0454	KR	N-acetyltransferase, GNAT superfamily (includes histone acetyltransferase HPA2)	0.0000	0.8412	1	0.9107	0.9218	1	0.0200	0.9401	1	1.0000	0.9922	1	1.0000	0.9695	1
COG0455	DN	MinD-like ATPase FlhG/YlxH, activator of the FlhF-type GTPase	0.0200	0.8110	1	0.3400	0.9286	1	0.0000	0.3787	0	1.0000	0.9739	1	1.0000	0.9518	1
COG0456	J	Ribosomal protein S18 acetylase RimI and related acetyltransferases	0.0350	0.9992	1	0.0397	1.0000	1	0.0000	0.9806	1	1.0000	1.0000	1	1.0000	1.0000	1
COG0457	R	Tetratricopeptide (TPR) repeat	0.0000	0.7217	1	0.8668	0.8400	1	0.0100	0.8042	1	1.0000	0.9804	1	1.0000	0.8846	1
COG0458	EF	Carbamoylphosphate synthase large subunit	0.0000	0.9436	1	0.9903	0.9130	1	0.0400	0.9583	1	1.0000	0.9957	1	0.9996	0.9727	1
COG0459	O	Chaperonin GroEL (HSP60 family)	0.1200	0.9994	1	0.9900	1.0000	1	0.1900	0.9994	1	1.0000	1.0000	1	1.0000	1.0000	1
COG0460	E	Homoserine dehydrogenase	0.0350	0.9847	1	0.9600	0.9934	1	0.1000	0.9772	1	1.0000	0.9997	1	0.9999	0.9987	1
COG0461	F	Orotate phosphoribosyltransferase	0.3050	0.9882	1	1.0000	0.9925	1	0.9300	0.9952	1	1.0000	0.9997	1	0.9999	0.9979	1
COG0462	F	Phosphoribosylpyrophosphate synthetase	0.0000	0.9814	1	1.0000	0.9982	1	0.6200	0.9966	1	1.0000	0.9996	1	1.0000	0.9994	1
COG0463	M	Glycosyltransferase involved in cell wall bisynthesis	0.0000	0.9830	1	0.9870	0.9969	1	0.0690	0.9894	1	1.0000	0.9980	1	1.0000	0.9957	1
COG0464	MDT	AAA+-type ATPase, SpoVK/Ycf46/Vps4 family	0.0000	0.9991	1	0.7813	1.0000	1	0.0000	0.9967	1	1.0000	1.0000	1	1.0000	1.0000	1
COG0465	O	ATP-dependent Zn proteases	0.0000	0.0021	0	0.0000	0.0000	0	0.0000	0.0024	0	0.0000	0.0000	0	0.0000	0.0000	0
COG0466	O	ATP-dependent Lon protease, bacterial type	0.0000	0.8477	1	0.0100	0.8506	1	0.0000	0.6877	1	0.9296	0.9625	1	0.0027	0.6638	1
COG0467	T	RecA-superfamily ATPase, KaiC/GvpD/RAD55 family	0.0000	0.9807	1	0.9936	0.9998	1	0.0793	0.9942	1	1.0000	1.0000	1	1.0000	0.9999	1
COG0468	L	RecA/RadA recombinase	0.0600	0.9992	1	0.9999	1.0000	1	0.6152	0.9996	1	1.0000	1.0000	1	1.0000	1.0000	1
COG0469	G	Pyruvate kinase	0.0050	0.9954	1	0.5400	0.9974	1	0.0100	0.9949	1	1.0000	0.9996	1	0.9995	0.9994	1
COG0470	L	DNA polymerase III, delta prime subunit	0.0100	0.9955	1	1.0000	0.9996	1	0.8872	0.9981	1	1.0000	0.9997	1	1.0000	0.9997	1
COG0471	G	Di- and tricarboxylate antiporter	0.0750	0.3844	0	0.0200	0.1186	0	0.0000	0.1020	0	0.9957	0.6319	1	0.0010	0.1802	0
COG0472	M	UDP-N-acetylmuramyl pentapeptide phosphotransferase/UDP-N-acetylglucosamine-1-phosphate transferase	0.0450	0.8238	1	0.9200	0.9584	1	0.0700	0.8346	1	1.0000	0.8777	1	0.9998	0.9314	1
COG0473	CE	Isocitrate/isopropylmalate dehydrogenase	0.0050	0.9901	1	0.0591	0.9683	1	0.0000	0.9848	1	1.0000	0.9995	1	1.0000	0.9975	1
COG0474	P	Magnesium-transporting ATPase (P-type)	0.0000	0.6439	1	0.4000	0.9193	1	0.0000	0.6466	1	1.0000	0.9867	1	1.0000	0.9628	1
COG0475	P	Kef-type K+ transport system, membrane component KefB	0.1950	0.9174	1	0.9624	0.9609	1	0.0700	0.8808	1	1.0000	0.9747	1	1.0000	0.9444	1
COG0476	H	Molybdopterin or thiamine biosynthesis adenylyltransferase	0.0800	0.9849	1	0.9900	0.9751	1	0.1500	0.9810	1	1.0000	0.9993	1	1.0000	0.9972	1
COG0477	GEPR	MFS family permease, includes anhydromuropeptide permease AmpG	0.0000	0.9933	1	0.9842	0.9997	1	0.0492	0.9978	1	1.0000	1.0000	1	1.0000	1.0000	1
COG0478	T	RIO-like serine/threonine protein kinase fused to N-terminal HTH domain	0.0050	0.9265	1	0.7300	0.9960	1	0.0200	0.7157	1	1.0000	0.9997	1	0.9998	0.9991	1
COG0479	C	Succinate dehydrogenase/fumarate reductase, Fe-S protein subunit	0.0000	0.3571	0	0.9952	0.2962	0	0.1387	0.5271	1	1.0000	0.9776	1	0.9973	0.7686	1
COG0480	J	Translation elongation factor EF-G, a GTPase	0.7650	0.9954	1	0.9900	0.9996	1	0.3700	0.9932	1	1.0000	1.0000	1	0.9999	0.9999	1
COG0481	J	Translation elongation factor EF-4, membrane-bound GTPase	0.0000	0.0001	0	0.0000	0.0000	0	0.0000	0.0002	0	0.0000	0.0000	0	0.0000	0.0000	0
COG0482	J	tRNA U34 2-thiouridine synthase MnmA/TrmU, contains the PP-loop ATPase domain	0.0000	0.0007	0	0.0000	0.0000	0	0.0000	0.0007	0	0.0000	0.0000	0	0.0000	0.0000	0
COG0483	G	Archaeal fructose-1,6-bisphosphatase or related enzyme, inositol monophosphatase family	0.2650	0.9677	1	0.7900	0.9750	1	0.0300	0.9464	1	1.0000	0.9909	1	0.9998	0.9907	1
COG0484	O	DnaJ-class molecular chaperone with C-terminal Zn finger domain	0.0000	0.1173	0	0.0500	0.0133	0	0.0000	0.1588	0	1.0000	0.2916	0	0.9999	0.1012	0
COG0486	J	tRNA U34 5-carboxymethylaminomethyl modifying GTPase MnmE/TrmE	0.0050	0.0088	0	0.0000	0.0000	0	0.0000	0.0019	0	0.0000	0.0000	0	0.0000	0.0000	0
COG0488	R	ATPase components of ABC transporters with duplicated ATPase domains	0.0000	0.0116	0	0.0000	0.0000	0	0.0000	0.0323	0	0.0000	0.0000	0	0.0000	0.0000	0
COG0489	D	Fe-S cluster carrier ATPase, Mrp/ApbC/NBP35 family	0.0000	0.9622	1	0.0400	0.9749	1	0.0000	0.9545	1	1.0000	0.9987	1	1.0000	0.9965	1
COG0490	PT	K+/H+ antiporter KhtSTU, c-di-AMP-binding regulatory subunit KhtT, contains RCK_C (TrkA_C) domain	0.0000	0.1158	0	0.8068	0.7365	1	0.0100	0.2068	0	0.8740	0.8753	1	0.0040	0.3960	0
COG0491	R	Glyoxylase or a related metal-dependent hydrolase, beta-lactamase superfamily II	0.0050	0.9897	1	0.9012	0.9948	1	0.0600	0.9883	1	1.0000	0.9999	1	1.0000	0.9988	1
COG0492	O	Thioredoxin reductase	0.0200	0.9816	1	0.1000	0.9813	1	0.0000	0.9478	1	1.0000	0.9994	1	1.0000	0.9980	1
COG0493	ER	NADPH-dependent glutamate synthase beta chain or related oxidoreductase	0.0000	0.8549	1	0.5800	0.8449	1	0.0200	0.8414	1	1.0000	0.9547	1	1.0000	0.9492	1
COG0494	V	8-oxo-dGTP pyrophosphatase MutT and related house-cleaning NTP pyrophosphohydrolases, NUDIX family	0.0000	0.3167	0	0.3721	0.3685	0	0.0000	0.3467	0	1.0000	0.8383	1	1.0000	0.6284	1
COG0495	J	Leucyl-tRNA synthetase	0.0100	0.9729	1	1.0000	0.9987	1	0.5700	0.9826	1	1.0000	0.9996	1	0.9999	0.9994	1
COG0496	L	Broad specificity polyphosphatase and 5'/3'-nucleotidase SurE	0.0450	0.8815	1	0.4200	0.9708	1	0.0000	0.2473	0	1.0000	0.9995	1	0.9995	0.9886	1
COG0497	L	DNA repair ATPase RecN	0.0000	0.0038	0	0.0000	0.0005	0	0.0000	0.0027	0	0.0000	0.0065	0	0.0000	0.0005	0
COG0498	E	Threonine synthase	0.1950	0.9981	1	0.9706	0.9997	1	0.1200	0.9956	1	1.0000	1.0000	1	1.0000	1.0000	1
COG0499	H	S-adenosylhomocysteine hydrolase	0.6600	0.9989	1	0.9200	0.9997	1	0.0400	0.9961	1	1.0000	1.0000	1	0.9999	1.0000	1
COG0500	QR	SAM-dependent methyltransferase	0.0150	0.9991	1	1.0000	0.9999	1	0.5270	0.9990	1	1.0000	1.0000	1	1.0000	1.0000	1
COG0501	O	Zn-dependent protease with chaperone function	0.4300	0.4145	0	0.9222	0.1591	0	0.0100	0.2699	0	1.0000	0.4067	0	1.0000	0.2555	0
COG0502	H	Biotin synthase or related enzyme	0.0300	0.4186	0	0.8174	0.1409	0	0.0100	0.2145	0	0.9997	0.2224	0	0.2757	0.0522	0
COG0503	F	Adenine/guanine phosphoribosyltransferase or related PRPP-binding protein	0.0000	0.7833	1	0.3903	0.8024	1	0.0300	0.9343	1	1.0000	0.9708	1	1.0000	0.9625	1
COG0504	F	CTP synthase (UTP-ammonia lyase)	0.8350	0.9969	1	1.0000	0.9972	1	0.9200	0.9945	1	1.0000	0.9999	1	0.9999	0.9995	1
COG0505	EF	Carbamoylphosphate synthase small subunit	0.0500	0.9453	1	0.7900	0.8826	1	0.0000	0.8911	1	1.0000	0.9939	1	0.9999	0.9709	1
COG0506	E	Proline dehydrogenase	0.0050	0.0254	0	0.0000	0.0026	0	0.0000	0.0094	0	1.0000	0.2440	0	0.0590	0.0592	0
COG0507	L	ATPase/5-3 helicase helicase subunit RecD of the DNA repair enzyme RecBCD (exonuclease V)	0.0000	0.0347	0	0.0000	0.0005	0	0.0000	0.0276	0	0.0000	0.0072	0	0.0000	0.0003	0
COG0508	C	Pyruvate/2-oxoglutarate dehydrogenase complex, dihydrolipoamide acyltransferase (E2) component	0.0000	0.0538	0	0.5800	0.0204	0	0.0200	0.1685	0	1.0000	0.1872	0	0.9999	0.0978	0
COG0509	E	Glycine cleavage system protein H (lipoate-binding)	0.0000	0.8255	1	0.2400	0.7630	1	0.0000	0.8998	1	1.0000	0.9918	1	1.0000	0.9848	1
COG0510	H	Thiamine kinase or a related kinase	0.0000	0.0031	0	0.0000	0.0001	0	0.0000	0.0023	0	0.0000	0.0003	0	0.0000	0.0001	0
COG0511	I	Biotin carboxyl carrier protein	0.0000	0.0857	0	0.4000	0.1903	0	0.0000	0.0768	0	1.0000	0.5126	1	0.9994	0.3738	0
COG0512	EH	Anthranilate/para-aminobenzoate synthase component II (glutamine amidotransferase)	0.0000	0.8957	1	0.0000	0.3656	0	0.0000	0.6461	1	1.0000	0.9995	1	0.9996	0.9892	1
COG0513	L	Superfamily II DNA and RNA helicase	0.0000	0.9159	1	0.3500	0.8628	1	0.0000	0.9299	1	1.0000	0.9684	1	0.9996	0.9271	1
COG0514	L	Superfamily II DNA helicase RecQ	0.0000	0.0730	0	0.0800	0.0808	0	0.0000	0.0400	0	0.0708	0.1565	0	0.0000	0.0148	0
COG0515	T	Serine/threonine protein kinase	0.0000	0.2094	0	0.0000	0.0727	0	0.0000	0.1324	0	1.0000	0.6118	1	0.9977	0.2353	0
COG0516	F	IMP dehydrogenase/GMP reductase	0.0750	0.5480	1	0.9800	0.5220	1	0.5900	0.6427	1	1.0000	0.9376	1	0.9995	0.7443	1
COG0517	T	CBS domain	0.0000	0.9957	1	0.9998	0.9998	1	0.2032	0.9985	1	1.0000	1.0000	1	1.0000	0.9999	1
COG0518	F	GMP synthase, glutamine amidotransferase domain	0.0000	0.8553	1	0.9924	0.9771	1	0.6800	0.9633	1	1.0000	0.9959	1	0.9998	0.9827	1
COG0519	F	GMP synthase, PP-ATPase domain/subunit	0.4050	0.9920	1	0.0000	0.9816	1	0.0000	0.8797	1	1.0000	0.9999	1	1.0000	0.9996	1
COG0520	E	Selenocysteine lyase/Cysteine desulfurase	0.2600	0.9137	1	0.8600	0.7484	1	0.0400	0.8760	1	1.0000	0.7829	1	1.0000	0.8027	1
COG0521	H	Molybdopterin biosynthesis enzyme MoaB/MogA	0.0350	0.9916	1	0.7100	0.9988	1	0.0100	0.9839	1	1.0000	1.0000	1	0.9999	0.9999	1
COG0522	J	Ribosomal protein S4 or related protein	0.0500	0.9879	1	0.9700	0.9988	1	0.1200	0.9911	1	1.0000	0.9996	1	0.9999	0.9996	1
COG0523	R	Zinc metallochaperone YeiR/ZagA and related GTPases, G3E family	0.0000	0.1211	0	0.7900	0.0171	0	0.0100	0.1451	0	0.6306	0.0252	0	0.0006	0.0057	0
COG0524	G	Sugar or nucleoside kinase, ribokinase family	0.0000	0.9432	1	0.6000	0.9822	1	0.0000	0.9412	1	1.0000	0.9990	1	1.0000	0.9988	1
COG0525	J	Valyl-tRNA synthetase	0.5050	0.9127	1	0.9200	0.9227	1	0.1000	0.9004	1	1.0000	0.9814	1	0.9999	0.9775	1
COG0526	O	Thiol-disulfide isomerase or thioredoxin	0.0350	0.9938	1	0.9952	0.9991	1	0.0199	0.9906	1	1.0000	1.0000	1	1.0000	0.9992	1
COG0527	E	Aspartate kinase	0.0450	0.9861	1	1.0000	0.9847	1	0.4300	0.9902	1	1.0000	0.9989	1	1.0000	0.9902	1
COG0528	F	Uridylate kinase	0.0300	0.9913	1	0.2600	0.9975	1	0.0000	0.9474	1	1.0000	0.9999	1	0.9999	0.9997	1
COG0529	P	Adenylylsulfate kinase or related kinase	0.0000	0.5701	1	0.7400	0.8103	1	0.0300	0.8930	1	1.0000	0.8483	1	0.9999	0.8705	1
COG0530	P	Ca2+/Na+ antiporter	0.0850	0.9481	1	0.9500	0.9647	1	0.0400	0.8995	1	1.0000	0.9957	1	0.9999	0.9763	1
COG0531	E	Serine transporter YbeC, amino acid:H+ symporter family	0.0050	0.7908	1	0.5446	0.7943	1	0.0000	0.5730	1	1.0000	0.9756	1	1.0000	0.9076	1
COG0532	J	Translation initiation factor IF-2, a GTPase	0.1900	0.9876	1	0.9200	0.9995	1	0.1700	0.9879	1	1.0000	0.9997	1	0.9999	0.9999	1
COG0533	J	tRNA A37 threonylcarbamoyltransferase TsaD	0.9750	0.9978	1	0.0700	0.9980	1	0.0000	0.9685	1	1.0000	1.0000	1	0.9999	0.9999	1
COG0534	V	Na+-driven multidrug efflux pump, DinF/NorM/MATE family	0.0000	0.3825	0	0.0983	0.1226	0	0.0000	0.1426	0	1.0000	0.3968	0	0.9982	0.2431	0
COG0535	DH	Radical SAM superfamily maturase, SkfB/NifB/PqqE family	0.5200	0.9995	1	0.9523	0.9999	1	0.0395	0.9969	1	1.0000	1.0000	1	1.0000	1.0000	1
COG0536	DL	GTPase involved in cell partioning and DNA repair	0.0000	0.0003	0	0.0000	0.0000	0	0.0000	0.0003	0	0.0000	0.0000	0	0.0000	0.0000	0
COG0537	FR	Purine nucleoside phosphoramidase/Ap4A hydrolase, histidine triade (HIT) family	0.0050	0.8209	1	0.2000	0.8698	1	0.0000	0.4053	0	1.0000	0.9993	1	1.0000	0.9908	1
COG0538	C	Isocitrate dehydrogenase	0.0000	0.2083	0	0.6600	0.2215	0	0.0000	0.1457	0	1.0000	0.2841	0	0.9330	0.2740	0
COG0539	J	Ribosomal protein S1	0.0000	0.0007	0	0.0000	0.0000	0	0.0000	0.0011	0	0.0000	0.0000	0	0.0000	0.0000	0
COG0540	F	Aspartate carbamoyltransferase, catalytic subunit	0.6850	0.9975	1	1.0000	0.9974	1	0.9500	0.9986	1	1.0000	0.9998	1	0.9999	0.9997	1
COG0541	U	Signal recognition particle GTPase	0.0200	0.9901	1	1.0000	0.9989	1	0.7500	0.9934	1	1.0000	0.9989	1	0.9999	0.9991	1
COG0542	O	ATP-dependent Clp protease, ATP-binding subunit ClpA	0.0000	0.0176	0	0.1900	0.0036	0	0.0000	0.0126	0	0.9942	0.0071	0	0.0123	0.0005	0
COG0543	HC	NAD(P)H-flavin reductase	0.0000	0.9823	1	0.0000	0.9314	1	0.0000	0.9817	1	1.0000	0.9989	1	1.0000	0.9989	1
COG0544	O	FKBP-type peptidyl-prolyl cis-trans isomerase (trigger factor)	0.0000	0.0006	0	0.0000	0.0000	0	0.0000	0.0007	0	0.0000	0.0000	0	0.0000	0.0000	0
COG0545	O	FKBP-type peptidyl-prolyl cis-trans isomerase	0.0000	0.0007	0	0.0000	0.0000	0	0.0000	0.0009	0	0.0000	0.0000	0	0.0000	0.0000	0
COG0546	C	Phosphoglycolate phosphatase, HAD superfamily	0.0150	0.9024	1	0.4640	0.5352	1	0.0000	0.7554	1	1.0000	0.6399	1	1.0000	0.8200	1
COG0547	E	Anthranilate phosphoribosyltransferase, glycosyltransferase domain	0.0000	0.8641	1	0.0000	0.1704	0	0.0000	0.4583	0	1.0000	0.9967	1	0.9986	0.9032	1
COG0548	E	N-acetylglutamate kinase	0.2650	0.9832	1	1.0000	0.8772	1	0.3800	0.9778	1	1.0000	0.9992	1	0.9999	0.9871	1
COG0549	E	Carbamate kinase	0.0150	0.7459	1	0.7800	0.9425	1	0.0400	0.7461	1	1.0000	0.9868	1	0.9999	0.9764	1
COG0550	L	DNA topoisomerase IA	0.0000	0.8922	1	0.9400	0.9971	1	0.0200	0.9320	1	1.0000	0.9993	1	0.9999	0.9984	1
COG0551	L	DNA topoisomerase I, ssDNA-binding Zn-finger and Zn-ribbon domains	0.0800	0.1068	0	0.0500	0.0909	0	0.0000	0.0153	0	0.0021	0.1354	0	0.0000	0.0095	0
COG0552	U	Signal recognition particle GTPase FtsY	0.1550	0.9924	1	0.9800	0.9993	1	0.2700	0.9895	1	1.0000	0.9996	1	0.9999	0.9993	1
COG0553	KL	Superfamily II DNA or RNA helicase, SNF2 family	0.0000	0.4413	0	0.8643	0.8371	1	0.0100	0.4576	0	1.0000	0.9685	1	0.9997	0.8025	1
COG0554	C	Glycerol kinase	0.0000	0.1016	0	0.0100	0.0253	0	0.0000	0.0365	0	1.0000	0.4720	0	0.9995	0.3575	0
COG0555	P	ABC-type sulfate transport system, permease component	0.1950	0.9494	1	0.9900	0.9475	1	0.5200	0.9434	1	1.0000	0.9748	1	0.9989	0.9608	1
COG0556	L	Excinuclease UvrABC helicase subunit UvrB	0.0000	0.0892	0	0.1700	0.0398	0	0.0000	0.0527	0	1.0000	0.3182	0	0.9981	0.1397	0
COG0557	K	Exoribonuclease R	0.0000	0.0170	0	0.0200	0.0094	0	0.0000	0.0148	0	0.9656	0.1564	0	0.0028	0.0077	0
COG0558	I	Phosphatidylglycerophosphate synthase	0.0150	0.9492	1	0.8750	0.9799	1	0.0200	0.9713	1	1.0000	0.9904	1	1.0000	0.9944	1
COG0559	E	Branched-chain amino acid ABC-type transport system, permease component	0.0000	0.3950	0	0.8530	0.9500	1	0.0000	0.6413	1	1.0000	0.9986	1	1.0000	0.9876	1
COG0560	E	Phosphoserine phosphatase	0.0850	0.9372	1	0.9600	0.5269	1	0.3100	0.9372	1	1.0000	0.3277	0	1.0000	0.7312	1
COG0561	HR	Hydroxymethylpyrimidine pyrophosphatase and other HAD family phosphatases	0.2500	0.8762	1	0.5200	0.6930	1	0.0100	0.7249	1	1.0000	0.9170	1	0.9999	0.8595	1
COG0562	M	UDP-galactopyranose mutase	0.0000	0.0074	0	0.0100	0.0170	0	0.0000	0.0095	0	0.3551	0.0548	0	0.0002	0.0095	0
COG0563	F	Adenylate kinase or related kinase	0.1200	0.7899	1	0.0000	0.0995	0	0.0000	0.3833	0	1.0000	0.5967	1	0.9999	0.6145	1
COG0564	J	Pseudouridine synthase RluA, 23S rRNA- or tRNA-specific	0.0000	0.0004	0	0.0200	0.0000	0	0.0000	0.0004	0	0.0000	0.0000	0	0.0000	0.0000	0
COG0565	J	tRNA C32,U32 (ribose-2'-O)-methylase TrmJ or a related methyltransferase	0.3650	0.9778	1	0.5700	0.9778	1	0.0100	0.9077	1	1.0000	0.9938	1	0.9996	0.9796	1
COG0566	J	tRNA G18 (ribose-2'-O)-methylase SpoU	0.0000	0.0005	0	0.0000	0.0000	0	0.0000	0.0007	0	0.0000	0.0000	0	0.0000	0.0000	0
COG0567	C	2-oxoglutarate dehydrogenase complex, dehydrogenase (E1) component, and related enzymes	0.0000	0.0001	0	0.0000	0.0000	0	0.0000	0.0001	0	0.0000	0.0003	0	0.0000	0.0001	0
COG0568	K	DNA-directed RNA polymerase, sigma subunit (sigma70/sigma32)	0.0000	0.0087	0	0.0000	0.0001	0	0.0000	0.0092	0	0.0000	0.0000	0	0.0000	0.0000	0
COG0569	PT	Trk/Ktr K+ transport system regulatory component TrkA/KtrA/KtrC, RCK domain	0.0650	0.9379	1	0.9930	0.9446	1	0.0396	0.8658	1	1.0000	0.9453	1	0.9999	0.9033	1
COG0571	K	dsRNA-specific ribonuclease	0.0000	0.0307	0	0.5500	0.0872	0	0.0000	0.0231	0	0.9995	0.0186	0	0.0365	0.0134	0
COG0572	F	Uridine kinase	0.0000	0.0337	0	0.0400	0.0233	0	0.0000	0.0200	0	0.9994	0.1830	0	0.0796	0.0290	0
COG0573	P	ABC-type phosphate transport system, permease component	0.0550	0.9421	1	0.4800	0.9193	1	0.0100	0.9509	1	1.0000	0.9946	1	0.9999	0.9662	1
COG0574	G	Phosphoenolpyruvate synthase/pyruvate phosphate dikinase	0.0650	0.9899	1	0.9839	0.9991	1	0.0100	0.9878	1	1.0000	1.0000	1	1.0000	0.9998	1
COG0575	I	CDP-diglyceride synthetase	0.6950	0.9961	1	0.9900	0.9992	1	0.0500	0.9771	1	1.0000	0.9998	1	0.9999	0.9992	1
COG0576	O	Molecular chaperone GrpE (heat shock protein HSP-70)	0.0000	0.1510	0	0.0000	0.0041	0	0.0000	0.1918	0	1.0000	0.2394	0	0.9998	0.1417	0
COG0577	V	ABC-type antimicrobial peptide transport system, permease component	0.0050	0.9467	1	0.9800	0.9793	1	0.2300	0.9393	1	1.0000	0.9913	1	1.0000	0.9741	1
COG0578	C	Glycerol-3-phosphate dehydrogenase	0.0000	0.0300	0	0.0000	0.0143	0	0.0000	0.0292	0	1.0000	0.4255	0	0.7230	0.2079	0
COG0579	G	L-2-hydroxyglutarate oxidase LhgO	0.0000	0.1783	0	0.1300	0.1147	0	0.0000	0.1403	0	1.0000	0.5429	1	0.9998	0.6103	1
COG0580	G	Glycerol uptake facilitator or related aquaporin (Major Intrinsic protein Family)	0.0000	0.0310	0	0.0200	0.0118	0	0.0000	0.0317	0	0.9999	0.1012	0	0.4690	0.0296	0
COG0581	P	ABC-type phosphate transport system, permease component	0.0050	0.9835	1	0.9700	0.9949	1	0.2300	0.9813	1	1.0000	0.9998	1	0.9999	0.9979	1
COG0582	LX	Integrase/recombinase, includes phage integrase	0.0000	0.8173	1	0.9977	0.8999	1	0.1367	0.8816	1	1.0000	0.9590	1	1.0000	0.9302	1
COG0583	K	DNA-binding transcriptional regulator, LysR family	0.0000	0.1663	0	0.3532	0.0679	0	0.0000	0.1269	0	0.9533	0.1187	0	0.0077	0.0088	0
COG0584	I	Glycerophosphoryl diester phosphodiesterase	0.0050	0.5084	1	0.1200	0.2383	0	0.0000	0.2548	0	1.0000	0.7582	1	0.9981	0.5661	1
COG0585	J	tRNA(Glu) U13 pseudouridine synthase TruD	0.0000	0.9426	1	0.2400	0.9959	1	0.0000	0.9061	1	1.0000	0.9996	1	0.9997	0.9992	1
COG0586	M	Membrane integrity protein DedA, putative transporter, DedA/Tvp38 family	0.0000	0.0864	0	0.0800	0.1119	0	0.0000	0.1356	0	1.0000	0.4876	0	0.9979	0.1416	0
COG0587	L	DNA polymerase III, alpha subunit	0.0000	0.0005	0	0.0000	0.0000	0	0.0000	0.0008	0	0.0000	0.0000	0	0.0000	0.0000	0
COG0588	G	Phosphoglycerate mutase (BPG-dependent)	0.0000	0.0449	0	0.1300	0.0153	0	0.0000	0.0269	0	0.9999	0.0155	0	0.7714	0.0258	0
COG0589	T	Nucleotide-binding universal stress protein,  UspA family	0.0000	0.9277	1	0.9910	0.9885	1	0.1500	0.9516	1	1.0000	0.9999	1	1.0000	0.9972	1
COG0590	J	tRNA(Arg) A34 adenosine deaminase TadA	0.0000	0.0275	0	0.0300	0.0028	0	0.0000	0.0151	0	1.0000	0.0103	0	0.6905	0.0040	0
COG0591	E	Na+/proline symporter	0.0000	0.3622	0	0.1270	0.5816	1	0.0000	0.2155	0	1.0000	0.9667	1	0.9999	0.8113	1
COG0592	L	DNA polymerase III sliding clamp (beta) subunit, PCNA homolog	0.8500	0.9936	1	0.9500	0.9989	1	0.1600	0.9857	1	1.0000	0.9999	1	1.0000	0.9996	1
COG0593	L	Chromosomal replication initiation ATPase DnaA	0.0000	0.0027	0	0.0000	0.0000	0	0.0000	0.0029	0	0.0000	0.0000	0	0.0000	0.0000	0
COG0594	J	RNase P protein component	0.0000	0.0012	0	0.0000	0.0000	0	0.0000	0.0012	0	0.0000	0.0000	0	0.0000	0.0000	0
COG0595	J	mRNA degradation ribonuclease J1/J2	0.0150	0.8356	1	0.9856	0.9963	1	0.0595	0.7717	1	1.0000	0.9994	1	1.0000	0.9961	1
COG0596	HR	2-succinyl-6-hydroxy-2,4-cyclohexadiene-1-carboxylate synthase MenH and related esterases, alpha/beta hydrolase fold	0.0200	0.4577	0	0.5445	0.1547	0	0.0900	0.2820	0	1.0000	0.6566	1	1.0000	0.3372	0
COG0597	MU	Lipoprotein signal peptidase	0.0000	0.0015	0	0.0000	0.0000	0	0.0000	0.0017	0	0.0000	0.0000	0	0.0000	0.0000	0
COG0598	P	Mg2+ and Co2+ transporter CorA	0.0200	0.6744	1	0.8000	0.6517	1	0.0200	0.6738	1	1.0000	0.7037	1	0.9999	0.6024	1
COG0599	R	Uncharacterized conserved protein YurZ, alkylhydroperoxidase/carboxymuconolactone decarboxylase family	0.0000	0.6061	1	0.0494	0.9079	1	0.0000	0.3857	0	1.0000	0.9982	1	0.9998	0.9832	1
COG0600	P	ABC-type nitrate/sulfonate/bicarbonate transport system, permease component	0.1500	0.8233	1	0.7400	0.9264	1	0.0900	0.7838	1	1.0000	0.8990	1	0.9992	0.7963	1
COG0601	EP	ABC-type dipeptide/oligopeptide/nickel transport system, permease component	0.0050	0.9536	1	0.3900	0.8709	1	0.0000	0.7934	1	1.0000	0.9990	1	1.0000	0.9839	1
COG0602	H	Organic radical activating enzyme NrdG/QueE	0.0100	0.8655	1	0.1500	0.6293	1	0.0000	0.4905	0	1.0000	0.9297	1	0.9998	0.8881	1
COG0603	J	7-cyano-7-deazaguanine synthase (queuosine biosynthesis)	0.0000	0.7846	1	0.0000	0.6120	1	0.0000	0.6409	1	1.0000	0.9896	1	0.9999	0.9542	1
COG0604	CR	NADPH:quinone reductase or related Zn-dependent oxidoreductase	0.0000	0.0371	0	0.7600	0.0722	0	0.0200	0.1241	0	1.0000	0.2822	0	0.9999	0.1188	0
COG0605	P	Superoxide dismutase	0.0000	0.0389	0	0.0100	0.0844	0	0.0000	0.0695	0	1.0000	0.7355	1	0.9984	0.2058	0
COG0606	O	Predicted Mg-chelatase, contains ChlI-like and ATPase domains, YifB family	0.0000	0.0066	0	0.0000	0.0017	0	0.0000	0.0069	0	0.0068	0.0096	0	0.0000	0.0006	0
COG0607	P	Rhodanese-related sulfurtransferase	0.0000	0.1161	0	0.6700	0.1827	0	0.0400	0.2422	0	1.0000	0.6883	1	0.9999	0.2506	0
COG0608	L	ssDNA-specific exonuclease RecJ, DHH superfamily, may be involved in archaeal DNA replication intiation	0.6700	0.9984	1	1.0000	0.9996	1	0.9200	0.9984	1	1.0000	0.9998	1	1.0000	0.9996	1
COG0609	P	ABC-type Fe3+-siderophore transport system, permease component	0.3150	0.9917	1	0.9400	0.9708	1	0.0500	0.9359	1	1.0000	0.9991	1	0.9999	0.9951	1
COG0610	V	Type I site-specific restriction-modification system, R (restriction) subunit and related helicases ...	0.0000	0.5507	1	0.5251	0.7991	1	0.0000	0.1769	0	1.0000	0.9753	1	0.9093	0.8073	1
COG0611	H	Thiamine monophosphate kinase	0.0050	0.9975	1	0.8800	0.9998	1	0.0600	0.9962	1	1.0000	1.0000	1	0.9999	1.0000	1
COG0612	R	Predicted Zn-dependent peptidase, M16 family	0.0000	0.0146	0	0.0600	0.0009	0	0.0000	0.0229	0	1.0000	0.0018	0	0.0316	0.0005	0
COG0613	F	5'-3' exoribonuclease TrpH/YciV (RNase AM), contains PHP domain	0.0600	0.9617	1	0.5842	0.9680	1	0.0100	0.9624	1	1.0000	0.9971	1	1.0000	0.9906	1
COG0614	P	ABC-type Fe3+-hydroxamate transport system, periplasmic component	0.0450	0.9915	1	1.0000	0.9902	1	0.8100	0.9792	1	1.0000	0.9993	1	1.0000	0.9967	1
COG0615	M	Glycerol-3-phosphate cytidylyltransferase, cytidylyltransferase family	0.0000	0.9588	1	0.8800	0.9965	1	0.0200	0.9869	1	1.0000	0.9971	1	0.9996	0.9973	1
COG0616	O	Periplasmic serine protease, ClpP class	0.1900	0.9456	1	0.9985	0.9594	1	0.5572	0.9316	1	1.0000	0.9930	1	0.9996	0.9293	1
COG0617	J	tRNA nucleotidyltransferase/poly(A) polymerase	0.0000	0.0029	0	0.0000	0.0000	0	0.0000	0.0032	0	0.0000	0.0000	0	0.0000	0.0000	0
COG0618	FT	nanoRNase/pAp phosphatase, hydrolyzes c-di-AMP and oligoRNAs	0.0000	0.8732	1	0.9388	0.9984	1	0.0100	0.9164	1	1.0000	0.9998	1	1.0000	0.9983	1
COG0619	H	ECF-type transporter transmembrane protein EcfT	0.0250	0.9920	1	1.0000	0.9999	1	0.2500	0.9883	1	1.0000	1.0000	1	1.0000	1.0000	1
COG0620	E	Methionine synthase II (cobalamin-independent)	0.0800	0.9792	1	0.9708	0.9981	1	0.0700	0.9853	1	1.0000	0.9999	1	1.0000	0.9995	1
COG0621	J	tRNA A37 methylthiotransferase MiaB	0.3600	0.9938	1	1.0000	0.9925	1	0.6000	0.9944	1	1.0000	0.9975	1	0.9999	0.9961	1
COG0622	R	Predicted phosphodiesterase, calcineurin family	0.0200	0.9822	1	0.0496	0.9968	1	0.0000	0.7918	1	1.0000	1.0000	1	1.0000	0.9998	1
COG0623	I	Enoyl-[acyl-carrier-protein] reductase FabI	0.0100	0.0057	0	0.0000	0.0001	0	0.0000	0.0010	0	0.0000	0.0001	0	0.0000	0.0001	0
COG0624	E	Acetylornithine deacetylase/Succinyl-diaminopimelate desuccinylase or related deacylase	0.0100	0.9820	1	0.7169	0.9842	1	0.0000	0.9593	1	1.0000	0.9998	1	1.0000	0.9990	1
COG0625	O	Glutathione S-transferase	0.0000	0.0002	0	0.0000	0.0000	0	0.0000	0.0005	0	0.0000	0.0000	0	0.0000	0.0000	0
COG0626	E	Cystathionine beta-lyase/cystathionine gamma-synthase	0.0000	0.1881	0	0.4152	0.1558	0	0.0100	0.2455	0	1.0000	0.9034	1	0.9991	0.4849	0
COG0627	V	S-formylglutathione hydrolase FrmB	0.0000	0.0043	0	0.0000	0.0005	0	0.0000	0.0054	0	0.0000	0.0110	0	0.0000	0.0011	0
COG0628	R	Predicted PurR-regulated permease PerM	0.0000	0.1791	0	0.0000	0.0779	0	0.0000	0.0512	0	0.8464	0.7104	1	0.4332	0.2161	0
COG0629	L	Single-stranded DNA-binding protein	0.0000	0.0009	0	0.0000	0.0000	0	0.0000	0.0010	0	0.0000	0.0000	0	0.0000	0.0000	0
COG0630	NU	Type IV secretory pathway ATPase VirB11/Archaellum biosynthesis ATPase ArlI/FlaI	0.0100	0.1952	0	0.9456	0.4617	0	0.0300	0.0968	0	1.0000	0.3800	0	1.0000	0.5347	1
COG0631	T	Serine/threonine protein phosphatase PrpC	0.0000	0.0534	0	0.2300	0.0364	0	0.0000	0.0231	0	0.9533	0.1015	0	0.0377	0.0101	0
COG0632	L	Holliday junction resolvasome RuvABC DNA-binding subunit	0.0000	0.0036	0	0.0000	0.0001	0	0.0000	0.0027	0	0.0062	0.0010	0	0.0000	0.0000	0
COG0633	C	Ferredoxin	0.0000	0.5299	1	0.1367	0.1359	0	0.0000	0.5043	1	1.0000	0.3504	0	0.6841	0.4069	0
COG0634	F	Hypoxanthine-guanine phosphoribosyltransferase	0.0000	0.0027	0	0.0000	0.0002	0	0.0000	0.0028	0	0.0000	0.0017	0	0.0000	0.0003	0
COG0635	H	Coproporphyrinogen-III oxidase HemN  (oxygen-independent) or related Fe-S oxidoreductase	0.0000	0.0390	0	0.7100	0.0090	0	0.0100	0.1641	0	0.9995	0.0030	0	0.0079	0.0016	0
COG0636	C	FoF1-type ATP synthase, membrane subunit c/Archaeal/vacuolar-type H+-ATPase, subunit K	0.0700	0.9782	1	0.9577	0.9903	1	0.0300	0.9599	1	1.0000	0.9975	1	0.9999	0.9935	1
COG0637	G	Beta-phosphoglucomutase, HAD superfamily	0.0000	0.3428	0	0.8432	0.3763	0	0.0000	0.2822	0	1.0000	0.5188	1	1.0000	0.4559	0
COG0638	O	20S proteasome, alpha and beta subunits	0.0000	1.0000	1	0.9988	1.0000	1	0.2720	1.0000	1	1.0000	1.0000	1	1.0000	1.0000	1
COG0639	T	Diadenosine tetraphosphatase ApaH/serine/threonine protein phosphatase, PP2A family	0.0000	0.9702	1	0.9300	0.9896	1	0.1500	0.9803	1	1.0000	0.9990	1	1.0000	0.9973	1
COG0640	K	DNA-binding transcriptional regulator, ArsR family	0.0550	0.9983	1	1.0000	0.9998	1	0.3885	0.9983	1	1.0000	1.0000	1	1.0000	0.9999	1
COG0641	O	Sulfatase maturation enzyme AslB, radical SAM superfamily	0.0000	0.2779	0	0.5200	0.7860	1	0.0000	0.1176	0	1.0000	0.9901	1	0.8827	0.8683	1
COG0642	T	Signal transduction histidine kinase	0.0000	0.4687	0	0.8897	0.5353	1	0.0100	0.6714	1	1.0000	0.4229	0	1.0000	0.3869	0
COG0643	T	Chemotaxis protein histidine kinase CheA	0.0850	0.5317	1	0.9400	0.7099	1	0.0600	0.3251	0	1.0000	0.9493	1	0.8011	0.7906	1
COG0644	C	Dehydrogenase (flavoprotein)	0.3850	0.9999	1	0.5725	1.0000	1	0.0000	0.9998	1	1.0000	1.0000	1	1.0000	1.0000	1
COG0645	R	Predicted kinase, contains AAA domain	0.0000	0.0417	0	0.0000	0.0075	0	0.0000	0.0528	0	0.0000	0.0379	0	0.0000	0.0112	0
COG0646	E	Methionine synthase I (cobalamin-dependent), methyltransferase domain	0.0000	0.0203	0	0.0100	0.0028	0	0.0000	0.0301	0	0.7457	0.0931	0	0.0125	0.0049	0
COG0647	F	Ribonucleotide monophosphatase NagD, HAD superfamily	0.0000	0.5893	1	0.7600	0.8267	1	0.0000	0.5314	1	1.0000	0.8842	1	0.9999	0.9190	1
COG0648	L	Endonuclease IV	0.0050	0.9838	1	0.0000	0.9573	1	0.0000	0.9061	1	1.0000	1.0000	1	1.0000	0.9998	1
COG0649	C	NADH:ubiquinone oxidoreductase 49 kD subunit (chain D)	0.0000	0.6686	1	0.0900	0.4058	0	0.0000	0.4006	0	1.0000	0.9994	1	0.9995	0.9713	1
COG0650	C	Formate hydrogenlyase subunit HyfC	0.0000	0.6953	1	0.9300	0.9991	1	0.0300	0.7575	1	1.0000	0.9999	1	0.9999	0.9970	1
COG0651	CP	Formate hydrogenlyase subunit 3/Multisubunit Na+/H+ antiporter, MnhD subunit	0.1250	0.9985	1	0.9923	0.9999	1	0.2500	0.9850	1	1.0000	1.0000	1	1.0000	0.9999	1
COG0652	O	Peptidyl-prolyl cis-trans isomerase (rotamase) - cyclophilin family	0.0000	0.0709	0	0.0100	0.0270	0	0.0000	0.0613	0	1.0000	0.2358	0	0.9938	0.0751	0
COG0653	U	Preprotein translocase subunit SecA (ATPase, RNA helicase)	0.0000	0.0006	0	0.0000	0.0000	0	0.0000	0.0008	0	0.0000	0.0000	0	0.0000	0.0000	0
COG0654	HC	2-polyprenyl-6-methoxyphenol hydroxylase and related FAD-dependent oxidoreductases	0.0000	0.0007	0	0.0000	0.0001	0	0.0000	0.0012	0	0.0000	0.0004	0	0.0000	0.0001	0
COG0655	C	Multimeric flavodoxin WrbA, includes NAD(P)H:quinone oxidoreductase	0.0000	0.8527	1	0.6871	0.9916	1	0.0000	0.7706	1	1.0000	0.9984	1	1.0000	0.9959	1
COG0656	Q	Aldo/keto reductase, related to diketogulonate reductase	0.0050	0.3114	0	0.5630	0.0742	0	0.0000	0.0876	0	1.0000	0.5406	1	1.0000	0.3288	0
COG0657	I	Acetyl esterase/lipase	0.0000	0.0293	0	0.5600	0.0866	0	0.0200	0.0695	0	0.9997	0.3540	0	0.0162	0.0867	0
COG0658	U	DNA uptake channel protein ComEC, N-terminal domain	0.0000	0.0008	0	0.0000	0.0000	0	0.0000	0.0009	0	0.0000	0.0000	0	0.0000	0.0000	0
COG0659	P	Sulfate permease or related transporter, MFS superfamily	0.0000	0.0216	0	0.2240	0.0119	0	0.0000	0.0144	0	0.9926	0.1217	0	0.0167	0.0056	0
COG0661	HT	Predicted protein kinase regulating ubiquinone biosynthesis, AarF/ABC1/UbiB family	0.0000	0.1187	0	0.3400	0.1246	0	0.0000	0.0657	0	0.9997	0.4365	0	0.2893	0.0481	0
COG0662	G	Mannose-6-phosphate isomerase, cupin superfamily	0.1100	0.5231	1	0.9376	0.6140	1	0.1000	0.4561	0	1.0000	0.7974	1	0.9995	0.6937	1
COG0663	R	Carbonic anhydrase or acetyltransferase, isoleucine patch superfamily	0.2100	0.8481	1	1.0000	0.9024	1	0.5200	0.6959	1	1.0000	0.9937	1	0.9994	0.9397	1
COG0664	T	cAMP-binding domain of CRP or a regulatory subunit of cAMP-dependent protein kinases	0.0000	0.0188	0	0.0000	0.0037	0	0.0000	0.0202	0	0.0000	0.0806	0	0.0000	0.0046	0
COG0665	E	Glycine/D-amino acid oxidase (deaminating)	0.0100	0.6585	1	0.8800	0.4599	0	0.0700	0.6548	1	1.0000	0.7771	1	1.0000	0.7413	1
COG0666	T	Ankyrin repeat	0.0000	0.0079	0	0.2600	0.0202	0	0.0000	0.0082	0	0.9223	0.1366	0	0.0049	0.0113	0
COG0667	HR	Pyridoxal reductase PdxI or related oxidoreductase, aldo/keto reductase family	0.0050	0.1805	0	0.2497	0.0410	0	0.0000	0.0509	0	1.0000	0.3560	0	0.9975	0.1859	0
COG0668	M	Small-conductance mechanosensitive channel	0.0050	0.9753	1	0.6579	0.9341	1	0.0000	0.9012	1	1.0000	0.9949	1	1.0000	0.9769	1
COG0669	H	Phosphopantetheine adenylyltransferase	0.0000	0.0034	0	0.0000	0.0001	0	0.0000	0.0050	0	0.0000	0.0001	0	0.0000	0.0001	0
COG0670	P	Integral membrane protein YbhL, putative Ca2+ regulator, Bax inhibitor (BI-1)/TMBIM family	0.0000	0.0007	0	0.0000	0.0000	0	0.0000	0.0006	0	0.0000	0.0000	0	0.0000	0.0001	0
COG0671	I	Membrane-associated phospholipid phosphatase	0.0000	0.6165	1	0.9347	0.8576	1	0.0100	0.7069	1	1.0000	0.8621	1	0.9989	0.8609	1
COG0672	P	High-affinity Fe2+/Pb2+ permease	0.0100	0.3125	0	0.5000	0.4408	0	0.0000	0.1277	0	1.0000	0.6299	1	0.6771	0.5287	1
COG0673	R	Predicted dehydrogenase	0.0000	0.8721	1	0.8400	0.9352	1	0.0500	0.9336	1	1.0000	0.9925	1	1.0000	0.9812	1
COG0674	C	Pyruvate:ferredoxin oxidoreductase or related 2-oxoacid:ferredoxin oxidoreductase, alpha subunit	0.0000	0.9994	1	1.0000	1.0000	1	0.2626	0.9996	1	1.0000	1.0000	1	1.0000	1.0000	1
COG0675	X	Transposase	0.0450	0.8784	1	0.8685	0.9784	1	0.0397	0.7852	1	1.0000	0.9997	1	1.0000	0.9930	1
COG0676	G	D-hexose-6-phosphate mutarotase	0.0000	0.0006	0	0.0000	0.0006	0	0.0000	0.0005	0	0.0000	0.0024	0	0.0000	0.0013	0
COG0677	M	UDP-N-acetyl-D-mannosaminuronate dehydrogenase	0.0000	0.9085	1	0.0000	0.8452	1	0.0000	0.8194	1	1.0000	0.9947	1	0.9999	0.9762	1
COG0678	O	Peroxiredoxin	0.0150	0.0052	0	0.0000	0.0014	0	0.0000	0.0020	0	0.0000	0.0015	0	0.0000	0.0015	0
COG0679	R	Predicted permease, AEC (auxin efflux carrier) family	0.0000	0.2602	0	0.5900	0.4877	0	0.0000	0.1556	0	1.0000	0.7041	1	0.9999	0.6414	1
COG0680	C	Ni,Fe-hydrogenase maturation factor	0.0100	0.9858	1	0.6900	0.9974	1	0.0000	0.9527	1	1.0000	0.9999	1	1.0000	0.9998	1
COG0681	U	Signal peptidase I	0.0200	0.9882	1	0.4100	0.9985	1	0.0000	0.9488	1	1.0000	1.0000	1	1.0000	0.9998	1
COG0682	M	Prolipoprotein diacylglyceryltransferase	0.0000	0.0028	0	0.0000	0.0000	0	0.0000	0.0030	0	0.0000	0.0000	0	0.0000	0.0000	0
COG0683	E	ABC-type branched-chain amino acid transport system, periplasmic component	0.0000	0.4547	0	0.9715	0.9721	1	0.0100	0.7403	1	1.0000	0.9912	1	1.0000	0.9697	1
COG0684	J	RNA degradosome component RraA (regulator of RNase E activity)	0.0150	0.1545	0	0.9600	0.4144	0	0.0200	0.1163	0	0.9999	0.8571	1	0.0547	0.2649	0
COG0685	E	5,10-methylenetetrahydrofolate reductase	0.0000	0.7118	1	0.3900	0.7015	1	0.0000	0.7191	1	1.0000	0.9753	1	0.9991	0.9437	1
COG0686	E	Alanine dehydrogenase (includes sporulation protein SpoVN)	0.0000	0.0178	0	0.7400	0.0763	0	0.0000	0.0267	0	0.9998	0.2007	0	0.0533	0.0335	0
COG0687	E	Spermidine/putrescine-binding periplasmic protein	0.0000	0.0111	0	0.0400	0.0018	0	0.0000	0.0156	0	0.7863	0.0383	0	0.0004	0.0013	0
COG0688	I	Phosphatidylserine decarboxylase	0.0050	0.5501	1	0.4800	0.3510	0	0.0000	0.1343	0	0.9989	0.5692	1	0.8211	0.2933	0
COG0689	J	Ribonuclease PH	0.0000	0.9601	1	0.0000	0.7461	1	0.0000	0.9690	1	1.0000	0.9762	1	0.9999	0.9841	1
COG0690	U	Preprotein translocase subunit SecE	0.0000	0.0022	0	0.0000	0.0001	0	0.0000	0.0030	0	0.0000	0.0002	0	0.0000	0.0001	0
COG0691	O	tmRNA-binding protein	0.0000	0.0004	0	0.0000	0.0000	0	0.0000	0.0005	0	0.0000	0.0000	0	0.0000	0.0000	0
COG0692	L	Uracil-DNA glycosylase	0.0000	0.0001	0	0.0000	0.0000	0	0.0000	0.0001	0	0.0000	0.0000	0	0.0000	0.0000	0
COG0693	V	Protein/nucleotide deglycase, PfpI/YajL/DJ-1 family (repair of methylglyoxal-glycated proteins and nucleic acids)	0.1950	0.9250	1	0.9000	0.9118	1	0.0800	0.8504	1	1.0000	0.9705	1	1.0000	0.9161	1
COG0694	O	Fe-S cluster biogenesis protein NfuA, 4Fe-4S-binding domain	0.0000	0.1350	0	0.4753	0.1932	0	0.0000	0.1523	0	1.0000	0.5059	1	0.9978	0.4410	0
COG0695	O	Glutaredoxin	0.0000	0.3087	0	0.1768	0.2182	0	0.0000	0.2554	0	1.0000	0.5155	1	0.9932	0.4632	0
COG0696	G	Phosphoglycerate mutase (BPG-independent), AlkP superfamily	0.0000	0.0378	0	0.0496	0.0400	0	0.0000	0.0200	0	0.9998	0.2756	0	0.0658	0.0291	0
COG0697	GER	Permease of the drug/metabolite transporter (DMT) superfamily	0.0050	0.9721	1	0.0595	0.9322	1	0.0000	0.8033	1	1.0000	0.9990	1	1.0000	0.9944	1
COG0698	G	Ribose 5-phosphate isomerase RpiB	0.0000	0.0117	0	0.0200	0.0030	0	0.0000	0.0214	0	0.9968	0.0026	0	0.2541	0.0044	0
COG0699	L	Replication fork clamp-binding protein CrfC (dynamin-like GTPase family)	0.0000	0.0087	0	0.0000	0.0040	0	0.0000	0.0051	0	0.0000	0.0448	0	0.0000	0.0038	0
COG0700	S	Spore maturation protein SpmB (function unknown)	0.0000	0.0014	0	0.0000	0.0015	0	0.0000	0.0020	0	0.0000	0.0020	0	0.0000	0.0007	0
COG0701	S	Uncharacterized membrane protein YraQ, UPF0718 family	0.0300	0.6945	1	0.9049	0.8778	1	0.0200	0.6403	1	1.0000	0.9780	1	0.8870	0.8952	1
COG0702	R	Uncharacterized conserved protein YbjT, contains NAD(P)-binding and DUF2867 domains	0.0050	0.0718	0	0.2400	0.0047	0	0.0000	0.0216	0	0.9998	0.2125	0	0.0004	0.0102	0
COG0703	E	Shikimate kinase	0.0000	0.0376	0	0.0600	0.0071	0	0.0000	0.0151	0	0.9999	0.1134	0	0.0112	0.0102	0
COG0704	P	Phosphate uptake regulator PhoU	0.0050	0.9995	1	1.0000	1.0000	1	0.5198	0.9995	1	1.0000	1.0000	1	1.0000	1.0000	1
COG0705	O	Membrane-associated serine protease, rhomboid family	0.0000	0.8678	1	0.7624	0.8988	1	0.0000	0.7834	1	1.0000	0.9382	1	1.0000	0.9425	1
COG0706	M	Membrane protein insertase Oxa1/YidC/SpoIIIJ	0.0000	0.0006	0	0.0000	0.0000	0	0.0000	0.0009	0	0.0000	0.0000	0	0.0000	0.0000	0
COG0707	M	UDP-N-acetylglucosamine:LPS N-acetylglucosamine transferase	0.0350	0.1222	0	0.2700	0.0116	0	0.0000	0.0245	0	1.0000	0.0197	0	0.3248	0.0101	0
COG0708	L	Exonuclease III	0.0000	0.1600	0	0.1072	0.1103	0	0.0000	0.0640	0	1.0000	0.3779	0	0.9958	0.2662	0
COG0709	E	Selenophosphate synthase	0.0000	0.0016	0	0.0000	0.0033	0	0.0000	0.0009	0	1.0000	0.3278	0	0.0522	0.0144	0
COG0710	E	3-dehydroquinate dehydratase	0.0000	0.0413	0	0.5300	0.1397	0	0.0100	0.1886	0	1.0000	0.2336	0	0.9999	0.3200	0
COG0711	C	FoF1-type ATP synthase, membrane subunit b or b'	0.0000	0.0040	0	0.0000	0.0004	0	0.0000	0.0042	0	0.0000	0.0004	0	0.0000	0.0001	0
COG0712	C	FoF1-type ATP synthase, delta subunit	0.0000	0.0003	0	0.0000	0.0000	0	0.0000	0.0003	0	0.0000	0.0000	0	0.0000	0.0000	0
COG0713	C	NADH:ubiquinone oxidoreductase subunit 11 or 4L (chain K)	0.0000	0.3197	0	0.3400	0.2800	0	0.0100	0.3399	0	1.0000	0.9544	1	0.9970	0.8542	1
COG0714	R	MoxR-like ATPase	0.0200	0.9847	1	0.9396	0.9338	1	0.0200	0.9446	1	1.0000	0.9976	1	1.0000	0.9546	1
COG0715	P	ABC-type nitrate/sulfonate/bicarbonate transport system, periplasmic component	0.0600	0.8900	1	1.0000	0.9414	1	0.6500	0.8754	1	1.0000	0.9652	1	0.9994	0.9151	1
COG0716	C	Flavodoxin	0.0150	0.7316	1	0.1700	0.5954	1	0.0100	0.6024	1	1.0000	0.7257	1	0.9995	0.8743	1
COG0717	F	dCTP deaminase	0.0150	0.9878	1	0.8700	0.9960	1	0.0400	0.9670	1	1.0000	0.9996	1	1.0000	0.9976	1
COG0718	K	DNA-binding nucleoid-associated protein YbaB/EfbC	0.0000	0.0012	0	0.0000	0.0000	0	0.0000	0.0014	0	0.0000	0.0000	0	0.0000	0.0000	0
COG0719	O	Fe-S cluster assembly scaffold protein SufB	0.2250	0.9642	1	0.9343	0.9972	1	0.0300	0.9543	1	1.0000	0.9997	1	1.0000	0.9977	1
COG0720	H	6-pyruvoyl-tetrahydropterin synthase	0.1600	0.9532	1	0.9700	0.9585	1	0.1000	0.8325	1	1.0000	0.9981	1	0.9999	0.9896	1
COG0721	J	Asp-tRNAAsn/Glu-tRNAGln amidotransferase C subunit	0.0000	0.4441	0	0.0000	0.5753	1	0.0000	0.6533	1	1.0000	0.9839	1	0.9999	0.9006	1
COG0722	E	3-deoxy-D-arabino-heptulosonate 7-phosphate (DAHP) synthase	0.0000	0.7749	1	0.0000	0.5394	1	0.0000	0.6593	1	0.0000	0.9196	1	0.0000	0.8387	1
COG0723	C	Rieske Fe-S protein	0.0000	0.0110	0	0.0400	0.0123	0	0.0000	0.0162	0	0.9993	0.3050	0	0.1482	0.0503	0
COG0724	J	RNA recognition motif (RRM) domain	0.0000	0.0159	0	0.0300	0.0824	0	0.0000	0.0075	0	0.8636	0.3797	0	0.0015	0.0864	0
COG0725	P	ABC-type molybdate transport system, periplasmic Mo-binding protein ModA	0.1100	0.9246	1	0.8000	0.9297	1	0.0200	0.8492	1	1.0000	0.9976	1	0.9999	0.9700	1
COG0726	GM	Peptidoglycan/xylan/chitin deacetylase, PgdA/NodB/CDA1 family	0.1950	0.7021	1	0.9829	0.4929	0	0.0000	0.2919	0	1.0000	0.6420	1	0.9999	0.4461	0
COG0727	R	Uncharacterized protein YkgJ, contains CxxCxxCC motif	0.0050	0.9746	1	0.9151	0.9960	1	0.1500	0.9410	1	1.0000	0.9990	1	1.0000	0.9985	1
COG0728	M	Lipid II flippase MurJ/MviN (peptidoglycan biosynthesis)	0.0000	0.0003	0	0.0000	0.0000	0	0.0000	0.0005	0	0.0000	0.0001	0	0.0000	0.0000	0
COG0729	M	Outer membrane translocation and assembly module TamA	0.0000	0.0011	0	0.0000	0.0003	0	0.0000	0.0017	0	0.0000	0.0002	0	0.0000	0.0003	0
COG0730	P	Sulfite exporter TauE/SafE/YfcA and related permeases, UPF0721 family	0.0100	0.9793	1	0.9355	0.9918	1	0.1200	0.9790	1	1.0000	0.9996	1	1.0000	0.9936	1
COG0731	J	Wyosine [tRNA(Phe)-imidazoG37] synthetase, radical SAM superfamily	0.8650	0.9999	1	0.9818	1.0000	1	0.2100	0.9995	1	1.0000	1.0000	1	1.0000	1.0000	1
COG0732	V	Restriction endonuclease S subunit	0.0150	0.6904	1	0.4582	0.8464	1	0.0000	0.2014	0	1.0000	0.9808	1	0.9988	0.7918	1
COG0733	R	Na+-dependent transporter, SNF family	0.0000	0.3099	0	0.2400	0.3772	0	0.0000	0.1725	0	1.0000	0.6455	1	0.9931	0.5306	1
COG0735	P	Fe2+ or Zn2+ uptake regulation protein Fur/Zur	0.0000	0.2088	0	0.0300	0.1001	0	0.0000	0.2122	0	1.0000	0.5177	1	0.9943	0.2602	0
COG0736	I	Phosphopantetheinyl transferase (holo-ACP synthase)	0.0000	0.0207	0	0.1000	0.0048	0	0.0000	0.0237	0	0.2689	0.0049	0	0.0005	0.0035	0
COG0737	FV	2',3'-cyclic-nucleotide 2'-phosphodiesterase/5'- or 3'-nucleotidase, 5'-nucleotidase family	0.0000	0.0343	0	0.0400	0.0517	0	0.0000	0.0187	0	0.9957	0.3638	0	0.0362	0.0852	0
COG0738	G	Fucose permease	0.0000	0.0011	0	0.0000	0.0000	0	0.0000	0.0012	0	0.0000	0.0001	0	0.0000	0.0000	0
COG0739	M	Murein DD-endopeptidase MepM and murein hydrolase activator NlpD, contains LysM domain	0.0000	0.0715	0	0.0200	0.0111	0	0.0000	0.0662	0	0.9973	0.0689	0	0.0237	0.0044	0
COG0740	O	ATP-dependent protease ClpP, protease subunit	0.0000	0.0052	0	0.0000	0.0002	0	0.0000	0.0053	0	0.0000	0.0004	0	0.0000	0.0001	0
COG0741	M	Soluble lytic murein transglycosylase or regulatory protein s ( may contain LysM/invasin domain)	0.0000	0.0010	0	0.0000	0.0000	0	0.0000	0.0022	0	0.0000	0.0000	0	0.0000	0.0000	0
COG0742	J	16S rRNA G966 N2-methylase RsmD	0.0000	0.0027	0	0.4000	0.0003	0	0.0000	0.0036	0	0.8032	0.0001	0	0.0008	0.0001	0
COG0743	I	1-deoxy-D-xylulose 5-phosphate reductoisomerase	0.0000	0.0032	0	0.0000	0.0003	0	0.0000	0.0042	0	0.0000	0.0005	0	0.0000	0.0002	0
COG0744	M	Penicillin-binding protein 1B/1F, peptidoglycan  transglycosylase/transpeptidase	0.0000	0.0003	0	0.0000	0.0000	0	0.0000	0.0003	0	0.0000	0.0000	0	0.0000	0.0000	0
COG0745	TK	DNA-binding response regulator, OmpR family, contains REC and winged-helix (wHTH) domain	0.0000	0.1864	0	0.1700	0.2124	0	0.0000	0.2695	0	1.0000	0.2856	0	0.9977	0.1648	0
COG0746	H	Molybdopterin-guanine dinucleotide biosynthesis protein A	0.0650	0.9913	1	0.9400	0.9994	1	0.1900	0.9891	1	1.0000	1.0000	1	0.9999	0.9999	1
COG0747	E	ABC-type transport system, periplasmic component	0.1150	0.9096	1	0.8650	0.6744	1	0.0100	0.6638	1	1.0000	0.9921	1	1.0000	0.9362	1
COG0748	P	Putative heme iron utilization protein, contains PNPOx domain	0.0000	0.0084	0	0.0000	0.0039	0	0.0000	0.0105	0	0.0000	0.0252	0	0.0000	0.0112	0
COG0749	L	DNA polymerase I, 3'-5' exonuclease and polymerase domains	0.0000	0.0057	0	0.0000	0.0015	0	0.0000	0.0037	0	0.0000	0.0041	0	0.0000	0.0011	0
COG0750	OK	Membrane-associated protease RseP, regulator of RpoE activity	0.0450	0.9628	1	1.0000	0.9955	1	0.8528	0.9818	1	1.0000	0.9992	1	1.0000	0.9988	1
COG0751	J	Glycyl-tRNA synthetase, beta subunit	0.0000	0.0084	0	0.0000	0.0012	0	0.0000	0.0076	0	0.0000	0.0062	0	0.0000	0.0019	0
COG0752	J	Glycyl-tRNA synthetase, alpha subunit	0.0000	0.0051	0	0.0000	0.0015	0	0.0000	0.0062	0	0.0000	0.0031	0	0.0000	0.0016	0
COG0753	P	Catalase	0.0000	0.0501	0	0.1000	0.0826	0	0.0000	0.0364	0	0.9993	0.3453	0	0.1225	0.0915	0
COG0754	E	Glutathionylspermidine synthase, CHAP domain	0.0000	0.0011	0	0.0000	0.0005	0	0.0000	0.0007	0	0.0000	0.0022	0	0.0000	0.0004	0
COG0755	O	ABC-type transport system involved in cytochrome c biogenesis, permease component	0.0000	0.1208	0	0.5200	0.2233	0	0.0000	0.0648	0	0.9999	0.4690	0	0.9171	0.1484	0
COG0756	FV	dUTP pyrophosphatase (dUTPase)	0.0000	0.0116	0	0.0000	0.0002	0	0.0000	0.0096	0	0.0000	0.0000	0	0.0000	0.0001	0
COG0757	E	3-dehydroquinate dehydratase	0.0000	0.0007	0	0.0000	0.0000	0	0.0000	0.0010	0	0.0000	0.0002	0	0.0000	0.0001	0
COG0758	L	Predicted Rossmann fold nucleotide-binding protein DprA/Smf involved in DNA uptake	0.0000	0.0129	0	0.0000	0.0012	0	0.0000	0.0157	0	0.0000	0.0053	0	0.0000	0.0007	0
COG0759	M	Membrane-anchored protein YidD, putatitve component of membrane protein insertase Oxa1/YidC/SpoIIIJ	0.0000	0.0015	0	0.0000	0.0003	0	0.0000	0.0019	0	0.0000	0.0004	0	0.0000	0.0002	0
COG0760	O	Peptidyl-prolyl isomerase, parvulin family	0.0000	0.0353	0	0.0500	0.0018	0	0.0000	0.0854	0	1.0000	0.0009	0	0.9947	0.0017	0
COG0761	I	4-Hydroxy-3-methylbut-2-enyl diphosphate reductase IspH	0.0000	0.0009	0	0.0000	0.0000	0	0.0000	0.0016	0	0.0000	0.0000	0	0.0000	0.0000	0
COG0762	O	Cytochrome b6 maturation protein CCB3/Ycf19 and related maturases, YggT family	0.0000	0.0003	0	0.0000	0.0000	0	0.0000	0.0008	0	0.0000	0.0001	0	0.0000	0.0001	0
COG0763	M	Lipid A disaccharide synthetase	0.0000	0.0032	0	0.0000	0.0002	0	0.0000	0.0033	0	0.0000	0.0002	0	0.0000	0.0003	0
COG0764	I	3-hydroxymyristoyl/3-hydroxydecanoyl-(acyl carrier protein) dehydratase	0.0000	0.0037	0	0.0000	0.0002	0	0.0000	0.0056	0	0.0000	0.0001	0	0.0000	0.0002	0
COG0765	E	ABC-type amino acid transport system, permease component	0.0250	0.2341	0	0.9300	0.1851	0	0.0300	0.3579	0	1.0000	0.2304	0	0.9713	0.1085	0
COG0766	M	UDP-N-acetylglucosamine enolpyruvyl transferase	0.0000	0.0008	0	0.0000	0.0000	0	0.0000	0.0011	0	0.0000	0.0000	0	0.0000	0.0000	0
COG0767	M	Permease subunit MlaE of the ABC-type intermembrane phospholipid transporter Mla	0.0000	0.0011	0	0.0000	0.0001	0	0.0000	0.0012	0	0.0000	0.0001	0	0.0000	0.0001	0
COG0768	DM	Cell division protein FtsI, peptidoglycan transpeptidase (Penicillin-binding protein 2)	0.0000	0.0000	0	0.0000	0.0000	0	0.0000	0.0001	0	0.0000	0.0000	0	0.0000	0.0000	0
COG0769	M	UDP-N-acetylmuramyl tripeptide synthase	0.0000	0.0102	0	0.2800	0.0019	0	0.0000	0.0098	0	0.4521	0.0009	0	0.0984	0.0004	0
COG0770	M	UDP-N-acetylmuramyl pentapeptide synthase	0.0000	0.1143	0	0.0100	0.3941	0	0.0000	0.0491	0	0.1395	0.4985	0	0.0111	0.1433	0
COG0771	M	UDP-N-acetylmuramoylalanine-D-glutamate ligase	0.0000	0.0057	0	0.0000	0.0001	0	0.0000	0.0053	0	0.0210	0.0006	0	0.0000	0.0001	0
COG0772	D	Peptodoglycan polymerase FtsW/RodA/SpoVE	0.0000	0.0000	0	0.0000	0.0000	0	0.0000	0.0001	0	0.0000	0.0000	0	0.0000	0.0000	0
COG0773	M	UDP-N-acetylmuramate-alanine ligase MurC and related ligases, MurC/Mpl family	0.0000	0.0004	0	0.0000	0.0000	0	0.0000	0.0005	0	0.0000	0.0000	0	0.0000	0.0000	0
COG0774	M	UDP-3-O-acyl-N-acetylglucosamine deacetylase	0.0000	0.0010	0	0.0000	0.0001	0	0.0000	0.0012	0	0.0000	0.0001	0	0.0000	0.0001	0
COG0775	FH	Nucleoside phosphorylase/nucleosidase, includes 5'-methylthioadenosine/S-adenosylhomocysteine nucleosidase MtnN and futalosine hydrolase MqnB	0.0000	0.0120	0	0.0000	0.0004	0	0.0000	0.0077	0	0.0043	0.0027	0	0.0000	0.0002	0
COG0776	L	Bacterial nucleoid DNA-binding protein IHF-alpha	0.0000	0.0036	0	0.1400	0.0002	0	0.0000	0.0031	0	0.0782	0.0001	0	0.0001	0.0000	0
COG0777	I	Acetyl-CoA carboxylase beta subunit	0.0000	0.0004	0	0.0000	0.0000	0	0.0000	0.0004	0	0.0000	0.0000	0	0.0000	0.0000	0
COG0778	C	Nitroreductase	0.1200	0.9966	1	0.8883	0.9979	1	0.0600	0.9959	1	1.0000	0.9997	1	1.0000	0.9994	1
COG0779	J	Ribosome maturation factor RimP	0.0000	0.0006	0	0.0000	0.0000	0	0.0000	0.0010	0	0.0000	0.0000	0	0.0000	0.0000	0
COG0780	J	NADPH-dependent 7-cyano-7-deazaguanine reductase QueF, C-terminal domain, T-fold superfamily	0.0000	0.0463	0	0.1400	0.0096	0	0.0000	0.0653	0	0.7247	0.0380	0	0.0003	0.0229	0
COG0781	K	Transcription antitermination protein NusB	0.0000	0.0003	0	0.0000	0.0000	0	0.0000	0.0006	0	0.0000	0.0000	0	0.0000	0.0000	0
COG0782	K	Transcription elongation factor, GreA/GreB family	0.0000	0.0001	0	0.0000	0.0000	0	0.0000	0.0001	0	0.0000	0.0000	0	0.0000	0.0000	0
COG0783	PV	DNA-binding ferritin-like protein (oxidative damage protectant)	0.0000	0.0049	0	0.0000	0.0003	0	0.0000	0.0036	0	0.8120	0.0853	0	0.0005	0.0030	0
COG0784	T	CheY-like REC (receiver) domain, includes chemotaxis protein CheY  and sporulation regulator Spo0F	0.0000	0.6726	1	0.9016	0.8186	1	0.0591	0.6409	1	1.0000	0.9354	1	1.0000	0.8410	1
COG0785	CO	Cytochrome c biogenesis protein CcdA	0.0000	0.4980	0	0.7629	0.9745	1	0.0100	0.6961	1	1.0000	0.9960	1	0.9829	0.9642	1
COG0786	E	Na+/glutamate symporter	0.0000	0.0058	0	0.0000	0.0013	0	0.0000	0.0046	0	0.0004	0.0204	0	0.0000	0.0014	0
COG0787	M	Alanine racemase	0.0000	0.0028	0	0.5800	0.0011	0	0.0000	0.0065	0	1.0000	0.0017	0	0.0909	0.0004	0
COG0788	F	Formyltetrahydrofolate hydrolase	0.0000	0.0108	0	0.0600	0.0017	0	0.0000	0.0109	0	0.6151	0.0200	0	0.0001	0.0013	0
COG0789	K	DNA-binding transcriptional regulator, MerR family	0.0000	0.0201	0	0.0000	0.0013	0	0.0000	0.0160	0	0.0004	0.0302	0	0.0000	0.0013	0
COG0790	R	TPR repeat	0.0000	0.0015	0	0.0000	0.0001	0	0.0000	0.0013	0	0.0000	0.0006	0	0.0000	0.0001	0
COG0791	M	Cell wall-associated hydrolase, NlpC_P60 family	0.0000	0.0022	0	0.0000	0.0001	0	0.0000	0.0028	0	0.0000	0.0005	0	0.0000	0.0001	0
COG0792	L	Predicted endonuclease distantly related to archaeal Holliday junction resolvase, YraN/UPF0102 family	0.0000	0.0040	0	0.0000	0.0008	0	0.0000	0.0045	0	0.0000	0.0010	0	0.0000	0.0003	0
COG0793	O	C-terminal processing protease CtpA/Prc, contains a PDZ domain	0.0000	0.0013	0	0.0000	0.0000	0	0.0000	0.0013	0	0.0000	0.0004	0	0.0000	0.0000	0
COG0794	GM	D-arabinose 5-phosphate isomerase GutQ	0.2750	0.9767	1	0.9400	0.9967	1	0.1100	0.9431	1	1.0000	0.9940	1	0.9999	0.9979	1
COG0795	MN	Lipopolysaccharide export LptBFGC system, permease protein LptF	0.0000	0.0001	0	0.0000	0.0000	0	0.0000	0.0003	0	0.0000	0.0000	0	0.0000	0.0000	0
COG0796	M	Glutamate racemase	0.0000	0.0004	0	0.0000	0.0000	0	0.0000	0.0011	0	0.0000	0.0000	0	0.0000	0.0000	0
COG0797	M	Peptidoglycan lytic transglycosylase RlpA, contains C-terminal SPOR domain	0.0000	0.0029	0	0.0000	0.0005	0	0.0000	0.0046	0	0.0000	0.0005	0	0.0000	0.0004	0
COG0798	P	Arsenite efflux pump ArsB, ACR3 family	0.0350	0.8826	1	0.8200	0.9682	1	0.0200	0.8068	1	1.0000	0.9996	1	0.9999	0.9934	1
COG0799	J	Ribosomal silencing factor RsfS, regulates association of 30S and 50S subunits	0.0000	0.0005	0	0.0000	0.0001	0	0.0000	0.0008	0	0.0000	0.0002	0	0.0000	0.0001	0
COG0800	G	2-keto-3-deoxy-6-phosphogluconate aldolase	0.0000	0.0156	0	0.0000	0.0006	0	0.0000	0.0150	0	0.5018	0.0568	0	0.0038	0.0082	0
COG0801	H	7,8-dihydro-6-hydroxymethylpterin pyrophosphokinase (folate biosynthesis)	0.0000	0.0092	0	0.0500	0.0030	0	0.0000	0.0159	0	0.0389	0.0030	0	0.0006	0.0040	0
COG0802	J	tRNA A37 threonylcarbamoyladenosine biosynthesis protein TsaE	0.0000	0.0004	0	0.0000	0.0000	0	0.0000	0.0004	0	0.0000	0.0000	0	0.0000	0.0000	0
COG0803	P	ABC-type Zn uptake system ZnuABC, Zn-binding component ZnuA	0.0000	0.7012	1	0.0000	0.5856	1	0.0000	0.8151	1	1.0000	0.9596	1	0.9997	0.9592	1
COG0804	E	Urease alpha subunit	0.0000	0.0082	0	0.0000	0.0007	0	0.0000	0.0033	0	0.8817	0.3136	0	0.0001	0.0054	0
COG0805	U	Twin-arginine protein secretion pathway component TatC	0.1250	0.5102	1	0.4500	0.3572	0	0.0000	0.3001	0	1.0000	0.9624	1	0.9941	0.7477	1
COG0806	J	Ribosomal 30S subunit maturation factor RimM, required for 16S rRNA processing	0.0000	0.0004	0	0.0000	0.0000	0	0.0000	0.0003	0	0.0000	0.0000	0	0.0000	0.0000	0
COG0807	H	GTP cyclohydrolase II	0.0000	0.0790	0	0.2800	0.1905	0	0.0000	0.0709	0	0.9989	0.4350	0	0.9216	0.3979	0
COG0809	J	S-adenosylmethionine:tRNA-ribosyltransferase-isomerase (queuine synthetase)	0.0000	0.0290	0	0.0000	0.0010	0	0.0000	0.0173	0	0.0000	0.0037	0	0.0000	0.0009	0
COG0810	M	Periplasmic protein TonB, links inner and outer membranes	0.0000	0.0096	0	0.0000	0.0001	0	0.0000	0.0098	0	0.0000	0.0000	0	0.0000	0.0000	0
COG0811	U	Biopolymer transport protein ExbB/TolQ	0.0000	0.0303	0	0.0000	0.0004	0	0.0000	0.0261	0	0.1391	0.0001	0	0.0000	0.0000	0
COG0812	M	UDP-N-acetylenolpyruvoylglucosamine reductase	0.0000	0.0013	0	0.0000	0.0000	0	0.0000	0.0012	0	0.0000	0.0000	0	0.0000	0.0000	0
COG0813	F	Purine-nucleoside phosphorylase	0.0000	0.0022	0	0.0000	0.0005	0	0.0000	0.0028	0	0.0000	0.0004	0	0.0000	0.0006	0
COG0814	E	Amino acid permease	0.0000	0.0132	0	0.0700	0.0209	0	0.0000	0.0078	0	0.5075	0.0235	0	0.0016	0.0187	0
COG0815	M	Apolipoprotein N-acyltransferase	0.0000	0.0029	0	0.0000	0.0000	0	0.0000	0.0036	0	0.0000	0.0001	0	0.0000	0.0001	0
COG0816	JLK	YqgF/RuvX protein, pre-16S rRNA maturation RNase/Holliday junction resolvase/anti-termination factor	0.0000	0.0005	0	0.0000	0.0000	0	0.0000	0.0009	0	0.0000	0.0000	0	0.0000	0.0000	0
COG0817	L	Holliday junction resolvasome RuvABC endonuclease subunit RuvC	0.0000	0.0160	0	0.0000	0.0040	0	0.0000	0.0128	0	0.0062	0.0109	0	0.0000	0.0012	0
COG0818	I	Diacylglycerol kinase	0.0000	0.0020	0	0.0400	0.0045	0	0.0000	0.0024	0	0.0004	0.0083	0	0.0000	0.0007	0
COG0819	H	Aminopyrimidine aminohydrolase TenA (thiamine salvage pathway)	0.0000	0.0142	0	0.0300	0.0408	0	0.0000	0.0103	0	1.0000	0.6712	1	0.2750	0.1639	0
COG0820	J	Adenine C2-methylase RlmN of 23S rRNA A2503 and tRNA A37	0.0000	0.0060	0	0.0000	0.0000	0	0.0000	0.0063	0	0.0000	0.0000	0	0.0000	0.0000	0
COG0821	I	4-hydroxy-3-methylbut-2-en-1-yl diphosphate synthase IspG/GcpE	0.0000	0.0046	0	0.0000	0.0001	0	0.0000	0.0049	0	0.0000	0.0001	0	0.0000	0.0000	0
COG0822	O	Fe-S cluster assembly scaffold protein IscU, NifU family	0.0100	0.7351	1	0.6900	0.3120	0	0.0000	0.5767	1	1.0000	0.4099	0	1.0000	0.4552	0
COG0823	U	Periplasmic component TolB of the Tol biopolymer transport system	0.0000	0.0579	0	0.0595	0.0994	0	0.0000	0.0903	0	1.0000	0.3456	0	0.0495	0.0699	0
COG0824	I	Acyl-CoA thioesterase FadM	0.0000	0.0644	0	0.1700	0.0394	0	0.0000	0.0467	0	1.0000	0.3085	0	0.9966	0.1477	0
COG0825	I	Acetyl-CoA carboxylase alpha subunit	0.0000	0.0001	0	0.0000	0.0000	0	0.0000	0.0001	0	0.0000	0.0000	0	0.0000	0.0000	0
COG0826	J	23S rRNA C2501 and tRNA U34 5'-hydroxylation protein RlhA/YrrN/YrrO, U32 peptidase family	0.0000	0.4611	0	0.1900	0.4059	0	0.0000	0.4214	0	1.0000	0.6078	1	0.9998	0.5913	1
COG0827	L	Adenine-specific DNA N6-methylase	0.0000	0.1371	0	0.2900	0.3779	0	0.0000	0.1011	0	1.0000	0.6931	1	0.9987	0.4721	0
COG0828	J	Ribosomal protein S21	0.0000	0.0009	0	0.0000	0.0001	0	0.0000	0.0011	0	0.0000	0.0000	0	0.0000	0.0000	0
COG0829	O	Urease accessory protein UreH	0.0000	0.0108	0	0.0100	0.0042	0	0.0000	0.0039	0	0.8797	0.4010	0	0.0001	0.0079	0
COG0830	O	Urease accessory protein UreF	0.0000	0.0145	0	0.0000	0.0014	0	0.0000	0.0056	0	0.8797	0.3860	0	0.0001	0.0102	0
COG0831	E	Urease gamma subunit	0.0000	0.0114	0	0.0100	0.0036	0	0.0000	0.0041	0	0.8817	0.4144	0	0.0001	0.0083	0
COG0832	E	Urease beta subunit	0.0000	0.0116	0	0.0000	0.0018	0	0.0000	0.0064	0	0.8817	0.4100	0	0.0001	0.0102	0
COG0833	E	Amino acid permease	0.0000	0.0013	0	0.0000	0.0016	0	0.0000	0.0016	0	0.0000	0.0092	0	0.0000	0.0028	0
COG0834	ET	ABC-type amino acid transport/signal transduction system, periplasmic component/domain	0.0000	0.2894	0	0.9600	0.3197	0	0.0300	0.4206	0	1.0000	0.3426	0	0.9723	0.2838	0
COG0835	T	Chemotaxis signal transduction protein CheW	0.0000	0.5805	1	0.0400	0.6622	1	0.0000	0.3177	0	1.0000	0.9564	1	0.8954	0.8148	1
COG0836	M	Mannose-1-phosphate guanylyltransferase	0.0000	0.2840	0	0.2800	0.6085	1	0.0000	0.0516	0	1.0000	0.9008	1	0.9897	0.6426	1
COG0837	G	Glucokinase	0.0000	0.0100	0	0.0000	0.0045	0	0.0000	0.0074	0	0.0000	0.0152	0	0.0000	0.0051	0
COG0838	C	NADH:ubiquinone oxidoreductase subunit 3 (chain A)	0.0050	0.3535	0	0.8600	0.3519	0	0.0000	0.1703	0	1.0000	0.9933	1	0.9971	0.9040	1
COG0839	C	NADH:ubiquinone oxidoreductase subunit 6 (chain J)	0.0000	0.2473	0	0.4852	0.2463	0	0.0000	0.2305	0	1.0000	0.9668	1	0.9950	0.8588	1
COG0840	T	Methyl-accepting chemotaxis protein (MCP)	0.0000	0.5744	1	0.1806	0.6662	1	0.0000	0.3516	0	1.0000	0.9400	1	0.1828	0.5953	1
COG0841	V	Multidrug efflux pump subunit AcrB	0.0000	0.0036	0	0.0000	0.0001	0	0.0000	0.0026	0	0.0004	0.0019	0	0.0000	0.0000	0
COG0842	V	ABC-type multidrug transport system, permease component	0.0000	0.9593	1	0.9860	0.9935	1	0.0395	0.9825	1	1.0000	0.9999	1	1.0000	0.9976	1
COG0843	C	Heme/copper-type cytochrome/quinol oxidase, subunit 1	0.0000	0.0046	0	0.0397	0.0007	0	0.0000	0.0092	0	1.0000	0.0816	0	0.4914	0.0074	0
COG0845	MV	Multidrug efflux pump subunit AcrA (membrane-fusion protein)	0.0000	0.0020	0	0.0000	0.0001	0	0.0000	0.0018	0	0.0000	0.0006	0	0.0000	0.0001	0
COG0846	O	NAD-dependent protein deacetylase, SIR2 family	0.0050	0.8347	1	0.2500	0.6561	1	0.0000	0.3092	0	1.0000	0.9797	1	0.9999	0.9423	1
COG0847	L	DNA polymerase III, epsilon subunit or related 3'-5' exonuclease	0.0000	0.0806	0	0.0300	0.0216	0	0.0000	0.0681	0	1.0000	0.0349	0	0.7118	0.0153	0
COG0848	U	Biopolymer transport protein ExbD	0.0000	0.0001	0	0.0000	0.0000	0	0.0000	0.0004	0	0.0007	0.0000	0	0.0000	0.0000	0
COG0849	D	Cell division ATPase FtsA	0.0000	0.0021	0	0.0000	0.0000	0	0.0000	0.0019	0	0.0000	0.0000	0	0.0000	0.0000	0
COG0850	D	Septum site-determining protein MinC	0.0000	0.0029	0	0.0000	0.0007	0	0.0000	0.0026	0	0.0000	0.0020	0	0.0000	0.0007	0
COG0851	D	Septum formation topological specificity factor MinE	0.0000	0.0025	0	0.0000	0.0013	0	0.0000	0.0027	0	0.0000	0.0037	0	0.0000	0.0012	0
COG0852	C	NADH:ubiquinone oxidoreductase 27 kD subunit (chain C)	0.0000	0.7913	1	0.5300	0.7830	1	0.0000	0.6346	1	1.0000	0.9913	1	0.9999	0.9916	1
COG0853	H	Aspartate 1-decarboxylase	0.0000	0.0392	0	0.0600	0.0197	0	0.0000	0.0482	0	0.9798	0.0810	0	0.0015	0.0218	0
COG0854	H	Pyridoxine 5'-phosphate synthase PdxJ	0.0000	0.0012	0	0.0000	0.0007	0	0.0000	0.0026	0	0.0000	0.0007	0	0.0000	0.0013	0
COG0855	P	Polyphosphate kinase	0.0000	0.0174	0	0.0000	0.0043	0	0.0000	0.0108	0	0.6510	0.1144	0	0.0003	0.0210	0
COG0856	F	Orotate phosphoribosyltransferase homolog	0.0050	0.6806	1	0.7300	0.9346	1	0.0000	0.2185	0	0.8297	0.9766	1	0.0309	0.7642	1
COG0857	R	BioD-like N-terminal domain of phosphotransacetylase	0.0000	0.3409	0	0.3400	0.6992	1	0.0000	0.1984	0	1.0000	0.9278	1	0.9589	0.9558	1
COG0858	J	Ribosome-binding factor RbfA	0.0000	0.0006	0	0.0000	0.0000	0	0.0000	0.0007	0	0.0000	0.0000	0	0.0000	0.0000	0
COG0859	M	ADP-heptose:LPS heptosyltransferase	0.0000	0.0072	0	0.0200	0.0042	0	0.0000	0.0126	0	0.5201	0.0024	0	0.0002	0.0007	0
COG0860	M	N-acetylmuramoyl-L-alanine amidase	0.0000	0.0106	0	0.0000	0.0002	0	0.0000	0.0114	0	0.0000	0.0001	0	0.0000	0.0001	0
COG0861	P	Tellurite resistance membrane protein TerC	0.0000	0.0070	0	0.0200	0.0018	0	0.0000	0.0212	0	0.9756	0.0199	0	0.0644	0.0010	0
COG0863	L	DNA modification methylase	0.0000	0.8217	1	0.8850	0.9796	1	0.0100	0.9153	1	1.0000	0.9931	1	1.0000	0.9822	1
COG0864	K	Metal-responsive transcriptional regulator, contains CopG/Arc/MetJ DNA-binding domain	0.0200	0.9968	1	0.0200	0.9971	1	0.0000	0.9447	1	1.0000	1.0000	1	1.0000	0.9998	1
COG1001	F	Adenine deaminase	0.0050	0.7970	1	0.7500	0.9746	1	0.0000	0.4640	0	1.0000	0.9925	1	0.9999	0.9795	1
COG1002	V	Type II restriction/modification system, endonuclease and methylase domains	0.0000	0.2961	0	0.6039	0.8063	1	0.0000	0.1480	0	1.0000	0.9613	1	0.9975	0.7976	1
COG1003	E	Glycine cleavage system protein P (pyridoxal-binding), C-terminal domain	0.0100	0.4904	0	0.9200	0.5091	1	0.1000	0.6145	1	1.0000	0.9427	1	0.9999	0.9125	1
COG1004	M	UDP-glucose 6-dehydrogenase	0.0500	0.7755	1	0.5700	0.6020	1	0.0000	0.3556	0	1.0000	0.7785	1	0.9996	0.6354	1
COG1005	C	NADH:ubiquinone oxidoreductase subunit 1 (chain H)	0.0050	0.8280	1	0.7200	0.7219	1	0.0100	0.7731	1	1.0000	0.9963	1	1.0000	0.9936	1
COG1006	P	Multisubunit Na+/H+ antiporter, MnhC subunit	0.0000	0.9555	1	0.2400	0.9649	1	0.0000	0.7548	1	1.0000	0.9973	1	0.9998	0.9910	1
COG1007	C	NADH:ubiquinone oxidoreductase subunit 2 (chain N)	0.0000	0.2098	0	0.4100	0.1969	0	0.0000	0.1764	0	1.0000	0.9646	1	0.9971	0.7175	1
COG1008	C	NADH:ubiquinone oxidoreductase subunit 4 (chain M)	0.0000	0.0867	0	0.0200	0.1000	0	0.0000	0.0801	0	1.0000	0.5604	1	0.9127	0.1870	0
COG1009	C	Membrane H+-translocase/NADH:ubiquinone oxidoreductase subunit 5 (chain L)/Multisubunit Na+/H+ antiporter, MnhA subunit	0.0000	0.7368	1	0.0300	0.6635	1	0.0000	0.6675	1	1.0000	0.9951	1	1.0000	0.9794	1
COG1010	H	Precorrin-3B methylase	0.0000	0.2391	0	0.8100	0.7485	1	0.0000	0.0324	0	0.9999	0.9984	1	0.9100	0.7827	1
COG1011	H	FMN and 5-amino-6-(5-phospho-D-ribitylamino)uracil phosphatase YigB, HAD superfamily (riboflavin biosynthesis)	0.0100	0.9311	1	1.0000	0.9249	1	1.0000	0.9722	1	1.0000	0.9782	1	1.0000	0.9474	1
COG1012	I	Acyl-CoA reductase or other NAD-dependent aldehyde dehydrogenase	0.0050	0.6281	1	0.5071	0.3583	0	0.0100	0.4628	0	1.0000	0.9414	1	1.0000	0.6368	1
COG1013	C	Pyruvate:ferredoxin oxidoreductase or related 2-oxoacid:ferredoxin oxidoreductase, beta subunit	0.0000	0.9992	1	0.5500	1.0000	1	0.0400	0.9993	1	1.0000	1.0000	1	1.0000	1.0000	1
COG1014	C	Pyruvate:ferredoxin oxidoreductase or related 2-oxoacid:ferredoxin oxidoreductase, gamma subunit	0.0400	0.9994	1	0.9418	1.0000	1	0.0700	0.9984	1	1.0000	1.0000	1	1.0000	1.0000	1
COG1015	G	Phosphopentomutase	0.0000	0.0022	0	0.0000	0.0012	0	0.0000	0.0036	0	0.0000	0.0052	0	0.0000	0.0019	0
COG1017	C	Hemoglobin-like flavoprotein	0.0000	0.0014	0	0.0000	0.0004	0	0.0000	0.0012	0	0.0000	0.0089	0	0.0000	0.0008	0
COG1018	C	Flavodoxin/ferredoxin--NADP reductase	0.0000	0.0512	0	0.0400	0.0200	0	0.0000	0.0587	0	1.0000	0.2064	0	0.9760	0.0916	0
COG1019	H	Phosphopantetheine adenylyltransferase	0.0000	0.0024	0	0.8700	0.1779	0	0.0800	0.0181	0	1.0000	0.0711	0	0.9999	0.1800	0
COG1020	Q	EntF, seryl-AMP synthase component  of non-ribosomal peptide synthetase	0.0000	0.0042	0	0.0000	0.0002	0	0.0000	0.0034	0	0.0000	0.0026	0	0.0000	0.0002	0
COG1021	Q	EntE, 2,3-dihydroxybenzoate-AMP synthase component of non-ribosomal peptide synthetase	0.0000	0.0039	0	0.0000	0.0044	0	0.0000	0.0024	0	0.0000	0.0511	0	0.0000	0.0095	0
COG1022	I	Long-chain acyl-CoA synthetase (AMP-forming)	0.0000	0.0080	0	0.3000	0.0079	0	0.0000	0.0085	0	0.9998	0.1011	0	0.0060	0.0308	0
COG1023	G	6-phosphogluconate dehydrogenase (decarboxylating)	0.0000	0.0155	0	0.0100	0.0309	0	0.0000	0.0114	0	1.0000	0.4028	0	0.5294	0.0944	0
COG1024	I	Enoyl-CoA hydratase/carnithine racemase	0.0000	0.0578	0	0.4334	0.1008	0	0.0000	0.0997	0	1.0000	0.3984	0	0.9983	0.2219	0
COG1025	O	Secreted/periplasmic Zn-dependent peptidases, insulinase-like	0.0000	0.0005	0	0.0000	0.0007	0	0.0000	0.0005	0	0.0000	0.0015	0	0.0000	0.0009	0
COG1026	O	Zn-dependent peptidase, M16 (insulinase) family	0.0000	0.0004	0	0.0000	0.0002	0	0.0000	0.0004	0	0.0000	0.0002	0	0.0000	0.0001	0
COG1027	E	Aspartate ammonia-lyase	0.0000	0.0515	0	0.0200	0.0498	0	0.0000	0.1141	0	0.9969	0.2766	0	0.0029	0.0496	0
COG1028	I	NAD(P)-dependent dehydrogenase, short-chain alcohol dehydrogenase family	0.0000	0.5877	1	0.4674	0.2843	0	0.0000	0.4890	0	1.0000	0.9080	1	1.0000	0.8023	1
COG1029	C	Formylmethanofuran dehydrogenase subunit B	0.0000	0.9422	1	0.0100	0.9997	1	0.0000	0.8831	1	1.0000	0.9999	1	0.9981	0.9999	1
COG1030	O	Membrane-bound serine protease NfeD, ClpP class	0.2600	0.9410	1	0.9000	0.9923	1	0.1100	0.9339	1	1.0000	0.9985	1	0.9999	0.9910	1
COG1031	R	Radical SAM superfamily enzyme with C-terminal helix-hairpin-helix motif	0.0150	0.8488	1	0.5000	0.9910	1	0.0000	0.4458	0	1.0000	0.9994	1	0.9784	0.9958	1
COG1032	R	Radical SAM superfamily enzyme YgiQ, UPF0313 family	0.0000	0.9943	1	0.9948	0.9999	1	0.0785	0.9968	1	1.0000	1.0000	1	1.0000	1.0000	1
COG1033	R	Predicted exporter protein, RND superfamily	0.0000	0.5073	1	0.9000	0.9215	1	0.0000	0.1821	0	0.7004	0.7481	1	0.2393	0.5335	1
COG1034	C	NADH dehydrogenase/NADH:ubiquinone oxidoreductase 75 kD subunit (chain G)	0.0000	0.0080	0	0.0000	0.0013	0	0.0000	0.0098	0	0.0000	0.0121	0	0.0000	0.0050	0
COG1035	C	Coenzyme F420-reducing hydrogenase, beta subunit	0.0000	0.9360	1	0.9690	0.9996	1	0.1000	0.9543	1	1.0000	0.9998	1	1.0000	0.9996	1
COG1036	C	Archaeal flavoprotein	0.0050	0.8930	1	0.1600	0.9753	1	0.0000	0.5065	1	1.0000	0.9903	1	0.9992	0.9910	1
COG1038	C	Pyruvate carboxylase	0.0000	0.0038	0	0.0000	0.0037	0	0.0000	0.0062	0	0.0000	0.0114	0	0.0000	0.0031	0
COG1039	L	Ribonuclease HIII	0.0000	0.0121	0	0.0000	0.0083	0	0.0000	0.0111	0	0.0000	0.0144	0	0.0000	0.0146	0
COG1040	R	DNA utilization protein ComFC/GntX, contains phosphoribosyltransferase domain	0.0000	0.0123	0	0.0000	0.0007	0	0.0000	0.0166	0	0.0004	0.0018	0	0.0000	0.0005	0
COG1041	J	tRNA G10 N-methylase Trm11	0.0000	0.9798	1	0.9900	0.9996	1	0.0100	0.9886	1	1.0000	0.9999	1	1.0000	0.9998	1
COG1042	C	Acyl-CoA synthetase (NDP forming)	0.0050	0.9704	1	0.9898	0.9986	1	0.1300	0.9631	1	1.0000	0.9998	1	1.0000	0.9996	1
COG1043	M	Acyl-[acyl carrier protein]--UDP-N-acetylglucosamine O-acyltransferase	0.0650	0.0094	0	0.0000	0.0001	0	0.0000	0.0052	0	0.0000	0.0001	0	0.0000	0.0001	0
COG1044	M	UDP-3-O-[3-hydroxymyristoyl] glucosamine N-acyltransferase	0.0000	0.0135	0	0.0000	0.0002	0	0.0000	0.0241	0	0.0000	0.0001	0	0.0000	0.0001	0
COG1045	E	Serine acetyltransferase	0.0000	0.0977	0	0.0000	0.0044	0	0.0000	0.0508	0	0.9997	0.2024	0	0.0229	0.0627	0
COG1047	O	Peptidyl-prolyl cis-trans isomerase, FKBP type	0.0000	0.9624	1	1.0000	0.9989	1	0.9505	0.9956	1	1.0000	0.9998	1	1.0000	0.9989	1
COG1048	C	Aconitase A	0.0150	0.3483	0	0.8400	0.2061	0	0.0100	0.3021	0	1.0000	0.6360	1	0.9995	0.3779	0
COG1049	C	Aconitase B	0.0000	0.0037	0	0.0000	0.0031	0	0.0000	0.0026	0	0.0000	0.0013	0	0.0000	0.0021	0
COG1051	F	ADP-ribose pyrophosphatase YjhB, NUDIX family	0.0000	0.8769	1	0.1300	0.7768	1	0.0000	0.7776	1	1.0000	0.9610	1	1.0000	0.9587	1
COG1052	CHR	Lactate dehydrogenase or related 2-hydroxyacid dehydrogenase	0.0150	0.5587	1	0.1100	0.2365	0	0.0000	0.3150	0	1.0000	0.6310	1	0.9998	0.6510	1
COG1053	C	Succinate dehydrogenase/fumarate reductase, flavoprotein subunit	0.0000	0.6189	1	0.9436	0.8422	1	0.0900	0.7930	1	1.0000	0.9985	1	0.9999	0.9589	1
COG1054	J	tRNA U34 5'-hydroxylase TrhO, rhodanese family	0.0050	0.0001	0	0.0000	0.0000	0	0.0000	0.0000	0	0.0000	0.0000	0	0.0000	0.0000	0
COG1055	P	Na+/H+ antiporter NhaD or related arsenite permease	0.0200	0.9371	1	0.4400	0.9802	1	0.0100	0.9000	1	1.0000	0.9997	1	1.0000	0.9958	1
COG1056	H	Nicotinamide mononucleotide adenylyltransferase	0.1300	0.9958	1	0.8600	0.9994	1	0.0400	0.9893	1	1.0000	0.9999	1	1.0000	0.9999	1
COG1057	H	Nicotinate-nucleotide adenylyltransferase NadD	0.0000	0.0017	0	0.0000	0.0001	0	0.0000	0.0023	0	0.0000	0.0000	0	0.0000	0.0001	0
COG1058	L	ADP-ribose pyrophosphatase domain of DNA damage- and competence-inducible protein CinA	0.0000	0.8714	1	0.7300	0.9442	1	0.0200	0.9261	1	1.0000	0.9986	1	0.9999	0.9958	1
COG1059	LV	Thermostable 8-oxoguanine DNA glycosylase	0.0000	0.4387	0	0.7600	0.8514	1	0.0000	0.6474	1	1.0000	0.7623	1	0.9999	0.8462	1
COG1060	H	2-iminoacetate synthase ThiH/Menaquinone biosynthesis enzymes MqnC and MqnE	0.0000	0.7915	1	0.5800	0.9960	1	0.0000	0.5165	1	1.0000	0.9991	1	1.0000	0.9786	1
COG1061	KL	Superfamily II DNA or RNA helicase	0.0000	0.7937	1	0.7849	0.9738	1	0.0000	0.5972	1	1.0000	0.9993	1	0.9997	0.9835	1
COG1062	C	Zn-dependent alcohol/formaldehyde dehydrogenase	0.0000	0.0135	0	0.0200	0.0152	0	0.0000	0.0171	0	0.6165	0.1573	0	0.0004	0.0372	0
COG1063	ER	Threonine dehydrogenase or related Zn-dependent dehydrogenase	0.0000	0.7675	1	0.1400	0.6358	1	0.0000	0.6956	1	1.0000	0.9977	1	1.0000	0.9837	1
COG1064	G	D-arabinose 1-dehydrogenase, Zn-dependent alcohol dehydrogenase family	0.0000	0.0942	0	0.0800	0.2688	0	0.0000	0.1284	0	1.0000	0.9349	1	0.9926	0.7350	1
COG1066	L	DNA repair protein RadA/Sms, contains AAA+ ATPase domain	0.0000	0.0013	0	0.0000	0.0001	0	0.0000	0.0026	0	0.0000	0.0002	0	0.0000	0.0001	0
COG1067	O	Predicted ATP-dependent protease	0.0000	0.0337	0	1.0000	0.4674	0	0.4100	0.0900	0	1.0000	0.7452	1	0.9758	0.5164	1
COG1069	G	Ribulose kinase	0.0000	0.0033	0	0.0000	0.0019	0	0.0000	0.0024	0	0.0000	0.0272	0	0.0000	0.0043	0
COG1070	G	Sugar (pentulose or hexulose) kinase	0.0000	0.1578	0	0.6733	0.2010	0	0.0000	0.1562	0	1.0000	0.4312	0	0.9973	0.6111	1
COG1071	C	TPP-dependent pyruvate or acetoin dehydrogenase subunit alpha	0.0050	0.1062	0	0.8800	0.1071	0	0.1700	0.1468	0	1.0000	0.5215	1	0.9999	0.2552	0
COG1072	H	Panthothenate kinase	0.0000	0.0021	0	0.0000	0.0006	0	0.0000	0.0021	0	0.0000	0.0012	0	0.0000	0.0005	0
COG1073	T	Fermentation-respiration switch esterase FrsA, DUF1100 family	0.0000	0.3476	0	0.2711	0.2997	0	0.0000	0.2312	0	1.0000	0.7200	1	0.6549	0.4231	0
COG1074	L	3-5 helicase subunit RecB of the DNA repair enzyme RecBCD (exonuclease V)	0.0000	0.0025	0	0.2100	0.0001	0	0.0000	0.0017	0	0.9978	0.0000	0	0.0842	0.0000	0
COG1075	I	Triacylglycerol esterase/lipase EstA, alpha/beta hydrolase fold	0.0000	0.0110	0	0.0000	0.0013	0	0.0000	0.0091	0	0.3395	0.0451	0	0.0020	0.0064	0
COG1076	O	DnaJ domain-containing protein	0.0000	0.0005	0	0.0000	0.0001	0	0.0000	0.0005	0	0.0000	0.0007	0	0.0000	0.0002	0
COG1077	DZ	Cell shape-determining ATPase MreB, actin-like superfamily	0.0000	0.0281	0	0.3700	0.1290	0	0.0000	0.0218	0	0.9943	0.3506	0	0.0294	0.0595	0
COG1078	R	HD superfamily phosphohydrolase	0.0150	0.9941	1	0.9100	0.9998	1	0.1900	0.9858	1	1.0000	1.0000	1	1.0000	0.9998	1
COG1079	F	ABC-type guanosine uptake system NupNOPQ, permease subunit NupQ	0.0000	0.0756	0	0.8000	0.5210	1	0.0000	0.1394	0	1.0000	0.9420	1	0.9999	0.9657	1
COG1080	G	Phosphoenolpyruvate-protein kinase (PTS system EI component in bacteria)	0.0000	0.0202	0	0.0100	0.0016	0	0.0000	0.0227	0	0.0134	0.0053	0	0.0001	0.0021	0
COG1082	G	Sugar phosphate isomerase/epimerase	0.1350	0.9885	1	0.9435	0.9989	1	0.0000	0.9345	1	1.0000	0.9998	1	1.0000	0.9994	1
COG1083	M	CMP-N-acetylneuraminic acid synthetase, NeuA/PseF family	0.0000	0.0379	0	0.2600	0.1625	0	0.0000	0.0219	0	1.0000	0.3243	0	0.9848	0.2635	0
COG1084	R	GTP-binding protein, GTP1/Obg family	0.2050	0.9916	1	0.9800	0.9998	1	0.3700	0.9146	1	1.0000	1.0000	1	0.9999	0.9999	1
COG1085	G	Galactose-1-phosphate uridylyltransferase	0.0000	0.5570	1	0.4178	0.9481	1	0.0000	0.5313	1	1.0000	0.9976	1	0.9995	0.9854	1
COG1086	MO	NDP-sugar epimerase, includes UDP-GlcNAc-inverting 4,6-dehydratase FlaA1 and capsular polysaccharide biosynthesis protein EpsC	0.0000	0.0534	0	0.1500	0.0871	0	0.0000	0.0235	0	1.0000	0.3977	0	0.1740	0.0676	0
COG1087	M	UDP-glucose 4-epimerase	0.0400	0.0882	0	0.0000	0.0004	0	0.0000	0.0169	0	0.1613	0.0095	0	0.0000	0.0002	0
COG1088	M	dTDP-D-glucose 4,6-dehydratase	0.0750	0.7363	1	0.3000	0.3228	0	0.0000	0.2154	0	1.0000	0.9455	1	0.9990	0.6909	1
COG1089	M	GDP-D-mannose dehydratase	0.0000	0.1891	0	0.3000	0.5709	1	0.0000	0.1322	0	0.9920	0.7821	1	0.7448	0.4346	0
COG1090	R	NAD dependent epimerase/dehydratase family enzyme	0.0000	0.0063	0	0.0000	0.0021	0	0.0000	0.0141	0	0.5839	0.0895	0	0.0004	0.0146	0
COG1091	M	dTDP-4-dehydrorhamnose reductase	0.0000	0.7185	1	0.1300	0.5135	1	0.0000	0.2307	0	1.0000	0.9770	1	0.9998	0.8208	1
COG1092	J	23S rRNA G2069 N7-methylase RlmK or C1962 C5-methylase RlmI	0.0000	0.0458	0	0.7300	0.2018	0	0.0100	0.0806	0	0.9998	0.2826	0	0.0583	0.0377	0
COG1093	J	Translation initiation factor 2, alpha subunit (eIF-2alpha)	0.4050	0.9979	1	0.9800	1.0000	1	0.0700	0.9956	1	1.0000	1.0000	1	0.9999	1.0000	1
COG1094	J	rRNA processing protein Krr1/Pno1, contains KH domain	0.3900	0.9972	1	0.9800	0.9999	1	0.0100	0.9919	1	1.0000	0.9999	1	0.9999	0.9999	1
COG1095	K	DNA-directed RNA polymerase, subunit E'/Rpb7	0.8850	0.9995	1	1.0000	1.0000	1	0.7900	0.9987	1	1.0000	0.9999	1	0.9999	1.0000	1
COG1096	U	Exosome complex RNA-binding protein Csl4, contains S1 and Zn-ribbon domains	0.0200	0.9896	1	0.9500	0.9992	1	0.0000	0.9422	1	1.0000	0.9987	1	0.9999	0.9996	1
COG1097	U	Exosome complex RNA-binding protein Rrp4, contains S1 and KH domains	0.0400	0.9734	1	1.0000	0.9984	1	0.1500	0.9855	1	1.0000	0.9787	1	0.9999	0.9982	1
COG1098	R	Predicted RNA-binding protein, contains ribosomal protein S1 (RPS1) domain	0.0000	0.0036	0	0.0000	0.0036	0	0.0000	0.0023	0	0.0000	0.0612	0	0.0000	0.0069	0
COG1099	R	Predicted metal-dependent hydrolase, TIM-barrel fold	0.0000	0.3130	0	0.7100	0.9429	1	0.0000	0.2516	0	0.8037	0.9872	1	0.3584	0.8911	1
COG1100	R	GTPase SAR1 family domain	0.0000	0.9759	1	1.0000	0.9996	1	0.8000	0.9943	1	1.0000	1.0000	1	1.0000	0.9999	1
COG1101	R	ABC-type uncharacterized transport system, ATPase component	0.0000	0.0014	0	0.0000	0.0005	0	0.0000	0.0013	0	0.0000	0.0005	0	0.0000	0.0004	0
COG1102	F	Cytidylate kinase	0.0000	0.9777	1	0.9900	1.0000	1	0.4400	0.9949	1	1.0000	1.0000	1	0.9999	1.0000	1
COG1103	J	Archaeal Cys-tRNA synthase (O-phospho-L-seryl-tRNA:Cys-tRNA synthase)	0.0000	0.7265	1	0.7100	0.9997	1	0.0200	0.8786	1	1.0000	0.9982	1	0.9365	0.9984	1
COG1104	E	Cysteine desulfurase/Cysteine sulfinate desulfinase IscS or related enzyme, NifS family	0.0050	0.6124	1	0.8500	0.3278	0	0.0300	0.6580	1	1.0000	0.2845	0	0.9999	0.3346	0
COG1105	G	1-phosphofructokinase or 6-phosphofructokinase II	0.0000	0.0245	0	0.0000	0.0116	0	0.0000	0.0199	0	0.0163	0.2900	0	0.0000	0.0165	0
COG1106	R	ATPase/GTPase, AAA15 family	0.0050	0.7597	1	0.7327	0.8926	1	0.0000	0.2116	0	1.0000	0.9801	1	0.2950	0.7562	1
COG1107	L	Archaea-specific RecJ-like exonuclease, contains DnaJ-type Zn finger domain	0.0000	0.4966	0	0.1700	0.9685	1	0.0000	0.0498	0	0.9988	0.9995	1	0.8012	0.9609	1
COG1108	P	ABC-type Mn2+/Zn2+ transport system, permease component	0.1300	0.6255	1	0.9800	0.7281	1	0.3400	0.8350	1	1.0000	0.9258	1	0.9987	0.9108	1
COG1109	G	Phosphomannomutase	0.1000	0.9981	1	0.8860	0.9996	1	0.2000	0.9981	1	1.0000	0.9999	1	1.0000	0.9999	1
COG1110	L	Reverse gyrase	0.0000	0.8412	1	0.6800	0.9992	1	0.0100	0.9131	1	0.9999	0.9188	1	0.9835	0.9998	1
COG1111	L	ERCC4-related helicase	0.5800	0.9925	1	1.0000	0.9992	1	0.7600	0.9931	1	1.0000	0.9986	1	0.9999	0.9979	1
COG1112	L	Superfamily I DNA and/or RNA helicase	0.0100	0.2267	0	0.0690	0.1286	0	0.0000	0.0408	0	1.0000	0.6780	1	0.9874	0.3805	0
COG1113	E	L-asparagine transporter or related permease	0.0000	0.0184	0	0.0000	0.0082	0	0.0000	0.0176	0	0.0000	0.0320	0	0.0000	0.0110	0
COG1114	E	Branched-chain amino acid permease	0.0000	0.0014	0	0.0000	0.0007	0	0.0000	0.0019	0	0.0000	0.0002	0	0.0000	0.0003	0
COG1115	E	Na+/alanine symporter	0.0000	0.0164	0	0.0500	0.0035	0	0.0000	0.0130	0	0.9255	0.0165	0	0.0014	0.0014	0
COG1116	P	ABC-type nitrate/sulfonate/bicarbonate transport system, ATPase component	0.0050	0.7622	1	0.9900	0.9612	1	0.4100	0.8129	1	1.0000	0.9825	1	0.9994	0.8766	1
COG1117	P	ABC-type phosphate transport system, ATPase component	0.0850	0.9866	1	0.9600	0.9874	1	0.3000	0.9898	1	1.0000	0.9997	1	1.0000	0.9969	1
COG1118	P	ABC-type sulfate/molybdate transport systems, ATPase component	0.0000	0.0059	0	0.0000	0.0014	0	0.0000	0.0063	0	0.0000	0.0011	0	0.0000	0.0022	0
COG1119	P	ABC-type molybdenum transport system, ATPase component ModF/photorepair protein PhrA	0.0000	0.0286	0	0.0000	0.0270	0	0.0000	0.0217	0	0.1291	0.2363	0	0.0000	0.0156	0
COG1120	PH	ABC-type cobalamin/Fe3+-siderophores transport system, ATPase component	0.3650	0.9932	1	0.9622	0.9772	1	0.0892	0.9489	1	1.0000	0.9992	1	0.9998	0.9955	1
COG1121	P	ABC-type Mn2+/Zn2+ transport system, ATPase component	0.0000	0.7127	1	0.4395	0.7550	1	0.0100	0.8716	1	1.0000	0.9899	1	1.0000	0.9640	1
COG1122	PR	Energy-coupling factor transporter ATP-binding protein EcfA2	0.0250	0.9960	1	0.9882	0.9999	1	0.2800	0.9941	1	1.0000	1.0000	1	1.0000	1.0000	1
COG1123	O	ABC-type glutathione transport system ATPase component, contains duplicated ATPase domain	0.0350	0.6845	1	1.0000	0.9137	1	0.3400	0.5365	1	1.0000	0.9573	1	0.9999	0.7625	1
COG1124	EP	ABC-type dipeptide/oligopeptide/nickel transport system, ATPase component	0.0000	0.0149	0	0.0000	0.0115	0	0.0000	0.0097	0	0.0136	0.2705	0	0.0000	0.0181	0
COG1125	E	ABC-type proline/glycine betaine transport system, ATPase component	0.0000	0.0074	0	0.0000	0.0141	0	0.0000	0.0042	0	0.4830	0.6282	1	0.0009	0.0592	0
COG1126	E	ABC-type polar amino acid transport system, ATPase component	0.0250	0.3143	0	0.8700	0.2103	0	0.0700	0.3929	0	1.0000	0.2492	0	0.9640	0.1597	0
COG1127	M	ATPase subunit MlaF of the ABC-type intermembrane phospholipid transporter Mla	0.0000	0.0008	0	0.0000	0.0001	0	0.0000	0.0008	0	0.0000	0.0001	0	0.0000	0.0001	0
COG1129	G	ABC-type sugar transport system, ATPase component	0.0000	0.0156	0	0.0000	0.0022	0	0.0000	0.0175	0	0.0000	0.0434	0	0.0000	0.0023	0
COG1131	V	ABC-type multidrug transport system, ATPase component	0.0000	0.9949	1	0.9923	0.9990	1	0.2377	0.9980	1	1.0000	1.0000	1	1.0000	0.9997	1
COG1132	V	ABC-type multidrug transport system, ATPase and permease component	0.0000	0.1242	0	0.2900	0.0450	0	0.0000	0.0597	0	1.0000	0.2269	0	1.0000	0.1410	0
COG1133	V	Peptide antibiotic transporter SbmA/BacA, ABC-type permease family	0.0000	0.0005	0	0.0000	0.0014	0	0.0000	0.0009	0	0.0000	0.0007	0	0.0000	0.0012	0
COG1134	G	ABC-type polysaccharide/polyol phosphate transport system, ATPase component	0.0000	0.0903	0	0.2400	0.1701	0	0.0100	0.0895	0	0.9804	0.3249	0	0.0030	0.0376	0
COG1135	E	ABC-type methionine transport system, ATPase component	0.0000	0.0040	0	0.0000	0.0003	0	0.0000	0.0094	0	0.0000	0.0001	0	0.0000	0.0002	0
COG1136	M	ABC-type lipoprotein export system, ATPase component	0.0200	0.9820	1	0.4900	0.9823	1	0.0100	0.9613	1	1.0000	0.9975	1	1.0000	0.9898	1
COG1137	M	ABC-type lipopolysaccharide export system, ATPase component	0.0000	0.0003	0	0.0000	0.0000	0	0.0000	0.0006	0	0.0000	0.0000	0	0.0000	0.0000	0
COG1138	CO	Cytochrome c biogenesis protein CcmF	0.0000	0.1810	0	0.7354	0.5459	1	0.0000	0.0614	0	1.0000	0.7455	1	0.0753	0.2923	0
COG1139	C	L-lactate utilization protein LutB, contains a ferredoxin-type domain	0.0050	0.5251	1	0.7072	0.7607	1	0.0000	0.1558	0	1.0000	0.9889	1	0.8691	0.9097	1
COG1140	CP	Nitrate reductase beta subunit	0.0000	0.0445	0	0.2100	0.2739	0	0.0000	0.0226	0	0.9995	0.9877	1	0.0034	0.3937	0
COG1141	C	Ferredoxin	0.0000	0.4771	0	0.2900	0.7445	1	0.0000	0.3246	0	1.0000	0.9261	1	0.9999	0.9169	1
COG1142	C	Fe-S-cluster-containing hydrogenase component 2	0.1600	0.9582	1	0.6976	0.9918	1	0.0100	0.8961	1	1.0000	0.9975	1	1.0000	0.9983	1
COG1143	C	Formate hydrogenlyase subunit 6/NADH:ubiquinone oxidoreductase 23 kD subunit (chain I)	0.0450	0.9883	1	0.9100	0.9985	1	0.0300	0.9775	1	1.0000	1.0000	1	1.0000	1.0000	1
COG1144	C	Pyruvate:ferredoxin oxidoreductase or related 2-oxoacid:ferredoxin oxidoreductase, delta subunit	0.0350	0.9986	1	0.9820	1.0000	1	0.7100	0.9991	1	1.0000	1.0000	1	1.0000	1.0000	1
COG1145	C	Ferredoxin	0.1800	0.9908	1	1.0000	0.9994	1	0.1153	0.9802	1	1.0000	1.0000	1	1.0000	0.9997	1
COG1146	F	NAD-dependent dihydropyrimidine dehydrogenase, PreA subunit	0.0450	0.9824	1	0.5421	0.9979	1	0.0000	0.9187	1	1.0000	1.0000	1	1.0000	0.9998	1
COG1148	C	Heterodisulfide reductase, subunit A (polyferredoxin)	0.0000	0.9680	1	0.8015	1.0000	1	0.0200	0.9926	1	1.0000	1.0000	1	1.0000	1.0000	1
COG1149	R	MinD superfamily P-loop ATPase, contains an inserted ferredoxin domain	0.0250	0.9525	1	0.9600	0.9978	1	0.1400	0.9662	1	1.0000	0.9990	1	1.0000	0.9985	1
COG1150	C	Heterodisulfide reductase, subunit C	0.0650	0.5179	1	0.8778	0.9876	1	0.1500	0.6796	1	1.0000	0.9953	1	0.9999	0.9929	1
COG1151	C	Hydroxylamine reductase (hybrid-cluster protein)	0.0300	0.7443	1	0.9600	0.9834	1	0.1100	0.5616	1	1.0000	0.9949	1	0.9851	0.9827	1
COG1152	C	CO dehydrogenase/acetyl-CoA synthase alpha subunit	0.0100	0.9329	1	0.2605	0.9944	1	0.0000	0.8597	1	1.0000	0.9967	1	0.9997	0.9982	1
COG1153	C	Formylmethanofuran dehydrogenase subunit D	0.0000	0.8722	1	0.9800	0.9996	1	0.3700	0.9222	1	1.0000	0.9998	1	0.9982	0.9996	1
COG1154	HI	Deoxyxylulose-5-phosphate synthase	0.0000	0.0020	0	0.0000	0.0001	0	0.0000	0.0037	0	0.0000	0.0000	0	0.0000	0.0000	0
COG1155	C	Archaeal/vacuolar-type H+-ATPase catalytic subunit A/Vma1	0.2650	0.9981	1	0.9900	0.9999	1	0.2800	0.9976	1	1.0000	1.0000	1	0.9999	1.0000	1
COG1156	C	Archaeal/vacuolar-type H+-ATPase subunit B/Vma2	0.1650	0.9970	1	0.9900	0.9998	1	0.0700	0.9956	1	1.0000	1.0000	1	0.9999	0.9999	1
COG1157	NU	Flagellar biosynthesis/type III secretory pathway ATPase FliI	0.0000	0.0012	0	0.0000	0.0002	0	0.0000	0.0015	0	0.0000	0.0002	0	0.0000	0.0002	0
COG1158	K	Transcription termination factor Rho	0.0000	0.0034	0	0.0000	0.0004	0	0.0000	0.0042	0	0.0000	0.0006	0	0.0000	0.0003	0
COG1159	J	GTPase Era, involved in 16S rRNA processing	0.0100	0.0087	0	0.0000	0.0002	0	0.0000	0.0029	0	0.0000	0.0001	0	0.0000	0.0001	0
COG1160	J	Double Era-like domain GTPase Der	0.0000	0.0006	0	0.0000	0.0000	0	0.0000	0.0007	0	0.0000	0.0000	0	0.0000	0.0000	0
COG1161	J	Ribosome biogenesis GTPase RbgA	0.0000	0.2811	0	0.5100	0.7936	1	0.0000	0.0716	0	1.0000	0.5861	1	0.9955	0.8136	1
COG1162	J	Ribosome biogenesis GTPase RsgA	0.0000	0.0053	0	0.0300	0.0042	0	0.0000	0.0060	0	0.4906	0.1031	0	0.0014	0.0020	0
COG1163	J	Ribosome-interacting GTPase RBG1	0.0000	0.9787	1	0.0500	0.9997	1	0.0000	0.9586	1	1.0000	1.0000	1	0.9999	1.0000	1
COG1164	E	Oligoendopeptidase F	0.0000	0.0282	0	0.0100	0.0196	0	0.0000	0.0361	0	1.0000	0.2203	0	0.9810	0.1095	0
COG1165	H	2-succinyl-5-enolpyruvyl-6-hydroxy-3-cyclohexene-1-carboxylate synthase	0.0000	0.0031	0	0.0000	0.0003	0	0.0000	0.0015	0	0.0030	0.1218	0	0.0001	0.0077	0
COG1166	E	Arginine decarboxylase (spermidine biosynthesis)	0.0000	0.0267	0	0.0100	0.1504	0	0.0000	0.0247	0	0.8048	0.2022	0	0.0038	0.1009	0
COG1167	KE	DNA-binding transcriptional regulator, MocR family, contains an aminotransferase domain	0.0650	0.7554	1	0.9700	0.7750	1	0.1900	0.6315	1	1.0000	0.8931	1	0.9995	0.8511	1
COG1168	ER	Bifunctional PLP-dependent enzyme with beta-cystathionase and maltose regulon repressor activities	0.0000	0.0047	0	0.0000	0.0004	0	0.0000	0.0033	0	0.0000	0.0103	0	0.0000	0.0012	0
COG1169	HQ	Isochorismate synthase EntC	0.0000	0.0029	0	0.0000	0.0002	0	0.0000	0.0014	0	0.0188	0.1002	0	0.0003	0.0080	0
COG1171	E	Threonine deaminase	0.0150	0.2505	0	0.4600	0.0684	0	0.0100	0.3387	0	1.0000	0.4675	0	0.9979	0.4186	0
COG1172	G	Ribose/xylose/arabinose/galactoside ABC-type transport system, permease component	0.0000	0.0056	0	0.1500	0.0063	0	0.0000	0.0049	0	0.9874	0.0719	0	0.0007	0.0083	0
COG1173	EP	ABC-type dipeptide/oligopeptide/nickel transport system, permease component	0.0000	0.9112	1	0.6105	0.9014	1	0.0000	0.7514	1	1.0000	0.9995	1	1.0000	0.9929	1
COG1174	E	ABC-type proline/glycine betaine transport system, permease component	0.0000	0.0073	0	0.1090	0.0473	0	0.0000	0.0037	0	0.7373	0.6924	1	0.0017	0.0507	0
COG1175	G	ABC-type sugar transport system, permease component	0.0000	0.0639	0	0.2400	0.0130	0	0.0000	0.0486	0	1.0000	0.5000	0	0.9998	0.3227	0
COG1176	E	ABC-type spermidine/putrescine transport system, permease component I	0.0000	0.0154	0	0.0000	0.0010	0	0.0000	0.0229	0	0.9998	0.1216	0	0.0039	0.0035	0
COG1177	E	ABC-type spermidine/putrescine transport system, permease component II	0.0000	0.0162	0	0.0400	0.0053	0	0.0000	0.0214	0	0.9999	0.1306	0	0.0023	0.0071	0
COG1178	P	ABC-type Fe3+ transport system, permease component	0.0000	0.2633	0	0.5500	0.2507	0	0.0000	0.2130	0	1.0000	0.5207	1	0.9856	0.4256	0
COG1179	J	tRNA A37 threonylcarbamoyladenosine dehydratase	0.0000	0.0002	0	0.0000	0.0000	0	0.0000	0.0002	0	0.0000	0.0000	0	0.0000	0.0000	0
COG1180	O	Pyruvate-formate lyase-activating enzyme	0.0100	0.9999	1	1.0000	1.0000	1	0.4852	0.9999	1	1.0000	1.0000	1	1.0000	1.0000	1
COG1181	MR	D-alanine-D-alanine ligase or related ATP-grasp enzyme	0.0000	0.0132	0	0.0000	0.0004	0	0.0000	0.0278	0	0.0000	0.0016	0	0.0000	0.0003	0
COG1182	C	FMN-dependent NADH-azoreductase	0.0000	0.0024	0	0.0000	0.0003	0	0.0000	0.0023	0	0.0000	0.0013	0	0.0000	0.0006	0
COG1183	I	Phosphatidylserine synthase	0.1850	0.7139	1	0.9100	0.7445	1	0.0600	0.3468	0	1.0000	0.9357	1	0.9314	0.6488	1
COG1184	J	Translation initiation factor 2B subunit, eIF-2B alpha/beta/delta family	0.1450	0.9756	1	0.8761	0.9940	1	0.0300	0.9128	1	1.0000	0.9978	1	1.0000	0.9977	1
COG1185	J	Polyribonucleotide nucleotidyltransferase (polynucleotide phosphorylase)	0.0000	0.0010	0	0.0000	0.0000	0	0.0000	0.0010	0	0.0000	0.0000	0	0.0000	0.0000	0
COG1186	J	Protein chain release factor PrfB	0.0000	0.0003	0	0.0000	0.0000	0	0.0000	0.0004	0	0.0000	0.0000	0	0.0000	0.0000	0
COG1187	J	Pseudouridylate synthase RsuA, specific for 16S rRNA U516  and 23S rRNA U2605	0.0000	0.0025	0	0.0000	0.0000	0	0.0000	0.0052	0	0.0000	0.0000	0	0.0000	0.0000	0
COG1188	J	Ribosomal 50S subunit-recycling heat shock protein, contains S4 domain	0.0000	0.0006	0	0.0000	0.0000	0	0.0000	0.0005	0	0.0000	0.0000	0	0.0000	0.0000	0
COG1189	J	Predicted rRNA methylase YqxC, contains S4 and FtsJ domains	0.0000	0.0553	0	0.8600	0.5434	1	0.0000	0.0345	0	0.9899	0.6925	1	0.0081	0.2807	0
COG1190	J	Lysyl-tRNA synthetase (class II)	0.0000	0.0224	0	0.0400	0.0056	0	0.0000	0.0224	0	0.9996	0.0146	0	0.0410	0.0041	0
COG1191	K	DNA-directed RNA polymerase specialized sigma subunit	0.0000	0.0007	0	0.0000	0.0000	0	0.0000	0.0010	0	0.0000	0.0000	0	0.0000	0.0000	0
COG1192	DN	ParA-like ATPase involved in chromosome/plasmid partitioning or cellulose biosynthesis protein BcsQ	0.0100	0.4267	0	0.0496	0.1613	0	0.0000	0.0727	0	0.9999	0.7665	1	0.9769	0.3652	0
COG1193	L	dsDNA-specific endonuclease/ATPase MutS2	0.0000	0.3075	0	0.3800	0.6889	1	0.0000	0.0814	0	0.9999	0.9948	1	0.9794	0.8228	1
COG1194	L	Adenine-specific DNA glycosylase, acts on AG and A-oxoG pairs	0.0050	0.1322	0	0.4500	0.0427	0	0.0000	0.0363	0	1.0000	0.2453	0	0.9958	0.1385	0
COG1195	L	Recombinational DNA repair ATPase RecF	0.0000	0.0054	0	0.0200	0.0012	0	0.0000	0.0034	0	0.0597	0.0021	0	0.0089	0.0004	0
COG1196	D	Chromosome segregation ATPase Smc	0.0000	0.7281	1	1.0000	0.8212	1	0.8200	0.9776	1	1.0000	0.4134	0	0.9852	0.5208	1
COG1197	LK	Transcription-repair coupling factor (superfamily II helicase)	0.0000	0.0008	0	0.0000	0.0000	0	0.0000	0.0008	0	0.0000	0.0000	0	0.0000	0.0000	0
COG1198	L	Primosomal protein N' (replication factor Y) - superfamily II helicase	0.0000	0.0010	0	0.0000	0.0000	0	0.0000	0.0014	0	0.0000	0.0000	0	0.0000	0.0000	0
COG1199	L	Rad3-related DNA helicase DinG	0.5550	0.9453	1	0.9900	0.9506	1	0.4600	0.9054	1	1.0000	0.9579	1	1.0000	0.9684	1
COG1200	L	RecG-like helicase	0.0000	0.0003	0	0.0000	0.0000	0	0.0000	0.0004	0	0.0000	0.0000	0	0.0000	0.0000	0
COG1201	L	Lhr-like helicase	0.6000	0.9939	1	0.9600	0.9984	1	0.2500	0.9880	1	1.0000	0.9999	1	1.0000	0.9978	1
COG1202	L	Superfamily II helicase, archaea-specific	0.0100	0.5876	1	0.0900	0.8698	1	0.0000	0.0450	0	1.0000	0.9943	1	0.9120	0.9339	1
COG1203	V	CRISPR-Cas type I system-associated endonuclease/helicase Cas3	0.0350	0.9792	1	0.9596	0.9989	1	0.0000	0.8199	1	1.0000	1.0000	1	0.9852	0.9979	1
COG1204	L	Replicative superfamily II helicase	0.1900	0.9973	1	0.9800	0.9997	1	0.4600	0.9955	1	1.0000	1.0000	1	1.0000	0.9999	1
COG1205	L	ATP-dependent helicase YprA,  contains C-terminal metal-binding DUF1998 domain	0.0000	0.5899	1	0.0300	0.9491	1	0.0000	0.2990	0	1.0000	0.9996	1	0.9999	0.9985	1
COG1206	J	Folate-dependent tRNA-U54 methylase TrmFO/GidA	0.0000	0.0034	0	0.0000	0.0009	0	0.0000	0.0016	0	0.0000	0.0036	0	0.0000	0.0016	0
COG1207	M	Bifunctional protein GlmU, N-acetylglucosamine-1-phosphate-uridyltransferase/glucosamine-1-phosphate-acetyltransferase	0.7100	0.1873	0	0.0000	0.0007	0	0.0000	0.0265	0	0.0000	0.0008	0	0.0000	0.0011	0
COG1208	JM	NDP-sugar pyrophosphorylase, includes eIF-2Bgamma, eIF-2Bepsilon, and LPS biosynthesis protein s	0.0500	0.9993	1	0.9990	0.9997	1	0.1658	0.9987	1	1.0000	1.0000	1	1.0000	0.9999	1
COG1209	M	dTDP-glucose pyrophosphorylase	0.0000	0.5788	1	0.6256	0.1992	0	0.0100	0.2679	0	1.0000	0.6436	1	0.9998	0.4938	0
COG1210	M	UTP-glucose-1-phosphate uridylyltransferase	0.0000	0.4333	0	0.6600	0.5851	1	0.0100	0.4425	0	1.0000	0.6270	1	0.9953	0.5029	1
COG1211	I	2-C-methyl-D-erythritol 4-phosphate cytidylyltransferase	0.0000	0.0113	0	0.0500	0.0026	0	0.0000	0.0083	0	0.5068	0.0063	0	0.0001	0.0023	0
COG1212	M	CMP-2-keto-3-deoxyoctulosonic acid synthetase	0.0000	0.0071	0	0.0000	0.0002	0	0.0000	0.0081	0	0.0000	0.0001	0	0.0000	0.0001	0
COG1213	I	Choline kinase	0.0000	0.3677	0	0.8300	0.8543	1	0.0100	0.5271	1	1.0000	0.9213	1	0.9999	0.9044	1
COG1214	J	tRNA A37 threonylcarbamoyladenosine modification protein TsaB	0.0000	0.0009	0	0.0000	0.0000	0	0.0000	0.0010	0	0.0000	0.0000	0	0.0000	0.0000	0
COG1215	N	Glycosyltransferase, catalytic subunit of cellulose synthase and poly-beta-1,6-N-acetylglucosamine synthase	0.0600	0.9052	1	0.9986	0.9354	1	0.0000	0.7503	1	1.0000	0.9675	1	1.0000	0.9494	1
COG1216	G	Glycosyltransferase, GT2 family	0.0050	0.8444	1	0.4000	0.5728	1	0.0000	0.4895	0	1.0000	0.7997	1	0.9999	0.6288	1
COG1217	T	Predicted membrane GTPase TypA/BipA involved in stress response	0.0000	0.0000	0	0.0000	0.0000	0	0.0000	0.0000	0	0.0000	0.0000	0	0.0000	0.0000	0
COG1218	P	3'-Phosphoadenosine 5'-phosphosulfate (PAPS) 3'-phosphatase	0.0000	0.0062	0	0.0000	0.0015	0	0.0000	0.0182	0	0.0000	0.0039	0	0.0000	0.0023	0
COG1219	O	ATP-dependent protease Clp, ATPase subunit ClpX	0.0000	0.0025	0	0.0000	0.0001	0	0.0000	0.0023	0	0.0000	0.0001	0	0.0000	0.0000	0
COG1220	O	ATP-dependent protease HslVU (ClpYQ), ATPase subunit HslU	0.0000	0.0008	0	0.0000	0.0005	0	0.0000	0.0017	0	0.0000	0.0022	0	0.0000	0.0009	0
COG1221	KT	Transcriptional regulators containing an AAA-type ATPase domain and a DNA-binding domain	0.0000	0.0016	0	0.0000	0.0033	0	0.0000	0.0011	0	0.0000	0.0217	0	0.0000	0.0057	0
COG1222	O	ATP-dependent 26S proteasome regulatory subunit	0.0050	0.9787	1	0.9500	0.9986	1	0.0000	0.7344	1	1.0000	0.9999	1	0.9992	0.9988	1
COG1223	R	Predicted ATPase, AAA+ superfamily	0.0000	0.3699	0	0.0500	0.8925	1	0.0000	0.1107	0	0.9957	0.9901	1	0.1099	0.8704	1
COG1224	K	DNA helicase TIP49, TBP-interacting protein	0.0050	0.8467	1	0.9700	0.9889	1	0.1100	0.8101	1	1.0000	0.9056	1	0.9927	0.9902	1
COG1225	O	Peroxiredoxin	0.0000	0.1908	0	0.3531	0.1416	0	0.0000	0.1887	0	1.0000	0.7544	1	1.0000	0.2962	0
COG1226	P	Voltage-gated potassium channel Kch	0.0000	0.6085	1	0.1728	0.6104	1	0.0000	0.2582	0	1.0000	0.9964	1	0.9989	0.8897	1
COG1227	C	Inorganic pyrophosphatase/exopolyphosphatase	0.0000	0.0605	0	0.1300	0.2100	0	0.0000	0.0406	0	0.3578	0.1613	0	0.0862	0.0934	0
COG1228	Q	Imidazolonepropionase or related amidohydrolase	0.0000	0.2375	0	0.1000	0.2979	0	0.0000	0.2593	0	1.0000	0.9690	1	0.9999	0.8360	1
COG1229	C	Formylmethanofuran dehydrogenase subunit A	0.0250	0.9640	1	0.7900	0.9998	1	0.0500	0.9288	1	1.0000	0.9995	1	0.9996	0.9998	1
COG1230	P	Co/Zn/Cd efflux system component	0.0000	0.2227	0	0.1300	0.4119	0	0.0000	0.2327	0	1.0000	0.9587	1	0.9969	0.7401	1
COG1231	E	Monoamine oxidase	0.0000	0.0012	0	0.0000	0.0005	0	0.0000	0.0010	0	0.0000	0.0184	0	0.0000	0.0010	0
COG1232	H	Protoporphyrinogen oxidase HemY/PPOX	0.0000	0.2574	0	0.1400	0.5006	1	0.0100	0.3668	0	1.0000	0.8078	1	0.6447	0.5107	1
COG1233	Q	Phytoene dehydrogenase-related protein	0.0050	0.8433	1	0.6024	0.8843	1	0.0100	0.6405	1	1.0000	0.9935	1	0.9999	0.9690	1
COG1234	J	Ribonuclease BN, tRNA processing enzyme	0.0000	0.9897	1	1.0000	0.9996	1	0.9500	0.9982	1	1.0000	0.9999	1	1.0000	0.9997	1
COG1235	P	Phosphoribosyl 1,2-cyclic phosphate phosphodiesterase	0.0000	0.7803	1	0.5842	0.9143	1	0.0000	0.5905	1	1.0000	0.8714	1	0.9992	0.8750	1
COG1236	J	RNA processing exonuclease, beta-lactamase fold, Cft2 family	0.2950	0.9902	1	0.9904	0.9963	1	0.0882	0.9922	1	1.0000	0.9997	1	1.0000	0.9991	1
COG1237	R	Metal-dependent hydrolase, beta-lactamase superfamily II	0.0000	0.9125	1	0.7100	0.9989	1	0.0400	0.9657	1	1.0000	0.9999	1	1.0000	0.9997	1
COG1238	S	Uncharacterized membrane protein YqaA, VTT domain	0.0000	0.1499	0	0.7255	0.3417	0	0.0000	0.1063	0	1.0000	0.3347	0	0.9989	0.1873	0
COG1239	H	Mg-chelatase subunit ChlI	0.0000	0.7237	1	0.0900	0.9339	1	0.0100	0.7481	1	1.0000	0.9987	1	0.9992	0.9827	1
COG1240	H	vWFA (von Willebrand factor type A) domain of Mg and Co chelatases	0.0000	0.0446	0	0.0100	0.1464	0	0.0000	0.0201	0	0.1608	0.3686	0	0.0070	0.2011	0
COG1241	L	DNA replicative helicase MCM subunit Mcm2, Cdc46/Mcm family	0.5650	0.9986	1	1.0000	1.0000	1	0.9300	0.9983	1	1.0000	1.0000	1	1.0000	1.0000	1
COG1242	R	Radical SAM superfamily enzyme	0.0000	0.0188	0	0.0700	0.0643	0	0.0000	0.0102	0	0.3259	0.1037	0	0.0019	0.0498	0
COG1243	J	tRNA U34 5-carboxymethylaminomethylation enzyme Elp3 (RNA elongator complex protein 3), contains radical SAM and acetyltransferase domains	0.6400	0.9982	1	1.0000	0.9999	1	0.4200	0.9925	1	1.0000	1.0000	1	0.9999	1.0000	1
COG1244	J	Archaeosine formation enzyme, radical SAM superfamily	0.0350	0.9801	1	0.0100	0.9915	1	0.0000	0.6404	1	0.9995	0.9998	1	0.9287	0.9959	1
COG1245	J	Translation initiation factor RLI1, contains Fe-S and AAA+ ATPase domains	0.9100	0.9992	1	1.0000	0.9999	1	0.9700	0.9988	1	1.0000	1.0000	1	0.9999	1.0000	1
COG1246	E	N-acetylglutamate synthase or related acetyltransferase, GNAT family	0.0600	0.4041	0	0.0000	0.0298	0	0.0000	0.0575	0	0.9998	0.7158	1	0.0375	0.2644	0
COG1247	E	L-amino acid N-acyltransferase MnaT	0.0250	0.2083	0	0.2500	0.1005	0	0.0000	0.0649	0	1.0000	0.4065	0	0.9349	0.2392	0
COG1249	C	Dihydrolipoamide dehydrogenase (E3) component of pyruvate/2-oxoglutarate dehydrogenase complex or glutathione oxidoreductase	0.0300	0.7351	1	0.2300	0.6232	1	0.0000	0.6283	1	1.0000	0.9990	1	1.0000	0.9293	1
COG1250	I	3-hydroxyacyl-CoA dehydrogenase	0.0150	0.3037	0	0.8824	0.4785	0	0.0500	0.4966	0	1.0000	0.9749	1	1.0000	0.8675	1
COG1251	C	NAD(P)H-nitrite reductase, large subunit	0.1100	0.5302	1	0.0000	0.2164	0	0.0000	0.1825	0	0.0358	0.7763	1	0.0000	0.2737	0
COG1252	C	NADH dehydrogenase, FAD-containing subunit	0.0400	0.1153	0	0.1900	0.0179	0	0.0000	0.0349	0	0.9997	0.2618	0	0.0349	0.0521	0
COG1253	R	Hemolysin-related protein, contains CBS domains, UPF0053 family	0.0000	0.0528	0	0.2700	0.0141	0	0.0000	0.0501	0	0.9998	0.0959	0	0.6734	0.0106	0
COG1254	C	Acylphosphatase	0.0250	0.9866	1	0.9918	0.9980	1	0.2700	0.9905	1	1.0000	0.9998	1	1.0000	0.9994	1
COG1255	R	Predicted small methyltransferase MTH1000, UPF0146 family	0.0050	0.8131	1	0.0100	0.9116	1	0.0000	0.3268	0	0.9883	0.9825	1	0.8558	0.9718	1
COG1256	N	Flagellar hook-associated protein FlgK	0.0000	0.0009	0	0.0000	0.0002	0	0.0000	0.0009	0	0.0000	0.0003	0	0.0000	0.0002	0
COG1257	I	Hydroxymethylglutaryl-CoA reductase	0.0200	0.9946	1	0.9910	0.9993	1	0.0298	0.9922	1	1.0000	1.0000	1	0.9999	0.9997	1
COG1258	J	tRNA U54 and U55 pseudouridine synthase Pus10	0.0050	0.9928	1	0.4700	0.9997	1	0.0100	0.9838	1	1.0000	1.0000	1	0.9995	0.9999	1
COG1259	R	Bifunctional DNase/RNase	0.0000	0.4093	0	0.0000	0.8331	1	0.0000	0.1938	0	1.0000	0.9986	1	0.9256	0.9925	1
COG1260	I	Myo-inositol-1-phosphate synthase	0.0150	0.9737	1	0.9400	0.9995	1	0.1400	0.9805	1	1.0000	1.0000	1	1.0000	0.9999	1
COG1261	N	Flagellar basal body P-ring formation protein FlgA	0.0000	0.0019	0	0.0000	0.0013	0	0.0000	0.0020	0	0.0000	0.0024	0	0.0000	0.0018	0
COG1262	O	Formylglycine-generating enzyme, required for sulfatase activity, contains SUMF1/FGE domain	0.0000	0.0416	0	0.0200	0.0246	0	0.0000	0.0198	0	0.8200	0.2448	0	0.0017	0.0160	0
COG1263	G	Phosphotransferase system IIC components, glucose/maltose/N-acetylglucosamine-specific	0.0000	0.0003	0	0.0000	0.0000	0	0.0000	0.0006	0	0.0000	0.0000	0	0.0000	0.0000	0
COG1264	G	Phosphotransferase system IIB components	0.0000	0.0016	0	0.0000	0.0028	0	0.0000	0.0016	0	0.0000	0.0081	0	0.0000	0.0039	0
COG1266	O	Membrane protease YdiL, CAAX protease family	0.3050	0.8176	1	1.0000	0.7918	1	0.1300	0.6734	1	1.0000	0.9611	1	0.9999	0.8732	1
COG1267	I	Phosphatidylglycerophosphatase A	0.0000	0.5016	1	0.8500	0.9751	1	0.0600	0.6184	1	0.9999	0.9390	1	0.8693	0.9107	1
COG1268	H	Biotin transporter BioY	0.0000	0.3987	0	0.2700	0.7775	1	0.0000	0.1519	0	0.9988	0.9882	1	0.5418	0.8651	1
COG1269	C	Archaeal/vacuolar-type H+-ATPase subunit I/STV1	0.0100	0.9981	1	0.0100	0.9994	1	0.0000	0.9860	1	1.0000	1.0000	1	0.9999	0.9999	1
COG1270	H	Cobalamin biosynthesis protein CobD/CbiB	0.0050	0.9608	1	0.1100	0.9728	1	0.0000	0.4770	0	1.0000	1.0000	1	0.9926	0.9952	1
COG1271	C	Cytochrome bd-type quinol oxidase, subunit 1	0.0000	0.0561	0	0.2356	0.1249	0	0.0000	0.0298	0	1.0000	0.8160	1	0.2086	0.2152	0
COG1272	U	Predicted membrane channel-forming protein YqfA, hemolysin III family	0.0000	0.0011	0	0.0000	0.0001	0	0.0000	0.0013	0	0.0000	0.0065	0	0.0000	0.0001	0
COG1273	L	Non-homologous end joining protein Ku, dsDNA break repair	0.0000	0.0508	0	0.1500	0.2785	0	0.0000	0.0731	0	0.9992	0.5749	1	0.0454	0.1733	0
COG1274	C	Phosphoenolpyruvate carboxykinase, GTP-dependent	0.0000	0.2490	0	0.2000	0.4548	0	0.0000	0.1561	0	1.0000	0.7843	1	0.9999	0.8058	1
COG1275	V	Tellurite resistance protein TehA and related permeases	0.0000	0.1217	0	0.1400	0.3625	0	0.0000	0.0466	0	0.7284	0.8897	1	0.0002	0.3204	0
COG1276	P	Putative copper export protein	0.0000	0.0032	0	0.0000	0.0024	0	0.0000	0.0025	0	0.0000	0.0483	0	0.0000	0.0049	0
COG1277	O	ABC-type transport system involved in multi-copper enzyme maturation, permease component	0.4750	0.8902	1	0.9204	0.8524	1	0.1200	0.7590	1	1.0000	0.9838	1	0.9994	0.8726	1
COG1278	K	Cold shock protein, CspA family	0.0000	0.0451	0	0.4300	0.0092	0	0.0000	0.0534	0	1.0000	0.0834	0	0.9868	0.0215	0
COG1279	E	Arginine exporter protein ArgO	0.0000	0.0025	0	0.0000	0.0026	0	0.0000	0.0042	0	0.0103	0.0678	0	0.0000	0.0046	0
COG1280	E	Threonine/homoserine/homoserine lactone efflux protein	0.0050	0.7634	1	0.0298	0.6236	1	0.0000	0.5868	1	1.0000	0.9366	1	0.9998	0.9318	1
COG1281	O	Redox-regulated molecular chaperone, HSP33 family	0.0000	0.0001	0	0.0000	0.0000	0	0.0000	0.0003	0	0.0000	0.0001	0	0.0000	0.0000	0
COG1282	C	NAD/NADP transhydrogenase beta subunit	0.0000	0.0080	0	0.4900	0.0061	0	0.0000	0.0058	0	0.1268	0.0091	0	0.0000	0.0009	0
COG1283	P	Na+/phosphate symporter	0.0000	0.0231	0	0.1500	0.0123	0	0.0000	0.0232	0	0.0510	0.0237	0	0.0001	0.0107	0
COG1284	S	Uncharacterized membrane-anchored protein YitT, contains DUF161 and DUF2179 domains	0.0000	0.0015	0	0.0000	0.0003	0	0.0000	0.0010	0	0.0000	0.0001	0	0.0000	0.0001	0
COG1285	P	Magnesium uptake protein YhiD/SapB, involved in acid resistance	0.0000	0.0113	0	0.0000	0.0002	0	0.0000	0.0148	0	0.0001	0.0029	0	0.0000	0.0002	0
COG1286	FM	Colicin V production accessory protein CvpA, regulator of purF expression and biofilm formation	0.0000	0.0005	0	0.0000	0.0003	0	0.0000	0.0005	0	0.0000	0.0006	0	0.0000	0.0010	0
COG1287	O	Asparagine N-glycosylation enzyme, membrane subunit Stt3	0.0250	0.9838	1	0.9185	0.9993	1	0.0100	0.9326	1	1.0000	1.0000	1	1.0000	0.9996	1
COG1288	R	Predicted membrane transporter YfcC, affects glyoxylate shunt	0.0000	0.0013	0	0.0000	0.0007	0	0.0000	0.0019	0	0.0000	0.0043	0	0.0000	0.0008	0
COG1289	S	Uncharacterized membrane protein YccC	0.0000	0.0009	0	0.0000	0.0003	0	0.0000	0.0008	0	0.0000	0.0039	0	0.0000	0.0003	0
COG1290	C	Cytochrome b subunit of the bc complex	0.0000	0.0101	0	0.2400	0.0169	0	0.0000	0.0161	0	0.9998	0.2609	0	0.1820	0.0539	0
COG1291	N	Flagellar motor component MotA	0.0000	0.0018	0	0.0000	0.0004	0	0.0000	0.0019	0	0.0000	0.0004	0	0.0000	0.0003	0
COG1292	M	Choline-glycine betaine transporter	0.0000	0.0077	0	0.0200	0.0061	0	0.0000	0.0040	0	0.0273	0.1204	0	0.0000	0.0024	0
COG1293	JO	Ribosome quality control (RQC) protein RqcH, Rqc2/NEMF/Tae2 family, contains fibronectin-(FbpA) and RNA- (NFACT) binding domains	0.2900	0.9896	1	1.0000	0.9994	1	0.2400	0.9829	1	1.0000	1.0000	1	0.9999	0.9998	1
COG1294	C	Cytochrome bd-type quinol oxidase, subunit 2	0.0000	0.0194	0	0.0000	0.0092	0	0.0000	0.0097	0	0.0539	0.4209	0	0.0002	0.0898	0
COG1295	S	Uncharacterized membrane protein, BrkB/YihY/UPF0761 family (not an RNase)	0.0000	0.0065	0	0.0000	0.0016	0	0.0000	0.0109	0	0.3179	0.1864	0	0.0001	0.0121	0
COG1296	E	Predicted branched-chain amino acid permease (azaleucine resistance)	0.0000	0.0283	0	0.0600	0.0224	0	0.0000	0.0203	0	0.9463	0.3981	0	0.0043	0.0518	0
COG1297	R	Predicted oligopeptide transporter, OPT family	0.0950	0.1780	0	0.7300	0.2848	0	0.0100	0.1628	0	1.0000	0.3994	0	0.9909	0.3805	0
COG1298	N	Flagellar biosynthesis protein FlhA	0.0000	0.0015	0	0.0000	0.0002	0	0.0000	0.0014	0	0.0000	0.0001	0	0.0000	0.0001	0
COG1299	G	Phosphotransferase system, fructose-specific IIC component	0.0000	0.0023	0	0.0000	0.0007	0	0.0000	0.0032	0	0.0002	0.0083	0	0.0000	0.0008	0
COG1300	D	Stage II sporulation protein SpoIIM, component of the engulfment complex	0.0050	0.8903	1	0.6183	0.9830	1	0.0000	0.3349	0	1.0000	0.9978	1	0.9999	0.9879	1
COG1301	C	Na+/H+-dicarboxylate symporter	0.0000	0.0570	0	0.1100	0.0065	0	0.0000	0.0143	0	0.9894	0.1266	0	0.0056	0.0071	0
COG1302	S	Uncharacterized conserved protein YloU, alkaline shock protein (Asp23) family	0.0000	0.0045	0	0.0000	0.0079	0	0.0000	0.0050	0	0.0000	0.0630	0	0.0000	0.0102	0
COG1303	J	tRNA C56-2-O'-methylase, SpoU family	0.0000	0.9409	1	0.5400	0.9993	1	0.0200	0.9821	1	1.0000	0.9993	1	0.9999	0.9996	1
COG1304	CIR	FMN-dependent dehydrogenase, includes L-lactate dehydrogenase and type II isopentenyl diphosphate isomerase	0.6350	0.9964	1	1.0000	0.9988	1	0.8300	0.9950	1	1.0000	0.9998	1	0.9999	0.9995	1
COG1305	O	Transglutaminase-like enzyme, putative cysteine protease	0.0350	0.9161	1	0.4615	0.7619	1	0.0000	0.5184	1	1.0000	0.9636	1	0.9998	0.9103	1
COG1306	R	Predicted glycosyl hydrolase, alpha amylase family	0.0000	0.0004	0	0.0000	0.0006	0	0.0000	0.0004	0	0.0000	0.0061	0	0.0000	0.0012	0
COG1307	I	Fatty acid-binding protein DegV (function unknown)	0.0000	0.0056	0	0.0000	0.0053	0	0.0000	0.0061	0	0.0000	0.0245	0	0.0000	0.0074	0
COG1308	K	Transcription factor homologous to NACalpha-BTF3	0.0100	0.9906	1	0.9900	0.9999	1	0.1300	0.9877	1	1.0000	1.0000	1	0.9999	0.9999	1
COG1309	K	DNA-binding protein, AcrR family, includes nucleoid occlusion protein SlmA	0.0000	0.3116	0	0.5625	0.2153	0	0.0000	0.1140	0	1.0000	0.7773	1	0.5250	0.2428	0
COG1310	O	Proteasome lid subunit RPN8/RPN11, contains Jab1/MPN domain metalloenzyme (JAMM) motif	0.0000	0.9643	1	0.8050	0.9959	1	0.0000	0.9232	1	1.0000	0.9999	1	1.0000	0.9990	1
COG1311	L	Archaeal DNA polymerase II, small subunit/DNA polymerase delta, subunit B	0.2850	0.9890	1	1.0000	0.9996	1	0.8800	0.9940	1	1.0000	0.9996	1	0.9999	0.9990	1
COG1312	G	D-mannonate dehydratase	0.0000	0.0093	0	0.0300	0.0214	0	0.0000	0.0056	0	0.9515	0.2456	0	0.0001	0.0331	0
COG1313	R	Radical SAM superfamily enzyme PflX	0.0300	0.9839	1	0.8600	0.9999	1	0.0300	0.9834	1	1.0000	1.0000	1	0.9999	1.0000	1
COG1314	U	Protein translocase subunit SecG	0.0000	0.0015	0	0.0000	0.0001	0	0.0000	0.0016	0	0.0000	0.0001	0	0.0000	0.0000	0
COG1315	N	Flagellar assembly protein FapA, interacts with EIIAGlc	0.0000	0.0016	0	0.0000	0.0014	0	0.0000	0.0022	0	0.0000	0.0029	0	0.0000	0.0011	0
COG1316	M	Anionic cell wall polymer biosynthesis enzyme TagV/TagU,  LytR-Cps2A-Psr (LCP) family (peptidoglycan teichoic acid transferase)	0.0000	0.0092	0	0.0000	0.0068	0	0.0000	0.0099	0	0.0000	0.0843	0	0.0000	0.0098	0
COG1317	NU	Flagellar biosynthesis/type III secretory pathway protein FliH	0.0000	0.0006	0	0.0000	0.0002	0	0.0000	0.0005	0	0.0000	0.0004	0	0.0000	0.0002	0
COG1318	K	Predicted transcriptional regulator	0.0200	0.7328	1	0.3211	0.9362	1	0.0000	0.5432	1	1.0000	0.9056	1	0.5116	0.9267	1
COG1319	C	Aldehyde, CO, or xanthine dehydrogenase, FAD-binding subunit	0.0000	0.0311	0	0.4300	0.1143	0	0.0000	0.0326	0	1.0000	0.8296	1	0.9884	0.5629	1
COG1320	P	Multisubunit Na+/H+ antiporter, MnhG subunit	0.0150	0.9377	1	0.7368	0.9312	1	0.0000	0.5951	1	0.9999	0.9910	1	0.8066	0.9595	1
COG1321	K	Mn-dependent transcriptional regulator MntR, DtxR family	0.0000	0.9814	1	0.3763	0.9994	1	0.0000	0.9342	1	1.0000	1.0000	1	1.0000	0.9999	1
COG1322	L	DNA anti-recombination protein (rearrangement mutator) RmuC	0.0000	0.0203	0	0.0000	0.0025	0	0.0000	0.0222	0	0.0000	0.0025	0	0.0000	0.0026	0
COG1323	J	tRNA-Met C34-N4-acetylcytidine synthase TmcAL	0.0000	0.0134	0	0.0200	0.2920	0	0.0000	0.0095	0	0.0180	0.1671	0	0.0001	0.2025	0
COG1324	P	Divalent cation tolerance protein CutA	0.0300	0.9572	1	0.6800	0.9914	1	0.0000	0.7460	1	1.0000	0.9992	1	0.9999	0.9975	1
COG1325	U	Exosome subunit, RNA binding protein with dsRBD fold	0.0000	0.9378	1	0.8700	0.9991	1	0.0100	0.9739	1	1.0000	0.9998	1	0.9999	0.9998	1
COG1326	R	Uncharacterized archaeal Zn-finger protein	0.0000	0.6145	1	0.7921	0.8476	1	0.0000	0.2291	0	0.9116	0.9583	1	0.1847	0.6849	1
COG1327	K	Transcriptional regulator NrdR, contains Zn-ribbon and ATP-cone domains	0.0000	0.0148	0	0.0000	0.0001	0	0.0000	0.0340	0	0.9803	0.0038	0	0.0005	0.0004	0
COG1328	F	Anaerobic ribonucleoside-triphosphate reductase	0.0050	0.9592	1	0.9920	0.9976	1	0.0500	0.9412	1	1.0000	0.9673	1	1.0000	0.9863	1
COG1329	K	RNA polymerase-interacting regulator, CarD/CdnL/TRCF family	0.0000	0.0035	0	0.0000	0.0017	0	0.0000	0.0040	0	0.0000	0.0020	0	0.0000	0.0014	0
COG1330	L	Scaffold subunit RecC of the DNA repair enzyme RecBCD (exonuclease V)	0.0000	0.0037	0	0.0000	0.0015	0	0.0000	0.0025	0	0.0000	0.0036	0	0.0000	0.0016	0
COG1331	R	Uncharacterized conserved protein YyaL, SSP411 family, contains thoiredoxin and six-hairpin glycosidase-like domains	0.0000	0.2899	0	0.6200	0.8028	1	0.0100	0.4016	0	1.0000	0.9992	1	0.9997	0.9484	1
COG1332	V	CRISPR-Cas system type III CSM-effector complex subunit Csm5, RAMP superfamily Cas7 group	0.0000	0.1905	0	0.2337	0.9274	1	0.0000	0.0944	0	0.7748	0.9865	1	0.0024	0.7738	1
COG1333	CO	Cytochrome c biogenesis protein ResB	0.0000	0.0022	0	0.0000	0.0038	0	0.0000	0.0030	0	0.0000	0.0357	0	0.0000	0.0108	0
COG1334	R	Uncharacterized conserved protein, FlaG/YvyC family	0.0000	0.0080	0	0.0000	0.0070	0	0.0000	0.0065	0	0.0000	0.0200	0	0.0000	0.0113	0
COG1335	HR	Nicotinamidase-related amidase	0.0000	0.9182	1	0.5500	0.9629	1	0.0000	0.7834	1	1.0000	0.9994	1	1.0000	0.9970	1
COG1336	V	CRISPR-Cas system type III CMR-effector complex subunit Cmr4, RAMP superfamily Cas7 group	0.0000	0.4267	0	0.4500	0.9752	1	0.0000	0.1926	0	0.9998	0.9983	1	0.3972	0.8878	1
COG1337	V	CRISPR-Cas system type III CSM-effector complex subunit Csm3, RAMP superfamily Cas7 group	0.0100	0.6484	1	0.8495	0.9978	1	0.0100	0.4645	0	1.0000	0.9994	1	0.9587	0.9854	1
COG1338	N	Flagellar biosynthesis protein FliP	0.0000	0.0010	0	0.0000	0.0002	0	0.0000	0.0009	0	0.0000	0.0003	0	0.0000	0.0002	0
COG1339	H	Archaeal CTP-dependent riboflavin kinase	0.0900	0.9970	1	0.7200	0.9998	1	0.0500	0.9957	1	1.0000	1.0000	1	0.9999	1.0000	1
COG1340	S	Uncharacterized coiled-coil protein, contains DUF342 domain	0.0800	0.9252	1	0.9804	0.9831	1	0.2500	0.7163	1	1.0000	0.9984	1	0.9998	0.9867	1
COG1341	J	Polynucleotide 5'-kinase, involved in rRNA processing	0.0000	0.0295	0	0.5900	0.5200	1	0.0100	0.0667	0	1.0000	0.8459	1	0.9968	0.7664	1
COG1342	R	Predicted DNA-binding protein, UPF0251 family	0.1200	0.9619	1	0.8765	0.9993	1	0.1100	0.9073	1	1.0000	0.9983	1	0.9999	0.9991	1
COG1343	V	CRISPR/Cas system-associated endoribonuclease Cas2	0.0050	0.9776	1	0.8900	1.0000	1	0.0000	0.8097	1	1.0000	1.0000	1	0.9999	0.9998	1
COG1344	N	Flagellin and related hook-associated protein FlgL	0.0000	0.0020	0	0.0000	0.0002	0	0.0000	0.0025	0	0.0000	0.0001	0	0.0000	0.0001	0
COG1345	N	Flagellar capping protein FliD	0.0000	0.0087	0	0.0000	0.0037	0	0.0000	0.0084	0	0.0000	0.0057	0	0.0000	0.0021	0
COG1346	M	Putative effector of murein hydrolase	0.0000	0.0340	0	0.0200	0.0523	0	0.0000	0.0097	0	0.3617	0.4099	0	0.0009	0.0568	0
COG1347	C	Na+-transporting NADH:ubiquinone oxidoreductase, subunit NqrD	0.0000	0.0010	0	0.0000	0.0004	0	0.0000	0.0013	0	0.0000	0.0008	0	0.0000	0.0003	0
COG1348	HP	Nitrogenase ATPase subunit NifH/coenzyme F430 biosynthesis subunit CfbC	0.0100	0.4943	0	0.0000	0.7447	1	0.0000	0.1460	0	0.6509	0.9757	1	0.3204	0.7154	1
COG1349	KG	DNA-binding transcriptional regulator of sugar metabolism, DeoR/GlpR family	0.0000	0.0241	0	0.0000	0.0017	0	0.0000	0.0187	0	0.0000	0.0131	0	0.0000	0.0019	0
COG1350	E	Predicted alternative tryptophan synthase beta-subunit (paralog of TrpB)	0.0000	0.8648	1	0.0600	0.9986	1	0.0000	0.8527	1	1.0000	1.0000	1	1.0000	0.9999	1
COG1351	F	Thymidylate synthase ThyX, FAD-dependent family	0.0050	0.6007	1	0.8026	0.8599	1	0.0300	0.8887	1	1.0000	0.9719	1	0.9999	0.9052	1
COG1352	T	Methylase of chemotaxis methyl-accepting proteins	0.0000	0.4887	0	0.8100	0.7348	1	0.0200	0.3904	0	1.0000	0.9695	1	0.7217	0.8217	1
COG1353	V	CRISPR/Cas system-associated protein Cas10, large subunit of type III CRISPR-Cas systems, contains HD superfamily nuclease domain	0.0000	0.7848	1	0.8448	1.0000	1	0.0000	0.4902	0	1.0000	1.0000	1	0.2277	0.9973	1
COG1354	L	Chromatin segregation and condensation protein Rec8/ScpA/Scc1, kleisin family	0.0000	0.6238	1	0.9900	0.8015	1	0.0100	0.9124	1	1.0000	0.5558	1	0.9999	0.6726	1
COG1355	R	Predicted class III extradiol dioxygenase, MEMO1 family	0.0200	0.9970	1	0.9600	1.0000	1	0.0500	0.9951	1	1.0000	1.0000	1	0.9999	1.0000	1
COG1356	K	Transcriptional regulator	0.0000	0.4633	0	0.7400	0.9386	1	0.0000	0.3014	0	1.0000	0.9663	1	0.9506	0.9352	1
COG1357	S	Uncharacterized conserved protein YjbI, contains pentapeptide repeats	0.0000	0.0442	0	0.0880	0.0713	0	0.0000	0.0234	0	1.0000	0.3648	0	0.0419	0.0497	0
COG1358	J	Ribosomal protein L7Ae or related RNA K-turn-binding protein	0.3700	0.9963	1	1.0000	0.9998	1	0.8300	0.9971	1	1.0000	0.9999	1	0.9999	0.9999	1
COG1359	C	Quinol monooxygenase YgiN	0.0000	0.0107	0	0.1866	0.0312	0	0.0000	0.0065	0	1.0000	0.2991	0	0.0558	0.0360	0
COG1360	N	Flagellar motor protein MotB	0.0000	0.0006	0	0.0000	0.0000	0	0.0000	0.0007	0	0.0000	0.0000	0	0.0000	0.0000	0
COG1361	R	S-layer protein MJ0795, predicted component of type IV pili-like system	0.0700	0.9593	1	0.9808	0.9971	1	0.0000	0.7347	1	1.0000	0.9956	1	1.0000	0.9903	1
COG1362	E	Aspartyl aminopeptidase	0.0000	0.0099	0	0.0000	0.0026	0	0.0000	0.0039	0	0.0000	0.0123	0	0.0000	0.0063	0
COG1363	EG	Putative aminopeptidase FrvX	0.2650	0.9896	1	0.9127	0.9986	1	0.1400	0.9554	1	1.0000	0.9999	1	1.0000	0.9992	1
COG1364	E	Glutamate N-acetyltransferase (ornithine transacetylase)	0.0000	0.4724	0	0.0800	0.5605	1	0.0000	0.4218	0	0.9470	0.8235	1	0.7537	0.4682	0
COG1365	R	Predicted ATPase, PP-loop superfamily	0.0000	0.2323	0	0.0700	0.7463	1	0.0000	0.0848	0	0.6762	0.7786	1	0.0588	0.5976	1
COG1366	T	Anti-anti-sigma regulatory factor (antagonist of anti-sigma factor)	0.0000	0.0141	0	0.0300	0.0205	0	0.0000	0.0147	0	0.0340	0.0439	0	0.0000	0.0015	0
COG1367	V	CRISPR-Cas system type III CMR-effector complex subunit Cmr1, RAMP superfamily Cas7 group	0.0000	0.3114	0	0.2971	0.9098	1	0.0000	0.1258	0	0.5108	0.9871	1	0.0594	0.6964	1
COG1368	M	Phosphoglycerol transferase MdoB/OpgB, AlkP superfamily	0.0000	0.0005	0	0.0000	0.0000	0	0.0000	0.0006	0	0.0000	0.0000	0	0.0000	0.0000	0
COG1369	J	RNase P/RNase MRP subunit POP5	0.0000	0.8844	1	0.0000	0.9659	1	0.0000	0.7672	1	1.0000	0.9994	1	0.9999	0.9994	1
COG1370	J	tRNA-guanine transglycosylase, archaeosine-15-forming, contains TGT and PUA domains	0.0000	0.4638	0	0.5700	0.9655	1	0.0000	0.4029	0	1.0000	0.9773	1	0.9999	0.9900	1
COG1371	J	Archease, activates RNA ligation by RtcB (tRNA splicing)	0.1800	0.9975	1	0.0800	1.0000	1	0.0000	0.9870	1	1.0000	1.0000	1	0.9999	1.0000	1
COG1372	LX	Intein/homing endonuclease	0.0000	0.2632	0	0.8246	0.7875	1	0.0000	0.2288	0	1.0000	0.7549	1	1.0000	0.8254	1
COG1373	R	Predicted ATPase, AAA+ superfamily	0.0050	0.8858	1	0.7900	0.9908	1	0.0000	0.4626	0	1.0000	0.9959	1	1.0000	0.9856	1
COG1374	J	Rbosome biogenesis protein Nip4, contains PUA domain	0.0150	0.6857	1	0.9500	0.9906	1	0.0400	0.4273	0	1.0000	0.9772	1	0.9979	0.9957	1
COG1376	M	Lipoprotein-anchoring transpeptidase ErfK/SrfK	0.0000	0.0006	0	0.0000	0.0000	0	0.0000	0.0008	0	0.0000	0.0001	0	0.0000	0.0000	0
COG1377	N	Flagellar biosynthesis protein FlhB	0.0000	0.0028	0	0.0000	0.0005	0	0.0000	0.0036	0	0.0000	0.0007	0	0.0000	0.0005	0
COG1378	K	Sugar-specific transcriptional regulator TrmB	0.0000	0.5872	1	0.3016	0.9570	1	0.0000	0.6214	1	1.0000	0.9993	1	1.0000	0.9962	1
COG1379	R	PHP family phosphoesterase with a Zn ribbon	0.1900	0.9463	1	0.9100	0.9938	1	0.0000	0.7797	1	1.0000	0.9398	1	0.9999	0.9555	1
COG1380	R	Putative effector of murein hydrolase LrgA, UPF0299 family	0.0000	0.0349	0	0.0200	0.0530	0	0.0000	0.0100	0	0.3617	0.4320	0	0.0009	0.0646	0
COG1381	L	Recombinational DNA repair protein RecO (RecF pathway)	0.0000	0.0003	0	0.0000	0.0000	0	0.0000	0.0003	0	0.0000	0.0000	0	0.0000	0.0000	0
COG1382	O	Prefoldin, chaperonin cofactor	0.0250	0.9895	1	0.9400	0.9998	1	0.0000	0.9240	1	1.0000	0.9999	1	0.9999	0.9999	1
COG1383	J	Ribosomal protein S17E	0.2400	0.9903	1	1.0000	0.9996	1	0.7000	0.9901	1	1.0000	0.9995	1	0.9999	0.9996	1
COG1384	J	Lysyl-tRNA synthetase, class I	0.1500	0.9870	1	0.9500	0.9981	1	0.0000	0.9192	1	1.0000	0.9975	1	0.9999	0.9975	1
COG1385	J	16S rRNA U1498 N3-methylase RsmE	0.0000	0.0004	0	0.0000	0.0000	0	0.0000	0.0005	0	0.0000	0.0000	0	0.0000	0.0000	0
COG1386	K	Chromosome segregation and condensation protein ScpB	0.3650	0.7667	1	1.0000	0.6863	1	0.8200	0.9664	1	1.0000	0.3440	0	0.9999	0.5231	1
COG1387	ER	Histidinol phosphatase or related hydrolase of the PHP family	0.0000	0.8185	1	0.1200	0.9911	1	0.0000	0.6903	1	1.0000	0.9994	1	0.9997	0.9939	1
COG1388	M	LysM repeat	0.0000	0.0129	0	0.0000	0.0008	0	0.0000	0.0178	0	0.0000	0.0009	0	0.0000	0.0004	0
COG1389	L	DNA topoisomerase VI, subunit B	0.0200	0.9781	1	0.7100	0.9985	1	0.0000	0.8999	1	1.0000	0.9998	1	1.0000	0.9996	1
COG1390	C	Archaeal/vacuolar-type H+-ATPase subunit E/Vma4	0.0050	0.9715	1	0.9500	0.9995	1	0.0200	0.9597	1	1.0000	0.9999	1	1.0000	0.9997	1
COG1391	O	Glutamine synthetase adenylyltransferase	0.0000	0.0039	0	0.0000	0.0015	0	0.0000	0.0039	0	0.0000	0.0068	0	0.0000	0.0052	0
COG1392	P	Phosphate transport regulator YkaA, distantly related to PhoU, UPF0111/DUF47 family	0.0250	0.9798	1	0.9900	0.9982	1	0.5500	0.9894	1	1.0000	0.9992	1	1.0000	0.9996	1
COG1393	P	Arsenate reductase or related protein, glutaredoxin family	0.0000	0.0012	0	0.0000	0.0000	0	0.0000	0.0007	0	0.0000	0.0000	0	0.0000	0.0000	0
COG1394	C	Archaeal/vacuolar-type H+-ATPase subunit D/Vma8	0.0200	0.9951	1	0.7900	0.9997	1	0.0100	0.9937	1	1.0000	1.0000	1	0.9999	0.9999	1
COG1395	K	Predicted transcriptional regulator	0.1300	0.9848	1	0.7800	0.9993	1	0.0100	0.9187	1	1.0000	0.9999	1	0.9989	0.9996	1
COG1396	K	Transcriptional regulator, contains XRE-family HTH domain	0.0000	0.0589	0	0.0100	0.0296	0	0.0000	0.0331	0	0.2740	0.1173	0	0.0023	0.0038	0
COG1397	O	ADP-ribosylglycohydrolase	0.0000	0.4427	0	0.0100	0.7153	1	0.0000	0.1949	0	1.0000	0.9807	1	0.0920	0.7742	1
COG1398	I	Fatty-acid desaturase	0.0000	0.0006	0	0.0000	0.0004	0	0.0000	0.0007	0	0.0000	0.0017	0	0.0000	0.0003	0
COG1399	J	23S rRNA accumulation protein YceD (essential in plants, uncharacterized in bacteria)	0.0000	0.0006	0	0.0000	0.0001	0	0.0000	0.0011	0	0.0000	0.0003	0	0.0000	0.0001	0
COG1400	U	Signal recognition particle subunit SEC65	0.0050	0.9957	1	1.0000	0.9999	1	0.4900	0.9950	1	1.0000	0.9999	1	0.9996	1.0000	1
COG1401	V	5-methylcytosine-specific restriction endonuclease McrBC, GTP-binding regulatory subunit McrB	0.0050	0.4383	0	0.8700	0.6876	1	0.0300	0.1987	0	1.0000	0.9408	1	0.0374	0.3646	0
COG1402	H	Creatinine amidohydrolase/Fe(II)-dependent FAPy formamide hydrolase (riboflavin and F420 biosynthesis)	0.0000	0.8263	1	0.1800	0.8404	1	0.0000	0.7989	1	1.0000	0.9964	1	0.9999	0.9878	1
COG1403	V	5-methylcytosine-specific restriction endonuclease McrA	0.0000	0.0963	0	0.8130	0.2476	0	0.0100	0.1921	0	0.8304	0.4556	0	0.0062	0.0970	0
COG1404	O	Serine protease, subtilisin family	0.0000	0.7225	1	0.9684	0.9048	1	0.4000	0.8819	1	1.0000	0.8828	1	1.0000	0.8855	1
COG1405	K	Transcription initiation factor TFIIIB, Brf1 subunit/Transcription initiation factor TFIIB	0.0700	0.9993	1	0.8900	1.0000	1	0.0800	0.9991	1	1.0000	1.0000	1	1.0000	1.0000	1
COG1406	N	Chemotaxis protein CheX, a CheY~P-specific phosphatase	0.0000	0.0010	0	0.0000	0.0012	0	0.0000	0.0009	0	0.0000	0.0091	0	0.0000	0.0020	0
COG1407	R	Metallophosphoesterase superfamily enzyme	0.0000	0.9440	1	0.9600	0.9993	1	0.3700	0.9920	1	1.0000	0.9996	1	1.0000	0.9994	1
COG1408	R	Predicted phosphohydrolase, MPP superfamily	0.0000	0.0343	0	0.2900	0.0956	0	0.0000	0.0254	0	0.9997	0.5754	1	0.0080	0.0609	0
COG1409	T	3',5'-cyclic AMP phosphodiesterase CpdA	0.0400	0.7723	1	0.9601	0.7115	1	0.0700	0.7331	1	1.0000	0.8507	1	0.9998	0.7166	1
COG1410	E	Methionine synthase I, cobalamin-binding domain	0.0000	0.0517	0	0.0000	0.0422	0	0.0000	0.0449	0	0.9993	0.5885	1	0.0297	0.4854	0
COG1411	R	Uncharacterized conserved protein related to proFAR isomerase (HisA)	0.0250	0.8861	1	0.8400	0.9980	1	0.0400	0.6889	1	1.0000	0.9973	1	0.9715	0.9963	1
COG1412	J	rRNA-processing protein FCF1	0.0850	0.9957	1	0.9900	0.9999	1	0.5800	0.9955	1	1.0000	0.9999	1	0.9999	0.9999	1
COG1413	R	HEAT repeat	0.0000	0.2349	0	0.6476	0.5267	1	0.0100	0.2858	0	1.0000	0.7926	1	0.3380	0.3701	0
COG1414	K	DNA-binding transcriptional regulator, IclR family	0.0000	0.0101	0	0.0200	0.0230	0	0.0000	0.0057	0	0.0129	0.2999	0	0.0009	0.0724	0
COG1415	S	Uncharacterized conserved protein, DUF763 domain	0.0100	0.9697	1	0.4200	0.9959	1	0.0000	0.9071	1	1.0000	0.9965	1	0.9999	0.9989	1
COG1416	P	Intracellular sulfur oxidation protein, DsrE/DsrF family	0.0000	0.0249	0	0.0300	0.3507	0	0.0000	0.0126	0	0.9924	0.9777	1	0.0007	0.4680	0
COG1417	S	Uncharacterized conserved protein, DUF22 domain	0.0000	0.2449	0	0.2700	0.9722	1	0.0000	0.1571	0	0.8749	0.9596	1	0.0085	0.9157	1
COG1418	JR	HD superfamily phosphodieaserase, includes HD domain of RNase Y	0.0050	0.9351	1	0.9278	0.9820	1	0.0200	0.8658	1	1.0000	0.9917	1	1.0000	0.9914	1
COG1419	N	Flagellar biosynthesis GTPase FlhF	0.0000	0.0017	0	0.0000	0.0015	0	0.0000	0.0011	0	0.0000	0.0022	0	0.0000	0.0008	0
COG1420	K	Transcriptional regulator of heat shock response	0.0000	0.0001	0	0.0000	0.0000	0	0.0000	0.0002	0	0.0000	0.0001	0	0.0000	0.0000	0
COG1421	V	CRISPR-Cas system type III CSM-effector complex small subunit Csm2	0.0000	0.1428	0	0.1400	0.8915	1	0.0000	0.0685	0	0.7604	0.9691	1	0.0054	0.7204	1
COG1422	M	Archaeal YidC/Oxa1-related membrane protein, DUF106 family	0.5100	0.9814	1	0.9200	0.9926	1	0.0300	0.9295	1	1.0000	0.9880	1	0.9999	0.9845	1
COG1423	L	ATP-dependent RNA circularization protein, DNA/RNA ligase (PAB1020)  family	0.0000	0.7210	1	0.9300	0.9779	1	0.0000	0.2888	0	0.9757	0.9967	1	0.1624	0.8941	1
COG1424	H	Pimeloyl-CoA synthetase	0.0000	0.0134	0	0.0100	0.2993	0	0.0000	0.0066	0	0.0018	0.4577	0	0.0000	0.0525	0
COG1426	D	Cytoskeletal protein RodZ, contains Xre-like HTH and DUF4115 domains	0.0000	0.0007	0	0.0000	0.0000	0	0.0000	0.0016	0	0.0000	0.0000	0	0.0000	0.0000	0
COG1427	H	Chorismate dehydratase (menaquinone biosynthesis, futalosine pathway)	0.0000	0.1030	0	0.0500	0.6228	1	0.0000	0.0718	0	0.9933	0.8378	1	0.0029	0.5295	1
COG1428	F	Deoxyadenosine/deoxycytidine kinase	0.0000	0.0030	0	0.0000	0.0019	0	0.0000	0.0032	0	0.0000	0.0028	0	0.0000	0.0022	0
COG1429	H	Cobalamin biosynthesis protein CobN, Mg-chelatase	0.0000	0.6358	1	0.0400	0.7724	1	0.0000	0.2464	0	0.9794	0.9899	1	0.2057	0.8372	1
COG1430	S	Uncharacterized conserved membrane protein, UPF0127 family	0.0000	0.2300	0	0.0892	0.3005	0	0.0000	0.1028	0	0.9997	0.7389	1	0.7120	0.4039	0
COG1431	JV	PIWI domain, catalyzes dsRNA-guided hydrolysis of ssRNA, involved in RNA silencing, RNA metabolism and antiviral defense	0.0000	0.1731	0	0.3136	0.6142	1	0.0000	0.0876	0	0.9531	0.9480	1	0.0038	0.6021	1
COG1432	R	NYN domain, predicted PIN-related RNAse, tRNA/rRNA maturation	0.0000	0.5456	1	0.4400	0.8036	1	0.0100	0.4813	0	1.0000	0.9776	1	0.9999	0.8934	1
COG1433	O	Predicted Fe-Mo cluster-binding protein, NifX family	0.0000	0.9241	1	0.8338	0.9990	1	0.0000	0.8858	1	1.0000	1.0000	1	1.0000	0.9996	1
COG1434	M	Lipid carrier protein ElyC involved in cell wall biogenesis, DUF218 family	0.0000	0.0027	0	0.0500	0.0004	0	0.0000	0.0021	0	0.4020	0.0068	0	0.0002	0.0003	0
COG1435	F	Thymidine kinase	0.0000	0.0024	0	0.0000	0.0001	0	0.0000	0.0022	0	1.0000	0.0053	0	0.0441	0.0008	0
COG1436	C	Archaeal/vacuolar-type H+-ATPase subunit F/Vma7	0.0900	0.9741	1	1.0000	0.9989	1	0.5400	0.9657	1	1.0000	0.9997	1	0.9999	0.9993	1
COG1437	TR	Adenylate cyclase class IV, CYTH domain (includes archaeal enzymes of unknown function)	0.0150	0.9527	1	0.6800	0.9964	1	0.0000	0.4358	0	1.0000	0.9999	1	0.9996	0.9993	1
COG1438	K	Arginine repressor	0.0000	0.0014	0	0.0000	0.0005	0	0.0000	0.0015	0	0.0000	0.0055	0	0.0000	0.0011	0
COG1439	J	rRNA maturation endonuclease Nob1	0.4350	0.9967	1	1.0000	0.9997	1	0.6500	0.9927	1	1.0000	1.0000	1	0.9999	0.9999	1
COG1440	G	Phosphotransferase system cellobiose-specific component IIB	0.0000	0.0022	0	0.0000	0.0023	0	0.0000	0.0029	0	0.0000	0.0031	0	0.0000	0.0024	0
COG1441	H	O-succinylbenzoate synthase	0.0000	0.0004	0	0.0000	0.0006	0	0.0000	0.0004	0	0.0000	0.0027	0	0.0000	0.0013	0
COG1442	M	Lipopolysaccharide biosynthesis protein, LPS:glycosyltransferase	0.0000	0.0022	0	0.0000	0.0004	0	0.0000	0.0021	0	0.0000	0.0002	0	0.0000	0.0001	0
COG1443	I	Isopentenyldiphosphate isomerase	0.0000	0.0238	0	0.0300	0.0090	0	0.0000	0.0203	0	1.0000	0.2029	0	0.0061	0.0102	0
COG1444	J	tRNA(Met) C34 N-acetyltransferase TmcA	0.0000	0.7515	1	0.0300	0.8421	1	0.0000	0.2999	0	1.0000	0.9894	1	0.9010	0.9866	1
COG1445	G	Phosphotransferase system fructose-specific component IIB	0.0000	0.0024	0	0.0000	0.0025	0	0.0000	0.0020	0	0.0002	0.0769	0	0.0000	0.0053	0
COG1446	E	Isoaspartyl peptidase or L-asparaginase, Ntn-hydrolase superfamily	0.0200	0.4498	0	0.9100	0.6572	1	0.2400	0.4231	0	1.0000	0.9758	1	0.9993	0.9094	1
COG1447	G	Phosphotransferase system cellobiose-specific component IIA	0.0000	0.0018	0	0.0000	0.0013	0	0.0000	0.0020	0	0.0000	0.0018	0	0.0000	0.0015	0
COG1448	E	Aspartate/aromatic aminotransferase	0.0000	0.0005	0	0.0000	0.0001	0	0.0000	0.0004	0	0.0000	0.0002	0	0.0000	0.0004	0
COG1449	G	Alpha-amylase/alpha-mannosidase, GH57 family	0.0000	0.5061	1	0.7976	0.9885	1	0.0000	0.3665	0	1.0000	0.9994	1	0.9849	0.9955	1
COG1450	U	Type II secretory pathway component GspD/PulD (secretin)	0.0000	0.0008	0	0.0000	0.0002	0	0.0000	0.0012	0	0.0000	0.0001	0	0.0000	0.0001	0
COG1451	R	UTP pyrophosphatase, metal-dependent hydrolase family	0.0000	0.3070	0	0.2400	0.2648	0	0.0000	0.1849	0	1.0000	0.5617	1	0.9888	0.3188	0
COG1452	M	LPS assembly outer membrane protein LptD (organic solvent tolerance protein OstA)	0.0000	0.0001	0	0.0000	0.0000	0	0.0000	0.0002	0	0.0000	0.0000	0	0.0000	0.0000	0
COG1453	R	Predicted oxidoreductase of the aldo/keto reductase family	0.0000	0.1798	0	0.2400	0.4784	0	0.0000	0.0956	0	1.0000	0.8890	1	0.9777	0.7730	1
COG1454	C	Alcohol dehydrogenase, class IV	0.0100	0.8611	1	0.2800	0.6441	1	0.0000	0.5189	1	1.0000	0.9625	1	0.9999	0.9311	1
COG1455	G	Phosphotransferase system cellobiose-specific component IIC	0.0000	0.0010	0	0.0000	0.0003	0	0.0000	0.0011	0	0.0000	0.0002	0	0.0000	0.0003	0
COG1456	C	CO dehydrogenase/acetyl-CoA synthase gamma subunit (corrinoid Fe-S protein)	0.0000	0.8684	1	0.7720	0.9998	1	0.0200	0.9612	1	1.0000	0.9999	1	0.9995	0.9999	1
COG1457	F	Purine-cytosine permease or related protein	0.0100	0.2806	0	0.8700	0.6731	1	0.0300	0.2286	0	0.9999	0.9676	1	0.7292	0.8013	1
COG1458	R	Predicted RNase MK1237, contains PIN domain, UPF0278 family	0.0000	0.6407	1	0.2900	0.9837	1	0.0100	0.3930	0	0.9759	0.9997	1	0.1634	0.9759	1
COG1459	NUW	Type II secretory pathway, component PulF	0.0000	0.0008	0	0.0000	0.0000	0	0.0000	0.0015	0	0.0000	0.0000	0	0.0000	0.0000	0
COG1460	K	DNA-directed RNA polymerase, subunit F	0.0100	0.9957	1	0.3000	0.9996	1	0.0000	0.9573	1	1.0000	0.9998	1	0.9999	0.9999	1
COG1461	R	Predicted kinase related to dihydroxyacetone kinase	0.0000	0.0080	0	0.0000	0.0014	0	0.0000	0.0061	0	0.0000	0.0125	0	0.0000	0.0038	0
COG1462	M	Curli biogenesis system outer membrane secretion channel CsgG	0.0000	0.0023	0	0.0000	0.0015	0	0.0000	0.0017	0	0.0000	0.0050	0	0.0000	0.0017	0
COG1463	M	Periplasmic subunit MlaD of the ABC-type intermembrane phospholipid transporter Mla	0.0000	0.0006	0	0.0000	0.0000	0	0.0000	0.0011	0	0.0000	0.0000	0	0.0000	0.0000	0
COG1464	P	ABC-type metal ion transport system, periplasmic component/surface antigen	0.0000	0.0002	0	0.0000	0.0000	0	0.0000	0.0004	0	0.0000	0.0000	0	0.0000	0.0000	0
COG1465	E	3-dehydroquinate synthase, class II	0.5750	0.9716	1	0.9800	0.9348	1	0.4500	0.9648	1	1.0000	0.9608	1	0.9999	0.9696	1
COG1466	L	DNA polymerase III, delta subunit	0.0000	0.0013	0	0.0000	0.0000	0	0.0000	0.0021	0	0.0000	0.0000	0	0.0000	0.0000	0
COG1467	L	Eukaryotic-type DNA primase, catalytic (small) subunit	0.0050	0.9969	1	0.2900	0.9997	1	0.0000	0.9649	1	1.0000	1.0000	1	0.9999	1.0000	1
COG1468	V	CRISPR/Cas system-associated exonuclease Cas4, RecB family	0.0000	0.9899	1	0.9772	1.0000	1	0.2000	0.9771	1	1.0000	1.0000	1	1.0000	1.0000	1
COG1469	H	GTP cyclohydrolase FolE2	0.0000	0.9530	1	0.9600	0.9976	1	0.1200	0.9610	1	1.0000	0.9993	1	0.9999	0.9985	1
COG1470	S	Uncharacterized membrane protein	0.2450	0.5666	1	0.9012	0.7917	1	0.0100	0.3645	0	1.0000	0.9008	1	0.0816	0.6114	1
COG1471	J	Ribosomal protein S4E	0.0000	0.9884	1	0.3700	0.9999	1	0.0100	0.9969	1	1.0000	0.9997	1	1.0000	0.9999	1
COG1472	G	Periplasmic beta-glucosidase and related glycosidases	0.0000	0.0196	0	0.0100	0.0099	0	0.0000	0.0155	0	0.9982	0.1896	0	0.0131	0.0424	0
COG1473	R	Metal-dependent amidase/aminoacylase/carboxypeptidase	0.0000	0.1735	0	0.0000	0.0675	0	0.0000	0.0641	0	1.0000	0.8941	1	0.9933	0.5832	1
COG1474	L	Cdc6-related protein, AAA superfamily ATPase	0.0000	0.9916	1	0.9930	0.9998	1	0.2000	0.9977	1	1.0000	0.9999	1	1.0000	0.9998	1
COG1475	D	Chromosome segregation protein Spo0J, contains ParB-like nuclease domain	0.0000	0.7789	1	0.9796	0.9268	1	0.0000	0.6914	1	1.0000	0.9957	1	0.9999	0.9839	1
COG1476	K	DNA-binding transcriptional regulator, XRE-family HTH domain	0.0050	0.5558	1	0.7500	0.6646	1	0.0000	0.1155	0	1.0000	0.7686	1	0.9993	0.6864	1
COG1477	HO	FAD:protein FMN transferase ApbE	0.0000	0.0114	0	0.1700	0.0114	0	0.0000	0.0082	0	0.3250	0.0705	0	0.0000	0.0007	0
COG1478	H	F420-0:Gamma-glutamyl ligase (F420 biosynthesis)	0.1450	0.9724	1	1.0000	0.9999	1	0.2600	0.9249	1	1.0000	1.0000	1	1.0000	0.9999	1
COG1479	V	DNAse/DNA nickase specific for phosphorothioated or glycosylated phage DNA, GmrSD/DndB/SspE family, contains DUF262 and HNH nuclease domains	0.0000	0.2368	0	0.0000	0.1520	0	0.0000	0.1236	0	0.9667	0.9378	1	0.1866	0.3262	0
COG1480	T	Cyclic di-AMP-specific phosphodiesterase PgpH, HD superfamily	0.0000	0.0037	0	0.0000	0.0240	0	0.0000	0.0016	0	0.0000	0.0851	0	0.0000	0.0179	0
COG1481	K	DNA-binding transcriptional regulator WhiA, involved in cell division	0.0000	0.0061	0	0.0000	0.0095	0	0.0000	0.0051	0	0.0000	0.0708	0	0.0000	0.0065	0
COG1482	G	Mannose-6-phosphate isomerase, class I	0.0000	0.0261	0	0.0000	0.0053	0	0.0000	0.0220	0	0.0044	0.0429	0	0.0000	0.0033	0
COG1483	R	Predicted ATPase, AAA+ superfamily	0.0000	0.3120	0	0.2800	0.8985	1	0.0000	0.1838	0	1.0000	0.9948	1	0.1573	0.9005	1
COG1484	L	DNA replication protein DnaC	0.0000	0.0158	0	0.0800	0.0413	0	0.0000	0.0127	0	0.0128	0.1894	0	0.0002	0.0162	0
COG1485	D	Cell division protein ZapE (Z ring-associated ATPase), AFG1 superfamily	0.0000	0.0072	0	0.0000	0.0042	0	0.0000	0.0090	0	0.0000	0.0259	0	0.0000	0.0087	0
COG1486	G	Alpha-galactosidase/6-phospho-beta-glucosidase, family 4 of glycosyl hydrolase	0.0000	0.0280	0	0.2100	0.0737	0	0.0000	0.0286	0	1.0000	0.5913	1	0.6623	0.3293	0
COG1487	V	Ribonuclease/mRNA interferase VapC, contains PIN domain	0.1600	0.9468	1	0.9978	0.9958	1	0.8100	0.8958	1	1.0000	0.9990	1	1.0000	0.9967	1
COG1488	H	Nicotinic acid phosphoribosyltransferase	0.0100	0.9682	1	0.7452	0.9753	1	0.0000	0.8737	1	1.0000	0.9997	1	0.9999	0.9939	1
COG1489	GT	DNA-binding protein, stimulates sugar fermentation	0.0050	0.8426	1	0.2300	0.8945	1	0.0000	0.5701	1	1.0000	0.9977	1	0.9995	0.9902	1
COG1490	J	D-aminoacyl-tRNA deacylase	0.0000	0.0066	0	0.0000	0.0013	0	0.0000	0.0051	0	0.0000	0.0292	0	0.0000	0.0062	0
COG1491	R	Predicted nucleic acid-binding OB-fold protein	0.0050	0.9953	1	0.9300	1.0000	1	0.2900	0.9959	1	1.0000	0.9998	1	0.9999	0.9999	1
COG1492	H	Cobyric acid synthase	0.0050	0.8963	1	0.2872	0.8228	1	0.0000	0.2471	0	1.0000	0.9985	1	0.7309	0.9374	1
COG1493	T	Serine kinase of the HPr protein, regulates carbohydrate metabolism	0.0000	0.0019	0	0.3300	0.0057	0	0.0000	0.0027	0	0.9993	0.0078	0	0.0122	0.0019	0
COG1494	G	Fructose-1,6-bisphosphatase/sedoheptulose 1,7-bisphosphatase or related protein	0.0000	0.0138	0	0.0300	0.0801	0	0.0000	0.0302	0	0.9434	0.2993	0	0.0001	0.0520	0
COG1495	O	Disulfide bond formation protein DsbB	0.0000	0.0008	0	0.0200	0.0005	0	0.0000	0.0013	0	0.1079	0.0034	0	0.0000	0.0002	0
COG1496	P	Copper oxidase (laccase) domain	0.0000	0.0007	0	0.0000	0.0000	0	0.0000	0.0007	0	0.0000	0.0001	0	0.0000	0.0000	0
COG1497	K	Predicted transcriptional regulator MJ0558, contains a CRP-type HTH domain	0.0050	0.6833	1	0.8549	0.9218	1	0.0000	0.1761	0	0.9899	0.9952	1	0.0207	0.8081	1
COG1498	J	Box C/D ribonucleoprotein Nop56/Prp31/SIK1 subunit	0.0550	0.9927	1	0.9800	0.9998	1	0.6000	0.9945	1	1.0000	0.9999	1	0.9999	0.9999	1
COG1499	J	NMD protein affecting ribosome stability and mRNA decay	0.0350	0.9853	1	0.9800	0.9999	1	0.0000	0.7952	1	1.0000	1.0000	1	0.9997	0.9998	1
COG1500	J	Ribosome maturation protein Sdo1	0.0050	0.9976	1	0.5800	0.9999	1	0.0000	0.9755	1	1.0000	0.9999	1	0.9999	1.0000	1
COG1501	G	Alpha-glucosidase/xylosidase, GH31 family	0.0000	0.0189	0	0.2500	0.0807	0	0.0000	0.0187	0	0.9998	0.5632	1	0.0980	0.1779	0
COG1502	I	Phosphatidylserine/phosphatidylglycerophosphate/cardiolipin synthase	0.0000	0.3852	0	0.9030	0.5951	1	0.0100	0.6684	1	1.0000	0.4540	0	0.3297	0.2447	0
COG1503	J	Peptide chain release factor 1 (eRF1)	0.0000	0.9890	1	0.9800	1.0000	1	0.2100	0.9976	1	1.0000	1.0000	1	0.9999	1.0000	1
COG1504	S	Uncharacterized conserved protein, DUF498 domain	0.0000	0.5092	1	0.8100	0.9875	1	0.0000	0.5338	1	1.0000	0.9843	1	0.9985	0.9902	1
COG1505	E	Prolyl endopeptidase PreP, S9A serine peptidase family	0.0000	0.0325	0	0.1100	0.0525	0	0.0000	0.0095	0	1.0000	0.5247	1	0.0184	0.1048	0
COG1506	E	Dipeptidyl aminopeptidase/acylaminoacyl peptidase	0.0050	0.5088	1	0.4753	0.3930	0	0.0200	0.2425	0	1.0000	0.9447	1	1.0000	0.7864	1
COG1507	S	Uncharacterized conserved protein, DUF501 family	0.0000	0.0070	0	0.0000	0.0254	0	0.0000	0.0051	0	0.0000	0.1622	0	0.0000	0.0424	0
COG1508	K	DNA-directed RNA polymerase specialized sigma subunit, sigma54 homolog	0.0000	0.0106	0	0.0000	0.0007	0	0.0000	0.0107	0	0.0000	0.0026	0	0.0000	0.0007	0
COG1509	E	L-lysine 2,3-aminomutase (EF-P beta-lysylation pathway)	0.0000	0.2191	0	0.2400	0.4542	0	0.0200	0.3734	0	1.0000	0.8315	1	0.9419	0.7394	1
COG1510	K	DNA-binding transcriptional regulator GbsR, MarR family	0.2350	0.7661	1	1.0000	0.8284	1	0.9000	0.7841	1	1.0000	0.8111	1	0.6563	0.6541	1
COG1511	S	Uncharacterized membrane protein YhgE, phage infection protein (PIP) family	0.0000	0.0190	0	0.0000	0.0051	0	0.0000	0.0120	0	0.0007	0.0608	0	0.0000	0.0031	0
COG1512	S	Uncharacterized membrane protein YgcG, contains a TPM-fold domain	0.0000	0.0191	0	0.0000	0.0017	0	0.0000	0.0190	0	0.0000	0.0005	0	0.0000	0.0008	0
COG1513	P	Cyanate lyase	0.0000	0.0737	0	0.0000	0.0617	0	0.0000	0.0300	0	0.0000	0.7021	1	0.0000	0.1559	0
COG1514	J	RNA 2',3'-cyclic phosphodiesterase (2'-5' RNA ligase)	0.1500	0.9957	1	0.9800	0.9998	1	0.3500	0.9946	1	1.0000	1.0000	1	0.9999	0.9999	1
COG1515	L	Deoxyinosine 3'-endonuclease (endonuclease V)	0.0000	0.9383	1	1.0000	0.9971	1	0.2000	0.9677	1	1.0000	0.9999	1	0.9999	0.9993	1
COG1516	NU	Flagellin-specific chaperone FliS	0.0000	0.0019	0	0.0000	0.0007	0	0.0000	0.0016	0	0.0000	0.0028	0	0.0000	0.0011	0
COG1517	V	CRISPR/Cas system-associated protein Csx1, contains CARF domain	0.0000	0.2990	0	0.8483	0.9805	1	0.0000	0.1301	0	1.0000	0.9930	1	0.7119	0.9421	1
COG1518	V	CRISPR-Cas system-associated integrase Cas1	0.0200	0.9902	1	0.0500	0.9999	1	0.0000	0.8713	1	1.0000	1.0000	1	0.9999	0.9999	1
COG1519	M	3-deoxy-D-manno-octulosonic-acid transferase	0.0000	0.0008	0	0.0000	0.0001	0	0.0000	0.0014	0	0.0000	0.0000	0	0.0000	0.0001	0
COG1520	M	Outer membrane protein assembly factor BamB, contains PQQ-like beta-propeller repeat	0.1700	0.8022	1	0.0395	0.5500	1	0.0000	0.3316	0	1.0000	0.9303	1	0.9846	0.8156	1
COG1521	H	Pantothenate kinase type III	0.0000	0.0031	0	0.0000	0.0012	0	0.0000	0.0021	0	0.0000	0.0408	0	0.0000	0.0027	0
COG1522	K	DNA-binding transcriptional regulator, Lrp family	0.0050	0.9990	1	1.0000	0.9994	1	0.5775	0.9992	1	1.0000	0.9999	1	1.0000	0.9999	1
COG1523	G	Pullulanase/glycogen debranching enzyme	0.0000	0.0064	0	0.0000	0.0014	0	0.0000	0.0090	0	0.4270	0.2139	0	0.0043	0.0284	0
COG1524	T	c-di-AMP phosphodiesterase AtaC or nucleotide pyrophosphatase, AlkP superfamily	0.0000	0.2526	0	0.1367	0.3926	0	0.0000	0.1984	0	1.0000	0.8749	1	0.9999	0.7276	1
COG1525	L	Endonuclease YncB, thermonuclease family	0.0050	0.5058	1	0.0000	0.1315	0	0.0000	0.2754	0	1.0000	0.6133	1	0.9353	0.4434	0
COG1526	C	Formate dehydrogenase assembly factor FdhD, a sulfurtransferase	0.1050	0.8801	1	0.9300	0.9895	1	0.0800	0.8546	1	1.0000	0.9989	1	0.9999	0.9936	1
COG1527	C	Archaeal/vacuolar-type H+-ATPase subunit C/Vma6	0.0000	0.9782	1	0.2000	0.9996	1	0.0000	0.9777	1	1.0000	1.0000	1	0.9999	0.9999	1
COG1528	P	Ferritin	0.0000	0.1842	0	0.1500	0.7258	1	0.0000	0.1181	0	1.0000	0.9855	1	0.9558	0.8599	1
COG1529	C	Aldehyde, CO or xanthine dehydrogenase, Mo-binding subunit	0.0050	0.0452	0	0.7300	0.1347	0	0.0400	0.0658	0	1.0000	0.7337	1	0.9934	0.5811	1
COG1530	J	Ribonuclease G or E	0.0000	0.9860	1	0.4300	0.9978	1	0.0000	0.9551	1	1.0000	0.9997	1	0.9453	0.9995	1
COG1531	S	Uncharacterized conserved protein, UPF0248 family	0.0000	0.8756	1	0.2400	0.9947	1	0.0100	0.8857	1	1.0000	0.9963	1	0.9975	0.9978	1
COG1532	R	Predicted RNA-binding protein	0.0000	0.4742	0	0.4500	0.9637	1	0.0000	0.2413	0	0.7021	0.9906	1	0.0015	0.9175	1
COG1533	L	DNA repair photolyase	0.0700	0.9821	1	0.8860	0.9896	1	0.0300	0.9587	1	1.0000	0.9990	1	1.0000	0.9967	1
COG1534	J	RNA-binding protein YhbY	0.0000	0.7476	1	0.7100	0.9485	1	0.0000	0.4099	0	1.0000	0.9670	1	0.9994	0.9827	1
COG1535	Q	Isochorismate hydrolase	0.0000	0.0102	0	0.0000	0.0073	0	0.0000	0.0087	0	0.0000	0.0439	0	0.0000	0.0155	0
COG1536	N	Flagellar motor switch protein FliG	0.0000	0.0021	0	0.0000	0.0007	0	0.0000	0.0024	0	0.0000	0.0017	0	0.0000	0.0007	0
COG1537	J	Stalled ribosome rescue protein Dom34, pelota family	0.0950	0.9947	1	0.6500	0.9994	1	0.0000	0.9354	1	1.0000	1.0000	1	0.9999	0.9998	1
COG1538	M	Outer membrane protein TolC	0.0000	0.0004	0	0.0000	0.0000	0	0.0000	0.0006	0	0.0000	0.0000	0	0.0000	0.0000	0
COG1539	H	Dihydroneopterin aldolase	0.0000	0.0011	0	0.0000	0.0000	0	0.0000	0.0028	0	0.0000	0.0000	0	0.0000	0.0000	0
COG1540	E	5-oxoprolinase subunit A	0.0000	0.0112	0	0.0500	0.0353	0	0.0000	0.0094	0	0.9529	0.8177	1	0.0009	0.1268	0
COG1541	H	Phenylacetate-coenzyme A ligase PaaK, adenylate-forming domain family	0.0000	0.5560	1	0.1604	0.9584	1	0.0000	0.3730	0	1.0000	0.9970	1	1.0000	0.9886	1
COG1542	S	Uncharacterized conserved protein, DUF505 domain	0.0000	0.1109	0	0.0100	0.5894	1	0.0000	0.0681	0	0.4766	0.8141	1	0.0003	0.5338	1
COG1543	G	Predicted glycosyl hydrolase, contains GH57 and DUF1957 domains	0.0000	0.0176	0	0.0200	0.1375	0	0.0000	0.0101	0	0.6369	0.6626	1	0.0077	0.2679	0
COG1544	J	Ribosome-associated translation inhibitor RaiA	0.0000	0.0016	0	0.0000	0.0001	0	0.0000	0.0012	0	0.0000	0.0001	0	0.0000	0.0001	0
COG1545	R	Uncharacterized OB-fold protein, contains Zn-ribbon domain	0.2650	0.9975	1	1.0000	0.9999	1	0.6500	0.9978	1	1.0000	1.0000	1	1.0000	1.0000	1
COG1546	H	Nicotinamide mononucleotide (NMN) deamidase PncC	0.0000	0.0286	0	0.0100	0.0081	0	0.0000	0.0262	0	0.9910	0.0053	0	0.0307	0.0077	0
COG1547	S	Predicted metal-dependent hydrolase	0.0000	0.0104	0	0.1090	0.0312	0	0.0000	0.0122	0	0.8085	0.4754	0	0.1107	0.1013	0
COG1548	H	Methanofuran synthetase MfnF, hydantoinase/oxoprolinase family	0.0000	0.7944	1	0.2800	0.9976	1	0.0000	0.5012	1	1.0000	0.9990	1	0.9985	0.9985	1
COG1549	J	Archaeosine tRNA-ribosyltransferase, contains uracil-DNA-glycosylase and PUA domains	0.4350	0.9839	1	0.9907	0.9992	1	0.1000	0.7697	1	1.0000	1.0000	1	0.9297	0.9993	1
COG1550	S	Stress-induced protein YlxP, DUF503 family	0.0000	0.0046	0	0.0000	0.0191	0	0.0000	0.0032	0	0.0000	0.5026	1	0.0000	0.0530	0
COG1551	T	sRNA-binding carbon storage regulator CsrA	0.0000	0.0015	0	0.0000	0.0012	0	0.0000	0.0017	0	0.0000	0.0031	0	0.0000	0.0006	0
COG1552	J	Ribosomal protein L40E	0.0000	0.8936	1	0.2700	0.9910	1	0.0000	0.8258	1	0.0193	0.9928	1	0.0001	0.9892	1
COG1553	P	Sulfur relay (sulfurtransferase) complex TusBCD TusD component, DsrE family	0.0100	0.5492	1	0.8400	0.9655	1	0.0400	0.5269	1	1.0000	0.9986	1	0.9960	0.9733	1
COG1554	G	Kojibiose phosphorylase YcjT	0.0000	0.0150	0	0.0100	0.0438	0	0.0000	0.0152	0	0.9610	0.4377	0	0.0156	0.0639	0
COG1555	L	DNA uptake protein ComE or related DNA-binding protein	0.0000	0.0157	0	0.0000	0.0036	0	0.0000	0.0142	0	0.0000	0.0370	0	0.0000	0.0039	0
COG1556	C	L-lactate utilization protein LutC, contains LUD domain	0.0000	0.0163	0	0.0100	0.0491	0	0.0000	0.0053	0	0.0005	0.5576	1	0.0000	0.0303	0
COG1558	N	Flagellar basal body rod protein FlgC	0.0000	0.0004	0	0.0000	0.0001	0	0.0000	0.0005	0	0.0000	0.0004	0	0.0000	0.0002	0
COG1559	M	Endolytic transglycosylase MltG, terminates peptidoglycan polymerization	0.0000	0.0005	0	0.0000	0.0000	0	0.0000	0.0006	0	0.0000	0.0000	0	0.0000	0.0000	0
COG1560	I	Palmitoleoyl-ACP: Kdo2-lipid-IV acyltransferase (lipid A biosynthesis)	0.0000	0.0004	0	0.0000	0.0000	0	0.0000	0.0007	0	0.0000	0.0001	0	0.0000	0.0001	0
COG1561	S	Uncharacterized stationary-phase protein YicC, UPF0701 family	0.0000	0.0032	0	0.0000	0.0002	0	0.0000	0.0044	0	0.0000	0.0002	0	0.0000	0.0002	0
COG1562	I	Phytoene/squalene synthetase	0.0000	0.0411	0	0.0000	0.0089	0	0.0000	0.0214	0	1.0000	0.2789	0	0.0019	0.0807	0
COG1563	R	Uncharacterized MnhB-related membrane protein	0.0050	0.7896	1	0.7723	0.9417	1	0.0200	0.5607	1	1.0000	0.9062	1	0.9925	0.9292	1
COG1564	H	Thiamine pyrophosphokinase	0.0000	0.0049	0	0.0000	0.0008	0	0.0000	0.0075	0	0.0000	0.0006	0	0.0000	0.0003	0
COG1565	R	SAM-dependent methyltransferase, MidA family	0.0000	0.0168	0	0.0000	0.0109	0	0.0000	0.0118	0	0.0000	0.0175	0	0.0000	0.0150	0
COG1566	V	Multidrug resistance efflux pump EmrA	0.0000	0.0017	0	0.0000	0.0004	0	0.0000	0.0014	0	0.0000	0.0020	0	0.0000	0.0004	0
COG1567	V	CRISPR-Cas system type III CSM-effector complex subunit Csm4, RAMP superfamily Cas5 group	0.0000	0.2155	0	0.1600	0.9409	1	0.0000	0.1024	0	0.7785	0.9888	1	0.0055	0.8103	1
COG1568	Q	Aminopropyltransferase BpsA, N(4)-bis(aminopropyl)spermidine biosynthesis	0.0000	0.6685	1	0.4100	0.9485	1	0.0000	0.4777	0	1.0000	0.9769	1	0.7909	0.9761	1
COG1569	R	Predicted nucleic acid-binding protein, contains PIN domain	0.0000	0.2599	0	0.8047	0.8443	1	0.0400	0.3094	0	1.0000	0.8529	1	0.9960	0.8348	1
COG1570	L	Exonuclease VII, large subunit	0.0000	0.0399	0	0.0300	0.0080	0	0.0000	0.0267	0	0.2622	0.0103	0	0.0002	0.0029	0
COG1571	J	tRNA(Ile2) C34 agmatinyltransferase TiaS	0.0050	0.9989	1	0.8480	1.0000	1	0.0400	0.9962	1	1.0000	1.0000	1	0.9999	1.0000	1
COG1572	O	Serine protease, subtilase family	0.0500	0.5418	1	0.7508	0.8662	1	0.0000	0.2010	0	0.3419	0.9273	1	0.0003	0.5913	1
COG1573	L	Uracil-DNA glycosylase	0.0200	0.9345	1	0.9700	0.9532	1	0.1500	0.9496	1	1.0000	0.9975	1	1.0000	0.9775	1
COG1574	R	Predicted amidohydrolase YtcJ	0.0000	0.2608	0	0.7000	0.5331	1	0.0100	0.4228	0	1.0000	0.9553	1	0.9993	0.9211	1
COG1575	H	1,4-dihydroxy-2-naphthoate polyprenyltransferase	0.0000	0.1426	0	0.0500	0.1239	0	0.0000	0.2124	0	1.0000	0.6926	1	0.9992	0.5186	1
COG1576	J	23S rRNA pseudoU1915 N3-methylase RlmH	0.0000	0.0209	0	0.2100	0.0075	0	0.0000	0.0247	0	0.3491	0.0003	0	0.0003	0.0013	0
COG1577	I	Mevalonate kinase	0.2950	0.9933	1	0.8400	0.9996	1	0.0600	0.9905	1	1.0000	0.9999	1	0.9999	0.9998	1
COG1578	V	House-cleaning carbohydrate phosphatase, DUF89 family	0.0000	0.9752	1	0.0000	0.9951	1	0.0000	0.9527	1	1.0000	0.9999	1	0.9999	0.9998	1
COG1579	R	Predicted nucleic acid-binding protein DR0291, contains C4-type Zn-ribbon domain	0.0050	0.0132	0	0.0000	0.0015	0	0.0000	0.0054	0	0.0000	0.0068	0	0.0000	0.0018	0
COG1580	N	Flagellar basal body-associated protein FliL	0.0000	0.0030	0	0.0000	0.0008	0	0.0000	0.0024	0	0.0000	0.0015	0	0.0000	0.0016	0
COG1581	K	DNA/RNA-binding protein AlbA/Ssh10b	0.0300	0.9907	1	0.6700	0.9998	1	0.0000	0.9690	1	1.0000	0.9912	1	1.0000	0.9999	1
COG1582	N	Swarming motility protein SwrD	0.0000	0.0033	0	0.0000	0.0097	0	0.0000	0.0021	0	0.0000	0.0850	0	0.0000	0.0150	0
COG1583	V	CRISPR/Cas system endoribonuclease Cas6, RAMP superfamily	0.0000	0.8115	1	0.9500	0.9962	1	0.0300	0.8312	1	0.9938	0.9988	1	0.4045	0.9758	1
COG1584	C	Succinate-acetate transporter SatP	0.0000	0.2149	0	0.0800	0.5215	1	0.0000	0.2508	0	1.0000	0.9326	1	0.9839	0.8075	1
COG1585	O	Membrane protein implicated in regulation of membrane protease activity	0.0100	0.4001	0	0.0200	0.2632	0	0.0000	0.1176	0	1.0000	0.7438	1	0.9938	0.5147	1
COG1586	E	S-adenosylmethionine decarboxylase	0.0000	0.8481	1	0.4500	0.9787	1	0.0000	0.7556	1	1.0000	0.9954	1	1.0000	0.9934	1
COG1587	H	Uroporphyrinogen-III synthase	0.0000	0.2952	0	0.0900	0.6218	1	0.0000	0.1973	0	0.9999	0.9297	1	0.9390	0.7296	1
COG1588	J	RNase P/RNase MRP subunit p29	0.0100	0.9947	1	0.3000	0.9995	1	0.0000	0.9677	1	1.0000	0.9983	1	0.9999	0.9997	1
COG1589	D	Cell division septal protein FtsQ	0.0000	0.0008	0	0.0000	0.0000	0	0.0000	0.0009	0	0.0000	0.0000	0	0.0000	0.0000	0
COG1590	J	tRNA(Phe) wybutosine-synthesizing methylase Tyw3	0.0000	0.5256	1	0.7200	0.9914	1	0.0000	0.3019	0	1.0000	0.8934	1	0.9990	0.9891	1
COG1591	L	Holliday junction resolvase Hjc, archaeal type	0.0150	0.8801	1	0.9532	0.9654	1	0.0100	0.8435	1	1.0000	0.9959	1	1.0000	0.9874	1
COG1592	C	Rubrerythrin	0.0050	0.9783	1	0.6099	0.9995	1	0.0000	0.7450	1	1.0000	1.0000	1	1.0000	0.9998	1
COG1593	G	TRAP-type C4-dicarboxylate transport system, large permease component	0.0000	0.0086	0	0.0000	0.0026	0	0.0000	0.0094	0	0.0000	0.0497	0	0.0000	0.0079	0
COG1594	K	DNA-directed RNA polymerase, subunit M/Transcription elongation factor TFIIS	0.0050	0.9840	1	0.3100	0.9948	1	0.0000	0.8585	1	1.0000	0.9999	1	1.0000	0.9997	1
COG1595	K	DNA-directed RNA polymerase specialized sigma subunit, sigma24 family	0.0000	0.0045	0	0.0000	0.0001	0	0.0000	0.0058	0	0.0004	0.0068	0	0.0000	0.0000	0
COG1596	M	Periplasmic protein Wza involved in polysaccharide export, contains SLBB domain of the beta-grasp fold	0.0000	0.0078	0	0.0000	0.0012	0	0.0000	0.0072	0	0.0000	0.0050	0	0.0000	0.0017	0
COG1597	IR	Phosphatidylglycerol kinase, diacylglycerol kinase family	0.0000	0.0104	0	0.0000	0.0004	0	0.0000	0.0132	0	0.9990	0.1307	0	0.1260	0.0123	0
COG1598	V	Antitoxin component HicB of the HicAB toxin-antitoxin system	0.0050	0.8687	1	0.8600	0.9969	1	0.0100	0.7068	1	1.0000	0.9991	1	0.9999	0.9956	1
COG1599	L	ssDNA-binding replication factor A, large subunit	0.0050	0.9985	1	0.9300	1.0000	1	0.2300	0.9979	1	1.0000	1.0000	1	1.0000	1.0000	1
COG1600	J	Epoxyqueuosine reductase QueG (queuosine biosynthesis)	0.0000	0.4974	0	0.0000	0.4218	0	0.0000	0.2582	0	1.0000	0.9884	1	0.9999	0.9738	1
COG1601	J	Translation initiation factor 2, beta subunit (eIF-2beta)/eIF-5 N-terminal domain	0.1600	0.9947	1	0.9700	0.9999	1	0.1400	0.9888	1	1.0000	1.0000	1	1.0000	0.9999	1
COG1602	L	Archaeal DNA repair protein NreA	0.1550	0.9951	1	1.0000	0.9998	1	0.2300	0.9912	1	1.0000	0.9999	1	1.0000	0.9999	1
COG1603	J	RNase P/RNase MRP subunit p30	0.0000	0.8599	1	0.6100	0.9997	1	0.0000	0.6781	1	1.0000	0.9996	1	0.9996	0.9997	1
COG1604	V	CRISPR/Cas system CMR subunit Cmr6, Cas7 group, RAMP superfamily	0.0100	0.3143	0	0.7800	0.9610	1	0.0100	0.1435	0	0.9991	0.9959	1	0.0716	0.7801	1
COG1605	E	Chorismate mutase	0.0300	0.4748	0	0.0100	0.3357	0	0.0000	0.0986	0	1.0000	0.9078	1	0.9995	0.6607	1
COG1606	R	ATP-utilizing enzyme, PP-loop superfamily	0.4150	0.9925	1	0.9700	0.9984	1	0.4300	0.9820	1	1.0000	0.9996	1	0.9999	0.9988	1
COG1607	I	Acyl-CoA hydrolase	0.0000	0.0088	0	0.0000	0.0046	0	0.0000	0.0118	0	0.9999	0.3504	0	0.7350	0.1442	0
COG1608	I	Isopentenyl phosphate kinase	0.0200	0.9974	1	0.6600	0.9998	1	0.0000	0.9723	1	1.0000	1.0000	1	0.9999	0.9999	1
COG1609	K	DNA-binding transcriptional regulator, LacI/PurR family	0.0000	0.0041	0	0.0000	0.0001	0	0.0000	0.0053	0	0.0000	0.0007	0	0.0000	0.0001	0
COG1610	R	Uncharacterized conserved protein YqeY, may have tRNA amino acid amidase activity	0.0000	0.0010	0	0.0000	0.0001	0	0.0000	0.0008	0	0.0000	0.0006	0	0.0000	0.0001	0
COG1611	F	Nucleotide monophosphate nucleosidase PpnN/YdgH, Lonely Guy (LOG) family	0.0050	0.7702	1	0.0800	0.4159	0	0.0000	0.4299	0	1.0000	0.8301	1	0.9999	0.8859	1
COG1612	H	Heme A synthase	0.0000	0.0004	0	0.0000	0.0000	0	0.0000	0.0009	0	0.9996	0.0009	0	0.0453	0.0000	0
COG1613	P	ABC-type sulfate transport system, periplasmic component	0.0000	0.0015	0	0.0000	0.0002	0	0.0000	0.0018	0	0.0000	0.0001	0	0.0000	0.0002	0
COG1614	C	CO dehydrogenase/acetyl-CoA synthase beta subunit	0.0000	0.8503	1	0.9700	0.9995	1	0.1000	0.8911	1	1.0000	0.9997	1	0.9967	0.9994	1
COG1615	S	Uncharacterized membrane protein, UPF0182 family	0.0000	0.1742	0	0.4400	0.7411	1	0.0000	0.1648	0	1.0000	0.8887	1	0.9388	0.8358	1
COG1617	J	tRNA threonylcarbamoyladenosine modification (KEOPS) complex,  Cgi121 subunit	0.0300	0.9863	1	0.1100	0.9925	1	0.0000	0.9182	1	1.0000	0.9991	1	0.9999	0.9984	1
COG1618	F	Nucleoside-triphosphatase THEP1	0.0000	0.9475	1	0.3200	0.9986	1	0.0000	0.9567	1	1.0000	0.9998	1	0.9999	0.9999	1
COG1619	M	Muramoyltetrapeptide carboxypeptidase LdcA (peptidoglycan recycling)	0.0000	0.0115	0	0.0100	0.0081	0	0.0000	0.0116	0	0.9997	0.1160	0	0.0118	0.0137	0
COG1620	C	L-lactate permease	0.0000	0.0276	0	0.2000	0.1203	0	0.0000	0.0237	0	1.0000	0.6915	1	0.0494	0.1977	0
COG1621	G	Sucrose-6-phosphate hydrolase SacC, GH32 family	0.0000	0.0189	0	0.0100	0.0144	0	0.0000	0.0172	0	0.0004	0.0855	0	0.0000	0.0053	0
COG1622	C	Heme/copper-type cytochrome/quinol oxidase, subunit 2	0.0000	0.0082	0	0.4234	0.0032	0	0.0000	0.0160	0	1.0000	0.1130	0	0.6444	0.0408	0
COG1623	T	c-di-AMP synthetase DisA, contains DisA_N, linker and DNA-binding domains	0.0000	0.0021	0	0.0000	0.0031	0	0.0000	0.0016	0	0.0000	0.0287	0	0.0000	0.0058	0
COG1624	T	c-di-AMP synthetase, contains DisA_N domain	0.2150	0.7258	1	0.6100	0.9902	1	0.0000	0.0711	0	0.8189	0.9925	1	0.7116	0.9411	1
COG1625	C	Fe-S oxidoreductase, related to NifB/MoaA family	0.0000	0.0879	0	0.1500	0.9371	1	0.0000	0.0210	0	0.5042	0.9423	1	0.0140	0.6808	1
COG1626	G	Neutral trehalase	0.0000	0.0072	0	0.0000	0.0108	0	0.0000	0.0078	0	0.0000	0.1429	0	0.0000	0.0339	0
COG1627	R	Uncharacterized conserved protein MJ0835, predicted component of type IV pili-like system, DUF1515 family	0.0000	0.1871	0	0.1800	0.6567	1	0.0000	0.0385	0	0.4834	0.7721	1	0.0037	0.5573	1
COG1628	R	Endonuclease V homolog, UPF0215 family	0.0550	0.9970	1	0.8400	1.0000	1	0.0100	0.9956	1	1.0000	1.0000	1	0.9999	1.0000	1
COG1629	P	Outer membrane receptor protein, Fe transport	0.0000	0.0111	0	0.0000	0.0005	0	0.0000	0.0168	0	0.0000	0.0002	0	0.0000	0.0001	0
COG1630	L	ssDNA and dsDNA 5'-3' nuclease NurA, repair of double-stranded DNA breaks	0.0000	0.8771	1	0.9928	0.9993	1	0.2062	0.9412	1	1.0000	0.9997	1	1.0000	0.9990	1
COG1631	J	Ribosomal protein L44E	0.0050	0.9947	1	0.9300	0.9998	1	0.0200	0.9931	1	1.0000	0.9992	1	0.9999	0.9997	1
COG1632	J	Ribosomal protein L15E	0.1200	0.9951	1	0.6100	0.9998	1	0.0300	0.9930	1	1.0000	0.9997	1	0.9999	0.9999	1
COG1633	P	Rubrerythrin, includes spore coat protein YhjR	0.0000	0.6943	1	0.5996	0.9784	1	0.0100	0.8163	1	1.0000	0.9968	1	0.9998	0.9827	1
COG1634	H	6-hydroxymethyl-7,8-dihydropterin pyrophosphokinase MptE (tetrahydrofolate and tetrahydromethanopterin biosynthesis)	0.0000	0.9605	1	0.6500	0.9989	1	0.0100	0.9512	1	1.0000	0.9996	1	0.9999	0.9997	1
COG1635	GH	Thiazole synthase/Archaeal ribulose 1,5-bisphosphate synthetase	0.0400	0.9849	1	0.9200	0.9972	1	0.1000	0.9766	1	1.0000	0.9984	1	0.9989	0.9984	1
COG1636	J	Epoxyqueuosine reductase QueH (tRNA modification)	0.0000	0.0332	0	0.0000	0.0150	0	0.0000	0.0383	0	0.0000	0.0005	0	0.0000	0.0053	0
COG1637	L	Endonuclease NucS, RecB family	0.1050	0.8888	1	0.9993	0.9385	1	0.4500	0.8563	1	1.0000	0.9908	1	1.0000	0.9694	1
COG1638	G	TRAP-type C4-dicarboxylate transport system, periplasmic component	0.0000	0.0088	0	0.0000	0.0023	0	0.0000	0.0069	0	0.0000	0.0537	0	0.0000	0.0051	0
COG1639	T	HD-like signal output (HDOD) domain, no enzymatic activity	0.0000	0.0019	0	0.0000	0.0028	0	0.0000	0.0017	0	0.0000	0.0096	0	0.0000	0.0051	0
COG1640	G	4-alpha-glucanotransferase	0.0000	0.0159	0	0.1500	0.0282	0	0.0000	0.0083	0	0.9913	0.3816	0	0.0102	0.0596	0
COG1641	H	CTP-dependent cyclometallase, nickel-pincer nucleotide (NPN) cofactor biosynthesis	0.4250	0.9875	1	0.7900	0.9987	1	0.0800	0.9402	1	1.0000	0.9999	1	0.9998	0.9993	1
COG1643	J	HrpA-like RNA helicase	0.0000	0.0018	0	0.0000	0.0001	0	0.0000	0.0039	0	0.0000	0.0005	0	0.0000	0.0002	0
COG1644	K	DNA-directed RNA polymerase, subunit N (RpoN/RPB10)	0.3000	0.9906	1	1.0000	0.9997	1	0.8000	0.9943	1	1.0000	0.9985	1	0.9999	0.9995	1
COG1645	R	Uncharacterized Zn-finger containing protein, UPF0148 family	0.0100	0.9628	1	0.6800	0.9967	1	0.0000	0.6959	1	1.0000	0.9979	1	0.9997	0.9991	1
COG1646	I	Glycerol-1-phosphate heptaprenyltransferase	0.0000	0.9834	1	0.7700	0.9997	1	0.0000	0.9791	1	1.0000	0.9998	1	0.9999	0.9997	1
COG1647	Q	Esterase/lipase	0.0000	0.0060	0	0.0000	0.0052	0	0.0000	0.0062	0	0.0000	0.0363	0	0.0000	0.0103	0
COG1648	H	Siroheme synthase (precorrin-2 oxidase/ferrochelatase domain)	0.0000	0.8080	1	0.6300	0.9902	1	0.0000	0.5127	1	0.9991	0.9991	1	0.4799	0.9657	1
COG1649	S	Uncharacterized lipoprotein YddW, UPF0748 family	0.0000	0.0153	0	0.1000	0.0285	0	0.0000	0.0085	0	0.9423	0.1902	0	0.0892	0.0401	0
COG1650	J	D-tyrosyl-tRNA(Tyr) deacylase	0.1600	0.9769	1	0.8900	0.9988	1	0.0700	0.9789	1	1.0000	0.9989	1	0.9999	0.9997	1
COG1651	O	Protein thiol-disulfide isomerase DsbC	0.0000	0.0212	0	0.5800	0.0015	0	0.0000	0.0162	0	0.9968	0.0115	0	0.0048	0.0006	0
COG1652	P	Cytoplasmic potassium-binding protein Kbp/XkdP/YgaU, contains LysM domain	0.0000	0.0097	0	0.0000	0.0013	0	0.0000	0.0064	0	0.0000	0.0357	0	0.0000	0.0010	0
COG1653	G	ABC-type glycerol-3-phosphate transport system, periplasmic component	0.0000	0.0628	0	0.0777	0.0070	0	0.0000	0.0359	0	1.0000	0.2474	0	0.8875	0.1679	0
COG1654	K	Biotin operon repressor	0.0000	0.0000	0	0.0000	0.0005	0	0.0000	0.0000	0	0.0000	0.0107	0	0.0000	0.0015	0
COG1655	S	Uncharacterized conserved protein, DUF2225 family	0.0000	0.0065	0	0.0100	0.0595	0	0.0000	0.0054	0	0.0803	0.1508	0	0.0000	0.0240	0
COG1656	R	Uncharacterized conserved protein, contains PIN-related Mut7-C RNAse domain	0.0000	0.9707	1	0.8400	0.9994	1	0.0100	0.9952	1	1.0000	0.9998	1	1.0000	0.9999	1
COG1657	I	Terpene cyclase SqhC	0.0050	0.1431	0	0.6300	0.2663	0	0.0000	0.0293	0	0.9987	0.6506	1	0.0395	0.1333	0
COG1658	J	5S rRNA maturation ribonuclease M5, contains TOPRIM domain	0.7050	0.9748	1	1.0000	0.9981	1	0.5900	0.9828	1	1.0000	0.9959	1	0.9999	0.9949	1
COG1659	V	Bacteriocin, linocin/CFP29 family	0.0000	0.0180	0	0.0100	0.1265	0	0.0000	0.0161	0	0.0248	0.5353	1	0.0000	0.0526	0
COG1660	T	RNase adaptor protein RapZ for GlmZ sRNA degradation, contains a P-loop ATPase domain	0.0000	0.0003	0	0.0000	0.0000	0	0.0000	0.0002	0	0.0000	0.0000	0	0.0000	0.0000	0
COG1661	R	Predicted DNA-binding protein with PD1-like DNA-binding motif, PPC/DUF296 domain	0.0000	0.7331	1	0.0100	0.7825	1	0.0000	0.5323	1	1.0000	0.9775	1	0.9999	0.9765	1
COG1662	X	Transposase and inactivated derivatives, IS1 family	0.0000	0.0085	0	0.0298	0.1156	0	0.0000	0.0060	0	0.7460	0.4568	0	0.0037	0.1072	0
COG1663	M	Tetraacyldisaccharide-1-P 4'-kinase (Lipid A 4'-kinase)	0.0000	0.0004	0	0.0000	0.0001	0	0.0000	0.0005	0	0.0000	0.0004	0	0.0000	0.0003	0
COG1664	Z	Cytoskeletal protein CcmA, bactofilin family	0.0000	0.0051	0	0.0000	0.0016	0	0.0000	0.0038	0	0.0000	0.0084	0	0.0000	0.0024	0
COG1665	R	Predicted nucleotidyltransferase AF1967	0.1300	0.9594	1	0.8800	0.9999	1	0.0300	0.9051	1	1.0000	0.9999	1	1.0000	0.9999	1
COG1666	T	Cyclic di-GMP-binding protein YajQ, UPF0234 family	0.0000	0.0001	0	0.0000	0.0001	0	0.0000	0.0001	0	0.0000	0.0003	0	0.0000	0.0001	0
COG1667	S	Uncharacterized conserved protein AF1501, DUF2226 family	0.0000	0.0577	0	0.2700	0.8634	1	0.0000	0.0146	0	0.0236	0.9383	1	0.0001	0.7862	1
COG1668	CP	ABC-type Na+ efflux pump, permease component NatB	0.0050	0.9326	1	0.8435	0.9932	1	0.0000	0.5383	1	1.0000	0.9996	1	1.0000	0.9976	1
COG1669	R	Predicted nucleotidyltransferase MJ0435	0.0400	0.9546	1	0.5800	0.9982	1	0.0000	0.7135	1	1.0000	0.9996	1	0.9994	0.9982	1
COG1670	JO	Protein N-acetyltransferase, RimJ/RimL family	0.0000	0.1122	0	0.0297	0.0635	0	0.0000	0.0822	0	1.0000	0.2903	0	0.9998	0.1350	0
COG1671	S	Uncharacterized conserved protein YaiI, UPF0178 family	0.0000	0.0041	0	0.0000	0.0003	0	0.0000	0.0024	0	0.0000	0.0010	0	0.0000	0.0007	0
COG1672	R	Predicted ATPase, archaeal AAA+ ATPase superfamily	0.0000	0.8871	1	0.9792	0.9927	1	0.0600	0.8817	1	1.0000	0.9987	1	1.0000	0.9915	1
COG1673	R	Predicted RNA-binding protein, contains PUA-like EVE domain	0.0000	0.4143	0	0.5488	0.9573	1	0.0000	0.2762	0	0.9999	0.9875	1	0.9723	0.9764	1
COG1674	D	DNA segregation ATPase FtsK/SpoIIIE or related protein	0.0000	0.0007	0	0.0000	0.0000	0	0.0000	0.0007	0	0.0000	0.0000	0	0.0000	0.0000	0
COG1675	K	Transcription initiation factor IIE, alpha subunit	0.0150	0.9859	1	0.8900	0.9999	1	0.1600	0.9741	1	1.0000	1.0000	1	1.0000	0.9999	1
COG1676	J	tRNA splicing endonuclease subunit SEN34	0.0200	0.9985	1	0.9321	1.0000	1	0.0100	0.9978	1	1.0000	1.0000	1	1.0000	1.0000	1
COG1677	N	Flagellar hook-basal body complex protein FliE	0.0000	0.0005	0	0.0000	0.0002	0	0.0000	0.0007	0	0.0000	0.0010	0	0.0000	0.0003	0
COG1678	K	Putative transcriptional regulator, AlgH/UPF0301 family	0.0000	0.0014	0	0.0000	0.0005	0	0.0000	0.0012	0	0.0000	0.0006	0	0.0000	0.0009	0
COG1679	I	Mevalonate 5-phosphate dehydratase subunit 1, aconitase superfamily (modified mevalonate pathway)	0.7250	0.9978	1	0.4100	0.9996	1	0.0100	0.9941	1	1.0000	0.9999	1	0.9999	0.9999	1
COG1680	V	CubicO group peptidase, beta-lactamase class C family	0.0000	0.0747	0	0.0600	0.0624	0	0.0000	0.0602	0	1.0000	0.4530	0	0.9984	0.2617	0
COG1681	N	Archaellin (archaeal flagellin)	0.0700	0.9594	1	0.3000	0.9970	1	0.0000	0.4500	0	1.0000	0.9997	1	0.9953	0.9989	1
COG1682	G	ABC-type polysaccharide/teichoic acid/polyol phosphate export permease	0.0200	0.1496	0	0.8600	0.2485	0	0.0100	0.1045	0	0.8682	0.2902	0	0.0010	0.0354	0
COG1683	S	Uncharacterized conserved protein YbbK, DUF523 family	0.0000	0.1556	0	0.0000	0.1486	0	0.0000	0.1141	0	0.0000	0.4406	0	0.0000	0.1541	0
COG1684	N	Flagellar biosynthesis protein FliR	0.0000	0.0008	0	0.0000	0.0003	0	0.0000	0.0012	0	0.0000	0.0006	0	0.0000	0.0005	0
COG1685	E	Archaeal shikimate kinase	0.5050	0.9753	1	0.9300	0.9775	1	0.0300	0.9392	1	1.0000	0.9973	1	0.9999	0.9951	1
COG1686	M	D-alanyl-D-alanine carboxypeptidase	0.0000	0.0000	0	0.0000	0.0000	0	0.0000	0.0000	0	0.0000	0.0000	0	0.0000	0.0000	0
COG1687	E	Branched-chain amino acid transport protein AzlD	0.0000	0.0028	0	0.0000	0.0098	0	0.0000	0.0024	0	0.0004	0.1286	0	0.0000	0.0080	0
COG1688	V	CRISPR/Cas system-associated protein Cas5, RAMP superfamily	0.1800	0.9638	1	0.9435	0.9994	1	0.0100	0.8981	1	1.0000	0.9999	1	0.9153	0.9984	1
COG1689	R	Class II terpene cyclase family protein AF1543	0.0000	0.4063	0	0.2700	0.8926	1	0.0000	0.2224	0	1.0000	0.9882	1	0.9964	0.9704	1
COG1690	J	RNA-splicing ligase RtcB, repairs tRNA damage	0.3400	0.9795	1	1.0000	0.9920	1	0.9400	0.9902	1	1.0000	0.9941	1	0.9999	0.9848	1
COG1691	F	NCAIR mutase (PurE)-related protein	0.1100	0.9856	1	0.9700	0.9969	1	0.2200	0.9695	1	1.0000	0.9993	1	0.9999	0.9981	1
COG1692	T	2',3'- and 3',5'-cNMP phosphodiesterase YmdB, calcineurin family	0.0000	0.0011	0	0.0000	0.0004	0	0.0000	0.0009	0	0.0000	0.0024	0	0.0000	0.0012	0
COG1693	K	Repressor of nif and glnA expression	0.0000	0.3177	0	0.7200	0.8945	1	0.0000	0.1229	0	0.7683	0.9748	1	0.2012	0.7831	1
COG1694	V	NTP pyrophosphatase, house-cleaning of non-canonical NTPs	0.0100	0.8417	1	0.0000	0.2283	0	0.0000	0.4619	0	1.0000	0.9837	1	1.0000	0.9371	1
COG1695	K	DNA-binding transcriptional regulator, PadR family	0.0100	0.9745	1	0.9938	0.9910	1	0.0100	0.9757	1	1.0000	0.9994	1	1.0000	0.9973	1
COG1696	M	D-alanyl-lipoteichoic acid acyltransferase DltB, MBOAT superfamily	0.0000	0.0033	0	0.0000	0.0002	0	0.0000	0.0035	0	0.0000	0.0007	0	0.0000	0.0001	0
COG1697	L	DNA topoisomerase VI, subunit A	0.0000	0.9287	1	0.7600	0.9966	1	0.0000	0.8935	1	1.0000	0.9997	1	0.9999	0.9992	1
COG1698	S	Uncharacterized conserved protein, UPF0147 family	0.0000	0.9548	1	0.9100	0.9998	1	0.0100	0.9915	1	1.0000	0.9937	1	0.9999	0.9996	1
COG1699	N	Flagellar assembly factor FliW	0.0000	0.0003	0	0.0000	0.0007	0	0.0000	0.0002	0	0.0000	0.0058	0	0.0000	0.0012	0
COG1700	V	Predicted anti-virus defense system component AQ645, contains DUF2357 and  PD-(D/E)xK nuclease domains	0.0000	0.0463	0	0.0000	0.0594	0	0.0000	0.0147	0	0.0056	0.7164	1	0.0005	0.2084	0
COG1701	H	Archaeal phosphopantothenate synthetase	0.0250	0.9876	1	0.8100	0.9980	1	0.0100	0.9541	1	1.0000	0.9995	1	0.9999	0.9989	1
COG1702	T	Phosphate starvation-inducible protein PhoH, predicted ATPase	0.0000	0.0033	0	0.0000	0.0005	0	0.0000	0.0041	0	0.3453	0.0043	0	0.0056	0.0027	0
COG1703	O	GTPase of the G3E family (not a periplasmic protein kinase)	0.0000	0.2665	0	0.5600	0.3973	0	0.0100	0.1726	0	1.0000	0.9890	1	0.9995	0.9565	1
COG1704	M	Magnetosome formation protein MamQ, lipoprotein antigen LemA family	0.0000	0.0464	0	0.1700	0.0471	0	0.0000	0.0741	0	0.9999	0.1021	0	0.7661	0.0787	0
COG1705	MN	Flagellum-specific peptidoglycan hydrolase FlgJ	0.0000	0.0021	0	0.0000	0.0006	0	0.0000	0.0015	0	0.0000	0.0019	0	0.0000	0.0005	0
COG1706	N	Flagellar basal body P-ring protein FlgI	0.0000	0.0018	0	0.0000	0.0006	0	0.0000	0.0018	0	0.0000	0.0005	0	0.0000	0.0010	0
COG1707	R	Uncharacterized protein, contains ACT and PBP-like DUF5612 domains, MJ1458 family	0.0000	0.3476	0	0.5446	0.9315	1	0.0000	0.2181	0	0.5537	0.9418	1	0.0713	0.8017	1
COG1708	R	Predicted nucleotidyltransferase, MJ0604 family	0.0350	0.9866	1	1.0000	0.9994	1	0.1158	0.9507	1	1.0000	0.9999	1	1.0000	0.9993	1
COG1709	K	Predicted transcriptional regulator,contains XRE-type HTH domain	0.9150	0.9915	1	1.0000	0.9968	1	0.9900	0.9813	1	1.0000	0.9987	1	0.9997	0.9949	1
COG1710	R	Predicted DNA-binding protein MJ1475, contains C-terminal HTH domain	0.0000	0.1891	0	0.0000	0.2627	0	0.0000	0.0451	0	0.5081	0.5653	1	0.0286	0.3693	0
COG1711	L	DNA replication initiation complex subunit, GINS family	0.0000	0.8822	1	0.9467	0.9989	1	0.1100	0.9706	1	1.0000	0.9997	1	1.0000	0.9988	1
COG1712	E	L-aspartate dehydrogenase, NAD(P)-dependent	0.1000	0.8000	1	0.9600	0.9275	1	0.2700	0.8809	1	1.0000	0.7161	1	0.9986	0.7620	1
COG1713	TR	Diadenosine tetraphosphatase YqeK or a related HD superfamily phosphohydrolase	0.0000	0.0018	0	0.0000	0.0012	0	0.0000	0.0016	0	0.0000	0.0050	0	0.0000	0.0017	0
COG1714	S	Uncharacterized membrane protein YckC, RDD family	0.0000	0.1405	0	0.6700	0.1489	0	0.0200	0.2501	0	1.0000	0.4069	0	0.9999	0.1717	0
COG1715	V	Restriction endonuclease Mrr	0.0000	0.0984	0	0.6139	0.4773	0	0.0000	0.0543	0	1.0000	0.8338	1	0.7421	0.5331	1
COG1716	T	Forkhead associated (FHA) domain, binds pSer, pThr, pTyr	0.0000	0.0678	0	0.3600	0.1396	0	0.0000	0.0354	0	0.9994	0.4497	0	0.0063	0.1149	0
COG1717	J	Ribosomal protein L32E	0.0050	0.9920	1	0.6700	0.9996	1	0.0000	0.9560	1	1.0000	0.9980	1	0.9999	0.9996	1
COG1718	T	Serine/threonine-protein kinase RIO1	0.0000	0.9658	1	1.0000	0.9987	1	0.1500	0.9850	1	1.0000	0.9997	1	0.9999	0.9992	1
COG1719	R	Predicted hydrocarbon binding protein, contains 4VR domain	0.1300	0.8502	1	0.9978	0.9628	1	0.1909	0.8461	1	1.0000	0.9858	1	1.0000	0.9593	1
COG1720	J	tRNA (Thr-GGU) A37 N6-methylase	0.0000	0.9263	1	0.5700	0.9939	1	0.0700	0.9712	1	1.0000	0.9969	1	1.0000	0.9976	1
COG1721	S	Uncharacterized conserved protein, DUF58 family, contains vWF domain	0.0050	0.9023	1	0.8955	0.8825	1	0.0200	0.5898	1	1.0000	0.9820	1	0.9997	0.9112	1
COG1722	L	Exonuclease VII small subunit	0.0000	0.0361	0	0.1000	0.0158	0	0.0000	0.0351	0	0.1237	0.0047	0	0.0000	0.0008	0
COG1723	J	Mitochondrial translation protein, Rmd1/RMND1/DUF155 family	0.0000	0.0116	0	0.7600	0.3346	0	0.0000	0.0189	0	0.9322	0.4873	0	0.0026	0.1022	0
COG1724	R	Predicted RNA binding protein YcfA, dsRBD-like fold, HicA-like mRNA interferase family	0.0000	0.2864	0	0.7706	0.9605	1	0.0000	0.2898	0	1.0000	0.9712	1	0.9727	0.9320	1
COG1725	K	DNA-binding transcriptional regulator YhcF, GntR family	0.0000	0.0176	0	0.0200	0.0134	0	0.0000	0.0165	0	0.3171	0.0409	0	0.0002	0.0078	0
COG1726	C	Na+-transporting NADH:ubiquinone oxidoreductase, subunit NqrA	0.0000	0.0006	0	0.0000	0.0003	0	0.0000	0.0009	0	0.0000	0.0002	0	0.0000	0.0001	0
COG1727	J	Ribosomal protein L18E	0.0050	0.9964	1	0.9800	0.9999	1	0.2400	0.9964	1	1.0000	0.9995	1	0.9999	0.9999	1
COG1728	S	Uncharacterized conserved protein YaaR, TM1646/DUF327 family	0.0000	0.0029	0	0.0000	0.0037	0	0.0000	0.0014	0	0.0000	0.0078	0	0.0000	0.0037	0
COG1729	D	Cell division protein CpoB, coordinates peptidoglycan biosynthesis and outer membrane constriction	0.0000	0.0022	0	0.0000	0.0002	0	0.0000	0.0031	0	0.0000	0.0001	0	0.0000	0.0001	0
COG1730	O	Prefoldin subunit 5	0.0750	0.9889	1	0.9800	0.9998	1	0.3600	0.9902	1	1.0000	1.0000	1	0.9999	0.9999	1
COG1731	H	Archaeal riboflavin synthase	0.0000	0.7317	1	0.5600	0.9949	1	0.0000	0.6666	1	0.9999	0.9896	1	0.9053	0.9943	1
COG1732	M	Periplasmic glycine betaine/choline-binding (lipo)protein of an ABC-type transport system (osmoprotectant binding protein)	0.0000	0.0186	0	0.3200	0.2062	0	0.0000	0.0096	0	0.4975	0.6934	1	0.0009	0.1963	0
COG1733	K	DNA-binding transcriptional regulator, HxlR family	0.0000	0.3398	0	0.8600	0.5272	1	0.1100	0.5036	1	1.0000	0.8552	1	1.0000	0.6033	1
COG1734	K	RNA polymerase-binding transcription factor DksA	0.0000	0.0009	0	0.0000	0.0001	0	0.0000	0.0015	0	0.0000	0.0009	0	0.0000	0.0002	0
COG1735	R	Predicted metal-dependent hydrolase, phosphotriesterase family	0.0000	0.0140	0	0.0300	0.0668	0	0.0000	0.0071	0	0.0382	0.5609	1	0.0000	0.0561	0
COG1736	J	Diphthamide synthase subunit DPH2	0.0550	0.9856	1	0.9000	0.9997	1	0.0200	0.9754	1	1.0000	0.9990	1	0.9997	0.9994	1
COG1737	K	DNA-binding transcriptional regulator, MurR/RpiR family, contains HTH and SIS domains	0.0000	0.0008	0	0.0000	0.0003	0	0.0000	0.0017	0	0.0000	0.0014	0	0.0000	0.0007	0
COG1738	J	Queuosine precursor transporter YhhQ, DUF165 family	0.0000	0.1682	0	0.0000	0.0162	0	0.0000	0.0655	0	1.0000	0.2714	0	0.1157	0.0670	0
COG1739	R	Putative translation regulator, IMPACT (imprinted ancient) protein family	0.0000	0.0602	0	0.0300	0.0144	0	0.0000	0.0143	0	0.7913	0.0891	0	0.0059	0.0177	0
COG1740	C	Ni,Fe-hydrogenase I small subunit	0.0000	0.1138	0	0.7000	0.7232	1	0.0000	0.0672	0	0.9998	0.8930	1	0.8145	0.7335	1
COG1741	R	Redox-sensitive bicupin YhaK, pirin superfamily	0.0000	0.0208	0	0.1600	0.0713	0	0.0000	0.0163	0	1.0000	0.3168	0	0.9949	0.1382	0
COG1742	R	Uncharacterized inner membrane protein YnfA, drug/metabolite transporter superfamily	0.0000	0.0230	0	0.0300	0.1215	0	0.0000	0.0118	0	0.0288	0.5602	1	0.0000	0.0536	0
COG1743	L	Adenine-specific DNA methylase, contains a Zn-ribbon domain	0.0000	0.3735	0	0.6300	0.9373	1	0.0000	0.2131	0	1.0000	0.9968	1	0.9999	0.9515	1
COG1744	T	Lipoprotein Med, regulator of KinD/Spo0A, PBP1-ABC superfamily, includes NupN	0.0000	0.1245	0	0.2575	0.3941	0	0.0000	0.1710	0	1.0000	0.8960	1	0.9998	0.9201	1
COG1745	S	Uncharacterized metal-binding protein MJ1132, UPF0058 family	0.0000	0.3437	0	0.5900	0.9805	1	0.0000	0.1144	0	0.3282	0.9878	1	0.0122	0.9068	1
COG1746	J	tRNA nucleotidyltransferase (CCA-adding enzyme)	0.7600	0.9979	1	0.9900	0.9995	1	0.3800	0.9938	1	1.0000	0.9999	1	0.9999	0.9995	1
COG1747	S	Uncharacterized N-terminal domain of the transcription elongation factor GreA	0.0000	0.0018	0	0.0000	0.0071	0	0.0000	0.0019	0	0.0000	0.0199	0	0.0000	0.0118	0
COG1748	E	Saccharopine dehydrogenase, NADP-dependent	0.0000	0.2355	0	0.6600	0.5962	1	0.0000	0.2990	0	1.0000	0.7785	1	1.0000	0.8765	1
COG1749	N	Flagellar hook protein FlgE	0.0000	0.0030	0	0.0000	0.0010	0	0.0000	0.0044	0	0.0000	0.0037	0	0.0000	0.0014	0
COG1750	R	Predicted archaeal serine protease, S18 family	0.1100	0.8718	1	1.0000	0.9968	1	0.0900	0.7147	1	1.0000	0.9882	1	0.9898	0.9903	1
COG1751	GT	Ligand-binding C-terminal domain of pyruvate kinase, DUF1867	0.0450	0.8181	1	0.9900	0.9967	1	0.4200	0.8104	1	1.0000	0.9984	1	0.9998	0.9970	1
COG1752	R	Predicted acylesterase/phospholipase RssA, containd patatin domain	0.0000	0.0168	0	0.0000	0.0011	0	0.0000	0.0115	0	0.0000	0.0907	0	0.0000	0.0012	0
COG1753	V	Predicted antitoxin, CopG family	0.0000	0.2224	0	0.9811	0.9780	1	0.0496	0.2716	0	1.0000	0.9951	1	0.9994	0.9851	1
COG1754	S	Uncharacterized C-terminal domain of topoisomerase IA	0.0000	0.0001	0	0.0000	0.0016	0	0.0000	0.0000	0	0.0000	0.0164	0	0.0000	0.0035	0
COG1755	S	Uncharacterized conserved protein YpbQ, isoprenylcysteine carboxyl methyltransferase (ICMT) family	0.0000	0.0001	0	0.0000	0.0005	0	0.0000	0.0002	0	0.0000	0.0058	0	0.0000	0.0012	0
COG1756	J	rRNA pseudouridine-1189 N-methylase Emg1, Nep1/Mra1 family	0.0750	0.9383	1	0.5600	0.9951	1	0.0300	0.9413	1	1.0000	0.9777	1	0.9999	0.9995	1
COG1757	C	Na+/H+ antiporter NhaC/MleN	0.0000	0.0248	0	0.0500	0.0182	0	0.0000	0.0130	0	0.9901	0.3676	0	0.0107	0.0279	0
COG1758	K	DNA-directed RNA polymerase, subunit K/omega	0.0600	0.9740	1	1.0000	0.9909	1	0.6400	0.9861	1	1.0000	0.9531	1	0.9999	0.9848	1
COG1759	F	5-formaminoimidazole-4-carboxamide-1-beta-D-ribofuranosyl 5'-monophosphate synthetase (purine biosynthesis)	0.0000	0.9256	1	0.4500	0.9967	1	0.0100	0.9831	1	1.0000	0.9946	1	1.0000	0.9985	1
COG1760	E	L-serine deaminase	0.0000	0.0083	0	0.0000	0.0004	0	0.0000	0.0054	0	0.0000	0.0068	0	0.0000	0.0010	0
COG1761	K	DNA-directed RNA polymerase, subunit L/RPAC2	0.3250	0.9951	1	0.6900	0.9993	1	0.0100	0.9828	1	1.0000	0.9992	1	0.9999	0.9996	1
COG1762	GT	Phosphotransferase system mannitol/fructose-specific IIA domain (Ntr-type)	0.0000	0.0124	0	0.0100	0.0020	0	0.0000	0.0136	0	0.0013	0.0068	0	0.0001	0.0033	0
COG1763	H	Molybdopterin-guanine dinucleotide biosynthesis protein	0.0000	0.8581	1	0.7800	0.9903	1	0.0500	0.9684	1	1.0000	0.9958	1	0.9999	0.9982	1
COG1764	V	Organic hydroperoxide reductase OsmC/OhrA	0.0000	0.0691	0	0.1300	0.0748	0	0.0000	0.0847	0	1.0000	0.2538	0	0.0501	0.0974	0
COG1765	R	Uncharacterized OsmC-related protein	0.0150	0.8179	1	0.9270	0.9440	1	0.0200	0.8422	1	1.0000	0.9988	1	1.0000	0.9869	1
COG1766	NU	Flagellar biosynthesis/type III secretory pathway M-ring protein FliF/YscJ	0.0000	0.0015	0	0.0000	0.0004	0	0.0000	0.0020	0	0.0000	0.0003	0	0.0000	0.0004	0
COG1767	H	Triphosphoribosyl-dephospho-CoA synthetase	0.0000	0.9768	1	0.5600	0.9995	1	0.0000	0.7840	1	1.0000	1.0000	1	0.9999	0.9999	1
COG1768	R	Predicted phosphohydrolase, DR1119 family, metallophosphatase superfamily	0.0000	0.0021	0	0.0000	0.0019	0	0.0000	0.0011	0	0.0000	0.0203	0	0.0000	0.0030	0
COG1769	V	CRISPR-Cas system type III CMR-effector complex subunit Cmr3, RAMP superfamily Cas5 group	0.0000	0.1183	0	0.0984	0.7476	1	0.0000	0.0371	0	0.9985	0.9686	1	0.0623	0.4622	0
COG1770	E	Protease II	0.0000	0.0028	0	0.0000	0.0005	0	0.0000	0.0029	0	0.0000	0.0009	0	0.0000	0.0005	0
COG1771	S	Uncharacterized conserved protein, contains N-terminal Zn-finger domain	0.0000	0.1616	0	0.2200	0.6847	1	0.0000	0.0347	0	0.4913	0.6869	1	0.0037	0.5053	1
COG1772	S	Uncharacterized conserved protein, DUF531 domain	0.0000	0.5506	1	0.0000	0.7657	1	0.0000	0.1663	0	0.5203	0.9683	1	0.3503	0.8725	1
COG1773	P	Flavorubredoxin	0.0000	0.6607	1	0.1714	0.9403	1	0.0000	0.5295	1	0.9876	0.9763	1	0.0231	0.8789	1
COG1774	T	Cell fate regulator YaaT, PSP1 superfamily (controls sporulation, competence, biofilm development)	0.0000	0.0223	0	0.0000	0.0238	0	0.0000	0.0083	0	0.0000	0.2982	0	0.0000	0.0335	0
COG1775	EQ	Benzoyl-CoA reductase/2-hydroxyglutaryl-CoA dehydratase subunit, BcrC/BadD/HgdB	0.0000	0.3147	0	0.5600	0.8701	1	0.0000	0.1960	0	1.0000	0.9844	1	0.9814	0.9472	1
COG1776	T	Phosphoaspartate phosphatase CheC, specific for CheY-P	0.0000	0.3482	0	0.3500	0.5413	1	0.0000	0.2050	0	1.0000	0.8297	1	0.9707	0.7358	1
COG1777	K	Predicted transcriptional regulator, ArsR family	0.0000	0.6545	1	0.9600	0.9390	1	0.0900	0.7106	1	1.0000	0.9931	1	0.9995	0.9745	1
COG1778	MR	3-deoxy-D-manno-octulosonate 8-phosphate phosphatase KdsC and related HAD superfamily phosphatases	0.0000	0.0054	0	0.0000	0.0020	0	0.0000	0.0041	0	0.0000	0.0073	0	0.0000	0.0023	0
COG1779	R	C4-type Zn-finger protein	0.0350	0.9602	1	0.6300	0.9997	1	0.0000	0.5850	1	1.0000	0.9993	1	0.9993	0.9996	1
COG1780	F	Flavodoxin NrdI, NrdF-interacting activator of class Ib ribonucleotide reductase	0.0000	0.0004	0	0.0000	0.0002	0	0.0000	0.0005	0	0.0000	0.0001	0	0.0000	0.0001	0
COG1781	F	Aspartate carbamoyltransferase, regulatory subunit	0.5400	0.9968	1	0.9900	0.9997	1	0.3600	0.9938	1	1.0000	0.9998	1	0.9999	0.9999	1
COG1782	R	Predicted metal-dependent RNase, contains metallo-beta-lactamase and KH domains	0.8200	0.9993	1	1.0000	1.0000	1	0.9700	0.9991	1	1.0000	1.0000	1	0.9999	1.0000	1
COG1783	X	Phage terminase large subunit	0.0000	0.0074	0	0.0000	0.0018	0	0.0000	0.0089	0	0.0000	0.0033	0	0.0000	0.0015	0
COG1784	R	TctA family transporter	0.0000	0.6764	1	0.9900	0.9744	1	0.2500	0.6928	1	0.9991	0.9400	1	0.7358	0.8102	1
COG1785	PR	Alkaline phosphatase	0.0000	0.0711	0	0.0400	0.1295	0	0.0000	0.0351	0	0.9984	0.5932	1	0.0120	0.1393	0
COG1786	I	Mevalonate 5-phosphate dehydratase subunit 2, swiveling domain (modified mevalonate pathway)	0.6050	0.9957	1	0.5000	0.9996	1	0.0100	0.9854	1	1.0000	0.9998	1	0.9999	0.9998	1
COG1787	V	Endonuclease, HJR/Mrr/RecB family	0.0000	0.0101	0	0.0000	0.0078	0	0.0000	0.0079	0	1.0000	0.3574	0	0.0592	0.0662	0
COG1788	I	Acyl CoA:acetate/3-ketoacid CoA transferase, alpha subunit	0.0000	0.0466	0	0.7300	0.2832	0	0.0000	0.0353	0	1.0000	0.9242	1	0.8449	0.7597	1
COG1790	S	Uncharacterized conserved protein, DUF483 domain	0.0000	0.0727	0	0.1000	0.9233	1	0.0000	0.0430	0	0.1358	0.7705	1	0.0003	0.8141	1
COG1791	E	Acireductone dioxygenase (methionine salvage), cupin superfamily	0.0000	0.0015	0	0.0000	0.0008	0	0.0000	0.0019	0	0.0000	0.0027	0	0.0000	0.0013	0
COG1792	DZ	Cell shape-determining protein MreC	0.0000	0.0005	0	0.0000	0.0000	0	0.0000	0.0007	0	0.0000	0.0000	0	0.0000	0.0000	0
COG1793	L	ATP-dependent DNA ligase	0.1500	0.9921	1	0.9994	0.9993	1	0.5776	0.9958	1	1.0000	0.9999	1	1.0000	0.9990	1
COG1794	M	Amino acid racemase YgeA	0.0000	0.1426	0	0.3370	0.4465	0	0.0000	0.1433	0	1.0000	0.7618	1	1.0000	0.7940	1
COG1795	C	Formaldehyde-activating enzyme (5,6,7,8-tetrahydromethanopterin hydrolyase)	0.0000	0.0077	0	0.8800	0.1131	0	0.0200	0.0060	0	1.0000	0.1164	0	0.0867	0.0586	0
COG1796	L	DNA polymerase/3'-5' exonuclease PolX	0.0000	0.0321	0	0.0800	0.2592	0	0.0000	0.0411	0	1.0000	0.9250	1	0.9976	0.6260	1
COG1797	H	Cobyrinic acid a,c-diamide synthase	0.0400	0.6921	1	0.7600	0.9826	1	0.0200	0.2262	0	1.0000	1.0000	1	0.9860	0.9665	1
COG1798	J	Diphthamide biosynthesis methyltransferase	0.1850	0.9842	1	0.7500	0.9992	1	0.0100	0.9621	1	1.0000	0.9991	1	0.9998	0.9994	1
COG1799	D	Cell division protein SepF/YlmF, interacts with FtsZ	0.0000	0.0058	0	0.0000	0.0090	0	0.0000	0.0044	0	0.0000	0.0509	0	0.0000	0.0114	0
COG1800	R	Predicted transglutaminase-like protease, UPF0252 family	0.0000	0.2119	0	0.0595	0.8042	1	0.0000	0.1051	0	0.9516	0.9560	1	0.0011	0.7961	1
COG1801	R	Sugar isomerase-related protein YecE, UPF0759/DUF72 family	0.0000	0.9058	1	0.5700	0.9822	1	0.0000	0.9380	1	1.0000	0.9963	1	1.0000	0.9957	1
COG1802	K	DNA-binding transcriptional regulator, GntR family	0.0000	0.0049	0	0.0300	0.0077	0	0.0000	0.0050	0	0.1801	0.1382	0	0.0001	0.0173	0
COG1803	G	Methylglyoxal synthase	0.0000	0.0157	0	0.0200	0.0371	0	0.0000	0.0176	0	0.9864	0.3605	0	0.0007	0.0653	0
COG1804	I	Crotonobetainyl-CoA:carnitine CoA-transferase CaiB and related acyl-CoA transferases	0.0000	0.0920	0	0.0300	0.1538	0	0.0000	0.1236	0	1.0000	0.8813	1	0.9989	0.6297	1
COG1805	C	Na+-transporting NADH:ubiquinone oxidoreductase, subunit NqrB	0.0000	0.0007	0	0.0000	0.0005	0	0.0000	0.0008	0	0.0000	0.0006	0	0.0000	0.0003	0
COG1806	T	Regulator of PEP synthase PpsR, kinase-PPPase family (combines ADP:protein kinase and phosphorylase activities)	0.0000	0.0012	0	0.0000	0.0006	0	0.0000	0.0017	0	0.0000	0.0055	0	0.0000	0.0015	0
COG1807	M	PMT family glycosyltransferase ArnT/Agl22, involved in glycosylation of proteins and lipid IVA	0.0000	0.0835	0	0.6913	0.2265	0	0.0000	0.0574	0	0.2596	0.3743	0	0.0011	0.0479	0
COG1808	S	Uncharacterized membrane protein AF0785, contains DUF389 domain	0.1500	0.5329	1	0.9900	0.6883	1	0.2600	0.3194	0	0.9991	0.9445	1	0.8894	0.7891	1
COG1809	H	Phosphosulfolactate synthase, CoM biosynthesis protein A	0.0000	0.0686	0	0.6800	0.8081	1	0.0000	0.0678	0	0.9989	0.9833	1	0.0075	0.6067	1
COG1810	S	Uncharacterized conserved protein, DUF166 domain	0.0100	0.7123	1	0.7056	0.9865	1	0.0200	0.6723	1	1.0000	0.9955	1	0.8675	0.9861	1
COG1811	S	Uncharacterized membrane protein YqgA, affects biofilm formation	0.0000	0.0295	0	0.0500	0.2526	0	0.0000	0.0287	0	0.9986	0.8964	1	0.0055	0.3814	0
COG1812	H	Archaeal S-adenosylmethionine synthetase	0.0000	0.9838	1	0.9900	1.0000	1	0.1800	0.9966	1	1.0000	1.0000	1	0.9999	1.0000	1
COG1813	J	Archaeal ribosome-binding protein aMBF1, putative translation factor, contains Zn-ribbon and HTH domains	0.0000	0.9794	1	0.2200	0.9974	1	0.0000	0.9486	1	1.0000	0.9998	1	0.9999	0.9995	1
COG1814	P	Predicted Fe2+/Mn2+ transporter, VIT1/CCC1 family	0.0100	0.9667	1	0.7850	0.9985	1	0.0199	0.9696	1	1.0000	0.9999	1	1.0000	0.9997	1
COG1815	N	Flagellar basal body rod protein FlgB	0.0000	0.0009	0	0.0000	0.0002	0	0.0000	0.0008	0	0.0000	0.0012	0	0.0000	0.0004	0
COG1816	F	Adenosine deaminase	0.0000	0.0084	0	0.0000	0.0020	0	0.0000	0.0142	0	0.0000	0.0346	0	0.0000	0.0035	0
COG1817	R	Predicted glycosyltransferase	0.0800	0.9099	1	0.9600	0.9857	1	0.0400	0.8444	1	1.0000	0.9978	1	0.9996	0.9942	1
COG1818	J	tRNA(Ser,Leu) C12 N-acetylase TAN1, contains THUMP domain	0.0000	0.7322	1	0.7368	0.9986	1	0.0100	0.9349	1	1.0000	0.9939	1	0.9997	0.9998	1
COG1819	G	UDP:flavonoid glycosyltransferase YjiC, YdhE family	0.0150	0.6567	1	0.3400	0.5438	1	0.0200	0.7198	1	1.0000	0.7552	1	0.9981	0.7457	1
COG1820	G	N-acetylglucosamine-6-phosphate deacetylase	0.0000	0.0127	0	0.0700	0.0118	0	0.0000	0.0241	0	0.7212	0.0372	0	0.0097	0.0173	0
COG1821	H	Tyramine-glutamate ligase MfnD (methanofuran biosynthesis), ATP-grasp superfamily	0.0000	0.7761	1	0.0400	0.9948	1	0.0000	0.5255	1	1.0000	0.9985	1	0.9876	0.9965	1
COG1822	M	Uncharacterized membrane protein MJ0419, predicted role in archaeal polysaccharide biosynthesis	0.0150	0.3969	0	0.2700	0.4561	0	0.0000	0.1025	0	0.9989	0.6592	1	0.0459	0.3594	0
COG1823	E	L-cystine transporter TcyP, sodium:dicarboxylate symporter family	0.0000	0.0003	0	0.0000	0.0002	0	0.0000	0.0007	0	0.0000	0.0005	0	0.0000	0.0002	0
COG1824	P	Permease, similar to cation transporters	0.0000	0.8593	1	0.0300	0.9680	1	0.0000	0.7843	1	1.0000	0.9944	1	1.0000	0.9965	1
COG1825	J	Ribosomal protein L25 (general stress protein Ctc)	0.0000	0.0012	0	0.0000	0.0001	0	0.0000	0.0021	0	0.0000	0.0005	0	0.0000	0.0002	0
COG1826	U	Twin-arginine protein secretion pathway components TatA and TatB	0.0000	0.2758	0	0.8100	0.3654	0	0.0000	0.2446	0	1.0000	0.9285	1	0.9713	0.6637	1
COG1827	KH	Transcriptional regulator of NAD metabolism, contains HTH and 3H domains	0.0000	0.0163	0	0.0000	0.0477	0	0.0000	0.0124	0	0.0000	0.4512	0	0.0000	0.0947	0
COG1828	F	Phosphoribosylformylglycinamidine (FGAM) synthase, PurS subunit	0.0000	0.8816	1	0.9600	0.9885	1	0.0500	0.9740	1	1.0000	0.9994	1	0.9999	0.9946	1
COG1829	H	Archaeal pantoate kinase	0.0100	0.9910	1	0.7800	0.9993	1	0.0300	0.9818	1	1.0000	0.9999	1	0.9999	0.9998	1
COG1830	G	Fructose-bisphosphate aldolase class Ia, DhnA family	0.0000	0.9544	1	0.4000	0.9974	1	0.0200	0.9732	1	1.0000	0.9999	1	1.0000	0.9992	1
COG1831	R	Predicted metal-dependent hydrolase, urease superfamily	0.0050	0.8742	1	0.2000	0.9367	1	0.0000	0.3372	0	0.9974	0.9992	1	0.5794	0.9775	1
COG1832	R	Predicted CoA-binding protein	0.0200	0.5523	1	0.5700	0.5922	1	0.0000	0.3959	0	1.0000	0.9139	1	0.9999	0.7878	1
COG1833	R	Uri superfamily endonuclease	0.0000	0.9257	1	0.0000	0.9210	1	0.0000	0.8698	1	1.0000	0.9997	1	0.9999	0.9994	1
COG1834	E	N-Dimethylarginine dimethylaminohydrolase	0.0000	0.0663	0	0.3800	0.1380	0	0.0000	0.1154	0	1.0000	0.3082	0	0.9996	0.4525	0
COG1835	M	Peptidoglycan/LPS O-acetylase OafA/YrhL, contains acyltransferase and SGNH-hydrolase domains	0.0000	0.0147	0	0.0000	0.0038	0	0.0000	0.0099	0	0.9853	0.1133	0	0.0094	0.0082	0
COG1836	R	Cytidylyltransferase family enzyme	0.3800	0.9767	1	1.0000	0.9990	1	0.8000	0.9559	1	1.0000	0.9999	1	0.9996	0.9976	1
COG1837	R	Predicted RNA-binding protein YlqC, contains KH domain, UPF0109 family	0.0000	0.0021	0	0.0000	0.0013	0	0.0000	0.0025	0	0.0000	0.0171	0	0.0000	0.0013	0
COG1838	C	Tartrate dehydratase beta subunit/Fumarate hydratase class I, C-terminal domain	0.1250	0.9898	1	0.6300	0.9944	1	0.0200	0.9858	1	1.0000	0.9986	1	0.9999	0.9973	1
COG1839	F	Adenosine/AMP kinase	0.0000	0.8102	1	0.0000	0.9744	1	0.0000	0.8666	1	1.0000	0.9988	1	0.9997	0.9997	1
COG1840	P	ABC-type Fe3+ transport system, periplasmic component	0.0000	0.1401	0	0.4258	0.2415	0	0.0000	0.0482	0	1.0000	0.6806	1	0.1456	0.4243	0
COG1841	J	Ribosomal protein L30/L7E	0.2800	0.9945	1	0.7700	0.9996	1	0.0100	0.9918	1	1.0000	1.0000	1	0.9999	0.9999	1
COG1842	KT	Phage shock protein A	0.0000	0.0470	0	0.0000	0.0314	0	0.0000	0.0195	0	0.9977	0.6253	1	0.0084	0.1103	0
COG1843	N	Flagellar hook-capping protein FlgD	0.0000	0.0010	0	0.0000	0.0003	0	0.0000	0.0010	0	0.0000	0.0018	0	0.0000	0.0005	0
COG1844	S	Uncharacterized conserved protein, DUF356 domain	0.0000	0.2766	0	0.4800	0.8439	1	0.0000	0.0230	0	0.5083	0.9102	1	0.3020	0.6478	1
COG1845	C	Heme/copper-type cytochrome/quinol oxidase, subunit 3	0.0000	0.0006	0	0.0000	0.0000	0	0.0000	0.0013	0	0.9979	0.0148	0	0.0026	0.0003	0
COG1846	K	DNA-binding transcriptional regulator, MarR family	0.0050	0.6404	1	0.8116	0.6055	1	0.0000	0.2365	0	1.0000	0.9526	1	1.0000	0.7229	1
COG1847	R	Predicted RNA-binding protein Jag (SpoIIIJ-associated), conains KH and R3H domains	0.0000	0.0043	0	0.0000	0.0012	0	0.0000	0.0029	0	0.0000	0.0224	0	0.0000	0.0018	0
COG1848	V	VapC family ribonuclease, toxin component of the VapBC toxin-antitoxin module, contains PIN domain	0.0150	0.9764	1	0.9998	0.9996	1	0.0600	0.9351	1	1.0000	0.9999	1	1.0000	0.9996	1
COG1849	S	Uncharacterized conserved protein	0.0000	0.5325	1	0.1000	0.8947	1	0.0000	0.2677	0	1.0000	0.9755	1	0.9987	0.8899	1
COG1850	G	Ribulose 1,5-bisphosphate carboxylase, large subunit, or a RuBisCO-like protein	0.0050	0.9322	1	0.7000	0.9862	1	0.0000	0.5749	1	1.0000	0.9903	1	0.9999	0.9918	1
COG1851	S	Uncharacterized conserved protein, UPF0128 family	0.0000	0.0529	0	0.0000	0.2028	0	0.0000	0.0290	0	0.0656	0.7034	1	0.0001	0.4170	0
COG1852	R	Predicted redox protein with CxxCxxC motif, DUF116 family	0.2800	0.8761	1	0.8800	0.9937	1	0.0200	0.7084	1	1.0000	0.9862	1	0.9999	0.9566	1
COG1853	C	FMN reductase RutF, DIM6/NTAB family	0.0050	0.9638	1	0.9532	0.9886	1	0.0100	0.9565	1	1.0000	0.9987	1	1.0000	0.9965	1
COG1854	T	S-ribosylhomocysteine lyase LuxS, autoinducer biosynthesis	0.0000	0.0017	0	0.0000	0.0008	0	0.0000	0.0022	0	0.0000	0.0013	0	0.0000	0.0009	0
COG1855	UW	Predicted ATPase, PilT family, contains N-terminal PIN domain	0.6350	0.9953	1	0.9800	0.9999	1	0.1200	0.9299	1	1.0000	0.9998	1	0.9999	0.9999	1
COG1856	R	Uncharacterized conserved protein, radical SAM superfamily	0.0000	0.8271	1	0.0800	0.9476	1	0.0000	0.7421	1	1.0000	0.9708	1	0.9999	0.9966	1
COG1857	V	CRISPR-Cas system type I effector complex subunit Cas7,  RAMP superfamily	0.0200	0.9139	1	0.9412	0.9933	1	0.0200	0.7783	1	1.0000	0.9953	1	0.9966	0.9939	1
COG1858	O	Cytochrome c peroxidase	0.0000	0.0025	0	0.0000	0.0026	0	0.0000	0.0019	0	0.0001	0.0643	0	0.0000	0.0021	0
COG1859	J	RNA:NAD 2'-phosphotransferase, TPT1/KptA family	0.0050	0.8577	1	0.8800	0.8098	1	0.0300	0.6704	1	1.0000	0.8793	1	0.9791	0.7843	1
COG1860	FL	Predicted metal-binding protein, contains two cysteine clusters, UPF0179 family	0.0000	0.9403	1	0.5600	0.9961	1	0.0200	0.9373	1	1.0000	0.9994	1	0.9996	0.9974	1
COG1861	M	Spore coat polysaccharide biosynthesis protein SpsF, cytidylyltransferase family	0.0000	0.0222	0	0.0000	0.0371	0	0.0000	0.0151	0	0.0000	0.1701	0	0.0000	0.0252	0
COG1862	U	Protein translocase subunit YajC	0.0000	0.0022	0	0.0000	0.0003	0	0.0000	0.0024	0	0.0000	0.0001	0	0.0000	0.0001	0
COG1863	P	Multisubunit Na+/H+ antiporter, MnhE subunit	0.0000	0.9179	1	0.2900	0.9391	1	0.0000	0.5981	1	0.9996	0.9943	1	0.8051	0.9730	1
COG1864	F	DNA/RNA endonuclease G, NUC1	0.0000	0.0029	0	0.0000	0.0021	0	0.0000	0.0025	0	0.0000	0.0135	0	0.0000	0.0023	0
COG1865	H	Adenosylcobinamide amidohydrolase	0.0000	0.7405	1	0.8300	0.9138	1	0.0100	0.3930	0	0.9990	0.9949	1	0.7007	0.9549	1
COG1866	C	Phosphoenolpyruvate carboxykinase, ATP-dependent	0.0200	0.2009	0	0.5400	0.0349	0	0.0100	0.3136	0	1.0000	0.0231	0	0.9598	0.0435	0
COG1867	J	tRNA G26 N,N-dimethylase Trm1	0.1050	0.9989	1	0.9700	1.0000	1	0.3100	0.9991	1	1.0000	1.0000	1	0.9999	1.0000	1
COG1868	N	Flagellar motor switch protein FliM	0.0000	0.0006	0	0.0000	0.0003	0	0.0000	0.0006	0	0.0000	0.0026	0	0.0000	0.0006	0
COG1869	G	D-ribose pyranose/furanose isomerase RbsD	0.0000	0.0019	0	0.0000	0.0010	0	0.0000	0.0019	0	0.0000	0.0174	0	0.0000	0.0024	0
COG1871	T	Chemotaxis receptor (MCP) glutamine deamidase CheD	0.0000	0.4331	0	0.1100	0.6253	1	0.0000	0.2393	0	1.0000	0.9290	1	0.8653	0.8043	1
COG1872	S	Uncharacterized conserved protein YggU, UPF0235/DUF167 family	0.0050	0.9467	1	0.8700	0.9916	1	0.0800	0.8893	1	1.0000	0.9978	1	0.9483	0.9903	1
COG1873	R	Sporulation protein YlmC, YlmC/YmxH family, contains PRC-barrel domain	0.0000	0.8966	1	0.6120	0.9955	1	0.0100	0.9210	1	1.0000	0.9976	1	1.0000	0.9854	1
COG1874	G	Beta-galactosidase GanA	0.0000	0.1508	0	0.0100	0.2099	0	0.0000	0.0995	0	0.0043	0.3927	0	0.0004	0.2670	0
COG1875	R	Predicted ribonuclease YlaK, contains NYN-type RNase and PhoH-family ATPase domains	0.0000	0.0247	0	0.0000	0.0363	0	0.0000	0.0197	0	0.0000	0.1982	0	0.0000	0.0534	0
COG1876	M	LD-carboxypeptidase LdcB, LAS superfamily	0.0000	0.0002	0	0.0000	0.0000	0	0.0000	0.0004	0	0.0000	0.0000	0	0.0000	0.0000	0
COG1877	G	Trehalose-6-phosphate phosphatase	0.0000	0.0172	0	0.0200	0.1259	0	0.0000	0.0212	0	0.9882	0.8615	1	0.1612	0.2386	0
COG1878	E	Kynurenine formamidase	0.0000	0.4972	0	0.0100	0.8262	1	0.0000	0.3368	0	1.0000	0.9983	1	0.9999	0.9823	1
COG1879	G	ABC-type sugar transport system, periplasmic component, contains N-terminal xre family HTH domain	0.0000	0.0095	0	0.0100	0.0031	0	0.0000	0.0063	0	0.5546	0.1059	0	0.0003	0.0060	0
COG1880	C	CO dehydrogenase/acetyl-CoA synthase epsilon subunit	0.0000	0.6932	1	0.8700	0.9965	1	0.0700	0.8782	1	1.0000	0.9939	1	0.9991	0.9971	1
COG1881	R	Uncharacterized conserved protein, phosphatidylethanolamine-binding protein (PEBP) family	0.0000	0.4734	0	0.7500	0.9246	1	0.0300	0.6281	1	1.0000	0.9897	1	0.9999	0.9642	1
COG1882	C	Pyruvate-formate lyase	0.0000	0.0500	0	0.0000	0.0152	0	0.0000	0.0528	0	1.0000	0.2981	0	0.9936	0.4099	0
COG1883	C	Na+-transporting oxaloacetate/methylmalonyl-CoA decarboxylase, beta subunit	0.0000	0.1406	0	0.1900	0.1771	0	0.0000	0.0506	0	0.9737	0.6616	1	0.0481	0.3041	0
COG1884	I	Methylmalonyl-CoA mutase, N-terminal domain/subunit	0.0000	0.3017	0	0.0400	0.3659	0	0.0000	0.0943	0	1.0000	0.9939	1	0.9996	0.9391	1
COG1885	S	Uncharacterized conserved protein, UPF0212 family	0.0000	0.4769	0	0.3500	0.9399	1	0.0000	0.1005	0	0.5122	0.9931	1	0.1571	0.8722	1
COG1886	NU	Flagellar motor switch/type III secretory pathway protein FliN	0.0000	0.0009	0	0.0000	0.0003	0	0.0000	0.0009	0	0.0000	0.0003	0	0.0000	0.0002	0
COG1887	MI	CDP-glycerol glycerophosphotransferase, TagB/SpsB family	0.0000	0.0279	0	0.1800	0.0686	0	0.0000	0.0304	0	0.9956	0.1300	0	0.0020	0.0516	0
COG1888	S	Uncharacterized conserved protein, DUF211 domain	0.0250	0.9714	1	0.3300	0.9839	1	0.0100	0.9348	1	1.0000	0.9992	1	0.9999	0.9986	1
COG1889	J	Fibrillarin-like rRNA 2'-O-methylase NOP1	0.2150	0.0052	0	0.9800	0.0952	0	0.2900	0.0056	0	1.0000	0.1222	0	0.9999	0.1581	0
COG1890	J	Ribosomal protein S3AE	0.6750	0.9990	1	0.9800	1.0000	1	0.2100	0.9972	1	1.0000	0.9999	1	0.9999	1.0000	1
COG1891	H	4-(hydroxymethyl)-2-furancarboxaldehyde phosphate synthase MfnB	0.0000	0.7735	1	0.4000	0.9939	1	0.0000	0.5481	1	1.0000	0.9973	1	0.9948	0.9967	1
COG1892	G	Phosphoenolpyruvate carboxylase	0.0000	0.5480	1	0.4700	0.9747	1	0.0100	0.6752	1	1.0000	0.9904	1	0.9948	0.9944	1
COG1893	H	Ketopantoate reductase	0.0500	0.8122	1	0.7000	0.5778	1	0.0000	0.3447	0	1.0000	0.9467	1	0.9999	0.9233	1
COG1894	C	NADH:ubiquinone oxidoreductase, NADH-binding 51 kD subunit (chain F)	0.0050	0.4615	0	0.2100	0.2022	0	0.0000	0.0981	0	1.0000	0.9593	1	0.9882	0.7977	1
COG1895	V	HEPN domain protein, predicted toxin of MNT-HEPN system	0.0000	0.5317	1	0.3500	0.9841	1	0.0000	0.3000	0	1.0000	0.9942	1	0.9990	0.9900	1
COG1896	FR	5'-deoxynucleotidase YfbR and related HD superfamily hydrolases	0.0100	0.6812	1	0.8005	0.5625	1	0.0100	0.6501	1	1.0000	0.2684	0	0.9999	0.6444	1
COG1897	E	Homoserine O-succinyltransferase	0.0000	0.0021	0	0.0000	0.0003	0	0.0000	0.0018	0	0.0000	0.0002	0	0.0000	0.0002	0
COG1898	M	dTDP-4-dehydrorhamnose 3,5-epimerase or related enzyme	0.0050	0.8061	1	0.4200	0.6617	1	0.0000	0.2931	0	1.0000	0.9761	1	0.9999	0.8384	1
COG1899	OJ	Deoxyhypusine synthase	0.1000	0.9984	1	0.9700	1.0000	1	0.1400	0.9980	1	1.0000	1.0000	1	1.0000	1.0000	1
COG1900	E	Sulfur incorporation enzyme MA1821 (anaerobic homocysteine biosynthesis), HcyBio/DUF39 family	0.0150	0.9377	1	0.9616	0.9943	1	0.0400	0.9526	1	1.0000	0.9695	1	0.9500	0.9907	1
COG1901	J	tRNA pseudouridine-54 N-methylase	0.0200	0.8552	1	0.9800	0.9968	1	0.1000	0.6918	1	1.0000	0.9964	1	0.9986	0.9955	1
COG1902	C	2,4-dienoyl-CoA reductase or related NADH-dependent reductase, Old Yellow Enzyme (OYE) family	0.0000	0.1609	0	0.2800	0.1587	0	0.0000	0.0662	0	1.0000	0.7842	1	0.9925	0.4284	0
COG1903	H	Cobalamin biosynthesis protein CbiD (cobalt-precorrin-5B C-methyltransferase)	0.0000	0.1634	0	0.3400	0.7169	1	0.0000	0.0328	0	0.9990	0.9903	1	0.2405	0.6549	1
COG1904	G	Glucuronate isomerase	0.0000	0.0038	0	0.0100	0.0031	0	0.0000	0.0037	0	0.0280	0.0031	0	0.0005	0.0019	0
COG1905	C	NADH:ubiquinone oxidoreductase 24 kD subunit (chain E)	0.0000	0.3485	0	0.0900	0.1426	0	0.0000	0.1024	0	1.0000	0.8738	1	0.9920	0.7801	1
COG1906	R	Predicted GntP-related membrane permease AF0261, DUF401 family	0.0300	0.6526	1	0.9400	0.9516	1	0.0200	0.7304	1	1.0000	0.9534	1	0.9995	0.9685	1
COG1907	H	Beta-ribofuranosylaminobenzene 5'-phosphate synthase (methanopterin biosynthesis)	0.0250	0.9965	1	0.7600	1.0000	1	0.0000	0.7870	1	1.0000	1.0000	1	0.9995	1.0000	1
COG1908	C	Coenzyme F420-reducing hydrogenase, delta subunit	0.0000	0.7917	1	0.0000	0.9698	1	0.0000	0.8384	1	1.0000	0.9983	1	1.0000	0.9990	1
COG1909	H	Archaeal dephospho-CoA kinase	0.3300	0.9978	1	0.9300	0.9999	1	0.1300	0.9911	1	1.0000	1.0000	1	0.9999	1.0000	1
COG1910	P	Periplasmic molybdate-binding protein/domain	0.0000	0.1203	0	0.4000	0.4727	0	0.0000	0.1390	0	0.9997	0.8948	1	0.7086	0.7830	1
COG1911	J	Ribosomal protein L30E	0.0000	0.9762	1	0.0800	0.9992	1	0.0000	0.9784	1	1.0000	0.9915	1	0.9999	0.9998	1
COG1912	HV	Stereoselective (R,S)-S-adenosylmethionine hydrolase (adenosine-forming)	0.0000	0.9238	1	0.9600	0.9966	1	0.0300	0.9378	1	1.0000	0.9999	1	0.9999	0.9995	1
COG1913	R	Predicted Zn-dependent protease	0.0000	0.7987	1	0.5000	0.9944	1	0.0000	0.7499	1	1.0000	0.9985	1	0.9999	0.9988	1
COG1914	P	Mn2+ or Fe2+ transporter, NRAMP family	0.0000	0.0678	0	0.0882	0.2662	0	0.0000	0.0591	0	0.9998	0.9553	1	0.6914	0.4513	0
COG1915	S	Uncharacterized conserved protein AF1278, contains saccharopine dehydrogenase N-terminal (SDHN) domain	0.0200	0.5002	1	1.0000	0.9834	1	0.5200	0.6650	1	1.0000	0.9938	1	0.7272	0.9773	1
COG1916	S	Pheromone shutdown protein TraB, contains GTxH motif (function unknown)	0.2600	0.9592	1	0.8812	0.9621	1	0.0000	0.5644	1	0.9994	0.9821	1	0.9342	0.8926	1
COG1917	R	Cupin domain protein related to quercetin dioxygenase	0.0000	0.8578	1	0.9076	0.9813	1	0.0298	0.9005	1	1.0000	0.9994	1	1.0000	0.9967	1
COG1918	P	Fe2+ transport protein FeoA	0.1550	0.9776	1	1.0000	0.9937	1	0.4500	0.9609	1	1.0000	0.9820	1	0.9999	0.9900	1
COG1920	H	2-phospho-L-lactate guanylyltransferase, coenzyme F420 biosynthesis enzyme, CobY/MobA/RfbA family	0.0750	0.8468	1	0.9600	0.9935	1	0.0300	0.6126	1	1.0000	0.9989	1	0.9999	0.9957	1
COG1921	J	Seryl-tRNA(Sec) selenium transferase	0.0000	0.0305	0	0.0199	0.1936	0	0.0000	0.0226	0	0.1827	0.7181	1	0.0005	0.1349	0
COG1922	M	UDP-N-acetyl-D-mannosaminuronic acid transferase, WecB/TagA/CpsF family	0.0000	0.0025	0	0.0000	0.0011	0	0.0000	0.0031	0	0.0000	0.0076	0	0.0000	0.0016	0
COG1923	T	sRNA-binding regulator protein Hfq	0.0000	0.0308	0	0.0000	0.0208	0	0.0000	0.0116	0	0.0139	0.1092	0	0.0000	0.0252	0
COG1924	I	Activator of 2-hydroxyglutaryl-CoA dehydratase (HSP70-class ATPase domain)	0.1050	0.8428	1	0.9946	0.9985	1	0.4904	0.7771	1	1.0000	0.9999	1	0.9977	0.9963	1
COG1925	TG	HPr or related phosphotransfer protein	0.0000	0.0058	0	0.0000	0.0001	0	0.0000	0.0077	0	0.0135	0.0001	0	0.0001	0.0002	0
COG1926	R	Predicted phosphoribosyltransferase	0.0000	0.1986	0	0.7500	0.9461	1	0.0300	0.5657	1	1.0000	0.9978	1	0.9969	0.9802	1
COG1927	C	F420-dependent methylenetetrahydromethanopterin dehydrogenase	0.0000	0.6238	1	0.1200	0.9844	1	0.0000	0.6145	1	1.0000	0.9864	1	0.9859	0.9914	1
COG1928	O	Dolichyl-phosphate-mannose--protein O-mannosyl transferase	0.0000	0.0043	0	0.0000	0.0116	0	0.0000	0.0089	0	0.0000	0.0216	0	0.0000	0.0087	0
COG1929	G	Glycerate kinase	0.0000	0.0010	0	0.0000	0.0003	0	0.0000	0.0025	0	0.0000	0.0080	0	0.0000	0.0005	0
COG1930	P	ABC-type cobalt transport system, periplasmic component	0.0000	0.0836	0	0.0100	0.4470	0	0.0000	0.0167	0	0.1426	0.8651	1	0.0107	0.3964	0
COG1931	R	Predicted RNA binding protein with dsRBD fold, UPF0201 family	0.5200	0.9656	1	1.0000	0.9938	1	0.6800	0.9550	1	1.0000	0.9974	1	0.9999	0.9983	1
COG1932	HE	Phosphoserine aminotransferase	0.0000	0.0117	0	0.0000	0.0008	0	0.0000	0.0170	0	0.0000	0.0003	0	0.0000	0.0004	0
COG1933	L	Archaeal DNA polymerase II, large subunit	0.9000	0.9869	1	1.0000	0.9953	1	0.9900	0.9911	1	1.0000	0.9972	1	0.9999	0.9895	1
COG1934	M	Lipopolysaccharide export system protein LptA	0.0000	0.0027	0	0.0000	0.0008	0	0.0000	0.0043	0	0.0000	0.0003	0	0.0000	0.0005	0
COG1935	S	Uncharacterized conserved protein, DUF473 domain	0.0000	0.5308	1	0.5800	0.9840	1	0.0000	0.1031	0	0.5105	0.9795	1	0.3462	0.9292	1
COG1936	F	Broad-specificity NMP kinase	0.0000	0.9351	1	0.1600	0.9967	1	0.0000	0.9258	1	1.0000	0.9998	1	0.9999	0.9994	1
COG1937	K	DNA-binding transcriptional regulator, FrmR family	0.0000	0.0132	0	0.0100	0.0181	0	0.0000	0.0112	0	0.0026	0.0877	0	0.0000	0.0040	0
COG1938	R	Predicted ATP-dependent carboligase, ATP-grasp superfamily	0.0000	0.9491	1	0.3800	0.9987	1	0.0100	0.9877	1	1.0000	0.9999	1	1.0000	0.9997	1
COG1939	J	23S rRNA maturation mini-RNase III	0.0000	0.0025	0	0.0000	0.0024	0	0.0000	0.0018	0	0.0000	0.0025	0	0.0000	0.0025	0
COG1940	GK	Sugar kinase of the NBD/HSP70 family, may contain an N-terminal HTH domain	0.0000	0.1753	0	0.5400	0.2491	0	0.0000	0.1994	0	1.0000	0.4934	0	0.9993	0.4581	0
COG1941	C	Coenzyme F420-reducing hydrogenase, gamma subunit	0.1150	0.9227	1	0.9685	0.9916	1	0.2600	0.8999	1	1.0000	0.9986	1	1.0000	0.9985	1
COG1942	Q	Phenylpyruvate tautomerase PptA, 4-oxalocrotonate tautomerase family	0.0000	0.0438	0	0.7700	0.1607	0	0.0000	0.0309	0	1.0000	0.3266	0	0.9997	0.3968	0
COG1943	X	REP element-mobilizing transposase RayT	0.0000	0.1840	0	0.0700	0.3314	0	0.0000	0.0951	0	1.0000	0.8723	1	0.9962	0.6960	1
COG1944	J	Ribosomal protein S12 methylthiotransferase accessory factor YcaO	0.0000	0.2311	0	0.6733	0.8030	1	0.0000	0.1267	0	0.9989	0.9472	1	0.1749	0.5656	1
COG1945	E	Pyruvoyl-dependent arginine decarboxylase	0.0750	0.9685	1	0.9600	0.9967	1	0.1300	0.9355	1	1.0000	0.9999	1	0.9999	0.9986	1
COG1946	I	Acyl-CoA thioesterase	0.0000	0.0013	0	0.0000	0.0008	0	0.0000	0.0018	0	0.0000	0.0017	0	0.0000	0.0013	0
COG1947	I	4-diphosphocytidyl-2C-methyl-D-erythritol kinase	0.0000	0.0032	0	0.0000	0.0001	0	0.0000	0.0048	0	0.0000	0.0000	0	0.0000	0.0000	0
COG1948	L	ERCC4-type crossover junction endonuclease	0.0050	0.6789	1	0.4700	0.9446	1	0.0000	0.4916	0	0.9999	0.9571	1	0.4186	0.9308	1
COG1949	A	Oligoribonuclease (3'-5' exoribonuclease)	0.0000	0.0066	0	0.0000	0.0005	0	0.0000	0.0073	0	0.0000	0.0001	0	0.0000	0.0004	0
COG1950	S	Uncharacterized membrane protein YvlD, DUF360 family	0.0000	0.0103	0	0.0000	0.0026	0	0.0000	0.0060	0	0.0000	0.0610	0	0.0000	0.0059	0
COG1951	C	Tartrate dehydratase alpha subunit/Fumarate hydratase class I, N-terminal domain	0.1950	0.9940	1	0.9100	0.9996	1	0.1200	0.9911	1	1.0000	0.9998	1	0.9999	0.9995	1
COG1952	U	Preprotein translocase subunit SecB	0.0000	0.0061	0	0.0000	0.0023	0	0.0000	0.0043	0	0.0000	0.0046	0	0.0000	0.0011	0
COG1953	FH	Cytosine/uracil/thiamine/allantoin permease	0.0000	0.0173	0	0.0000	0.0073	0	0.0000	0.0104	0	0.0142	0.0627	0	0.0005	0.0712	0
COG1954	K	Glycerol-3-phosphate responsive antiterminator (mRNA-binding)	0.0000	0.0007	0	0.0000	0.0015	0	0.0000	0.0008	0	0.0000	0.0593	0	0.0000	0.0061	0
COG1955	N	Archaellum biogenesis protein ArlJ/FlaJ, TadC family	0.1100	0.9640	1	0.8900	0.9989	1	0.1000	0.5637	1	0.9999	0.9996	1	0.9793	0.9991	1
COG1956	VT	GAF domain-containing protein, putative methionine-R-sulfoxide reductase	0.0050	0.0367	0	0.6100	0.0525	0	0.0000	0.0096	0	0.9997	0.1192	0	0.0095	0.0223	0
COG1957	F	Inosine-uridine nucleoside N-ribohydrolase	0.0000	0.0265	0	0.0900	0.0299	0	0.0000	0.0290	0	0.9999	0.2726	0	0.5724	0.1618	0
COG1958	K	Small nuclear ribonucleoprotein (snRNP) homolog	0.0000	0.9890	1	0.8200	1.0000	1	0.0000	0.9887	1	1.0000	1.0000	1	1.0000	1.0000	1
COG1959	K	DNA-binding transcriptional regulator, IscR family	0.0000	0.0093	0	0.0000	0.0007	0	0.0000	0.0064	0	0.0000	0.0046	0	0.0000	0.0011	0
COG1960	I	Acyl-CoA dehydrogenase related to the alkylation response protein AidB	0.0000	0.1207	0	0.9652	0.2406	0	0.0991	0.5271	1	1.0000	0.7367	1	1.0000	0.5283	1
COG1961	L	Site-specific DNA recombinase SpoIVCA/DNA invertase PinE	0.0050	0.2630	0	0.6800	0.1539	0	0.0100	0.1817	0	1.0000	0.3389	0	0.0305	0.0780	0
COG1962	H	Tetrahydromethanopterin S-methyltransferase, subunit H	0.0850	0.8455	1	0.9800	0.9981	1	0.2600	0.8921	1	1.0000	0.9975	1	0.9764	0.9956	1
COG1963	R	Acid phosphatase family membrane protein YuiD	0.0000	0.0011	0	0.0000	0.0013	0	0.0000	0.0018	0	0.0000	0.0051	0	0.0000	0.0021	0
COG1964	H	C-terminal domain of the GTP 3',8'-cyclase MoaA, radical SAM superfamily (molybdenum cofactor biosynthesis)	0.3500	0.9915	1	0.9700	0.9994	1	0.3800	0.9927	1	1.0000	0.9986	1	0.9999	0.9994	1
COG1965	P	Fe-S cluster assembly protein CyaY, frataxin homolog	0.0000	0.0005	0	0.0000	0.0004	0	0.0000	0.0007	0	0.0000	0.0017	0	0.0000	0.0007	0
COG1966	CE	Carbon starvation protein CstA (peptide/pyruvate transporter)	0.0000	0.3145	0	0.0200	0.2857	0	0.0000	0.1676	0	1.0000	0.7183	1	0.4966	0.6529	1
COG1967	S	Uncharacterized membrane protein	0.0000	0.6691	1	0.1000	0.9851	1	0.0000	0.2667	0	0.9758	0.9941	1	0.5097	0.9506	1
COG1968	I	Undecaprenyl pyrophosphate phosphatase	0.0000	0.4311	0	0.7200	0.4226	0	0.0000	0.3402	0	1.0000	0.7186	1	0.9996	0.5240	1
COG1969	C	Ni,Fe-hydrogenase I cytochrome b subunit	0.0000	0.0017	0	0.0000	0.0020	0	0.0000	0.0012	0	0.0000	0.0092	0	0.0000	0.0026	0
COG1970	M	Large-conductance mechanosensitive channel	0.0000	0.1226	0	0.7800	0.2488	0	0.0000	0.1357	0	1.0000	0.3129	0	0.3357	0.1696	0
COG1971	P	Putative Mn2+ efflux pump MntP	0.0000	0.1055	0	0.4500	0.4116	0	0.0100	0.2304	0	0.9999	0.3714	0	0.7199	0.2865	0
COG1972	F	Nucleoside permease NupC	0.0000	0.0012	0	0.0000	0.0003	0	0.0000	0.0009	0	0.0000	0.0008	0	0.0000	0.0001	0
COG1973	O	Hydrogenase maturation factor HypE	0.0050	0.7459	1	0.1000	0.9864	1	0.0100	0.4232	0	0.9998	0.9964	1	0.2584	0.9829	1
COG1974	KT	SOS-response transcriptional repressor LexA (RecA-mediated autopeptidase)	0.0000	0.0017	0	0.0000	0.0001	0	0.0000	0.0012	0	0.0000	0.0033	0	0.0000	0.0001	0
COG1975	O	Molybdoenzyme maturation factor PaoD (Mo cofactor insertion), XdhC/CoxF family	0.0000	0.0596	0	0.1500	0.1503	0	0.0000	0.0394	0	1.0000	0.8057	1	0.9755	0.6564	1
COG1976	J	Translation initiation factor 6 (eIF-6)	0.0950	0.9974	1	1.0000	0.9999	1	0.9100	0.9986	1	1.0000	0.9998	1	0.9999	0.9999	1
COG1977	H	Molybdopterin synthase sulfur carrier subunit MoaD	0.2850	0.9935	1	0.8911	0.9969	1	0.0700	0.9870	1	1.0000	1.0000	1	1.0000	0.9996	1
COG1978	R	Predicted RNase H-related nuclease YkuK, DUF458 family	0.0000	0.0033	0	0.0000	0.0067	0	0.0000	0.0021	0	0.0000	0.0458	0	0.0000	0.0097	0
COG1979	C	Alcohol dehydrogenase YqhD, Fe-dependent ADH family	0.0000	0.0046	0	0.0000	0.0009	0	0.0000	0.0038	0	0.0000	0.0007	0	0.0000	0.0008	0
COG1980	G	Archaeal fructose 1,6-bisphosphatase	0.0000	0.9521	1	0.1700	0.9990	1	0.0000	0.9555	1	1.0000	0.9678	1	0.9999	0.9995	1
COG1981	H	Protoporphyrinogen oxidase HemJ (unrelated to HemG or HemY)	0.0000	0.0012	0	0.0000	0.0007	0	0.0000	0.0015	0	0.0000	0.0007	0	0.0000	0.0006	0
COG1982	E	Arginine/lysine/ornithine decarboxylase	0.0000	0.0076	0	0.0200	0.0232	0	0.0000	0.0065	0	0.2312	0.0546	0	0.0000	0.0026	0
COG1983	KT	Phage shock protein PspC (stress-responsive transcriptional regulator)	0.0000	0.0883	0	0.6000	0.4990	0	0.0000	0.0378	0	1.0000	0.6097	1	0.0315	0.2719	0
COG1984	E	5-oxoprolinase subunit C/Allophanate hydrolase subunit 2	0.0000	0.0209	0	0.0200	0.0736	0	0.0000	0.0146	0	0.9529	0.8556	1	0.0009	0.1781	0
COG1985	H	Pyrimidine reductase, riboflavin biosynthesis	0.3150	0.9577	1	0.9216	0.9923	1	0.0600	0.8536	1	1.0000	0.9998	1	0.9999	0.9960	1
COG1986	FV	Non-canonical (house-cleaning) NTP pyrophosphatase, all-alpha NTP-PPase family	0.0100	0.9957	1	0.9200	0.9998	1	0.1000	0.9943	1	1.0000	1.0000	1	0.9992	0.9999	1
COG1987	N	Flagellar biosynthesis protein FliQ	0.0000	0.0006	0	0.0000	0.0002	0	0.0000	0.0006	0	0.0000	0.0014	0	0.0000	0.0004	0
COG1988	R	Membrane-bound metal-dependent hydrolase YbcI, DUF457 family	0.0000	0.1471	0	0.7184	0.5464	1	0.0100	0.2132	0	1.0000	0.7195	1	0.9988	0.4439	0
COG1989	NU	Prepilin signal peptidase PulO (type II secretory pathway) or related peptidase	0.0000	0.9189	1	0.9640	0.9856	1	0.0300	0.9128	1	1.0000	0.9987	1	0.9996	0.9926	1
COG1990	J	Peptidyl-tRNA hydrolase	0.0000	0.9581	1	0.0800	0.9933	1	0.0000	0.9488	1	1.0000	0.9996	1	0.9999	0.9992	1
COG1991	R	Uncharacterized conserved protein MJ0832_1, predicted component of type IV pili-like system, UPF0333 family	0.0000	0.0766	0	0.4756	0.5864	1	0.0000	0.0202	0	0.8807	0.5908	1	0.0174	0.3984	0
COG1992	R	Predicted transcriptional regulator fused phosphomethylpyrimidine kinase (thiamin biosynthesis)	0.0250	0.4314	0	0.1600	0.6645	1	0.0000	0.1066	0	1.0000	0.9715	1	0.9998	0.9449	1
COG1993	T	PII-like signaling protein	0.0000	0.5594	1	0.8700	0.9542	1	0.0100	0.5369	1	1.0000	0.9933	1	0.5018	0.9078	1
COG1994	O	Zn-dependent protease (includes sporulation protein SpoIVFB)	0.0000	0.6902	1	0.9980	0.9091	1	0.0397	0.8482	1	1.0000	0.9840	1	1.0000	0.9155	1
COG1995	H	4-hydroxy-L-threonine phosphate dehydrogenase PdxA	0.0000	0.0125	0	0.0400	0.0026	0	0.0000	0.0133	0	0.9946	0.1079	0	0.0524	0.0071	0
COG1996	K	DNA-directed RNA polymerase, subunit RPC12/RpoP, contains C4-type Zn-finger	0.0050	0.9363	1	0.2700	0.9727	1	0.0000	0.7293	1	0.9131	0.9962	1	0.2161	0.9794	1
COG1997	J	Ribosomal protein L37AE/L43A	0.5150	0.9964	1	0.5300	0.9997	1	0.0000	0.9525	1	1.0000	0.9999	1	0.9999	0.9999	1
COG1998	J	Ribosomal protein S27AE	0.0000	0.9113	1	0.2100	0.9977	1	0.0000	0.8578	1	1.0000	0.9994	1	0.9994	0.9993	1
COG1999	O	Cytochrome oxidase Cu insertion factor, SCO1/SenC/PrrC family	0.0000	0.0033	0	0.0000	0.0005	0	0.0000	0.0051	0	0.9863	0.0172	0	0.1475	0.0049	0
COG2000	R	Uncharacterized Fe-S cluster-containing protein	0.0000	0.0361	0	0.0000	0.1968	0	0.0000	0.0126	0	0.1396	0.7624	1	0.0109	0.4959	0
COG2001	J	MraZ, DNA-binding transcriptional regulator and inhibitor of RsmH methyltransferase activity	0.0000	0.0025	0	0.0000	0.0003	0	0.0000	0.0020	0	0.0000	0.0004	0	0.0000	0.0004	0
COG2002	KV	Bifunctional DNA-binding transcriptional regulator of stationary/sporulation/toxin gene expression and antitoxin component of the YhaV-PrlF toxin-antitoxin module	0.0200	0.9129	1	1.0000	0.9930	1	0.0874	0.8793	1	1.0000	0.9972	1	1.0000	0.9930	1
COG2003	L	DNA repair protein RadC, contains a helix-hairpin-helix DNA-binding motif	0.0000	0.0491	0	0.0397	0.0738	0	0.0000	0.0302	0	0.5189	0.0754	0	0.0965	0.0101	0
COG2004	J	Ribosomal protein S24E	0.0650	0.9980	1	0.4500	0.9998	1	0.0100	0.9955	1	1.0000	0.9999	1	0.9999	1.0000	1
COG2005	K	DNA-binding transcriptional regulator ModE (molybdenum-dependent)	0.0000	0.6622	1	0.6400	0.9238	1	0.0000	0.5088	1	1.0000	0.9880	1	0.9999	0.9833	1
COG2006	S	Uncharacterized conserved protein, DUF362 family	0.0000	0.6729	1	0.7280	0.9939	1	0.0000	0.5937	1	1.0000	0.9998	1	0.9998	0.9989	1
COG2007	J	Ribosomal protein S8E	0.3850	0.9977	1	0.9600	0.9999	1	0.0700	0.9937	1	1.0000	0.9997	1	0.9999	0.9999	1
COG2008	E	Threonine aldolase	0.0000	0.0156	0	0.0000	0.0046	0	0.0000	0.0217	0	0.0000	0.1461	0	0.0000	0.0395	0
COG2009	C	Succinate dehydrogenase/fumarate reductase, cytochrome b subunit	0.0000	0.0620	0	0.0600	0.0467	0	0.0000	0.0627	0	0.9999	0.5355	1	0.6720	0.3768	0
COG2010	C	Cytochrome c, mono- and diheme variants	0.0000	0.0082	0	0.0000	0.0028	0	0.0000	0.0112	0	0.0304	0.1060	0	0.0000	0.0036	0
COG2011	E	ABC-type methionine transport system, permease component	0.0000	0.0002	0	0.0000	0.0000	0	0.0000	0.0003	0	0.0000	0.0000	0	0.0000	0.0000	0
COG2012	K	DNA-directed RNA polymerase, subunit H, RpoH/RPB5	0.1850	0.9931	1	0.7900	0.9997	1	0.0000	0.9438	1	1.0000	0.9994	1	0.9999	0.9998	1
COG2013	C	AIM24 protein, required for mitochondrial respiration	0.2400	0.9298	1	0.6000	0.9252	1	0.0000	0.4654	0	1.0000	0.9899	1	0.9996	0.9807	1
COG2014	S	Uncharacterized conserved protein, contains DUF4213 and DUF364 domains	0.0950	0.8767	1	0.8057	0.9658	1	0.0100	0.6896	1	1.0000	0.9931	1	0.9785	0.9816	1
COG2015	Q	Alkyl sulfatase BDS1 and related hydrolases, metallo-beta-lactamase superfamily	0.0000	0.0116	0	0.0000	0.0084	0	0.0000	0.0093	0	0.0200	0.1775	0	0.0000	0.0162	0
COG2016	J	Predicted ribosome-associated RNA-binding protein Tma20, contains PUA domain	0.1350	0.9954	1	0.9100	0.9999	1	0.0400	0.9834	1	1.0000	1.0000	1	0.9999	1.0000	1
COG2017	G	Galactose mutarotase or related enzyme	0.0000	0.0026	0	0.0000	0.0000	0	0.0000	0.0050	0	0.9941	0.0004	0	0.0004	0.0002	0
COG2018	T	Predicted regulator of Ras-like GTPase activity, Roadblock/LC7/MglB family	0.0000	0.5971	1	0.4700	0.9636	1	0.0000	0.3850	0	1.0000	0.9829	1	1.0000	0.9823	1
COG2019	F	Archaeal adenylate kinase	0.0550	0.7462	1	0.9400	0.9726	1	0.1100	0.7846	1	1.0000	0.8980	1	0.9999	0.9061	1
COG2020	O	Protein-S-isoprenylcysteine O-methyltransferase Ste14	0.0300	0.7699	1	0.9300	0.9262	1	0.1000	0.6997	1	1.0000	0.9759	1	1.0000	0.9397	1
COG2021	E	Homoserine O-acetyltransferase	0.0000	0.0477	0	0.0900	0.0684	0	0.0000	0.0252	0	0.9879	0.7345	1	0.1471	0.2103	0
COG2022	H	Thiazole synthase ThiGH, ThiG subunit (thiamin biosynthesis)	0.0000	0.0014	0	0.0000	0.0001	0	0.0000	0.0011	0	0.0000	0.0001	0	0.0000	0.0000	0
COG2023	J	Ribonuclease P protein subunit RPR2	0.0000	0.9220	1	0.1800	0.9908	1	0.0000	0.9015	1	1.0000	0.9949	1	0.9999	0.9978	1
COG2025	C	Electron transfer flavoprotein, alpha subunit FixB	0.0000	0.3190	0	0.9300	0.4505	0	0.0700	0.7618	1	1.0000	0.9836	1	0.6621	0.9155	1
COG2026	V	mRNA-degrading endonuclease RelE, toxin component of the RelBE toxin-antitoxin system	0.0000	0.5939	1	0.9350	0.9884	1	0.0200	0.7129	1	1.0000	0.9845	1	1.0000	0.9798	1
COG2027	M	D-alanyl-D-alanine carboxypeptidase	0.0000	0.0032	0	0.0100	0.0133	0	0.0000	0.0042	0	0.0010	0.0738	0	0.0000	0.0032	0
COG2028	R	ASCH domain, putative RNA-binding protein, DUF365 family	0.0000	0.0788	0	0.1000	0.7772	1	0.0000	0.0349	0	0.9668	0.8974	1	0.0022	0.7344	1
COG2029	S	Uncharacterized conserved protein, DUF366 domain	0.0000	0.3453	0	0.1100	0.7831	1	0.0000	0.0836	0	0.8490	0.9771	1	0.1797	0.7919	1
COG2030	I	Acyl-CoA dehydratase PaaZ	0.0000	0.0262	0	0.0397	0.0665	0	0.0000	0.0312	0	1.0000	0.5491	1	0.6337	0.2383	0
COG2031	I	Short chain fatty acids transporter	0.0000	0.0028	0	0.0100	0.0462	0	0.0000	0.0017	0	0.8891	0.7867	1	0.0001	0.1223	0
COG2032	P	Cu/Zn superoxide dismutase	0.0000	0.0016	0	0.0000	0.0009	0	0.0000	0.0015	0	0.0039	0.0528	0	0.0000	0.0014	0
COG2033	C	Desulfoferrodoxin, superoxide reductase-like (SORL) domain	0.0050	0.9459	1	0.0984	0.9836	1	0.0000	0.6764	1	1.0000	0.9915	1	0.9996	0.9976	1
COG2034	S	Uncharacterized membrane protein, DUF131 family	0.0650	0.8089	1	0.8401	0.9924	1	0.0400	0.5704	1	1.0000	0.9980	1	0.9301	0.9951	1
COG2035	S	Uncharacterized membrane protein, DUF368 family	0.0000	0.0354	0	0.0000	0.0050	0	0.0000	0.0229	0	0.7481	0.1340	0	0.1191	0.0206	0
COG2036	B	Archaeal histone H3/H4	0.2850	0.9927	1	0.1453	0.9993	1	0.0000	0.9032	1	1.0000	0.9998	1	1.0000	0.9998	1
COG2037	C	Formylmethanofuran:tetrahydromethanopterin formyltransferase	0.0000	0.9397	1	0.9200	1.0000	1	0.0700	0.9616	1	1.0000	0.9999	1	0.9998	1.0000	1
COG2038	H	NaMN:DMB phosphoribosyltransferase	0.0050	0.9667	1	0.3800	0.9741	1	0.0000	0.5848	1	1.0000	0.9990	1	0.9851	0.9940	1
COG2039	O	Pyrrolidone-carboxylate peptidase (N-terminal pyroglutamyl peptidase)	0.0000	0.1103	0	0.2900	0.1018	0	0.0000	0.0538	0	1.0000	0.5473	1	0.8764	0.3454	0
COG2040	E	Homocysteine/selenocysteine methylase (S-methylmethionine-dependent)	0.0000	0.0005	0	0.0000	0.0004	0	0.0000	0.0006	0	0.0000	0.0045	0	0.0000	0.0012	0
COG2041	C	Molybdopterin-dependent catalytic subunit of periplasmic DMSO/TMAO and protein-methionine-sulfoxide reductases	0.0050	0.4851	0	0.0800	0.2975	0	0.0000	0.2172	0	1.0000	0.9458	1	0.9999	0.8398	1
COG2042	J	Ribosome biogenesis protein Tsr3 (rRNA maturation)	0.0050	0.8845	1	0.7300	0.9565	1	0.0000	0.6812	1	1.0000	0.9897	1	0.9999	0.9706	1
COG2043	S	Uncharacterized conserved protein, DUF169 family	0.0100	0.7427	1	0.8600	0.9875	1	0.0900	0.6840	1	1.0000	0.9989	1	0.9612	0.9900	1
COG2044	R	Predicted peroxiredoxin, DsrE/DsrF-like family	0.0000	0.4447	0	0.8947	0.9426	1	0.0000	0.3128	0	1.0000	0.9895	1	0.9858	0.9688	1
COG2045	H	Phosphosulfolactate phosphohydrolase or related enzyme	0.0100	0.3491	0	0.7800	0.8506	1	0.0200	0.3465	0	1.0000	0.9751	1	0.7546	0.8282	1
COG2046	P	ATP sulfurylase (sulfate adenylyltransferase)	0.0000	0.5685	1	0.9400	0.9925	1	0.2400	0.8386	1	0.9999	0.9943	1	0.9918	0.9881	1
COG2047	R	Proteasome assembly chaperone (PAC2) family protein	0.8700	0.9988	1	1.0000	0.9998	1	0.4000	0.9965	1	1.0000	0.9999	1	1.0000	0.9998	1
COG2048	C	Heterodisulfide reductase, subunit B	0.1650	0.9811	1	0.6931	0.9998	1	0.1200	0.9856	1	1.0000	1.0000	1	1.0000	0.9999	1
COG2049	E	5-oxoprolinase subunit B/Allophanate hydrolase subunit 1	0.0000	0.0163	0	0.0300	0.0592	0	0.0000	0.0118	0	0.9529	0.8112	1	0.0009	0.1580	0
COG2050	Q	Acyl-CoA thioesterase PaaI, contains HGG motif	0.0000	0.2645	0	0.0900	0.5072	1	0.0200	0.3744	0	1.0000	0.9541	1	0.9989	0.8784	1
COG2051	J	Ribosomal protein S27E	0.0000	0.9683	1	0.4700	0.9996	1	0.0100	0.9940	1	1.0000	0.9990	1	0.9999	0.9998	1
COG2052	M	Regulator of extracellular matrix RemA, YlzA/DUF370 family	0.0000	0.0061	0	0.0000	0.0253	0	0.0000	0.0058	0	0.0000	0.2502	0	0.0000	0.0553	0
COG2053	J	Ribosomal protein S28E/S33	0.0750	0.9937	1	0.9200	0.9999	1	0.2200	0.9942	1	1.0000	0.9996	1	0.9999	0.9999	1
COG2054	H	5-(aminomethyl)-3-furanmethanol-phosphate kinase MfnE (methanofuran biosynthesis)	0.0000	0.7458	1	0.5300	0.9955	1	0.0000	0.4655	0	1.0000	0.9983	1	0.9876	0.9963	1
COG2055	C	Malate/lactate/ureidoglycolate dehydrogenase, LDH2 family	0.0450	0.6098	1	0.9400	0.7416	1	0.0700	0.5052	1	1.0000	0.9475	1	0.9593	0.7843	1
COG2056	E	Predicted histidine transporter YuiF, NhaC family	0.0000	0.0001	0	0.0000	0.0001	0	0.0000	0.0002	0	0.0000	0.0001	0	0.0000	0.0001	0
COG2057	I	Acyl-CoA:acetate/3-ketoacid CoA transferase, beta subunit	0.0000	0.0428	0	0.6700	0.2761	0	0.0000	0.0305	0	1.0000	0.9410	1	0.9047	0.7966	1
COG2058	J	Ribosomal protein L12E/L44/L45/RPP1/RPP2	0.0000	0.9322	1	0.0500	0.9986	1	0.0000	0.9047	1	1.0000	0.9999	1	0.9999	0.9998	1
COG2059	P	Chromate transport protein ChrA	0.0000	0.0143	0	0.0000	0.0089	0	0.0000	0.0124	0	0.9960	0.2552	0	0.0029	0.0255	0
COG2060	P	K+-transporting ATPase, KdpA subunit	0.0000	0.0494	0	0.0200	0.1309	0	0.0000	0.0194	0	0.9999	0.6287	1	0.0026	0.1238	0
COG2061	R	Uncharacterized conserved protein, contains ACT domain	0.0000	0.7311	1	0.9200	0.9847	1	0.0100	0.8325	1	1.0000	0.9875	1	0.9867	0.9752	1
COG2062	T	Phosphohistidine phosphatase SixA	0.0000	0.0600	0	0.1300	0.0663	0	0.0000	0.0924	0	1.0000	0.1847	0	0.4330	0.1480	0
COG2063	N	Flagellar basal body L-ring protein FlgH	0.0000	0.0009	0	0.0000	0.0004	0	0.0000	0.0009	0	0.0000	0.0004	0	0.0000	0.0006	0
COG2064	W	Flp pilus assembly protein TadC	0.0000	0.8884	1	1.0000	0.9981	1	0.5575	0.9463	1	1.0000	0.9996	1	1.0000	0.9975	1
COG2065	F	Pyrimidine operon attenuation protein PyrR/uracil phosphoribosyltransferase	0.0000	0.0013	0	0.0000	0.0021	0	0.0000	0.0009	0	0.0000	0.0168	0	0.0000	0.0025	0
COG2066	E	Glutaminase	0.0000	0.0009	0	0.0000	0.0002	0	0.0000	0.0005	0	0.0000	0.0008	0	0.0000	0.0002	0
COG2067	I	Long-chain fatty acid transport protein	0.0000	0.0022	0	0.0000	0.0008	0	0.0000	0.0036	0	0.0000	0.0008	0	0.0000	0.0007	0
COG2068	H	CTP:molybdopterin cytidylyltransferase MocA	0.0000	0.0604	0	0.3000	0.2687	0	0.0000	0.0633	0	1.0000	0.9629	1	0.9908	0.8775	1
COG2069	C	CO dehydrogenase/acetyl-CoA synthase delta subunit (corrinoid Fe-S protein)	0.0650	0.8730	1	0.9800	0.9993	1	0.1900	0.9385	1	1.0000	0.9994	1	0.9953	0.9991	1
COG2070	R	NAD(P)H-dependent flavin oxidoreductase YrpB, nitropropane dioxygenase family	0.0000	0.0362	0	0.0300	0.1365	0	0.0000	0.0404	0	0.9998	0.6075	1	0.0144	0.1777	0
COG2071	E	Gamma-glutamyl-gamma-aminobutyrate hydrolase PuuD (putrescine degradation), contains GATase1-like domain	0.0000	0.0123	0	0.0800	0.0201	0	0.0000	0.0074	0	0.9215	0.2965	0	0.0020	0.0399	0
COG2072	P	Predicted flavoprotein CzcO associated with the cation diffusion facilitator CzcD	0.0000	0.0006	0	0.0000	0.0001	0	0.0000	0.0007	0	0.0004	0.0043	0	0.0000	0.0003	0
COG2073	H	Cobalamin biosynthesis protein CbiG	0.0000	0.2068	0	0.0100	0.4870	0	0.0000	0.0298	0	0.9990	0.9874	1	0.1832	0.4911	0
COG2074	GI	2-phosphoglycerate kinase/Mevalonate-3-phosphate 5-kinase	0.0050	0.3370	0	0.8300	0.7691	1	0.0100	0.1892	0	0.9988	0.9167	1	0.6712	0.6732	1
COG2075	J	Ribosomal protein L24E	0.0000	0.8927	1	0.9100	0.9991	1	0.0000	0.8788	1	1.0000	0.9946	1	0.9999	0.9985	1
COG2076	V	Multidrug transporter EmrE and related cation transporters	0.0000	0.0687	0	0.0000	0.0040	0	0.0000	0.0472	0	0.3469	0.1603	0	0.0098	0.0093	0
COG2077	O	Peroxiredoxin	0.0050	0.0032	0	0.0000	0.0008	0	0.0000	0.0007	0	0.0000	0.0067	0	0.0000	0.0011	0
COG2078	R	Predicted RNA modification protein, AMMECR1 domain	0.0600	0.9981	1	0.7400	1.0000	1	0.0000	0.9790	1	1.0000	1.0000	1	1.0000	1.0000	1
COG2079	G	2-methylcitrate dehydratase PrpD	0.0000	0.0570	0	0.3200	0.4654	0	0.0000	0.0646	0	1.0000	0.9826	1	0.6491	0.7132	1
COG2080	C	Aldehyde, CO, or xanthine dehydrogenase, Fe-S subunit, CoxS/CutS family	0.0000	0.0200	0	0.1900	0.1063	0	0.0000	0.0229	0	1.0000	0.8064	1	0.9901	0.5450	1
COG2081	R	Predicted flavoprotein YhiN	0.0000	0.0037	0	0.0000	0.0001	0	0.0000	0.0021	0	0.0894	0.0001	0	0.0000	0.0000	0
COG2082	H	Precorrin-8X methylmutase CbiC/CobH	0.0000	0.2046	0	0.2400	0.5585	1	0.0000	0.0212	0	0.9990	0.9929	1	0.0382	0.5811	1
COG2083	S	Uncharacterized conserved protein, UPF0216 family	0.0550	0.9662	1	0.9800	0.9987	1	0.2400	0.9088	1	1.0000	0.9934	1	0.9995	0.9981	1
COG2084	I	3-hydroxyisobutyrate dehydrogenase or related beta-hydroxyacid dehydrogenase	0.0150	0.2496	0	0.7792	0.1752	0	0.0000	0.0572	0	1.0000	0.6570	1	0.2778	0.2180	0
COG2085	R	Predicted dinucleotide-binding enzyme	0.0550	0.7083	1	0.9700	0.9684	1	0.0900	0.5304	1	1.0000	0.9943	1	0.9999	0.9641	1
COG2086	C	Electron transfer flavoprotein, alpha and beta subunits	0.0050	0.3344	0	0.9756	0.4434	0	0.1180	0.7207	1	1.0000	0.9782	1	0.9987	0.9134	1
COG2087	H	Adenosyl cobinamide kinase/adenosyl cobinamide phosphate guanylyltransferase	0.0000	0.0028	0	0.0000	0.0004	0	0.0000	0.0003	0	0.0000	0.0041	0	0.0000	0.0009	0
COG2088	D	DNA-binding protein SpoVG, cell septation regulator	0.0000	0.0235	0	0.0000	0.0199	0	0.0000	0.0140	0	0.0032	0.1713	0	0.0000	0.0226	0
COG2089	M	Sialic acid synthase SpsE, contains C-terminal SAF domain	0.0000	0.0496	0	0.7200	0.1598	0	0.0000	0.0288	0	1.0000	0.4220	0	0.9872	0.2335	0
COG2090	S	Uncharacterized conserved protein, DUF371 domain	0.0000	0.7171	1	0.6700	0.9958	1	0.0000	0.7125	1	1.0000	0.9973	1	0.9999	0.9995	1
COG2091	H	Phosphopantetheinyl transferase	0.0000	0.0157	0	0.0200	0.0124	0	0.0000	0.0114	0	0.0690	0.0385	0	0.0037	0.0095	0
COG2092	J	Translation elongation factor EF-1beta	0.2550	0.9941	1	0.9800	0.9996	1	0.0400	0.9751	1	1.0000	0.9993	1	0.9999	0.9997	1
COG2093	K	RNA polymerase subunit RPABC4/transcription elongation factor Spt4	0.0000	0.9530	1	0.9700	0.9997	1	0.1800	0.9871	1	1.0000	0.9996	1	0.9999	0.9997	1
COG2094	L	3-methyladenine DNA glycosylase Mpg	0.0000	0.0614	0	0.9300	0.2806	0	0.0000	0.1656	0	1.0000	0.4233	0	0.5709	0.2006	0
COG2095	E	Small neutral amino acid transporter SnatA, MarC family	0.2250	0.9674	1	0.9900	0.9976	1	0.8300	0.9669	1	1.0000	0.9986	1	0.9998	0.9959	1
COG2096	H	Cob(II)alamin adenosyltransferase	0.0000	0.0368	0	0.1000	0.0104	0	0.0000	0.0249	0	1.0000	0.4034	0	0.9987	0.1258	0
COG2097	J	Ribosomal protein L31E	0.0300	0.9933	1	0.9400	0.9998	1	0.1600	0.9868	1	1.0000	0.9995	1	0.9999	0.9998	1
COG2098	H	7,8-dihydroneopterin aldolase MptD (tetrahydrofolate and tetrahydromethanopterin biosynthesis)	0.0000	0.6727	1	0.0000	0.7937	1	0.0000	0.5024	1	1.0000	0.9965	1	0.8527	0.9845	1
COG2099	H	Precorrin-6x reductase	0.0000	0.0171	0	0.1000	0.0392	0	0.0000	0.0040	0	0.1381	0.2297	0	0.0004	0.0365	0
COG2100	R	Uncharacterized Fe-S cluster-containing enzyme, radical SAM superfamily	0.0600	0.8561	1	0.9900	0.9965	1	0.1100	0.7537	1	1.0000	0.9925	1	0.9946	0.9926	1
COG2101	K	TATA-box binding protein (TBP), component of TFIID and TFIIIB	0.4900	0.9958	1	0.9208	1.0000	1	0.0100	0.9851	1	1.0000	1.0000	1	1.0000	1.0000	1
COG2102	J	Diphthamide synthase (EF-2-diphthine--ammonia ligase)	0.0000	0.9558	1	0.1000	0.9940	1	0.0000	0.9504	1	1.0000	0.9995	1	1.0000	0.9989	1
COG2103	M	N-acetylmuramic acid 6-phosphate (MurNAc-6-P) etherase	0.0000	0.0011	0	0.0000	0.0002	0	0.0000	0.0020	0	0.0000	0.0099	0	0.0000	0.0002	0
COG2104	H	Sulfur carrier protein ThiS (thiamine biosynthesis)	0.0000	0.6860	1	0.0500	0.8352	1	0.0000	0.4524	0	1.0000	0.9388	1	0.9999	0.9138	1
COG2105	E	Predicted gamma-glutamylamine cyclotransferase YtfP, GGCT/AIG2-like family	0.0000	0.1072	0	0.6900	0.4041	0	0.0000	0.0348	0	1.0000	0.7698	1	0.1900	0.3301	0
COG2106	R	Predicted RNA methylase MTH1, SPOUT superfamily	0.1050	0.9075	1	0.0100	0.8930	1	0.0000	0.7016	1	1.0000	0.9867	1	0.9999	0.9970	1
COG2107	H	1,4-dihydroxy-6-naphtoate synthase (menaquinone biosynthesis, futalosine pathway)	0.0000	0.0813	0	0.0800	0.6067	1	0.0000	0.0919	0	0.9999	0.7889	1	0.7691	0.6395	1
COG2108	S	Uncharacterized radical SAM domain-containing protein	0.1550	0.9728	1	0.5400	0.9947	1	0.0000	0.5715	1	1.0000	0.9999	1	0.9999	0.9993	1
COG2109	H	ATP:corrinoid adenosyltransferase	0.0900	0.8840	1	0.9400	0.5398	1	0.0400	0.6889	1	1.0000	0.7882	1	0.9999	0.8543	1
COG2110	J	O-acetyl-ADP-ribose deacetylase (regulator of RNase III), contains Macro domain	0.0100	0.9745	1	0.4400	0.9742	1	0.0000	0.8078	1	1.0000	0.9993	1	0.9999	0.9941	1
COG2111	P	Multisubunit Na+/H+ antiporter, MnhB subunit	0.0000	0.9297	1	0.4900	0.9549	1	0.0200	0.6927	1	1.0000	0.9980	1	0.9716	0.9789	1
COG2112	T	Predicted Ser/Thr protein kinase	0.0000	0.4425	0	0.7900	0.9462	1	0.0100	0.8025	1	0.9999	0.8761	1	0.9843	0.9421	1
COG2113	E	ABC-type proline/glycine betaine transport system, periplasmic component	0.0000	0.0124	0	0.0000	0.0084	0	0.0000	0.0120	0	0.0104	0.0868	0	0.0000	0.0045	0
COG2114	T	Adenylate cyclase, class 3	0.0000	0.0119	0	0.0100	0.0254	0	0.0000	0.0189	0	1.0000	0.1663	0	0.0336	0.0220	0
COG2115	G	Xylose isomerase	0.0000	0.0020	0	0.0000	0.0005	0	0.0000	0.0022	0	0.0000	0.0009	0	0.0000	0.0005	0
COG2116	P	Formate/nitrite transporter FocA, FNT family	0.0000	0.1012	0	0.0600	0.1207	0	0.0000	0.0639	0	0.9640	0.3922	0	0.3249	0.1248	0
COG2117	J	Predicted subunit of tRNA(5-methylaminomethyl-2-thiouridylate) methyltransferase, contains the PP-loop ATPase domain	0.0000	0.3834	0	0.0000	0.2318	0	0.0000	0.0867	0	0.5050	0.8088	1	0.0927	0.3956	0
COG2118	R	DNA-binding TFAR19-related protein, PDSD5 family	0.0750	0.9969	1	0.9109	0.9999	1	0.0700	0.9941	1	1.0000	1.0000	1	0.9999	1.0000	1
COG2119	R	Putative Ca2+/H+ antiporter, TMEM165/GDT1 family	0.0000	0.3626	0	0.0300	0.5249	1	0.0000	0.2415	0	1.0000	0.9357	1	0.9898	0.8938	1
COG2120	G	N-acetylglucosaminyl deacetylase, LmbE family	0.0100	0.3678	0	0.9100	0.6265	1	0.1200	0.3990	0	1.0000	0.9377	1	0.9999	0.7853	1
COG2121	S	Uncharacterized conserved protein, lysophospholipid acyltransferase (LPLAT) superfamily	0.0000	0.0005	0	0.0000	0.0007	0	0.0000	0.0005	0	0.0000	0.0045	0	0.0000	0.0025	0
COG2122	S	Uncharacterized conserved protein, UPF0280 family, ApbE superfamily	0.1000	0.8833	1	0.9900	0.9789	1	0.3000	0.9427	1	1.0000	0.9181	1	0.9614	0.9786	1
COG2123	U	Exosome complex RNA-binding protein Rrp42, RNase PH superfamily	0.0000	0.8956	1	0.7200	0.9941	1	0.0100	0.9762	1	1.0000	0.9711	1	0.9999	0.9974	1
COG2124	QV	Cytochrome P450	0.0000	0.0018	0	0.0000	0.0007	0	0.0000	0.0018	0	0.9890	0.1373	0	0.0001	0.0090	0
COG2125	J	Ribosomal protein S6E (S10)	0.8350	0.9983	1	0.9900	0.9999	1	0.4500	0.9949	1	1.0000	0.9999	1	0.9999	0.9999	1
COG2126	J	Ribosomal protein L37E	0.0000	0.8341	1	0.0000	0.7601	1	0.0000	0.7739	1	1.0000	0.9955	1	0.9998	0.9956	1
COG2127	O	ATP-dependent Clp protease adapter protein ClpS	0.0350	0.0007	0	0.0000	0.0000	0	0.0000	0.0004	0	0.0000	0.0000	0	0.0000	0.0000	0
COG2128	P	Alkylhydroperoxidase family enzyme, contains CxxC motif	0.0000	0.0170	0	0.1200	0.0683	0	0.0000	0.0114	0	0.8774	0.4143	0	0.0038	0.1189	0
COG2129	R	Predicted phosphoesterase, related to the Icc protein	0.0500	0.9820	1	1.0000	0.9993	1	0.1500	0.9594	1	1.0000	0.9999	1	1.0000	0.9994	1
COG2130	QR	NADPH-dependent curcumin reductase CurA	0.0000	0.0046	0	0.0000	0.0030	0	0.0000	0.0037	0	0.0573	0.1722	0	0.0011	0.0459	0
COG2131	F	Deoxycytidylate deaminase	0.0000	0.4752	0	0.0600	0.6132	1	0.0000	0.4818	0	1.0000	0.7419	1	0.9998	0.8177	1
COG2132	DPM	Multicopper oxidase with three cupredoxin domains (includes cell division protein FtsP and spore coat protein CotA)	0.0000	0.0379	0	0.0100	0.0482	0	0.0000	0.0435	0	0.9998	0.3883	0	0.0492	0.0539	0
COG2133	G	Glucose/arabinose dehydrogenase, beta-propeller fold	0.0000	0.0645	0	0.0500	0.0682	0	0.0000	0.0558	0	1.0000	0.3399	0	0.9900	0.1384	0
COG2134	I	CDP-diacylglycerol pyrophosphatase	0.0000	0.0007	0	0.0000	0.0018	0	0.0000	0.0005	0	0.0000	0.0086	0	0.0000	0.0028	0
COG2135	L	ssDNA abasic site-binding protein YedK/HMCES, SRAP family	0.0000	0.0159	0	0.0000	0.0041	0	0.0000	0.0080	0	0.9910	0.3377	0	0.0099	0.0440	0
COG2136	J	rRNA maturation protein Rpf1, contains Brix/IMP4 (anticodon-binding) domain	0.0050	0.9388	1	0.0100	0.9944	1	0.0000	0.5219	1	1.0000	0.9963	1	0.9999	0.9983	1
COG2137	O	SOS response regulatory protein OraA/RecX, interacts with RecA	0.0000	0.0006	0	0.0000	0.0000	0	0.0000	0.0008	0	0.0000	0.0002	0	0.0000	0.0000	0
COG2138	H	Sirohydrochlorin ferrochelatase	0.0050	0.7553	1	0.5002	0.9479	1	0.0000	0.1288	0	1.0000	0.9942	1	0.7376	0.9034	1
COG2139	J	Ribosomal protein L21E	0.2050	0.9962	1	0.9900	0.9999	1	0.5500	0.9964	1	1.0000	0.9996	1	0.9999	0.9999	1
COG2140	G	Oxalate decarboxylase/archaeal phosphoglucose isomerase, cupin superfamily	0.1400	0.7479	1	0.1800	0.8819	1	0.0000	0.2896	0	1.0000	0.9430	1	0.9998	0.9362	1
COG2141	HR	Flavin-dependent oxidoreductase, luciferase family (includes alkanesulfonate monooxygenase SsuD and methylene tetrahydromethanopterin reductase)	0.0000	0.5486	1	0.0100	0.6242	1	0.0000	0.4881	0	1.0000	0.8041	1	1.0000	0.8731	1
COG2142	C	Succinate dehydrogenase, hydrophobic anchor subunit	0.0000	0.0656	0	0.0000	0.0361	0	0.0000	0.0870	0	0.9999	0.6657	1	0.6730	0.4702	0
COG2143	O	Thioredoxin-related protein SoxW	0.0100	0.0193	0	0.0000	0.0474	0	0.0000	0.0054	0	0.0000	0.1891	0	0.0000	0.0430	0
COG2144	R	Selenophosphate synthetase-related protein	0.3650	0.8245	1	0.9652	0.9900	1	0.1700	0.6744	1	0.9980	0.9900	1	0.2809	0.9487	1
COG2145	H	Hydroxyethylthiazole kinase, sugar kinase family	0.0000	0.1640	0	0.0200	0.4296	0	0.0000	0.0789	0	0.9989	0.8956	1	0.2605	0.5509	1
COG2146	PQ	Ferredoxin subunit of nitrite reductase or a ring-hydroxylating dioxygenase	0.0000	0.1000	0	0.4240	0.0992	0	0.0000	0.0486	0	1.0000	0.5835	1	0.7383	0.2168	0
COG2147	J	Ribosomal protein L19E	0.1600	0.9973	1	0.9300	0.9999	1	0.0400	0.9971	1	1.0000	0.9995	1	0.9999	0.9999	1
COG2148	M	Sugar transferase involved in LPS biosynthesis (colanic, teichoic acid)	0.0000	0.0307	0	0.0000	0.0027	0	0.0000	0.0127	0	0.3940	0.1804	0	0.0002	0.0173	0
COG2149	S	Uncharacterized membrane protein YidH, DUF202 family	0.0000	0.0174	0	0.0000	0.0462	0	0.0000	0.0188	0	0.0142	0.6345	1	0.0000	0.1029	0
COG2150	R	Predicted regulator of amino acid metabolism, contains ACT domain	0.0800	0.9688	1	0.9832	0.9862	1	0.0500	0.9400	1	1.0000	0.9934	1	0.9990	0.9913	1
COG2151	O	Metal-sulfur cluster biosynthetic enzyme	0.0000	0.6639	1	0.8806	0.9533	1	0.0100	0.8911	1	1.0000	0.9960	1	0.9999	0.9686	1
COG2152	G	Predicted glycosyl hydrolase, GH43/DUF377 family	0.0050	0.5799	1	0.8100	0.9208	1	0.0900	0.6242	1	1.0000	0.9141	1	0.9975	0.9205	1
COG2153	R	Predicted N-acyltransferase, GNAT family	0.0000	0.0236	0	0.0000	0.0031	0	0.0000	0.0318	0	0.0000	0.0021	0	0.0000	0.0021	0
COG2154	H	Pterin-4a-carbinolamine dehydratase	0.0000	0.0172	0	0.0100	0.0251	0	0.0000	0.0235	0	1.0000	0.2607	0	0.8511	0.1159	0
COG2155	S	Uncharacterized membrane protein YuzA, DUF378 family	0.0000	0.0033	0	0.0100	0.0133	0	0.0000	0.0035	0	0.1904	0.0156	0	0.0000	0.0021	0
COG2156	P	K+-transporting ATPase, KdpC subunit	0.0000	0.0424	0	0.0900	0.1345	0	0.0000	0.0172	0	0.9975	0.6840	1	0.0001	0.1283	0
COG2157	J	Ribosomal protein L20A (L18A)	0.0000	0.9190	1	0.0900	0.9947	1	0.0000	0.7188	1	1.0000	0.9990	1	0.9999	0.9995	1
COG2158	R	Uncharacterized conserved protein, contains a Zn-finger-like domain	0.0000	0.1862	0	0.3200	0.7746	1	0.0000	0.1200	0	0.6941	0.6384	1	0.0942	0.6375	1
COG2159	G	5-carboxyvanillate decarboxylase LigW (lignin degradation), amidohydro domain	0.0000	0.2954	0	0.6974	0.6880	1	0.0100	0.4611	0	1.0000	0.9874	1	1.0000	0.9518	1
COG2160	G	L-arabinose isomerase	0.0000	0.0015	0	0.0000	0.0010	0	0.0000	0.0017	0	0.0000	0.0057	0	0.0000	0.0015	0
COG2161	V	Antitoxin component YafN of the YafNO toxin-antitoxin module, PHD/YefM family	0.0000	0.0204	0	0.0200	0.0447	0	0.0000	0.0127	0	0.2402	0.1140	0	0.0008	0.0683	0
COG2162	Q	Arylamine N-acetyltransferase	0.0000	0.0053	0	0.0000	0.0048	0	0.0000	0.0073	0	0.0000	0.1235	0	0.0000	0.0119	0
COG2163	J	Ribosomal protein L14E/L6E/L27E	0.0000	0.6482	1	0.0500	0.9641	1	0.0000	0.5601	1	1.0000	0.8928	1	0.9999	0.9945	1
COG2164	R	Uncharacterized protein with cyclophilin fold, contains DUF369 domain	0.0000	0.5607	1	0.0000	0.4309	0	0.0000	0.7285	1	1.0000	0.9859	1	0.9998	0.9853	1
COG2165	NUW	Type II secretory pathway, pseudopilin PulG	0.0000	0.0029	0	0.0000	0.0002	0	0.0000	0.0029	0	0.0000	0.0002	0	0.0000	0.0002	0
COG2166	O	Sulfur transfer protein SufE, Fe-S cluster assembly	0.0000	0.0053	0	0.0000	0.0004	0	0.0000	0.0022	0	0.0000	0.0002	0	0.0000	0.0001	0
COG2167	J	Ribosomal protein L39E	0.0100	0.9701	1	0.0300	0.9830	1	0.0000	0.8190	1	0.0000	0.9576	1	0.0000	0.9627	1
COG2168	J	Sulfur transfer complex TusBCD TusB component, DsrH family	0.0000	0.0388	0	0.5600	0.4559	0	0.0000	0.0332	0	0.9893	0.6386	1	0.0080	0.3085	0
COG2169	L	Methylphosphotriester-DNA--protein-cysteine methyltransferase (N-terminal fragment of Ada), contains Zn-binding and two AraC-type DNA-binding domains	0.0000	0.0017	0	0.0000	0.0007	0	0.0000	0.0021	0	0.0000	0.0015	0	0.0000	0.0007	0
COG2170	O	Gamma-glutamyl:cysteine ligase YbdK, ATP-grasp superfamily	0.0000	0.0301	0	0.1630	0.0901	0	0.0000	0.0167	0	1.0000	0.6189	1	0.0386	0.1606	0
COG2171	E	Tetrahydrodipicolinate N-succinyltransferase	0.0000	0.0113	0	0.0000	0.0004	0	0.0000	0.0128	0	0.0008	0.0071	0	0.0000	0.0003	0
COG2172	T	Anti-sigma regulatory factor (Ser/Thr protein kinase)	0.0000	0.0279	0	0.0000	0.0117	0	0.0000	0.0294	0	0.0563	0.1684	0	0.0000	0.0053	0
COG2173	M	D-alanyl-D-alanine dipeptidase	0.0000	0.0009	0	0.0000	0.0005	0	0.0000	0.0011	0	0.0000	0.0031	0	0.0000	0.0005	0
COG2174	J	Ribosomal protein L34E	0.0050	0.6085	1	0.8800	0.9747	1	0.0300	0.5376	1	1.0000	0.8300	1	0.9999	0.9656	1
COG2175	Q	Taurine dioxygenase, alpha-ketoglutarate-dependent	0.0000	0.0004	0	0.0000	0.0004	0	0.0000	0.0006	0	0.0000	0.0007	0	0.0000	0.0002	0
COG2176	L	DNA polymerase III, alpha subunit (gram-positive type)	0.0000	0.0016	0	0.0000	0.0001	0	0.0000	0.0021	0	0.0000	0.0000	0	0.0000	0.0000	0
COG2177	D	Cell division protein FtsX	0.0000	0.0002	0	0.0000	0.0000	0	0.0000	0.0003	0	0.0000	0.0000	0	0.0000	0.0000	0
COG2178	R	Predicted RNA- or ssDNA-binding protein, translin family	0.0000	0.8648	1	0.6900	0.9983	1	0.0600	0.9589	1	1.0000	0.9998	1	0.9999	0.9997	1
COG2179	R	Predicted phosphohydrolase YqeG, HAD superfamily	0.0000	0.0021	0	0.0000	0.0009	0	0.0000	0.0020	0	0.0000	0.0032	0	0.0000	0.0016	0
COG2180	CPO	Nitrate reductase assembly protein NarJ, required for insertion of molybdenum cofactor	0.0000	0.0350	0	0.0000	0.0829	0	0.0000	0.0296	0	0.9847	0.9677	1	0.0018	0.2923	0
COG2181	CP	Nitrate reductase gamma subunit	0.0000	0.1195	0	0.2374	0.7632	1	0.0000	0.1288	0	1.0000	0.9987	1	0.2666	0.8325	1
COG2182	G	Maltose-binding periplasmic protein MalE	0.0000	0.0641	0	0.0500	0.0825	0	0.0000	0.0258	0	1.0000	0.6671	1	0.0156	0.2062	0
COG2183	K	Transcriptional accessory protein Tex/SPT6	0.0000	0.0028	0	0.0300	0.0004	0	0.0000	0.0018	0	0.9270	0.0313	0	0.0105	0.0003	0
COG2184	T	Fido, protein-threonine AMPylation domain	0.0000	0.0013	0	0.0000	0.0002	0	0.0000	0.0007	0	0.0000	0.0001	0	0.0000	0.0001	0
COG2185	I	Methylmalonyl-CoA mutase, C-terminal domain/subunit (cobalamin-binding)	0.0050	0.4721	0	0.2674	0.5308	1	0.0000	0.2079	0	1.0000	0.9989	1	0.9996	0.9841	1
COG2186	K	DNA-binding transcriptional regulator, FadR family	0.0000	0.0013	0	0.0000	0.0004	0	0.0000	0.0008	0	0.0000	0.0472	0	0.0000	0.0016	0
COG2187	R	Aminoglycoside phosphotransferase family enzyme	0.0000	0.0027	0	0.0000	0.0130	0	0.0000	0.0043	0	0.0000	0.1053	0	0.0000	0.0195	0
COG2188	K	DNA-binding transcriptional regulator, GntR family	0.0000	0.0010	0	0.0000	0.0002	0	0.0000	0.0011	0	0.0000	0.0162	0	0.0000	0.0007	0
COG2189	L	Adenine specific DNA methylase Mod	0.0050	0.3391	0	0.8500	0.7158	1	0.0400	0.3808	0	1.0000	0.5876	1	0.5816	0.3350	0
COG2190	G	Phosphotransferase system IIA component	0.0000	0.0016	0	0.0000	0.0009	0	0.0000	0.0026	0	0.0000	0.0009	0	0.0000	0.0010	0
COG2191	C	Formylmethanofuran dehydrogenase subunit E	0.0050	0.7699	1	0.4083	0.9863	1	0.0000	0.3063	0	1.0000	0.9996	1	0.5984	0.9839	1
COG2192	R	Predicted carbamoyl transferase, NodU family	0.0000	0.1477	0	0.4200	0.4098	0	0.0000	0.0648	0	0.9999	0.7309	1	0.6211	0.3248	0
COG2193	P	Bacterioferritin (cytochrome b1)	0.0000	0.1915	0	0.0000	0.1035	0	0.0000	0.2104	0	1.0000	0.5618	1	0.9998	0.6360	1
COG2194	M	Phosphoethanolamine transferase for periplasmic glucans OpgE, AlkP superfamily	0.0000	0.0062	0	0.0000	0.0020	0	0.0000	0.0036	0	0.0000	0.0027	0	0.0000	0.0020	0
COG2195	E	Di- or tripeptidase	0.0000	0.0428	0	0.1100	0.0881	0	0.0000	0.0332	0	0.9873	0.1238	0	0.0097	0.0352	0
COG2197	TK	DNA-binding response regulator, NarL/FixJ family, contains REC and HTH domains	0.0000	0.0176	0	0.0000	0.0034	0	0.0000	0.0283	0	0.0000	0.0589	0	0.0000	0.0023	0
COG2198	T	HPt (histidine-containing phosphotransfer) domain	0.0000	0.0031	0	0.0000	0.0011	0	0.0000	0.0028	0	0.0000	0.0007	0	0.0000	0.0007	0
COG2199	T	GGDEF domain, diguanylate cyclase (c-di-GMP synthetase) or its enzymatically inactive variants	0.0000	0.0774	0	0.0000	0.0103	0	0.0000	0.1140	0	0.0000	0.0121	0	0.0000	0.0049	0
COG2200	T	EAL domain, c-di-GMP-specific phosphodiesterase class I (or its enzymatically inactive variant)	0.0000	0.0008	0	0.0000	0.0005	0	0.0000	0.0006	0	0.0000	0.0015	0	0.0000	0.0004	0
COG2201	T	Chemotaxis response regulator CheB, contains REC and protein-glutamate methylesterase domains	0.0000	0.6107	1	0.6800	0.7380	1	0.0300	0.4784	0	1.0000	0.9480	1	0.7204	0.7866	1
COG2202	T	PAS domain	0.0000	0.2378	0	0.9746	0.8834	1	0.0100	0.3574	0	1.0000	0.9846	1	0.3521	0.8391	1
COG2203	T	GAF domain	0.0000	0.1373	0	0.7338	0.4306	0	0.0100	0.2514	0	1.0000	0.8927	1	0.9100	0.6507	1
COG2204	T	DNA-binding transcriptional response regulator, NtrC family, contains REC, AAA-type ATPase, and a Fis-type DNA-binding domains	0.0000	0.0505	0	0.7100	0.0079	0	0.0200	0.2080	0	0.9999	0.0041	0	0.0261	0.0010	0
COG2205	T	K+-sensing histidine kinase KdpD	0.0000	0.0000	0	0.0000	0.0002	0	0.0000	0.0000	0	0.0000	0.0055	0	0.0000	0.0007	0
COG2206	T	HD-GYP domain, c-di-GMP phosphodiesterase class II (or its inactivated variant)	0.0000	0.0068	0	0.0000	0.0008	0	0.0000	0.0036	0	0.0000	0.0060	0	0.0000	0.0016	0
COG2207	K	AraC-type DNA-binding domain and AraC-containing proteins	0.0000	0.0040	0	0.0000	0.0000	0	0.0000	0.0040	0	0.8046	0.0098	0	0.0024	0.0001	0
COG2208	TK	Phosphoserine phosphatase RsbU, regulator of sigma subunit	0.0000	0.0180	0	0.0000	0.0079	0	0.0000	0.0209	0	0.0806	0.0897	0	0.0000	0.0028	0
COG2209	C	Na+-transporting NADH:ubiquinone oxidoreductase, subunit NqrE	0.0000	0.0007	0	0.0000	0.0003	0	0.0000	0.0010	0	0.0000	0.0007	0	0.0000	0.0002	0
COG2210	C	Peroxiredoxin family protein	0.0000	0.3555	0	0.0800	0.8060	1	0.0000	0.1686	0	1.0000	0.9996	1	0.9999	0.9836	1
COG2211	G	Na+/melibiose symporter or related transporter	0.0000	0.0363	0	0.0100	0.0116	0	0.0000	0.0429	0	0.9623	0.0496	0	0.0259	0.0307	0
COG2212	P	Multisubunit Na+/H+ antiporter, MnhF subunit	0.0100	0.9112	1	0.8541	0.9147	1	0.0000	0.5525	1	0.9999	0.9881	1	0.8844	0.9495	1
COG2213	G	Phosphotransferase system, mannitol-specific IIBC component	0.0000	0.0005	0	0.0000	0.0006	0	0.0000	0.0007	0	0.0000	0.0020	0	0.0000	0.0009	0
COG2214	K	Curved DNA-binding protein CbpA, contains a DnaJ-like domain	0.0000	0.0027	0	0.0000	0.0019	0	0.0000	0.0033	0	0.2081	0.0386	0	0.0000	0.0017	0
COG2215	P	ABC-type nickel/cobalt efflux system, permease component RcnA	0.0000	0.0227	0	0.0000	0.0175	0	0.0000	0.0164	0	0.2310	0.1625	0	0.0005	0.0787	0
COG2216	P	K+ transport ATPase, ATPase subunit KdpB	0.0150	0.0592	0	0.0500	0.1343	0	0.0000	0.0182	0	0.9989	0.6312	1	0.0004	0.1250	0
COG2217	P	Cation-transporting P-type ATPase	0.0000	0.5750	1	0.0600	0.5732	1	0.0000	0.4223	0	1.0000	0.9976	1	1.0000	0.9368	1
COG2218	C	Formylmethanofuran dehydrogenase subunit C	0.0000	0.7359	1	0.9109	0.9973	1	0.0500	0.6266	1	1.0000	0.9953	1	0.9995	0.9962	1
COG2219	L	Eukaryotic-type DNA primase, large subunit	0.0000	0.9870	1	0.9800	0.9999	1	0.0000	0.9765	1	1.0000	1.0000	1	0.9999	1.0000	1
COG2220	G	L-ascorbate lactonase UlaG, metallo-beta-lactamase superfamily	0.0000	0.9353	1	0.4800	0.9903	1	0.0200	0.9500	1	1.0000	0.9998	1	1.0000	0.9984	1
COG2221	P	Dissimilatory sulfite reductase (desulfoviridin), alpha and beta subunits	0.0000	0.3187	0	0.2800	0.9876	1	0.0000	0.1639	0	1.0000	0.9989	1	0.0289	0.9498	1
COG2222	M	Fructoselysine-6-P-deglycase FrlB or related protein, duplicated sugar isomerase (SIS) domain	0.0000	0.2306	0	0.0400	0.2279	0	0.0000	0.3870	0	0.6383	0.1651	0	0.0077	0.1739	0
COG2223	P	Nitrate/nitrite transporter NarK	0.0000	0.1095	0	0.0000	0.0134	0	0.0000	0.0858	0	0.9843	0.5620	1	0.0020	0.1286	0
COG2224	C	Isocitrate lyase	0.0000	0.0009	0	0.0000	0.0008	0	0.0000	0.0022	0	0.0070	0.0281	0	0.0000	0.0016	0
COG2225	C	Malate synthase	0.0000	0.0015	0	0.0000	0.0006	0	0.0000	0.0025	0	0.2447	0.0557	0	0.0268	0.0058	0
COG2226	H	Ubiquinone/menaquinone biosynthesis C-methylase UbiE/MenG	0.0000	0.0767	0	0.9703	0.4618	0	0.4300	0.3936	0	1.0000	0.5705	1	0.9981	0.5474	1
COG2227	H	2-polyprenyl-3-methyl-5-hydroxy-6-metoxy-1,4-benzoquinol methylase	0.0000	0.2160	0	0.0000	0.0284	0	0.0000	0.1904	0	0.0000	0.1740	0	0.0000	0.0216	0
COG2229	U	Signal recognition particle receptor subunit beta, a GTPase	0.0000	0.2845	0	0.0100	0.7487	1	0.0000	0.1297	0	1.0000	0.9297	1	1.0000	0.9065	1
COG2230	I	Cyclopropane fatty-acyl-phospholipid synthase and related methyltransferases	0.0000	0.0369	0	0.0000	0.0030	0	0.0000	0.0379	0	0.0047	0.0303	0	0.0000	0.0018	0
COG2231	L	3-Methyladenine DNA glycosylase, HhH-GPD/Endo3 superfamily	0.0150	0.6159	1	0.7340	0.9563	1	0.0000	0.3598	0	1.0000	0.9299	1	0.9959	0.9079	1
COG2232	E	Pyrrolysine biosynthesis ligase PylC and related enzymes, ATP-grasp superfamily	0.0250	0.8742	1	0.2300	0.9848	1	0.0000	0.4119	0	1.0000	0.9939	1	0.9930	0.9888	1
COG2233	F	Xanthine/uracil permease	0.0000	0.0431	0	0.0200	0.0601	0	0.0000	0.0233	0	0.7643	0.3833	0	0.3044	0.0838	0
COG2234	OE	Zn-dependent amino- or carboxypeptidase, M28 family	0.0150	0.7507	1	0.8980	0.8691	1	0.0200	0.5235	1	1.0000	0.9738	1	1.0000	0.9524	1
COG2235	E	Arginine deiminase	0.0000	0.0272	0	0.1400	0.1483	0	0.0000	0.0252	0	0.9999	0.5057	1	0.2070	0.2399	0
COG2236	H	Hypoxanthine phosphoribosyltransferase	0.0000	0.8756	1	0.9500	0.9955	1	0.2000	0.9744	1	1.0000	0.9981	1	1.0000	0.9986	1
COG2237	S	Uncharacterized membrane protein	0.8400	0.9928	1	1.0000	0.9994	1	0.9900	0.9932	1	1.0000	0.9989	1	0.9996	0.9990	1
COG2238	J	Ribosomal protein S19E (S16A)	0.2600	0.9966	1	0.9900	0.9999	1	0.1300	0.9925	1	1.0000	0.9998	1	0.9999	0.9999	1
COG2239	P	Mg/Co/Ni transporter MgtE (contains CBS domain)	0.0000	0.0351	0	0.2530	0.0216	0	0.0000	0.0180	0	1.0000	0.0121	0	0.0504	0.0109	0
COG2240	H	Pyridoxal/pyridoxine/pyridoxamine kinase	0.0000	0.0012	0	0.0000	0.0002	0	0.0000	0.0021	0	0.0000	0.0000	0	0.0000	0.0001	0
COG2241	H	Precorrin-6B methylase 1	0.0000	0.1317	0	0.1700	0.5136	1	0.0000	0.0124	0	0.9999	0.9915	1	0.2774	0.6695	1
COG2242	H	Precorrin-6B methylase 2	0.0000	0.2890	0	0.7900	0.8751	1	0.0000	0.1246	0	0.9990	0.9783	1	0.1833	0.6546	1
COG2243	H	Precorrin-2 methylase	0.0000	0.2319	0	0.5000	0.5734	1	0.0000	0.0499	0	0.9990	0.9863	1	0.1833	0.5809	1
COG2244	M	Membrane protein involved in the export of O-antigen and teichoic acid	0.0000	0.7896	1	0.1998	0.6920	1	0.0000	0.5332	1	1.0000	0.9809	1	1.0000	0.8428	1
COG2245	S	Uncharacterized membrane protein, contains DUF996 domain	0.0000	0.2213	0	0.0400	0.7117	1	0.0000	0.2628	0	0.9999	0.8778	1	0.3781	0.8556	1
COG2246	I	Putative flippase GtrA (transmembrane translocase of bactoprenol-linked glucose)	0.0000	0.0449	0	0.0800	0.1002	0	0.0000	0.0355	0	1.0000	0.3703	0	0.9991	0.2207	0
COG2247	M	Putative cell wall-binding domain (amidase enhancer), LytB superfamily	0.0000	0.1948	0	0.6700	0.6055	1	0.0000	0.0815	0	0.4655	0.4954	0	0.0036	0.3450	0
COG2248	R	Predicted hydrolase, metallo-beta-lactamase superfamily	0.3500	0.9940	1	1.0000	0.9997	1	0.2800	0.9821	1	1.0000	0.9986	1	0.9999	0.9998	1
COG2249	R	Putative NADPH-quinone reductase (modulator of drug activity B)	0.0000	0.0238	0	0.0300	0.0636	0	0.0000	0.0141	0	0.7318	0.2500	0	0.0004	0.0591	0
COG2250	V	HEPN domain protein, predicted toxin of MNT-HEPN system	0.0950	0.9389	1	0.9276	0.9995	1	0.0000	0.7293	1	1.0000	0.9996	1	1.0000	0.9994	1
COG2251	R	Predicted nuclease, RecB family	0.0000	0.0070	0	0.0000	0.0038	0	0.0000	0.0085	0	0.0000	0.0183	0	0.0000	0.0058	0
COG2252	F	Xanthine/guanine/uracil/vitamin C permease GhxP/GhxQ, nucleobase:cation symporter 2 ( NCS2) family	0.0050	0.4911	0	0.2500	0.1572	0	0.0100	0.2501	0	1.0000	0.3679	0	0.9164	0.2069	0
COG2253	V	Predicted nucleotidyltransferase component of viral defense system	0.0050	0.6017	1	0.8200	0.6494	1	0.0000	0.2539	0	1.0000	0.6210	1	0.9633	0.6572	1
COG2254	V	CRISPR/Cas system-associated endonuclease Cas3-HD	0.0000	0.2567	0	0.4368	0.8609	1	0.0000	0.1676	0	0.9999	0.9085	1	0.3675	0.8956	1
COG2255	L	Holliday junction resolvasome RuvABC, ATP-dependent DNA helicase subunit RuvB	0.0000	0.0038	0	0.0000	0.0001	0	0.0000	0.0030	0	0.0203	0.0003	0	0.0000	0.0000	0
COG2256	L	Replication-associated recombination protein RarA (DNA-dependent ATPase)	0.0000	0.0049	0	0.0000	0.0000	0	0.0000	0.0063	0	0.0000	0.0000	0	0.0000	0.0000	0
COG2257	U	Type III secretion system substrate exporter, FlhB-like	0.0000	0.0015	0	0.0000	0.0020	0	0.0000	0.0020	0	0.0000	0.0040	0	0.0000	0.0020	0
COG2258	FV	N-hydroxylaminopurine reductase YiiM, contains MOSC domain	0.0000	0.0249	0	0.0800	0.0335	0	0.0000	0.0309	0	0.9973	0.2386	0	0.0118	0.0635	0
COG2259	S	Uncharacterized membrane protein YphA, DoxX/SURF4 family	0.0000	0.0050	0	0.0395	0.0009	0	0.0000	0.0083	0	1.0000	0.1404	0	0.0126	0.0034	0
COG2260	J	rRNA maturation protein Nop10, contains Zn-ribbon domain	0.0000	0.6495	1	0.9600	0.9920	1	0.0700	0.8847	1	1.0000	0.9958	1	0.9988	0.9967	1
COG2261	R	Uncharacterized membrane protein YeaQ/YmgE, transglycosylase-associated protein family	0.0000	0.0004	0	0.0000	0.0002	0	0.0000	0.0005	0	0.0000	0.0186	0	0.0000	0.0005	0
COG2262	J	50S ribosomal subunit-associated GTPase HflX	0.1000	0.9383	1	0.6100	0.8793	1	0.0200	0.9310	1	1.0000	0.9942	1	0.9999	0.9820	1
COG2263	R	Predicted RNA methylase	0.0250	0.9789	1	0.9800	0.9983	1	0.4100	0.9535	1	1.0000	0.9998	1	0.9999	0.9991	1
COG2264	J	Ribosomal protein L11 methylase PrmA	0.0000	0.0027	0	0.0100	0.0045	0	0.0000	0.0024	0	0.4963	0.0367	0	0.0010	0.0038	0
COG2265	J	tRNA/tmRNA/rRNA uracil-C5-methylase, TrmA/RlmC/RlmD family	0.0000	0.0473	0	0.0400	0.0179	0	0.0000	0.0467	0	0.5062	0.0131	0	0.0031	0.0062	0
COG2266	H	GTP:adenosylcobinamide-phosphate guanylyltransferase	0.0000	0.8266	1	0.0300	0.9833	1	0.0000	0.5863	1	1.0000	0.9997	1	0.9952	0.9977	1
COG2267	I	Lysophospholipase, alpha-beta hydrolase superfamily	0.0000	0.1416	0	0.0600	0.1139	0	0.0000	0.1398	0	1.0000	0.3419	0	0.9999	0.2622	0
COG2268	S	Uncharacterized membrane protein YqiK, contains Band7/PHB/SPFH domain	0.0000	0.0051	0	0.0000	0.0003	0	0.0000	0.0024	0	0.0000	0.0102	0	0.0000	0.0006	0
COG2269	J	Elongation factor P--beta-lysine ligase (EF-P beta-lysylation pathway)	0.0000	0.0028	0	0.0000	0.0025	0	0.0000	0.0055	0	0.0000	0.0052	0	0.0000	0.0030	0
COG2270	R	MFS-type transporter involved in bile tolerance, Atg22 family	0.0000	0.0199	0	0.0000	0.0057	0	0.0000	0.0278	0	0.0000	0.0660	0	0.0000	0.0118	0
COG2271	G	Sugar phosphate permease	0.0000	0.0487	0	0.0000	0.0080	0	0.0000	0.0983	0	0.0000	0.1850	0	0.0000	0.0244	0
COG2272	I	Carboxylesterase type B	0.0000	0.0086	0	0.0000	0.0042	0	0.0000	0.0058	0	0.0000	0.0660	0	0.0000	0.0100	0
COG2273	G	Beta-glucanase, GH16 family	0.0000	0.0129	0	0.0000	0.0019	0	0.0000	0.0086	0	0.1828	0.0392	0	0.0003	0.0082	0
COG2274	V	ABC-type bacteriocin/lantibiotic exporters, contain an N-terminal double-glycine peptidase domain	0.0000	0.0022	0	0.0000	0.0002	0	0.0000	0.0021	0	0.0000	0.0002	0	0.0000	0.0001	0
COG2301	G	Citrate lyase beta subunit	0.0000	0.0577	0	0.3700	0.0166	0	0.0000	0.0387	0	0.9990	0.1756	0	0.1366	0.0181	0
COG2302	R	RNA-binding protein YlmH, contains S4-like domain	0.0000	0.0025	0	0.0000	0.0039	0	0.0000	0.0025	0	0.0000	0.0096	0	0.0000	0.0033	0
COG2303	IR	Choline dehydrogenase or related flavoprotein	0.0000	0.0413	0	0.0300	0.1532	0	0.0000	0.0442	0	0.9936	0.6360	1	0.0021	0.1714	0
COG2304	R	Secreted protein containing bacterial Ig-like domain and vWFA domain	0.0000	0.4792	0	0.9608	0.5162	1	0.0100	0.5523	1	1.0000	0.5244	1	0.6046	0.4036	0
COG2306	R	Predicted RNA-binding protein, associated with RNAse of E/G family, DUF402 domain	0.0000	0.0849	0	0.0000	0.0697	0	0.0000	0.0360	0	0.1235	0.5266	1	0.0154	0.3311	0
COG2307	S	Uncharacterized conserved protein, Alpha-E superfamily	0.0000	0.0021	0	0.0000	0.0001	0	0.0000	0.0007	0	0.0001	0.0050	0	0.0000	0.0001	0
COG2308	R	Circularly permuted ATP-grasp protein	0.0000	0.0042	0	0.0000	0.0005	0	0.0000	0.0023	0	0.0001	0.0120	0	0.0000	0.0011	0
COG2309	E	Leucyl aminopeptidase (aminopeptidase T)	0.0000	0.3213	0	1.0000	0.6456	1	0.4400	0.7123	1	1.0000	0.5768	1	1.0000	0.7084	1
COG2310	T	Stress response protein SCP2	0.0000	0.0021	0	0.0000	0.0005	0	0.0000	0.0013	0	0.0000	0.0006	0	0.0000	0.0003	0
COG2311	S	Uncharacterized membrane protein YeiB	0.0000	0.0014	0	0.0000	0.0005	0	0.0000	0.0011	0	0.0030	0.0475	0	0.0001	0.0090	0
COG2312	Q	Erythromycin esterase homolog	0.0000	0.0103	0	0.0100	0.0937	0	0.0000	0.0106	0	0.6593	0.5737	1	0.0007	0.0804	0
COG2313	F	Pseudouridine-5'-phosphate glycosidase (pseudoU degradation)	0.0000	0.0003	0	0.0000	0.0014	0	0.0000	0.0003	0	0.0000	0.0104	0	0.0000	0.0048	0
COG2314	R	Uncharacterized membrane protein YozV, TM2 domain, contains pTyr	0.0000	0.0493	0	0.1800	0.1500	0	0.0000	0.0319	0	0.7223	0.4104	0	0.0041	0.1116	0
COG2315	K	Predicted DNA-binding protein with double-wing structural motif, MmcQ/YjbR family	0.0000	0.0023	0	0.0000	0.0002	0	0.0000	0.0019	0	0.0000	0.0019	0	0.0000	0.0002	0
COG2316	R	Predicted hydrolase, HD superfamily	0.0000	0.2147	0	0.0000	0.7260	1	0.0000	0.2432	0	0.9973	0.9979	1	0.0662	0.9308	1
COG2317	O	Zn-dependent carboxypeptidase, M32 family	0.0000	0.1349	0	0.2400	0.2153	0	0.0000	0.0746	0	1.0000	0.7436	1	0.9989	0.6885	1
COG2318	Q	Bacillithiol/mycothiol S-transferase BstA/DinB, DinB/YfiT family (unrelated to E. coli DinB)	0.0000	0.0019	0	0.0000	0.0012	0	0.0000	0.0039	0	0.0000	0.0457	0	0.0000	0.0057	0
COG2319	R	WD40 repeat	0.0000	0.2020	0	0.9406	0.7275	1	0.0600	0.2193	0	1.0000	0.9435	1	0.9820	0.7791	1
COG2320	R	GrpB domain, predicted nucleotidyltransferase, UPF0157 family	0.0000	0.0240	0	0.0300	0.0868	0	0.0000	0.0157	0	0.9998	0.5212	1	0.0161	0.1315	0
COG2321	R	Predicted metalloprotease	0.0000	0.0015	0	0.0000	0.0005	0	0.0000	0.0011	0	0.0000	0.0014	0	0.0000	0.0007	0
COG2322	R	Predicted membrane metallochaperone YozB (3H, Sco1 fusion), DUF420 family	0.0000	0.0046	0	0.0000	0.0054	0	0.0000	0.0033	0	0.0138	0.1713	0	0.0001	0.0379	0
COG2323	S	Uncharacterized membrane protein YcaP, DUF421 family	0.0000	0.0026	0	0.0100	0.0046	0	0.0000	0.0020	0	0.0022	0.0404	0	0.0000	0.0009	0
COG2324	S	Uncharacterized membrane protein	0.0000	0.0886	0	0.0300	0.3599	0	0.0000	0.0429	0	1.0000	0.9634	1	0.6617	0.6534	1
COG2326	C	Polyphosphate kinase 2, PPK2 family	0.0000	0.0071	0	0.0200	0.0099	0	0.0000	0.0066	0	0.6312	0.1432	0	0.0001	0.0187	0
COG2327	M	Polysaccharide pyruvyl transferase family protein WcaK (colanic acid biosynthesis)	0.0000	0.1263	0	0.0200	0.1679	0	0.0000	0.0914	0	1.0000	0.5369	1	0.0009	0.1520	0
COG2329	H	Heme-degrading monooxygenase HmoA and related ABM domain proteins	0.0000	0.0278	0	0.0000	0.0297	0	0.0000	0.0191	0	1.0000	0.6339	1	0.1020	0.1924	0
COG2331	R	Predicted nucleic acid-binding protein, contains Zn-ribbon domain	0.0000	0.0108	0	0.0000	0.0178	0	0.0000	0.0125	0	0.0000	0.1601	0	0.0000	0.0397	0
COG2332	CO	Cytochrome c biogenesis protein CcmE	0.0050	0.0623	0	0.4896	0.2545	0	0.0000	0.0143	0	0.9999	0.4495	0	0.0403	0.0578	0
COG2333	U	DNA uptake channel protein ComEC C-terminal domain, metallo-beta-lactamase superfamily	0.0000	0.0683	0	0.0500	0.1104	0	0.0000	0.0333	0	0.9720	0.4332	0	0.0036	0.0773	0
COG2334	T	Ser/Thr protein kinase RdoA involved in Cpx stress response, MazF antagonist	0.0000	0.0023	0	0.0700	0.0002	0	0.0000	0.0038	0	0.8820	0.0020	0	0.0266	0.0001	0
COG2335	R	Uncaracterized surface protein containing fasciclin (FAS1) repeats	0.0000	0.0287	0	0.1462	0.1250	0	0.0000	0.0181	0	0.9989	0.6052	1	0.2246	0.1607	0
COG2336	V	Antitoxin component MazE of the MazEF toxin-antitoxin module	0.0000	0.0015	0	0.0000	0.0027	0	0.0000	0.0024	0	0.0000	0.0127	0	0.0000	0.0034	0
COG2337	V	mRNA-degrading endonuclease MazF, toxin component of the MazEF toxin-antitoxin module	0.0000	0.0661	0	0.1545	0.3120	0	0.0000	0.0591	0	1.0000	0.5024	1	0.9603	0.3704	0
COG2339	T	Membrane proteinase PrsW, cleaves anti-sigma factor RsiW, M82 family	0.0050	0.4341	0	0.0500	0.2443	0	0.0000	0.1197	0	1.0000	0.7457	1	0.9497	0.5934	1
COG2340	DR	Spore germination protein YkwD and related proteins with CAP (CSP/antigen 5/PR1) domain	0.0000	0.0335	0	0.1400	0.1351	0	0.0000	0.0395	0	1.0000	0.5548	1	0.0050	0.1252	0
COG2342	G	Endo alpha-1,4 polygalactosaminidase, GH114 family (was erroneously annotated as Cys-tRNA synthetase)	0.0000	0.1058	0	0.6500	0.6111	1	0.0000	0.0486	0	0.9991	0.8164	1	0.0081	0.4050	0
COG2343	S	Uncharacterized conserved protein, DUF427 family	0.0000	0.0128	0	0.0500	0.0678	0	0.0000	0.0107	0	0.9977	0.5706	1	0.0058	0.0850	0
COG2344	K	NADH/NAD ratio-sensing transcriptional regulator Rex	0.0000	0.0019	0	0.0000	0.0028	0	0.0000	0.0020	0	0.0000	0.0380	0	0.0000	0.0052	0
COG2345	K	Predicted transcriptional regulator, ArsR family	0.0000	0.0824	0	0.5600	0.2287	0	0.0200	0.2039	0	1.0000	0.5527	1	0.0047	0.2015	0
COG2346	P	Truncated hemoglobin YjbI	0.0000	0.0039	0	0.0000	0.0020	0	0.0000	0.0025	0	0.5851	0.1060	0	0.0027	0.0149	0
COG2348	M	Lipid II:glycine glycyltransferase (Peptidoglycan interpeptide bridge formation enzyme)	0.0000	0.0111	0	0.1100	0.0379	0	0.0000	0.0085	0	1.0000	0.1476	0	0.0074	0.0258	0
COG2350	QR	YciI superfamily enzyme, includes 5-CHQ dehydrochlorinase, contains active-site pHis	0.0000	0.0064	0	0.0000	0.0129	0	0.0000	0.0065	0	0.0000	0.1905	0	0.0000	0.0225	0
COG2351	F	5-hydroxyisourate hydrolase (purine catabolism), transthyretin-related family	0.0000	0.0039	0	0.0000	0.0030	0	0.0000	0.0031	0	0.0000	0.0215	0	0.0000	0.0048	0
COG2352	C	Phosphoenolpyruvate carboxylase	0.0000	0.0027	0	0.0000	0.0003	0	0.0000	0.0020	0	0.0676	0.0296	0	0.0016	0.0053	0
COG2353	R	Polyisoprenoid-binding periplasmic protein YceI	0.0000	0.0006	0	0.0100	0.0014	0	0.0000	0.0006	0	0.0034	0.0066	0	0.0000	0.0006	0
COG2354	L	Membrane protein MutK/YedI, may be involved in DNA repair	0.0000	0.0009	0	0.0000	0.0005	0	0.0000	0.0008	0	0.0000	0.0014	0	0.0000	0.0008	0
COG2355	OE	Zn-dependent dipeptidase, microsomal dipeptidase homolog	0.0000	0.1002	0	0.3800	0.2112	0	0.0000	0.0469	0	1.0000	0.8427	1	0.9991	0.6308	1
COG2356	L	Endonuclease I	0.0000	0.0019	0	0.0000	0.0002	0	0.0000	0.0013	0	0.0000	0.0003	0	0.0000	0.0002	0
COG2357	FT	ppGpp synthetase catalytic domain (RelA/SpoT-type nucleotidyltranferase)	0.0000	0.0061	0	0.0200	0.0075	0	0.0000	0.0048	0	0.0001	0.0134	0	0.0000	0.0005	0
COG2358	R	TRAP-type uncharacterized transport system, periplasmic component	0.0000	0.0904	0	0.0396	0.1232	0	0.0000	0.0329	0	0.9998	0.8241	1	0.0215	0.2420	0
COG2359	S	Stage V sporulation protein SpoVS, predicted DNA-binding, AlbA superfamily	0.0000	0.0156	0	0.0000	0.0206	0	0.0000	0.0076	0	0.0000	0.2565	0	0.0000	0.0551	0
COG2360	O	Leu/Phe-tRNA-protein transferase	0.0000	0.0004	0	0.0000	0.0002	0	0.0000	0.0004	0	0.0000	0.0004	0	0.0000	0.0001	0
COG2361	V	HEPN domain protein, predicted toxin of MNT-HEPN system	0.0100	0.7965	1	0.8300	0.9900	1	0.0200	0.5105	1	1.0000	0.9955	1	0.9227	0.9857	1
COG2362	E	D-aminopeptidase	0.0000	0.1204	0	0.0600	0.3915	0	0.0000	0.0988	0	1.0000	0.8946	1	0.9639	0.8265	1
COG2363	S	Uncharacterized membrane protein YgdD, TMEM256/DUF423 family	0.0000	0.0003	0	0.0000	0.0001	0	0.0000	0.0002	0	0.0000	0.0011	0	0.0000	0.0002	0
COG2364	S	Uncharacterized membrane protein YczE	0.0000	0.0036	0	0.0000	0.0015	0	0.0000	0.0042	0	0.5242	0.0108	0	0.0000	0.0018	0
COG2365	T	Protein tyrosine/serine phosphatase Oca4	0.0000	0.0031	0	0.0000	0.0008	0	0.0000	0.0031	0	0.0000	0.0017	0	0.0000	0.0010	0
COG2366	Q	Acyl-homoserine lactone (AHL) acylase PvdQ	0.0000	0.0310	0	0.3800	0.2935	0	0.0000	0.0327	0	0.9999	0.9333	1	0.4700	0.6623	1
COG2367	V	Beta-lactamase class A	0.0000	0.0030	0	0.0000	0.0008	0	0.0000	0.0030	0	0.0000	0.0445	0	0.0000	0.0037	0
COG2368	Q	Aromatic ring hydroxylase	0.0000	0.0703	0	0.4000	0.2963	0	0.0000	0.0960	0	1.0000	0.7016	1	0.8520	0.7291	1
COG2369	X	Uncharacterized protein, contains phage Mu head morphogenesis gpF-like domain	0.0000	0.0168	0	0.0200	0.0147	0	0.0000	0.0100	0	0.1360	0.0144	0	0.0000	0.0012	0
COG2370	O	Hydrogenase/urease accessory protein HupE	0.0000	0.0007	0	0.0000	0.0005	0	0.0000	0.0008	0	0.0000	0.0044	0	0.0000	0.0007	0
COG2371	O	Urease accessory protein UreE	0.0000	0.0012	0	0.0000	0.0002	0	0.0000	0.0006	0	0.4537	0.1108	0	0.0001	0.0013	0
COG2372	P	Copper-binding protein CopC (methionine-rich)	0.0000	0.0021	0	0.0000	0.0049	0	0.0000	0.0017	0	0.0000	0.1014	0	0.0000	0.0071	0
COG2373	R	Uncharacterized conserved protein YfaS, alpha-2-macroglobulin family	0.0000	0.0288	0	0.0000	0.0023	0	0.0000	0.0313	0	0.0003	0.0146	0	0.0000	0.0028	0
COG2374	R	Predicted extracellular nuclease	0.0000	0.0477	0	0.0000	0.0110	0	0.0000	0.0520	0	0.0000	0.0460	0	0.0000	0.0120	0
COG2375	P	NADPH-dependent ferric siderophore reductase, contains FAD-binding and SIP domains	0.0000	0.0010	0	0.0000	0.0003	0	0.0000	0.0006	0	0.0000	0.0014	0	0.0000	0.0006	0
COG2376	G	Dihydroxyacetone kinase	0.0000	0.0098	0	0.0000	0.0043	0	0.0000	0.0050	0	0.7174	0.3758	0	0.0018	0.0781	0
COG2377	M	1,6-Anhydro-N-acetylmuramate kinase	0.0000	0.0042	0	0.0000	0.0011	0	0.0000	0.0039	0	0.0000	0.0254	0	0.0000	0.0043	0
COG2378	K	Predicted DNA-binding transcriptional regulator YobV, contains HTH and WYL domains	0.0000	0.0047	0	0.0600	0.0042	0	0.0000	0.0028	0	0.0004	0.0332	0	0.0000	0.0003	0
COG2379	G	Glycerate-2-kinase	0.0050	0.8594	1	0.2100	0.9324	1	0.0000	0.5689	1	1.0000	0.9989	1	0.9999	0.9974	1
COG2380	R	NurA-like predicted nuclease, RNAse H fold	0.0000	0.0076	0	0.0000	0.0251	0	0.0000	0.0059	0	0.0000	0.2031	0	0.0000	0.0350	0
COG2382	P	Enterochelin esterase or related enzyme	0.0000	0.0037	0	0.0200	0.0056	0	0.0000	0.0031	0	0.0708	0.0186	0	0.0004	0.0060	0
COG2383	S	Uncharacterized membrane protein, Fun14 family	0.0000	0.2813	0	0.2500	0.6366	1	0.0000	0.2050	0	1.0000	0.9457	1	0.9950	0.8939	1
COG2384	J	tRNA A22 N1-methylase	0.0000	0.0006	0	0.0000	0.0002	0	0.0000	0.0005	0	0.0000	0.0004	0	0.0000	0.0002	0
COG2385	M	Peptidoglycan hydrolase (amidase) enhancer domain SpoIID	0.0000	0.0022	0	0.0000	0.0033	0	0.0000	0.0022	0	0.0000	0.0112	0	0.0000	0.0018	0
COG2386	O	ABC-type transport system involved in cytochrome c biogenesis, permease component	0.0000	0.2316	0	0.6100	0.7366	1	0.0000	0.0824	0	1.0000	0.9135	1	0.1279	0.5146	1
COG2388	R	Predicted acetyltransferase, GNAT superfamily	0.0000	0.0789	0	0.0100	0.1084	0	0.0000	0.0721	0	0.1219	0.2205	0	0.0034	0.0919	0
COG2389	S	Uncharacterized metal-binding protein, DUF2227 family	0.0000	0.0229	0	0.0000	0.0822	0	0.0000	0.0091	0	0.0004	0.6177	1	0.0000	0.1062	0
COG2390	K	DNA-binding transcriptional regulator LsrR, DeoR family	0.0000	0.0015	0	0.0000	0.0006	0	0.0000	0.0009	0	0.0000	0.0100	0	0.0000	0.0035	0
COG2391	R	Uncharacterized membrane protein YedE/YeeE, contains two sulfur transport domains	0.0000	0.1985	0	0.2522	0.5566	1	0.0000	0.0967	0	1.0000	0.9689	1	0.0313	0.6246	1
COG2401	R	ABC-type ATPase fused to a predicted acetyltransferase domain	0.0000	0.2557	0	0.1900	0.6338	1	0.0000	0.2071	0	0.9999	0.8408	1	0.1706	0.6745	1
COG2402	R	Predicted nucleic acid-binding protein, contains PIN domain	0.0000	0.5368	1	0.7256	0.9877	1	0.0200	0.5927	1	1.0000	0.9989	1	1.0000	0.9948	1
COG2403	P	Zn/Ni/Co-binding GTPase YjiA, predicted metallochaperone, CobW/Nha3/YciC family	0.0100	0.7820	1	0.9580	0.9963	1	0.0900	0.7919	1	1.0000	0.9991	1	0.9997	0.9987	1
COG2404	JT	Oligoribonuclease NrnA/c-di-AMP phosphodiesterase DhhP, DHH superfamily	0.0250	0.2749	0	0.4573	0.5177	1	0.0000	0.0420	0	1.0000	0.7653	1	0.8288	0.6892	1
COG2405	R	Predicted nucleic acid-binding protein, contains PIN domain	0.0500	0.8619	1	0.8131	0.9946	1	0.0200	0.6952	1	1.0000	0.9988	1	1.0000	0.9948	1
COG2406	L	Ferritin-like DNA-binding protein, DPS (DNA Protection under Starvation) family	0.0000	0.2357	0	0.0100	0.6716	1	0.0100	0.4606	0	1.0000	0.9808	1	0.9999	0.9442	1
COG2407	G	L-fucose isomerase or related protein	0.0050	0.5372	1	0.4300	0.7718	1	0.0000	0.1962	0	1.0000	0.9299	1	0.9998	0.9447	1
COG2409	R	Predicted lipid transporter YdfJ, MMPL/SSD domain, RND superfamily	0.0000	0.0332	0	0.0200	0.2918	0	0.0000	0.0366	0	1.0000	0.9096	1	0.1750	0.4339	0
COG2410	R	Predicted nuclease (RNAse H fold)	0.0000	0.5023	1	0.0500	0.9172	1	0.0000	0.6436	1	1.0000	0.9440	1	0.9988	0.9857	1
COG2411	R	Predicted RNA-binding protein, contains PUA-like ASCH domain	0.0000	0.6135	1	0.2608	0.8955	1	0.0000	0.3741	0	1.0000	0.9608	1	0.9383	0.9607	1
COG2412	S	Uncharacterized conserved protein, DUF424 domain	0.0100	0.9618	1	0.9600	0.9977	1	0.0200	0.9602	1	1.0000	0.9956	1	0.9999	0.9985	1
COG2413	R	Predicted nucleotidyltransferase	0.0050	0.8972	1	0.8500	0.9933	1	0.0000	0.7055	1	1.0000	0.9630	1	0.9999	0.9980	1
COG2414	C	Aldehyde:ferredoxin oxidoreductase	0.0000	0.9966	1	0.9443	1.0000	1	0.0200	0.9990	1	1.0000	1.0000	1	1.0000	1.0000	1
COG2419	J	tRNA (A,G)9-N-methylase TRM10	0.0000	0.1521	0	0.0000	0.5204	1	0.0000	0.0428	0	0.9966	0.8600	1	0.0078	0.8053	1
COG2421	C	Acetamidase/formamidase	0.0000	0.0542	0	0.4700	0.1911	0	0.0100	0.1457	0	1.0000	0.9221	1	0.4294	0.5655	1
COG2423	E	Ornithine cyclodeaminase/archaeal alanine dehydrogenase, mu-crystallin family	0.0000	0.5896	1	0.1000	0.8863	1	0.0000	0.4597	0	1.0000	0.9987	1	1.0000	0.9934	1
COG2425	S	Uncharacterized conserved protein, contains a von Willebrand factor type A (vWA) domain	0.0350	0.3035	0	0.4600	0.5299	1	0.0000	0.0702	0	0.9976	0.8074	1	0.0085	0.3367	0
COG2426	S	Uncharacterized membrane protein	0.0000	0.7536	1	0.2000	0.9809	1	0.0000	0.5041	1	0.9989	0.9587	1	0.7575	0.9670	1
COG2427	S	Uncharacterized conserved protein YjgD, DUF1641 family	0.0000	0.0750	0	0.4060	0.5321	1	0.0000	0.0363	0	0.9994	0.9866	1	0.1269	0.7340	1
COG2428	J	Rps3 or RNA methylase involved in ribosome biogenesis, SPOUT family	0.0000	0.1812	0	0.5200	0.8105	1	0.0000	0.1240	0	0.9996	0.7206	1	0.6065	0.8083	1
COG2429	F	Archaeal GTP cyclohydrolase III	0.0100	0.3113	0	0.5400	0.3141	0	0.0000	0.1107	0	1.0000	0.6980	1	0.7728	0.5973	1
COG2430	S	Uncharacterized conserved protein, DUF432 domain	0.0000	0.4921	0	0.0900	0.8753	1	0.0000	0.1913	0	0.9999	0.9681	1	0.9624	0.9666	1
COG2431	E	Lysine export protein LysO/YbjE, DUF340 family	0.0000	0.1034	0	0.1900	0.5425	1	0.0000	0.0706	0	0.9999	0.9581	1	0.1620	0.7714	1
COG2433	R	Possible nuclease of RNase H fold, RuvC/YqgF family	0.0000	0.7721	1	0.0800	0.9564	1	0.0000	0.5208	1	1.0000	0.9969	1	0.9959	0.9925	1
COG2440	C	Ferredoxin-like protein FixX	0.0000	0.0476	0	0.5700	0.1948	0	0.0100	0.1247	0	0.9999	0.7765	1	0.5954	0.4041	0
COG2441	R	Predicted butyrate kinase, DUF1464 family	0.0100	0.7841	1	0.8400	0.9764	1	0.0000	0.4865	0	1.0000	0.9870	1	0.9982	0.9919	1
COG2442	V	Predicted antitoxin component of a toxin-antitoxin system, DUF433 family	0.0050	0.7644	1	0.8700	0.9877	1	0.0000	0.2732	0	1.0000	0.9934	1	0.9998	0.9798	1
COG2443	U	Preprotein translocase subunit Sss1	0.1750	0.9307	1	0.6100	0.9907	1	0.0000	0.4334	0	1.0000	0.9958	1	0.9996	0.9920	1
COG2445	R	Uncharacterized HEPN domain protein YutE, UPF0331/DUF86 family	0.0300	0.9063	1	0.9800	0.9966	1	0.3800	0.8112	1	1.0000	0.9993	1	1.0000	0.9979	1
COG2450	D	Predicted archaeal cell division protein, SepF family	0.0050	0.9734	1	0.9800	0.9987	1	0.2200	0.9695	1	1.0000	0.9959	1	0.9999	0.9939	1
COG2451	J	Ribosomal protein L35AE/L33A	0.0000	0.1405	0	0.1500	0.5473	1	0.0000	0.1858	0	1.0000	0.4683	0	0.9998	0.7968	1
COG2452	X	Predicted site-specific integrase-resolvase	0.0000	0.2560	0	0.6800	0.9208	1	0.0100	0.4005	0	1.0000	0.9968	1	0.7895	0.9667	1
COG2453	T	Protein-tyrosine phosphatase	0.0000	0.1990	0	0.8500	0.7145	1	0.0000	0.1522	0	1.0000	0.9450	1	0.9824	0.8914	1
COG2454	R	Predicted nuclease, contains PIN domain	0.1100	0.8904	1	0.6500	0.9724	1	0.0000	0.4334	0	1.0000	0.9927	1	0.9999	0.9738	1
COG2456	S	Uncharacterized conserved protein, DUF2304 domain	0.0000	0.1241	0	0.1400	0.3880	0	0.0000	0.0278	0	0.9896	0.6294	1	0.0216	0.1943	0
COG2457	S	Uncharacterized conserved protein, DUF447 domain	0.0350	0.9816	1	0.7900	0.9993	1	0.0000	0.6362	1	1.0000	1.0000	1	0.9994	0.9998	1
COG2461	R	Uncharacterized conserved protein AF0170, contains SAB, hemerythrin HHE, and PAS domains	0.0000	0.3066	0	0.0500	0.6091	1	0.0000	0.2759	0	1.0000	0.9205	1	0.9977	0.8813	1
COG2469	T	Archaeal chemotaxis protein CheF	0.1050	0.4691	0	0.8600	0.9086	1	0.0000	0.0720	0	0.5215	0.8344	1	0.1124	0.6839	1
COG2501	J	Ribosome-associated protein YbcJ, S4-like RNA-binding protein	0.0000	0.0025	0	0.0000	0.0005	0	0.0000	0.0022	0	0.0000	0.0036	0	0.0000	0.0005	0
COG2502	E	Asparagine synthetase A	0.0000	0.0048	0	0.0000	0.0032	0	0.0000	0.0053	0	0.0000	0.0018	0	0.0000	0.0025	0
COG2503	R	Predicted secreted acid phosphatase	0.0000	0.0013	0	0.0000	0.0008	0	0.0000	0.0012	0	0.0000	0.0028	0	0.0000	0.0011	0
COG2508	K	DNA-binding transcriptional regulator, PucR/PutR family	0.0000	0.0031	0	0.0000	0.0012	0	0.0000	0.0017	0	0.0000	0.0376	0	0.0000	0.0027	0
COG2509	R	FAD-dependent dehydrogenase	0.0200	0.9631	1	0.7900	0.9945	1	0.0100	0.9521	1	1.0000	0.9842	1	0.9999	0.9930	1
COG2510	H	Riboflavin transporter RibN, EamA domain	0.2400	0.6750	1	0.7114	0.6468	1	0.0000	0.1400	0	1.0000	0.6933	1	0.0158	0.3301	0
COG2511	J	Archaeal Glu-tRNAGln amidotransferase subunit E, contains GAD domain	0.0500	0.9962	1	0.9900	1.0000	1	0.4000	0.9961	1	1.0000	1.0000	1	0.9999	1.0000	1
COG2512	R	Predicted transcriptional regulator, contains CW (cell wall-binding) repeats and an HTH domain	0.0450	0.8779	1	0.9990	0.9957	1	0.0400	0.6980	1	1.0000	0.9995	1	0.9995	0.9985	1
COG2513	G	2-Methylisocitrate lyase and related enzymes, PEP mutase family	0.0000	0.0389	0	0.1900	0.1849	0	0.0000	0.0508	0	1.0000	0.7195	1	0.4941	0.3158	0
COG2514	Q	Catechol-2,3-dioxygenase	0.0000	0.0017	0	0.0000	0.0020	0	0.0000	0.0024	0	0.8356	0.2558	0	0.0034	0.0347	0
COG2515	E	1-aminocyclopropane-1-carboxylate deaminase/D-cysteine desulfhydrase, PLP-dependent ACC family	0.0000	0.0346	0	0.0500	0.1717	0	0.0000	0.0436	0	0.8713	0.7635	1	0.0265	0.4247	0
COG2516	R	Biotin synthase-related protein, radical SAM superfamily	0.0250	0.9728	1	0.2800	0.9935	1	0.0000	0.8279	1	1.0000	0.9990	1	0.9999	0.9987	1
COG2517	R	Predicted RNA-binding protein, contains C-terminal EMAP domain	0.0000	0.4405	0	0.6200	0.8672	1	0.0100	0.2987	0	1.0000	0.9467	1	0.1928	0.8422	1
COG2518	O	Protein-L-isoaspartate O-methyltransferase	0.1000	0.9978	1	0.7800	0.9988	1	0.8500	0.9967	1	1.0000	0.9996	1	0.9999	0.9997	1
COG2519	J	tRNA A58 N-methylase Trm61	0.0000	0.9751	1	0.4800	0.9983	1	0.0300	0.9917	1	1.0000	0.9999	1	0.9999	0.9997	1
COG2520	J	tRNA G37 N-methylase Trm5	0.6100	0.9995	1	0.9931	1.0000	1	0.3200	0.9977	1	1.0000	1.0000	1	1.0000	1.0000	1
COG2521	R	Predicted archaeal methyltransferase	0.0000	0.1386	0	0.8200	0.7642	1	0.0000	0.1805	0	1.0000	0.6821	1	0.9267	0.7863	1
COG2522	K	Predicted transcriptional regulator, contains XRE-type HTH domain	0.0000	0.5376	1	0.5100	0.9601	1	0.0100	0.8731	1	1.0000	0.9672	1	1.0000	0.9829	1
COG2524	K	Predicted transcriptional regulator, contains C-terminal CBS domains	0.0000	0.4566	0	0.0600	0.9256	1	0.0000	0.1865	0	0.9943	0.9995	1	0.1862	0.9439	1
COG2602	V	Beta-lactamase class D	0.0000	0.0005	0	0.0000	0.0005	0	0.0000	0.0004	0	0.0000	0.0059	0	0.0000	0.0008	0
COG2603	J	tRNA 2-selenouridine synthase SelU, contains rhodanese domain	0.0000	0.0052	0	0.0880	0.0683	0	0.0000	0.0045	0	0.0071	0.1527	0	0.0000	0.0094	0
COG2604	S	Uncharacterized conserved protein	0.0000	0.0030	0	0.0000	0.0013	0	0.0000	0.0017	0	0.0000	0.0049	0	0.0000	0.0018	0
COG2605	R	Predicted kinase related to galactokinase and mevalonate kinase	0.0000	0.0465	0	0.0100	0.1317	0	0.0000	0.0523	0	0.9997	0.3224	0	0.0319	0.0944	0
COG2606	J	Cys-tRNA(Pro) deacylase, prolyl-tRNA editing enzyme YbaK/EbsC	0.0000	0.0515	0	0.8800	0.0729	0	0.0000	0.0534	0	1.0000	0.2818	0	0.9999	0.1709	0
COG2607	R	Predicted ATPase, AAA+ superfamily	0.0000	0.0038	0	0.2846	0.0397	0	0.0100	0.0156	0	0.0460	0.1115	0	0.0000	0.0098	0
COG2608	P	Copper chaperone CopZ	0.0000	0.0115	0	0.8419	0.0862	0	0.0800	0.0564	0	1.0000	0.2877	0	0.9998	0.0660	0
COG2609	C	Pyruvate dehydrogenase complex, dehydrogenase (E1) component	0.0000	0.0004	0	0.0000	0.0001	0	0.0000	0.0006	0	0.0000	0.0006	0	0.0000	0.0001	0
COG2610	G	H+/gluconate symporter GntT or related permease, GntP/DsdX family	0.0000	0.0235	0	0.0100	0.1012	0	0.0000	0.0134	0	0.2548	0.3552	0	0.0001	0.0751	0
COG2703	T	Hemerythrin	0.0000	0.0458	0	0.2600	0.4791	0	0.0000	0.0278	0	0.9781	0.9040	1	0.0002	0.3676	0
COG2704	G	Anaerobic C4-dicarboxylate transporter	0.0000	0.0003	0	0.0000	0.0003	0	0.0000	0.0003	0	0.0000	0.0008	0	0.0000	0.0002	0
COG2706	G	6-phosphogluconolactonase, cycloisomerase 2 family	0.0000	0.0075	0	0.0000	0.0033	0	0.0000	0.0090	0	0.0000	0.0685	0	0.0000	0.0036	0
COG2707	S	Uncharacterized membrane protein, DUF441 family	0.0000	0.0006	0	0.0000	0.0015	0	0.0000	0.0004	0	0.0000	0.0155	0	0.0000	0.0031	0
COG2710	HP	Nitrogenase Mo-Fe protein NifD/coenzyme F430 biosynthesis subunit CfbD	0.0000	0.4181	0	0.8841	0.9335	1	0.0000	0.1244	0	0.7726	0.9831	1	0.0256	0.6930	1
COG2715	R	Spore maturation protein SpmA (function unknown)	0.0000	0.0013	0	0.0000	0.0021	0	0.0000	0.0012	0	0.0000	0.0094	0	0.0000	0.0026	0
COG2716	E	Glycine cleavage system regulator GcvR	0.0000	0.0044	0	0.0000	0.0023	0	0.0000	0.0040	0	0.0000	0.0075	0	0.0000	0.0048	0
COG2717	C	Heme-binding membrane subunit of periplasmic DMSO/TMAO and protein-methionine-sulfoxide reductases	0.0000	0.0014	0	0.0400	0.0055	0	0.0000	0.0016	0	0.0006	0.0326	0	0.0000	0.0014	0
COG2718	R	Uncharacterized conserved protein YeaH/YhbH, required for sporulation, DUF444 family	0.0000	0.0077	0	0.0100	0.0101	0	0.0000	0.0054	0	0.0017	0.2441	0	0.0000	0.0067	0
COG2719	D	Stage V sporulation protein SpoVR/YcgB, involved in spore cortex formation (function unknown)	0.0000	0.0063	0	0.0000	0.0029	0	0.0000	0.0039	0	0.0005	0.2694	0	0.0000	0.0119	0
COG2720	V	Vancomycin resistance protein YoaR (function unknown), contains peptidoglycan-binding and VanW domains	0.0000	0.0018	0	0.0000	0.0003	0	0.0000	0.0009	0	0.0000	0.0009	0	0.0000	0.0002	0
COG2721	G	Altronate dehydratase	0.0000	0.0618	0	0.3127	0.1628	0	0.0000	0.0450	0	0.9985	0.6504	1	0.0027	0.2183	0
COG2723	G	Beta-glucosidase/6-phospho-beta-glucosidase/beta-galactosidase	0.0000	0.0465	0	0.0100	0.0529	0	0.0000	0.0375	0	1.0000	0.2919	0	0.9313	0.3206	0
COG2730	G	Aryl-phospho-beta-D-glucosidase BglC, GH1 family	0.0000	0.0690	0	0.0100	0.0734	0	0.0000	0.0407	0	0.0733	0.2163	0	0.0021	0.1114	0
COG2731	G	Beta-galactosidase, beta subunit	0.0000	0.0010	0	0.0000	0.0005	0	0.0000	0.0014	0	0.0000	0.0009	0	0.0000	0.0004	0
COG2732	K	Barstar, RNAse (barnase) inhibitor	0.0000	0.0025	0	0.0000	0.0009	0	0.0000	0.0014	0	0.0000	0.0057	0	0.0000	0.0012	0
COG2733	S	Uncharacterized membrane-anchored protein YjiN, DUF445 family	0.0000	0.0011	0	0.0000	0.0006	0	0.0000	0.0007	0	0.0000	0.0082	0	0.0000	0.0009	0
COG2738	O	Zn-dependent membrane protease YugP	0.0000	0.0036	0	0.0000	0.0009	0	0.0000	0.0029	0	0.0000	0.0042	0	0.0000	0.0010	0
COG2739	K	Predicted DNA-binding protein YlxM, UPF0122 family	0.0000	0.0019	0	0.0000	0.0061	0	0.0000	0.0011	0	0.0000	0.0182	0	0.0000	0.0053	0
COG2740	R	Nucleoid-associated protein YlxR, Predicted RNA-binding, DUF448 family	0.0000	0.0017	0	0.0000	0.0015	0	0.0000	0.0022	0	0.0000	0.0060	0	0.0000	0.0016	0
COG2746	V	Aminoglycoside N3'-acetyltransferase	0.0000	0.0139	0	0.0100	0.0399	0	0.0000	0.0167	0	0.9817	0.3863	0	0.0046	0.1051	0
COG2747	KN	Negative regulator of flagellin synthesis (anti-sigma28 factor)	0.0000	0.0029	0	0.0000	0.0039	0	0.0000	0.0019	0	0.0000	0.0042	0	0.0000	0.0051	0
COG2755	DI	Lysophospholipase L1 or related esterase. Includes spore coat protein LipC/YcsK	0.0000	0.0244	0	0.0400	0.0018	0	0.0000	0.0303	0	0.9952	0.0873	0	0.0381	0.0018	0
COG2759	F	Formyltetrahydrofolate synthetase	0.0000	0.2600	0	0.3900	0.2447	0	0.0000	0.2106	0	0.9999	0.7550	1	0.0718	0.3793	0
COG2761	O	Predicted dithiol-disulfide isomerase, DsbA/YjbH family (virulence, stress resistance)	0.0000	0.0132	0	0.0900	0.0611	0	0.0000	0.0123	0	0.9986	0.4447	0	0.0016	0.0679	0
COG2764	C	Zn-dependent glyoxalase, PhnB family	0.0000	0.0090	0	0.0000	0.0028	0	0.0000	0.0092	0	0.0000	0.0925	0	0.0000	0.0026	0
COG2766	T	Predicted Ser/Thr protein kinase	0.0000	0.0062	0	0.0000	0.0029	0	0.0000	0.0039	0	0.0170	0.2667	0	0.0000	0.0106	0
COG2768	S	Uncharacterized Fe-S cluster protein	0.3500	0.9332	1	0.0200	0.9307	1	0.0000	0.4949	0	1.0000	0.9966	1	0.9865	0.9864	1
COG2770	T	HAMP domain	0.0000	0.0031	0	0.0200	0.0300	0	0.0000	0.0034	0	0.4465	0.2108	0	0.0002	0.0330	0
COG2771	K	DNA-binding transcriptional regulator, CsgD family	0.0000	0.0109	0	0.0000	0.0051	0	0.0000	0.0074	0	0.0035	0.1130	0	0.0001	0.0450	0
COG2801	X	Transposase InsO and inactivated derivatives	0.0000	0.1163	0	0.2456	0.1124	0	0.0000	0.0985	0	1.0000	0.3008	0	0.9922	0.1749	0
COG2802	S	Uncharacterized conserved protein, LON_N-like domain, ASCH/PUA-like superfamily	0.0000	0.0015	0	0.0000	0.0010	0	0.0000	0.0019	0	0.0000	0.0091	0	0.0000	0.0025	0
COG2804	NUW	Type II secretory pathway ATPase GspE/PulE or T4P pilus assembly pathway ATPase PilB	0.0000	0.0017	0	0.0000	0.0000	0	0.0000	0.0029	0	0.0000	0.0000	0	0.0000	0.0000	0
COG2805	NW	Type IV pilus assembly protein PilT, pilus retraction ATPase	0.0000	0.0018	0	0.0000	0.0002	0	0.0000	0.0029	0	0.0000	0.0001	0	0.0000	0.0001	0
COG2807	P	Cyanate permease	0.0050	0.0399	0	0.0000	0.0040	0	0.0000	0.0185	0	0.0000	0.0303	0	0.0000	0.0081	0
COG2808	T	Predicted FMN-binding regulatory protein PaiB	0.0000	0.0017	0	0.0000	0.0020	0	0.0000	0.0014	0	0.0000	0.0578	0	0.0000	0.0073	0
COG2810	V	Predicted type IV restriction endonuclease	0.0000	0.1538	0	0.8000	0.6653	1	0.0200	0.2061	0	1.0000	0.9194	1	0.6666	0.7083	1
COG2811	C	Archaeal/vacuolar-type H+-ATPase subunit H	0.0250	0.5235	1	0.7900	0.8325	1	0.0200	0.2611	0	1.0000	0.9712	1	0.9995	0.8498	1
COG2812	L	DNA polymerase III, gamma/tau subunits	0.0000	0.0011	0	0.0000	0.0000	0	0.0000	0.0014	0	0.0000	0.0000	0	0.0000	0.0000	0
COG2813	J	16S rRNA G1207 methylase RsmC	0.0150	0.0406	0	0.7500	0.0129	0	0.0000	0.0138	0	1.0000	0.0087	0	0.9909	0.0239	0
COG2814	G	Predicted arabinose efflux permease AraJ, MFS family	0.2400	0.0002	0	0.0000	0.0008	0	0.0000	0.0000	0	0.0000	0.0025	0	0.0000	0.0013	0
COG2815	M	PASTA domain, binds beta-lactams	0.0000	0.0091	0	0.0100	0.0456	0	0.0000	0.0034	0	0.0099	0.2075	0	0.0003	0.0370	0
COG2816	F	NADH pyrophosphatase NudC, Nudix superfamily	0.0000	0.0089	0	0.0000	0.0026	0	0.0000	0.0018	0	0.3034	0.2144	0	0.0002	0.0226	0
COG2818	L	3-methyladenine DNA glycosylase Tag	0.0000	0.0086	0	0.3500	0.0028	0	0.0000	0.0168	0	1.0000	0.0506	0	0.2078	0.0037	0
COG2819	R	Predicted hydrolase of the alpha/beta superfamily	0.0000	0.0094	0	0.1200	0.0093	0	0.0000	0.0035	0	0.1967	0.0412	0	0.0075	0.0167	0
COG2820	F	Uridine phosphorylase	0.0000	0.3297	0	0.4500	0.5801	1	0.0100	0.3276	0	1.0000	0.9531	1	1.0000	0.9234	1
COG2821	M	Membrane-bound lytic murein transglycosylase	0.0000	0.0036	0	0.0000	0.0035	0	0.0000	0.0025	0	0.0000	0.0094	0	0.0000	0.0054	0
COG2822	P	Iron uptake system EfeUOB, periplasmic (or lipoprotein) component EfeO/EfeM	0.0000	0.0011	0	0.0000	0.0016	0	0.0000	0.0008	0	0.0000	0.0151	0	0.0000	0.0034	0
COG2823	M	Osmotically-inducible protein OsmY, contains BON domain	0.0000	0.0060	0	0.0000	0.0038	0	0.0000	0.0051	0	0.0000	0.0159	0	0.0000	0.0036	0
COG2824	R	Uncharacterized Zn-ribbon-containing protein	0.0000	0.0002	0	0.0000	0.0000	0	0.0000	0.0003	0	0.0000	0.0000	0	0.0000	0.0000	0
COG2825	MO	Periplasmic chaperone for outer membrane proteins, Skp family	0.0000	0.0004	0	0.0000	0.0001	0	0.0000	0.0004	0	0.0000	0.0001	0	0.0000	0.0001	0
COG2826	X	Transposase and inactivated derivatives, IS30 family	0.0000	0.0012	0	0.0000	0.0004	0	0.0000	0.0011	0	0.0000	0.0013	0	0.0000	0.0005	0
COG2827	L	Predicted endonuclease, GIY-YIG superfamily	0.0000	0.0295	0	0.0500	0.0222	0	0.0000	0.0308	0	1.0000	0.1873	0	0.4121	0.0795	0
COG2828	C	2-Methylaconitate cis-trans-isomerase PrpF (2-methyl citrate pathway)	0.0000	0.0074	0	0.0000	0.0177	0	0.0000	0.0040	0	0.0000	0.2089	0	0.0000	0.0256	0
COG2829	M	Outer membrane phospholipase A	0.0000	0.0011	0	0.0000	0.0014	0	0.0000	0.0008	0	0.0000	0.0049	0	0.0000	0.0029	0
COG2830	S	Uncharacterized conserved protein, DUF452 domain	0.0000	0.0003	0	0.0000	0.0011	0	0.0000	0.0003	0	0.0000	0.0025	0	0.0000	0.0014	0
COG2831	U	Hemolysin activation/secretion protein	0.0000	0.0009	0	0.0000	0.0003	0	0.0000	0.0013	0	0.0000	0.0004	0	0.0000	0.0004	0
COG2832	S	Uncharacterized membrane protein YbaN, DUF454 family	0.0000	0.0402	0	0.1100	0.0619	0	0.0000	0.0523	0	1.0000	0.1801	0	0.0989	0.0839	0
COG2833	S	Uncharacterized protein, contains ferritin-like DUF455 domain	0.0000	0.0008	0	0.0000	0.0036	0	0.0000	0.0005	0	0.0000	0.0065	0	0.0000	0.0055	0
COG2834	M	Outer membrane lipoprotein-sorting protein	0.0000	0.0602	0	0.0100	0.0536	0	0.0000	0.0312	0	0.1400	0.2395	0	0.0006	0.0292	0
COG2835	J	RNA methyltransferase activator Trm112/YbaR	0.0300	0.9610	1	0.4400	0.9589	1	0.0000	0.9081	1	1.0000	0.9781	1	0.9953	0.9847	1
COG2836	S	Uncharacterized membrane protein, DsbD domain	0.0000	0.0304	0	0.0000	0.0286	0	0.0000	0.0132	0	0.2579	0.4199	0	0.0000	0.0598	0
COG2837	P	Periplasmic deferrochelatase/peroxidase EfeB	0.0000	0.0021	0	0.0000	0.0010	0	0.0000	0.0017	0	0.0000	0.0072	0	0.0000	0.0018	0
COG2838	C	Monomeric isocitrate dehydrogenase	0.0000	0.0056	0	0.0100	0.0169	0	0.0000	0.0042	0	0.0007	0.0822	0	0.0000	0.0114	0
COG2839	S	Uncharacterized conserved protein YqgC, DUF456 family	0.0000	0.0051	0	0.0000	0.0037	0	0.0000	0.0035	0	0.0051	0.0440	0	0.0000	0.0054	0
COG2840	L	DNA-nicking endonuclease, Smr domain	0.0000	0.0014	0	0.0000	0.0005	0	0.0000	0.0022	0	0.0000	0.0008	0	0.0000	0.0005	0
COG2841	S	Uncharacterized conserved protein YdcH, DUF465 family	0.0000	0.0013	0	0.0000	0.0020	0	0.0000	0.0014	0	0.0000	0.0097	0	0.0000	0.0030	0
COG2842	X	Bacteriophage DNA transposition protein, AAA+ family ATPase	0.0000	0.0037	0	0.0000	0.0029	0	0.0000	0.0020	0	0.0000	0.0226	0	0.0000	0.0030	0
COG2843	M	Poly-gamma-glutamate biosynthesis protein CapA/YwtB (capsule formation), metallophosphatase superfamily	0.0000	0.0194	0	0.0100	0.0589	0	0.0000	0.0240	0	0.9995	0.5070	1	0.0009	0.0907	0
COG2844	OT	UTP:GlnB (protein PII) uridylyltransferase	0.0000	0.0028	0	0.0000	0.0002	0	0.0000	0.0024	0	0.0000	0.0029	0	0.0000	0.0005	0
COG2845	S	Uncharacterized conserved protein, DUF459 domain	0.0000	0.0015	0	0.0000	0.0031	0	0.0000	0.0026	0	0.0000	0.0139	0	0.0000	0.0044	0
COG2846	O	Iron-sulfur cluster repair protein YtfE, RIC family, contains ScdAN and hemerythrin domains	0.0000	0.0244	0	0.0000	0.0273	0	0.0000	0.0152	0	0.0000	0.2409	0	0.0000	0.0110	0
COG2847	P	Copper(I)-binding protein	0.0000	0.0042	0	0.0100	0.0105	0	0.0000	0.0042	0	0.1573	0.0967	0	0.0009	0.0157	0
COG2848	D	Uncharacterized conserved protein, UPF0210 family	0.1800	0.5932	1	0.9700	0.9798	1	0.1000	0.5705	1	1.0000	0.9940	1	0.9978	0.9833	1
COG2849	V	Antitoxin component YwqK of the YwqJK toxin-antitoxin module	0.0000	0.0042	0	0.0000	0.0028	0	0.0000	0.0030	0	0.0000	0.0114	0	0.0000	0.0022	0
COG2850	J	Ribosomal protein L16 Arg81 hydroxylase, contains JmjC domain	0.0000	0.0005	0	0.0000	0.0002	0	0.0000	0.0004	0	0.0000	0.0008	0	0.0000	0.0004	0
COG2851	C	Mg2+/citrate symporter	0.0000	0.0006	0	0.0000	0.0006	0	0.0000	0.0006	0	0.0000	0.0061	0	0.0000	0.0009	0
COG2852	L	Very-short-patch-repair endonuclease	0.0000	0.0041	0	0.0000	0.0014	0	0.0000	0.0026	0	0.0000	0.0093	0	0.0000	0.0019	0
COG2853	M	Lipoprotein subunit MlaA of the ABC-type intermembrane phospholipid transporter Mla	0.0000	0.0007	0	0.0000	0.0008	0	0.0000	0.0008	0	0.0000	0.0008	0	0.0000	0.0009	0
COG2854	M	Periplasmic subunit MlaC of the ABC-type intermembrane phospholipid transporter Mla	0.0000	0.0011	0	0.0000	0.0008	0	0.0000	0.0012	0	0.0000	0.0011	0	0.0000	0.0007	0
COG2855	S	Uncharacterized membrane protein YadS, UPF0324 family	0.0000	0.0512	0	0.0600	0.1060	0	0.0000	0.0316	0	0.9995	0.6114	1	0.0036	0.1094	0
COG2856	O	Zn-dependent peptidase ImmA, M78 family	0.0000	0.0477	0	0.0600	0.1028	0	0.0000	0.0258	0	0.7599	0.4801	0	0.0196	0.0613	0
COG2857	C	Cytochrome c1	0.0000	0.0017	0	0.0000	0.0010	0	0.0000	0.0021	0	0.0000	0.0005	0	0.0000	0.0006	0
COG2859	M	Outer membrane channel-forming protein BP26/OMP28, SIMPL family	0.0000	0.0007	0	0.0000	0.0010	0	0.0000	0.0007	0	0.0000	0.0054	0	0.0000	0.0015	0
COG2860	S	Uncharacterized membrane protein YeiH	0.0000	0.0185	0	0.0000	0.0022	0	0.0000	0.0130	0	0.9965	0.3174	0	0.0019	0.0280	0
COG2861	G	Uncharacterized conserved protein YibQ, putative polysaccharide deacetylase 2 family	0.0000	0.0013	0	0.0000	0.0008	0	0.0000	0.0017	0	0.0000	0.0006	0	0.0000	0.0014	0
COG2862	S	Uncharacterized membrane protein YqhA	0.0000	0.0177	0	0.0100	0.1174	0	0.0000	0.0190	0	0.0060	0.2038	0	0.0000	0.0239	0
COG2863	C	Cytochrome c553	0.0000	0.0004	0	0.0000	0.0003	0	0.0000	0.0007	0	0.0000	0.0008	0	0.0000	0.0002	0
COG2864	C	Cytochrome b subunit of formate dehydrogenase	0.0000	0.0461	0	0.2374	0.5207	1	0.0000	0.0361	0	0.9993	0.9477	1	0.0077	0.6052	1
COG2865	K	Predicted transcriptional regulator, contains HTH domain	0.0000	0.2335	0	0.1628	0.6312	1	0.0000	0.0947	0	1.0000	0.8581	1	0.9901	0.5908	1
COG2866	M	Murein tripeptide amidase MpaA	0.0000	0.0469	0	0.0000	0.0040	0	0.0000	0.0376	0	0.9989	0.1194	0	0.0369	0.0318	0
COG2867	J	Ribosome association toxin PasT (RatA) of the RatAB toxin-antitoxin module	0.0000	0.0030	0	0.0000	0.0015	0	0.0000	0.0044	0	0.0167	0.0212	0	0.0007	0.0119	0
COG2868	S	Uncharacterized conserved protein YsxB, DUF464 family	0.0000	0.0021	0	0.0000	0.0031	0	0.0000	0.0020	0	0.0000	0.0051	0	0.0000	0.0021	0
COG2869	C	Na+-transporting NADH:ubiquinone oxidoreductase, subunit NqrC	0.0000	0.0011	0	0.0000	0.0004	0	0.0000	0.0013	0	0.0000	0.0010	0	0.0000	0.0004	0
COG2870	M	ADP-heptose synthase, bifunctional sugar kinase/adenylyltransferase	0.0000	0.0121	0	0.0000	0.0278	0	0.0000	0.0243	0	0.0000	0.2615	0	0.0000	0.0517	0
COG2871	C	Na+-transporting NADH:ubiquinone oxidoreductase, subunit NqrF	0.0000	0.0160	0	0.0000	0.0081	0	0.0000	0.0205	0	0.0000	0.0181	0	0.0000	0.0065	0
COG2872	J	Ser-tRNA(Ala) deacylase AlaX (editing enzyme)	0.0350	0.0811	0	0.5684	0.2183	0	0.0000	0.0352	0	1.0000	0.6184	1	1.0000	0.4596	0
COG2873	E	O-acetylhomoserine/O-acetylserine sulfhydrylase, pyridoxal phosphate-dependent	0.0000	0.0235	0	0.0700	0.0237	0	0.0000	0.0117	0	1.0000	0.3356	0	0.8544	0.1079	0
COG2874	N	Archaellum biogenesis ATPase ArlH/FlaH	0.0400	0.9560	1	0.8500	0.9984	1	0.0000	0.4649	0	0.9999	0.9994	1	0.9713	0.9988	1
COG2875	H	Precorrin-4 methylase	0.0000	0.2659	0	0.1400	0.7550	1	0.0000	0.0491	0	0.9990	0.9971	1	0.1832	0.7622	1
COG2876	E	3-deoxy-D-arabino-heptulosonate 7-phosphate (DAHP) synthase	0.0000	0.0537	0	0.0100	0.1994	0	0.0000	0.0711	0	0.9999	0.9450	1	0.1008	0.4025	0
COG2877	M	3-deoxy-D-manno-octulosonic acid (KDO) 8-phosphate synthase	0.0000	0.0027	0	0.0000	0.0001	0	0.0000	0.0030	0	0.0000	0.0000	0	0.0000	0.0001	0
COG2878	C	Na+-translocating ferredoxin:NAD+ oxidoreductase RNF, RnfB subunit	0.0000	0.0014	0	0.0100	0.0060	0	0.0000	0.0018	0	0.0005	0.0297	0	0.0000	0.0013	0
COG2879	S	Uncharacterized short protein YbdD, DUF466 family	0.0000	0.0018	0	0.0000	0.0019	0	0.0000	0.0022	0	0.0000	0.0121	0	0.0000	0.0041	0
COG2880	R	Predicted DNA-binding protein, potential antitoxin AbrB/MazE fold	0.0000	0.5141	1	0.1783	0.9718	1	0.0000	0.2404	0	0.9952	0.9935	1	0.0022	0.9553	1
COG2881	R	GTPase-interacting Yip1 domain	0.0000	0.1281	0	0.4680	0.9283	1	0.0000	0.0708	0	0.9998	0.9570	1	0.1205	0.6339	1
COG2882	N	Flagellar biosynthesis chaperone FliJ	0.0000	0.0065	0	0.0000	0.0042	0	0.0000	0.0064	0	0.0000	0.0053	0	0.0000	0.0043	0
COG2884	D	Cell division ATPase FtsE	0.0000	0.0005	0	0.0000	0.0000	0	0.0000	0.0006	0	0.0000	0.0000	0	0.0000	0.0000	0
COG2885	M	Outer membrane protein OmpA and related peptidoglycan-associated (lipo)proteins	0.0000	0.0229	0	0.0000	0.0001	0	0.0000	0.0468	0	0.0000	0.0001	0	0.0000	0.0000	0
COG2886	R	Predicted antitoxin, contains HTH domain	0.0000	0.7144	1	0.9784	0.9946	1	0.0000	0.3665	0	1.0000	0.9973	1	1.0000	0.9875	1
COG2887	L	RecB family exonuclease	0.0000	0.0151	0	0.2416	0.0053	0	0.0000	0.0190	0	0.9685	0.0040	0	0.0570	0.0028	0
COG2888	R	Predicted RNA-binding protein involved in translation, contains  Zn-ribbon domain, DUF1610 family	0.0050	0.8953	1	0.3200	0.9279	1	0.0000	0.5266	1	1.0000	0.9937	1	0.6844	0.9785	1
COG2890	J	Methylase of polypeptide chain release factors	0.2000	0.9695	1	0.9800	0.9904	1	0.1300	0.9519	1	1.0000	0.9975	1	1.0000	0.9927	1
COG2891	M	Cell shape-determining protein MreD	0.0000	0.0049	0	0.0000	0.0013	0	0.0000	0.0070	0	0.0000	0.0028	0	0.0000	0.0025	0
COG2892	J	tRNA threonylcarbamoyladenosine modification (KEOPS) complex,  Pcc1 subunit	0.0000	0.8390	1	0.9883	0.9903	1	0.0800	0.8540	1	1.0000	0.9935	1	1.0000	0.9919	1
COG2893	G	Phosphotransferase system, mannose/fructose-specific component IIA	0.0000	0.0040	0	0.0000	0.0008	0	0.0000	0.0031	0	0.0000	0.0006	0	0.0000	0.0011	0
COG2894	D	Septum site-determining ATPase MinD	0.0000	0.0025	0	0.0000	0.0003	0	0.0000	0.0034	0	0.0000	0.0014	0	0.0000	0.0005	0
COG2895	P	Sulfate adenylyltransferase subunit 1, EFTu-like GTPase family	0.0000	0.0161	0	0.0000	0.0032	0	0.0000	0.0089	0	0.0000	0.0036	0	0.0000	0.0013	0
COG2896	H	GTP 3',8-cyclase (molybdenum cofactor biosynthesis protein MoaA)	0.0100	0.9918	1	0.8642	0.9995	1	0.0800	0.9902	1	1.0000	1.0000	1	0.9999	1.0000	1
COG2897	P	3-mercaptopyruvate sulfurtransferase SseA, contains two rhodanese domains	0.0000	0.0347	0	0.3400	0.0460	0	0.0100	0.0985	0	1.0000	0.5582	1	0.9773	0.1964	0
COG2898	I	Lysylphosphatidylglycerol synthetase MprF, lysyl-tRNA-binding C-terminal domain	0.0000	0.0023	0	0.0000	0.0023	0	0.0000	0.0022	0	0.0004	0.0146	0	0.0000	0.0023	0
COG2899	P	Uncharacterized TerC-related membrane protein, DUF475 domain	0.0000	0.0063	0	0.0000	0.0196	0	0.0000	0.0107	0	0.8401	0.0220	0	0.0001	0.0252	0
COG2900	S	Uncharacterized coiled-coil protein SlyX (sensitive to lysis X)	0.0000	0.0019	0	0.0000	0.0014	0	0.0000	0.0016	0	0.0000	0.0020	0	0.0000	0.0027	0
COG2901	K	DNA-binding protein Fis (factor for inversion stimulation)	0.0000	0.0032	0	0.0000	0.0025	0	0.0000	0.0035	0	0.0000	0.0026	0	0.0000	0.0034	0
COG2902	E	NAD-specific glutamate dehydrogenase	0.0000	0.0007	0	0.0000	0.0005	0	0.0000	0.0008	0	0.0000	0.0049	0	0.0000	0.0013	0
COG2905	T	Signal-transduction protein containing cAMP-binding, CBS, and nucleotidyltransferase domains	0.0000	0.0611	0	0.0000	0.0534	0	0.0000	0.0697	0	0.0000	0.4017	0	0.0000	0.0774	0
COG2906	P	Bacterioferritin-associated ferredoxin	0.0000	0.0075	0	0.0000	0.0066	0	0.0000	0.0056	0	0.0000	0.0381	0	0.0000	0.0142	0
COG2907	R	Predicted flavin-containing amine oxidase	0.0000	0.0009	0	0.0000	0.0004	0	0.0000	0.0007	0	0.0000	0.0008	0	0.0000	0.0004	0
COG2908	M	UDP-2,3-diacylglucosamine pyrophosphatase LpxH	0.0000	0.0049	0	0.2462	0.0084	0	0.0000	0.0068	0	1.0000	0.0141	0	0.0423	0.0038	0
COG2909	K	ATP-, maltotriose- and DNA-dependent transcriptional regulator MalT	0.0000	0.0055	0	0.0000	0.0059	0	0.0000	0.0068	0	0.0000	0.1297	0	0.0000	0.0102	0
COG2910	R	Putative NADH-flavin reductase	0.0000	0.0015	0	0.0000	0.0007	0	0.0000	0.0010	0	0.0000	0.0029	0	0.0000	0.0009	0
COG2911	U	Autotransporter translocation and assembly protein TamB	0.0000	0.0145	0	0.0000	0.0004	0	0.0000	0.0177	0	0.0000	0.0010	0	0.0000	0.0002	0
COG2912	T	Regulator of sirC expression, contains transglutaminase-like and TPR domains	0.0000	0.0022	0	0.0000	0.0011	0	0.0000	0.0017	0	0.0000	0.0118	0	0.0000	0.0015	0
COG2913	M	Outer membrane protein assembly factor BamE, lipoprotein component of the BamABCDE complex	0.0000	0.0013	0	0.0000	0.0007	0	0.0000	0.0013	0	0.0000	0.0029	0	0.0000	0.0012	0
COG2914	V	Putative antitoxin component PasI (RatB) of the RatAB toxin-antitoxin module, ubiquitin-RnfH superfamily	0.0000	0.0008	0	0.0000	0.0020	0	0.0000	0.0005	0	0.0000	0.0086	0	0.0000	0.0035	0
COG2915	XT	Regulator of phage lambda lysogenization HflD, binds to CII and stimulates its degradation	0.0000	0.0014	0	0.0000	0.0027	0	0.0000	0.0007	0	0.0000	0.0155	0	0.0000	0.0053	0
COG2916	K	DNA-binding protein H-NS	0.0000	0.0016	0	0.0000	0.0011	0	0.0000	0.0015	0	0.0000	0.0024	0	0.0000	0.0016	0
COG2917	D	Intracellular septation protein A	0.0000	0.0016	0	0.0000	0.0006	0	0.0000	0.0025	0	0.0000	0.0010	0	0.0000	0.0007	0
COG2918	H	Gamma-glutamylcysteine synthetase	0.0000	0.0047	0	0.0000	0.0013	0	0.0000	0.0052	0	0.0001	0.0127	0	0.0000	0.0021	0
COG2919	D	Cell division protein FtsB	0.0000	0.0008	0	0.0000	0.0000	0	0.0000	0.0008	0	0.0000	0.0001	0	0.0000	0.0000	0
COG2920	J	Sulfur transfer complex TusBCD TusE component, DsrC family (tRNA 2-thiouridine synthesizing protein C)	0.0000	0.0248	0	0.0700	0.4972	0	0.0000	0.0217	0	0.9968	0.9427	1	0.0009	0.5249	1
COG2921	T	Putative lipoate-binding regulatory protein, UPF0250 family	0.0000	0.0018	0	0.0000	0.0020	0	0.0000	0.0017	0	0.0000	0.0033	0	0.0000	0.0024	0
COG2922	S	Uncharacterized conserved protein Smg, DUF494 family	0.0000	0.0011	0	0.0000	0.0056	0	0.0000	0.0011	0	0.0000	0.0162	0	0.0000	0.0108	0
COG2923	J	Sulfur transfer complex TusBCD TusC component, DsrF family	0.0000	0.1684	0	0.3800	0.7851	1	0.0000	0.1077	0	0.9994	0.9814	1	0.0102	0.7347	1
COG2924	PO	Fe-S cluster biosynthesis and repair protein YggX	0.0000	0.0012	0	0.0200	0.0031	0	0.0000	0.0013	0	0.0037	0.0065	0	0.0001	0.0059	0
COG2925	L	Exonuclease I (degrades ssDNA)	0.0000	0.0006	0	0.0000	0.0003	0	0.0000	0.0006	0	0.0000	0.0002	0	0.0000	0.0003	0
COG2926	S	Uncharacterized conserved protein YeeX, DUF496 family	0.0000	0.0001	0	0.0000	0.0010	0	0.0000	0.0001	0	0.0000	0.0041	0	0.0000	0.0017	0
COG2927	L	DNA polymerase III, chi subunit	0.0000	0.0059	0	0.0000	0.0021	0	0.0000	0.0038	0	0.0000	0.0039	0	0.0000	0.0033	0
COG2928	S	Uncharacterized membrane protein	0.0000	0.0668	0	0.0000	0.0157	0	0.0000	0.0238	0	0.2829	0.2204	0	0.0009	0.1416	0
COG2929	S	Uncharacterized conserved protein, DUF497 family	0.0000	0.0185	0	0.0000	0.0265	0	0.0000	0.0118	0	0.0000	0.1307	0	0.0000	0.0276	0
COG2930	I	Lipid-binding SYLF domain, Ysc84/FYVE family	0.0000	0.0021	0	0.0000	0.0038	0	0.0000	0.0032	0	0.0000	0.0182	0	0.0000	0.0090	0
COG2931	Q	Ca2+-binding protein, RTX toxin-related	0.0000	0.0633	0	0.0000	0.0127	0	0.0000	0.0710	0	0.0000	0.0475	0	0.0000	0.0088	0
COG2932	X	Phage repressor protein C, contains Cro/C1-type HTH and peptisase s24 domains	0.0300	0.0020	0	0.0000	0.0002	0	0.0000	0.0004	0	0.0000	0.0003	0	0.0000	0.0002	0
COG2933	J	23S rRNA C2498 (ribose-2'-O)-methylase RlmM	0.0000	0.0020	0	0.0000	0.0008	0	0.0000	0.0039	0	0.0000	0.0018	0	0.0000	0.0009	0
COG2935	O	Arginyl-tRNA--protein-N-Asp/Glu arginylyltransferase	0.0000	0.0017	0	0.0000	0.0020	0	0.0000	0.0016	0	0.0000	0.0043	0	0.0000	0.0019	0
COG2936	R	Predicted acyl esterase	0.0000	0.0433	0	0.1700	0.1578	0	0.0100	0.1096	0	1.0000	0.6480	1	0.3195	0.3230	0
COG2937	I	Glycerol-3-phosphate O-acyltransferase	0.0000	0.0004	0	0.0000	0.0004	0	0.0000	0.0009	0	0.0000	0.0007	0	0.0000	0.0004	0
COG2938	O	Succinate dehydrogenase flavin-adding protein, antitoxin component of the CptAB toxin-antitoxin module	0.0000	0.0024	0	0.0000	0.0008	0	0.0000	0.0022	0	0.0000	0.0020	0	0.0000	0.0011	0
COG2939	E	Carboxypeptidase C (cathepsin A)	0.0000	0.0014	0	0.0000	0.0020	0	0.0000	0.0008	0	0.0000	0.0490	0	0.0000	0.0048	0
COG2940	R	SET domain-containing protein (function unknown)	0.0000	0.0114	0	0.1000	0.0701	0	0.0000	0.0108	0	0.9966	0.1829	0	0.0028	0.0505	0
COG2941	H	Demethoxyubiquinone hydroxylase, CLK1/Coq7/Cat5 family (ubiquinone biosynthesis)	0.0000	0.0054	0	0.0000	0.0041	0	0.0000	0.0079	0	0.0000	0.0047	0	0.0000	0.0031	0
COG2942	G	Mannose or cellobiose epimerase, N-acyl-D-glucosamine 2-epimerase family	0.0000	0.0108	0	0.0000	0.0033	0	0.0000	0.0096	0	0.0000	0.0622	0	0.0000	0.0074	0
COG2943	MG	Membrane glycosyltransferase	0.0000	0.0029	0	0.0000	0.0037	0	0.0000	0.0021	0	0.0000	0.0189	0	0.0000	0.0080	0
COG2944	K	DNA-binding transcriptional regulator YiaG, XRE-type HTH domain	0.0000	0.0045	0	0.0000	0.0013	0	0.0000	0.0036	0	0.0000	0.0110	0	0.0000	0.0024	0
COG2945	R	Alpha/beta superfamily hydrolase	0.0000	0.0829	0	0.0000	0.0690	0	0.0000	0.0662	0	0.9895	0.5971	1	0.0128	0.4278	0
COG2946	L	DNA relaxase NicK	0.0000	0.0007	0	0.0000	0.0007	0	0.0000	0.0005	0	0.0000	0.0020	0	0.0000	0.0013	0
COG2947	R	Predicted RNA-binding protein, contains EVE domain	0.0000	0.0023	0	0.0000	0.0005	0	0.0000	0.0047	0	0.0743	0.0023	0	0.0000	0.0002	0
COG2948	U	Type IV secretory pathway, VirB10 component	0.0000	0.0013	0	0.0000	0.0004	0	0.0000	0.0010	0	0.0000	0.0006	0	0.0000	0.0005	0
COG2949	M	Uncharacterized periplasmic protein SanA, affects membrane permeability for vancomycin	0.0000	0.0008	0	0.0000	0.0009	0	0.0000	0.0011	0	0.0000	0.0067	0	0.0000	0.0015	0
COG2951	M	Membrane-bound lytic murein transglycosylase B	0.0000	0.0011	0	0.0000	0.0008	0	0.0000	0.0028	0	0.0000	0.0006	0	0.0000	0.0007	0
COG2952	S	Uncharacterized conserved protein, DUF507 domain	0.0000	0.0007	0	0.0000	0.0053	0	0.0000	0.0007	0	0.0000	0.0248	0	0.0000	0.0082	0
COG2954	R	CYTH domain, found in class IV adenylate cyclase and various triphosphatases	0.0000	0.0024	0	0.0000	0.0008	0	0.0000	0.0026	0	0.0000	0.0004	0	0.0000	0.0006	0
COG2956	M	Lipopolysaccharide biosynthesis regulator YciM/LapB, contains six TPR domains and a C-terminal metal-binding domain	0.0000	0.0011	0	0.0000	0.0014	0	0.0000	0.0007	0	0.0000	0.0013	0	0.0000	0.0011	0
COG2957	E	Agmatine/peptidylarginine deiminase	0.0000	0.0112	0	0.0000	0.0019	0	0.0000	0.0078	0	0.0000	0.0026	0	0.0000	0.0020	0
COG2958	S	Uncharacterized conserved protein	0.0000	0.0044	0	0.0000	0.0049	0	0.0000	0.0028	0	0.0000	0.0127	0	0.0000	0.0062	0
COG2959	R	Proteobacterial HemX domain, involved in 2-ketogluconate production (unrelated to B. subtilis HemX, COG0755, no evidence of involvement in heme biosynthesis)	0.0000	0.0024	0	0.0000	0.0009	0	0.0000	0.0022	0	0.0000	0.0004	0	0.0000	0.0009	0
COG2960	H	Ubiquinone biosynthesis accessory factor UbiK	0.0000	0.0019	0	0.0000	0.0008	0	0.0000	0.0021	0	0.0000	0.0010	0	0.0000	0.0009	0
COG2961	J	23S rRNA A2030 N6-methylase RlmJ	0.0000	0.0165	0	0.0000	0.0046	0	0.0000	0.0166	0	0.0000	0.0127	0	0.0000	0.0059	0
COG2962	R	Membrane protein RarD, contains two EamA domains, drug/metabolite transporter family	0.0000	0.0003	0	0.0000	0.0001	0	0.0000	0.0004	0	0.0000	0.0009	0	0.0000	0.0003	0
COG2963	X	Transposase InsE and inactivated derivatives	0.0000	0.0123	0	0.0000	0.0032	0	0.0000	0.0117	0	0.0000	0.0846	0	0.0000	0.0024	0
COG2964	K	Predicted transcriptional regulator YheO, contains PAS and DNA-binding HTH domains	0.0000	0.0017	0	0.0000	0.0012	0	0.0000	0.0012	0	0.0000	0.0111	0	0.0000	0.0042	0
COG2965	L	Primosomal replication protein N	0.0000	0.0008	0	0.0000	0.0039	0	0.0000	0.0008	0	0.0000	0.0149	0	0.0000	0.0071	0
COG2966	S	Uncharacterized membrane protein YjjP, DUF1212 family	0.0000	0.0017	0	0.0000	0.0002	0	0.0000	0.0009	0	0.0007	0.0063	0	0.0000	0.0003	0
COG2967	P	Uncharacterized conserved protein ApaG affecting Mg2+/Co2+ transport	0.0000	0.0007	0	0.0000	0.0005	0	0.0000	0.0008	0	0.0000	0.0012	0	0.0000	0.0009	0
COG2968	S	Uncharacterized conserved protein YggE, contains kinase-interacting SIMPL domain	0.0000	0.1047	0	0.0500	0.1406	0	0.0000	0.1165	0	0.9997	0.2424	0	0.5222	0.1625	0
COG2969	O	Stringent starvation protein B, binds SsrA peptide	0.0000	0.0014	0	0.0000	0.0009	0	0.0000	0.0013	0	0.0000	0.0019	0	0.0000	0.0012	0
COG2971	G	BadF-type ATPase, related to human N-acetylglucosamine kinase	0.0000	0.0195	0	0.0600	0.0547	0	0.0000	0.0180	0	0.9992	0.5149	1	0.0168	0.1128	0
COG2972	T	Sensor histidine kinase YesM	0.0000	0.0115	0	0.0000	0.0036	0	0.0000	0.0057	0	0.0000	0.0170	0	0.0000	0.0040	0
COG2973	K	Trp operon repressor	0.0000	0.0007	0	0.0000	0.0012	0	0.0000	0.0007	0	0.0000	0.0052	0	0.0000	0.0024	0
COG2974	L	DNA recombination-dependent growth factor RdgC	0.0000	0.0004	0	0.0000	0.0015	0	0.0000	0.0005	0	0.0000	0.0108	0	0.0000	0.0023	0
COG2975	O	Fe-S-cluster formation regulator IscX/YfhJ	0.0000	0.0007	0	0.0000	0.0013	0	0.0000	0.0004	0	0.0000	0.0092	0	0.0000	0.0034	0
COG2976	T	Putative negative regulator of RcsB-dependent stress response, UPF0070 family	0.0000	0.0060	0	0.0000	0.0037	0	0.0000	0.0060	0	0.0000	0.0024	0	0.0000	0.0024	0
COG2977	Q	4'-phosphopantetheinyl transferase EntD (siderophore biosynthesis)	0.0000	0.0026	0	0.0000	0.0016	0	0.0000	0.0024	0	0.0000	0.0029	0	0.0000	0.0023	0
COG2978	H	p-Aminobenzoyl-glutamate transporter AbgT	0.0000	0.0003	0	0.0000	0.0003	0	0.0000	0.0004	0	0.0000	0.0021	0	0.0000	0.0002	0
COG2979	S	Uncharacterized membrane protein YebE, DUF533 family	0.0000	0.0013	0	0.0000	0.0035	0	0.0000	0.0010	0	0.0000	0.0224	0	0.0000	0.0055	0
COG2980	M	Outer membrane lipoprotein LptE/RlpB (LPS assembly)	0.0000	0.0030	0	0.0000	0.0038	0	0.0000	0.0025	0	0.0000	0.0078	0	0.0000	0.0066	0
COG2981	EP	Sulfate transporter CysZ	0.0000	0.0035	0	0.0000	0.0025	0	0.0000	0.0023	0	0.0000	0.0118	0	0.0000	0.0041	0
COG2982	M	Uncharacterized conserved protein AsmA involved in outer membrane biogenesis	0.0000	0.0030	0	0.0000	0.0002	0	0.0000	0.0039	0	0.0000	0.0001	0	0.0000	0.0001	0
COG2983	R	Uncharacterized cysteine cluster protein YcgN, CxxCxxCC family	0.0000	0.0223	0	0.0000	0.0227	0	0.0000	0.0129	0	0.0018	0.1652	0	0.0000	0.0290	0
COG2984	R	ABC-type uncharacterized transport system, periplasmic component	0.0000	0.0053	0	0.0000	0.0031	0	0.0000	0.0048	0	0.0000	0.0185	0	0.0000	0.0023	0
COG2985	R	Uncharacterized membrane protein YbjL, putative transporter	0.0000	0.0025	0	0.0000	0.0012	0	0.0000	0.0027	0	0.0000	0.0058	0	0.0000	0.0023	0
COG2986	E	Histidine ammonia-lyase	0.0000	0.0335	0	0.2300	0.1172	0	0.0000	0.0613	0	1.0000	0.6657	1	0.9081	0.3049	0
COG2987	E	Urocanate hydratase	0.0000	0.0350	0	0.0700	0.1330	0	0.0100	0.1275	0	1.0000	0.7855	1	0.9553	0.5094	1
COG2988	E	Succinylglutamate desuccinylase	0.0000	0.0005	0	0.0000	0.0012	0	0.0000	0.0008	0	0.1349	0.0353	0	0.0000	0.0016	0
COG2989	M	Murein L,D-transpeptidase YcbB/YkuD	0.0000	0.0012	0	0.0000	0.0011	0	0.0000	0.0011	0	0.0000	0.0042	0	0.0000	0.0017	0
COG2990	S	Outer membrane protein VirK/YbjX involved in antimicrobial peptide resistance, DUF535 family	0.0000	0.0005	0	0.0000	0.0006	0	0.0000	0.0005	0	0.0000	0.0005	0	0.0000	0.0006	0
COG2991	CO	Na+-NQR maturation protein NqrM	0.0000	0.0006	0	0.0000	0.0005	0	0.0000	0.0006	0	0.0000	0.0005	0	0.0000	0.0004	0
COG2992	R	Uncharacterized FlgJ-related protein	0.0000	0.0009	0	0.0000	0.0030	0	0.0000	0.0006	0	0.0000	0.0106	0	0.0000	0.0034	0
COG2993	C	Cbb3-type cytochrome oxidase, cytochrome c subunit FixO	0.0000	0.0024	0	0.0000	0.0016	0	0.0000	0.0016	0	0.0000	0.0206	0	0.0000	0.0018	0
COG2994	O	ACP:hemolysin acyltransferase (hemolysin-activating protein)	0.0000	0.0003	0	0.0000	0.0004	0	0.0000	0.0003	0	0.0000	0.0011	0	0.0000	0.0006	0
COG2995	M	Intermembrane transporter PqiABC subunit PqiA	0.0000	0.0007	0	0.0000	0.0007	0	0.0000	0.0007	0	0.0000	0.0027	0	0.0000	0.0014	0
COG2996	R	Predicted RNA-binding protein YitL, contains S1 domains, virulence factor B family	0.0000	0.0003	0	0.0000	0.0004	0	0.0000	0.0004	0	0.0000	0.0005	0	0.0000	0.0002	0
COG2998	P	ABC-type tungstate transport system, permease component TupA	0.0000	0.3230	0	0.1900	0.8375	1	0.0000	0.2649	0	1.0000	0.9953	1	0.9999	0.9779	1
COG2999	O	Glutaredoxin 2	0.0000	0.0002	0	0.0000	0.0005	0	0.0000	0.0002	0	0.0000	0.0011	0	0.0000	0.0007	0
COG3000	I	Sterol desaturase/sphingolipid hydroxylase, fatty acid hydroxylase superfamily	0.0000	0.0042	0	0.0000	0.0012	0	0.0000	0.0050	0	0.0000	0.0026	0	0.0000	0.0020	0
COG3001	G	Fructosamine-3-kinase	0.0000	0.0015	0	0.0000	0.0006	0	0.0000	0.0006	0	0.0000	0.0128	0	0.0000	0.0010	0
COG3002	C	Na+-translocating membrane potential-generating system subunit MpsB, UPF0753/DUF2309 family	0.0000	0.0028	0	0.0000	0.0035	0	0.0000	0.0014	0	0.0005	0.1316	0	0.0000	0.0058	0
COG3004	CP	Na+/H+ antiporter NhaA	0.0000	0.0024	0	0.0000	0.0006	0	0.0000	0.0026	0	0.0000	0.0019	0	0.0000	0.0010	0
COG3005	C	Tetraheme cytochrome c subunit NapC of nitrate or TMAO reductase	0.0000	0.0045	0	0.0000	0.0091	0	0.0000	0.0044	0	0.0000	0.1663	0	0.0000	0.0125	0
COG3006	D	Chromosome condensin MukBEF, kleisin-like MukF subunit	0.0000	0.0004	0	0.0000	0.0010	0	0.0000	0.0003	0	0.0000	0.0068	0	0.0000	0.0020	0
COG3007	I	Trans-2-enoyl-CoA reductase	0.0000	0.0312	0	0.0000	0.0301	0	0.0000	0.0181	0	0.0000	0.0862	0	0.0000	0.0280	0
COG3008	M	Intermembrane transporter PqiABC subunit PqiB	0.0000	0.0009	0	0.0000	0.0026	0	0.0000	0.0007	0	0.0000	0.0100	0	0.0000	0.0035	0
COG3009	M	Intermembrane transporter PqiABC lipoprotein subunit PqiC	0.0000	0.0014	0	0.0000	0.0026	0	0.0000	0.0011	0	0.0000	0.0285	0	0.0000	0.0057	0
COG3010	G	Putative N-acetylmannosamine-6-phosphate epimerase	0.0000	0.0018	0	0.0000	0.0006	0	0.0000	0.0022	0	0.0000	0.0024	0	0.0000	0.0007	0
COG3011	R	Predicted thiol-disulfide oxidoreductase YuxK, DCC family	0.0000	0.0015	0	0.0000	0.0005	0	0.0000	0.0016	0	0.0060	0.0377	0	0.0000	0.0031	0
COG3012	S	Uncharacterized conserved protein YchJ, contains N- and C-terminal SEC-C domains	0.0000	0.0254	0	0.0000	0.0025	0	0.0000	0.0160	0	0.0000	0.0612	0	0.0000	0.0018	0
COG3013	S	Uncharacterized conserved protein YfbU, UPF0304 family	0.0000	0.0006	0	0.0000	0.0008	0	0.0000	0.0003	0	0.0000	0.0071	0	0.0000	0.0016	0
COG3014	S	Uncharacterized conserved protein	0.0000	0.0009	0	0.0000	0.0006	0	0.0000	0.0010	0	0.0000	0.0030	0	0.0000	0.0008	0
COG3015	MV	Uncharacterized lipoprotein NlpE involved in copper resistance	0.0000	0.0020	0	0.0000	0.0026	0	0.0000	0.0018	0	0.0000	0.0066	0	0.0000	0.0025	0
COG3016	R	Putative heme-binding protein PhuW	0.0000	0.0017	0	0.0000	0.0031	0	0.0000	0.0019	0	0.0000	0.0337	0	0.0000	0.0089	0
COG3017	M	Outer membrane lipoprotein LolB, involved in outer membrane biogenesis	0.0000	0.0007	0	0.0000	0.0032	0	0.0000	0.0010	0	0.0000	0.0074	0	0.0000	0.0052	0
COG3018	N	Flagellar basal body lipoprotein FlgP, LPP20 family	0.0000	0.0003	0	0.0000	0.0017	0	0.0000	0.0004	0	0.0000	0.0027	0	0.0000	0.0023	0
COG3019	S	Uncharacterized metal-binding protein, DUF411 family	0.0000	0.0119	0	0.0600	0.0745	0	0.0000	0.0127	0	0.1472	0.1912	0	0.0001	0.1005	0
COG3021	R	Uncharacterized conserved protein YafD, endonuclease/exonuclease/phosphatase (EEP) superfamily	0.0000	0.0020	0	0.0000	0.0006	0	0.0000	0.0013	0	0.0000	0.0034	0	0.0000	0.0009	0
COG3022	L	DNA-binding protein YaaA associated with the oxidative stress response	0.0000	0.0005	0	0.0000	0.0000	0	0.0000	0.0004	0	0.0000	0.0001	0	0.0000	0.0001	0
COG3023	M	N-acetyl-anhydromuramyl-L-alanine amidase AmpD	0.0000	0.0052	0	0.0000	0.0002	0	0.0000	0.0039	0	0.0000	0.0014	0	0.0000	0.0002	0
COG3024	L	Endogenous inhibitor of DNA gyrase, YacG/DUF329 family	0.0000	0.0019	0	0.0000	0.0037	0	0.0000	0.0016	0	0.0000	0.0289	0	0.0000	0.0067	0
COG3025	P	Inorganic triphosphatase YgiF, contains CYTH and CHAD domains	0.0000	0.0036	0	0.0000	0.0034	0	0.0000	0.0054	0	0.5023	0.0644	0	0.0001	0.0116	0
COG3026	T	RseB, negative regulator of sigma E activity	0.0000	0.0021	0	0.0000	0.0028	0	0.0000	0.0023	0	0.0000	0.0081	0	0.0000	0.0046	0
COG3027	D	Cell division protein ZapA, inhibits GTPase activity of FtsZ	0.0000	0.0007	0	0.0000	0.0001	0	0.0000	0.0007	0	0.0000	0.0001	0	0.0000	0.0001	0
COG3028	J	Ribosomal 50S subunit-associated protein YjgA, DUF615 family	0.0000	0.0032	0	0.0000	0.0038	0	0.0000	0.0032	0	0.0000	0.0048	0	0.0000	0.0049	0
COG3029	C	Fumarate reductase subunit C	0.0000	0.0014	0	0.0000	0.0020	0	0.0000	0.0017	0	0.0000	0.0093	0	0.0000	0.0034	0
COG3030	R	FxsA protein affecting phage T7 exclusion by the F plasmid, UPF0716 family	0.0000	0.0332	0	0.0000	0.0040	0	0.0000	0.0196	0	0.0250	0.0394	0	0.0000	0.0066	0
COG3031	U	Type II secretory pathway, component PulC	0.0000	0.0016	0	0.0000	0.0023	0	0.0000	0.0016	0	0.0000	0.0033	0	0.0000	0.0019	0
COG3033	E	Tryptophanase	0.0000	0.0156	0	0.0200	0.0786	0	0.0000	0.0121	0	0.9993	0.7660	1	0.0565	0.1976	0
COG3034	M	Murein L,D-transpeptidase YafK	0.0000	0.0019	0	0.0000	0.0008	0	0.0000	0.0012	0	0.0000	0.0027	0	0.0000	0.0012	0
COG3036	J	Stalled ribosome alternative rescue factor ArfA	0.0000	0.0000	0	0.0000	0.0003	0	0.0000	0.0000	0	0.0000	0.0035	0	0.0000	0.0008	0
COG3037	G	Ascorbate-specific PTS system IIC component UlaA	0.0000	0.0039	0	0.0000	0.0033	0	0.0000	0.0034	0	0.0000	0.0110	0	0.0000	0.0075	0
COG3038	C	Cytochrome b561	0.0000	0.0016	0	0.0000	0.0012	0	0.0000	0.0016	0	0.0000	0.0031	0	0.0000	0.0014	0
COG3039	X	Transposase and inactivated derivatives, IS5 family	0.0000	0.0942	0	0.1256	0.2102	0	0.0000	0.0753	0	1.0000	0.8070	1	0.9452	0.3850	0
COG3040	M	Bacterial lipocalin Blc	0.0000	0.0044	0	0.0000	0.0022	0	0.0000	0.0042	0	0.0000	0.0111	0	0.0000	0.0038	0
COG3041	JV	mRNA-degrading endonuclease YafQ (mRNA interferase), toxin component of the YafQ-DinJ toxin-antitoxin module	0.0000	0.0073	0	0.0000	0.0052	0	0.0000	0.0044	0	0.0000	0.0070	0	0.0000	0.0036	0
COG3042	R	Putative hemolysin	0.0000	0.0164	0	0.0000	0.0191	0	0.0000	0.0118	0	0.0000	0.0605	0	0.0000	0.0244	0
COG3043	CP	Nitrate reductase cytochrome c-type subunit NapB	0.0000	0.0013	0	0.0000	0.0034	0	0.0000	0.0015	0	0.0000	0.0104	0	0.0000	0.0051	0
COG3044	R	Predicted ATPase of the ABC class	0.0000	0.2397	0	0.0800	0.7158	1	0.0000	0.1744	0	0.9921	0.8616	1	0.0370	0.6157	1
COG3045	T	Periplasmic catabolite regulation protein CreA (function unknown)	0.0000	0.0016	0	0.0000	0.0026	0	0.0000	0.0014	0	0.0000	0.0216	0	0.0000	0.0044	0
COG3046	R	Uncharacterized conserved protein related to deoxyribodipyrimidine photolyase	0.0000	0.0095	0	0.0300	0.0232	0	0.0000	0.0076	0	0.5819	0.0137	0	0.0001	0.0184	0
COG3047	M	Outer membrane protein OmpW	0.0000	0.0011	0	0.0000	0.0009	0	0.0000	0.0011	0	0.0000	0.0033	0	0.0000	0.0015	0
COG3048	E	D-serine dehydratase	0.0000	0.0009	0	0.0000	0.0009	0	0.0000	0.0008	0	0.0000	0.0063	0	0.0000	0.0022	0
COG3049	MR	Penicillin V acylase or related amidase, Ntn superfamily	0.0000	0.0337	0	0.0199	0.0333	0	0.0000	0.0179	0	0.9976	0.2277	0	0.0481	0.0484	0
COG3050	L	DNA polymerase III, psi subunit	0.0000	0.0001	0	0.0000	0.0010	0	0.0000	0.0001	0	0.0000	0.0017	0	0.0000	0.0014	0
COG3051	C	Citrate lyase, alpha subunit	0.0000	0.0033	0	0.0000	0.0028	0	0.0000	0.0026	0	0.0000	0.0088	0	0.0000	0.0034	0
COG3052	C	Acyl-carrier protein (citrate lyase gamma subunit)	0.0000	0.0089	0	0.0000	0.0022	0	0.0000	0.0054	0	0.0000	0.0059	0	0.0000	0.0014	0
COG3053	C	Citrate lyase synthetase CitC	0.0000	0.0021	0	0.0000	0.0019	0	0.0000	0.0016	0	0.0000	0.0036	0	0.0000	0.0011	0
COG3054	R	Predicted transcriptional regulator YtfJ	0.0000	0.0007	0	0.0000	0.0032	0	0.0000	0.0008	0	0.0000	0.0212	0	0.0000	0.0076	0
COG3055	M	N-acetylneuraminic acid mutarotase	0.0000	0.0373	0	0.0800	0.0840	0	0.0000	0.0490	0	1.0000	0.2145	0	0.0230	0.0623	0
COG3056	S	Uncharacterized lipoprotein YajG	0.0000	0.0019	0	0.0000	0.0033	0	0.0000	0.0020	0	0.0000	0.0195	0	0.0000	0.0062	0
COG3057	L	Negative regulator of replication initiation SeqA	0.0000	0.0027	0	0.0000	0.0052	0	0.0000	0.0024	0	0.0000	0.0309	0	0.0000	0.0087	0
COG3058	CO	Formate dehydrogenase maturation protein FdhE	0.0000	0.0220	0	0.0800	0.2140	0	0.0000	0.0209	0	0.8155	0.5878	1	0.4444	0.3113	0
COG3059	V	Reactive chlorine resistance protein RclC/YkgB, DUF417 family	0.0000	0.0003	0	0.0000	0.0005	0	0.0000	0.0003	0	0.0000	0.0093	0	0.0000	0.0010	0
COG3060	KE	Transcriptional regulator MetJ (met regulon)	0.0000	0.0002	0	0.0000	0.0006	0	0.0000	0.0001	0	0.0000	0.0034	0	0.0000	0.0013	0
COG3061	D	Cell division protein YtfB/OapA (opacity-associated protein A)	0.0000	0.0000	0	0.0000	0.0015	0	0.0000	0.0000	0	0.0000	0.0200	0	0.0000	0.0055	0
COG3062	O	Cytoplasmic chaperone NapD for the signal peptide of periplasmic nitrate reductase NapAB	0.0000	0.0058	0	0.0000	0.0081	0	0.0000	0.0054	0	0.0000	0.0099	0	0.0000	0.0067	0
COG3063	NW	Type IV pilus assembly protein PilF/PilW	0.0000	0.0061	0	0.0000	0.0040	0	0.0000	0.0029	0	0.0000	0.0288	0	0.0000	0.0032	0
COG3064	M	Membrane protein TolA involved in colicin uptake	0.0000	0.0042	0	0.0000	0.0005	0	0.0000	0.0035	0	0.0000	0.0032	0	0.0000	0.0007	0
COG3065	M	Starvation-inducible outer membrane lipoprotein Slp	0.0000	0.0042	0	0.0000	0.0136	0	0.0000	0.0031	0	0.0000	0.0303	0	0.0000	0.0187	0
COG3066	L	DNA mismatch repair protein MutH	0.0000	0.0073	0	0.0000	0.0016	0	0.0000	0.0048	0	0.0000	0.0017	0	0.0000	0.0017	0
COG3067	CP	Na+/H+ antiporter NhaB	0.0000	0.0009	0	0.0000	0.0014	0	0.0000	0.0010	0	0.0000	0.0024	0	0.0000	0.0017	0
COG3068	S	Uncharacterized conserved protein YjaG, DUF416 family	0.0000	0.0006	0	0.0000	0.0011	0	0.0000	0.0004	0	0.0000	0.0075	0	0.0000	0.0016	0
COG3069	C	C4-dicarboxylate transporter DcuC	0.0000	0.0018	0	0.0000	0.0015	0	0.0000	0.0014	0	0.0000	0.0162	0	0.0000	0.0016	0
COG3070	K	Transcriptional regulator of competence genes, TfoX/Sxy family	0.0000	0.0074	0	0.0000	0.0006	0	0.0000	0.0040	0	0.2285	0.0098	0	0.0052	0.0025	0
COG3071	S	Uncharacterized protein HemY, contains HemY_N domain and TPR repeats (unrelated to protoporphyrinogen oxidase HemY)	0.0000	0.0022	0	0.0000	0.0023	0	0.0000	0.0035	0	0.0000	0.0029	0	0.0000	0.0022	0
COG3072	T	Adenylate cyclase, class I	0.0000	0.0019	0	0.0000	0.0018	0	0.0000	0.0017	0	0.0000	0.0024	0	0.0000	0.0021	0
COG3073	T	RseA, negative regulator of sigma E activity	0.0000	0.0017	0	0.0000	0.0045	0	0.0000	0.0014	0	0.0000	0.0158	0	0.0000	0.0086	0
COG3074	D	Cell division protein ZapB, interacts with FtsZ	0.0000	0.0037	0	0.0000	0.0052	0	0.0000	0.0038	0	0.0000	0.0169	0	0.0000	0.0094	0
COG3075	E	Anaerobic glycerol-3-phosphate dehydrogenase	0.0000	0.0434	0	0.3000	0.1883	0	0.0000	0.0261	0	0.9837	0.7787	1	0.0058	0.3205	0
COG3076	J	Regulator of RNase E activity RraB	0.0000	0.0004	0	0.0000	0.0003	0	0.0000	0.0003	0	0.0000	0.0013	0	0.0000	0.0005	0
COG3077	V	Antitoxin component of the RelBE or YafQ-DinJ toxin-antitoxin module	0.0000	0.0023	0	0.0000	0.0003	0	0.0000	0.0022	0	0.0000	0.0001	0	0.0000	0.0001	0
COG3078	J	Ribosome assembly protein YihI, activator of Der GTPase	0.0000	0.0007	0	0.0000	0.0024	0	0.0000	0.0006	0	0.0000	0.0062	0	0.0000	0.0029	0
COG3079	S	Uncharacterized conserved protein YgfB, UPF0149 family	0.0000	0.0013	0	0.0000	0.0021	0	0.0000	0.0015	0	0.0000	0.0121	0	0.0000	0.0047	0
COG3080	C	Fumarate reductase subunit D	0.0000	0.0009	0	0.0000	0.0015	0	0.0000	0.0010	0	0.0000	0.0079	0	0.0000	0.0029	0
COG3081	L	dsDNA-binding nucleoid-associated protein YejK/NdpA	0.0000	0.0050	0	0.0000	0.0014	0	0.0000	0.0035	0	0.0000	0.0014	0	0.0000	0.0017	0
COG3082	S	Uncharacterized conserved protein YejL, UPF0352 family	0.0000	0.0000	0	0.0000	0.0003	0	0.0000	0.0000	0	0.0000	0.0058	0	0.0000	0.0012	0
COG3083	MT	Periplasmic protein PbgA/YejM, regulator of the LPS biosynthesis, AlkP superfamily	0.0000	0.0012	0	0.0000	0.0009	0	0.0000	0.0009	0	0.0000	0.0026	0	0.0000	0.0012	0
COG3084	S	Uncharacterized conserved protein YihD, DUF1040 family	0.0000	0.0000	0	0.0000	0.0004	0	0.0000	0.0000	0	0.0000	0.0038	0	0.0000	0.0011	0
COG3085	S	Uncharacterized conserved protein YifE, UPF0438 family	0.0000	0.0003	0	0.0000	0.0014	0	0.0000	0.0003	0	0.0000	0.0034	0	0.0000	0.0015	0
COG3086	T	RseC, positive regulator of sigma E activity	0.0000	0.0054	0	0.0000	0.0064	0	0.0000	0.0048	0	0.0000	0.0036	0	0.0000	0.0025	0
COG3087	D	Cell division protein FtsN	0.0000	0.0024	0	0.0000	0.0003	0	0.0000	0.0021	0	0.0000	0.0005	0	0.0000	0.0003	0
COG3088	CO	Cytochrome c-type biogenesis protein CcmH/NrfF	0.0000	0.0015	0	0.0000	0.0008	0	0.0000	0.0008	0	0.0000	0.0076	0	0.0000	0.0008	0
COG3089	S	Uncharacterized conserved protein YheU, UPF0270 family	0.0000	0.0007	0	0.0000	0.0015	0	0.0000	0.0009	0	0.0000	0.0044	0	0.0000	0.0018	0
COG3090	G	TRAP-type C4-dicarboxylate transport system, small permease component YiaM	0.0000	0.0034	0	0.0000	0.0018	0	0.0000	0.0042	0	0.0000	0.0198	0	0.0000	0.0037	0
COG3091	R	Predicted Zn-dependent metalloprotease, SprT family	0.0000	0.0013	0	0.0200	0.0017	0	0.0000	0.0016	0	0.0187	0.0008	0	0.0000	0.0003	0
COG3092	S	Uncharacterized membrane protein YfbV, UPF0208 family	0.0000	0.0000	0	0.0000	0.0008	0	0.0000	0.0000	0	0.0000	0.0053	0	0.0000	0.0022	0
COG3093	V	Plasmid maintenance system antidote protein VapI, contains XRE-type HTH domain	0.0000	0.0047	0	0.0000	0.0011	0	0.0000	0.0025	0	0.0000	0.0077	0	0.0000	0.0013	0
COG3094	S	Uncharacterized membrane protein SirB2	0.0000	0.0006	0	0.0000	0.0029	0	0.0000	0.0004	0	0.0000	0.0227	0	0.0000	0.0077	0
COG3095	D	Chromosome condensin MukBEF, MukE localization factor	0.0000	0.0005	0	0.0000	0.0013	0	0.0000	0.0004	0	0.0000	0.0081	0	0.0000	0.0024	0
COG3096	D	Chromosome condensin MukBEF, ATPase and DNA-binding subunit MukB	0.0000	0.0005	0	0.0000	0.0007	0	0.0000	0.0004	0	0.0000	0.0047	0	0.0000	0.0012	0
COG3097	S	Uncharacterized conserved protein YqfB, UPF0267 family	0.0000	0.0001	0	0.0000	0.0006	0	0.0000	0.0001	0	0.0000	0.0023	0	0.0000	0.0010	0
COG3098	S	Uncharacterized conserved protein YqcC, DUF446 family	0.0000	0.0011	0	0.0000	0.0018	0	0.0000	0.0010	0	0.0000	0.0072	0	0.0000	0.0023	0
COG3099	S	Uncharacterized conserved protein YciU, UPF0263 family	0.0000	0.0000	0	0.0000	0.0007	0	0.0000	0.0000	0	0.0000	0.0111	0	0.0000	0.0027	0
COG3100	S	Uncharacterized conserved protein YcgL, UPF0745 family	0.0000	0.0008	0	0.0000	0.0032	0	0.0000	0.0005	0	0.0000	0.0175	0	0.0000	0.0078	0
COG3101	J	Elongation factor P hydroxylase EpmC (EF-P beta-lysylation pathway)	0.0000	0.0002	0	0.0000	0.0005	0	0.0000	0.0002	0	0.0000	0.0034	0	0.0000	0.0010	0
COG3102	R	Uncharacterized conserved protein YecM, predicted metalloenzyme	0.0000	0.0003	0	0.0000	0.0010	0	0.0000	0.0003	0	0.0000	0.0020	0	0.0000	0.0012	0
COG3103	R	Uncharacterized conserved protein YgiM, contains N-terminal SH3 domain, DUF1202 family	0.0000	0.0253	0	0.0000	0.0049	0	0.0000	0.0287	0	0.0000	0.0173	0	0.0000	0.0072	0
COG3104	E	Dipeptide/tripeptide permease	0.0000	0.0021	0	0.0000	0.0002	0	0.0000	0.0019	0	0.0000	0.0007	0	0.0000	0.0001	0
COG3105	S	Uncharacterized membrane-anchored protein YhcB, DUF1043 family	0.0000	0.0026	0	0.0000	0.0031	0	0.0000	0.0018	0	0.0000	0.0116	0	0.0000	0.0041	0
COG3106	T	Ras-like GTP-binding stress-induced protein YcjX,  DUF463 family	0.0000	0.0045	0	0.0000	0.0033	0	0.0000	0.0036	0	0.0000	0.0167	0	0.0000	0.0040	0
COG3107	M	Outer membrane lipoprotein LpoA, binds and activates PBP1a	0.0000	0.0016	0	0.0000	0.0007	0	0.0000	0.0019	0	0.0000	0.0004	0	0.0000	0.0005	0
COG3108	S	Uncharacterized conserved protein YcbK, DUF882 family	0.0000	0.0040	0	0.0000	0.0008	0	0.0000	0.0049	0	0.0000	0.0016	0	0.0000	0.0011	0
COG3109	T	sRNA-binding protein ProQ	0.0000	0.0011	0	0.0000	0.0009	0	0.0000	0.0010	0	0.0000	0.0021	0	0.0000	0.0010	0
COG3110	S	Uncharacterized conserved protein YccT, UPF0319 family	0.0000	0.0002	0	0.0000	0.0027	0	0.0000	0.0002	0	0.0000	0.0102	0	0.0000	0.0047	0
COG3111	S	Predicted periplasmic protein YdeI with OB-fold, BOF family	0.0000	0.0013	0	0.0000	0.0016	0	0.0000	0.0010	0	0.0000	0.0053	0	0.0000	0.0024	0
COG3112	S	Uncharacterized conserved protein YacL, UPF0231 family	0.0000	0.0001	0	0.0000	0.0006	0	0.0000	0.0000	0	0.0000	0.0054	0	0.0000	0.0022	0
COG3113	M	Binding protein subunit MlaB of the ABC-type intermembrane phospholipid transporter Mla, contains STAS domain	0.0000	0.0040	0	0.0000	0.0037	0	0.0000	0.0027	0	0.0000	0.0150	0	0.0000	0.0066	0
COG3114	U	Heme exporter protein D	0.0000	0.0027	0	0.0000	0.0063	0	0.0000	0.0024	0	0.0000	0.0191	0	0.0000	0.0066	0
COG3115	D	Cell division protein ZipA, interacts with FtsZ	0.0000	0.0028	0	0.0000	0.0017	0	0.0000	0.0020	0	0.0000	0.0069	0	0.0000	0.0033	0
COG3116	D	Cell division protein FtsL, interacts with FtsB and FtsQ	0.0000	0.0021	0	0.0000	0.0024	0	0.0000	0.0023	0	0.0000	0.0059	0	0.0000	0.0034	0
COG3117	M	Lipopolysaccharide export system protein LptC	0.0000	0.0034	0	0.0000	0.0029	0	0.0000	0.0025	0	0.0000	0.0021	0	0.0000	0.0028	0
COG3118	O	Chaperedoxin CnoX, contains thioredoxin-like and TPR-like domains, YbbN/TrxSC family	0.0000	0.0482	0	0.0000	0.0003	0	0.0000	0.0901	0	0.0000	0.0001	0	0.0000	0.0002	0
COG3119	P	Arylsulfatase A or related enzyme, AlkP superfamily	0.0000	0.2107	0	0.0493	0.1157	0	0.0000	0.1864	0	1.0000	0.5782	1	0.0405	0.1789	0
COG3120	L	Macrodomain Ter protein organizer, MatP/YcbG family	0.0000	0.0001	0	0.0000	0.0018	0	0.0000	0.0001	0	0.0000	0.0089	0	0.0000	0.0038	0
COG3121	W	P pilus assembly protein, chaperone PapD	0.0000	0.0016	0	0.0000	0.0009	0	0.0000	0.0016	0	0.0000	0.0023	0	0.0000	0.0015	0
COG3122	S	Uncharacterized conserved protein YaiL, DUF2058 family	0.0000	0.0027	0	0.0000	0.0035	0	0.0000	0.0019	0	0.0000	0.0119	0	0.0000	0.0053	0
COG3123	F	Pyrimidine/purine nucleoside phosphorylase YaiE/PpnP, UPF0345/DUF1255 family	0.0000	0.0028	0	0.0000	0.0042	0	0.0000	0.0024	0	0.0000	0.0051	0	0.0000	0.0053	0
COG3124	I	Acyl carrier protein phosphodiesterase	0.0000	0.0053	0	0.0000	0.0036	0	0.0000	0.0023	0	0.0000	0.0172	0	0.0000	0.0055	0
COG3125	C	Heme/copper-type cytochrome/quinol oxidase, subunit 4	0.0000	0.0008	0	0.0000	0.0004	0	0.0000	0.0010	0	0.0000	0.0005	0	0.0000	0.0006	0
COG3126	S	Uncharacterized lipoprotein YbaY	0.0000	0.0021	0	0.0000	0.0022	0	0.0000	0.0018	0	0.0000	0.0087	0	0.0000	0.0037	0
COG3127	Q	Predicted ABC-type transport system involved in lysophospholipase L1 biosynthesis, permease component	0.0150	0.0178	0	0.0000	0.0016	0	0.0000	0.0057	0	0.0000	0.0321	0	0.0000	0.0076	0
COG3128	R	Predicted 2-oxoglutarate- and Fe(II)-dependent dioxygenase YbiX	0.0000	0.0016	0	0.0000	0.0017	0	0.0000	0.0009	0	0.0000	0.0037	0	0.0000	0.0026	0
COG3129	J	23S rRNA A1618 N6-methylase RlmF	0.0000	0.0005	0	0.0000	0.0013	0	0.0000	0.0007	0	0.0000	0.0038	0	0.0000	0.0019	0
COG3130	J	Ribosome modulation factor	0.0000	0.0001	0	0.0000	0.0007	0	0.0000	0.0001	0	0.0000	0.0045	0	0.0000	0.0012	0
COG3131	M	Periplasmic glucan biosynthesis protein OpgG	0.0000	0.0017	0	0.0000	0.0033	0	0.0000	0.0013	0	0.0000	0.0240	0	0.0000	0.0073	0
COG3132	S	Uncharacterized conserved protein YceH, UPF0502 family	0.0000	0.0016	0	0.0000	0.0032	0	0.0000	0.0014	0	0.0000	0.0088	0	0.0000	0.0039	0
COG3133	M	Outer membrane lipoprotein SlyB	0.0000	0.0026	0	0.0000	0.0028	0	0.0000	0.0035	0	0.0000	0.0026	0	0.0000	0.0027	0
COG3134	S	Uncharacterized conserved protein YcfJ, contains glycine zipper 2TM domain	0.0000	0.0022	0	0.0000	0.0037	0	0.0000	0.0019	0	0.0000	0.0049	0	0.0000	0.0028	0
COG3135	Q	Predicted benzoate:H+ symporter BenE	0.0000	0.0019	0	0.0000	0.0015	0	0.0000	0.0010	0	0.0000	0.0290	0	0.0000	0.0059	0
COG3136	S	Dual-topology membrane protein YdgC, GlpM family	0.0000	0.0053	0	0.0400	0.0443	0	0.0000	0.0036	0	0.0003	0.1705	0	0.0000	0.0148	0
COG3137	M	Putative salt-induced outer membrane protein YdiY	0.0000	0.0031	0	0.0000	0.0012	0	0.0000	0.0016	0	0.0000	0.0042	0	0.0000	0.0012	0
COG3138	E	Arginine/ornithine N-succinyltransferase beta subunit	0.0000	0.0004	0	0.0000	0.0003	0	0.0000	0.0003	0	0.0000	0.0008	0	0.0000	0.0005	0
COG3139	S	Uncharacterized conserved protein YeaC, DUF1315 family	0.0000	0.0001	0	0.0000	0.0013	0	0.0000	0.0001	0	0.0000	0.0109	0	0.0000	0.0035	0
COG3140	S	Uncharacterized conserved protein YoaH, UPF0181 family	0.0000	0.0000	0	0.0000	0.0012	0	0.0000	0.0000	0	0.0000	0.0091	0	0.0000	0.0033	0
COG3141	L	dsDNA-binding SOS-regulon protein YebG, induction by DNA damage requires cAMP	0.0000	0.0005	0	0.0000	0.0012	0	0.0000	0.0004	0	0.0000	0.0076	0	0.0000	0.0026	0
COG3142	P	Copper homeostasis protein CutC	0.0000	0.0006	0	0.0000	0.0001	0	0.0000	0.0009	0	0.0000	0.0000	0	0.0000	0.0001	0
COG3143	NT	Phosphoaspartate phosphatase CheZ, dephosphorylates CheY~P	0.0000	0.0023	0	0.0000	0.0031	0	0.0000	0.0027	0	0.0000	0.0125	0	0.0000	0.0070	0
COG3144	N	Flagellar hook-length control protein FliK	0.0000	0.0016	0	0.0000	0.0006	0	0.0000	0.0018	0	0.0000	0.0003	0	0.0000	0.0004	0
COG3145	L	Alkylated DNA repair dioxygenase AlkB	0.0000	0.0013	0	0.0000	0.0004	0	0.0000	0.0013	0	0.0000	0.0012	0	0.0000	0.0008	0
COG3146	R	Predicted N-acyltransferase	0.0000	0.0063	0	0.0000	0.0038	0	0.0000	0.0061	0	0.0000	0.0167	0	0.0000	0.0037	0
COG3147	D	Cell division protein DedD (periplasmic protein involved in septation)	0.0000	0.0015	0	0.0000	0.0009	0	0.0000	0.0014	0	0.0000	0.0022	0	0.0000	0.0012	0
COG3148	J	tRNA U47 aminocarboxypropyltransferaseTapT/TuaA/ YfiP, DTW domain	0.0000	0.0009	0	0.0000	0.0017	0	0.0000	0.0015	0	0.0000	0.0091	0	0.0000	0.0019	0
COG3149	U	Type II secretory pathway, component PulM	0.0000	0.0018	0	0.0000	0.0036	0	0.0000	0.0017	0	0.0000	0.0077	0	0.0000	0.0042	0
COG3150	R	Predicted esterase YcpF, UPF0227 family	0.0000	0.0018	0	0.0000	0.0013	0	0.0000	0.0020	0	0.0000	0.0012	0	0.0000	0.0009	0
COG3151	S	Uncharacterized conserved protein YqiB, DUF1249 family	0.0000	0.0060	0	0.0000	0.0104	0	0.0000	0.0036	0	0.0000	0.0441	0	0.0000	0.0094	0
COG3152	S	Uncharacterized membrane protein YhaH, DUF805 family	0.0000	0.0008	0	0.0000	0.0000	0	0.0000	0.0005	0	0.0000	0.0000	0	0.0000	0.0000	0
COG3153	R	Predicted N-acetyltransferase YhbS	0.0000	0.0319	0	0.3211	0.0480	0	0.0000	0.0160	0	0.0184	0.1576	0	0.0002	0.0332	0
COG3154	H	Ubiquinone biosynthesis accessory factor UbiT, lipid carrier SCP2 domain	0.0000	0.0050	0	0.0000	0.0061	0	0.0000	0.0050	0	0.0000	0.0652	0	0.0000	0.0117	0
COG3155	V	Glyoxalase ElbB, DJ-1 superfamily	0.0000	0.0014	0	0.0000	0.0025	0	0.0000	0.0013	0	0.0000	0.0147	0	0.0000	0.0044	0
COG3156	U	Type II secretory pathway, component PulK	0.0000	0.0020	0	0.0000	0.0007	0	0.0000	0.0013	0	0.0000	0.0013	0	0.0000	0.0006	0
COG3157	U	Type VI protein secretion system component Hcp (secreted cytotoxin)	0.0000	0.0079	0	0.0000	0.0021	0	0.0000	0.0063	0	0.0000	0.0126	0	0.0000	0.0045	0
COG3158	P	K+ uptake protein Kup	0.0000	0.0055	0	0.0200	0.0522	0	0.0000	0.0041	0	0.0062	0.0401	0	0.0000	0.0114	0
COG3159	S	Uncharacterized conserved protein YigA, DUF484 family	0.0000	0.0051	0	0.0000	0.0019	0	0.0000	0.0042	0	0.0000	0.0028	0	0.0000	0.0023	0
COG3160	K	Regulator of sigma D	0.0000	0.0004	0	0.0000	0.0023	0	0.0000	0.0007	0	0.0000	0.0123	0	0.0000	0.0047	0
COG3161	H	4-hydroxybenzoate synthetase (chorismate-pyruvate lyase)	0.0000	0.2198	0	0.2300	0.5896	1	0.0000	0.1444	0	0.9709	0.6620	1	0.0205	0.3503	0
COG3162	S	Uncharacterized membrane protein, DUF485 family	0.0000	0.0007	0	0.0000	0.0020	0	0.0000	0.0008	0	0.0000	0.0271	0	0.0000	0.0030	0
COG3164	S	Uncharacterized conserved protein YhdP, contains DUF3971 and AsmA2 domains	0.0000	0.0036	0	0.0000	0.0028	0	0.0000	0.0033	0	0.0000	0.0026	0	0.0000	0.0033	0
COG3165	H	Ubiquinone biosynthesis protein UbiJ, contains SCP2 domain	0.0000	0.0007	0	0.0000	0.0037	0	0.0000	0.0006	0	0.0000	0.0183	0	0.0000	0.0074	0
COG3166	NW	Type IV pilus assembly protein PilN	0.0000	0.0020	0	0.0000	0.0009	0	0.0000	0.0027	0	0.0000	0.0030	0	0.0000	0.0012	0
COG3167	NW	Type IV pilus assembly protein PilO	0.0000	0.0075	0	0.0000	0.0064	0	0.0000	0.0051	0	0.0000	0.0351	0	0.0000	0.0091	0
COG3168	NW	Type IV pilus assembly protein PilP	0.0000	0.0019	0	0.0000	0.0075	0	0.0000	0.0017	0	0.0000	0.0164	0	0.0000	0.0074	0
COG3169	S	Uncharacterized membrane protein, DMT/DUF486 family	0.0000	0.0006	0	0.0000	0.0009	0	0.0000	0.0006	0	0.0000	0.0022	0	0.0000	0.0010	0
COG3170	NW	Type IV pilus assembly protein FimV	0.0000	0.0037	0	0.0000	0.0003	0	0.0000	0.0056	0	0.0000	0.0053	0	0.0000	0.0004	0
COG3171	S	Uncharacterized conserved protein YggL, DUF469 family	0.0000	0.0018	0	0.0000	0.0028	0	0.0000	0.0011	0	0.0000	0.0191	0	0.0000	0.0049	0
COG3172	H	Nicotinamide riboside kinase	0.0000	0.0027	0	0.0000	0.0012	0	0.0000	0.0023	0	0.0000	0.0015	0	0.0000	0.0006	0
COG3173	R	Predicted  kinase, aminoglycoside phosphotransferase (APT) family	0.0000	0.0148	0	0.0298	0.0251	0	0.0000	0.0102	0	1.0000	0.3309	0	0.2383	0.0974	0
COG3174	P	Membrane component of predicted Mg2+ transport system, contains DUF4010 domain	0.0000	0.2524	0	0.8200	0.8814	1	0.0300	0.3401	0	0.9996	0.9856	1	0.2469	0.7887	1
COG3175	CO	Cytochrome c oxidase assembly protein Cox11	0.0000	0.0037	0	0.0000	0.0013	0	0.0000	0.0033	0	0.0000	0.0024	0	0.0000	0.0014	0
COG3176	R	Putative hemolysin	0.0000	0.0017	0	0.0000	0.0013	0	0.0000	0.0023	0	0.0000	0.0061	0	0.0000	0.0016	0
COG3177	K	Fic family protein	0.0000	0.1569	0	0.8713	0.3491	0	0.0000	0.0709	0	1.0000	0.3236	0	0.6872	0.1503	0
COG3178	R	Predicted phosphotransferase, aminoglycoside/choline kinase (APH/ChoK) family	0.0000	0.0028	0	0.0000	0.0014	0	0.0000	0.0031	0	0.0000	0.0064	0	0.0000	0.0035	0
COG3179	G	Chitinase, GH19 family	0.0000	0.0010	0	0.0000	0.0008	0	0.0000	0.0010	0	0.0000	0.0039	0	0.0000	0.0009	0
COG3180	R	Uncharacterized membrane protein AbrB, regulator of aidB expression	0.0000	0.0014	0	0.0000	0.0013	0	0.0000	0.0019	0	0.0000	0.0081	0	0.0000	0.0022	0
COG3181	C	Tripartite-type tricarboxylate transporter, extracytoplasmic receptor component TctC	0.0000	0.0054	0	0.0600	0.0110	0	0.0000	0.0054	0	0.0000	0.0248	0	0.0000	0.0032	0
COG3182	S	PepSY-associated TM region	0.0000	0.0016	0	0.0000	0.0003	0	0.0000	0.0010	0	0.0000	0.0037	0	0.0000	0.0007	0
COG3183	V	Predicted restriction endonuclease, HNH family	0.0000	0.0260	0	0.1200	0.1078	0	0.0000	0.0109	0	0.9996	0.6315	1	0.0107	0.0940	0
COG3184	S	Uncharacterized conserved protein, contains DUF2059 domain	0.0000	0.0019	0	0.0000	0.0006	0	0.0000	0.0012	0	0.0000	0.0036	0	0.0000	0.0016	0
COG3185	ER	4-hydroxyphenylpyruvate dioxygenase and related hemolysins	0.0000	0.0125	0	0.0000	0.0157	0	0.0000	0.0133	0	0.0000	0.1484	0	0.0000	0.0273	0
COG3186	E	Phenylalanine-4-hydroxylase	0.0000	0.0002	0	0.0000	0.0002	0	0.0000	0.0002	0	0.0000	0.0008	0	0.0000	0.0002	0
COG3187	O	Heat shock protein HslJ	0.0000	0.0078	0	0.0000	0.0069	0	0.0000	0.0041	0	0.5299	0.1998	0	0.0003	0.0298	0
COG3188	NW	Outer membrane usher protein FimD/PapC	0.0000	0.0009	0	0.0000	0.0004	0	0.0000	0.0007	0	0.0000	0.0007	0	0.0000	0.0004	0
COG3189	S	Uncharacterized conserved protein YeaO, DUF488 family	0.0050	0.1155	0	0.3900	0.4772	0	0.0000	0.0306	0	0.9997	0.9404	1	0.1388	0.3472	0
COG3190	N	Flagellar biogenesis protein FliO	0.0000	0.0026	0	0.0000	0.0014	0	0.0000	0.0032	0	0.0000	0.0022	0	0.0000	0.0012	0
COG3191	E	L-aminopeptidase/D-esterase	0.0000	0.0530	0	0.0500	0.1005	0	0.0000	0.0236	0	1.0000	0.7876	1	0.3900	0.3912	0
COG3192	E	Ethanolamine transporter EutH, required for ethanolamine utilization at low pH	0.0000	0.0008	0	0.0000	0.0006	0	0.0000	0.0011	0	0.0000	0.0019	0	0.0000	0.0008	0
COG3193	T	Heme-binding protein HbpS, GlcG/HbpS family	0.0000	0.0142	0	0.0700	0.0516	0	0.0000	0.0093	0	0.1826	0.3130	0	0.0001	0.0859	0
COG3194	F	Ureidoglycolate hydrolase (allantoin degradation)	0.0000	0.0025	0	0.0000	0.0020	0	0.0000	0.0020	0	0.0000	0.0252	0	0.0000	0.0047	0
COG3195	F	2-oxo-4-hydroxy-4-carboxy--5-ureidoimidazoline (OHCU) decarboxylase (uric acid degradation)	0.0000	0.0004	0	0.0000	0.0004	0	0.0000	0.0004	0	0.0000	0.0007	0	0.0000	0.0005	0
COG3196	R	Colicin E2 tolerance protein CbrC, UPF0167 family	0.0000	0.0008	0	0.0000	0.0007	0	0.0000	0.0005	0	0.0000	0.0046	0	0.0000	0.0011	0
COG3197	O	Cytochrome oxidase maturation protein, CcoS/FixS family	0.0000	0.0013	0	0.0000	0.0009	0	0.0000	0.0007	0	0.0000	0.0062	0	0.0000	0.0016	0
COG3198	S	Uncharacterized conserved protein	0.0000	0.0015	0	0.0000	0.0042	0	0.0000	0.0016	0	0.0000	0.0209	0	0.0000	0.0047	0
COG3199	F	NAD kinase	0.2900	0.9401	1	0.9905	0.9551	1	0.1500	0.9241	1	1.0000	0.9872	1	0.9999	0.9899	1
COG3200	E	3-deoxy-D-arabino-heptulosonate 7-phosphate (DAHP) synthase, class II	0.0000	0.0012	0	0.0000	0.0013	0	0.0000	0.0015	0	0.0000	0.0020	0	0.0000	0.0013	0
COG3201	H	Nicotinamide riboside transporter PnuC	0.0000	0.0009	0	0.0000	0.0001	0	0.0000	0.0008	0	0.0000	0.0000	0	0.0000	0.0000	0
COG3202	C	ATP/ADP translocase	0.0000	0.0002	0	0.0000	0.0005	0	0.0000	0.0002	0	0.0000	0.0028	0	0.0000	0.0010	0
COG3203	M	Outer membrane porin OmpC/OmpF/PhoE	0.0000	0.0079	0	0.0000	0.0022	0	0.0000	0.0053	0	0.0000	0.0051	0	0.0000	0.0026	0
COG3204	R	Uncharacterized Ca-binding beta-propeller protein YjiK	0.0000	0.0035	0	0.0000	0.0033	0	0.0000	0.0038	0	0.0000	0.0125	0	0.0000	0.0035	0
COG3205	S	Uncharacterized membrane protein, DUF2061 family	0.0000	0.0275	0	0.1100	0.0859	0	0.0000	0.0277	0	0.7777	0.1398	0	0.0001	0.0851	0
COG3206	M	Exopolysaccharide export protein/domain GumC/Wzc1	0.0000	0.0190	0	0.0000	0.0040	0	0.0000	0.0162	0	0.0000	0.0134	0	0.0000	0.0039	0
COG3207	Q	Pyoverdine/dityrosine biosynthesis protein Dit1	0.0000	0.0006	0	0.0000	0.0013	0	0.0000	0.0007	0	0.0000	0.0028	0	0.0000	0.0014	0
COG3208	Q	Surfactin synthase thioesterase subunit	0.0000	0.0010	0	0.0000	0.0013	0	0.0000	0.0005	0	0.0000	0.0265	0	0.0000	0.0039	0
COG3209	R	Uncharacterized conserved protein RhaS, contains 28 RHS repeats	0.0000	0.0751	0	0.0000	0.0074	0	0.0000	0.0423	0	0.0000	0.0359	0	0.0000	0.0038	0
COG3210	U	Large exoprotein involved in heme utilization or adhesion	0.0000	0.0658	0	0.0000	0.0045	0	0.0000	0.0455	0	0.0000	0.0062	0	0.0000	0.0023	0
COG3211	R	Secreted phosphatase, PhoX family	0.0000	0.0020	0	0.0000	0.0010	0	0.0000	0.0023	0	0.0004	0.0234	0	0.0000	0.0012	0
COG3212	O	PepSY domain containing protein, regulator of zincin peptidase activity	0.0000	0.0224	0	0.0500	0.1303	0	0.0000	0.0264	0	0.0714	0.2224	0	0.0000	0.0222	0
COG3213	T	Nitric oxide response protein NnrS	0.0000	0.0006	0	0.0000	0.0014	0	0.0000	0.0007	0	0.0000	0.0392	0	0.0000	0.0033	0
COG3214	L	DNA glycosylase YcaQ, repair of DNA interstrand crosslinks	0.0000	0.0087	0	0.0000	0.0038	0	0.0000	0.0104	0	0.0000	0.0888	0	0.0000	0.0084	0
COG3215	NW	Type IV pilus assembly protein PilZ	0.0000	0.0024	0	0.0000	0.0039	0	0.0000	0.0023	0	0.0000	0.0141	0	0.0000	0.0074	0
COG3216	S	Uncharacterized conserved protein, DUF2062 family	0.0000	0.0027	0	0.0200	0.0100	0	0.0000	0.0024	0	0.0070	0.0129	0	0.0000	0.0023	0
COG3217	FV	N-hydroxylaminopurine reductase subunit YcbX, contains MOSC domain	0.0000	0.0063	0	0.0200	0.0315	0	0.0000	0.0098	0	0.0685	0.2228	0	0.0003	0.0833	0
COG3218	R	ABC-type uncharacterized transport system, auxiliary component	0.0000	0.0059	0	0.0000	0.0121	0	0.0000	0.0039	0	0.0000	0.0580	0	0.0000	0.0132	0
COG3219	S	Uncharacterized conserved protein, DUF2063 family	0.0000	0.0003	0	0.0000	0.0005	0	0.0000	0.0004	0	0.0000	0.0019	0	0.0000	0.0006	0
COG3220	S	Uncharacterized conserved protein, UPF0276 family	0.0000	0.0010	0	0.0000	0.0006	0	0.0000	0.0007	0	0.0000	0.0058	0	0.0000	0.0008	0
COG3221	P	ABC-type phosphate/phosphonate transport system, periplasmic component	0.0000	0.0136	0	0.0100	0.0275	0	0.0000	0.0116	0	0.9998	0.3319	0	0.0046	0.0287	0
COG3222	S	Uncharacterized conserved protein, glycosyltransferase A (GT-A) superfamily, DUF2064 family	0.0000	0.0144	0	0.0000	0.0225	0	0.0000	0.0102	0	0.0000	0.2651	0	0.0000	0.0456	0
COG3223	R	Phosphate starvation-inducible membrane PsiE (function unknown)	0.0000	0.0010	0	0.0000	0.0021	0	0.0000	0.0011	0	0.0000	0.0016	0	0.0000	0.0021	0
COG3224	R	Antibiotic biosynthesis monooxygenase (ABM) superfamily enzyme	0.0000	0.0083	0	0.0000	0.0094	0	0.0000	0.0069	0	0.0758	0.3363	0	0.0002	0.0936	0
COG3225	N	ABC-type uncharacterized transport system involved in gliding motility, auxiliary component	0.0000	0.0116	0	0.0000	0.0057	0	0.0000	0.0042	0	0.0000	0.0391	0	0.0000	0.0056	0
COG3226	K	DNA-binding transcriptional regulator YbjK	0.0000	0.0015	0	0.0000	0.0016	0	0.0000	0.0010	0	0.0000	0.0341	0	0.0000	0.0031	0
COG3227	O	Zn-dependent metalloprotease (Neutral protease B)	0.0000	0.0161	0	0.0000	0.0110	0	0.0000	0.0147	0	0.0059	0.1005	0	0.0000	0.0079	0
COG3228	T	Mlc titration factor MtfA, regulates ptsG expression	0.0000	0.0024	0	0.0000	0.0093	0	0.0000	0.0016	0	0.0000	0.0975	0	0.0000	0.0191	0
COG3230	P	Heme oxygenase	0.0000	0.0005	0	0.0000	0.0010	0	0.0000	0.0003	0	0.0000	0.0095	0	0.0000	0.0014	0
COG3231	J	Aminoglycoside phosphotransferase	0.0000	0.0018	0	0.0000	0.0011	0	0.0000	0.0019	0	0.0000	0.0046	0	0.0000	0.0019	0
COG3232	E	5-carboxymethyl-2-hydroxymuconate isomerase	0.0000	0.0009	0	0.0000	0.0013	0	0.0000	0.0011	0	0.0000	0.0085	0	0.0000	0.0037	0
COG3233	R	Predicted deacetylase	0.0000	0.0748	0	0.0300	0.3833	0	0.0000	0.0522	0	0.4970	0.6621	1	0.0181	0.3145	0
COG3234	S	Uncharacterized conserved protein YfaT, DUF1175 family	0.0000	0.0004	0	0.0000	0.0026	0	0.0000	0.0004	0	0.0000	0.0304	0	0.0000	0.0059	0
COG3235	S	Uncharacterized membrane protein	0.0000	0.0008	0	0.0000	0.0032	0	0.0000	0.0007	0	0.0000	0.0150	0	0.0000	0.0054	0
COG3236	HV	N-glycosidase YbiA/RibX (riboflavin biosynthesis, damage control), NADAR superfamily	0.0000	0.0003	0	0.0000	0.0010	0	0.0000	0.0003	0	0.0000	0.0013	0	0.0000	0.0010	0
COG3237	S	Uncharacterized conserved protein YjbJ, UPF0337 family	0.0000	0.0009	0	0.0000	0.0011	0	0.0000	0.0008	0	0.0000	0.0556	0	0.0000	0.0009	0
COG3238	S	Uncharacterized membrane protein YdcZ, DUF606 family	0.0000	0.0010	0	0.0000	0.0005	0	0.0000	0.0010	0	0.0000	0.0113	0	0.0000	0.0008	0
COG3239	I	Fatty acid desaturase	0.0000	0.0006	0	0.0000	0.0002	0	0.0000	0.0013	0	0.0000	0.0012	0	0.0000	0.0003	0
COG3240	IR	Phospholipase/lecithinase/hemolysin	0.0000	0.0006	0	0.0000	0.0012	0	0.0000	0.0009	0	0.0000	0.0067	0	0.0000	0.0018	0
COG3241	C	Azurin	0.0000	0.0003	0	0.0000	0.0006	0	0.0000	0.0003	0	0.0000	0.0015	0	0.0000	0.0007	0
COG3242	S	Uncharacterized conserved protein YjeT, DUF2065 family	0.0000	0.0070	0	0.0000	0.0052	0	0.0000	0.0061	0	0.0000	0.0101	0	0.0000	0.0091	0
COG3243	I	Poly-beta-hydroxybutyrate synthase	0.0000	0.0306	0	0.0000	0.0136	0	0.0000	0.0226	0	0.7335	0.2263	0	0.0001	0.0539	0
COG3245	C	Cytochrome c5	0.0000	0.0015	0	0.0000	0.0021	0	0.0000	0.0015	0	0.0000	0.0044	0	0.0000	0.0019	0
COG3246	S	Uncharacterized conserved protein, DUF849 family	0.0000	0.0269	0	0.0500	0.1284	0	0.0000	0.0293	0	0.9984	0.7807	1	0.0861	0.3918	0
COG3247	R	Acid resistance membrane protein HdeD, DUF308 family	0.0000	0.0313	0	0.0591	0.0722	0	0.0000	0.0152	0	0.9899	0.3934	0	0.0008	0.0835	0
COG3248	M	Nucleoside-specific outer membrane channel protein Tsx	0.0000	0.0009	0	0.0000	0.0012	0	0.0000	0.0006	0	0.0000	0.0122	0	0.0000	0.0027	0
COG3249	S	Uncharacterized conserved protein, DUF2066 domain	0.0000	0.0005	0	0.0000	0.0021	0	0.0000	0.0006	0	0.0000	0.0105	0	0.0000	0.0044	0
COG3250	G	Beta-galactosidase/beta-glucuronidase	0.0000	0.0228	0	0.2800	0.0043	0	0.0000	0.0232	0	1.0000	0.1854	0	0.1329	0.0091	0
COG3251	Q	MbtH family protein, regulates adenylation domains of NRPSs	0.0000	0.0016	0	0.0000	0.0039	0	0.0000	0.0012	0	0.0000	0.0749	0	0.0000	0.0081	0
COG3252	H	Methenyltetrahydromethanopterin cyclohydrolase	0.0050	0.9850	1	0.8900	0.9999	1	0.0200	0.9205	1	1.0000	1.0000	1	0.9981	0.9999	1
COG3253	HP	Coproheme decarboxylase/chlorite dismutase	0.0000	0.0017	0	0.0000	0.0010	0	0.0000	0.0017	0	0.9997	0.0686	0	0.0009	0.0051	0
COG3254	M	L-rhamnose mutarotase	0.0000	0.0033	0	0.0000	0.0013	0	0.0000	0.0022	0	0.0097	0.1009	0	0.0000	0.0031	0
COG3255	I	Putative sterol carrier protein, contains SCP2 domain	0.0000	0.1139	0	0.5870	0.5907	1	0.0000	0.2295	0	1.0000	0.9530	1	1.0000	0.8536	1
COG3256	P	Nitric oxide reductase large subunit	0.0000	0.0218	0	0.0000	0.0417	0	0.0000	0.0128	0	0.1356	0.8099	1	0.0002	0.2213	0
COG3257	F	Ureidoglycine aminohydrolase	0.0000	0.0019	0	0.0000	0.0018	0	0.0000	0.0014	0	0.0000	0.0114	0	0.0000	0.0024	0
COG3258	P	Thiosulfate dehydrogenase TsdA, contains C-terminal cytochrome c domain	0.0000	0.0009	0	0.0000	0.0073	0	0.0000	0.0005	0	0.0000	0.1266	0	0.0000	0.0100	0
COG3259	C	Coenzyme F420-reducing hydrogenase, alpha subunit	0.0000	0.1944	0	0.0000	0.0898	0	0.0000	0.3287	0	1.0000	0.7278	1	1.0000	0.7779	1
COG3260	C	Ni,Fe-hydrogenase III small subunit	0.3000	0.9613	1	0.8500	0.9994	1	0.0200	0.9463	1	1.0000	0.9984	1	1.0000	0.9991	1
COG3261	C	Ni,Fe-hydrogenase III large subunit	0.0450	0.9358	1	0.9600	0.9994	1	0.1500	0.9578	1	1.0000	0.9992	1	1.0000	0.9978	1
COG3262	C	Ni,Fe-hydrogenase III component G	0.0000	0.3139	0	0.7746	0.7611	1	0.0100	0.4839	0	0.5315	0.4820	0	0.0138	0.4679	0
COG3263	CP	NhaP-type Na+/H+ and K+/H+ antiporter with C-terminal TrkAC and CorC domains	0.0150	0.1287	0	0.7900	0.2613	0	0.0000	0.0887	0	0.9997	0.0846	0	0.1529	0.0344	0
COG3264	M	Small-conductance mechanosensitive channel MscK	0.0000	0.0784	0	0.0000	0.0164	0	0.0000	0.0711	0	0.0000	0.0127	0	0.0000	0.0195	0
COG3265	G	Gluconate kinase	0.0000	0.0007	0	0.0000	0.0003	0	0.0000	0.0007	0	0.0000	0.0020	0	0.0000	0.0004	0
COG3266	D	Cell division protein DamX, binds to the septal ring, contains C-terminal SPOR domain	0.0000	0.0157	0	0.0000	0.0018	0	0.0000	0.0139	0	0.0000	0.0031	0	0.0000	0.0010	0
COG3267	UW	Type II secretory pathway ATPase component GspA/ExeA/MshM	0.0000	0.0102	0	0.0000	0.0032	0	0.0000	0.0136	0	0.0000	0.0056	0	0.0000	0.0042	0
COG3268	S	Uncharacterized conserved protein, related to short-chain dehydrogenases	0.0000	0.0028	0	0.0000	0.0017	0	0.0000	0.0028	0	0.0005	0.0847	0	0.0000	0.0054	0
COG3269	R	Predicted RNA-binding protein, contains TRAM domain	0.3000	0.9504	1	0.9400	0.9973	1	0.0900	0.8570	1	1.0000	0.9986	1	0.9991	0.9965	1
COG3270	J	Ribosome biogenesis protein, NOL1/NOP2/FMU family	0.0000	0.2768	0	0.0600	0.5439	1	0.0000	0.2091	0	1.0000	0.6651	1	0.5065	0.6952	1
COG3271	U	Predicted double-glycine leader peptidase, C39-like (CLD) domain	0.0000	0.0225	0	0.0600	0.1548	0	0.0000	0.0333	0	0.0256	0.3250	0	0.0005	0.0971	0
COG3272	S	Uncharacterized conserved protein YbgA, DUF1722 family	0.0000	0.0014	0	0.1400	0.0221	0	0.0100	0.0037	0	0.4499	0.0973	0	0.0002	0.0235	0
COG3273	R	Uncharacterized protein, contains PhoU and TrkA_C domains	0.0000	0.8841	1	0.0700	0.9648	1	0.0000	0.8084	1	1.0000	0.9929	1	0.9999	0.9956	1
COG3274	M	Surface polysaccharide O-acyltransferase WecH	0.0000	0.0100	0	0.0000	0.0027	0	0.0000	0.0057	0	0.9799	0.0728	0	0.0065	0.0147	0
COG3275	T	Sensor histidine kinase, LytS/YehU family	0.0000	0.0040	0	0.0000	0.0036	0	0.0000	0.0046	0	0.0000	0.1303	0	0.0000	0.0075	0
COG3276	J	Selenocysteine-specific translation elongation factor SelB	0.0000	0.9973	1	0.4400	1.0000	1	0.0000	0.9925	1	1.0000	1.0000	1	0.9979	1.0000	1
COG3277	J	rRNA processing protein Gar1	0.0800	0.9535	1	0.2000	0.9830	1	0.0100	0.9164	1	1.0000	0.9938	1	0.9999	0.9959	1
COG3278	C	Cbb3-type cytochrome oxidase, subunit 1	0.0000	0.0032	0	0.0000	0.0071	0	0.0000	0.0017	0	0.0000	0.0797	0	0.0000	0.0088	0
COG3279	KT	DNA-binding response regulator, LytR/AlgR family	0.0000	0.0049	0	0.0000	0.0003	0	0.0000	0.0040	0	0.0000	0.0013	0	0.0000	0.0002	0
COG3280	G	Maltooligosyltrehalose synthase	0.0000	0.0091	0	0.0000	0.0187	0	0.0000	0.0132	0	0.3265	0.6380	1	0.0002	0.1919	0
COG3281	G	Predicted trehalose synthase	0.0000	0.0260	0	0.0200	0.2790	0	0.0000	0.0265	0	0.7494	0.7998	1	0.0068	0.4435	0
COG3283	KE	Transcriptional regulator TyrR of aromatic amino acids metabolism	0.0000	0.0011	0	0.0000	0.0014	0	0.0000	0.0010	0	0.0000	0.0058	0	0.0000	0.0013	0
COG3284	K	Transcriptional regulator DhaR of acetoin/glycerol metabolism	0.0000	0.0046	0	0.0000	0.0027	0	0.0000	0.0022	0	0.0000	0.0942	0	0.0000	0.0084	0
COG3285	L	Eukaryotic-type DNA primase	0.0000	0.0161	0	0.0100	0.1601	0	0.0000	0.0159	0	0.0002	0.4917	0	0.0000	0.0482	0
COG3286	S	Uncharacterized conserved protein, DUF2067 domain	0.0000	0.2667	0	0.3500	0.8847	1	0.0000	0.0837	0	1.0000	0.8684	1	0.9220	0.9160	1
COG3287	T	FIST domain protein MJ1623, contains FIST_N and FIST_C domains	0.0000	0.0589	0	0.6600	0.3476	0	0.0000	0.0359	0	0.9989	0.2620	0	0.0931	0.0871	0
COG3288	C	NAD/NADP transhydrogenase alpha subunit	0.0000	0.0082	0	0.0000	0.0009	0	0.0000	0.0060	0	0.0000	0.0048	0	0.0000	0.0011	0
COG3290	T	Sensor histidine kinase DipB regulating citrate/malate metabolism	0.0000	0.0057	0	0.0000	0.0024	0	0.0000	0.0048	0	0.0000	0.0146	0	0.0000	0.0027	0
COG3291	S	Uncharacterized conserved protein, PKD repeat domain	0.0000	0.5513	1	0.9986	0.9501	1	0.0400	0.6909	1	1.0000	0.9387	1	0.9997	0.8601	1
COG3292	T	Periplasmic ligand-binding sensor domain	0.0000	0.0106	0	0.0000	0.0109	0	0.0000	0.0121	0	0.0006	0.1443	0	0.0000	0.0074	0
COG3293	X	Transposase	0.0000	0.0150	0	0.0100	0.1191	0	0.0000	0.0158	0	0.6105	0.5076	1	0.0039	0.0979	0
COG3294	R	Metal-dependent phosphatase/phosphodiesterase, HD supefamily	0.0000	0.4846	0	0.0400	0.7954	1	0.0000	0.4152	0	1.0000	0.9945	1	0.9903	0.9781	1
COG3295	S	Uncharacterized conserved protein	0.0000	0.0005	0	0.0000	0.0009	0	0.0000	0.0003	0	0.0000	0.0075	0	0.0000	0.0016	0
COG3296	R	Uncharacterized Tic20-related protein, DUF4870 domain	0.0000	0.0110	0	0.0000	0.0043	0	0.0000	0.0069	0	0.0000	0.0564	0	0.0000	0.0100	0
COG3297	U	Type II secretory pathway, component PulL	0.0000	0.0036	0	0.0000	0.0023	0	0.0000	0.0028	0	0.0000	0.0019	0	0.0000	0.0019	0
COG3298	L	Predicted 3'-5' exonuclease related to the exonuclease domain of PolB	0.0000	0.0052	0	0.0000	0.0118	0	0.0000	0.0046	0	0.0000	0.1008	0	0.0000	0.0158	0
COG3299	X	Uncharacterized phage protein gp47/JayE	0.0000	0.0222	0	0.1545	0.0547	0	0.0000	0.0150	0	0.2015	0.1598	0	0.0000	0.0085	0
COG3300	T	MHYT domain, NO-binding membrane sensor	0.0000	0.0028	0	0.0000	0.0047	0	0.0000	0.0023	0	0.0000	0.0359	0	0.0000	0.0086	0
COG3301	P	Nitrite/polysulfide reductase, membrane component NrfD/PsrC	0.0000	0.0374	0	0.0700	0.3719	0	0.0000	0.0437	0	0.9942	0.9389	1	0.0029	0.4983	0
COG3302	C	DMSO reductase anchor subunit DmsC	0.0000	0.0136	0	0.0000	0.0295	0	0.0000	0.0117	0	0.0000	0.1935	0	0.0000	0.0520	0
COG3303	P	Formate-dependent nitrite reductase, periplasmic cytochrome c552 subunit	0.0000	0.0093	0	0.0000	0.0292	0	0.0000	0.0051	0	0.0000	0.5640	1	0.0000	0.0425	0
COG3304	S	Uncharacterized membrane protein YccF, DUF307 family	0.0000	0.0029	0	0.0000	0.0018	0	0.0000	0.0016	0	0.0283	0.0931	0	0.0010	0.0167	0
COG3305	S	Uncharacterized membrane protein, DUF2068 family	0.0000	0.0006	0	0.5900	0.0269	0	0.0000	0.0005	0	0.9994	0.1496	0	0.0282	0.0271	0
COG3306	M	Glycosyltransferase involved in LPS biosynthesis, GR25 family	0.0000	0.0007	0	0.0000	0.0006	0	0.0000	0.0006	0	0.0000	0.0006	0	0.0000	0.0004	0
COG3307	M	O-antigen ligase	0.0000	0.0075	0	0.0000	0.0013	0	0.0000	0.0045	0	0.1662	0.0644	0	0.0006	0.0066	0
COG3308	S	Uncharacterized membrane protein	0.0000	0.0005	0	0.0000	0.0037	0	0.0000	0.0005	0	0.0000	0.0143	0	0.0000	0.0044	0
COG3309	V	Virulence-associated protein VapD, endoribonuclease	0.0000	0.0006	0	0.0000	0.0011	0	0.0000	0.0005	0	0.0000	0.0014	0	0.0000	0.0010	0
COG3310	S	Uncharacterized conserved protein, DUF1415 family	0.0000	0.0014	0	0.0000	0.0021	0	0.0000	0.0010	0	0.0000	0.0058	0	0.0000	0.0028	0
COG3311	KX	DNA-binding transcriptional regulator AlpA	0.0000	0.0059	0	0.0000	0.0019	0	0.0000	0.0040	0	0.0000	0.0597	0	0.0000	0.0046	0
COG3312	C	FoF1-type ATP synthase accessory protein AtpI	0.0000	0.0008	0	0.0000	0.0065	0	0.0000	0.0007	0	0.0000	0.0649	0	0.0000	0.0162	0
COG3313	R	Predicted Fe-S protein YdhL, DUF1289 family	0.0000	0.0029	0	0.0000	0.0010	0	0.0000	0.0026	0	0.0000	0.0037	0	0.0000	0.0026	0
COG3314	DE	Spore dipicolinate transporter SpoVV/YjiH/YlbJ, contains nucleoside recognition GATE domain	0.0000	0.0028	0	0.0000	0.0007	0	0.0000	0.0022	0	0.0002	0.0105	0	0.0000	0.0005	0
COG3315	Q	O-Methyltransferase involved in polyketide biosynthesis	0.0000	0.0314	0	0.0200	0.1074	0	0.0000	0.0175	0	0.9732	0.5374	1	0.0053	0.1312	0
COG3316	X	Transposase (or an inactivated derivative), DDE domain	0.0000	0.1232	0	0.0200	0.3632	0	0.0000	0.1379	0	0.9999	0.8032	1	0.3127	0.5196	1
COG3317	M	Outer membrane beta-barrel protein assembly factor BamC	0.0000	0.0040	0	0.0000	0.0014	0	0.0000	0.0033	0	0.0000	0.0025	0	0.0000	0.0015	0
COG3318	S	Uncharacterized conserved protein YecA, UPF0149 family, contains C-terminal Zn-binding SEC-C motif	0.0000	0.0021	0	0.0000	0.0022	0	0.0000	0.0017	0	0.0000	0.0084	0	0.0000	0.0037	0
COG3319	Q	Thioesterase domain of type I polyketide synthase or non-ribosomal peptide synthetase	0.0000	0.0003	0	0.0000	0.0008	0	0.0000	0.0002	0	0.0000	0.0075	0	0.0000	0.0012	0
COG3320	Q	Thioester reductase domain of alpha aminoadipate reductase Lys2 and NRPSs	0.0000	0.0011	0	0.0000	0.0024	0	0.0000	0.0010	0	0.0000	0.0170	0	0.0000	0.0046	0
COG3321	Q	Acyl transferase domain in polyketide synthase (PKS) enzymes	0.0000	0.0018	0	0.0000	0.0015	0	0.0000	0.0012	0	0.0000	0.0127	0	0.0000	0.0024	0
COG3322	T	Extracellular (periplasmic) sensor domain CHASE (specificity unknown)	0.0000	0.0971	0	0.0000	0.1300	0	0.0000	0.0634	0	0.0000	0.5038	1	0.0000	0.1931	0
COG3323	S	PII-like insert in the uncharacterized protein YqfO, YbgI/NIF3 family	0.0000	0.0003	0	0.0000	0.0004	0	0.0000	0.0004	0	0.0000	0.0029	0	0.0000	0.0007	0
COG3324	R	Lactoylglutathione lyase-related enzyme, vicinal oxygen chelate (VOC) family	0.0000	0.0359	0	0.3800	0.2150	0	0.0000	0.0328	0	1.0000	0.4633	0	0.1445	0.1987	0
COG3325	G	Chitinase, GH18 family	0.0000	0.0081	0	0.8416	0.0589	0	0.0500	0.0275	0	0.3679	0.0582	0	0.0155	0.0081	0
COG3326	S	Uncharacterized membrane protein YsdA, DUF1294 family	0.0000	0.0431	0	0.0000	0.0132	0	0.0000	0.0218	0	0.9937	0.1192	0	0.0006	0.0594	0
COG3327	K	DNA-binding transcriptional regulator PaaX (phenylacetic acid degradation)	0.0000	0.0060	0	0.0000	0.0100	0	0.0000	0.0067	0	0.0000	0.0631	0	0.0000	0.0171	0
COG3328	X	Transposase (or an inactivated derivative)	0.0000	0.0381	0	0.0100	0.2204	0	0.0000	0.0266	0	0.9942	0.8123	1	0.0046	0.1786	0
COG3329	S	Uncharacterized conserved protein Alr0986	0.0000	0.0008	0	0.0000	0.0015	0	0.0000	0.0010	0	0.0003	0.0221	0	0.0000	0.0021	0
COG3330	S	Uncharacterized conserved protein BH1414	0.0000	0.0016	0	0.0000	0.0056	0	0.0000	0.0020	0	0.0000	0.0348	0	0.0000	0.0081	0
COG3331	R	Penicillin-binding protein-related factor A, putative recombinase	0.0000	0.0040	0	0.0000	0.0073	0	0.0000	0.0031	0	0.0000	0.0050	0	0.0000	0.0082	0
COG3332	R	Uncharacterized stress-responsive protein, TANGO2 (Transport and Golgi organisation 2) family, contains NRDE motif	0.0000	0.0090	0	0.0000	0.0160	0	0.0000	0.0126	0	0.8778	0.5161	1	0.0073	0.1327	0
COG3333	R	TctA family transporter	0.0000	0.0056	0	0.0000	0.0029	0	0.0000	0.0056	0	0.0000	0.0242	0	0.0000	0.0055	0
COG3334	N	Flagellar motility protein MotE, a chaperone for MotC folding	0.0000	0.0016	0	0.0000	0.0024	0	0.0000	0.0019	0	0.0000	0.0022	0	0.0000	0.0019	0
COG3335	X	Transposase	0.0000	0.0816	0	0.3989	0.3771	0	0.0000	0.0536	0	1.0000	0.9103	1	0.4541	0.4725	0
COG3336	CO	Cytochrome c oxidase assembly protein CtaG	0.0000	0.0003	0	0.0000	0.0009	0	0.0000	0.0007	0	0.0000	0.0126	0	0.0000	0.0011	0
COG3337	V	CRISPR-Cas system type III CMR-effector complex small subunit Cmr5	0.0000	0.1406	0	0.3297	0.8145	1	0.0000	0.0455	0	0.6102	0.9810	1	0.0213	0.5201	1
COG3338	P	Carbonic anhydrase	0.0000	0.0019	0	0.0000	0.0013	0	0.0000	0.0009	0	0.0000	0.0169	0	0.0000	0.0022	0
COG3339	S	Uncharacterized membrane protein YkvA, DUF1232 family	0.0000	0.0397	0	0.0595	0.1534	0	0.0000	0.0196	0	0.2557	0.6656	1	0.0008	0.1641	0
COG3340	E	Peptidase E	0.0000	0.0079	0	0.0000	0.0007	0	0.0000	0.0078	0	0.0000	0.0019	0	0.0000	0.0005	0
COG3341	R	Ribonuclease HI-related protein, contains viroplasmin and RNaseH domains	0.0000	0.0012	0	0.0000	0.0047	0	0.0000	0.0009	0	0.0003	0.0607	0	0.0000	0.0035	0
COG3342	R	Uncharacterized conserved protein, Ntn-hydrolase superfamily	0.0000	0.0595	0	0.0200	0.2190	0	0.0000	0.1057	0	0.9999	0.9054	1	0.6251	0.7322	1
COG3343	K	DNA-directed RNA polymerase, delta subunit	0.0000	0.0021	0	0.0000	0.0008	0	0.0000	0.0021	0	0.0000	0.0008	0	0.0000	0.0009	0
COG3344	X	Retron-type reverse transcriptase	0.0000	0.0259	0	0.0100	0.1120	0	0.0000	0.0204	0	0.9978	0.4053	0	0.0015	0.0623	0
COG3345	G	Alpha-galactosidase	0.0000	0.0036	0	0.0100	0.0049	0	0.0000	0.0039	0	0.0142	0.0251	0	0.0000	0.0020	0
COG3346	O	Cytochrome oxidase assembly protein ShyY1	0.0000	0.0007	0	0.0000	0.0004	0	0.0000	0.0014	0	0.0000	0.0002	0	0.0000	0.0004	0
COG3347	G	Rhamnose utilisation protein RhaD, predicted bifunctional aldolase and dehydrogenase	0.0000	0.0006	0	0.0000	0.0012	0	0.0000	0.0006	0	0.0000	0.0061	0	0.0000	0.0023	0
COG3349	R	Uncharacterized protein, contains NAD-binding domain and a Fe-S cluster	0.0000	0.0008	0	0.0000	0.0028	0	0.0000	0.0009	0	0.0000	0.0221	0	0.0000	0.0053	0
COG3350	P	Heavy metal-bindng TRASH/YHS domain, predicted Cu/Ag metallochaperone	0.0000	0.4575	0	0.7570	0.9149	1	0.0000	0.3127	0	0.9999	0.9949	1	0.1032	0.9087	1
COG3351	N	Archaellum component ArlD/FlaD/FlaE	0.0150	0.6916	1	0.7400	0.9200	1	0.0100	0.1889	0	0.7983	0.9351	1	0.3064	0.8206	1
COG3352	N	Archaellum component ArlC/FlaC	0.0000	0.1194	0	0.6500	0.9194	1	0.0000	0.0213	0	0.5058	0.8541	1	0.0010	0.7911	1
COG3353	N	Archaellum component FlaF, FlaF/FlaG flagellin family	0.0700	0.8869	1	0.6600	0.9927	1	0.0100	0.3784	0	0.9999	0.9988	1	0.8609	0.9949	1
COG3354	N	Archaellum component FlaG, FlaF/FlaG flagellin family	0.0150	0.9645	1	0.4600	0.9969	1	0.0000	0.4842	0	0.9999	0.9995	1	0.9782	0.9988	1
COG3355	K	Predicted transcriptional regulator	0.0000	0.4134	0	0.8414	0.9094	1	0.0000	0.1427	0	1.0000	0.9978	1	1.0000	0.9769	1
COG3356	I	Predicted membrane-associated lipid hydrolase, neutral ceramidase superfamily	0.0050	0.7112	1	0.8200	0.9654	1	0.0500	0.8851	1	1.0000	0.9926	1	0.9977	0.9763	1
COG3357	K	Predicted transcriptional regulator, contains HTH and Zn-ribbon domains	0.0000	0.4132	0	0.1300	0.8230	1	0.0000	0.1403	0	1.0000	0.9946	1	0.9991	0.9871	1
COG3358	S	Uncharacterized conserved protein, DUF1684 family	0.0000	0.0132	0	0.0000	0.0223	0	0.0000	0.0125	0	0.9236	0.6132	1	0.0129	0.1704	0
COG3359	R	Uncharacterized conserved protein YprB, contains RNaseH-like and TPR domains	0.0000	0.1511	0	0.2198	0.5212	1	0.0000	0.0959	0	1.0000	0.9566	1	0.8210	0.8582	1
COG3360	R	Flavin-binding protein dodecin	0.0000	0.0917	0	0.0100	0.2923	0	0.0000	0.0809	0	1.0000	0.9231	1	0.2850	0.7092	1
COG3361	S	Uncharacterized conserved protein YqjF, DUF2071 family	0.0000	0.0092	0	0.0000	0.0062	0	0.0000	0.0084	0	0.0760	0.1302	0	0.0000	0.0155	0
COG3363	F	Archaeal IMP cyclohydrolase	0.0000	0.0794	0	0.0200	0.1892	0	0.0000	0.0486	0	0.5048	0.5128	1	0.0581	0.1753	0
COG3364	R	Predicted  nucleic acid-binding protein, contains Zn-ribbon domain	0.0000	0.1912	0	0.6900	0.9029	1	0.0000	0.0777	0	0.9997	0.8901	1	0.9640	0.7879	1
COG3365	S	Uncharacterized conserved protein, DUF2073 family	0.0050	0.4997	0	0.1300	0.8913	1	0.0000	0.1139	0	0.9987	0.9696	1	0.8624	0.9237	1
COG3366	S	Uncharacterized membrane protein	0.0000	0.4636	0	0.2900	0.9307	1	0.0000	0.2300	0	0.9988	0.9849	1	0.3839	0.9272	1
COG3367	R	Uncharacterized conserved protein, NAD-dependent epimerase/dehydratase family	0.0050	0.2935	0	0.6000	0.4721	0	0.0100	0.2274	0	1.0000	0.9103	1	0.9876	0.7806	1
COG3368	R	Predicted permease	0.0000	0.1762	0	0.7500	0.8703	1	0.0000	0.1180	0	1.0000	0.9085	1	0.9962	0.9479	1
COG3369	S	Uncharacterized conserved protein, contains Zn-finger domain of CDGSH type	0.0000	0.0551	0	0.0900	0.3425	0	0.0000	0.0583	0	0.9999	0.9326	1	0.0046	0.3802	0
COG3370	R	Uncharacterized conserved protein AF1964, DsrE/DsrF-like family	0.0000	0.0607	0	0.0694	0.6108	1	0.0000	0.0385	0	1.0000	0.9901	1	0.9807	0.9251	1
COG3371	S	Uncharacterized membrane protein	0.0450	0.7309	1	0.5700	0.8940	1	0.0500	0.7216	1	1.0000	0.9967	1	1.0000	0.9877	1
COG3372	R	Predicted nuclease of restriction endonuclease-like (RecB) superfamily, implicated in nucleotide excision repair	0.0000	0.1984	0	0.3400	0.7097	1	0.0000	0.1816	0	1.0000	0.9888	1	0.9808	0.9353	1
COG3373	K	Predicted transcriptional regulator, contains HTH domain	0.0000	0.3422	0	0.8200	0.9831	1	0.0000	0.1639	0	0.9969	0.9114	1	0.7002	0.9482	1
COG3374	S	Uncharacterized membrane protein	0.0000	0.0047	0	0.0000	0.0122	0	0.0000	0.0059	0	0.9977	0.6026	1	0.0062	0.1250	0
COG3375	R	Predicted acetyltransferase, GNAT superfamily	0.0000	0.0438	0	0.3300	0.2193	0	0.0000	0.0335	0	1.0000	0.7584	1	0.7663	0.4902	0
COG3376	P	High-affinity nickel/cobalt permease	0.0000	0.0084	0	0.0400	0.0783	0	0.0000	0.0101	0	0.1499	0.2597	0	0.0027	0.1403	0
COG3377	S	Uncharacterized conserved protein YunC, DUF1805 family	0.0000	0.1905	0	0.5500	0.7949	1	0.0000	0.1986	0	1.0000	0.8619	1	0.9619	0.8470	1
COG3378	X	DNA primase, phage- or plasmid-associated	0.0000	0.0436	0	0.7634	0.3905	0	0.0000	0.0324	0	0.9965	0.6531	1	0.0040	0.1512	0
COG3379	R	Predicted phosphohydrolase or phosphomutase, AlkP superfamily	0.0100	0.7216	1	0.6100	0.8272	1	0.0100	0.6662	1	1.0000	0.9884	1	0.9990	0.9525	1
COG3380	R	Predicted NAD/FAD-dependent oxidoreductase	0.0000	0.0036	0	0.0000	0.0022	0	0.0000	0.0022	0	0.0034	0.0790	0	0.0001	0.0173	0
COG3381	O	Cytoplasmic chaperone TorD involved in molybdoenzyme TorA maturation	0.0000	0.0338	0	0.1500	0.2630	0	0.0000	0.0380	0	0.9997	0.8136	1	0.2801	0.4609	0
COG3382	R	B3/B4 domain (DNA/RNA-binding domain of Phe-tRNA-synthetase)	0.0050	0.5681	1	0.9700	0.9050	1	0.0500	0.5642	1	1.0000	0.9408	1	0.9991	0.9522	1
COG3383	R	Predicted molibdopterin-dependent oxidoreductase YjgC	0.0000	0.2203	0	0.0000	0.0407	0	0.0000	0.0965	0	1.0000	0.7476	1	0.9956	0.4599	0
COG3384	Q	Aromatic ring-opening dioxygenase, catalytic subunit, LigB family	0.0000	0.0163	0	0.2000	0.1438	0	0.0100	0.0316	0	0.9999	0.5784	1	0.0144	0.1348	0
COG3385	X	IS4 transposase InsG	0.0000	0.0770	0	0.4083	0.4824	0	0.0000	0.0511	0	1.0000	0.9512	1	0.8894	0.6541	1
COG3386	G	Sugar lactone lactonase YvrE	0.0000	0.0188	0	0.0000	0.0017	0	0.0000	0.0141	0	0.9926	0.2096	0	0.0048	0.0169	0
COG3387	G	Glucoamylase (glucan-1,4-alpha-glucosidase), GH15 family	0.0000	0.0569	0	0.6216	0.4368	0	0.0100	0.1701	0	1.0000	0.9898	1	0.9830	0.5440	1
COG3388	K	Predicted transcriptional regulator	0.0000	0.2896	0	0.2700	0.5986	1	0.0000	0.1683	0	0.2006	0.8280	1	0.0111	0.5619	1
COG3389	O	Presenilin-like membrane protease, A22 family	0.0150	0.7413	1	0.9500	0.9832	1	0.2300	0.8179	1	1.0000	0.9778	1	0.9995	0.9808	1
COG3390	L	Replication protein A (RPA) family protein	0.0000	0.6458	1	0.8464	0.9924	1	0.0100	0.6525	1	1.0000	0.9915	1	0.9992	0.9788	1
COG3391	R	DNA-binding beta-propeller fold protein YncE	0.0000	0.0389	0	0.3967	0.1241	0	0.0000	0.0269	0	1.0000	0.6319	1	0.0022	0.0939	0
COG3392	L	Adenine-specific DNA methylase	0.0000	0.0116	0	0.0000	0.0135	0	0.0000	0.0102	0	0.0000	0.0487	0	0.0000	0.0127	0
COG3393	R	Predicted acetyltransferase, GNAT family	0.0750	0.0256	0	0.6700	0.0425	0	0.0000	0.0043	0	1.0000	0.1286	0	0.0896	0.0302	0
COG3394	G	Chitooligosaccharide deacetylase ChbG, YdjC/CelG family	0.0000	0.0050	0	0.0000	0.0047	0	0.0000	0.0055	0	0.0000	0.0818	0	0.0000	0.0063	0
COG3395	G	D-threonate/D-erythronate kinase OtnK and related C4-acid sugar kinases, YgbK/DUF1537 family	0.0000	0.0165	0	0.0000	0.0095	0	0.0000	0.0118	0	0.8266	0.4959	0	0.0582	0.1115	0
COG3396	Q	1,2-phenylacetyl-CoA epoxidase, catalytic subunit	0.0000	0.0027	0	0.0500	0.0184	0	0.0000	0.0030	0	0.0343	0.1303	0	0.0001	0.0490	0
COG3397	R	Predicted carbohydrate-binding protein, contains CBM5 and CBM33 domains	0.0000	0.0014	0	0.0000	0.0008	0	0.0000	0.0011	0	0.0000	0.0059	0	0.0000	0.0010	0
COG3398	K	Predicted transcriptional regulator, contains two HTH domains	0.0900	0.7586	1	0.0300	0.9052	1	0.0000	0.2558	0	1.0000	0.9982	1	0.9999	0.9921	1
COG3399	S	Uncharacterized conserved protein	0.0000	0.0002	0	0.0000	0.0012	0	0.0000	0.0003	0	0.0000	0.0031	0	0.0000	0.0016	0
COG3400	R	Uncharacterized protein AQ_414, contains TrkA and USP-like domains	0.0000	0.0000	0	0.0000	0.0050	0	0.0000	0.0000	0	0.0000	0.0297	0	0.0000	0.0102	0
COG3401	R	Fibronectin type 3 domain	0.0000	0.0032	0	0.0000	0.0022	0	0.0000	0.0021	0	0.0000	0.0186	0	0.0000	0.0027	0
COG3402	S	Uncharacterized membrane protein YdbS, contains bPH2 (bacterial pleckstrin homology) domain	0.0000	0.0171	0	0.4000	0.0548	0	0.0000	0.0140	0	0.0750	0.3886	0	0.0001	0.0850	0
COG3403	S	Uncharacterized conserved protein YcgG, contains conserved FPC and CPF motifs	0.0000	0.0038	0	0.0000	0.0036	0	0.0000	0.0021	0	0.0005	0.1697	0	0.0000	0.0106	0
COG3404	E	Formiminotetrahydrofolate cyclodeaminase	0.0000	0.0671	0	0.0800	0.2488	0	0.0000	0.0470	0	0.9854	0.8875	1	0.0241	0.4240	0
COG3405	G	Endo-1,4-beta-D-glucanase Y	0.0000	0.0054	0	0.0000	0.0018	0	0.0000	0.0054	0	0.0000	0.0053	0	0.0000	0.0014	0
COG3407	I	Mevalonate pyrophosphate decarboxylase	0.0000	0.0202	0	0.0000	0.0032	0	0.0000	0.0276	0	1.0000	0.1518	0	0.9926	0.0833	0
COG3408	G	Glycogen debranching enzyme (alpha-1,6-glucosidase)	0.0000	0.2436	0	0.2258	0.4946	0	0.0000	0.1716	0	1.0000	0.8833	1	0.9949	0.7905	1
COG3409	M	Peptidoglycan-binding (PGRP) domain of peptidoglycan hydrolases	0.0000	0.0051	0	0.0200	0.0040	0	0.0000	0.0035	0	0.0004	0.0076	0	0.0001	0.0019	0
COG3410	S	Uncharacterized conserved protein, DUF2075 family	0.0000	0.0117	0	0.0000	0.0136	0	0.0000	0.0101	0	0.9876	0.5066	1	0.0002	0.0969	0
COG3411	C	2Fe-2S ferredoxin	0.0000	0.0122	0	0.0000	0.0085	0	0.0000	0.0037	0	0.0000	0.2894	0	0.0000	0.0287	0
COG3412	T	Phosphotransferase subunit DhaM of the dihydroxyacetone kinase DhaKLM complex, contains PTS-EIIA, HPr, and PEP-utilizing domains	0.0000	0.0044	0	0.0000	0.0096	0	0.0000	0.0037	0	0.0002	0.2721	0	0.0000	0.0234	0
COG3413	R	Predicted transcriptional regulator, contains HTH domain	0.0050	0.7539	1	0.9770	0.9714	1	0.0400	0.5485	1	1.0000	0.9998	1	0.9999	0.9976	1
COG3414	G	Phosphotransferase system, galactitol-specific IIB component	0.0000	0.0096	0	0.0000	0.0034	0	0.0000	0.0065	0	0.0000	0.0088	0	0.0000	0.0092	0
COG3415	V	CRISPR-associated protein Csa3, CARF domain	0.0000	0.0735	0	0.0100	0.2454	0	0.0000	0.0430	0	0.9997	0.8915	1	0.9193	0.5542	1
COG3416	S	Uncharacterized conserved protein, DUF2076 domain	0.0000	0.0046	0	0.0000	0.0087	0	0.0000	0.0034	0	0.0000	0.0561	0	0.0000	0.0107	0
COG3417	M	Outer membrane lipoprotein LpoB, binds and activates PBP1b	0.0000	0.0011	0	0.0000	0.0006	0	0.0000	0.0013	0	0.0000	0.0018	0	0.0000	0.0008	0
COG3418	NU	Flagellar biosynthesis/type III secretory pathway chaperone FlgN	0.0000	0.0034	0	0.0000	0.0029	0	0.0000	0.0030	0	0.0000	0.0059	0	0.0000	0.0053	0
COG3419	NW	Type IV pilus assembly protein, tip-associated adhesin PilY1	0.0000	0.0034	0	0.0000	0.0056	0	0.0000	0.0052	0	0.0000	0.0088	0	0.0000	0.0058	0
COG3420	P	Nitrous oxide reductase accessory protein NosD, contains tandem CASH domains	0.0000	0.0803	0	0.9905	0.6380	1	0.0686	0.2338	0	1.0000	0.8053	1	1.0000	0.5337	1
COG3421	V	Type III restriction endonuclease	0.0000	0.0091	0	0.0000	0.0135	0	0.0000	0.0064	0	0.0000	0.0323	0	0.0000	0.0098	0
COG3422	S	Uncharacterized conserved protein YegP, UPF0339 family	0.0000	0.0210	0	0.0000	0.0197	0	0.0000	0.0147	0	0.9965	0.1886	0	0.0035	0.0706	0
COG3423	K	Predicted transcriptional regulator, lambda repressor-like DNA-binding domain	0.0000	0.0023	0	0.0000	0.0026	0	0.0000	0.0013	0	0.0000	0.0222	0	0.0000	0.0054	0
COG3424	Q	Predicted naringenin-chalcone synthase	0.0000	0.0017	0	0.0000	0.0020	0	0.0000	0.0024	0	0.0000	0.0333	0	0.0000	0.0034	0
COG3425	I	3-hydroxy-3-methylglutaryl CoA synthase	0.5950	0.9972	1	0.9800	0.9997	1	0.3400	0.9962	1	1.0000	1.0000	1	1.0000	0.9999	1
COG3426	C	Butyrate kinase	0.0000	0.0016	0	0.0000	0.0043	0	0.0000	0.0017	0	0.0000	0.0221	0	0.0000	0.0069	0
COG3427	C	Carbon monoxide dehydrogenase subunit CoxG	0.0000	0.0187	0	0.1200	0.0723	0	0.0000	0.0153	0	0.9998	0.8453	1	0.1053	0.2269	0
COG3428	S	Uncharacterized membrane protein YdbT, contains bPH2 (bacterial pleckstrin homology) domain	0.0000	0.1741	0	0.4000	0.3112	0	0.0100	0.3285	0	1.0000	0.6032	1	0.9998	0.4912	0
COG3429	G	Glucose-6-phosphate dehydrogenase assembly protein OpcA, contains a peptidoglycan-binding domain	0.0000	0.0014	0	0.0000	0.0067	0	0.0000	0.0015	0	0.0000	0.0643	0	0.0000	0.0089	0
COG3430	N	Archaeal flagellin (archaellin), FlaG/FlaF family	0.0000	0.0301	0	0.9977	0.7249	1	0.0100	0.0651	0	1.0000	0.5939	1	0.8587	0.5481	1
COG3431	S	Uncharacterized membrane protein, DUF373 family	0.0000	0.2080	0	0.2990	0.7049	1	0.0000	0.0743	0	0.1920	0.9607	1	0.0010	0.7224	1
COG3432	K	Predicted transcriptional regulator	0.0350	0.5718	1	0.6051	0.9863	1	0.0000	0.4106	0	1.0000	0.9747	1	1.0000	0.9944	1
COG3433	IQ	Acyl carrier protein/domain	0.0000	0.0002	0	0.0000	0.0007	0	0.0000	0.0002	0	0.0000	0.0032	0	0.0000	0.0012	0
COG3434	T	c-di-GMP phosphodiesterase YuxH/PdeH, contains EAL and HDOD domains	0.0000	0.0018	0	0.0000	0.0034	0	0.0000	0.0014	0	0.0000	0.0108	0	0.0000	0.0055	0
COG3435	Q	Gentisate 1,2-dioxygenase	0.0000	0.0050	0	0.0000	0.0047	0	0.0000	0.0046	0	0.0002	0.1262	0	0.0000	0.0135	0
COG3436	X	Transposase	0.0000	0.0227	0	0.0700	0.1183	0	0.0000	0.0185	0	0.9238	0.4985	0	0.0227	0.0892	0
COG3437	T	Response regulator c-di-GMP phosphodiesterase, RpfG family, contains REC and HD-GYP domains	0.0000	0.0260	0	0.0000	0.0253	0	0.0000	0.0334	0	0.0000	0.2262	0	0.0000	0.0208	0
COG3439	S	Uncharacterized conserved protein, DUF302 family	0.0000	0.0852	0	0.0600	0.4937	0	0.0000	0.0402	0	1.0000	0.9983	1	0.9225	0.8737	1
COG3440	V	Predicted restriction endonuclease	0.0000	0.0244	0	0.0397	0.0810	0	0.0000	0.0138	0	0.0009	0.3334	0	0.0000	0.0175	0
COG3442	R	Glutamine amidotransferase related to the GATase domain of CobQ	0.0000	0.0023	0	0.0000	0.0127	0	0.0000	0.0013	0	0.0000	0.1492	0	0.0000	0.0209	0
COG3443	P	Periplasmic Zn/Cd-binding protein ZinT	0.0000	0.0021	0	0.0000	0.0047	0	0.0000	0.0019	0	0.0000	0.0069	0	0.0000	0.0052	0
COG3444	G	Phosphotransferase system, mannose/fructose/N-acetylgalactosamine-specific component IIB	0.0000	0.0015	0	0.0000	0.0012	0	0.0000	0.0022	0	0.0000	0.0019	0	0.0000	0.0014	0
COG3445	H	Autonomous glycyl radical cofactor GrcA	0.0000	0.0013	0	0.0000	0.0026	0	0.0000	0.0008	0	0.0000	0.0437	0	0.0000	0.0050	0
COG3447	T	Integral membrane sensor domain MASE1	0.0000	0.0038	0	0.0000	0.0082	0	0.0000	0.0060	0	0.0000	0.0400	0	0.0000	0.0170	0
COG3448	T	CBS-domain-containing membrane protein	0.0000	0.0333	0	0.0000	0.0170	0	0.0000	0.0268	0	0.0000	0.0358	0	0.0000	0.0147	0
COG3449	L	DNA gyrase inhibitor GyrI/SbmC	0.0000	0.0094	0	0.0000	0.0033	0	0.0000	0.0132	0	0.0000	0.0066	0	0.0000	0.0040	0
COG3450	R	Predicted enzyme of the cupin superfamily	0.0000	0.0324	0	0.0000	0.0112	0	0.0000	0.0272	0	0.0000	0.0577	0	0.0000	0.0507	0
COG3451	U	Type IV secretory pathway, VirB4 component	0.0000	0.0222	0	0.0000	0.0017	0	0.0000	0.0148	0	0.9996	0.0604	0	0.0000	0.0019	0
COG3452	T	Extracellular (periplasmic) sensor domain CHASE (specificity unknown)	0.0000	0.0006	0	0.0000	0.0012	0	0.0000	0.0005	0	0.0000	0.0088	0	0.0000	0.0020	0
COG3453	R	Predicted phosphohydrolase, protein tyrosine phosphatase (PTP) superfamily, DUF442 family	0.0000	0.0013	0	0.0000	0.0031	0	0.0000	0.0006	0	0.0000	0.0430	0	0.0000	0.0090	0
COG3454	P	Alpha-D-ribose 1-methylphosphonate 5-triphosphate diphosphatase PhnM	0.0000	0.0087	0	0.0000	0.0019	0	0.0000	0.0047	0	0.0004	0.0801	0	0.0000	0.0036	0
COG3455	U	Type VI protein secretion system component TssL/VasF/DotU	0.0000	0.0006	0	0.0000	0.0009	0	0.0000	0.0007	0	0.0000	0.0022	0	0.0000	0.0012	0
COG3456	TU	Predicted component of the type VI protein secretion system, contains a FHA domain	0.0000	0.0000	0	0.0000	0.0006	0	0.0000	0.0000	0	0.0000	0.0035	0	0.0000	0.0009	0
COG3457	E	Predicted amino acid racemase	0.0000	0.0093	0	0.0000	0.0097	0	0.0000	0.0096	0	0.0000	0.0547	0	0.0000	0.0253	0
COG3458	Q	Cephalosporin-C deacetylase or related acetyl esterase	0.0000	0.0041	0	0.0000	0.0044	0	0.0000	0.0039	0	0.0000	0.0406	0	0.0000	0.0054	0
COG3459	G	Cellobiose phosphorylase	0.0000	0.0205	0	0.0000	0.0041	0	0.0000	0.0148	0	0.0000	0.0072	0	0.0000	0.0043	0
COG3460	Q	1,2-phenylacetyl-CoA epoxidase, PaaB subunit	0.0000	0.0004	0	0.0000	0.0016	0	0.0000	0.0006	0	0.0235	0.0866	0	0.0000	0.0050	0
COG3461	S	Uncharacterized conserved protein	0.0000	0.0091	0	0.2400	0.1561	0	0.0000	0.0120	0	0.7439	0.6032	1	0.0024	0.1229	0
COG3462	S	Uncharacterized protein, contains short C-terminal (SHOCT) domain	0.0000	0.0155	0	0.5936	0.5244	1	0.0000	0.0171	0	0.9523	0.9418	1	0.1305	0.4569	0
COG3463	S	Uncharacterized membrane protein	0.0000	0.1074	0	0.8138	0.6436	1	0.0000	0.0802	0	0.9557	0.8598	1	0.0501	0.4721	0
COG3464	X	Transposase	0.0000	0.0265	0	0.0000	0.0307	0	0.0000	0.0197	0	0.5638	0.4698	0	0.0002	0.0958	0
COG3465	S	Uncharacterized conserved protein YwgA	0.0000	0.1471	0	0.4258	0.6579	1	0.0000	0.1143	0	0.9983	0.8649	1	0.0008	0.5292	1
COG3466	X	Putative transposon-encoded protein	0.0000	0.0589	0	0.3404	0.8336	1	0.0000	0.0338	0	0.0447	0.7885	1	0.0134	0.6856	1
COG3467	V	Nitroimidazole reductase NimA or a related FMN-containing flavoprotein, pyridoxamine 5'-phosphate oxidase superfamily	0.0000	0.2327	0	0.1536	0.4904	0	0.0000	0.1034	0	1.0000	0.9692	1	1.0000	0.8998	1
COG3468	MU	Autotransporter adhesin AidA	0.0000	0.0046	0	0.0000	0.0026	0	0.0000	0.0030	0	0.0000	0.0121	0	0.0000	0.0033	0
COG3469	G	Chitinase	0.0000	0.0019	0	0.0000	0.0016	0	0.0000	0.0016	0	0.0000	0.0026	0	0.0000	0.0010	0
COG3470	MI	Uncharacterized conserved protein probably involved in high-affinity Fe2+ transport	0.0000	0.0004	0	0.0000	0.0004	0	0.0000	0.0003	0	0.0010	0.0032	0	0.0000	0.0003	0
COG3471	S	Predicted secreted (periplasmic) protein	0.0000	0.0013	0	0.0000	0.0027	0	0.0000	0.0010	0	0.0000	0.0105	0	0.0000	0.0040	0
COG3472	S	Uncharacterized conserved protein domain, often C-terminal to DUF262	0.0000	0.0044	0	0.0300	0.0421	0	0.0000	0.0025	0	0.0012	0.2036	0	0.0000	0.0143	0
COG3473	Q	Maleate cis-trans isomerase	0.0000	0.1259	0	0.3300	0.2018	0	0.0000	0.0597	0	1.0000	0.8047	1	0.9758	0.7097	1
COG3474	C	Cytochrome c2	0.0000	0.0022	0	0.0000	0.0016	0	0.0000	0.0017	0	0.0000	0.0028	0	0.0000	0.0013	0
COG3475	I	Phosphorylcholine metabolism protein LicD	0.0000	0.0069	0	0.0200	0.0081	0	0.0000	0.0052	0	0.0101	0.0061	0	0.0000	0.0011	0
COG3476	T	Tryptophan-rich sensory protein TspO/CrtK (mitochondrial benzodiazepine receptor homolog)	0.0000	0.0394	0	0.4500	0.1385	0	0.0000	0.0212	0	0.9995	0.3542	0	0.9495	0.1999	0
COG3477	S	Uncharacterized membrane protein YagU, involved in acid resistance, DUF1440 family	0.0000	0.0004	0	0.0000	0.0014	0	0.0000	0.0004	0	0.0000	0.0084	0	0.0000	0.0026	0
COG3478	R	Predicted nucleic-acid-binding protein, contains Zn-ribbon domain	0.0000	0.0618	0	0.0000	0.0572	0	0.0000	0.0348	0	0.5315	0.7445	1	0.0005	0.2896	0
COG3479	Q	Phenolic acid decarboxylase	0.0000	0.0014	0	0.0000	0.0018	0	0.0000	0.0007	0	0.0000	0.0115	0	0.0000	0.0026	0
COG3480	T	Predicted secreted protein YlbL, contains PDZ domain	0.0000	0.0072	0	0.0000	0.0239	0	0.0000	0.0094	0	0.0000	0.0632	0	0.0000	0.0285	0
COG3481	J	3'-5' exoribonuclease YhaM, can participate in 23S rRNA maturation,  HD superfamily	0.0000	0.2067	0	0.5300	0.6412	1	0.0000	0.1923	0	1.0000	0.5635	1	0.9925	0.6933	1
COG3482	S	Uncharacterized conserved protein	0.0000	0.0567	0	0.0100	0.4003	0	0.0000	0.0335	0	0.9200	0.8180	1	0.0055	0.2341	0
COG3483	E	Tryptophan 2,3-dioxygenase (vermilion)	0.0000	0.0009	0	0.0000	0.0009	0	0.0000	0.0017	0	0.0000	0.0076	0	0.0000	0.0013	0
COG3484	O	Predicted proteasome-type protease	0.0000	0.0012	0	0.0000	0.0046	0	0.0000	0.0008	0	0.0000	0.0186	0	0.0000	0.0069	0
COG3485	Q	Protocatechuate 3,4-dioxygenase beta subunit	0.0000	0.0029	0	0.0000	0.0020	0	0.0000	0.0031	0	0.0000	0.1183	0	0.0000	0.0051	0
COG3486	Q	Lysine/ornithine N-monooxygenase	0.0000	0.0047	0	0.0100	0.0317	0	0.0000	0.0030	0	0.0005	0.2332	0	0.0000	0.0178	0
COG3487	S	Imelysin-like iron-regulated protein IrpA, duplicated M75 peptidase-like domain	0.0000	0.0008	0	0.0000	0.0004	0	0.0000	0.0006	0	0.0000	0.0011	0	0.0000	0.0006	0
COG3488	R	Uncharacterized conserved protein with two CxxC motifs, DUF1111 family	0.0000	0.0005	0	0.0000	0.0002	0	0.0000	0.0003	0	0.0000	0.0005	0	0.0000	0.0002	0
COG3489	R	Imelysin-like iron-regulated protein IrpA, duplicated M75 peptidase-like domain	0.0000	0.0020	0	0.0000	0.0016	0	0.0000	0.0017	0	0.0000	0.0026	0	0.0000	0.0017	0
COG3490	S	Uncharacterized conserved protein, DUF1513 domain	0.0000	0.0010	0	0.0000	0.0012	0	0.0000	0.0008	0	0.0000	0.0041	0	0.0000	0.0020	0
COG3491	Q	Isopenicillin N synthase and related dioxygenases	0.0000	0.0007	0	0.0000	0.0003	0	0.0000	0.0008	0	0.0000	0.0009	0	0.0000	0.0005	0
COG3492	S	Uncharacterized conserved protein, DUF1244 family	0.0000	0.0037	0	0.0000	0.0114	0	0.0000	0.0039	0	0.0000	0.0122	0	0.0000	0.0108	0
COG3493	C	Na+/citrate or Na+/malate symporter	0.0000	0.0004	0	0.0000	0.0006	0	0.0000	0.0004	0	0.0000	0.0024	0	0.0000	0.0008	0
COG3494	S	Uncharacterized conserved protein, DUF1009 family	0.0000	0.0011	0	0.0000	0.0018	0	0.0000	0.0010	0	0.0000	0.0032	0	0.0000	0.0014	0
COG3495	S	Uncharacterized conserved protein, DUF3299 family	0.0000	0.0009	0	0.0000	0.0010	0	0.0000	0.0008	0	0.0000	0.0024	0	0.0000	0.0009	0
COG3496	S	Uncharacterized conserved protein, DUF1365 family	0.0000	0.0008	0	0.0000	0.0005	0	0.0000	0.0007	0	0.0000	0.0012	0	0.0000	0.0007	0
COG3497	X	Phage tail sheath protein FI	0.0000	0.0168	0	0.0000	0.0070	0	0.0000	0.0163	0	0.0000	0.0736	0	0.0000	0.0097	0
COG3498	X	Phage tail tube protein FII	0.0000	0.0015	0	0.0000	0.0007	0	0.0000	0.0017	0	0.0000	0.0008	0	0.0000	0.0007	0
COG3499	X	Phage protein U	0.0000	0.0012	0	0.0000	0.0007	0	0.0000	0.0013	0	0.0000	0.0006	0	0.0000	0.0006	0
COG3500	X	Phage protein D	0.0000	0.0088	0	0.0000	0.0051	0	0.0000	0.0061	0	0.0000	0.0328	0	0.0000	0.0041	0
COG3501	UXR	Uncharacterized conserved protein VgrG, implicated in type VI secretion and phage assembly	0.0000	0.0082	0	0.0595	0.0131	0	0.0000	0.0054	0	0.0451	0.1157	0	0.0031	0.0101	0
COG3502	S	Uncharacterized conserved protein, DUF952 family	0.0000	0.0119	0	0.0000	0.0044	0	0.0000	0.0074	0	0.0000	0.0133	0	0.0000	0.0055	0
COG3503	S	Uncharacterized membrane protein, DUF1624 family	0.0100	0.4797	0	0.3800	0.7971	1	0.0100	0.2260	0	0.5568	0.8408	1	0.3352	0.6438	1
COG3504	U	Type IV secretory pathway, VirB9 components	0.0000	0.0013	0	0.0000	0.0003	0	0.0000	0.0012	0	0.0000	0.0003	0	0.0000	0.0002	0
COG3505	U	Type IV secretory pathway, VirD4 component, TraG/TraD family ATPase	0.0000	0.0042	0	0.0200	0.0015	0	0.0000	0.0032	0	0.9992	0.0117	0	0.0002	0.0009	0
COG3506	S	Regulation of enolase protein 1 (function unknown), concanavalin A-like superfamily	0.0000	0.0034	0	0.0000	0.0015	0	0.0000	0.0027	0	0.0000	0.0190	0	0.0000	0.0038	0
COG3507	G	Beta-xylosidase	0.0000	0.0049	0	0.0000	0.0007	0	0.0000	0.0035	0	0.0000	0.0044	0	0.0000	0.0004	0
COG3508	Q	Homogentisate 1,2-dioxygenase	0.0000	0.0007	0	0.0000	0.0007	0	0.0000	0.0013	0	0.9022	0.0789	0	0.0018	0.0079	0
COG3509	G	Acetyl xylan esterase AxeA and related esterases, LpqC family	0.0000	0.0062	0	0.0000	0.0019	0	0.0000	0.0066	0	0.0000	0.0239	0	0.0000	0.0019	0
COG3510	V	Cephalosporin hydroxylase	0.0000	0.0101	0	0.0000	0.0087	0	0.0000	0.0071	0	0.0000	0.0215	0	0.0000	0.0094	0
COG3511	M	Phospholipase C	0.0000	0.0043	0	0.0000	0.0124	0	0.0000	0.0064	0	0.0419	0.1528	0	0.0012	0.0521	0
COG3512			0.0000	0.0008	0	0.0000	0.0004	0	0.0000	0.0005	0	0.0000	0.0003	0	0.0000	0.0002	0
COG3513	V	CRISPR-Cas system type-II protein Cas9	0.0000	0.0011	0	0.0100	0.0044	0	0.0000	0.0007	0	0.0000	0.0008	0	0.0000	0.0004	0
COG3514	S	Uncharacterized conserved protein, DUF4415 family	0.0000	0.0011	0	0.0000	0.0012	0	0.0000	0.0011	0	0.0000	0.0052	0	0.0000	0.0020	0
COG3515	U	Type VI protein secretion system component TssA1/VasJ/EvfE, contains ImpA_N domain	0.0000	0.0013	0	0.0000	0.0009	0	0.0000	0.0016	0	0.0000	0.0011	0	0.0000	0.0011	0
COG3516	U	Predicted component TssA of the type VI protein secretion system	0.0000	0.0017	0	0.0000	0.0008	0	0.0000	0.0016	0	0.0000	0.0015	0	0.0000	0.0010	0
COG3517	U	Predicted component TssB of the type VI protein secretion system, VipA/VipB/TssB family	0.0000	0.0019	0	0.0000	0.0011	0	0.0000	0.0023	0	0.0000	0.0028	0	0.0000	0.0018	0
COG3518	U	Predicted component of the type VI protein secretion system	0.0000	0.0016	0	0.0000	0.0012	0	0.0000	0.0016	0	0.0000	0.0070	0	0.0000	0.0019	0
COG3519	U	Type VI protein secretion system component VasA	0.0000	0.0022	0	0.0000	0.0014	0	0.0000	0.0019	0	0.0000	0.0017	0	0.0000	0.0013	0
COG3520	U	Predicted component of the type VI protein secretion system	0.0000	0.0020	0	0.0000	0.0012	0	0.0000	0.0016	0	0.0000	0.0019	0	0.0000	0.0013	0
COG3521	U	Predicted component of the type VI protein secretion system	0.0000	0.0017	0	0.0000	0.0011	0	0.0000	0.0015	0	0.0000	0.0040	0	0.0000	0.0020	0
COG3522	U	Predicted component of the type VI protein secretion system	0.0000	0.0017	0	0.0000	0.0006	0	0.0000	0.0012	0	0.0000	0.0012	0	0.0000	0.0007	0
COG3523	U	Type VI protein secretion system component VasK	0.0000	0.0013	0	0.0000	0.0006	0	0.0000	0.0018	0	0.0000	0.0007	0	0.0000	0.0007	0
COG3524	M	Capsule polysaccharide export protein KpsE/RkpR	0.0000	0.0013	0	0.0000	0.0017	0	0.0000	0.0013	0	0.0000	0.0022	0	0.0000	0.0013	0
COG3525	G	N-acetyl-beta-hexosaminidase	0.0000	0.0110	0	0.0300	0.0122	0	0.0000	0.0101	0	0.7991	0.1336	0	0.0078	0.0224	0
COG3526	R	Predicted selenoprotein, Rdx family	0.0000	0.0022	0	0.0000	0.0022	0	0.0000	0.0018	0	0.7231	0.1153	0	0.0011	0.0177	0
COG3527	Q	Alpha-acetolactate decarboxylase	0.0000	0.0298	0	0.0000	0.0432	0	0.0000	0.0197	0	0.0111	0.4466	0	0.0000	0.0550	0
COG3528	S	Uncharacterized conserved protein, DUF2219 family	0.0000	0.0007	0	0.0000	0.0014	0	0.0000	0.0007	0	0.0000	0.0044	0	0.0000	0.0022	0
COG3529	R	Predicted nucleic-acid-binding protein, contains Zn-ribbon domain	0.0000	0.0004	0	0.0000	0.0027	0	0.0000	0.0005	0	0.0000	0.0161	0	0.0000	0.0058	0
COG3530	S	Uncharacterized conserved protein, DUF3820 family	0.0000	0.0057	0	0.0000	0.0040	0	0.0000	0.0044	0	0.0000	0.0221	0	0.0000	0.0081	0
COG3531	O	Predicted protein-disulfide isomerase, contains CxxC motif	0.0000	0.0004	0	0.0000	0.0005	0	0.0000	0.0003	0	0.0000	0.0040	0	0.0000	0.0010	0
COG3533	G	Beta-L-arabinofuranosidase, GH127 family	0.0000	0.0193	0	0.0000	0.0083	0	0.0000	0.0211	0	0.7293	0.3308	0	0.0085	0.1027	0
COG3534	G	Alpha-L-arabinofuranosidase	0.0000	0.0278	0	0.0200	0.0554	0	0.0000	0.0287	0	0.0005	0.2503	0	0.0000	0.0196	0
COG3535	S	Uncharacterized conserved protein, DUF917 family	0.0000	0.1015	0	0.6300	0.4929	0	0.0000	0.0861	0	1.0000	0.7765	1	0.7668	0.7377	1
COG3536	S	Uncharacterized conserved protein, DUF971 family	0.0000	0.0019	0	0.0000	0.0021	0	0.0000	0.0021	0	0.0000	0.0109	0	0.0000	0.0038	0
COG3537	G	Putative alpha-1,2-mannosidase	0.0000	0.0035	0	0.0000	0.0009	0	0.0000	0.0043	0	0.0000	0.0035	0	0.0000	0.0009	0
COG3538	S	Meiotically up-regulated gene 157 (Mug157) protein (function unknown)	0.0000	0.0020	0	0.0000	0.0012	0	0.0000	0.0018	0	0.0000	0.0019	0	0.0000	0.0013	0
COG3539	N	Pilin (type 1 fimbrial protein)	0.0000	0.0004	0	0.0000	0.0008	0	0.0000	0.0004	0	0.0000	0.0031	0	0.0000	0.0014	0
COG3540	P	Phosphodiesterase/alkaline phosphatase D	0.0350	0.0276	0	0.0000	0.0095	0	0.0000	0.0087	0	0.0000	0.1409	0	0.0000	0.0113	0
COG3541	R	Predicted nucleotidyltransferase YcgL	0.0000	0.0209	0	0.0000	0.0056	0	0.0000	0.0084	0	0.0000	0.0224	0	0.0000	0.0038	0
COG3542	R	Predicted sugar epimerase, cupin superfamily	0.0000	0.0049	0	0.0000	0.0025	0	0.0000	0.0055	0	0.0000	0.0559	0	0.0000	0.0071	0
COG3543	S	Uncharacterized conserved protein, DUF1284 domain	0.0000	0.1209	0	0.1000	0.5784	1	0.0000	0.0351	0	0.1376	0.8594	1	0.0005	0.6125	1
COG3544	S	Uncharacterized conserved protein, DUF305 family	0.0000	0.0011	0	0.0000	0.0006	0	0.0000	0.0009	0	0.0000	0.0677	0	0.0000	0.0009	0
COG3545	R	Predicted esterase of the alpha/beta hydrolase fold	0.0000	0.0005	0	0.0000	0.0001	0	0.0000	0.0009	0	0.0000	0.0000	0	0.0000	0.0000	0
COG3546	P	Mn-containing catalase (includes spore coat protein CotJC)	0.0000	0.0155	0	0.0300	0.0360	0	0.0000	0.0176	0	0.0002	0.1524	0	0.0000	0.0089	0
COG3547	X	Transposase	0.0000	0.0821	0	0.0600	0.2457	0	0.0000	0.0816	0	1.0000	0.8776	1	0.9957	0.5591	1
COG3548	S	Uncharacterized membrane protein	0.0000	0.0178	0	0.0000	0.0349	0	0.0000	0.0119	0	0.0970	0.3620	0	0.0000	0.0274	0
COG3549	V	Plasmid maintenance system killer protein	0.0000	0.0010	0	0.0000	0.0016	0	0.0000	0.0010	0	0.0000	0.0086	0	0.0000	0.0028	0
COG3550	T	Serine/threonine protein kinase HipA, toxin component of the HipAB toxin-antitoxin module	0.0000	0.0027	0	0.0000	0.0002	0	0.0000	0.0016	0	0.0000	0.0002	0	0.0000	0.0002	0
COG3551	S	Uncharacterized conserved protein	0.0000	0.0079	0	0.0000	0.0114	0	0.0000	0.0085	0	0.0000	0.0384	0	0.0000	0.0107	0
COG3552	S	Uncharacterized protein CoxE, contains von Willebrand factor type A (vWA) domain	0.0000	0.0341	0	0.0000	0.0627	0	0.0000	0.0225	0	0.9940	0.8633	1	0.0222	0.3196	0
COG3553	S	Uncharacterized conserved protein, DUF2218 domain	0.0000	0.0011	0	0.0000	0.0020	0	0.0000	0.0007	0	0.0000	0.0116	0	0.0000	0.0039	0
COG3554	S	Uncharacterized conserved protein	0.0000	0.0061	0	0.0000	0.0088	0	0.0000	0.0050	0	0.0000	0.2489	0	0.0000	0.0357	0
COG3555	O	Aspartyl/asparaginyl beta-hydroxylase, cupin superfamily	0.0000	0.0009	0	0.0000	0.0008	0	0.0000	0.0008	0	0.0000	0.0030	0	0.0000	0.0009	0
COG3556	S	Uncharacterized membrane protein	0.0000	0.0006	0	0.0000	0.0021	0	0.0000	0.0009	0	0.0000	0.0083	0	0.0000	0.0036	0
COG3557	S	Uncharacterized conserved protein associated with RNAses G and E,  UPF0374/DUF402 family	0.0000	0.0013	0	0.0000	0.0039	0	0.0000	0.0017	0	0.0000	0.0164	0	0.0000	0.0063	0
COG3558	S	Uncharacterized conserved protein, nuclear transport factor 2 (NTF2) superfamily	0.0000	0.0054	0	0.0000	0.0091	0	0.0000	0.0032	0	0.0000	0.0743	0	0.0000	0.0132	0
COG3559	U	Putative exporter of oligosaccharides and polyketide antibiotics DrrB/NodJ, ABC-2 family	0.0000	0.0037	0	0.0000	0.0107	0	0.0000	0.0030	0	0.0000	0.2371	0	0.0000	0.0196	0
COG3560	R	Fatty acid repression mutant protein (predicted oxidoreductase)	0.0000	0.0010	0	0.0000	0.0012	0	0.0000	0.0009	0	0.0000	0.0058	0	0.0000	0.0014	0
COG3561	X	Phage anti-repressor protein Ant	0.0000	0.0016	0	0.0000	0.0011	0	0.0000	0.0015	0	0.0000	0.0019	0	0.0000	0.0010	0
COG3562	M	Capsule polysaccharide modification protein KpsS	0.0000	0.0067	0	0.0000	0.0049	0	0.0000	0.0084	0	0.0000	0.0100	0	0.0000	0.0052	0
COG3563	M	Capsule polysaccharide export protein KpsC/LpsZ	0.0000	0.0040	0	0.0000	0.0052	0	0.0000	0.0035	0	0.0000	0.0071	0	0.0000	0.0041	0
COG3564	S	Uncharacterized conserved protein, DUF779 family	0.0000	0.0018	0	0.0000	0.0019	0	0.0000	0.0012	0	0.0000	0.0256	0	0.0000	0.0028	0
COG3565	R	Predicted dioxygenase of extradiol dioxygenase family	0.0000	0.0008	0	0.0000	0.0014	0	0.0000	0.0007	0	0.0000	0.0074	0	0.0000	0.0025	0
COG3566	S	Uncharacterized conserved protein, DUF2213 domain	0.0000	0.0013	0	0.0000	0.0012	0	0.0000	0.0012	0	0.0000	0.0023	0	0.0000	0.0011	0
COG3567	S	Uncharacterized conserved protein, DUF1073 domain	0.0000	0.0062	0	0.0000	0.0052	0	0.0000	0.0065	0	0.0000	0.0132	0	0.0000	0.0061	0
COG3568	R	Metal-dependent hydrolase, endonuclease/exonuclease/phosphatase family	0.0000	0.0118	0	0.1500	0.0068	0	0.0000	0.0128	0	0.9859	0.0746	0	0.0210	0.0070	0
COG3569	L	DNA topoisomerase IB	0.0000	0.0169	0	0.1700	0.0307	0	0.0000	0.0730	0	0.9992	0.0287	0	0.8648	0.0545	0
COG3570	V	Streptomycin 6-kinase	0.0000	0.0002	0	0.0000	0.0002	0	0.0000	0.0002	0	0.0000	0.0026	0	0.0000	0.0004	0
COG3571	R	Predicted hydrolase of the alpha/beta-hydrolase fold	0.0000	0.0064	0	0.0100	0.0128	0	0.0000	0.0071	0	0.9868	0.1361	0	0.0047	0.0216	0
COG3572	H	Gamma-glutamylcysteine synthetase	0.0000	0.0008	0	0.0000	0.0001	0	0.0000	0.0011	0	0.0000	0.0002	0	0.0000	0.0002	0
COG3573	R	Predicted oxidoreductase	0.0000	0.0004	0	0.0000	0.0009	0	0.0000	0.0002	0	0.0000	0.0191	0	0.0000	0.0021	0
COG3575	S	Uncharacterized conserved protein	0.0000	0.0008	0	0.0000	0.0006	0	0.0000	0.0008	0	0.0000	0.0084	0	0.0000	0.0011	0
COG3576	R	Predicted flavin-nucleotide-binding protein, pyridoxine 5'-phosphate oxidase superfamily	0.0000	0.2969	0	0.7900	0.7097	1	0.0000	0.2068	0	1.0000	0.8412	1	0.9592	0.6919	1
COG3577	R	Predicted aspartyl protease	0.0000	0.0134	0	0.0000	0.0038	0	0.0000	0.0086	0	0.0000	0.0103	0	0.0000	0.0040	0
COG3579	E	Aminopeptidase C	0.0000	0.0023	0	0.0000	0.0027	0	0.0000	0.0023	0	0.0000	0.0109	0	0.0000	0.0037	0
COG3580	R	Predicted nucleotide-binding protein, sugar kinase/HSP70/actin superfamily	0.0000	0.0187	0	0.0000	0.0229	0	0.0000	0.0113	0	0.5110	0.5473	1	0.0094	0.2007	0
COG3581	R	Predicted nucleotide-binding protein, sugar kinase/HSP70/actin superfamily	0.0000	0.0158	0	0.0000	0.0166	0	0.0000	0.0124	0	0.0000	0.1655	0	0.0000	0.0526	0
COG3582	V	CDC48-associated ubiquitin-like protein CUZ1, contains AN1-type Zn-finger (protection from As/Sb toxicity)	0.0000	0.0463	0	0.7148	0.5734	1	0.0000	0.0396	0	0.9999	0.5593	1	0.0237	0.3311	0
COG3583	S	Uncharacterized conserved protein YabE, contains G5 and tandem DUF348 domains	0.0000	0.0027	0	0.0000	0.0023	0	0.0000	0.0018	0	0.0000	0.0178	0	0.0000	0.0054	0
COG3584	S	3D (Asp-Asp-Asp) domain, usually in lytic transglycosylases	0.0000	0.0018	0	0.0000	0.0010	0	0.0000	0.0018	0	0.0000	0.0144	0	0.0000	0.0013	0
COG3585	H	Molybdopterin-binding protein MopI	0.0000	0.2306	0	0.0000	0.2958	0	0.0000	0.2597	0	1.0000	0.9388	1	0.9996	0.8758	1
COG3586	R	Uncharacterized protein domain, C-terminal to COG1479 DNAse/DNA nickase	0.0000	0.1078	0	0.0400	0.3858	0	0.0000	0.0693	0	0.0139	0.6657	1	0.0004	0.4192	0
COG3587	V	Restriction endonuclease, type III RM system	0.0000	0.0116	0	0.0500	0.0918	0	0.0000	0.0077	0	0.0003	0.1340	0	0.0000	0.0054	0
COG3588	G	Fructose-bisphosphate aldolase class 1	0.0000	0.0011	0	0.0000	0.0003	0	0.0000	0.0014	0	0.0000	0.0005	0	0.0000	0.0002	0
COG3589	S	Uncharacterized conserved protein, DUF871 domain	0.0000	0.0029	0	0.0000	0.0014	0	0.0000	0.0034	0	0.0026	0.0086	0	0.0000	0.0017	0
COG3590	O	Predicted metalloendopeptidase	0.0000	0.0035	0	0.0400	0.0044	0	0.0000	0.0023	0	0.9831	0.0169	0	0.0003	0.0020	0
COG3591	O	V8-like Glu-specific endopeptidase	0.0000	0.0096	0	0.0000	0.0058	0	0.0000	0.0096	0	0.0000	0.0574	0	0.0000	0.0083	0
COG3592	S	Uncharacterized Fe-S cluster protein YjdI	0.0000	0.0033	0	0.0100	0.0323	0	0.0000	0.0021	0	0.0025	0.0841	0	0.0000	0.0081	0
COG3593	L	Predicted ATP-dependent endonuclease of the OLD family, contains P-loop ATPase and TOPRIM domains	0.0100	0.2734	0	0.6800	0.3731	0	0.0000	0.0741	0	0.9875	0.5755	1	0.0010	0.1972	0
COG3594	G	Fucose 4-O-acetylase or related acetyltransferase	0.0000	0.0145	0	0.0000	0.0083	0	0.0000	0.0116	0	0.0022	0.1022	0	0.0004	0.0700	0
COG3595	S	Uncharacterized conserved protein YvlB, contains  DUF4097 and DUF4098 domains	0.0000	0.0320	0	0.1600	0.0998	0	0.0000	0.0121	0	0.9999	0.6837	1	0.4133	0.3023	0
COG3596	R	Predicted GTPase	0.0000	0.0008	0	0.0000	0.0010	0	0.0000	0.0007	0	0.0000	0.0268	0	0.0000	0.0014	0
COG3597	S	Uncharacterized conserved protein, DUF697 family	0.0000	0.0020	0	0.0000	0.0049	0	0.0000	0.0031	0	0.0000	0.0233	0	0.0000	0.0056	0
COG3598	L	RecA-family ATPase	0.0000	0.0039	0	0.0000	0.0030	0	0.0000	0.0036	0	0.0000	0.0174	0	0.0000	0.0034	0
COG3599	D	Cell division septum initiation protein DivIVA, interacts with FtsZ and MinD	0.0000	0.0023	0	0.0000	0.0028	0	0.0000	0.0031	0	0.0000	0.0576	0	0.0000	0.0026	0
COG3600	X	Uncharacterized phage-associated protein, contains DUF4065 domain	0.0000	0.0089	0	0.0200	0.0332	0	0.0000	0.0051	0	0.9959	0.1395	0	0.0009	0.0179	0
COG3601	H	Riboflavin transporter FmnP	0.0000	0.1326	0	0.3100	0.5667	1	0.0000	0.1128	0	0.9998	0.5835	1	0.8393	0.8046	1
COG3602	T	ACT domain, ACT-3 family	0.0000	0.0059	0	0.0000	0.0050	0	0.0000	0.0073	0	0.0000	0.0115	0	0.0000	0.0084	0
COG3603	T	ACT domain, ACT-7 family	0.0000	0.0324	0	0.0100	0.1219	0	0.0000	0.0153	0	0.9998	0.6735	1	0.0197	0.2126	0
COG3604	KT	FhlA-type transcriptional regulator, contains GAF, AAA-type ATPase, and DNA-binding Fis domains	0.0000	0.0050	0	0.0000	0.0047	0	0.0000	0.0025	0	0.0000	0.0661	0	0.0000	0.0089	0
COG3605	T	Signal transduction protein containing GAF and PtsI domains	0.0000	0.0027	0	0.0000	0.0027	0	0.0000	0.0026	0	0.0000	0.0214	0	0.0000	0.0034	0
COG3607	R	Lactoylglutathione lyase-related enzyme, vicinal oxygen chelate (VOC) family	0.0000	0.0023	0	0.0000	0.0025	0	0.0000	0.0021	0	0.0000	0.0155	0	0.0000	0.0031	0
COG3608	R	Predicted deacylase	0.0000	0.2140	0	0.2386	0.1541	0	0.0000	0.0954	0	1.0000	0.7199	1	0.0872	0.2960	0
COG3609	K	Transcriptional regulator, contains Arc/MetJ-type RHH (ribbon-helix-helix) DNA-binding domain	0.0000	0.8668	1	0.4728	0.9570	1	0.0000	0.6021	1	1.0000	0.9944	1	0.9999	0.9924	1
COG3610	S	Uncharacterized membrane protein YjjB, DUF3815 family	0.0000	0.0040	0	0.0000	0.0050	0	0.0000	0.0025	0	0.0000	0.0356	0	0.0000	0.0044	0
COG3611	L	Replication initiation and membrane attachment protein DnaB	0.0000	0.0004	0	0.0000	0.0010	0	0.0000	0.0004	0	0.0000	0.0001	0	0.0000	0.0005	0
COG3612	S	Predicted DNA-binding protein AF1194, contains HTH domain, DUF2240 family	0.0000	0.2959	0	0.3500	0.5644	1	0.0000	0.1730	0	0.9961	0.8939	1	0.2556	0.5741	1
COG3613	F	Nucleoside 2-deoxyribosyltransferase	0.0000	0.0683	0	0.2032	0.3371	0	0.0000	0.0388	0	1.0000	0.5938	1	0.3715	0.2866	0
COG3614	T	Extracytoplasmic sensor domain CHASE1 (specificity unknown)	0.0050	0.0031	0	0.0000	0.0030	0	0.0000	0.0012	0	0.0000	0.0217	0	0.0000	0.0047	0
COG3615	P	Tellurite resistance protein TehB, SAM-dependent methylase, cupin superfamily	0.0000	0.0009	0	0.0000	0.0011	0	0.0000	0.0004	0	0.0000	0.0091	0	0.0000	0.0022	0
COG3616	E	D-serine deaminase, pyridoxal phosphate-dependent	0.0000	0.0102	0	0.0000	0.0175	0	0.0000	0.0141	0	0.0000	0.2384	0	0.0000	0.0724	0
COG3617	X	Prophage antirepressor	0.0000	0.0134	0	0.0000	0.0067	0	0.0000	0.0091	0	0.0000	0.0027	0	0.0000	0.0033	0
COG3618	R	Predicted metal-dependent hydrolase, TIM-barrel fold	0.0000	0.0017	0	0.0000	0.0007	0	0.0000	0.0014	0	0.0000	0.0194	0	0.0000	0.0007	0
COG3619	S	Uncharacterized membrane protein YoaK, UPF0700 family	0.0000	0.0029	0	0.0000	0.0018	0	0.0000	0.0018	0	0.0000	0.0128	0	0.0000	0.0025	0
COG3620	K	Predicted transcriptional regulator, contains an XRE-type HTH domain (archaeal members contain CBS pair)	0.0000	0.7701	1	0.1900	0.8422	1	0.0000	0.6130	1	1.0000	0.9730	1	0.9999	0.9773	1
COG3621	R	Patatin-like phospholipase/acyl hydrolase, includes sporulation protein CotR	0.0000	0.0019	0	0.0000	0.0016	0	0.0000	0.0011	0	0.0000	0.0214	0	0.0000	0.0028	0
COG3622	G	Hydroxypyruvate/dehydroerythronate isomerase, Hyi/OtnI family	0.0000	0.0020	0	0.0000	0.0013	0	0.0000	0.0021	0	0.0000	0.0779	0	0.0000	0.0049	0
COG3623	G	L-ribulose-5-phosphate 3-epimerase UlaE	0.0000	0.0006	0	0.0000	0.0011	0	0.0000	0.0007	0	0.0000	0.0050	0	0.0000	0.0025	0
COG3624	P	Alpha-D-ribose 1-methylphosphonate 5-triphosphate synthase subunit PhnG	0.0000	0.0038	0	0.0000	0.0011	0	0.0000	0.0023	0	0.0000	0.0109	0	0.0000	0.0017	0
COG3625	P	Alpha-D-ribose 1-methylphosphonate 5-triphosphate synthase subunit PhnH	0.0000	0.0110	0	0.0000	0.0023	0	0.0000	0.0051	0	0.0000	0.0495	0	0.0000	0.0044	0
COG3626	P	Alpha-D-ribose 1-methylphosphonate 5-triphosphate synthase subunit PhnI	0.0000	0.0081	0	0.0000	0.0020	0	0.0000	0.0041	0	0.0000	0.0452	0	0.0000	0.0034	0
COG3627	P	Alpha-D-ribose 1-methylphosphonate 5-phosphate C-P lyase PhnJ	0.0000	0.0095	0	0.0000	0.0018	0	0.0000	0.0047	0	0.0000	0.0331	0	0.0000	0.0032	0
COG3628	X	Phage baseplate assembly protein W	0.0000	0.0161	0	0.0300	0.0343	0	0.0000	0.0136	0	0.0278	0.1019	0	0.0001	0.0220	0
COG3629	K	DNA-binding transcriptional regulator DnrI/AfsR/EmbR, SARP family, contains BTAD domain	0.0000	0.0048	0	0.0000	0.0106	0	0.0000	0.0057	0	0.0000	0.1511	0	0.0000	0.0129	0
COG3630	C	Na+-transporting oxaloacetate/methylmalonyl-CoA decarboxylase, gamma subunit	0.0000	0.0363	0	0.0000	0.0512	0	0.0000	0.0099	0	0.1832	0.4401	0	0.0009	0.1855	0
COG3631	R	Ketosteroid isomerase-related protein	0.0000	0.0116	0	0.0000	0.0063	0	0.0000	0.0119	0	0.0162	0.2013	0	0.0000	0.0232	0
COG3633	E	Na+/serine and Na+/threonine symporter SstT	0.0000	0.0019	0	0.0000	0.0005	0	0.0000	0.0021	0	0.0000	0.0003	0	0.0000	0.0004	0
COG3634	V	Alkyl hydroperoxide reductase subunit AhpF	0.0000	0.1249	0	0.0100	0.3563	0	0.0000	0.1865	0	0.9996	0.8178	1	0.3883	0.6267	1
COG3635	G	2,3-bisphosphoglycerate-independent phosphoglycerate mutase, archeal type	0.0000	0.9843	1	0.2100	1.0000	1	0.0000	0.9697	1	1.0000	1.0000	1	1.0000	1.0000	1
COG3636	X	Uncharacterized Zn-binding protein, DUF971 domain	0.0000	0.0009	0	0.0000	0.0013	0	0.0000	0.0009	0	0.0000	0.0063	0	0.0000	0.0016	0
COG3637	M	Opacity protein LomR and related surface antigens	0.0000	0.0012	0	0.0000	0.0001	0	0.0000	0.0017	0	0.0000	0.0004	0	0.0000	0.0001	0
COG3638	P	ABC-type phosphate/phosphonate transport system, ATPase component	0.0000	0.0086	0	0.0000	0.0009	0	0.0000	0.0064	0	0.9993	0.2069	0	0.0005	0.0055	0
COG3639	P	ABC-type phosphate/phosphonate transport system, permease component	0.0000	0.0081	0	0.0000	0.0009	0	0.0000	0.0072	0	0.9998	0.1867	0	0.0046	0.0059	0
COG3640	O	CO dehydrogenase nickel-insertion accessory protein CooC1	0.0050	0.9909	1	0.9632	1.0000	1	0.0500	0.9899	1	1.0000	1.0000	1	1.0000	1.0000	1
COG3641	T	Membrane regulatory protein PfoR, PTS_EIIC_2 domain (does not regulate perfringolysin expression)	0.0000	0.0007	0	0.0000	0.0009	0	0.0000	0.0015	0	0.0004	0.0021	0	0.0000	0.0007	0
COG3642	J	tRNA A-37 threonylcarbamoyl transferase component Bud32	0.0100	0.0778	0	0.9700	0.1810	0	0.5900	0.0854	0	1.0000	0.1423	0	1.0000	0.1851	0
COG3643	E	Glutamate formiminotransferase	0.0000	0.0143	0	0.1500	0.1509	0	0.0000	0.0191	0	1.0000	0.5729	1	0.2640	0.2426	0
COG3644	S	Uncharacterized conserved protein, DUF2239 domain	0.0000	0.0008	0	0.0000	0.0027	0	0.0000	0.0005	0	0.0000	0.0329	0	0.0000	0.0066	0
COG3645	X	Phage antirepressor protein YoqD, KilAC domain	0.0000	0.0045	0	0.0000	0.0024	0	0.0000	0.0036	0	0.0000	0.0033	0	0.0000	0.0017	0
COG3646	X	Phage regulatory protein Rha	0.0000	0.0021	0	0.0000	0.0015	0	0.0000	0.0023	0	0.0000	0.0009	0	0.0000	0.0010	0
COG3647	S	Uncharacterized membrane protein YjdF	0.0000	0.0013	0	0.0000	0.0010	0	0.0000	0.0010	0	0.0000	0.0049	0	0.0000	0.0017	0
COG3648	Q	Uricase (urate oxidase)	0.0000	0.0012	0	0.0000	0.0038	0	0.0000	0.0007	0	0.0000	0.0508	0	0.0000	0.0100	0
COG3649	V	CRISPR-Cas system type I effector complex subunit Cas7,  RAMP superfamily	0.0000	0.2205	0	0.4100	0.5275	1	0.0000	0.1058	0	0.8533	0.7581	1	0.0331	0.4120	0
COG3650	S	Uncharacterized membrane protein	0.0000	0.0002	0	0.0000	0.0004	0	0.0000	0.0002	0	0.0000	0.0033	0	0.0000	0.0009	0
COG3651	S	Uncharacterized conserved protein, DUF2237 family	0.0000	0.0036	0	0.0000	0.0041	0	0.0000	0.0023	0	0.0606	0.0343	0	0.0000	0.0067	0
COG3652	S	Predicted outer membrane protein, contains DUF4142 domain	0.0000	0.0005	0	0.0000	0.0006	0	0.0000	0.0007	0	0.0000	0.0059	0	0.0000	0.0009	0
COG3653	Q	N-acyl-D-aspartate/D-glutamate deacylase	0.0000	0.0253	0	0.1900	0.0964	0	0.0000	0.0197	0	1.0000	0.6674	1	0.8335	0.5021	1
COG3654	X	Prophage maintenance system killer protein	0.0000	0.0470	0	0.0100	0.0740	0	0.0000	0.0239	0	0.9900	0.2367	0	0.0066	0.0612	0
COG3655	K	DNA-binding transcriptional regulator, XRE family	0.0000	0.0028	0	0.0000	0.0002	0	0.0000	0.0019	0	0.0000	0.0011	0	0.0000	0.0002	0
COG3656	S	Predicted periplasmic protein	0.0000	0.0024	0	0.0000	0.0018	0	0.0000	0.0019	0	0.0000	0.0033	0	0.0000	0.0025	0
COG3657	V	Putative component of the toxin-antitoxin plasmid stabilization module	0.0000	0.0011	0	0.0000	0.0016	0	0.0000	0.0011	0	0.0000	0.0043	0	0.0000	0.0022	0
COG3658	C	Cytochrome b subunit of Ni2+-dependent hydrogenase	0.0000	0.0017	0	0.0000	0.0049	0	0.0000	0.0012	0	0.0000	0.0431	0	0.0000	0.0083	0
COG3659	M	Carbohydrate-selective porin OprB	0.0000	0.0028	0	0.0000	0.0041	0	0.0000	0.0023	0	0.0000	0.0131	0	0.0000	0.0044	0
COG3660	D	Mitochondrial fission protein ELM1	0.0000	0.0028	0	0.0000	0.0036	0	0.0000	0.0025	0	0.0000	0.0067	0	0.0000	0.0049	0
COG3661	G	Alpha-glucuronidase	0.0000	0.0091	0	0.0000	0.0043	0	0.0000	0.0055	0	0.0000	0.0476	0	0.0000	0.0059	0
COG3662	S	Uncharacterized conserved protein, DUF2236 family	0.0000	0.0006	0	0.0000	0.0009	0	0.0000	0.0007	0	0.0000	0.0102	0	0.0000	0.0018	0
COG3663	L	G:T/U-mismatch repair DNA glycosylase	0.0000	0.0059	0	0.0000	0.0020	0	0.0000	0.0035	0	0.0076	0.0202	0	0.0000	0.0026	0
COG3664	G	Beta-xylosidase	0.0000	0.0085	0	0.0000	0.0053	0	0.0000	0.0082	0	0.0000	0.0339	0	0.0000	0.0066	0
COG3665	S	Uncharacterized conserved protein YcgI, DUF1989 family	0.0000	0.0034	0	0.0000	0.0060	0	0.0000	0.0034	0	0.0000	0.0459	0	0.0000	0.0110	0
COG3666	X	Transposase, IS1182 family	0.0000	0.0413	0	0.0200	0.1873	0	0.0000	0.0275	0	0.8809	0.7379	1	0.0010	0.2202	0
COG3667	P	Uncharacterized conserved protein involved in copper resistance	0.0000	0.0009	0	0.0000	0.0018	0	0.0000	0.0006	0	0.0000	0.0075	0	0.0000	0.0024	0
COG3668	X	Plasmid stabilization system protein ParE	0.0000	0.0151	0	0.0000	0.0064	0	0.0000	0.0076	0	0.0000	0.0197	0	0.0000	0.0071	0
COG3669	G	Alpha-L-fucosidase	0.0000	0.0097	0	0.0900	0.0352	0	0.0000	0.0085	0	0.0000	0.0279	0	0.0000	0.0088	0
COG3670	Q	Carotenoid cleavage dioxygenase or a related enzyme	0.0000	0.0040	0	0.0000	0.0028	0	0.0000	0.0034	0	0.0146	0.0870	0	0.0008	0.0178	0
COG3671	S	Uncharacterized membrane protein	0.0000	0.0020	0	0.0000	0.0038	0	0.0000	0.0012	0	0.0000	0.0163	0	0.0000	0.0055	0
COG3672	O	Predicted transglutaminase-like protein	0.0000	0.0094	0	0.0000	0.0053	0	0.0000	0.0109	0	0.0000	0.0078	0	0.0000	0.0069	0
COG3673	S	Uncharacterized conserved protein, PA2063/DUF2235 family	0.0000	0.0010	0	0.0000	0.0010	0	0.0000	0.0006	0	0.0000	0.0116	0	0.0000	0.0021	0
COG3675	I	Predicted lipase	0.0000	0.0022	0	0.0000	0.0013	0	0.0000	0.0016	0	0.0000	0.0026	0	0.0000	0.0011	0
COG3676	X	Transposase and inactivated derivatives	0.0000	0.0076	0	0.0000	0.0213	0	0.0000	0.0082	0	0.0000	0.0432	0	0.0000	0.0194	0
COG3677	X	Transposase InsA	0.0000	0.0744	0	0.0991	0.1884	0	0.0000	0.0442	0	0.9589	0.7363	1	0.0023	0.2094	0
COG3678	O	Periplasmic chaperone Spy, Spy/CpxP family	0.0000	0.0023	0	0.0000	0.0052	0	0.0000	0.0015	0	0.0000	0.0361	0	0.0000	0.0087	0
COG3679	T	Cell fate regulator YlbF, YheA/YmcA/DUF963 family (controls sporulation, competence, biofilm development)	0.0000	0.0336	0	0.0200	0.2972	0	0.0000	0.0156	0	0.1274	0.6273	1	0.0001	0.4873	0
COG3680	S	Uncharacterized protein, contains GIY-YIG domain	0.0000	0.0009	0	0.0000	0.0014	0	0.0000	0.0007	0	0.0000	0.0091	0	0.0000	0.0022	0
COG3681	E	L-cysteine desulfidase YhaM	0.0000	0.0231	0	0.0694	0.1633	0	0.0000	0.0167	0	0.9999	0.4020	0	0.0940	0.1106	0
COG3682	K	Transcriptional regulator, CopY/TcrY family	0.0000	0.1433	0	0.5300	0.5044	1	0.0000	0.0591	0	1.0000	0.7893	1	0.9710	0.6509	1
COG3683	R	ABC-type uncharacterized transport system, periplasmic component	0.0000	0.0041	0	0.0000	0.0042	0	0.0000	0.0026	0	0.0000	0.0140	0	0.0000	0.0066	0
COG3684	GP	Tagatose-1,6-bisphosphate/sulfofructosephosphate aldolase	0.0000	0.0058	0	0.0000	0.0036	0	0.0000	0.0077	0	0.0000	0.0234	0	0.0000	0.0083	0
COG3685	P	Ferritin-like metal-binding protein YciE	0.0000	0.0018	0	0.0000	0.0024	0	0.0000	0.0030	0	0.0000	0.0561	0	0.0000	0.0036	0
COG3686	S	Uncharacterized conserved protein, MAPEG superfamily	0.0000	0.0005	0	0.0000	0.0011	0	0.0000	0.0007	0	0.0000	0.0025	0	0.0000	0.0017	0
COG3687	R	Predicted metal-dependent hydrolase	0.0000	0.0008	0	0.0000	0.0017	0	0.0000	0.0006	0	0.0000	0.0072	0	0.0000	0.0030	0
COG3688	J	EndoRNase involved in mRNA decay, NYN (Nedd4-BP1/Rae1/YacP nuclease) family,  contains PIN domain	0.0000	0.0133	0	0.0000	0.0232	0	0.0000	0.0078	0	0.0000	0.1911	0	0.0000	0.0511	0
COG3689	S	Uncharacterized membrane protein YcgQ,  UPF0703/DUF1980 family	0.0000	0.0036	0	0.0000	0.0028	0	0.0000	0.0023	0	0.0000	0.0268	0	0.0000	0.0062	0
COG3691	S	Uncharacterized conserved protein YfcZ, UPF0381/DUF406 family	0.0000	0.0000	0	0.0000	0.0011	0	0.0000	0.0000	0	0.0000	0.0085	0	0.0000	0.0026	0
COG3692	S	Uncharacterized conserved protein YifN, PemK superfamily	0.0000	0.0004	0	0.0000	0.0009	0	0.0000	0.0004	0	0.0000	0.0025	0	0.0000	0.0014	0
COG3693	G	Endo-1,4-beta-xylanase, GH35 family	0.0000	0.0134	0	0.0000	0.0126	0	0.0000	0.0153	0	0.0179	0.1576	0	0.0008	0.0420	0
COG3694	R	ABC-type uncharacterized transport system, permease component	0.0000	0.0027	0	0.0000	0.0003	0	0.0000	0.0031	0	0.0000	0.0005	0	0.0000	0.0003	0
COG3695	K	Alkylated DNA nucleotide flippase Atl1, participates in nucleotide excision repair, Ada-like DNA-binding domain	0.0100	0.0853	0	0.0000	0.0080	0	0.0000	0.0241	0	0.0000	0.0186	0	0.0000	0.0135	0
COG3696	P	Cu/Ag efflux pump CusA	0.0000	0.0009	0	0.0000	0.0009	0	0.0000	0.0005	0	0.0000	0.0217	0	0.0000	0.0018	0
COG3697	HI	Phosphoribosyl-dephospho-CoA transferase (holo-ACP synthetase)	0.0000	0.0017	0	0.0000	0.0021	0	0.0000	0.0013	0	0.0000	0.0059	0	0.0000	0.0038	0
COG3698	S	Uncharacterized conserved protein YigE, DUF2233 family	0.0000	0.0005	0	0.0000	0.0005	0	0.0000	0.0005	0	0.0000	0.0031	0	0.0000	0.0011	0
COG3700	PR	Acid phosphatase, class B	0.0000	0.0014	0	0.0000	0.0048	0	0.0000	0.0011	0	0.0000	0.0132	0	0.0000	0.0066	0
COG3701	U	Type IV secretory pathway, TrbF component	0.0000	0.0018	0	0.0000	0.0008	0	0.0000	0.0015	0	0.0000	0.0016	0	0.0000	0.0006	0
COG3702	U	Type IV secretory pathway, VirB3 component	0.0000	0.0011	0	0.0000	0.0007	0	0.0000	0.0009	0	0.0000	0.0010	0	0.0000	0.0008	0
COG3703	P	Gamma-glutamylcyclotransferase ChaC2 (glutathione degradation)	0.0000	0.0198	0	0.0000	0.0092	0	0.0000	0.0201	0	0.0000	0.0751	0	0.0000	0.0218	0
COG3704	U	Type IV secretory pathway, VirB6 component	0.0000	0.0014	0	0.0000	0.0011	0	0.0000	0.0014	0	0.0000	0.0021	0	0.0000	0.0014	0
COG3705	E	ATP phosphoribosyltransferase regulatory subunit HisZ	0.0000	0.0137	0	0.0000	0.0060	0	0.0000	0.0235	0	0.0000	0.0171	0	0.0000	0.0081	0
COG3707	TK	Two-component response regulator, AmiR/NasT family, consists of REC and RNA-binding antiterminator (ANTAR) domains	0.0000	0.0131	0	0.0000	0.0035	0	0.0000	0.0055	0	0.0000	0.0370	0	0.0000	0.0052	0
COG3708	K	Predicted transcriptional regulator YdeE, contains AraC-type DNA-binding domain	0.0000	0.0135	0	0.0000	0.0060	0	0.0000	0.0144	0	0.0000	0.0194	0	0.0000	0.0034	0
COG3709	G	Ribose 1,5-bisphosphate kinase PhnN	0.0000	0.0070	0	0.0000	0.0048	0	0.0000	0.0096	0	0.0000	0.0198	0	0.0000	0.0140	0
COG3710	K	DNA-binding winged helix-turn-helix (wHTH) domain	0.0000	0.0011	0	0.0000	0.0018	0	0.0000	0.0010	0	0.0000	0.0151	0	0.0000	0.0029	0
COG3711	K	Transcriptional antiterminator	0.0000	0.0019	0	0.0000	0.0009	0	0.0000	0.0018	0	0.0000	0.0020	0	0.0000	0.0016	0
COG3712	PT	Periplasmic ferric-dicitrate binding protein FecR, regulates iron transport	0.0000	0.0063	0	0.0000	0.0045	0	0.0000	0.0034	0	0.0000	0.0067	0	0.0000	0.0042	0
COG3713	M	Outer membrane scaffolding protein for murein synthesis, MipA/OmpV family	0.0000	0.0006	0	0.0000	0.0007	0	0.0000	0.0004	0	0.0000	0.0036	0	0.0000	0.0016	0
COG3714	S	Uncharacterized membrane protein YhhN	0.0000	0.0028	0	0.0000	0.0028	0	0.0000	0.0028	0	0.0000	0.0326	0	0.0000	0.0127	0
COG3715	G	Phosphotransferase system, mannose/fructose/N-acetylgalactosamine-specific IIC component	0.0000	0.0009	0	0.0000	0.0005	0	0.0000	0.0014	0	0.0000	0.0005	0	0.0000	0.0005	0
COG3716	G	Phosphotransferase system, mannose/fructose/N-acetylgalactosamine-specific IID component	0.0000	0.0003	0	0.0000	0.0002	0	0.0000	0.0006	0	0.0000	0.0001	0	0.0000	0.0001	0
COG3717	G	5-keto 4-deoxyuronate isomerase	0.0000	0.0005	0	0.0000	0.0002	0	0.0000	0.0005	0	0.0000	0.0002	0	0.0000	0.0001	0
COG3718	G	5-deoxy-D-glucuronate isomerase	0.0000	0.0060	0	0.0000	0.0029	0	0.0000	0.0078	0	0.0000	0.0176	0	0.0000	0.0062	0
COG3719	J	Ribonuclease I	0.0000	0.0022	0	0.0000	0.0048	0	0.0000	0.0021	0	0.0000	0.0097	0	0.0000	0.0044	0
COG3720	P	Putative heme degradation protein	0.0000	0.0010	0	0.0000	0.0008	0	0.0000	0.0007	0	0.0000	0.0031	0	0.0000	0.0012	0
COG3721	P	Putative heme iron utilization protein	0.0000	0.0013	0	0.0000	0.0024	0	0.0000	0.0015	0	0.0000	0.0069	0	0.0000	0.0034	0
COG3722	K	DNA-binding transcriptional regulator, MltR family	0.0000	0.0024	0	0.0000	0.0037	0	0.0000	0.0019	0	0.0000	0.0205	0	0.0000	0.0058	0
COG3723	L	Recombinational DNA repair protein RecT	0.0000	0.0041	0	0.0000	0.0011	0	0.0000	0.0043	0	0.0000	0.0029	0	0.0000	0.0012	0
COG3724	E	Succinylarginine dihydrolase	0.0000	0.0006	0	0.0000	0.0005	0	0.0000	0.0003	0	0.0000	0.0011	0	0.0000	0.0008	0
COG3725	V	Membrane protein AmpE required for beta-lactamase induction	0.0000	0.0005	0	0.0000	0.0034	0	0.0000	0.0007	0	0.0000	0.0128	0	0.0000	0.0049	0
COG3726	S	Uncharacterized membrane protein Smp affecting hemolysin expression	0.0000	0.0001	0	0.0000	0.0017	0	0.0000	0.0001	0	0.0000	0.0098	0	0.0000	0.0028	0
COG3727	L	G:T-mismatch repair DNA endonuclease Vsr, very short patch repair protein	0.0000	0.0358	0	0.0500	0.0499	0	0.0000	0.0131	0	0.3507	0.1950	0	0.0022	0.0400	0
COG3728	X	Phage terminase, small subunit	0.0000	0.0015	0	0.0000	0.0006	0	0.0000	0.0014	0	0.0000	0.0017	0	0.0000	0.0006	0
COG3729	R	General stress protein YciG, contains tandem KGG domains	0.0000	0.0047	0	0.0000	0.0161	0	0.0000	0.0057	0	0.0000	0.0954	0	0.0000	0.0260	0
COG3730	G	Phosphotransferase system sorbitol-specific IIC component	0.0000	0.0008	0	0.0000	0.0010	0	0.0000	0.0007	0	0.0000	0.0023	0	0.0000	0.0019	0
COG3731	G	Phosphotransferase system sorbitol-specific IIA component	0.0000	0.0006	0	0.0000	0.0010	0	0.0000	0.0006	0	0.0000	0.0017	0	0.0000	0.0015	0
COG3732	G	Phosphotransferase system sorbitol-specific IIB component	0.0000	0.0008	0	0.0000	0.0011	0	0.0000	0.0007	0	0.0000	0.0034	0	0.0000	0.0021	0
COG3733	Q	Cu2+-containing amine oxidase	0.0000	0.0012	0	0.0100	0.0089	0	0.0000	0.0011	0	0.0004	0.1016	0	0.0000	0.0038	0
COG3734	G	2-keto-3-deoxy-galactonokinase	0.0000	0.0009	0	0.0000	0.0006	0	0.0000	0.0009	0	0.0000	0.0092	0	0.0000	0.0021	0
COG3735	S	Uncharacterized conserved protein YbaP, TraB family	0.0000	0.0017	0	0.0000	0.0004	0	0.0000	0.0013	0	0.0000	0.0005	0	0.0000	0.0004	0
COG3736	U	Type IV secretory pathway, component VirB8	0.0000	0.0009	0	0.0000	0.0009	0	0.0000	0.0007	0	0.0000	0.0008	0	0.0000	0.0009	0
COG3737	S	Uncharacterized protein, contains Mth938-like domain	0.0000	0.0027	0	0.0000	0.0040	0	0.0000	0.0017	0	0.0000	0.0237	0	0.0000	0.0132	0
COG3738	S	Uncharacterized conserved protein YijF, DUF1287 family	0.0000	0.0009	0	0.0000	0.0003	0	0.0000	0.0006	0	0.0000	0.0005	0	0.0000	0.0006	0
COG3739	S	Uncharacterized membrane protein YoaT, DUF817 family	0.0000	0.0002	0	0.0000	0.0003	0	0.0000	0.0003	0	0.0000	0.0008	0	0.0000	0.0004	0
COG3740	X	Phage head maturation protease	0.0000	0.0027	0	0.0000	0.0006	0	0.0000	0.0024	0	0.0000	0.0010	0	0.0000	0.0007	0
COG3741	E	N-formylglutamate amidohydrolase	0.0000	0.0128	0	0.0200	0.0202	0	0.0000	0.0121	0	0.0007	0.0679	0	0.0000	0.0059	0
COG3742	V	VapC family ribonuclease, contains PIN domain	0.0000	0.0014	0	0.0000	0.0023	0	0.0000	0.0010	0	0.0000	0.0158	0	0.0000	0.0044	0
COG3743	L	Predicted 5' DNA nuclease, flap endonuclease-1-like, helix-3-turn-helix (H3TH) domain	0.0000	0.0251	0	0.0000	0.0259	0	0.0000	0.0164	0	0.0370	0.3241	0	0.0004	0.1835	0
COG3744	V	PIN domain nuclease, a component of toxin-antitoxin system (PIN domain)	0.0000	0.0142	0	0.0000	0.0141	0	0.0000	0.0083	0	0.0000	0.0322	0	0.0000	0.0099	0
COG3745	UW	Flp pilus assembly protein CpaB	0.0000	0.0015	0	0.0000	0.0005	0	0.0000	0.0015	0	0.0000	0.0015	0	0.0000	0.0006	0
COG3746	P	Phosphate-selective porin	0.0000	0.0028	0	0.0000	0.0037	0	0.0000	0.0026	0	0.0000	0.0171	0	0.0000	0.0082	0
COG3747	X	Phage terminase, small subunit	0.0000	0.0016	0	0.0000	0.0017	0	0.0000	0.0015	0	0.0000	0.0055	0	0.0000	0.0019	0
COG3748	S	Uncharacterized membrane protein	0.0000	0.0003	0	0.0000	0.0004	0	0.0000	0.0004	0	0.0000	0.0003	0	0.0000	0.0005	0
COG3749	S	Uncharacterized conserved protein, DUF934 family	0.0000	0.0037	0	0.0000	0.0034	0	0.0000	0.0026	0	0.0000	0.0089	0	0.0000	0.0055	0
COG3750	S	Uncharacterized conserved protein, UPF0335 family	0.0000	0.0022	0	0.0000	0.0023	0	0.0000	0.0018	0	0.0000	0.0025	0	0.0000	0.0018	0
COG3751	JO	Proline 4-hydroxylase (includes Rps23 Pro-64 3,4-dihydroxylase Tpa1), contains SM-20 domain	0.0000	0.0023	0	0.0000	0.0009	0	0.0000	0.0025	0	0.0000	0.0034	0	0.0000	0.0009	0
COG3752	R	Steroid 5-alpha reductase family enzyme	0.0000	0.0031	0	0.0000	0.0015	0	0.0000	0.0033	0	0.0000	0.0041	0	0.0000	0.0029	0
COG3753	S	Uncharacterized conserved protein YidB, DUF937 family	0.0000	0.0006	0	0.0000	0.0015	0	0.0000	0.0007	0	0.0000	0.0070	0	0.0000	0.0027	0
COG3754	M	Lipopolysaccharide biosynthesis protein	0.0000	0.0011	0	0.0000	0.0009	0	0.0000	0.0009	0	0.0000	0.0015	0	0.0000	0.0009	0
COG3755	S	Uncharacterized conserved protein YecT, DUF1311 family	0.0000	0.0008	0	0.0000	0.0009	0	0.0000	0.0005	0	0.0000	0.0045	0	0.0000	0.0009	0
COG3756	S	Uncharacterized conserved protein YdaU, DUF1376 family	0.0000	0.0005	0	0.0000	0.0005	0	0.0000	0.0006	0	0.0000	0.0023	0	0.0000	0.0010	0
COG3757	M	Lyzozyme M1 (1,4-beta-N-acetylmuramidase), GH25 family	0.0000	0.0007	0	0.0000	0.0002	0	0.0000	0.0009	0	0.0000	0.0002	0	0.0000	0.0002	0
COG3758	S	Various environmental stresses-induced protein Ves (function unknown)	0.0000	0.0003	0	0.0000	0.0009	0	0.0000	0.0005	0	0.0000	0.0056	0	0.0000	0.0016	0
COG3759	S	Uncharacterized membrane protein	0.0000	0.0002	0	0.0000	0.0003	0	0.0000	0.0002	0	0.0000	0.0012	0	0.0000	0.0004	0
COG3760	R	Predicted aminoacyl-tRNA deacylase, YbaK-like aminoacyl-tRNA editing domain	0.0000	0.0062	0	0.0000	0.0018	0	0.0000	0.0050	0	0.0000	0.0030	0	0.0000	0.0021	0
COG3761	C	NADH:ubiquinone oxidoreductase NDUFA12 subunit (Leigh syndrome)	0.0000	0.0001	0	0.0000	0.0034	0	0.0000	0.0003	0	0.0000	0.0199	0	0.0000	0.0089	0
COG3762	S	Uncharacterized membrane protein	0.0000	0.0016	0	0.0000	0.0025	0	0.0000	0.0013	0	0.0000	0.0067	0	0.0000	0.0050	0
COG3763	S	Uncharacterized conserved protein YneF, UPF0154 family	0.0000	0.0005	0	0.0000	0.0037	0	0.0000	0.0006	0	0.0000	0.0019	0	0.0000	0.0026	0
COG3764	M	Sortase (surface protein transpeptidase)	0.0000	0.0042	0	0.0000	0.0039	0	0.0000	0.0025	0	0.0076	0.0457	0	0.0000	0.0026	0
COG3765	M	LPS O-antigen chain length determinant protein, WzzB/FepE family	0.0000	0.0007	0	0.0000	0.0006	0	0.0000	0.0005	0	0.0000	0.0031	0	0.0000	0.0013	0
COG3766	S	Uncharacterized membrane protein YjfL, UPF0719 family	0.0000	0.0009	0	0.0000	0.0003	0	0.0000	0.0005	0	0.0000	0.0050	0	0.0000	0.0004	0
COG3767	S	Uncharacterized low-complexity protein	0.0000	0.0012	0	0.0000	0.0037	0	0.0000	0.0010	0	0.0000	0.0074	0	0.0000	0.0036	0
COG3768	S	Uncharacterized membrane protein YcjF, UPF0283 family	0.0000	0.0017	0	0.0000	0.0013	0	0.0000	0.0015	0	0.0000	0.0085	0	0.0000	0.0021	0
COG3769	G	Mannosyl-3-phosphoglycerate phosphatase YedP/MpgP, HAD superfamily	0.0000	0.2368	0	0.2200	0.8005	1	0.0000	0.1697	0	0.9733	0.8482	1	0.0015	0.7362	1
COG3770	M	Murein endopeptidase MepA (D-alanyl-D-alanine-endopeptidase)	0.0000	0.0018	0	0.0000	0.0027	0	0.0000	0.0020	0	0.0000	0.0178	0	0.0000	0.0034	0
COG3771	S	Lipopolysaccharide assembly protein YciS/LapA, DUF1049 family	0.0000	0.0000	0	0.0000	0.0007	0	0.0000	0.0000	0	0.0000	0.0024	0	0.0000	0.0012	0
COG3772	M	Phage-related lysozyme (muramidase), GH24 family	0.0000	0.0023	0	0.0000	0.0016	0	0.0000	0.0025	0	0.0000	0.0048	0	0.0000	0.0018	0
COG3773	DM	Cell wall hydrolase CwlJ, involved in spore germination	0.0000	0.0020	0	0.0000	0.0014	0	0.0000	0.0027	0	0.0000	0.0017	0	0.0000	0.0013	0
COG3774	M	Mannosyltransferase OCH1 or related enzyme	0.0000	0.0022	0	0.7500	0.0156	0	0.0100	0.0072	0	0.4072	0.0030	0	0.0003	0.0023	0
COG3775	G	Phosphotransferase system, galactitol-specific IIC component	0.0000	0.0069	0	0.0000	0.0047	0	0.0000	0.0051	0	0.0000	0.0157	0	0.0000	0.0119	0
COG3776	S	Uncharacterized conserved protein YhhL, DUF1145 family	0.0000	0.0001	0	0.0000	0.0016	0	0.0000	0.0001	0	0.0000	0.0080	0	0.0000	0.0034	0
COG3777	I	Hydroxyacyl-ACP dehydratase HTD2, hotdog domain	0.0000	0.0006	0	0.0000	0.0012	0	0.0000	0.0006	0	0.0000	0.0276	0	0.0000	0.0036	0
COG3778	X	Uncharacterized conserved protein YmfQ in lambdoid prophage, DUF2313 family	0.0000	0.0008	0	0.0000	0.0005	0	0.0000	0.0009	0	0.0000	0.0010	0	0.0000	0.0007	0
COG3779	S	Uncharacterized conserved protein YegJ, DUF2314 family	0.0000	0.0004	0	0.0000	0.0007	0	0.0000	0.0003	0	0.0000	0.0047	0	0.0000	0.0014	0
COG3780	L	DNA endonuclease related to intein-encoded endonucleases	0.0000	0.0994	0	0.0600	0.4211	0	0.0000	0.0713	0	0.9998	0.6791	1	0.0195	0.4443	0
COG3781	P	Predicted membrane chloride channel, bestrophin family	0.0000	0.0013	0	0.0000	0.0014	0	0.0000	0.0011	0	0.0000	0.0080	0	0.0000	0.0032	0
COG3782	S	Uncharacterized conserved protein, DUF1853 domain	0.0000	0.0003	0	0.0000	0.0008	0	0.0000	0.0004	0	0.0000	0.0014	0	0.0000	0.0006	0
COG3783	C	Soluble cytochrome b562	0.0000	0.0000	0	0.0000	0.0008	0	0.0000	0.0000	0	0.0000	0.0055	0	0.0000	0.0020	0
COG3784	S	Uncharacterized conserved protein YdbL, DUF1318 family	0.0000	0.0015	0	0.0000	0.0030	0	0.0000	0.0010	0	0.0000	0.0234	0	0.0000	0.0136	0
COG3785	O	Heat shock protein HspQ	0.0000	0.0007	0	0.0000	0.0005	0	0.0000	0.0005	0	0.0000	0.0013	0	0.0000	0.0009	0
COG3786	M	L,D-peptidoglycan transpeptidase YkuD, ErfK/YbiS/YcfS/YnhG family	0.0000	0.0004	0	0.0000	0.0003	0	0.0000	0.0004	0	0.0000	0.0004	0	0.0000	0.0005	0
COG3787	S	Uncharacterized conserved protein YhbP, UPF0306 family	0.0000	0.0040	0	0.0000	0.0071	0	0.0000	0.0050	0	0.0000	0.0265	0	0.0000	0.0134	0
COG3788	S	Uncharacterized membrane protein YecN, MAPEG domain	0.0000	0.0010	0	0.0000	0.0008	0	0.0000	0.0006	0	0.0000	0.0011	0	0.0000	0.0011	0
COG3789	S	Uncharacterized conserved protein YjfI, DUF2170 family	0.0000	0.0002	0	0.0000	0.0010	0	0.0000	0.0002	0	0.0000	0.0037	0	0.0000	0.0019	0
COG3790	S	Predicted membrane protein, encoded in cydAB operon	0.0000	0.0003	0	0.0000	0.0019	0	0.0000	0.0003	0	0.0000	0.0077	0	0.0000	0.0033	0
COG3791	S	Uncharacterized conserved protein	0.0000	0.0004	0	0.0000	0.0002	0	0.0000	0.0006	0	0.0000	0.0017	0	0.0000	0.0004	0
COG3792	S	Uncharacterized conserved protein, DUF596 domain	0.0000	0.0000	0	0.0000	0.0003	0	0.0000	0.0000	0	0.0000	0.0018	0	0.0000	0.0007	0
COG3793	P	Tellurite resistance protein TerB	0.0000	0.0043	0	0.0000	0.0028	0	0.0000	0.0031	0	0.0000	0.0247	0	0.0000	0.0060	0
COG3794	C	Plastocyanin	0.0000	0.0459	0	0.6900	0.2797	0	0.0000	0.0298	0	1.0000	0.6193	1	0.0319	0.2372	0
COG3795	Q	5-chloro-2-hydroxyhydroquinone dehydrochlorinase TtfG, YCII superfamily	0.0000	0.0014	0	0.0000	0.0016	0	0.0000	0.0012	0	0.0000	0.0435	0	0.0000	0.0024	0
COG3797	S	Uncharacterized conserved protein, DUF1697 family	0.0000	0.0184	0	0.0700	0.1129	0	0.0000	0.0099	0	0.1304	0.2357	0	0.0001	0.0990	0
COG3798	S	Uncharacterized conserved protein, DUF2171 domain	0.0000	0.0008	0	0.0000	0.0023	0	0.0000	0.0008	0	0.0000	0.0121	0	0.0000	0.0038	0
COG3799	E	Methylaspartate ammonia-lyase	0.0000	0.0082	0	0.0000	0.0049	0	0.0000	0.0043	0	0.0005	0.2191	0	0.0000	0.0106	0
COG3800	R	Predicted transcriptional regulator	0.0000	0.0004	0	0.0000	0.0019	0	0.0000	0.0003	0	0.0000	0.0196	0	0.0000	0.0049	0
COG3801	S	Uncharacterized conserved protein	0.0000	0.0017	0	0.0000	0.0030	0	0.0000	0.0023	0	0.0000	0.0396	0	0.0000	0.0040	0
COG3802	S	Uncharacterized conserved protein GguC, FAA hydrolase family	0.0000	0.0014	0	0.0000	0.0015	0	0.0000	0.0011	0	0.0000	0.0091	0	0.0000	0.0034	0
COG3803	S	Uncharacterized conserved protein, DUF924 family	0.0000	0.0005	0	0.0000	0.0004	0	0.0000	0.0006	0	0.0000	0.0013	0	0.0000	0.0006	0
COG3804	S	Uncharacterized conserved protein	0.0000	0.0696	0	0.0300	0.2132	0	0.0000	0.0680	0	0.9999	0.6794	1	0.8335	0.7066	1
COG3805	Q	Aromatic ring-cleaving dioxygenase	0.0000	0.0008	0	0.0000	0.0012	0	0.0000	0.0009	0	0.0000	0.0052	0	0.0000	0.0017	0
COG3806	T	Anti-sigma factor ChrR, cupin superfamily	0.0000	0.0032	0	0.0000	0.0057	0	0.0000	0.0028	0	0.0000	0.0212	0	0.0000	0.0074	0
COG3807	S	SH3-like domain	0.0000	0.0009	0	0.0000	0.0004	0	0.0000	0.0013	0	0.0000	0.0007	0	0.0000	0.0006	0
COG3808	C	Na+ or H+-translocating membrane pyrophosphatase	0.0750	0.7300	1	0.9100	0.9004	1	0.0300	0.8688	1	1.0000	0.9231	1	0.9999	0.9322	1
COG3809	R	Predicted nucleic acid-binding protein, contains Zn-finger domain	0.0000	0.0237	0	0.0200	0.1125	0	0.0000	0.0336	0	0.0004	0.1522	0	0.0000	0.0220	0
COG3811	S	Uncharacterized conserved protein YjhX, UPF0386/DUF2084 family	0.0000	0.0001	0	0.0000	0.0007	0	0.0000	0.0001	0	0.0000	0.0061	0	0.0000	0.0019	0
COG3812	S	Uncharacterized conserved protein, DUF1993 domain	0.0000	0.0004	0	0.0000	0.0005	0	0.0000	0.0004	0	0.0000	0.0012	0	0.0000	0.0007	0
COG3813	S	Uncharacterized conserved protein, DUF1272 domain	0.0000	0.0004	0	0.0000	0.0012	0	0.0000	0.0006	0	0.0000	0.0101	0	0.0000	0.0031	0
COG3814	O	SspB-like protein, predicted to bind SsrA peptide	0.0000	0.0030	0	0.0000	0.0109	0	0.0000	0.0027	0	0.0000	0.0150	0	0.0000	0.0090	0
COG3815	S	Uncharacterized membrane protein	0.0000	0.1398	0	0.0100	0.3149	0	0.0000	0.1335	0	0.9997	0.6210	1	0.9526	0.5877	1
COG3816	S	Uncharacterized conserved protein, DUF1285 family	0.0000	0.0022	0	0.0000	0.0055	0	0.0000	0.0024	0	0.0000	0.0545	0	0.0000	0.0097	0
COG3817	S	Uncharacterized membrane protein	0.0000	0.0007	0	0.0000	0.0009	0	0.0000	0.0007	0	0.0000	0.0033	0	0.0000	0.0011	0
COG3818	R	Predicted N-acetyltransferase, GNAT superfamily	0.0000	0.0014	0	0.0000	0.0017	0	0.0000	0.0019	0	0.0000	0.0090	0	0.0000	0.0046	0
COG3819	S	Uncharacterized membrane protein	0.0000	0.0007	0	0.0000	0.0008	0	0.0000	0.0007	0	0.0000	0.0032	0	0.0000	0.0008	0
COG3820	S	Uncharacterized conserved protein, DUF1013 family	0.0000	0.0003	0	0.0000	0.0020	0	0.0000	0.0004	0	0.0000	0.0066	0	0.0000	0.0031	0
COG3821	S	Uncharacterized membrane protein	0.0000	0.0030	0	0.0000	0.0073	0	0.0000	0.0027	0	0.0000	0.0267	0	0.0000	0.0082	0
COG3822	G	D-lyxose ketol-isomerase	0.0000	0.0056	0	0.0000	0.0053	0	0.0000	0.0034	0	0.0000	0.0527	0	0.0000	0.0185	0
COG3823	O	Glutamine cyclotransferase	0.0000	0.0290	0	0.0000	0.0211	0	0.0000	0.0347	0	0.0000	0.0739	0	0.0000	0.0277	0
COG3824	O	Predicted Zn-dependent protease, minimal metalloprotease (MMP)-like domain	0.0000	0.0017	0	0.0000	0.0041	0	0.0000	0.0025	0	0.0000	0.0963	0	0.0000	0.0094	0
COG3825	S	Uncharacterized CoxE-like protein,  contains von Willebrand factor type A (vWA) domain	0.0000	0.0059	0	0.0000	0.0232	0	0.0000	0.0121	0	0.0000	0.1450	0	0.0000	0.0568	0
COG3826	S	Uncharacterized conserved protein	0.0000	0.0015	0	0.0000	0.0024	0	0.0000	0.0017	0	0.0000	0.0678	0	0.0000	0.0055	0
COG3827	D	Cell pole-organizing protein PopZ	0.0000	0.0023	0	0.0000	0.0014	0	0.0000	0.0022	0	0.0000	0.0015	0	0.0000	0.0010	0
COG3828	R	Type 1 glutamine amidotransferase (GATase1)-like domain	0.0000	0.0059	0	0.0100	0.0129	0	0.0000	0.0066	0	0.0023	0.0568	0	0.0000	0.0030	0
COG3829	KT	RocR-type transcriptional regulator, contains PAS, AAA-type ATPase, and DNA-binding Fis domains	0.0000	0.0107	0	0.0000	0.0159	0	0.0000	0.0109	0	0.0000	0.1880	0	0.0000	0.0242	0
COG3830	T	ACT domain, binds amino acids and other small ligands	0.0000	0.2100	0	0.9900	0.9275	1	0.3300	0.3958	0	1.0000	0.8628	1	0.9798	0.9009	1
COG3831	K	WGR domain, predicted DNA-binding domain in MolR	0.0000	0.0056	0	0.0000	0.0038	0	0.0000	0.0042	0	0.0000	0.0226	0	0.0000	0.0037	0
COG3832	I	Chalcone/flavanone-binding protein YndB, AHSA1/START/SRPBCC domain	0.0000	0.0094	0	0.0300	0.0601	0	0.0000	0.0115	0	1.0000	0.2530	0	0.0933	0.0759	0
COG3833	G	ABC-type maltose transport system, permease component MalG	0.0000	0.0070	0	0.0100	0.0150	0	0.0000	0.0039	0	0.9987	0.3612	0	0.0117	0.0726	0
COG3835	KT	Sugar diacid utilization regulator CdaR	0.0000	0.0018	0	0.0000	0.0011	0	0.0000	0.0018	0	0.0000	0.0055	0	0.0000	0.0021	0
COG3836	G	2-keto-3-deoxy-L-rhamnonate aldolase RhmA	0.0000	0.0746	0	0.1300	0.0965	0	0.0000	0.0662	0	0.9992	0.5698	1	0.2902	0.2309	0
COG3837	S	Uncharacterized conserved protein, cupin superfamily	0.0350	0.0182	0	0.0000	0.0076	0	0.0000	0.0040	0	0.0000	0.0914	0	0.0000	0.0146	0
COG3838	U	Type IV secretory pathway, VirB2 component (pilin)	0.0000	0.0012	0	0.0000	0.0005	0	0.0000	0.0011	0	0.0000	0.0008	0	0.0000	0.0006	0
COG3839	G	ABC-type sugar transport system, ATPase component MalK	0.0150	0.9847	1	0.7999	0.9988	1	0.0100	0.9697	1	1.0000	0.9999	1	1.0000	0.9998	1
COG3840	H	ABC-type thiamine transport system, ATPase component ThiQ	0.0000	0.0010	0	0.0000	0.0019	0	0.0000	0.0009	0	0.0000	0.0045	0	0.0000	0.0021	0
COG3842	E	ABC-type Fe3+/spermidine/putrescine transport systems, ATPase component	0.0100	0.1098	0	0.9307	0.0440	0	0.0700	0.2253	0	1.0000	0.1989	0	1.0000	0.0720	0
COG3843	U	Type IV secretory pathway, VirD2 component (relaxase)	0.0000	0.0013	0	0.0000	0.0003	0	0.0000	0.0013	0	0.0000	0.0006	0	0.0000	0.0003	0
COG3844	E	Kynureninase	0.0000	0.0025	0	0.0000	0.0047	0	0.0000	0.0048	0	0.0000	0.0648	0	0.0000	0.0170	0
COG3845	F	ABC-type guanosine uptake system NupNOPQ, ATPase component NupO	0.0000	0.0746	0	0.4100	0.4455	0	0.0100	0.1729	0	1.0000	0.9267	1	1.0000	0.9463	1
COG3846	U	Type IV secretory pathway, TrbL components	0.0000	0.0012	0	0.0000	0.0010	0	0.0000	0.0011	0	0.0000	0.0028	0	0.0000	0.0012	0
COG3847	UW	Flp pilus assembly protein, pilin Flp	0.0000	0.0025	0	0.0000	0.0013	0	0.0000	0.0029	0	0.0000	0.0027	0	0.0000	0.0015	0
COG3848	T	Phosphohistidine swiveling domain of PEP-utilizing enzymes	0.0000	0.0061	0	0.1200	0.1179	0	0.0000	0.0058	0	0.0188	0.4155	0	0.0000	0.0402	0
COG3850	T	Signal transduction histidine kinase NarQ, nitrate/nitrite-specific	0.0000	0.0025	0	0.0000	0.0021	0	0.0000	0.0016	0	0.0000	0.0742	0	0.0000	0.0036	0
COG3851	T	Signal transduction histidine kinase UhpB, glucose-6-phosphate specific	0.0000	0.0004	0	0.0000	0.0016	0	0.0000	0.0003	0	0.0000	0.0066	0	0.0000	0.0026	0
COG3852	T	Signal transduction histidine kinase NtrB, nitrogen specific	0.0000	0.0162	0	0.0000	0.0036	0	0.0000	0.0135	0	0.0000	0.0196	0	0.0000	0.0048	0
COG3853	V	Uncharacterized conserved protein YaaN involved in tellurite resistance	0.0000	0.0072	0	0.0000	0.0014	0	0.0000	0.0057	0	0.0005	0.0060	0	0.0000	0.0013	0
COG3854	D	Stage III sporulation protein SpoIIIAA	0.0000	0.0089	0	0.0000	0.0136	0	0.0000	0.0068	0	0.0000	0.1043	0	0.0000	0.0228	0
COG3855	G	Fructose-1,6-bisphosphatase	0.0000	0.0005	0	0.0000	0.0006	0	0.0000	0.0004	0	0.0000	0.0017	0	0.0000	0.0007	0
COG3856	S	Small basic protein Sbp (function unknown), DUF1290 domain	0.0000	0.0029	0	0.0000	0.0070	0	0.0000	0.0020	0	0.0000	0.0850	0	0.0000	0.0200	0
COG3857	L	ATP-dependent helicase/DNAse subunit B	0.0000	0.0031	0	0.0000	0.0018	0	0.0000	0.0024	0	0.0243	0.0396	0	0.0000	0.0020	0
COG3858	D	Spore cortex hydrolase SleL/YaaH, N-acetylglucosaminidase of GH18 family	0.0000	0.0020	0	0.0000	0.0030	0	0.0000	0.0025	0	0.0000	0.0319	0	0.0000	0.0032	0
COG3859	H	Thiamine transporter ThiT	0.0000	0.0129	0	0.0000	0.0431	0	0.0000	0.0171	0	0.0000	0.0266	0	0.0000	0.0402	0
COG3860	S	Uncharacterized conserved protein, DUF2087 family	0.0000	0.0014	0	0.0000	0.0021	0	0.0000	0.0017	0	0.0000	0.0217	0	0.0000	0.0026	0
COG3861	S	Stress response protein YsnF (function unknown)	0.0000	0.0021	0	0.0000	0.0040	0	0.0000	0.0023	0	0.0000	0.1259	0	0.0000	0.0075	0
COG3862	S	Uncharacterized conserved protein with two CxxC motifs	0.0050	0.2242	0	0.0100	0.3606	0	0.0000	0.0543	0	1.0000	0.7982	1	0.9848	0.8492	1
COG3863	S	Uncharacterized conserved protein YycO, NlpC/P60 family	0.0000	0.0448	0	0.0100	0.1127	0	0.0000	0.0226	0	0.7663	0.2725	0	0.0014	0.1272	0
COG3864	R	Predicted metal-dependent peptidase	0.0000	0.0186	0	0.1300	0.1181	0	0.0000	0.0209	0	0.9998	0.4478	0	0.0107	0.0526	0
COG3865	R	Glyoxalase superfamily enzyme, possible 3-demethylubiquinone-9 3-methyltransferase	0.0000	0.0065	0	0.0700	0.0912	0	0.0000	0.0060	0	0.8265	0.4446	0	0.0056	0.0857	0
COG3866	G	Pectate lyase	0.0000	0.0110	0	0.0000	0.0028	0	0.0000	0.0084	0	0.0000	0.0031	0	0.0000	0.0017	0
COG3867	G	Arabinogalactan endo-1,4-beta-galactosidase	0.0000	0.0040	0	0.0000	0.0011	0	0.0000	0.0028	0	0.0000	0.0022	0	0.0000	0.0011	0
COG3868	G	Predicted glycosyl hydrolase, GH114 family	0.0000	0.0033	0	0.0000	0.0051	0	0.0000	0.0030	0	0.0000	0.0146	0	0.0000	0.0038	0
COG3869	O	Protein-arginine kinase McsB	0.0000	0.0020	0	0.0000	0.0008	0	0.0000	0.0015	0	0.0000	0.0036	0	0.0000	0.0014	0
COG3870	T	Cyclic di-AMP receptor DarA/PstA	0.0000	0.0013	0	0.0000	0.0051	0	0.0000	0.0007	0	0.0000	0.1151	0	0.0000	0.0133	0
COG3871	S	General stress protein 26 (function unknown)	0.0000	0.0165	0	0.0000	0.0019	0	0.0000	0.0167	0	0.0000	0.0128	0	0.0000	0.0052	0
COG3872	S	Uncharacterized conserved protein YqhQ, DUF1385 family	0.0000	0.0056	0	0.0000	0.0367	0	0.0000	0.0177	0	0.0000	0.2452	0	0.0000	0.0540	0
COG3874	S	Uncharacterized spore protein YtfJ	0.0000	0.0570	0	0.0000	0.1232	0	0.0000	0.0222	0	0.8820	0.9394	1	0.0003	0.3185	0
COG3875	M	Nickel-dependent lactate racemase	0.0000	0.7486	1	0.1600	0.9118	1	0.0000	0.8922	1	1.0000	0.9845	1	0.9999	0.9912	1
COG3876	S	Uncharacterized conserved protein YbbC, DUF1343 family	0.0000	0.0119	0	0.0000	0.0058	0	0.0000	0.0148	0	0.0123	0.2886	0	0.0000	0.0096	0
COG3877	K	Predicted DNA-binding transcriptional regulator with XRE-family HTH domain, DUF2089 family	0.0000	0.0033	0	0.0000	0.0179	0	0.0000	0.0025	0	0.0000	0.2895	0	0.0000	0.0298	0
COG3878	S	Uncharacterized conserved protein YwqG, DUF1963 family	0.0000	0.0014	0	0.0000	0.0009	0	0.0000	0.0010	0	0.0000	0.0036	0	0.0000	0.0010	0
COG3879	S	Uncharacterized conserved protein YlxW, UPF0749 family	0.0000	0.0033	0	0.0000	0.0077	0	0.0000	0.0027	0	0.0000	0.0902	0	0.0000	0.0237	0
COG3880	O	Protein-arginine kinase activator protein McsA	0.0000	0.0013	0	0.0000	0.0013	0	0.0000	0.0008	0	0.0000	0.0183	0	0.0000	0.0020	0
COG3881	S	Uncharacterized conserved protein YrrD, contains PRC-barrel domain	0.0000	0.0018	0	0.0000	0.0025	0	0.0000	0.0009	0	0.0092	0.0816	0	0.0009	0.0185	0
COG3882	I	Predicted enzyme involved in methoxymalonyl-ACP biosynthesis	0.0000	0.0062	0	0.0000	0.0022	0	0.0000	0.0039	0	0.0000	0.0099	0	0.0000	0.0034	0
COG3883	S	Uncharacterized N-terminal coiled-coil domain of peptidoglycan hydrolase CwlO	0.0000	0.0023	0	0.0000	0.0024	0	0.0000	0.0018	0	0.0000	0.0081	0	0.0000	0.0035	0
COG3884	I	Acyl-ACP thioesterase	0.0000	0.0028	0	0.0000	0.0036	0	0.0000	0.0020	0	0.0000	0.0235	0	0.0000	0.0050	0
COG3885	Q	Aromatic ring-opening dioxygenase, LigB subunit	0.0000	0.0285	0	0.0000	0.0328	0	0.0000	0.0208	0	0.9909	0.8143	1	0.0032	0.3528	0
COG3886	L	HKD family nuclease	0.0000	0.0120	0	0.0000	0.0167	0	0.0000	0.0070	0	0.0000	0.1396	0	0.0000	0.0193	0
COG3887	T	Cyclic di-AMP phosphodiesterase GdpP, contains GGDEF-like and DHH domains	0.0000	0.0014	0	0.0000	0.0051	0	0.0000	0.0010	0	0.0000	0.0012	0	0.0000	0.0049	0
COG3888	K	Predicted transcriptional regulator	0.0000	0.1263	0	0.0700	0.5926	1	0.0000	0.0836	0	0.9892	0.8095	1	0.0063	0.7252	1
COG3889	R	Extracellular solute-binding protein, contains Ig-fold domain	0.0000	0.2109	0	0.2179	0.3705	0	0.0000	0.1799	0	0.9951	0.6945	1	0.3312	0.5252	1
COG3890	I	Phosphomevalonate kinase	0.0000	0.0021	0	0.0100	0.0876	0	0.0000	0.0028	0	0.0140	0.1441	0	0.0000	0.0412	0
COG3892	G	Myo-inositol catabolism protein LolC	0.0000	0.0021	0	0.0000	0.0081	0	0.0000	0.0036	0	0.0000	0.0356	0	0.0000	0.0117	0
COG3893	L	Inactivated superfamily I helicase	0.0000	0.0002	0	0.0000	0.0008	0	0.0000	0.0002	0	0.0000	0.0073	0	0.0000	0.0015	0
COG3894	S	Uncharacterized 2Fe-2S and 4Fe-4S clusters-containing protein, contains DUF4445 domain	0.0050	0.5591	1	0.9540	0.9661	1	0.0600	0.4383	0	1.0000	0.9783	1	0.9999	0.9581	1
COG3895	M	Membrane-bound inhibitor of C-type lysozyme	0.0000	0.0024	0	0.0000	0.0032	0	0.0000	0.0018	0	0.0000	0.0217	0	0.0000	0.0064	0
COG3896	V	Chloramphenicol 3-O-phosphotransferase	0.0000	0.0011	0	0.0000	0.0012	0	0.0000	0.0008	0	0.0000	0.0111	0	0.0000	0.0021	0
COG3897	O	Protein N-terminal and lysine N-methylase, NNT1/EFM7 family	0.0000	0.0025	0	0.0000	0.0033	0	0.0000	0.0027	0	0.0000	0.0250	0	0.0000	0.0058	0
COG3898	S	Uncharacterized protein HemY, contains HemY_N domain and TPR repeats (unrelated to HemY-type protoporphyrinogen oxidase)	0.0000	0.0025	0	0.0000	0.0044	0	0.0000	0.0021	0	0.0000	0.0171	0	0.0000	0.0059	0
COG3899	R	Predicted ATPase	0.0000	0.0115	0	0.0000	0.0162	0	0.0000	0.0132	0	0.0000	0.0829	0	0.0000	0.0201	0
COG3900	S	Predicted periplasmic protein	0.0000	0.0006	0	0.0000	0.0016	0	0.0000	0.0006	0	0.0000	0.0158	0	0.0000	0.0030	0
COG3901	K	Transcriptional regulator NosR of nitric oxide reductase	0.0000	0.0008	0	0.0000	0.0021	0	0.0000	0.0006	0	0.0000	0.0063	0	0.0000	0.0033	0
COG3903	R	Predicted ATPase	0.0150	0.0349	0	0.0000	0.0230	0	0.0000	0.0086	0	0.0000	0.2178	0	0.0000	0.0254	0
COG3904	S	Predicted periplasmic protein	0.0000	0.0009	0	0.0000	0.0009	0	0.0000	0.0007	0	0.0000	0.0099	0	0.0000	0.0018	0
COG3905	K	Predicted transcriptional regulator, contains ribbon-helix-helix (RHH_1) domain	0.0000	0.0028	0	0.0000	0.0027	0	0.0000	0.0025	0	0.0000	0.0118	0	0.0000	0.0047	0
COG3906	S	Uncharacterized conserved protein YrzB, UPF0473 family	0.0000	0.0020	0	0.0000	0.0047	0	0.0000	0.0016	0	0.0000	0.0511	0	0.0000	0.0098	0
COG3907	R	Membrane-associated enzyme, PAP2 (acid phosphatase) superfamily	0.0000	0.0022	0	0.0000	0.0051	0	0.0000	0.0018	0	0.0000	0.0149	0	0.0000	0.0074	0
COG3908	S	Uncharacterized conserved protein, DUF2093 domain	0.0000	0.0005	0	0.0000	0.0031	0	0.0000	0.0006	0	0.0000	0.0067	0	0.0000	0.0041	0
COG3909	C	Cytochrome c556	0.0000	0.0009	0	0.0000	0.0011	0	0.0000	0.0008	0	0.0000	0.0039	0	0.0000	0.0022	0
COG3910	R	Predicted ATPase	0.0000	0.0037	0	0.0000	0.0021	0	0.0000	0.0025	0	0.0002	0.0412	0	0.0000	0.0015	0
COG3911	R	Predicted ATPase	0.0000	0.0030	0	0.0000	0.0011	0	0.0000	0.0022	0	0.0000	0.0027	0	0.0000	0.0011	0
COG3913	TU	Regulator of T6SS expression TagF, TagF/ImpM/SciT family (unrelated to teichoic acid polymerase TagF of B.subtilis, COG1887)	0.0000	0.0012	0	0.0000	0.0014	0	0.0000	0.0014	0	0.0000	0.0054	0	0.0000	0.0027	0
COG3914	O	Predicted O-linked N-acetylglucosamine transferase, SPINDLY family	0.0250	0.0086	0	0.0000	0.0033	0	0.0000	0.0026	0	0.0000	0.0073	0	0.0000	0.0037	0
COG3915	S	Uncharacterized conserved protein	0.0000	0.0027	0	0.0000	0.0034	0	0.0000	0.0018	0	0.0000	0.0187	0	0.0000	0.0075	0
COG3916	T	N-acyl-homoserine lactone synthase LasI (autoinducer biosynthesis)	0.0000	0.0020	0	0.0000	0.0047	0	0.0000	0.0017	0	0.0000	0.0207	0	0.0000	0.0073	0
COG3917	Q	2-hydroxychromene-2-carboxylate isomerase	0.0000	0.0006	0	0.0000	0.0009	0	0.0000	0.0011	0	0.0000	0.0027	0	0.0000	0.0011	0
COG3918	S	Uncharacterized membrane protein	0.0000	0.0004	0	0.0000	0.0011	0	0.0000	0.0004	0	0.0000	0.0100	0	0.0000	0.0021	0
COG3919	R	Predicted ATP-dependent carboligase, ATP-grasp superfamily	0.0000	0.0749	0	0.4300	0.4415	0	0.0000	0.0593	0	1.0000	0.7838	1	0.9136	0.6753	1
COG3920	T	Two-component sensor histidine kinase, HisKA and HATPase domains	0.0000	0.0400	0	0.4860	0.3765	0	0.0100	0.0757	0	1.0000	0.6647	1	0.5526	0.3022	0
COG3921	S	Uncharacterized conserved protein, contains Extensin-like_C domain	0.0000	0.0015	0	0.0000	0.0013	0	0.0000	0.0016	0	0.0000	0.0116	0	0.0000	0.0033	0
COG3923	L	Primosomal replication protein N''	0.0000	0.0000	0	0.0000	0.0013	0	0.0000	0.0000	0	0.0000	0.0107	0	0.0000	0.0041	0
COG3924	S	Uncharacterized membrane protein YhdT	0.0000	0.0015	0	0.0000	0.0035	0	0.0000	0.0016	0	0.0000	0.0207	0	0.0000	0.0073	0
COG3926	R	Lysozyme family protein	0.0000	0.0015	0	0.0000	0.0021	0	0.0000	0.0012	0	0.0000	0.0084	0	0.0000	0.0025	0
COG3930	S	Uncharacterized conserved protein, DUF1704 domain	0.0000	0.0027	0	0.0000	0.0034	0	0.0000	0.0031	0	0.0000	0.0062	0	0.0000	0.0020	0
COG3931	E	Predicted N-formylglutamate amidohydrolase	0.0000	0.0006	0	0.0000	0.0008	0	0.0000	0.0006	0	0.0000	0.0035	0	0.0000	0.0012	0
COG3932	M	Exopolysaccharide synthesis protein ExoD	0.0000	0.0083	0	0.0000	0.0070	0	0.0000	0.0076	0	0.0001	0.0565	0	0.0000	0.0096	0
COG3933	K	Transcriptional regulatory protein LevR, contains PRD, AAA+ and EIIA domains	0.0000	0.0000	0	0.0000	0.0007	0	0.0000	0.0000	0	0.0000	0.0055	0	0.0000	0.0015	0
COG3934	G	Endo-1,4-beta-mannosidase	0.0000	0.0322	0	0.1100	0.0841	0	0.0000	0.0307	0	0.9722	0.5810	1	0.0009	0.1282	0
COG3935	L	DNA replication protein DnaD	0.0000	0.0023	0	0.0000	0.0004	0	0.0000	0.0019	0	0.0000	0.0006	0	0.0000	0.0003	0
COG3936	G	Membrane-bound acyltransferase YfiQ, involved in biofilm formation	0.0000	0.0008	0	0.0000	0.0015	0	0.0000	0.0005	0	0.0000	0.0076	0	0.0000	0.0021	0
COG3937	QT	Polyhydroxyalkanoate synthesis regulator phasin	0.0000	0.0158	0	0.0400	0.1829	0	0.0000	0.0087	0	0.0029	0.4273	0	0.0000	0.0227	0
COG3938	E	Proline racemase/hydroxyproline epimerase	0.0000	0.0068	0	0.0000	0.0041	0	0.0000	0.0063	0	0.0000	0.0489	0	0.0000	0.0184	0
COG3940	G	Beta-xylosidase, GH43 family	0.0000	0.0027	0	0.0000	0.0013	0	0.0000	0.0023	0	0.0004	0.0268	0	0.0000	0.0013	0
COG3941	X	Phage tail tape-measure protein, controls tail length	0.0000	0.0015	0	0.0000	0.0007	0	0.0000	0.0011	0	0.0000	0.0017	0	0.0000	0.0008	0
COG3942	M	Surface antigen	0.0000	0.0004	0	0.0000	0.0010	0	0.0000	0.0006	0	0.0000	0.0028	0	0.0000	0.0008	0
COG3943	S	Uncharacterized protein RhuM, Salmonella virulence factor	0.0000	0.0221	0	0.0000	0.0105	0	0.0000	0.0084	0	0.3484	0.0441	0	0.0017	0.0175	0
COG3944	M	Capsular polysaccharide biosynthesis protein YveK	0.0000	0.0017	0	0.0000	0.0020	0	0.0000	0.0011	0	0.0000	0.0465	0	0.0000	0.0035	0
COG3945	R	Hemerythrin domain	0.0000	0.0785	0	0.6800	0.6220	1	0.0000	0.0816	0	1.0000	0.9723	1	0.9706	0.8159	1
COG3946	U	Type IV secretory pathway, VirJ component	0.0000	0.0011	0	0.0000	0.0024	0	0.0000	0.0006	0	0.0000	0.0136	0	0.0000	0.0037	0
COG3947	TK	Two-component response regulator, SAPR family, consists of REC, wHTH and BTAD domains	0.0000	0.0014	0	0.0000	0.0009	0	0.0000	0.0007	0	0.0000	0.0099	0	0.0000	0.0012	0
COG3948	X	Phage-related baseplate assembly protein	0.0000	0.0021	0	0.0000	0.0013	0	0.0000	0.0023	0	0.0000	0.0016	0	0.0000	0.0012	0
COG3949	S	Uncharacterized membrane protein YkvI	0.0000	0.1191	0	0.0000	0.0648	0	0.0000	0.0671	0	0.0000	0.7526	1	0.0000	0.3622	0
COG3950	R	Predicted ATP-binding protein involved in virulence	0.0000	0.0162	0	0.0000	0.0272	0	0.0000	0.0111	0	0.0000	0.1488	0	0.0000	0.0113	0
COG3951	N	Rod binding protein domain	0.0000	0.0006	0	0.0000	0.0006	0	0.0000	0.0006	0	0.0000	0.0008	0	0.0000	0.0016	0
COG3952	R	Uncharacterized N-terminal domain of lipid-A-disaccharide synthase	0.0000	0.0028	0	0.0000	0.0032	0	0.0000	0.0011	0	0.0000	0.0160	0	0.0000	0.0046	0
COG3953	X	SLT domain protein	0.0000	0.0020	0	0.0000	0.0054	0	0.0000	0.0012	0	0.0000	0.0892	0	0.0000	0.0105	0
COG3954	G	Phosphoribulokinase	0.0000	0.0049	0	0.0000	0.0095	0	0.0000	0.0039	0	0.0000	0.0114	0	0.0000	0.0098	0
COG3955	M	Uncharacterized conserved protein, DUF1919 family	0.0000	0.0021	0	0.0000	0.0026	0	0.0000	0.0015	0	0.0000	0.0060	0	0.0000	0.0030	0
COG3957	G	Phosphoketolase	0.0000	0.0017	0	0.0000	0.0016	0	0.0000	0.0019	0	0.0000	0.0066	0	0.0000	0.0016	0
COG3958	G	Transketolase, C-terminal subunit	0.0000	0.1688	0	0.6000	0.2315	0	0.0000	0.2571	0	1.0000	0.6477	1	0.9999	0.5871	1
COG3959	G	Transketolase, N-terminal subunit	0.0000	0.1908	0	0.0000	0.1670	0	0.0000	0.2310	0	1.0000	0.7229	1	0.9999	0.6291	1
COG3960	Q	Glyoxylate carboligase	0.0000	0.0098	0	0.0000	0.0063	0	0.0000	0.0073	0	0.0000	0.1077	0	0.0000	0.0139	0
COG3961	GHR	TPP-dependent 2-oxoacid decarboxylase, includes indolepyruvate decarboxylase	0.0000	0.0066	0	0.0000	0.0160	0	0.0000	0.0069	0	0.0000	0.1281	0	0.0000	0.0243	0
COG3962	G	TPP-dependent trihydroxycyclohexane-1,2-dione (THcHDO) dehydratase, myo-inositol metabolism	0.0000	0.0005	0	0.0000	0.0003	0	0.0000	0.0005	0	0.0000	0.0042	0	0.0000	0.0004	0
COG3963	I	Phosphatidylethanolamine N-methyltransferase	0.0000	0.0014	0	0.0000	0.0021	0	0.0000	0.0012	0	0.0000	0.0040	0	0.0000	0.0013	0
COG3964	R	Predicted amidohydrolase	0.0000	0.0028	0	0.0000	0.0034	0	0.0000	0.0025	0	0.0000	0.0748	0	0.0000	0.0053	0
COG3965	P	Predicted Co/Zn/Cd cation transporter, cation efflux family	0.0000	0.0009	0	0.0000	0.0005	0	0.0000	0.0005	0	0.0000	0.0022	0	0.0000	0.0006	0
COG3966	M	Poly-D-alanine transfer protein DltD, involved in esterification of teichoic acids	0.0000	0.0006	0	0.0000	0.0032	0	0.0000	0.0006	0	0.0000	0.0194	0	0.0000	0.0044	0
COG3967	MI	Short-chain dehydrogenase involved in D-alanine esterification of teichoic acids	0.0000	0.0034	0	0.0000	0.0057	0	0.0000	0.0029	0	0.0000	0.0276	0	0.0000	0.0054	0
COG3968	E	Glutamine synthetase type III	0.0000	0.0029	0	0.0000	0.0011	0	0.0000	0.0011	0	0.0000	0.0018	0	0.0000	0.0008	0
COG3969	R	Predicted phosphoadenosine phosphosulfate sulfurtransferase, contains C-terminal DUF3440 domain	0.0000	0.0056	0	0.0000	0.0040	0	0.0000	0.0043	0	0.0000	0.0166	0	0.0000	0.0052	0
COG3970	R	Fumarylacetoacetate (FAA) hydrolase family protein	0.0000	0.0139	0	0.0100	0.0689	0	0.0000	0.0099	0	0.7407	0.7249	1	0.0010	0.1713	0
COG3971	Q	2-keto-4-pentenoate hydratase	0.0000	0.0049	0	0.0500	0.0182	0	0.0000	0.0039	0	0.0040	0.1349	0	0.0000	0.0075	0
COG3972	L	Superfamily I DNA and RNA helicases	0.0000	0.0053	0	0.0000	0.0106	0	0.0000	0.0026	0	0.0000	0.1079	0	0.0000	0.0181	0
COG3973	L	DNA helicase IV	0.0000	0.0009	0	0.0000	0.0003	0	0.0000	0.0005	0	0.0000	0.0032	0	0.0000	0.0003	0
COG3975	R	Predicted metalloprotease, contains C-terminal PDZ domain	0.0000	0.0046	0	0.2210	0.0256	0	0.0000	0.0078	0	0.2143	0.0931	0	0.0001	0.0459	0
COG3976	R	Uncharacterized conserved protein, contains FMN-binding domain	0.0000	0.0020	0	0.0000	0.0015	0	0.0000	0.0033	0	0.0000	0.0060	0	0.0000	0.0017	0
COG3977	E	Alanine-alpha-ketoisovalerate (or valine-pyruvate) aminotransferase	0.0000	0.0023	0	0.0000	0.0052	0	0.0000	0.0026	0	0.0000	0.0278	0	0.0000	0.0124	0
COG3978	E	Acetolactate synthase small subunit, contains ACT domain	0.0000	0.0010	0	0.0300	0.0047	0	0.0000	0.0006	0	0.2499	0.0184	0	0.0257	0.0075	0
COG3979	G	Chitodextrinase	0.0100	0.2616	0	0.0000	0.0369	0	0.0000	0.0686	0	0.0000	0.1462	0	0.0000	0.0478	0
COG3980	M	Spore coat polysaccharide biosynthesis protein SpsG, predicted glycosyltransferase	0.0000	0.0140	0	0.0800	0.0745	0	0.0000	0.0096	0	0.9585	0.4669	0	0.0166	0.0748	0
COG3981	R	Predicted acetyltransferase	0.0000	0.0021	0	0.0000	0.0012	0	0.0000	0.0024	0	0.0000	0.0035	0	0.0000	0.0012	0
COG4002	R	Predicted methyltransferase MtxX, methanogen marker protein 4	0.0050	0.5606	1	0.0000	0.6770	1	0.0000	0.1784	0	0.9938	0.9661	1	0.1663	0.7841	1
COG4003	S	Uncharacterized conserved protein, DUF2095 family	0.0100	0.7724	1	0.9800	0.9722	1	0.0500	0.7491	1	1.0000	0.8929	1	0.9990	0.9893	1
COG4004	S	Uncharacterized protein, contains DUF5611 domain	0.0000	0.1626	0	0.1300	0.3923	0	0.0000	0.0972	0	0.1388	0.3970	0	0.0096	0.3143	0
COG4006	V	CRISPR-Cas system-associated protein Csm6, contains CARF domain	0.0000	0.0798	0	0.0100	0.7376	1	0.0000	0.0482	0	0.2755	0.9283	1	0.0091	0.5131	1
COG4007	R	Predicted dehydrogenase related to H2-forming N5,N10-methylenetetrahydromethanopterin dehydrogenase	0.0000	0.0068	0	0.0100	0.5865	1	0.0000	0.0041	0	0.0255	0.6333	1	0.0001	0.3997	0
COG4008	K	Predicted metal-binding transcription factor, methanogenesis marker domain 9	0.0000	0.0286	0	0.5900	0.6914	1	0.0300	0.0627	0	0.9135	0.6405	1	0.0007	0.4100	0
COG4009	S	Uncharacterized conserved protein, DUF749 domain	0.0000	0.0329	0	0.0000	0.0980	0	0.0000	0.0283	0	0.1353	0.3109	0	0.0002	0.2515	0
COG4010	S	Uncharacterized conserved protein, DUF2096 domain	0.0000	0.0665	0	0.1200	0.4958	0	0.0000	0.0900	0	0.9930	0.5649	1	0.0020	0.4394	0
COG4012	R	Uncharacterized protein, DUF1786 family, actin-like ATPase superfamily	0.0000	0.3112	0	0.3500	0.9351	1	0.0000	0.1879	0	0.9993	0.9931	1	0.5245	0.9599	1
COG4013	S	Uncharacterized conserved protein, DUF2097 domain	0.0000	0.0005	0	0.0300	0.1343	0	0.0000	0.0002	0	0.0173	0.2549	0	0.0001	0.1492	0
COG4014	S	Uncharacterized protein MTH814, DUF2098 family	0.0000	0.0523	0	0.0800	0.4166	0	0.0000	0.0164	0	0.1388	0.4497	0	0.0041	0.2106	0
COG4015	R	Predicted dinucleotide-utilizing enzyme of the ThiF/HesA family	0.0000	0.0052	0	0.0200	0.6205	1	0.0000	0.0028	0	0.1322	0.6556	1	0.0001	0.4253	0
COG4016	H	Iron-guanylylpyridinol (FeGP) cofactor biosynthesis protein HcgF, CinA family	0.0000	0.0047	0	0.0300	0.5856	1	0.0000	0.0025	0	0.1322	0.6226	1	0.0001	0.3976	0
COG4017	H	Iron-guanylylpyridinol (FeGP) cofactor biosynthesis protein, methyltransferase HcgC	0.0000	0.0056	0	0.0000	0.4202	0	0.0000	0.0031	0	0.1322	0.6324	1	0.0001	0.4050	0
COG4018	H	Iron-guanylylpyridinol (FeGP) cofactor biosynthesis protein, fibrillarin family	0.0000	0.0065	0	0.0300	0.6218	1	0.0000	0.0036	0	0.1322	0.6535	1	0.0001	0.4127	0
COG4019	H	Iron-guanylylpyridinol (FeGP) cofactor biosynthesis protein HcgB, guanylyltransferase	0.0000	0.0033	0	0.0200	0.5736	1	0.0000	0.0016	0	0.1322	0.6109	1	0.0001	0.3996	0
COG4020	R	Predicted ATPase/kinase of ASKHA (acetate and sugar kinases, HSC70, actin) superfamily	0.0000	0.0794	0	0.2800	0.6721	1	0.0000	0.0330	0	0.1372	0.5853	1	0.0009	0.3456	0
COG4021	J	tRNA(His) 5'-end guanylyltransferase	0.0000	0.2986	0	0.1500	0.8148	1	0.0000	0.1909	0	0.9992	0.9149	1	0.1568	0.4920	0
COG4022	S	Uncharacterized conserved protein, DUF2099 domain	0.0000	0.3448	0	0.0300	0.9065	1	0.0000	0.3126	0	0.9998	0.9262	1	0.8680	0.8414	1
COG4023	U	Preprotein translocase subunit SecG (Sec61beta)	0.0000	0.8328	1	0.0700	0.9814	1	0.0000	0.6767	1	0.9997	0.9983	1	0.7304	0.9954	1
COG4024	S	Uncharacterized conserved protein, DUF2100 domain	0.0000	0.0353	0	0.0800	0.7176	1	0.0000	0.0192	0	0.0171	0.7268	1	0.0001	0.6956	1
COG4025	R	Uncharacterized conserved protein MTH423, predicted component of type IV pili-like system, DUF2101 family	0.0000	0.1431	0	0.1900	0.6085	1	0.0000	0.0371	0	0.7495	0.7438	1	0.0068	0.5640	1
COG4026	R	Uncharacterized conserved protein, contains TOPRIM domain, potential nuclease	0.0000	0.0582	0	0.1300	0.4024	0	0.0000	0.0086	0	0.5034	0.6738	1	0.0317	0.4650	0
COG4028	R	Predicted P-loop ATPase/GTPase	0.0000	0.1496	0	0.2200	0.7609	1	0.0000	0.1106	0	0.9987	0.9390	1	0.0022	0.8487	1
COG4029	S	Uncharacterized conserved protein MJ0498	0.0000	0.1388	0	0.6700	0.9884	1	0.0000	0.0583	0	0.4628	0.9180	1	0.0102	0.5605	1
COG4030	R	Predicted phosphohydrolase, HAD superfamily	0.0000	0.3347	0	0.0000	0.2284	0	0.0000	0.4861	0	1.0000	0.9018	1	0.9178	0.8450	1
COG4031	S	Uncharacterized metal-binding protein, DUF2103 family	0.0000	0.1153	0	0.1100	0.5279	1	0.0000	0.0389	0	0.6305	0.9740	1	0.0048	0.5790	1
COG4032	H	Sulfopyruvate decarboxylase, TPP-binding subunit (coenzyme M biosynthesis)	0.0000	0.1842	0	0.0000	0.4354	0	0.0000	0.0867	0	0.9978	0.9825	1	0.0340	0.7643	1
COG4033	S	Uncharacterized conserved protein MJ0453	0.0000	0.0099	0	0.0200	0.5114	1	0.0000	0.0035	0	0.1404	0.5727	1	0.0010	0.2885	0
COG4034	S	Uncharacterized conserved protein, DUF1152 domain	0.0000	0.2371	0	0.2700	0.7363	1	0.0000	0.1399	0	1.0000	0.9551	1	0.9491	0.9300	1
COG4035	C	Energy-converting hydrogenase Eha subunit L	0.0000	0.0002	0	0.0200	0.3120	0	0.0000	0.0002	0	0.0171	0.4081	0	0.0001	0.2749	0
COG4036	C	Energy-converting hydrogenase Eha subunit G	0.0000	0.0100	0	0.1500	0.5568	1	0.0000	0.0061	0	0.6353	0.5165	1	0.0018	0.3493	0
COG4037	C	Energy-converting hydrogenase Eha subunit F	0.0000	0.0107	0	0.4100	0.6334	1	0.0000	0.0083	0	0.6353	0.5138	1	0.0018	0.3551	0
COG4038	C	Energy-converting hydrogenase Eha subunit E	0.0000	0.0109	0	0.1700	0.5749	1	0.0000	0.0076	0	0.6353	0.5101	1	0.0018	0.3445	0
COG4039	C	Energy-converting hydrogenase Eha subunit D	0.0000	0.0001	0	0.5440	0.4799	0	0.0000	0.0001	0	0.6559	0.5051	1	0.0019	0.2841	0
COG4040	C	Energy-converting hydrogenase Eha subunit C	0.0000	0.0098	0	0.0000	0.3247	0	0.0000	0.0060	0	0.0000	0.3458	0	0.0000	0.2065	0
COG4041	C	Energy-converting hydrogenase Eha subunit B	0.0000	0.0099	0	0.3600	0.6428	1	0.0000	0.0067	0	0.6353	0.5445	1	0.0018	0.3747	0
COG4042	C	Energy-converting hydrogenase Eha subunit A	0.0000	0.0002	0	0.0000	0.0821	0	0.0000	0.0002	0	0.0171	0.3608	0	0.0001	0.2409	0
COG4043	R	ASC-1 homology (ASCH) domain, predicted RNA-binding domain	0.0000	0.0246	0	0.0800	0.1431	0	0.0000	0.0058	0	0.3791	0.3424	0	0.0019	0.1683	0
COG4044	S	Uncharacterized conserved protein, DUF2110 domain	0.0000	0.2951	0	0.1200	0.5594	1	0.0000	0.1389	0	1.0000	0.9626	1	0.8403	0.8644	1
COG4046	S	Uncharacterized protein, contains DUF1512 domain	0.0000	0.2286	0	0.7600	0.9663	1	0.0000	0.4733	0	1.0000	0.8074	1	0.9942	0.9772	1
COG4047	L	N-glycosylase/DNA lyase (8-oxoguanine DNA glycosylase)	0.0000	0.2419	0	0.3400	0.8074	1	0.0000	0.0925	0	0.9966	0.8826	1	0.0087	0.7166	1
COG4048	S	Uncharacterized conserved protein, DUF2111 domain	0.0000	0.2914	0	0.4500	0.9592	1	0.0000	0.3404	0	0.1390	0.9200	1	0.0041	0.8162	1
COG4049	R	Uncharacterized conserved protein, contains archaeal-type C2H2 Zn-finger	0.0000	0.0126	0	0.0700	0.5929	1	0.0000	0.0008	0	0.0044	0.6182	1	0.0000	0.3397	0
COG4050	S	Uncharacterized conserved protein, DUF2112 domain	0.0150	0.3194	0	0.8200	0.9815	1	0.0000	0.0670	0	0.4629	0.8483	1	0.0116	0.4952	0
COG4051	S	Uncharacterized conserved protein MJ0802, methanogenesis marker protein 17, contains DUF2113 domain	0.0000	0.1438	0	0.1900	0.9551	1	0.0000	0.0631	0	0.4618	0.8394	1	0.0116	0.4908	0
COG4052	R	Uncharacterized conserved protein related to methyl-CoM reductase subunit C, methanogenesis marker protein 7	0.0000	0.1753	0	0.8500	0.9913	1	0.0100	0.2180	0	0.4618	0.9133	1	0.0116	0.5692	1
COG4053	S	Uncharacterized conserved protein	0.0000	0.0002	0	0.0200	0.3530	0	0.0000	0.0001	0	0.0171	0.4452	0	0.0001	0.2619	0
COG4054	H	Methyl coenzyme M reductase, beta subunit	0.0000	0.2236	0	0.6100	0.9679	1	0.0000	0.1537	0	0.9302	0.8625	1	0.0139	0.5574	1
COG4055	H	Methyl coenzyme M reductase, subunit D	0.0000	0.1840	0	0.7800	0.9331	1	0.0000	0.0849	0	0.5415	0.7823	1	0.0058	0.4634	0
COG4056	H	Methyl coenzyme M reductase, subunit C	0.0050	0.2983	0	0.7400	0.9569	1	0.0000	0.1701	0	0.4618	0.7196	1	0.0116	0.4549	0
COG4057	H	Methyl coenzyme M reductase, gamma subunit	0.0000	0.2281	0	0.3900	0.9527	1	0.0000	0.1557	0	0.9302	0.8292	1	0.0139	0.5394	1
COG4058	H	Methyl coenzyme M reductase, alpha subunit	0.0000	0.2263	0	0.5000	0.9616	1	0.0000	0.1502	0	0.9358	0.8498	1	0.0139	0.5433	1
COG4059	H	Tetrahydromethanopterin S-methyltransferase, subunit E	0.0000	0.0429	0	0.3200	0.7995	1	0.0000	0.0269	0	0.1372	0.5424	1	0.0009	0.2890	0
COG4060	H	Tetrahydromethanopterin S-methyltransferase, subunit D	0.0000	0.0497	0	0.0300	0.7854	1	0.0000	0.0287	0	0.1372	0.5805	1	0.0009	0.3237	0
COG4061	H	Tetrahydromethanopterin S-methyltransferase, subunit C	0.0000	0.0583	0	0.2100	0.8425	1	0.0000	0.0348	0	0.1372	0.6864	1	0.0009	0.3564	0
COG4062	H	Tetrahydromethanopterin S-methyltransferase, subunit B	0.0000	0.0427	0	0.4100	0.7706	1	0.0000	0.0224	0	0.1372	0.5184	1	0.0009	0.2661	0
COG4063	H	Tetrahydromethanopterin S-methyltransferase, subunit A	0.0000	0.2187	0	0.9208	0.9794	1	0.0700	0.5262	1	0.8506	0.9598	1	0.0029	0.6815	1
COG4064	H	Tetrahydromethanopterin S-methyltransferase, subunit G	0.0000	0.0252	0	0.1900	0.5268	1	0.0000	0.0102	0	0.1370	0.6021	1	0.0006	0.2745	0
COG4065	S	Uncharacterized conserved protein MJ1451	0.0000	0.1082	0	0.0400	0.9283	1	0.0000	0.0642	0	0.8521	0.8899	1	0.0020	0.5528	1
COG4066	S	Uncharacterized conserved protein MTH_811, UPF0305 family	0.0000	0.0368	0	0.3500	0.7275	1	0.0000	0.0129	0	0.1421	0.5588	1	0.0009	0.3614	0
COG4067	S	Uncharacterized conserved protein	0.0000	0.0029	0	0.0000	0.0025	0	0.0000	0.0013	0	0.0000	0.0083	0	0.0000	0.0014	0
COG4068	R	Predicted nucleic acid-binding protein, contains Zn-ribbon domain	0.0400	0.6591	1	0.6600	0.9481	1	0.0000	0.4131	0	1.0000	0.8485	1	0.9967	0.9423	1
COG4069	S	Uncharacterized conserved protein, DUF2117 domain	0.0000	0.2009	0	0.2000	0.8938	1	0.0000	0.1212	0	0.4600	0.8814	1	0.0084	0.6275	1
COG4070	R	Cyclophilin family protein MJ1412, methanogenesis marker protein 3	0.0050	0.4563	0	0.8200	0.9989	1	0.0100	0.2480	0	0.4618	0.9795	1	0.0116	0.7594	1
COG4071	R	Gamma-glutamyl ligase family protein MJ1361	0.0000	0.1269	0	0.0200	0.7257	1	0.0000	0.2308	0	0.9252	0.7584	1	0.0029	0.6656	1
COG4072	S	Uncharacterized conserved protein, DUF2118 domain	0.0000	0.1719	0	0.3900	0.7925	1	0.0000	0.0529	0	0.9732	0.8180	1	0.0036	0.6893	1
COG4073	S	Uncharacterized conserved protein MJ0501	0.0000	0.0741	0	0.0700	0.6478	1	0.0000	0.0614	0	0.6778	0.7421	1	0.0015	0.5280	1
COG4075	S	Uncharacterized conserved protein MJ1244, distantly related to nitrogen regulatory protein PII	0.0000	0.0221	0	0.0400	0.7122	1	0.0000	0.0114	0	0.0711	0.7065	1	0.0001	0.5101	1
COG4076	R	Predicted RNA methylase	0.0000	0.0523	0	0.0000	0.0656	0	0.0000	0.0328	0	0.4221	0.6372	1	0.0006	0.3186	0
COG4077	S	Uncharacterized conserved protein MJ0491	0.0000	0.0001	0	0.0100	0.3147	0	0.0000	0.0001	0	0.0171	0.4189	0	0.0001	0.2433	0
COG4078	C	Energy-converting hydrogenase Eha subunit H	0.0000	0.0099	0	0.0300	0.5176	1	0.0000	0.0067	0	0.6353	0.5120	1	0.0018	0.3479	0
COG4079	S	Uncharacterized conserved protein, DUF2121 domain	0.0000	0.0270	0	0.0400	0.4771	0	0.0000	0.0145	0	0.1371	0.6700	1	0.0002	0.3435	0
COG4080	J	SpoU rRNA methylase family enzyme	0.0000	0.0477	0	0.1100	0.6670	1	0.0000	0.0350	0	0.9999	0.7649	1	0.1751	0.7856	1
COG4081	S	Uncharacterized conserved protein MJ0452	0.0000	0.0078	0	0.0100	0.3903	0	0.0000	0.0037	0	0.1373	0.4630	0	0.0008	0.2553	0
COG4083	U	Exosortase/Archaeosortase	0.0200	0.7631	1	1.0000	0.9923	1	0.3700	0.4087	0	0.9996	0.9687	1	0.7624	0.8943	1
COG4084	C	Energy-converting hydrogenase A subunit M	0.0000	0.0100	0	0.0900	0.3908	0	0.0000	0.0068	0	0.6308	0.4122	0	0.0013	0.2507	0
COG4085	A	DNA/RNA endonuclease YhcR, contains UshA esterase domain	0.0000	0.0192	0	0.9608	0.3544	0	0.0000	0.0123	0	0.9940	0.3590	0	0.7695	0.2406	0
COG4086	S	Uncharacterized conserved protein YpuA, DUF1002 family	0.0000	0.0086	0	0.0000	0.0135	0	0.0000	0.0075	0	0.0067	0.2376	0	0.0000	0.0239	0
COG4087	R	Soluble P-type ATPase	0.0000	0.4001	0	0.4510	0.9886	1	0.0000	0.1482	0	0.9813	0.9987	1	0.0139	0.9087	1
COG4088	JV	tRNA uridine 5-carbamoylmethylation protein Kti12 (Killer toxin insensitivity protein)	0.0000	0.0403	0	0.0500	0.2917	0	0.0000	0.0271	0	0.8877	0.6015	1	0.0059	0.3128	0
COG4089	S	Uncharacterized membrane protein	0.0050	0.9016	1	0.8600	0.9948	1	0.0300	0.7895	1	1.0000	0.9965	1	0.9992	0.9954	1
COG4090	S	Uncharacterized conserved protein MTH_862	0.0000	0.1285	0	0.3700	0.9190	1	0.0000	0.0795	0	0.1382	0.8660	1	0.0047	0.6307	1
COG4091	E	Predicted homoserine dehydrogenase, contains C-terminal SAF domain	0.0000	0.0080	0	0.0000	0.0040	0	0.0000	0.0065	0	0.0000	0.0568	0	0.0000	0.0115	0
COG4092	M	Predicted glycosyltransferase involved in capsule biosynthesis	0.0000	0.0002	0	0.0000	0.0005	0	0.0000	0.0002	0	0.0000	0.0007	0	0.0000	0.0006	0
COG4093	S	Uncharacterized conserved protein, DUF2125 domain	0.0000	0.0002	0	0.0000	0.0040	0	0.0000	0.0005	0	0.0000	0.0271	0	0.0000	0.0097	0
COG4094	S	Uncharacterized membrane protein	0.0000	0.0015	0	0.0000	0.0069	0	0.0000	0.0011	0	0.0000	0.1086	0	0.0000	0.0166	0
COG4095	G	Sugar transporter, SemiSWEET family, contains PQ motif	0.0000	0.0518	0	0.0700	0.1432	0	0.0000	0.0582	0	0.9998	0.1520	0	0.5294	0.1788	0
COG4096	V	Type I site-specific restriction endonuclease, part of a restriction-modification system	0.0000	0.1995	0	0.3700	0.6059	1	0.0000	0.0576	0	0.4266	0.8386	1	0.0001	0.2196	0
COG4097	P	Predicted ferric reductase	0.0000	0.0027	0	0.0400	0.0275	0	0.0000	0.0021	0	0.0033	0.2823	0	0.0000	0.0108	0
COG4098	L	Superfamily II DNA/RNA helicase required for DNA uptake (late competence protein)	0.0000	0.0046	0	0.0000	0.0086	0	0.0000	0.0023	0	0.0000	0.0546	0	0.0000	0.0175	0
COG4099	R	Predicted peptidase	0.0000	0.0022	0	0.0000	0.0006	0	0.0000	0.0021	0	0.0000	0.0022	0	0.0000	0.0008	0
COG4100	PR	Cystathionine beta-lyase family protein involved in aluminum resistance	0.0000	0.0031	0	0.0000	0.0067	0	0.0000	0.0021	0	0.0000	0.0102	0	0.0000	0.0061	0
COG4101	R	Uncharacterized conserved protein, RmlC-like cupin domain	0.0000	0.0025	0	0.0000	0.0018	0	0.0000	0.0019	0	0.0000	0.0380	0	0.0000	0.0054	0
COG4102	S	Uncharacterized conserved protein, DUF1501 family	0.0000	0.0007	0	0.0000	0.0005	0	0.0000	0.0006	0	0.0000	0.0014	0	0.0000	0.0006	0
COG4103	P	Tellurite resistance protein TerB	0.0000	0.0029	0	0.0000	0.0021	0	0.0000	0.0013	0	0.0000	0.0115	0	0.0000	0.0023	0
COG4104	U	Zn-binding Pro-Ala-Ala-Arg (PAAR) domain, involved in Type VI secretion	0.0000	0.0162	0	0.0100	0.0599	0	0.0000	0.0101	0	0.0088	0.1970	0	0.0001	0.0586	0
COG4105	M	Outer membrane protein assembly factor BamD, BamD/ComL family	0.0000	0.0006	0	0.0000	0.0002	0	0.0000	0.0006	0	0.0000	0.0001	0	0.0000	0.0002	0
COG4106	C	Trans-aconitate methyltransferase	0.0350	0.0846	0	0.0000	0.0091	0	0.0000	0.0210	0	0.0000	0.1131	0	0.0000	0.0114	0
COG4107	P	ABC-type phosphonate transport system, ATPase component PhnK	0.0000	0.0071	0	0.0000	0.0023	0	0.0000	0.0043	0	0.0000	0.0110	0	0.0000	0.0028	0
COG4108	J	Peptide chain release factor RF-3	0.0000	0.0000	0	0.0000	0.0000	0	0.0000	0.0001	0	0.0000	0.0000	0	0.0000	0.0000	0
COG4109	K	Predicted transcriptional regulator containing CBS domains	0.0950	0.0077	0	0.0000	0.0104	0	0.0000	0.0029	0	0.0000	0.1416	0	0.0000	0.0337	0
COG4110	V	Tellurium resistance protein TerA/TerD	0.0000	0.0009	0	0.0000	0.0022	0	0.0000	0.0008	0	0.0000	0.0053	0	0.0000	0.0026	0
COG4111	S	Uncharacterized conserved protein	0.0250	0.0019	0	0.0000	0.0020	0	0.0000	0.0006	0	0.0000	0.0123	0	0.0000	0.0039	0
COG4112	R	Predicted phosphoesterase YmaB, NUDIX family	0.0000	0.0023	0	0.0000	0.0043	0	0.0000	0.0043	0	0.0000	0.0055	0	0.0000	0.0033	0
COG4113	V	RNA interferase (RNase) VapC, contains PIN domain	0.0050	0.9016	1	0.9709	0.9964	1	0.0000	0.6619	1	1.0000	0.9989	1	0.9996	0.9978	1
COG4114	P	Ferric iron reductase protein FhuF, involved in iron transport	0.0000	0.0011	0	0.0000	0.0026	0	0.0000	0.0005	0	0.0000	0.0927	0	0.0000	0.0060	0
COG4115	V	Toxin component of the Txe-Axe toxin-antitoxin module, Txe/YoeB family	0.0000	0.0017	0	0.0000	0.0013	0	0.0000	0.0015	0	0.0000	0.0017	0	0.0000	0.0011	0
COG4116	R	Predicted triphosphatase or cyclase YjbK, contains CYTH domain	0.0000	0.0008	0	0.0000	0.0016	0	0.0000	0.0009	0	0.0000	0.0050	0	0.0000	0.0034	0
COG4117	P	Thiosulfate reductase cytochrome b subunit	0.0000	0.0022	0	0.0000	0.0147	0	0.0000	0.0017	0	0.0000	0.1804	0	0.0000	0.0270	0
COG4118	V	Antitoxin component of toxin-antitoxin stability system, DNA-binding transcriptional repressor	0.0000	0.0082	0	0.0000	0.0078	0	0.0000	0.0030	0	0.0000	0.0369	0	0.0000	0.0085	0
COG4119	FR	Predicted NTP pyrophosphohydrolase, NUDIX family	0.0000	0.0119	0	0.0000	0.0384	0	0.0000	0.0087	0	0.0292	0.4225	0	0.0000	0.0503	0
COG4120	R	ABC-type uncharacterized transport system, permease component	0.0000	0.0013	0	0.0000	0.0004	0	0.0000	0.0013	0	0.0000	0.0004	0	0.0000	0.0004	0
COG4121	J	tRNA U34 5-methylaminomethyl-2-thiouridine-forming methyltransferase MnmC	0.0000	0.0154	0	0.0800	0.1013	0	0.0000	0.0117	0	0.0171	0.1201	0	0.0001	0.0703	0
COG4122	J	tRNA 5-hydroxyU34 O-methylase TrmR/YrrM	0.0000	0.0522	0	0.2374	0.0527	0	0.0100	0.1757	0	1.0000	0.2906	0	0.7579	0.1144	0
COG4123	J	tRNA1(Val) A37 N6-methylase TrmN6	0.1300	0.0290	0	0.0000	0.0004	0	0.0000	0.0080	0	0.0000	0.0001	0	0.0000	0.0002	0
COG4124	G	Beta-mannanase	0.0000	0.0078	0	0.0000	0.0089	0	0.0000	0.0052	0	0.0000	0.0502	0	0.0000	0.0070	0
COG4125	S	Uncharacterized membrane protein	0.0000	0.0011	0	0.0000	0.0012	0	0.0000	0.0009	0	0.0000	0.0076	0	0.0000	0.0028	0
COG4126	E	Asp/Glu/hydantoin racemase	0.0000	0.0479	0	0.0000	0.0324	0	0.0000	0.0325	0	0.0000	0.3112	0	0.0000	0.1373	0
COG4127	R	Predicted restriction endonuclease, Mrr-cat superfamily	0.0000	0.0364	0	0.0000	0.0395	0	0.0000	0.0135	0	0.4193	0.6291	1	0.0003	0.1530	0
COG4128	R	Zona occludens toxin, predicted ATPase	0.0000	0.0011	0	0.0000	0.0014	0	0.0000	0.0008	0	0.0000	0.0061	0	0.0000	0.0020	0
COG4129	S	Uncharacterized membrane protein YgaE, UPF0421/DUF939 family	0.0000	0.0006	0	0.0000	0.0005	0	0.0000	0.0008	0	0.0000	0.0062	0	0.0000	0.0006	0
COG4130	G	Predicted sugar epimerase, xylose isomerase-like family	0.0000	0.0012	0	0.0000	0.0027	0	0.0000	0.0011	0	0.0000	0.0085	0	0.0000	0.0041	0
COG4132	R	ABC-type uncharacterized transport system, permease component	0.0000	0.0018	0	0.0000	0.0030	0	0.0000	0.0014	0	0.0000	0.0215	0	0.0000	0.0047	0
COG4133	O	ABC-type transport system involved in cytochrome c biogenesis, ATPase component	0.0000	0.0076	0	0.0000	0.0054	0	0.0000	0.0064	0	0.0000	0.0072	0	0.0000	0.0048	0
COG4134	R	ABC-type uncharacterized transport system YnjBCD, periplasmic component	0.0000	0.0029	0	0.0000	0.0056	0	0.0000	0.0020	0	0.0000	0.0795	0	0.0000	0.0077	0
COG4135	R	ABC-type uncharacterized transport system YnjBCD, permease component	0.0000	0.0006	0	0.0000	0.0018	0	0.0000	0.0005	0	0.0000	0.0070	0	0.0000	0.0027	0
COG4136	R	ABC-type uncharacterized transport system YnjBCD, ATPase component	0.0000	0.0007	0	0.0000	0.0025	0	0.0000	0.0006	0	0.0000	0.0096	0	0.0000	0.0038	0
COG4137	R	ABC-type uncharacterized transport system, permease component	0.0000	0.0039	0	0.0000	0.0047	0	0.0000	0.0035	0	0.0000	0.0129	0	0.0000	0.0079	0
COG4138	H	ABC-type cobalamin transport system, ATPase component BtuD	0.0000	0.0000	0	0.0000	0.0007	0	0.0000	0.0000	0	0.0000	0.0093	0	0.0000	0.0026	0
COG4139	H	ABC-type cobalamin transport system, permease component BtuC	0.0000	0.0000	0	0.0000	0.0010	0	0.0000	0.0000	0	0.0000	0.0172	0	0.0000	0.0040	0
COG4143	H	ABC-type thiamine transport system, periplasmic component TbpA	0.0050	0.2302	0	0.7600	0.2340	0	0.0100	0.1719	0	1.0000	0.3815	0	0.0480	0.2673	0
COG4145	H	Na+/panthothenate symporter	0.0000	0.0041	0	0.0000	0.0025	0	0.0000	0.0047	0	0.0320	0.0208	0	0.0000	0.0030	0
COG4146	R	Uncharacterized membrane permease YidK, sodium:solute symporter family	0.0000	0.0003	0	0.0000	0.0002	0	0.0000	0.0004	0	0.0000	0.0007	0	0.0000	0.0002	0
COG4147	C	Na+(or H+)/acetate symporter ActP	0.0000	0.0341	0	0.0000	0.0154	0	0.0000	0.0361	0	0.9060	0.3978	0	0.0160	0.1128	0
COG4148	P	ABC-type molybdate transport system, ATPase component ModC	0.0000	0.0015	0	0.0000	0.0005	0	0.0000	0.0012	0	0.0000	0.0045	0	0.0000	0.0013	0
COG4149	P	ABC-type molybdate transport system, permease component ModB	0.0000	0.0143	0	0.0000	0.0019	0	0.0000	0.0084	0	0.0028	0.0987	0	0.0000	0.0039	0
COG4150	P	ABC-type sulfate transport system, periplasmic component	0.0000	0.0006	0	0.0000	0.0017	0	0.0000	0.0005	0	0.0000	0.0042	0	0.0000	0.0023	0
COG4152	R	ABC-type uncharacterized transport system, ATPase component	0.4600	0.0437	0	0.0200	0.0292	0	0.0000	0.0041	0	0.3386	0.1280	0	0.0000	0.0093	0
COG4154	G	L-fucose mutarotase/ribose pyranase, RbsD/FucU family	0.0000	0.0007	0	0.0000	0.0003	0	0.0000	0.0005	0	0.0000	0.0011	0	0.0000	0.0005	0
COG4158	R	Predicted ABC-type sugar transport system, permease component	0.0000	0.0011	0	0.0000	0.0013	0	0.0000	0.0011	0	0.0000	0.0247	0	0.0000	0.0031	0
COG4160	E	ABC-type arginine/histidine transport system, permease component	0.0000	0.0010	0	0.0000	0.0007	0	0.0000	0.0013	0	0.0000	0.0009	0	0.0000	0.0009	0
COG4166	E	ABC-type oligopeptide transport system, periplasmic component	0.0000	0.0007	0	0.0000	0.0001	0	0.0000	0.0009	0	0.0000	0.0004	0	0.0000	0.0001	0
COG4168	V	ABC-type antimicrobial peptide export system, permease component SapB	0.0000	0.0001	0	0.0000	0.0022	0	0.0000	0.0001	0	0.0000	0.0104	0	0.0000	0.0046	0
COG4171	V	ABC-type antimicrobial peptide export system, permease component SapC	0.0000	0.0000	0	0.0000	0.0005	0	0.0000	0.0000	0	0.0000	0.0014	0	0.0000	0.0008	0
COG4174	Q	ABC-type microcin C transport system, permease component YejB	0.0000	0.0019	0	0.0000	0.0018	0	0.0000	0.0032	0	0.0000	0.0057	0	0.0000	0.0021	0
COG4175	E	ABC-type proline/glycine betaine transport system, ATPase component	0.0000	0.0108	0	0.0000	0.0088	0	0.0000	0.0097	0	0.0101	0.0980	0	0.0000	0.0056	0
COG4176	E	ABC-type proline/glycine betaine transport system, permease component	0.0000	0.0107	0	0.0100	0.0342	0	0.0000	0.0101	0	0.0101	0.1196	0	0.0000	0.0077	0
COG4177	E	ABC-type branched-chain amino acid transport system, permease component	0.0050	0.4202	0	0.9862	0.9568	1	0.0300	0.6421	1	1.0000	0.9992	1	1.0000	0.9908	1
COG4178	R	ABC-type uncharacterized transport system, permease and ATPase components	0.0000	0.0012	0	0.0000	0.0018	0	0.0000	0.0021	0	0.0000	0.0025	0	0.0000	0.0014	0
COG4181	Q	Predicted ABC-type transport system involved in lysophospholipase L1 biosynthesis, ATPase component	0.0000	0.0030	0	0.0000	0.0018	0	0.0000	0.0037	0	0.0000	0.0130	0	0.0000	0.0033	0
COG4185	R	Predicted ABC-type ATPase or kinase	0.0000	0.0063	0	0.0000	0.0025	0	0.0000	0.0023	0	0.0125	0.0190	0	0.0000	0.0012	0
COG4186	R	Uncharacterized conserved protein MJ1445, calcineurin-like phosphoesterase superfamily	0.0000	0.0376	0	0.0000	0.0369	0	0.0000	0.0155	0	0.9622	0.4850	0	0.0004	0.1311	0
COG4187	E	Arginine utilization protein RocB	0.0000	0.0005	0	0.0000	0.0013	0	0.0000	0.0004	0	0.0000	0.0131	0	0.0000	0.0048	0
COG4188	R	Predicted dienelactone hydrolase	0.0000	0.0048	0	0.0000	0.0024	0	0.0000	0.0026	0	0.0000	0.0167	0	0.0000	0.0022	0
COG4189	K	Predicted transcriptional regulator, ArsR family	0.0000	0.0054	0	0.0000	0.0055	0	0.0000	0.0034	0	0.0001	0.1915	0	0.0000	0.0113	0
COG4190	K	Predicted transcriptional regulator, contains HTH domain	0.0000	0.0601	0	0.0700	0.4020	0	0.0000	0.0435	0	0.7143	0.7261	1	0.0000	0.1107	0
COG4191	T	Signal transduction histidine kinase regulating C4-dicarboxylate transport system	0.0000	0.0340	0	0.0000	0.0074	0	0.0000	0.0498	0	0.0000	0.1135	0	0.0000	0.0093	0
COG4192	T	Signal transduction histidine kinase regulating phosphoglycerate transport system	0.0000	0.0012	0	0.0000	0.0029	0	0.0000	0.0011	0	0.0000	0.0107	0	0.0000	0.0051	0
COG4193	G	Beta- N-acetylglucosaminidase	0.0000	0.0005	0	0.0000	0.0007	0	0.0000	0.0005	0	0.0000	0.0035	0	0.0000	0.0011	0
COG4194	S	Uncharacterized membrane protein, DUF1648 family	0.0000	0.0059	0	0.0000	0.0121	0	0.0000	0.0056	0	0.0006	0.2304	0	0.0000	0.0199	0
COG4195	X	Phage-related replication protein YjqB, UPF0714/DUF867 family	0.0000	0.0024	0	0.0000	0.0044	0	0.0000	0.0026	0	0.0000	0.0294	0	0.0000	0.0091	0
COG4196	S	Uncharacterized conserved protein, DUF2126 family	0.0000	0.0005	0	0.0000	0.0025	0	0.0000	0.0005	0	0.0000	0.0226	0	0.0000	0.0057	0
COG4197	K	DNA-binding transcriptional regulator YdaS, prophage-encoded, Cro superfamily	0.0000	0.0003	0	0.0000	0.0004	0	0.0000	0.0003	0	0.0000	0.0011	0	0.0000	0.0006	0
COG4198	S	Uncharacterized conserved protein, DUF1015 family	0.0000	0.1507	0	0.0900	0.6643	1	0.0000	0.1530	0	0.9992	0.8368	1	0.0376	0.6062	1
COG4199	L	ssDNA-specific exonuclease RecJ	0.0000	0.0000	0	0.0000	0.0003	0	0.0000	0.0000	0	0.0000	0.0052	0	0.0000	0.0009	0
COG4200	V	Predicted lantabiotic-exporting membrane pepmease, EfiE/EfiG/ABC2 family	0.0000	0.0027	0	0.0000	0.0035	0	0.0000	0.0013	0	0.0000	0.0172	0	0.0000	0.0035	0
COG4206	H	Outer membrane cobalamin receptor protein BtuB	0.0000	0.0064	0	0.0000	0.0003	0	0.0000	0.0103	0	0.0000	0.0002	0	0.0000	0.0002	0
COG4208	P	ABC-type sulfate transport system, permease component	0.0000	0.0007	0	0.0000	0.0001	0	0.0000	0.0010	0	0.0000	0.0001	0	0.0000	0.0001	0
COG4209	G	ABC-type polysaccharide transport system, permease component	0.0000	0.0009	0	0.0000	0.0006	0	0.0000	0.0006	0	0.0000	0.0006	0	0.0000	0.0005	0
COG4211	G	ABC-type glucose/galactose transport system, permease component	0.0000	0.0002	0	0.0000	0.0010	0	0.0000	0.0002	0	0.0000	0.0034	0	0.0000	0.0011	0
COG4213	G	ABC-type xylose transport system, periplasmic component	0.0000	0.0024	0	0.0000	0.0006	0	0.0000	0.0018	0	0.0000	0.0021	0	0.0000	0.0012	0
COG4214	G	ABC-type xylose transport system, permease component	0.0000	0.0012	0	0.0000	0.0005	0	0.0000	0.0009	0	0.0000	0.0023	0	0.0000	0.0012	0
COG4215	E	ABC-type arginine transport system, permease component	0.0000	0.0011	0	0.0000	0.0007	0	0.0000	0.0015	0	0.0000	0.0010	0	0.0000	0.0009	0
COG4218	H	Tetrahydromethanopterin S-methyltransferase, subunit F	0.0000	0.0120	0	0.0000	0.1022	0	0.0000	0.0049	0	0.1372	0.3309	0	0.0009	0.1128	0
COG4219	T	Signal transducer regulating beta-lactamase production, contains metallopeptidase domain	0.0000	0.0033	0	0.0000	0.0035	0	0.0000	0.0020	0	0.0000	0.0097	0	0.0000	0.0019	0
COG4220	X	Phage DNA packaging protein, Nu1 subunit of terminase	0.0000	0.0004	0	0.0000	0.0003	0	0.0000	0.0004	0	0.0000	0.0007	0	0.0000	0.0004	0
COG4221	C	NADP-dependent 3-hydroxy acid dehydrogenase YdfG	0.0000	0.0144	0	0.0000	0.0004	0	0.0000	0.0146	0	0.9928	0.2344	0	0.0041	0.0087	0
COG4222	S	Uncharacterized conserved protein, contains a phytase-like domain	0.0000	0.0025	0	0.0000	0.0012	0	0.0000	0.0016	0	0.0000	0.0162	0	0.0000	0.0022	0
COG4223	S	Uncharacterized conserved protein	0.0000	0.0022	0	0.0000	0.0022	0	0.0000	0.0021	0	0.0000	0.0133	0	0.0000	0.0025	0
COG4224	S	Uncharacterized conserved protein YnzC, UPF0291/DUF896 family	0.0000	0.0016	0	0.0000	0.0018	0	0.0000	0.0020	0	0.0000	0.0023	0	0.0000	0.0016	0
COG4225	G	Rhamnogalacturonyl hydrolase YesR	0.0000	0.0028	0	0.0000	0.0009	0	0.0000	0.0029	0	0.0000	0.0109	0	0.0000	0.0011	0
COG4226	R	Predicted nuclease of the RNAse H fold, HicB family	0.0000	0.0015	0	0.0000	0.0011	0	0.0000	0.0009	0	0.0000	0.0071	0	0.0000	0.0015	0
COG4227	L	Antirestriction protein ArdC	0.0000	0.0331	0	0.0000	0.0212	0	0.0000	0.0224	0	0.0000	0.1398	0	0.0000	0.0199	0
COG4228	X	Mu-like prophage DNA circulation protein	0.0000	0.0016	0	0.0000	0.0012	0	0.0000	0.0012	0	0.0000	0.0048	0	0.0000	0.0020	0
COG4229	E	Enolase-phosphatase E1 involved in merthionine salvage	0.0000	0.0028	0	0.0000	0.0029	0	0.0000	0.0033	0	0.0000	0.0120	0	0.0000	0.0053	0
COG4230	E	Delta 1-pyrroline-5-carboxylate dehydrogenase	0.0000	0.0001	0	0.0000	0.0005	0	0.0000	0.0001	0	0.0000	0.0013	0	0.0000	0.0005	0
COG4231	C	TPP-dependent indolepyruvate ferredoxin oxidoreductase, alpha subunit	0.0000	0.7933	1	0.0200	0.9978	1	0.0000	0.6311	1	1.0000	1.0000	1	1.0000	0.9999	1
COG4232	O	Thiol:disulfide interchange protein DsbD	0.0000	0.0183	0	0.0000	0.0026	0	0.0000	0.0208	0	0.9602	0.0266	0	0.0038	0.0067	0
COG4233	OC	Thiol-disulfide interchange protein, contains DsbC and DsbD domains	0.0000	0.0018	0	0.0000	0.0042	0	0.0000	0.0022	0	0.0000	0.0097	0	0.0000	0.0039	0
COG4235	CO	Cytochrome c-type biogenesis protein CcmH/NrfG	0.0000	0.0027	0	0.0000	0.0028	0	0.0000	0.0021	0	0.0000	0.0328	0	0.0000	0.0031	0
COG4237	C	Hydrogenase-4 membrane subunit HyfE	0.0000	0.0795	0	0.2773	0.6958	1	0.0000	0.1474	0	0.9991	0.9759	1	0.0602	0.5412	1
COG4238	M	Outer membrane murein-binding lipoprotein Lpp	0.0000	0.0013	0	0.0000	0.0033	0	0.0000	0.0010	0	0.0000	0.0086	0	0.0000	0.0047	0
COG4239	Q	ABC-type microcin C transport system, permease component YejE	0.0000	0.0018	0	0.0000	0.0013	0	0.0000	0.0033	0	0.0000	0.0044	0	0.0000	0.0016	0
COG4240	R	Pantothenate kinase-related protein Tda10 (topoisomerase I damage affected protein)	0.0000	0.0013	0	0.0000	0.0026	0	0.0000	0.0019	0	0.0000	0.0029	0	0.0000	0.0025	0
COG4241	S	Uncharacterized conserved protein YybS, DUF2232 family	0.0000	0.0064	0	0.0000	0.0099	0	0.0000	0.0034	0	0.0000	0.0477	0	0.0000	0.0123	0
COG4242	QR	Cyanophycinase and related exopeptidases	0.0000	0.0081	0	0.0000	0.0034	0	0.0000	0.0036	0	0.0000	0.0858	0	0.0000	0.0099	0
COG4243	R	Vitamin K epoxide reductase (VKOR) family protein, predicted involvement in disulfide bond formation	0.0000	0.0104	0	0.1900	0.1136	0	0.0000	0.0142	0	1.0000	0.7019	1	0.4821	0.2728	0
COG4244	S	Uncharacterized membrane protein	0.0000	0.0018	0	0.0000	0.0046	0	0.0000	0.0014	0	0.0000	0.1165	0	0.0000	0.0138	0
COG4245	S	Uncharacterized conserved protein YegL, contains vWA domain of TerY type	0.0000	0.0049	0	0.0000	0.0022	0	0.0000	0.0032	0	0.0000	0.0135	0	0.0000	0.0022	0
COG4246	S	Uncharacterized conserved protein, contains a phytase-like domain	0.0000	0.0021	0	0.0000	0.0080	0	0.0000	0.0017	0	0.0000	0.0381	0	0.0000	0.0079	0
COG4247	I	3-phytase (myo-inositol-hexaphosphate 3-phosphohydrolase)	0.0000	0.0016	0	0.0000	0.0016	0	0.0000	0.0009	0	0.0000	0.0079	0	0.0000	0.0018	0
COG4248	R	Uncharacterized conserved protein YegI with protein kinase and helix-hairpin-helix DNA-binding domains	0.0000	0.0056	0	0.0000	0.0018	0	0.0000	0.0036	0	0.0000	0.0075	0	0.0000	0.0018	0
COG4249	R	Uncharacterized conserved protein, contains caspase domain	0.0000	0.0477	0	0.0000	0.0223	0	0.0000	0.0285	0	0.0000	0.1730	0	0.0000	0.0296	0
COG4250	T	DICT sensory domain found in diguanylate cyclases and two-component systems	0.0000	0.0140	0	0.0000	0.0089	0	0.0000	0.0093	0	0.0012	0.2747	0	0.0000	0.0239	0
COG4251	T	Bacteriophytochrome (light-regulated signal transduction histidine kinase)	0.0000	0.0587	0	0.0000	0.0835	0	0.0000	0.0426	0	0.0000	0.2888	0	0.0000	0.0800	0
COG4252	T	Extracytoplasmic sensor domain CHASE2 (specificity unknown)	0.0000	0.0016	0	0.0000	0.0045	0	0.0000	0.0013	0	0.0000	0.0206	0	0.0000	0.0071	0
COG4253	S	Uncharacterized conserved protein, DUF2345 family	0.0000	0.0008	0	0.0000	0.0016	0	0.0000	0.0008	0	0.0000	0.0067	0	0.0000	0.0026	0
COG4254	R	Uncharacterized peptidoglycan binding protein, contains LysM and FecR  domains	0.0000	0.0065	0	0.0000	0.0067	0	0.0000	0.0065	0	0.0000	0.0223	0	0.0000	0.0076	0
COG4255	S	Uncharacterized conserved protein	0.0000	0.0006	0	0.0000	0.0053	0	0.0000	0.0005	0	0.0000	0.0234	0	0.0000	0.0129	0
COG4256	H	Hemin uptake protein HemP	0.0000	0.0028	0	0.0000	0.0025	0	0.0000	0.0018	0	0.0000	0.0123	0	0.0000	0.0065	0
COG4257	V	Streptogramin lyase	0.0050	0.0494	0	0.0100	0.0509	0	0.0000	0.0143	0	0.0402	0.1768	0	0.0002	0.0557	0
COG4258	R	Predicted exporter	0.0000	0.0016	0	0.0000	0.0012	0	0.0000	0.0013	0	0.0000	0.0049	0	0.0000	0.0014	0
COG4259	S	Uncharacterized conserved protein, DUF4810 domain	0.0000	0.0004	0	0.0000	0.0008	0	0.0000	0.0003	0	0.0000	0.0013	0	0.0000	0.0008	0
COG4260	O	Membrane protease subunit, stomatin/prohibitin family, contains C-terminal Zn-ribbon domain	0.0000	0.0129	0	0.0000	0.0031	0	0.0000	0.0038	0	0.0000	0.0021	0	0.0000	0.0015	0
COG4261	R	Predicted acyltransferase, LPLAT superfamily	0.0000	0.0008	0	0.0000	0.0010	0	0.0000	0.0005	0	0.0000	0.0024	0	0.0000	0.0013	0
COG4262	R	Predicted spermidine synthase with an N-terminal membrane domain	0.0000	0.0388	0	0.0000	0.0146	0	0.0000	0.0260	0	0.0004	0.1121	0	0.0000	0.0146	0
COG4263	P	Nitrous oxide reductase	0.0000	0.0098	0	0.0000	0.0271	0	0.0000	0.0104	0	0.0067	0.5097	1	0.0000	0.0666	0
COG4264	P	Siderophore synthetase component IucA/IucC/SbnC	0.0000	0.0075	0	0.0000	0.0053	0	0.0000	0.0063	0	0.0010	0.1358	0	0.0000	0.0086	0
COG4266	F	Allantoicase	0.0000	0.0004	0	0.0000	0.0010	0	0.0000	0.0004	0	0.0000	0.0034	0	0.0000	0.0019	0
COG4267	S	Uncharacterized membrane protein	0.0000	0.0008	0	0.0000	0.0010	0	0.0000	0.0010	0	0.0000	0.0039	0	0.0000	0.0014	0
COG4268	V	5-methylcytosine-specific restriction endonuclease McrBC, regulatory subunit McrC	0.0000	0.2056	0	0.4300	0.6746	1	0.0000	0.0586	0	0.3728	0.8953	1	0.0000	0.0910	0
COG4269	S	Uncharacterized membrane protein YjgN, DUF898 family	0.0000	0.0007	0	0.0000	0.0009	0	0.0000	0.0008	0	0.0000	0.0020	0	0.0000	0.0011	0
COG4270	S	Uncharacterized membrane protein	0.0000	0.0008	0	0.0000	0.0002	0	0.0000	0.0009	0	0.1893	0.0200	0	0.0003	0.0025	0
COG4271	R	Predicted nucleotide-binding protein containing TIR -like domain	0.0000	0.0297	0	0.0000	0.0270	0	0.0000	0.0170	0	0.0000	0.2010	0	0.0000	0.0456	0
COG4272	S	Uncharacterized membrane protein	0.0000	0.0094	0	0.1500	0.2388	0	0.0000	0.0111	0	0.7973	0.7573	1	0.0177	0.3144	0
COG4273	S	Uncharacterized conserved protein, contains metal-binding DGC domain	0.0000	0.2759	0	0.1100	0.6836	1	0.0000	0.1941	0	1.0000	0.9854	1	0.9233	0.9126	1
COG4274	S	Uncharacterized conserved protein, contains GYD domain	0.0000	0.0822	0	0.7800	0.8259	1	0.0000	0.1268	0	1.0000	0.9534	1	0.2509	0.8156	1
COG4275	P	Chromate resistance protein ChrB1	0.0000	0.0662	0	0.0100	0.5248	1	0.0000	0.0940	0	0.9995	0.9131	1	0.0017	0.5982	1
COG4276	R	Ligand-binding SRPBCC domain	0.0000	0.0064	0	0.0000	0.0061	0	0.0000	0.0072	0	0.9921	0.4144	0	0.0052	0.0464	0
COG4277	R	Predicted DNA modification or repair protein, contains radical SAM and helix-hairpin-helix domains	0.0000	0.2402	0	0.0900	0.5663	1	0.0000	0.1503	0	0.9999	0.7766	1	0.0596	0.5884	1
COG4278	S	Uncharacterized conserved protein	0.0000	0.0012	0	0.0000	0.0008	0	0.0000	0.0010	0	0.0000	0.0016	0	0.0000	0.0010	0
COG4279	S	Uncharacterized protein, contains SWIM-type Zn finger domain	0.0000	0.0314	0	0.3961	0.5119	1	0.0000	0.0263	0	0.9978	0.9105	1	0.0122	0.3607	0
COG4280	S	Uncharacterized membrane protein	0.0000	0.0032	0	0.0000	0.0182	0	0.0000	0.0035	0	0.6007	0.3837	0	0.0004	0.1100	0
COG4281	I	Acyl-CoA-binding protein	0.0000	0.0033	0	0.0000	0.0054	0	0.0000	0.0024	0	0.0000	0.0466	0	0.0000	0.0101	0
COG4282	M	Cell wall assembly regulator SMI1 (Killer toxin-resistance protein 4)	0.0000	0.0015	0	0.0000	0.0012	0	0.0000	0.0005	0	0.0000	0.0201	0	0.0000	0.0021	0
COG4283	R	Uncharacterized conserved protein DfsB/IRC4, DUF1706 (PF08020) domain	0.0000	0.0023	0	0.0000	0.0012	0	0.0000	0.0020	0	0.0000	0.0060	0	0.0000	0.0018	0
COG4284	G	UDP-N-acetylglucosamine pyrophosphorylase	0.0000	0.0016	0	0.0000	0.0009	0	0.0000	0.0013	0	0.0000	0.0033	0	0.0000	0.0015	0
COG4285	R	Uncharacterized conserved protein, conains N-terminal glutamine amidotransferase (GATase1)-like domain	0.0000	0.0448	0	0.0000	0.0376	0	0.0000	0.0272	0	0.0000	0.0715	0	0.0000	0.0479	0
COG4286	S	Uncharacterized conserved protein, UPF0160 family	0.0000	0.0016	0	0.0000	0.0013	0	0.0000	0.0018	0	0.0000	0.0031	0	0.0000	0.0018	0
COG4287	R	PhoPQ-activated pathogenicity-related protein	0.0000	0.0043	0	0.0000	0.0065	0	0.0000	0.0050	0	0.0000	0.0131	0	0.0000	0.0060	0
COG4288	S	Uncharacterized conserved protein	0.0000	0.0071	0	0.0000	0.0120	0	0.0000	0.0062	0	0.0000	0.1513	0	0.0000	0.0176	0
COG4289	S	Uncharacterized conserved protein, DUF2264 domain	0.0000	0.0012	0	0.0000	0.0005	0	0.0000	0.0014	0	0.0004	0.0088	0	0.0000	0.0005	0
COG4290	F	Guanyl-specific ribonuclease Sa	0.0000	0.0010	0	0.0000	0.0011	0	0.0000	0.0007	0	0.0000	0.0047	0	0.0000	0.0014	0
COG4291	S	Uncharacterized membrane protein	0.0000	0.0016	0	0.0000	0.0032	0	0.0000	0.0014	0	0.0000	0.0239	0	0.0000	0.0030	0
COG4292	S	Low temperature requirement protein LtrA (function unknown)	0.0000	0.0018	0	0.0000	0.0017	0	0.0000	0.0017	0	0.0003	0.0985	0	0.0001	0.0178	0
COG4293	S	Uncharacterized conserved protein, DUF1802 family	0.0000	0.0019	0	0.0000	0.0078	0	0.0000	0.0016	0	0.0236	0.0814	0	0.0001	0.0358	0
COG4294	L	UV DNA damage repair endonuclease	0.0000	0.0205	0	0.3700	0.1813	0	0.0000	0.0233	0	0.7571	0.5838	1	0.0002	0.1843	0
COG4295	R	Predicted RNA repair component, a phosphatase of H2Macro superfamily, DUF2263 family	0.0000	0.0044	0	0.0000	0.0037	0	0.0000	0.0033	0	0.0000	0.0118	0	0.0000	0.0035	0
COG4296	S	Uncharacterized conserved protein, DUF2262 domain	0.0000	0.0008	0	0.0000	0.0011	0	0.0000	0.0005	0	0.0000	0.0089	0	0.0000	0.0017	0
COG4297	S	Uncharacterized conserved protein YjlB, cupin superfamily	0.0000	0.0009	0	0.0000	0.0053	0	0.0000	0.0008	0	0.0000	0.1065	0	0.0000	0.0110	0
COG4298	S	Uncharacterized conserved protein, YiaAB domain	0.0000	0.0004	0	0.0000	0.0007	0	0.0000	0.0003	0	0.0000	0.0067	0	0.0000	0.0015	0
COG4299	R	Predicted acyltransferase, DUF1624 domain	0.0000	0.0061	0	0.0000	0.0072	0	0.0000	0.0039	0	0.0000	0.0238	0	0.0000	0.0098	0
COG4300	P	Cadmium resistance protein CadD, predicted permease	0.0000	0.0078	0	0.0000	0.0100	0	0.0000	0.0067	0	0.0000	0.1508	0	0.0000	0.0196	0
COG4301	R	Uncharacterized protein, contains predicted SAM-dependent methyltransferase domain	0.0000	0.0159	0	0.0100	0.0904	0	0.0000	0.0147	0	0.8726	0.5150	1	0.0019	0.0677	0
COG4302	E	Ethanolamine ammonia-lyase, small subunit	0.0000	0.0015	0	0.0000	0.0007	0	0.0000	0.0013	0	0.0000	0.0068	0	0.0000	0.0015	0
COG4303	E	Ethanolamine ammonia-lyase, large subunit	0.0000	0.0012	0	0.0000	0.0008	0	0.0000	0.0011	0	0.0000	0.0055	0	0.0000	0.0016	0
COG4304	S	Uncharacterized conserved protein, DUF2247 domain	0.0000	0.0001	0	0.0000	0.0003	0	0.0000	0.0001	0	0.0000	0.0015	0	0.0000	0.0005	0
COG4305	M	Peptidoglycan-binding domain, expansin YoaJ	0.0000	0.0011	0	0.0000	0.0011	0	0.0000	0.0004	0	0.0000	0.0073	0	0.0000	0.0014	0
COG4306	S	Uncharacterized conserved protein, DUF2321 domain	0.0000	0.0026	0	0.0000	0.0072	0	0.0000	0.0016	0	0.0000	0.1015	0	0.0000	0.0152	0
COG4307	S	Uncharacterized conserved protein, DUF2248 family	0.0000	0.0013	0	0.0000	0.0016	0	0.0000	0.0010	0	0.0000	0.0133	0	0.0000	0.0045	0
COG4308	Q	Limonene-1,2-epoxide hydrolase LimA/EphG	0.0000	0.0015	0	0.0000	0.0027	0	0.0000	0.0019	0	0.0000	0.0126	0	0.0000	0.0054	0
COG4309	R	SirA-like two-layered alpha/beta sandwich domain, DUF2249 family	0.0000	0.0016	0	0.0000	0.0065	0	0.0000	0.0008	0	0.0319	0.4844	0	0.0000	0.0175	0
COG4310	R	Uncharacterized conserved protein, cotains an aminopeptidase-like domain	0.0000	0.0017	0	0.0000	0.0015	0	0.0000	0.0013	0	0.0000	0.0138	0	0.0000	0.0021	0
COG4311	E	Sarcosine oxidase delta subunit	0.0000	0.0023	0	0.0000	0.0029	0	0.0000	0.0029	0	0.0000	0.0110	0	0.0000	0.0057	0
COG4312	R	Predicted dithiol-disulfide oxidoreductase, DUF899 family	0.0000	0.0014	0	0.0000	0.0023	0	0.0000	0.0019	0	0.0000	0.0579	0	0.0000	0.0054	0
COG4313	M	Sphingosine uptake channel SphA-related outer membrane channel	0.0000	0.0010	0	0.0000	0.0020	0	0.0000	0.0013	0	0.0000	0.0155	0	0.0000	0.0037	0
COG4314	P	Nitrous oxide reductase accessory protein NosL	0.0000	0.0124	0	0.0300	0.1288	0	0.0000	0.0113	0	0.1110	0.6628	1	0.0001	0.2131	0
COG4315	S	Predicted lipoprotein with conserved Yx(FWY)xxD motif (function unknown)	0.0000	0.0161	0	0.0000	0.0746	0	0.0000	0.0116	0	0.0000	0.5564	1	0.0000	0.1002	0
COG4316	S	Uncharacterized conserved protein, DUF2251 domain	0.0000	0.0003	0	0.0000	0.0008	0	0.0000	0.0002	0	0.0000	0.0031	0	0.0000	0.0011	0
COG4317	F	Xanthosine utilization system component, XapX domain	0.0000	0.0030	0	0.0000	0.0053	0	0.0000	0.0020	0	0.0005	0.1169	0	0.0000	0.0123	0
COG4318	S	Uncharacterized conserved protein	0.0000	0.0006	0	0.0000	0.0018	0	0.0000	0.0007	0	0.0000	0.0031	0	0.0000	0.0019	0
COG4319	R	Ketosteroid isomerase homolog YybH	0.0000	0.0118	0	0.0000	0.0266	0	0.0000	0.0098	0	0.9683	0.3886	0	0.0014	0.1259	0
COG4320	S	Uncharacterized conserved protein, DUF2252 family	0.0000	0.0031	0	0.0000	0.0067	0	0.0000	0.0033	0	0.0000	0.1239	0	0.0000	0.0100	0
COG4321	R	Predicted DNA-binding protein, contains ribbon-helix-helix (RHH) domain	0.0000	0.0017	0	0.0000	0.0025	0	0.0000	0.0016	0	0.0000	0.0047	0	0.0000	0.0027	0
COG4322	S	Uncharacterized protein, contains DUF2272 domain	0.0000	0.0007	0	0.0000	0.0015	0	0.0000	0.0007	0	0.0000	0.0127	0	0.0000	0.0022	0
COG4323	S	Uncharacterized conserved protein, DUF962 domain	0.0000	0.0004	0	0.0000	0.0013	0	0.0000	0.0004	0	0.0000	0.0121	0	0.0000	0.0024	0
COG4324	R	Predicted aminopeptidase	0.0000	0.0019	0	0.0000	0.0057	0	0.0000	0.0016	0	0.0000	0.0245	0	0.0000	0.0073	0
COG4325	S	Uncharacterized membrane protein	0.0000	0.0050	0	0.0000	0.0044	0	0.0000	0.0052	0	0.0000	0.0811	0	0.0000	0.0068	0
COG4326	D	Stage 0 sporulation-control protein Spo0M	0.0000	0.0044	0	0.0000	0.0115	0	0.0000	0.0024	0	0.1788	0.4486	0	0.0121	0.0943	0
COG4327	S	Uncharacterized membrane protein, DUF4212 domain	0.0000	0.0012	0	0.0000	0.0011	0	0.0000	0.0011	0	0.0061	0.0955	0	0.0005	0.0100	0
COG4328	R	Predicted nuclease (RNAse H fold)	0.0000	0.0128	0	0.0000	0.0115	0	0.0000	0.0126	0	0.0000	0.0393	0	0.0000	0.0150	0
COG4329	S	Uncharacterized membrane protein, DUF2243 domain	0.0000	0.0025	0	0.0000	0.0022	0	0.0000	0.0030	0	0.0000	0.0424	0	0.0000	0.0040	0
COG4330	S	Uncharacterized membrane protein, DUF1361 domain	0.0000	0.0024	0	0.0000	0.0054	0	0.0000	0.0017	0	0.0000	0.0438	0	0.0000	0.0067	0
COG4331	S	Uncharacterized membrane protein, DUF2127 domain	0.0000	0.0005	0	0.0000	0.0031	0	0.0000	0.0006	0	0.0000	0.0322	0	0.0000	0.0049	0
COG4332	S	Uncharacterized conserved protein, DUF1062 domain	0.0000	0.0004	0	0.0000	0.0005	0	0.0000	0.0002	0	0.0000	0.0213	0	0.0000	0.0018	0
COG4333	S	Uncharacterized conserved protein, DUF1643 domain	0.0000	0.0020	0	0.0000	0.0017	0	0.0000	0.0018	0	0.0094	0.0625	0	0.0001	0.0173	0
COG4334	S	Uncharacterized conserved protein, DUF2255 domain	0.0000	0.0022	0	0.0000	0.0062	0	0.0000	0.0016	0	0.0000	0.1011	0	0.0000	0.0175	0
COG4335	L	3-methylpurine DNA glycosylase AlkC	0.0000	0.0069	0	0.0000	0.0037	0	0.0000	0.0078	0	0.0000	0.0049	0	0.0000	0.0041	0
COG4336	S	Uncharacterized conserved protein YcsI, UPF0317/DUF1446 family	0.0000	0.0693	0	0.0000	0.0448	0	0.0000	0.0455	0	0.0000	0.7042	1	0.0000	0.1091	0
COG4337	S	Uncharacterized conserved protein	0.0000	0.0013	0	0.0000	0.0009	0	0.0000	0.0011	0	0.0000	0.0010	0	0.0000	0.0011	0
COG4338	S	Uncharacterized conserved protein, DUF2256 family	0.0000	0.0003	0	0.0000	0.0004	0	0.0000	0.0003	0	0.0000	0.0016	0	0.0000	0.0008	0
COG4339	R	Predicted metal-dependent phosphohydrolase, HD superfamily	0.0000	0.0032	0	0.0000	0.0015	0	0.0000	0.0045	0	0.0000	0.0123	0	0.0000	0.0019	0
COG4340	R	Predicted dioxygenase, 2-oxoglutarate and Fe-dependent (2OG-Fe) dioxygenase superfamily	0.0000	0.0010	0	0.0000	0.0012	0	0.0000	0.0011	0	0.0000	0.0075	0	0.0000	0.0019	0
COG4341	R	Predicted HD phosphohydrolase	0.0000	0.0008	0	0.0000	0.0015	0	0.0000	0.0012	0	0.0000	0.0050	0	0.0000	0.0027	0
COG4342	X	Phage integrase/recombinase	0.0000	0.1797	0	0.0100	0.8090	1	0.0000	0.0802	0	0.9994	0.9406	1	0.0027	0.8430	1
COG4343	V	CRISPR/Cas system-associated exonuclease Cas4, RecB family	0.0000	0.3750	0	0.7300	0.9412	1	0.0000	0.3327	0	1.0000	0.9486	1	0.7986	0.9617	1
COG4344	K	Predicted transciptional regulator, contains HTH domain	0.0000	0.0778	0	0.0100	0.2530	0	0.0000	0.0341	0	0.9999	0.9300	1	0.0031	0.5513	1
COG4345	R	Predicted DNA binding protein, Pae2254/DUF2258 family	0.0000	0.1187	0	0.0200	0.6826	1	0.0000	0.0772	0	0.9984	0.7645	1	0.0138	0.7355	1
COG4346	O	Predicted membrane-bound dolichyl-phosphate-mannose-protein mannosyltransferase	0.0000	0.1476	0	0.0600	0.5531	1	0.0000	0.1602	0	0.9947	0.8180	1	0.3313	0.6912	1
COG4347	S	Uncharacterized membrane protein YpjA	0.0000	0.0594	0	0.1500	0.1224	0	0.0000	0.0417	0	0.8204	0.4011	0	0.0004	0.1691	0
COG4352	J	Ribosomal protein L13E	0.0000	0.0524	0	0.7600	0.5362	1	0.0000	0.1323	0	0.8507	0.5039	1	0.5203	0.5511	1
COG4353	R	Acetyltransferase superfamily protein, DUF1122 family	0.0000	0.0731	0	0.0300	0.5355	1	0.0000	0.0730	0	0.5377	0.8736	1	0.0092	0.7308	1
COG4354	S	Uncharacterized conserved protein, contains GBA2_N and DUF608 domains	0.0000	0.0271	0	0.0400	0.1608	0	0.0000	0.0254	0	0.7844	0.8029	1	0.0080	0.3540	0
COG4357	S	Uncharacterized conserved protein, contains Zn-finger domain of CHY type	0.0000	0.0037	0	0.0000	0.0033	0	0.0000	0.0032	0	0.0004	0.1202	0	0.0000	0.0074	0
COG4359	E	2-hydroxy-3-keto-5-methylthiopentenyl-1-phosphate phosphatase (methionine salvage)	0.0000	0.0098	0	0.0000	0.0042	0	0.0000	0.0137	0	0.0000	0.0205	0	0.0000	0.0135	0
COG4360	F	ATP adenylyltransferase (5',5'''-P-1,P-4-tetraphosphate phosphorylase II)	0.0000	0.0029	0	0.0000	0.0074	0	0.0000	0.0024	0	0.0000	0.0342	0	0.0000	0.0163	0
COG4362	P	Nitric oxide synthase, oxygenase domain	0.0000	0.0010	0	0.0000	0.0028	0	0.0000	0.0008	0	0.0000	0.0524	0	0.0000	0.0078	0
COG4365	Q	Putative cysteine ligase BshC/YllA (bacillithiol biosynthesis)	0.0000	0.0064	0	0.0000	0.0101	0	0.0000	0.0101	0	0.0000	0.1805	0	0.0000	0.0438	0
COG4367	S	Uncharacterized conserved protein, DUF2316 domain	0.0000	0.0011	0	0.0000	0.0013	0	0.0000	0.0010	0	0.0000	0.0093	0	0.0000	0.0025	0
COG4370	S	Uncharacterized conserved protein	0.0000	0.0023	0	0.0000	0.0090	0	0.0000	0.0030	0	0.0000	0.0128	0	0.0000	0.0105	0
COG4371	S	Uncharacterized membrane protein	0.0000	0.0011	0	0.0000	0.0063	0	0.0000	0.0011	0	0.0000	0.0451	0	0.0000	0.0109	0
COG4372	S	Uncharacterized protein, contains DUF3084 domain	0.0250	0.0110	0	0.0000	0.0015	0	0.0000	0.0037	0	0.0000	0.0048	0	0.0000	0.0015	0
COG4373	X	Mu-like prophage FluMu protein gp28	0.0000	0.0109	0	0.0000	0.0027	0	0.0000	0.0128	0	0.0000	0.0038	0	0.0000	0.0051	0
COG4374	V	PIN domain nuclease, a component of toxin-antitoxin system (PIN domain)	0.0000	0.0010	0	0.0000	0.0047	0	0.0000	0.0005	0	0.0000	0.0398	0	0.0000	0.0068	0
COG4377	R	Predicted metal-dependent membrane protease YhfC, DUF2324 family	0.0000	0.0076	0	0.0100	0.0862	0	0.0000	0.0092	0	1.0000	0.4252	0	0.5486	0.2922	0
COG4378	S	Uncharacterized conserved protein, DUF2325 domain	0.0000	0.0007	0	0.0000	0.0032	0	0.0000	0.0004	0	0.0000	0.0494	0	0.0000	0.0096	0
COG4379	X	Mu-like prophage tail protein gpP	0.0000	0.0008	0	0.0000	0.0007	0	0.0000	0.0010	0	0.0000	0.0012	0	0.0000	0.0011	0
COG4380	S	Uncharacterized conserved protein, DUF799 domain	0.0000	0.0007	0	0.0000	0.0010	0	0.0000	0.0006	0	0.0000	0.0021	0	0.0000	0.0012	0
COG4381	X	Mu-like prophage protein gp46	0.0000	0.0011	0	0.0000	0.0008	0	0.0000	0.0009	0	0.0000	0.0028	0	0.0000	0.0012	0
COG4382	X	Mu-like prophage protein gp16	0.0000	0.0013	0	0.0000	0.0009	0	0.0000	0.0011	0	0.0000	0.0018	0	0.0000	0.0016	0
COG4383	X	Mu-like prophage protein gp29	0.0000	0.0022	0	0.0000	0.0013	0	0.0000	0.0022	0	0.0000	0.0040	0	0.0000	0.0013	0
COG4384	X	Mu-like prophage protein gp45	0.0000	0.0012	0	0.0000	0.0013	0	0.0000	0.0011	0	0.0000	0.0026	0	0.0000	0.0015	0
COG4385	X	Bacteriophage P2-related tail formation protein	0.0000	0.0038	0	0.0000	0.0030	0	0.0000	0.0026	0	0.0000	0.0042	0	0.0000	0.0016	0
COG4386	X	Mu-like prophage tail sheath protein gpL	0.0000	0.0012	0	0.0000	0.0019	0	0.0000	0.0015	0	0.0000	0.0036	0	0.0000	0.0021	0
COG4387	X	Mu-like prophage protein gp36	0.0000	0.0008	0	0.0000	0.0005	0	0.0000	0.0008	0	0.0000	0.0011	0	0.0000	0.0005	0
COG4388	X	Mu-like prophage I protein	0.0000	0.0005	0	0.0000	0.0006	0	0.0000	0.0006	0	0.0000	0.0023	0	0.0000	0.0009	0
COG4389	L	Site-specific recombinase	0.0000	0.0004	0	0.0000	0.0015	0	0.0000	0.0004	0	0.0000	0.0057	0	0.0000	0.0026	0
COG4390	S	Uncharacterized conserved protein, DUF2322 domain	0.0000	0.0002	0	0.0000	0.0009	0	0.0000	0.0002	0	0.0000	0.0052	0	0.0000	0.0018	0
COG4391	S	Uncharacterized protein, contains Zn-finger domain	0.0000	0.0011	0	0.0000	0.0044	0	0.0000	0.0012	0	0.0000	0.0154	0	0.0000	0.0088	0
COG4392	E	Branched-chain amino acid transport protein	0.0000	0.0161	0	0.0000	0.0054	0	0.0000	0.0135	0	0.4371	0.2333	0	0.0009	0.0491	0
COG4393	S	Uncharacterized membrane protein	0.0000	0.0101	0	0.0000	0.0117	0	0.0000	0.0063	0	0.0000	0.0641	0	0.0000	0.0166	0
COG4394	J	Elongation factor P Arg32-rhamnosyltransferase EarP	0.0000	0.0027	0	0.0000	0.0037	0	0.0000	0.0025	0	0.0000	0.0025	0	0.0000	0.0020	0
COG4395	I	Predicted lipid-binding transport protein, Tim44 family	0.0000	0.0013	0	0.0000	0.0011	0	0.0000	0.0009	0	0.0000	0.0019	0	0.0000	0.0015	0
COG4396	X	Mu-like prophage host-nuclease inhibitor protein Gam	0.0000	0.0005	0	0.0000	0.0012	0	0.0000	0.0005	0	0.0000	0.0024	0	0.0000	0.0015	0
COG4397	X	Mu-like prophage major head subunit gpT	0.0000	0.0013	0	0.0000	0.0011	0	0.0000	0.0014	0	0.0000	0.0062	0	0.0000	0.0018	0
COG4398	T	Small ligand-binding sensory domain FIST	0.0000	0.0008	0	0.0000	0.0037	0	0.0000	0.0006	0	0.0000	0.0286	0	0.0000	0.0083	0
COG4399	S	Uncharacterized membrane protein YheB, UPF0754 family	0.0000	0.0309	0	0.0000	0.0175	0	0.0000	0.0147	0	0.0000	0.1146	0	0.0000	0.0362	0
COG4401	E	Chorismate mutase AroH	0.0000	0.0054	0	0.0000	0.0091	0	0.0000	0.0047	0	0.0000	0.0825	0	0.0000	0.0181	0
COG4402	S	Uncharacterized conserved protein, DUF2330 domain	0.0000	0.0014	0	0.0000	0.0023	0	0.0000	0.0011	0	0.0000	0.0108	0	0.0000	0.0040	0
COG4403	V	Lantibiotic modifying enzyme	0.0000	0.0044	0	0.0000	0.0051	0	0.0000	0.0036	0	0.0000	0.0657	0	0.0000	0.0066	0
COG4405	R	Predicted RNA-binding protein YhfF, contains PUA-like ASCH domain	0.0000	0.0025	0	0.0000	0.0018	0	0.0000	0.0030	0	0.0000	0.0079	0	0.0000	0.0046	0
COG4408	S	Uncharacterized conserved protein	0.0000	0.0035	0	0.0000	0.0037	0	0.0000	0.0028	0	0.0000	0.0349	0	0.0000	0.0089	0
COG4409	GM	Neuraminidase (sialidase) NanH, contains C-terminal autotransporter domain	0.0000	0.0435	0	0.0000	0.0180	0	0.0000	0.0485	0	0.0000	0.2388	0	0.0000	0.0417	0
COG4412	O	Bacillopeptidase F, M6 metalloprotease family	0.0000	0.0480	0	0.0000	0.0306	0	0.0000	0.0439	0	0.0000	0.0888	0	0.0000	0.0350	0
COG4413	E	Urea transporter	0.0000	0.0052	0	0.0000	0.0041	0	0.0000	0.0047	0	0.0000	0.1084	0	0.0000	0.0059	0
COG4416	X	Mu-like prophage FluMu protein Com	0.0000	0.0024	0	0.0000	0.0049	0	0.0000	0.0027	0	0.0000	0.0056	0	0.0000	0.0076	0
COG4420	S	Uncharacterized membrane protein	0.0000	0.0045	0	0.0000	0.0028	0	0.0000	0.0040	0	0.0000	0.0041	0	0.0000	0.0020	0
COG4421	M	Capsular polysaccharide biosynthesis protein	0.0000	0.0063	0	0.0000	0.0020	0	0.0000	0.0029	0	0.0000	0.0135	0	0.0000	0.0026	0
COG4422	X	Bacteriophage protein gp37	0.0000	0.0338	0	0.0000	0.0205	0	0.0000	0.0174	0	0.0000	0.1768	0	0.0000	0.0272	0
COG4423	S	Uncharacterized conserved protein	0.0000	0.0023	0	0.0000	0.0037	0	0.0000	0.0015	0	0.0000	0.0221	0	0.0000	0.0062	0
COG4424	M	LPS sulfotransferase NodH	0.0000	0.0192	0	0.0000	0.0266	0	0.0000	0.0303	0	0.0000	0.1021	0	0.0000	0.0278	0
COG4425	S	Uncharacterized membrane protein	0.0000	0.0005	0	0.0000	0.0011	0	0.0000	0.0005	0	0.0000	0.0089	0	0.0000	0.0024	0
COG4427	S	Uncharacterized conserved protein, DUF2332 domain	0.0000	0.0019	0	0.0000	0.0078	0	0.0000	0.0015	0	0.0000	0.1296	0	0.0000	0.0180	0
COG4430	S	Uncharacterized conserved protein YdeI, YjbR/CyaY-like superfamily, DUF1801 family	0.0000	0.0172	0	0.1800	0.0478	0	0.0000	0.0125	0	0.9939	0.2129	0	0.0965	0.0275	0
COG4443	S	Uncharacterized conserved protein	0.0000	0.0034	0	0.0000	0.0057	0	0.0000	0.0033	0	0.0014	0.0493	0	0.0000	0.0073	0
COG4445	J	tRNA isopentenyl-2-thiomethyl-A-37 hydroxylase MiaE (synthesis of 2-methylthio-cis-ribozeatin)	0.0000	0.0012	0	0.0000	0.0020	0	0.0000	0.0021	0	0.0000	0.0029	0	0.0000	0.0020	0
COG4446	S	Uncharacterized conserved protein, DUF1499 family	0.0000	0.0023	0	0.0000	0.0031	0	0.0000	0.0023	0	0.0000	0.0243	0	0.0000	0.0063	0
COG4447	R	Uncharacterized conserved protein related to plant photosystem II stability/assembly factor	0.0000	0.0091	0	0.0300	0.0604	0	0.0000	0.0159	0	1.0000	0.4002	0	0.0470	0.0749	0
COG4448	E	L-asparaginase II	0.0000	0.0020	0	0.0000	0.0024	0	0.0000	0.0023	0	0.0000	0.0124	0	0.0000	0.0033	0
COG4449	R	Predicted protease, Abi (CAAX) family	0.0000	0.0008	0	0.0000	0.0024	0	0.0000	0.0005	0	0.0000	0.0214	0	0.0000	0.0036	0
COG4451	G	Ribulose bisphosphate carboxylase small subunit	0.0000	0.0058	0	0.0000	0.0152	0	0.0000	0.0035	0	0.0000	0.0786	0	0.0000	0.0187	0
COG4452	V	Inner membrane protein CreD involved in colicin E2 resistance	0.0000	0.0005	0	0.0000	0.0004	0	0.0000	0.0004	0	0.0000	0.0007	0	0.0000	0.0005	0
COG4453	S	Uncharacterized conserved protein, DUF1778 family	0.0000	0.0012	0	0.0000	0.0027	0	0.0000	0.0006	0	0.0000	0.0160	0	0.0000	0.0041	0
COG4454	R	Uncharacterized copper-binding protein, cupredoxin-like subfamily	0.0000	0.0012	0	0.0000	0.0020	0	0.0000	0.0016	0	0.0000	0.0187	0	0.0000	0.0034	0
COG4455	R	Protein of avirulence locus involved in temperature-dependent protein secretion	0.0000	0.0021	0	0.0000	0.0043	0	0.0000	0.0018	0	0.0000	0.0142	0	0.0000	0.0050	0
COG4456	S	Virulence-associated protein VagC (function unknown)	0.0000	0.0016	0	0.0000	0.0029	0	0.0000	0.0012	0	0.0000	0.0122	0	0.0000	0.0048	0
COG4457	Q	Virulence factor SrfB-related protein	0.0000	0.0014	0	0.0000	0.0023	0	0.0000	0.0008	0	0.0000	0.0079	0	0.0000	0.0025	0
COG4458	Q	Virulence factor SrfC-related protein	0.0000	0.0016	0	0.0000	0.0031	0	0.0000	0.0010	0	0.0000	0.0101	0	0.0000	0.0033	0
COG4459	C	Periplasmic nitrate reductase system, NapE component	0.0000	0.0002	0	0.0000	0.0006	0	0.0000	0.0002	0	0.0000	0.0052	0	0.0000	0.0014	0
COG4460	S	Uncharacterized conserved protein, DUF4440 domain	0.0000	0.0038	0	0.0000	0.0051	0	0.0000	0.0025	0	0.0000	0.0748	0	0.0000	0.0239	0
COG4461	V	Lysozyme inhibitor LprI	0.0000	0.0004	0	0.0000	0.0003	0	0.0000	0.0004	0	0.0000	0.0028	0	0.0000	0.0006	0
COG4463	K	Transcriptional regulator CtsR	0.0000	0.0026	0	0.0000	0.0051	0	0.0000	0.0013	0	0.0000	0.0283	0	0.0000	0.0080	0
COG4464	T	Tyrosine-protein phosphatase YwqE	0.0000	0.0026	0	0.0000	0.0019	0	0.0000	0.0018	0	0.0000	0.0190	0	0.0000	0.0025	0
COG4465	K	GTP-sensing pleiotropic transcriptional regulator CodY	0.0000	0.0047	0	0.0000	0.0264	0	0.0000	0.0024	0	0.0000	0.1810	0	0.0000	0.0509	0
COG4466	S	Uncharacterized conserved protein Veg, DUF1021 family	0.0000	0.0022	0	0.0000	0.0071	0	0.0000	0.0021	0	0.0000	0.0171	0	0.0000	0.0101	0
COG4467	L	Regulator of replication initiation timing YabA	0.0000	0.0083	0	0.0000	0.0133	0	0.0000	0.0086	0	0.0000	0.0728	0	0.0000	0.0091	0
COG4468	G	Galactose-1-phosphate uridylyltransferase	0.0000	0.0010	0	0.0000	0.0012	0	0.0000	0.0014	0	0.0000	0.0018	0	0.0000	0.0009	0
COG4469	R	Competence protein CoiA, contains predicted nuclease domain	0.0000	0.0038	0	0.0000	0.0030	0	0.0000	0.0034	0	0.0000	0.0434	0	0.0000	0.0052	0
COG4470	S	Uncharacterized conserved protein YutD, DUF1027 family	0.0000	0.0003	0	0.0000	0.0041	0	0.0000	0.0004	0	0.0000	0.0018	0	0.0000	0.0035	0
COG4471	S	Uncharacterized conserved protein YlbG, UPF0298 family	0.0000	0.0001	0	0.0000	0.0019	0	0.0000	0.0001	0	0.0000	0.0042	0	0.0000	0.0034	0
COG4472	S	Uncharacterized conserved protein, UPF0297 family	0.0000	0.0029	0	0.0000	0.0222	0	0.0000	0.0023	0	0.0000	0.0453	0	0.0000	0.0227	0
COG4473	U	Predicted ABC-type exoprotein transport system, permease component	0.0000	0.0005	0	0.0000	0.0020	0	0.0000	0.0005	0	0.0000	0.0190	0	0.0000	0.0045	0
COG4474	X	Uncharacterized SPBc2 prophage-derived protein YoqJ	0.0000	0.0023	0	0.0000	0.0047	0	0.0000	0.0020	0	0.0000	0.0125	0	0.0000	0.0054	0
COG4475	S	Uncharacterized conserved protein YwlG, UPF0340 family	0.0000	0.0017	0	0.0000	0.0087	0	0.0000	0.0023	0	0.0000	0.0702	0	0.0000	0.0091	0
COG4476	S	Uncharacterized conserved protein YktA, UPF0223 family	0.0000	0.0005	0	0.0000	0.0022	0	0.0000	0.0004	0	0.0000	0.0094	0	0.0000	0.0048	0
COG4477	D	Septation ring formation regulator EzrA	0.0000	0.0003	0	0.0000	0.0008	0	0.0000	0.0003	0	0.0000	0.0006	0	0.0000	0.0011	0
COG4478	S	Uncharacterized membrane protein	0.0000	0.0026	0	0.0000	0.0142	0	0.0000	0.0035	0	0.0000	0.0298	0	0.0000	0.0121	0
COG4479	S	Uncharacterized conserved protein YozE, UPF0346 family	0.0000	0.0013	0	0.0000	0.0041	0	0.0000	0.0012	0	0.0000	0.0204	0	0.0000	0.0088	0
COG4481	S	Uncharacterized conserved protein, DUF951 family	0.0000	0.0096	0	0.0000	0.0451	0	0.0000	0.0072	0	0.0000	0.2295	0	0.0000	0.0592	0
COG4483	S	Uncharacterized conserved protein YqgQ, DUF910 family	0.0000	0.0001	0	0.0000	0.0022	0	0.0000	0.0001	0	0.0000	0.0321	0	0.0000	0.0092	0
COG4485	S	Uncharacterized membrane protein YfhO	0.0000	0.0043	0	0.0000	0.0035	0	0.0000	0.0028	0	0.0000	0.0365	0	0.0000	0.0029	0
COG4487	S	Uncharacterized conserved protein, contains DUF2130 domain	0.0000	0.0019	0	0.0000	0.0018	0	0.0000	0.0026	0	0.0000	0.0016	0	0.0000	0.0017	0
COG4492	R	ACT domain-containing protein, UPF0735 family	0.0000	0.0022	0	0.0000	0.0054	0	0.0000	0.0011	0	0.0000	0.0210	0	0.0000	0.0050	0
COG4493	S	Uncharacterized conserved protein YktB, UPF0637 family	0.0000	0.0008	0	0.0000	0.0067	0	0.0000	0.0008	0	0.0000	0.0653	0	0.0000	0.0136	0
COG4495	S	Uncharacterized conserved protein, DUF4176 domain	0.0000	0.0004	0	0.0000	0.0024	0	0.0000	0.0003	0	0.0000	0.0048	0	0.0000	0.0029	0
COG4496	R	Predicted DNA-binding transcriptional regulator YerC, contains ArsR-like HTH domain	0.0000	0.0023	0	0.0000	0.0024	0	0.0000	0.0028	0	0.0000	0.0037	0	0.0000	0.0023	0
COG4499	U	ESX protein secretion system component YukC	0.0000	0.0004	0	0.0000	0.0013	0	0.0000	0.0003	0	0.0000	0.0031	0	0.0000	0.0017	0
COG4502	F	5'(3')-deoxyribonucleotidase	0.0000	0.0026	0	0.0000	0.0035	0	0.0000	0.0022	0	0.0000	0.0143	0	0.0000	0.0025	0
COG4506	S	Uncharacterized beta-barrel protein YwiB, DUF1934 family	0.0000	0.0036	0	0.0000	0.0158	0	0.0000	0.0028	0	0.0000	0.0354	0	0.0000	0.0168	0
COG4508	F	Dimeric dUTPase, all-alpha-NTP-PPase (MazG) superfamily	0.0000	0.0050	0	0.0000	0.0092	0	0.0000	0.0050	0	0.1028	0.0453	0	0.0012	0.0287	0
COG4509	S	Uncharacterized conserved protein	0.0000	0.0017	0	0.0000	0.0052	0	0.0000	0.0012	0	0.0000	0.0009	0	0.0000	0.0045	0
COG4512	KT	Accessory gene regulator protein AgrB	0.0000	0.0009	0	0.0000	0.0034	0	0.0000	0.0006	0	0.0000	0.0093	0	0.0000	0.0042	0
COG4517	S	Uncharacterized conserved protein, DUF1820 domain	0.0000	0.0009	0	0.0000	0.0039	0	0.0000	0.0008	0	0.0000	0.0115	0	0.0000	0.0060	0
COG4518	X	Mu-like prophage FluMu protein gp41	0.0000	0.0001	0	0.0000	0.0009	0	0.0000	0.0001	0	0.0000	0.0031	0	0.0000	0.0012	0
COG4519	S	Uncharacterized conserved protein	0.0000	0.0001	0	0.0000	0.0002	0	0.0000	0.0001	0	0.0000	0.0017	0	0.0000	0.0004	0
COG4520	M	Surface antigen	0.0000	0.0012	0	0.0000	0.0014	0	0.0000	0.0014	0	0.0000	0.0039	0	0.0000	0.0020	0
COG4521	P	ABC-type taurine transport system, periplasmic component	0.0050	0.0029	0	0.0000	0.0024	0	0.0000	0.0012	0	0.0000	0.0064	0	0.0000	0.0025	0
COG4525	P	ABC-type taurine transport system, ATPase component	0.0000	0.0018	0	0.0000	0.0030	0	0.0000	0.0011	0	0.0000	0.0086	0	0.0000	0.0039	0
COG4529	R	Uncharacterized NAD(P)/FAD-binding protein YdhS	0.0000	0.0004	0	0.0000	0.0002	0	0.0000	0.0005	0	0.0000	0.0003	0	0.0000	0.0002	0
COG4530	S	Uncharacterized conserved protein	0.0000	0.0020	0	0.0000	0.0058	0	0.0000	0.0019	0	0.0000	0.0162	0	0.0000	0.0086	0
COG4531	P	ABC-type Zn2+ transport system, periplasmic component/surface adhesin ZnuA	0.0000	0.0001	0	0.0000	0.0001	0	0.0000	0.0001	0	0.0000	0.0017	0	0.0000	0.0002	0
COG4533	K	DNA-binding transcriptional regulator SgrR of sgrS sRNA, contains a MarR-type HTH domain and a periplasmic-type solute-binding domain	0.0000	0.0001	0	0.0000	0.0003	0	0.0000	0.0001	0	0.0000	0.0053	0	0.0000	0.0010	0
COG4535	P	Mg2+ and Co2+ transporter CorC, contains CBS pair and CorC-HlyC domains	0.0000	0.0020	0	0.0000	0.0007	0	0.0000	0.0020	0	0.0000	0.0002	0	0.0000	0.0005	0
COG4536	P	Mg2+ and Co2+ transporter CorB, contains DUF21, CBS pair, and CorC-HlyC domains	0.0000	0.0071	0	0.0000	0.0038	0	0.0000	0.0067	0	0.0000	0.0046	0	0.0000	0.0035	0
COG4537	X	Competence protein ComGC	0.0000	0.0036	0	0.0000	0.0065	0	0.0000	0.0031	0	0.0000	0.0441	0	0.0000	0.0121	0
COG4538	S	Uncharacterized conserved protein, contains SnoaL-like domain	0.0000	0.0006	0	0.0000	0.0024	0	0.0000	0.0006	0	0.0068	0.1436	0	0.0000	0.0046	0
COG4539	I	2-hydroxy fatty acid dioxygenase MPO1 (alpha-oxidation of fatty acids)	0.0000	0.0003	0	0.0000	0.0006	0	0.0000	0.0005	0	0.0000	0.0018	0	0.0000	0.0008	0
COG4540	X	Phage P2 baseplate assembly protein gpV	0.0000	0.0008	0	0.0000	0.0004	0	0.0000	0.0012	0	0.0000	0.0005	0	0.0000	0.0004	0
COG4541	S	Uncharacterized membrane protein	0.0000	0.0022	0	0.0000	0.0036	0	0.0000	0.0014	0	0.0000	0.0524	0	0.0000	0.0084	0
COG4542	Q	PduX protein involved in propanediol utilization and related proteins	0.0000	0.0018	0	0.0000	0.0019	0	0.0000	0.0006	0	0.0000	0.0262	0	0.0000	0.0039	0
COG4544	S	Uncharacterized conserved protein	0.0000	0.0029	0	0.0000	0.0062	0	0.0000	0.0027	0	0.0000	0.0258	0	0.0000	0.0094	0
COG4545	O	Glutaredoxin-related protein	0.0000	0.0004	0	0.0000	0.0021	0	0.0000	0.0004	0	0.0000	0.0038	0	0.0000	0.0021	0
COG4547	H	Cobalamin biosynthesis cobaltochelatase CobT subunit	0.0000	0.0035	0	0.0000	0.0006	0	0.0000	0.0040	0	0.0000	0.0017	0	0.0000	0.0007	0
COG4548	P	Nitric oxide reductase activation protein	0.0000	0.0158	0	0.0000	0.0108	0	0.0000	0.0115	0	0.0000	0.0167	0	0.0000	0.0089	0
COG4549	S	Uncharacterized conserved protein YcnI, contains cohesin/reeler-like domain	0.0000	0.0006	0	0.0000	0.0008	0	0.0000	0.0007	0	0.0000	0.0044	0	0.0000	0.0012	0
COG4550	T	Cell fate regulator YmcA, YheA/YmcA/DUF963 family (controls sporulation, competence, biofilm development)	0.0000	0.0001	0	0.0000	0.0010	0	0.0000	0.0001	0	0.0000	0.0007	0	0.0000	0.0011	0
COG4551	R	Predicted protein tyrosine phosphatase	0.0000	0.0108	0	0.0000	0.0030	0	0.0000	0.0123	0	0.0000	0.0043	0	0.0000	0.0032	0
COG4552	R	Predicted acetyltransferase	0.0000	0.0326	0	0.0000	0.0112	0	0.0000	0.0279	0	0.9995	0.5745	1	0.0462	0.1687	0
COG4553	I	Poly-beta-hydroxyalkanoate depolymerase	0.0000	0.0054	0	0.0000	0.0078	0	0.0000	0.0036	0	0.0000	0.0489	0	0.0000	0.0106	0
COG4555	CP	ABC-type Na+ transport system, ATPase component NatA	0.0600	0.0504	0	0.0000	0.0056	0	0.0000	0.0074	0	0.0000	0.0098	0	0.0000	0.0065	0
COG4558	P	ABC-type hemin transport system, periplasmic component	0.0000	0.0022	0	0.0000	0.0004	0	0.0000	0.0013	0	0.0000	0.0020	0	0.0000	0.0012	0
COG4559	P	ABC-type hemin transport system, ATPase component	0.0000	0.0006	0	0.0000	0.0003	0	0.0000	0.0004	0	0.0000	0.0027	0	0.0000	0.0007	0
COG4564	T	Signal transduction histidine kinase	0.0000	0.0046	0	0.0000	0.0052	0	0.0000	0.0044	0	0.0000	0.0267	0	0.0000	0.0067	0
COG4565	KT	DNA-binding response regulator DpiB of citrate/malate metabolism	0.0000	0.0024	0	0.0000	0.0033	0	0.0000	0.0030	0	0.0000	0.0428	0	0.0000	0.0056	0
COG4566	TK	DNA-binding response regulator, FixJ family, consists of REC and HTH domains	0.0000	0.0009	0	0.0000	0.0010	0	0.0000	0.0007	0	0.0000	0.0289	0	0.0000	0.0022	0
COG4567	TK	DNA-binding response regulator, ActR/RegA family, consists of REC and Fis-type HTH domains	0.0000	0.0013	0	0.0000	0.0013	0	0.0000	0.0015	0	0.0000	0.0026	0	0.0000	0.0016	0
COG4568	K	Transcriptional antiterminator Rof (Rho-off)	0.0000	0.0004	0	0.0000	0.0011	0	0.0000	0.0003	0	0.0000	0.0041	0	0.0000	0.0015	0
COG4569	Q	Acetaldehyde dehydrogenase (acetylating)	0.0000	0.0034	0	0.0000	0.0069	0	0.0000	0.0032	0	0.0000	0.0588	0	0.0000	0.0073	0
COG4570	L	Holliday junction resolvase RusA (prophage-encoded endonuclease)	0.0000	0.0077	0	0.0000	0.0025	0	0.0000	0.0077	0	0.0000	0.0076	0	0.0000	0.0044	0
COG4571	M	Outer membrane protease	0.0000	0.0009	0	0.0000	0.0016	0	0.0000	0.0010	0	0.0000	0.0051	0	0.0000	0.0031	0
COG4572	P	Cation transport regulator ChaB	0.0000	0.0231	0	0.0100	0.1973	0	0.0000	0.0155	0	0.0028	0.5473	1	0.0000	0.0531	0
COG4573	G	Tagatose-1,6-bisphosphate aldolase non-catalytic subunit AgaZ/GatZ	0.0000	0.0063	0	0.0000	0.0042	0	0.0000	0.0046	0	0.0000	0.0137	0	0.0000	0.0072	0
COG4574	O	Serine protease inhibitor ecotin	0.0000	0.0009	0	0.0000	0.0012	0	0.0000	0.0006	0	0.0000	0.0025	0	0.0000	0.0014	0
COG4575	J	Membrane-anchored ribosome-binding protein ElaB, inhibits growth in stationary phase, YqjD/DUF883 family	0.0000	0.0054	0	0.0000	0.0049	0	0.0000	0.0048	0	0.0000	0.0095	0	0.0000	0.0053	0
COG4576	QC	Carboxysome shell and ethanolamine utilization microcompartment protein CcmK/EutM	0.0000	0.0014	0	0.0000	0.0011	0	0.0000	0.0014	0	0.0000	0.0095	0	0.0000	0.0033	0
COG4577	QC	Carboxysome shell and ethanolamine utilization microcompartment protein CcmL/EutN	0.0000	0.0009	0	0.0000	0.0007	0	0.0000	0.0010	0	0.0000	0.0079	0	0.0000	0.0017	0
COG4578	K	DNA-binding transcriptional regulator of glucitol operon	0.0000	0.0009	0	0.0000	0.0012	0	0.0000	0.0008	0	0.0000	0.0028	0	0.0000	0.0020	0
COG4579	T	Isocitrate dehydrogenase kinase/phosphatase	0.0000	0.0010	0	0.0000	0.0046	0	0.0000	0.0013	0	0.0000	0.0234	0	0.0000	0.0085	0
COG4580	G	Maltoporin (phage lambda and maltose receptor)	0.0000	0.0006	0	0.0000	0.0006	0	0.0000	0.0004	0	0.0000	0.0048	0	0.0000	0.0013	0
COG4581	L	Superfamily II RNA helicase	0.0000	0.0036	0	0.0000	0.0003	0	0.0000	0.0041	0	0.0000	0.0004	0	0.0000	0.0006	0
COG4582	D	Cell division protein ZapD, interacts with FtsZ	0.0000	0.0017	0	0.0000	0.0053	0	0.0000	0.0011	0	0.0000	0.0147	0	0.0000	0.0084	0
COG4583	E	Sarcosine oxidase gamma subunit	0.0000	0.0014	0	0.0000	0.0019	0	0.0000	0.0019	0	0.0000	0.0052	0	0.0000	0.0024	0
COG4584	X	Transposase	0.0000	0.0154	0	0.0300	0.0961	0	0.0000	0.0115	0	0.0067	0.3139	0	0.0000	0.0164	0
COG4585	T	Signal transduction histidine kinase ComP	0.0000	0.0022	0	0.0000	0.0018	0	0.0000	0.0015	0	0.0000	0.0628	0	0.0000	0.0035	0
COG4586	R	ABC-type uncharacterized transport system, ATPase component	0.0050	0.0061	0	0.0000	0.0003	0	0.0000	0.0032	0	0.0000	0.0007	0	0.0000	0.0004	0
COG4587	R	ABC-type uncharacterized transport system, permease component	0.0000	0.0025	0	0.0000	0.0003	0	0.0000	0.0029	0	0.0000	0.0005	0	0.0000	0.0003	0
COG4588	M	Accessory colonization factor AcfC, contains ABC-type periplasmic domain	0.0000	0.0054	0	0.0000	0.0092	0	0.0000	0.0043	0	0.0000	0.0858	0	0.0000	0.0204	0
COG4589	R	Predicted CDP-diglyceride synthetase/phosphatidate cytidylyltransferase	0.0000	0.0003	0	0.0000	0.0000	0	0.0000	0.0004	0	0.0000	0.0000	0	0.0000	0.0000	0
COG4590	R	ABC-type uncharacterized transport system, permease component	0.0000	0.0009	0	0.0000	0.0042	0	0.0000	0.0006	0	0.0000	0.0306	0	0.0000	0.0074	0
COG4591	M	ABC-type transport system involved in lipoprotein release, permease component LolC	0.0000	0.0519	0	0.0100	0.0102	0	0.0000	0.0684	0	0.1749	0.0103	0	0.0000	0.0005	0
COG4592	P	ABC-type Fe2+-enterobactin transport system, periplasmic component	0.0000	0.0003	0	0.0000	0.0005	0	0.0000	0.0002	0	0.0000	0.0016	0	0.0000	0.0008	0
COG4594	P	ABC-type Fe3+-citrate transport system, periplasmic component	0.0000	0.0002	0	0.0000	0.0004	0	0.0000	0.0002	0	0.0000	0.0026	0	0.0000	0.0006	0
COG4597	E	ABC-type amino acid transport system, permease component	0.0000	0.0021	0	0.0000	0.0034	0	0.0000	0.0041	0	0.0000	0.0037	0	0.0000	0.0029	0
COG4598	E	ABC-type histidine transport system, ATPase component	0.0000	0.0010	0	0.0000	0.0015	0	0.0000	0.0011	0	0.0000	0.0079	0	0.0000	0.0032	0
COG4603	F	ABC-type guanosine uptake system NupNOPQ, permease component NupP	0.0000	0.0841	0	0.4060	0.4669	0	0.0000	0.1483	0	1.0000	0.9417	1	0.9999	0.9729	1
COG4604	P	ABC-type enterochelin transport system, ATPase component	0.0000	0.0005	0	0.0000	0.0001	0	0.0000	0.0004	0	0.0000	0.0003	0	0.0000	0.0001	0
COG4605	P	ABC-type enterochelin transport system, permease component	0.0000	0.0005	0	0.0000	0.0001	0	0.0000	0.0004	0	0.0000	0.0002	0	0.0000	0.0001	0
COG4606	P	ABC-type enterochelin transport system, permease component	0.0000	0.0005	0	0.0000	0.0001	0	0.0000	0.0004	0	0.0000	0.0002	0	0.0000	0.0001	0
COG4607	P	ABC-type enterochelin transport system, periplasmic component	0.0000	0.0004	0	0.0000	0.0001	0	0.0000	0.0004	0	0.0000	0.0001	0	0.0000	0.0001	0
COG4608	E	ABC-type oligopeptide transport system, ATPase component	0.0000	0.9030	1	0.4700	0.7614	1	0.0000	0.7510	1	1.0000	0.9962	1	1.0000	0.9856	1
COG4615	P	ABC-type siderophore export system, fused ATPase and permease components	0.0000	0.0013	0	0.0000	0.0031	0	0.0000	0.0011	0	0.0000	0.0290	0	0.0000	0.0078	0
COG4618	U	ABC-type protease/lipase transport system, ATPase and permease components	0.0000	0.0021	0	0.0000	0.0022	0	0.0000	0.0020	0	0.0000	0.0071	0	0.0000	0.0036	0
COG4619	P	ABC-type iron transporter FetAB, ATPase component	0.0000	0.0028	0	0.0000	0.0079	0	0.0000	0.0023	0	0.0000	0.0774	0	0.0000	0.0166	0
COG4623	MT	Membrane-bound lytic murein transglycosylase MltF	0.0000	0.0014	0	0.0000	0.0013	0	0.0000	0.0024	0	0.0000	0.0028	0	0.0000	0.0024	0
COG4624	C	Iron only hydrogenase large subunit, C-terminal domain	0.0000	0.0035	0	0.0000	0.0094	0	0.0000	0.0021	0	0.0000	0.0285	0	0.0000	0.0136	0
COG4625	S	Uncharacterized conserved protein, contains a C-terminal beta-barrel porin domain	0.0000	0.0041	0	0.0000	0.0017	0	0.0000	0.0034	0	0.0000	0.0048	0	0.0000	0.0018	0
COG4626	X	Phage terminase-like protein, large subunit, contains N-terminal HTH domain	0.0000	0.0021	0	0.0000	0.0003	0	0.0000	0.0027	0	0.0000	0.0004	0	0.0000	0.0003	0
COG4627	R	Predicted SAM-depedendent methyltransferase	0.0950	0.1174	0	0.0000	0.0118	0	0.0000	0.0194	0	0.0000	0.0255	0	0.0000	0.0083	0
COG4628	S	Uncharacterized conserved protein, DUF2132 family	0.0000	0.0008	0	0.0000	0.0008	0	0.0000	0.0011	0	0.0000	0.0020	0	0.0000	0.0014	0
COG4630	F	Xanthine dehydrogenase, Fe-S cluster and FAD-binding subunit XdhA	0.0000	0.0029	0	0.0000	0.0029	0	0.0000	0.0029	0	0.0000	0.0081	0	0.0000	0.0076	0
COG4631	F	Xanthine dehydrogenase, molybdopterin-binding subunit XdhB	0.0000	0.0044	0	0.0000	0.0023	0	0.0000	0.0029	0	0.0000	0.0041	0	0.0000	0.0050	0
COG4632	G	Sugar-P-sugar glycosidase (uncovering enzyme, UCE), NAGPA superfamily	0.0000	0.0060	0	0.0000	0.0020	0	0.0000	0.0034	0	0.0000	0.0070	0	0.0000	0.0020	0
COG4633	R	Plastocyanin domain containing protein	0.0000	0.0046	0	0.0000	0.0078	0	0.0000	0.0037	0	0.0000	0.0249	0	0.0000	0.0076	0
COG4634	R	Predicted nuclease, contains PIN domain, potential toxin-antitoxin system component	0.0150	0.3988	0	0.0000	0.4832	0	0.0000	0.0706	0	0.0000	0.8160	1	0.0000	0.5003	1
COG4635	H	Protoporphyrinogen IX oxidase, menaquinone-dependent (flavodoxin domain)	0.0150	0.3372	0	0.0200	0.3050	0	0.0000	0.0842	0	1.0000	0.9445	1	0.9987	0.8260	1
COG4636	R	Endonuclease, Uma2 family (restriction endonuclease fold)	0.0000	0.0097	0	0.0000	0.0195	0	0.0000	0.0053	0	0.0000	0.2015	0	0.0000	0.0172	0
COG4637	R	Predicted ATPase	0.0000	0.1242	0	0.0000	0.0539	0	0.0000	0.0483	0	0.9952	0.6345	1	0.0175	0.1418	0
COG4638	PR	Phenylpropionate dioxygenase or related ring-hydroxylating dioxygenase, large terminal subunit	0.0000	0.0017	0	0.0000	0.0011	0	0.0000	0.0024	0	0.3678	0.0650	0	0.0002	0.0184	0
COG4639	R	Predicted kinase	0.0000	0.0074	0	0.0000	0.0065	0	0.0000	0.0041	0	0.0000	0.0541	0	0.0000	0.0050	0
COG4640	S	Uncharacterized protein YvbJ, contains N-terminal Zn ribbon domain	0.0000	0.0018	0	0.0397	0.0052	0	0.0000	0.0008	0	0.0463	0.0137	0	0.0003	0.0054	0
COG4641	D	Spore maturation protein CgeB	0.4700	0.1562	0	0.1300	0.0322	0	0.0000	0.0155	0	0.0045	0.0604	0	0.0000	0.0035	0
COG4642	S	Uncharacterized conserved protein	0.0000	0.0010	0	0.0000	0.0017	0	0.0000	0.0009	0	0.0000	0.0071	0	0.0000	0.0025	0
COG4643	X	Uncharacterized domain associated with phage/plasmid primase	0.0000	0.0122	0	0.0000	0.0087	0	0.0000	0.0105	0	0.0000	0.0274	0	0.0000	0.0080	0
COG4644	X	Transposase and inactivated derivatives, TnpA family	0.0000	0.0012	0	0.0000	0.0017	0	0.0000	0.0009	0	0.0000	0.0364	0	0.0000	0.0022	0
COG4645	R	Predicted acyltransferase	0.0000	0.0016	0	0.0000	0.0022	0	0.0000	0.0014	0	0.0000	0.0148	0	0.0000	0.0036	0
COG4646	L	Adenine-specific DNA methylase, N12 class	0.0000	0.0028	0	0.0000	0.0100	0	0.0000	0.0023	0	0.0000	0.0661	0	0.0000	0.0175	0
COG4647	Q	Acetone carboxylase, gamma subunit	0.0000	0.0145	0	0.0000	0.0348	0	0.0000	0.0085	0	0.0000	0.3342	0	0.0000	0.1459	0
COG4648	S	Uncharacterized membrane protein	0.0000	0.0003	0	0.0000	0.0006	0	0.0000	0.0004	0	0.0000	0.0013	0	0.0000	0.0008	0
COG4649	S	TPR-like repeat domain	0.0000	0.0011	0	0.0000	0.0048	0	0.0000	0.0015	0	0.0000	0.0014	0	0.0000	0.0030	0
COG4650	KT	Sigma54-dependent transcription regulator containing an AAA-type ATPase domain and a DNA-binding domain	0.0000	0.0006	0	0.0000	0.0007	0	0.0000	0.0004	0	0.0000	0.0027	0	0.0000	0.0012	0
COG4651	P	Predicted Kef-type K+ transport protein, K+/H+ antiporter domain	0.0000	0.0051	0	0.0000	0.0062	0	0.0000	0.0055	0	0.0000	0.0329	0	0.0000	0.0100	0
COG4652	S	Uncharacterized conserved protein, DUF1430 domain	0.0000	0.0006	0	0.0000	0.0020	0	0.0000	0.0005	0	0.0000	0.0059	0	0.0000	0.0022	0
COG4653	X	Predicted phage phi-C31 gp36 major capsid-like protein	0.0000	0.0033	0	0.0000	0.0005	0	0.0000	0.0044	0	0.0000	0.0004	0	0.0000	0.0003	0
COG4654	C	Cytochrome c551/c552	0.0000	0.0025	0	0.0000	0.0064	0	0.0000	0.0024	0	0.0000	0.0155	0	0.0000	0.0058	0
COG4655	R	Uncharacterized conserved protein, contains TadX/Tad_C domain	0.0000	0.0020	0	0.0000	0.0023	0	0.0000	0.0017	0	0.0000	0.0079	0	0.0000	0.0036	0
COG4656	C	Na+-translocating ferredoxin:NAD+ oxidoreductase  RNF, RnfC subunit	0.0000	0.2826	0	0.0600	0.5392	1	0.0000	0.3849	0	0.0030	0.3990	0	0.0002	0.4507	0
COG4657	C	Na+-translocating ferredoxin:NAD+ oxidoreductase RNF, RnfA subunit	0.0000	0.0192	0	0.0100	0.0639	0	0.0000	0.0153	0	0.0005	0.0190	0	0.0000	0.0028	0
COG4658	C	Na+-translocating ferredoxin:NAD+ oxidoreductase  RNF, RnfD subunit	0.0000	0.0211	0	0.0500	0.0283	0	0.0000	0.0272	0	0.0005	0.0087	0	0.0000	0.0010	0
COG4659	C	Na+-translocating ferredoxin:NAD+ oxidoreductase RNF, RnfG subunit	0.0000	0.0207	0	0.0800	0.1147	0	0.0000	0.0208	0	0.0005	0.0699	0	0.0000	0.0048	0
COG4660	C	Na+-translocating ferredoxin:NAD+ oxidoreductase  RNF, RnfE subunit	0.0000	0.0210	0	0.0200	0.0685	0	0.0000	0.0158	0	0.0005	0.0163	0	0.0000	0.0030	0
COG4662	P	ABC-type tungstate transport system, periplasmic component	0.0000	0.3435	0	0.0500	0.8605	1	0.0000	0.3097	0	1.0000	0.9939	1	0.9999	0.9862	1
COG4663	Q	TRAP-type mannitol/chloroaromatic compound transport system, periplasmic component	0.0000	0.0049	0	0.0000	0.0027	0	0.0000	0.0066	0	0.0000	0.0073	0	0.0000	0.0038	0
COG4664	Q	TRAP-type mannitol/chloroaromatic compound transport system, large permease component	0.0000	0.0041	0	0.0000	0.0030	0	0.0000	0.0052	0	0.0000	0.0074	0	0.0000	0.0035	0
COG4665	Q	TRAP-type mannitol/chloroaromatic compound transport system, small permease component	0.0000	0.0075	0	0.0000	0.0033	0	0.0000	0.0097	0	0.0000	0.0189	0	0.0000	0.0058	0
COG4666	R	TRAP-type uncharacterized transport system, fused permease components	0.0000	0.0968	0	0.0100	0.1419	0	0.0000	0.0405	0	0.9998	0.8585	1	0.0560	0.2996	0
COG4667	I	Predicted phospholipase, patatin/cPLA2 family	0.0000	0.0014	0	0.0100	0.0028	0	0.0000	0.0011	0	0.0033	0.0013	0	0.0004	0.0018	0
COG4668	G	Mannitol/fructose-specific phosphotransferase system, IIA domain	0.0000	0.0010	0	0.0000	0.0016	0	0.0000	0.0012	0	0.0000	0.0051	0	0.0000	0.0022	0
COG4669	U	Type III secretory pathway, lipoprotein EscJ	0.0000	0.0006	0	0.0000	0.0005	0	0.0000	0.0006	0	0.0000	0.0004	0	0.0000	0.0005	0
COG4670	I	Acyl CoA:acetate/3-ketoacid CoA transferase	0.0000	0.0259	0	0.0800	0.0865	0	0.0000	0.0245	0	0.9998	0.6152	1	0.0815	0.1794	0
COG4671	R	Predicted glycosyl transferase	0.0000	0.0101	0	0.0000	0.0090	0	0.0000	0.0052	0	0.0000	0.0482	0	0.0000	0.0142	0
COG4672	X	Phage tail protein	0.0000	0.0015	0	0.0000	0.0017	0	0.0000	0.0012	0	0.0000	0.0110	0	0.0000	0.0039	0
COG4674	R	ABC-type uncharacterized transport system, ATPase component	0.0000	0.0056	0	0.0000	0.0038	0	0.0000	0.0036	0	0.0031	0.2664	0	0.0001	0.0313	0
COG4675	X	Phage tail collar domain	0.0000	0.0089	0	0.0000	0.0028	0	0.0000	0.0042	0	0.0000	0.0142	0	0.0000	0.0033	0
COG4676	S	Uncharacterized conserved protein YfaP, DUF2135 family	0.0000	0.0043	0	0.0000	0.0014	0	0.0000	0.0039	0	0.0000	0.0039	0	0.0000	0.0013	0
COG4677	GI	Pectin methylesterase and related acyl-CoA thioesterases	0.0000	0.0064	0	0.0000	0.0081	0	0.0000	0.0062	0	0.0000	0.0420	0	0.0000	0.0071	0
COG4678	MX	Muramidase (phage lambda lysozyme)	0.0000	0.0020	0	0.0000	0.0045	0	0.0000	0.0015	0	0.0000	0.0111	0	0.0000	0.0055	0
COG4679	X	Phage-related protein	0.0000	0.0014	0	0.0000	0.0010	0	0.0000	0.0011	0	0.0000	0.0035	0	0.0000	0.0017	0
COG4680	JV	mRNA-degrading endonuclease (mRNA interferase) HigB, toxic component of the HigAB toxin-antitoxin module	0.0000	0.0018	0	0.0000	0.0028	0	0.0000	0.0013	0	0.0000	0.0117	0	0.0000	0.0044	0
COG4681	S	Uncharacterized conserved protein YaeQ, suppresses RfaH defect	0.0000	0.0007	0	0.0000	0.0007	0	0.0000	0.0004	0	0.0000	0.0063	0	0.0000	0.0021	0
COG4682	S	Uncharacterized membrane protein YiaA	0.0000	0.0002	0	0.0000	0.0003	0	0.0000	0.0001	0	0.0000	0.0015	0	0.0000	0.0005	0
COG4683	S	Uncharacterized conserved protein	0.0000	0.0012	0	0.0000	0.0019	0	0.0000	0.0009	0	0.0000	0.0131	0	0.0000	0.0042	0
COG4684	S	Uncharacterized membrane protein	0.0000	0.0021	0	0.0000	0.0254	0	0.0000	0.0009	0	0.0000	0.1294	0	0.0000	0.0472	0
COG4685	S	Uncharacterized conserved protein YfaA, DUF2138 family	0.0000	0.0002	0	0.0000	0.0007	0	0.0000	0.0002	0	0.0000	0.0017	0	0.0000	0.0009	0
COG4687	S	Uncharacterized conserved protein	0.0000	0.0003	0	0.0000	0.0016	0	0.0000	0.0003	0	0.0000	0.0025	0	0.0000	0.0022	0
COG4688	S	Uncharacterized conserved protein	0.0000	0.0003	0	0.0000	0.0006	0	0.0000	0.0003	0	0.0000	0.0033	0	0.0000	0.0009	0
COG4689	Q	Acetoacetate decarboxylase	0.0000	0.0283	0	0.0800	0.1373	0	0.0000	0.0287	0	0.9993	0.6824	1	0.0275	0.2679	0
COG4690	E	Dipeptidase	0.0000	0.0493	0	0.3800	0.6070	1	0.0000	0.0320	0	1.0000	0.9204	1	0.9223	0.8661	1
COG4691	V	Plasmid stability protein StbC1, contains ribbon-helix-helix domain	0.0000	0.0029	0	0.0000	0.0052	0	0.0000	0.0015	0	0.0000	0.0318	0	0.0000	0.0125	0
COG4692	GM	Predicted neuraminidase (sialidase)	0.0000	0.0081	0	0.0000	0.0048	0	0.0000	0.0081	0	0.0000	0.0179	0	0.0000	0.0086	0
COG4693	P	Oxidoreductase (NAD-binding), involved in siderophore biosynthesis	0.0000	0.0005	0	0.0000	0.0009	0	0.0000	0.0002	0	0.0000	0.0067	0	0.0000	0.0014	0
COG4694	J	Wobble nucleotide-excising tRNase	0.0000	0.0049	0	0.0000	0.0050	0	0.0000	0.0036	0	0.0000	0.0258	0	0.0000	0.0045	0
COG4695	X	Phage portal protein BeeE	0.0000	0.0034	0	0.0000	0.0003	0	0.0000	0.0033	0	0.0000	0.0003	0	0.0000	0.0002	0
COG4696	F	NTP pyrophosphatase, MazG superfamily	0.0000	0.0012	0	0.0000	0.0008	0	0.0000	0.0018	0	0.0000	0.0006	0	0.0000	0.0009	0
COG4697	S	Uncharacterized conserved protein, DUF2139 domain	0.0000	0.0473	0	0.0000	0.2031	0	0.0000	0.0226	0	0.9828	0.6237	1	0.0025	0.5253	1
COG4698	S	Uncharacterized conserved protein YpmS, DUF2140 family	0.0000	0.0015	0	0.0000	0.0102	0	0.0000	0.0013	0	0.0000	0.0591	0	0.0000	0.0189	0
COG4699	S	Uncharacterized conserved protein, DUF1033 domain	0.0000	0.0001	0	0.0000	0.0013	0	0.0000	0.0001	0	0.0000	0.0043	0	0.0000	0.0028	0
COG4700	S	Uncharacterized conserved protein ECs_4300, contains TPR-like domain	0.0000	0.0014	0	0.0000	0.0015	0	0.0000	0.0010	0	0.0000	0.0080	0	0.0000	0.0024	0
COG4701	S	Uncharacterized conserved protein	0.0000	0.0009	0	0.0000	0.0029	0	0.0000	0.0009	0	0.0000	0.0126	0	0.0000	0.0049	0
COG4702	S	Uncharacterized conserved protein, UPF0303 family	0.0000	0.0006	0	0.0000	0.0007	0	0.0000	0.0005	0	0.0000	0.0028	0	0.0000	0.0012	0
COG4703	S	Uncharacterized conserved protein YkuJ, DUF1797 family	0.0000	0.0000	0	0.0000	0.0018	0	0.0000	0.0000	0	0.0000	0.0171	0	0.0000	0.0070	0
COG4704	S	Uncharacterized conserved protein, DUF2141 family	0.0000	0.0023	0	0.0000	0.0008	0	0.0000	0.0017	0	0.0000	0.0017	0	0.0000	0.0007	0
COG4705	S	Uncharacterized membrane-anchored protein	0.0000	0.0021	0	0.0000	0.0036	0	0.0000	0.0021	0	0.0000	0.0196	0	0.0000	0.0036	0
COG4706	I	Predicted 3-hydroxylacyl-ACP dehydratase, HotDog domain	0.0000	0.0009	0	0.0000	0.0006	0	0.0000	0.0007	0	0.0000	0.0010	0	0.0000	0.0008	0
COG4707	X	Prophage pi2 protein 07	0.0000	0.0000	0	0.0000	0.0004	0	0.0000	0.0000	0	0.0000	0.0020	0	0.0000	0.0007	0
COG4708	FJ	ECF-type transporter of queuosine precursor, membrane (S) component	0.0000	0.0791	0	0.6300	0.8968	1	0.0000	0.1757	0	0.8033	0.7285	1	0.4022	0.9040	1
COG4709	S	Uncharacterized membrane protein	0.0000	0.0122	0	0.1100	0.0769	0	0.0000	0.0104	0	0.9951	0.1876	0	0.0153	0.0510	0
COG4710	R	Predicted DNA-binding protein with an HTH domain	0.0000	0.0117	0	0.0000	0.0180	0	0.0000	0.0130	0	0.0000	0.0843	0	0.0000	0.0263	0
COG4711	S	Uncharacterized membrane protein	0.0000	0.0349	0	0.0300	0.0702	0	0.0000	0.0190	0	0.7548	0.4233	0	0.1433	0.1347	0
COG4712	L	Predicted ssDNA annealing protein, contains HHH motif, Rad42/Rad22/RecT/erf family	0.0000	0.0006	0	0.0000	0.0009	0	0.0000	0.0006	0	0.0000	0.0076	0	0.0000	0.0014	0
COG4713	S	Uncharacterized membrane protein	0.0000	0.0040	0	0.0100	0.0494	0	0.0000	0.0015	0	0.0020	0.1765	0	0.0000	0.0080	0
COG4714	S	Uncharacterized membrane-anchored protein	0.0000	0.0012	0	0.0000	0.0014	0	0.0000	0.0010	0	0.0000	0.0055	0	0.0000	0.0016	0
COG4715	S	Uncharacterized protein, contains SWIM-type Zn finger domain	0.0000	0.0329	0	0.0100	0.1329	0	0.0000	0.0094	0	0.0188	0.5060	1	0.0000	0.0424	0
COG4716	S	Myosin-crossreactive antigen  (function unknown)	0.0000	0.0091	0	0.0000	0.0059	0	0.0000	0.0033	0	0.0000	0.0212	0	0.0000	0.0043	0
COG4717	S	Uncharacterized conserved protein YhaN, contains AAA domain	0.0700	0.0669	0	0.0000	0.0456	0	0.0000	0.0064	0	0.0000	0.2063	0	0.0000	0.0885	0
COG4718	X	Phage tail protein	0.0000	0.0004	0	0.0000	0.0008	0	0.0000	0.0004	0	0.0000	0.0051	0	0.0000	0.0015	0
COG4719	S	Uncharacterized conserved protein, UCP014979 family	0.0000	0.0006	0	0.0000	0.0014	0	0.0000	0.0005	0	0.0000	0.0048	0	0.0000	0.0017	0
COG4720	H	ECF-type riboflavin transporter, membrane (S) component	0.0000	0.4240	0	0.4756	0.9337	1	0.0000	0.4164	0	1.0000	0.9282	1	0.9776	0.9891	1
COG4721	H	ABC-type thiamine/hydroxymethylpyrimidine transport system, permease component	0.0000	0.0187	0	0.0400	0.1435	0	0.0000	0.0226	0	0.6473	0.4370	0	0.0929	0.1725	0
COG4722	X	Phage-related protein YomH	0.0000	0.0035	0	0.0000	0.0043	0	0.0000	0.0029	0	0.0000	0.0131	0	0.0000	0.0057	0
COG4723	X	Phage-related protein, tail assembly protein I	0.0000	0.0004	0	0.0000	0.0008	0	0.0000	0.0004	0	0.0000	0.0040	0	0.0000	0.0016	0
COG4724	G	Endo-beta-N-acetylglucosaminidase D	0.0000	0.0005	0	0.0000	0.0011	0	0.0000	0.0005	0	0.0000	0.0031	0	0.0000	0.0013	0
COG4725	J	N6-adenosine-specific RNA methylase IME4	0.0000	0.0080	0	0.0100	0.0263	0	0.0000	0.0069	0	0.0008	0.0369	0	0.0011	0.0212	0
COG4726	NW	Type IV pilus assembly protein PilX	0.0000	0.0037	0	0.0000	0.0024	0	0.0000	0.0036	0	0.0000	0.0101	0	0.0000	0.0043	0
COG4727	S	Uncharacterized conserved protein, DUF2145 domain	0.0000	0.0003	0	0.0000	0.0005	0	0.0000	0.0002	0	0.0000	0.0013	0	0.0000	0.0007	0
COG4728	S	Uncharacterized conserved protein, DUF1653 family	0.0000	0.0005	0	0.0000	0.0002	0	0.0000	0.0008	0	0.0000	0.0002	0	0.0000	0.0001	0
COG4729	S	Uncharacterized conserved protein, DUF1850 family	0.0000	0.0123	0	0.0200	0.0432	0	0.0000	0.0087	0	0.5426	0.4650	0	0.0010	0.0689	0
COG4731	S	Uncharacterized conserved protein, DUF2147 family	0.0000	0.0006	0	0.0000	0.0008	0	0.0000	0.0006	0	0.0000	0.0055	0	0.0000	0.0008	0
COG4732	H	ECF-type thiazole transporter, membrane (S) component ThiW	0.0000	0.0659	0	0.6800	0.5877	1	0.0000	0.0818	0	0.9996	0.9007	1	0.8133	0.8388	1
COG4733	X	Phage-related protein, tail protein J	0.0000	0.0589	0	0.0000	0.0110	0	0.0000	0.0655	0	0.0000	0.0250	0	0.0000	0.0140	0
COG4734	V	Antirestriction protein ArdA	0.0000	0.0019	0	0.0000	0.0008	0	0.0000	0.0011	0	0.0000	0.0038	0	0.0000	0.0010	0
COG4735	S	Uncharacterized conserved protein YaaW, UPF0174 family	0.0000	0.0017	0	0.0000	0.0024	0	0.0000	0.0013	0	0.0000	0.0056	0	0.0000	0.0025	0
COG4736	C	Cbb3-type cytochrome oxidase, subunit 3	0.0000	0.0023	0	0.0000	0.0031	0	0.0000	0.0018	0	0.0000	0.0183	0	0.0000	0.0049	0
COG4737	S	Uncharacterized conserved protein	0.0000	0.0009	0	0.0000	0.0014	0	0.0000	0.0008	0	0.0000	0.0044	0	0.0000	0.0024	0
COG4738	K	Predicted transcriptional regulator	0.0000	0.2009	0	0.1800	0.7983	1	0.0000	0.0834	0	0.2000	0.8338	1	0.0096	0.6275	1
COG4739	S	Uncharacterized conserved protein, contains ferredoxin domain	0.0100	0.6120	1	0.5600	0.9708	1	0.0000	0.4069	0	1.0000	0.9773	1	0.9974	0.9905	1
COG4740	R	Predicted metalloprotease	0.0000	0.0371	0	0.0000	0.2711	0	0.0000	0.0116	0	0.1346	0.8558	1	0.0000	0.2930	0
COG4741	F	Predicted secreted endonuclease distantly related to archaeal Holliday junction resolvase	0.0200	0.2021	0	0.8300	0.8732	1	0.0000	0.0866	0	1.0000	0.7363	1	0.8357	0.7220	1
COG4742	K	Predicted transcriptional regulator, contains HTH domain	0.0000	0.3457	0	0.0100	0.7928	1	0.0000	0.2007	0	1.0000	0.9967	1	0.9993	0.9742	1
COG4743	S	Uncharacterized membrane protein, DUF1616 domain	0.0000	0.6649	1	0.7900	0.9761	1	0.0000	0.4705	0	1.0000	0.9983	1	0.9986	0.9780	1
COG4744	S	Uncharacterized conserved protein, DUF2149 domain	0.0000	0.0757	0	0.0000	0.0490	0	0.0000	0.0193	0	0.1369	0.4451	0	0.0000	0.0483	0
COG4745	R	Predicted membrane-bound mannosyltransferase, involved in protein glycosylation	0.0000	0.0945	0	0.5000	0.7761	1	0.0000	0.0452	0	0.0335	0.8077	1	0.0007	0.5341	1
COG4746	S	Uncharacterized conserved protein	0.0000	0.1070	0	0.0000	0.2211	0	0.0000	0.0584	0	0.1513	0.9471	1	0.0032	0.5063	1
COG4747	R	ACT domain-containing protein	0.0000	0.0897	0	0.7900	0.7612	1	0.0000	0.1400	0	1.0000	0.8731	1	0.8759	0.7746	1
COG4748	S	Uncharacterized conserved protein, contains restriction enzyme R protein N terminal (HSDR_N) domain	0.0000	0.0207	0	0.0000	0.0107	0	0.0000	0.0138	0	0.0000	0.0665	0	0.0000	0.0123	0
COG4749	S	Uncharacterized conserved protein, DUF2150 domain	0.0000	0.0475	0	0.0000	0.0724	0	0.0000	0.0060	0	0.0327	0.6180	1	0.0007	0.2956	0
COG4750	MI	CTP:phosphocholine cytidylyltransferase LicC	0.0000	0.0007	0	0.0000	0.0012	0	0.0000	0.0006	0	0.0000	0.0015	0	0.0000	0.0016	0
COG4752	S	Uncharacterized conserved protein	0.0000	0.0024	0	0.0000	0.0069	0	0.0000	0.0024	0	0.0000	0.0454	0	0.0000	0.0103	0
COG4753	TK	Two-component response regulator, YesN/AraC family, consists of REC and AraC-type DNA-binding domains	0.0050	0.0129	0	0.0000	0.0033	0	0.0000	0.0033	0	0.0000	0.0142	0	0.0000	0.0057	0
COG4754	R	Extracellular substrate-binding protein	0.0000	0.0181	0	0.5600	0.4567	0	0.0100	0.0653	0	0.9878	0.8139	1	0.1485	0.4623	0
COG4755	S	Uncharacterized conserved protein, DUF2153 domain	0.0000	0.0028	0	0.0000	0.0495	0	0.0000	0.0037	0	0.0143	0.2789	0	0.0009	0.2593	0
COG4756	R	Predicted cation transporter	0.0000	0.0745	0	0.0100	0.6380	1	0.0000	0.0468	0	0.9985	0.9618	1	0.0074	0.7704	1
COG4757	R	Predicted alpha/beta hydrolase	0.0000	0.0011	0	0.0000	0.0027	0	0.0000	0.0008	0	0.0000	0.0172	0	0.0000	0.0042	0
COG4758	T	Membrane protein LiaF, inhibitor of the LiaRS two-component envelope stress sensory system	0.0000	0.0029	0	0.0000	0.0180	0	0.0000	0.0041	0	0.0000	0.1030	0	0.0000	0.0163	0
COG4759	R	Uncharacterized conserved protein, contains thioredoxin-like domain	0.0000	0.0009	0	0.0000	0.0015	0	0.0000	0.0008	0	0.0000	0.0120	0	0.0000	0.0025	0
COG4760	S	Uncharacterized membrane protein, YccA/Bax inhibitor family	0.0000	0.0022	0	0.2575	0.0062	0	0.0000	0.0011	0	0.9846	0.0233	0	0.0317	0.0057	0
COG4762	S	Uncharacterized conserved protein, UPF0548 family	0.0000	0.0010	0	0.0000	0.0023	0	0.0000	0.0007	0	0.0000	0.0252	0	0.0000	0.0043	0
COG4763	S	Uncharacterized membrane protein YcfT	0.0000	0.0007	0	0.0000	0.0011	0	0.0000	0.0007	0	0.0000	0.0042	0	0.0000	0.0013	0
COG4764	R	Predicted transglycosylase, contains SLT domain	0.0000	0.0014	0	0.0000	0.0012	0	0.0000	0.0012	0	0.0000	0.0009	0	0.0000	0.0010	0
COG4765	S	Uncharacterized conserved protein, DUF2155 domain	0.0000	0.0018	0	0.0000	0.0086	0	0.0000	0.0018	0	0.0000	0.0127	0	0.0000	0.0068	0
COG4766	E	Ethanolamine utilization protein EutQ, cupin superfamily (function unknown)	0.0000	0.0005	0	0.0000	0.0004	0	0.0000	0.0005	0	0.0000	0.0022	0	0.0000	0.0006	0
COG4767	V	Glycopeptide antibiotics resistance protein	0.0000	0.0022	0	0.0000	0.0021	0	0.0000	0.0026	0	0.0000	0.0127	0	0.0000	0.0024	0
COG4768	S	Uncharacterized conserved protein YoxC, contains an MCP-like domain	0.0000	0.0041	0	0.0000	0.0192	0	0.0000	0.0026	0	0.0000	0.0808	0	0.0000	0.0377	0
COG4769	S	Uncharacterized membrane protein	0.0000	0.0014	0	0.0000	0.0015	0	0.0000	0.0012	0	0.0000	0.0007	0	0.0000	0.0006	0
COG4770	I	Acetyl/propionyl-CoA carboxylase, alpha subunit	0.0000	0.0385	0	0.0000	0.0058	0	0.0000	0.0232	0	0.0005	0.2686	0	0.0000	0.0196	0
COG4772	P	Outer membrane receptor for Fe3+-dicitrate	0.0000	0.0010	0	0.0000	0.0004	0	0.0000	0.0008	0	0.0000	0.0003	0	0.0000	0.0004	0
COG4773	P	Outer membrane receptor for ferric coprogen and ferric-rhodotorulic acid	0.0000	0.0034	0	0.0000	0.0009	0	0.0000	0.0022	0	0.0000	0.0011	0	0.0000	0.0006	0
COG4774	P	Outer membrane receptor for monomeric catechols	0.0000	0.0010	0	0.0000	0.0005	0	0.0000	0.0009	0	0.0000	0.0003	0	0.0000	0.0004	0
COG4775	M	Outer membrane protein assembly factor BamA	0.0000	0.0004	0	0.0000	0.0000	0	0.0000	0.0010	0	0.0000	0.0000	0	0.0000	0.0000	0
COG4776	K	Exoribonuclease II	0.0000	0.0003	0	0.0000	0.0013	0	0.0000	0.0005	0	0.0000	0.0052	0	0.0000	0.0020	0
COG4778	P	Alpha-D-ribose 1-methylphosphonate 5-triphosphate synthase subunit PhnL	0.0000	0.0044	0	0.0000	0.0014	0	0.0000	0.0026	0	0.0000	0.0104	0	0.0000	0.0021	0
COG4779	P	ABC-type enterobactin transport system, permease component	0.0000	0.0012	0	0.0000	0.0015	0	0.0000	0.0008	0	0.0000	0.0061	0	0.0000	0.0026	0
COG4781	I	Membrane-anchored glycerophosphoryl diester phosphodiesterase (GDPDase), membrane domain	0.0000	0.0000	0	0.0000	0.0005	0	0.0000	0.0000	0	0.0000	0.0065	0	0.0000	0.0012	0
COG4782	R	Esterase/lipase superfamily enzyme	0.0000	0.0013	0	0.0000	0.0017	0	0.0000	0.0009	0	0.0014	0.0275	0	0.0000	0.0047	0
COG4783	MO	Outer membrane protein chaperone/metalloprotease BepA/YfgC, contains M48 and TPR domains	0.0000	0.0045	0	0.0000	0.0002	0	0.0000	0.0030	0	0.0000	0.0006	0	0.0000	0.0005	0
COG4784	R	Putative Zn-dependent protease	0.0000	0.0012	0	0.0000	0.0016	0	0.0000	0.0011	0	0.0000	0.0070	0	0.0000	0.0024	0
COG4785	M	Lipoprotein NlpI, contains TPR repeats	0.0000	0.0028	0	0.0000	0.0014	0	0.0000	0.0020	0	0.0000	0.0023	0	0.0000	0.0025	0
COG4786	N	Flagellar basal body rod protein FlgG	0.0000	0.0005	0	0.0000	0.0002	0	0.0000	0.0007	0	0.0000	0.0005	0	0.0000	0.0002	0
COG4787	N	Flagellar basal body rod protein FlgF	0.0000	0.0031	0	0.0000	0.0025	0	0.0000	0.0029	0	0.0000	0.0008	0	0.0000	0.0018	0
COG4789	U	Type III secretory pathway, component EscV	0.0000	0.0020	0	0.0000	0.0013	0	0.0000	0.0021	0	0.0000	0.0017	0	0.0000	0.0015	0
COG4790	U	Type III secretory pathway, EscR/YscR component	0.0000	0.0007	0	0.0000	0.0004	0	0.0000	0.0007	0	0.0000	0.0006	0	0.0000	0.0005	0
COG4791	U	Type III secretory pathway, EscT/YscT component	0.0000	0.0006	0	0.0000	0.0004	0	0.0000	0.0006	0	0.0000	0.0003	0	0.0000	0.0004	0
COG4792	U	Type III secretory pathway, EscU/YscU component	0.0000	0.0003	0	0.0000	0.0002	0	0.0000	0.0003	0	0.0000	0.0004	0	0.0000	0.0002	0
COG4794	U	Type III secretory pathway, EscS/YscS component	0.0000	0.0006	0	0.0000	0.0002	0	0.0000	0.0005	0	0.0000	0.0001	0	0.0000	0.0002	0
COG4795	U	Type II secretory pathway, PulJ/GspJ component	0.0000	0.0036	0	0.0000	0.0022	0	0.0000	0.0041	0	0.0000	0.0028	0	0.0000	0.0022	0
COG4796	U	Type II secretory pathway, component HofQ	0.0000	0.0024	0	0.0000	0.0008	0	0.0000	0.0027	0	0.0000	0.0012	0	0.0000	0.0010	0
COG4797	R	Predicted regulatory domain of a methyltransferase	0.0000	0.0029	0	0.0000	0.0359	0	0.0000	0.0029	0	0.0000	0.0508	0	0.0000	0.0178	0
COG4798	R	Predicted methyltransferase	0.0000	0.0040	0	0.0000	0.0023	0	0.0000	0.0032	0	0.0000	0.0065	0	0.0000	0.0032	0
COG4799	I	Acetyl-CoA carboxylase, carboxyltransferase component	0.0000	0.2132	0	0.0600	0.1700	0	0.0000	0.0972	0	1.0000	0.8220	1	0.9996	0.6293	1
COG4800	K	Predicted transcriptional regulator with an HTH domain	0.0000	0.3442	0	0.7700	0.9596	1	0.0100	0.4631	0	0.4649	0.8800	1	0.0092	0.6765	1
COG4801	R	Predicted acyltransferase, contains DUF342 domain	0.0100	0.2891	0	0.0000	0.1179	0	0.0000	0.0461	0	0.0000	0.4369	0	0.0000	0.1669	0
COG4802	C	Ferredoxin-thioredoxin reductase, catalytic subunit	0.0000	0.1924	0	0.0300	0.8413	1	0.0000	0.1002	0	1.0000	0.9741	1	0.9209	0.9627	1
COG4803	S	Uncharacterized membrane protein	0.0000	0.0107	0	0.0298	0.1001	0	0.0000	0.0048	0	0.0069	0.5679	1	0.0000	0.0438	0
COG4804	R	Predicted nuclease of restriction endonuclease-like (RecB) superfamily,  DUF1016 family	0.0000	0.0431	0	0.0200	0.1267	0	0.0000	0.0126	0	0.5750	0.1504	0	0.0080	0.0310	0
COG4805	S	Uncharacterized conserved protein, DUF885 family	0.0000	0.0171	0	0.0000	0.0051	0	0.0000	0.0249	0	0.0000	0.0097	0	0.0000	0.0125	0
COG4806	G	L-rhamnose isomerase	0.0000	0.0020	0	0.0000	0.0040	0	0.0000	0.0020	0	0.0092	0.0406	0	0.0009	0.0353	0
COG4807	S	Uncharacterized conserved protein YehS, DUF1456 family	0.0000	0.0012	0	0.0000	0.0016	0	0.0000	0.0016	0	0.0000	0.0030	0	0.0000	0.0024	0
COG4808	S	Uncharacterized lipoprotein YehR, DUF1307 family	0.0000	0.0020	0	0.0000	0.0043	0	0.0000	0.0019	0	0.0000	0.0090	0	0.0000	0.0063	0
COG4809	G	Archaeal ADP-dependent glucokinase/phosphofructokinase	0.0000	0.3422	0	0.2800	0.7313	1	0.0000	0.0843	0	0.9978	0.9534	1	0.3433	0.6907	1
COG4810	E	Ethanolamine utilization protein EutS, microcompartment shell protein	0.0000	0.0004	0	0.0000	0.0003	0	0.0000	0.0005	0	0.0000	0.0005	0	0.0000	0.0004	0
COG4811	S	Uncharacterized membrane protein YobD, UPF0266 family	0.0000	0.0001	0	0.0000	0.0009	0	0.0000	0.0001	0	0.0000	0.0037	0	0.0000	0.0018	0
COG4812	E	Ethanolamine utilization protein EutT, cobalamin adenosyltransferase	0.0000	0.0009	0	0.0000	0.0010	0	0.0000	0.0009	0	0.0000	0.0034	0	0.0000	0.0017	0
COG4813	G	Trehalose utilization protein	0.0000	0.0105	0	0.0100	0.0226	0	0.0000	0.0115	0	0.0004	0.1224	0	0.0000	0.0099	0
COG4814	S	Uncharacterized conserved protein with an alpha/beta hydrolase fold	0.0000	0.0003	0	0.0000	0.0032	0	0.0000	0.0004	0	0.0000	0.0095	0	0.0000	0.0046	0
COG4815	S	Uncharacterized conserved protein	0.0000	0.0001	0	0.0000	0.0001	0	0.0000	0.0001	0	0.0000	0.0001	0	0.0000	0.0001	0
COG4816	E	Ethanolamine utilization protein EutL, microcompartment shell protein	0.0000	0.0015	0	0.0000	0.0007	0	0.0000	0.0012	0	0.0000	0.0017	0	0.0000	0.0009	0
COG4817	L	DNA-binding ferritin-like protein (Dps family)	0.0000	0.0023	0	0.0000	0.0045	0	0.0000	0.0016	0	0.0000	0.0752	0	0.0000	0.0063	0
COG4818	S	Uncharacterized membrane protein MJ1443, UPF0132 family	0.0000	0.3104	0	0.8200	0.9345	1	0.0000	0.0994	0	1.0000	0.9631	1	0.9873	0.9189	1
COG4819	E	Ethanolamine utilization protein EutA, possible chaperonin	0.0000	0.0046	0	0.0000	0.0029	0	0.0000	0.0036	0	0.0000	0.0191	0	0.0000	0.0095	0
COG4820	E	Ethanolamine utilization protein EutJ, possible chaperonin	0.0000	0.0019	0	0.0000	0.0010	0	0.0000	0.0012	0	0.0000	0.0052	0	0.0000	0.0019	0
COG4821	R	Uncharacterized conserved protein, contains SIS (Sugar ISomerase) phosphosugar binding domain	0.0000	0.0071	0	0.0100	0.0311	0	0.0000	0.0073	0	0.0149	0.1813	0	0.0004	0.0871	0
COG4822	H	Cobalamin biosynthesis protein CbiK, Co2+ chelatase	0.0000	0.0203	0	0.0000	0.0290	0	0.0000	0.0087	0	0.0000	0.1222	0	0.0000	0.0263	0
COG4823	V	Abortive infection bacteriophage resistance protein	0.0000	0.0006	0	0.0000	0.0003	0	0.0000	0.0006	0	0.0000	0.0004	0	0.0000	0.0002	0
COG4824	X	Phage-related holin (Lysis protein)	0.0000	0.0022	0	0.0000	0.0044	0	0.0000	0.0019	0	0.0000	0.0088	0	0.0000	0.0034	0
COG4825	R	Uncharacterized conserved protein, contains thiamine pyrophosphokinase N- and C- domains	0.0000	0.0037	0	0.0000	0.0171	0	0.0000	0.0035	0	0.0000	0.0963	0	0.0000	0.0221	0
COG4826	O	Serine protease inhibitor	0.0000	0.1061	0	0.6600	0.5133	1	0.0000	0.0589	0	0.9999	0.7432	1	0.0192	0.3185	0
COG4827	R	Predicted transporter	0.0000	0.0717	0	0.0000	0.0713	0	0.0000	0.0238	0	0.1367	0.4351	0	0.0000	0.0736	0
COG4828	S	Uncharacterized membrane protein	0.0000	0.0116	0	0.0000	0.0314	0	0.0000	0.0098	0	0.0086	0.4377	0	0.0000	0.0213	0
COG4829	Q	Muconolactone delta-isomerase	0.0000	0.0067	0	0.0000	0.0144	0	0.0000	0.0052	0	0.0001	0.4649	0	0.0000	0.0404	0
COG4830	J	Ribosomal protein S26e	0.0000	0.1453	0	0.3900	0.8362	1	0.0000	0.2696	0	1.0000	0.8163	1	0.8259	0.9780	1
COG4831	T	Roadblock/LC7 domain	0.0000	0.0169	0	0.0000	0.0888	0	0.0000	0.0084	0	0.0304	0.8099	1	0.0000	0.1504	0
COG4832	VT	Cyclopropanoid cyclopropyl hydrolase, GyrI-like domain	0.0000	0.0513	0	0.6600	0.3786	0	0.0000	0.0312	0	0.9910	0.6644	1	0.0057	0.1979	0
COG4833	G	Predicted alpha-1,6-mannanase, GH76 family	0.0000	0.0012	0	0.0000	0.0024	0	0.0000	0.0011	0	0.0000	0.0189	0	0.0000	0.0033	0
COG4834	S	Uncharacterized conserved protein, DUF2184 domain	0.0000	0.0004	0	0.0000	0.0004	0	0.0000	0.0003	0	0.0000	0.0014	0	0.0000	0.0004	0
COG4835	S	Uncharacterized conserved protein	0.0000	0.0000	0	0.0000	0.0036	0	0.0000	0.0000	0	0.0000	0.0175	0	0.0000	0.0079	0
COG4836	S	Uncharacterized membrane protein YwzB	0.0000	0.0001	0	0.0000	0.0018	0	0.0000	0.0001	0	0.0000	0.0038	0	0.0000	0.0024	0
COG4837	O	Disulfide oxidoreductase YuzD	0.0000	0.0000	0	0.0000	0.0010	0	0.0000	0.0000	0	0.0000	0.0307	0	0.0000	0.0060	0
COG4838	S	Uncharacterized conserved protein YlaN, UPF0358 family	0.0000	0.0000	0	0.0000	0.0001	0	0.0000	0.0000	0	0.0000	0.0017	0	0.0000	0.0003	0
COG4839	D	Cell division protein FtsL	0.0000	0.0011	0	0.0000	0.0060	0	0.0000	0.0012	0	0.0000	0.0181	0	0.0000	0.0089	0
COG4840	S	Uncharacterized conserved protein YfkK, UPF0435 family	0.0000	0.0000	0	0.0000	0.0001	0	0.0000	0.0000	0	0.0000	0.0104	0	0.0000	0.0011	0
COG4841	S	Uncharacterized conserved protein YneR, related to HesB/YadR/YfhF family	0.0000	0.0000	0	0.0000	0.0009	0	0.0000	0.0000	0	0.0000	0.0097	0	0.0000	0.0024	0
COG4842	V	Secreted virulence factor YukE/EsxA, WXG100 family	0.0000	0.0008	0	0.0000	0.0008	0	0.0000	0.0005	0	0.0000	0.0056	0	0.0000	0.0009	0
COG4843	S	Uncharacterized conserved protein YebE, UPF0316/DUF2179 family	0.0000	0.0180	0	0.1300	0.2858	0	0.0000	0.0229	0	0.7661	0.4148	0	0.1120	0.1903	0
COG4844	S	Uncharacterized conserved protein YuzB, UPF0349 family	0.0000	0.0011	0	0.0000	0.0020	0	0.0000	0.0008	0	0.0000	0.0111	0	0.0000	0.0035	0
COG4845	V	Chloramphenicol O-acetyltransferase	0.0000	0.0075	0	0.0100	0.0186	0	0.0000	0.0031	0	0.0000	0.0116	0	0.0000	0.0042	0
COG4846	CO	Cytochrome c biogenesis protein CcdC	0.0000	0.0003	0	0.0000	0.0010	0	0.0000	0.0002	0	0.0000	0.0296	0	0.0000	0.0033	0
COG4847	S	Uncharacterized conserved protein, DUF2175 family	0.0000	0.0023	0	0.0000	0.0346	0	0.0000	0.0022	0	0.6756	0.5603	1	0.0044	0.2616	0
COG4848	R	YtpQ protein involved in methylglyoxal resistance, DUF1444/UPF0354 family	0.0000	0.0004	0	0.0000	0.0009	0	0.0000	0.0005	0	0.0000	0.0061	0	0.0000	0.0020	0
COG4849	R	Predicted nucleotidyltransferase	0.0000	0.0012	0	0.0000	0.0026	0	0.0000	0.0007	0	0.0000	0.0242	0	0.0000	0.0041	0
COG4850	I	Phosphatidate phosphatase APP1	0.0000	0.0008	0	0.0000	0.0009	0	0.0000	0.0005	0	0.0000	0.0079	0	0.0000	0.0016	0
COG4851	R	Uncharacterized conserved protein involved in sex pheromone biosynthesis	0.0000	0.0002	0	0.0000	0.0018	0	0.0000	0.0003	0	0.0000	0.0082	0	0.0000	0.0032	0
COG4852	S	Uncharacterized membrane protein	0.0000	0.0005	0	0.0000	0.0014	0	0.0000	0.0007	0	0.0000	0.0033	0	0.0000	0.0018	0
COG4853	T	YycI protein, regulator of the WalKR two-component signal transduction system	0.0000	0.0011	0	0.0000	0.0036	0	0.0000	0.0011	0	0.0000	0.0141	0	0.0000	0.0050	0
COG4854	S	Uncharacterized membrane protein AF1626, predicted component of bacteriocin or quorum sensing system, DUF2178 family	0.0000	0.1868	0	0.1400	0.7611	1	0.0000	0.0837	0	1.0000	0.9148	1	0.9976	0.8837	1
COG4855	F	Uncharacterized conserved protein	0.0000	0.0706	0	0.0000	0.2071	0	0.0000	0.0199	0	0.3143	0.9264	1	0.0014	0.5047	1
COG4856	T	Cyclic di-AMP synthase regulator CdaR, YbbR domain	0.0000	0.0038	0	0.0000	0.0206	0	0.0000	0.0012	0	0.0000	0.1983	0	0.0000	0.0265	0
COG4857	E	5-Methylthioribose/5-deoxyribose kinase, methionine salvage pathway	0.0000	0.0013	0	0.0000	0.0006	0	0.0000	0.0013	0	0.0000	0.0059	0	0.0000	0.0019	0
COG4858	S	Uncharacterized membrane-anchored protein	0.0000	0.0002	0	0.0000	0.0018	0	0.0000	0.0002	0	0.0000	0.0082	0	0.0000	0.0028	0
COG4859	S	Uncharacterized protein, contains DUF2185 domain	0.0000	0.0022	0	0.0000	0.0012	0	0.0000	0.0010	0	0.0000	0.0036	0	0.0000	0.0012	0
COG4860	K	Predicted DNA-binding transcriptional regulator, ArsR family	0.0000	0.2545	0	0.2600	0.4399	0	0.0000	0.1698	0	0.1408	0.3849	0	0.0096	0.3160	0
COG4861	S	Uncharacterized conserved protein	0.0000	0.0205	0	0.0000	0.0387	0	0.0000	0.0183	0	0.0000	0.1591	0	0.0000	0.0406	0
COG4862	KTN	Negative regulator MecA of genetic competence, sporulation and motility	0.0000	0.0012	0	0.0000	0.0058	0	0.0000	0.0014	0	0.0000	0.0070	0	0.0000	0.0043	0
COG4863	T	YycH protein, regulator of the WalKR two-component signal transduction system	0.0000	0.0008	0	0.0000	0.0044	0	0.0000	0.0009	0	0.0000	0.0097	0	0.0000	0.0059	0
COG4864	S	Uncharacterized conserved protein YqfA, UPF0365 family	0.0000	0.0020	0	0.0000	0.0014	0	0.0000	0.0018	0	0.0000	0.0051	0	0.0000	0.0012	0
COG4865	E	Glutamate mutase epsilon subunit	0.0000	0.0105	0	0.0000	0.0068	0	0.0000	0.0033	0	0.0005	0.2932	0	0.0000	0.0171	0
COG4866	S	Uncharacterized protein, contains DUF2156 domain	0.0000	0.0203	0	0.0400	0.1708	0	0.0000	0.0096	0	0.9341	0.4482	0	0.0005	0.1343	0
COG4867	S	Uncharacterized conserved protein, contains von Willebrand factor type A (vWFA) domain	0.0000	0.0036	0	0.0000	0.0176	0	0.0000	0.0048	0	0.0000	0.1187	0	0.0000	0.0209	0
COG4868	S	Uncharacterized conserved protein, UPF0371 family	0.0000	0.0105	0	0.0000	0.0115	0	0.0000	0.0152	0	0.0000	0.0029	0	0.0000	0.0132	0
COG4869	Q	Propanediol utilization protein	0.0000	0.0022	0	0.0000	0.0008	0	0.0000	0.0013	0	0.0000	0.0017	0	0.0000	0.0008	0
COG4870	O	Cysteine protease, C1A family	0.0000	0.1603	0	0.1345	0.3629	0	0.0000	0.1312	0	0.9281	0.7272	1	0.0249	0.3461	0
COG4871	K	Metal-binding trascriptional regulator, contains Fe-S cluster and ArsR family DNA binding domain	0.0000	0.1816	0	0.0100	0.7444	1	0.0000	0.1517	0	0.3680	0.9746	1	0.0000	0.6142	1
COG4872	S	Uncharacterized membrane protein	0.0000	0.0043	0	0.0000	0.0043	0	0.0000	0.0020	0	0.0000	0.0189	0	0.0000	0.0062	0
COG4873	S	Uncharacterized conserved protein YkvS, DUF2187 family	0.0000	0.0000	0	0.0000	0.0007	0	0.0000	0.0000	0	0.0000	0.0224	0	0.0000	0.0039	0
COG4874	S	Uncharacterized conserved protein	0.0000	0.0004	0	0.0000	0.0005	0	0.0000	0.0004	0	0.0000	0.0012	0	0.0000	0.0006	0
COG4875	O	Protein kinase association domain CaMKII_AD, NTF2-like superfamily	0.0000	0.0014	0	0.0000	0.0011	0	0.0000	0.0019	0	0.0000	0.0043	0	0.0000	0.0024	0
COG4876	S	Uncharacterized conserved protein YdaT	0.0000	0.0043	0	0.0000	0.0043	0	0.0000	0.0047	0	0.0000	0.0257	0	0.0000	0.0052	0
COG4877	S	Uncharacterized conserved protein	0.0000	0.0017	0	0.0000	0.0013	0	0.0000	0.0015	0	0.0000	0.0089	0	0.0000	0.0019	0
COG4878	S	Uncharacterized conserved protein, DUF2194 domain	0.0000	0.0011	0	0.0000	0.0025	0	0.0000	0.0012	0	0.0000	0.0106	0	0.0000	0.0045	0
COG4879	S	Uncharacterized protein, contains DUF2192 domain	0.0000	0.0017	0	0.0000	0.0525	0	0.0000	0.0014	0	0.0151	0.3192	0	0.0009	0.2626	0
COG4880	R	Secreted protein containing C-terminal beta-propeller domain distantly related to WD-40 repeats	0.0050	0.0314	0	0.2000	0.1710	0	0.0000	0.0085	0	1.0000	0.4421	0	0.9984	0.3702	0
COG4881	P	Predicted membrane anchor for polysulfide/nitrite-type reductase, PsrC/NrfD syperfamily	0.0000	0.0068	0	0.0200	0.2299	0	0.0000	0.0073	0	0.6228	0.7838	1	0.0001	0.3868	0
COG4882	R	Predicted aminopeptidase, Iap family	0.0000	0.0284	0	0.2500	0.2369	0	0.0000	0.0303	0	0.9535	0.6539	1	0.0151	0.4457	0
COG4883	S	Uncharacterized conserved protein, DUF2193 domain	0.0000	0.1971	0	0.0100	0.6750	1	0.0000	0.0864	0	0.1415	0.9511	1	0.0007	0.7840	1
COG4884	S	Uncharacterized conserved protein YfeS, contains WGR domain	0.0000	0.0014	0	0.0000	0.0021	0	0.0000	0.0008	0	0.0000	0.0108	0	0.0000	0.0028	0
COG4885	S	Uncharacterized conserved protein	0.0000	0.0573	0	0.0000	0.1604	0	0.0000	0.0290	0	0.0327	0.7040	1	0.0002	0.3964	0
COG4886	K	Leucine-rich repeat (LRR) protein	0.0000	0.0072	0	0.0000	0.0011	0	0.0000	0.0063	0	0.0000	0.0032	0	0.0000	0.0005	0
COG4887	S	Uncharacterized metal-binding protein MJ0455, DUF1847 family	0.0100	0.5811	1	0.9600	0.9341	1	0.0200	0.4444	0	0.9501	0.9707	1	0.0266	0.7851	1
COG4888	K	Transcription elongation factor Elf1, contains Zn-ribbon domain	0.0000	0.0837	0	0.1400	0.5077	1	0.0000	0.1893	0	0.8608	0.5637	1	0.6826	0.8012	1
COG4889	R	Predicted helicase	0.0000	0.0008	0	0.0000	0.0025	0	0.0000	0.0007	0	0.0000	0.0068	0	0.0000	0.0030	0
COG4890	S	Predicted outer membrane lipoprotein	0.0000	0.0009	0	0.0000	0.0030	0	0.0000	0.0008	0	0.0000	0.0138	0	0.0000	0.0068	0
COG4891	S	Uncharacterized conserved protein	0.0000	0.0319	0	0.0100	0.1873	0	0.0000	0.0187	0	0.1009	0.6950	1	0.0000	0.1142	0
COG4892	R	Predicted heme/steroid binding protein	0.0000	0.0505	0	0.1100	0.5965	1	0.0000	0.0470	0	0.9532	0.9520	1	0.0424	0.6005	1
COG4893	S	Uncharacterized conserved protein, DUF2195 domain	0.0000	0.0000	0	0.0000	0.0002	0	0.0000	0.0000	0	0.0000	0.0006	0	0.0000	0.0002	0
COG4894	I	Putative phospholipid scramblase YxjI, Tubby2 superfamily	0.0000	0.0388	0	0.2100	0.2378	0	0.0000	0.0336	0	0.8206	0.4303	0	0.0111	0.2208	0
COG4895	S	Uncharacterized conserved protein YwbE, DUF2196 family	0.0000	0.0391	0	0.0200	0.5220	1	0.0000	0.0302	0	0.9998	0.9766	1	0.0044	0.5311	1
COG4896	S	Uncharacterized conserved protein YlaI, DUF2197 family	0.0000	0.0004	0	0.0000	0.0026	0	0.0000	0.0003	0	0.0000	0.0242	0	0.0000	0.0072	0
COG4897	S	General stress protein CsbA (function unknown)	0.0000	0.0000	0	0.0000	0.0009	0	0.0000	0.0000	0	0.0000	0.0222	0	0.0000	0.0051	0
COG4898	S	Uncharacterized conserved protein	0.0000	0.0013	0	0.0000	0.0015	0	0.0000	0.0013	0	0.0000	0.0199	0	0.0000	0.0018	0
COG4899	S	Uncharacterized conserved protein, DUF2199 domain	0.0000	0.0003	0	0.0000	0.0005	0	0.0000	0.0002	0	0.0000	0.0078	0	0.0000	0.0012	0
COG4900	R	Predicted metallopeptidase	0.0000	0.0204	0	0.5800	0.5557	1	0.0000	0.0301	0	0.9733	0.6031	1	0.1049	0.3178	0
COG4901	J	Ribosomal protein S25e	0.0000	0.0758	0	0.3700	0.3915	0	0.0000	0.1401	0	0.8444	0.4442	0	0.6818	0.6821	1
COG4902	R	Ferritin-like protein MJ0754, DUF2202 family	0.0000	0.0990	0	0.0100	0.5960	1	0.0000	0.0594	0	0.5123	0.9446	1	0.0111	0.6138	1
COG4903	K	Competence transcription factor ComK	0.0000	0.0003	0	0.0000	0.0030	0	0.0000	0.0004	0	0.0000	0.0032	0	0.0000	0.0027	0
COG4904	S	Uncharacterized conserved protein	0.0000	0.0011	0	0.0200	0.1630	0	0.0000	0.0011	0	0.0415	0.2956	0	0.0001	0.2075	0
COG4905	S	Uncharacterized membrane protein	0.0000	0.0022	0	0.0000	0.0016	0	0.0000	0.0016	0	0.0000	0.0018	0	0.0000	0.0008	0
COG4906	S	Uncharacterized membrane protein	0.0000	0.1858	0	0.0000	0.2644	0	0.0000	0.1113	0	0.0000	0.7931	1	0.0000	0.3398	0
COG4907	S	Uncharacterized membrane protein	0.0000	0.0773	0	0.0000	0.1527	0	0.0000	0.0571	0	0.8665	0.8321	1	0.0011	0.3852	0
COG4908	R	Uncharacterized conserved protein, contains a NRPS condensation (elongation) domain	0.0000	0.0089	0	0.0100	0.0839	0	0.0000	0.0074	0	0.6540	0.2909	0	0.0003	0.0712	0
COG4909	Q	Propanediol dehydratase, large subunit	0.0000	0.0017	0	0.0000	0.0019	0	0.0000	0.0008	0	0.0000	0.0844	0	0.0000	0.0081	0
COG4910	Q	Propanediol dehydratase, small subunit	0.0000	0.0020	0	0.0000	0.0020	0	0.0000	0.0009	0	0.0000	0.0931	0	0.0000	0.0085	0
COG4911	S	Uncharacterized conserved protein, DUF2203 domain	0.0000	0.0021	0	0.0600	0.0122	0	0.0000	0.0045	0	0.9536	0.0965	0	0.0130	0.0225	0
COG4912	L	3-methyladenine DNA glycosylase AlkD	0.0000	0.0786	0	0.2969	0.2115	0	0.0000	0.0720	0	1.0000	0.2940	0	0.9356	0.2631	0
COG4913	S	Uncharacterized conserved protein, contains a C-terminal ATPase domain	0.0000	0.0038	0	0.0000	0.0029	0	0.0000	0.0020	0	0.0000	0.0154	0	0.0000	0.0029	0
COG4914	R	Predicted nucleotidyltransferase	0.0000	0.0950	0	0.8385	0.8187	1	0.0000	0.0424	0	1.0000	0.9401	1	0.9999	0.8869	1
COG4915	QR	5-bromo-4-chloroindolyl phosphatase XpaC	0.0000	0.0027	0	0.0000	0.0044	0	0.0000	0.0029	0	0.0000	0.0036	0	0.0000	0.0048	0
COG4916	S	Uncharacterized conserved protein	0.0000	0.0143	0	0.0000	0.0184	0	0.0000	0.0095	0	0.0000	0.1202	0	0.0000	0.0237	0
COG4917	E	Ethanolamine utilization protein EutP, contains a P-loop NTPase domain	0.0000	0.0005	0	0.0000	0.0003	0	0.0000	0.0005	0	0.0000	0.0005	0	0.0000	0.0004	0
COG4918	R	Predicted Fe-S cluster biosynthesis protein YqkB	0.0000	0.0001	0	0.0000	0.0013	0	0.0000	0.0001	0	0.0000	0.0105	0	0.0000	0.0022	0
COG4919	J	Ribosomal protein S30	0.0000	0.0479	0	0.1100	0.2864	0	0.0000	0.1004	0	0.8193	0.3783	0	0.5419	0.6701	1
COG4920	S	Uncharacterized membrane protein	0.0000	0.0015	0	0.0000	0.0261	0	0.0000	0.0013	0	0.4247	0.3192	0	0.0033	0.2036	0
COG4921	S	Uncharacterized conserved protein, DUF2209 domain	0.0000	0.0218	0	0.0100	0.3634	0	0.0000	0.0054	0	0.1380	0.6735	1	0.0006	0.2970	0
COG4922	R	Predicted SnoaL-like aldol condensation-catalyzing enzyme	0.0000	0.0059	0	0.0000	0.0053	0	0.0000	0.0049	0	0.0000	0.0420	0	0.0000	0.0065	0
COG4923	R	Predicted nuclease (RNAse H fold)	0.0000	0.0274	0	0.0000	0.0244	0	0.0000	0.0152	0	0.1741	0.4111	0	0.0004	0.1780	0
COG4924	S	Uncharacterized conserved protein	0.0000	0.0032	0	0.0000	0.0039	0	0.0000	0.0017	0	0.0000	0.0298	0	0.0000	0.0041	0
COG4925	S	Uncharacterized conserved protein	0.0000	0.0050	0	0.0000	0.0023	0	0.0000	0.0021	0	0.0000	0.0090	0	0.0000	0.0028	0
COG4926	X	Phage-related protein	0.0000	0.0016	0	0.0000	0.0015	0	0.0000	0.0014	0	0.0000	0.0035	0	0.0000	0.0023	0
COG4927	R	Predicted choloylglycine hydrolase	0.0000	0.0495	0	0.0000	0.0294	0	0.0000	0.0536	0	0.0000	0.1420	0	0.0000	0.0581	0
COG4928	R	Predicted P-loop ATPase, KAP-like	0.0000	0.0550	0	0.0600	0.1747	0	0.0000	0.0180	0	0.0076	0.4801	0	0.0002	0.1391	0
COG4929	S	Uncharacterized membrane-anchored protein	0.0000	0.0071	0	0.0000	0.0045	0	0.0000	0.0045	0	0.0000	0.0245	0	0.0000	0.0068	0
COG4930	O	Predicted ATP-dependent Lon-type protease	0.0000	0.1180	0	0.1000	0.5685	1	0.0000	0.0542	0	0.9958	0.9623	1	0.0009	0.5334	1
COG4932	M	Clumping factor A-related surface protein, MSCRAMM (microbial surface components recognizing adhesive matrix molecules) family, DEv-IgG fold	0.0000	0.0508	0	0.0500	0.0472	0	0.0000	0.0299	0	0.0121	0.0546	0	0.0000	0.0061	0
COG4933	K	Predicted transcriptional regulator, contains an HTH and PUA-like domains	0.0000	0.3254	0	0.1000	0.7087	1	0.0000	0.1597	0	0.9996	0.9548	1	0.2674	0.7562	1
COG4934	O	Serine protease, subtilase family	0.0000	0.0150	0	0.0788	0.1506	0	0.0000	0.0132	0	0.9695	0.7752	1	0.0003	0.2155	0
COG4935	O	Regulatory P domain of the subtilisin-like proprotein convertases and other proteases	0.0000	0.0018	0	0.0000	0.0016	0	0.0000	0.0012	0	0.0000	0.0014	0	0.0000	0.0011	0
COG4936	T	Ligand-binding sensor domain	0.0000	0.0028	0	0.0000	0.0097	0	0.0000	0.0022	0	0.0000	0.0653	0	0.0000	0.0159	0
COG4938	R	Predicted ATPase	0.0000	0.2246	0	0.3400	0.7046	1	0.0000	0.0879	0	1.0000	0.9690	1	0.0909	0.6001	1
COG4939	S	Membrane-anchored lipoprotein Tpp15, major membrane immunogen	0.0000	0.0006	0	0.0000	0.0016	0	0.0000	0.0005	0	0.0000	0.0039	0	0.0000	0.0012	0
COG4940	X	Competence protein ComGF	0.0000	0.0011	0	0.0000	0.0054	0	0.0000	0.0011	0	0.0000	0.0384	0	0.0000	0.0164	0
COG4941	K	Predicted RNA polymerase sigma factor, contains C-terminal TPR domain	0.0000	0.0006	0	0.0000	0.0019	0	0.0000	0.0006	0	0.0000	0.0365	0	0.0000	0.0040	0
COG4942	D	Septal ring factor EnvC, activator of murein hydrolases AmiA and AmiB	0.0000	0.0007	0	0.0000	0.0000	0	0.0000	0.0010	0	0.0000	0.0000	0	0.0000	0.0000	0
COG4943	T	Redox-sensing c-di-GMP phosphodiesterase, contains CSS-motif and EAL domains	0.0000	0.0004	0	0.0000	0.0008	0	0.0000	0.0004	0	0.0000	0.0106	0	0.0000	0.0022	0
COG4944	S	Uncharacterized conserved protein	0.0000	0.0011	0	0.0000	0.0032	0	0.0000	0.0010	0	0.0000	0.0147	0	0.0000	0.0049	0
COG4945	GT	Carbohydrate-binding DOMON domain	0.0000	0.0796	0	0.0000	0.0362	0	0.0000	0.0418	0	0.0000	0.4362	0	0.0000	0.1141	0
COG4946	S	Uncharacterized N-terminal domain of tricorn protease, contains WD40 repeats	0.0000	0.0052	0	0.0100	0.0537	0	0.0000	0.0049	0	0.8946	0.5354	1	0.0001	0.0881	0
COG4947	R	Esterase/lipase superfamily enzyme	0.0000	0.0008	0	0.0000	0.0009	0	0.0000	0.0007	0	0.0000	0.0082	0	0.0000	0.0014	0
COG4948	MR	L-alanine-DL-glutamate epimerase or related enzyme of enolase superfamily	0.0000	0.2250	0	0.0200	0.1125	0	0.0000	0.1909	0	1.0000	0.8608	1	0.9999	0.5319	1
COG4949	S	Uncharacterized membrane-anchored protein	0.0000	0.0016	0	0.0000	0.0013	0	0.0000	0.0012	0	0.0000	0.0053	0	0.0000	0.0027	0
COG4950	S	N-terminal domain of uncharacterized protein YciW (function unknown)	0.0000	0.0006	0	0.0000	0.0017	0	0.0000	0.0005	0	0.0000	0.0255	0	0.0000	0.0058	0
COG4951	S	Uncharacterized conserved protein	0.0000	0.0037	0	0.0000	0.0105	0	0.0000	0.0031	0	0.0000	0.0257	0	0.0000	0.0112	0
COG4952	M	L-rhamnose isomerase	0.0000	0.0416	0	0.0000	0.0320	0	0.0000	0.0345	0	0.0000	0.1967	0	0.0000	0.0826	0
COG4953	M	Membrane carboxypeptidase/penicillin-binding protein PbpC	0.0000	0.0009	0	0.0000	0.0008	0	0.0000	0.0007	0	0.0000	0.0020	0	0.0000	0.0007	0
COG4954	S	Uncharacterized conserved protein, DUF2000 domain	0.0000	0.0039	0	0.0000	0.0022	0	0.0000	0.0034	0	0.0000	0.0382	0	0.0000	0.0043	0
COG4955	S	Uncharacterized conserved protein YpbB, contains C-terminal HTH domain	0.0000	0.0001	0	0.0000	0.0019	0	0.0000	0.0001	0	0.0000	0.0298	0	0.0000	0.0064	0
COG4956	R	Uncharacterized conserved protein YacL, contains PIN and TRAM domains	0.0000	0.0060	0	0.0000	0.0132	0	0.0000	0.0037	0	0.0000	0.1988	0	0.0000	0.0376	0
COG4957	K	Predicted transcriptional regulator	0.0000	0.0046	0	0.0000	0.0052	0	0.0000	0.0039	0	0.0000	0.0166	0	0.0000	0.0056	0
COG4959	OU	Type IV secretory pathway, protease TraF	0.0000	0.0009	0	0.0000	0.0010	0	0.0000	0.0006	0	0.0000	0.0024	0	0.0000	0.0011	0
COG4960	OT	Flp pilus assembly protein, peptidase CpaA	0.0000	0.0021	0	0.0000	0.0024	0	0.0000	0.0020	0	0.0000	0.0065	0	0.0000	0.0032	0
COG4961	UW	Flp pilus assembly protein TadG, includes N-terminal TadE domain	0.0000	0.0033	0	0.0000	0.0019	0	0.0000	0.0036	0	0.0000	0.0139	0	0.0000	0.0021	0
COG4962	UW	Pilus assembly protein, ATPase of CpaF family	0.0000	0.9218	1	0.9800	0.9939	1	0.0000	0.8697	1	0.8009	0.9935	1	0.7033	0.9897	1
COG4963	UW	Flp pilus assembly ATPase CpaE/TadZ, contains N-terminal REC/TadZ_N domain	0.0000	0.0014	0	0.0000	0.0009	0	0.0000	0.0016	0	0.0000	0.0012	0	0.0000	0.0009	0
COG4964	UW	Flp pilus assembly protein, secretin CpaC	0.0000	0.0016	0	0.0000	0.0005	0	0.0000	0.0018	0	0.0000	0.0003	0	0.0000	0.0006	0
COG4965	UW	Flp pilus assembly protein TadB	0.0000	0.0014	0	0.0000	0.0002	0	0.0000	0.0020	0	0.0000	0.0004	0	0.0000	0.0002	0
COG4966	NW	Type IV pilus assembly protein PilW	0.0000	0.0045	0	0.0000	0.0047	0	0.0000	0.0031	0	0.0000	0.0291	0	0.0000	0.0077	0
COG4967	NW	Type IV pilus assembly protein PilV	0.0000	0.0035	0	0.0000	0.0017	0	0.0000	0.0032	0	0.0000	0.0029	0	0.0000	0.0018	0
COG4968	NW	Type IV pilus assembly protein PilE	0.0000	0.0038	0	0.0000	0.0010	0	0.0000	0.0037	0	0.0000	0.0013	0	0.0000	0.0008	0
COG4969	NW	Type IV pilus assembly protein, major pilin PilA	0.0000	0.0014	0	0.0000	0.0003	0	0.0000	0.0015	0	0.0000	0.0020	0	0.0000	0.0006	0
COG4970	NW	Type IV pilus assembly protein FimT	0.0000	0.0025	0	0.0000	0.0016	0	0.0000	0.0025	0	0.0000	0.0058	0	0.0000	0.0021	0
COG4972	NW	Type IV pilus assembly protein, ATPase PilM	0.0000	0.0048	0	0.0000	0.0016	0	0.0000	0.0049	0	0.0000	0.0064	0	0.0000	0.0029	0
COG4973	L	Site-specific recombinase XerC	0.0000	0.0053	0	0.0000	0.0019	0	0.0000	0.0051	0	0.0005	0.0300	0	0.0000	0.0028	0
COG4974	L	Site-specific recombinase XerD	0.0050	0.2896	0	0.0000	0.0027	0	0.0000	0.1342	0	0.9996	0.0548	0	0.0168	0.0059	0
COG4975	G	Glucose uptake protein GlcU	0.0000	0.0030	0	0.0000	0.0031	0	0.0000	0.0037	0	0.0000	0.0070	0	0.0000	0.0040	0
COG4976	R	Predicted methyltransferase, contains TPR repeat	0.0300	0.0671	0	0.0000	0.0136	0	0.0000	0.0184	0	0.0000	0.0309	0	0.0000	0.0138	0
COG4977	K	Transcriptional regulator GlxA, contains an amidase domain and an AraC-type DNA-binding HTH domain	0.0000	0.0018	0	0.0000	0.0001	0	0.0000	0.0021	0	0.0000	0.0031	0	0.0000	0.0002	0
COG4978	T	GyrI-like small molecule binding domain	0.0000	0.0939	0	0.0200	0.3112	0	0.0000	0.0486	0	1.0000	0.8803	1	0.1939	0.4612	0
COG4980	R	Gas vesicle protein YhaH	0.0000	0.0015	0	0.0000	0.0058	0	0.0000	0.0014	0	0.0000	0.0504	0	0.0000	0.0091	0
COG4981	I	Enoyl reductase domain of yeast-type fatty acid synthase	0.0000	0.0000	0	0.0000	0.0019	0	0.0000	0.0000	0	0.0000	0.0198	0	0.0000	0.0049	0
COG4983	X	Primase-polymerase (Primpol) domain protein	0.0000	0.0262	0	0.0100	0.1573	0	0.0000	0.0149	0	0.0173	0.5418	1	0.0000	0.0598	0
COG4984	S	Uncharacterized membrane protein	0.0000	0.0003	0	0.0000	0.0011	0	0.0000	0.0002	0	0.0000	0.0101	0	0.0000	0.0019	0
COG4986	P	ABC-type anion transport system, duplicated permease component	0.0000	0.0259	0	0.6000	0.3881	0	0.0000	0.0459	0	0.9878	0.7892	1	0.1387	0.2714	0
COG4987	CO	ABC-type transport system involved in cytochrome bd biosynthesis, fused ATPase and permease components	0.0000	0.0027	0	0.0000	0.0015	0	0.0000	0.0019	0	0.0000	0.0160	0	0.0000	0.0021	0
COG4988	CO	ABC-type transport system involved in cytochrome bd biosynthesis, ATPase and permease components	0.0000	0.0053	0	0.0000	0.0013	0	0.0000	0.0021	0	0.0000	0.0099	0	0.0000	0.0021	0
COG4989	R	Predicted oxidoreductase YdhF	0.0000	0.0005	0	0.0000	0.0004	0	0.0000	0.0006	0	0.0000	0.0058	0	0.0000	0.0009	0
COG4990	R	Predicted cysteine peptidase, C39 family	0.0000	0.0175	0	0.0000	0.0160	0	0.0000	0.0106	0	0.0000	0.0387	0	0.0000	0.0258	0
COG4992	E	Acetylornithine/succinyldiaminopimelate/putrescine aminotransferase	0.0000	0.9586	1	0.1500	0.9004	1	0.0200	0.9709	1	1.0000	0.9993	1	0.9999	0.9930	1
COG4993	G	Glucose dehydrogenase, PQQ-dependent	0.0000	0.0050	0	0.0000	0.0029	0	0.0000	0.0042	0	0.0000	0.0269	0	0.0000	0.0041	0
COG4994	S	Uncharacterized protein CV0675, UCP033623 family	0.0000	0.0005	0	0.0000	0.0008	0	0.0000	0.0004	0	0.0000	0.0119	0	0.0000	0.0022	0
COG4995	S	Uncharacterized conserved protein, contains CHAT domain	0.0000	0.0078	0	0.0000	0.0113	0	0.0000	0.0038	0	0.0000	0.1571	0	0.0000	0.0154	0
COG4996	R	Predicted phosphatase	0.0000	0.0622	0	0.3200	0.4145	0	0.0000	0.0465	0	1.0000	0.8403	1	0.9804	0.8448	1
COG4997	R	Predicted house-cleaning noncanonical NTP pyrophosphatase, all-alpha NTP-PPase (MazG) superfamily	0.0000	0.0255	0	0.0900	0.2265	0	0.0000	0.0125	0	0.9991	0.8494	1	0.0201	0.2585	0
COG4998	L	Predicted endonuclease, RecB family	0.0000	0.0360	0	0.0500	0.5848	1	0.0000	0.0435	0	0.5854	0.5925	1	0.0454	0.5809	1
COG5000	T	Signal transduction histidine kinase NtrY involved in nitrogen fixation and metabolism regulation	0.0000	0.0089	0	0.0000	0.0015	0	0.0000	0.0075	0	0.0000	0.0066	0	0.0000	0.0015	0
COG5001	T	Cyclic di-GMP metabolism protein, combines GGDEF and EAL domains with a 6TM membrane domain	0.0000	0.0098	0	0.0000	0.0006	0	0.0000	0.0091	0	0.0000	0.0065	0	0.0000	0.0005	0
COG5002	T	Sensor histidine kinase WalK	0.0000	0.0226	0	0.0000	0.0018	0	0.0000	0.0250	0	0.0000	0.0325	0	0.0000	0.0016	0
COG5003	X	Mu-like prophage protein gp37	0.0000	0.0006	0	0.0000	0.0008	0	0.0000	0.0005	0	0.0000	0.0025	0	0.0000	0.0012	0
COG5004	X	P2-like prophage tail protein X	0.0000	0.0008	0	0.0000	0.0006	0	0.0000	0.0008	0	0.0000	0.0007	0	0.0000	0.0006	0
COG5005	X	Mu-like prophage protein gpG	0.0000	0.0120	0	0.0000	0.0037	0	0.0000	0.0101	0	0.0000	0.0068	0	0.0000	0.0038	0
COG5006	E	Threonine/homoserine efflux transporter RhtA	0.0000	0.0011	0	0.0000	0.0018	0	0.0000	0.0013	0	0.0000	0.0181	0	0.0000	0.0044	0
COG5007	T	Acid stress protein IbaG/YrbA, BolA-like family	0.0000	0.0006	0	0.0000	0.0003	0	0.0000	0.0009	0	0.0000	0.0001	0	0.0000	0.0004	0
COG5008	NW	Type IV pilus assembly protein, ATPase PilU	0.0000	0.0028	0	0.0000	0.0017	0	0.0000	0.0024	0	0.0000	0.0020	0	0.0000	0.0036	0
COG5009	M	Membrane carboxypeptidase/penicillin-binding protein	0.0000	0.0002	0	0.0000	0.0001	0	0.0000	0.0004	0	0.0000	0.0000	0	0.0000	0.0000	0
COG5010	UW	Flp pilus assembly protein TadD, contains TPR repeats	0.0000	0.0016	0	0.0000	0.0014	0	0.0000	0.0017	0	0.0000	0.0040	0	0.0000	0.0009	0
COG5011	S	Uncharacterized conserved protein, DUF2344 family	0.0000	0.0111	0	0.0000	0.0512	0	0.0000	0.0058	0	0.0000	0.3389	0	0.0000	0.0601	0
COG5012	C	Methanogenic corrinoid protein MtbC1	0.1300	0.8598	1	0.7996	0.9538	1	0.0600	0.8024	1	1.0000	0.9975	1	1.0000	0.9923	1
COG5013	CP	Nitrate reductase alpha subunit	0.2100	0.0353	0	0.7100	0.2128	0	0.0000	0.0094	0	0.9999	0.9489	1	0.0034	0.1942	0
COG5014	R	Uncharacterized conserved protein TM0948, MoaA-related, radical SAM superfamily	0.0000	0.3281	0	0.7200	0.9068	1	0.0000	0.3706	0	1.0000	0.7572	1	0.9993	0.9274	1
COG5015	R	Pyridoxamine 5'-phosphate oxidase (PNPOx-like) family protein	0.0000	0.0297	0	0.0200	0.1336	0	0.0000	0.0135	0	0.9996	0.4244	0	0.0049	0.1333	0
COG5016	C	Pyruvate/oxaloacetate carboxyltransferase	0.0450	0.8513	1	0.9100	0.9940	1	0.0300	0.5291	1	1.0000	0.9997	1	0.4492	0.9804	1
COG5017	G	UDP-N-acetylglucosamine transferase subunit ALG13	0.0000	0.0140	0	0.0000	0.0049	0	0.0000	0.0123	0	0.0000	0.0129	0	0.0000	0.0062	0
COG5018	T	3'-5' exonuclease KapD, inhibitor of KinA-controlled sporulation	0.0000	0.0041	0	0.0000	0.0015	0	0.0000	0.0026	0	0.0000	0.0048	0	0.0000	0.0018	0
COG5019			0.0000	0.0010	0	0.0000	0.0022	0	0.0000	0.0009	0	0.0000	0.0048	0	0.0000	0.0019	0
COG5020			0.0000	0.0003	0	0.0000	0.0055	0	0.0000	0.0003	0	0.0000	0.0169	0	0.0000	0.0065	0
COG5021			0.0000	0.0002	0	0.0000	0.0011	0	0.0000	0.0002	0	0.0000	0.0031	0	0.0000	0.0016	0
COG5022			0.0000	0.0005	0	0.0000	0.0025	0	0.0000	0.0005	0	0.0000	0.0157	0	0.0000	0.0042	0
COG5023	Z	Tubulin	0.0000	0.0057	0	0.0000	0.0054	0	0.0000	0.0073	0	0.0000	0.0123	0	0.0000	0.0076	0
COG5024			0.0000	0.0000	0	0.0000	0.0009	0	0.0000	0.0000	0	0.0000	0.0065	0	0.0000	0.0018	0
COG5025			0.0000	0.0000	0	0.0000	0.0008	0	0.0000	0.0000	0	0.0000	0.0094	0	0.0000	0.0020	0
COG5026	G	Hexokinase	0.0000	0.0017	0	0.0000	0.0021	0	0.0000	0.0011	0	0.0000	0.0047	0	0.0000	0.0033	0
COG5027			0.0000	0.0000	0	0.0000	0.0003	0	0.0000	0.0000	0	0.0000	0.0070	0	0.0000	0.0009	0
COG5028			0.0000	0.0000	0	0.0000	0.0004	0	0.0000	0.0000	0	0.0000	0.0121	0	0.0000	0.0016	0
COG5029	OI	Prenyltransferase, beta subunit	0.0000	0.0095	0	0.0000	0.0158	0	0.0000	0.0055	0	0.0000	0.0642	0	0.0000	0.0232	0
COG5030			0.0000	0.0000	0	0.0000	0.0002	0	0.0000	0.0000	0	0.0000	0.0049	0	0.0000	0.0006	0
COG5031	H	Ubiquinone biosynthesis protein Coq4	0.0000	0.0008	0	0.0000	0.0013	0	0.0000	0.0007	0	0.0000	0.0036	0	0.0000	0.0018	0
COG5032			0.0000	0.0022	0	0.0000	0.0033	0	0.0000	0.0019	0	0.0000	0.0162	0	0.0000	0.0050	0
COG5033			0.0000	0.0029	0	0.0000	0.0114	0	0.0000	0.0020	0	0.0000	0.1127	0	0.0000	0.0223	0
COG5034			0.0000	0.0000	0	0.0000	0.0005	0	0.0000	0.0000	0	0.0000	0.0140	0	0.0000	0.0019	0
COG5035			0.0000	0.0000	0	0.0000	0.0003	0	0.0000	0.0000	0	0.0000	0.0095	0	0.0000	0.0012	0
COG5036	PU	SPX domain-containing protein involved in vacuolar polyphosphate accumulation	0.0000	0.0088	0	0.0000	0.0026	0	0.0000	0.0095	0	0.0000	0.0019	0	0.0000	0.0019	0
COG5037			0.0000	0.0000	0	0.0000	0.0001	0	0.0000	0.0000	0	0.0000	0.0053	0	0.0000	0.0005	0
COG5038			0.0000	0.0000	0	0.0000	0.0009	0	0.0000	0.0000	0	0.0000	0.0042	0	0.0000	0.0012	0
COG5039	GM	Exopolysaccharide biosynthesis protein EpsI, predicted pyruvyl transferase	0.0000	0.0053	0	0.0000	0.0046	0	0.0000	0.0033	0	0.0000	0.0203	0	0.0000	0.0057	0
COG5040			0.0000	0.0000	0	0.0000	0.0006	0	0.0000	0.0000	0	0.0000	0.0077	0	0.0000	0.0015	0
COG5041			0.0000	0.0000	0	0.0000	0.0007	0	0.0000	0.0000	0	0.0000	0.0143	0	0.0000	0.0024	0
COG5042	F	Purine nucleoside permease	0.0000	0.0050	0	0.0000	0.0032	0	0.0000	0.0029	0	0.0000	0.0219	0	0.0000	0.0057	0
COG5043			0.0000	0.0000	0	0.0000	0.0011	0	0.0000	0.0000	0	0.0000	0.0154	0	0.0000	0.0030	0
COG5044			0.0000	0.0006	0	0.0000	0.0029	0	0.0000	0.0004	0	0.0000	0.0067	0	0.0000	0.0031	0
COG5045			0.0000	0.0000	0	0.0000	0.0004	0	0.0000	0.0000	0	0.0000	0.0121	0	0.0000	0.0014	0
COG5046			0.0000	0.0000	0	0.0000	0.0001	0	0.0000	0.0000	0	0.0000	0.0023	0	0.0000	0.0002	0
COG5047			0.0000	0.0000	0	0.0000	0.0002	0	0.0000	0.0000	0	0.0000	0.0032	0	0.0000	0.0003	0
COG5048			0.0000	0.0005	0	0.0000	0.0021	0	0.0000	0.0004	0	0.0000	0.0119	0	0.0000	0.0030	0
COG5049			0.0000	0.0003	0	0.0000	0.0010	0	0.0000	0.0003	0	0.0000	0.0030	0	0.0000	0.0013	0
COG5050	I	sn-1,2-diacylglycerol ethanolamine- and cholinephosphotranferases	0.0000	0.0003	0	0.0000	0.0017	0	0.0000	0.0003	0	0.0000	0.0132	0	0.0000	0.0030	0
COG5051			0.0000	0.0000	0	0.0000	0.0007	0	0.0000	0.0000	0	0.0000	0.0130	0	0.0000	0.0019	0
COG5052			0.0000	0.0000	0	0.0000	0.0001	0	0.0000	0.0000	0	0.0000	0.0032	0	0.0000	0.0003	0
COG5053			0.0000	0.0000	0	0.0000	0.0011	0	0.0000	0.0000	0	0.0000	0.0073	0	0.0000	0.0020	0
COG5054			0.0000	0.0002	0	0.0000	0.0011	0	0.0000	0.0002	0	0.0000	0.0032	0	0.0000	0.0016	0
COG5055	L	Recombinational DNA repair protein (RAD52 pathway)	0.0000	0.0013	0	0.0000	0.0044	0	0.0000	0.0014	0	0.0000	0.0235	0	0.0000	0.0064	0
COG5056			0.0000	0.0000	0	0.0000	0.0001	0	0.0000	0.0000	0	0.0000	0.0020	0	0.0000	0.0002	0
COG5057			0.0000	0.0000	0	0.0000	0.0001	0	0.0000	0.0000	0	0.0000	0.0054	0	0.0000	0.0004	0
COG5058			0.0000	0.0000	0	0.0000	0.0004	0	0.0000	0.0000	0	0.0000	0.0080	0	0.0000	0.0012	0
COG5059			0.0000	0.0002	0	0.0000	0.0011	0	0.0000	0.0002	0	0.0000	0.0035	0	0.0000	0.0016	0
COG5061			0.0000	0.0114	0	0.0000	0.0239	0	0.0000	0.0061	0	0.0000	0.2322	0	0.0000	0.0359	0
COG5062			0.0000	0.0000	0	0.0000	0.0002	0	0.0000	0.0000	0	0.0000	0.0056	0	0.0000	0.0007	0
COG5064			0.0000	0.0000	0	0.0000	0.0007	0	0.0000	0.0000	0	0.0000	0.0092	0	0.0000	0.0018	0
COG5065			0.0000	0.0000	0	0.0000	0.0003	0	0.0000	0.0000	0	0.0000	0.0071	0	0.0000	0.0007	0
COG5066			0.0000	0.0013	0	0.0000	0.0050	0	0.0000	0.0012	0	0.0000	0.0303	0	0.0000	0.0102	0
COG5068			0.0000	0.0000	0	0.0000	0.0001	0	0.0000	0.0000	0	0.0000	0.0040	0	0.0000	0.0005	0
COG5069			0.0000	0.0003	0	0.0000	0.0019	0	0.0000	0.0003	0	0.0000	0.0058	0	0.0000	0.0029	0
COG5070			0.0000	0.0000	0	0.0000	0.0001	0	0.0000	0.0000	0	0.0000	0.0034	0	0.0000	0.0004	0
COG5072			0.0000	0.0000	0	0.0000	0.0002	0	0.0000	0.0000	0	0.0000	0.0055	0	0.0000	0.0005	0
COG5074			0.0000	0.0005	0	0.0000	0.0019	0	0.0000	0.0004	0	0.0000	0.0096	0	0.0000	0.0029	0
COG5075			0.0000	0.0000	0	0.0000	0.0002	0	0.0000	0.0000	0	0.0000	0.0055	0	0.0000	0.0008	0
COG5076			0.0000	0.0000	0	0.0000	0.0004	0	0.0000	0.0000	0	0.0000	0.0052	0	0.0000	0.0010	0
COG5077			0.0000	0.0001	0	0.0000	0.0006	0	0.0000	0.0001	0	0.0000	0.0006	0	0.0000	0.0005	0
COG5078	O	Ubiquitin-protein ligase	0.0000	0.0545	0	0.0000	0.0205	0	0.0000	0.0618	0	0.0000	0.0648	0	0.0000	0.0712	0
COG5080			0.0000	0.0000	0	0.0000	0.0001	0	0.0000	0.0000	0	0.0000	0.0060	0	0.0000	0.0005	0
COG5082			0.0000	0.0000	0	0.0000	0.0009	0	0.0000	0.0000	0	0.0000	0.0208	0	0.0000	0.0029	0
COG5083	I	Phosphatidate phosphatase PAH1, contains Lipin and LNS2 domains. can be involved in plasmid maintenance	0.0000	0.0016	0	0.0000	0.0031	0	0.0000	0.0017	0	0.0000	0.0156	0	0.0000	0.0051	0
COG5087			0.0000	0.0000	0	0.0000	0.0001	0	0.0000	0.0000	0	0.0000	0.0045	0	0.0000	0.0003	0
COG5090			0.0000	0.0000	0	0.0000	0.0001	0	0.0000	0.0000	0	0.0000	0.0028	0	0.0000	0.0002	0
COG5091			0.0000	0.0000	0	0.0000	0.0002	0	0.0000	0.0000	0	0.0000	0.0056	0	0.0000	0.0007	0
COG5092			0.0000	0.0000	0	0.0000	0.0005	0	0.0000	0.0000	0	0.0000	0.0140	0	0.0000	0.0019	0
COG5093			0.0000	0.0000	0	0.0000	0.0001	0	0.0000	0.0000	0	0.0000	0.0031	0	0.0000	0.0002	0
COG5094			0.0000	0.0013	0	0.0000	0.0036	0	0.0000	0.0006	0	0.0000	0.0808	0	0.0000	0.0061	0
COG5096			0.0000	0.0000	0	0.0000	0.0013	0	0.0000	0.0000	0	0.0000	0.0095	0	0.0000	0.0024	0
COG5097			0.0000	0.0000	0	0.0000	0.0000	0	0.0000	0.0000	0	0.0000	0.0020	0	0.0000	0.0002	0
COG5098			0.0000	0.0000	0	0.0000	0.0004	0	0.0000	0.0000	0	0.0000	0.0092	0	0.0000	0.0012	0
COG5099			0.0000	0.0000	0	0.0000	0.0001	0	0.0000	0.0000	0	0.0000	0.0036	0	0.0000	0.0004	0
COG5100			0.0000	0.0000	0	0.0000	0.0001	0	0.0000	0.0000	0	0.0000	0.0055	0	0.0000	0.0004	0
COG5101			0.0000	0.0000	0	0.0000	0.0004	0	0.0000	0.0000	0	0.0000	0.0132	0	0.0000	0.0016	0
COG5102			0.0000	0.0000	0	0.0000	0.0001	0	0.0000	0.0000	0	0.0000	0.0030	0	0.0000	0.0002	0
COG5103			0.0000	0.0000	0	0.0000	0.0002	0	0.0000	0.0000	0	0.0000	0.0057	0	0.0000	0.0005	0
COG5106			0.0000	0.0000	0	0.0000	0.0001	0	0.0000	0.0000	0	0.0000	0.0048	0	0.0000	0.0004	0
COG5107			0.0000	0.0047	0	0.0000	0.0116	0	0.0000	0.0025	0	0.0000	0.0227	0	0.0000	0.0067	0
COG5108	K	Mitochondrial DNA-directed RNA polymerase	0.0000	0.0009	0	0.0000	0.0014	0	0.0000	0.0008	0	0.0000	0.0036	0	0.0000	0.0021	0
COG5110			0.0000	0.0000	0	0.0000	0.0007	0	0.0000	0.0000	0	0.0000	0.0158	0	0.0000	0.0022	0
COG5112			0.0000	0.0000	0	0.0000	0.0001	0	0.0000	0.0000	0	0.0000	0.0039	0	0.0000	0.0003	0
COG5113			0.0000	0.0122	0	0.0000	0.0028	0	0.0000	0.0068	0	0.0000	0.0160	0	0.0000	0.0026	0
COG5114			0.0000	0.0004	0	0.0000	0.0009	0	0.0000	0.0003	0	0.0000	0.0020	0	0.0000	0.0011	0
COG5116			0.0000	0.0000	0	0.0000	0.0004	0	0.0000	0.0000	0	0.0000	0.0085	0	0.0000	0.0012	0
COG5118			0.0000	0.0000	0	0.0000	0.0001	0	0.0000	0.0000	0	0.0000	0.0026	0	0.0000	0.0003	0
COG5119	R	Uncharacterized conserved protein, contains ParB-like nuclease domain	0.0000	0.0005	0	0.0000	0.0044	0	0.0000	0.0004	0	0.0000	0.0345	0	0.0000	0.0073	0
COG5122			0.0000	0.0000	0	0.0000	0.0000	0	0.0000	0.0000	0	0.0000	0.0014	0	0.0000	0.0001	0
COG5123			0.0000	0.0000	0	0.0000	0.0001	0	0.0000	0.0000	0	0.0000	0.0026	0	0.0000	0.0002	0
COG5124			0.0000	0.0000	0	0.0000	0.0002	0	0.0000	0.0000	0	0.0000	0.0075	0	0.0000	0.0008	0
COG5125			0.0000	0.0000	0	0.0000	0.0001	0	0.0000	0.0000	0	0.0000	0.0023	0	0.0000	0.0003	0
COG5126	T	Ca2+-binding protein, EF-hand superfamily	0.0000	0.0050	0	0.0000	0.0062	0	0.0000	0.0041	0	0.0000	0.0365	0	0.0000	0.0105	0
COG5127			0.0000	0.0000	0	0.0000	0.0001	0	0.0000	0.0000	0	0.0000	0.0036	0	0.0000	0.0003	0
COG5129			0.0000	0.0000	0	0.0000	0.0033	0	0.0000	0.0000	0	0.0000	0.0443	0	0.0000	0.0113	0
COG5131	O	Ubiquitin-like protein	0.0000	0.0077	0	0.0000	0.0834	0	0.0000	0.0078	0	0.0142	0.3912	0	0.0011	0.3435	0
COG5133			0.0000	0.0164	0	0.0000	0.1101	0	0.0000	0.0193	0	0.0000	0.1437	0	0.0000	0.1829	0
COG5134			0.0000	0.0000	0	0.0000	0.0003	0	0.0000	0.0000	0	0.0000	0.0081	0	0.0000	0.0010	0
COG5135	S	Uncharacterized conserved protein	0.0000	0.0006	0	0.0000	0.0028	0	0.0000	0.0007	0	0.0000	0.0043	0	0.0000	0.0024	0
COG5137			0.0000	0.0000	0	0.0000	0.0002	0	0.0000	0.0000	0	0.0000	0.0052	0	0.0000	0.0007	0
COG5139			0.0000	0.0000	0	0.0000	0.0002	0	0.0000	0.0000	0	0.0000	0.0066	0	0.0000	0.0007	0
COG5140			0.0000	0.0000	0	0.0000	0.0002	0	0.0000	0.0000	0	0.0000	0.0072	0	0.0000	0.0008	0
COG5141			0.0000	0.0000	0	0.0000	0.0004	0	0.0000	0.0000	0	0.0000	0.0087	0	0.0000	0.0014	0
COG5142			0.0000	0.0000	0	0.0000	0.0004	0	0.0000	0.0000	0	0.0000	0.0065	0	0.0000	0.0011	0
COG5143			0.0000	0.0000	0	0.0000	0.0006	0	0.0000	0.0000	0	0.0000	0.0050	0	0.0000	0.0013	0
COG5144			0.0000	0.0007	0	0.0000	0.0051	0	0.0000	0.0005	0	0.0000	0.0736	0	0.0000	0.0111	0
COG5145			0.0000	0.0000	0	0.0000	0.0002	0	0.0000	0.0000	0	0.0000	0.0051	0	0.0000	0.0005	0
COG5146	H	Pantothenate kinase	0.0000	0.0025	0	0.0000	0.0059	0	0.0000	0.0044	0	0.0000	0.0206	0	0.0000	0.0084	0
COG5147			0.0000	0.0001	0	0.0000	0.0007	0	0.0000	0.0001	0	0.0000	0.0008	0	0.0000	0.0008	0
COG5148	S	vWFA (von Willebrand factor type A) domain-containing protein	0.0000	0.0003	0	0.0000	0.0038	0	0.0000	0.0003	0	0.0000	0.0085	0	0.0000	0.0041	0
COG5150			0.0000	0.0000	0	0.0000	0.0002	0	0.0000	0.0000	0	0.0000	0.0068	0	0.0000	0.0009	0
COG5151			0.0000	0.0000	0	0.0000	0.0003	0	0.0000	0.0000	0	0.0000	0.0086	0	0.0000	0.0012	0
COG5153	U	Putative lipase ATG15 (essential for vacuolar disintegration of autophagic bodies)	0.0000	0.0001	0	0.0000	0.0001	0	0.0000	0.0001	0	0.0000	0.0005	0	0.0000	0.0004	0
COG5155			0.0000	0.0000	0	0.0000	0.0005	0	0.0000	0.0000	0	0.0000	0.0091	0	0.0000	0.0015	0
COG5156			0.0000	0.0008	0	0.0000	0.0045	0	0.0000	0.0005	0	0.0000	0.0603	0	0.0000	0.0084	0
COG5157			0.0000	0.0000	0	0.0000	0.0000	0	0.0000	0.0000	0	0.0000	0.0007	0	0.0000	0.0001	0
COG5158			0.0000	0.0000	0	0.0000	0.0004	0	0.0000	0.0000	0	0.0000	0.0100	0	0.0000	0.0014	0
COG5159			0.0000	0.0000	0	0.0000	0.0004	0	0.0000	0.0000	0	0.0000	0.0094	0	0.0000	0.0017	0
COG5160	O	Protease, Ulp1 family	0.0000	0.0001	0	0.0000	0.0003	0	0.0000	0.0001	0	0.0000	0.0003	0	0.0000	0.0003	0
COG5161			0.0000	0.0001	0	0.0000	0.0004	0	0.0000	0.0001	0	0.0000	0.0022	0	0.0000	0.0005	0
COG5162			0.0000	0.0000	0	0.0000	0.0001	0	0.0000	0.0000	0	0.0000	0.0015	0	0.0000	0.0002	0
COG5163			0.0000	0.0000	0	0.0000	0.0001	0	0.0000	0.0000	0	0.0000	0.0037	0	0.0000	0.0005	0
COG5164	K	Transcription elongation factor SPT5	0.0000	0.0022	0	0.0000	0.0016	0	0.0000	0.0016	0	0.0000	0.0082	0	0.0000	0.0020	0
COG5165			0.0000	0.0000	0	0.0000	0.0002	0	0.0000	0.0000	0	0.0000	0.0073	0	0.0000	0.0009	0
COG5166			0.0000	0.0052	0	0.0000	0.0164	0	0.0000	0.0036	0	0.0000	0.0940	0	0.0000	0.0270	0
COG5167			0.0000	0.0000	0	0.0000	0.0001	0	0.0000	0.0000	0	0.0000	0.0034	0	0.0000	0.0004	0
COG5169			0.0000	0.0000	0	0.0000	0.0001	0	0.0000	0.0000	0	0.0000	0.0037	0	0.0000	0.0003	0
COG5171			0.0000	0.0000	0	0.0000	0.0003	0	0.0000	0.0000	0	0.0000	0.0087	0	0.0000	0.0011	0
COG5173			0.0000	0.0000	0	0.0000	0.0002	0	0.0000	0.0000	0	0.0000	0.0073	0	0.0000	0.0007	0
COG5175			0.0000	0.0000	0	0.0000	0.0001	0	0.0000	0.0000	0	0.0000	0.0019	0	0.0000	0.0004	0
COG5176			0.0000	0.0000	0	0.0000	0.0059	0	0.0000	0.0000	0	0.0000	0.0432	0	0.0000	0.0127	0
COG5178			0.0000	0.0000	0	0.0000	0.0006	0	0.0000	0.0000	0	0.0000	0.0103	0	0.0000	0.0017	0
COG5180	A	PAB1-binding protein, interacts with poly(A)-binding protein	0.0000	0.0032	0	0.0000	0.0074	0	0.0000	0.0035	0	0.0000	0.0538	0	0.0000	0.0165	0
COG5182			0.0000	0.0000	0	0.0000	0.0001	0	0.0000	0.0000	0	0.0000	0.0032	0	0.0000	0.0004	0
COG5183			0.0000	0.0013	0	0.0000	0.0023	0	0.0000	0.0017	0	0.0000	0.0114	0	0.0000	0.0036	0
COG5184	DZ	Alpha-tubulin suppressor ATS1 and related RCC1 domain-containing proteins	0.0000	0.0095	0	0.0500	0.0620	0	0.0000	0.0086	0	0.1159	0.0455	0	0.0000	0.0046	0
COG5185	D	Chromosome segregation protein NDC80, interacts with SMC proteins	0.0000	0.0012	0	0.0000	0.0016	0	0.0000	0.0011	0	0.0000	0.0079	0	0.0000	0.0022	0
COG5186	A	Poly(A) polymerase Pap1	0.0000	0.0002	0	0.0000	0.0006	0	0.0000	0.0001	0	0.0000	0.0046	0	0.0000	0.0011	0
COG5187			0.0000	0.0003	0	0.0000	0.0014	0	0.0000	0.0003	0	0.0000	0.0150	0	0.0000	0.0026	0
COG5188			0.0000	0.0000	0	0.0000	0.0001	0	0.0000	0.0000	0	0.0000	0.0039	0	0.0000	0.0003	0
COG5189			0.0000	0.0000	0	0.0000	0.0001	0	0.0000	0.0000	0	0.0000	0.0069	0	0.0000	0.0005	0
COG5190	K	TFIIF-interacting CTD phosphatase, includes NLI-interacting factor	0.0000	0.0009	0	0.0000	0.0019	0	0.0000	0.0004	0	0.0000	0.0123	0	0.0000	0.0023	0
COG5192			0.0000	0.0000	0	0.0000	0.0002	0	0.0000	0.0000	0	0.0000	0.0054	0	0.0000	0.0006	0
COG5193			0.0000	0.0000	0	0.0000	0.0002	0	0.0000	0.0000	0	0.0000	0.0078	0	0.0000	0.0007	0
COG5194			0.0000	0.0000	0	0.0000	0.0001	0	0.0000	0.0000	0	0.0000	0.0034	0	0.0000	0.0005	0
COG5195			0.0000	0.0019	0	0.0000	0.0163	0	0.0000	0.0017	0	0.0000	0.0437	0	0.0000	0.0225	0
COG5196			0.0000	0.0000	0	0.0000	0.0002	0	0.0000	0.0000	0	0.0000	0.0042	0	0.0000	0.0004	0
COG5198			0.0000	0.0001	0	0.0000	0.0009	0	0.0000	0.0001	0	0.0000	0.0035	0	0.0000	0.0011	0
COG5199			0.0000	0.0000	0	0.0000	0.0002	0	0.0000	0.0000	0	0.0000	0.0091	0	0.0000	0.0009	0
COG5200			0.0000	0.0000	0	0.0000	0.0000	0	0.0000	0.0000	0	0.0000	0.0015	0	0.0000	0.0001	0
COG5201			0.0000	0.0000	0	0.0000	0.0013	0	0.0000	0.0000	0	0.0000	0.0096	0	0.0000	0.0026	0
COG5206	O	Glycosylphosphatidylinositol transamidase (GPIT), subunit GPI8	0.0000	0.0001	0	0.0000	0.0007	0	0.0000	0.0001	0	0.0000	0.0021	0	0.0000	0.0012	0
COG5207	R	Uncharacterized Zn-finger protein, UBP-type	0.0000	0.0017	0	0.0400	0.0204	0	0.0000	0.0018	0	0.0063	0.0823	0	0.0016	0.0331	0
COG5209			0.0000	0.0000	0	0.0000	0.0001	0	0.0000	0.0000	0	0.0000	0.0060	0	0.0000	0.0005	0
COG5210			0.0000	0.0000	0	0.0000	0.0007	0	0.0000	0.0000	0	0.0000	0.0132	0	0.0000	0.0022	0
COG5212	T	cAMP phosphodiesterase	0.0000	0.0002	0	0.0000	0.0006	0	0.0000	0.0002	0	0.0000	0.0020	0	0.0000	0.0010	0
COG5213			0.0000	0.0000	0	0.0000	0.0001	0	0.0000	0.0000	0	0.0000	0.0041	0	0.0000	0.0004	0
COG5214			0.0000	0.0000	0	0.0000	0.0002	0	0.0000	0.0000	0	0.0000	0.0052	0	0.0000	0.0006	0
COG5215			0.0000	0.0001	0	0.0000	0.0009	0	0.0000	0.0001	0	0.0000	0.0065	0	0.0000	0.0017	0
COG5216			0.0000	0.0000	0	0.0000	0.0002	0	0.0000	0.0000	0	0.0000	0.0065	0	0.0000	0.0008	0
COG5217			0.0000	0.0002	0	0.0000	0.0023	0	0.0000	0.0002	0	0.0000	0.0059	0	0.0000	0.0029	0
COG5218			0.0000	0.0000	0	0.0000	0.0002	0	0.0000	0.0000	0	0.0000	0.0049	0	0.0000	0.0006	0
COG5219			0.0000	0.0000	0	0.0000	0.0001	0	0.0000	0.0000	0	0.0000	0.0037	0	0.0000	0.0003	0
COG5222			0.0000	0.0002	0	0.0000	0.0013	0	0.0000	0.0002	0	0.0000	0.0176	0	0.0000	0.0025	0
COG5225			0.0000	0.0000	0	0.0000	0.0001	0	0.0000	0.0000	0	0.0000	0.0040	0	0.0000	0.0003	0
COG5226			0.0000	0.0000	0	0.0000	0.0008	0	0.0000	0.0000	0	0.0000	0.0068	0	0.0000	0.0017	0
COG5227			0.0000	0.0000	0	0.0000	0.0008	0	0.0000	0.0000	0	0.0000	0.0168	0	0.0000	0.0026	0
COG5228			0.0000	0.0000	0	0.0000	0.0006	0	0.0000	0.0000	0	0.0000	0.0121	0	0.0000	0.0018	0
COG5230			0.0000	0.0000	0	0.0000	0.0001	0	0.0000	0.0000	0	0.0000	0.0037	0	0.0000	0.0003	0
COG5231			0.0000	0.0000	0	0.0000	0.0001	0	0.0000	0.0000	0	0.0000	0.0060	0	0.0000	0.0005	0
COG5235			0.0000	0.0000	0	0.0000	0.0016	0	0.0000	0.0000	0	0.0000	0.0250	0	0.0000	0.0061	0
COG5236			0.0000	0.0000	0	0.0000	0.0001	0	0.0000	0.0000	0	0.0000	0.0041	0	0.0000	0.0003	0
COG5237			0.0000	0.0000	0	0.0000	0.0001	0	0.0000	0.0000	0	0.0000	0.0033	0	0.0000	0.0002	0
COG5238	J	Ran GTPase-activating protein (RanGAP) involved in mRNA processing and transport	0.0000	0.0004	0	0.0000	0.0014	0	0.0000	0.0003	0	0.0000	0.0046	0	0.0000	0.0015	0
COG5239			0.0000	0.0001	0	0.0000	0.0007	0	0.0000	0.0001	0	0.0000	0.0033	0	0.0000	0.0010	0
COG5240			0.0000	0.0000	0	0.0000	0.0003	0	0.0000	0.0000	0	0.0000	0.0063	0	0.0000	0.0009	0
COG5241			0.0000	0.0000	0	0.0000	0.0001	0	0.0000	0.0000	0	0.0000	0.0059	0	0.0000	0.0005	0
COG5243			0.0000	0.0000	0	0.0000	0.0005	0	0.0000	0.0000	0	0.0000	0.0095	0	0.0000	0.0014	0
COG5244			0.0000	0.0008	0	0.0000	0.0033	0	0.0000	0.0005	0	0.0000	0.0193	0	0.0000	0.0047	0
COG5245			0.0000	0.0002	0	0.0000	0.0012	0	0.0000	0.0002	0	0.0000	0.0029	0	0.0000	0.0017	0
COG5246			0.0000	0.0000	0	0.0000	0.0001	0	0.0000	0.0000	0	0.0000	0.0025	0	0.0000	0.0002	0
COG5247			0.0000	0.0000	0	0.0000	0.0001	0	0.0000	0.0000	0	0.0000	0.0020	0	0.0000	0.0003	0
COG5249			0.0000	0.0000	0	0.0000	0.0001	0	0.0000	0.0000	0	0.0000	0.0055	0	0.0000	0.0004	0
COG5251			0.0000	0.0000	0	0.0000	0.0002	0	0.0000	0.0000	0	0.0000	0.0050	0	0.0000	0.0006	0
COG5252			0.0000	0.0000	0	0.0000	0.0001	0	0.0000	0.0000	0	0.0000	0.0035	0	0.0000	0.0004	0
COG5253			0.0000	0.9642	1	0.0000	0.9905	1	0.0000	0.9629	1	0.0000	0.9832	1	0.0000	0.9736	1
COG5254			0.0000	0.0000	0	0.0000	0.0004	0	0.0000	0.0000	0	0.0000	0.0101	0	0.0000	0.0011	0
COG5255	S	Uncharacterized conserved protein	0.0000	0.0012	0	0.0000	0.0015	0	0.0000	0.0007	0	0.0000	0.0066	0	0.0000	0.0022	0
COG5256	J	Translation elongation factor EF-1alpha (GTPase)	0.9450	0.9982	1	0.9700	0.9999	1	0.1100	0.9940	1	1.0000	0.9999	1	1.0000	0.9999	1
COG5258	R	GTPase	0.0000	0.0024	0	0.8400	0.1012	0	0.0500	0.0112	0	0.9999	0.0865	0	0.9434	0.1416	0
COG5259			0.0000	0.0000	0	0.0000	0.0002	0	0.0000	0.0000	0	0.0000	0.0042	0	0.0000	0.0008	0
COG5260			0.0000	0.0049	0	0.0000	0.0154	0	0.0000	0.0037	0	0.0000	0.0796	0	0.0000	0.0200	0
COG5261			0.0000	0.0000	0	0.0000	0.0001	0	0.0000	0.0000	0	0.0000	0.0026	0	0.0000	0.0006	0
COG5262			0.0000	0.0000	0	0.0000	0.0018	0	0.0000	0.0000	0	0.0000	0.0131	0	0.0000	0.0037	0
COG5263	G	Glucan-binding domain (YG repeat)	0.0000	0.0028	0	0.0000	0.0015	0	0.0000	0.0029	0	0.0000	0.0018	0	0.0000	0.0013	0
COG5264			0.0000	0.0000	0	0.0000	0.0003	0	0.0000	0.0000	0	0.0000	0.0086	0	0.0000	0.0011	0
COG5265	O	ABC-type transport system involved in Fe-S cluster assembly, permease and ATPase components	0.0000	0.0013	0	0.0000	0.0005	0	0.0000	0.0014	0	0.0000	0.0003	0	0.0000	0.0003	0
COG5266	R	Uncharacterized protein, contains GH25 family domain	0.0000	0.0522	0	0.0000	0.0369	0	0.0000	0.0477	0	0.1361	0.0870	0	0.0001	0.1034	0
COG5267	S	Uncharacterized conserved protein, DUF1800 family	0.0000	0.0006	0	0.0000	0.0010	0	0.0000	0.0004	0	0.0000	0.0049	0	0.0000	0.0014	0
COG5268	U	Type IV secretory pathway, TrbD component	0.0000	0.0018	0	0.0000	0.0014	0	0.0000	0.0014	0	0.0000	0.0033	0	0.0000	0.0014	0
COG5271	J	Midasin, AAA ATPase with  vWA domain, involved in ribosome maturation	0.0000	0.0022	0	0.0000	0.0091	0	0.0000	0.0018	0	0.0000	0.0445	0	0.0000	0.0123	0
COG5272	O	Ubiquitin	0.0000	0.0124	0	0.0000	0.0143	0	0.0000	0.0097	0	0.0000	0.0370	0	0.0000	0.0343	0
COG5273			0.0000	0.0003	0	0.0000	0.0012	0	0.0000	0.0003	0	0.0000	0.0042	0	0.0000	0.0017	0
COG5274	CI	Cytochrome b involved in lipid metabolism	0.0000	0.0019	0	0.0000	0.0068	0	0.0000	0.0014	0	0.0000	0.0216	0	0.0000	0.0072	0
COG5275	R	BRCT domain type II	0.0000	0.0011	0	0.0000	0.0048	0	0.0000	0.0007	0	0.0000	0.0124	0	0.0000	0.0052	0
COG5276	S	Uncharacterized secreted protein, contains LVIVD repeats, choice-of-anchor domain	0.0000	0.0175	0	0.0100	0.0854	0	0.0000	0.0174	0	0.9985	0.5193	1	0.0191	0.1244	0
COG5277	Z	Actin-related protein	0.0000	0.0166	0	0.4000	0.1851	0	0.0000	0.0162	0	0.8346	0.4452	0	0.6955	0.4919	0
COG5278	T	Extracytoplasmic sensor domain CHASE3 (specificity unknown)	0.0000	0.0010	0	0.0000	0.0033	0	0.0000	0.0006	0	0.0000	0.0250	0	0.0000	0.0076	0
COG5279	D	Cytokinesis protein 3, contains TGc (transglutaminase/protease-like) domain	0.0000	0.0057	0	0.0000	0.0042	0	0.0000	0.0049	0	0.0000	0.0049	0	0.0000	0.0024	0
COG5280	X	Phage-related minor tail protein	0.0000	0.0041	0	0.0000	0.0024	0	0.0000	0.0032	0	0.0000	0.0059	0	0.0000	0.0028	0
COG5281	X	Phage-related minor tail protein	0.0000	0.0008	0	0.0000	0.0007	0	0.0000	0.0007	0	0.0000	0.0009	0	0.0000	0.0005	0
COG5282	O	Zn-dependent metallopeptidase, zincin/DUF2342 superfamily	0.0000	0.0128	0	0.0000	0.0223	0	0.0000	0.0088	0	0.0005	0.4321	0	0.0000	0.0560	0
COG5283	X	Phage-related tail protein	0.0000	0.0118	0	0.0000	0.0037	0	0.0000	0.0101	0	0.0000	0.0094	0	0.0000	0.0040	0
COG5285	Q	Ectoine hydroxylase-related dioxygenase, phytanoyl-CoA dioxygenase (PhyH) family	0.0000	0.0006	0	0.0000	0.0001	0	0.0000	0.0007	0	0.0004	0.0045	0	0.0000	0.0002	0
COG5290			0.0000	0.0003	0	0.0000	0.0005	0	0.0000	0.0002	0	0.0000	0.0020	0	0.0000	0.0005	0
COG5291			0.0000	0.0000	0	0.0000	0.0001	0	0.0000	0.0000	0	0.0000	0.0043	0	0.0000	0.0005	0
COG5293	S	Uncharacterized conserved protein YydD, contains DUF2326 domain	0.0000	0.0102	0	0.0000	0.0136	0	0.0000	0.0050	0	0.0000	0.0903	0	0.0000	0.0099	0
COG5294	S	Uncharacterized conserved protein YxeA, DUF1093 family	0.0000	0.0002	0	0.0000	0.0006	0	0.0000	0.0002	0	0.0000	0.0012	0	0.0000	0.0006	0
COG5295	UW	Autotransporter adhesin	0.0000	0.0084	0	0.0000	0.0066	0	0.0000	0.0049	0	0.0000	0.0233	0	0.0000	0.0062	0
COG5296			0.0000	0.0001	0	0.0000	0.0006	0	0.0000	0.0001	0	0.0000	0.0019	0	0.0000	0.0012	0
COG5297	G	Cellulase/cellobiase CelA1	0.0000	0.0123	0	0.0000	0.0051	0	0.0000	0.0094	0	0.0000	0.0138	0	0.0000	0.0041	0
COG5298	R	Predicted metal-dependent carbohydrate esterase YdaL, contains NodB-like catalytic (CE4) domain	0.0000	0.0030	0	0.0000	0.0077	0	0.0000	0.0022	0	0.0000	0.0694	0	0.0000	0.0091	0
COG5301	X	Phage-related tail fiber protein	0.0000	0.0028	0	0.0000	0.0011	0	0.0000	0.0026	0	0.0000	0.0028	0	0.0000	0.0011	0
COG5302	X	Post-segregation antitoxin (ccd killing mechanism protein) encoded by the F plasmid	0.0000	0.0006	0	0.0000	0.0017	0	0.0000	0.0006	0	0.0000	0.0058	0	0.0000	0.0028	0
COG5304	K	Predicted DNA binding protein, CopG/RHH family	0.0000	0.0020	0	0.0496	0.0419	0	0.0000	0.0016	0	0.9653	0.2361	0	0.1969	0.0755	0
COG5305	R	Uncharacterized membrane protein PF0508, contains N-terminal glycosyltransferase domain of PMT family	0.0150	0.0760	0	0.4568	0.1465	0	0.0000	0.0078	0	0.9987	0.2607	0	0.0157	0.0496	0
COG5306	R	Uncharacterized conserved protein MJ1470, contains DUF2341 domain, predicted component of type IV pili-like system	0.0000	0.2984	0	0.6467	0.9574	1	0.0000	0.1254	0	0.9997	0.9808	1	0.0290	0.8194	1
COG5307	R	Guanine-nucleotide exchange factor YEL1, contains Sec7 domain	0.0000	0.0000	0	0.0000	0.0006	0	0.0000	0.0000	0	0.0000	0.0012	0	0.0000	0.0007	0
COG5308			0.0000	0.0000	0	0.0000	0.0003	0	0.0000	0.0000	0	0.0000	0.0087	0	0.0000	0.0010	0
COG5309	G	Exo-beta-1,3-glucanase,  GH17 family	0.0000	0.0016	0	0.0000	0.0073	0	0.0000	0.0013	0	0.0000	0.0856	0	0.0000	0.0106	0
COG5310	Q	Homospermidine synthase	0.0000	0.0136	0	0.0200	0.1297	0	0.0000	0.0108	0	0.1972	0.1924	0	0.0001	0.1214	0
COG5314	X	Conjugal transfer/entry exclusion protein	0.0000	0.0027	0	0.0000	0.0015	0	0.0000	0.0029	0	0.0000	0.0031	0	0.0000	0.0017	0
COG5316	S	Uncharacterized protein, contains DUF4139 domain	0.0000	0.1970	0	0.0400	0.4507	0	0.0000	0.0522	0	0.9989	0.8174	1	0.5238	0.6882	1
COG5317	S	Uncharacterized conserved protein, DUF1465 domain	0.0000	0.0008	0	0.0000	0.0035	0	0.0000	0.0008	0	0.0000	0.0161	0	0.0000	0.0077	0
COG5319	S	Uncharacterized conserved protein, DUF1178 domain	0.0000	0.0167	0	0.0000	0.0306	0	0.0000	0.0114	0	0.0000	0.0788	0	0.0000	0.0358	0
COG5321	S	Uncharacterized conserved protein	0.0000	0.0048	0	0.0000	0.0039	0	0.0000	0.0036	0	0.0000	0.0392	0	0.0000	0.0063	0
COG5322	R	Predicted amino acid dehydrogenase	0.0000	0.0140	0	0.0000	0.0247	0	0.0000	0.0083	0	0.0000	0.1438	0	0.0000	0.0448	0
COG5323	X	Phage large terminase packaging protein	0.0000	0.0047	0	0.0000	0.0082	0	0.0000	0.0033	0	0.0000	0.0216	0	0.0000	0.0125	0
COG5324	J	tRNA splicing ligase	0.0000	0.0003	0	0.0000	0.0021	0	0.0000	0.0003	0	0.0000	0.0179	0	0.0000	0.0040	0
COG5328	S	Uncharacterized conserved protein, UPF0262 family	0.0000	0.0015	0	0.0000	0.0045	0	0.0000	0.0013	0	0.0000	0.0257	0	0.0000	0.0104	0
COG5329			0.0000	0.0002	0	0.0000	0.0013	0	0.0000	0.0002	0	0.0000	0.0058	0	0.0000	0.0024	0
COG5330	S	Uncharacterized conserved protein, DUF2336 family	0.0000	0.0018	0	0.0000	0.0022	0	0.0000	0.0015	0	0.0000	0.0052	0	0.0000	0.0032	0
COG5331	S	Uncharacterized conserved protein	0.0000	0.0002	0	0.0000	0.0005	0	0.0000	0.0003	0	0.0000	0.0007	0	0.0000	0.0005	0
COG5333			0.0000	0.0000	0	0.0000	0.0006	0	0.0000	0.0000	0	0.0000	0.0131	0	0.0000	0.0018	0
COG5336	C	FoF1-type ATP synthase AtpZ/Atp1/AtpQ subunit, putative Ca2+/Mg2+ transporter	0.0000	0.0012	0	0.0000	0.0038	0	0.0000	0.0019	0	0.0000	0.0120	0	0.0000	0.0034	0
COG5337	M	Spore coat protein CotH	0.0000	0.0071	0	0.0000	0.0058	0	0.0000	0.0051	0	0.0000	0.0096	0	0.0000	0.0027	0
COG5338	S	Uncharacterized conserved protein	0.0000	0.0035	0	0.0000	0.0034	0	0.0000	0.0032	0	0.0000	0.0102	0	0.0000	0.0061	0
COG5339	S	Uncharacterized conserved protein YdgA, DUF945 family	0.0000	0.0008	0	0.0000	0.0008	0	0.0000	0.0007	0	0.0000	0.0019	0	0.0000	0.0012	0
COG5340	V	Abortive phage infection protein AbiEi, antitoxin conponent of an AbiEi-AbiEii TA system	0.0100	0.6967	1	0.8600	0.6616	1	0.0100	0.3516	0	1.0000	0.6078	1	0.9988	0.6796	1
COG5341	S	Uncharacterized conserved protein	0.0000	0.0014	0	0.0000	0.0014	0	0.0000	0.0014	0	0.0000	0.0008	0	0.0000	0.0006	0
COG5342	R	Invasion protein IalB, involved in pathogenesis	0.0000	0.0012	0	0.0000	0.0004	0	0.0000	0.0012	0	0.0000	0.0003	0	0.0000	0.0004	0
COG5343	T	Anti-sigma-K factor RskA	0.0000	0.0007	0	0.0000	0.0013	0	0.0000	0.0008	0	0.0000	0.0146	0	0.0000	0.0018	0
COG5345	S	Uncharacterized conserved protein, DUF2333 domain	0.0000	0.0019	0	0.0000	0.0056	0	0.0000	0.0013	0	0.0000	0.0408	0	0.0000	0.0084	0
COG5346	S	Uncharacterized membrane protein	0.0000	0.0009	0	0.0000	0.0017	0	0.0000	0.0005	0	0.0000	0.0078	0	0.0000	0.0026	0
COG5347			0.0000	0.0001	0	0.0000	0.0015	0	0.0000	0.0001	0	0.0000	0.0096	0	0.0000	0.0026	0
COG5349	S	Uncharacterized conserved protein, DUF983 family	0.0000	0.0011	0	0.0000	0.0034	0	0.0000	0.0016	0	0.0000	0.0197	0	0.0000	0.0052	0
COG5350	R	Predicted protein tyrosine phosphatase	0.0000	0.0089	0	0.0000	0.0082	0	0.0000	0.0054	0	0.0000	0.0423	0	0.0000	0.0145	0
COG5351	S	Uncharacterized conserved protein, DUF2169 domain	0.0000	0.0008	0	0.0000	0.0012	0	0.0000	0.0007	0	0.0000	0.0062	0	0.0000	0.0014	0
COG5352	S	Uncharacterized conserved protein	0.0000	0.0014	0	0.0000	0.0022	0	0.0000	0.0016	0	0.0000	0.0010	0	0.0000	0.0019	0
COG5353	S	Uncharacterized conserved protein YpmB, contains C-terminal PepSY domain	0.0000	0.0000	0	0.0000	0.0018	0	0.0000	0.0000	0	0.0000	0.0359	0	0.0000	0.0064	0
COG5354			0.0000	0.0006	0	0.0000	0.0047	0	0.0000	0.0004	0	0.0000	0.0517	0	0.0000	0.0077	0
COG5360	R	Uncharacterized conserved protein, heparinase superfamily	0.0000	0.0113	0	0.0000	0.0064	0	0.0000	0.0090	0	0.0000	0.0682	0	0.0000	0.0107	0
COG5361	X	Uncharacterized conserved protein	0.0000	0.0093	0	0.0000	0.0099	0	0.0000	0.0067	0	0.0163	0.1997	0	0.0002	0.0762	0
COG5362	X	Phage terminase large subunit	0.0000	0.0079	0	0.2300	0.0413	0	0.0000	0.0093	0	1.0000	0.1370	0	0.3259	0.0332	0
COG5368	G	Endo-beta-1,2-glucanase, glucoamylase superfamily	0.0000	0.0062	0	0.0000	0.0074	0	0.0000	0.0046	0	0.0000	0.0094	0	0.0000	0.0066	0
COG5371	F	Nucleoside diphosphatase, GDA1/CD39 family	0.0000	0.0002	0	0.0000	0.0006	0	0.0000	0.0002	0	0.0000	0.0018	0	0.0000	0.0009	0
COG5373	S	Uncharacterized membrane protein	0.0000	0.0007	0	0.0000	0.0004	0	0.0000	0.0009	0	0.0000	0.0008	0	0.0000	0.0003	0
COG5375	S	Uncharacterized conserved protein	0.0000	0.0017	0	0.0000	0.0066	0	0.0000	0.0018	0	0.0000	0.0142	0	0.0000	0.0108	0
COG5377	X	Phage-related protein, predicted endonuclease	0.0000	0.0022	0	0.0000	0.0007	0	0.0000	0.0026	0	0.0000	0.0020	0	0.0000	0.0007	0
COG5378	R	Predicted nucleic acid-binding protein, contains PIN domain	0.0150	0.5331	1	0.8100	0.9803	1	0.0100	0.3002	0	0.9970	0.9884	1	0.7148	0.9595	1
COG5379	I	S-adenosylmethionine:diacylglycerol 3-amino-3-carboxypropyl transferase	0.0000	0.0008	0	0.0000	0.0010	0	0.0000	0.0008	0	0.0000	0.0024	0	0.0000	0.0014	0
COG5380	O	Lipase chaperone LimK	0.0000	0.0021	0	0.0000	0.0040	0	0.0000	0.0022	0	0.0000	0.0069	0	0.0000	0.0027	0
COG5381	S	Uncharacterized conserved protein	0.0000	0.0010	0	0.0000	0.0025	0	0.0000	0.0006	0	0.0000	0.0119	0	0.0000	0.0031	0
COG5383	R	Uncharacterized metalloenzyme YdcJ, glyoxalase superfamily	0.0000	0.0003	0	0.0000	0.0003	0	0.0000	0.0002	0	0.0000	0.0013	0	0.0000	0.0006	0
COG5384			0.0000	0.0005	0	0.0000	0.0022	0	0.0000	0.0004	0	0.0000	0.0048	0	0.0000	0.0025	0
COG5385	T	Histidine phosphotransfer protein ChpT, HPt domain	0.0000	0.0006	0	0.0000	0.0045	0	0.0000	0.0006	0	0.0000	0.0191	0	0.0000	0.0095	0
COG5386	P	Heme-binding NEAT domain	0.0000	0.0013	0	0.0000	0.0034	0	0.0000	0.0008	0	0.0000	0.0198	0	0.0000	0.0051	0
COG5387	O	Mitochondrial FoF1-type ATP synthase assembly chaperone ATP12	0.0000	0.0007	0	0.0000	0.0046	0	0.0000	0.0007	0	0.0000	0.0249	0	0.0000	0.0107	0
COG5388	S	Uncharacterized conserved protein	0.0000	0.0004	0	0.0000	0.0030	0	0.0000	0.0003	0	0.0000	0.0186	0	0.0000	0.0064	0
COG5389	S	Uncharacterized conserved protein, DUF721 domain	0.0000	0.0018	0	0.0000	0.0038	0	0.0000	0.0019	0	0.0000	0.0037	0	0.0000	0.0031	0
COG5391			0.0000	0.0000	0	0.0000	0.0004	0	0.0000	0.0000	0	0.0000	0.0091	0	0.0000	0.0012	0
COG5393	S	Uncharacterized membrane protein YqjE	0.0000	0.0045	0	0.0000	0.0094	0	0.0000	0.0044	0	0.0000	0.0294	0	0.0000	0.0167	0
COG5394	QT	Polyhydroxyalkanoate (PHA) synthesis regulator protein, binds DNA and PHA	0.0000	0.0017	0	0.0000	0.0014	0	0.0000	0.0013	0	0.0000	0.0112	0	0.0000	0.0027	0
COG5395	S	Uncharacterized membrane protein	0.0000	0.0003	0	0.0000	0.0005	0	0.0000	0.0002	0	0.0000	0.0194	0	0.0000	0.0011	0
COG5397	S	Uncharacterized conserved protein	0.0000	0.0020	0	0.0000	0.0056	0	0.0000	0.0017	0	0.0000	0.0195	0	0.0000	0.0074	0
COG5398	H	Heme oxygenase	0.0000	0.0020	0	0.0000	0.0056	0	0.0000	0.0017	0	0.0000	0.0410	0	0.0000	0.0070	0
COG5399	S	Uncharacterized conserved protein, DUF2286 domain	0.0000	0.0051	0	0.0000	0.0967	0	0.0000	0.0065	0	0.0420	0.3988	0	0.0050	0.2955	0
COG5400	S	Uncharacterized conserved protein	0.0000	0.0035	0	0.0000	0.0060	0	0.0000	0.0020	0	0.0000	0.0172	0	0.0000	0.0095	0
COG5401	D	Spore germination protein GerM	0.0000	0.0048	0	0.0000	0.0053	0	0.0000	0.0029	0	0.0000	0.0493	0	0.0000	0.0104	0
COG5402	S	Uncharacterized protein, contains DUF1214 domain	0.0000	0.0024	0	0.0000	0.0033	0	0.0000	0.0022	0	0.0000	0.0066	0	0.0000	0.0049	0
COG5403	S	Uncharacterized conserved protein, DUF937 domain	0.0000	0.0033	0	0.0000	0.0072	0	0.0000	0.0015	0	0.0000	0.0229	0	0.0000	0.0119	0
COG5404	D	Cell division inhibitor SulA, prevents FtsZ ring assembly	0.0000	0.0001	0	0.0000	0.0012	0	0.0000	0.0001	0	0.0000	0.0067	0	0.0000	0.0033	0
COG5405	O	ATP-dependent protease HslVU (ClpYQ), peptidase subunit	0.0000	0.0008	0	0.0000	0.0007	0	0.0000	0.0016	0	0.0000	0.0026	0	0.0000	0.0014	0
COG5406			0.0000	0.0000	0	0.0000	0.0003	0	0.0000	0.0000	0	0.0000	0.0058	0	0.0000	0.0008	0
COG5407	U	Preprotein translocase subunit Sec63	0.0000	0.0001	0	0.0000	0.0023	0	0.0000	0.0001	0	0.0000	0.0312	0	0.0000	0.0055	0
COG5409			0.0000	0.0000	0	0.0000	0.0001	0	0.0000	0.0000	0	0.0000	0.0023	0	0.0000	0.0003	0
COG5410	S	Uncharacterized conserved protein	0.0000	0.0455	0	0.0000	0.0517	0	0.0000	0.0502	0	0.0000	0.2370	0	0.0000	0.0606	0
COG5411			0.0000	0.0000	0	0.0000	0.0003	0	0.0000	0.0000	0	0.0000	0.0017	0	0.0000	0.0006	0
COG5412	X	Phage-related protein	0.0000	0.0027	0	0.0000	0.0028	0	0.0000	0.0026	0	0.0000	0.0092	0	0.0000	0.0040	0
COG5413	S	Uncharacterized integral membrane protein	0.0000	0.0015	0	0.0000	0.0109	0	0.0000	0.0016	0	0.0000	0.0193	0	0.0000	0.0090	0
COG5414			0.0000	0.0006	0	0.0000	0.0027	0	0.0000	0.0004	0	0.0000	0.0207	0	0.0000	0.0042	0
COG5416	S	Uncharacterized integral membrane protein YrvD	0.0000	0.0071	0	0.0000	0.0089	0	0.0000	0.0084	0	0.0000	0.0377	0	0.0000	0.0113	0
COG5417	U	ESX protein secretion system component YukD	0.0000	0.0000	0	0.0000	0.0004	0	0.0000	0.0000	0	0.0000	0.0056	0	0.0000	0.0012	0
COG5418	S	Predicted secreted protein	0.0050	0.4750	0	0.9200	0.9160	1	0.0100	0.3632	0	0.9996	0.8815	1	0.0736	0.5743	1
COG5419	S	Uncharacterized conserved protein, DUF2285 domain	0.0000	0.0007	0	0.0000	0.0017	0	0.0000	0.0005	0	0.0000	0.0058	0	0.0000	0.0028	0
COG5420	S	Uncharacterized protein, UPF0437 family	0.0000	0.0035	0	0.0000	0.0091	0	0.0000	0.0019	0	0.0000	0.0745	0	0.0000	0.0122	0
COG5421	X	Transposase	0.0000	0.0977	0	0.1462	0.5782	1	0.0000	0.0673	0	1.0000	0.9553	1	0.9973	0.6970	1
COG5422			0.0000	0.0003	0	0.0000	0.0015	0	0.0000	0.0002	0	0.0000	0.0046	0	0.0000	0.0017	0
COG5423	S	Predicted metal-binding protein	0.0100	0.8204	1	0.8000	0.9396	1	0.0600	0.5978	1	1.0000	0.9868	1	0.9173	0.9778	1
COG5424	H	Pyrroloquinoline quinone (PQQ) biosynthesis protein C	0.0000	0.0060	0	0.0000	0.0025	0	0.0000	0.0134	0	0.9934	0.0592	0	0.0017	0.0129	0
COG5425	S	Usg protein (tryptophan operon, function unknown)	0.0000	0.0008	0	0.0000	0.0041	0	0.0000	0.0011	0	0.0000	0.0282	0	0.0000	0.0072	0
COG5426	R	Uncharacterized protein STM3548, contains class I glutamine amidotransferase domain	0.0000	0.0156	0	0.0000	0.0073	0	0.0000	0.0141	0	0.0000	0.0530	0	0.0000	0.0145	0
COG5427	S	Predicted membrane glycosyltransferase AF0583, Arch_YYY/DUF2298 family	0.0000	0.2759	0	0.9200	0.9824	1	0.0400	0.3360	0	0.9899	0.9758	1	0.3824	0.8731	1
COG5428	V	Predicted antitoxin component YuzE of a toxin-antitoxin system, DUF2283 family	0.0000	0.5229	1	0.6624	0.9888	1	0.0000	0.3449	0	1.0000	0.9947	1	0.9819	0.9902	1
COG5429	S	Uncharacterized conserved protein, DUF1223 domain	0.0000	0.0008	0	0.0000	0.0011	0	0.0000	0.0004	0	0.0000	0.0038	0	0.0000	0.0016	0
COG5430	W	Fimbrial subunit ScuA/B, ScuA/B/SCPU domain	0.0000	0.0011	0	0.0000	0.0026	0	0.0000	0.0010	0	0.0000	0.0088	0	0.0000	0.0037	0
COG5431	R	Predicted nucleic acid-binding protein, contains SWIM-type Zn-finger domain	0.0000	0.2507	0	0.7552	0.9082	1	0.0000	0.2861	0	1.0000	0.8401	1	0.9835	0.9748	1
COG5433	X	Predicted transposase YbfD/YdcC associated with H repeats	0.0000	0.0031	0	0.0000	0.0038	0	0.0000	0.0025	0	0.0000	0.0381	0	0.0000	0.0037	0
COG5434	G	Polygalacturonase	0.0300	0.0741	0	0.0000	0.0032	0	0.0000	0.0121	0	0.0000	0.0153	0	0.0000	0.0039	0
COG5435	S	Uncharacterized conserved protein	0.0000	0.0028	0	0.0000	0.0047	0	0.0000	0.0021	0	0.0000	0.0252	0	0.0000	0.0071	0
COG5436	S	Uncharacterized membrane protein	0.0000	0.0034	0	0.0000	0.0048	0	0.0000	0.0031	0	0.0000	0.0094	0	0.0000	0.0076	0
COG5437	X	Phage tail protein, TP901-1 family	0.0000	0.0033	0	0.0000	0.0024	0	0.0000	0.0022	0	0.0000	0.0082	0	0.0000	0.0048	0
COG5438	S	Uncharacterized membrane protein	0.0000	0.0019	0	0.0000	0.0023	0	0.0000	0.0012	0	0.0000	0.0377	0	0.0000	0.0041	0
COG5439	R	STAS domain	0.0000	0.0012	0	0.0000	0.0031	0	0.0000	0.0007	0	0.0000	0.0125	0	0.0000	0.0038	0
COG5440	T	Global stress regulator YbjN, DUF2299 family	0.0000	0.1330	0	0.1000	0.5854	1	0.0000	0.0901	0	1.0000	0.8881	1	0.7379	0.9100	1
COG5441	V	ATP-binding helicase-inhibiting domain, Tm-1/UPF0261 family	0.0000	0.0389	0	0.0000	0.0416	0	0.0000	0.0228	0	0.0122	0.6944	1	0.0006	0.3177	0
COG5442	N	Flagellar biosynthesis regulator FlaF	0.0000	0.0029	0	0.0000	0.0050	0	0.0000	0.0022	0	0.0000	0.0161	0	0.0000	0.0071	0
COG5443	N	Flagellar biosynthesis regulator FlbT	0.0000	0.0036	0	0.0000	0.0064	0	0.0000	0.0027	0	0.0000	0.0216	0	0.0000	0.0088	0
COG5444	V	Predicted ribonuclease, toxin component of the YeeF-YezG toxin-antitoxin module	0.0000	0.0006	0	0.0000	0.0005	0	0.0000	0.0004	0	0.0000	0.0007	0	0.0000	0.0005	0
COG5445	S	Uncharacterized conserved protein YfaQ, DUF2300 domain	0.0000	0.0002	0	0.0000	0.0008	0	0.0000	0.0002	0	0.0000	0.0022	0	0.0000	0.0010	0
COG5446	P	Putative cobalt transporter membrane subunit CbtA	0.0000	0.0018	0	0.0000	0.0068	0	0.0000	0.0006	0	0.0000	0.0595	0	0.0000	0.0088	0
COG5447	S	Uncharacterized conserved protein, DUF1491 domain	0.0000	0.0004	0	0.0000	0.0051	0	0.0000	0.0004	0	0.0000	0.0312	0	0.0000	0.0148	0
COG5448	S	Uncharacterized conserved protein, DUF2460 domain	0.0000	0.0038	0	0.0000	0.0072	0	0.0000	0.0027	0	0.0000	0.0112	0	0.0000	0.0076	0
COG5449	S	Uncharacterized conserved protein, DUF2163 domain	0.0000	0.0029	0	0.0000	0.0028	0	0.0000	0.0019	0	0.0000	0.0087	0	0.0000	0.0040	0
COG5450	K	Transcription regulator of the Arc/MetJ class	0.0000	0.0109	0	0.0000	0.0178	0	0.0000	0.0057	0	0.0000	0.0569	0	0.0000	0.0211	0
COG5451	S	Predicted secreted protein	0.0000	0.0010	0	0.0000	0.0033	0	0.0000	0.0007	0	0.0000	0.0098	0	0.0000	0.0050	0
COG5452	S	Uncharacterized conserved protein	0.0000	0.0004	0	0.0000	0.0028	0	0.0000	0.0005	0	0.0000	0.0156	0	0.0000	0.0071	0
COG5453	S	Uncharacterized conserved protein	0.0000	0.0008	0	0.0000	0.0027	0	0.0000	0.0005	0	0.0000	0.0375	0	0.0000	0.0080	0
COG5454	S	Predicted secreted protein	0.0000	0.0004	0	0.0000	0.0035	0	0.0000	0.0004	0	0.0000	0.0184	0	0.0000	0.0079	0
COG5455	P	Periplasmic regulator RcnB of Ni and Co efflux	0.0000	0.0023	0	0.0000	0.0022	0	0.0000	0.0021	0	0.0000	0.0072	0	0.0000	0.0048	0
COG5456	P	Nitrogen fixation protein FixH	0.0000	0.0018	0	0.0000	0.0051	0	0.0000	0.0011	0	0.0000	0.0327	0	0.0000	0.0104	0
COG5457	S	Uncharacterized conserved protein YjiS, DUF1127 family	0.0000	0.0007	0	0.0000	0.0022	0	0.0000	0.0009	0	0.0000	0.0187	0	0.0000	0.0040	0
COG5458	S	Uncharacterized conserved protein, DUF1489 domain	0.0000	0.0003	0	0.0000	0.0033	0	0.0000	0.0003	0	0.0000	0.0255	0	0.0000	0.0100	0
COG5459	J	Ribosomal protein RSM22 (predicted mitochondrial rRNA methylase)	0.0000	0.0033	0	0.0200	0.0238	0	0.0000	0.0033	0	0.0264	0.0846	0	0.0001	0.0382	0
COG5460	S	Uncharacterized conserved protein, DUF2164 family	0.0000	0.0021	0	0.0000	0.0037	0	0.0000	0.0019	0	0.0003	0.0635	0	0.0000	0.0042	0
COG5461	W	Type IV pilus biogenesis protein CpaD/CtpE	0.0000	0.0005	0	0.0000	0.0030	0	0.0000	0.0004	0	0.0000	0.0174	0	0.0000	0.0062	0
COG5462	S	Predicted secreted (periplasmic) protein	0.0000	0.0003	0	0.0000	0.0042	0	0.0000	0.0004	0	0.0000	0.0169	0	0.0000	0.0100	0
COG5463	S	Uncharacterized conserved protein YgiB, UPF0441/DUF1190 family, involved in bioifilm formation	0.0000	0.0009	0	0.0000	0.0019	0	0.0000	0.0010	0	0.0000	0.0045	0	0.0000	0.0025	0
COG5464	L	Recombination-promoting DNA endonuclease RpnC/YadD	0.0000	0.0187	0	0.0000	0.0126	0	0.0000	0.0087	0	0.0001	0.1165	0	0.0000	0.0032	0
COG5465	R	Uncharacterized conserved protein YbjN, helps stabilize unstable proteins	0.0000	0.0042	0	0.0000	0.0050	0	0.0000	0.0028	0	0.0003	0.0414	0	0.0000	0.0045	0
COG5466	S	Predicted small metal-binding protein	0.0000	0.0111	0	0.4240	0.2522	0	0.0000	0.0101	0	0.9999	0.7967	1	0.0004	0.2156	0
COG5467	S	Uncharacterized conserved protein, DUF1476 domain	0.0000	0.0010	0	0.0000	0.0030	0	0.0000	0.0012	0	0.0000	0.0093	0	0.0000	0.0046	0
COG5468	S	Predicted lipoprotein involved in lipopolysaccharide assembly	0.0000	0.0008	0	0.0000	0.0065	0	0.0000	0.0008	0	0.0000	0.0306	0	0.0000	0.0124	0
COG5469	S	Predicted metal-binding protein	0.0000	0.0013	0	0.0000	0.0024	0	0.0000	0.0006	0	0.0000	0.0164	0	0.0000	0.0053	0
COG5470	S	Uncharacterized conserved protein, DUF1330 family	0.0000	0.0027	0	0.0000	0.0035	0	0.0000	0.0031	0	0.0093	0.0969	0	0.0022	0.0311	0
COG5471	X	Predicted phage recombinase, RecA/RadA family	0.0000	0.0012	0	0.0000	0.0011	0	0.0000	0.0009	0	0.0000	0.0038	0	0.0000	0.0016	0
COG5472	S	Predicted small integral membrane protein	0.0000	0.0002	0	0.0000	0.0003	0	0.0000	0.0002	0	0.0000	0.0039	0	0.0000	0.0008	0
COG5473	S	Uncharacterized membrane protein	0.0000	0.0039	0	0.0000	0.0034	0	0.0000	0.0033	0	0.0000	0.0181	0	0.0000	0.0052	0
COG5474	C	NAD(P)H dehydrogenase cyanobacteria/chloroplast-specific assembly factor CRR6	0.0000	0.0016	0	0.0000	0.0043	0	0.0000	0.0010	0	0.0000	0.0277	0	0.0000	0.0069	0
COG5475	S	Uncharacterized conserved protein YodC, DUF2158 family	0.0000	0.0007	0	0.0000	0.0014	0	0.0000	0.0005	0	0.0000	0.0116	0	0.0000	0.0030	0
COG5476	R	Microcystin degradation protein MlrC, contains DUF1485 domain	0.0000	0.0124	0	0.0100	0.0430	0	0.0000	0.0127	0	0.3636	0.3816	0	0.0009	0.1121	0
COG5477	S	Predicted small integral membrane protein	0.0000	0.0023	0	0.0000	0.0026	0	0.0000	0.0015	0	0.0000	0.0167	0	0.0000	0.0050	0
COG5478	P	Low affinity Fe/Cu permease	0.0000	0.0004	0	0.0000	0.0020	0	0.0000	0.0005	0	0.0000	0.0050	0	0.0000	0.0027	0
COG5479	M	LGFP repeat-containing protein, may be involved in cell wall binding	0.0000	0.0046	0	0.0000	0.0046	0	0.0000	0.0029	0	0.0000	0.0541	0	0.0000	0.0092	0
COG5480	S	Uncharacterized membrane protein	0.0000	0.0019	0	0.0000	0.0032	0	0.0000	0.0016	0	0.0000	0.0155	0	0.0000	0.0046	0
COG5481	S	Uncharacterized conserved protein, DUF465 domain	0.0000	0.0013	0	0.0000	0.0041	0	0.0000	0.0015	0	0.0000	0.0167	0	0.0000	0.0095	0
COG5482	S	Uncharacterized conserved protein, DUF2161 domain	0.0000	0.0008	0	0.0000	0.0006	0	0.0000	0.0006	0	0.0000	0.0032	0	0.0000	0.0013	0
COG5483	S	Uncharacterized conserved protein, DUF488 family	0.0000	0.4781	0	0.7200	0.9615	1	0.0100	0.6748	1	1.0000	0.9971	1	0.9998	0.9740	1
COG5484	S	Uncharacterized conserved protein YjcR, contains N-terminal HTH domain	0.0000	0.0003	0	0.0000	0.0006	0	0.0000	0.0002	0	0.0000	0.0014	0	0.0000	0.0006	0
COG5485	R	Predicted ester cyclase	0.0000	0.0330	0	0.0200	0.1532	0	0.0000	0.0225	0	1.0000	0.7270	1	0.9705	0.5151	1
COG5486	S	Predicted metal-binding membrane protein	0.0000	0.0056	0	0.0300	0.0505	0	0.0000	0.0083	0	0.0609	0.2953	0	0.0017	0.1361	0
COG5487	S	Uncharacterized membrane protein YtjA, UPF0391 family	0.0000	0.0013	0	0.0000	0.0013	0	0.0000	0.0009	0	0.0000	0.0088	0	0.0000	0.0019	0
COG5488	S	Uncharacterized membrane protein	0.0000	0.0022	0	0.0000	0.0044	0	0.0000	0.0020	0	0.0000	0.0262	0	0.0000	0.0104	0
COG5489	S	Uncharacterized conserved protein, DUF736 family	0.0000	0.0011	0	0.0000	0.0017	0	0.0000	0.0009	0	0.0000	0.0077	0	0.0000	0.0026	0
COG5490	S	Predicted polyhydroxyalkanoate (PHA)-binding protein, phasin family	0.0000	0.0022	0	0.0000	0.0019	0	0.0000	0.0023	0	0.0000	0.0039	0	0.0000	0.0020	0
COG5491	D	Archaeal cell division protein CdvB, Snf7/Vps24/ESCRT-III family	0.0000	0.0503	0	0.0000	0.1070	0	0.0000	0.1029	0	0.9745	0.3014	0	0.7821	0.6349	1
COG5492	R	Uncharacterized conserved protein YjdB, contains Ig-like domain	0.0000	0.0110	0	0.0000	0.0010	0	0.0000	0.0100	0	0.0000	0.0021	0	0.0000	0.0005	0
COG5493	R	Uncharacterized protein, contains PD-(D/E)XK nuclease domain	0.0000	0.2147	0	0.6193	0.8922	1	0.0000	0.2066	0	0.4723	0.9000	1	0.1745	0.8242	1
COG5494	O	Predicted thioredoxin/glutaredoxin	0.0000	0.0008	0	0.0000	0.0148	0	0.0000	0.0009	0	0.1381	0.3138	0	0.0051	0.1779	0
COG5495	R	Predicted oxidoreductase, contains short-chain dehydrogenase (SDR) and DUF2520 domains	0.0000	0.0025	0	0.0000	0.0066	0	0.0000	0.0039	0	0.0000	0.0857	0	0.0000	0.0122	0
COG5496	R	Predicted thioesterase	0.0000	0.0603	0	0.0100	0.1924	0	0.0000	0.0405	0	0.9998	0.7838	1	0.2783	0.2977	0
COG5497	S	Predicted secreted protein	0.0000	0.0014	0	0.0000	0.0030	0	0.0000	0.0013	0	0.0000	0.0095	0	0.0000	0.0037	0
COG5498	G	Endoglucanase Acf2	0.0000	0.0016	0	0.0000	0.0023	0	0.0000	0.0010	0	0.0000	0.0146	0	0.0000	0.0033	0
COG5499	V	Antitoxin component HigA of the HigAB toxin-antitoxin module, contains an N-terminal HTH domain	0.0000	0.0022	0	0.0000	0.0027	0	0.0000	0.0014	0	0.0000	0.0104	0	0.0000	0.0033	0
COG5500	S	Uncharacterized membrane protein	0.0000	0.0012	0	0.0000	0.0016	0	0.0000	0.0007	0	0.0000	0.0538	0	0.0000	0.0036	0
COG5501	S	Sulfur oxidation protein SoxY	0.0000	0.0024	0	0.0000	0.0073	0	0.0000	0.0015	0	0.0000	0.0533	0	0.0000	0.0095	0
COG5502	S	Uncharacterized conserved protein, DUF2267 family	0.0000	0.0107	0	0.0000	0.0582	0	0.0000	0.0120	0	0.0090	0.8413	1	0.0000	0.1546	0
COG5503	KV	DNA-dependent RNA polymerase auxiliary subunit epsilon	0.0000	0.0000	0	0.0000	0.0011	0	0.0000	0.0000	0	0.0000	0.0158	0	0.0000	0.0045	0
COG5504	R	Predicted Zn-dependent protease YjaZ, DUF2268 family	0.0000	0.0056	0	0.0100	0.0210	0	0.0000	0.0044	0	0.3078	0.0595	0	0.0009	0.0204	0
COG5505	S	Uncharacterized membrane protein YjcL	0.0000	0.0005	0	0.0000	0.0006	0	0.0000	0.0005	0	0.0000	0.0042	0	0.0000	0.0008	0
COG5506	S	Uncharacterized conserved protein YueI, DUF2278 family	0.0000	0.0004	0	0.0000	0.0024	0	0.0000	0.0003	0	0.0000	0.0334	0	0.0000	0.0066	0
COG5507	S	Uncharacterized conserved protein YbaA, DUF1428 family	0.0000	0.0038	0	0.0000	0.0043	0	0.0000	0.0038	0	0.1384	0.1949	0	0.0000	0.0062	0
COG5508	S	Uncharacterized conserved protein, DUF1674 domain	0.0000	0.0013	0	0.0000	0.0073	0	0.0000	0.0007	0	0.0000	0.0350	0	0.0000	0.0172	0
COG5509	S	Uncharacterized small protein, DUF1192 family	0.0000	0.0002	0	0.0000	0.0023	0	0.0000	0.0003	0	0.0000	0.0199	0	0.0000	0.0060	0
COG5510	S	Predicted small secreted protein	0.0000	0.0016	0	0.0000	0.0021	0	0.0000	0.0010	0	0.0000	0.0061	0	0.0000	0.0042	0
COG5511	X	Phage capsid protein	0.0000	0.0013	0	0.0000	0.0007	0	0.0000	0.0009	0	0.0000	0.0028	0	0.0000	0.0011	0
COG5512	R	Predicted  nucleic acid-binding protein, contains Zn-ribbon domain (includes truncated derivatives)	0.0000	0.0030	0	0.0000	0.0028	0	0.0000	0.0041	0	0.0000	0.0204	0	0.0000	0.0054	0
COG5513	O	Chagasin-like inhibitor of cysteine peptidase, I42 family	0.0000	0.0479	0	0.0400	0.3771	0	0.0000	0.0370	0	0.1547	0.6952	1	0.0001	0.2878	0
COG5514	S	Uncharacterized conserved protein, DUF1794 domain	0.0000	0.0008	0	0.0000	0.0011	0	0.0000	0.0005	0	0.0000	0.0057	0	0.0000	0.0019	0
COG5515	S	Uncharacterized conserved protein, DUF1737 domain	0.0000	0.0010	0	0.0000	0.0015	0	0.0000	0.0009	0	0.0000	0.0035	0	0.0000	0.0020	0
COG5516	R	Uncharacterized conserved protein containing a Zn-ribbon-like motif, possibly RNA-binding	0.0000	0.0025	0	0.0000	0.0050	0	0.0000	0.0029	0	0.0000	0.0801	0	0.0000	0.0173	0
COG5517	Q	3-phenylpropionate/cinnamic acid dioxygenase, small subunit	0.0000	0.0061	0	0.0000	0.0041	0	0.0000	0.0047	0	0.0000	0.0468	0	0.0000	0.0104	0
COG5518	X	Phage capsid portal protein XkdE	0.0000	0.0185	0	0.0000	0.0302	0	0.0000	0.0113	0	0.0019	0.3700	0	0.0001	0.1736	0
COG5519	R	Predicted ATPase domain of Cch-like helicases, DUF927 family	0.0000	0.0088	0	0.0000	0.0228	0	0.0000	0.0045	0	0.0003	0.4257	0	0.0000	0.0183	0
COG5520	M	O-Glycosyl hydrolase	0.0000	0.0109	0	0.0000	0.0080	0	0.0000	0.0090	0	0.0000	0.0799	0	0.0000	0.0100	0
COG5521	G	Maltodextrin utilization protein YvdJ (function unknown)	0.0000	0.0012	0	0.0000	0.0032	0	0.0000	0.0011	0	0.0000	0.0227	0	0.0000	0.0092	0
COG5522	S	Uncharacterized membrane protein YwaF	0.0000	0.0002	0	0.0000	0.0005	0	0.0000	0.0002	0	0.0000	0.0112	0	0.0000	0.0013	0
COG5523	S	Uncharacterized membrane protein	0.0000	0.0042	0	0.0000	0.0051	0	0.0000	0.0054	0	0.0000	0.0108	0	0.0000	0.0041	0
COG5524	CT	Bacteriorhodopsin	0.0000	0.0040	0	0.0000	0.0027	0	0.0000	0.0046	0	0.0018	0.0045	0	0.0000	0.0039	0
COG5525	X	Phage terminase, large subunit GpA	0.0000	0.0020	0	0.0000	0.0010	0	0.0000	0.0015	0	0.0000	0.0022	0	0.0000	0.0013	0
COG5526	R	Lysozyme family protein	0.0000	0.0007	0	0.0000	0.0024	0	0.0000	0.0005	0	0.0000	0.0249	0	0.0000	0.0046	0
COG5527	X	Protein involved in initiation of plasmid replication	0.0000	0.0019	0	0.0000	0.0012	0	0.0000	0.0017	0	0.0000	0.0049	0	0.0000	0.0010	0
COG5528	S	Uncharacterized membrane protein	0.0000	0.0009	0	0.0000	0.0011	0	0.0000	0.0006	0	0.0000	0.0054	0	0.0000	0.0018	0
COG5529	X	Phage-encoded DNA-binding protein ECs1768, contains HTH and DnaT DNA-binding domains	0.0000	0.0007	0	0.0000	0.0012	0	0.0000	0.0005	0	0.0000	0.0029	0	0.0000	0.0018	0
COG5530	S	Uncharacterized membrane protein	0.0000	0.0094	0	0.0000	0.0195	0	0.0000	0.0093	0	0.0006	0.3585	0	0.0000	0.0482	0
COG5531	B	DNA-binding SWIB/MDM2 domain	0.0000	0.0007	0	0.0000	0.0038	0	0.0000	0.0013	0	0.0000	0.0092	0	0.0000	0.0060	0
COG5532	S	Uncharacterized conserved protein YfdQ, DUF2303 family	0.0000	0.0004	0	0.0000	0.0005	0	0.0000	0.0003	0	0.0000	0.0045	0	0.0000	0.0008	0
COG5533	O	Ubiquitin C-terminal hydrolase	0.0000	0.0003	0	0.0000	0.0010	0	0.0000	0.0003	0	0.0000	0.0025	0	0.0000	0.0013	0
COG5534	X	Plasmid replication initiator protein	0.0000	0.0027	0	0.0000	0.0027	0	0.0000	0.0023	0	0.0000	0.0096	0	0.0000	0.0037	0
COG5535			0.0000	0.0000	0	0.0000	0.0001	0	0.0000	0.0000	0	0.0000	0.0059	0	0.0000	0.0005	0
COG5536			0.0000	0.0000	0	0.0000	0.0003	0	0.0000	0.0000	0	0.0000	0.0082	0	0.0000	0.0011	0
COG5537			0.0000	0.0000	0	0.0000	0.0002	0	0.0000	0.0000	0	0.0000	0.0074	0	0.0000	0.0007	0
COG5539			0.0000	0.0000	0	0.0000	0.0006	0	0.0000	0.0000	0	0.0000	0.0020	0	0.0000	0.0008	0
COG5541			0.0000	0.0000	0	0.0000	0.0005	0	0.0000	0.0000	0	0.0000	0.0117	0	0.0000	0.0017	0
COG5542	G	Mannosyltransferase related to Gpi18	0.0000	0.0234	0	0.0400	0.2652	0	0.0000	0.0262	0	0.1850	0.5161	1	0.0010	0.1738	0
COG5544	S	Uncharacterized conserved protein YfiM, DUF2279 family	0.0000	0.0036	0	0.0000	0.0105	0	0.0000	0.0030	0	0.0000	0.0407	0	0.0000	0.0094	0
COG5545	X	Predicted P-loop ATPase and inactivated derivatives	0.0000	0.0014	0	0.0000	0.0014	0	0.0000	0.0014	0	0.0000	0.0079	0	0.0000	0.0016	0
COG5546	S	Uncharacterized membrane protein	0.0000	0.0009	0	0.0000	0.0032	0	0.0000	0.0007	0	0.0000	0.0070	0	0.0000	0.0054	0
COG5547	S	Uncharacterized membrane protein	0.0000	0.0020	0	0.0000	0.0056	0	0.0000	0.0013	0	0.0000	0.0184	0	0.0000	0.0089	0
COG5548	S	Uncharacterized membrane protein, UPF0136 family	0.0000	0.0005	0	0.0000	0.0039	0	0.0000	0.0004	0	0.0000	0.0213	0	0.0000	0.0072	0
COG5549	O	Predicted Zn-dependent protease	0.0000	0.0240	0	0.0100	0.1583	0	0.0000	0.0238	0	0.9998	0.5811	1	0.4180	0.2185	0
COG5550	O	Predicted aspartyl protease	0.0000	0.1854	0	0.9510	0.9462	1	0.0000	0.2153	0	1.0000	0.8493	1	0.8248	0.9362	1
COG5551	V	CRISPR/Cas system endoribonuclease Cas6, RAMP superfamily	0.0000	0.4283	0	0.8599	0.9948	1	0.0000	0.2500	0	1.0000	0.9985	1	0.6627	0.9757	1
COG5552	S	Uncharacterized conserved protein, DUF2277 domain	0.0000	0.0035	0	0.0000	0.0040	0	0.0000	0.0022	0	0.0000	0.0447	0	0.0000	0.0063	0
COG5553	R	Predicted metal-dependent enzyme of the double-stranded beta helix superfamily	0.0000	0.0040	0	0.0000	0.0104	0	0.0000	0.0031	0	0.0000	0.0588	0	0.0000	0.0167	0
COG5554	Q	Nitrogen fixation protein NifT	0.0000	0.0028	0	0.0000	0.0061	0	0.0000	0.0015	0	0.0000	0.0312	0	0.0000	0.0064	0
COG5555	U	Cytolysin, a secreted calcineurin-like phosphatase	0.0000	0.0037	0	0.0000	0.0029	0	0.0000	0.0051	0	0.0000	0.0093	0	0.0000	0.0055	0
COG5556	S	Uncharacterized conserved protein	0.0000	0.0001	0	0.0000	0.0006	0	0.0000	0.0000	0	0.0000	0.0034	0	0.0000	0.0013	0
COG5557	C	Ni/Fe-hydrogenase 2 integral membrane subunit HybB	0.0000	0.0754	0	0.3565	0.7427	1	0.0000	0.0448	0	0.9997	0.9808	1	0.1875	0.7197	1
COG5558	X	Transposase	0.0000	0.0279	0	0.0000	0.2415	0	0.0000	0.0225	0	0.7693	0.6939	1	0.0789	0.5127	1
COG5559	S	Uncharacterized conserved protein, DUF2281 domain	0.0000	0.1898	0	0.0200	0.7660	1	0.0000	0.0792	0	0.9245	0.9688	1	0.0133	0.7883	1
COG5560			0.0000	0.0003	0	0.0000	0.0016	0	0.0000	0.0003	0	0.0000	0.0022	0	0.0000	0.0018	0
COG5561	S	Predicted metal-binding protein, contains CGGC domain	0.0000	0.2503	0	0.8100	0.9710	1	0.0100	0.2291	0	0.9986	0.9927	1	0.0626	0.8917	1
COG5562	X	Prophage-encoded protein YbcV, DUF1398 family	0.0000	0.0002	0	0.0000	0.0005	0	0.0000	0.0002	0	0.0000	0.0034	0	0.0000	0.0007	0
COG5563	S	Uncharacterized conserved protein CPn0794, contains PKD-like HAF repeats	0.0000	0.0103	0	0.2000	0.1341	0	0.0000	0.0043	0	0.0045	0.2752	0	0.0000	0.0199	0
COG5564	S	Predicted TIM-barrel enzyme	0.0000	0.0221	0	0.0595	0.0736	0	0.0000	0.0147	0	0.9993	0.6943	1	0.0197	0.1783	0
COG5565	X	Phage terminase large (ATPase) subunit and inactivated derivatives	0.0000	0.0009	0	0.0000	0.0013	0	0.0000	0.0009	0	0.0000	0.0009	0	0.0000	0.0012	0
COG5566	KX	Transcriptional regulator, middle operon regulator (Mor) family	0.0000	0.0005	0	0.0000	0.0004	0	0.0000	0.0004	0	0.0000	0.0012	0	0.0000	0.0006	0
COG5567	S	Small periplasmic lipoprotein YifL (function unknown)	0.0000	0.0019	0	0.0000	0.0047	0	0.0000	0.0014	0	0.0000	0.0162	0	0.0000	0.0067	0
COG5568	S	Uncharacterized conserved protein, DUF1150 family	0.0000	0.0007	0	0.0000	0.0051	0	0.0000	0.0012	0	0.0000	0.0253	0	0.0000	0.0103	0
COG5569	P	Periplasmic Cu and Ag efflux protein CusF	0.0000	0.0016	0	0.0000	0.0027	0	0.0000	0.0012	0	0.0000	0.0094	0	0.0000	0.0038	0
COG5570	S	Uncharacterized conserved protein, DUF465 domain	0.0000	0.0011	0	0.0000	0.0096	0	0.0000	0.0009	0	0.0000	0.0798	0	0.0000	0.0255	0
COG5571	R	Uncharacterized conserved protein YhjY, contains autotransporter beta-barrel domain	0.0000	0.0022	0	0.0000	0.0033	0	0.0000	0.0018	0	0.0000	0.0070	0	0.0000	0.0046	0
COG5572	S	Uncharacterized membrane protein	0.0000	0.0012	0	0.0000	0.0027	0	0.0000	0.0009	0	0.0000	0.0094	0	0.0000	0.0047	0
COG5573	R	Predicted nucleic acid-binding protein, contains PIN domain	0.0000	0.0440	0	0.0300	0.4161	0	0.0000	0.0324	0	0.3706	0.5633	1	0.0057	0.2684	0
COG5574			0.0000	0.0000	0	0.0000	0.0002	0	0.0000	0.0000	0	0.0000	0.0040	0	0.0000	0.0006	0
COG5577	M	Spore coat protein CotF	0.0000	0.0024	0	0.0000	0.0084	0	0.0000	0.0020	0	0.0000	0.0554	0	0.0000	0.0100	0
COG5578	S	Uncharacterized membrane protein YesL	0.0000	0.0012	0	0.0000	0.0009	0	0.0000	0.0014	0	0.0000	0.0008	0	0.0000	0.0008	0
COG5579	S	Uncharacterized conserved protein, DUF1810 family	0.0000	0.0032	0	0.0000	0.0040	0	0.0000	0.0024	0	0.0000	0.0460	0	0.0000	0.0056	0
COG5580	O	Activator of HSP90 ATPase	0.0000	0.0058	0	0.0000	0.0171	0	0.0000	0.0099	0	0.0000	0.0448	0	0.0000	0.0230	0
COG5581	N	Cyclic di-GMP-binding flagellar brake protein FlgZ/YcgR, contains PilZNR(YcgR) and PilZ domains	0.0000	0.0042	0	0.0000	0.0048	0	0.0000	0.0036	0	0.0000	0.0300	0	0.0000	0.0106	0
COG5582	S	Uncharacterized conserved protein YpiB, UPF0302 family	0.0000	0.0002	0	0.0000	0.0011	0	0.0000	0.0002	0	0.0000	0.0180	0	0.0000	0.0035	0
COG5583	S	Uncharacterized conserved protein YezD	0.0000	0.0020	0	0.0000	0.0019	0	0.0000	0.0012	0	0.0000	0.0101	0	0.0000	0.0031	0
COG5584	S	Uncharacterized conserved protein YtzB	0.0000	0.0001	0	0.0000	0.0010	0	0.0000	0.0001	0	0.0000	0.0075	0	0.0000	0.0028	0
COG5585	X	Putative phage head morphogenesis protein, F of phage Mu or gp7 of SPP1	0.0000	0.0005	0	0.0000	0.0010	0	0.0000	0.0004	0	0.0000	0.0025	0	0.0000	0.0009	0
COG5586	S	Uncharacterized protein, contains DUF2293 domain	0.0000	0.0028	0	0.0000	0.0051	0	0.0000	0.0020	0	0.0000	0.0621	0	0.0000	0.0110	0
COG5587	S	Uncharacterized protein, contains DUF2461 domain	0.0000	0.0061	0	0.0000	0.0016	0	0.0000	0.0031	0	0.0000	0.0044	0	0.0000	0.0021	0
COG5588	S	Uncharacterized conserved protein, DUF1326 domain	0.0000	0.0085	0	0.0000	0.0205	0	0.0000	0.0136	0	0.0000	0.2577	0	0.0000	0.1029	0
COG5589	S	Uncharacterized conserved protein, DUF2390 domain	0.0000	0.0011	0	0.0000	0.0015	0	0.0000	0.0009	0	0.0000	0.0063	0	0.0000	0.0021	0
COG5590	H	Ubiquinone biosynthesis protein COQ9	0.0000	0.0002	0	0.0000	0.0038	0	0.0000	0.0003	0	0.0000	0.0171	0	0.0000	0.0073	0
COG5591	S	Uncharacterized conserved protein	0.0000	0.0010	0	0.0000	0.0017	0	0.0000	0.0011	0	0.0000	0.0064	0	0.0000	0.0023	0
COG5592	R	Hemerythrin domain-containing protein	0.0000	0.0047	0	0.0100	0.0543	0	0.0000	0.0066	0	0.0859	0.4756	0	0.0000	0.0304	0
COG5593			0.0000	0.0000	0	0.0000	0.0001	0	0.0000	0.0000	0	0.0000	0.0061	0	0.0000	0.0005	0
COG5594			0.0000	0.0000	0	0.0000	0.0003	0	0.0000	0.0000	0	0.0000	0.0087	0	0.0000	0.0010	0
COG5595	R	Predicted  nucleic acid-binding protein, contains Zn-ribbon domain	0.0000	0.0007	0	0.0000	0.0011	0	0.0000	0.0004	0	0.0000	0.0046	0	0.0000	0.0012	0
COG5596			0.0000	0.0000	0	0.0000	0.0003	0	0.0000	0.0000	0	0.0000	0.0082	0	0.0000	0.0007	0
COG5597	M	N-acetylglucosaminyl transferase	0.0000	0.0005	0	0.0000	0.0013	0	0.0000	0.0005	0	0.0000	0.0057	0	0.0000	0.0016	0
COG5598	H	Trimethylamine:corrinoid methyltransferase	0.0000	0.1611	0	0.4600	0.6157	1	0.0000	0.1550	0	1.0000	0.8549	1	0.9567	0.9270	1
COG5599	T	Protein tyrosine phosphatase	0.0000	0.0003	0	0.0000	0.0005	0	0.0000	0.0002	0	0.0000	0.0015	0	0.0000	0.0008	0
COG5600			0.0000	0.0000	0	0.0000	0.0001	0	0.0000	0.0000	0	0.0000	0.0023	0	0.0000	0.0002	0
COG5601			0.0000	0.0000	0	0.0000	0.0001	0	0.0000	0.0000	0	0.0000	0.0032	0	0.0000	0.0003	0
COG5602			0.0000	0.0027	0	0.0000	0.0058	0	0.0000	0.0017	0	0.0000	0.0489	0	0.0000	0.0137	0
COG5604			0.0000	0.0047	0	0.0000	0.0136	0	0.0000	0.0048	0	0.0000	0.0580	0	0.0000	0.0256	0
COG5605	C	Cytochrome c oxidase subunit IV	0.0000	0.0006	0	0.0000	0.0020	0	0.0000	0.0011	0	0.0000	0.0034	0	0.0000	0.0022	0
COG5606	R	Predicted DNA-binding protein, XRE-type HTH domain	0.0000	0.0011	0	0.0000	0.0031	0	0.0000	0.0011	0	0.0000	0.0169	0	0.0000	0.0060	0
COG5607	S	CHAD domain, binds inorganic polyphosphates	0.0000	0.0182	0	0.0000	0.0637	0	0.0000	0.0220	0	0.0001	0.6519	1	0.0000	0.1146	0
COG5608	V	Dessication stress tolerance protein, LEA/WHy domain	0.0000	0.1420	0	0.4708	0.5499	1	0.0000	0.0851	0	1.0000	0.8583	1	0.3233	0.6509	1
COG5609	C	Na+-translocating membrane potential-generating system subunit MpsC, DUF2294 family	0.0000	0.0013	0	0.0000	0.0041	0	0.0000	0.0011	0	0.0000	0.0784	0	0.0000	0.0123	0
COG5610	R	Predicted sugar hydrolase, contains GT1 and HAD domains	0.0000	0.0011	0	0.0000	0.0017	0	0.0000	0.0009	0	0.0000	0.0038	0	0.0000	0.0012	0
COG5611	R	Predicted nucleic-acid-binding protein, contains PIN domain	0.0000	0.0093	0	0.0000	0.0142	0	0.0000	0.0062	0	0.0000	0.0479	0	0.0000	0.0162	0
COG5612	P	Ni/Co/Cd-binding protein CnrX (heavy-metal resistance)	0.0000	0.0003	0	0.0000	0.0009	0	0.0000	0.0003	0	0.0000	0.0098	0	0.0000	0.0018	0
COG5613	U	Type III secretion system effector SseC (host membrane pore formation)	0.0000	0.0001	0	0.0000	0.0004	0	0.0000	0.0001	0	0.0000	0.0019	0	0.0000	0.0008	0
COG5614	X	Phage head-tail adaptor	0.0000	0.0017	0	0.0000	0.0006	0	0.0000	0.0014	0	0.0000	0.0007	0	0.0000	0.0006	0
COG5615	S	Uncharacterized membrane protein	0.0000	0.0258	0	0.4600	0.3352	0	0.0000	0.0391	0	0.9994	0.6185	1	0.0236	0.3063	0
COG5616	T	TolB amino-terminal domain (function unknown)	0.0000	0.0012	0	0.0000	0.0017	0	0.0000	0.0009	0	0.0000	0.0104	0	0.0000	0.0021	0
COG5617	R	Predicted membrane glycosyltransferase TK1552, contains 6-pyruvoyl-tetrahydropterin synthase (PTPS)-related domain	0.0250	0.1777	0	0.5600	0.3601	0	0.0000	0.0339	0	0.0004	0.2087	0	0.0000	0.0311	0
COG5618	S	Predicted periplasmic lipoprotein	0.0000	0.0019	0	0.0000	0.0024	0	0.0000	0.0007	0	0.0000	0.0297	0	0.0000	0.0055	0
COG5619	S	Uncharacterized conserved protein, DUF2290 domain	0.0000	0.0025	0	0.0000	0.0065	0	0.0000	0.0014	0	0.0000	0.0698	0	0.0000	0.0096	0
COG5620	S	Uncharacterized conserved protein, DUF1851 domain	0.0000	0.0007	0	0.0000	0.0006	0	0.0000	0.0005	0	0.0000	0.0018	0	0.0000	0.0007	0
COG5621	R	Predicted lipocalin, contains AttH/CrtC domain	0.0000	0.0337	0	0.0000	0.0165	0	0.0000	0.0200	0	0.0010	0.5021	1	0.0000	0.0464	0
COG5622	M	Protein required for attachment to host cells	0.0000	0.0011	0	0.0000	0.0031	0	0.0000	0.0016	0	0.0000	0.0264	0	0.0000	0.0042	0
COG5623			0.0000	0.8681	1	0.0000	0.9735	1	0.0000	0.8089	1	0.0000	0.9572	1	0.0000	0.9935	1
COG5624			0.0000	0.0049	0	0.0000	0.0172	0	0.0000	0.0035	0	0.0000	0.1373	0	0.0000	0.0263	0
COG5625	K	Predicted DNA-binding transcriptional regulator, contains HTH domain	0.0000	0.3857	0	0.1264	0.7090	1	0.0000	0.4593	0	0.9963	0.7407	1	0.9334	0.9026	1
COG5626	S	Uncharacterized protein Ssr3000, DUF2288 family	0.0000	0.0009	0	0.0000	0.0040	0	0.0000	0.0009	0	0.0000	0.0118	0	0.0000	0.0040	0
COG5627			0.0000	0.0000	0	0.0000	0.0003	0	0.0000	0.0000	0	0.0000	0.0084	0	0.0000	0.0009	0
COG5628	R	Predicted acetyltransferase	0.0000	0.0008	0	0.0000	0.0006	0	0.0000	0.0007	0	0.0000	0.0059	0	0.0000	0.0011	0
COG5631	K	Predicted transcription regulator, contains HTH domain, MarR family	0.0000	0.0005	0	0.0000	0.0013	0	0.0000	0.0004	0	0.0000	0.0151	0	0.0000	0.0036	0
COG5632	M	N-acetylmuramoyl-L-alanine amidase CwlA	0.0000	0.0031	0	0.0000	0.0029	0	0.0000	0.0022	0	0.0000	0.0044	0	0.0000	0.0022	0
COG5633	S	Uncharacterized conserved protein YcfL	0.0000	0.0014	0	0.0000	0.0019	0	0.0000	0.0010	0	0.0000	0.0034	0	0.0000	0.0025	0
COG5634	S	Uncharacterized conserved protein YukJ, DUF2278 family	0.0000	0.0047	0	0.0000	0.0093	0	0.0000	0.0030	0	0.0000	0.1759	0	0.0000	0.0145	0
COG5635	T	Predicted NTPase, NACHT family domain	0.0000	0.1235	0	0.6600	0.6131	1	0.0000	0.0451	0	0.9999	0.9185	1	0.1382	0.4257	0
COG5636			0.0000	0.0000	0	0.0000	0.0001	0	0.0000	0.0000	0	0.0000	0.0026	0	0.0000	0.0002	0
COG5637	S	Uncharacterized protein, contains SRPBCC domain	0.0000	0.0054	0	0.0000	0.0079	0	0.0000	0.0072	0	0.0000	0.0875	0	0.0000	0.0128	0
COG5638			0.0000	0.0000	0	0.0000	0.0003	0	0.0000	0.0000	0	0.0000	0.0076	0	0.0000	0.0010	0
COG5639	S	Uncharacterized conserved protein, DUF2274 domain	0.0000	0.0012	0	0.0000	0.0021	0	0.0000	0.0010	0	0.0000	0.0087	0	0.0000	0.0035	0
COG5640	O	Secreted trypsin-like serine protease	0.0000	0.0064	0	0.0000	0.0063	0	0.0000	0.0067	0	0.0000	0.0488	0	0.0000	0.0080	0
COG5641			0.0000	0.0003	0	0.0000	0.0006	0	0.0000	0.0003	0	0.0000	0.0015	0	0.0000	0.0008	0
COG5642	S	Uncharacterized conserved protein, DUF2384 family	0.0000	0.0012	0	0.0000	0.0027	0	0.0000	0.0007	0	0.0000	0.0227	0	0.0000	0.0059	0
COG5643	R	Uncharacterized conserved protein containing a metal-binding domain	0.0000	0.1093	0	0.0100	0.5057	1	0.0000	0.0872	0	0.3193	0.8142	1	0.0005	0.5113	1
COG5644			0.0000	0.0003	0	0.0000	0.0009	0	0.0000	0.0002	0	0.0000	0.0028	0	0.0000	0.0012	0
COG5645	S	Uncharacterized conserved protein YceK	0.0000	0.0008	0	0.0000	0.0024	0	0.0000	0.0006	0	0.0000	0.0107	0	0.0000	0.0035	0
COG5646	OP	Iron-binding protein Fra/YdhG, frataxin family (Fe-S cluster biosynthesis)	0.0000	0.0092	0	0.4200	0.1524	0	0.0000	0.0108	0	0.9989	0.5011	1	0.0015	0.0983	0
COG5647			0.0000	0.0000	0	0.0000	0.0008	0	0.0000	0.0000	0	0.0000	0.0072	0	0.0000	0.0018	0
COG5648			0.0000	0.0000	0	0.0000	0.0007	0	0.0000	0.0000	0	0.0000	0.0054	0	0.0000	0.0014	0
COG5649	S	Uncharacterized conserved protein, DUF1801 domain	0.0000	0.0170	0	0.0000	0.0316	0	0.0000	0.0139	0	0.0000	0.2021	0	0.0000	0.0407	0
COG5650	S	Uncharacterized membrane protein	0.0000	0.0534	0	0.3088	0.3817	0	0.0000	0.0434	0	0.0181	0.7187	1	0.0000	0.1213	0
COG5651	S	PPE-repeat protein	0.0000	0.0012	0	0.0000	0.0039	0	0.0000	0.0009	0	0.0000	0.0176	0	0.0000	0.0058	0
COG5652	S	VanZ-like family protein (function unknown)	0.0000	0.0066	0	0.0400	0.0038	0	0.0000	0.0041	0	0.9990	0.0265	0	0.0027	0.0031	0
COG5653	N	Acetyltransferase involved in cellulose biosynthesis, CelD/BcsL family	0.0000	0.0214	0	0.0000	0.0125	0	0.0000	0.0121	0	0.0000	0.0510	0	0.0000	0.0163	0
COG5654	S	Uncharacterized protein, contains RES domain	0.0000	0.0011	0	0.0000	0.0018	0	0.0000	0.0007	0	0.0000	0.0158	0	0.0000	0.0041	0
COG5655	X	Replication initiaton protein REP (rolling circle plasmid replication)	0.0000	0.0013	0	0.0000	0.0022	0	0.0000	0.0010	0	0.0000	0.0082	0	0.0000	0.0026	0
COG5657			0.0000	0.0000	0	0.0000	0.0008	0	0.0000	0.0000	0	0.0000	0.0119	0	0.0000	0.0021	0
COG5658	V	Bacterial immunity/signal transduction membrane protein SdpI,  SdpI/YbgB/DUF1648 family	0.0000	0.2047	0	0.1700	0.5036	1	0.0000	0.1148	0	1.0000	0.8770	1	0.0111	0.3789	0
COG5659	X	SRSO17 transposase	0.0000	0.0154	0	0.0000	0.0488	0	0.0000	0.0148	0	0.0000	0.3566	0	0.0000	0.0650	0
COG5660	T	Anti-sigma-YlaC factor YlaD, contains Zn-finger domain	0.0000	0.0014	0	0.0000	0.0011	0	0.0000	0.0010	0	0.0000	0.0074	0	0.0000	0.0019	0
COG5661	O	Predicted secreted Zn-dependent protease	0.0000	0.0044	0	0.0000	0.0088	0	0.0000	0.0040	0	0.0000	0.0139	0	0.0000	0.0085	0
COG5662	K	Transmembrane transcriptional regulator RsiW (anti-sigma-W factor)	0.0000	0.0077	0	0.0000	0.0032	0	0.0000	0.0057	0	0.0000	0.0886	0	0.0000	0.0067	0
COG5663	R	Uncharacterized conserved protein YqfW, HAD superfamily	0.0000	0.0022	0	0.0000	0.0032	0	0.0000	0.0017	0	0.0000	0.0160	0	0.0000	0.0052	0
COG5664	O	Predicted secreted Zn-dependent protease	0.0000	0.0002	0	0.0000	0.0014	0	0.0000	0.0002	0	0.0000	0.0045	0	0.0000	0.0021	0
COG5665	K	CCR4-NOT transcriptional regulation complex, NOT5 subunit	0.0000	0.0000	0	0.0000	0.0001	0	0.0000	0.0000	0	0.0000	0.0036	0	0.0000	0.0002	0
