COG_ID	category	name	mean_post	median_post	sd_post	n_present	n_recon	consensus_present	vote	combined_post	euryroot_ml_post	euryroot_unif_post	gld_min1_post	gld_min4_post
COG0001	H	Glutamate-1-semialdehyde aminotransferase	0.9687	0.9886	0.0305	5	5	1	5/5	0.9268	0.9886	0.9369	0.9998	0.9916
COG0002	E	N-acetyl-gamma-glutamylphosphate reductase	0.9647	0.9831	0.0404	5	5	1	5/5	0.9831	0.8888	0.9591	0.9996	0.9930
COG0003	P	Anion-transporting ATPase, ArsA/GET3 family	0.8202	0.8888	0.1785	5	5	1	5/5	0.6778	0.8888	0.5477	0.9991	0.9875
COG0004	P	Ammonia channel protein AmtB	0.6698	0.5871	0.2047	4	5	1	4/5	0.5871	0.5098	0.4385	0.9817	0.8317
COG0005	F	Purine nucleoside phosphorylase	0.9935	0.9962	0.0063	5	5	1	5/5	0.9903	0.9962	0.9827	0.9997	0.9987
COG0006	E	Xaa-Pro aminopeptidase	0.9980	0.9992	0.0020	5	5	1	5/5	0.9958	0.9992	0.9954	1.0000	0.9998
COG0007	H	Uroporphyrinogen-III methylase (siroheme synthase)	0.8134	0.8395	0.1842	4	5	1	4/5	0.7955	0.9588	0.4762	0.9971	0.8395
COG0008	J	Glutamyl- or glutaminyl-tRNA synthetase	0.9995	1.0000	0.0006	5	5	1	5/5	0.9985	1.0000	0.9989	1.0000	1.0000
COG0009	J	tRNA A37 threonylcarbamoyladenosine synthetase subunit TsaC/SUA5/YrdC	0.9924	0.9967	0.0088	5	5	1	5/5	0.9761	0.9967	0.9900	0.9997	0.9993
COG0010	E	Arginase/agmatinase family enzyme	0.9876	0.9896	0.0125	5	5	1	5/5	0.9651	0.9896	0.9852	0.9996	0.9986
COG0011	H	Thiamin-binding stress-response protein YqgV, UPF0045 family	0.8718	0.8580	0.1083	5	5	1	5/5	0.8580	0.7754	0.7351	0.9992	0.9912
COG0012	J	Ribosome-binding ATPase YchF, GTP1/OBG family	0.9971	0.9987	0.0027	5	5	1	5/5	0.9943	0.9987	0.9934	0.9996	0.9993
COG0013	J	Alanyl-tRNA synthetase	0.9988	0.9999	0.0014	5	5	1	5/5	0.9971	0.9999	0.9971	1.0000	1.0000
COG0014	E	Gamma-glutamyl phosphate reductase	0.1029	0.1248	0.0709	0	5	0	0/5	0.1921	0.0258	0.1572	0.1248	0.0146
COG0015	F	Adenylosuccinate lyase	0.9892	0.9941	0.0098	5	5	1	5/5	0.9941	0.9741	0.9813	0.9988	0.9976
COG0016	J	Phenylalanyl-tRNA synthetase alpha subunit	0.9974	0.9998	0.0031	5	5	1	5/5	0.9928	0.9998	0.9943	1.0000	0.9999
COG0017	J	Aspartyl/asparaginyl-tRNA synthetase	0.9983	0.9998	0.0021	5	5	1	5/5	0.9972	0.9998	0.9945	1.0000	0.9998
COG0018	J	Arginyl-tRNA synthetase	0.9924	0.9982	0.0085	5	5	1	5/5	0.9842	0.9982	0.9801	0.9999	0.9996
COG0019	E	Diaminopimelate decarboxylase	0.8874	0.8870	0.0626	5	5	1	5/5	0.8933	0.7900	0.8790	0.9875	0.8870
COG0020	I	Undecaprenyl pyrophosphate synthase	0.9984	0.9995	0.0017	5	5	1	5/5	0.9973	0.9995	0.9957	0.9999	0.9998
COG0021	G	Transketolase	0.0046	0.0000	0.0068	0	5	0	0/5	0.0057	0.0000	0.0175	0.0000	0.0000
COG0022	C	Pyruvate/2-oxoglutarate/acetoin dehydrogenase complex, dehydrogenase (E1) component, beta subunit	0.1510	0.0837	0.1213	0	5	0	0/5	0.0401	0.0837	0.0721	0.3729	0.1861
COG0023	J	Translation initiation factor 1 (eIF-1/SUI1)	0.9915	0.9990	0.0098	5	5	1	5/5	0.9832	0.9990	0.9764	0.9997	0.9991
COG0024	J	Methionine aminopeptidase	0.9976	0.9985	0.0021	5	5	1	5/5	0.9951	0.9985	0.9952	0.9998	0.9995
COG0025	P	NhaP-type Na+/H+ or K+/H+ antiporter	0.4348	0.3866	0.2169	1	5	0	1/5	0.2110	0.4377	0.2986	0.8402	0.3866
COG0026	F	Phosphoribosylaminoimidazole carboxylase (NCAIR synthetase)	0.0384	0.0234	0.0503	0	5	0	0/5	0.0246	0.0004	0.0234	0.1373	0.0064
COG0027	F	Formate-dependent phosphoribosylglycinamide formyltransferase (GAR transformylase)	0.1253	0.1077	0.0415	0	5	0	0/5	0.1048	0.1732	0.0676	0.1730	0.1077
COG0028	EH	Acetolactate synthase large subunit or other thiamine pyrophosphate-requiring enzyme	0.9489	0.9386	0.0401	5	5	1	5/5	0.9177	0.8976	0.9386	0.9992	0.9912
COG0029	H	Aspartate oxidase	0.2401	0.2248	0.1528	0	5	0	0/5	0.3335	0.0875	0.0752	0.4796	0.2248
COG0030	J	16S rRNA A1518 and A1519 N6-dimethyltransferase RsmA/KsgA/DIM1 (may also have DNA glycosylase/AP lyase activity)	0.9951	0.9959	0.0042	5	5	1	5/5	0.9930	0.9959	0.9881	0.9996	0.9991
COG0031	E	Cysteine synthase	0.6330	0.7152	0.2923	4	5	1	4/5	0.7152	0.1154	0.5361	0.9263	0.8719
COG0033	G	Phosphoglucomutase/phosphomannomutase	0.0012	0.0009	0.0005	0	5	0	0/5	0.0013	0.0008	0.0007	0.0021	0.0009
COG0034	F	Glutamine phosphoribosylpyrophosphate amidotransferase	0.9896	0.9924	0.0080	5	5	1	5/5	0.9889	0.9749	0.9924	0.9985	0.9932
COG0035	F	Uracil phosphoribosyltransferase	0.2508	0.0696	0.2737	1	5	0	1/5	0.0682	0.0696	0.0253	0.7501	0.3410
COG0036	G	Pentose-5-phosphate-3-epimerase	0.1137	0.0163	0.1692	0	5	0	0/5	0.0928	0.0163	0.4458	0.0024	0.0113
COG0037	J	tRNA(Ile)-lysidine synthase TilS/MesJ	0.9990	0.9997	0.0011	5	5	1	5/5	0.9973	0.9997	0.9980	0.9999	0.9999
COG0038	P	H+/Cl- antiporter ClcA	0.9165	0.9625	0.0838	5	5	1	5/5	0.8876	0.9625	0.7657	0.9986	0.9682
COG0039	C	Malate/lactate dehydrogenase	0.6620	0.6376	0.2406	4	5	1	4/5	0.6376	0.5384	0.2946	0.9736	0.8657
COG0040	E	ATP phosphoribosyltransferase	0.9842	0.9851	0.0141	5	5	1	5/5	0.9706	0.9851	0.9659	0.9999	0.9993
COG0041	F	Phosphoribosylcarboxyaminoimidazole (NCAIR) mutase	0.9806	0.9801	0.0151	5	5	1	5/5	0.9582	0.9708	0.9801	0.9983	0.9957
COG0042	J	tRNA-dihydrouridine synthase	0.0817	0.0555	0.0610	0	5	0	0/5	0.1101	0.0555	0.0406	0.1868	0.0156
COG0043	H	3-polyprenyl-4-hydroxybenzoate decarboxylase	0.9987	0.9998	0.0016	5	5	1	5/5	0.9983	0.9998	0.9958	1.0000	0.9998
COG0044	F	Dihydroorotase or related cyclic amidohydrolase	0.9973	0.9983	0.0025	5	5	1	5/5	0.9983	0.9955	0.9934	0.9998	0.9996
COG0045	C	Succinyl-CoA synthetase, beta subunit	0.9704	0.9691	0.0228	5	5	1	5/5	0.9435	0.9691	0.9472	0.9995	0.9927
COG0046	F	Phosphoribosylformylglycinamidine (FGAM) synthase, synthetase domain	0.9835	0.9810	0.0116	5	5	1	5/5	0.9751	0.9680	0.9810	0.9986	0.9946
COG0047	F	Phosphoribosylformylglycinamidine (FGAM) synthase, glutamine amidotransferase domain	0.9925	0.9950	0.0075	5	5	1	5/5	0.9791	0.9950	0.9899	0.9999	0.9986
COG0048	J	Ribosomal protein S12	0.9963	0.9995	0.0045	5	5	1	5/5	0.9888	0.9995	0.9934	0.9998	0.9998
COG0049	J	Ribosomal protein S7	0.9966	0.9996	0.0040	5	5	1	5/5	0.9933	0.9996	0.9905	0.9999	0.9999
COG0050	J	Translation elongation factor EF-Tu, a GTPase	0.0010	0.0000	0.0013	0	5	0	0/5	0.0023	0.0000	0.0028	0.0000	0.0000
COG0051	J	Ribosomal protein S10	0.9946	0.9988	0.0058	5	5	1	5/5	0.9880	0.9988	0.9870	0.9998	0.9995
COG0052	J	Ribosomal protein S2	0.9946	0.9991	0.0059	5	5	1	5/5	0.9868	0.9991	0.9880	0.9995	0.9997
COG0053	P	Divalent metal cation (Fe/Co/Zn/Cd) efflux pump	0.9749	0.9819	0.0270	5	5	1	5/5	0.9783	0.9819	0.9228	0.9987	0.9926
COG0054	H	6,7-dimethyl-8-ribityllumazine synthase (Riboflavin synthase beta chain)	0.9250	0.9214	0.0406	5	5	1	5/5	0.8720	0.9079	0.9214	0.9965	0.9270
COG0055	C	FoF1-type ATP synthase, beta subunit	0.0017	0.0025	0.0013	0	5	0	0/5	0.0028	0.0002	0.0030	0.0025	0.0001
COG0056	C	FoF1-type ATP synthase, alpha subunit	0.0019	0.0017	0.0016	0	5	0	0/5	0.0039	0.0003	0.0036	0.0017	0.0002
COG0057	G	Glyceraldehyde-3-phosphate dehydrogenase/erythrose-4-phosphate dehydrogenase	0.9942	0.9945	0.0052	5	5	1	5/5	0.9909	0.9945	0.9862	0.9998	0.9994
COG0058	G	Glucan phosphorylase	0.4619	0.4007	0.3216	2	5	0	2/5	0.1803	0.4007	0.0782	0.9326	0.7175
COG0059	EH	Ketol-acid reductoisomerase	0.9683	0.9642	0.0256	5	5	1	5/5	0.9335	0.9492	0.9642	0.9989	0.9955
COG0060	J	Isoleucyl-tRNA synthetase	0.9961	0.9996	0.0045	5	5	1	5/5	0.9909	0.9996	0.9902	0.9999	0.9999
COG0061	H	NAD kinase	0.9944	0.9987	0.0081	5	5	1	5/5	0.9947	0.9987	0.9787	1.0000	0.9998
COG0062	F	NAD(P)H-hydrate repair enzyme Nnr, NAD(P)H-hydrate epimerase domain	0.0420	0.0137	0.0660	0	5	0	0/5	0.0137	0.0023	0.0143	0.1736	0.0060
COG0063	F	NAD(P)H-hydrate repair enzyme Nnr, NAD(P)H-hydrate dehydratase domain	0.9975	0.9999	0.0030	5	5	1	5/5	0.9942	0.9999	0.9936	1.0000	1.0000
COG0064	J	Asp-tRNAAsn/Glu-tRNAGln amidotransferase B subunit	0.8619	0.9280	0.1338	5	5	1	5/5	0.6148	0.9280	0.8326	0.9903	0.9436
COG0065	E	Homoaconitase/3-isopropylmalate dehydratase large subunit	0.9912	0.9930	0.0084	5	5	1	5/5	0.9864	0.9774	0.9930	0.9998	0.9992
COG0066	E	3-isopropylmalate dehydratase small subunit	0.9960	0.9954	0.0037	5	5	1	5/5	0.9898	0.9954	0.9950	1.0000	0.9998
COG0067	E	Glutamate synthase domain 1	0.7731	0.7768	0.1723	5	5	1	5/5	0.7768	0.6644	0.5133	0.9915	0.9194
COG0068	O	Hydrogenase maturation factor HypF (carbamoyltransferase)	0.9959	0.9996	0.0069	5	5	1	5/5	0.9979	0.9996	0.9821	1.0000	0.9999
COG0069	E	Glutamate synthase domain 2	0.9088	0.9704	0.1208	5	5	1	5/5	0.9065	0.9704	0.6761	0.9971	0.9937
COG0070	E	Glutamate synthase domain 3	0.7102	0.8763	0.3056	4	5	1	4/5	0.5574	0.8763	0.1796	0.9854	0.9525
COG0071	O	Small heat shock protein IbpA, HSP20 family	0.9979	0.9999	0.0027	5	5	1	5/5	0.9935	0.9999	0.9960	1.0000	1.0000
COG0072	J	Phenylalanyl-tRNA synthetase beta subunit	0.9933	0.9969	0.0048	5	5	1	5/5	0.9875	0.9969	0.9873	0.9971	0.9977
COG0073	J	tRNA-binding EMAP/Myf domain	0.0903	0.0819	0.0277	0	5	0	0/5	0.0819	0.0525	0.1140	0.0740	0.1291
COG0074	C	Succinyl-CoA synthetase, alpha subunit	0.9284	0.9431	0.0660	5	5	1	5/5	0.8867	0.9431	0.8234	0.9993	0.9896
COG0075	EF	Archaeal aspartate aminotransferase or a related aminotransferase, includes purine catabolism protein PucG	0.9954	0.9984	0.0049	5	5	1	5/5	0.9908	0.9984	0.9882	1.0000	0.9997
COG0076	E	Glutamate or tyrosine decarboxylase or a related PLP-dependent protein	0.9533	0.9956	0.0700	5	5	1	5/5	0.9576	0.9956	0.8168	0.9997	0.9970
COG0077	E	Prephenate dehydratase	0.8985	0.9269	0.0953	5	5	1	5/5	0.9269	0.7160	0.9042	0.9845	0.9608
COG0078	E	Ornithine carbamoyltransferase	0.1858	0.0724	0.1848	0	5	0	0/5	0.3175	0.0276	0.4857	0.0259	0.0724
COG0079	E	Histidinol-phosphate/aromatic aminotransferase or cobyric acid decarboxylase	0.9980	0.9989	0.0021	5	5	1	5/5	0.9961	0.9989	0.9949	1.0000	0.9999
COG0080	J	Ribosomal protein L11	0.9914	0.9965	0.0110	5	5	1	5/5	0.9903	0.9965	0.9706	0.9999	0.9999
COG0081	J	Ribosomal protein L1	0.9970	0.9986	0.0030	5	5	1	5/5	0.9951	0.9986	0.9920	0.9995	0.9996
COG0082	E	Chorismate synthase	0.9727	0.9870	0.0319	5	5	1	5/5	0.9870	0.9118	0.9713	0.9996	0.9939
COG0083	E	Homoserine kinase	0.8204	0.8098	0.0433	5	5	1	5/5	0.8021	0.8098	0.7584	0.8876	0.8443
COG0084	N	3'->5' ssDNA/RNA exonuclease TatD	0.8645	0.8851	0.1021	5	5	1	5/5	0.6675	0.9378	0.8828	0.8851	0.9491
COG0085	K	DNA-directed RNA polymerase, beta subunit/140 kD subunit	0.9975	0.9996	0.0033	5	5	1	5/5	0.9914	0.9996	0.9967	0.9998	0.9998
COG0086	K	DNA-directed RNA polymerase, beta' subunit/160 kD subunit	0.9971	0.9999	0.0049	5	5	1	5/5	0.9873	0.9999	0.9986	0.9999	0.9999
COG0087	J	Ribosomal protein L3	0.9981	0.9996	0.0021	5	5	1	5/5	0.9943	0.9996	0.9970	0.9997	0.9997
COG0088	J	Ribosomal protein L4	0.9981	0.9996	0.0023	5	5	1	5/5	0.9943	0.9996	0.9967	1.0000	1.0000
COG0089	J	Ribosomal protein L23	0.9933	0.9975	0.0092	5	5	1	5/5	0.9752	0.9975	0.9951	0.9993	0.9994
COG0090	J	Ribosomal protein L2	0.9962	0.9978	0.0036	5	5	1	5/5	0.9913	0.9978	0.9923	0.9997	0.9997
COG0091	J	Ribosomal protein L22	0.9968	0.9986	0.0033	5	5	1	5/5	0.9923	0.9986	0.9933	1.0000	0.9998
COG0092	J	Ribosomal protein S3	0.9987	0.9996	0.0015	5	5	1	5/5	0.9965	0.9996	0.9973	1.0000	0.9999
COG0093	J	Ribosomal protein L14	0.9969	0.9998	0.0047	5	5	1	5/5	0.9969	0.9998	0.9877	1.0000	1.0000
COG0094	J	Ribosomal protein L5	0.9994	0.9999	0.0008	5	5	1	5/5	0.9989	0.9999	0.9980	1.0000	1.0000
COG0095	H	Lipoate-protein ligase A	0.9467	0.9190	0.0399	5	5	1	5/5	0.9190	0.9111	0.9124	0.9978	0.9930
COG0096	J	Ribosomal protein S8	0.9984	0.9999	0.0019	5	5	1	5/5	0.9961	0.9999	0.9962	1.0000	0.9999
COG0097	J	Ribosomal protein L6P/L9E	0.9984	0.9998	0.0021	5	5	1	5/5	0.9975	0.9998	0.9946	1.0000	0.9999
COG0098	J	Ribosomal protein S5	0.9991	0.9997	0.0009	5	5	1	5/5	0.9977	0.9997	0.9983	0.9999	0.9997
COG0099	J	Ribosomal protein S13	0.9968	0.9995	0.0039	5	5	1	5/5	0.9903	0.9995	0.9943	0.9999	0.9998
COG0100	J	Ribosomal protein S11	0.9868	0.9973	0.0149	5	5	1	5/5	0.9651	0.9973	0.9726	0.9995	0.9996
COG0101	J	tRNA U38,U39,U40 pseudouridine synthase TruA	0.9581	0.9814	0.0557	5	5	1	5/5	0.9767	0.9814	0.8477	0.9974	0.9875
COG0102	J	Ribosomal protein L13	0.9900	0.9986	0.0144	5	5	1	5/5	0.9621	0.9986	0.9900	0.9996	0.9996
COG0103	J	Ribosomal protein S9	0.0190	0.0047	0.0228	0	5	0	0/5	0.0284	0.0047	0.0598	0.0010	0.0013
COG0104	F	Adenylosuccinate synthase	0.9891	0.9929	0.0108	5	5	1	5/5	0.9929	0.9839	0.9706	0.9996	0.9987
COG0105	F	Nucleoside diphosphate kinase	0.9497	0.9388	0.0392	5	5	1	5/5	0.9123	0.9388	0.9060	0.9994	0.9921
COG0106	E	Phosphoribosylformimino-5-aminoimidazole carboxamide ribonucleotide (ProFAR) isomerase	0.9927	0.9938	0.0064	5	5	1	5/5	0.9835	0.9876	0.9938	0.9999	0.9989
COG0107	E	Imidazole glycerol phosphate synthase subunit HisF	0.9947	0.9950	0.0048	5	5	1	5/5	0.9950	0.9865	0.9928	0.9999	0.9991
COG0108	H	3,4-dihydroxy-2-butanone 4-phosphate synthase	0.8292	0.8309	0.1081	5	5	1	5/5	0.6447	0.8309	0.8677	0.9805	0.8220
COG0109	HI	Polyprenyltransferase (heme O synthase)	0.1994	0.2053	0.1026	0	5	0	0/5	0.0859	0.0815	0.2994	0.3250	0.2053
COG0110	R	Acetyltransferase, isoleucine patch superfamily	0.8389	0.8639	0.0819	5	5	1	5/5	0.9094	0.6868	0.8272	0.9070	0.8639
COG0111	H	Phosphoglycerate dehydrogenase or related dehydrogenase	0.9941	0.9946	0.0045	5	5	1	5/5	0.9889	0.9946	0.9890	0.9997	0.9982
COG0112	E	Glycine/serine hydroxymethyltransferase	0.9968	0.9965	0.0024	5	5	1	5/5	0.9929	0.9965	0.9957	0.9996	0.9991
COG0113	H	Delta-aminolevulinic acid dehydratase, porphobilinogen synthase	0.8525	0.9057	0.1326	5	5	1	5/5	0.7499	0.9592	0.6484	0.9994	0.9057
COG0114	C	Fumarate hydratase class II	0.0819	0.0595	0.0763	0	5	0	0/5	0.0096	0.0595	0.0080	0.2092	0.1232
COG0115	EH	Branched-chain amino acid aminotransferase/4-amino-4-deoxychorismate lyase	0.9071	0.9219	0.0530	5	5	1	5/5	0.9219	0.8047	0.9540	0.9396	0.9152
COG0116	J	23S rRNA G2445 N2-methylase RlmL	0.5047	0.5685	0.1455	3	5	1	3/5	0.2683	0.6167	0.5685	0.4095	0.6605
COG0117	H	Riboflavin biosynthesis protein RibD, pyrimidine deaminase domain	0.0210	0.0215	0.0177	0	5	0	0/5	0.0215	0.0024	0.0476	0.0322	0.0013
COG0118	E	Imidazoleglycerol phosphate synthase glutamine amidotransferase subunit HisH	0.9665	0.9695	0.0304	5	5	1	5/5	0.9695	0.9114	0.9630	0.9984	0.9900
COG0119	E	Isopropylmalate/homocitrate/citramalate synthases	0.9935	0.9949	0.0058	5	5	1	5/5	0.9922	0.9832	0.9949	0.9998	0.9976
COG0120	G	Ribose 5-phosphate isomerase	0.9947	0.9954	0.0040	5	5	1	5/5	0.9906	0.9954	0.9897	0.9993	0.9987
COG0121	R	Predicted glutamine amidotransferase YafJ	0.4656	0.4009	0.2086	2	5	0	2/5	0.2269	0.2774	0.4009	0.7103	0.7127
COG0122	L	3-methyladenine DNA glycosylase/8-oxoguanine DNA glycosylase	0.5210	0.4573	0.1110	2	5	1	2/5	0.5242	0.4416	0.4573	0.7349	0.4468
COG0123	Q	Acetoin utilization deacetylase AcuC or a related deacetylase	0.9960	0.9991	0.0054	5	5	1	5/5	0.9949	0.9991	0.9859	1.0000	0.9999
COG0124	J	Histidyl-tRNA synthetase	0.9876	0.9975	0.0141	5	5	1	5/5	0.9750	0.9975	0.9664	0.9997	0.9992
COG0125	F	Thymidylate kinase	0.9528	0.9666	0.0573	5	5	1	5/5	0.9666	0.8416	0.9638	0.9974	0.9947
COG0126	G	3-phosphoglycerate kinase	0.9946	0.9972	0.0055	5	5	1	5/5	0.9878	0.9972	0.9880	1.0000	0.9998
COG0127	F	Inosine/xanthosine triphosphate pyrophosphatase, all-alpha NTP-PPase family	0.9984	0.9992	0.0017	5	5	1	5/5	0.9959	0.9992	0.9969	1.0000	0.9999
COG0128	E	5-enolpyruvylshikimate-3-phosphate synthase	0.9163	0.9560	0.1103	5	5	1	5/5	0.9560	0.7011	0.9325	0.9994	0.9926
COG0129	EG	Dihydroxyacid dehydratase/phosphogluconate dehydratase	0.9647	0.9655	0.0318	5	5	1	5/5	0.9655	0.9071	0.9634	0.9981	0.9896
COG0130	J	tRNA U55 pseudouridine synthase TruB, may also work on U342 of tmRNA	0.9824	0.9968	0.0248	5	5	1	5/5	0.9810	0.9968	0.9347	0.9996	0.9998
COG0131	E	Imidazoleglycerol phosphate dehydratase HisB	0.9872	0.9850	0.0103	5	5	1	5/5	0.9755	0.9771	0.9850	0.9999	0.9985
COG0132	H	Dethiobiotin synthetase	0.0229	0.0277	0.0137	0	5	0	0/5	0.0408	0.0112	0.0277	0.0314	0.0034
COG0133	E	Tryptophan synthase beta chain	0.7377	0.9089	0.2562	4	5	1	4/5	0.9277	0.3312	0.5407	0.9799	0.9089
COG0134	E	Indole-3-glycerol phosphate synthase	0.8768	0.9511	0.1299	5	5	1	5/5	0.9511	0.7095	0.7291	0.9998	0.9945
COG0135	E	Phosphoribosylanthranilate isomerase	0.8476	0.9511	0.1809	5	5	1	5/5	0.9511	0.7953	0.5152	0.9990	0.9773
COG0136	E	Aspartate-semialdehyde dehydrogenase	0.9924	0.9946	0.0061	5	5	1	5/5	0.9946	0.9840	0.9865	0.9998	0.9970
COG0137	E	Argininosuccinate synthase	0.9858	0.9901	0.0147	5	5	1	5/5	0.9881	0.9574	0.9901	0.9993	0.9939
COG0138	F	AICAR transformylase/IMP cyclohydrolase PurH	0.3205	0.2828	0.1204	1	5	0	1/5	0.2828	0.2065	0.3985	0.5144	0.2004
COG0139	E	Phosphoribosyl-AMP cyclohydrolase	0.9908	0.9888	0.0067	5	5	1	5/5	0.9888	0.9819	0.9862	0.9997	0.9973
COG0140	E	Phosphoribosyl-ATP pyrophosphohydrolase	0.5509	0.6788	0.3012	3	5	1	3/5	0.2701	0.6788	0.1296	0.9276	0.7483
COG0141	E	Histidinol dehydrogenase	0.9930	0.9908	0.0055	5	5	1	5/5	0.9890	0.9863	0.9908	0.9999	0.9992
COG0142	H	Geranylgeranyl pyrophosphate synthase	0.9995	0.9994	0.0003	5	5	1	5/5	0.9992	0.9994	0.9990	0.9999	0.9998
COG0143	J	Methionyl-tRNA synthetase	0.9943	0.9990	0.0065	5	5	1	5/5	0.9886	0.9990	0.9844	0.9998	0.9996
COG0144	J	16S rRNA C967 or C1407 C5-methylase, RsmB/RsmF family	0.9040	0.9268	0.0786	5	5	1	5/5	0.9527	0.9268	0.7515	0.9170	0.9718
COG0145	EQ	N-methylhydantoinase A/oxoprolinase/acetone carboxylase, beta subunit	0.7912	0.7896	0.2158	4	5	1	4/5	0.7829	0.7896	0.4007	0.9956	0.9873
COG0146	EQ	N-methylhydantoinase B/oxoprolinase/acetone carboxylase, alpha subunit	0.5669	0.4636	0.3521	2	5	1	2/5	0.2927	0.4636	0.1233	0.9861	0.9689
COG0147	EH	Anthranilate/para-aminobenzoate synthases component I	0.8411	0.9431	0.1839	4	5	1	4/5	0.9573	0.4949	0.8128	0.9976	0.9431
COG0148	G	Enolase	0.9981	0.9995	0.0019	5	5	1	5/5	0.9958	0.9995	0.9958	1.0000	0.9996
COG0149	G	Triosephosphate isomerase	0.9945	0.9968	0.0057	5	5	1	5/5	0.9911	0.9968	0.9851	0.9999	0.9998
COG0150	F	Phosphoribosylaminoimidazole (AIR) synthetase	0.9860	0.9819	0.0104	5	5	1	5/5	0.9717	0.9819	0.9806	0.9993	0.9966
COG0151	F	Phosphoribosylamine-glycine ligase	0.9671	0.9722	0.0261	5	5	1	5/5	0.9722	0.9183	0.9671	0.9925	0.9856
COG0152	F	Phosphoribosylaminoimidazole-succinocarboxamide synthase	0.9898	0.9901	0.0078	5	5	1	5/5	0.9865	0.9769	0.9901	0.9988	0.9968
COG0153	G	Galactokinase	0.1062	0.0311	0.0961	0	5	0	0/5	0.0289	0.0311	0.0251	0.2411	0.2050
COG0154	J	Asp-tRNAAsn/Glu-tRNAGln amidotransferase A subunit or related amidase	0.8479	0.8578	0.1484	5	5	1	5/5	0.5756	0.8578	0.8445	0.9976	0.9640
COG0155	P	Sulfite reductase, beta subunit (hemoprotein)	0.0373	0.0410	0.0257	0	5	0	0/5	0.0775	0.0099	0.0410	0.0490	0.0091
COG0156	H	7-keto-8-aminopelargonate synthetase or related enzyme	0.1853	0.1933	0.0563	0	5	0	0/5	0.2460	0.0883	0.1656	0.2333	0.1933
COG0157	H	Nicotinate-nucleotide pyrophosphorylase	0.9600	0.9609	0.0308	5	5	1	5/5	0.9480	0.9609	0.9087	0.9949	0.9873
COG0158	G	Fructose-1,6-bisphosphatase	0.1213	0.0915	0.0924	0	5	0	0/5	0.0528	0.0915	0.0244	0.2849	0.1529
COG0159	E	Tryptophan synthase alpha chain	0.8430	0.9635	0.1742	5	5	1	5/5	0.9635	0.5904	0.6748	0.9993	0.9869
COG0160	E	Acetylornithine aminotransferase/4-aminobutyrate aminotransferase	0.8910	0.8671	0.0768	5	5	1	5/5	0.8109	0.8671	0.8146	0.9950	0.9673
COG0161	H	Adenosylmethionine-8-amino-7-oxononanoate aminotransferase	0.0108	0.0037	0.0112	0	5	0	0/5	0.0226	0.0004	0.0260	0.0037	0.0011
COG0162	J	Tyrosyl-tRNA synthetase	0.9943	0.9962	0.0055	5	5	1	5/5	0.9895	0.9962	0.9862	0.9999	0.9995
COG0163	H	Flavin prenyltransferase UbiX	0.9892	0.9975	0.0157	5	5	1	5/5	0.9920	0.9985	0.9583	0.9997	0.9975
COG0164	L	Ribonuclease HII	0.9932	0.9989	0.0086	5	5	1	5/5	0.9775	0.9989	0.9903	0.9997	0.9996
COG0165	E	Argininosuccinate lyase	0.9807	0.9876	0.0176	5	5	1	5/5	0.9738	0.9498	0.9876	0.9994	0.9929
COG0166	G	Glucose-6-phosphate isomerase	0.0945	0.1103	0.0500	0	5	0	0/5	0.1103	0.0056	0.0799	0.1504	0.1264
COG0167	F	Dihydroorotate dehydrogenase	0.9982	0.9983	0.0016	5	5	1	5/5	0.9966	0.9983	0.9962	1.0000	0.9998
COG0168	P	Trk-type K+ transport system, membrane component	0.9290	0.9378	0.0459	5	5	1	5/5	0.9791	0.9763	0.9378	0.8817	0.8699
COG0169	E	Shikimate 5-dehydrogenase	0.9453	0.9837	0.0729	5	5	1	5/5	0.9837	0.8054	0.9419	0.9998	0.9955
COG0170	OM	Dolichol kinase	0.9651	0.9962	0.0395	5	5	1	5/5	0.9149	0.9962	0.9186	0.9986	0.9972
COG0171	H	NH3-dependent NAD+ synthetase	0.9923	0.9977	0.0096	5	5	1	5/5	0.9894	0.9977	0.9748	0.9999	0.9998
COG0172	J	Seryl-tRNA synthetase	0.9926	0.9968	0.0074	5	5	1	5/5	0.9850	0.9968	0.9824	0.9997	0.9993
COG0173	J	Aspartyl-tRNA synthetase	0.0011	0.0000	0.0015	0	5	0	0/5	0.0020	0.0000	0.0037	0.0000	0.0000
COG0174	E	Glutamine synthetase	0.9953	0.9980	0.0048	5	5	1	5/5	0.9905	0.9980	0.9886	0.9999	0.9997
COG0175	EH	3'-phosphoadenosine 5'-phosphosulfate sulfotransferase (PAPS reductase)/FAD synthetase or related enzyme	0.8936	0.8928	0.0341	5	5	1	5/5	0.9490	0.8928	0.8799	0.9026	0.8438
COG0176	G	Transaldolase/fructose-6-phosphate aldolase	0.2028	0.1710	0.0964	0	5	0	0/5	0.1597	0.1116	0.3895	0.1823	0.1710
COG0177	L	Endonuclease III	0.9808	0.9910	0.0243	5	5	1	5/5	0.9345	0.9910	0.9794	0.9999	0.9992
COG0178	L	Excinuclease UvrABC ATPase subunit	0.1061	0.0727	0.0945	0	5	0	0/5	0.0727	0.0268	0.0403	0.2875	0.1031
COG0179	Q	2-keto-4-pentenoate hydratase/2-oxohepta-3-ene-1,7-dioic acid hydratase (catechol pathway)	0.9513	0.9444	0.0333	5	5	1	5/5	0.9444	0.9226	0.9112	0.9995	0.9788
COG0180	J	Tryptophanyl-tRNA synthetase	0.9933	0.9987	0.0084	5	5	1	5/5	0.9902	0.9987	0.9782	0.9999	0.9997
COG0181	H	Porphobilinogen deaminase	0.7995	0.8817	0.1946	4	5	1	4/5	0.7249	0.9371	0.4553	0.9983	0.8817
COG0182	E	5-methylthioribose/5-deoxyribulose 1-phosphate isomerase (methionine salvage pathway), a paralog of eIF-2B alpha subunit	0.9939	0.9986	0.0092	5	5	1	5/5	0.9951	0.9986	0.9759	1.0000	0.9999
COG0183	I	Acetyl-CoA acetyltransferase	0.9902	0.9926	0.0119	5	5	1	5/5	0.9671	0.9926	0.9924	0.9999	0.9989
COG0184	J	Ribosomal protein S15P/S13E	0.9969	0.9988	0.0032	5	5	1	5/5	0.9922	0.9988	0.9939	0.9997	0.9997
COG0185	J	Ribosomal protein S19	0.9922	0.9947	0.0083	5	5	1	5/5	0.9895	0.9947	0.9775	0.9998	0.9996
COG0186	J	Ribosomal protein S17	0.9953	0.9991	0.0055	5	5	1	5/5	0.9891	0.9991	0.9881	1.0000	1.0000
COG0187	L	DNA gyrase/topoisomerase IV, subunit B	0.0990	0.0994	0.0613	0	5	0	0/5	0.1475	0.0039	0.0994	0.1785	0.0659
COG0188	L	DNA gyrase/topoisomerase IV, subunit A	0.1275	0.1657	0.0663	0	5	0	0/5	0.1670	0.0396	0.2074	0.1657	0.0579
COG0189	EHJQ	Glutathione synthase, LysX or RimK-type ligase, ATP-grasp superfamily	0.7710	0.7940	0.1004	5	5	1	5/5	0.8569	0.5767	0.8369	0.7940	0.7905
COG0190	H	5,10-methylene-tetrahydrofolate dehydrogenase/Methenyl tetrahydrofolate cyclohydrolase	0.0429	0.0180	0.0435	0	5	0	0/5	0.1122	0.0043	0.0757	0.0044	0.0180
COG0191	G	Fructose/tagatose bisphosphate aldolase	0.0373	0.0269	0.0219	0	5	0	0/5	0.0708	0.0121	0.0548	0.0269	0.0219
COG0192	H	S-adenosylmethionine synthetase	0.0130	0.0007	0.0155	0	5	0	0/5	0.0296	0.0007	0.0342	0.0006	0.0001
COG0193	J	Peptidyl-tRNA hydrolase	0.0001	0.0000	0.0001	0	5	0	0/5	0.0002	0.0000	0.0003	0.0000	0.0000
COG0194	F	Guanylate kinase	0.0002	0.0000	0.0003	0	5	0	0/5	0.0005	0.0000	0.0007	0.0000	0.0000
COG0195	K	Transcription antitermination factor NusA, contains S1 and KH domains	0.9984	0.9999	0.0022	5	5	1	5/5	0.9943	0.9999	0.9976	1.0000	1.0000
COG0196	H	FAD synthase	0.0013	0.0002	0.0015	0	5	0	0/5	0.0024	0.0001	0.0038	0.0002	0.0001
COG0197	J	Ribosomal protein L16/L10AE	0.9891	0.9985	0.0130	5	5	1	5/5	0.9774	0.9985	0.9695	1.0000	0.9999
COG0198	J	Ribosomal protein L24	0.9970	0.9997	0.0035	5	5	1	5/5	0.9939	0.9997	0.9918	1.0000	0.9998
COG0199	J	Ribosomal protein S14	0.8729	0.8919	0.1100	5	5	1	5/5	0.9486	0.9761	0.8838	0.8919	0.6639
COG0200	J	Ribosomal protein L15	0.9951	0.9996	0.0066	5	5	1	5/5	0.9827	0.9996	0.9936	0.9999	0.9997
COG0201	U	Preprotein translocase subunit SecY	0.0198	0.0088	0.0193	0	5	0	0/5	0.0066	0.0072	0.0573	0.0088	0.0192
COG0202	K	DNA-directed RNA polymerase, alpha subunit/40 kD subunit	0.9967	0.9993	0.0040	5	5	1	5/5	0.9897	0.9993	0.9949	0.9999	0.9997
COG0203	J	Ribosomal protein L17	0.0001	0.0000	0.0001	0	5	0	0/5	0.0002	0.0000	0.0003	0.0000	0.0000
COG0204	I	1-acyl-sn-glycerol-3-phosphate acyltransferase	0.0016	0.0000	0.0019	0	5	0	0/5	0.0034	0.0000	0.0044	0.0000	0.0000
COG0205	G	6-phosphofructokinase	0.0933	0.0944	0.0406	0	5	0	0/5	0.0670	0.0354	0.0944	0.1543	0.1155
COG0206	D	Cell division GTPase FtsZ	0.9602	0.9552	0.0213	5	5	1	5/5	0.9291	0.9933	0.9711	0.9522	0.9552
COG0207	F	Thymidylate synthase	0.2773	0.2368	0.1448	1	5	0	1/5	0.5213	0.2368	0.1151	0.1656	0.3475
COG0208	F	Ribonucleotide reductase beta subunit, ferritin-like domain	0.0006	0.0001	0.0007	0	5	0	0/5	0.0009	0.0001	0.0019	0.0000	0.0000
COG0209	F	Ribonucleotide reductase alpha subunit	0.8055	0.7458	0.1197	5	5	1	5/5	0.6941	0.7458	0.6935	0.9859	0.9084
COG0210	L	Superfamily I DNA or RNA helicase	0.1430	0.0754	0.1213	0	5	0	0/5	0.1515	0.0467	0.0664	0.3748	0.0754
COG0211	J	Ribosomal protein L27	0.0002	0.0000	0.0003	0	5	0	0/5	0.0005	0.0000	0.0006	0.0000	0.0000
COG0212	H	5-formyltetrahydrofolate cyclo-ligase	0.3123	0.3715	0.1233	0	5	0	0/5	0.3715	0.2076	0.4731	0.1341	0.3754
COG0213	F	Thymidine phosphorylase	0.9110	0.9015	0.0509	5	5	1	5/5	0.9573	0.9690	0.9014	0.8257	0.9015
COG0214	H	Pyridoxal 5'-phosphate synthase subunit PdxS	0.9818	0.9886	0.0195	5	5	1	5/5	0.9806	0.9886	0.9450	0.9998	0.9949
COG0215	J	Cysteinyl-tRNA synthetase	0.8290	0.8976	0.1627	5	5	1	5/5	0.8976	0.5823	0.6949	0.9902	0.9799
COG0216	J	Protein chain release factor RF1	0.0001	0.0000	0.0002	0	5	0	0/5	0.0002	0.0000	0.0004	0.0000	0.0000
COG0217	KJ	Transcriptional and/or translational regulatory protein YebC/TACO1	0.0001	0.0000	0.0001	0	5	0	0/5	0.0002	0.0000	0.0002	0.0000	0.0000
COG0218	D	GTP-binding protein EngB required for normal cell division	0.3195	0.3029	0.1287	0	5	0	0/5	0.3029	0.3023	0.0978	0.4313	0.4631
COG0219	J	tRNA(Leu) C34 or U34 (ribose-2'-O)-methylase TrmL, contains SPOUT domain	0.0000	0.0000	0.0000	0	5	0	0/5	0.0000	0.0000	0.0001	0.0000	0.0000
COG0220	J	tRNA G46 N7-methylase TrmB	0.0006	0.0000	0.0007	0	5	0	0/5	0.0013	0.0000	0.0015	0.0000	0.0000
COG0221	C	Inorganic pyrophosphatase	0.3677	0.4010	0.1463	1	5	0	1/5	0.5967	0.1725	0.4151	0.4010	0.2533
COG0222	J	Ribosomal protein L7/L12	0.0008	0.0001	0.0009	0	5	0	0/5	0.0018	0.0000	0.0020	0.0001	0.0000
COG0223	J	Methionyl-tRNA formyltransferase	0.0059	0.0003	0.0069	0	5	0	0/5	0.0139	0.0002	0.0148	0.0003	0.0001
COG0224	C	FoF1-type ATP synthase, gamma subunit	0.0125	0.0160	0.0097	0	5	0	0/5	0.0165	0.0018	0.0160	0.0269	0.0015
COG0225	O	Peptide methionine sulfoxide reductase MsrA	0.1173	0.0805	0.1052	0	5	0	0/5	0.0283	0.0805	0.0399	0.3175	0.1202
COG0226	P	ABC-type phosphate transport system, periplasmic component	0.9820	0.9786	0.0115	5	5	1	5/5	0.9786	0.9743	0.9672	0.9991	0.9909
COG0227	J	Ribosomal protein L28	0.0005	0.0000	0.0006	0	5	0	0/5	0.0009	0.0000	0.0015	0.0000	0.0000
COG0228	J	Ribosomal protein S16	0.0001	0.0000	0.0002	0	5	0	0/5	0.0003	0.0000	0.0004	0.0000	0.0000
COG0229	O	Peptide methionine sulfoxide reductase MsrB	0.0846	0.0437	0.0723	0	5	0	0/5	0.0437	0.0230	0.0422	0.2219	0.0920
COG0230	J	Ribosomal protein L34	0.0003	0.0001	0.0004	0	5	0	0/5	0.0008	0.0001	0.0007	0.0000	0.0000
COG0231	J	Translation elongation factor P (EF-P)/translation initiation factor 5A (eIF-5A)	0.9959	0.9991	0.0044	5	5	1	5/5	0.9913	0.9991	0.9898	0.9997	0.9996
COG0232	F	dGTP triphosphohydrolase	0.0399	0.0235	0.0351	0	5	0	0/5	0.0300	0.0177	0.0187	0.1095	0.0235
COG0233	J	Ribosome recycling factor	0.0001	0.0000	0.0002	0	5	0	0/5	0.0003	0.0000	0.0004	0.0000	0.0000
COG0234	O	Co-chaperonin GroES (HSP10)	0.0122	0.0064	0.0146	0	5	0	0/5	0.0081	0.0053	0.0064	0.0410	0.0003
COG0235	EG	5-methylthioribulose/5-deoxyribulose/Fuculose 1-phosphate aldolase (methionine salvage, sugar degradation)	0.9525	0.9833	0.0492	5	5	1	5/5	0.8969	0.9833	0.8884	0.9975	0.9962
COG0236	I	Acyl carrier protein	0.0076	0.0035	0.0070	0	5	0	0/5	0.0177	0.0022	0.0143	0.0035	0.0005
COG0237	H	Dephospho-CoA kinase	0.9886	0.9963	0.0149	5	5	1	5/5	0.9597	0.9963	0.9889	0.9997	0.9982
COG0238	J	Ribosomal protein S18	0.0002	0.0000	0.0003	0	5	0	0/5	0.0005	0.0000	0.0006	0.0000	0.0000
COG0239	DP	Fluoride ion exporter CrcB/FEX, affects chromosome condensation	0.4789	0.4323	0.1852	2	5	0	2/5	0.5353	0.3124	0.3062	0.8085	0.4323
COG0240	C	Glycerol-3-phosphate dehydrogenase	0.0257	0.0126	0.0221	0	5	0	0/5	0.0515	0.0074	0.0535	0.0126	0.0035
COG0241	E	Histidinol phosphatase/D-glycero-mannoheptose bisphosphatephosphatase, HAD superfamily	0.0891	0.0857	0.0404	0	5	0	0/5	0.0857	0.0775	0.1306	0.1302	0.0213
COG0242	J	Peptide deformylase	0.0020	0.0000	0.0025	0	5	0	0/5	0.0046	0.0000	0.0055	0.0000	0.0000
COG0243	C	Anaerobic selenocysteine-containing dehydrogenase	0.9249	0.9731	0.0789	5	5	1	5/5	0.8624	0.9731	0.8011	0.9996	0.9881
COG0244	J	Ribosomal protein L10	0.9798	0.9965	0.0231	5	5	1	5/5	0.9524	0.9965	0.9506	0.9998	0.9996
COG0245	I	2C-methyl-D-erythritol 2,4-cyclodiphosphate synthase	0.0013	0.0000	0.0016	0	5	0	0/5	0.0027	0.0000	0.0036	0.0000	0.0000
COG0246	G	Mannitol-1-phosphate/altronate dehydrogenases	0.0014	0.0002	0.0015	0	5	0	0/5	0.0030	0.0002	0.0036	0.0001	0.0002
COG0247	C	Fe-S cluster-containing oxidoreductase, includes glycolate oxidase subunit GlcF	0.9713	0.9987	0.0359	5	5	1	5/5	0.9123	0.9987	0.9466	1.0000	0.9991
COG0248	FT	Exopolyphosphatase/pppGpp-phosphohydrolase	0.0416	0.0461	0.0305	0	5	0	0/5	0.0461	0.0075	0.0535	0.0903	0.0107
COG0249	L	DNA mismatch repair ATPase MutS	0.1899	0.1406	0.1561	0	5	0	0/5	0.1406	0.1107	0.0573	0.4957	0.1451
COG0250	K	Transcription termination/antitermination protein NusG	0.9971	0.9986	0.0028	5	5	1	5/5	0.9943	0.9986	0.9932	0.9998	0.9997
COG0251	V	Enamine deaminase RidA, house cleaning of reactive enamine intermediates, YjgF/YER057c/UK114 family	0.3736	0.2852	0.2343	1	5	0	1/5	0.2528	0.0749	0.2852	0.7576	0.4975
COG0252	JE	L-asparaginase/archaeal Glu-tRNAGln amidotransferase subunit D	0.9880	0.9986	0.0159	5	5	1	5/5	0.9582	0.9986	0.9847	0.9996	0.9988
COG0253	E	Diaminopimelate epimerase	0.7040	0.7258	0.0882	5	5	1	5/5	0.6112	0.7280	0.6090	0.8462	0.7258
COG0254	J	Ribosomal protein L31	0.0001	0.0000	0.0001	0	5	0	0/5	0.0002	0.0000	0.0003	0.0000	0.0000
COG0255	J	Ribosomal protein L29	0.9933	0.9985	0.0105	5	5	1	5/5	0.9954	0.9985	0.9725	1.0000	0.9999
COG0256	J	Ribosomal protein L18	0.9978	0.9995	0.0022	5	5	1	5/5	0.9952	0.9995	0.9950	0.9999	0.9996
COG0257	J	Ribosomal protein L36	0.0004	0.0000	0.0005	0	5	0	0/5	0.0009	0.0000	0.0012	0.0000	0.0000
COG0258	L	5'-3' exonuclease Xni/ExoIX (flap endonuclease)	0.9901	0.9983	0.0135	5	5	1	5/5	0.9636	0.9984	0.9914	0.9987	0.9983
COG0259	H	Pyridoxine/pyridoxamine 5'-phosphate oxidase	0.0001	0.0001	0.0001	0	5	0	0/5	0.0001	0.0000	0.0002	0.0001	0.0000
COG0260	E	Leucyl aminopeptidase	0.0032	0.0003	0.0043	0	5	0	0/5	0.0043	0.0003	0.0113	0.0001	0.0001
COG0261	J	Ribosomal protein L21	0.0001	0.0000	0.0001	0	5	0	0/5	0.0002	0.0000	0.0003	0.0000	0.0000
COG0262	H	Dihydrofolate reductase	0.0133	0.0027	0.0197	0	5	0	0/5	0.0100	0.0008	0.0027	0.0520	0.0009
COG0263	E	Glutamate 5-kinase	0.0896	0.0817	0.0707	0	5	0	0/5	0.1928	0.0226	0.1438	0.0817	0.0069
COG0264	J	Translation elongation factor EF-Ts	0.0001	0.0000	0.0002	0	5	0	0/5	0.0003	0.0000	0.0004	0.0000	0.0000
COG0265	O	Periplasmic serine protease, S1-C subfamily, contain C-terminal PDZ domain	0.3283	0.3432	0.1105	0	5	0	0/5	0.1838	0.2348	0.3432	0.4960	0.3838
COG0266	L	Formamidopyrimidine-DNA glycosylase	0.0151	0.0041	0.0168	0	5	0	0/5	0.0316	0.0003	0.0391	0.0041	0.0002
COG0267	J	Ribosomal protein L33	0.0005	0.0000	0.0006	0	5	0	0/5	0.0011	0.0000	0.0013	0.0000	0.0000
COG0268	J	Ribosomal protein S20	0.0003	0.0000	0.0004	0	5	0	0/5	0.0007	0.0000	0.0008	0.0000	0.0000
COG0269	G	3-keto-L-gulonate-6-phosphate decarboxylase	0.9862	0.9999	0.0259	5	5	1	5/5	0.9967	0.9999	0.9345	1.0000	0.9999
COG0270	L	DNA-cytosine methylase	0.5203	0.6332	0.1830	3	5	1	3/5	0.6434	0.4141	0.2106	0.7004	0.6332
COG0271	KT	DNA-binding global transcriptional regulator BolA, affects cell shape, cell division and biofilm formation	0.0019	0.0003	0.0019	0	5	0	0/5	0.0042	0.0003	0.0042	0.0003	0.0003
COG0272	L	NAD-dependent DNA ligase	0.0148	0.0134	0.0109	0	5	0	0/5	0.0259	0.0028	0.0288	0.0134	0.0033
COG0274	F	Deoxyribose-phosphate aldolase	0.4611	0.2426	0.3200	2	5	0	2/5	0.2426	0.2384	0.1271	0.8850	0.8126
COG0275	J	16S rRNA C1402 N4-methylase RsmH	0.0006	0.0000	0.0007	0	5	0	0/5	0.0012	0.0000	0.0016	0.0000	0.0000
COG0276	H	Protoheme ferro-lyase (ferrochelatase)	0.0120	0.0091	0.0107	0	5	0	0/5	0.0091	0.0014	0.0173	0.0300	0.0022
COG0277	C	FAD/FMN-containing lactate dehydrogenase/glycolate oxidase	0.8184	0.9151	0.1535	5	5	1	5/5	0.5925	0.6806	0.9151	0.9886	0.9154
COG0278	O	Glutaredoxin-related protein	0.0015	0.0001	0.0017	0	5	0	0/5	0.0035	0.0001	0.0037	0.0001	0.0001
COG0279	G	Phosphoheptose isomerase	0.0753	0.0472	0.0584	0	5	0	0/5	0.0352	0.0472	0.1107	0.1720	0.0116
COG0280	C	Phosphotransacetylase (includes Pta, EutD and phosphobutyryltransferase)	0.0034	0.0008	0.0037	0	5	0	0/5	0.0067	0.0008	0.0090	0.0004	0.0001
COG0281	C	Malic enzyme	0.9977	0.9995	0.0026	5	5	1	5/5	0.9954	0.9995	0.9938	1.0000	0.9998
COG0282	C	Acetate kinase	0.0035	0.0008	0.0037	0	5	0	0/5	0.0070	0.0008	0.0089	0.0005	0.0002
COG0283	F	Cytidylate kinase	0.0008	0.0002	0.0009	0	5	0	0/5	0.0015	0.0000	0.0023	0.0002	0.0000
COG0284	F	Orotidine-5'-phosphate decarboxylase	0.9924	0.9912	0.0068	5	5	1	5/5	0.9811	0.9908	0.9912	0.9998	0.9992
COG0285	H	Folylpolyglutamate synthase/Dihydropteroate synthase	0.0209	0.0043	0.0230	0	5	0	0/5	0.0437	0.0003	0.0538	0.0026	0.0043
COG0286	V	Type I restriction-modification system, DNA methylase subunit	0.8912	0.9685	0.1465	5	5	1	5/5	0.9121	0.9742	0.6037	0.9977	0.9685
COG0287	E	Prephenate dehydrogenase	0.0398	0.0385	0.0267	0	5	0	0/5	0.0629	0.0048	0.0757	0.0172	0.0385
COG0288	P	Carbonic anhydrase	0.0801	0.0551	0.0514	0	5	0	0/5	0.0551	0.0494	0.0377	0.1793	0.0791
COG0289	E	4-hydroxy-tetrahydrodipicolinate reductase	0.7942	0.7739	0.0903	5	5	1	5/5	0.6862	0.7606	0.7739	0.9602	0.7903
COG0290	J	Translation initiation factor IF-3	0.0004	0.0000	0.0005	0	5	0	0/5	0.0011	0.0000	0.0011	0.0000	0.0000
COG0291	J	Ribosomal protein L35	0.0007	0.0001	0.0008	0	5	0	0/5	0.0016	0.0001	0.0017	0.0001	0.0000
COG0292	J	Ribosomal protein L20	0.0003	0.0000	0.0003	0	5	0	0/5	0.0007	0.0000	0.0007	0.0000	0.0000
COG0293	J	23S rRNA U2552 (ribose-2'-O)-methylase RlmE/FtsJ	0.9676	0.9659	0.0154	5	5	1	5/5	0.9578	0.9843	0.9659	0.9450	0.9850
COG0294	H	Dihydropteroate synthase	0.9850	0.9971	0.0225	5	5	1	5/5	0.9871	0.9971	0.9411	1.0000	0.9998
COG0295	F	Cytidine deaminase	0.0670	0.0627	0.0402	0	5	0	0/5	0.1115	0.0088	0.0404	0.1114	0.0627
COG0296	G	1,4-alpha-glucan branching enzyme	0.1321	0.0313	0.1920	1	5	0	1/5	0.0143	0.0313	0.0095	0.5114	0.0940
COG0297	G	Glycogen synthase	0.4460	0.3925	0.2340	2	5	0	2/5	0.2515	0.3925	0.1693	0.8055	0.6112
COG0298	O	Hydrogenase maturation factor HybG, HypC/HupF family	0.9712	0.9912	0.0368	5	5	1	5/5	0.9634	0.9912	0.9026	0.9996	0.9994
COG0299	F	Folate-dependent phosphoribosylglycinamide formyltransferase PurN	0.2420	0.1887	0.0953	0	5	0	0/5	0.1731	0.1348	0.3552	0.3583	0.1887
COG0300	R	Short-chain dehydrogenase	0.0475	0.0467	0.0287	0	5	0	0/5	0.0522	0.0085	0.0467	0.0963	0.0336
COG0301	HJ	Adenylyl- and sulfurtransferase ThiI (thiamine and tRNA 4-thiouridine biosynthesis)	0.9971	0.9999	0.0035	5	5	1	5/5	0.9922	0.9999	0.9936	0.9999	0.9999
COG0302	H	GTP cyclohydrolase I	0.0256	0.0162	0.0311	0	5	0	0/5	0.0162	0.0002	0.0222	0.0856	0.0037
COG0303	H	Molybdopterin Mo-transferase (molybdopterin biosynthesis)	0.9994	1.0000	0.0009	5	5	1	5/5	0.9977	1.0000	0.9993	1.0000	1.0000
COG0304	IQ	3-oxoacyl-(acyl-carrier-protein) synthase	0.0013	0.0002	0.0015	0	5	0	0/5	0.0028	0.0001	0.0033	0.0002	0.0000
COG0305	L	Replicative DNA helicase	0.0012	0.0000	0.0014	0	5	0	0/5	0.0026	0.0000	0.0032	0.0000	0.0000
COG0306	P	Phosphate/sulfate permease	0.9460	0.9758	0.0594	5	5	1	5/5	0.9309	0.9758	0.8364	0.9949	0.9921
COG0307	H	Riboflavin synthase alpha chain	0.0574	0.0296	0.0679	0	5	0	0/5	0.0296	0.0053	0.0593	0.1872	0.0056
COG0308	E	Aminopeptidase N, contains DUF3458 domain	0.2948	0.3407	0.1159	0	5	0	0/5	0.3833	0.1667	0.1490	0.4345	0.3407
COG0309	O	Carbamoyl dehydratase HypE (hydrogenase maturation factor)	0.9975	0.9997	0.0041	5	5	1	5/5	0.9986	0.9997	0.9894	1.0000	1.0000
COG0310	P	ABC-type Co2+ transport system, permease component	0.9618	0.9987	0.0570	5	5	1	5/5	0.9599	0.9988	0.8519	0.9999	0.9987
COG0311	H	Pyridoxal 5'-phosphate synthase subunit PdxT (glutamine amidotransferase)	0.9784	0.9844	0.0248	5	5	1	5/5	0.9834	0.9844	0.9302	0.9996	0.9943
COG0312	R	Zn-dependent protease PmbA/TldA or its inactivated homolog	0.9968	0.9985	0.0031	5	5	1	5/5	0.9931	0.9998	0.9930	0.9985	0.9998
COG0313	J	16S rRNA C1402 (ribose-2'-O) methylase RsmI	0.0004	0.0000	0.0005	0	5	0	0/5	0.0008	0.0000	0.0013	0.0000	0.0000
COG0314	H	Molybdopterin synthase catalytic subunit MoaE	0.9933	0.9990	0.0083	5	5	1	5/5	0.9789	0.9990	0.9889	0.9999	0.9998
COG0315	H	Molybdenum cofactor biosynthesis enzyme MoaC	0.9972	0.9996	0.0033	5	5	1	5/5	0.9938	0.9996	0.9927	1.0000	1.0000
COG0316	O	Fe-S cluster assembly iron-binding protein IscA	0.0186	0.0178	0.0174	0	5	0	0/5	0.0178	0.0018	0.0207	0.0499	0.0028
COG0317	TK	(p)ppGpp synthase/hydrolase, HD superfamily	0.0056	0.0071	0.0042	0	5	0	0/5	0.0083	0.0009	0.0111	0.0071	0.0004
COG0318	I	O-succinylbenzoic acid-CoA ligase MenE or related acyl-CoA synthetase (AMP-forming)	0.4459	0.3287	0.1908	2	5	0	2/5	0.3287	0.2421	0.3281	0.7568	0.5736
COG0319	J	ssRNA-specific RNase YbeY, 16S rRNA maturation enzyme	0.0001	0.0000	0.0001	0	5	0	0/5	0.0001	0.0000	0.0002	0.0000	0.0000
COG0320	H	Lipoate synthase	0.1256	0.1155	0.0625	0	5	0	0/5	0.0432	0.0842	0.1614	0.2239	0.1155
COG0321	H	Lipoate-protein ligase B	0.0131	0.0051	0.0178	0	5	0	0/5	0.0018	0.0015	0.0088	0.0482	0.0051
COG0322	L	Excinuclease UvrABC, nuclease subunit	0.1006	0.0566	0.0924	0	5	0	0/5	0.0566	0.0322	0.0413	0.2809	0.0922
COG0323	L	DNA mismatch repair ATPase MutL	0.1546	0.1281	0.1300	0	5	0	0/5	0.1281	0.0319	0.0716	0.4029	0.1387
COG0324	J	tRNA A37 N6-isopentenylltransferase MiaA	0.0003	0.0000	0.0003	0	5	0	0/5	0.0005	0.0000	0.0008	0.0000	0.0000
COG0325	H	Pyridoxal 5'-phosphate homeostasis protein YggS, UPF0001 family	0.0438	0.0384	0.0373	0	5	0	0/5	0.0474	0.0096	0.0384	0.1124	0.0114
COG0326	O	Molecular chaperone, HSP90 family	0.0072	0.0060	0.0050	0	5	0	0/5	0.0148	0.0023	0.0109	0.0060	0.0021
COG0327	H	Putative GTP cyclohydrolase 1 type 2, NIF3 family	0.6296	0.7287	0.2814	3	5	1	3/5	0.4396	0.7287	0.1800	0.9290	0.8707
COG0328	L	Ribonuclease HI	0.1018	0.1208	0.0437	0	5	0	0/5	0.1384	0.0213	0.1373	0.1208	0.0910
COG0329	EM	4-hydroxy-tetrahydrodipicolinate synthase/N-acetylneuraminate lyase	0.9838	0.9770	0.0113	5	5	1	5/5	0.9740	0.9734	0.9770	0.9999	0.9949
COG0330	O	Regulator of protease activity HflC, stomatin/prohibitin superfamily	0.9931	0.9933	0.0051	5	5	1	5/5	0.9869	0.9933	0.9878	0.9998	0.9976
COG0331	I	Malonyl CoA-acyl carrier protein transacylase	0.0016	0.0011	0.0014	0	5	0	0/5	0.0033	0.0002	0.0032	0.0011	0.0002
COG0332	I	3-oxoacyl-[acyl-carrier-protein] synthase III	0.0052	0.0024	0.0052	0	5	0	0/5	0.0085	0.0008	0.0138	0.0024	0.0006
COG0333	J	Ribosomal protein L32	0.0002	0.0000	0.0002	0	5	0	0/5	0.0004	0.0000	0.0005	0.0000	0.0000
COG0334	E	Glutamate dehydrogenase/leucine dehydrogenase	0.7842	0.6911	0.1480	5	5	1	5/5	0.6596	0.6417	0.6911	0.9718	0.9570
COG0335	J	Ribosomal protein L19	0.0002	0.0000	0.0002	0	5	0	0/5	0.0004	0.0000	0.0004	0.0000	0.0000
COG0336	J	tRNA G37 N-methylase TrmD	0.0001	0.0000	0.0001	0	5	0	0/5	0.0002	0.0000	0.0003	0.0000	0.0000
COG0337	E	3-dehydroquinate synthetase	0.1142	0.0663	0.1304	0	5	0	0/5	0.0761	0.0099	0.0663	0.3710	0.0477
COG0338	L	DNA-adenine methylase	0.2562	0.2387	0.1009	0	5	0	0/5	0.1949	0.2387	0.1322	0.4314	0.2838
COG0339	O	Zn-dependent oligopeptidase, M3 family	0.0008	0.0001	0.0010	0	5	0	0/5	0.0016	0.0001	0.0024	0.0000	0.0001
COG0340	H	Biotin-(acetyl-CoA carboxylase) ligase	0.8407	0.9494	0.1942	4	5	1	4/5	0.7754	0.9494	0.4877	0.9992	0.9917
COG0341	U	Preprotein translocase subunit SecF	0.2855	0.2793	0.1820	0	5	0	0/5	0.2793	0.4805	0.0608	0.4988	0.1079
COG0342	U	Preprotein translocase subunit SecD	0.3219	0.4010	0.1821	1	5	0	1/5	0.4010	0.5021	0.0566	0.4933	0.1564
COG0343	J	Queuine/archaeosine tRNA-ribosyltransferase	0.9961	0.9975	0.0047	5	5	1	5/5	0.9967	0.9975	0.9870	0.9998	0.9995
COG0344	I	Phospholipid biosynthesis protein PlsY, probable glycerol-3-phosphate acyltransferase	0.0030	0.0004	0.0033	0	5	0	0/5	0.0063	0.0004	0.0077	0.0002	0.0003
COG0345	E	Pyrroline-5-carboxylate reductase	0.7716	0.8168	0.1688	5	5	1	5/5	0.8168	0.6342	0.5214	0.9535	0.9322
COG0346	Q	Catechol 2,3-dioxygenase or related enzyme, vicinal oxygen chelate (VOC) family	0.4537	0.5599	0.2330	3	5	0	3/5	0.6023	0.1609	0.1972	0.7480	0.5599
COG0347	TE	Nitrogen regulatory protein PII	0.7241	0.6961	0.0650	5	5	1	5/5	0.7172	0.6754	0.6961	0.8508	0.6812
COG0348	C	Polyferredoxin NapH	0.7088	0.8348	0.2878	3	5	1	3/5	0.4510	0.8348	0.2867	0.9983	0.9730
COG0349	J	Ribonuclease D	0.0013	0.0005	0.0011	0	5	0	0/5	0.0022	0.0005	0.0030	0.0002	0.0005
COG0350	L	DNA repair enzyme Ada (O6-methylguanine-DNA--protein-cysteine methyltransferase)	0.9672	0.9730	0.0293	5	5	1	5/5	0.9168	0.9730	0.9556	0.9979	0.9928
COG0351	H	Hydroxymethylpyrimidine/phosphomethylpyrimidine kinase	0.9759	0.9834	0.0218	5	5	1	5/5	0.9603	0.9834	0.9417	0.9993	0.9949
COG0352	H	Thiamine monophosphate synthase	0.2097	0.2020	0.1438	0	5	0	0/5	0.2023	0.0762	0.0913	0.4769	0.2020
COG0353	L	Recombinational DNA repair protein RecR	0.0001	0.0000	0.0001	0	5	0	0/5	0.0002	0.0000	0.0003	0.0000	0.0000
COG0354	O	Folate-binding protein YgfZ, synthesis and repair of Fe-S clusters	0.0011	0.0008	0.0006	0	5	0	0/5	0.0014	0.0006	0.0021	0.0005	0.0008
COG0355	C	FoF1-type ATP synthase, epsilon subunit	0.0018	0.0009	0.0017	0	5	0	0/5	0.0033	0.0002	0.0043	0.0009	0.0002
COG0356	C	FoF1-type ATP synthase, membrane subunit a	0.0012	0.0007	0.0011	0	5	0	0/5	0.0027	0.0003	0.0024	0.0007	0.0001
COG0357	J	16S rRNA G527 N7-methylase RsmG (former glucose-inhibited division protein B)	0.0013	0.0002	0.0014	0	5	0	0/5	0.0031	0.0001	0.0029	0.0002	0.0001
COG0358	L	DNA primase (bacterial type)	0.9978	0.9993	0.0022	5	5	1	5/5	0.9953	0.9993	0.9950	0.9999	0.9997
COG0359	J	Ribosomal protein L9	0.0003	0.0000	0.0003	0	5	0	0/5	0.0006	0.0000	0.0008	0.0000	0.0000
COG0360	J	Ribosomal protein S6	0.0005	0.0000	0.0006	0	5	0	0/5	0.0011	0.0000	0.0013	0.0000	0.0000
COG0361	J	Translation initiation factor IF-1	0.9937	0.9981	0.0067	5	5	1	5/5	0.9861	0.9981	0.9850	0.9998	0.9996
COG0362	G	6-phosphogluconate dehydrogenase	0.0083	0.0085	0.0032	0	5	0	0/5	0.0085	0.0027	0.0119	0.0108	0.0074
COG0363	G	6-phosphogluconolactonase/Glucosamine-6-phosphate isomerase/deaminase	0.0031	0.0001	0.0040	0	5	0	0/5	0.0054	0.0001	0.0101	0.0000	0.0001
COG0364	G	Glucose-6-phosphate 1-dehydrogenase	0.0015	0.0013	0.0013	0	5	0	0/5	0.0013	0.0001	0.0024	0.0034	0.0001
COG0365	I	Acyl-coenzyme A synthetase/AMP-(fatty) acid ligase	0.9049	0.8746	0.0493	5	5	1	5/5	0.8548	0.8684	0.8746	0.9801	0.9466
COG0366	G	Glycosidase/amylase (phosphorylase)	0.2027	0.1171	0.1617	1	5	0	1/5	0.0679	0.0824	0.1171	0.5009	0.2452
COG0367	E	Asparagine synthetase B (glutamine-hydrolyzing)	0.9149	0.9217	0.0291	5	5	1	5/5	0.9328	0.8687	0.8982	0.9532	0.9217
COG0368	H	Cobalamin synthase CobS (adenosylcobinamide-GDP ribazoletransferase)	0.9213	0.9764	0.1312	5	5	1	5/5	0.9764	0.9762	0.6595	0.9998	0.9944
COG0369	FP	Flavoprotein (flavin reductase) subunit CysJ of sulfite and N-hydroxylaminopurine reductases	0.4344	0.3465	0.1580	2	5	0	2/5	0.5020	0.2879	0.3465	0.7142	0.3214
COG0370	P	Fe2+ transporter FeoB	0.9981	0.9998	0.0028	5	5	1	5/5	0.9981	0.9998	0.9926	1.0000	0.9999
COG0371	C	Glycerol dehydrogenase or related enzyme, iron-containing ADH family	0.9973	0.9993	0.0028	5	5	1	5/5	0.9941	0.9993	0.9937	0.9998	0.9997
COG0372	C	Citrate synthase	0.3657	0.2117	0.2426	2	5	0	2/5	0.2117	0.1619	0.1641	0.7715	0.5195
COG0373	H	Glutamyl-tRNA reductase	0.9262	0.9772	0.0761	5	5	1	5/5	0.8427	0.9869	0.8247	0.9995	0.9772
COG0374	C	Ni,Fe-hydrogenase I large subunit	0.8774	0.9934	0.1537	5	5	1	5/5	0.7842	0.9934	0.6170	0.9988	0.9934
COG0375	O	Hydrogenase maturation factor HypA/HybF, metallochaperone involved in Ni insertion	0.9737	0.9989	0.0453	5	5	1	5/5	0.9863	0.9989	0.8838	0.9999	0.9998
COG0376	P	Catalase (peroxidase I)	0.0919	0.0263	0.1135	0	5	0	0/5	0.0253	0.0166	0.0263	0.3149	0.0766
COG0377	C	NADH:ubiquinone oxidoreductase 20 kD subunit (chain B) or related Fe-S oxidoreductase	0.7735	0.7766	0.2017	4	5	1	4/5	0.7766	0.6221	0.4832	0.9996	0.9858
COG0378	O	Hydrogenase/urease maturation factor HypB, Ni2+-binding GTPase	0.8276	0.9074	0.1927	4	5	1	4/5	0.8382	0.9074	0.4552	0.9893	0.9477
COG0379	H	Quinolinate synthase	0.9357	0.9494	0.0310	5	5	1	5/5	0.9494	0.9207	0.8821	0.9646	0.9616
COG0380	G	Trehalose-6-phosphate synthase, GT20 family	0.3959	0.2251	0.3297	2	5	0	2/5	0.1003	0.2251	0.1398	0.9813	0.5328
COG0381	M	UDP-N-acetylglucosamine 2-epimerase	0.8931	0.9486	0.0969	5	5	1	5/5	0.8333	0.9486	0.7311	0.9869	0.9654
COG0382	H	4-hydroxybenzoate polyprenyltransferase	0.9978	0.9999	0.0038	5	5	1	5/5	0.9992	0.9999	0.9902	1.0000	0.9999
COG0383	G	Alpha-mannosidase	0.5348	0.6955	0.3492	3	5	1	3/5	0.1179	0.6955	0.1153	0.9269	0.8185
COG0384	R	Predicted epimerase YddE/YHI9, PhzF superfamily	0.2936	0.1298	0.2630	2	5	0	2/5	0.0857	0.1298	0.0394	0.6939	0.5191
COG0385	R	Predicted Na+-dependent transporter YfeH	0.1182	0.0725	0.1110	0	5	0	0/5	0.0725	0.0890	0.0473	0.3378	0.0444
COG0386	VI	Thioredoxin/glutathione peroxidase BtuE, reduces lipid peroxides	0.0001	0.0000	0.0001	0	5	0	0/5	0.0002	0.0000	0.0002	0.0000	0.0000
COG0387	P	Cation (Ca2+/Na+/K+)/H+ antiporter ChaA	0.0143	0.0102	0.0071	0	5	0	0/5	0.0102	0.0065	0.0203	0.0251	0.0094
COG0388	C	Omega-amidase YafV/Nit2, hydrolyzes alpha-ketoglutaramate	0.9621	0.9724	0.0358	5	5	1	5/5	0.9724	0.9359	0.9066	0.9994	0.9960
COG0389	L	Nucleotidyltransferase/DNA polymerase DinP involved in DNA repair	0.1346	0.1555	0.0706	0	5	0	0/5	0.0793	0.0333	0.1715	0.2335	0.1555
COG0390	P	ABC-type iron transport system FetAB, permease component	0.2697	0.1024	0.2868	1	5	0	1/5	0.0589	0.1024	0.0338	0.7943	0.3590
COG0391	GH	Archaeal 2-phospho-L-lactate transferase/Bacterial gluconeogenesis factor, CofD/UPF0052 family	0.8247	0.9214	0.2007	4	5	1	4/5	0.7987	0.9214	0.4457	0.9861	0.9718
COG0392	M	Predicted membrane flippase AglD2/YbhN, UPF0104 family	0.9925	0.9972	0.0075	5	5	1	5/5	0.9871	0.9984	0.9805	0.9994	0.9972
COG0393	S	Uncharacterized pentameric protein YbjQ, UPF0145 family	0.6618	0.7408	0.2720	3	5	1	3/5	0.3715	0.7408	0.3143	0.9754	0.9072
COG0394	T	Protein-tyrosine-phosphatase	0.5864	0.5538	0.1795	3	5	1	3/5	0.3989	0.4021	0.5538	0.8559	0.7213
COG0395	G	ABC-type glycerol-3-phosphate transport system, permease component	0.1735	0.1257	0.1393	0	5	0	0/5	0.1257	0.0182	0.0571	0.3882	0.2784
COG0396	O	Fe-S cluster assembly ATPase SufC	0.9820	0.9980	0.0207	5	5	1	5/5	0.9604	0.9980	0.9532	0.9998	0.9984
COG0397	O	Protein adenylyltransferase (AMPylase) SelO/YdiU (selenoprotein O)	0.0006	0.0002	0.0006	0	5	0	0/5	0.0015	0.0000	0.0012	0.0002	0.0001
COG0398	S	Uncharacterized membrane protein YdjX, related to fungal oxalate transporter, TVP38/TMEM64 family	0.0416	0.0103	0.0624	0	5	0	0/5	0.0216	0.0024	0.0103	0.1658	0.0079
COG0399	M	dTDP-4-amino-4,6-dideoxygalactose transaminase	0.9113	0.9490	0.0838	5	5	1	5/5	0.9490	0.8582	0.7733	0.9945	0.9815
COG0400	R	Predicted esterase	0.0008	0.0003	0.0009	0	5	0	0/5	0.0013	0.0003	0.0025	0.0001	0.0000
COG0401	C	Membrane potential modulator PMP3/YqaE, plasma membrane proteolipid 3 (PMP3)/Esi3/RCI2/UPF0057 family	0.0049	0.0016	0.0062	0	5	0	0/5	0.0014	0.0016	0.0011	0.0172	0.0031
COG0402	FR	Cytosine/adenosine deaminase or related metal-dependent hydrolase	0.9956	0.9989	0.0047	5	5	1	5/5	0.9905	0.9989	0.9893	0.9999	0.9994
COG0403	E	Glycine cleavage system protein P (pyridoxal-binding), N-terminal domain	0.5384	0.6489	0.1862	3	5	1	3/5	0.4139	0.2363	0.6489	0.7438	0.6492
COG0404	E	Glycine cleavage system protein T (aminomethyltransferase)	0.3519	0.3577	0.1404	1	5	0	1/5	0.3589	0.1300	0.5735	0.3577	0.3394
COG0405	E	Gamma-glutamyltranspeptidase	0.1618	0.0296	0.1969	1	5	0	1/5	0.0203	0.0296	0.0254	0.5307	0.2032
COG0406	G	Broad specificity phosphatase PhoE	0.0482	0.0283	0.0565	0	5	0	0/5	0.0311	0.0022	0.0283	0.1595	0.0201
COG0407	H	Uroporphyrinogen-III decarboxylase HemE	0.8330	0.8004	0.0688	5	5	1	5/5	0.8004	0.7608	0.7875	0.9529	0.8636
COG0408	H	Coproporphyrinogen-III oxidase HemH, oxygen-dependent	0.0009	0.0005	0.0008	0	5	0	0/5	0.0015	0.0005	0.0023	0.0002	0.0002
COG0409	O	Hydrogenase maturation factor HypD	0.9862	0.9977	0.0180	5	5	1	5/5	0.9805	0.9977	0.9531	0.9998	0.9997
COG0410	E	ABC-type branched-chain amino acid transport system, ATPase component LivF	0.8080	0.9379	0.2149	4	5	1	4/5	0.4515	0.9379	0.6680	0.9977	0.9848
COG0411	E	ABC-type branched-chain amino acid transport system, ATPase component LivG	0.8137	0.9646	0.2237	4	5	1	4/5	0.4361	0.9646	0.6767	0.9987	0.9922
COG0412	Q	Dienelactone hydrolase	0.1101	0.0684	0.1109	0	5	0	0/5	0.0297	0.0808	0.0425	0.3289	0.0684
COG0413	H	Ketopantoate hydroxymethyltransferase	0.2314	0.2897	0.1097	0	5	0	0/5	0.3332	0.0259	0.2939	0.2141	0.2897
COG0414	H	Panthothenate synthetase	0.0011	0.0004	0.0011	0	5	0	0/5	0.0020	0.0001	0.0028	0.0004	0.0003
COG0415	L	Deoxyribodipyrimidine photolyase	0.1679	0.1464	0.0764	0	5	0	0/5	0.0863	0.1464	0.2097	0.2945	0.1027
COG0416	I	Acyl-ACP:phosphate acyltransferase (fatty acid/phospholipid biosynthesis)	0.0007	0.0001	0.0009	0	5	0	0/5	0.0014	0.0001	0.0022	0.0000	0.0000
COG0417	L	DNA polymerase B elongation subunit	0.9988	0.9999	0.0015	5	5	1	5/5	0.9974	0.9999	0.9966	1.0000	1.0000
COG0418	F	Dihydroorotase	0.0011	0.0009	0.0003	0	5	0	0/5	0.0009	0.0009	0.0008	0.0017	0.0011
COG0419	L	DNA repair exonuclease SbcCD ATPase subunit	0.9885	0.9965	0.0139	5	5	1	5/5	0.9859	0.9965	0.9625	0.9999	0.9976
COG0420	L	DNA repair exonuclease SbcCD nuclease subunit	0.9885	0.9940	0.0147	5	5	1	5/5	0.9940	0.9918	0.9596	0.9998	0.9974
COG0421	E	Spermidine synthase (polyamine aminopropyltransferase)	0.7914	0.8263	0.1883	5	5	1	5/5	0.6392	0.8263	0.5162	0.9975	0.9776
COG0422	H	4-amino-2-methyl-5-hydroxymethylpyrimidine (HMP) synthase ThiC	0.9907	0.9973	0.0113	5	5	1	5/5	0.9904	0.9973	0.9690	0.9990	0.9978
COG0423	J	Glycyl-tRNA synthetase, class II	0.9931	0.9999	0.0092	5	5	1	5/5	0.9887	0.9999	0.9768	1.0000	1.0000
COG0424	Q	7-methyl-GTP pyrophosphatase and related NTP pyrophosphatases, Maf/HAM1 superfamily	0.1223	0.0959	0.0561	0	5	0	0/5	0.1720	0.0959	0.0546	0.2037	0.0853
COG0425	JHO	Sulfur carrier protein TusA (tRNA thiolation, molybdenum cofactor biosynthesis)	0.9266	0.9698	0.0796	5	5	1	5/5	0.8632	0.9698	0.8026	0.9998	0.9975
COG0426	C	Flavorubredoxin	0.9841	0.9993	0.0241	5	5	1	5/5	0.9837	0.9993	0.9375	1.0000	0.9998
COG0427	C	Propionyl CoA:succinate CoA transferase	0.3276	0.2157	0.2992	1	5	0	1/5	0.0744	0.2157	0.0793	0.8805	0.3883
COG0428	P	Zinc transporter ZupT	0.8891	0.8737	0.0505	5	5	1	5/5	0.8586	0.8737	0.8191	0.9487	0.9452
COG0429	R	Predicted hydrolase of the alpha/beta-hydrolase fold	0.0032	0.0009	0.0045	0	5	0	0/5	0.0008	0.0007	0.0009	0.0121	0.0013
COG0430	A	RNA 3'-terminal phosphate cyclase	0.9983	0.9997	0.0019	5	5	1	5/5	0.9956	0.9997	0.9965	0.9999	0.9999
COG0431	C	NAD(P)H-dependent FMN reductase	0.0378	0.0216	0.0448	0	5	0	0/5	0.0216	0.0060	0.0219	0.1267	0.0129
COG0432	H	Thiamin phosphate synthase YjbQ, UPF0047 family	0.9972	0.9995	0.0036	5	5	1	5/5	0.9956	0.9995	0.9908	1.0000	1.0000
COG0433	L	Archaeal DNA helicase HerA or a related bacterial ATPase, contains HAS-barrel and ATPase domains	0.9942	0.9987	0.0064	5	5	1	5/5	0.9911	0.9987	0.9829	0.9996	0.9988
COG0434	M	Membrane biogenesis protein, BtpA/SgcQ family	0.6511	0.7448	0.3438	3	5	1	3/5	0.4720	0.7448	0.0755	0.9878	0.9756
COG0435	C	Glutathionyl-hydroquinone reductase	0.0154	0.0037	0.0245	0	5	0	0/5	0.0046	0.0012	0.0032	0.0643	0.0037
COG0436	E	Aspartate/methionine/tyrosine aminotransferase	0.9999	0.9999	0.0001	5	5	1	5/5	0.9999	0.9999	0.9998	1.0000	1.0000
COG0437	C	Fe-S-cluster-containing dehydrogenase component (DMSO reductase)	0.9509	0.9945	0.0742	5	5	1	5/5	0.9552	0.9945	0.8062	1.0000	0.9988
COG0438	M	Glycosyltransferase involved in cell wall bisynthesis	0.9956	0.9981	0.0049	5	5	1	5/5	0.9863	0.9981	0.9952	0.9997	0.9986
COG0439	I	Biotin carboxylase	0.6359	0.7657	0.2421	3	5	1	3/5	0.2989	0.8283	0.3928	0.8939	0.7657
COG0440	E	Acetolactate synthase, small subunit	0.9763	0.9775	0.0184	5	5	1	5/5	0.9587	0.9524	0.9775	0.9978	0.9952
COG0441	J	Threonyl-tRNA synthetase	0.9933	0.9992	0.0079	5	5	1	5/5	0.9862	0.9992	0.9814	1.0000	0.9998
COG0442	J	Prolyl-tRNA synthetase	0.0136	0.0008	0.0170	0	5	0	0/5	0.0250	0.0008	0.0418	0.0001	0.0004
COG0443	O	Molecular chaperone DnaK (HSP70)	0.1260	0.1295	0.0738	0	5	0	0/5	0.1295	0.0119	0.1922	0.2148	0.0817
COG0444	EP	ABC-type dipeptide/oligopeptide/nickel transport system, ATPase component	0.8735	0.9433	0.1281	5	5	1	5/5	0.9433	0.6703	0.7771	0.9988	0.9780
COG0445	J	tRNA U34 5-carboxymethylaminomethyl modifying enzyme MnmG/GidA	0.0004	0.0000	0.0004	0	5	0	0/5	0.0009	0.0000	0.0009	0.0000	0.0000
COG0446	I	NADPH-dependent 2,4-dienoyl-CoA reductase, sulfur reductase, or a related oxidoreductase	0.9909	0.9977	0.0106	5	5	1	5/5	0.9735	0.9977	0.9837	1.0000	0.9998
COG0447	H	1,4-Dihydroxy-2-naphthoyl-CoA synthase	0.0818	0.0389	0.1063	0	5	0	0/5	0.0389	0.0040	0.0087	0.2893	0.0681
COG0448	G	Glucose-1-phosphate adenylyltransferase (ADP-glucose pyrophosphorylase)	0.9119	0.9556	0.1034	5	5	1	5/5	0.9075	0.9556	0.7147	0.9988	0.9830
COG0449	M	Glucosamine 6-phosphate synthetase, contains amidotransferase and phosphosugar isomerase domains	0.9941	0.9958	0.0058	5	5	1	5/5	0.9917	0.9958	0.9839	0.9998	0.9991
COG0450	V	Alkyl hydroperoxide reductase subunit AhpC (peroxiredoxin)	0.8426	0.9018	0.1475	5	5	1	5/5	0.7131	0.9018	0.6256	0.9967	0.9756
COG0451	M	Nucleoside-diphosphate-sugar epimerase	0.9928	0.9935	0.0054	5	5	1	5/5	0.9935	0.9933	0.9830	0.9994	0.9947
COG0452	H	Phosphopantothenoylcysteine synthetase/decarboxylase CoaBC	0.9811	0.9887	0.0210	5	5	1	5/5	0.9887	0.9814	0.9409	0.9984	0.9961
COG0454	KR	N-acetyltransferase, GNAT superfamily (includes histone acetyltransferase HPA2)	0.9330	0.9401	0.0518	5	5	1	5/5	0.8412	0.9218	0.9401	0.9922	0.9695
COG0455	DN	MinD-like ATPase FlhG/YlxH, activator of the FlhF-type GTPase	0.8088	0.9286	0.2223	4	5	1	4/5	0.8110	0.9286	0.3787	0.9739	0.9518
COG0456	J	Ribosomal protein S18 acetylase RimI and related acetyltransferases	0.9960	1.0000	0.0077	5	5	1	5/5	0.9992	1.0000	0.9806	1.0000	1.0000
COG0457	R	Tetratricopeptide (TPR) repeat	0.8462	0.8400	0.0858	5	5	1	5/5	0.7217	0.8400	0.8042	0.9804	0.8846
COG0458	EF	Carbamoylphosphate synthase large subunit	0.9567	0.9583	0.0278	5	5	1	5/5	0.9436	0.9130	0.9583	0.9957	0.9727
COG0459	O	Chaperonin GroEL (HSP60 family)	0.9998	1.0000	0.0003	5	5	1	5/5	0.9994	1.0000	0.9994	1.0000	1.0000
COG0460	E	Homoserine dehydrogenase	0.9907	0.9934	0.0086	5	5	1	5/5	0.9847	0.9934	0.9772	0.9997	0.9987
COG0461	F	Orotate phosphoribosyltransferase	0.9947	0.9952	0.0041	5	5	1	5/5	0.9882	0.9925	0.9952	0.9997	0.9979
COG0462	F	Phosphoribosylpyrophosphate synthetase	0.9950	0.9982	0.0069	5	5	1	5/5	0.9814	0.9982	0.9966	0.9996	0.9994
COG0463	M	Glycosyltransferase involved in cell wall bisynthesis	0.9926	0.9957	0.0057	5	5	1	5/5	0.9830	0.9969	0.9894	0.9980	0.9957
COG0464	MDT	AAA+-type ATPase, SpoVK/Ycf46/Vps4 family	0.9992	1.0000	0.0013	5	5	1	5/5	0.9991	1.0000	0.9967	1.0000	1.0000
COG0465	O	ATP-dependent Zn proteases	0.0009	0.0000	0.0011	0	5	0	0/5	0.0021	0.0000	0.0024	0.0000	0.0000
COG0466	O	ATP-dependent Lon protease, bacterial type	0.8025	0.8477	0.1117	5	5	1	5/5	0.8477	0.8506	0.6877	0.9625	0.6638
COG0467	T	RecA-superfamily ATPase, KaiC/GvpD/RAD55 family	0.9949	0.9998	0.0074	5	5	1	5/5	0.9807	0.9998	0.9942	1.0000	0.9999
COG0468	L	RecA/RadA recombinase	0.9998	1.0000	0.0003	5	5	1	5/5	0.9992	1.0000	0.9996	1.0000	1.0000
COG0469	G	Pyruvate kinase	0.9973	0.9974	0.0020	5	5	1	5/5	0.9954	0.9974	0.9949	0.9996	0.9994
COG0470	L	DNA polymerase III, delta prime subunit	0.9985	0.9996	0.0016	5	5	1	5/5	0.9955	0.9996	0.9981	0.9997	0.9997
COG0471	G	Di- and tricarboxylate antiporter	0.2834	0.1802	0.2012	1	5	0	1/5	0.3844	0.1186	0.1020	0.6319	0.1802
COG0472	M	UDP-N-acetylmuramyl pentapeptide phosphotransferase/UDP-N-acetylglucosamine-1-phosphate transferase	0.8852	0.8777	0.0527	5	5	1	5/5	0.8238	0.9584	0.8346	0.8777	0.9314
COG0473	CE	Isocitrate/isopropylmalate dehydrogenase	0.9880	0.9901	0.0112	5	5	1	5/5	0.9901	0.9683	0.9848	0.9995	0.9975
COG0474	P	Magnesium-transporting ATPase (P-type)	0.8319	0.9193	0.1539	5	5	1	5/5	0.6439	0.9193	0.6466	0.9867	0.9628
COG0475	P	Kef-type K+ transport system, membrane component KefB	0.9356	0.9444	0.0334	5	5	1	5/5	0.9174	0.9609	0.8808	0.9747	0.9444
COG0476	H	Molybdopterin or thiamine biosynthesis adenylyltransferase	0.9875	0.9849	0.0093	5	5	1	5/5	0.9849	0.9751	0.9810	0.9993	0.9972
COG0477	GEPR	MFS family permease, includes anhydromuropeptide permease AmpG	0.9982	0.9997	0.0026	5	5	1	5/5	0.9933	0.9997	0.9978	1.0000	1.0000
COG0478	T	RIO-like serine/threonine protein kinase fused to N-terminal HTH domain	0.9274	0.9960	0.1094	5	5	1	5/5	0.9265	0.9960	0.7157	0.9997	0.9991
COG0479	C	Succinate dehydrogenase/fumarate reductase, Fe-S protein subunit	0.5853	0.5271	0.2556	3	5	1	3/5	0.3571	0.2962	0.5271	0.9776	0.7686
COG0480	J	Translation elongation factor EF-G, a GTPase	0.9976	0.9996	0.0028	5	5	1	5/5	0.9954	0.9996	0.9932	1.0000	0.9999
COG0481	J	Translation elongation factor EF-4, membrane-bound GTPase	0.0001	0.0000	0.0001	0	5	0	0/5	0.0001	0.0000	0.0002	0.0000	0.0000
COG0482	J	tRNA U34 2-thiouridine synthase MnmA/TrmU, contains the PP-loop ATPase domain	0.0003	0.0000	0.0003	0	5	0	0/5	0.0007	0.0000	0.0007	0.0000	0.0000
COG0483	G	Archaeal fructose-1,6-bisphosphatase or related enzyme, inositol monophosphatase family	0.9741	0.9750	0.0165	5	5	1	5/5	0.9677	0.9750	0.9464	0.9909	0.9907
COG0484	O	DnaJ-class molecular chaperone with C-terminal Zn finger domain	0.1364	0.1173	0.0909	0	5	0	0/5	0.1173	0.0133	0.1588	0.2916	0.1012
COG0486	J	tRNA U34 5-carboxymethylaminomethyl modifying GTPase MnmE/TrmE	0.0021	0.0000	0.0034	0	5	0	0/5	0.0088	0.0000	0.0019	0.0000	0.0000
COG0488	R	ATPase components of ABC transporters with duplicated ATPase domains	0.0088	0.0000	0.0126	0	5	0	0/5	0.0116	0.0000	0.0323	0.0000	0.0000
COG0489	D	Fe-S cluster carrier ATPase, Mrp/ApbC/NBP35 family	0.9774	0.9749	0.0178	5	5	1	5/5	0.9622	0.9749	0.9545	0.9987	0.9965
COG0490	PT	K+/H+ antiporter KhtSTU, c-di-AMP-binding regulatory subunit KhtT, contains RCK_C (TrkA_C) domain	0.4661	0.3960	0.2951	2	5	0	2/5	0.1158	0.7365	0.2068	0.8753	0.3960
COG0491	R	Glyoxylase or a related metal-dependent hydrolase, beta-lactamase superfamily II	0.9943	0.9948	0.0047	5	5	1	5/5	0.9897	0.9948	0.9883	0.9999	0.9988
COG0492	O	Thioredoxin reductase	0.9816	0.9816	0.0186	5	5	1	5/5	0.9816	0.9813	0.9478	0.9994	0.9980
COG0493	ER	NADPH-dependent glutamate synthase beta chain or related oxidoreductase	0.8890	0.8549	0.0516	5	5	1	5/5	0.8549	0.8449	0.8414	0.9547	0.9492
COG0494	V	8-oxo-dGTP pyrophosphatase MutT and related house-cleaning NTP pyrophosphohydrolases, NUDIX family	0.4997	0.3685	0.2026	2	5	0	2/5	0.3167	0.3685	0.3467	0.8383	0.6284
COG0495	J	Leucyl-tRNA synthetase	0.9906	0.9987	0.0110	5	5	1	5/5	0.9729	0.9987	0.9826	0.9996	0.9994
COG0496	L	Broad specificity polyphosphatase and 5'/3'-nucleotidase SurE	0.8175	0.9708	0.2881	4	5	1	4/5	0.8815	0.9708	0.2473	0.9995	0.9886
COG0497	L	DNA repair ATPase RecN	0.0028	0.0027	0.0022	0	5	0	0/5	0.0038	0.0005	0.0027	0.0065	0.0005
COG0498	E	Threonine synthase	0.9987	0.9997	0.0017	5	5	1	5/5	0.9981	0.9997	0.9956	1.0000	1.0000
COG0499	H	S-adenosylhomocysteine hydrolase	0.9989	0.9997	0.0015	5	5	1	5/5	0.9989	0.9997	0.9961	1.0000	1.0000
COG0500	QR	SAM-dependent methyltransferase	0.9996	0.9999	0.0005	5	5	1	5/5	0.9991	0.9999	0.9990	1.0000	1.0000
COG0501	O	Zn-dependent protease with chaperone function	0.3011	0.2699	0.0972	0	5	0	0/5	0.4145	0.1591	0.2699	0.4067	0.2555
COG0502	H	Biotin synthase or related enzyme	0.2097	0.2145	0.1211	0	5	0	0/5	0.4186	0.1409	0.2145	0.2224	0.0522
COG0503	F	Adenine/guanine phosphoribosyltransferase or related PRPP-binding protein	0.8907	0.9343	0.0810	5	5	1	5/5	0.7833	0.8024	0.9343	0.9708	0.9625
COG0504	F	CTP synthase (UTP-ammonia lyase)	0.9976	0.9972	0.0020	5	5	1	5/5	0.9969	0.9972	0.9945	0.9999	0.9995
COG0505	EF	Carbamoylphosphate synthase small subunit	0.9368	0.9453	0.0436	5	5	1	5/5	0.9453	0.8826	0.8911	0.9939	0.9709
COG0506	E	Proline dehydrogenase	0.0681	0.0254	0.0901	0	5	0	0/5	0.0254	0.0026	0.0094	0.2440	0.0592
COG0507	L	ATPase/5-3 helicase helicase subunit RecD of the DNA repair enzyme RecBCD (exonuclease V)	0.0141	0.0072	0.0143	0	5	0	0/5	0.0347	0.0005	0.0276	0.0072	0.0003
COG0508	C	Pyruvate/2-oxoglutarate dehydrogenase complex, dihydrolipoamide acyltransferase (E2) component	0.1055	0.0978	0.0642	0	5	0	0/5	0.0538	0.0204	0.1685	0.1872	0.0978
COG0509	E	Glycine cleavage system protein H (lipoate-binding)	0.8930	0.8998	0.0891	5	5	1	5/5	0.8255	0.7630	0.8998	0.9918	0.9848
COG0510	H	Thiamine kinase or a related kinase	0.0012	0.0003	0.0013	0	5	0	0/5	0.0031	0.0001	0.0023	0.0003	0.0001
COG0511	I	Biotin carboxyl carrier protein	0.2478	0.1903	0.1702	1	5	0	1/5	0.0857	0.1903	0.0768	0.5126	0.3738
COG0512	EH	Anthranilate/para-aminobenzoate synthase component II (glutamine amidotransferase)	0.7792	0.8957	0.2429	4	5	1	4/5	0.8957	0.3656	0.6461	0.9995	0.9892
COG0513	L	Superfamily II DNA and RNA helicase	0.9208	0.9271	0.0340	5	5	1	5/5	0.9159	0.8628	0.9299	0.9684	0.9271
COG0514	L	Superfamily II DNA helicase RecQ	0.0730	0.0730	0.0480	0	5	0	0/5	0.0730	0.0808	0.0400	0.1565	0.0148
COG0515	T	Serine/threonine protein kinase	0.2523	0.2094	0.1887	1	5	0	1/5	0.2094	0.0727	0.1324	0.6118	0.2353
COG0516	F	IMP dehydrogenase/GMP reductase	0.6789	0.6427	0.1512	5	5	1	5/5	0.5480	0.5220	0.6427	0.9376	0.7443
COG0517	T	CBS domain	0.9988	0.9998	0.0016	5	5	1	5/5	0.9957	0.9998	0.9985	1.0000	0.9999
COG0518	F	GMP synthase, glutamine amidotransferase domain	0.9549	0.9771	0.0509	5	5	1	5/5	0.8553	0.9771	0.9633	0.9959	0.9827
COG0519	F	GMP synthase, PP-ATPase domain/subunit	0.9706	0.9920	0.0459	5	5	1	5/5	0.9920	0.9816	0.8797	0.9999	0.9996
COG0520	E	Selenocysteine lyase/Cysteine desulfurase	0.8247	0.8027	0.0610	5	5	1	5/5	0.9137	0.7484	0.8760	0.7829	0.8027
COG0521	H	Molybdopterin biosynthesis enzyme MoaB/MogA	0.9948	0.9988	0.0063	5	5	1	5/5	0.9916	0.9988	0.9839	1.0000	0.9999
COG0522	J	Ribosomal protein S4 or related protein	0.9954	0.9988	0.0049	5	5	1	5/5	0.9879	0.9988	0.9911	0.9996	0.9996
COG0523	R	Zinc metallochaperone YeiR/ZagA and related GTPases, G3E family	0.0628	0.0252	0.0582	0	5	0	0/5	0.1211	0.0171	0.1451	0.0252	0.0057
COG0524	G	Sugar or nucleoside kinase, ribokinase family	0.9729	0.9822	0.0258	5	5	1	5/5	0.9432	0.9822	0.9412	0.9990	0.9988
COG0525	J	Valyl-tRNA synthetase	0.9389	0.9227	0.0338	5	5	1	5/5	0.9127	0.9227	0.9004	0.9814	0.9775
COG0526	O	Thiol-disulfide isomerase or thioredoxin	0.9965	0.9991	0.0037	5	5	1	5/5	0.9938	0.9991	0.9906	1.0000	0.9992
COG0527	E	Aspartate kinase	0.9900	0.9902	0.0050	5	5	1	5/5	0.9861	0.9847	0.9902	0.9989	0.9902
COG0528	F	Uridylate kinase	0.9872	0.9975	0.0201	5	5	1	5/5	0.9913	0.9975	0.9474	0.9999	0.9997
COG0529	P	Adenylylsulfate kinase or related kinase	0.7984	0.8483	0.1174	5	5	1	5/5	0.5701	0.8103	0.8930	0.8483	0.8705
COG0530	P	Ca2+/Na+ antiporter	0.9569	0.9647	0.0326	5	5	1	5/5	0.9481	0.9647	0.8995	0.9957	0.9763
COG0531	E	Serine transporter YbeC, amino acid:H+ symporter family	0.8083	0.7943	0.1369	5	5	1	5/5	0.7908	0.7943	0.5730	0.9756	0.9076
COG0532	J	Translation initiation factor IF-2, a GTPase	0.9949	0.9995	0.0059	5	5	1	5/5	0.9876	0.9995	0.9879	0.9997	0.9999
COG0533	J	tRNA A37 threonylcarbamoyltransferase TsaD	0.9928	0.9980	0.0122	5	5	1	5/5	0.9978	0.9980	0.9685	1.0000	0.9999
COG0534	V	Na+-driven multidrug efflux pump, DinF/NorM/MATE family	0.2575	0.2431	0.1154	0	5	0	0/5	0.3825	0.1226	0.1426	0.3968	0.2431
COG0535	DH	Radical SAM superfamily maturase, SkfB/NifB/PqqE family	0.9993	0.9999	0.0012	5	5	1	5/5	0.9995	0.9999	0.9969	1.0000	1.0000
COG0536	DL	GTPase involved in cell partioning and DNA repair	0.0001	0.0000	0.0001	0	5	0	0/5	0.0003	0.0000	0.0003	0.0000	0.0000
COG0537	FR	Purine nucleoside phosphoramidase/Ap4A hydrolase, histidine triade (HIT) family	0.8172	0.8698	0.2171	4	5	1	4/5	0.8209	0.8698	0.4053	0.9993	0.9908
COG0538	C	Isocitrate dehydrogenase	0.2267	0.2215	0.0499	0	5	0	0/5	0.2083	0.2215	0.1457	0.2841	0.2740
COG0539	J	Ribosomal protein S1	0.0004	0.0000	0.0005	0	5	0	0/5	0.0007	0.0000	0.0011	0.0000	0.0000
COG0540	F	Aspartate carbamoyltransferase, catalytic subunit	0.9986	0.9986	0.0010	5	5	1	5/5	0.9975	0.9974	0.9986	0.9998	0.9997
COG0541	U	Signal recognition particle GTPase	0.9961	0.9989	0.0037	5	5	1	5/5	0.9901	0.9989	0.9934	0.9989	0.9991
COG0542	O	ATP-dependent Clp protease, ATP-binding subunit ClpA	0.0083	0.0071	0.0062	0	5	0	0/5	0.0176	0.0036	0.0126	0.0071	0.0005
COG0543	HC	NAD(P)H-flavin reductase	0.9786	0.9823	0.0248	5	5	1	5/5	0.9823	0.9314	0.9817	0.9989	0.9989
COG0544	O	FKBP-type peptidyl-prolyl cis-trans isomerase (trigger factor)	0.0003	0.0000	0.0003	0	5	0	0/5	0.0006	0.0000	0.0007	0.0000	0.0000
COG0545	O	FKBP-type peptidyl-prolyl cis-trans isomerase	0.0003	0.0000	0.0004	0	5	0	0/5	0.0007	0.0000	0.0009	0.0000	0.0000
COG0546	C	Phosphoglycolate phosphatase, HAD superfamily	0.7306	0.7554	0.1300	5	5	1	5/5	0.9024	0.5352	0.7554	0.6399	0.8200
COG0547	E	Anthranilate phosphoribosyltransferase, glycosyltransferase domain	0.6785	0.8641	0.3140	3	5	1	3/5	0.8641	0.1704	0.4583	0.9967	0.9032
COG0548	E	N-acetylglutamate kinase	0.9649	0.9832	0.0444	5	5	1	5/5	0.9832	0.8772	0.9778	0.9992	0.9871
COG0549	E	Carbamate kinase	0.8795	0.9425	0.1100	5	5	1	5/5	0.7459	0.9425	0.7461	0.9868	0.9764
COG0550	L	DNA topoisomerase IA	0.9638	0.9971	0.0441	5	5	1	5/5	0.8922	0.9971	0.9320	0.9993	0.9984
COG0551	L	DNA topoisomerase I, ssDNA-binding Zn-finger and Zn-ribbon domains	0.0716	0.0909	0.0504	0	5	0	0/5	0.1068	0.0909	0.0153	0.1354	0.0095
COG0552	U	Signal recognition particle GTPase FtsY	0.9960	0.9993	0.0042	5	5	1	5/5	0.9924	0.9993	0.9895	0.9996	0.9993
COG0553	KL	Superfamily II DNA or RNA helicase, SNF2 family	0.7014	0.8025	0.2131	3	5	1	3/5	0.4413	0.8371	0.4576	0.9685	0.8025
COG0554	C	Glycerol kinase	0.1986	0.1016	0.1821	0	5	0	0/5	0.1016	0.0253	0.0365	0.4720	0.3575
COG0555	P	ABC-type sulfate transport system, permease component	0.9552	0.9494	0.0114	5	5	1	5/5	0.9494	0.9475	0.9434	0.9748	0.9608
COG0556	L	Excinuclease UvrABC helicase subunit UvrB	0.1279	0.0892	0.1013	0	5	0	0/5	0.0892	0.0398	0.0527	0.3182	0.1397
COG0557	K	Exoribonuclease R	0.0411	0.0148	0.0578	0	5	0	0/5	0.0170	0.0094	0.0148	0.1564	0.0077
COG0558	I	Phosphatidylglycerophosphate synthase	0.9770	0.9799	0.0161	5	5	1	5/5	0.9492	0.9799	0.9713	0.9904	0.9944
COG0559	E	Branched-chain amino acid ABC-type transport system, permease component	0.7945	0.9500	0.2392	4	5	1	4/5	0.3950	0.9500	0.6413	0.9986	0.9876
COG0560	E	Phosphoserine phosphatase	0.6920	0.7312	0.2374	4	5	1	4/5	0.9372	0.5269	0.9372	0.3277	0.7312
COG0561	HR	Hydroxymethylpyrimidine pyrophosphatase and other HAD family phosphatases	0.8141	0.8595	0.0885	5	5	1	5/5	0.8762	0.6930	0.7249	0.9170	0.8595
COG0562	M	UDP-galactopyranose mutase	0.0196	0.0095	0.0179	0	5	0	0/5	0.0074	0.0170	0.0095	0.0548	0.0095
COG0563	F	Adenylate kinase or related kinase	0.4968	0.5967	0.2368	3	5	0	3/5	0.7899	0.0995	0.3833	0.5967	0.6145
COG0564	J	Pseudouridine synthase RluA, 23S rRNA- or tRNA-specific	0.0002	0.0000	0.0002	0	5	0	0/5	0.0004	0.0000	0.0004	0.0000	0.0000
COG0565	J	tRNA C32,U32 (ribose-2'-O)-methylase TrmJ or a related methyltransferase	0.9673	0.9778	0.0304	5	5	1	5/5	0.9778	0.9778	0.9077	0.9938	0.9796
COG0566	J	tRNA G18 (ribose-2'-O)-methylase SpoU	0.0002	0.0000	0.0003	0	5	0	0/5	0.0005	0.0000	0.0007	0.0000	0.0000
COG0567	C	2-oxoglutarate dehydrogenase complex, dehydrogenase (E1) component, and related enzymes	0.0001	0.0001	0.0001	0	5	0	0/5	0.0001	0.0000	0.0001	0.0003	0.0001
COG0568	K	DNA-directed RNA polymerase, sigma subunit (sigma70/sigma32)	0.0036	0.0001	0.0044	0	5	0	0/5	0.0087	0.0001	0.0092	0.0000	0.0000
COG0569	PT	Trk/Ktr K+ transport system regulatory component TrkA/KtrA/KtrC, RCK domain	0.9194	0.9379	0.0309	5	5	1	5/5	0.9379	0.9446	0.8658	0.9453	0.9033
COG0571	K	dsRNA-specific ribonuclease	0.0346	0.0231	0.0269	0	5	0	0/5	0.0307	0.0872	0.0231	0.0186	0.0134
COG0572	F	Uridine kinase	0.0578	0.0290	0.0628	0	5	0	0/5	0.0337	0.0233	0.0200	0.1830	0.0290
COG0573	P	ABC-type phosphate transport system, permease component	0.9546	0.9509	0.0251	5	5	1	5/5	0.9421	0.9193	0.9509	0.9946	0.9662
COG0574	G	Phosphoenolpyruvate synthase/pyruvate phosphate dikinase	0.9953	0.9991	0.0053	5	5	1	5/5	0.9899	0.9991	0.9878	1.0000	0.9998
COG0575	I	CDP-diglyceride synthetase	0.9943	0.9992	0.0087	5	5	1	5/5	0.9961	0.9992	0.9771	0.9998	0.9992
COG0576	O	Molecular chaperone GrpE (heat shock protein HSP-70)	0.1456	0.1510	0.0787	0	5	0	0/5	0.1510	0.0041	0.1918	0.2394	0.1417
COG0577	V	ABC-type antimicrobial peptide transport system, permease component	0.9661	0.9741	0.0198	5	5	1	5/5	0.9467	0.9793	0.9393	0.9913	0.9741
COG0578	C	Glycerol-3-phosphate dehydrogenase	0.1414	0.0300	0.1589	0	5	0	0/5	0.0300	0.0143	0.0292	0.4255	0.2079
COG0579	G	L-2-hydroxyglutarate oxidase LhgO	0.3173	0.1783	0.2137	2	5	0	2/5	0.1783	0.1147	0.1403	0.5429	0.6103
COG0580	G	Glycerol uptake facilitator or related aquaporin (Major Intrinsic protein Family)	0.0411	0.0310	0.0310	0	5	0	0/5	0.0310	0.0118	0.0317	0.1012	0.0296
COG0581	P	ABC-type phosphate transport system, permease component	0.9915	0.9949	0.0076	5	5	1	5/5	0.9835	0.9949	0.9813	0.9998	0.9979
COG0582	LX	Integrase/recombinase, includes phage integrase	0.8976	0.8999	0.0480	5	5	1	5/5	0.8173	0.8999	0.8816	0.9590	0.9302
COG0583	K	DNA-binding transcriptional regulator, LysR family	0.0977	0.1187	0.0544	0	5	0	0/5	0.1663	0.0679	0.1269	0.1187	0.0088
COG0584	I	Glycerophosphoryl diester phosphodiesterase	0.4652	0.5084	0.1968	3	5	0	3/5	0.5084	0.2383	0.2548	0.7582	0.5661
COG0585	J	tRNA(Glu) U13 pseudouridine synthase TruD	0.9687	0.9959	0.0380	5	5	1	5/5	0.9426	0.9959	0.9061	0.9996	0.9992
COG0586	M	Membrane integrity protein DedA, putative transporter, DedA/Tvp38 family	0.1926	0.1356	0.1488	0	5	0	0/5	0.0864	0.1119	0.1356	0.4876	0.1416
COG0587	L	DNA polymerase III, alpha subunit	0.0003	0.0000	0.0003	0	5	0	0/5	0.0005	0.0000	0.0008	0.0000	0.0000
COG0588	G	Phosphoglycerate mutase (BPG-dependent)	0.0257	0.0258	0.0108	0	5	0	0/5	0.0449	0.0153	0.0269	0.0155	0.0258
COG0589	T	Nucleotide-binding universal stress protein,  UspA family	0.9730	0.9885	0.0285	5	5	1	5/5	0.9277	0.9885	0.9516	0.9999	0.9972
COG0590	J	tRNA(Arg) A34 adenosine deaminase TadA	0.0119	0.0103	0.0090	0	5	0	0/5	0.0275	0.0028	0.0151	0.0103	0.0040
COG0591	E	Na+/proline symporter	0.5875	0.5816	0.2768	3	5	1	3/5	0.3622	0.5816	0.2155	0.9667	0.8113
COG0592	L	DNA polymerase III sliding clamp (beta) subunit, PCNA homolog	0.9955	0.9989	0.0054	5	5	1	5/5	0.9936	0.9989	0.9857	0.9999	0.9996
COG0593	L	Chromosomal replication initiation ATPase DnaA	0.0011	0.0000	0.0014	0	5	0	0/5	0.0027	0.0000	0.0029	0.0000	0.0000
COG0594	J	RNase P protein component	0.0005	0.0000	0.0006	0	5	0	0/5	0.0012	0.0000	0.0012	0.0000	0.0000
COG0595	J	mRNA degradation ribonuclease J1/J2	0.9198	0.9961	0.0970	5	5	1	5/5	0.8356	0.9963	0.7717	0.9994	0.9961
COG0596	HR	2-succinyl-6-hydroxy-2,4-cyclohexadiene-1-carboxylate synthase MenH and related esterases, alpha/beta hydrolase fold	0.3776	0.3372	0.1701	1	5	0	1/5	0.4577	0.1547	0.2820	0.6566	0.3372
COG0597	MU	Lipoprotein signal peptidase	0.0006	0.0000	0.0008	0	5	0	0/5	0.0015	0.0000	0.0017	0.0000	0.0000
COG0598	P	Mg2+ and Co2+ transporter CorA	0.6612	0.6738	0.0337	5	5	1	5/5	0.6744	0.6517	0.6738	0.7037	0.6024
COG0599	R	Uncharacterized conserved protein YurZ, alkylhydroperoxidase/carboxymuconolactone decarboxylase family	0.7762	0.9079	0.2412	4	5	1	4/5	0.6061	0.9079	0.3857	0.9982	0.9832
COG0600	P	ABC-type nitrate/sulfonate/bicarbonate transport system, permease component	0.8458	0.8233	0.0568	5	5	1	5/5	0.8233	0.9264	0.7838	0.8990	0.7963
COG0601	EP	ABC-type dipeptide/oligopeptide/nickel transport system, permease component	0.9202	0.9536	0.0773	5	5	1	5/5	0.9536	0.8709	0.7934	0.9990	0.9839
COG0602	H	Organic radical activating enzyme NrdG/QueE	0.7606	0.8655	0.1709	4	5	1	4/5	0.8655	0.6293	0.4905	0.9297	0.8881
COG0603	J	7-cyano-7-deazaguanine synthase (queuosine biosynthesis)	0.7963	0.7846	0.1553	5	5	1	5/5	0.7846	0.6120	0.6409	0.9896	0.9542
COG0604	CR	NADPH:quinone reductase or related Zn-dependent oxidoreductase	0.1269	0.1188	0.0840	0	5	0	0/5	0.0371	0.0722	0.1241	0.2822	0.1188
COG0605	P	Superoxide dismutase	0.2268	0.0844	0.2606	1	5	0	1/5	0.0389	0.0844	0.0695	0.7355	0.2058
COG0606	O	Predicted Mg-chelatase, contains ChlI-like and ATPase domains, YifB family	0.0051	0.0066	0.0034	0	5	0	0/5	0.0066	0.0017	0.0069	0.0096	0.0006
COG0607	P	Rhodanese-related sulfurtransferase	0.2960	0.2422	0.2020	1	5	0	1/5	0.1161	0.1827	0.2422	0.6883	0.2506
COG0608	L	ssDNA-specific exonuclease RecJ, DHH superfamily, may be involved in archaeal DNA replication intiation	0.9992	0.9996	0.0006	5	5	1	5/5	0.9984	0.9996	0.9984	0.9998	0.9996
COG0609	P	ABC-type Fe3+-siderophore transport system, permease component	0.9785	0.9917	0.0234	5	5	1	5/5	0.9917	0.9708	0.9359	0.9991	0.9951
COG0610	V	Type I site-specific restriction-modification system, R (restriction) subunit and related helicases ...	0.6619	0.7991	0.2778	4	5	1	4/5	0.5507	0.7991	0.1769	0.9753	0.8073
COG0611	H	Thiamine monophosphate kinase	0.9987	0.9998	0.0016	5	5	1	5/5	0.9975	0.9998	0.9962	1.0000	1.0000
COG0612	R	Predicted Zn-dependent peptidase, M16 family	0.0081	0.0018	0.0091	0	5	0	0/5	0.0146	0.0009	0.0229	0.0018	0.0005
COG0613	F	5'-3' exoribonuclease TrpH/YciV (RNase AM), contains PHP domain	0.9760	0.9680	0.0149	5	5	1	5/5	0.9617	0.9680	0.9624	0.9971	0.9906
COG0614	P	ABC-type Fe3+-hydroxamate transport system, periplasmic component	0.9914	0.9915	0.0069	5	5	1	5/5	0.9915	0.9902	0.9792	0.9993	0.9967
COG0615	M	Glycerol-3-phosphate cytidylyltransferase, cytidylyltransferase family	0.9873	0.9965	0.0148	5	5	1	5/5	0.9588	0.9965	0.9869	0.9971	0.9973
COG0616	O	Periplasmic serine protease, ClpP class	0.9518	0.9456	0.0233	5	5	1	5/5	0.9456	0.9594	0.9316	0.9930	0.9293
COG0617	J	tRNA nucleotidyltransferase/poly(A) polymerase	0.0012	0.0000	0.0015	0	5	0	0/5	0.0029	0.0000	0.0032	0.0000	0.0000
COG0618	FT	nanoRNase/pAp phosphatase, hydrolyzes c-di-AMP and oligoRNAs	0.9572	0.9983	0.0528	5	5	1	5/5	0.8732	0.9984	0.9164	0.9998	0.9983
COG0619	H	ECF-type transporter transmembrane protein EcfT	0.9960	0.9999	0.0049	5	5	1	5/5	0.9920	0.9999	0.9883	1.0000	1.0000
COG0620	E	Methionine synthase II (cobalamin-independent)	0.9924	0.9981	0.0085	5	5	1	5/5	0.9792	0.9981	0.9853	0.9999	0.9995
COG0621	J	tRNA A37 methylthiotransferase MiaB	0.9949	0.9944	0.0018	5	5	1	5/5	0.9938	0.9925	0.9944	0.9975	0.9961
COG0622	R	Predicted phosphodiesterase, calcineurin family	0.9541	0.9968	0.0814	5	5	1	5/5	0.9822	0.9968	0.7918	1.0000	0.9998
COG0623	I	Enoyl-[acyl-carrier-protein] reductase FabI	0.0014	0.0001	0.0022	0	5	0	0/5	0.0057	0.0001	0.0010	0.0001	0.0001
COG0624	E	Acetylornithine deacetylase/Succinyl-diaminopimelate desuccinylase or related deacylase	0.9849	0.9842	0.0147	5	5	1	5/5	0.9820	0.9842	0.9593	0.9998	0.9990
COG0625	O	Glutathione S-transferase	0.0001	0.0000	0.0002	0	5	0	0/5	0.0002	0.0000	0.0005	0.0000	0.0000
COG0626	E	Cystathionine beta-lyase/cystathionine gamma-synthase	0.3955	0.2455	0.2789	1	5	0	1/5	0.1881	0.1558	0.2455	0.9034	0.4849
COG0627	V	S-formylglutathione hydrolase FrmB	0.0045	0.0043	0.0038	0	5	0	0/5	0.0043	0.0005	0.0054	0.0110	0.0011
COG0628	R	Predicted PurR-regulated permease PerM	0.2469	0.1791	0.2397	1	5	0	1/5	0.1791	0.0779	0.0512	0.7104	0.2161
COG0629	L	Single-stranded DNA-binding protein	0.0004	0.0000	0.0005	0	5	0	0/5	0.0009	0.0000	0.0010	0.0000	0.0000
COG0630	NU	Type IV secretory pathway ATPase VirB11/Archaellum biosynthesis ATPase ArlI/FlaI	0.3337	0.3800	0.1638	1	5	0	1/5	0.1952	0.4617	0.0968	0.3800	0.5347
COG0631	T	Serine/threonine protein phosphatase PrpC	0.0449	0.0364	0.0317	0	5	0	0/5	0.0534	0.0364	0.0231	0.1015	0.0101
COG0632	L	Holliday junction resolvasome RuvABC DNA-binding subunit	0.0015	0.0010	0.0014	0	5	0	0/5	0.0036	0.0001	0.0027	0.0010	0.0000
COG0633	C	Ferredoxin	0.3855	0.4069	0.1407	2	5	0	2/5	0.5299	0.1359	0.5043	0.3504	0.4069
COG0634	F	Hypoxanthine-guanine phosphoribosyltransferase	0.0015	0.0017	0.0011	0	5	0	0/5	0.0027	0.0002	0.0028	0.0017	0.0003
COG0635	H	Coproporphyrinogen-III oxidase HemN  (oxygen-independent) or related Fe-S oxidoreductase	0.0433	0.0090	0.0619	0	5	0	0/5	0.0390	0.0090	0.1641	0.0030	0.0016
COG0636	C	FoF1-type ATP synthase, membrane subunit c/Archaeal/vacuolar-type H+-ATPase, subunit K	0.9839	0.9903	0.0136	5	5	1	5/5	0.9782	0.9903	0.9599	0.9975	0.9935
COG0637	G	Beta-phosphoglucomutase, HAD superfamily	0.3952	0.3763	0.0835	1	5	0	1/5	0.3428	0.3763	0.2822	0.5188	0.4559
COG0638	O	20S proteasome, alpha and beta subunits	1.0000	1.0000	0.0000	5	5	1	5/5	1.0000	1.0000	1.0000	1.0000	1.0000
COG0639	T	Diadenosine tetraphosphatase ApaH/serine/threonine protein phosphatase, PP2A family	0.9873	0.9896	0.0108	5	5	1	5/5	0.9702	0.9896	0.9803	0.9990	0.9973
COG0640	K	DNA-binding transcriptional regulator, ArsR family	0.9993	0.9998	0.0008	5	5	1	5/5	0.9983	0.9998	0.9983	1.0000	0.9999
COG0641	O	Sulfatase maturation enzyme AslB, radical SAM superfamily	0.6080	0.7860	0.3449	3	5	1	3/5	0.2779	0.7860	0.1176	0.9901	0.8683
COG0642	T	Signal transduction histidine kinase	0.4970	0.4687	0.1003	2	5	0	2/5	0.4687	0.5353	0.6714	0.4229	0.3869
COG0643	T	Chemotaxis protein histidine kinase CheA	0.6613	0.7099	0.2153	4	5	1	4/5	0.5317	0.7099	0.3251	0.9493	0.7906
COG0644	C	Dehydrogenase (flavoprotein)	0.9999	1.0000	0.0001	5	5	1	5/5	0.9999	1.0000	0.9998	1.0000	1.0000
COG0645	R	Predicted kinase, contains AAA domain	0.0302	0.0379	0.0178	0	5	0	0/5	0.0417	0.0075	0.0528	0.0379	0.0112
COG0646	E	Methionine synthase I (cobalamin-dependent), methyltransferase domain	0.0302	0.0203	0.0330	0	5	0	0/5	0.0203	0.0028	0.0301	0.0931	0.0049
COG0647	F	Ribonucleotide monophosphatase NagD, HAD superfamily	0.7501	0.8267	0.1588	5	5	1	5/5	0.5893	0.8267	0.5314	0.8842	0.9190
COG0648	L	Endonuclease IV	0.9694	0.9838	0.0353	5	5	1	5/5	0.9838	0.9573	0.9061	1.0000	0.9998
COG0649	C	NADH:ubiquinone oxidoreductase 49 kD subunit (chain D)	0.6891	0.6686	0.2607	3	5	1	3/5	0.6686	0.4058	0.4006	0.9994	0.9713
COG0650	C	Formate hydrogenlyase subunit HyfC	0.8898	0.9970	0.1348	5	5	1	5/5	0.6953	0.9991	0.7575	0.9999	0.9970
COG0651	CP	Formate hydrogenlyase subunit 3/Multisubunit Na+/H+ antiporter, MnhD subunit	0.9967	0.9999	0.0059	5	5	1	5/5	0.9985	0.9999	0.9850	1.0000	0.9999
COG0652	O	Peptidyl-prolyl cis-trans isomerase (rotamase) - cyclophilin family	0.0940	0.0709	0.0729	0	5	0	0/5	0.0709	0.0270	0.0613	0.2358	0.0751
COG0653	U	Preprotein translocase subunit SecA (ATPase, RNA helicase)	0.0003	0.0000	0.0003	0	5	0	0/5	0.0006	0.0000	0.0008	0.0000	0.0000
COG0654	HC	2-polyprenyl-6-methoxyphenol hydroxylase and related FAD-dependent oxidoreductases	0.0005	0.0004	0.0004	0	5	0	0/5	0.0007	0.0001	0.0012	0.0004	0.0001
COG0655	C	Multimeric flavodoxin WrbA, includes NAD(P)H:quinone oxidoreductase	0.9218	0.9916	0.0937	5	5	1	5/5	0.8527	0.9916	0.7706	0.9984	0.9959
COG0656	Q	Aldo/keto reductase, related to diketogulonate reductase	0.2685	0.3114	0.1732	1	5	0	1/5	0.3114	0.0742	0.0876	0.5406	0.3288
COG0657	I	Acetyl esterase/lipase	0.1252	0.0866	0.1163	0	5	0	0/5	0.0293	0.0866	0.0695	0.3540	0.0867
COG0658	U	DNA uptake channel protein ComEC, N-terminal domain	0.0003	0.0000	0.0004	0	5	0	0/5	0.0008	0.0000	0.0009	0.0000	0.0000
COG0659	P	Sulfate permease or related transporter, MFS superfamily	0.0350	0.0144	0.0436	0	5	0	0/5	0.0216	0.0119	0.0144	0.1217	0.0056
COG0661	HT	Predicted protein kinase regulating ubiquinone biosynthesis, AarF/ABC1/UbiB family	0.1587	0.1187	0.1420	0	5	0	0/5	0.1187	0.1246	0.0657	0.4365	0.0481
COG0662	G	Mannose-6-phosphate isomerase, cupin superfamily	0.6169	0.6140	0.1209	4	5	1	4/5	0.5231	0.6140	0.4561	0.7974	0.6937
COG0663	R	Carbonic anhydrase or acetyltransferase, isoleucine patch superfamily	0.8760	0.9024	0.1018	5	5	1	5/5	0.8481	0.9024	0.6959	0.9937	0.9397
COG0664	T	cAMP-binding domain of CRP or a regulatory subunit of cAMP-dependent protein kinases	0.0256	0.0188	0.0284	0	5	0	0/5	0.0188	0.0037	0.0202	0.0806	0.0046
COG0665	E	Glycine/D-amino acid oxidase (deaminating)	0.6583	0.6585	0.1099	4	5	1	4/5	0.6585	0.4599	0.6548	0.7771	0.7413
COG0666	T	Ankyrin repeat	0.0368	0.0113	0.0501	0	5	0	0/5	0.0079	0.0202	0.0082	0.1366	0.0113
COG0667	HR	Pyridoxal reductase PdxI or related oxidoreductase, aldo/keto reductase family	0.1629	0.1805	0.1145	0	5	0	0/5	0.1805	0.0410	0.0509	0.3560	0.1859
COG0668	M	Small-conductance mechanosensitive channel	0.9565	0.9753	0.0341	5	5	1	5/5	0.9753	0.9341	0.9012	0.9949	0.9769
COG0669	H	Phosphopantetheine adenylyltransferase	0.0017	0.0001	0.0021	0	5	0	0/5	0.0034	0.0001	0.0050	0.0001	0.0001
COG0670	P	Integral membrane protein YbhL, putative Ca2+ regulator, Bax inhibitor (BI-1)/TMBIM family	0.0003	0.0001	0.0003	0	5	0	0/5	0.0007	0.0000	0.0006	0.0000	0.0001
COG0671	I	Membrane-associated phospholipid phosphatase	0.7808	0.8576	0.1014	5	5	1	5/5	0.6165	0.8576	0.7069	0.8621	0.8609
COG0672	P	High-affinity Fe2+/Pb2+ permease	0.4079	0.4408	0.1747	2	5	0	2/5	0.3125	0.4408	0.1277	0.6299	0.5287
COG0673	R	Predicted dehydrogenase	0.9429	0.9352	0.0426	5	5	1	5/5	0.8721	0.9352	0.9336	0.9925	0.9812
COG0674	C	Pyruvate:ferredoxin oxidoreductase or related 2-oxoacid:ferredoxin oxidoreductase, alpha subunit	0.9998	1.0000	0.0003	5	5	1	5/5	0.9994	1.0000	0.9996	1.0000	1.0000
COG0675	X	Transposase	0.9269	0.9784	0.0834	5	5	1	5/5	0.8784	0.9784	0.7852	0.9997	0.9930
COG0676	G	D-hexose-6-phosphate mutarotase	0.0011	0.0006	0.0007	0	5	0	0/5	0.0006	0.0006	0.0005	0.0024	0.0013
COG0677	M	UDP-N-acetyl-D-mannosaminuronate dehydrogenase	0.9088	0.9085	0.0692	5	5	1	5/5	0.9085	0.8452	0.8194	0.9947	0.9762
COG0678	O	Peroxiredoxin	0.0023	0.0015	0.0015	0	5	0	0/5	0.0052	0.0014	0.0020	0.0015	0.0015
COG0679	R	Predicted permease, AEC (auxin efflux carrier) family	0.4498	0.4877	0.2123	2	5	0	2/5	0.2602	0.4877	0.1556	0.7041	0.6414
COG0680	C	Ni,Fe-hydrogenase maturation factor	0.9871	0.9974	0.0180	5	5	1	5/5	0.9858	0.9974	0.9527	0.9999	0.9998
COG0681	U	Signal peptidase I	0.9871	0.9985	0.0196	5	5	1	5/5	0.9882	0.9985	0.9488	1.0000	0.9998
COG0682	M	Prolipoprotein diacylglyceryltransferase	0.0012	0.0000	0.0014	0	5	0	0/5	0.0028	0.0000	0.0030	0.0000	0.0000
COG0683	E	ABC-type branched-chain amino acid transport system, periplasmic component	0.8256	0.9697	0.2071	4	5	1	4/5	0.4547	0.9721	0.7403	0.9912	0.9697
COG0684	J	RNA degradosome component RraA (regulator of RNase E activity)	0.3614	0.2649	0.2686	1	5	0	1/5	0.1545	0.4144	0.1163	0.8571	0.2649
COG0685	E	5,10-methylenetetrahydrofolate reductase	0.8103	0.7191	0.1224	5	5	1	5/5	0.7118	0.7015	0.7191	0.9753	0.9437
COG0686	E	Alanine dehydrogenase (includes sporulation protein SpoVN)	0.0710	0.0335	0.0679	0	5	0	0/5	0.0178	0.0763	0.0267	0.2007	0.0335
COG0687	E	Spermidine/putrescine-binding periplasmic protein	0.0136	0.0111	0.0135	0	5	0	0/5	0.0111	0.0018	0.0156	0.0383	0.0013
COG0688	I	Phosphatidylserine decarboxylase	0.3796	0.3510	0.1634	2	5	0	2/5	0.5501	0.3510	0.1343	0.5692	0.2933
COG0689	J	Ribonuclease PH	0.9271	0.9690	0.0908	5	5	1	5/5	0.9601	0.7461	0.9690	0.9762	0.9841
COG0690	U	Preprotein translocase subunit SecE	0.0011	0.0002	0.0012	0	5	0	0/5	0.0022	0.0001	0.0030	0.0002	0.0001
COG0691	O	tmRNA-binding protein	0.0002	0.0000	0.0002	0	5	0	0/5	0.0004	0.0000	0.0005	0.0000	0.0000
COG0692	L	Uracil-DNA glycosylase	0.0000	0.0000	0.0000	0	5	0	0/5	0.0001	0.0000	0.0001	0.0000	0.0000
COG0693	V	Protein/nucleotide deglycase, PfpI/YajL/DJ-1 family (repair of methylglyoxal-glycated proteins and nucleic acids)	0.9148	0.9161	0.0384	5	5	1	5/5	0.9250	0.9118	0.8504	0.9705	0.9161
COG0694	O	Fe-S cluster biogenesis protein NfuA, 4Fe-4S-binding domain	0.2855	0.1932	0.1560	1	5	0	1/5	0.1350	0.1932	0.1523	0.5059	0.4410
COG0695	O	Glutaredoxin	0.3522	0.3087	0.1168	1	5	0	1/5	0.3087	0.2182	0.2554	0.5155	0.4632
COG0696	G	Phosphoglycerate mutase (BPG-independent), AlkP superfamily	0.0805	0.0378	0.0978	0	5	0	0/5	0.0378	0.0400	0.0200	0.2756	0.0291
COG0697	GER	Permease of the drug/metabolite transporter (DMT) superfamily	0.9402	0.9721	0.0724	5	5	1	5/5	0.9721	0.9322	0.8033	0.9990	0.9944
COG0698	G	Ribose 5-phosphate isomerase RpiB	0.0086	0.0044	0.0072	0	5	0	0/5	0.0117	0.0030	0.0214	0.0026	0.0044
COG0699	L	Replication fork clamp-binding protein CrfC (dynamin-like GTPase family)	0.0133	0.0051	0.0159	0	5	0	0/5	0.0087	0.0040	0.0051	0.0448	0.0038
COG0700	S	Spore maturation protein SpmB (function unknown)	0.0015	0.0015	0.0005	0	5	0	0/5	0.0014	0.0015	0.0020	0.0020	0.0007
COG0701	S	Uncharacterized membrane protein YraQ, UPF0718 family	0.8172	0.8778	0.1280	5	5	1	5/5	0.6945	0.8778	0.6403	0.9780	0.8952
COG0702	R	Uncharacterized conserved protein YbjT, contains NAD(P)-binding and DUF2867 domains	0.0642	0.0216	0.0779	0	5	0	0/5	0.0718	0.0047	0.0216	0.2125	0.0102
COG0703	E	Shikimate kinase	0.0367	0.0151	0.0398	0	5	0	0/5	0.0376	0.0071	0.0151	0.1134	0.0102
COG0704	P	Phosphate uptake regulator PhoU	0.9998	1.0000	0.0002	5	5	1	5/5	0.9995	1.0000	0.9995	1.0000	1.0000
COG0705	O	Membrane-associated serine protease, rhomboid family	0.8861	0.8988	0.0582	5	5	1	5/5	0.8678	0.8988	0.7834	0.9382	0.9425
COG0706	M	Membrane protein insertase Oxa1/YidC/SpoIIIJ	0.0003	0.0000	0.0004	0	5	0	0/5	0.0006	0.0000	0.0009	0.0000	0.0000
COG0707	M	UDP-N-acetylglucosamine:LPS N-acetylglucosamine transferase	0.0376	0.0197	0.0426	0	5	0	0/5	0.1222	0.0116	0.0245	0.0197	0.0101
COG0708	L	Exonuclease III	0.1957	0.1600	0.1132	0	5	0	0/5	0.1600	0.1103	0.0640	0.3779	0.2662
COG0709	E	Selenophosphate synthase	0.0696	0.0033	0.1292	0	5	0	0/5	0.0016	0.0033	0.0009	0.3278	0.0144
COG0710	E	3-dehydroquinate dehydratase	0.1846	0.1886	0.0931	0	5	0	0/5	0.0413	0.1397	0.1886	0.2336	0.3200
COG0711	C	FoF1-type ATP synthase, membrane subunit b or b'	0.0018	0.0004	0.0019	0	5	0	0/5	0.0040	0.0004	0.0042	0.0004	0.0001
COG0712	C	FoF1-type ATP synthase, delta subunit	0.0001	0.0000	0.0001	0	5	0	0/5	0.0003	0.0000	0.0003	0.0000	0.0000
COG0713	C	NADH:ubiquinone oxidoreductase subunit 11 or 4L (chain K)	0.5496	0.3399	0.2919	2	5	1	2/5	0.3197	0.2800	0.3399	0.9544	0.8542
COG0714	R	MoxR-like ATPase	0.9631	0.9546	0.0242	5	5	1	5/5	0.9847	0.9338	0.9446	0.9976	0.9546
COG0715	P	ABC-type nitrate/sulfonate/bicarbonate transport system, periplasmic component	0.9174	0.9151	0.0328	5	5	1	5/5	0.8900	0.9414	0.8754	0.9652	0.9151
COG0716	C	Flavodoxin	0.7059	0.7257	0.1023	5	5	1	5/5	0.7316	0.5954	0.6024	0.7257	0.8743
COG0717	F	dCTP deaminase	0.9896	0.9960	0.0120	5	5	1	5/5	0.9878	0.9960	0.9670	0.9996	0.9976
COG0718	K	DNA-binding nucleoid-associated protein YbaB/EfbC	0.0005	0.0000	0.0006	0	5	0	0/5	0.0012	0.0000	0.0014	0.0000	0.0000
COG0719	O	Fe-S cluster assembly scaffold protein SufB	0.9826	0.9972	0.0194	5	5	1	5/5	0.9642	0.9972	0.9543	0.9997	0.9977
COG0720	H	6-pyruvoyl-tetrahydropterin synthase	0.9464	0.9585	0.0595	5	5	1	5/5	0.9532	0.9585	0.8325	0.9981	0.9896
COG0721	J	Asp-tRNAAsn/Glu-tRNAGln amidotransferase C subunit	0.7114	0.6533	0.2017	4	5	1	4/5	0.4441	0.5753	0.6533	0.9839	0.9006
COG0722	E	3-deoxy-D-arabino-heptulosonate 7-phosphate (DAHP) synthase	0.7464	0.7749	0.1340	5	5	1	5/5	0.7749	0.5394	0.6593	0.9196	0.8387
COG0723	C	Rieske Fe-S protein	0.0790	0.0162	0.1139	0	5	0	0/5	0.0110	0.0123	0.0162	0.3050	0.0503
COG0724	J	RNA recognition motif (RRM) domain	0.1144	0.0824	0.1366	0	5	0	0/5	0.0159	0.0824	0.0075	0.3797	0.0864
COG0725	P	ABC-type molybdate transport system, periplasmic Mo-binding protein ModA	0.9342	0.9297	0.0503	5	5	1	5/5	0.9246	0.9297	0.8492	0.9976	0.9700
COG0726	GM	Peptidoglycan/xylan/chitin deacetylase, PgdA/NodB/CDA1 family	0.5150	0.4929	0.1457	2	5	1	2/5	0.7021	0.4929	0.2919	0.6420	0.4461
COG0727	R	Uncharacterized protein YkgJ, contains CxxCxxCC motif	0.9818	0.9960	0.0223	5	5	1	5/5	0.9746	0.9960	0.9410	0.9990	0.9985
COG0728	M	Lipid II flippase MurJ/MviN (peptidoglycan biosynthesis)	0.0002	0.0001	0.0002	0	5	0	0/5	0.0003	0.0000	0.0005	0.0001	0.0000
COG0729	M	Outer membrane translocation and assembly module TamA	0.0007	0.0003	0.0006	0	5	0	0/5	0.0011	0.0003	0.0017	0.0002	0.0003
COG0730	P	Sulfite exporter TauE/SafE/YfcA and related permeases, UPF0721 family	0.9887	0.9918	0.0082	5	5	1	5/5	0.9793	0.9918	0.9790	0.9996	0.9936
COG0731	J	Wyosine [tRNA(Phe)-imidazoG37] synthetase, radical SAM superfamily	0.9999	1.0000	0.0002	5	5	1	5/5	0.9999	1.0000	0.9995	1.0000	1.0000
COG0732	V	Restriction endonuclease S subunit	0.7022	0.7918	0.2673	4	5	1	4/5	0.6904	0.8464	0.2014	0.9808	0.7918
COG0733	R	Na+-dependent transporter, SNF family	0.4071	0.3772	0.1658	2	5	0	2/5	0.3099	0.3772	0.1725	0.6455	0.5306
COG0735	P	Fe2+ or Zn2+ uptake regulation protein Fur/Zur	0.2598	0.2122	0.1392	1	5	0	1/5	0.2088	0.1001	0.2122	0.5177	0.2602
COG0736	I	Phosphopantetheinyl transferase (holo-ACP synthase)	0.0115	0.0049	0.0088	0	5	0	0/5	0.0207	0.0048	0.0237	0.0049	0.0035
COG0737	FV	2',3'-cyclic-nucleotide 2'-phosphodiesterase/5'- or 3'-nucleotidase, 5'-nucleotidase family	0.1107	0.0517	0.1284	0	5	0	0/5	0.0343	0.0517	0.0187	0.3638	0.0852
COG0738	G	Fucose permease	0.0005	0.0001	0.0005	0	5	0	0/5	0.0011	0.0000	0.0012	0.0001	0.0000
COG0739	M	Murein DD-endopeptidase MepM and murein hydrolase activator NlpD, contains LysM domain	0.0444	0.0662	0.0301	0	5	0	0/5	0.0715	0.0111	0.0662	0.0689	0.0044
COG0740	O	ATP-dependent protease ClpP, protease subunit	0.0022	0.0004	0.0025	0	5	0	0/5	0.0052	0.0002	0.0053	0.0004	0.0001
COG0741	M	Soluble lytic murein transglycosylase or regulatory protein s ( may contain LysM/invasin domain)	0.0006	0.0000	0.0009	0	5	0	0/5	0.0010	0.0000	0.0022	0.0000	0.0000
COG0742	J	16S rRNA G966 N2-methylase RsmD	0.0014	0.0003	0.0015	0	5	0	0/5	0.0027	0.0003	0.0036	0.0001	0.0001
COG0743	I	1-deoxy-D-xylulose 5-phosphate reductoisomerase	0.0017	0.0005	0.0017	0	5	0	0/5	0.0032	0.0003	0.0042	0.0005	0.0002
COG0744	M	Penicillin-binding protein 1B/1F, peptidoglycan  transglycosylase/transpeptidase	0.0001	0.0000	0.0001	0	5	0	0/5	0.0003	0.0000	0.0003	0.0000	0.0000
COG0745	TK	DNA-binding response regulator, OmpR family, contains REC and winged-helix (wHTH) domain	0.2237	0.2124	0.0467	0	5	0	0/5	0.1864	0.2124	0.2695	0.2856	0.1648
COG0746	H	Molybdopterin-guanine dinucleotide biosynthesis protein A	0.9959	0.9994	0.0047	5	5	1	5/5	0.9913	0.9994	0.9891	1.0000	0.9999
COG0747	E	ABC-type transport system, periplasmic component	0.8352	0.9096	0.1383	5	5	1	5/5	0.9096	0.6744	0.6638	0.9921	0.9362
COG0748	P	Putative heme iron utilization protein, contains PNPOx domain	0.0118	0.0105	0.0071	0	5	0	0/5	0.0084	0.0039	0.0105	0.0252	0.0112
COG0749	L	DNA polymerase I, 3'-5' exonuclease and polymerase domains	0.0032	0.0037	0.0017	0	5	0	0/5	0.0057	0.0015	0.0037	0.0041	0.0011
COG0750	OK	Membrane-associated protease RseP, regulator of RpoE activity	0.9876	0.9955	0.0139	5	5	1	5/5	0.9628	0.9955	0.9818	0.9992	0.9988
COG0751	J	Glycyl-tRNA synthetase, beta subunit	0.0051	0.0062	0.0030	0	5	0	0/5	0.0084	0.0012	0.0076	0.0062	0.0019
COG0752	J	Glycyl-tRNA synthetase, alpha subunit	0.0035	0.0031	0.0019	0	5	0	0/5	0.0051	0.0015	0.0062	0.0031	0.0016
COG0753	P	Catalase	0.1212	0.0826	0.1139	0	5	0	0/5	0.0501	0.0826	0.0364	0.3453	0.0915
COG0754	E	Glutathionylspermidine synthase, CHAP domain	0.0010	0.0007	0.0007	0	5	0	0/5	0.0011	0.0005	0.0007	0.0022	0.0004
COG0755	O	ABC-type transport system involved in cytochrome c biogenesis, permease component	0.2053	0.1484	0.1414	0	5	0	0/5	0.1208	0.2233	0.0648	0.4690	0.1484
COG0756	FV	dUTP pyrophosphatase (dUTPase)	0.0043	0.0002	0.0052	0	5	0	0/5	0.0116	0.0002	0.0096	0.0000	0.0001
COG0757	E	3-dehydroquinate dehydratase	0.0004	0.0002	0.0004	0	5	0	0/5	0.0007	0.0000	0.0010	0.0002	0.0001
COG0758	L	Predicted Rossmann fold nucleotide-binding protein DprA/Smf involved in DNA uptake	0.0072	0.0053	0.0061	0	5	0	0/5	0.0129	0.0012	0.0157	0.0053	0.0007
COG0759	M	Membrane-anchored protein YidD, putatitve component of membrane protein insertase Oxa1/YidC/SpoIIIJ	0.0009	0.0004	0.0007	0	5	0	0/5	0.0015	0.0003	0.0019	0.0004	0.0002
COG0760	O	Peptidyl-prolyl isomerase, parvulin family	0.0250	0.0018	0.0329	0	5	0	0/5	0.0353	0.0018	0.0854	0.0009	0.0017
COG0761	I	4-Hydroxy-3-methylbut-2-enyl diphosphate reductase IspH	0.0005	0.0000	0.0007	0	5	0	0/5	0.0009	0.0000	0.0016	0.0000	0.0000
COG0762	O	Cytochrome b6 maturation protein CCB3/Ycf19 and related maturases, YggT family	0.0003	0.0001	0.0003	0	5	0	0/5	0.0003	0.0000	0.0008	0.0001	0.0001
COG0763	M	Lipid A disaccharide synthetase	0.0014	0.0003	0.0015	0	5	0	0/5	0.0032	0.0002	0.0033	0.0002	0.0003
COG0764	I	3-hydroxymyristoyl/3-hydroxydecanoyl-(acyl carrier protein) dehydratase	0.0020	0.0002	0.0023	0	5	0	0/5	0.0037	0.0002	0.0056	0.0001	0.0002
COG0765	E	ABC-type amino acid transport system, permease component	0.2232	0.2304	0.0811	0	5	0	0/5	0.2341	0.1851	0.3579	0.2304	0.1085
COG0766	M	UDP-N-acetylglucosamine enolpyruvyl transferase	0.0004	0.0000	0.0005	0	5	0	0/5	0.0008	0.0000	0.0011	0.0000	0.0000
COG0767	M	Permease subunit MlaE of the ABC-type intermembrane phospholipid transporter Mla	0.0005	0.0001	0.0005	0	5	0	0/5	0.0011	0.0001	0.0012	0.0001	0.0001
COG0768	DM	Cell division protein FtsI, peptidoglycan transpeptidase (Penicillin-binding protein 2)	0.0000	0.0000	0.0000	0	5	0	0/5	0.0000	0.0000	0.0001	0.0000	0.0000
COG0769	M	UDP-N-acetylmuramyl tripeptide synthase	0.0046	0.0019	0.0044	0	5	0	0/5	0.0102	0.0019	0.0098	0.0009	0.0004
COG0770	M	UDP-N-acetylmuramyl pentapeptide synthase	0.2399	0.1433	0.1744	0	5	0	0/5	0.1143	0.3941	0.0491	0.4985	0.1433
COG0771	M	UDP-N-acetylmuramoylalanine-D-glutamate ligase	0.0024	0.0006	0.0026	0	5	0	0/5	0.0057	0.0001	0.0053	0.0006	0.0001
COG0772	D	Peptodoglycan polymerase FtsW/RodA/SpoVE	0.0000	0.0000	0.0000	0	5	0	0/5	0.0000	0.0000	0.0001	0.0000	0.0000
COG0773	M	UDP-N-acetylmuramate-alanine ligase MurC and related ligases, MurC/Mpl family	0.0002	0.0000	0.0002	0	5	0	0/5	0.0004	0.0000	0.0005	0.0000	0.0000
COG0774	M	UDP-3-O-acyl-N-acetylglucosamine deacetylase	0.0005	0.0001	0.0005	0	5	0	0/5	0.0010	0.0001	0.0012	0.0001	0.0001
COG0775	FH	Nucleoside phosphorylase/nucleosidase, includes 5'-methylthioadenosine/S-adenosylhomocysteine nucleosidase MtnN and futalosine hydrolase MqnB	0.0046	0.0027	0.0046	0	5	0	0/5	0.0120	0.0004	0.0077	0.0027	0.0002
COG0776	L	Bacterial nucleoid DNA-binding protein IHF-alpha	0.0014	0.0002	0.0016	0	5	0	0/5	0.0036	0.0002	0.0031	0.0001	0.0000
COG0777	I	Acetyl-CoA carboxylase beta subunit	0.0002	0.0000	0.0002	0	5	0	0/5	0.0004	0.0000	0.0004	0.0000	0.0000
COG0778	C	Nitroreductase	0.9979	0.9979	0.0015	5	5	1	5/5	0.9966	0.9979	0.9959	0.9997	0.9994
COG0779	J	Ribosome maturation factor RimP	0.0003	0.0000	0.0004	0	5	0	0/5	0.0006	0.0000	0.0010	0.0000	0.0000
COG0780	J	NADPH-dependent 7-cyano-7-deazaguanine reductase QueF, C-terminal domain, T-fold superfamily	0.0364	0.0380	0.0192	0	5	0	0/5	0.0463	0.0096	0.0653	0.0380	0.0229
COG0781	K	Transcription antitermination protein NusB	0.0002	0.0000	0.0002	0	5	0	0/5	0.0003	0.0000	0.0006	0.0000	0.0000
COG0782	K	Transcription elongation factor, GreA/GreB family	0.0000	0.0000	0.0000	0	5	0	0/5	0.0001	0.0000	0.0001	0.0000	0.0000
COG0783	PV	DNA-binding ferritin-like protein (oxidative damage protectant)	0.0194	0.0036	0.0330	0	5	0	0/5	0.0049	0.0003	0.0036	0.0853	0.0030
COG0784	T	CheY-like REC (receiver) domain, includes chemotaxis protein CheY  and sporulation regulator Spo0F	0.7817	0.8186	0.1098	5	5	1	5/5	0.6726	0.8186	0.6409	0.9354	0.8410
COG0785	CO	Cytochrome c biogenesis protein CcdA	0.8258	0.9642	0.1972	4	5	1	4/5	0.4980	0.9745	0.6961	0.9960	0.9642
COG0786	E	Na+/glutamate symporter	0.0067	0.0046	0.0071	0	5	0	0/5	0.0058	0.0013	0.0046	0.0204	0.0014
COG0787	M	Alanine racemase	0.0025	0.0017	0.0021	0	5	0	0/5	0.0028	0.0011	0.0065	0.0017	0.0004
COG0788	F	Formyltetrahydrofolate hydrolase	0.0089	0.0108	0.0069	0	5	0	0/5	0.0108	0.0017	0.0109	0.0200	0.0013
COG0789	K	DNA-binding transcriptional regulator, MerR family	0.0138	0.0160	0.0112	0	5	0	0/5	0.0201	0.0013	0.0160	0.0302	0.0013
COG0790	R	TPR repeat	0.0007	0.0006	0.0006	0	5	0	0/5	0.0015	0.0001	0.0013	0.0006	0.0001
COG0791	M	Cell wall-associated hydrolase, NlpC_P60 family	0.0011	0.0005	0.0011	0	5	0	0/5	0.0022	0.0001	0.0028	0.0005	0.0001
COG0792	L	Predicted endonuclease distantly related to archaeal Holliday junction resolvase, YraN/UPF0102 family	0.0021	0.0010	0.0018	0	5	0	0/5	0.0040	0.0008	0.0045	0.0010	0.0003
COG0793	O	C-terminal processing protease CtpA/Prc, contains a PDZ domain	0.0006	0.0004	0.0006	0	5	0	0/5	0.0013	0.0000	0.0013	0.0004	0.0000
COG0794	GM	D-arabinose 5-phosphate isomerase GutQ	0.9817	0.9940	0.0208	5	5	1	5/5	0.9767	0.9967	0.9431	0.9940	0.9979
COG0795	MN	Lipopolysaccharide export LptBFGC system, permease protein LptF	0.0001	0.0000	0.0001	0	5	0	0/5	0.0001	0.0000	0.0003	0.0000	0.0000
COG0796	M	Glutamate racemase	0.0003	0.0000	0.0004	0	5	0	0/5	0.0004	0.0000	0.0011	0.0000	0.0000
COG0797	M	Peptidoglycan lytic transglycosylase RlpA, contains C-terminal SPOR domain	0.0018	0.0005	0.0017	0	5	0	0/5	0.0029	0.0005	0.0046	0.0005	0.0004
COG0798	P	Arsenite efflux pump ArsB, ACR3 family	0.9301	0.9682	0.0745	5	5	1	5/5	0.8826	0.9682	0.8068	0.9996	0.9934
COG0799	J	Ribosomal silencing factor RsfS, regulates association of 30S and 50S subunits	0.0003	0.0002	0.0003	0	5	0	0/5	0.0005	0.0001	0.0008	0.0002	0.0001
COG0800	G	2-keto-3-deoxy-6-phosphogluconate aldolase	0.0192	0.0150	0.0196	0	5	0	0/5	0.0156	0.0006	0.0150	0.0568	0.0082
COG0801	H	7,8-dihydro-6-hydroxymethylpterin pyrophosphokinase (folate biosynthesis)	0.0070	0.0040	0.0050	0	5	0	0/5	0.0092	0.0030	0.0159	0.0030	0.0040
COG0802	J	tRNA A37 threonylcarbamoyladenosine biosynthesis protein TsaE	0.0002	0.0000	0.0002	0	5	0	0/5	0.0004	0.0000	0.0004	0.0000	0.0000
COG0803	P	ABC-type Zn uptake system ZnuABC, Zn-binding component ZnuA	0.8041	0.8151	0.1461	5	5	1	5/5	0.7012	0.5856	0.8151	0.9596	0.9592
COG0804	E	Urease alpha subunit	0.0662	0.0054	0.1237	0	5	0	0/5	0.0082	0.0007	0.0033	0.3136	0.0054
COG0805	U	Twin-arginine protein secretion pathway component TatC	0.5755	0.5102	0.2478	3	5	1	3/5	0.5102	0.3572	0.3001	0.9624	0.7477
COG0806	J	Ribosomal 30S subunit maturation factor RimM, required for 16S rRNA processing	0.0001	0.0000	0.0002	0	5	0	0/5	0.0004	0.0000	0.0003	0.0000	0.0000
COG0807	H	GTP cyclohydrolase II	0.2347	0.1905	0.1548	0	5	0	0/5	0.0790	0.1905	0.0709	0.4350	0.3979
COG0809	J	S-adenosylmethionine:tRNA-ribosyltransferase-isomerase (queuine synthetase)	0.0104	0.0037	0.0111	0	5	0	0/5	0.0290	0.0010	0.0173	0.0037	0.0009
COG0810	M	Periplasmic protein TonB, links inner and outer membranes	0.0039	0.0001	0.0047	0	5	0	0/5	0.0096	0.0001	0.0098	0.0000	0.0000
COG0811	U	Biopolymer transport protein ExbB/TolQ	0.0114	0.0004	0.0138	0	5	0	0/5	0.0303	0.0004	0.0261	0.0001	0.0000
COG0812	M	UDP-N-acetylenolpyruvoylglucosamine reductase	0.0005	0.0000	0.0006	0	5	0	0/5	0.0013	0.0000	0.0012	0.0000	0.0000
COG0813	F	Purine-nucleoside phosphorylase	0.0013	0.0006	0.0010	0	5	0	0/5	0.0022	0.0005	0.0028	0.0004	0.0006
COG0814	E	Amino acid permease	0.0168	0.0187	0.0056	0	5	0	0/5	0.0132	0.0209	0.0078	0.0235	0.0187
COG0815	M	Apolipoprotein N-acyltransferase	0.0013	0.0001	0.0016	0	5	0	0/5	0.0029	0.0000	0.0036	0.0001	0.0001
COG0816	JLK	YqgF/RuvX protein, pre-16S rRNA maturation RNase/Holliday junction resolvase/anti-termination factor	0.0003	0.0000	0.0004	0	5	0	0/5	0.0005	0.0000	0.0009	0.0000	0.0000
COG0817	L	Holliday junction resolvasome RuvABC endonuclease subunit RuvC	0.0090	0.0109	0.0055	0	5	0	0/5	0.0160	0.0040	0.0128	0.0109	0.0012
COG0818	I	Diacylglycerol kinase	0.0036	0.0024	0.0027	0	5	0	0/5	0.0020	0.0045	0.0024	0.0083	0.0007
COG0819	H	Aminopyrimidine aminohydrolase TenA (thiamine salvage pathway)	0.1801	0.0408	0.2519	1	5	0	1/5	0.0142	0.0408	0.0103	0.6712	0.1639
COG0820	J	Adenine C2-methylase RlmN of 23S rRNA A2503 and tRNA A37	0.0025	0.0000	0.0030	0	5	0	0/5	0.0060	0.0000	0.0063	0.0000	0.0000
COG0821	I	4-hydroxy-3-methylbut-2-en-1-yl diphosphate synthase IspG/GcpE	0.0019	0.0001	0.0023	0	5	0	0/5	0.0046	0.0001	0.0049	0.0001	0.0000
COG0822	O	Fe-S cluster assembly scaffold protein IscU, NifU family	0.4978	0.4552	0.1460	2	5	0	2/5	0.7351	0.3120	0.5767	0.4099	0.4552
COG0823	U	Periplasmic component TolB of the Tol biopolymer transport system	0.1326	0.0903	0.1075	0	5	0	0/5	0.0579	0.0994	0.0903	0.3456	0.0699
COG0824	I	Acyl-CoA thioesterase FadM	0.1213	0.0644	0.1012	0	5	0	0/5	0.0644	0.0394	0.0467	0.3085	0.1477
COG0825	I	Acetyl-CoA carboxylase alpha subunit	0.0000	0.0000	0.0000	0	5	0	0/5	0.0001	0.0000	0.0001	0.0000	0.0000
COG0826	J	23S rRNA C2501 and tRNA U34 5'-hydroxylation protein RlhA/YrrN/YrrO, U32 peptidase family	0.4975	0.4611	0.0854	2	5	0	2/5	0.4611	0.4059	0.4214	0.6078	0.5913
COG0827	L	Adenine-specific DNA N6-methylase	0.3563	0.3779	0.2193	1	5	0	1/5	0.1371	0.3779	0.1011	0.6931	0.4721
COG0828	J	Ribosomal protein S21	0.0004	0.0001	0.0005	0	5	0	0/5	0.0009	0.0001	0.0011	0.0000	0.0000
COG0829	O	Urease accessory protein UreH	0.0856	0.0079	0.1577	0	5	0	0/5	0.0108	0.0042	0.0039	0.4010	0.0079
COG0830	O	Urease accessory protein UreF	0.0835	0.0102	0.1513	0	5	0	0/5	0.0145	0.0014	0.0056	0.3860	0.0102
COG0831	E	Urease gamma subunit	0.0884	0.0083	0.1630	0	5	0	0/5	0.0114	0.0036	0.0041	0.4144	0.0083
COG0832	E	Urease beta subunit	0.0880	0.0102	0.1610	0	5	0	0/5	0.0116	0.0018	0.0064	0.4100	0.0102
COG0833	E	Amino acid permease	0.0033	0.0016	0.0030	0	5	0	0/5	0.0013	0.0016	0.0016	0.0092	0.0028
COG0834	ET	ABC-type amino acid transport/signal transduction system, periplasmic component/domain	0.3312	0.3197	0.0495	0	5	0	0/5	0.2894	0.3197	0.4206	0.3426	0.2838
COG0835	T	Chemotaxis signal transduction protein CheW	0.6663	0.6622	0.2168	4	5	1	4/5	0.5805	0.6622	0.3177	0.9564	0.8148
COG0836	M	Mannose-1-phosphate guanylyltransferase	0.4975	0.6085	0.2968	3	5	0	3/5	0.2840	0.6085	0.0516	0.9008	0.6426
COG0837	G	Glucokinase	0.0084	0.0074	0.0039	0	5	0	0/5	0.0100	0.0045	0.0074	0.0152	0.0051
COG0838	C	NADH:ubiquinone oxidoreductase subunit 3 (chain A)	0.5546	0.3535	0.3298	2	5	1	2/5	0.3535	0.3519	0.1703	0.9933	0.9040
COG0839	C	NADH:ubiquinone oxidoreductase subunit 6 (chain J)	0.5099	0.2473	0.3308	2	5	1	2/5	0.2473	0.2463	0.2305	0.9668	0.8588
COG0840	T	Methyl-accepting chemotaxis protein (MCP)	0.6255	0.5953	0.1893	4	5	1	4/5	0.5744	0.6662	0.3516	0.9400	0.5953
COG0841	V	Multidrug efflux pump subunit AcrB	0.0016	0.0019	0.0014	0	5	0	0/5	0.0036	0.0001	0.0026	0.0019	0.0000
COG0842	V	ABC-type multidrug transport system, permease component	0.9866	0.9935	0.0149	5	5	1	5/5	0.9593	0.9935	0.9825	0.9999	0.9976
COG0843	C	Heme/copper-type cytochrome/quinol oxidase, subunit 1	0.0207	0.0074	0.0306	0	5	0	0/5	0.0046	0.0007	0.0092	0.0816	0.0074
COG0845	MV	Multidrug efflux pump subunit AcrA (membrane-fusion protein)	0.0009	0.0006	0.0008	0	5	0	0/5	0.0020	0.0001	0.0018	0.0006	0.0001
COG0846	O	NAD-dependent protein deacetylase, SIR2 family	0.7444	0.8347	0.2449	4	5	1	4/5	0.8347	0.6561	0.3092	0.9797	0.9423
COG0847	L	DNA polymerase III, epsilon subunit or related 3'-5' exonuclease	0.0441	0.0349	0.0258	0	5	0	0/5	0.0806	0.0216	0.0681	0.0349	0.0153
COG0848	U	Biopolymer transport protein ExbD	0.0001	0.0000	0.0002	0	5	0	0/5	0.0001	0.0000	0.0004	0.0000	0.0000
COG0849	D	Cell division ATPase FtsA	0.0008	0.0000	0.0010	0	5	0	0/5	0.0021	0.0000	0.0019	0.0000	0.0000
COG0850	D	Septum site-determining protein MinC	0.0018	0.0020	0.0009	0	5	0	0/5	0.0029	0.0007	0.0026	0.0020	0.0007
COG0851	D	Septum formation topological specificity factor MinE	0.0023	0.0025	0.0009	0	5	0	0/5	0.0025	0.0013	0.0027	0.0037	0.0012
COG0852	C	NADH:ubiquinone oxidoreductase 27 kD subunit (chain C)	0.8384	0.7913	0.1369	5	5	1	5/5	0.7913	0.7830	0.6346	0.9913	0.9916
COG0853	H	Aspartate 1-decarboxylase	0.0420	0.0392	0.0222	0	5	0	0/5	0.0392	0.0197	0.0482	0.0810	0.0218
COG0854	H	Pyridoxine 5'-phosphate synthase PdxJ	0.0013	0.0012	0.0007	0	5	0	0/5	0.0012	0.0007	0.0026	0.0007	0.0013
COG0855	P	Polyphosphate kinase	0.0336	0.0174	0.0408	0	5	0	0/5	0.0174	0.0043	0.0108	0.1144	0.0210
COG0856	F	Orotate phosphoribosyltransferase homolog	0.7149	0.7642	0.2708	4	5	1	4/5	0.6806	0.9346	0.2185	0.9766	0.7642
COG0857	R	BioD-like N-terminal domain of phosphotransacetylase	0.6244	0.6992	0.3064	3	5	1	3/5	0.3409	0.6992	0.1984	0.9278	0.9558
COG0858	J	Ribosome-binding factor RbfA	0.0003	0.0000	0.0003	0	5	0	0/5	0.0006	0.0000	0.0007	0.0000	0.0000
COG0859	M	ADP-heptose:LPS heptosyltransferase	0.0054	0.0042	0.0042	0	5	0	0/5	0.0072	0.0042	0.0126	0.0024	0.0007
COG0860	M	N-acetylmuramoyl-L-alanine amidase	0.0045	0.0002	0.0053	0	5	0	0/5	0.0106	0.0002	0.0114	0.0001	0.0001
COG0861	P	Tellurite resistance membrane protein TerC	0.0102	0.0070	0.0087	0	5	0	0/5	0.0070	0.0018	0.0212	0.0199	0.0010
COG0863	L	DNA modification methylase	0.9384	0.9796	0.0644	5	5	1	5/5	0.8217	0.9796	0.9153	0.9931	0.9822
COG0864	K	Metal-responsive transcriptional regulator, contains CopG/Arc/MetJ DNA-binding domain	0.9877	0.9971	0.0215	5	5	1	5/5	0.9968	0.9971	0.9447	1.0000	0.9998
COG1001	F	Adenine deaminase	0.8415	0.9746	0.2020	4	5	1	4/5	0.7970	0.9746	0.4640	0.9925	0.9795
COG1002	V	Type II restriction/modification system, endonuclease and methylase domains	0.6019	0.7976	0.3190	3	5	1	3/5	0.2961	0.8063	0.1480	0.9613	0.7976
COG1003	E	Glycine cleavage system protein P (pyridoxal-binding), C-terminal domain	0.6938	0.6145	0.1957	4	5	1	4/5	0.4904	0.5091	0.6145	0.9427	0.9125
COG1004	M	UDP-glucose 6-dehydrogenase	0.6294	0.6354	0.1545	4	5	1	4/5	0.7755	0.6020	0.3556	0.7785	0.6354
COG1005	C	NADH:ubiquinone oxidoreductase subunit 1 (chain H)	0.8626	0.8280	0.1132	5	5	1	5/5	0.8280	0.7219	0.7731	0.9963	0.9936
COG1006	P	Multisubunit Na+/H+ antiporter, MnhC subunit	0.9327	0.9649	0.0903	5	5	1	5/5	0.9555	0.9649	0.7548	0.9973	0.9910
COG1007	C	NADH:ubiquinone oxidoreductase subunit 2 (chain N)	0.4530	0.2098	0.3265	2	5	0	2/5	0.2098	0.1969	0.1764	0.9646	0.7175
COG1008	C	NADH:ubiquinone oxidoreductase subunit 4 (chain M)	0.2028	0.1000	0.1829	1	5	0	1/5	0.0867	0.1000	0.0801	0.5604	0.1870
COG1009	C	Membrane H+-translocase/NADH:ubiquinone oxidoreductase subunit 5 (chain L)/Multisubunit Na+/H+ antiporter, MnhA subunit	0.8085	0.7368	0.1484	5	5	1	5/5	0.7368	0.6635	0.6675	0.9951	0.9794
COG1010	H	Precorrin-3B methylase	0.5602	0.7485	0.3629	3	5	1	3/5	0.2391	0.7485	0.0324	0.9984	0.7827
COG1011	H	FMN and 5-amino-6-(5-phospho-D-ribitylamino)uracil phosphatase YigB, HAD superfamily (riboflavin biosynthesis)	0.9508	0.9474	0.0214	5	5	1	5/5	0.9311	0.9249	0.9722	0.9782	0.9474
COG1012	I	Acyl-CoA reductase or other NAD-dependent aldehyde dehydrogenase	0.6055	0.6281	0.1979	3	5	1	3/5	0.6281	0.3583	0.4628	0.9414	0.6368
COG1013	C	Pyruvate:ferredoxin oxidoreductase or related 2-oxoacid:ferredoxin oxidoreductase, beta subunit	0.9997	1.0000	0.0004	5	5	1	5/5	0.9992	1.0000	0.9993	1.0000	1.0000
COG1014	C	Pyruvate:ferredoxin oxidoreductase or related 2-oxoacid:ferredoxin oxidoreductase, gamma subunit	0.9996	1.0000	0.0006	5	5	1	5/5	0.9994	1.0000	0.9984	1.0000	1.0000
COG1015	G	Phosphopentomutase	0.0028	0.0022	0.0014	0	5	0	0/5	0.0022	0.0012	0.0036	0.0052	0.0019
COG1017	C	Hemoglobin-like flavoprotein	0.0025	0.0012	0.0032	0	5	0	0/5	0.0014	0.0004	0.0012	0.0089	0.0008
COG1018	C	Flavodoxin/ferredoxin--NADP reductase	0.0856	0.0587	0.0646	0	5	0	0/5	0.0512	0.0200	0.0587	0.2064	0.0916
COG1019	H	Phosphopantetheine adenylyltransferase	0.0899	0.0711	0.0762	0	5	0	0/5	0.0024	0.1779	0.0181	0.0711	0.1800
COG1020	Q	EntF, seryl-AMP synthase component  of non-ribosomal peptide synthetase	0.0021	0.0026	0.0016	0	5	0	0/5	0.0042	0.0002	0.0034	0.0026	0.0002
COG1021	Q	EntE, 2,3-dihydroxybenzoate-AMP synthase component of non-ribosomal peptide synthetase	0.0143	0.0044	0.0186	0	5	0	0/5	0.0039	0.0044	0.0024	0.0511	0.0095
COG1022	I	Long-chain acyl-CoA synthetase (AMP-forming)	0.0313	0.0085	0.0360	0	5	0	0/5	0.0080	0.0079	0.0085	0.1011	0.0308
COG1023	G	6-phosphogluconate dehydrogenase (decarboxylating)	0.1110	0.0309	0.1489	0	5	0	0/5	0.0155	0.0309	0.0114	0.4028	0.0944
COG1024	I	Enoyl-CoA hydratase/carnithine racemase	0.1757	0.1008	0.1241	0	5	0	0/5	0.0578	0.1008	0.0997	0.3984	0.2219
COG1025	O	Secreted/periplasmic Zn-dependent peptidases, insulinase-like	0.0008	0.0007	0.0004	0	5	0	0/5	0.0005	0.0007	0.0005	0.0015	0.0009
COG1026	O	Zn-dependent peptidase, M16 (insulinase) family	0.0003	0.0002	0.0001	0	5	0	0/5	0.0004	0.0002	0.0004	0.0002	0.0001
COG1027	E	Aspartate ammonia-lyase	0.1083	0.0515	0.0877	0	5	0	0/5	0.0515	0.0498	0.1141	0.2766	0.0496
COG1028	I	NAD(P)-dependent dehydrogenase, short-chain alcohol dehydrogenase family	0.6143	0.5877	0.2222	3	5	1	3/5	0.5877	0.2843	0.4890	0.9080	0.8023
COG1029	C	Formylmethanofuran dehydrogenase subunit B	0.9650	0.9997	0.0466	5	5	1	5/5	0.9422	0.9997	0.8831	0.9999	0.9999
COG1030	O	Membrane-bound serine protease NfeD, ClpP class	0.9713	0.9910	0.0279	5	5	1	5/5	0.9410	0.9923	0.9339	0.9985	0.9910
COG1031	R	Radical SAM superfamily enzyme with C-terminal helix-hairpin-helix motif	0.8562	0.9910	0.2129	4	5	1	4/5	0.8488	0.9910	0.4458	0.9994	0.9958
COG1032	R	Radical SAM superfamily enzyme YgiQ, UPF0313 family	0.9982	0.9999	0.0023	5	5	1	5/5	0.9943	0.9999	0.9968	1.0000	1.0000
COG1033	R	Predicted exporter protein, RND superfamily	0.5785	0.5335	0.2493	4	5	1	4/5	0.5073	0.9215	0.1821	0.7481	0.5335
COG1034	C	NADH dehydrogenase/NADH:ubiquinone oxidoreductase 75 kD subunit (chain G)	0.0072	0.0080	0.0038	0	5	0	0/5	0.0080	0.0013	0.0098	0.0121	0.0050
COG1035	C	Coenzyme F420-reducing hydrogenase, beta subunit	0.9779	0.9996	0.0273	5	5	1	5/5	0.9360	0.9996	0.9543	0.9998	0.9996
COG1036	C	Archaeal flavoprotein	0.8712	0.9753	0.1859	5	5	1	5/5	0.8930	0.9753	0.5065	0.9903	0.9910
COG1038	C	Pyruvate carboxylase	0.0056	0.0038	0.0031	0	5	0	0/5	0.0038	0.0037	0.0062	0.0114	0.0031
COG1039	L	Ribonuclease HIII	0.0121	0.0121	0.0023	0	5	0	0/5	0.0121	0.0083	0.0111	0.0144	0.0146
COG1040	R	DNA utilization protein ComFC/GntX, contains phosphoribosyltransferase domain	0.0064	0.0018	0.0067	0	5	0	0/5	0.0123	0.0007	0.0166	0.0018	0.0005
COG1041	J	tRNA G10 N-methylase Trm11	0.9935	0.9996	0.0081	5	5	1	5/5	0.9798	0.9996	0.9886	0.9999	0.9998
COG1042	C	Acyl-CoA synthetase (NDP forming)	0.9863	0.9986	0.0161	5	5	1	5/5	0.9704	0.9986	0.9631	0.9998	0.9996
COG1043	M	Acyl-[acyl carrier protein]--UDP-N-acetylglucosamine O-acyltransferase	0.0030	0.0001	0.0038	0	5	0	0/5	0.0094	0.0001	0.0052	0.0001	0.0001
COG1044	M	UDP-3-O-[3-hydroxymyristoyl] glucosamine N-acyltransferase	0.0076	0.0002	0.0097	0	5	0	0/5	0.0135	0.0002	0.0241	0.0001	0.0001
COG1045	E	Serine acetyltransferase	0.0836	0.0627	0.0665	0	5	0	0/5	0.0977	0.0044	0.0508	0.2024	0.0627
COG1047	O	Peptidyl-prolyl cis-trans isomerase, FKBP type	0.9911	0.9989	0.0144	5	5	1	5/5	0.9624	0.9989	0.9956	0.9998	0.9989
COG1048	C	Aconitase A	0.3741	0.3483	0.1433	1	5	0	1/5	0.3483	0.2061	0.3021	0.6360	0.3779
COG1049	C	Aconitase B	0.0026	0.0026	0.0008	0	5	0	0/5	0.0037	0.0031	0.0026	0.0013	0.0021
COG1051	F	ADP-ribose pyrophosphatase YjhB, NUDIX family	0.8702	0.8769	0.0818	5	5	1	5/5	0.8769	0.7768	0.7776	0.9610	0.9587
COG1052	CHR	Lactate dehydrogenase or related 2-hydroxyacid dehydrogenase	0.4784	0.5587	0.1701	3	5	0	3/5	0.5587	0.2365	0.3150	0.6310	0.6510
COG1053	C	Succinate dehydrogenase/fumarate reductase, flavoprotein subunit	0.8423	0.8422	0.1344	5	5	1	5/5	0.6189	0.8422	0.7930	0.9985	0.9589
COG1054	J	tRNA U34 5'-hydroxylase TrhO, rhodanese family	0.0000	0.0000	0.0000	0	5	0	0/5	0.0001	0.0000	0.0000	0.0000	0.0000
COG1055	P	Na+/H+ antiporter NhaD or related arsenite permease	0.9626	0.9802	0.0384	5	5	1	5/5	0.9371	0.9802	0.9000	0.9997	0.9958
COG1056	H	Nicotinamide mononucleotide adenylyltransferase	0.9969	0.9994	0.0041	5	5	1	5/5	0.9958	0.9994	0.9893	0.9999	0.9999
COG1057	H	Nicotinate-nucleotide adenylyltransferase NadD	0.0008	0.0001	0.0010	0	5	0	0/5	0.0017	0.0001	0.0023	0.0000	0.0001
COG1058	L	ADP-ribose pyrophosphatase domain of DNA damage- and competence-inducible protein CinA	0.9472	0.9442	0.0473	5	5	1	5/5	0.8714	0.9442	0.9261	0.9986	0.9958
COG1059	LV	Thermostable 8-oxoguanine DNA glycosylase	0.7092	0.7623	0.1541	4	5	1	4/5	0.4387	0.8514	0.6474	0.7623	0.8462
COG1060	H	2-iminoacetate synthase ThiH/Menaquinone biosynthesis enzymes MqnC and MqnE	0.8563	0.9786	0.1868	5	5	1	5/5	0.7915	0.9960	0.5165	0.9991	0.9786
COG1061	KL	Superfamily II DNA or RNA helicase	0.8695	0.9738	0.1553	5	5	1	5/5	0.7937	0.9738	0.5972	0.9993	0.9835
COG1062	C	Zn-dependent alcohol/formaldehyde dehydrogenase	0.0481	0.0171	0.0553	0	5	0	0/5	0.0135	0.0152	0.0171	0.1573	0.0372
COG1063	ER	Threonine dehydrogenase or related Zn-dependent dehydrogenase	0.8161	0.7675	0.1486	5	5	1	5/5	0.7675	0.6358	0.6956	0.9977	0.9837
COG1064	G	D-arabinose 1-dehydrogenase, Zn-dependent alcohol dehydrogenase family	0.4323	0.2688	0.3399	2	5	0	2/5	0.0942	0.2688	0.1284	0.9349	0.7350
COG1066	L	DNA repair protein RadA/Sms, contains AAA+ ATPase domain	0.0009	0.0002	0.0010	0	5	0	0/5	0.0013	0.0001	0.0026	0.0002	0.0001
COG1067	O	Predicted ATP-dependent protease	0.3705	0.4674	0.2695	2	5	0	2/5	0.0337	0.4674	0.0900	0.7452	0.5164
COG1069	G	Ribulose kinase	0.0078	0.0033	0.0097	0	5	0	0/5	0.0033	0.0019	0.0024	0.0272	0.0043
COG1070	G	Sugar (pentulose or hexulose) kinase	0.3115	0.2010	0.1811	1	5	0	1/5	0.1578	0.2010	0.1562	0.4312	0.6111
COG1071	C	TPP-dependent pyruvate or acetoin dehydrogenase subunit alpha	0.2274	0.1468	0.1568	1	5	0	1/5	0.1062	0.1071	0.1468	0.5215	0.2552
COG1072	H	Panthothenate kinase	0.0013	0.0012	0.0007	0	5	0	0/5	0.0021	0.0006	0.0021	0.0012	0.0005
COG1073	T	Fermentation-respiration switch esterase FrsA, DUF1100 family	0.4043	0.3476	0.1698	1	5	0	1/5	0.3476	0.2997	0.2312	0.7200	0.4231
COG1074	L	3-5 helicase subunit RecB of the DNA repair enzyme RecBCD (exonuclease V)	0.0009	0.0001	0.0010	0	5	0	0/5	0.0025	0.0001	0.0017	0.0000	0.0000
COG1075	I	Triacylglycerol esterase/lipase EstA, alpha/beta hydrolase fold	0.0146	0.0091	0.0156	0	5	0	0/5	0.0110	0.0013	0.0091	0.0451	0.0064
COG1076	O	DnaJ domain-containing protein	0.0004	0.0005	0.0002	0	5	0	0/5	0.0005	0.0001	0.0005	0.0007	0.0002
COG1077	DZ	Cell shape-determining ATPase MreB, actin-like superfamily	0.1178	0.0595	0.1225	0	5	0	0/5	0.0281	0.1290	0.0218	0.3506	0.0595
COG1078	R	HD superfamily phosphohydrolase	0.9959	0.9998	0.0055	5	5	1	5/5	0.9941	0.9998	0.9858	1.0000	0.9998
COG1079	F	ABC-type guanosine uptake system NupNOPQ, permease subunit NupQ	0.5287	0.5210	0.3791	3	5	1	3/5	0.0756	0.5210	0.1394	0.9420	0.9657
COG1080	G	Phosphoenolpyruvate-protein kinase (PTS system EI component in bacteria)	0.0104	0.0053	0.0092	0	5	0	0/5	0.0202	0.0016	0.0227	0.0053	0.0021
COG1082	G	Sugar phosphate isomerase/epimerase	0.9842	0.9989	0.0252	5	5	1	5/5	0.9885	0.9989	0.9345	0.9998	0.9994
COG1083	M	CMP-N-acetylneuraminic acid synthetase, NeuA/PseF family	0.1620	0.1625	0.1197	0	5	0	0/5	0.0379	0.1625	0.0219	0.3243	0.2635
COG1084	R	GTP-binding protein, GTP1/Obg family	0.9812	0.9998	0.0334	5	5	1	5/5	0.9916	0.9998	0.9146	1.0000	0.9999
COG1085	G	Galactose-1-phosphate uridylyltransferase	0.8039	0.9481	0.2129	5	5	1	5/5	0.5570	0.9481	0.5313	0.9976	0.9854
COG1086	MO	NDP-sugar epimerase, includes UDP-GlcNAc-inverting 4,6-dehydratase FlaA1 and capsular polysaccharide biosynthesis protein EpsC	0.1259	0.0676	0.1375	0	5	0	0/5	0.0534	0.0871	0.0235	0.3977	0.0676
COG1087	M	UDP-glucose 4-epimerase	0.0230	0.0095	0.0332	0	5	0	0/5	0.0882	0.0004	0.0169	0.0095	0.0002
COG1088	M	dTDP-D-glucose 4,6-dehydratase	0.5822	0.6909	0.2718	3	5	1	3/5	0.7363	0.3228	0.2154	0.9455	0.6909
COG1089	M	GDP-D-mannose dehydratase	0.4218	0.4346	0.2409	2	5	0	2/5	0.1891	0.5709	0.1322	0.7821	0.4346
COG1090	R	NAD dependent epimerase/dehydratase family enzyme	0.0253	0.0141	0.0324	0	5	0	0/5	0.0063	0.0021	0.0141	0.0895	0.0146
COG1091	M	dTDP-4-dehydrorhamnose reductase	0.6521	0.7185	0.2589	4	5	1	4/5	0.7185	0.5135	0.2307	0.9770	0.8208
COG1092	J	23S rRNA G2069 N7-methylase RlmK or C1962 C5-methylase RlmI	0.1297	0.0806	0.0964	0	5	0	0/5	0.0458	0.2018	0.0806	0.2826	0.0377
COG1093	J	Translation initiation factor 2, alpha subunit (eIF-2alpha)	0.9987	1.0000	0.0018	5	5	1	5/5	0.9979	1.0000	0.9956	1.0000	1.0000
COG1094	J	rRNA processing protein Krr1/Pno1, contains KH domain	0.9978	0.9999	0.0031	5	5	1	5/5	0.9972	0.9999	0.9919	0.9999	0.9999
COG1095	K	DNA-directed RNA polymerase, subunit E'/Rpb7	0.9996	0.9999	0.0005	5	5	1	5/5	0.9995	1.0000	0.9987	0.9999	1.0000
COG1096	U	Exosome complex RNA-binding protein Csl4, contains S1 and Zn-ribbon domains	0.9859	0.9987	0.0221	5	5	1	5/5	0.9896	0.9992	0.9422	0.9987	0.9996
COG1097	U	Exosome complex RNA-binding protein Rrp4, contains S1 and KH domains	0.9868	0.9855	0.0101	5	5	1	5/5	0.9734	0.9984	0.9855	0.9787	0.9982
COG1098	R	Predicted RNA-binding protein, contains ribosomal protein S1 (RPS1) domain	0.0155	0.0036	0.0229	0	5	0	0/5	0.0036	0.0036	0.0023	0.0612	0.0069
COG1099	R	Predicted metal-dependent hydrolase, TIM-barrel fold	0.6772	0.8911	0.3244	3	5	1	3/5	0.3130	0.9429	0.2516	0.9872	0.8911
COG1100	R	GTPase SAR1 family domain	0.9939	0.9996	0.0093	5	5	1	5/5	0.9759	0.9996	0.9943	1.0000	0.9999
COG1101	R	ABC-type uncharacterized transport system, ATPase component	0.0008	0.0005	0.0004	0	5	0	0/5	0.0014	0.0005	0.0013	0.0005	0.0004
COG1102	F	Cytidylate kinase	0.9945	1.0000	0.0086	5	5	1	5/5	0.9777	1.0000	0.9949	1.0000	1.0000
COG1103	J	Archaeal Cys-tRNA synthase (O-phospho-L-seryl-tRNA:Cys-tRNA synthase)	0.9203	0.9982	0.1075	5	5	1	5/5	0.7265	0.9997	0.8786	0.9982	0.9984
COG1104	E	Cysteine desulfurase/Cysteine sulfinate desulfinase IscS or related enzyme, NifS family	0.4435	0.3346	0.1582	2	5	0	2/5	0.6124	0.3278	0.6580	0.2845	0.3346
COG1105	G	1-phosphofructokinase or 6-phosphofructokinase II	0.0725	0.0199	0.1088	0	5	0	0/5	0.0245	0.0116	0.0199	0.2900	0.0165
COG1106	R	ATPase/GTPase, AAA15 family	0.7200	0.7597	0.2679	4	5	1	4/5	0.7597	0.8926	0.2116	0.9801	0.7562
COG1107	L	Archaea-specific RecJ-like exonuclease, contains DnaJ-type Zn finger domain	0.6951	0.9609	0.3725	3	5	1	3/5	0.4966	0.9685	0.0498	0.9995	0.9609
COG1108	P	ABC-type Mn2+/Zn2+ transport system, permease component	0.8050	0.8350	0.1139	5	5	1	5/5	0.6255	0.7281	0.8350	0.9258	0.9108
COG1109	G	Phosphomannomutase	0.9991	0.9996	0.0008	5	5	1	5/5	0.9981	0.9996	0.9981	0.9999	0.9999
COG1110	L	Reverse gyrase	0.9344	0.9188	0.0598	5	5	1	5/5	0.8412	0.9992	0.9131	0.9188	0.9998
COG1111	L	ERCC4-related helicase	0.9963	0.9979	0.0029	5	5	1	5/5	0.9925	0.9992	0.9931	0.9986	0.9979
COG1112	L	Superfamily I DNA and/or RNA helicase	0.2909	0.2267	0.2240	1	5	0	1/5	0.2267	0.1286	0.0408	0.6780	0.3805
COG1113	E	L-asparagine transporter or related permease	0.0174	0.0176	0.0082	0	5	0	0/5	0.0184	0.0082	0.0176	0.0320	0.0110
COG1114	E	Branched-chain amino acid permease	0.0009	0.0007	0.0007	0	5	0	0/5	0.0014	0.0007	0.0019	0.0002	0.0003
COG1115	E	Na+/alanine symporter	0.0102	0.0130	0.0065	0	5	0	0/5	0.0164	0.0035	0.0130	0.0165	0.0014
COG1116	P	ABC-type nitrate/sulfonate/bicarbonate transport system, ATPase component	0.8791	0.8766	0.0842	5	5	1	5/5	0.7622	0.9612	0.8129	0.9825	0.8766
COG1117	P	ABC-type phosphate transport system, ATPase component	0.9921	0.9898	0.0053	5	5	1	5/5	0.9866	0.9874	0.9898	0.9997	0.9969
COG1118	P	ABC-type sulfate/molybdate transport systems, ATPase component	0.0034	0.0022	0.0023	0	5	0	0/5	0.0059	0.0014	0.0063	0.0011	0.0022
COG1119	P	ABC-type molybdenum transport system, ATPase component ModF/photorepair protein PhrA	0.0658	0.0270	0.0854	0	5	0	0/5	0.0286	0.0270	0.0217	0.2363	0.0156
COG1120	PH	ABC-type cobalamin/Fe3+-siderophores transport system, ATPase component	0.9828	0.9932	0.0185	5	5	1	5/5	0.9932	0.9772	0.9489	0.9992	0.9955
COG1121	P	ABC-type Mn2+/Zn2+ transport system, ATPase component	0.8586	0.8716	0.1100	5	5	1	5/5	0.7127	0.7550	0.8716	0.9899	0.9640
COG1122	PR	Energy-coupling factor transporter ATP-binding protein EcfA2	0.9980	0.9999	0.0025	5	5	1	5/5	0.9960	0.9999	0.9941	1.0000	1.0000
COG1123	O	ABC-type glutathione transport system ATPase component, contains duplicated ATPase domain	0.7709	0.7625	0.1534	5	5	1	5/5	0.6845	0.9137	0.5365	0.9573	0.7625
COG1124	EP	ABC-type dipeptide/oligopeptide/nickel transport system, ATPase component	0.0649	0.0149	0.1028	0	5	0	0/5	0.0149	0.0115	0.0097	0.2705	0.0181
COG1125	E	ABC-type proline/glycine betaine transport system, ATPase component	0.1426	0.0141	0.2436	1	5	0	1/5	0.0074	0.0141	0.0042	0.6282	0.0592
COG1126	E	ABC-type polar amino acid transport system, ATPase component	0.2653	0.2492	0.0814	0	5	0	0/5	0.3143	0.2103	0.3929	0.2492	0.1597
COG1127	M	ATPase subunit MlaF of the ABC-type intermembrane phospholipid transporter Mla	0.0004	0.0001	0.0003	0	5	0	0/5	0.0008	0.0001	0.0008	0.0001	0.0001
COG1129	G	ABC-type sugar transport system, ATPase component	0.0162	0.0156	0.0150	0	5	0	0/5	0.0156	0.0022	0.0175	0.0434	0.0023
COG1131	V	ABC-type multidrug transport system, ATPase component	0.9983	0.9990	0.0018	5	5	1	5/5	0.9949	0.9990	0.9980	1.0000	0.9997
COG1132	V	ABC-type multidrug transport system, ATPase and permease component	0.1194	0.1242	0.0650	0	5	0	0/5	0.1242	0.0450	0.0597	0.2269	0.1410
COG1133	V	Peptide antibiotic transporter SbmA/BacA, ABC-type permease family	0.0009	0.0009	0.0003	0	5	0	0/5	0.0005	0.0014	0.0009	0.0007	0.0012
COG1134	G	ABC-type polysaccharide/polyol phosphate transport system, ATPase component	0.1425	0.0903	0.1006	0	5	0	0/5	0.0903	0.1701	0.0895	0.3249	0.0376
COG1135	E	ABC-type methionine transport system, ATPase component	0.0028	0.0003	0.0036	0	5	0	0/5	0.0040	0.0003	0.0094	0.0001	0.0002
COG1136	M	ABC-type lipoprotein export system, ATPase component	0.9826	0.9823	0.0121	5	5	1	5/5	0.9820	0.9823	0.9613	0.9975	0.9898
COG1137	M	ABC-type lipopolysaccharide export system, ATPase component	0.0002	0.0000	0.0002	0	5	0	0/5	0.0003	0.0000	0.0006	0.0000	0.0000
COG1138	CO	Cytochrome c biogenesis protein CcmF	0.3652	0.2923	0.2485	2	5	0	2/5	0.1810	0.5459	0.0614	0.7455	0.2923
COG1139	C	L-lactate utilization protein LutB, contains a ferredoxin-type domain	0.6680	0.7607	0.3009	4	5	1	4/5	0.5251	0.7607	0.1558	0.9889	0.9097
COG1140	CP	Nitrate reductase beta subunit	0.3445	0.2739	0.3506	1	5	0	1/5	0.0445	0.2739	0.0226	0.9877	0.3937
COG1141	C	Ferredoxin	0.6778	0.7445	0.2401	3	5	1	3/5	0.4771	0.7445	0.3246	0.9261	0.9169
COG1142	C	Fe-S-cluster-containing hydrogenase component 2	0.9684	0.9918	0.0390	5	5	1	5/5	0.9582	0.9918	0.8961	0.9975	0.9983
COG1143	C	Formate hydrogenlyase subunit 6/NADH:ubiquinone oxidoreductase 23 kD subunit (chain I)	0.9929	0.9985	0.0088	5	5	1	5/5	0.9883	0.9985	0.9775	1.0000	1.0000
COG1144	C	Pyruvate:ferredoxin oxidoreductase or related 2-oxoacid:ferredoxin oxidoreductase, delta subunit	0.9995	1.0000	0.0006	5	5	1	5/5	0.9986	1.0000	0.9991	1.0000	1.0000
COG1145	C	Ferredoxin	0.9940	0.9994	0.0077	5	5	1	5/5	0.9908	0.9994	0.9802	1.0000	0.9997
COG1146	F	NAD-dependent dihydropyrimidine dehydrogenase, PreA subunit	0.9798	0.9979	0.0312	5	5	1	5/5	0.9824	0.9979	0.9187	1.0000	0.9998
COG1148	C	Heterodisulfide reductase, subunit A (polyferredoxin)	0.9921	1.0000	0.0124	5	5	1	5/5	0.9680	1.0000	0.9926	1.0000	1.0000
COG1149	R	MinD superfamily P-loop ATPase, contains an inserted ferredoxin domain	0.9828	0.9978	0.0196	5	5	1	5/5	0.9525	0.9978	0.9662	0.9990	0.9985
COG1150	C	Heterodisulfide reductase, subunit C	0.8347	0.9876	0.1993	5	5	1	5/5	0.5179	0.9876	0.6796	0.9953	0.9929
COG1151	C	Hydroxylamine reductase (hybrid-cluster protein)	0.8534	0.9827	0.1736	5	5	1	5/5	0.7443	0.9834	0.5616	0.9949	0.9827
COG1152	C	CO dehydrogenase/acetyl-CoA synthase alpha subunit	0.9564	0.9944	0.0543	5	5	1	5/5	0.9329	0.9944	0.8597	0.9967	0.9982
COG1153	C	Formylmethanofuran dehydrogenase subunit D	0.9587	0.9996	0.0526	5	5	1	5/5	0.8722	0.9996	0.9222	0.9998	0.9996
COG1154	HI	Deoxyxylulose-5-phosphate synthase	0.0012	0.0001	0.0015	0	5	0	0/5	0.0020	0.0001	0.0037	0.0000	0.0000
COG1155	C	Archaeal/vacuolar-type H+-ATPase catalytic subunit A/Vma1	0.9991	0.9999	0.0010	5	5	1	5/5	0.9981	0.9999	0.9976	1.0000	1.0000
COG1156	C	Archaeal/vacuolar-type H+-ATPase subunit B/Vma2	0.9985	0.9998	0.0018	5	5	1	5/5	0.9970	0.9998	0.9956	1.0000	0.9999
COG1157	NU	Flagellar biosynthesis/type III secretory pathway ATPase FliI	0.0007	0.0002	0.0006	0	5	0	0/5	0.0012	0.0002	0.0015	0.0002	0.0002
COG1158	K	Transcription termination factor Rho	0.0018	0.0006	0.0017	0	5	0	0/5	0.0034	0.0004	0.0042	0.0006	0.0003
COG1159	J	GTPase Era, involved in 16S rRNA processing	0.0024	0.0002	0.0033	0	5	0	0/5	0.0087	0.0002	0.0029	0.0001	0.0001
COG1160	J	Double Era-like domain GTPase Der	0.0003	0.0000	0.0003	0	5	0	0/5	0.0006	0.0000	0.0007	0.0000	0.0000
COG1161	J	Ribosome biogenesis GTPase RbgA	0.5092	0.5861	0.2909	3	5	1	3/5	0.2811	0.7936	0.0716	0.5861	0.8136
COG1162	J	Ribosome biogenesis GTPase RsgA	0.0241	0.0053	0.0395	0	5	0	0/5	0.0053	0.0042	0.0060	0.1031	0.0020
COG1163	J	Ribosome-interacting GTPase RBG1	0.9874	0.9997	0.0166	5	5	1	5/5	0.9787	0.9997	0.9586	1.0000	1.0000
COG1164	E	Oligoendopeptidase F	0.0827	0.0361	0.0759	0	5	0	0/5	0.0282	0.0196	0.0361	0.2203	0.1095
COG1165	H	2-succinyl-5-enolpyruvyl-6-hydroxy-3-cyclohexene-1-carboxylate synthase	0.0269	0.0031	0.0475	0	5	0	0/5	0.0031	0.0003	0.0015	0.1218	0.0077
COG1166	E	Arginine decarboxylase (spermidine biosynthesis)	0.1010	0.1009	0.0693	0	5	0	0/5	0.0267	0.1504	0.0247	0.2022	0.1009
COG1167	KE	DNA-binding transcriptional regulator, MocR family, contains an aminotransferase domain	0.7812	0.7750	0.0900	5	5	1	5/5	0.7554	0.7750	0.6315	0.8931	0.8511
COG1168	ER	Bifunctional PLP-dependent enzyme with beta-cystathionase and maltose regulon repressor activities	0.0040	0.0033	0.0035	0	5	0	0/5	0.0047	0.0004	0.0033	0.0103	0.0012
COG1169	HQ	Isochorismate synthase EntC	0.0225	0.0029	0.0389	0	5	0	0/5	0.0029	0.0002	0.0014	0.1002	0.0080
COG1171	E	Threonine deaminase	0.3087	0.3387	0.1409	0	5	0	0/5	0.2505	0.0684	0.3387	0.4675	0.4186
COG1172	G	Ribose/xylose/arabinose/galactoside ABC-type transport system, permease component	0.0194	0.0063	0.0263	0	5	0	0/5	0.0056	0.0063	0.0049	0.0719	0.0083
COG1173	EP	ABC-type dipeptide/oligopeptide/nickel transport system, permease component	0.9113	0.9112	0.0896	5	5	1	5/5	0.9112	0.9014	0.7514	0.9995	0.9929
COG1174	E	ABC-type proline/glycine betaine transport system, permease component	0.1603	0.0473	0.2668	1	5	0	1/5	0.0073	0.0473	0.0037	0.6924	0.0507
COG1175	G	ABC-type sugar transport system, permease component	0.1896	0.0639	0.1902	0	5	0	0/5	0.0639	0.0130	0.0486	0.5000	0.3227
COG1176	E	ABC-type spermidine/putrescine transport system, permease component I	0.0329	0.0154	0.0451	0	5	0	0/5	0.0154	0.0010	0.0229	0.1216	0.0035
COG1177	E	ABC-type spermidine/putrescine transport system, permease component II	0.0361	0.0162	0.0476	0	5	0	0/5	0.0162	0.0053	0.0214	0.1306	0.0071
COG1178	P	ABC-type Fe3+ transport system, permease component	0.3347	0.2633	0.1182	1	5	0	1/5	0.2633	0.2507	0.2130	0.5207	0.4256
COG1179	J	tRNA A37 threonylcarbamoyladenosine dehydratase	0.0001	0.0000	0.0001	0	5	0	0/5	0.0002	0.0000	0.0002	0.0000	0.0000
COG1180	O	Pyruvate-formate lyase-activating enzyme	1.0000	1.0000	0.0000	5	5	1	5/5	0.9999	1.0000	0.9999	1.0000	1.0000
COG1181	MR	D-alanine-D-alanine ligase or related ATP-grasp enzyme	0.0087	0.0016	0.0107	0	5	0	0/5	0.0132	0.0004	0.0278	0.0016	0.0003
COG1182	C	FMN-dependent NADH-azoreductase	0.0014	0.0013	0.0009	0	5	0	0/5	0.0024	0.0003	0.0023	0.0013	0.0006
COG1183	I	Phosphatidylserine synthase	0.6779	0.7139	0.1911	4	5	1	4/5	0.7139	0.7445	0.3468	0.9357	0.6488
COG1184	J	Translation initiation factor 2B subunit, eIF-2B alpha/beta/delta family	0.9756	0.9940	0.0324	5	5	1	5/5	0.9756	0.9940	0.9128	0.9978	0.9977
COG1185	J	Polyribonucleotide nucleotidyltransferase (polynucleotide phosphorylase)	0.0004	0.0000	0.0005	0	5	0	0/5	0.0010	0.0000	0.0010	0.0000	0.0000
COG1186	J	Protein chain release factor PrfB	0.0001	0.0000	0.0002	0	5	0	0/5	0.0003	0.0000	0.0004	0.0000	0.0000
COG1187	J	Pseudouridylate synthase RsuA, specific for 16S rRNA U516  and 23S rRNA U2605	0.0015	0.0000	0.0021	0	5	0	0/5	0.0025	0.0000	0.0052	0.0000	0.0000
COG1188	J	Ribosomal 50S subunit-recycling heat shock protein, contains S4 domain	0.0002	0.0000	0.0003	0	5	0	0/5	0.0006	0.0000	0.0005	0.0000	0.0000
COG1189	J	Predicted rRNA methylase YqxC, contains S4 and FtsJ domains	0.3213	0.2807	0.2614	2	5	0	2/5	0.0553	0.5434	0.0345	0.6925	0.2807
COG1190	J	Lysyl-tRNA synthetase (class II)	0.0138	0.0146	0.0079	0	5	0	0/5	0.0224	0.0056	0.0224	0.0146	0.0041
COG1191	K	DNA-directed RNA polymerase specialized sigma subunit	0.0003	0.0000	0.0004	0	5	0	0/5	0.0007	0.0000	0.0010	0.0000	0.0000
COG1192	DN	ParA-like ATPase involved in chromosome/plasmid partitioning or cellulose biosynthesis protein BcsQ	0.3585	0.3652	0.2415	1	5	0	1/5	0.4267	0.1613	0.0727	0.7665	0.3652
COG1193	L	dsDNA-specific endonuclease/ATPase MutS2	0.5791	0.6889	0.3364	3	5	1	3/5	0.3075	0.6889	0.0814	0.9948	0.8228
COG1194	L	Adenine-specific DNA glycosylase, acts on AG and A-oxoG pairs	0.1190	0.1322	0.0764	0	5	0	0/5	0.1322	0.0427	0.0363	0.2453	0.1385
COG1195	L	Recombinational DNA repair ATPase RecF	0.0025	0.0021	0.0018	0	5	0	0/5	0.0054	0.0012	0.0034	0.0021	0.0004
COG1196	D	Chromosome segregation ATPase Smc	0.6922	0.7281	0.2032	4	5	1	4/5	0.7281	0.8212	0.9776	0.4134	0.5208
COG1197	LK	Transcription-repair coupling factor (superfamily II helicase)	0.0003	0.0000	0.0004	0	5	0	0/5	0.0008	0.0000	0.0008	0.0000	0.0000
COG1198	L	Primosomal protein N' (replication factor Y) - superfamily II helicase	0.0005	0.0000	0.0006	0	5	0	0/5	0.0010	0.0000	0.0014	0.0000	0.0000
COG1199	L	Rad3-related DNA helicase DinG	0.9455	0.9506	0.0215	5	5	1	5/5	0.9453	0.9506	0.9054	0.9579	0.9684
COG1200	L	RecG-like helicase	0.0001	0.0000	0.0002	0	5	0	0/5	0.0003	0.0000	0.0004	0.0000	0.0000
COG1201	L	Lhr-like helicase	0.9956	0.9978	0.0043	5	5	1	5/5	0.9939	0.9984	0.9880	0.9999	0.9978
COG1202	L	Superfamily II helicase, archaea-specific	0.6861	0.8698	0.3495	4	5	1	4/5	0.5876	0.8698	0.0450	0.9943	0.9339
COG1203	V	CRISPR-Cas type I system-associated endonuclease/helicase Cas3	0.9592	0.9979	0.0701	5	5	1	5/5	0.9792	0.9989	0.8199	1.0000	0.9979
COG1204	L	Replicative superfamily II helicase	0.9985	0.9997	0.0018	5	5	1	5/5	0.9973	0.9997	0.9955	1.0000	0.9999
COG1205	L	ATP-dependent helicase YprA,  contains C-terminal metal-binding DUF1998 domain	0.7672	0.9491	0.2797	4	5	1	4/5	0.5899	0.9491	0.2990	0.9996	0.9985
COG1206	J	Folate-dependent tRNA-U54 methylase TrmFO/GidA	0.0022	0.0016	0.0011	0	5	0	0/5	0.0034	0.0009	0.0016	0.0036	0.0016
COG1207	M	Bifunctional protein GlmU, N-acetylglucosamine-1-phosphate-uridyltransferase/glucosamine-1-phosphate-acetyltransferase	0.0433	0.0011	0.0727	0	5	0	0/5	0.1873	0.0007	0.0265	0.0008	0.0011
COG1208	JM	NDP-sugar pyrophosphorylase, includes eIF-2Bgamma, eIF-2Bepsilon, and LPS biosynthesis protein s	0.9995	0.9997	0.0005	5	5	1	5/5	0.9993	0.9997	0.9987	1.0000	0.9999
COG1209	M	dTDP-glucose pyrophosphorylase	0.4367	0.4938	0.1739	2	5	0	2/5	0.5788	0.1992	0.2679	0.6436	0.4938
COG1210	M	UTP-glucose-1-phosphate uridylyltransferase	0.5182	0.5029	0.0768	3	5	1	3/5	0.4333	0.5851	0.4425	0.6270	0.5029
COG1211	I	2-C-methyl-D-erythritol 4-phosphate cytidylyltransferase	0.0062	0.0063	0.0034	0	5	0	0/5	0.0113	0.0026	0.0083	0.0063	0.0023
COG1212	M	CMP-2-keto-3-deoxyoctulosonic acid synthetase	0.0031	0.0002	0.0037	0	5	0	0/5	0.0071	0.0002	0.0081	0.0001	0.0001
COG1213	I	Choline kinase	0.7150	0.8543	0.2253	4	5	1	4/5	0.3677	0.8543	0.5271	0.9213	0.9044
COG1214	J	tRNA A37 threonylcarbamoyladenosine modification protein TsaB	0.0004	0.0000	0.0005	0	5	0	0/5	0.0009	0.0000	0.0010	0.0000	0.0000
COG1215	N	Glycosyltransferase, catalytic subunit of cellulose synthase and poly-beta-1,6-N-acetylglucosamine synthase	0.9016	0.9354	0.0783	5	5	1	5/5	0.9052	0.9354	0.7503	0.9675	0.9494
COG1216	G	Glycosyltransferase, GT2 family	0.6670	0.6288	0.1348	4	5	1	4/5	0.8444	0.5728	0.4895	0.7997	0.6288
COG1217	T	Predicted membrane GTPase TypA/BipA involved in stress response	0.0000	0.0000	0.0000	0	5	0	0/5	0.0000	0.0000	0.0000	0.0000	0.0000
COG1218	P	3'-Phosphoadenosine 5'-phosphosulfate (PAPS) 3'-phosphatase	0.0064	0.0039	0.0061	0	5	0	0/5	0.0062	0.0015	0.0182	0.0039	0.0023
COG1219	O	ATP-dependent protease Clp, ATPase subunit ClpX	0.0010	0.0001	0.0011	0	5	0	0/5	0.0025	0.0001	0.0023	0.0001	0.0000
COG1220	O	ATP-dependent protease HslVU (ClpYQ), ATPase subunit HslU	0.0012	0.0009	0.0006	0	5	0	0/5	0.0008	0.0005	0.0017	0.0022	0.0009
COG1221	KT	Transcriptional regulators containing an AAA-type ATPase domain and a DNA-binding domain	0.0067	0.0033	0.0077	0	5	0	0/5	0.0016	0.0033	0.0011	0.0217	0.0057
COG1222	O	ATP-dependent 26S proteasome regulatory subunit	0.9421	0.9986	0.1041	5	5	1	5/5	0.9787	0.9986	0.7344	0.9999	0.9988
COG1223	R	Predicted ATPase, AAA+ superfamily	0.6467	0.8704	0.3442	3	5	1	3/5	0.3699	0.8925	0.1107	0.9901	0.8704
COG1224	K	DNA helicase TIP49, TBP-interacting protein	0.9083	0.9056	0.0730	5	5	1	5/5	0.8467	0.9889	0.8101	0.9056	0.9902
COG1225	O	Peroxiredoxin	0.3143	0.1908	0.2258	1	5	0	1/5	0.1908	0.1416	0.1887	0.7544	0.2962
COG1226	P	Voltage-gated potassium channel Kch	0.6726	0.6104	0.2576	4	5	1	4/5	0.6085	0.6104	0.2582	0.9964	0.8897
COG1227	C	Inorganic pyrophosphatase/exopolyphosphatase	0.1132	0.0934	0.0634	0	5	0	0/5	0.0605	0.2100	0.0406	0.1613	0.0934
COG1228	Q	Imidazolonepropionase or related amidohydrolase	0.5199	0.2979	0.3158	2	5	1	2/5	0.2375	0.2979	0.2593	0.9690	0.8360
COG1229	C	Formylmethanofuran dehydrogenase subunit A	0.9784	0.9995	0.0284	5	5	1	5/5	0.9640	0.9998	0.9288	0.9995	0.9998
COG1230	P	Co/Zn/Cd efflux system component	0.5132	0.4119	0.2910	2	5	1	2/5	0.2227	0.4119	0.2327	0.9587	0.7401
COG1231	E	Monoamine oxidase	0.0044	0.0010	0.0070	0	5	0	0/5	0.0012	0.0005	0.0010	0.0184	0.0010
COG1232	H	Protoporphyrinogen oxidase HemY/PPOX	0.4887	0.5006	0.1848	3	5	0	3/5	0.2574	0.5006	0.3668	0.8078	0.5107
COG1233	Q	Phytoene dehydrogenase-related protein	0.8661	0.8843	0.1254	5	5	1	5/5	0.8433	0.8843	0.6405	0.9935	0.9690
COG1234	J	Ribonuclease BN, tRNA processing enzyme	0.9974	0.9996	0.0039	5	5	1	5/5	0.9897	0.9996	0.9982	0.9999	0.9997
COG1235	P	Phosphoribosyl 1,2-cyclic phosphate phosphodiesterase	0.8063	0.8714	0.1165	5	5	1	5/5	0.7803	0.9143	0.5905	0.8714	0.8750
COG1236	J	RNA processing exonuclease, beta-lactamase fold, Cft2 family	0.9955	0.9963	0.0037	5	5	1	5/5	0.9902	0.9963	0.9922	0.9997	0.9991
COG1237	R	Metal-dependent hydrolase, beta-lactamase superfamily II	0.9753	0.9989	0.0340	5	5	1	5/5	0.9125	0.9989	0.9657	0.9999	0.9997
COG1238	S	Uncharacterized membrane protein YqaA, VTT domain	0.2240	0.1873	0.0967	0	5	0	0/5	0.1499	0.3417	0.1063	0.3347	0.1873
COG1239	H	Mg-chelatase subunit ChlI	0.8774	0.9339	0.1178	5	5	1	5/5	0.7237	0.9339	0.7481	0.9987	0.9827
COG1240	H	vWFA (von Willebrand factor type A) domain of Mg and Co chelatases	0.1562	0.1464	0.1251	0	5	0	0/5	0.0446	0.1464	0.0201	0.3686	0.2011
COG1241	L	DNA replicative helicase MCM subunit Mcm2, Cdc46/Mcm family	0.9994	1.0000	0.0008	5	5	1	5/5	0.9986	1.0000	0.9983	1.0000	1.0000
COG1242	R	Radical SAM superfamily enzyme	0.0494	0.0498	0.0336	0	5	0	0/5	0.0188	0.0643	0.0102	0.1037	0.0498
COG1243	J	tRNA U34 5-carboxymethylaminomethylation enzyme Elp3 (RNA elongator complex protein 3), contains radical SAM and acetyltransferase domains	0.9981	0.9999	0.0029	5	5	1	5/5	0.9982	0.9999	0.9925	1.0000	1.0000
COG1244	J	Archaeosine formation enzyme, radical SAM superfamily	0.9215	0.9915	0.1407	5	5	1	5/5	0.9801	0.9915	0.6404	0.9998	0.9959
COG1245	J	Translation initiation factor RLI1, contains Fe-S and AAA+ ATPase domains	0.9996	0.9999	0.0005	5	5	1	5/5	0.9992	0.9999	0.9988	1.0000	1.0000
COG1246	E	N-acetylglutamate synthase or related acetyltransferase, GNAT family	0.2943	0.2644	0.2517	1	5	0	1/5	0.4041	0.0298	0.0575	0.7158	0.2644
COG1247	E	L-amino acid N-acyltransferase MnaT	0.2039	0.2083	0.1203	0	5	0	0/5	0.2083	0.1005	0.0649	0.4065	0.2392
COG1249	C	Dihydrolipoamide dehydrogenase (E3) component of pyruvate/2-oxoglutarate dehydrogenase complex or glutathione oxidoreductase	0.7830	0.7351	0.1548	5	5	1	5/5	0.7351	0.6232	0.6283	0.9990	0.9293
COG1250	I	3-hydroxyacyl-CoA dehydrogenase	0.6242	0.4966	0.2539	2	5	1	2/5	0.3037	0.4785	0.4966	0.9749	0.8675
COG1251	C	NAD(P)H-nitrite reductase, large subunit	0.3958	0.2737	0.2260	2	5	0	2/5	0.5302	0.2164	0.1825	0.7763	0.2737
COG1252	C	NADH dehydrogenase, FAD-containing subunit	0.0964	0.0521	0.0890	0	5	0	0/5	0.1153	0.0179	0.0349	0.2618	0.0521
COG1253	R	Hemolysin-related protein, contains CBS domains, UPF0053 family	0.0447	0.0501	0.0310	0	5	0	0/5	0.0528	0.0141	0.0501	0.0959	0.0106
COG1254	C	Acylphosphatase	0.9949	0.9980	0.0053	5	5	1	5/5	0.9866	0.9980	0.9905	0.9998	0.9994
COG1255	R	Predicted small methyltransferase MTH1000, UPF0146 family	0.8012	0.9116	0.2447	4	5	1	4/5	0.8131	0.9116	0.3268	0.9825	0.9718
COG1256	N	Flagellar hook-associated protein FlgK	0.0005	0.0003	0.0003	0	5	0	0/5	0.0009	0.0002	0.0009	0.0003	0.0002
COG1257	I	Hydroxymethylglutaryl-CoA reductase	0.9972	0.9993	0.0032	5	5	1	5/5	0.9946	0.9993	0.9922	1.0000	0.9997
COG1258	J	tRNA U54 and U55 pseudouridine synthase Pus10	0.9952	0.9997	0.0063	5	5	1	5/5	0.9928	0.9997	0.9838	1.0000	0.9999
COG1259	R	Bifunctional DNase/RNase	0.6855	0.8331	0.3262	3	5	1	3/5	0.4093	0.8331	0.1938	0.9986	0.9925
COG1260	I	Myo-inositol-1-phosphate synthase	0.9907	0.9995	0.0113	5	5	1	5/5	0.9737	0.9995	0.9805	1.0000	0.9999
COG1261	N	Flagellar basal body P-ring formation protein FlgA	0.0019	0.0019	0.0004	0	5	0	0/5	0.0019	0.0013	0.0020	0.0024	0.0018
COG1262	O	Formylglycine-generating enzyme, required for sulfatase activity, contains SUMF1/FGE domain	0.0694	0.0246	0.0882	0	5	0	0/5	0.0416	0.0246	0.0198	0.2448	0.0160
COG1263	G	Phosphotransferase system IIC components, glucose/maltose/N-acetylglucosamine-specific	0.0002	0.0000	0.0002	0	5	0	0/5	0.0003	0.0000	0.0006	0.0000	0.0000
COG1264	G	Phosphotransferase system IIB components	0.0036	0.0028	0.0024	0	5	0	0/5	0.0016	0.0028	0.0016	0.0081	0.0039
COG1266	O	Membrane protease YdiL, CAAX protease family	0.8234	0.8176	0.0948	5	5	1	5/5	0.8176	0.7918	0.6734	0.9611	0.8732
COG1267	I	Phosphatidylglycerophosphatase A	0.7890	0.9107	0.1916	5	5	1	5/5	0.5016	0.9751	0.6184	0.9390	0.9107
COG1268	H	Biotin transporter BioY	0.6363	0.7775	0.3122	3	5	1	3/5	0.3987	0.7775	0.1519	0.9882	0.8651
COG1269	C	Archaeal/vacuolar-type H+-ATPase subunit I/STV1	0.9967	0.9994	0.0054	5	5	1	5/5	0.9981	0.9994	0.9860	1.0000	0.9999
COG1270	H	Cobalamin biosynthesis protein CobD/CbiB	0.8812	0.9728	0.2026	4	5	1	4/5	0.9608	0.9728	0.4770	1.0000	0.9952
COG1271	C	Cytochrome bd-type quinol oxidase, subunit 1	0.2484	0.1249	0.2910	1	5	0	1/5	0.0561	0.1249	0.0298	0.8160	0.2152
COG1272	U	Predicted membrane channel-forming protein YqfA, hemolysin III family	0.0018	0.0011	0.0024	0	5	0	0/5	0.0011	0.0001	0.0013	0.0065	0.0001
COG1273	L	Non-homologous end joining protein Ku, dsDNA break repair	0.2301	0.1733	0.1904	1	5	0	1/5	0.0508	0.2785	0.0731	0.5749	0.1733
COG1274	C	Phosphoenolpyruvate carboxykinase, GTP-dependent	0.4900	0.4548	0.2673	2	5	0	2/5	0.2490	0.4548	0.1561	0.7843	0.8058
COG1275	V	Tellurite resistance protein TehA and related permeases	0.3482	0.3204	0.2955	1	5	0	1/5	0.1217	0.3625	0.0466	0.8897	0.3204
COG1276	P	Putative copper export protein	0.0123	0.0032	0.0180	0	5	0	0/5	0.0032	0.0024	0.0025	0.0483	0.0049
COG1277	O	ABC-type transport system involved in multi-copper enzyme maturation, permease component	0.8716	0.8726	0.0721	5	5	1	5/5	0.8902	0.8524	0.7590	0.9838	0.8726
COG1278	K	Cold shock protein, CspA family	0.0425	0.0451	0.0259	0	5	0	0/5	0.0451	0.0092	0.0534	0.0834	0.0215
COG1279	E	Arginine exporter protein ArgO	0.0163	0.0042	0.0257	0	5	0	0/5	0.0025	0.0026	0.0042	0.0678	0.0046
COG1280	E	Threonine/homoserine/homoserine lactone efflux protein	0.7684	0.7634	0.1476	5	5	1	5/5	0.7634	0.6236	0.5868	0.9366	0.9318
COG1281	O	Redox-regulated molecular chaperone, HSP33 family	0.0001	0.0001	0.0001	0	5	0	0/5	0.0001	0.0000	0.0003	0.0001	0.0000
COG1282	C	NAD/NADP transhydrogenase beta subunit	0.0060	0.0061	0.0028	0	5	0	0/5	0.0080	0.0061	0.0058	0.0091	0.0009
COG1283	P	Na+/phosphate symporter	0.0186	0.0231	0.0058	0	5	0	0/5	0.0231	0.0123	0.0232	0.0237	0.0107
COG1284	S	Uncharacterized membrane-anchored protein YitT, contains DUF161 and DUF2179 domains	0.0006	0.0003	0.0006	0	5	0	0/5	0.0015	0.0003	0.0010	0.0001	0.0001
COG1285	P	Magnesium uptake protein YhiD/SapB, involved in acid resistance	0.0059	0.0029	0.0060	0	5	0	0/5	0.0113	0.0002	0.0148	0.0029	0.0002
COG1286	FM	Colicin V production accessory protein CvpA, regulator of purF expression and biofilm formation	0.0006	0.0005	0.0002	0	5	0	0/5	0.0005	0.0003	0.0005	0.0006	0.0010
COG1287	O	Asparagine N-glycosylation enzyme, membrane subunit Stt3	0.9831	0.9993	0.0260	5	5	1	5/5	0.9838	0.9993	0.9326	1.0000	0.9996
COG1288	R	Predicted membrane transporter YfcC, affects glyoxylate shunt	0.0018	0.0013	0.0013	0	5	0	0/5	0.0013	0.0007	0.0019	0.0043	0.0008
COG1289	S	Uncharacterized membrane protein YccC	0.0012	0.0008	0.0014	0	5	0	0/5	0.0009	0.0003	0.0008	0.0039	0.0003
COG1290	C	Cytochrome b subunit of the bc complex	0.0716	0.0169	0.0959	0	5	0	0/5	0.0101	0.0169	0.0161	0.2609	0.0539
COG1291	N	Flagellar motor component MotA	0.0010	0.0004	0.0007	0	5	0	0/5	0.0018	0.0004	0.0019	0.0004	0.0003
COG1292	M	Choline-glycine betaine transporter	0.0281	0.0061	0.0462	0	5	0	0/5	0.0077	0.0061	0.0040	0.1204	0.0024
COG1293	JO	Ribosome quality control (RQC) protein RqcH, Rqc2/NEMF/Tae2 family, contains fibronectin-(FbpA) and RNA- (NFACT) binding domains	0.9943	0.9994	0.0069	5	5	1	5/5	0.9896	0.9994	0.9829	1.0000	0.9998
COG1294	C	Cytochrome bd-type quinol oxidase, subunit 2	0.1098	0.0194	0.1584	0	5	0	0/5	0.0194	0.0092	0.0097	0.4209	0.0898
COG1295	S	Uncharacterized membrane protein, BrkB/YihY/UPF0761 family (not an RNase)	0.0435	0.0109	0.0715	0	5	0	0/5	0.0065	0.0016	0.0109	0.1864	0.0121
COG1296	E	Predicted branched-chain amino acid permease (azaleucine resistance)	0.1042	0.0283	0.1474	0	5	0	0/5	0.0283	0.0224	0.0203	0.3981	0.0518
COG1297	R	Predicted oligopeptide transporter, OPT family	0.2811	0.2848	0.0985	0	5	0	0/5	0.1780	0.2848	0.1628	0.3994	0.3805
COG1298	N	Flagellar biosynthesis protein FlhA	0.0007	0.0002	0.0006	0	5	0	0/5	0.0015	0.0002	0.0014	0.0001	0.0001
COG1299	G	Phosphotransferase system, fructose-specific IIC component	0.0031	0.0023	0.0028	0	5	0	0/5	0.0023	0.0007	0.0032	0.0083	0.0008
COG1300	D	Stage II sporulation protein SpoIIM, component of the engulfment complex	0.8388	0.9830	0.2549	4	5	1	4/5	0.8903	0.9830	0.3349	0.9978	0.9879
COG1301	C	Na+/H+-dicarboxylate symporter	0.0423	0.0143	0.0461	0	5	0	0/5	0.0570	0.0065	0.0143	0.1266	0.0071
COG1302	S	Uncharacterized conserved protein YloU, alkaline shock protein (Asp23) family	0.0181	0.0079	0.0225	0	5	0	0/5	0.0045	0.0079	0.0050	0.0630	0.0102
COG1303	J	tRNA C56-2-O'-methylase, SpoU family	0.9842	0.9993	0.0227	5	5	1	5/5	0.9409	0.9993	0.9821	0.9993	0.9996
COG1304	CIR	FMN-dependent dehydrogenase, includes L-lactate dehydrogenase and type II isopentenyl diphosphate isomerase	0.9979	0.9988	0.0019	5	5	1	5/5	0.9964	0.9988	0.9950	0.9998	0.9995
COG1305	O	Transglutaminase-like enzyme, putative cysteine protease	0.8141	0.9103	0.1626	5	5	1	5/5	0.9161	0.7619	0.5184	0.9636	0.9103
COG1306	R	Predicted glycosyl hydrolase, alpha amylase family	0.0017	0.0006	0.0022	0	5	0	0/5	0.0004	0.0006	0.0004	0.0061	0.0012
COG1307	I	Fatty acid-binding protein DegV (function unknown)	0.0098	0.0061	0.0074	0	5	0	0/5	0.0056	0.0053	0.0061	0.0245	0.0074
COG1308	K	Transcription factor homologous to NACalpha-BTF3	0.9956	0.9999	0.0054	5	5	1	5/5	0.9906	0.9999	0.9877	1.0000	0.9999
COG1309	K	DNA-binding protein, AcrR family, includes nucleoid occlusion protein SlmA	0.3322	0.2428	0.2314	1	5	0	1/5	0.3116	0.2153	0.1140	0.7773	0.2428
COG1310	O	Proteasome lid subunit RPN8/RPN11, contains Jab1/MPN domain metalloenzyme (JAMM) motif	0.9765	0.9959	0.0297	5	5	1	5/5	0.9643	0.9959	0.9232	0.9999	0.9990
COG1311	L	Archaeal DNA polymerase II, small subunit/DNA polymerase delta, subunit B	0.9962	0.9990	0.0042	5	5	1	5/5	0.9890	0.9996	0.9940	0.9996	0.9990
COG1312	G	D-mannonate dehydratase	0.0630	0.0214	0.0918	0	5	0	0/5	0.0093	0.0214	0.0056	0.2456	0.0331
COG1313	R	Radical SAM superfamily enzyme PflX	0.9934	0.9999	0.0080	5	5	1	5/5	0.9839	0.9999	0.9834	1.0000	1.0000
COG1314	U	Protein translocase subunit SecG	0.0007	0.0001	0.0007	0	5	0	0/5	0.0015	0.0001	0.0016	0.0001	0.0000
COG1315	N	Flagellar assembly protein FapA, interacts with EIIAGlc	0.0018	0.0016	0.0006	0	5	0	0/5	0.0016	0.0014	0.0022	0.0029	0.0011
COG1316	M	Anionic cell wall polymer biosynthesis enzyme TagV/TagU,  LytR-Cps2A-Psr (LCP) family (peptidoglycan teichoic acid transferase)	0.0240	0.0098	0.0302	0	5	0	0/5	0.0092	0.0068	0.0099	0.0843	0.0098
COG1317	NU	Flagellar biosynthesis/type III secretory pathway protein FliH	0.0004	0.0004	0.0002	0	5	0	0/5	0.0006	0.0002	0.0005	0.0004	0.0002
COG1318	K	Predicted transcriptional regulator	0.8089	0.9056	0.1522	5	5	1	5/5	0.7328	0.9362	0.5432	0.9056	0.9267
COG1319	C	Aldehyde, CO, or xanthine dehydrogenase, FAD-binding subunit	0.3141	0.1143	0.3246	2	5	0	2/5	0.0311	0.1143	0.0326	0.8296	0.5629
COG1320	P	Multisubunit Na+/H+ antiporter, MnhG subunit	0.8829	0.9377	0.1454	5	5	1	5/5	0.9377	0.9312	0.5951	0.9910	0.9595
COG1321	K	Mn-dependent transcriptional regulator MntR, DtxR family	0.9830	0.9994	0.0254	5	5	1	5/5	0.9814	0.9994	0.9342	1.0000	0.9999
COG1322	L	DNA anti-recombination protein (rearrangement mutator) RmuC	0.0100	0.0026	0.0092	0	5	0	0/5	0.0203	0.0025	0.0222	0.0025	0.0026
COG1323	J	tRNA-Met C34-N4-acetylcytidine synthase TmcAL	0.1369	0.1671	0.1102	0	5	0	0/5	0.0134	0.2920	0.0095	0.1671	0.2025
COG1324	P	Divalent cation tolerance protein CutA	0.9383	0.9914	0.0973	5	5	1	5/5	0.9572	0.9914	0.7460	0.9992	0.9975
COG1325	U	Exosome subunit, RNA binding protein with dsRBD fold	0.9821	0.9991	0.0243	5	5	1	5/5	0.9378	0.9991	0.9739	0.9998	0.9998
COG1326	R	Uncharacterized archaeal Zn-finger protein	0.6669	0.6849	0.2499	4	5	1	4/5	0.6145	0.8476	0.2291	0.9583	0.6849
COG1327	K	Transcriptional regulator NrdR, contains Zn-ribbon and ATP-cone domains	0.0106	0.0038	0.0129	0	5	0	0/5	0.0148	0.0001	0.0340	0.0038	0.0004
COG1328	F	Anaerobic ribonucleoside-triphosphate reductase	0.9703	0.9673	0.0199	5	5	1	5/5	0.9592	0.9976	0.9412	0.9673	0.9863
COG1329	K	RNA polymerase-interacting regulator, CarD/CdnL/TRCF family	0.0025	0.0020	0.0010	0	5	0	0/5	0.0035	0.0017	0.0040	0.0020	0.0014
COG1330	L	Scaffold subunit RecC of the DNA repair enzyme RecBCD (exonuclease V)	0.0026	0.0025	0.0009	0	5	0	0/5	0.0037	0.0015	0.0025	0.0036	0.0016
COG1331	R	Uncharacterized conserved protein YyaL, SSP411 family, contains thoiredoxin and six-hairpin glycosidase-like domains	0.6884	0.8028	0.2893	3	5	1	3/5	0.2899	0.8028	0.4016	0.9992	0.9484
COG1332	V	CRISPR-Cas system type III CSM-effector complex subunit Csm5, RAMP superfamily Cas7 group	0.5945	0.7738	0.3768	3	5	1	3/5	0.1905	0.9274	0.0944	0.9865	0.7738
COG1333	CO	Cytochrome c biogenesis protein ResB	0.0111	0.0038	0.0127	0	5	0	0/5	0.0022	0.0038	0.0030	0.0357	0.0108
COG1334	R	Uncharacterized conserved protein, FlaG/YvyC family	0.0106	0.0080	0.0050	0	5	0	0/5	0.0080	0.0070	0.0065	0.0200	0.0113
COG1335	HR	Nicotinamidase-related amidase	0.9322	0.9629	0.0800	5	5	1	5/5	0.9182	0.9629	0.7834	0.9994	0.9970
COG1336	V	CRISPR-Cas system type III CMR-effector complex subunit Cmr4, RAMP superfamily Cas7 group	0.6961	0.8878	0.3262	3	5	1	3/5	0.4267	0.9752	0.1926	0.9983	0.8878
COG1337	V	CRISPR-Cas system type III CSM-effector complex subunit Csm3, RAMP superfamily Cas7 group	0.8191	0.9854	0.2223	4	5	1	4/5	0.6484	0.9978	0.4645	0.9994	0.9854
COG1338	N	Flagellar biosynthesis protein FliP	0.0005	0.0003	0.0004	0	5	0	0/5	0.0010	0.0002	0.0009	0.0003	0.0002
COG1339	H	Archaeal CTP-dependent riboflavin kinase	0.9985	0.9998	0.0018	5	5	1	5/5	0.9970	0.9998	0.9957	1.0000	1.0000
COG1340	S	Uncharacterized coiled-coil protein, contains DUF342 domain	0.9219	0.9831	0.1059	5	5	1	5/5	0.9252	0.9831	0.7163	0.9984	0.9867
COG1341	J	Polynucleotide 5'-kinase, involved in rRNA processing	0.4457	0.5200	0.3422	3	5	0	3/5	0.0295	0.5200	0.0667	0.8459	0.7664
COG1342	R	Predicted DNA-binding protein, UPF0251 family	0.9732	0.9983	0.0359	5	5	1	5/5	0.9619	0.9993	0.9073	0.9983	0.9991
COG1343	V	CRISPR/Cas system-associated endoribonuclease Cas2	0.9574	0.9998	0.0744	5	5	1	5/5	0.9776	1.0000	0.8097	1.0000	0.9998
COG1344	N	Flagellin and related hook-associated protein FlgL	0.0010	0.0002	0.0010	0	5	0	0/5	0.0020	0.0002	0.0025	0.0001	0.0001
COG1345	N	Flagellar capping protein FliD	0.0057	0.0057	0.0026	0	5	0	0/5	0.0087	0.0037	0.0084	0.0057	0.0021
COG1346	M	Putative effector of murein hydrolase	0.1125	0.0523	0.1496	0	5	0	0/5	0.0340	0.0523	0.0097	0.4099	0.0568
COG1347	C	Na+-transporting NADH:ubiquinone oxidoreductase, subunit NqrD	0.0008	0.0008	0.0004	0	5	0	0/5	0.0010	0.0004	0.0013	0.0008	0.0003
COG1348	HP	Nitrogenase ATPase subunit NifH/coenzyme F430 biosynthesis subunit CfbC	0.6152	0.7154	0.2798	3	5	1	3/5	0.4943	0.7447	0.1460	0.9757	0.7154
COG1349	KG	DNA-binding transcriptional regulator of sugar metabolism, DeoR/GlpR family	0.0119	0.0131	0.0090	0	5	0	0/5	0.0241	0.0017	0.0187	0.0131	0.0019
COG1350	E	Predicted alternative tryptophan synthase beta-subunit (paralog of TrpB)	0.9432	0.9986	0.0691	5	5	1	5/5	0.8648	0.9986	0.8527	1.0000	0.9999
COG1351	F	Thymidylate synthase ThyX, FAD-dependent family	0.8453	0.8887	0.1277	5	5	1	5/5	0.6007	0.8599	0.8887	0.9719	0.9052
COG1352	T	Methylase of chemotaxis methyl-accepting proteins	0.6810	0.7348	0.2132	3	5	1	3/5	0.4887	0.7348	0.3904	0.9695	0.8217
COG1353	V	CRISPR/Cas system-associated protein Cas10, large subunit of type III CRISPR-Cas systems, contains HD superfamily nuclease domain	0.8545	0.9973	0.2002	4	5	1	4/5	0.7848	1.0000	0.4902	1.0000	0.9973
COG1354	L	Chromatin segregation and condensation protein Rec8/ScpA/Scc1, kleisin family	0.7132	0.6726	0.1280	5	5	1	5/5	0.6238	0.8015	0.9124	0.5558	0.6726
COG1355	R	Predicted class III extradiol dioxygenase, MEMO1 family	0.9984	1.0000	0.0020	5	5	1	5/5	0.9970	1.0000	0.9951	1.0000	1.0000
COG1356	K	Transcriptional regulator	0.7210	0.9352	0.2814	3	5	1	3/5	0.4633	0.9386	0.3014	0.9663	0.9352
COG1357	S	Uncharacterized conserved protein YjbI, contains pentapeptide repeats	0.1107	0.0497	0.1280	0	5	0	0/5	0.0442	0.0713	0.0234	0.3648	0.0497
COG1358	J	Ribosomal protein L7Ae or related RNA K-turn-binding protein	0.9986	0.9998	0.0016	5	5	1	5/5	0.9963	0.9998	0.9971	0.9999	0.9999
COG1359	C	Quinol monooxygenase YgiN	0.0767	0.0312	0.1118	0	5	0	0/5	0.0107	0.0312	0.0065	0.2991	0.0360
COG1360	N	Flagellar motor protein MotB	0.0003	0.0000	0.0003	0	5	0	0/5	0.0006	0.0000	0.0007	0.0000	0.0000
COG1361	R	S-layer protein MJ0795, predicted component of type IV pili-like system	0.9354	0.9903	0.1013	5	5	1	5/5	0.9593	0.9971	0.7347	0.9956	0.9903
COG1362	E	Aspartyl aminopeptidase	0.0070	0.0063	0.0036	0	5	0	0/5	0.0099	0.0026	0.0039	0.0123	0.0063
COG1363	EG	Putative aminopeptidase FrvX	0.9885	0.9986	0.0170	5	5	1	5/5	0.9896	0.9986	0.9554	0.9999	0.9992
COG1364	E	Glutamate N-acetyltransferase (ornithine transacetylase)	0.5493	0.4724	0.1443	2	5	1	2/5	0.4724	0.5605	0.4218	0.8235	0.4682
COG1365	R	Predicted ATPase, PP-loop superfamily	0.4879	0.5976	0.2797	3	5	0	3/5	0.2323	0.7463	0.0848	0.7786	0.5976
COG1366	T	Anti-anti-sigma regulatory factor (antagonist of anti-sigma factor)	0.0189	0.0147	0.0139	0	5	0	0/5	0.0141	0.0205	0.0147	0.0439	0.0015
COG1367	V	CRISPR-Cas system type III CMR-effector complex subunit Cmr1, RAMP superfamily Cas7 group	0.6061	0.6964	0.3356	3	5	1	3/5	0.3114	0.9098	0.1258	0.9871	0.6964
COG1368	M	Phosphoglycerol transferase MdoB/OpgB, AlkP superfamily	0.0002	0.0000	0.0003	0	5	0	0/5	0.0005	0.0000	0.0006	0.0000	0.0000
COG1369	J	RNase P/RNase MRP subunit POP5	0.9233	0.9659	0.0886	5	5	1	5/5	0.8844	0.9659	0.7672	0.9994	0.9994
COG1370	J	tRNA-guanine transglycosylase, archaeosine-15-forming, contains TGT and PUA domains	0.7599	0.9655	0.2674	3	5	1	3/5	0.4638	0.9655	0.4029	0.9773	0.9900
COG1371	J	Archease, activates RNA ligation by RtcB (tRNA splicing)	0.9969	1.0000	0.0050	5	5	1	5/5	0.9975	1.0000	0.9870	1.0000	1.0000
COG1372	LX	Intein/homing endonuclease	0.5720	0.7549	0.2673	3	5	1	3/5	0.2632	0.7875	0.2288	0.7549	0.8254
COG1373	R	Predicted ATPase, AAA+ superfamily	0.8641	0.9856	0.2049	4	5	1	4/5	0.8858	0.9908	0.4626	0.9959	0.9856
COG1374	J	Rbosome biogenesis protein Nip4, contains PUA domain	0.8153	0.9772	0.2266	4	5	1	4/5	0.6857	0.9906	0.4273	0.9772	0.9957
COG1376	M	Lipoprotein-anchoring transpeptidase ErfK/SrfK	0.0003	0.0001	0.0003	0	5	0	0/5	0.0006	0.0000	0.0008	0.0001	0.0000
COG1377	N	Flagellar biosynthesis protein FlhB	0.0016	0.0007	0.0013	0	5	0	0/5	0.0028	0.0005	0.0036	0.0007	0.0005
COG1378	K	Sugar-specific transcriptional regulator TrmB	0.8322	0.9570	0.1870	5	5	1	5/5	0.5872	0.9570	0.6214	0.9993	0.9962
COG1379	R	PHP family phosphoesterase with a Zn ribbon	0.9230	0.9463	0.0741	5	5	1	5/5	0.9463	0.9938	0.7797	0.9398	0.9555
COG1380	R	Putative effector of murein hydrolase LrgA, UPF0299 family	0.1189	0.0530	0.1576	0	5	0	0/5	0.0349	0.0530	0.0100	0.4320	0.0646
COG1381	L	Recombinational DNA repair protein RecO (RecF pathway)	0.0001	0.0000	0.0001	0	5	0	0/5	0.0003	0.0000	0.0003	0.0000	0.0000
COG1382	O	Prefoldin, chaperonin cofactor	0.9826	0.9998	0.0296	5	5	1	5/5	0.9895	0.9998	0.9240	0.9999	0.9999
COG1383	J	Ribosomal protein S17E	0.9958	0.9995	0.0046	5	5	1	5/5	0.9903	0.9996	0.9901	0.9995	0.9996
COG1384	J	Lysyl-tRNA synthetase, class I	0.9799	0.9975	0.0306	5	5	1	5/5	0.9870	0.9981	0.9192	0.9975	0.9975
COG1385	J	16S rRNA U1498 N3-methylase RsmE	0.0002	0.0000	0.0002	0	5	0	0/5	0.0004	0.0000	0.0005	0.0000	0.0000
COG1386	K	Chromosome segregation and condensation protein ScpB	0.6573	0.6863	0.2119	4	5	1	4/5	0.7667	0.6863	0.9664	0.3440	0.5231
COG1387	ER	Histidinol phosphatase or related hydrolase of the PHP family	0.8986	0.9911	0.1246	5	5	1	5/5	0.8185	0.9911	0.6903	0.9994	0.9939
COG1388	M	LysM repeat	0.0066	0.0009	0.0073	0	5	0	0/5	0.0129	0.0008	0.0178	0.0009	0.0004
COG1389	L	DNA topoisomerase VI, subunit B	0.9752	0.9985	0.0385	5	5	1	5/5	0.9781	0.9985	0.8999	0.9998	0.9996
COG1390	C	Archaeal/vacuolar-type H+-ATPase subunit E/Vma4	0.9861	0.9995	0.0171	5	5	1	5/5	0.9715	0.9995	0.9597	0.9999	0.9997
COG1391	O	Glutamine synthetase adenylyltransferase	0.0043	0.0039	0.0017	0	5	0	0/5	0.0039	0.0015	0.0039	0.0068	0.0052
COG1392	P	Phosphate transport regulator YkaA, distantly related to PhoU, UPF0111/DUF47 family	0.9932	0.9982	0.0077	5	5	1	5/5	0.9798	0.9982	0.9894	0.9992	0.9996
COG1393	P	Arsenate reductase or related protein, glutaredoxin family	0.0004	0.0000	0.0005	0	5	0	0/5	0.0012	0.0000	0.0007	0.0000	0.0000
COG1394	C	Archaeal/vacuolar-type H+-ATPase subunit D/Vma8	0.9977	0.9997	0.0027	5	5	1	5/5	0.9951	0.9997	0.9937	1.0000	0.9999
COG1395	K	Predicted transcriptional regulator	0.9805	0.9993	0.0314	5	5	1	5/5	0.9848	0.9993	0.9187	0.9999	0.9996
COG1396	K	Transcriptional regulator, contains XRE-family HTH domain	0.0485	0.0331	0.0386	0	5	0	0/5	0.0589	0.0296	0.0331	0.1173	0.0038
COG1397	O	ADP-ribosylglycohydrolase	0.6216	0.7153	0.2739	3	5	1	3/5	0.4427	0.7153	0.1949	0.9807	0.7742
COG1398	I	Fatty-acid desaturase	0.0007	0.0006	0.0005	0	5	0	0/5	0.0006	0.0004	0.0007	0.0017	0.0003
COG1399	J	23S rRNA accumulation protein YceD (essential in plants, uncharacterized in bacteria)	0.0004	0.0003	0.0004	0	5	0	0/5	0.0006	0.0001	0.0011	0.0003	0.0001
COG1400	U	Signal recognition particle subunit SEC65	0.9981	0.9999	0.0023	5	5	1	5/5	0.9957	0.9999	0.9950	0.9999	1.0000
COG1401	V	5-methylcytosine-specific restriction endonuclease McrBC, GTP-binding regulatory subunit McrB	0.5260	0.4383	0.2604	2	5	1	2/5	0.4383	0.6876	0.1987	0.9408	0.3646
COG1402	H	Creatinine amidohydrolase/Fe(II)-dependent FAPy formamide hydrolase (riboflavin and F420 biosynthesis)	0.8900	0.8404	0.0845	5	5	1	5/5	0.8263	0.8404	0.7989	0.9964	0.9878
COG1403	V	5-methylcytosine-specific restriction endonuclease McrA	0.2177	0.1921	0.1323	0	5	0	0/5	0.0963	0.2476	0.1921	0.4556	0.0970
COG1404	O	Serine protease, subtilisin family	0.8555	0.8828	0.0670	5	5	1	5/5	0.7225	0.9048	0.8819	0.8828	0.8855
COG1405	K	Transcription initiation factor TFIIIB, Brf1 subunit/Transcription initiation factor TFIIB	0.9997	1.0000	0.0004	5	5	1	5/5	0.9993	1.0000	0.9991	1.0000	1.0000
COG1406	N	Chemotaxis protein CheX, a CheY~P-specific phosphatase	0.0028	0.0012	0.0032	0	5	0	0/5	0.0010	0.0012	0.0009	0.0091	0.0020
COG1407	R	Metallophosphoesterase superfamily enzyme	0.9869	0.9993	0.0216	5	5	1	5/5	0.9440	0.9993	0.9920	0.9996	0.9994
COG1408	R	Predicted phosphohydrolase, MPP superfamily	0.1583	0.0609	0.2100	1	5	0	1/5	0.0343	0.0956	0.0254	0.5754	0.0609
COG1409	T	3',5'-cyclic AMP phosphodiesterase CpdA	0.7568	0.7331	0.0516	5	5	1	5/5	0.7723	0.7115	0.7331	0.8507	0.7166
COG1410	E	Methionine synthase I, cobalamin-binding domain	0.2425	0.0517	0.2426	1	5	0	1/5	0.0517	0.0422	0.0449	0.5885	0.4854
COG1411	R	Uncharacterized conserved protein related to proFAR isomerase (HisA)	0.9133	0.9963	0.1202	5	5	1	5/5	0.8861	0.9980	0.6889	0.9973	0.9963
COG1412	J	rRNA-processing protein FCF1	0.9982	0.9999	0.0021	5	5	1	5/5	0.9957	0.9999	0.9955	0.9999	0.9999
COG1413	R	HEAT repeat	0.4420	0.3701	0.2013	2	5	0	2/5	0.2349	0.5267	0.2858	0.7926	0.3701
COG1414	K	DNA-binding transcriptional regulator, IclR family	0.0822	0.0230	0.1114	0	5	0	0/5	0.0101	0.0230	0.0057	0.2999	0.0724
COG1415	S	Uncharacterized conserved protein, DUF763 domain	0.9736	0.9959	0.0349	5	5	1	5/5	0.9697	0.9959	0.9071	0.9965	0.9989
COG1416	P	Intracellular sulfur oxidation protein, DsrE/DsrF family	0.3668	0.3507	0.3539	1	5	0	1/5	0.0249	0.3507	0.0126	0.9777	0.4680
COG1417	S	Uncharacterized conserved protein, DUF22 domain	0.6499	0.9157	0.3681	3	5	1	3/5	0.2449	0.9722	0.1571	0.9596	0.9157
COG1418	JR	HD superfamily phosphodieaserase, includes HD domain of RNase Y	0.9532	0.9820	0.0485	5	5	1	5/5	0.9351	0.9820	0.8658	0.9917	0.9914
COG1419	N	Flagellar biosynthesis GTPase FlhF	0.0015	0.0015	0.0005	0	5	0	0/5	0.0017	0.0015	0.0011	0.0022	0.0008
COG1420	K	Transcriptional regulator of heat shock response	0.0001	0.0001	0.0001	0	5	0	0/5	0.0001	0.0000	0.0002	0.0001	0.0000
COG1421	V	CRISPR-Cas system type III CSM-effector complex small subunit Csm2	0.5585	0.7204	0.3791	3	5	1	3/5	0.1428	0.8915	0.0685	0.9691	0.7204
COG1422	M	Archaeal YidC/Oxa1-related membrane protein, DUF106 family	0.9752	0.9845	0.0232	5	5	1	5/5	0.9814	0.9926	0.9295	0.9880	0.9845
COG1423	L	ATP-dependent RNA circularization protein, DNA/RNA ligase (PAB1020)  family	0.7757	0.8941	0.2622	4	5	1	4/5	0.7210	0.9779	0.2888	0.9967	0.8941
COG1424	H	Pimeloyl-CoA synthetase	0.1659	0.0525	0.1813	0	5	0	0/5	0.0134	0.2993	0.0066	0.4577	0.0525
COG1426	D	Cytoskeletal protein RodZ, contains Xre-like HTH and DUF4115 domains	0.0005	0.0000	0.0006	0	5	0	0/5	0.0007	0.0000	0.0016	0.0000	0.0000
COG1427	H	Chorismate dehydratase (menaquinone biosynthesis, futalosine pathway)	0.4330	0.5295	0.2995	3	5	0	3/5	0.1030	0.6228	0.0718	0.8378	0.5295
COG1428	F	Deoxyadenosine/deoxycytidine kinase	0.0026	0.0028	0.0005	0	5	0	0/5	0.0030	0.0019	0.0032	0.0028	0.0022
COG1429	H	Cobalamin biosynthesis protein CobN, Mg-chelatase	0.6963	0.7724	0.2522	4	5	1	4/5	0.6358	0.7724	0.2464	0.9899	0.8372
COG1430	S	Uncharacterized conserved membrane protein, UPF0127 family	0.3552	0.3005	0.2154	1	5	0	1/5	0.2300	0.3005	0.1028	0.7389	0.4039
COG1431	JV	PIWI domain, catalyzes dsRNA-guided hydrolysis of ssRNA, involved in RNA silencing, RNA metabolism and antiviral defense	0.4850	0.6021	0.3162	3	5	0	3/5	0.1731	0.6142	0.0876	0.9480	0.6021
COG1432	R	NYN domain, predicted PIN-related RNAse, tRNA/rRNA maturation	0.7403	0.8036	0.1943	4	5	1	4/5	0.5456	0.8036	0.4813	0.9776	0.8934
COG1433	O	Predicted Fe-Mo cluster-binding protein, NifX family	0.9617	0.9990	0.0479	5	5	1	5/5	0.9241	0.9990	0.8858	1.0000	0.9996
COG1434	M	Lipid carrier protein ElyC involved in cell wall biogenesis, DUF218 family	0.0025	0.0021	0.0024	0	5	0	0/5	0.0027	0.0004	0.0021	0.0068	0.0003
COG1435	F	Thymidine kinase	0.0022	0.0022	0.0018	0	5	0	0/5	0.0024	0.0001	0.0022	0.0053	0.0008
COG1436	C	Archaeal/vacuolar-type H+-ATPase subunit F/Vma7	0.9875	0.9989	0.0146	5	5	1	5/5	0.9741	0.9989	0.9657	0.9997	0.9993
COG1437	TR	Adenylate cyclase class IV, CYTH domain (includes archaeal enzymes of unknown function)	0.8768	0.9964	0.2212	4	5	1	4/5	0.9527	0.9964	0.4358	0.9999	0.9993
COG1438	K	Arginine repressor	0.0020	0.0014	0.0018	0	5	0	0/5	0.0014	0.0005	0.0015	0.0055	0.0011
COG1439	J	rRNA maturation endonuclease Nob1	0.9978	0.9997	0.0028	5	5	1	5/5	0.9967	0.9997	0.9927	1.0000	0.9999
COG1440	G	Phosphotransferase system cellobiose-specific component IIB	0.0026	0.0024	0.0004	0	5	0	0/5	0.0022	0.0023	0.0029	0.0031	0.0024
COG1441	H	O-succinylbenzoate synthase	0.0011	0.0006	0.0009	0	5	0	0/5	0.0004	0.0006	0.0004	0.0027	0.0013
COG1442	M	Lipopolysaccharide biosynthesis protein, LPS:glycosyltransferase	0.0010	0.0004	0.0009	0	5	0	0/5	0.0022	0.0004	0.0021	0.0002	0.0001
COG1443	I	Isopentenyldiphosphate isomerase	0.0532	0.0203	0.0750	0	5	0	0/5	0.0238	0.0090	0.0203	0.2029	0.0102
COG1444	J	tRNA(Met) C34 N-acetyltransferase TmcA	0.7739	0.8421	0.2536	4	5	1	4/5	0.7515	0.8421	0.2999	0.9894	0.9866
COG1445	G	Phosphotransferase system fructose-specific component IIB	0.0178	0.0025	0.0296	0	5	0	0/5	0.0024	0.0025	0.0020	0.0769	0.0053
COG1446	E	Isoaspartyl peptidase or L-asparaginase, Ntn-hydrolase superfamily	0.6831	0.6572	0.2279	3	5	1	3/5	0.4498	0.6572	0.4231	0.9758	0.9094
COG1447	G	Phosphotransferase system cellobiose-specific component IIA	0.0017	0.0018	0.0002	0	5	0	0/5	0.0018	0.0013	0.0020	0.0018	0.0015
COG1448	E	Aspartate/aromatic aminotransferase	0.0003	0.0004	0.0001	0	5	0	0/5	0.0005	0.0001	0.0004	0.0002	0.0004
COG1449	G	Alpha-amylase/alpha-mannosidase, GH57 family	0.7712	0.9885	0.2770	4	5	1	4/5	0.5061	0.9885	0.3665	0.9994	0.9955
COG1450	U	Type II secretory pathway component GspD/PulD (secretin)	0.0005	0.0002	0.0004	0	5	0	0/5	0.0008	0.0002	0.0012	0.0001	0.0001
COG1451	R	UTP pyrophosphatase, metal-dependent hydrolase family	0.3274	0.3070	0.1262	1	5	0	1/5	0.3070	0.2648	0.1849	0.5617	0.3188
COG1452	M	LPS assembly outer membrane protein LptD (organic solvent tolerance protein OstA)	0.0001	0.0000	0.0001	0	5	0	0/5	0.0001	0.0000	0.0002	0.0000	0.0000
COG1453	R	Predicted oxidoreductase of the aldo/keto reductase family	0.4832	0.4784	0.3134	2	5	0	2/5	0.1798	0.4784	0.0956	0.8890	0.7730
COG1454	C	Alcohol dehydrogenase, class IV	0.7835	0.8611	0.1728	5	5	1	5/5	0.8611	0.6441	0.5189	0.9625	0.9311
COG1455	G	Phosphotransferase system cellobiose-specific component IIC	0.0006	0.0003	0.0004	0	5	0	0/5	0.0010	0.0003	0.0011	0.0002	0.0003
COG1456	C	CO dehydrogenase/acetyl-CoA synthase gamma subunit (corrinoid Fe-S protein)	0.9658	0.9998	0.0510	5	5	1	5/5	0.8684	0.9998	0.9612	0.9999	0.9999
COG1457	F	Purine-cytosine permease or related protein	0.5902	0.6731	0.2900	3	5	1	3/5	0.2806	0.6731	0.2286	0.9676	0.8013
COG1458	R	Predicted RNase MK1237, contains PIN domain, UPF0278 family	0.7986	0.9759	0.2431	4	5	1	4/5	0.6407	0.9837	0.3930	0.9997	0.9759
COG1459	NUW	Type II secretory pathway, component PulF	0.0005	0.0000	0.0006	0	5	0	0/5	0.0008	0.0000	0.0015	0.0000	0.0000
COG1460	K	DNA-directed RNA polymerase, subunit F	0.9905	0.9996	0.0167	5	5	1	5/5	0.9957	0.9996	0.9573	0.9998	0.9999
COG1461	R	Predicted kinase related to dihydroxyacetone kinase	0.0064	0.0061	0.0038	0	5	0	0/5	0.0080	0.0014	0.0061	0.0125	0.0038
COG1462	M	Curli biogenesis system outer membrane secretion channel CsgG	0.0024	0.0017	0.0013	0	5	0	0/5	0.0023	0.0015	0.0017	0.0050	0.0017
COG1463	M	Periplasmic subunit MlaD of the ABC-type intermembrane phospholipid transporter Mla	0.0003	0.0000	0.0004	0	5	0	0/5	0.0006	0.0000	0.0011	0.0000	0.0000
COG1464	P	ABC-type metal ion transport system, periplasmic component/surface antigen	0.0001	0.0000	0.0002	0	5	0	0/5	0.0002	0.0000	0.0004	0.0000	0.0000
COG1465	E	3-dehydroquinate synthase, class II	0.9603	0.9648	0.0133	5	5	1	5/5	0.9716	0.9348	0.9648	0.9608	0.9696
COG1466	L	DNA polymerase III, delta subunit	0.0007	0.0000	0.0009	0	5	0	0/5	0.0013	0.0000	0.0021	0.0000	0.0000
COG1467	L	Eukaryotic-type DNA primase, catalytic (small) subunit	0.9923	0.9997	0.0137	5	5	1	5/5	0.9969	0.9997	0.9649	1.0000	1.0000
COG1468	V	CRISPR/Cas system-associated exonuclease Cas4, RecB family	0.9934	1.0000	0.0090	5	5	1	5/5	0.9899	1.0000	0.9771	1.0000	1.0000
COG1469	H	GTP cyclohydrolase FolE2	0.9819	0.9976	0.0205	5	5	1	5/5	0.9530	0.9976	0.9610	0.9993	0.9985
COG1470	S	Uncharacterized membrane protein	0.6470	0.6114	0.1860	4	5	1	4/5	0.5666	0.7917	0.3645	0.9008	0.6114
COG1471	J	Ribosomal protein S4E	0.9970	0.9997	0.0044	5	5	1	5/5	0.9884	0.9999	0.9969	0.9997	0.9999
COG1472	G	Periplasmic beta-glucosidase and related glycosidases	0.0554	0.0196	0.0680	0	5	0	0/5	0.0196	0.0099	0.0155	0.1896	0.0424
COG1473	R	Metal-dependent amidase/aminoacylase/carboxypeptidase	0.3565	0.1735	0.3295	2	5	0	2/5	0.1735	0.0675	0.0641	0.8941	0.5832
COG1474	L	Cdc6-related protein, AAA superfamily ATPase	0.9978	0.9998	0.0032	5	5	1	5/5	0.9916	0.9998	0.9977	0.9999	0.9998
COG1475	D	Chromosome segregation protein Spo0J, contains ParB-like nuclease domain	0.8753	0.9268	0.1200	5	5	1	5/5	0.7789	0.9268	0.6914	0.9957	0.9839
COG1476	K	DNA-binding transcriptional regulator, XRE-family HTH domain	0.5582	0.6646	0.2315	4	5	1	4/5	0.5558	0.6646	0.1155	0.7686	0.6864
COG1477	HO	FAD:protein FMN transferase ApbE	0.0204	0.0114	0.0253	0	5	0	0/5	0.0114	0.0114	0.0082	0.0705	0.0007
COG1478	H	F420-0:Gamma-glutamyl ligase (F420 biosynthesis)	0.9794	0.9999	0.0293	5	5	1	5/5	0.9724	0.9999	0.9249	1.0000	0.9999
COG1479	V	DNAse/DNA nickase specific for phosphorothioated or glycosylated phage DNA, GmrSD/DndB/SspE family, contains DUF262 and HNH nuclease domains	0.3553	0.2368	0.2997	1	5	0	1/5	0.2368	0.1520	0.1236	0.9378	0.3262
COG1480	T	Cyclic di-AMP-specific phosphodiesterase PgpH, HD superfamily	0.0265	0.0179	0.0305	0	5	0	0/5	0.0037	0.0240	0.0016	0.0851	0.0179
COG1481	K	DNA-binding transcriptional regulator WhiA, involved in cell division	0.0196	0.0065	0.0256	0	5	0	0/5	0.0061	0.0095	0.0051	0.0708	0.0065
COG1482	G	Mannose-6-phosphate isomerase, class I	0.0199	0.0220	0.0146	0	5	0	0/5	0.0261	0.0053	0.0220	0.0429	0.0033
COG1483	R	Predicted ATPase, AAA+ superfamily	0.6579	0.8985	0.3390	3	5	1	3/5	0.3120	0.8985	0.1838	0.9948	0.9005
COG1484	L	DNA replication protein DnaC	0.0551	0.0162	0.0679	0	5	0	0/5	0.0158	0.0413	0.0127	0.1894	0.0162
COG1485	D	Cell division protein ZapE (Z ring-associated ATPase), AFG1 superfamily	0.0110	0.0087	0.0076	0	5	0	0/5	0.0072	0.0042	0.0090	0.0259	0.0087
COG1486	G	Alpha-galactosidase/6-phospho-beta-glucosidase, family 4 of glycosyl hydrolase	0.2102	0.0737	0.2210	1	5	0	1/5	0.0280	0.0737	0.0286	0.5913	0.3293
COG1487	V	Ribonuclease/mRNA interferase VapC, contains PIN domain	0.9668	0.9958	0.0405	5	5	1	5/5	0.9468	0.9958	0.8958	0.9990	0.9967
COG1488	H	Nicotinic acid phosphoribosyltransferase	0.9622	0.9753	0.0457	5	5	1	5/5	0.9682	0.9753	0.8737	0.9997	0.9939
COG1489	GT	DNA-binding protein, stimulates sugar fermentation	0.8590	0.8945	0.1558	5	5	1	5/5	0.8426	0.8945	0.5701	0.9977	0.9902
COG1490	J	D-aminoacyl-tRNA deacylase	0.0097	0.0062	0.0099	0	5	0	0/5	0.0066	0.0013	0.0051	0.0292	0.0062
COG1491	R	Predicted nucleic acid-binding OB-fold protein	0.9982	0.9998	0.0021	5	5	1	5/5	0.9953	1.0000	0.9959	0.9998	0.9999
COG1492	H	Cobyric acid synthase	0.7804	0.8963	0.2727	4	5	1	4/5	0.8963	0.8228	0.2471	0.9985	0.9374
COG1493	T	Serine kinase of the HPr protein, regulates carbohydrate metabolism	0.0040	0.0027	0.0024	0	5	0	0/5	0.0019	0.0057	0.0027	0.0078	0.0019
COG1494	G	Fructose-1,6-bisphosphatase/sedoheptulose 1,7-bisphosphatase or related protein	0.0951	0.0520	0.1045	0	5	0	0/5	0.0138	0.0801	0.0302	0.2993	0.0520
COG1495	O	Disulfide bond formation protein DsbB	0.0012	0.0008	0.0011	0	5	0	0/5	0.0008	0.0005	0.0013	0.0034	0.0002
COG1496	P	Copper oxidase (laccase) domain	0.0003	0.0001	0.0003	0	5	0	0/5	0.0007	0.0000	0.0007	0.0001	0.0000
COG1497	K	Predicted transcriptional regulator MJ0558, contains a CRP-type HTH domain	0.7169	0.8081	0.2903	4	5	1	4/5	0.6833	0.9218	0.1761	0.9952	0.8081
COG1498	J	Box C/D ribonucleoprotein Nop56/Prp31/SIK1 subunit	0.9974	0.9998	0.0031	5	5	1	5/5	0.9927	0.9998	0.9945	0.9999	0.9999
COG1499	J	NMD protein affecting ribosome stability and mRNA decay	0.9560	0.9998	0.0806	5	5	1	5/5	0.9853	0.9999	0.7952	1.0000	0.9998
COG1500	J	Ribosome maturation protein Sdo1	0.9946	0.9999	0.0096	5	5	1	5/5	0.9976	0.9999	0.9755	0.9999	1.0000
COG1501	G	Alpha-glucosidase/xylosidase, GH31 family	0.1719	0.0807	0.2041	1	5	0	1/5	0.0189	0.0807	0.0187	0.5632	0.1779
COG1502	I	Phosphatidylserine/phosphatidylglycerophosphate/cardiolipin synthase	0.4695	0.4540	0.1505	2	5	0	2/5	0.3852	0.5951	0.6684	0.4540	0.2447
COG1503	J	Peptide chain release factor 1 (eRF1)	0.9973	1.0000	0.0043	5	5	1	5/5	0.9890	1.0000	0.9976	1.0000	1.0000
COG1504	S	Uncharacterized conserved protein, DUF498 domain	0.8010	0.9843	0.2284	5	5	1	5/5	0.5092	0.9875	0.5338	0.9843	0.9902
COG1505	E	Prolyl endopeptidase PreP, S9A serine peptidase family	0.1448	0.0525	0.1925	1	5	0	1/5	0.0325	0.0525	0.0095	0.5247	0.1048
COG1506	E	Dipeptidyl aminopeptidase/acylaminoacyl peptidase	0.5751	0.5088	0.2567	3	5	1	3/5	0.5088	0.3930	0.2425	0.9447	0.7864
COG1507	S	Uncharacterized conserved protein, DUF501 family	0.0484	0.0254	0.0585	0	5	0	0/5	0.0070	0.0254	0.0051	0.1622	0.0424
COG1508	K	DNA-directed RNA polymerase specialized sigma subunit, sigma54 homolog	0.0051	0.0026	0.0046	0	5	0	0/5	0.0106	0.0007	0.0107	0.0026	0.0007
COG1509	E	L-lysine 2,3-aminomutase (EF-P beta-lysylation pathway)	0.5235	0.4542	0.2287	2	5	1	2/5	0.2191	0.4542	0.3734	0.8315	0.7394
COG1510	K	DNA-binding transcriptional regulator GbsR, MarR family	0.7688	0.7841	0.0612	5	5	1	5/5	0.7661	0.8284	0.7841	0.8111	0.6541
COG1511	S	Uncharacterized membrane protein YhgE, phage infection protein (PIP) family	0.0200	0.0120	0.0212	0	5	0	0/5	0.0190	0.0051	0.0120	0.0608	0.0031
COG1512	S	Uncharacterized membrane protein YgcG, contains a TPM-fold domain	0.0082	0.0017	0.0089	0	5	0	0/5	0.0191	0.0017	0.0190	0.0005	0.0008
COG1513	P	Cyanate lyase	0.2047	0.0737	0.2522	1	5	0	1/5	0.0737	0.0617	0.0300	0.7021	0.1559
COG1514	J	RNA 2',3'-cyclic phosphodiesterase (2'-5' RNA ligase)	0.9980	0.9998	0.0024	5	5	1	5/5	0.9957	0.9998	0.9946	1.0000	0.9999
COG1515	L	Deoxyinosine 3'-endonuclease (endonuclease V)	0.9805	0.9971	0.0243	5	5	1	5/5	0.9383	0.9971	0.9677	0.9999	0.9993
COG1516	NU	Flagellin-specific chaperone FliS	0.0016	0.0016	0.0007	0	5	0	0/5	0.0019	0.0007	0.0016	0.0028	0.0011
COG1517	V	CRISPR/Cas system-associated protein Csx1, contains CARF domain	0.6689	0.9421	0.3752	3	5	1	3/5	0.2990	0.9805	0.1301	0.9930	0.9421
COG1518	V	CRISPR-Cas system-associated integrase Cas1	0.9723	0.9999	0.0506	5	5	1	5/5	0.9902	0.9999	0.8713	1.0000	0.9999
COG1519	M	3-deoxy-D-manno-octulosonic-acid transferase	0.0005	0.0001	0.0005	0	5	0	0/5	0.0008	0.0001	0.0014	0.0000	0.0001
COG1520	M	Outer membrane protein assembly factor BamB, contains PQQ-like beta-propeller repeat	0.6859	0.8022	0.2164	4	5	1	4/5	0.8022	0.5500	0.3316	0.9303	0.8156
COG1521	H	Pantothenate kinase type III	0.0100	0.0027	0.0154	0	5	0	0/5	0.0031	0.0012	0.0021	0.0408	0.0027
COG1522	K	DNA-binding transcriptional regulator, Lrp family	0.9995	0.9994	0.0004	5	5	1	5/5	0.9990	0.9994	0.9992	0.9999	0.9999
COG1523	G	Pullulanase/glycogen debranching enzyme	0.0518	0.0090	0.0816	0	5	0	0/5	0.0064	0.0014	0.0090	0.2139	0.0284
COG1524	T	c-di-AMP phosphodiesterase AtaC or nucleotide pyrophosphatase, AlkP superfamily	0.4892	0.3926	0.2666	2	5	0	2/5	0.2526	0.3926	0.1984	0.8749	0.7276
COG1525	L	Endonuclease YncB, thermonuclease family	0.3939	0.4434	0.1709	2	5	0	2/5	0.5058	0.1315	0.2754	0.6133	0.4434
COG1526	C	Formate dehydrogenase assembly factor FdhD, a sulfurtransferase	0.9433	0.9895	0.0626	5	5	1	5/5	0.8801	0.9895	0.8546	0.9989	0.9936
COG1527	C	Archaeal/vacuolar-type H+-ATPase subunit C/Vma6	0.9911	0.9996	0.0107	5	5	1	5/5	0.9782	0.9996	0.9777	1.0000	0.9999
COG1528	P	Ferritin	0.5747	0.7258	0.3561	3	5	1	3/5	0.1842	0.7258	0.1181	0.9855	0.8599
COG1529	C	Aldehyde, CO or xanthine dehydrogenase, Mo-binding subunit	0.3121	0.1347	0.2876	2	5	0	2/5	0.0452	0.1347	0.0658	0.7337	0.5811
COG1530	J	Ribonuclease G or E	0.9876	0.9978	0.0170	5	5	1	5/5	0.9860	0.9978	0.9551	0.9997	0.9995
COG1531	S	Uncharacterized conserved protein, UPF0248 family	0.9500	0.9947	0.0567	5	5	1	5/5	0.8756	0.9947	0.8857	0.9963	0.9978
COG1532	R	Predicted RNA-binding protein	0.7175	0.9175	0.3037	3	5	1	3/5	0.4742	0.9637	0.2413	0.9906	0.9175
COG1533	L	DNA repair photolyase	0.9852	0.9896	0.0145	5	5	1	5/5	0.9821	0.9896	0.9587	0.9990	0.9967
COG1534	J	RNA-binding protein YhbY	0.8111	0.9485	0.2180	4	5	1	4/5	0.7476	0.9485	0.4099	0.9670	0.9827
COG1535	Q	Isochorismate hydrolase	0.0171	0.0102	0.0137	0	5	0	0/5	0.0102	0.0073	0.0087	0.0439	0.0155
COG1536	N	Flagellar motor switch protein FliG	0.0015	0.0017	0.0007	0	5	0	0/5	0.0021	0.0007	0.0024	0.0017	0.0007
COG1537	J	Stalled ribosome rescue protein Dom34, pelota family	0.9859	0.9994	0.0253	5	5	1	5/5	0.9947	0.9994	0.9354	1.0000	0.9998
COG1538	M	Outer membrane protein TolC	0.0002	0.0000	0.0003	0	5	0	0/5	0.0004	0.0000	0.0006	0.0000	0.0000
COG1539	H	Dihydroneopterin aldolase	0.0008	0.0000	0.0011	0	5	0	0/5	0.0011	0.0000	0.0028	0.0000	0.0000
COG1540	E	5-oxoprolinase subunit A	0.2001	0.0353	0.3118	1	5	0	1/5	0.0112	0.0353	0.0094	0.8177	0.1268
COG1541	H	Phenylacetate-coenzyme A ligase PaaK, adenylate-forming domain family	0.7746	0.9584	0.2600	4	5	1	4/5	0.5560	0.9584	0.3730	0.9970	0.9886
COG1542	S	Uncharacterized conserved protein, DUF505 domain	0.4233	0.5338	0.2885	3	5	0	3/5	0.1109	0.5894	0.0681	0.8141	0.5338
COG1543	G	Predicted glycosyl hydrolase, contains GH57 and DUF1957 domains	0.2191	0.1375	0.2408	1	5	0	1/5	0.0176	0.1375	0.0101	0.6626	0.2679
COG1544	J	Ribosome-associated translation inhibitor RaiA	0.0006	0.0001	0.0006	0	5	0	0/5	0.0016	0.0001	0.0012	0.0001	0.0001
COG1545	R	Uncharacterized OB-fold protein, contains Zn-ribbon domain	0.9990	0.9999	0.0011	5	5	1	5/5	0.9975	0.9999	0.9978	1.0000	1.0000
COG1546	H	Nicotinamide mononucleotide (NMN) deamidase PncC	0.0152	0.0081	0.0101	0	5	0	0/5	0.0286	0.0081	0.0262	0.0053	0.0077
COG1547	S	Predicted metal-dependent hydrolase	0.1261	0.0312	0.1778	0	5	0	0/5	0.0104	0.0312	0.0122	0.4754	0.1013
COG1548	H	Methanofuran synthetase MfnF, hydantoinase/oxoprolinase family	0.8581	0.9976	0.1952	5	5	1	5/5	0.7944	0.9976	0.5012	0.9990	0.9985
COG1549	J	Archaeosine tRNA-ribosyltransferase, contains uracil-DNA-glycosylase and PUA domains	0.9504	0.9992	0.0906	5	5	1	5/5	0.9839	0.9992	0.7697	1.0000	0.9993
COG1550	S	Stress-induced protein YlxP, DUF503 family	0.1165	0.0191	0.1939	1	5	0	1/5	0.0046	0.0191	0.0032	0.5026	0.0530
COG1551	T	sRNA-binding carbon storage regulator CsrA	0.0016	0.0015	0.0008	0	5	0	0/5	0.0015	0.0012	0.0017	0.0031	0.0006
COG1552	J	Ribosomal protein L40E	0.9385	0.9892	0.0678	5	5	1	5/5	0.8936	0.9910	0.8258	0.9928	0.9892
COG1553	P	Sulfur relay (sulfurtransferase) complex TusBCD TusD component, DsrE family	0.8027	0.9655	0.2165	5	5	1	5/5	0.5492	0.9655	0.5269	0.9986	0.9733
COG1554	G	Kojibiose phosphorylase YcjT	0.1151	0.0438	0.1623	0	5	0	0/5	0.0150	0.0438	0.0152	0.4377	0.0639
COG1555	L	DNA uptake protein ComE or related DNA-binding protein	0.0149	0.0142	0.0122	0	5	0	0/5	0.0157	0.0036	0.0142	0.0370	0.0039
COG1556	C	L-lactate utilization protein LutC, contains LUD domain	0.1317	0.0303	0.2134	1	5	0	1/5	0.0163	0.0491	0.0053	0.5576	0.0303
COG1558	N	Flagellar basal body rod protein FlgC	0.0003	0.0004	0.0001	0	5	0	0/5	0.0004	0.0001	0.0005	0.0004	0.0002
COG1559	M	Endolytic transglycosylase MltG, terminates peptidoglycan polymerization	0.0002	0.0000	0.0003	0	5	0	0/5	0.0005	0.0000	0.0006	0.0000	0.0000
COG1560	I	Palmitoleoyl-ACP: Kdo2-lipid-IV acyltransferase (lipid A biosynthesis)	0.0003	0.0001	0.0003	0	5	0	0/5	0.0004	0.0000	0.0007	0.0001	0.0001
COG1561	S	Uncharacterized stationary-phase protein YicC, UPF0701 family	0.0016	0.0002	0.0018	0	5	0	0/5	0.0032	0.0002	0.0044	0.0002	0.0002
COG1562	I	Phytoene/squalene synthetase	0.0862	0.0411	0.0994	0	5	0	0/5	0.0411	0.0089	0.0214	0.2789	0.0807
COG1563	R	Uncharacterized MnhB-related membrane protein	0.8255	0.9062	0.1430	5	5	1	5/5	0.7896	0.9417	0.5607	0.9062	0.9292
COG1564	H	Thiamine pyrophosphokinase	0.0028	0.0008	0.0029	0	5	0	0/5	0.0049	0.0008	0.0075	0.0006	0.0003
COG1565	R	SAM-dependent methyltransferase, MidA family	0.0144	0.0150	0.0026	0	5	0	0/5	0.0168	0.0109	0.0118	0.0175	0.0150
COG1566	V	Multidrug resistance efflux pump EmrA	0.0012	0.0014	0.0007	0	5	0	0/5	0.0017	0.0004	0.0014	0.0020	0.0004
COG1567	V	CRISPR-Cas system type III CSM-effector complex subunit Csm4, RAMP superfamily Cas5 group	0.6116	0.8103	0.3759	3	5	1	3/5	0.2155	0.9409	0.1024	0.9888	0.8103
COG1568	Q	Aminopropyltransferase BpsA, N(4)-bis(aminopropyl)spermidine biosynthesis	0.8095	0.9485	0.2025	4	5	1	4/5	0.6685	0.9485	0.4777	0.9769	0.9761
COG1569	R	Predicted nucleic acid-binding protein, contains PIN domain	0.6203	0.8348	0.2745	3	5	1	3/5	0.2599	0.8443	0.3094	0.8529	0.8348
COG1570	L	Exonuclease VII, large subunit	0.0176	0.0103	0.0137	0	5	0	0/5	0.0399	0.0080	0.0267	0.0103	0.0029
COG1571	J	tRNA(Ile2) C34 agmatinyltransferase TiaS	0.9990	1.0000	0.0015	5	5	1	5/5	0.9989	1.0000	0.9962	1.0000	1.0000
COG1572	O	Serine protease, subtilase family	0.6255	0.5913	0.2598	4	5	1	4/5	0.5418	0.8662	0.2010	0.9273	0.5913
COG1573	L	Uracil-DNA glycosylase	0.9625	0.9532	0.0223	5	5	1	5/5	0.9345	0.9532	0.9496	0.9975	0.9775
COG1574	R	Predicted amidohydrolase YtcJ	0.6186	0.5331	0.2752	3	5	1	3/5	0.2608	0.5331	0.4228	0.9553	0.9211
COG1575	H	1,4-dihydroxy-2-naphthoate polyprenyltransferase	0.3380	0.2124	0.2272	2	5	0	2/5	0.1426	0.1239	0.2124	0.6926	0.5186
COG1576	J	23S rRNA pseudoU1915 N3-methylase RlmH	0.0109	0.0075	0.0101	0	5	0	0/5	0.0209	0.0075	0.0247	0.0003	0.0013
COG1577	I	Mevalonate kinase	0.9966	0.9996	0.0040	5	5	1	5/5	0.9933	0.9996	0.9905	0.9999	0.9998
COG1578	V	House-cleaning carbohydrate phosphatase, DUF89 family	0.9845	0.9951	0.0183	5	5	1	5/5	0.9752	0.9951	0.9527	0.9999	0.9998
COG1579	R	Predicted nucleic acid-binding protein DR0291, contains C4-type Zn-ribbon domain	0.0057	0.0054	0.0043	0	5	0	0/5	0.0132	0.0015	0.0054	0.0068	0.0018
COG1580	N	Flagellar basal body-associated protein FliL	0.0019	0.0016	0.0008	0	5	0	0/5	0.0030	0.0008	0.0024	0.0015	0.0016
COG1581	K	DNA/RNA-binding protein AlbA/Ssh10b	0.9901	0.9912	0.0113	5	5	1	5/5	0.9907	0.9998	0.9690	0.9912	0.9999
COG1582	N	Swarming motility protein SwrD	0.0230	0.0097	0.0313	0	5	0	0/5	0.0033	0.0097	0.0021	0.0850	0.0150
COG1583	V	CRISPR/Cas system endoribonuclease Cas6, RAMP superfamily	0.9227	0.9758	0.0834	5	5	1	5/5	0.8115	0.9962	0.8312	0.9988	0.9758
COG1584	C	Succinate-acetate transporter SatP	0.5455	0.5215	0.2882	3	5	1	3/5	0.2149	0.5215	0.2508	0.9326	0.8075
COG1585	O	Membrane protein implicated in regulation of membrane protease activity	0.4079	0.4001	0.2142	2	5	0	2/5	0.4001	0.2632	0.1176	0.7438	0.5147
COG1586	E	S-adenosylmethionine decarboxylase	0.9142	0.9787	0.0965	5	5	1	5/5	0.8481	0.9787	0.7556	0.9954	0.9934
COG1587	H	Uroporphyrinogen-III synthase	0.5547	0.6218	0.2723	3	5	1	3/5	0.2952	0.6218	0.1973	0.9297	0.7296
COG1588	J	RNase P/RNase MRP subunit p29	0.9920	0.9983	0.0123	5	5	1	5/5	0.9947	0.9995	0.9677	0.9983	0.9997
COG1589	D	Cell division septal protein FtsQ	0.0003	0.0000	0.0004	0	5	0	0/5	0.0008	0.0000	0.0009	0.0000	0.0000
COG1590	J	tRNA(Phe) wybutosine-synthesizing methylase Tyw3	0.7403	0.8934	0.2781	4	5	1	4/5	0.5256	0.9914	0.3019	0.8934	0.9891
COG1591	L	Holliday junction resolvase Hjc, archaeal type	0.9345	0.9654	0.0613	5	5	1	5/5	0.8801	0.9654	0.8435	0.9959	0.9874
COG1592	C	Rubrerythrin	0.9445	0.9995	0.1001	5	5	1	5/5	0.9783	0.9995	0.7450	1.0000	0.9998
COG1593	G	TRAP-type C4-dicarboxylate transport system, large permease component	0.0156	0.0086	0.0172	0	5	0	0/5	0.0086	0.0026	0.0094	0.0497	0.0079
COG1594	K	DNA-directed RNA polymerase, subunit M/Transcription elongation factor TFIIS	0.9674	0.9948	0.0547	5	5	1	5/5	0.9840	0.9948	0.8585	0.9999	0.9997
COG1595	K	DNA-directed RNA polymerase specialized sigma subunit, sigma24 family	0.0034	0.0045	0.0029	0	5	0	0/5	0.0045	0.0001	0.0058	0.0068	0.0000
COG1596	M	Periplasmic protein Wza involved in polysaccharide export, contains SLBB domain of the beta-grasp fold	0.0046	0.0050	0.0027	0	5	0	0/5	0.0078	0.0012	0.0072	0.0050	0.0017
COG1597	IR	Phosphatidylglycerol kinase, diacylglycerol kinase family	0.0334	0.0123	0.0489	0	5	0	0/5	0.0104	0.0004	0.0132	0.1307	0.0123
COG1598	V	Antitoxin component HicB of the HicAB toxin-antitoxin system	0.9134	0.9956	0.1147	5	5	1	5/5	0.8687	0.9969	0.7068	0.9991	0.9956
COG1599	L	ssDNA-binding replication factor A, large subunit	0.9993	1.0000	0.0009	5	5	1	5/5	0.9985	1.0000	0.9979	1.0000	1.0000
COG1600	J	Epoxyqueuosine reductase QueG (queuosine biosynthesis)	0.6279	0.4974	0.2986	2	5	1	2/5	0.4974	0.4218	0.2582	0.9884	0.9738
COG1601	J	Translation initiation factor 2, beta subunit (eIF-2beta)/eIF-5 N-terminal domain	0.9967	0.9999	0.0044	5	5	1	5/5	0.9947	0.9999	0.9888	1.0000	0.9999
COG1602	L	Archaeal DNA repair protein NreA	0.9972	0.9998	0.0035	5	5	1	5/5	0.9951	0.9998	0.9912	0.9999	0.9999
COG1603	J	RNase P/RNase MRP subunit p30	0.9074	0.9996	0.1268	5	5	1	5/5	0.8599	0.9997	0.6781	0.9996	0.9997
COG1604	V	CRISPR/Cas system CMR subunit Cmr6, Cas7 group, RAMP superfamily	0.6390	0.7801	0.3470	3	5	1	3/5	0.3143	0.9610	0.1435	0.9959	0.7801
COG1605	E	Chorismate mutase	0.4955	0.4748	0.2760	2	5	0	2/5	0.4748	0.3357	0.0986	0.9078	0.6607
COG1606	R	ATP-utilizing enzyme, PP-loop superfamily	0.9943	0.9984	0.0066	5	5	1	5/5	0.9925	0.9984	0.9820	0.9996	0.9988
COG1607	I	Acyl-CoA hydrolase	0.1040	0.0118	0.1340	0	5	0	0/5	0.0088	0.0046	0.0118	0.3504	0.1442
COG1608	I	Isopentenyl phosphate kinase	0.9939	0.9998	0.0108	5	5	1	5/5	0.9974	0.9998	0.9723	1.0000	0.9999
COG1609	K	DNA-binding transcriptional regulator, LacI/PurR family	0.0021	0.0007	0.0022	0	5	0	0/5	0.0041	0.0001	0.0053	0.0007	0.0001
COG1610	R	Uncharacterized conserved protein YqeY, may have tRNA amino acid amidase activity	0.0005	0.0006	0.0004	0	5	0	0/5	0.0010	0.0001	0.0008	0.0006	0.0001
COG1611	F	Nucleotide monophosphate nucleosidase PpnN/YdgH, Lonely Guy (LOG) family	0.6664	0.7702	0.2022	3	5	1	3/5	0.7702	0.4159	0.4299	0.8301	0.8859
COG1612	H	Heme A synthase	0.0004	0.0004	0.0004	0	5	0	0/5	0.0004	0.0000	0.0009	0.0009	0.0000
COG1613	P	ABC-type sulfate transport system, periplasmic component	0.0008	0.0002	0.0007	0	5	0	0/5	0.0015	0.0002	0.0018	0.0001	0.0002
COG1614	C	CO dehydrogenase/acetyl-CoA synthase beta subunit	0.9480	0.9994	0.0644	5	5	1	5/5	0.8503	0.9995	0.8911	0.9997	0.9994
COG1615	S	Uncharacterized membrane protein, UPF0182 family	0.5609	0.7411	0.3231	3	5	1	3/5	0.1742	0.7411	0.1648	0.8887	0.8358
COG1617	J	tRNA threonylcarbamoyladenosine modification (KEOPS) complex,  Cgi121 subunit	0.9789	0.9925	0.0307	5	5	1	5/5	0.9863	0.9925	0.9182	0.9991	0.9984
COG1618	F	Nucleoside-triphosphatase THEP1	0.9805	0.9986	0.0234	5	5	1	5/5	0.9475	0.9986	0.9567	0.9998	0.9999
COG1619	M	Muramoyltetrapeptide carboxypeptidase LdcA (peptidoglycan recycling)	0.0322	0.0116	0.0419	0	5	0	0/5	0.0115	0.0081	0.0116	0.1160	0.0137
COG1620	C	L-lactate permease	0.2122	0.1203	0.2482	1	5	0	1/5	0.0276	0.1203	0.0237	0.6915	0.1977
COG1621	G	Sucrose-6-phosphate hydrolase SacC, GH32 family	0.0283	0.0172	0.0290	0	5	0	0/5	0.0189	0.0144	0.0172	0.0855	0.0053
COG1622	C	Heme/copper-type cytochrome/quinol oxidase, subunit 2	0.0362	0.0160	0.0405	0	5	0	0/5	0.0082	0.0032	0.0160	0.1130	0.0408
COG1623	T	c-di-AMP synthetase DisA, contains DisA_N, linker and DNA-binding domains	0.0083	0.0031	0.0103	0	5	0	0/5	0.0021	0.0031	0.0016	0.0287	0.0058
COG1624	T	c-di-AMP synthetase, contains DisA_N domain	0.7441	0.9411	0.3505	4	5	1	4/5	0.7258	0.9902	0.0711	0.9925	0.9411
COG1625	C	Fe-S oxidoreductase, related to NifB/MoaA family	0.5338	0.6808	0.4032	3	5	1	3/5	0.0879	0.9371	0.0210	0.9423	0.6808
COG1626	G	Neutral trehalase	0.0405	0.0108	0.0521	0	5	0	0/5	0.0072	0.0108	0.0078	0.1429	0.0339
COG1627	R	Uncharacterized conserved protein MJ0835, predicted component of type IV pili-like system, DUF1515 family	0.4423	0.5573	0.2815	3	5	0	3/5	0.1871	0.6567	0.0385	0.7721	0.5573
COG1628	R	Endonuclease V homolog, UPF0215 family	0.9985	1.0000	0.0019	5	5	1	5/5	0.9970	1.0000	0.9956	1.0000	1.0000
COG1629	P	Outer membrane receptor protein, Fe transport	0.0057	0.0005	0.0069	0	5	0	0/5	0.0111	0.0005	0.0168	0.0002	0.0001
COG1630	L	ssDNA and dsDNA 5'-3' nuclease NurA, repair of double-stranded DNA breaks	0.9633	0.9990	0.0486	5	5	1	5/5	0.8771	0.9993	0.9412	0.9997	0.9990
COG1631	J	Ribosomal protein L44E	0.9973	0.9992	0.0028	5	5	1	5/5	0.9947	0.9998	0.9931	0.9992	0.9997
COG1632	J	Ribosomal protein L15E	0.9975	0.9997	0.0029	5	5	1	5/5	0.9951	0.9998	0.9930	0.9997	0.9999
COG1633	P	Rubrerythrin, includes spore coat protein YhjR	0.8937	0.9784	0.1196	5	5	1	5/5	0.6943	0.9784	0.8163	0.9968	0.9827
COG1634	H	6-hydroxymethyl-7,8-dihydropterin pyrophosphokinase MptE (tetrahydrofolate and tetrahydromethanopterin biosynthesis)	0.9820	0.9989	0.0215	5	5	1	5/5	0.9605	0.9989	0.9512	0.9996	0.9997
COG1635	GH	Thiazole synthase/Archaeal ribulose 1,5-bisphosphate synthetase	0.9911	0.9972	0.0089	5	5	1	5/5	0.9849	0.9972	0.9766	0.9984	0.9984
COG1636	J	Epoxyqueuosine reductase QueH (tRNA modification)	0.0185	0.0150	0.0150	0	5	0	0/5	0.0332	0.0150	0.0383	0.0005	0.0053
COG1637	L	Endonuclease NucS, RecB family	0.9288	0.9385	0.0499	5	5	1	5/5	0.8888	0.9385	0.8563	0.9908	0.9694
COG1638	G	TRAP-type C4-dicarboxylate transport system, periplasmic component	0.0154	0.0069	0.0193	0	5	0	0/5	0.0088	0.0023	0.0069	0.0537	0.0051
COG1639	T	HD-like signal output (HDOD) domain, no enzymatic activity	0.0042	0.0028	0.0029	0	5	0	0/5	0.0019	0.0028	0.0017	0.0096	0.0051
COG1640	G	4-alpha-glucanotransferase	0.0987	0.0282	0.1425	0	5	0	0/5	0.0159	0.0282	0.0083	0.3816	0.0596
COG1641	H	CTP-dependent cyclometallase, nickel-pincer nucleotide (NPN) cofactor biosynthesis	0.9851	0.9987	0.0229	5	5	1	5/5	0.9875	0.9987	0.9402	0.9999	0.9993
COG1643	J	HrpA-like RNA helicase	0.0013	0.0005	0.0014	0	5	0	0/5	0.0018	0.0001	0.0039	0.0005	0.0002
COG1644	K	DNA-directed RNA polymerase, subunit N (RpoN/RPB10)	0.9965	0.9985	0.0035	5	5	1	5/5	0.9906	0.9997	0.9943	0.9985	0.9995
COG1645	R	Uncharacterized Zn-finger containing protein, UPF0148 family	0.9305	0.9967	0.1181	5	5	1	5/5	0.9628	0.9967	0.6959	0.9979	0.9991
COG1646	I	Glycerol-1-phosphate heptaprenyltransferase	0.9923	0.9997	0.0092	5	5	1	5/5	0.9834	0.9997	0.9791	0.9998	0.9997
COG1647	Q	Esterase/lipase	0.0128	0.0062	0.0119	0	5	0	0/5	0.0060	0.0052	0.0062	0.0363	0.0103
COG1648	H	Siroheme synthase (precorrin-2 oxidase/ferrochelatase domain)	0.8551	0.9657	0.1848	5	5	1	5/5	0.8080	0.9902	0.5127	0.9991	0.9657
COG1649	S	Uncharacterized lipoprotein YddW, UPF0748 family	0.0565	0.0285	0.0677	0	5	0	0/5	0.0153	0.0285	0.0085	0.1902	0.0401
COG1650	J	D-tyrosyl-tRNA(Tyr) deacylase	0.9906	0.9988	0.0104	5	5	1	5/5	0.9769	0.9988	0.9789	0.9989	0.9997
COG1651	O	Protein thiol-disulfide isomerase DsbC	0.0102	0.0115	0.0081	0	5	0	0/5	0.0212	0.0015	0.0162	0.0115	0.0006
COG1652	P	Cytoplasmic potassium-binding protein Kbp/XkdP/YgaU, contains LysM domain	0.0108	0.0064	0.0129	0	5	0	0/5	0.0097	0.0013	0.0064	0.0357	0.0010
COG1653	G	ABC-type glycerol-3-phosphate transport system, periplasmic component	0.1042	0.0628	0.0899	0	5	0	0/5	0.0628	0.0070	0.0359	0.2474	0.1679
COG1654	K	Biotin operon repressor	0.0025	0.0005	0.0041	0	5	0	0/5	0.0000	0.0005	0.0000	0.0107	0.0015
COG1655	S	Uncharacterized conserved protein, DUF2225 family	0.0492	0.0240	0.0544	0	5	0	0/5	0.0065	0.0595	0.0054	0.1508	0.0240
COG1656	R	Uncharacterized conserved protein, contains PIN-related Mut7-C RNAse domain	0.9930	0.9994	0.0113	5	5	1	5/5	0.9707	0.9994	0.9952	0.9998	0.9999
COG1657	I	Terpene cyclase SqhC	0.2445	0.1431	0.2165	1	5	0	1/5	0.1431	0.2663	0.0293	0.6506	0.1333
COG1658	J	5S rRNA maturation ribonuclease M5, contains TOPRIM domain	0.9893	0.9949	0.0090	5	5	1	5/5	0.9748	0.9981	0.9828	0.9959	0.9949
COG1659	V	Bacteriocin, linocin/CFP29 family	0.1497	0.0526	0.1969	1	5	0	1/5	0.0180	0.1265	0.0161	0.5353	0.0526
COG1660	T	RNase adaptor protein RapZ for GlmZ sRNA degradation, contains a P-loop ATPase domain	0.0001	0.0000	0.0001	0	5	0	0/5	0.0003	0.0000	0.0002	0.0000	0.0000
COG1661	R	Predicted DNA-binding protein with PD1-like DNA-binding motif, PPC/DUF296 domain	0.8004	0.7825	0.1668	5	5	1	5/5	0.7331	0.7825	0.5323	0.9775	0.9765
COG1662	X	Transposase and inactivated derivatives, IS1 family	0.1388	0.1072	0.1657	0	5	0	0/5	0.0085	0.1156	0.0060	0.4568	0.1072
COG1663	M	Tetraacyldisaccharide-1-P 4'-kinase (Lipid A 4'-kinase)	0.0003	0.0004	0.0001	0	5	0	0/5	0.0004	0.0001	0.0005	0.0004	0.0003
COG1664	Z	Cytoskeletal protein CcmA, bactofilin family	0.0043	0.0038	0.0024	0	5	0	0/5	0.0051	0.0016	0.0038	0.0084	0.0024
COG1665	R	Predicted nucleotidyltransferase AF1967	0.9728	0.9999	0.0373	5	5	1	5/5	0.9594	0.9999	0.9051	0.9999	0.9999
COG1666	T	Cyclic di-GMP-binding protein YajQ, UPF0234 family	0.0001	0.0001	0.0001	0	5	0	0/5	0.0001	0.0001	0.0001	0.0003	0.0001
COG1667	S	Uncharacterized conserved protein AF1501, DUF2226 family	0.5320	0.7862	0.4080	3	5	1	3/5	0.0577	0.8634	0.0146	0.9383	0.7862
COG1668	CP	ABC-type Na+ efflux pump, permease component NatB	0.8923	0.9932	0.1787	5	5	1	5/5	0.9326	0.9932	0.5383	0.9996	0.9976
COG1669	R	Predicted nucleotidyltransferase MJ0435	0.9328	0.9982	0.1110	5	5	1	5/5	0.9546	0.9982	0.7135	0.9996	0.9982
COG1670	JO	Protein N-acetyltransferase, RimJ/RimL family	0.1366	0.1122	0.0807	0	5	0	0/5	0.1122	0.0635	0.0822	0.2903	0.1350
COG1671	S	Uncharacterized conserved protein YaiI, UPF0178 family	0.0017	0.0010	0.0014	0	5	0	0/5	0.0041	0.0003	0.0024	0.0010	0.0007
COG1672	R	Predicted ATPase, archaeal AAA+ ATPase superfamily	0.9503	0.9915	0.0539	5	5	1	5/5	0.8871	0.9927	0.8817	0.9987	0.9915
COG1673	R	Predicted RNA-binding protein, contains PUA-like EVE domain	0.7223	0.9573	0.3111	3	5	1	3/5	0.4143	0.9573	0.2762	0.9875	0.9764
COG1674	D	DNA segregation ATPase FtsK/SpoIIIE or related protein	0.0003	0.0000	0.0003	0	5	0	0/5	0.0007	0.0000	0.0007	0.0000	0.0000
COG1675	K	Transcription initiation factor IIE, alpha subunit	0.9920	0.9999	0.0105	5	5	1	5/5	0.9859	0.9999	0.9741	1.0000	0.9999
COG1676	J	tRNA splicing endonuclease subunit SEN34	0.9993	1.0000	0.0009	5	5	1	5/5	0.9985	1.0000	0.9978	1.0000	1.0000
COG1677	N	Flagellar hook-basal body complex protein FliE	0.0005	0.0005	0.0003	0	5	0	0/5	0.0005	0.0002	0.0007	0.0010	0.0003
COG1678	K	Putative transcriptional regulator, AlgH/UPF0301 family	0.0009	0.0009	0.0003	0	5	0	0/5	0.0014	0.0005	0.0012	0.0006	0.0009
COG1679	I	Mevalonate 5-phosphate dehydratase subunit 1, aconitase superfamily (modified mevalonate pathway)	0.9983	0.9996	0.0022	5	5	1	5/5	0.9978	0.9996	0.9941	0.9999	0.9999
COG1680	V	CubicO group peptidase, beta-lactamase class C family	0.1824	0.0747	0.1552	0	5	0	0/5	0.0747	0.0624	0.0602	0.4530	0.2617
COG1681	N	Archaellin (archaeal flagellin)	0.8810	0.9970	0.2160	4	5	1	4/5	0.9594	0.9970	0.4500	0.9997	0.9989
COG1682	G	ABC-type polysaccharide/teichoic acid/polyol phosphate export permease	0.1656	0.1496	0.0931	0	5	0	0/5	0.1496	0.2485	0.1045	0.2902	0.0354
COG1683	S	Uncharacterized conserved protein YbbK, DUF523 family	0.2026	0.1541	0.1200	0	5	0	0/5	0.1556	0.1486	0.1141	0.4406	0.1541
COG1684	N	Flagellar biosynthesis protein FliR	0.0007	0.0006	0.0003	0	5	0	0/5	0.0008	0.0003	0.0012	0.0006	0.0005
COG1685	E	Archaeal shikimate kinase	0.9769	0.9775	0.0208	5	5	1	5/5	0.9753	0.9775	0.9392	0.9973	0.9951
COG1686	M	D-alanyl-D-alanine carboxypeptidase	0.0000	0.0000	0.0000	0	5	0	0/5	0.0000	0.0000	0.0000	0.0000	0.0000
COG1687	E	Branched-chain amino acid transport protein AzlD	0.0303	0.0080	0.0492	0	5	0	0/5	0.0028	0.0098	0.0024	0.1286	0.0080
COG1688	V	CRISPR/Cas system-associated protein Cas5, RAMP superfamily	0.9719	0.9984	0.0394	5	5	1	5/5	0.9638	0.9994	0.8981	0.9999	0.9984
COG1689	R	Class II terpene cyclase family protein AF1543	0.6960	0.8926	0.3186	3	5	1	3/5	0.4063	0.8926	0.2224	0.9882	0.9704
COG1690	J	RNA-splicing ligase RtcB, repairs tRNA damage	0.9881	0.9902	0.0053	5	5	1	5/5	0.9795	0.9920	0.9902	0.9941	0.9848
COG1691	F	NCAIR mutase (PurE)-related protein	0.9899	0.9969	0.0113	5	5	1	5/5	0.9856	0.9969	0.9695	0.9993	0.9981
COG1692	T	2',3'- and 3',5'-cNMP phosphodiesterase YmdB, calcineurin family	0.0012	0.0011	0.0007	0	5	0	0/5	0.0011	0.0004	0.0009	0.0024	0.0012
COG1693	K	Repressor of nif and glnA expression	0.6186	0.7831	0.3365	3	5	1	3/5	0.3177	0.8945	0.1229	0.9748	0.7831
COG1694	V	NTP pyrophosphatase, house-cleaning of non-canonical NTPs	0.6905	0.8417	0.2951	3	5	1	3/5	0.8417	0.2283	0.4619	0.9837	0.9371
COG1695	K	DNA-binding transcriptional regulator, PadR family	0.9876	0.9910	0.0106	5	5	1	5/5	0.9745	0.9910	0.9757	0.9994	0.9973
COG1696	M	D-alanyl-lipoteichoic acid acyltransferase DltB, MBOAT superfamily	0.0016	0.0007	0.0015	0	5	0	0/5	0.0033	0.0002	0.0035	0.0007	0.0001
COG1697	L	DNA topoisomerase VI, subunit A	0.9635	0.9966	0.0443	5	5	1	5/5	0.9287	0.9966	0.8935	0.9997	0.9992
COG1698	S	Uncharacterized conserved protein, UPF0147 family	0.9879	0.9937	0.0169	5	5	1	5/5	0.9548	0.9998	0.9915	0.9937	0.9996
COG1699	N	Flagellar assembly factor FliW	0.0016	0.0007	0.0021	0	5	0	0/5	0.0003	0.0007	0.0002	0.0058	0.0012
COG1700	V	Predicted anti-virus defense system component AQ645, contains DUF2357 and  PD-(D/E)xK nuclease domains	0.2090	0.0594	0.2623	1	5	0	1/5	0.0463	0.0594	0.0147	0.7164	0.2084
COG1701	H	Archaeal phosphopantothenate synthetase	0.9876	0.9980	0.0173	5	5	1	5/5	0.9876	0.9980	0.9541	0.9995	0.9989
COG1702	T	Phosphate starvation-inducible protein PhoH, predicted ATPase	0.0030	0.0033	0.0014	0	5	0	0/5	0.0033	0.0005	0.0041	0.0043	0.0027
COG1703	O	GTPase of the G3E family (not a periplasmic protein kinase)	0.5564	0.3973	0.3475	2	5	1	2/5	0.2665	0.3973	0.1726	0.9890	0.9565
COG1704	M	Magnetosome formation protein MamQ, lipoprotein antigen LemA family	0.0697	0.0741	0.0210	0	5	0	0/5	0.0464	0.0471	0.0741	0.1021	0.0787
COG1705	MN	Flagellum-specific peptidoglycan hydrolase FlgJ	0.0013	0.0015	0.0007	0	5	0	0/5	0.0021	0.0006	0.0015	0.0019	0.0005
COG1706	N	Flagellar basal body P-ring protein FlgI	0.0011	0.0010	0.0006	0	5	0	0/5	0.0018	0.0006	0.0018	0.0005	0.0010
COG1707	R	Uncharacterized protein, contains ACT and PBP-like DUF5612 domains, MJ1458 family	0.6481	0.8017	0.3051	3	5	1	3/5	0.3476	0.9315	0.2181	0.9418	0.8017
COG1708	R	Predicted nucleotidyltransferase, MJ0604 family	0.9872	0.9993	0.0189	5	5	1	5/5	0.9866	0.9994	0.9507	0.9999	0.9993
COG1709	K	Predicted transcriptional regulator,contains XRE-type HTH domain	0.9926	0.9949	0.0061	5	5	1	5/5	0.9915	0.9968	0.9813	0.9987	0.9949
COG1710	R	Predicted DNA-binding protein MJ1475, contains C-terminal HTH domain	0.2863	0.2627	0.1749	1	5	0	1/5	0.1891	0.2627	0.0451	0.5653	0.3693
COG1711	L	DNA replication initiation complex subunit, GINS family	0.9700	0.9988	0.0453	5	5	1	5/5	0.8822	0.9989	0.9706	0.9997	0.9988
COG1712	E	L-aspartate dehydrogenase, NAD(P)-dependent	0.8173	0.8000	0.0772	5	5	1	5/5	0.8000	0.9275	0.8809	0.7161	0.7620
COG1713	TR	Diadenosine tetraphosphatase YqeK or a related HD superfamily phosphohydrolase	0.0023	0.0017	0.0014	0	5	0	0/5	0.0018	0.0012	0.0016	0.0050	0.0017
COG1714	S	Uncharacterized membrane protein YckC, RDD family	0.2236	0.1717	0.0995	0	5	0	0/5	0.1405	0.1489	0.2501	0.4069	0.1717
COG1715	V	Restriction endonuclease Mrr	0.3994	0.4773	0.2906	2	5	0	2/5	0.0984	0.4773	0.0543	0.8338	0.5331
COG1716	T	Forkhead associated (FHA) domain, binds pSer, pThr, pTyr	0.1615	0.1149	0.1486	0	5	0	0/5	0.0678	0.1396	0.0354	0.4497	0.1149
COG1717	J	Ribosomal protein L32E	0.9890	0.9980	0.0168	5	5	1	5/5	0.9920	0.9996	0.9560	0.9980	0.9996
COG1718	T	Serine/threonine-protein kinase RIO1	0.9897	0.9987	0.0131	5	5	1	5/5	0.9658	0.9987	0.9850	0.9997	0.9992
COG1719	R	Predicted hydrocarbon binding protein, contains 4VR domain	0.9208	0.9593	0.0601	5	5	1	5/5	0.8502	0.9628	0.8461	0.9858	0.9593
COG1720	J	tRNA (Thr-GGU) A37 N6-methylase	0.9772	0.9939	0.0272	5	5	1	5/5	0.9263	0.9939	0.9712	0.9969	0.9976
COG1721	S	Uncharacterized conserved protein, DUF58 family, contains vWF domain	0.8536	0.9023	0.1361	5	5	1	5/5	0.9023	0.8825	0.5898	0.9820	0.9112
COG1722	L	Exonuclease VII small subunit	0.0185	0.0158	0.0148	0	5	0	0/5	0.0361	0.0158	0.0351	0.0047	0.0008
COG1723	J	Mitochondrial translation protein, Rmd1/RMND1/DUF155 family	0.1909	0.1022	0.1887	0	5	0	0/5	0.0116	0.3346	0.0189	0.4873	0.1022
COG1724	R	Predicted RNA binding protein YcfA, dsRBD-like fold, HicA-like mRNA interferase family	0.6880	0.9320	0.3268	3	5	1	3/5	0.2864	0.9605	0.2898	0.9712	0.9320
COG1725	K	DNA-binding transcriptional regulator YhcF, GntR family	0.0192	0.0165	0.0114	0	5	0	0/5	0.0176	0.0134	0.0165	0.0409	0.0078
COG1726	C	Na+-transporting NADH:ubiquinone oxidoreductase, subunit NqrA	0.0004	0.0003	0.0003	0	5	0	0/5	0.0006	0.0003	0.0009	0.0002	0.0001
COG1727	J	Ribosomal protein L18E	0.9984	0.9995	0.0017	5	5	1	5/5	0.9964	0.9999	0.9964	0.9995	0.9999
COG1728	S	Uncharacterized conserved protein YaaR, TM1646/DUF327 family	0.0039	0.0037	0.0021	0	5	0	0/5	0.0029	0.0037	0.0014	0.0078	0.0037
COG1729	D	Cell division protein CpoB, coordinates peptidoglycan biosynthesis and outer membrane constriction	0.0011	0.0002	0.0013	0	5	0	0/5	0.0022	0.0002	0.0031	0.0001	0.0001
COG1730	O	Prefoldin subunit 5	0.9958	0.9998	0.0051	5	5	1	5/5	0.9889	0.9998	0.9902	1.0000	0.9999
COG1731	H	Archaeal riboflavin synthase	0.8754	0.9896	0.1454	5	5	1	5/5	0.7317	0.9949	0.6666	0.9896	0.9943
COG1732	M	Periplasmic glycine betaine/choline-binding (lipo)protein of an ABC-type transport system (osmoprotectant binding protein)	0.2248	0.1963	0.2488	1	5	0	1/5	0.0186	0.2062	0.0096	0.6934	0.1963
COG1733	K	DNA-binding transcriptional regulator, HxlR family	0.5658	0.5272	0.1683	4	5	1	4/5	0.3398	0.5272	0.5036	0.8552	0.6033
COG1734	K	RNA polymerase-binding transcription factor DksA	0.0007	0.0009	0.0005	0	5	0	0/5	0.0009	0.0001	0.0015	0.0009	0.0002
COG1735	R	Predicted metal-dependent hydrolase, phosphotriesterase family	0.1410	0.0561	0.2112	1	5	0	1/5	0.0140	0.0668	0.0071	0.5609	0.0561
COG1736	J	Diphthamide synthase subunit DPH2	0.9918	0.9990	0.0098	5	5	1	5/5	0.9856	0.9997	0.9754	0.9990	0.9994
COG1737	K	DNA-binding transcriptional regulator, MurR/RpiR family, contains HTH and SIS domains	0.0010	0.0008	0.0005	0	5	0	0/5	0.0008	0.0003	0.0017	0.0014	0.0007
COG1738	J	Queuosine precursor transporter YhhQ, DUF165 family	0.1177	0.0670	0.0914	0	5	0	0/5	0.1682	0.0162	0.0655	0.2714	0.0670
COG1739	R	Putative translation regulator, IMPACT (imprinted ancient) protein family	0.0391	0.0177	0.0304	0	5	0	0/5	0.0602	0.0144	0.0143	0.0891	0.0177
COG1740	C	Ni,Fe-hydrogenase I small subunit	0.5061	0.7232	0.3450	3	5	1	3/5	0.1138	0.7232	0.0672	0.8930	0.7335
COG1741	R	Redox-sensitive bicupin YhaK, pirin superfamily	0.1127	0.0713	0.1111	0	5	0	0/5	0.0208	0.0713	0.0163	0.3168	0.1382
COG1742	R	Uncharacterized inner membrane protein YnfA, drug/metabolite transporter superfamily	0.1540	0.0536	0.2066	1	5	0	1/5	0.0230	0.1215	0.0118	0.5602	0.0536
COG1743	L	Adenine-specific DNA methylase, contains a Zn-ribbon domain	0.6944	0.9373	0.3320	3	5	1	3/5	0.3735	0.9373	0.2131	0.9968	0.9515
COG1744	T	Lipoprotein Med, regulator of KinD/Spo0A, PBP1-ABC superfamily, includes NupN	0.5011	0.3941	0.3446	2	5	1	2/5	0.1245	0.3941	0.1710	0.8960	0.9201
COG1745	S	Uncharacterized metal-binding protein MJ1132, UPF0058 family	0.6666	0.9068	0.3657	3	5	1	3/5	0.3437	0.9805	0.1144	0.9878	0.9068
COG1746	J	tRNA nucleotidyltransferase (CCA-adding enzyme)	0.9981	0.9995	0.0023	5	5	1	5/5	0.9979	0.9995	0.9938	0.9999	0.9995
COG1747	S	Uncharacterized N-terminal domain of the transcription elongation factor GreA	0.0085	0.0071	0.0068	0	5	0	0/5	0.0018	0.0071	0.0019	0.0199	0.0118
COG1748	E	Saccharopine dehydrogenase, NADP-dependent	0.5571	0.5962	0.2540	3	5	1	3/5	0.2355	0.5962	0.2990	0.7785	0.8765
COG1749	N	Flagellar hook protein FlgE	0.0027	0.0030	0.0013	0	5	0	0/5	0.0030	0.0010	0.0044	0.0037	0.0014
COG1750	R	Predicted archaeal serine protease, S18 family	0.9124	0.9882	0.1092	5	5	1	5/5	0.8718	0.9968	0.7147	0.9882	0.9903
COG1751	GT	Ligand-binding C-terminal domain of pyruvate kinase, DUF1867	0.9241	0.9967	0.0897	5	5	1	5/5	0.8181	0.9967	0.8104	0.9984	0.9970
COG1752	R	Predicted acylesterase/phospholipase RssA, containd patatin domain	0.0243	0.0115	0.0338	0	5	0	0/5	0.0168	0.0011	0.0115	0.0907	0.0012
COG1753	V	Predicted antitoxin, CopG family	0.6904	0.9780	0.3624	3	5	1	3/5	0.2224	0.9780	0.2716	0.9951	0.9851
COG1754	S	Uncharacterized C-terminal domain of topoisomerase IA	0.0043	0.0016	0.0062	0	5	0	0/5	0.0001	0.0016	0.0000	0.0164	0.0035
COG1755	S	Uncharacterized conserved protein YpbQ, isoprenylcysteine carboxyl methyltransferase (ICMT) family	0.0016	0.0005	0.0022	0	5	0	0/5	0.0001	0.0005	0.0002	0.0058	0.0012
COG1756	J	rRNA pseudouridine-1189 N-methylase Emg1, Nep1/Mra1 family	0.9704	0.9777	0.0260	5	5	1	5/5	0.9383	0.9951	0.9413	0.9777	0.9995
COG1757	C	Na+/H+ antiporter NhaC/MleN	0.0903	0.0248	0.1387	0	5	0	0/5	0.0248	0.0182	0.0130	0.3676	0.0279
COG1758	K	DNA-directed RNA polymerase, subunit K/omega	0.9778	0.9848	0.0135	5	5	1	5/5	0.9740	0.9909	0.9861	0.9531	0.9848
COG1759	F	5-formaminoimidazole-4-carboxamide-1-beta-D-ribofuranosyl 5'-monophosphate synthetase (purine biosynthesis)	0.9797	0.9946	0.0276	5	5	1	5/5	0.9256	0.9967	0.9831	0.9946	0.9985
COG1760	E	L-serine deaminase	0.0044	0.0054	0.0031	0	5	0	0/5	0.0083	0.0004	0.0054	0.0068	0.0010
COG1761	K	DNA-directed RNA polymerase, subunit L/RPAC2	0.9952	0.9992	0.0064	5	5	1	5/5	0.9951	0.9993	0.9828	0.9992	0.9996
COG1762	GT	Phosphotransferase system mannitol/fructose-specific IIA domain (Ntr-type)	0.0076	0.0068	0.0047	0	5	0	0/5	0.0124	0.0020	0.0136	0.0068	0.0033
COG1763	H	Molybdopterin-guanine dinucleotide biosynthesis protein	0.9622	0.9903	0.0531	5	5	1	5/5	0.8581	0.9903	0.9684	0.9958	0.9982
COG1764	V	Organic hydroperoxide reductase OsmC/OhrA	0.1160	0.0847	0.0696	0	5	0	0/5	0.0691	0.0748	0.0847	0.2538	0.0974
COG1765	R	Uncharacterized OsmC-related protein	0.9180	0.9440	0.0745	5	5	1	5/5	0.8179	0.9440	0.8422	0.9988	0.9869
COG1766	NU	Flagellar biosynthesis/type III secretory pathway M-ring protein FliF/YscJ	0.0009	0.0004	0.0007	0	5	0	0/5	0.0015	0.0004	0.0020	0.0003	0.0004
COG1767	H	Triphosphoribosyl-dephospho-CoA synthetase	0.9520	0.9995	0.0845	5	5	1	5/5	0.9768	0.9995	0.7840	1.0000	0.9999
COG1768	R	Predicted phosphohydrolase, DR1119 family, metallophosphatase superfamily	0.0057	0.0021	0.0073	0	5	0	0/5	0.0021	0.0019	0.0011	0.0203	0.0030
COG1769	V	CRISPR-Cas system type III CMR-effector complex subunit Cmr3, RAMP superfamily Cas5 group	0.4668	0.4622	0.3569	2	5	0	2/5	0.1183	0.7476	0.0371	0.9686	0.4622
COG1770	E	Protease II	0.0015	0.0009	0.0011	0	5	0	0/5	0.0028	0.0005	0.0029	0.0009	0.0005
COG1771	S	Uncharacterized conserved protein, contains N-terminal Zn-finger domain	0.4146	0.5053	0.2697	3	5	0	3/5	0.1616	0.6847	0.0347	0.6869	0.5053
COG1772	S	Uncharacterized conserved protein, DUF531 domain	0.6647	0.7657	0.2853	4	5	1	4/5	0.5506	0.7657	0.1663	0.9683	0.8725
COG1773	P	Flavorubredoxin	0.7971	0.8789	0.1729	5	5	1	5/5	0.6607	0.9403	0.5295	0.9763	0.8789
COG1774	T	Cell fate regulator YaaT, PSP1 superfamily (controls sporulation, competence, biofilm development)	0.0772	0.0238	0.1108	0	5	0	0/5	0.0223	0.0238	0.0083	0.2982	0.0335
COG1775	EQ	Benzoyl-CoA reductase/2-hydroxyglutaryl-CoA dehydratase subunit, BcrC/BadD/HgdB	0.6625	0.8701	0.3366	3	5	1	3/5	0.3147	0.8701	0.1960	0.9844	0.9472
COG1776	T	Phosphoaspartate phosphatase CheC, specific for CheY-P	0.5320	0.5413	0.2328	3	5	1	3/5	0.3482	0.5413	0.2050	0.8297	0.7358
COG1777	K	Predicted transcriptional regulator, ArsR family	0.8543	0.9390	0.1424	5	5	1	5/5	0.6545	0.9390	0.7106	0.9931	0.9745
COG1778	MR	3-deoxy-D-manno-octulosonate 8-phosphate phosphatase KdsC and related HAD superfamily phosphatases	0.0042	0.0041	0.0020	0	5	0	0/5	0.0054	0.0020	0.0041	0.0073	0.0023
COG1779	R	C4-type Zn-finger protein	0.9088	0.9993	0.1626	5	5	1	5/5	0.9602	0.9997	0.5850	0.9993	0.9996
COG1780	F	Flavodoxin NrdI, NrdF-interacting activator of class Ib ribonucleotide reductase	0.0003	0.0002	0.0002	0	5	0	0/5	0.0004	0.0002	0.0005	0.0001	0.0001
COG1781	F	Aspartate carbamoyltransferase, regulatory subunit	0.9980	0.9997	0.0024	5	5	1	5/5	0.9968	0.9997	0.9938	0.9998	0.9999
COG1782	R	Predicted metal-dependent RNase, contains metallo-beta-lactamase and KH domains	0.9997	1.0000	0.0004	5	5	1	5/5	0.9993	1.0000	0.9991	1.0000	1.0000
COG1783	X	Phage terminase large subunit	0.0046	0.0033	0.0030	0	5	0	0/5	0.0074	0.0018	0.0089	0.0033	0.0015
COG1784	R	TctA family transporter	0.8188	0.8102	0.1226	5	5	1	5/5	0.6764	0.9744	0.6928	0.9400	0.8102
COG1785	PR	Alkaline phosphatase	0.1936	0.1295	0.2034	1	5	0	1/5	0.0711	0.1295	0.0351	0.5932	0.1393
COG1786	I	Mevalonate 5-phosphate dehydratase subunit 2, swiveling domain (modified mevalonate pathway)	0.9961	0.9996	0.0056	5	5	1	5/5	0.9957	0.9996	0.9854	0.9998	0.9998
COG1787	V	Endonuclease, HJR/Mrr/RecB family	0.0899	0.0101	0.1356	0	5	0	0/5	0.0101	0.0078	0.0079	0.3574	0.0662
COG1788	I	Acyl CoA:acetate/3-ketoacid CoA transferase, alpha subunit	0.4098	0.2832	0.3675	2	5	0	2/5	0.0466	0.2832	0.0353	0.9242	0.7597
COG1790	S	Uncharacterized conserved protein, DUF483 domain	0.5247	0.7705	0.3845	3	5	1	3/5	0.0727	0.9233	0.0430	0.7705	0.8141
COG1791	E	Acireductone dioxygenase (methionine salvage), cupin superfamily	0.0016	0.0015	0.0006	0	5	0	0/5	0.0015	0.0008	0.0019	0.0027	0.0013
COG1792	DZ	Cell shape-determining protein MreC	0.0002	0.0000	0.0003	0	5	0	0/5	0.0005	0.0000	0.0007	0.0000	0.0000
COG1793	L	ATP-dependent DNA ligase	0.9972	0.9990	0.0029	5	5	1	5/5	0.9921	0.9993	0.9958	0.9999	0.9990
COG1794	M	Amino acid racemase YgeA	0.4576	0.4465	0.2842	2	5	0	2/5	0.1426	0.4465	0.1433	0.7618	0.7940
COG1795	C	Formaldehyde-activating enzyme (5,6,7,8-tetrahydromethanopterin hydrolyase)	0.0604	0.0586	0.0483	0	5	0	0/5	0.0077	0.1131	0.0060	0.1164	0.0586
COG1796	L	DNA polymerase/3'-5' exonuclease PolX	0.3767	0.2592	0.3487	2	5	0	2/5	0.0321	0.2592	0.0411	0.9250	0.6260
COG1797	H	Cobyrinic acid a,c-diamide synthase	0.7735	0.9665	0.2961	4	5	1	4/5	0.6921	0.9826	0.2262	1.0000	0.9665
COG1798	J	Diphthamide biosynthesis methyltransferase	0.9888	0.9991	0.0146	5	5	1	5/5	0.9842	0.9992	0.9621	0.9991	0.9994
COG1799	D	Cell division protein SepF/YlmF, interacts with FtsZ	0.0163	0.0090	0.0175	0	5	0	0/5	0.0058	0.0090	0.0044	0.0509	0.0114
COG1800	R	Predicted transglutaminase-like protease, UPF0252 family	0.5747	0.7961	0.3462	3	5	1	3/5	0.2119	0.8042	0.1051	0.9560	0.7961
COG1801	R	Sugar isomerase-related protein YecE, UPF0759/DUF72 family	0.9636	0.9822	0.0359	5	5	1	5/5	0.9058	0.9822	0.9380	0.9963	0.9957
COG1802	K	DNA-binding transcriptional regulator, GntR family	0.0346	0.0077	0.0520	0	5	0	0/5	0.0049	0.0077	0.0050	0.1382	0.0173
COG1803	G	Methylglyoxal synthase	0.0992	0.0371	0.1318	0	5	0	0/5	0.0157	0.0371	0.0176	0.3605	0.0653
COG1804	I	Crotonobetainyl-CoA:carnitine CoA-transferase CaiB and related acyl-CoA transferases	0.3761	0.1538	0.3204	2	5	0	2/5	0.0920	0.1538	0.1236	0.8813	0.6297
COG1805	C	Na+-transporting NADH:ubiquinone oxidoreductase, subunit NqrB	0.0006	0.0006	0.0002	0	5	0	0/5	0.0007	0.0005	0.0008	0.0006	0.0003
COG1806	T	Regulator of PEP synthase PpsR, kinase-PPPase family (combines ADP:protein kinase and phosphorylase activities)	0.0021	0.0015	0.0017	0	5	0	0/5	0.0012	0.0006	0.0017	0.0055	0.0015
COG1807	M	PMT family glycosyltransferase ArnT/Agl22, involved in glycosylation of proteins and lipid IVA	0.1579	0.0835	0.1259	0	5	0	0/5	0.0835	0.2265	0.0574	0.3743	0.0479
COG1808	S	Uncharacterized membrane protein AF0785, contains DUF389 domain	0.6548	0.6883	0.2147	4	5	1	4/5	0.5329	0.6883	0.3194	0.9445	0.7891
COG1809	H	Phosphosulfolactate synthase, CoM biosynthesis protein A	0.5069	0.6067	0.3775	3	5	1	3/5	0.0686	0.8081	0.0678	0.9833	0.6067
COG1810	S	Uncharacterized conserved protein, DUF166 domain	0.8705	0.9861	0.1461	5	5	1	5/5	0.7123	0.9865	0.6723	0.9955	0.9861
COG1811	S	Uncharacterized membrane protein YqgA, affects biofilm formation	0.3177	0.2526	0.3193	1	5	0	1/5	0.0295	0.2526	0.0287	0.8964	0.3814
COG1812	H	Archaeal S-adenosylmethionine synthetase	0.9961	1.0000	0.0063	5	5	1	5/5	0.9838	1.0000	0.9966	1.0000	1.0000
COG1813	J	Archaeal ribosome-binding protein aMBF1, putative translation factor, contains Zn-ribbon and HTH domains	0.9849	0.9974	0.0197	5	5	1	5/5	0.9794	0.9974	0.9486	0.9998	0.9995
COG1814	P	Predicted Fe2+/Mn2+ transporter, VIT1/CCC1 family	0.9869	0.9985	0.0153	5	5	1	5/5	0.9667	0.9985	0.9696	0.9999	0.9997
COG1815	N	Flagellar basal body rod protein FlgB	0.0007	0.0008	0.0004	0	5	0	0/5	0.0009	0.0002	0.0008	0.0012	0.0004
COG1816	F	Adenosine deaminase	0.0125	0.0084	0.0118	0	5	0	0/5	0.0084	0.0020	0.0142	0.0346	0.0035
COG1817	R	Predicted glycosyltransferase	0.9464	0.9857	0.0603	5	5	1	5/5	0.9099	0.9857	0.8444	0.9978	0.9942
COG1818	J	tRNA(Ser,Leu) C12 N-acetylase TAN1, contains THUMP domain	0.9319	0.9939	0.1028	5	5	1	5/5	0.7322	0.9986	0.9349	0.9939	0.9998
COG1819	G	UDP:flavonoid glycosyltransferase YjiC, YdhE family	0.6842	0.7198	0.0782	5	5	1	5/5	0.6567	0.5438	0.7198	0.7552	0.7457
COG1820	G	N-acetylglucosamine-6-phosphate deacetylase	0.0206	0.0173	0.0094	0	5	0	0/5	0.0127	0.0118	0.0241	0.0372	0.0173
COG1821	H	Tyramine-glutamate ligase MfnD (methanofuran biosynthesis), ATP-grasp superfamily	0.8583	0.9948	0.1870	5	5	1	5/5	0.7761	0.9948	0.5255	0.9985	0.9965
COG1822	M	Uncharacterized membrane protein MJ0419, predicted role in archaeal polysaccharide biosynthesis	0.3948	0.3969	0.1791	1	5	0	1/5	0.3969	0.4561	0.1025	0.6592	0.3594
COG1823	E	L-cystine transporter TcyP, sodium:dicarboxylate symporter family	0.0004	0.0003	0.0002	0	5	0	0/5	0.0003	0.0002	0.0007	0.0005	0.0002
COG1824	P	Permease, similar to cation transporters	0.9205	0.9680	0.0846	5	5	1	5/5	0.8593	0.9680	0.7843	0.9944	0.9965
COG1825	J	Ribosomal protein L25 (general stress protein Ctc)	0.0008	0.0005	0.0007	0	5	0	0/5	0.0012	0.0001	0.0021	0.0005	0.0002
COG1826	U	Twin-arginine protein secretion pathway components TatA and TatB	0.4956	0.3654	0.2623	2	5	0	2/5	0.2758	0.3654	0.2446	0.9285	0.6637
COG1827	KH	Transcriptional regulator of NAD metabolism, contains HTH and 3H domains	0.1245	0.0477	0.1660	0	5	0	0/5	0.0163	0.0477	0.0124	0.4512	0.0947
COG1828	F	Phosphoribosylformylglycinamidine (FGAM) synthase, PurS subunit	0.9676	0.9885	0.0438	5	5	1	5/5	0.8816	0.9885	0.9740	0.9994	0.9946
COG1829	H	Archaeal pantoate kinase	0.9944	0.9993	0.0071	5	5	1	5/5	0.9910	0.9993	0.9818	0.9999	0.9998
COG1830	G	Fructose-bisphosphate aldolase class Ia, DhnA family	0.9848	0.9974	0.0182	5	5	1	5/5	0.9544	0.9974	0.9732	0.9999	0.9992
COG1831	R	Predicted metal-dependent hydrolase, urease superfamily	0.8250	0.9367	0.2476	4	5	1	4/5	0.8742	0.9367	0.3372	0.9992	0.9775
COG1832	R	Predicted CoA-binding protein	0.6484	0.5922	0.1822	4	5	1	4/5	0.5523	0.5922	0.3959	0.9139	0.7878
COG1833	R	Uri superfamily endonuclease	0.9431	0.9257	0.0501	5	5	1	5/5	0.9257	0.9210	0.8698	0.9997	0.9994
COG1834	E	N-Dimethylarginine dimethylaminohydrolase	0.2161	0.1380	0.1436	0	5	0	0/5	0.0663	0.1380	0.1154	0.3082	0.4525
COG1835	M	Peptidoglycan/LPS O-acetylase OafA/YrhL, contains acyltransferase and SGNH-hydrolase domains	0.0300	0.0099	0.0418	0	5	0	0/5	0.0147	0.0038	0.0099	0.1133	0.0082
COG1836	R	Cytidylyltransferase family enzyme	0.9858	0.9976	0.0173	5	5	1	5/5	0.9767	0.9990	0.9559	0.9999	0.9976
COG1837	R	Predicted RNA-binding protein YlqC, contains KH domain, UPF0109 family	0.0049	0.0021	0.0061	0	5	0	0/5	0.0021	0.0013	0.0025	0.0171	0.0013
COG1838	C	Tartrate dehydratase beta subunit/Fumarate hydratase class I, C-terminal domain	0.9932	0.9944	0.0048	5	5	1	5/5	0.9898	0.9944	0.9858	0.9986	0.9973
COG1839	F	Adenosine/AMP kinase	0.9299	0.9744	0.0774	5	5	1	5/5	0.8102	0.9744	0.8666	0.9988	0.9997
COG1840	P	ABC-type Fe3+ transport system, periplasmic component	0.3069	0.2415	0.2247	1	5	0	1/5	0.1401	0.2415	0.0482	0.6806	0.4243
COG1841	J	Ribosomal protein L30/L7E	0.9972	0.9996	0.0034	5	5	1	5/5	0.9945	0.9996	0.9918	1.0000	0.9999
COG1842	KT	Phage shock protein A	0.1667	0.0470	0.2314	1	5	0	1/5	0.0470	0.0314	0.0195	0.6253	0.1103
COG1843	N	Flagellar hook-capping protein FlgD	0.0009	0.0010	0.0005	0	5	0	0/5	0.0010	0.0003	0.0010	0.0018	0.0005
COG1844	S	Uncharacterized conserved protein, DUF356 domain	0.5403	0.6478	0.3399	3	5	1	3/5	0.2766	0.8439	0.0230	0.9102	0.6478
COG1845	C	Heme/copper-type cytochrome/quinol oxidase, subunit 3	0.0034	0.0006	0.0057	0	5	0	0/5	0.0006	0.0000	0.0013	0.0148	0.0003
COG1846	K	DNA-binding transcriptional regulator, MarR family	0.6316	0.6404	0.2316	4	5	1	4/5	0.6404	0.6055	0.2365	0.9526	0.7229
COG1847	R	Predicted RNA-binding protein Jag (SpoIIIJ-associated), conains KH and R3H domains	0.0065	0.0029	0.0080	0	5	0	0/5	0.0043	0.0012	0.0029	0.0224	0.0018
COG1848	V	VapC family ribonuclease, toxin component of the VapBC toxin-antitoxin module, contains PIN domain	0.9821	0.9996	0.0252	5	5	1	5/5	0.9764	0.9996	0.9351	0.9999	0.9996
COG1849	S	Uncharacterized conserved protein	0.7121	0.8899	0.2698	4	5	1	4/5	0.5325	0.8947	0.2677	0.9755	0.8899
COG1850	G	Ribulose 1,5-bisphosphate carboxylase, large subunit, or a RuBisCO-like protein	0.8951	0.9862	0.1616	5	5	1	5/5	0.9322	0.9862	0.5749	0.9903	0.9918
COG1851	S	Uncharacterized conserved protein, UPF0128 family	0.2810	0.2028	0.2524	1	5	0	1/5	0.0529	0.2028	0.0290	0.7034	0.4170
COG1852	R	Predicted redox protein with CxxCxxC motif, DUF116 family	0.9042	0.9566	0.1064	5	5	1	5/5	0.8761	0.9937	0.7084	0.9862	0.9566
COG1853	C	FMN reductase RutF, DIM6/NTAB family	0.9808	0.9886	0.0174	5	5	1	5/5	0.9638	0.9886	0.9565	0.9987	0.9965
COG1854	T	S-ribosylhomocysteine lyase LuxS, autoinducer biosynthesis	0.0014	0.0013	0.0005	0	5	0	0/5	0.0017	0.0008	0.0022	0.0013	0.0009
COG1855	UW	Predicted ATPase, PilT family, contains N-terminal PIN domain	0.9850	0.9998	0.0276	5	5	1	5/5	0.9953	0.9999	0.9299	0.9998	0.9999
COG1856	R	Uncharacterized conserved protein, radical SAM superfamily	0.8968	0.9476	0.0968	5	5	1	5/5	0.8271	0.9476	0.7421	0.9708	0.9966
COG1857	V	CRISPR-Cas system type I effector complex subunit Cas7,  RAMP superfamily	0.9349	0.9933	0.0843	5	5	1	5/5	0.9139	0.9933	0.7783	0.9953	0.9939
COG1858	O	Cytochrome c peroxidase	0.0147	0.0025	0.0248	0	5	0	0/5	0.0025	0.0026	0.0019	0.0643	0.0021
COG1859	J	RNA:NAD 2'-phosphotransferase, TPT1/KptA family	0.8003	0.8098	0.0732	5	5	1	5/5	0.8577	0.8098	0.6704	0.8793	0.7843
COG1860	FL	Predicted metal-binding protein, contains two cysteine clusters, UPF0179 family	0.9741	0.9961	0.0289	5	5	1	5/5	0.9403	0.9961	0.9373	0.9994	0.9974
COG1861	M	Spore coat polysaccharide biosynthesis protein SpsF, cytidylyltransferase family	0.0539	0.0252	0.0585	0	5	0	0/5	0.0222	0.0371	0.0151	0.1701	0.0252
COG1862	U	Protein translocase subunit YajC	0.0010	0.0003	0.0010	0	5	0	0/5	0.0022	0.0003	0.0024	0.0001	0.0001
COG1863	P	Multisubunit Na+/H+ antiporter, MnhE subunit	0.8845	0.9391	0.1456	5	5	1	5/5	0.9179	0.9391	0.5981	0.9943	0.9730
COG1864	F	DNA/RNA endonuclease G, NUC1	0.0047	0.0025	0.0044	0	5	0	0/5	0.0029	0.0021	0.0025	0.0135	0.0023
COG1865	H	Adenosylcobinamide amidohydrolase	0.7994	0.9138	0.2210	4	5	1	4/5	0.7405	0.9138	0.3930	0.9949	0.9549
COG1866	C	Phosphoenolpyruvate carboxykinase, ATP-dependent	0.1232	0.0435	0.1153	0	5	0	0/5	0.2009	0.0349	0.3136	0.0231	0.0435
COG1867	J	tRNA G26 N,N-dimethylase Trm1	0.9996	1.0000	0.0005	5	5	1	5/5	0.9989	1.0000	0.9991	1.0000	1.0000
COG1868	N	Flagellar motor switch protein FliM	0.0009	0.0006	0.0008	0	5	0	0/5	0.0006	0.0003	0.0006	0.0026	0.0006
COG1869	G	D-ribose pyranose/furanose isomerase RbsD	0.0049	0.0019	0.0063	0	5	0	0/5	0.0019	0.0010	0.0019	0.0174	0.0024
COG1871	T	Chemotaxis receptor (MCP) glutamine deamidase CheD	0.6062	0.6253	0.2483	3	5	1	3/5	0.4331	0.6253	0.2393	0.9290	0.8043
COG1872	S	Uncharacterized conserved protein YggU, UPF0235/DUF167 family	0.9631	0.9903	0.0412	5	5	1	5/5	0.9467	0.9916	0.8893	0.9978	0.9903
COG1873	R	Sporulation protein YlmC, YlmC/YmxH family, contains PRC-barrel domain	0.9592	0.9854	0.0421	5	5	1	5/5	0.8966	0.9955	0.9210	0.9976	0.9854
COG1874	G	Beta-galactosidase GanA	0.2240	0.2099	0.1014	0	5	0	0/5	0.1508	0.2099	0.0995	0.3927	0.2670
COG1875	R	Predicted ribonuclease YlaK, contains NYN-type RNase and PhoH-family ATPase domains	0.0665	0.0363	0.0669	0	5	0	0/5	0.0247	0.0363	0.0197	0.1982	0.0534
COG1876	M	LD-carboxypeptidase LdcB, LAS superfamily	0.0001	0.0000	0.0002	0	5	0	0/5	0.0002	0.0000	0.0004	0.0000	0.0000
COG1877	G	Trehalose-6-phosphate phosphatase	0.2529	0.1259	0.3149	1	5	0	1/5	0.0172	0.1259	0.0212	0.8615	0.2386
COG1878	E	Kynurenine formamidase	0.7282	0.8262	0.2660	3	5	1	3/5	0.4972	0.8262	0.3368	0.9983	0.9823
COG1879	G	ABC-type sugar transport system, periplasmic component, contains N-terminal xre family HTH domain	0.0262	0.0063	0.0399	0	5	0	0/5	0.0095	0.0031	0.0063	0.1059	0.0060
COG1880	C	CO dehydrogenase/acetyl-CoA synthase epsilon subunit	0.9118	0.9939	0.1184	5	5	1	5/5	0.6932	0.9965	0.8782	0.9939	0.9971
COG1881	R	Uncharacterized conserved protein, phosphatidylethanolamine-binding protein (PEBP) family	0.7960	0.9246	0.2072	4	5	1	4/5	0.4734	0.9246	0.6281	0.9897	0.9642
COG1882	C	Pyruvate-formate lyase	0.1652	0.0528	0.1587	0	5	0	0/5	0.0500	0.0152	0.0528	0.2981	0.4099
COG1883	C	Na+-transporting oxaloacetate/methylmalonyl-CoA decarboxylase, beta subunit	0.2668	0.1771	0.2135	1	5	0	1/5	0.1406	0.1771	0.0506	0.6616	0.3041
COG1884	I	Methylmalonyl-CoA mutase, N-terminal domain/subunit	0.5390	0.3659	0.3608	2	5	1	2/5	0.3017	0.3659	0.0943	0.9939	0.9391
COG1885	S	Uncharacterized conserved protein, UPF0212 family	0.6765	0.8722	0.3404	3	5	1	3/5	0.4769	0.9399	0.1005	0.9931	0.8722
COG1886	NU	Flagellar motor switch/type III secretory pathway protein FliN	0.0005	0.0003	0.0003	0	5	0	0/5	0.0009	0.0003	0.0009	0.0003	0.0002
COG1887	MI	CDP-glycerol glycerophosphotransferase, TagB/SpsB family	0.0617	0.0516	0.0372	0	5	0	0/5	0.0279	0.0686	0.0304	0.1300	0.0516
COG1888	S	Uncharacterized conserved protein, DUF211 domain	0.9776	0.9839	0.0237	5	5	1	5/5	0.9714	0.9839	0.9348	0.9992	0.9986
COG1889	J	Fibrillarin-like rRNA 2'-O-methylase NOP1	0.0773	0.0952	0.0620	0	5	0	0/5	0.0052	0.0952	0.0056	0.1222	0.1581
COG1890	J	Ribosomal protein S3AE	0.9992	0.9999	0.0011	5	5	1	5/5	0.9990	1.0000	0.9972	0.9999	1.0000
COG1891	H	4-(hydroxymethyl)-2-furancarboxaldehyde phosphate synthase MfnB	0.8619	0.9939	0.1790	5	5	1	5/5	0.7735	0.9939	0.5481	0.9973	0.9967
COG1892	G	Phosphoenolpyruvate carboxylase	0.8365	0.9747	0.1881	5	5	1	5/5	0.5480	0.9747	0.6752	0.9904	0.9944
COG1893	H	Ketopantoate reductase	0.7209	0.8122	0.2290	4	5	1	4/5	0.8122	0.5778	0.3447	0.9467	0.9233
COG1894	C	NADH:ubiquinone oxidoreductase, NADH-binding 51 kD subunit (chain F)	0.5038	0.4615	0.3320	2	5	1	2/5	0.4615	0.2022	0.0981	0.9593	0.7977
COG1895	V	HEPN domain protein, predicted toxin of MNT-HEPN system	0.7600	0.9841	0.2904	4	5	1	4/5	0.5317	0.9841	0.3000	0.9942	0.9900
COG1896	FR	5'-deoxynucleotidase YfbR and related HD superfamily hydrolases	0.5613	0.6444	0.1516	4	5	1	4/5	0.6812	0.5625	0.6501	0.2684	0.6444
COG1897	E	Homoserine O-succinyltransferase	0.0009	0.0003	0.0008	0	5	0	0/5	0.0021	0.0003	0.0018	0.0002	0.0002
COG1898	M	dTDP-4-dehydrorhamnose 3,5-epimerase or related enzyme	0.7151	0.8061	0.2335	4	5	1	4/5	0.8061	0.6617	0.2931	0.9761	0.8384
COG1899	OJ	Deoxyhypusine synthase	0.9993	1.0000	0.0009	5	5	1	5/5	0.9984	1.0000	0.9980	1.0000	1.0000
COG1900	E	Sulfur incorporation enzyme MA1821 (anaerobic homocysteine biosynthesis), HcyBio/DUF39 family	0.9690	0.9695	0.0217	5	5	1	5/5	0.9377	0.9943	0.9526	0.9695	0.9907
COG1901	J	tRNA pseudouridine-54 N-methylase	0.9071	0.9955	0.1207	5	5	1	5/5	0.8552	0.9968	0.6918	0.9964	0.9955
COG1902	C	2,4-dienoyl-CoA reductase or related NADH-dependent reductase, Old Yellow Enzyme (OYE) family	0.3197	0.1609	0.2619	1	5	0	1/5	0.1609	0.1587	0.0662	0.7842	0.4284
COG1903	H	Cobalamin biosynthesis protein CbiD (cobalt-precorrin-5B C-methyltransferase)	0.5117	0.6549	0.3584	3	5	1	3/5	0.1634	0.7169	0.0328	0.9903	0.6549
COG1904	G	Glucuronate isomerase	0.0031	0.0031	0.0007	0	5	0	0/5	0.0038	0.0031	0.0037	0.0031	0.0019
COG1905	C	NADH:ubiquinone oxidoreductase 24 kD subunit (chain E)	0.4495	0.3485	0.3207	2	5	0	2/5	0.3485	0.1426	0.1024	0.8738	0.7801
COG1906	R	Predicted GntP-related membrane permease AF0261, DUF401 family	0.8513	0.9516	0.1329	5	5	1	5/5	0.6526	0.9516	0.7304	0.9534	0.9685
COG1907	H	Beta-ribofuranosylaminobenzene 5'-phosphate synthase (methanopterin biosynthesis)	0.9567	1.0000	0.0849	5	5	1	5/5	0.9965	1.0000	0.7870	1.0000	1.0000
COG1908	C	Coenzyme F420-reducing hydrogenase, delta subunit	0.9194	0.9698	0.0871	5	5	1	5/5	0.7917	0.9698	0.8384	0.9983	0.9990
COG1909	H	Archaeal dephospho-CoA kinase	0.9978	0.9999	0.0034	5	5	1	5/5	0.9978	0.9999	0.9911	1.0000	1.0000
COG1910	P	Periplasmic molybdate-binding protein/domain	0.4820	0.4727	0.3192	2	5	0	2/5	0.1203	0.4727	0.1390	0.8948	0.7830
COG1911	J	Ribosomal protein L30E	0.9890	0.9915	0.0100	5	5	1	5/5	0.9762	0.9992	0.9784	0.9915	0.9998
COG1912	HV	Stereoselective (R,S)-S-adenosylmethionine hydrolase (adenosine-forming)	0.9715	0.9966	0.0336	5	5	1	5/5	0.9238	0.9966	0.9378	0.9999	0.9995
COG1913	R	Predicted Zn-dependent protease	0.9081	0.9944	0.1103	5	5	1	5/5	0.7987	0.9944	0.7499	0.9985	0.9988
COG1914	P	Mn2+ or Fe2+ transporter, NRAMP family	0.3599	0.2662	0.3309	1	5	0	1/5	0.0678	0.2662	0.0591	0.9553	0.4513
COG1915	S	Uncharacterized conserved protein AF1278, contains saccharopine dehydrogenase N-terminal (SDHN) domain	0.8239	0.9773	0.2039	5	5	1	5/5	0.5002	0.9834	0.6650	0.9938	0.9773
COG1916	S	Pheromone shutdown protein TraB, contains GTxH motif (function unknown)	0.8721	0.9592	0.1568	5	5	1	5/5	0.9592	0.9621	0.5644	0.9821	0.8926
COG1917	R	Cupin domain protein related to quercetin dioxygenase	0.9471	0.9813	0.0575	5	5	1	5/5	0.8578	0.9813	0.9005	0.9994	0.9967
COG1918	P	Fe2+ transport protein FeoA	0.9808	0.9820	0.0115	5	5	1	5/5	0.9776	0.9937	0.9609	0.9820	0.9900
COG1920	H	2-phospho-L-lactate guanylyltransferase, coenzyme F420 biosynthesis enzyme, CobY/MobA/RfbA family	0.8895	0.9935	0.1500	5	5	1	5/5	0.8468	0.9935	0.6126	0.9989	0.9957
COG1921	J	Seryl-tRNA(Sec) selenium transferase	0.2199	0.1349	0.2573	1	5	0	1/5	0.0305	0.1936	0.0226	0.7181	0.1349
COG1922	M	UDP-N-acetyl-D-mannosaminuronic acid transferase, WecB/TagA/CpsF family	0.0032	0.0025	0.0023	0	5	0	0/5	0.0025	0.0011	0.0031	0.0076	0.0016
COG1923	T	sRNA-binding regulator protein Hfq	0.0395	0.0252	0.0354	0	5	0	0/5	0.0308	0.0208	0.0116	0.1092	0.0252
COG1924	I	Activator of 2-hydroxyglutaryl-CoA dehydratase (HSP70-class ATPase domain)	0.9229	0.9963	0.0946	5	5	1	5/5	0.8428	0.9985	0.7771	0.9999	0.9963
COG1925	TG	HPr or related phosphotransfer protein	0.0028	0.0002	0.0033	0	5	0	0/5	0.0058	0.0001	0.0077	0.0001	0.0002
COG1926	R	Predicted phosphoribosyltransferase	0.7377	0.9461	0.3131	4	5	1	4/5	0.1986	0.9461	0.5657	0.9978	0.9802
COG1927	C	F420-dependent methylenetetrahydromethanopterin dehydrogenase	0.8401	0.9844	0.1804	5	5	1	5/5	0.6238	0.9844	0.6145	0.9864	0.9914
COG1928	O	Dolichyl-phosphate-mannose--protein O-mannosyl transferase	0.0110	0.0089	0.0058	0	5	0	0/5	0.0043	0.0116	0.0089	0.0216	0.0087
COG1929	G	Glycerate kinase	0.0025	0.0010	0.0029	0	5	0	0/5	0.0010	0.0003	0.0025	0.0080	0.0005
COG1930	P	ABC-type cobalt transport system, periplasmic component	0.3618	0.3964	0.3027	1	5	0	1/5	0.0836	0.4470	0.0167	0.8651	0.3964
COG1931	R	Predicted RNA binding protein with dsRBD fold, UPF0201 family	0.9820	0.9938	0.0181	5	5	1	5/5	0.9656	0.9938	0.9550	0.9974	0.9983
COG1932	HE	Phosphoserine aminotransferase	0.0060	0.0008	0.0070	0	5	0	0/5	0.0117	0.0008	0.0170	0.0003	0.0004
COG1933	L	Archaeal DNA polymerase II, large subunit	0.9920	0.9911	0.0038	5	5	1	5/5	0.9869	0.9953	0.9911	0.9972	0.9895
COG1934	M	Lipopolysaccharide export system protein LptA	0.0017	0.0008	0.0015	0	5	0	0/5	0.0027	0.0008	0.0043	0.0003	0.0005
COG1935	S	Uncharacterized conserved protein, DUF473 domain	0.7053	0.9292	0.3453	4	5	1	4/5	0.5308	0.9840	0.1031	0.9795	0.9292
COG1936	F	Broad-specificity NMP kinase	0.9714	0.9967	0.0335	5	5	1	5/5	0.9351	0.9967	0.9258	0.9998	0.9994
COG1937	K	DNA-binding transcriptional regulator, FrmR family	0.0268	0.0132	0.0308	0	5	0	0/5	0.0132	0.0181	0.0112	0.0877	0.0040
COG1938	R	Predicted ATP-dependent carboligase, ATP-grasp superfamily	0.9870	0.9987	0.0195	5	5	1	5/5	0.9491	0.9987	0.9877	0.9999	0.9997
COG1939	J	23S rRNA maturation mini-RNase III	0.0023	0.0025	0.0003	0	5	0	0/5	0.0025	0.0024	0.0018	0.0025	0.0025
COG1940	GK	Sugar kinase of the NBD/HSP70 family, may contain an N-terminal HTH domain	0.3151	0.2491	0.1338	0	5	0	0/5	0.1753	0.2491	0.1994	0.4934	0.4581
COG1941	C	Coenzyme F420-reducing hydrogenase, gamma subunit	0.9623	0.9916	0.0423	5	5	1	5/5	0.9227	0.9916	0.8999	0.9986	0.9985
COG1942	Q	Phenylpyruvate tautomerase PptA, 4-oxalocrotonate tautomerase family	0.1918	0.1607	0.1476	0	5	0	0/5	0.0438	0.1607	0.0309	0.3266	0.3968
COG1943	X	REP element-mobilizing transposase RayT	0.4358	0.3314	0.2995	2	5	0	2/5	0.1840	0.3314	0.0951	0.8723	0.6960
COG1944	J	Ribosomal protein S12 methylthiotransferase accessory factor YcaO	0.5347	0.5656	0.3168	3	5	1	3/5	0.2311	0.8030	0.1267	0.9472	0.5656
COG1945	E	Pyruvoyl-dependent arginine decarboxylase	0.9798	0.9967	0.0250	5	5	1	5/5	0.9685	0.9967	0.9355	0.9999	0.9986
COG1946	I	Acyl-CoA thioesterase	0.0014	0.0013	0.0004	0	5	0	0/5	0.0013	0.0008	0.0018	0.0017	0.0013
COG1947	I	4-diphosphocytidyl-2C-methyl-D-erythritol kinase	0.0016	0.0001	0.0020	0	5	0	0/5	0.0032	0.0001	0.0048	0.0000	0.0000
COG1948	L	ERCC4-type crossover junction endonuclease	0.8006	0.9308	0.1857	4	5	1	4/5	0.6789	0.9446	0.4916	0.9571	0.9308
COG1949	A	Oligoribonuclease (3'-5' exoribonuclease)	0.0030	0.0005	0.0033	0	5	0	0/5	0.0066	0.0005	0.0073	0.0001	0.0004
COG1950	S	Uncharacterized membrane protein YvlD, DUF360 family	0.0172	0.0060	0.0221	0	5	0	0/5	0.0103	0.0026	0.0060	0.0610	0.0059
COG1951	C	Tartrate dehydratase alpha subunit/Fumarate hydratase class I, N-terminal domain	0.9968	0.9995	0.0036	5	5	1	5/5	0.9940	0.9996	0.9911	0.9998	0.9995
COG1952	U	Preprotein translocase subunit SecB	0.0037	0.0043	0.0018	0	5	0	0/5	0.0061	0.0023	0.0043	0.0046	0.0011
COG1953	FH	Cytosine/uracil/thiamine/allantoin permease	0.0338	0.0173	0.0274	0	5	0	0/5	0.0173	0.0073	0.0104	0.0627	0.0712
COG1954	K	Glycerol-3-phosphate responsive antiterminator (mRNA-binding)	0.0137	0.0015	0.0229	0	5	0	0/5	0.0007	0.0015	0.0008	0.0593	0.0061
COG1955	N	Archaellum biogenesis protein ArlJ/FlaJ, TadC family	0.9051	0.9989	0.1712	5	5	1	5/5	0.9640	0.9989	0.5637	0.9996	0.9991
COG1956	VT	GAF domain-containing protein, putative methionine-R-sulfoxide reductase	0.0481	0.0367	0.0383	0	5	0	0/5	0.0367	0.0525	0.0096	0.1192	0.0223
COG1957	F	Inosine-uridine nucleoside N-ribohydrolase	0.1040	0.0299	0.0989	0	5	0	0/5	0.0265	0.0299	0.0290	0.2726	0.1618
COG1958	K	Small nuclear ribonucleoprotein (snRNP) homolog	0.9955	1.0000	0.0055	5	5	1	5/5	0.9890	1.0000	0.9887	1.0000	1.0000
COG1959	K	DNA-binding transcriptional regulator, IscR family	0.0044	0.0046	0.0032	0	5	0	0/5	0.0093	0.0007	0.0064	0.0046	0.0011
COG1960	I	Acyl-CoA dehydrogenase related to the alkylation response protein AidB	0.4307	0.5271	0.2212	3	5	0	3/5	0.1207	0.2406	0.5271	0.7367	0.5283
COG1961	L	Site-specific DNA recombinase SpoIVCA/DNA invertase PinE	0.2031	0.1817	0.0901	0	5	0	0/5	0.2630	0.1539	0.1817	0.3389	0.0780
COG1962	H	Tetrahydromethanopterin S-methyltransferase, subunit H	0.9458	0.9956	0.0645	5	5	1	5/5	0.8455	0.9981	0.8921	0.9975	0.9956
COG1963	R	Acid phosphatase family membrane protein YuiD	0.0023	0.0018	0.0015	0	5	0	0/5	0.0011	0.0013	0.0018	0.0051	0.0021
COG1964	H	C-terminal domain of the GTP 3',8'-cyclase MoaA, radical SAM superfamily (molybdenum cofactor biosynthesis)	0.9963	0.9986	0.0035	5	5	1	5/5	0.9915	0.9994	0.9927	0.9986	0.9994
COG1965	P	Fe-S cluster assembly protein CyaY, frataxin homolog	0.0008	0.0007	0.0005	0	5	0	0/5	0.0005	0.0004	0.0007	0.0017	0.0007
COG1966	CE	Carbon starvation protein CstA (peptide/pyruvate transporter)	0.4278	0.3145	0.2172	2	5	0	2/5	0.3145	0.2857	0.1676	0.7183	0.6529
COG1967	S	Uncharacterized membrane protein	0.7731	0.9506	0.2802	4	5	1	4/5	0.6691	0.9851	0.2667	0.9941	0.9506
COG1968	I	Undecaprenyl pyrophosphate phosphatase	0.4873	0.4311	0.1295	2	5	0	2/5	0.4311	0.4226	0.3402	0.7186	0.5240
COG1969	C	Ni,Fe-hydrogenase I cytochrome b subunit	0.0033	0.0020	0.0030	0	5	0	0/5	0.0017	0.0020	0.0012	0.0092	0.0026
COG1970	M	Large-conductance mechanosensitive channel	0.1979	0.1696	0.0723	0	5	0	0/5	0.1226	0.2488	0.1357	0.3129	0.1696
COG1971	P	Putative Mn2+ efflux pump MntP	0.2811	0.2865	0.1083	0	5	0	0/5	0.1055	0.4116	0.2304	0.3714	0.2865
COG1972	F	Nucleoside permease NupC	0.0007	0.0008	0.0004	0	5	0	0/5	0.0012	0.0003	0.0009	0.0008	0.0001
COG1973	O	Hydrogenase maturation factor HypE	0.8270	0.9829	0.2227	4	5	1	4/5	0.7459	0.9864	0.4232	0.9964	0.9829
COG1974	KT	SOS-response transcriptional repressor LexA (RecA-mediated autopeptidase)	0.0013	0.0012	0.0012	0	5	0	0/5	0.0017	0.0001	0.0012	0.0033	0.0001
COG1975	O	Molybdoenzyme maturation factor PaoD (Mo cofactor insertion), XdhC/CoxF family	0.3423	0.1503	0.3231	2	5	0	2/5	0.0596	0.1503	0.0394	0.8057	0.6564
COG1976	J	Translation initiation factor 6 (eIF-6)	0.9991	0.9998	0.0010	5	5	1	5/5	0.9974	0.9999	0.9986	0.9998	0.9999
COG1977	H	Molybdopterin synthase sulfur carrier subunit MoaD	0.9954	0.9969	0.0048	5	5	1	5/5	0.9935	0.9969	0.9870	1.0000	0.9996
COG1978	R	Predicted RNase H-related nuclease YkuK, DUF458 family	0.0135	0.0067	0.0164	0	5	0	0/5	0.0033	0.0067	0.0021	0.0458	0.0097
COG1979	C	Alcohol dehydrogenase YqhD, Fe-dependent ADH family	0.0022	0.0009	0.0017	0	5	0	0/5	0.0046	0.0009	0.0038	0.0007	0.0008
COG1980	G	Archaeal fructose 1,6-bisphosphatase	0.9748	0.9678	0.0207	5	5	1	5/5	0.9521	0.9990	0.9555	0.9678	0.9995
COG1981	H	Protoporphyrinogen oxidase HemJ (unrelated to HemG or HemY)	0.0009	0.0007	0.0003	0	5	0	0/5	0.0012	0.0007	0.0015	0.0007	0.0006
COG1982	E	Arginine/lysine/ornithine decarboxylase	0.0189	0.0076	0.0192	0	5	0	0/5	0.0076	0.0232	0.0065	0.0546	0.0026
COG1983	KT	Phage shock protein PspC (stress-responsive transcriptional regulator)	0.3013	0.2719	0.2235	1	5	0	1/5	0.0883	0.4990	0.0378	0.6097	0.2719
COG1984	E	5-oxoprolinase subunit C/Allophanate hydrolase subunit 2	0.2286	0.0736	0.3189	1	5	0	1/5	0.0209	0.0736	0.0146	0.8556	0.1781
COG1985	H	Pyrimidine reductase, riboflavin biosynthesis	0.9599	0.9923	0.0552	5	5	1	5/5	0.9577	0.9923	0.8536	0.9998	0.9960
COG1986	FV	Non-canonical (house-cleaning) NTP pyrophosphatase, all-alpha NTP-PPase family	0.9979	0.9998	0.0024	5	5	1	5/5	0.9957	0.9998	0.9943	1.0000	0.9999
COG1987	N	Flagellar biosynthesis protein FliQ	0.0006	0.0006	0.0004	0	5	0	0/5	0.0006	0.0002	0.0006	0.0014	0.0004
COG1988	R	Membrane-bound metal-dependent hydrolase YbcI, DUF457 family	0.4140	0.4439	0.2113	2	5	0	2/5	0.1471	0.5464	0.2132	0.7195	0.4439
COG1989	NU	Prepilin signal peptidase PulO (type II secretory pathway) or related peptidase	0.9617	0.9856	0.0377	5	5	1	5/5	0.9189	0.9856	0.9128	0.9987	0.9926
COG1990	J	Peptidyl-tRNA hydrolase	0.9798	0.9933	0.0218	5	5	1	5/5	0.9581	0.9933	0.9488	0.9996	0.9992
COG1991	R	Uncharacterized conserved protein MJ0832_1, predicted component of type IV pili-like system, UPF0333 family	0.3345	0.3984	0.2443	2	5	0	2/5	0.0766	0.5864	0.0202	0.5908	0.3984
COG1992	R	Predicted transcriptional regulator fused phosphomethylpyrimidine kinase (thiamin biosynthesis)	0.6238	0.6645	0.3256	3	5	1	3/5	0.4314	0.6645	0.1066	0.9715	0.9449
COG1993	T	PII-like signaling protein	0.7903	0.9078	0.1997	5	5	1	5/5	0.5594	0.9542	0.5369	0.9933	0.9078
COG1994	O	Zn-dependent protease (includes sporulation protein SpoIVFB)	0.8694	0.9091	0.0994	5	5	1	5/5	0.6902	0.9091	0.8482	0.9840	0.9155
COG1995	H	4-hydroxy-L-threonine phosphate dehydrogenase PdxA	0.0287	0.0125	0.0398	0	5	0	0/5	0.0125	0.0026	0.0133	0.1079	0.0071
COG1996	K	DNA-directed RNA polymerase, subunit RPC12/RpoP, contains C4-type Zn-finger	0.9228	0.9727	0.0987	5	5	1	5/5	0.9363	0.9727	0.7293	0.9962	0.9794
COG1997	J	Ribosomal protein L37AE/L43A	0.9897	0.9997	0.0186	5	5	1	5/5	0.9964	0.9997	0.9525	0.9999	0.9999
COG1998	J	Ribosomal protein S27AE	0.9531	0.9977	0.0585	5	5	1	5/5	0.9113	0.9977	0.8578	0.9994	0.9993
COG1999	O	Cytochrome oxidase Cu insertion factor, SCO1/SenC/PrrC family	0.0062	0.0049	0.0057	0	5	0	0/5	0.0033	0.0005	0.0051	0.0172	0.0049
COG2000	R	Uncharacterized Fe-S cluster-containing protein	0.3008	0.1968	0.2881	1	5	0	1/5	0.0361	0.1968	0.0126	0.7624	0.4959
COG2001	J	MraZ, DNA-binding transcriptional regulator and inhibitor of RsmH methyltransferase activity	0.0011	0.0004	0.0009	0	5	0	0/5	0.0025	0.0003	0.0020	0.0004	0.0004
COG2002	KV	Bifunctional DNA-binding transcriptional regulator of stationary/sporulation/toxin gene expression and antitoxin component of the YhaV-PrlF toxin-antitoxin module	0.9551	0.9930	0.0493	5	5	1	5/5	0.9129	0.9930	0.8793	0.9972	0.9930
COG2003	L	DNA repair protein RadC, contains a helix-hairpin-helix DNA-binding motif	0.0477	0.0491	0.0252	0	5	0	0/5	0.0491	0.0738	0.0302	0.0754	0.0101
COG2004	J	Ribosomal protein S24E	0.9986	0.9998	0.0017	5	5	1	5/5	0.9980	0.9998	0.9955	0.9999	1.0000
COG2005	K	DNA-binding transcriptional regulator ModE (molybdenum-dependent)	0.8132	0.9238	0.1935	5	5	1	5/5	0.6622	0.9238	0.5088	0.9880	0.9833
COG2006	S	Uncharacterized conserved protein, DUF362 family	0.8518	0.9939	0.1802	5	5	1	5/5	0.6729	0.9939	0.5937	0.9998	0.9989
COG2007	J	Ribosomal protein S8E	0.9982	0.9997	0.0024	5	5	1	5/5	0.9977	0.9999	0.9937	0.9997	0.9999
COG2008	E	Threonine aldolase	0.0455	0.0217	0.0516	0	5	0	0/5	0.0156	0.0046	0.0217	0.1461	0.0395
COG2009	C	Succinate dehydrogenase/fumarate reductase, cytochrome b subunit	0.2167	0.0627	0.2019	1	5	0	1/5	0.0620	0.0467	0.0627	0.5355	0.3768
COG2010	C	Cytochrome c, mono- and diheme variants	0.0264	0.0082	0.0399	0	5	0	0/5	0.0082	0.0028	0.0112	0.1060	0.0036
COG2011	E	ABC-type methionine transport system, permease component	0.0001	0.0000	0.0001	0	5	0	0/5	0.0002	0.0000	0.0003	0.0000	0.0000
COG2012	K	DNA-directed RNA polymerase, subunit H, RpoH/RPB5	0.9872	0.9994	0.0218	5	5	1	5/5	0.9931	0.9997	0.9438	0.9994	0.9998
COG2013	C	AIM24 protein, required for mitochondrial respiration	0.8582	0.9298	0.1981	4	5	1	4/5	0.9298	0.9252	0.4654	0.9899	0.9807
COG2014	S	Uncharacterized conserved protein, contains DUF4213 and DUF364 domains	0.9014	0.9658	0.1135	5	5	1	5/5	0.8767	0.9658	0.6896	0.9931	0.9816
COG2015	Q	Alkyl sulfatase BDS1 and related hydrolases, metallo-beta-lactamase superfamily	0.0446	0.0116	0.0665	0	5	0	0/5	0.0116	0.0084	0.0093	0.1775	0.0162
COG2016	J	Predicted ribosome-associated RNA-binding protein Tma20, contains PUA domain	0.9957	0.9999	0.0064	5	5	1	5/5	0.9954	0.9999	0.9834	1.0000	1.0000
COG2017	G	Galactose mutarotase or related enzyme	0.0016	0.0004	0.0019	0	5	0	0/5	0.0026	0.0000	0.0050	0.0004	0.0002
COG2018	T	Predicted regulator of Ras-like GTPase activity, Roadblock/LC7/MglB family	0.7822	0.9636	0.2471	4	5	1	4/5	0.5971	0.9636	0.3850	0.9829	0.9823
COG2019	F	Archaeal adenylate kinase	0.8615	0.8980	0.0835	5	5	1	5/5	0.7462	0.9726	0.7846	0.8980	0.9061
COG2020	O	Protein-S-isoprenylcysteine O-methyltransferase Ste14	0.8623	0.9262	0.1077	5	5	1	5/5	0.7699	0.9262	0.6997	0.9759	0.9397
COG2021	E	Homoserine O-acetyltransferase	0.2172	0.0684	0.2666	1	5	0	1/5	0.0477	0.0684	0.0252	0.7345	0.2103
COG2022	H	Thiazole synthase ThiGH, ThiG subunit (thiamin biosynthesis)	0.0005	0.0001	0.0006	0	5	0	0/5	0.0014	0.0001	0.0011	0.0001	0.0000
COG2023	J	Ribonuclease P protein subunit RPR2	0.9614	0.9908	0.0411	5	5	1	5/5	0.9220	0.9908	0.9015	0.9949	0.9978
COG2025	C	Electron transfer flavoprotein, alpha subunit FixB	0.6861	0.7618	0.2597	3	5	1	3/5	0.3190	0.4505	0.7618	0.9836	0.9155
COG2026	V	mRNA-degrading endonuclease RelE, toxin component of the RelBE toxin-antitoxin system	0.8519	0.9798	0.1664	5	5	1	5/5	0.5939	0.9884	0.7129	0.9845	0.9798
COG2027	M	D-alanyl-D-alanine carboxypeptidase	0.0195	0.0042	0.0274	0	5	0	0/5	0.0032	0.0133	0.0042	0.0738	0.0032
COG2028	R	ASCH domain, putative RNA-binding protein, DUF365 family	0.5045	0.7344	0.3697	3	5	1	3/5	0.0788	0.7772	0.0349	0.8974	0.7344
COG2029	S	Uncharacterized conserved protein, DUF366 domain	0.5962	0.7831	0.3299	3	5	1	3/5	0.3453	0.7831	0.0836	0.9771	0.7919
COG2030	I	Acyl-CoA dehydratase PaaZ	0.1823	0.0665	0.1991	1	5	0	1/5	0.0262	0.0665	0.0312	0.5491	0.2383
COG2031	I	Short chain fatty acids transporter	0.1919	0.0462	0.3006	1	5	0	1/5	0.0028	0.0462	0.0017	0.7867	0.1223
COG2032	P	Cu/Zn superoxide dismutase	0.0116	0.0015	0.0206	0	5	0	0/5	0.0016	0.0009	0.0015	0.0528	0.0014
COG2033	C	Desulfoferrodoxin, superoxide reductase-like (SORL) domain	0.9190	0.9836	0.1226	5	5	1	5/5	0.9459	0.9836	0.6764	0.9915	0.9976
COG2034	S	Uncharacterized membrane protein, DUF131 family	0.8730	0.9924	0.1676	5	5	1	5/5	0.8089	0.9924	0.5704	0.9980	0.9951
COG2035	S	Uncharacterized membrane protein, DUF368 family	0.0436	0.0229	0.0462	0	5	0	0/5	0.0354	0.0050	0.0229	0.1340	0.0206
COG2036	B	Archaeal histone H3/H4	0.9790	0.9993	0.0380	5	5	1	5/5	0.9927	0.9993	0.9032	0.9998	0.9998
COG2037	C	Formylmethanofuran:tetrahydromethanopterin formyltransferase	0.9802	0.9999	0.0251	5	5	1	5/5	0.9397	1.0000	0.9616	0.9999	1.0000
COG2038	H	NaMN:DMB phosphoribosyltransferase	0.9037	0.9741	0.1599	5	5	1	5/5	0.9667	0.9741	0.5848	0.9990	0.9940
COG2039	O	Pyrrolidone-carboxylate peptidase (N-terminal pyroglutamyl peptidase)	0.2317	0.1103	0.1875	1	5	0	1/5	0.1103	0.1018	0.0538	0.5473	0.3454
COG2040	E	Homocysteine/selenocysteine methylase (S-methylmethionine-dependent)	0.0014	0.0006	0.0016	0	5	0	0/5	0.0005	0.0004	0.0006	0.0045	0.0012
COG2041	C	Molybdopterin-dependent catalytic subunit of periplasmic DMSO/TMAO and protein-methionine-sulfoxide reductases	0.5571	0.4851	0.2895	2	5	1	2/5	0.4851	0.2975	0.2172	0.9458	0.8398
COG2042	J	Ribosome biogenesis protein Tsr3 (rRNA maturation)	0.8965	0.9565	0.1134	5	5	1	5/5	0.8845	0.9565	0.6812	0.9897	0.9706
COG2043	S	Uncharacterized conserved protein, DUF169 family	0.8806	0.9875	0.1379	5	5	1	5/5	0.7427	0.9875	0.6840	0.9989	0.9900
COG2044	R	Predicted peroxiredoxin, DsrE/DsrF-like family	0.7317	0.9426	0.2915	3	5	1	3/5	0.4447	0.9426	0.3128	0.9895	0.9688
COG2045	H	Phosphosulfolactate phosphohydrolase or related enzyme	0.6699	0.8282	0.2677	3	5	1	3/5	0.3491	0.8506	0.3465	0.9751	0.8282
COG2046	P	ATP sulfurylase (sulfate adenylyltransferase)	0.8764	0.9881	0.1650	5	5	1	5/5	0.5685	0.9925	0.8386	0.9943	0.9881
COG2047	R	Proteasome assembly chaperone (PAC2) family protein	0.9990	0.9998	0.0013	5	5	1	5/5	0.9988	0.9998	0.9965	0.9999	0.9998
COG2048	C	Heterodisulfide reductase, subunit B	0.9933	0.9998	0.0082	5	5	1	5/5	0.9811	0.9998	0.9856	1.0000	0.9999
COG2049	E	5-oxoprolinase subunit B/Allophanate hydrolase subunit 1	0.2113	0.0592	0.3045	1	5	0	1/5	0.0163	0.0592	0.0118	0.8112	0.1580
COG2050	Q	Acyl-CoA thioesterase PaaI, contains HGG motif	0.5957	0.5072	0.2738	3	5	1	3/5	0.2645	0.5072	0.3744	0.9541	0.8784
COG2051	J	Ribosomal protein S27E	0.9921	0.9990	0.0121	5	5	1	5/5	0.9683	0.9996	0.9940	0.9990	0.9998
COG2052	M	Regulator of extracellular matrix RemA, YlzA/DUF370 family	0.0685	0.0253	0.0926	0	5	0	0/5	0.0061	0.0253	0.0058	0.2502	0.0553
COG2053	J	Ribosomal protein S28E/S33	0.9975	0.9996	0.0029	5	5	1	5/5	0.9937	0.9999	0.9942	0.9996	0.9999
COG2054	H	5-(aminomethyl)-3-furanmethanol-phosphate kinase MfnE (methanofuran biosynthesis)	0.8403	0.9955	0.2111	4	5	1	4/5	0.7458	0.9955	0.4655	0.9983	0.9963
COG2055	C	Malate/lactate/ureidoglycolate dehydrogenase, LDH2 family	0.7177	0.7416	0.1514	5	5	1	5/5	0.6098	0.7416	0.5052	0.9475	0.7843
COG2056	E	Predicted histidine transporter YuiF, NhaC family	0.0001	0.0001	0.0000	0	5	0	0/5	0.0001	0.0001	0.0002	0.0001	0.0001
COG2057	I	Acyl-CoA:acetate/3-ketoacid CoA transferase, beta subunit	0.4174	0.2761	0.3816	2	5	0	2/5	0.0428	0.2761	0.0305	0.9410	0.7966
COG2058	J	Ribosomal protein L12E/L44/L45/RPP1/RPP2	0.9670	0.9986	0.0406	5	5	1	5/5	0.9322	0.9986	0.9047	0.9999	0.9998
COG2059	P	Chromate transport protein ChrA	0.0633	0.0143	0.0961	0	5	0	0/5	0.0143	0.0089	0.0124	0.2552	0.0255
COG2060	P	K+-transporting ATPase, KdpA subunit	0.1904	0.1238	0.2233	1	5	0	1/5	0.0494	0.1309	0.0194	0.6287	0.1238
COG2061	R	Uncharacterized conserved protein, contains ACT domain	0.9022	0.9752	0.1035	5	5	1	5/5	0.7311	0.9847	0.8325	0.9875	0.9752
COG2062	T	Phosphohistidine phosphatase SixA	0.1103	0.0924	0.0485	0	5	0	0/5	0.0600	0.0663	0.0924	0.1847	0.1480
COG2063	N	Flagellar basal body L-ring protein FlgH	0.0006	0.0006	0.0002	0	5	0	0/5	0.0009	0.0004	0.0009	0.0004	0.0006
COG2064	W	Flp pilus assembly protein TadC	0.9660	0.9975	0.0437	5	5	1	5/5	0.8884	0.9981	0.9463	0.9996	0.9975
COG2065	F	Pyrimidine operon attenuation protein PyrR/uracil phosphoribosyltransferase	0.0047	0.0021	0.0061	0	5	0	0/5	0.0013	0.0021	0.0009	0.0168	0.0025
COG2066	E	Glutaminase	0.0005	0.0005	0.0003	0	5	0	0/5	0.0009	0.0002	0.0005	0.0008	0.0002
COG2067	I	Long-chain fatty acid transport protein	0.0016	0.0008	0.0011	0	5	0	0/5	0.0022	0.0008	0.0036	0.0008	0.0007
COG2068	H	CTP:molybdopterin cytidylyltransferase MocA	0.4466	0.2687	0.3950	2	5	0	2/5	0.0604	0.2687	0.0633	0.9629	0.8775
COG2069	C	CO dehydrogenase/acetyl-CoA synthase delta subunit (corrinoid Fe-S protein)	0.9619	0.9991	0.0503	5	5	1	5/5	0.8730	0.9993	0.9385	0.9994	0.9991
COG2070	R	NAD(P)H-dependent flavin oxidoreductase YrpB, nitropropane dioxygenase family	0.1997	0.1365	0.2111	1	5	0	1/5	0.0362	0.1365	0.0404	0.6075	0.1777
COG2071	E	Gamma-glutamyl-gamma-aminobutyrate hydrolase PuuD (putrescine degradation), contains GATase1-like domain	0.0752	0.0201	0.1112	0	5	0	0/5	0.0123	0.0201	0.0074	0.2965	0.0399
COG2072	P	Predicted flavoprotein CzcO associated with the cation diffusion facilitator CzcD	0.0012	0.0006	0.0016	0	5	0	0/5	0.0006	0.0001	0.0007	0.0043	0.0003
COG2073	H	Cobalamin biosynthesis protein CbiG	0.4404	0.4870	0.3247	1	5	0	1/5	0.2068	0.4870	0.0298	0.9874	0.4911
COG2074	GI	2-phosphoglycerate kinase/Mevalonate-3-phosphate 5-kinase	0.5770	0.6732	0.2719	3	5	1	3/5	0.3370	0.7691	0.1892	0.9167	0.6732
COG2075	J	Ribosomal protein L24E	0.9527	0.9946	0.0549	5	5	1	5/5	0.8927	0.9991	0.8788	0.9946	0.9985
COG2076	V	Multidrug transporter EmrE and related cation transporters	0.0579	0.0472	0.0565	0	5	0	0/5	0.0687	0.0040	0.0472	0.1603	0.0093
COG2077	O	Peroxiredoxin	0.0025	0.0011	0.0023	0	5	0	0/5	0.0032	0.0008	0.0007	0.0067	0.0011
COG2078	R	Predicted RNA modification protein, AMMECR1 domain	0.9954	1.0000	0.0082	5	5	1	5/5	0.9981	1.0000	0.9790	1.0000	1.0000
COG2079	G	2-methylcitrate dehydratase PrpD	0.4566	0.4654	0.3622	2	5	0	2/5	0.0570	0.4654	0.0646	0.9826	0.7132
COG2080	C	Aldehyde, CO, or xanthine dehydrogenase, Fe-S subunit, CoxS/CutS family	0.3001	0.1063	0.3191	2	5	0	2/5	0.0200	0.1063	0.0229	0.8064	0.5450
COG2081	R	Predicted flavoprotein YhiN	0.0012	0.0001	0.0015	0	5	0	0/5	0.0037	0.0001	0.0021	0.0001	0.0000
COG2082	H	Precorrin-8X methylmutase CbiC/CobH	0.4717	0.5585	0.3363	3	5	0	3/5	0.2046	0.5585	0.0212	0.9929	0.5811
COG2083	S	Uncharacterized conserved protein, UPF0216 family	0.9730	0.9934	0.0343	5	5	1	5/5	0.9662	0.9987	0.9088	0.9934	0.9981
COG2084	I	3-hydroxyisobutyrate dehydrogenase or related beta-hydroxyacid dehydrogenase	0.2714	0.2180	0.2035	1	5	0	1/5	0.2496	0.1752	0.0572	0.6570	0.2180
COG2085	R	Predicted dinucleotide-binding enzyme	0.8331	0.9641	0.1837	5	5	1	5/5	0.7083	0.9684	0.5304	0.9943	0.9641
COG2086	C	Electron transfer flavoprotein, alpha and beta subunits	0.6780	0.7207	0.2532	3	5	1	3/5	0.3344	0.4434	0.7207	0.9782	0.9134
COG2087	H	Adenosyl cobinamide kinase/adenosyl cobinamide phosphate guanylyltransferase	0.0017	0.0009	0.0015	0	5	0	0/5	0.0028	0.0004	0.0003	0.0041	0.0009
COG2088	D	DNA-binding protein SpoVG, cell septation regulator	0.0503	0.0226	0.0606	0	5	0	0/5	0.0235	0.0199	0.0140	0.1713	0.0226
COG2089	M	Sialic acid synthase SpsE, contains C-terminal SAF domain	0.1787	0.1598	0.1426	0	5	0	0/5	0.0496	0.1598	0.0288	0.4220	0.2335
COG2090	S	Uncharacterized conserved protein, DUF371 domain	0.8844	0.9958	0.1385	5	5	1	5/5	0.7171	0.9958	0.7125	0.9973	0.9995
COG2091	H	Phosphopantetheinyl transferase	0.0175	0.0124	0.0107	0	5	0	0/5	0.0157	0.0124	0.0114	0.0385	0.0095
COG2092	J	Translation elongation factor EF-1beta	0.9936	0.9993	0.0095	5	5	1	5/5	0.9941	0.9996	0.9751	0.9993	0.9997
COG2093	K	RNA polymerase subunit RPABC4/transcription elongation factor Spt4	0.9878	0.9996	0.0181	5	5	1	5/5	0.9530	0.9997	0.9871	0.9996	0.9997
COG2094	L	3-methyladenine DNA glycosylase Mpg	0.2263	0.2006	0.1211	0	5	0	0/5	0.0614	0.2806	0.1656	0.4233	0.2006
COG2095	E	Small neutral amino acid transporter SnatA, MarC family	0.9853	0.9959	0.0148	5	5	1	5/5	0.9674	0.9976	0.9669	0.9986	0.9959
COG2096	H	Cob(II)alamin adenosyltransferase	0.1203	0.0368	0.1472	0	5	0	0/5	0.0368	0.0104	0.0249	0.4034	0.1258
COG2097	J	Ribosomal protein L31E	0.9958	0.9995	0.0052	5	5	1	5/5	0.9933	0.9998	0.9868	0.9995	0.9998
COG2098	H	7,8-dihydroneopterin aldolase MptD (tetrahydrofolate and tetrahydromethanopterin biosynthesis)	0.7900	0.7937	0.1881	5	5	1	5/5	0.6727	0.7937	0.5024	0.9965	0.9845
COG2099	H	Precorrin-6x reductase	0.0653	0.0365	0.0832	0	5	0	0/5	0.0171	0.0392	0.0040	0.2297	0.0365
COG2100	R	Uncharacterized Fe-S cluster-containing enzyme, radical SAM superfamily	0.9183	0.9925	0.0981	5	5	1	5/5	0.8561	0.9965	0.7537	0.9925	0.9926
COG2101	K	TATA-box binding protein (TBP), component of TFIID and TFIIIB	0.9962	1.0000	0.0058	5	5	1	5/5	0.9958	1.0000	0.9851	1.0000	1.0000
COG2102	J	Diphthamide synthase (EF-2-diphthine--ammonia ligase)	0.9797	0.9940	0.0219	5	5	1	5/5	0.9558	0.9940	0.9504	0.9995	0.9989
COG2103	M	N-acetylmuramic acid 6-phosphate (MurNAc-6-P) etherase	0.0027	0.0011	0.0037	0	5	0	0/5	0.0011	0.0002	0.0020	0.0099	0.0002
COG2104	H	Sulfur carrier protein ThiS (thiamine biosynthesis)	0.7652	0.8352	0.1796	4	5	1	4/5	0.6860	0.8352	0.4524	0.9388	0.9138
COG2105	E	Predicted gamma-glutamylamine cyclotransferase YtfP, GGCT/AIG2-like family	0.3292	0.3301	0.2591	1	5	0	1/5	0.1072	0.4041	0.0348	0.7698	0.3301
COG2106	R	Predicted RNA methylase MTH1, SPOUT superfamily	0.8972	0.9075	0.1062	5	5	1	5/5	0.9075	0.8930	0.7016	0.9867	0.9970
COG2107	H	1,4-dihydroxy-6-naphtoate synthase (menaquinone biosynthesis, futalosine pathway)	0.4417	0.6067	0.2964	3	5	0	3/5	0.0813	0.6067	0.0919	0.7889	0.6395
COG2108	S	Uncharacterized radical SAM domain-containing protein	0.9076	0.9947	0.1684	5	5	1	5/5	0.9728	0.9947	0.5715	0.9999	0.9993
COG2109	H	ATP:corrinoid adenosyltransferase	0.7510	0.7882	0.1251	5	5	1	5/5	0.8840	0.5398	0.6889	0.7882	0.8543
COG2110	J	O-acetyl-ADP-ribose deacetylase (regulator of RNase III), contains Macro domain	0.9500	0.9745	0.0718	5	5	1	5/5	0.9745	0.9742	0.8078	0.9993	0.9941
COG2111	P	Multisubunit Na+/H+ antiporter, MnhB subunit	0.9108	0.9549	0.1115	5	5	1	5/5	0.9297	0.9549	0.6927	0.9980	0.9789
COG2112	T	Predicted Ser/Thr protein kinase	0.8019	0.8761	0.1872	4	5	1	4/5	0.4425	0.9462	0.8025	0.8761	0.9421
COG2113	E	ABC-type proline/glycine betaine transport system, periplasmic component	0.0248	0.0120	0.0311	0	5	0	0/5	0.0124	0.0084	0.0120	0.0868	0.0045
COG2114	T	Adenylate cyclase, class 3	0.0489	0.0220	0.0589	0	5	0	0/5	0.0119	0.0254	0.0189	0.1663	0.0220
COG2115	G	Xylose isomerase	0.0012	0.0009	0.0007	0	5	0	0/5	0.0020	0.0005	0.0022	0.0009	0.0005
COG2116	P	Formate/nitrite transporter FocA, FNT family	0.1606	0.1207	0.1178	0	5	0	0/5	0.1012	0.1207	0.0639	0.3922	0.1248
COG2117	J	Predicted subunit of tRNA(5-methylaminomethyl-2-thiouridylate) methyltransferase, contains the PP-loop ATPase domain	0.3813	0.3834	0.2417	1	5	0	1/5	0.3834	0.2318	0.0867	0.8088	0.3956
COG2118	R	DNA-binding TFAR19-related protein, PDSD5 family	0.9982	0.9999	0.0024	5	5	1	5/5	0.9969	0.9999	0.9941	1.0000	1.0000
COG2119	R	Putative Ca2+/H+ antiporter, TMEM165/GDT1 family	0.5917	0.5249	0.2790	3	5	1	3/5	0.3626	0.5249	0.2415	0.9357	0.8938
COG2120	G	N-acetylglucosaminyl deacetylase, LmbE family	0.6233	0.6265	0.2194	3	5	1	3/5	0.3678	0.6265	0.3990	0.9377	0.7853
COG2121	S	Uncharacterized conserved protein, lysophospholipid acyltransferase (LPLAT) superfamily	0.0017	0.0007	0.0016	0	5	0	0/5	0.0005	0.0007	0.0005	0.0045	0.0025
COG2122	S	Uncharacterized conserved protein, UPF0280 family, ApbE superfamily	0.9403	0.9427	0.0366	5	5	1	5/5	0.8833	0.9789	0.9427	0.9181	0.9786
COG2123	U	Exosome complex RNA-binding protein Rrp42, RNase PH superfamily	0.9669	0.9762	0.0370	5	5	1	5/5	0.8956	0.9941	0.9762	0.9711	0.9974
COG2124	QV	Cytochrome P450	0.0301	0.0018	0.0537	0	5	0	0/5	0.0018	0.0007	0.0018	0.1373	0.0090
COG2125	J	Ribosomal protein S6E (S10)	0.9986	0.9999	0.0019	5	5	1	5/5	0.9983	0.9999	0.9949	0.9999	0.9999
COG2126	J	Ribosomal protein L37E	0.8718	0.8341	0.1040	5	5	1	5/5	0.8341	0.7601	0.7739	0.9955	0.9956
COG2127	O	ATP-dependent Clp protease adapter protein ClpS	0.0002	0.0000	0.0003	0	5	0	0/5	0.0007	0.0000	0.0004	0.0000	0.0000
COG2128	P	Alkylhydroperoxidase family enzyme, contains CxxC motif	0.1260	0.0683	0.1493	0	5	0	0/5	0.0170	0.0683	0.0114	0.4143	0.1189
COG2129	R	Predicted phosphoesterase, related to the Icc protein	0.9880	0.9993	0.0158	5	5	1	5/5	0.9820	0.9993	0.9594	0.9999	0.9994
COG2130	QR	NADPH-dependent curcumin reductase CurA	0.0459	0.0046	0.0652	0	5	0	0/5	0.0046	0.0030	0.0037	0.1722	0.0459
COG2131	F	Deoxycytidylate deaminase	0.6260	0.6132	0.1370	3	5	1	3/5	0.4752	0.6132	0.4818	0.7419	0.8177
COG2132	DPM	Multicopper oxidase with three cupredoxin domains (includes cell division protein FtsP and spore coat protein CotA)	0.1144	0.0482	0.1371	0	5	0	0/5	0.0379	0.0482	0.0435	0.3883	0.0539
COG2133	G	Glucose/arabinose dehydrogenase, beta-propeller fold	0.1334	0.0682	0.1074	0	5	0	0/5	0.0645	0.0682	0.0558	0.3399	0.1384
COG2134	I	CDP-diacylglycerol pyrophosphatase	0.0029	0.0018	0.0030	0	5	0	0/5	0.0007	0.0018	0.0005	0.0086	0.0028
COG2135	L	ssDNA abasic site-binding protein YedK/HMCES, SRAP family	0.0819	0.0159	0.1286	0	5	0	0/5	0.0159	0.0041	0.0080	0.3377	0.0440
COG2136	J	rRNA maturation protein Rpf1, contains Brix/IMP4 (anticodon-binding) domain	0.8899	0.9944	0.1854	5	5	1	5/5	0.9388	0.9944	0.5219	0.9963	0.9983
COG2137	O	SOS response regulatory protein OraA/RecX, interacts with RecA	0.0003	0.0002	0.0003	0	5	0	0/5	0.0006	0.0000	0.0008	0.0002	0.0000
COG2138	H	Sirohydrochlorin ferrochelatase	0.7459	0.9034	0.3188	4	5	1	4/5	0.7553	0.9479	0.1288	0.9942	0.9034
COG2139	J	Ribosomal protein L21E	0.9984	0.9996	0.0017	5	5	1	5/5	0.9962	0.9999	0.9964	0.9996	0.9999
COG2140	G	Oxalate decarboxylase/archaeal phosphoglucose isomerase, cupin superfamily	0.7597	0.8819	0.2453	4	5	1	4/5	0.7479	0.8819	0.2896	0.9430	0.9362
COG2141	HR	Flavin-dependent oxidoreductase, luciferase family (includes alkanesulfonate monooxygenase SsuD and methylene tetrahydromethanopterin reductase)	0.6676	0.6242	0.1477	4	5	1	4/5	0.5486	0.6242	0.4881	0.8041	0.8731
COG2142	C	Succinate dehydrogenase, hydrophobic anchor subunit	0.2649	0.0870	0.2555	1	5	0	1/5	0.0656	0.0361	0.0870	0.6657	0.4702
COG2143	O	Thioredoxin-related protein SoxW	0.0608	0.0430	0.0660	0	5	0	0/5	0.0193	0.0474	0.0054	0.1891	0.0430
COG2144	R	Selenophosphate synthetase-related protein	0.8855	0.9487	0.1218	5	5	1	5/5	0.8245	0.9900	0.6744	0.9900	0.9487
COG2145	H	Hydroxyethylthiazole kinase, sugar kinase family	0.4238	0.4296	0.2916	2	5	0	2/5	0.1640	0.4296	0.0789	0.8956	0.5509
COG2146	PQ	Ferredoxin subunit of nitrite reductase or a ring-hydroxylating dioxygenase	0.2096	0.1000	0.1949	1	5	0	1/5	0.1000	0.0992	0.0486	0.5835	0.2168
COG2147	J	Ribosomal protein L19E	0.9987	0.9995	0.0013	5	5	1	5/5	0.9973	0.9999	0.9971	0.9995	0.9999
COG2148	M	Sugar transferase involved in LPS biosynthesis (colanic, teichoic acid)	0.0488	0.0173	0.0664	0	5	0	0/5	0.0307	0.0027	0.0127	0.1804	0.0173
COG2149	S	Uncharacterized membrane protein YidH, DUF202 family	0.1640	0.0462	0.2373	1	5	0	1/5	0.0174	0.0462	0.0188	0.6345	0.1029
COG2150	R	Predicted regulator of amino acid metabolism, contains ACT domain	0.9759	0.9862	0.0199	5	5	1	5/5	0.9688	0.9862	0.9400	0.9934	0.9913
COG2151	O	Metal-sulfur cluster biosynthetic enzyme	0.8946	0.9533	0.1204	5	5	1	5/5	0.6639	0.9533	0.8911	0.9960	0.9686
COG2152	G	Predicted glycosyl hydrolase, GH43/DUF377 family	0.7919	0.9141	0.1557	5	5	1	5/5	0.5799	0.9208	0.6242	0.9141	0.9205
COG2153	R	Predicted N-acyltransferase, GNAT family	0.0125	0.0031	0.0127	0	5	0	0/5	0.0236	0.0031	0.0318	0.0021	0.0021
COG2154	H	Pterin-4a-carbinolamine dehydratase	0.0885	0.0251	0.0935	0	5	0	0/5	0.0172	0.0251	0.0235	0.2607	0.1159
COG2155	S	Uncharacterized membrane protein YuzA, DUF378 family	0.0076	0.0035	0.0057	0	5	0	0/5	0.0033	0.0133	0.0035	0.0156	0.0021
COG2156	P	K+-transporting ATPase, KdpC subunit	0.2013	0.1283	0.2457	1	5	0	1/5	0.0424	0.1345	0.0172	0.6840	0.1283
COG2157	J	Ribosomal protein L20A (L18A)	0.9262	0.9947	0.1081	5	5	1	5/5	0.9190	0.9947	0.7188	0.9990	0.9995
COG2158	R	Uncharacterized conserved protein, contains a Zn-finger-like domain	0.4713	0.6375	0.2654	3	5	0	3/5	0.1862	0.7746	0.1200	0.6384	0.6375
COG2159	G	5-carboxyvanillate decarboxylase LigW (lignin degradation), amidohydro domain	0.6767	0.6880	0.2699	3	5	1	3/5	0.2954	0.6880	0.4611	0.9874	0.9518
COG2160	G	L-arabinose isomerase	0.0023	0.0015	0.0017	0	5	0	0/5	0.0015	0.0010	0.0017	0.0057	0.0015
COG2161	V	Antitoxin component YafN of the YafNO toxin-antitoxin module, PHD/YefM family	0.0520	0.0447	0.0366	0	5	0	0/5	0.0204	0.0447	0.0127	0.1140	0.0683
COG2162	Q	Arylamine N-acetyltransferase	0.0306	0.0073	0.0465	0	5	0	0/5	0.0053	0.0048	0.0073	0.1235	0.0119
COG2163	J	Ribosomal protein L14E/L6E/L27E	0.8119	0.8928	0.1751	5	5	1	5/5	0.6482	0.9641	0.5601	0.8928	0.9945
COG2164	R	Uncharacterized protein with cyclophilin fold, contains DUF369 domain	0.7383	0.7285	0.2229	4	5	1	4/5	0.5607	0.4309	0.7285	0.9859	0.9853
COG2165	NUW	Type II secretory pathway, pseudopilin PulG	0.0013	0.0002	0.0013	0	5	0	0/5	0.0029	0.0002	0.0029	0.0002	0.0002
COG2166	O	Sulfur transfer protein SufE, Fe-S cluster assembly	0.0016	0.0004	0.0020	0	5	0	0/5	0.0053	0.0004	0.0022	0.0002	0.0001
COG2167	J	Ribosomal protein L39E	0.9385	0.9627	0.0603	5	5	1	5/5	0.9701	0.9830	0.8190	0.9576	0.9627
COG2168	J	Sulfur transfer complex TusBCD TusB component, DsrH family	0.2950	0.3085	0.2359	1	5	0	1/5	0.0388	0.4559	0.0332	0.6386	0.3085
COG2169	L	Methylphosphotriester-DNA--protein-cysteine methyltransferase (N-terminal fragment of Ada), contains Zn-binding and two AraC-type DNA-binding domains	0.0013	0.0015	0.0006	0	5	0	0/5	0.0017	0.0007	0.0021	0.0015	0.0007
COG2170	O	Gamma-glutamyl:cysteine ligase YbdK, ATP-grasp superfamily	0.1833	0.0901	0.2237	1	5	0	1/5	0.0301	0.0901	0.0167	0.6189	0.1606
COG2171	E	Tetrahydrodipicolinate N-succinyltransferase	0.0064	0.0071	0.0053	0	5	0	0/5	0.0113	0.0004	0.0128	0.0071	0.0003
COG2172	T	Anti-sigma regulatory factor (Ser/Thr protein kinase)	0.0485	0.0279	0.0606	0	5	0	0/5	0.0279	0.0117	0.0294	0.1684	0.0053
COG2173	M	D-alanyl-D-alanine dipeptidase	0.0012	0.0009	0.0010	0	5	0	0/5	0.0009	0.0005	0.0011	0.0031	0.0005
COG2174	J	Ribosomal protein L34E	0.7833	0.8300	0.1805	5	5	1	5/5	0.6085	0.9747	0.5376	0.8300	0.9656
COG2175	Q	Taurine dioxygenase, alpha-ketoglutarate-dependent	0.0005	0.0004	0.0002	0	5	0	0/5	0.0004	0.0004	0.0006	0.0007	0.0002
COG2176	L	DNA polymerase III, alpha subunit (gram-positive type)	0.0008	0.0001	0.0009	0	5	0	0/5	0.0016	0.0001	0.0021	0.0000	0.0000
COG2177	D	Cell division protein FtsX	0.0001	0.0000	0.0001	0	5	0	0/5	0.0002	0.0000	0.0003	0.0000	0.0000
COG2178	R	Predicted RNA- or ssDNA-binding protein, translin family	0.9643	0.9983	0.0522	5	5	1	5/5	0.8648	0.9983	0.9589	0.9998	0.9997
COG2179	R	Predicted phosphohydrolase YqeG, HAD superfamily	0.0020	0.0020	0.0007	0	5	0	0/5	0.0021	0.0009	0.0020	0.0032	0.0016
COG2180	CPO	Nitrate reductase assembly protein NarJ, required for insertion of molybdenum cofactor	0.2815	0.0829	0.3563	1	5	0	1/5	0.0350	0.0829	0.0296	0.9677	0.2923
COG2181	CP	Nitrate reductase gamma subunit	0.5685	0.7632	0.3708	3	5	1	3/5	0.1195	0.7632	0.1288	0.9987	0.8325
COG2182	G	Maltose-binding periplasmic protein MalE	0.2091	0.0825	0.2368	1	5	0	1/5	0.0641	0.0825	0.0258	0.6671	0.2062
COG2183	K	Transcriptional accessory protein Tex/SPT6	0.0073	0.0018	0.0120	0	5	0	0/5	0.0028	0.0004	0.0018	0.0313	0.0003
COG2184	T	Fido, protein-threonine AMPylation domain	0.0005	0.0002	0.0005	0	5	0	0/5	0.0013	0.0002	0.0007	0.0001	0.0001
COG2185	I	Methylmalonyl-CoA mutase, C-terminal domain/subunit (cobalamin-binding)	0.6388	0.5308	0.3079	3	5	1	3/5	0.4721	0.5308	0.2079	0.9989	0.9841
COG2186	K	DNA-binding transcriptional regulator, FadR family	0.0103	0.0013	0.0185	0	5	0	0/5	0.0013	0.0004	0.0008	0.0472	0.0016
COG2187	R	Aminoglycoside phosphotransferase family enzyme	0.0290	0.0130	0.0387	0	5	0	0/5	0.0027	0.0130	0.0043	0.1053	0.0195
COG2188	K	DNA-binding transcriptional regulator, GntR family	0.0038	0.0010	0.0062	0	5	0	0/5	0.0010	0.0002	0.0011	0.0162	0.0007
COG2189	L	Adenine specific DNA methylase Mod	0.4717	0.3808	0.1533	2	5	0	2/5	0.3391	0.7158	0.3808	0.5876	0.3350
COG2190	G	Phosphotransferase system IIA component	0.0014	0.0010	0.0007	0	5	0	0/5	0.0016	0.0009	0.0026	0.0009	0.0010
COG2191	C	Formylmethanofuran dehydrogenase subunit E	0.8092	0.9839	0.2656	4	5	1	4/5	0.7699	0.9863	0.3063	0.9996	0.9839
COG2192	R	Predicted carbamoyl transferase, NodU family	0.3356	0.3248	0.2326	1	5	0	1/5	0.1477	0.4098	0.0648	0.7309	0.3248
COG2193	P	Bacterioferritin (cytochrome b1)	0.3406	0.2104	0.2152	2	5	0	2/5	0.1915	0.1035	0.2104	0.5618	0.6360
COG2194	M	Phosphoethanolamine transferase for periplasmic glucans OpgE, AlkP superfamily	0.0033	0.0027	0.0016	0	5	0	0/5	0.0062	0.0020	0.0036	0.0027	0.0020
COG2195	E	Di- or tripeptidase	0.0646	0.0428	0.0357	0	5	0	0/5	0.0428	0.0881	0.0332	0.1238	0.0352
COG2197	TK	DNA-binding response regulator, NarL/FixJ family, contains REC and HTH domains	0.0221	0.0176	0.0208	0	5	0	0/5	0.0176	0.0034	0.0283	0.0589	0.0023
COG2198	T	HPt (histidine-containing phosphotransfer) domain	0.0017	0.0011	0.0011	0	5	0	0/5	0.0031	0.0011	0.0028	0.0007	0.0007
COG2199	T	GGDEF domain, diguanylate cyclase (c-di-GMP synthetase) or its enzymatically inactive variants	0.0437	0.0121	0.0440	0	5	0	0/5	0.0774	0.0103	0.1140	0.0121	0.0049
COG2200	T	EAL domain, c-di-GMP-specific phosphodiesterase class I (or its enzymatically inactive variant)	0.0008	0.0006	0.0004	0	5	0	0/5	0.0008	0.0005	0.0006	0.0015	0.0004
COG2201	T	Chemotaxis response regulator CheB, contains REC and protein-glutamate methylesterase domains	0.7123	0.7380	0.1592	4	5	1	4/5	0.6107	0.7380	0.4784	0.9480	0.7866
COG2202	T	PAS domain	0.6605	0.8391	0.3024	3	5	1	3/5	0.2378	0.8834	0.3574	0.9846	0.8391
COG2203	T	GAF domain	0.4725	0.4306	0.2725	2	5	0	2/5	0.1373	0.4306	0.2514	0.8927	0.6507
COG2204	T	DNA-binding transcriptional response regulator, NtrC family, contains REC, AAA-type ATPase, and a Fis-type DNA-binding domains	0.0543	0.0079	0.0789	0	5	0	0/5	0.0505	0.0079	0.2080	0.0041	0.0010
COG2205	T	K+-sensing histidine kinase KdpD	0.0013	0.0002	0.0021	0	5	0	0/5	0.0000	0.0002	0.0000	0.0055	0.0007
COG2206	T	HD-GYP domain, c-di-GMP phosphodiesterase class II (or its inactivated variant)	0.0038	0.0036	0.0024	0	5	0	0/5	0.0068	0.0008	0.0036	0.0060	0.0016
COG2207	K	AraC-type DNA-binding domain and AraC-containing proteins	0.0036	0.0040	0.0036	0	5	0	0/5	0.0040	0.0000	0.0040	0.0098	0.0001
COG2208	TK	Phosphoserine phosphatase RsbU, regulator of sigma subunit	0.0279	0.0180	0.0316	0	5	0	0/5	0.0180	0.0079	0.0209	0.0897	0.0028
COG2209	C	Na+-transporting NADH:ubiquinone oxidoreductase, subunit NqrE	0.0006	0.0007	0.0003	0	5	0	0/5	0.0007	0.0003	0.0010	0.0007	0.0002
COG2210	C	Peroxiredoxin family protein	0.6627	0.8060	0.3393	3	5	1	3/5	0.3555	0.8060	0.1686	0.9996	0.9836
COG2211	G	Na+/melibiose symporter or related transporter	0.0342	0.0363	0.0130	0	5	0	0/5	0.0363	0.0116	0.0429	0.0496	0.0307
COG2212	P	Multisubunit Na+/H+ antiporter, MnhF subunit	0.8632	0.9147	0.1578	5	5	1	5/5	0.9112	0.9147	0.5525	0.9881	0.9495
COG2213	G	Phosphotransferase system, mannitol-specific IIBC component	0.0009	0.0007	0.0005	0	5	0	0/5	0.0005	0.0006	0.0007	0.0020	0.0009
COG2214	K	Curved DNA-binding protein CbpA, contains a DnaJ-like domain	0.0096	0.0027	0.0145	0	5	0	0/5	0.0027	0.0019	0.0033	0.0386	0.0017
COG2215	P	ABC-type nickel/cobalt efflux system, permease component RcnA	0.0596	0.0227	0.0565	0	5	0	0/5	0.0227	0.0175	0.0164	0.1625	0.0787
COG2216	P	K+ transport ATPase, ATPase subunit KdpB	0.1936	0.1250	0.2230	1	5	0	1/5	0.0592	0.1343	0.0182	0.6312	0.1250
COG2217	P	Cation-transporting P-type ATPase	0.7010	0.5750	0.2251	4	5	1	4/5	0.5750	0.5732	0.4223	0.9976	0.9368
COG2218	C	Formylmethanofuran dehydrogenase subunit C	0.8703	0.9953	0.1582	5	5	1	5/5	0.7359	0.9973	0.6266	0.9953	0.9962
COG2219	L	Eukaryotic-type DNA primase, large subunit	0.9927	0.9999	0.0095	5	5	1	5/5	0.9870	0.9999	0.9765	1.0000	1.0000
COG2220	G	L-ascorbate lactonase UlaG, metallo-beta-lactamase superfamily	0.9748	0.9903	0.0268	5	5	1	5/5	0.9353	0.9903	0.9500	0.9998	0.9984
COG2221	P	Dissimilatory sulfite reductase (desulfoviridin), alpha and beta subunits	0.6838	0.9498	0.3649	3	5	1	3/5	0.3187	0.9876	0.1639	0.9989	0.9498
COG2222	M	Fructoselysine-6-P-deglycase FrlB or related protein, duplicated sugar isomerase (SIS) domain	0.2369	0.2279	0.0797	0	5	0	0/5	0.2306	0.2279	0.3870	0.1651	0.1739
COG2223	P	Nitrate/nitrite transporter NarK	0.1799	0.1095	0.1950	1	5	0	1/5	0.1095	0.0134	0.0858	0.5620	0.1286
COG2224	C	Isocitrate lyase	0.0067	0.0016	0.0107	0	5	0	0/5	0.0009	0.0008	0.0022	0.0281	0.0016
COG2225	C	Malate synthase	0.0132	0.0025	0.0213	0	5	0	0/5	0.0015	0.0006	0.0025	0.0557	0.0058
COG2226	H	Ubiquinone/menaquinone biosynthesis C-methylase UbiE/MenG	0.4100	0.4618	0.1781	2	5	0	2/5	0.0767	0.4618	0.3936	0.5705	0.5474
COG2227	H	2-polyprenyl-3-methyl-5-hydroxy-6-metoxy-1,4-benzoquinol methylase	0.1261	0.1740	0.0836	0	5	0	0/5	0.2160	0.0284	0.1904	0.1740	0.0216
COG2229	U	Signal recognition particle receptor subunit beta, a GTPase	0.5998	0.7487	0.3303	3	5	1	3/5	0.2845	0.7487	0.1297	0.9297	0.9065
COG2230	I	Cyclopropane fatty-acyl-phospholipid synthase and related methyltransferases	0.0220	0.0303	0.0162	0	5	0	0/5	0.0369	0.0030	0.0379	0.0303	0.0018
COG2231	L	3-Methyladenine DNA glycosylase, HhH-GPD/Endo3 superfamily	0.7540	0.9079	0.2324	4	5	1	4/5	0.6159	0.9563	0.3598	0.9299	0.9079
COG2232	E	Pyrrolysine biosynthesis ligase PylC and related enzymes, ATP-grasp superfamily	0.8507	0.9848	0.2239	4	5	1	4/5	0.8742	0.9848	0.4119	0.9939	0.9888
COG2233	F	Xanthine/uracil permease	0.1187	0.0601	0.1338	0	5	0	0/5	0.0431	0.0601	0.0233	0.3833	0.0838
COG2234	OE	Zn-dependent amino- or carboxypeptidase, M28 family	0.8139	0.8691	0.1650	5	5	1	5/5	0.7507	0.8691	0.5235	0.9738	0.9524
COG2235	E	Arginine deiminase	0.1893	0.1483	0.1775	1	5	0	1/5	0.0272	0.1483	0.0252	0.5057	0.2399
COG2236	H	Hypoxanthine phosphoribosyltransferase	0.9684	0.9955	0.0473	5	5	1	5/5	0.8756	0.9955	0.9744	0.9981	0.9986
COG2237	S	Uncharacterized membrane protein	0.9967	0.9989	0.0030	5	5	1	5/5	0.9928	0.9994	0.9932	0.9989	0.9990
COG2238	J	Ribosomal protein S19E (S16A)	0.9977	0.9998	0.0029	5	5	1	5/5	0.9966	0.9999	0.9925	0.9998	0.9999
COG2239	P	Mg/Co/Ni transporter MgtE (contains CBS domain)	0.0195	0.0180	0.0087	0	5	0	0/5	0.0351	0.0216	0.0180	0.0121	0.0109
COG2240	H	Pyridoxal/pyridoxine/pyridoxamine kinase	0.0007	0.0002	0.0008	0	5	0	0/5	0.0012	0.0002	0.0021	0.0000	0.0001
COG2241	H	Precorrin-6B methylase 1	0.4637	0.5136	0.3570	3	5	0	3/5	0.1317	0.5136	0.0124	0.9915	0.6695
COG2242	H	Precorrin-6B methylase 2	0.5843	0.6546	0.3296	3	5	1	3/5	0.2890	0.8751	0.1246	0.9783	0.6546
COG2243	H	Precorrin-2 methylase	0.4845	0.5734	0.3230	3	5	0	3/5	0.2319	0.5734	0.0499	0.9863	0.5809
COG2244	M	Membrane protein involved in the export of O-antigen and teichoic acid	0.7677	0.7896	0.1499	5	5	1	5/5	0.7896	0.6920	0.5332	0.9809	0.8428
COG2245	S	Uncharacterized membrane protein, contains DUF996 domain	0.5858	0.7117	0.2867	3	5	1	3/5	0.2213	0.7117	0.2628	0.8778	0.8556
COG2246	I	Putative flippase GtrA (transmembrane translocase of bactoprenol-linked glucose)	0.1543	0.1002	0.1265	0	5	0	0/5	0.0449	0.1002	0.0355	0.3703	0.2207
COG2247	M	Putative cell wall-binding domain (amidase enhancer), LytB superfamily	0.3444	0.3450	0.1910	1	5	0	1/5	0.1948	0.6055	0.0815	0.4954	0.3450
COG2248	R	Predicted hydrolase, metallo-beta-lactamase superfamily	0.9948	0.9986	0.0067	5	5	1	5/5	0.9940	0.9997	0.9821	0.9986	0.9998
COG2249	R	Putative NADPH-quinone reductase (modulator of drug activity B)	0.0821	0.0591	0.0861	0	5	0	0/5	0.0238	0.0636	0.0141	0.2500	0.0591
COG2250	V	HEPN domain protein, predicted toxin of MNT-HEPN system	0.9333	0.9994	0.1047	5	5	1	5/5	0.9389	0.9995	0.7293	0.9996	0.9994
COG2251	R	Predicted nuclease, RecB family	0.0087	0.0070	0.0050	0	5	0	0/5	0.0070	0.0038	0.0085	0.0183	0.0058
COG2252	F	Xanthine/guanine/uracil/vitamin C permease GhxP/GhxQ, nucleobase:cation symporter 2 ( NCS2) family	0.2946	0.2501	0.1204	0	5	0	0/5	0.4911	0.1572	0.2501	0.3679	0.2069
COG2253	V	Predicted nucleotidyltransferase component of viral defense system	0.5566	0.6210	0.1527	4	5	1	4/5	0.6017	0.6494	0.2539	0.6210	0.6572
COG2254	V	CRISPR/Cas system-associated endonuclease Cas3-HD	0.6179	0.8609	0.3328	3	5	1	3/5	0.2567	0.8609	0.1676	0.9085	0.8956
COG2255	L	Holliday junction resolvasome RuvABC, ATP-dependent DNA helicase subunit RuvB	0.0014	0.0003	0.0016	0	5	0	0/5	0.0038	0.0001	0.0030	0.0003	0.0000
COG2256	L	Replication-associated recombination protein RarA (DNA-dependent ATPase)	0.0022	0.0000	0.0028	0	5	0	0/5	0.0049	0.0000	0.0063	0.0000	0.0000
COG2257	U	Type III secretion system substrate exporter, FlhB-like	0.0023	0.0020	0.0009	0	5	0	0/5	0.0015	0.0020	0.0020	0.0040	0.0020
COG2258	FV	N-hydroxylaminopurine reductase YiiM, contains MOSC domain	0.0783	0.0335	0.0813	0	5	0	0/5	0.0249	0.0335	0.0309	0.2386	0.0635
COG2259	S	Uncharacterized membrane protein YphA, DoxX/SURF4 family	0.0316	0.0050	0.0545	0	5	0	0/5	0.0050	0.0009	0.0083	0.1404	0.0034
COG2260	J	rRNA maturation protein Nop10, contains Zn-ribbon domain	0.9037	0.9920	0.1341	5	5	1	5/5	0.6495	0.9920	0.8847	0.9958	0.9967
COG2261	R	Uncharacterized membrane protein YeaQ/YmgE, transglycosylase-associated protein family	0.0040	0.0005	0.0073	0	5	0	0/5	0.0004	0.0002	0.0005	0.0186	0.0005
COG2262	J	50S ribosomal subunit-associated GTPase HflX	0.9450	0.9383	0.0409	5	5	1	5/5	0.9383	0.8793	0.9310	0.9942	0.9820
COG2263	R	Predicted RNA methylase	0.9859	0.9983	0.0180	5	5	1	5/5	0.9789	0.9983	0.9535	0.9998	0.9991
COG2264	J	Ribosomal protein L11 methylase PrmA	0.0100	0.0038	0.0134	0	5	0	0/5	0.0027	0.0045	0.0024	0.0367	0.0038
COG2265	J	tRNA/tmRNA/rRNA uracil-C5-methylase, TrmA/RlmC/RlmD family	0.0262	0.0179	0.0174	0	5	0	0/5	0.0473	0.0179	0.0467	0.0131	0.0062
COG2266	H	GTP:adenosylcobinamide-phosphate guanylyltransferase	0.8787	0.9833	0.1600	5	5	1	5/5	0.8266	0.9833	0.5863	0.9997	0.9977
COG2267	I	Lysophospholipase, alpha-beta hydrolase superfamily	0.1999	0.1416	0.0877	0	5	0	0/5	0.1416	0.1139	0.1398	0.3419	0.2622
COG2268	S	Uncharacterized membrane protein YqiK, contains Band7/PHB/SPFH domain	0.0037	0.0024	0.0037	0	5	0	0/5	0.0051	0.0003	0.0024	0.0102	0.0006
COG2269	J	Elongation factor P--beta-lysine ligase (EF-P beta-lysylation pathway)	0.0038	0.0030	0.0013	0	5	0	0/5	0.0028	0.0025	0.0055	0.0052	0.0030
COG2270	R	MFS-type transporter involved in bile tolerance, Atg22 family	0.0262	0.0199	0.0212	0	5	0	0/5	0.0199	0.0057	0.0278	0.0660	0.0118
COG2271	G	Sugar phosphate permease	0.0729	0.0487	0.0638	0	5	0	0/5	0.0487	0.0080	0.0983	0.1850	0.0244
COG2272	I	Carboxylesterase type B	0.0189	0.0086	0.0236	0	5	0	0/5	0.0086	0.0042	0.0058	0.0660	0.0100
COG2273	G	Beta-glucanase, GH16 family	0.0142	0.0086	0.0130	0	5	0	0/5	0.0129	0.0019	0.0086	0.0392	0.0082
COG2274	V	ABC-type bacteriocin/lantibiotic exporters, contain an N-terminal double-glycine peptidase domain	0.0010	0.0002	0.0010	0	5	0	0/5	0.0022	0.0002	0.0021	0.0002	0.0001
COG2301	G	Citrate lyase beta subunit	0.0613	0.0387	0.0591	0	5	0	0/5	0.0577	0.0166	0.0387	0.1756	0.0181
COG2302	R	RNA-binding protein YlmH, contains S4-like domain	0.0044	0.0033	0.0027	0	5	0	0/5	0.0025	0.0039	0.0025	0.0096	0.0033
COG2303	IR	Choline dehydrogenase or related flavoprotein	0.2092	0.1532	0.2201	1	5	0	1/5	0.0413	0.1532	0.0442	0.6360	0.1714
COG2304	R	Secreted protein containing bacterial Ig-like domain and vWFA domain	0.4951	0.5162	0.0514	3	5	0	3/5	0.4792	0.5162	0.5523	0.5244	0.4036
COG2306	R	Predicted RNA-binding protein, associated with RNAse of E/G family, DUF402 domain	0.2097	0.0849	0.1900	1	5	0	1/5	0.0849	0.0697	0.0360	0.5266	0.3311
COG2307	S	Uncharacterized conserved protein, Alpha-E superfamily	0.0016	0.0007	0.0019	0	5	0	0/5	0.0021	0.0001	0.0007	0.0050	0.0001
COG2308	R	Circularly permuted ATP-grasp protein	0.0040	0.0023	0.0042	0	5	0	0/5	0.0042	0.0005	0.0023	0.0120	0.0011
COG2309	E	Leucyl aminopeptidase (aminopeptidase T)	0.5929	0.6456	0.1445	4	5	1	4/5	0.3213	0.6456	0.7123	0.5768	0.7084
COG2310	T	Stress response protein SCP2	0.0010	0.0006	0.0007	0	5	0	0/5	0.0021	0.0005	0.0013	0.0006	0.0003
COG2311	S	Uncharacterized membrane protein YeiB	0.0119	0.0014	0.0181	0	5	0	0/5	0.0014	0.0005	0.0011	0.0475	0.0090
COG2312	Q	Erythromycin esterase homolog	0.1537	0.0804	0.2128	1	5	0	1/5	0.0103	0.0937	0.0106	0.5737	0.0804
COG2313	F	Pseudouridine-5'-phosphate glycosidase (pseudoU degradation)	0.0034	0.0014	0.0039	0	5	0	0/5	0.0003	0.0014	0.0003	0.0104	0.0048
COG2314	R	Uncharacterized membrane protein YozV, TM2 domain, contains pTyr	0.1506	0.1116	0.1367	0	5	0	0/5	0.0493	0.1500	0.0319	0.4104	0.1116
COG2315	K	Predicted DNA-binding protein with double-wing structural motif, MmcQ/YjbR family	0.0013	0.0019	0.0009	0	5	0	0/5	0.0023	0.0002	0.0019	0.0019	0.0002
COG2316	R	Predicted hydrolase, HD superfamily	0.6225	0.7260	0.3337	3	5	1	3/5	0.2147	0.7260	0.2432	0.9979	0.9308
COG2317	O	Zn-dependent carboxypeptidase, M32 family	0.3714	0.2153	0.2855	2	5	0	2/5	0.1349	0.2153	0.0746	0.7436	0.6885
COG2318	Q	Bacillithiol/mycothiol S-transferase BstA/DinB, DinB/YfiT family (unrelated to E. coli DinB)	0.0117	0.0039	0.0171	0	5	0	0/5	0.0019	0.0012	0.0039	0.0457	0.0057
COG2319	R	WD40 repeat	0.5743	0.7275	0.3054	3	5	1	3/5	0.2020	0.7275	0.2193	0.9435	0.7791
COG2320	R	GrpB domain, predicted nucleotidyltransferase, UPF0157 family	0.1558	0.0868	0.1875	1	5	0	1/5	0.0240	0.0868	0.0157	0.5212	0.1315
COG2321	R	Predicted metalloprotease	0.0010	0.0011	0.0004	0	5	0	0/5	0.0015	0.0005	0.0011	0.0014	0.0007
COG2322	R	Predicted membrane metallochaperone YozB (3H, Sco1 fusion), DUF420 family	0.0445	0.0054	0.0647	0	5	0	0/5	0.0046	0.0054	0.0033	0.1713	0.0379
COG2323	S	Uncharacterized membrane protein YcaP, DUF421 family	0.0101	0.0026	0.0152	0	5	0	0/5	0.0026	0.0046	0.0020	0.0404	0.0009
COG2324	S	Uncharacterized membrane protein	0.4216	0.3599	0.3480	2	5	0	2/5	0.0886	0.3599	0.0429	0.9634	0.6534
COG2326	C	Polyphosphate kinase 2, PPK2 family	0.0371	0.0099	0.0532	0	5	0	0/5	0.0071	0.0099	0.0066	0.1432	0.0187
COG2327	M	Polysaccharide pyruvyl transferase family protein WcaK (colanic acid biosynthesis)	0.2149	0.1520	0.1631	1	5	0	1/5	0.1263	0.1679	0.0914	0.5369	0.1520
COG2329	H	Heme-degrading monooxygenase HmoA and related ABM domain proteins	0.1806	0.0297	0.2357	1	5	0	1/5	0.0278	0.0297	0.0191	0.6339	0.1924
COG2331	R	Predicted nucleic acid-binding protein, contains Zn-ribbon domain	0.0482	0.0178	0.0569	0	5	0	0/5	0.0108	0.0178	0.0125	0.1601	0.0397
COG2332	CO	Cytochrome c biogenesis protein CcmE	0.1677	0.0623	0.1635	0	5	0	0/5	0.0623	0.2545	0.0143	0.4495	0.0578
COG2333	U	DNA uptake channel protein ComEC C-terminal domain, metallo-beta-lactamase superfamily	0.1445	0.0773	0.1464	0	5	0	0/5	0.0683	0.1104	0.0333	0.4332	0.0773
COG2334	T	Ser/Thr protein kinase RdoA involved in Cpx stress response, MazF antagonist	0.0017	0.0020	0.0014	0	5	0	0/5	0.0023	0.0002	0.0038	0.0020	0.0001
COG2335	R	Uncaracterized surface protein containing fasciclin (FAS1) repeats	0.1875	0.1250	0.2159	1	5	0	1/5	0.0287	0.1250	0.0181	0.6052	0.1607
COG2336	V	Antitoxin component MazE of the MazEF toxin-antitoxin module	0.0045	0.0027	0.0041	0	5	0	0/5	0.0015	0.0027	0.0024	0.0127	0.0034
COG2337	V	mRNA-degrading endonuclease MazF, toxin component of the MazEF toxin-antitoxin module	0.2620	0.3120	0.1741	1	5	0	1/5	0.0661	0.3120	0.0591	0.5024	0.3704
COG2339	T	Membrane proteinase PrsW, cleaves anti-sigma factor RsiW, M82 family	0.4274	0.4341	0.2268	2	5	0	2/5	0.4341	0.2443	0.1197	0.7457	0.5934
COG2340	DR	Spore germination protein YkwD and related proteins with CAP (CSP/antigen 5/PR1) domain	0.1776	0.1252	0.1932	1	5	0	1/5	0.0335	0.1351	0.0395	0.5548	0.1252
COG2342	G	Endo alpha-1,4 polygalactosaminidase, GH114 family (was erroneously annotated as Cys-tRNA synthetase)	0.3974	0.4050	0.2926	2	5	0	2/5	0.1058	0.6111	0.0486	0.8164	0.4050
COG2343	S	Uncharacterized conserved protein, DUF427 family	0.1494	0.0678	0.2127	1	5	0	1/5	0.0128	0.0678	0.0107	0.5706	0.0850
COG2344	K	NADH/NAD ratio-sensing transcriptional regulator Rex	0.0100	0.0028	0.0141	0	5	0	0/5	0.0019	0.0028	0.0020	0.0380	0.0052
COG2345	K	Predicted transcriptional regulator, ArsR family	0.2538	0.2039	0.1578	1	5	0	1/5	0.0824	0.2287	0.2039	0.5527	0.2015
COG2346	P	Truncated hemoglobin YjbI	0.0259	0.0039	0.0403	0	5	0	0/5	0.0039	0.0020	0.0025	0.1060	0.0149
COG2348	M	Lipid II:glycine glycyltransferase (Peptidoglycan interpeptide bridge formation enzyme)	0.0462	0.0258	0.0518	0	5	0	0/5	0.0111	0.0379	0.0085	0.1476	0.0258
COG2350	QR	YciI superfamily enzyme, includes 5-CHQ dehydrochlorinase, contains active-site pHis	0.0478	0.0129	0.0716	0	5	0	0/5	0.0064	0.0129	0.0065	0.1905	0.0225
COG2351	F	5-hydroxyisourate hydrolase (purine catabolism), transthyretin-related family	0.0073	0.0039	0.0071	0	5	0	0/5	0.0039	0.0030	0.0031	0.0215	0.0048
COG2352	C	Phosphoenolpyruvate carboxylase	0.0080	0.0027	0.0109	0	5	0	0/5	0.0027	0.0003	0.0020	0.0296	0.0053
COG2353	R	Polyisoprenoid-binding periplasmic protein YceI	0.0020	0.0006	0.0023	0	5	0	0/5	0.0006	0.0014	0.0006	0.0066	0.0006
COG2354	L	Membrane protein MutK/YedI, may be involved in DNA repair	0.0009	0.0008	0.0003	0	5	0	0/5	0.0009	0.0005	0.0008	0.0014	0.0008
COG2355	OE	Zn-dependent dipeptidase, microsomal dipeptidase homolog	0.3664	0.2112	0.3143	2	5	0	2/5	0.1002	0.2112	0.0469	0.8427	0.6308
COG2356	L	Endonuclease I	0.0008	0.0003	0.0007	0	5	0	0/5	0.0019	0.0002	0.0013	0.0003	0.0002
COG2357	FT	ppGpp synthetase catalytic domain (RelA/SpoT-type nucleotidyltranferase)	0.0065	0.0061	0.0042	0	5	0	0/5	0.0061	0.0075	0.0048	0.0134	0.0005
COG2358	R	TRAP-type uncharacterized transport system, periplasmic component	0.2625	0.1232	0.2890	1	5	0	1/5	0.0904	0.1232	0.0329	0.8241	0.2420
COG2359	S	Stage V sporulation protein SpoVS, predicted DNA-binding, AlbA superfamily	0.0711	0.0206	0.0941	0	5	0	0/5	0.0156	0.0206	0.0076	0.2565	0.0551
COG2360	O	Leu/Phe-tRNA-protein transferase	0.0003	0.0004	0.0001	0	5	0	0/5	0.0004	0.0002	0.0004	0.0004	0.0001
COG2361	V	HEPN domain protein, predicted toxin of MNT-HEPN system	0.8556	0.9857	0.1882	5	5	1	5/5	0.7965	0.9900	0.5105	0.9955	0.9857
COG2362	E	D-aminopeptidase	0.4664	0.3915	0.3387	2	5	0	2/5	0.1204	0.3915	0.0988	0.8946	0.8265
COG2363	S	Uncharacterized membrane protein YgdD, TMEM256/DUF423 family	0.0004	0.0002	0.0004	0	5	0	0/5	0.0003	0.0001	0.0002	0.0011	0.0002
COG2364	S	Uncharacterized membrane protein YczE	0.0044	0.0036	0.0034	0	5	0	0/5	0.0036	0.0015	0.0042	0.0108	0.0018
COG2365	T	Protein tyrosine/serine phosphatase Oca4	0.0019	0.0017	0.0010	0	5	0	0/5	0.0031	0.0008	0.0031	0.0017	0.0010
COG2366	Q	Acyl-homoserine lactone (AHL) acylase PvdQ	0.3906	0.2935	0.3564	2	5	0	2/5	0.0310	0.2935	0.0327	0.9333	0.6623
COG2367	V	Beta-lactamase class A	0.0110	0.0030	0.0168	0	5	0	0/5	0.0030	0.0008	0.0030	0.0445	0.0037
COG2368	Q	Aromatic ring hydroxylase	0.3787	0.2963	0.2860	2	5	0	2/5	0.0703	0.2963	0.0960	0.7016	0.7291
COG2369	X	Uncharacterized protein, contains phage Mu head morphogenesis gpF-like domain	0.0114	0.0144	0.0056	0	5	0	0/5	0.0168	0.0147	0.0100	0.0144	0.0012
COG2370	O	Hydrogenase/urease accessory protein HupE	0.0014	0.0007	0.0015	0	5	0	0/5	0.0007	0.0005	0.0008	0.0044	0.0007
COG2371	O	Urease accessory protein UreE	0.0228	0.0012	0.0440	0	5	0	0/5	0.0012	0.0002	0.0006	0.1108	0.0013
COG2372	P	Copper-binding protein CopC (methionine-rich)	0.0234	0.0049	0.0390	0	5	0	0/5	0.0021	0.0049	0.0017	0.1014	0.0071
COG2373	R	Uncharacterized conserved protein YfaS, alpha-2-macroglobulin family	0.0160	0.0146	0.0123	0	5	0	0/5	0.0288	0.0023	0.0313	0.0146	0.0028
COG2374	R	Predicted extracellular nuclease	0.0337	0.0460	0.0183	0	5	0	0/5	0.0477	0.0110	0.0520	0.0460	0.0120
COG2375	P	NADPH-dependent ferric siderophore reductase, contains FAD-binding and SIP domains	0.0008	0.0006	0.0004	0	5	0	0/5	0.0010	0.0003	0.0006	0.0014	0.0006
COG2376	G	Dihydroxyacetone kinase	0.0946	0.0098	0.1433	0	5	0	0/5	0.0098	0.0043	0.0050	0.3758	0.0781
COG2377	M	1,6-Anhydro-N-acetylmuramate kinase	0.0078	0.0042	0.0089	0	5	0	0/5	0.0042	0.0011	0.0039	0.0254	0.0043
COG2378	K	Predicted DNA-binding transcriptional regulator YobV, contains HTH and WYL domains	0.0090	0.0042	0.0122	0	5	0	0/5	0.0047	0.0042	0.0028	0.0332	0.0003
COG2379	G	Glycerate-2-kinase	0.8714	0.9324	0.1597	5	5	1	5/5	0.8594	0.9324	0.5689	0.9989	0.9974
COG2380	R	NurA-like predicted nuclease, RNAse H fold	0.0553	0.0251	0.0747	0	5	0	0/5	0.0076	0.0251	0.0059	0.2031	0.0350
COG2382	P	Enterochelin esterase or related enzyme	0.0074	0.0056	0.0057	0	5	0	0/5	0.0037	0.0056	0.0031	0.0186	0.0060
COG2383	S	Uncharacterized membrane protein, Fun14 family	0.5925	0.6366	0.3048	3	5	1	3/5	0.2813	0.6366	0.2050	0.9457	0.8939
COG2384	J	tRNA A22 N1-methylase	0.0004	0.0004	0.0002	0	5	0	0/5	0.0006	0.0002	0.0005	0.0004	0.0002
COG2385	M	Peptidoglycan hydrolase (amidase) enhancer domain SpoIID	0.0041	0.0022	0.0036	0	5	0	0/5	0.0022	0.0033	0.0022	0.0112	0.0018
COG2386	O	ABC-type transport system involved in cytochrome c biogenesis, permease component	0.4957	0.5146	0.3077	3	5	0	3/5	0.2316	0.7366	0.0824	0.9135	0.5146
COG2388	R	Predicted acetyltransferase, GNAT superfamily	0.1144	0.0919	0.0545	0	5	0	0/5	0.0789	0.1084	0.0721	0.2205	0.0919
COG2389	S	Uncharacterized metal-binding protein, DUF2227 family	0.1676	0.0822	0.2279	1	5	0	1/5	0.0229	0.0822	0.0091	0.6177	0.1062
COG2390	K	DNA-binding transcriptional regulator LsrR, DeoR family	0.0033	0.0015	0.0035	0	5	0	0/5	0.0015	0.0006	0.0009	0.0100	0.0035
COG2391	R	Uncharacterized membrane protein YedE/YeeE, contains two sulfur transport domains	0.4891	0.5566	0.3135	3	5	0	3/5	0.1985	0.5566	0.0967	0.9689	0.6246
COG2401	R	ABC-type ATPase fused to a predicted acetyltransferase domain	0.5224	0.6338	0.2480	3	5	1	3/5	0.2557	0.6338	0.2071	0.8408	0.6745
COG2402	R	Predicted nucleic acid-binding protein, contains PIN domain	0.8222	0.9877	0.2110	5	5	1	5/5	0.5368	0.9877	0.5927	0.9989	0.9948
COG2403	P	Zn/Ni/Co-binding GTPase YjiA, predicted metallochaperone, CobW/Nha3/YciC family	0.9136	0.9963	0.1035	5	5	1	5/5	0.7820	0.9963	0.7919	0.9991	0.9987
COG2404	JT	Oligoribonuclease NrnA/c-di-AMP phosphodiesterase DhhP, DHH superfamily	0.4578	0.5177	0.2676	3	5	0	3/5	0.2749	0.5177	0.0420	0.7653	0.6892
COG2405	R	Predicted nucleic acid-binding protein, contains PIN domain	0.9091	0.9946	0.1189	5	5	1	5/5	0.8619	0.9946	0.6952	0.9988	0.9948
COG2406	L	Ferritin-like DNA-binding protein, DPS (DNA Protection under Starvation) family	0.6586	0.6716	0.2841	3	5	1	3/5	0.2357	0.6716	0.4606	0.9808	0.9442
COG2407	G	L-fucose isomerase or related protein	0.6760	0.7718	0.2812	4	5	1	4/5	0.5372	0.7718	0.1962	0.9299	0.9447
COG2409	R	Predicted lipid transporter YdfJ, MMPL/SSD domain, RND superfamily	0.3410	0.2918	0.3230	1	5	0	1/5	0.0332	0.2918	0.0366	0.9096	0.4339
COG2410	R	Predicted nuclease (RNAse H fold)	0.7986	0.9172	0.1908	5	5	1	5/5	0.5023	0.9172	0.6436	0.9440	0.9857
COG2411	R	Predicted RNA-binding protein, contains PUA-like ASCH domain	0.7609	0.8955	0.2321	4	5	1	4/5	0.6135	0.8955	0.3741	0.9608	0.9607
COG2412	S	Uncharacterized conserved protein, DUF424 domain	0.9828	0.9956	0.0178	5	5	1	5/5	0.9618	0.9977	0.9602	0.9956	0.9985
COG2413	R	Predicted nucleotidyltransferase	0.9114	0.9630	0.1091	5	5	1	5/5	0.8972	0.9933	0.7055	0.9630	0.9980
COG2414	C	Aldehyde:ferredoxin oxidoreductase	0.9991	1.0000	0.0013	5	5	1	5/5	0.9966	1.0000	0.9990	1.0000	1.0000
COG2419	J	tRNA (A,G)9-N-methylase TRM10	0.4761	0.5204	0.3318	3	5	0	3/5	0.1521	0.5204	0.0428	0.8600	0.8053
COG2421	C	Acetamidase/formamidase	0.3757	0.1911	0.3240	2	5	0	2/5	0.0542	0.1911	0.1457	0.9221	0.5655
COG2423	E	Ornithine cyclodeaminase/archaeal alanine dehydrogenase, mu-crystallin family	0.7855	0.8863	0.2206	4	5	1	4/5	0.5896	0.8863	0.4597	0.9987	0.9934
COG2425	S	Uncharacterized conserved protein, contains a von Willebrand factor type A (vWA) domain	0.4095	0.3367	0.2468	2	5	0	2/5	0.3035	0.5299	0.0702	0.8074	0.3367
COG2426	S	Uncharacterized membrane protein	0.8329	0.9587	0.1845	5	5	1	5/5	0.7536	0.9809	0.5041	0.9587	0.9670
COG2427	S	Uncharacterized conserved protein YjgD, DUF1641 family	0.4728	0.5321	0.3700	3	5	0	3/5	0.0750	0.5321	0.0363	0.9866	0.7340
COG2428	J	Rps3 or RNA methylase involved in ribosome biogenesis, SPOUT family	0.5289	0.7206	0.3095	3	5	1	3/5	0.1812	0.8105	0.1240	0.7206	0.8083
COG2429	F	Archaeal GTP cyclohydrolase III	0.4063	0.3141	0.2128	2	5	0	2/5	0.3113	0.3141	0.1107	0.6980	0.5973
COG2430	S	Uncharacterized conserved protein, DUF432 domain	0.6987	0.8753	0.3084	3	5	1	3/5	0.4921	0.8753	0.1913	0.9681	0.9666
COG2431	E	Lysine export protein LysO/YbjE, DUF340 family	0.4892	0.5425	0.3540	3	5	0	3/5	0.1034	0.5425	0.0706	0.9581	0.7714
COG2433	R	Possible nuclease of RNase H fold, RuvC/YqgF family	0.8477	0.9564	0.1831	5	5	1	5/5	0.7721	0.9564	0.5208	0.9969	0.9925
COG2440	C	Ferredoxin-like protein FixX	0.3095	0.1948	0.2619	1	5	0	1/5	0.0476	0.1948	0.1247	0.7765	0.4041
COG2441	R	Predicted butyrate kinase, DUF1464 family	0.8452	0.9764	0.1956	4	5	1	4/5	0.7841	0.9764	0.4865	0.9870	0.9919
COG2442	V	Predicted antitoxin component of a toxin-antitoxin system, DUF433 family	0.7997	0.9798	0.2770	4	5	1	4/5	0.7644	0.9877	0.2732	0.9934	0.9798
COG2443	U	Preprotein translocase subunit Sss1	0.8685	0.9907	0.2189	4	5	1	4/5	0.9307	0.9907	0.4334	0.9958	0.9920
COG2445	R	Uncharacterized HEPN domain protein YutE, UPF0331/DUF86 family	0.9423	0.9966	0.0745	5	5	1	5/5	0.9063	0.9966	0.8112	0.9993	0.9979
COG2450	D	Predicted archaeal cell division protein, SepF family	0.9863	0.9939	0.0123	5	5	1	5/5	0.9734	0.9987	0.9695	0.9959	0.9939
COG2451	J	Ribosomal protein L35AE/L33A	0.4277	0.4683	0.2422	2	5	0	2/5	0.1405	0.5473	0.1858	0.4683	0.7968
COG2452	X	Predicted site-specific integrase-resolvase	0.7082	0.9208	0.3145	3	5	1	3/5	0.2560	0.9208	0.4005	0.9968	0.9667
COG2453	T	Protein-tyrosine phosphatase	0.5804	0.7145	0.3395	3	5	1	3/5	0.1990	0.7145	0.1522	0.9450	0.8914
COG2454	R	Predicted nuclease, contains PIN domain	0.8525	0.9724	0.2125	4	5	1	4/5	0.8904	0.9724	0.4334	0.9927	0.9738
COG2456	S	Uncharacterized conserved protein, DUF2304 domain	0.2727	0.1943	0.2139	1	5	0	1/5	0.1241	0.3880	0.0278	0.6294	0.1943
COG2457	S	Uncharacterized conserved protein, DUF447 domain	0.9234	0.9993	0.1438	5	5	1	5/5	0.9816	0.9993	0.6362	1.0000	0.9998
COG2461	R	Uncharacterized conserved protein AF0170, contains SAB, hemerythrin HHE, and PAS domains	0.5987	0.6091	0.2731	3	5	1	3/5	0.3066	0.6091	0.2759	0.9205	0.8813
COG2469	T	Archaeal chemotaxis protein CheF	0.5936	0.6839	0.3010	3	5	1	3/5	0.4691	0.9086	0.0720	0.8344	0.6839
COG2501	J	Ribosome-associated protein YbcJ, S4-like RNA-binding protein	0.0019	0.0022	0.0012	0	5	0	0/5	0.0025	0.0005	0.0022	0.0036	0.0005
COG2502	E	Asparagine synthetase A	0.0035	0.0032	0.0013	0	5	0	0/5	0.0048	0.0032	0.0053	0.0018	0.0025
COG2503	R	Predicted secreted acid phosphatase	0.0014	0.0012	0.0007	0	5	0	0/5	0.0013	0.0008	0.0012	0.0028	0.0011
COG2508	K	DNA-binding transcriptional regulator, PucR/PutR family	0.0093	0.0027	0.0142	0	5	0	0/5	0.0031	0.0012	0.0017	0.0376	0.0027
COG2509	R	FAD-dependent dehydrogenase	0.9774	0.9842	0.0169	5	5	1	5/5	0.9631	0.9945	0.9521	0.9842	0.9930
COG2510	H	Riboflavin transporter RibN, EamA domain	0.4970	0.6468	0.2227	3	5	0	3/5	0.6750	0.6468	0.1400	0.6933	0.3301
COG2511	J	Archaeal Glu-tRNAGln amidotransferase subunit E, contains GAD domain	0.9985	1.0000	0.0019	5	5	1	5/5	0.9962	1.0000	0.9961	1.0000	1.0000
COG2512	R	Predicted transcriptional regulator, contains CW (cell wall-binding) repeats and an HTH domain	0.9139	0.9957	0.1175	5	5	1	5/5	0.8779	0.9957	0.6980	0.9995	0.9985
COG2513	G	2-Methylisocitrate lyase and related enzymes, PEP mutase family	0.2620	0.1849	0.2500	1	5	0	1/5	0.0389	0.1849	0.0508	0.7195	0.3158
COG2514	Q	Catechol-2,3-dioxygenase	0.0593	0.0024	0.0991	0	5	0	0/5	0.0017	0.0020	0.0024	0.2558	0.0347
COG2515	E	1-aminocyclopropane-1-carboxylate deaminase/D-cysteine desulfhydrase, PLP-dependent ACC family	0.2876	0.1717	0.2765	1	5	0	1/5	0.0346	0.1717	0.0436	0.7635	0.4247
COG2516	R	Biotin synthase-related protein, radical SAM superfamily	0.9584	0.9935	0.0659	5	5	1	5/5	0.9728	0.9935	0.8279	0.9990	0.9987
COG2517	R	Predicted RNA-binding protein, contains C-terminal EMAP domain	0.6791	0.8422	0.2589	3	5	1	3/5	0.4405	0.8672	0.2987	0.9467	0.8422
COG2518	O	Protein-L-isoaspartate O-methyltransferase	0.9985	0.9988	0.0011	5	5	1	5/5	0.9978	0.9988	0.9967	0.9996	0.9997
COG2519	J	tRNA A58 N-methylase Trm61	0.9929	0.9983	0.0094	5	5	1	5/5	0.9751	0.9983	0.9917	0.9999	0.9997
COG2520	J	tRNA G37 N-methylase Trm5	0.9994	1.0000	0.0009	5	5	1	5/5	0.9995	1.0000	0.9977	1.0000	1.0000
COG2521	R	Predicted archaeal methyltransferase	0.5103	0.6821	0.2888	3	5	1	3/5	0.1386	0.7642	0.1805	0.6821	0.7863
COG2522	K	Predicted transcriptional regulator, contains XRE-type HTH domain	0.8642	0.9601	0.1677	5	5	1	5/5	0.5376	0.9601	0.8731	0.9672	0.9829
COG2524	K	Predicted transcriptional regulator, contains C-terminal CBS domains	0.7024	0.9256	0.3234	3	5	1	3/5	0.4566	0.9256	0.1865	0.9995	0.9439
COG2602	V	Beta-lactamase class D	0.0016	0.0005	0.0021	0	5	0	0/5	0.0005	0.0005	0.0004	0.0059	0.0008
COG2603	J	tRNA 2-selenouridine synthase SelU, contains rhodanese domain	0.0480	0.0094	0.0576	0	5	0	0/5	0.0052	0.0683	0.0045	0.1527	0.0094
COG2604	S	Uncharacterized conserved protein	0.0025	0.0018	0.0013	0	5	0	0/5	0.0030	0.0013	0.0017	0.0049	0.0018
COG2605	R	Predicted kinase related to galactokinase and mevalonate kinase	0.1295	0.0944	0.1013	0	5	0	0/5	0.0465	0.1317	0.0523	0.3224	0.0944
COG2606	J	Cys-tRNA(Pro) deacylase, prolyl-tRNA editing enzyme YbaK/EbsC	0.1261	0.0729	0.0894	0	5	0	0/5	0.0515	0.0729	0.0534	0.2818	0.1709
COG2607	R	Predicted ATPase, AAA+ superfamily	0.0361	0.0156	0.0396	0	5	0	0/5	0.0038	0.0397	0.0156	0.1115	0.0098
COG2608	P	Copper chaperone CopZ	0.1016	0.0660	0.0962	0	5	0	0/5	0.0115	0.0862	0.0564	0.2877	0.0660
COG2609	C	Pyruvate dehydrogenase complex, dehydrogenase (E1) component	0.0004	0.0004	0.0002	0	5	0	0/5	0.0004	0.0001	0.0006	0.0006	0.0001
COG2610	G	H+/gluconate symporter GntT or related permease, GntP/DsdX family	0.1137	0.0751	0.1250	0	5	0	0/5	0.0235	0.1012	0.0134	0.3552	0.0751
COG2703	T	Hemerythrin	0.3649	0.3676	0.3222	1	5	0	1/5	0.0458	0.4791	0.0278	0.9040	0.3676
COG2704	G	Anaerobic C4-dicarboxylate transporter	0.0004	0.0003	0.0002	0	5	0	0/5	0.0003	0.0003	0.0003	0.0008	0.0002
COG2706	G	6-phosphogluconolactonase, cycloisomerase 2 family	0.0184	0.0075	0.0252	0	5	0	0/5	0.0075	0.0033	0.0090	0.0685	0.0036
COG2707	S	Uncharacterized membrane protein, DUF441 family	0.0042	0.0015	0.0057	0	5	0	0/5	0.0006	0.0015	0.0004	0.0155	0.0031
COG2710	HP	Nitrogenase Mo-Fe protein NifD/coenzyme F430 biosynthesis subunit CfbD	0.6304	0.6930	0.3229	3	5	1	3/5	0.4181	0.9335	0.1244	0.9831	0.6930
COG2715	R	Spore maturation protein SpmA (function unknown)	0.0033	0.0021	0.0031	0	5	0	0/5	0.0013	0.0021	0.0012	0.0094	0.0026
COG2716	E	Glycine cleavage system regulator GcvR	0.0046	0.0044	0.0017	0	5	0	0/5	0.0044	0.0023	0.0040	0.0075	0.0048
COG2717	C	Heme-binding membrane subunit of periplasmic DMSO/TMAO and protein-methionine-sulfoxide reductases	0.0085	0.0016	0.0122	0	5	0	0/5	0.0014	0.0055	0.0016	0.0326	0.0014
COG2718	R	Uncharacterized conserved protein YeaH/YhbH, required for sporulation, DUF444 family	0.0548	0.0077	0.0947	0	5	0	0/5	0.0077	0.0101	0.0054	0.2441	0.0067
COG2719	D	Stage V sporulation protein SpoVR/YcgB, involved in spore cortex formation (function unknown)	0.0589	0.0063	0.1053	0	5	0	0/5	0.0063	0.0029	0.0039	0.2694	0.0119
COG2720	V	Vancomycin resistance protein YoaR (function unknown), contains peptidoglycan-binding and VanW domains	0.0008	0.0009	0.0006	0	5	0	0/5	0.0018	0.0003	0.0009	0.0009	0.0002
COG2721	G	Altronate dehydratase	0.2277	0.1628	0.2209	1	5	0	1/5	0.0618	0.1628	0.0450	0.6504	0.2183
COG2723	G	Beta-glucosidase/6-phospho-beta-glucosidase/beta-galactosidase	0.1499	0.0529	0.1281	0	5	0	0/5	0.0465	0.0529	0.0375	0.2919	0.3206
COG2730	G	Aryl-phospho-beta-D-glucosidase BglC, GH1 family	0.1022	0.0734	0.0613	0	5	0	0/5	0.0690	0.0734	0.0407	0.2163	0.1114
COG2731	G	Beta-galactosidase, beta subunit	0.0008	0.0009	0.0004	0	5	0	0/5	0.0010	0.0005	0.0014	0.0009	0.0004
COG2732	K	Barstar, RNAse (barnase) inhibitor	0.0023	0.0014	0.0018	0	5	0	0/5	0.0025	0.0009	0.0014	0.0057	0.0012
COG2733	S	Uncharacterized membrane-anchored protein YjiN, DUF445 family	0.0023	0.0009	0.0030	0	5	0	0/5	0.0011	0.0006	0.0007	0.0082	0.0009
COG2738	O	Zn-dependent membrane protease YugP	0.0025	0.0029	0.0013	0	5	0	0/5	0.0036	0.0009	0.0029	0.0042	0.0010
COG2739	K	Predicted DNA-binding protein YlxM, UPF0122 family	0.0065	0.0053	0.0061	0	5	0	0/5	0.0019	0.0061	0.0011	0.0182	0.0053
COG2740	R	Nucleoid-associated protein YlxR, Predicted RNA-binding, DUF448 family	0.0026	0.0017	0.0017	0	5	0	0/5	0.0017	0.0015	0.0022	0.0060	0.0016
COG2746	V	Aminoglycoside N3'-acetyltransferase	0.1124	0.0399	0.1408	0	5	0	0/5	0.0139	0.0399	0.0167	0.3863	0.1051
COG2747	KN	Negative regulator of flagellin synthesis (anti-sigma28 factor)	0.0036	0.0039	0.0011	0	5	0	0/5	0.0029	0.0039	0.0019	0.0042	0.0051
COG2755	DI	Lysophospholipase L1 or related esterase. Includes spore coat protein LipC/YcsK	0.0291	0.0244	0.0313	0	5	0	0/5	0.0244	0.0018	0.0303	0.0873	0.0018
COG2759	F	Formyltetrahydrofolate synthetase	0.3699	0.2600	0.2008	1	5	0	1/5	0.2600	0.2447	0.2106	0.7550	0.3793
COG2761	O	Predicted dithiol-disulfide isomerase, DsbA/YjbH family (virulence, stress resistance)	0.1198	0.0611	0.1641	0	5	0	0/5	0.0132	0.0611	0.0123	0.4447	0.0679
COG2764	C	Zn-dependent glyoxalase, PhnB family	0.0232	0.0090	0.0348	0	5	0	0/5	0.0090	0.0028	0.0092	0.0925	0.0026
COG2766	T	Predicted Ser/Thr protein kinase	0.0581	0.0062	0.1044	0	5	0	0/5	0.0062	0.0029	0.0039	0.2667	0.0106
COG2768	S	Uncharacterized Fe-S cluster protein	0.8684	0.9332	0.1886	4	5	1	4/5	0.9332	0.9307	0.4949	0.9966	0.9864
COG2770	T	HAMP domain	0.0561	0.0300	0.0784	0	5	0	0/5	0.0031	0.0300	0.0034	0.2108	0.0330
COG2771	K	DNA-binding transcriptional regulator, CsgD family	0.0363	0.0109	0.0410	0	5	0	0/5	0.0109	0.0051	0.0074	0.1130	0.0450
COG2801	X	Transposase InsO and inactivated derivatives	0.1606	0.1163	0.0748	0	5	0	0/5	0.1163	0.1124	0.0985	0.3008	0.1749
COG2802	S	Uncharacterized conserved protein, LON_N-like domain, ASCH/PUA-like superfamily	0.0032	0.0019	0.0030	0	5	0	0/5	0.0015	0.0010	0.0019	0.0091	0.0025
COG2804	NUW	Type II secretory pathway ATPase GspE/PulE or T4P pilus assembly pathway ATPase PilB	0.0009	0.0000	0.0012	0	5	0	0/5	0.0017	0.0000	0.0029	0.0000	0.0000
COG2805	NW	Type IV pilus assembly protein PilT, pilus retraction ATPase	0.0010	0.0002	0.0011	0	5	0	0/5	0.0018	0.0002	0.0029	0.0001	0.0001
COG2807	P	Cyanate permease	0.0202	0.0185	0.0134	0	5	0	0/5	0.0399	0.0040	0.0185	0.0303	0.0081
COG2808	T	Predicted FMN-binding regulatory protein PaiB	0.0140	0.0020	0.0220	0	5	0	0/5	0.0017	0.0020	0.0014	0.0578	0.0073
COG2810	V	Predicted type IV restriction endonuclease	0.5306	0.6653	0.2994	3	5	1	3/5	0.1538	0.6653	0.2061	0.9194	0.7083
COG2811	C	Archaeal/vacuolar-type H+-ATPase subunit H	0.6876	0.8325	0.2594	4	5	1	4/5	0.5235	0.8325	0.2611	0.9712	0.8498
COG2812	L	DNA polymerase III, gamma/tau subunits	0.0005	0.0000	0.0006	0	5	0	0/5	0.0011	0.0000	0.0014	0.0000	0.0000
COG2813	J	16S rRNA G1207 methylase RsmC	0.0200	0.0138	0.0115	0	5	0	0/5	0.0406	0.0129	0.0138	0.0087	0.0239
COG2814	G	Predicted arabinose efflux permease AraJ, MFS family	0.0010	0.0008	0.0009	0	5	0	0/5	0.0002	0.0008	0.0000	0.0025	0.0013
COG2815	M	PASTA domain, binds beta-lactams	0.0605	0.0370	0.0752	0	5	0	0/5	0.0091	0.0456	0.0034	0.2075	0.0370
COG2816	F	NADH pyrophosphatase NudC, Nudix superfamily	0.0501	0.0089	0.0825	0	5	0	0/5	0.0089	0.0026	0.0018	0.2144	0.0226
COG2818	L	3-methyladenine DNA glycosylase Tag	0.0165	0.0086	0.0178	0	5	0	0/5	0.0086	0.0028	0.0168	0.0506	0.0037
COG2819	R	Predicted hydrolase of the alpha/beta superfamily	0.0160	0.0094	0.0133	0	5	0	0/5	0.0094	0.0093	0.0035	0.0412	0.0167
COG2820	F	Uridine phosphorylase	0.6228	0.5801	0.2736	3	5	1	3/5	0.3297	0.5801	0.3276	0.9531	0.9234
COG2821	M	Membrane-bound lytic murein transglycosylase	0.0049	0.0036	0.0024	0	5	0	0/5	0.0036	0.0035	0.0025	0.0094	0.0054
COG2822	P	Iron uptake system EfeUOB, periplasmic (or lipoprotein) component EfeO/EfeM	0.0044	0.0016	0.0054	0	5	0	0/5	0.0011	0.0016	0.0008	0.0151	0.0034
COG2823	M	Osmotically-inducible protein OsmY, contains BON domain	0.0069	0.0051	0.0046	0	5	0	0/5	0.0060	0.0038	0.0051	0.0159	0.0036
COG2824	R	Uncharacterized Zn-ribbon-containing protein	0.0001	0.0000	0.0001	0	5	0	0/5	0.0002	0.0000	0.0003	0.0000	0.0000
COG2825	MO	Periplasmic chaperone for outer membrane proteins, Skp family	0.0002	0.0001	0.0001	0	5	0	0/5	0.0004	0.0001	0.0004	0.0001	0.0001
COG2826	X	Transposase and inactivated derivatives, IS30 family	0.0009	0.0011	0.0004	0	5	0	0/5	0.0012	0.0004	0.0011	0.0013	0.0005
COG2827	L	Predicted endonuclease, GIY-YIG superfamily	0.0699	0.0308	0.0621	0	5	0	0/5	0.0295	0.0222	0.0308	0.1873	0.0795
COG2828	C	2-Methylaconitate cis-trans-isomerase PrpF (2-methyl citrate pathway)	0.0527	0.0177	0.0785	0	5	0	0/5	0.0074	0.0177	0.0040	0.2089	0.0256
COG2829	M	Outer membrane phospholipase A	0.0022	0.0014	0.0015	0	5	0	0/5	0.0011	0.0014	0.0008	0.0049	0.0029
COG2830	S	Uncharacterized conserved protein, DUF452 domain	0.0011	0.0011	0.0008	0	5	0	0/5	0.0003	0.0011	0.0003	0.0025	0.0014
COG2831	U	Hemolysin activation/secretion protein	0.0007	0.0004	0.0004	0	5	0	0/5	0.0009	0.0003	0.0013	0.0004	0.0004
COG2832	S	Uncharacterized membrane protein YbaN, DUF454 family	0.0837	0.0619	0.0503	0	5	0	0/5	0.0402	0.0619	0.0523	0.1801	0.0839
COG2833	S	Uncharacterized protein, contains ferritin-like DUF455 domain	0.0034	0.0036	0.0024	0	5	0	0/5	0.0008	0.0036	0.0005	0.0065	0.0055
COG2834	M	Outer membrane lipoprotein-sorting protein	0.0827	0.0536	0.0793	0	5	0	0/5	0.0602	0.0536	0.0312	0.2395	0.0292
COG2835	J	RNA methyltransferase activator Trm112/YbaR	0.9582	0.9610	0.0269	5	5	1	5/5	0.9610	0.9589	0.9081	0.9781	0.9847
COG2836	S	Uncharacterized membrane protein, DsbD domain	0.1104	0.0304	0.1555	0	5	0	0/5	0.0304	0.0286	0.0132	0.4199	0.0598
COG2837	P	Periplasmic deferrochelatase/peroxidase EfeB	0.0028	0.0018	0.0022	0	5	0	0/5	0.0021	0.0010	0.0017	0.0072	0.0018
COG2838	C	Monomeric isocitrate dehydrogenase	0.0241	0.0114	0.0294	0	5	0	0/5	0.0056	0.0169	0.0042	0.0822	0.0114
COG2839	S	Uncharacterized conserved protein YqgC, DUF456 family	0.0123	0.0051	0.0158	0	5	0	0/5	0.0051	0.0037	0.0035	0.0440	0.0054
COG2840	L	DNA-nicking endonuclease, Smr domain	0.0011	0.0008	0.0006	0	5	0	0/5	0.0014	0.0005	0.0022	0.0008	0.0005
COG2841	S	Uncharacterized conserved protein YdcH, DUF465 family	0.0035	0.0020	0.0032	0	5	0	0/5	0.0013	0.0020	0.0014	0.0097	0.0030
COG2842	X	Bacteriophage DNA transposition protein, AAA+ family ATPase	0.0068	0.0030	0.0079	0	5	0	0/5	0.0037	0.0029	0.0020	0.0226	0.0030
COG2843	M	Poly-gamma-glutamate biosynthesis protein CapA/YwtB (capsule formation), metallophosphatase superfamily	0.1400	0.0589	0.1853	1	5	0	1/5	0.0194	0.0589	0.0240	0.5070	0.0907
COG2844	OT	UTP:GlnB (protein PII) uridylyltransferase	0.0018	0.0024	0.0012	0	5	0	0/5	0.0028	0.0002	0.0024	0.0029	0.0005
COG2845	S	Uncharacterized conserved protein, DUF459 domain	0.0051	0.0031	0.0045	0	5	0	0/5	0.0015	0.0031	0.0026	0.0139	0.0044
COG2846	O	Iron-sulfur cluster repair protein YtfE, RIC family, contains ScdAN and hemerythrin domains	0.0638	0.0244	0.0888	0	5	0	0/5	0.0244	0.0273	0.0152	0.2409	0.0110
COG2847	P	Copper(I)-binding protein	0.0263	0.0105	0.0355	0	5	0	0/5	0.0042	0.0105	0.0042	0.0967	0.0157
COG2848	D	Uncharacterized conserved protein, UPF0210 family	0.8242	0.9798	0.1980	5	5	1	5/5	0.5932	0.9798	0.5705	0.9940	0.9833
COG2849	V	Antitoxin component YwqK of the YwqJK toxin-antitoxin module	0.0047	0.0030	0.0034	0	5	0	0/5	0.0042	0.0028	0.0030	0.0114	0.0022
COG2850	J	Ribosomal protein L16 Arg81 hydroxylase, contains JmjC domain	0.0005	0.0004	0.0002	0	5	0	0/5	0.0005	0.0002	0.0004	0.0008	0.0004
COG2851	C	Mg2+/citrate symporter	0.0018	0.0006	0.0022	0	5	0	0/5	0.0006	0.0006	0.0006	0.0061	0.0009
COG2852	L	Very-short-patch-repair endonuclease	0.0039	0.0026	0.0029	0	5	0	0/5	0.0041	0.0014	0.0026	0.0093	0.0019
COG2853	M	Lipoprotein subunit MlaA of the ABC-type intermembrane phospholipid transporter Mla	0.0008	0.0008	0.0001	0	5	0	0/5	0.0007	0.0008	0.0008	0.0008	0.0009
COG2854	M	Periplasmic subunit MlaC of the ABC-type intermembrane phospholipid transporter Mla	0.0010	0.0011	0.0002	0	5	0	0/5	0.0011	0.0008	0.0012	0.0011	0.0007
COG2855	S	Uncharacterized membrane protein YadS, UPF0324 family	0.1819	0.1060	0.2169	1	5	0	1/5	0.0512	0.1060	0.0316	0.6114	0.1094
COG2856	O	Zn-dependent peptidase ImmA, M78 family	0.1435	0.0613	0.1701	0	5	0	0/5	0.0477	0.1028	0.0258	0.4801	0.0613
COG2857	C	Cytochrome c1	0.0012	0.0010	0.0006	0	5	0	0/5	0.0017	0.0010	0.0021	0.0005	0.0006
COG2859	M	Outer membrane channel-forming protein BP26/OMP28, SIMPL family	0.0019	0.0010	0.0018	0	5	0	0/5	0.0007	0.0010	0.0007	0.0054	0.0015
COG2860	S	Uncharacterized membrane protein YeiH	0.0758	0.0185	0.1211	0	5	0	0/5	0.0185	0.0022	0.0130	0.3174	0.0280
COG2861	G	Uncharacterized conserved protein YibQ, putative polysaccharide deacetylase 2 family	0.0012	0.0013	0.0004	0	5	0	0/5	0.0013	0.0008	0.0017	0.0006	0.0014
COG2862	S	Uncharacterized membrane protein YqhA	0.0764	0.0239	0.0740	0	5	0	0/5	0.0177	0.1174	0.0190	0.2038	0.0239
COG2863	C	Cytochrome c553	0.0005	0.0004	0.0002	0	5	0	0/5	0.0004	0.0003	0.0007	0.0008	0.0002
COG2864	C	Cytochrome b subunit of formate dehydrogenase	0.4312	0.5207	0.3491	3	5	0	3/5	0.0461	0.5207	0.0361	0.9477	0.6052
COG2865	K	Predicted transcriptional regulator, contains HTH domain	0.4817	0.5908	0.2783	3	5	0	3/5	0.2335	0.6312	0.0947	0.8581	0.5908
COG2866	M	Murein tripeptide amidase MpaA	0.0479	0.0376	0.0385	0	5	0	0/5	0.0469	0.0040	0.0376	0.1194	0.0318
COG2867	J	Ribosome association toxin PasT (RatA) of the RatAB toxin-antitoxin module	0.0084	0.0044	0.0073	0	5	0	0/5	0.0030	0.0015	0.0044	0.0212	0.0119
COG2868	S	Uncharacterized conserved protein YsxB, DUF464 family	0.0029	0.0021	0.0012	0	5	0	0/5	0.0021	0.0031	0.0020	0.0051	0.0021
COG2869	C	Na+-transporting NADH:ubiquinone oxidoreductase, subunit NqrC	0.0008	0.0010	0.0004	0	5	0	0/5	0.0011	0.0004	0.0013	0.0010	0.0004
COG2870	M	ADP-heptose synthase, bifunctional sugar kinase/adenylyltransferase	0.0755	0.0278	0.0939	0	5	0	0/5	0.0121	0.0278	0.0243	0.2615	0.0517
COG2871	C	Na+-transporting NADH:ubiquinone oxidoreductase, subunit NqrF	0.0138	0.0160	0.0055	0	5	0	0/5	0.0160	0.0081	0.0205	0.0181	0.0065
COG2872	J	Ser-tRNA(Ala) deacylase AlaX (editing enzyme)	0.2825	0.2183	0.2236	1	5	0	1/5	0.0811	0.2183	0.0352	0.6184	0.4596
COG2873	E	O-acetylhomoserine/O-acetylserine sulfhydrylase, pyridoxal phosphate-dependent	0.1005	0.0237	0.1225	0	5	0	0/5	0.0235	0.0237	0.0117	0.3356	0.1079
COG2874	N	Archaellum biogenesis ATPase ArlH/FlaH	0.8835	0.9984	0.2100	4	5	1	4/5	0.9560	0.9984	0.4649	0.9994	0.9988
COG2875	H	Precorrin-4 methylase	0.5659	0.7550	0.3514	3	5	1	3/5	0.2659	0.7550	0.0491	0.9971	0.7622
COG2876	E	3-deoxy-D-arabino-heptulosonate 7-phosphate (DAHP) synthase	0.3343	0.1994	0.3298	1	5	0	1/5	0.0537	0.1994	0.0711	0.9450	0.4025
COG2877	M	3-deoxy-D-manno-octulosonic acid (KDO) 8-phosphate synthase	0.0012	0.0001	0.0014	0	5	0	0/5	0.0027	0.0001	0.0030	0.0000	0.0001
COG2878	C	Na+-translocating ferredoxin:NAD+ oxidoreductase RNF, RnfB subunit	0.0080	0.0018	0.0110	0	5	0	0/5	0.0014	0.0060	0.0018	0.0297	0.0013
COG2879	S	Uncharacterized short protein YbdD, DUF466 family	0.0044	0.0022	0.0039	0	5	0	0/5	0.0018	0.0019	0.0022	0.0121	0.0041
COG2880	R	Predicted DNA-binding protein, potential antitoxin AbrB/MazE fold	0.7350	0.9553	0.3049	4	5	1	4/5	0.5141	0.9718	0.2404	0.9935	0.9553
COG2881	R	GTPase-interacting Yip1 domain	0.5436	0.6339	0.3803	3	5	1	3/5	0.1281	0.9283	0.0708	0.9570	0.6339
COG2882	N	Flagellar biosynthesis chaperone FliJ	0.0053	0.0053	0.0010	0	5	0	0/5	0.0065	0.0042	0.0064	0.0053	0.0043
COG2884	D	Cell division ATPase FtsE	0.0002	0.0000	0.0003	0	5	0	0/5	0.0005	0.0000	0.0006	0.0000	0.0000
COG2885	M	Outer membrane protein OmpA and related peptidoglycan-associated (lipo)proteins	0.0140	0.0001	0.0186	0	5	0	0/5	0.0229	0.0001	0.0468	0.0001	0.0000
COG2886	R	Predicted antitoxin, contains HTH domain	0.8121	0.9875	0.2476	4	5	1	4/5	0.7144	0.9946	0.3665	0.9973	0.9875
COG2887	L	RecB family exonuclease	0.0092	0.0053	0.0065	0	5	0	0/5	0.0151	0.0053	0.0190	0.0040	0.0028
COG2888	R	Predicted RNA-binding protein involved in translation, contains  Zn-ribbon domain, DUF1610 family	0.8644	0.9279	0.1725	5	5	1	5/5	0.8953	0.9279	0.5266	0.9937	0.9785
COG2890	J	Methylase of polypeptide chain release factors	0.9804	0.9904	0.0172	5	5	1	5/5	0.9695	0.9904	0.9519	0.9975	0.9927
COG2891	M	Cell shape-determining protein MreD	0.0037	0.0028	0.0020	0	5	0	0/5	0.0049	0.0013	0.0070	0.0028	0.0025
COG2892	J	tRNA threonylcarbamoyladenosine modification (KEOPS) complex,  Pcc1 subunit	0.9337	0.9903	0.0714	5	5	1	5/5	0.8390	0.9903	0.8540	0.9935	0.9919
COG2893	G	Phosphotransferase system, mannose/fructose-specific component IIA	0.0019	0.0011	0.0014	0	5	0	0/5	0.0040	0.0008	0.0031	0.0006	0.0011
COG2894	D	Septum site-determining ATPase MinD	0.0016	0.0014	0.0012	0	5	0	0/5	0.0025	0.0003	0.0034	0.0014	0.0005
COG2895	P	Sulfate adenylyltransferase subunit 1, EFTu-like GTPase family	0.0066	0.0036	0.0054	0	5	0	0/5	0.0161	0.0032	0.0089	0.0036	0.0013
COG2896	H	GTP 3',8-cyclase (molybdenum cofactor biosynthesis protein MoaA)	0.9963	0.9995	0.0044	5	5	1	5/5	0.9918	0.9995	0.9902	1.0000	1.0000
COG2897	P	3-mercaptopyruvate sulfurtransferase SseA, contains two rhodanese domains	0.1868	0.0985	0.1943	1	5	0	1/5	0.0347	0.0460	0.0985	0.5582	0.1964
COG2898	I	Lysylphosphatidylglycerol synthetase MprF, lysyl-tRNA-binding C-terminal domain	0.0047	0.0023	0.0049	0	5	0	0/5	0.0023	0.0023	0.0022	0.0146	0.0023
COG2899	P	Uncharacterized TerC-related membrane protein, DUF475 domain	0.0168	0.0196	0.0071	0	5	0	0/5	0.0063	0.0196	0.0107	0.0220	0.0252
COG2900	S	Uncharacterized coiled-coil protein SlyX (sensitive to lysis X)	0.0019	0.0019	0.0004	0	5	0	0/5	0.0019	0.0014	0.0016	0.0020	0.0027
COG2901	K	DNA-binding protein Fis (factor for inversion stimulation)	0.0030	0.0032	0.0004	0	5	0	0/5	0.0032	0.0025	0.0035	0.0026	0.0034
COG2902	E	NAD-specific glutamate dehydrogenase	0.0016	0.0008	0.0017	0	5	0	0/5	0.0007	0.0005	0.0008	0.0049	0.0013
COG2905	T	Signal-transduction protein containing cAMP-binding, CBS, and nucleotidyltransferase domains	0.1327	0.0697	0.1348	0	5	0	0/5	0.0611	0.0534	0.0697	0.4017	0.0774
COG2906	P	Bacterioferritin-associated ferredoxin	0.0144	0.0075	0.0122	0	5	0	0/5	0.0075	0.0066	0.0056	0.0381	0.0142
COG2907	R	Predicted flavin-containing amine oxidase	0.0006	0.0007	0.0002	0	5	0	0/5	0.0009	0.0004	0.0007	0.0008	0.0004
COG2908	M	UDP-2,3-diacylglucosamine pyrophosphatase LpxH	0.0076	0.0068	0.0036	0	5	0	0/5	0.0049	0.0084	0.0068	0.0141	0.0038
COG2909	K	ATP-, maltotriose- and DNA-dependent transcriptional regulator MalT	0.0316	0.0068	0.0491	0	5	0	0/5	0.0055	0.0059	0.0068	0.1297	0.0102
COG2910	R	Putative NADH-flavin reductase	0.0014	0.0010	0.0008	0	5	0	0/5	0.0015	0.0007	0.0010	0.0029	0.0009
COG2911	U	Autotransporter translocation and assembly protein TamB	0.0068	0.0010	0.0077	0	5	0	0/5	0.0145	0.0004	0.0177	0.0010	0.0002
COG2912	T	Regulator of sirC expression, contains transglutaminase-like and TPR domains	0.0037	0.0017	0.0041	0	5	0	0/5	0.0022	0.0011	0.0017	0.0118	0.0015
COG2913	M	Outer membrane protein assembly factor BamE, lipoprotein component of the BamABCDE complex	0.0015	0.0013	0.0007	0	5	0	0/5	0.0013	0.0007	0.0013	0.0029	0.0012
COG2914	V	Putative antitoxin component PasI (RatB) of the RatAB toxin-antitoxin module, ubiquitin-RnfH superfamily	0.0031	0.0020	0.0030	0	5	0	0/5	0.0008	0.0020	0.0005	0.0086	0.0035
COG2915	XT	Regulator of phage lambda lysogenization HflD, binds to CII and stimulates its degradation	0.0051	0.0027	0.0054	0	5	0	0/5	0.0014	0.0027	0.0007	0.0155	0.0053
COG2916	K	DNA-binding protein H-NS	0.0016	0.0016	0.0004	0	5	0	0/5	0.0016	0.0011	0.0015	0.0024	0.0016
COG2917	D	Intracellular septation protein A	0.0013	0.0010	0.0007	0	5	0	0/5	0.0016	0.0006	0.0025	0.0010	0.0007
COG2918	H	Gamma-glutamylcysteine synthetase	0.0052	0.0047	0.0040	0	5	0	0/5	0.0047	0.0013	0.0052	0.0127	0.0021
COG2919	D	Cell division protein FtsB	0.0003	0.0001	0.0004	0	5	0	0/5	0.0008	0.0000	0.0008	0.0001	0.0000
COG2920	J	Sulfur transfer complex TusBCD TusE component, DsrC family (tRNA 2-thiouridine synthesizing protein C)	0.4023	0.4972	0.3474	2	5	0	2/5	0.0248	0.4972	0.0217	0.9427	0.5249
COG2921	T	Putative lipoate-binding regulatory protein, UPF0250 family	0.0022	0.0020	0.0006	0	5	0	0/5	0.0018	0.0020	0.0017	0.0033	0.0024
COG2922	S	Uncharacterized conserved protein Smg, DUF494 family	0.0070	0.0056	0.0058	0	5	0	0/5	0.0011	0.0056	0.0011	0.0162	0.0108
COG2923	J	Sulfur transfer complex TusBCD TusC component, DsrF family	0.5555	0.7347	0.3512	3	5	1	3/5	0.1684	0.7851	0.1077	0.9814	0.7347
COG2924	PO	Fe-S cluster biosynthesis and repair protein YggX	0.0036	0.0031	0.0022	0	5	0	0/5	0.0012	0.0031	0.0013	0.0065	0.0059
COG2925	L	Exonuclease I (degrades ssDNA)	0.0004	0.0003	0.0002	0	5	0	0/5	0.0006	0.0003	0.0006	0.0002	0.0003
COG2926	S	Uncharacterized conserved protein YeeX, DUF496 family	0.0014	0.0010	0.0015	0	5	0	0/5	0.0001	0.0010	0.0001	0.0041	0.0017
COG2927	L	DNA polymerase III, chi subunit	0.0038	0.0038	0.0012	0	5	0	0/5	0.0059	0.0021	0.0038	0.0039	0.0033
COG2928	S	Uncharacterized membrane protein	0.0937	0.0668	0.0775	0	5	0	0/5	0.0668	0.0157	0.0238	0.2204	0.1416
COG2929	S	Uncharacterized conserved protein, DUF497 family	0.0430	0.0265	0.0442	0	5	0	0/5	0.0185	0.0265	0.0118	0.1307	0.0276
COG2930	I	Lipid-binding SYLF domain, Ysc84/FYVE family	0.0073	0.0038	0.0060	0	5	0	0/5	0.0021	0.0038	0.0032	0.0182	0.0090
COG2931	Q	Ca2+-binding protein, RTX toxin-related	0.0407	0.0475	0.0256	0	5	0	0/5	0.0633	0.0127	0.0710	0.0475	0.0088
COG2932	X	Phage repressor protein C, contains Cro/C1-type HTH and peptisase s24 domains	0.0006	0.0003	0.0007	0	5	0	0/5	0.0020	0.0002	0.0004	0.0003	0.0002
COG2933	J	23S rRNA C2498 (ribose-2'-O)-methylase RlmM	0.0019	0.0018	0.0011	0	5	0	0/5	0.0020	0.0008	0.0039	0.0018	0.0009
COG2935	O	Arginyl-tRNA--protein-N-Asp/Glu arginylyltransferase	0.0023	0.0019	0.0010	0	5	0	0/5	0.0017	0.0020	0.0016	0.0043	0.0019
COG2936	R	Predicted acyl esterase	0.2563	0.1578	0.2166	1	5	0	1/5	0.0433	0.1578	0.1096	0.6480	0.3230
COG2937	I	Glycerol-3-phosphate O-acyltransferase	0.0006	0.0004	0.0002	0	5	0	0/5	0.0004	0.0004	0.0009	0.0007	0.0004
COG2938	O	Succinate dehydrogenase flavin-adding protein, antitoxin component of the CptAB toxin-antitoxin module	0.0017	0.0020	0.0006	0	5	0	0/5	0.0024	0.0008	0.0022	0.0020	0.0011
COG2939	E	Carboxypeptidase C (cathepsin A)	0.0116	0.0020	0.0188	0	5	0	0/5	0.0014	0.0020	0.0008	0.0490	0.0048
COG2940	R	SET domain-containing protein (function unknown)	0.0651	0.0505	0.0632	0	5	0	0/5	0.0114	0.0701	0.0108	0.1829	0.0505
COG2941	H	Demethoxyubiquinone hydroxylase, CLK1/Coq7/Cat5 family (ubiquinone biosynthesis)	0.0050	0.0047	0.0016	0	5	0	0/5	0.0054	0.0041	0.0079	0.0047	0.0031
COG2942	G	Mannose or cellobiose epimerase, N-acyl-D-glucosamine 2-epimerase family	0.0187	0.0096	0.0219	0	5	0	0/5	0.0108	0.0033	0.0096	0.0622	0.0074
COG2943	MG	Membrane glycosyltransferase	0.0071	0.0037	0.0062	0	5	0	0/5	0.0029	0.0037	0.0021	0.0189	0.0080
COG2944	K	DNA-binding transcriptional regulator YiaG, XRE-type HTH domain	0.0046	0.0036	0.0034	0	5	0	0/5	0.0045	0.0013	0.0036	0.0110	0.0024
COG2945	R	Alpha/beta superfamily hydrolase	0.2486	0.0829	0.2221	1	5	0	1/5	0.0829	0.0690	0.0662	0.5971	0.4278
COG2946	L	DNA relaxase NicK	0.0010	0.0007	0.0005	0	5	0	0/5	0.0007	0.0007	0.0005	0.0020	0.0013
COG2947	R	Predicted RNA-binding protein, contains EVE domain	0.0020	0.0023	0.0016	0	5	0	0/5	0.0023	0.0005	0.0047	0.0023	0.0002
COG2948	U	Type IV secretory pathway, VirB10 component	0.0008	0.0006	0.0003	0	5	0	0/5	0.0013	0.0004	0.0010	0.0006	0.0005
COG2949	M	Uncharacterized periplasmic protein SanA, affects membrane permeability for vancomycin	0.0022	0.0011	0.0023	0	5	0	0/5	0.0008	0.0009	0.0011	0.0067	0.0015
COG2951	M	Membrane-bound lytic murein transglycosylase B	0.0012	0.0008	0.0008	0	5	0	0/5	0.0011	0.0008	0.0028	0.0006	0.0007
COG2952	S	Uncharacterized conserved protein, DUF507 domain	0.0079	0.0053	0.0089	0	5	0	0/5	0.0007	0.0053	0.0007	0.0248	0.0082
COG2954	R	CYTH domain, found in class IV adenylate cyclase and various triphosphatases	0.0014	0.0008	0.0009	0	5	0	0/5	0.0024	0.0008	0.0026	0.0004	0.0006
COG2956	M	Lipopolysaccharide biosynthesis regulator YciM/LapB, contains six TPR domains and a C-terminal metal-binding domain	0.0011	0.0011	0.0002	0	5	0	0/5	0.0011	0.0014	0.0007	0.0013	0.0011
COG2957	E	Agmatine/peptidylarginine deiminase	0.0051	0.0026	0.0038	0	5	0	0/5	0.0112	0.0019	0.0078	0.0026	0.0020
COG2958	S	Uncharacterized conserved protein	0.0062	0.0049	0.0034	0	5	0	0/5	0.0044	0.0049	0.0028	0.0127	0.0062
COG2959	R	Proteobacterial HemX domain, involved in 2-ketogluconate production (unrelated to B. subtilis HemX, COG0755, no evidence of involvement in heme biosynthesis)	0.0014	0.0009	0.0008	0	5	0	0/5	0.0024	0.0009	0.0022	0.0004	0.0009
COG2960	H	Ubiquinone biosynthesis accessory factor UbiK	0.0013	0.0010	0.0005	0	5	0	0/5	0.0019	0.0008	0.0021	0.0010	0.0009
COG2961	J	23S rRNA A2030 N6-methylase RlmJ	0.0113	0.0127	0.0051	0	5	0	0/5	0.0165	0.0046	0.0166	0.0127	0.0059
COG2962	R	Membrane protein RarD, contains two EamA domains, drug/metabolite transporter family	0.0004	0.0003	0.0003	0	5	0	0/5	0.0003	0.0001	0.0004	0.0009	0.0003
COG2963	X	Transposase InsE and inactivated derivatives	0.0228	0.0117	0.0312	0	5	0	0/5	0.0123	0.0032	0.0117	0.0846	0.0024
COG2964	K	Predicted transcriptional regulator YheO, contains PAS and DNA-binding HTH domains	0.0039	0.0017	0.0038	0	5	0	0/5	0.0017	0.0012	0.0012	0.0111	0.0042
COG2965	L	Primosomal replication protein N	0.0055	0.0039	0.0052	0	5	0	0/5	0.0008	0.0039	0.0008	0.0149	0.0071
COG2966	S	Uncharacterized membrane protein YjjP, DUF1212 family	0.0019	0.0009	0.0023	0	5	0	0/5	0.0017	0.0002	0.0009	0.0063	0.0003
COG2967	P	Uncharacterized conserved protein ApaG affecting Mg2+/Co2+ transport	0.0008	0.0008	0.0002	0	5	0	0/5	0.0007	0.0005	0.0008	0.0012	0.0009
COG2968	S	Uncharacterized conserved protein YggE, contains kinase-interacting SIMPL domain	0.1533	0.1406	0.0488	0	5	0	0/5	0.1047	0.1406	0.1165	0.2424	0.1625
COG2969	O	Stringent starvation protein B, binds SsrA peptide	0.0013	0.0013	0.0003	0	5	0	0/5	0.0014	0.0009	0.0013	0.0019	0.0012
COG2971	G	BadF-type ATPase, related to human N-acetylglucosamine kinase	0.1440	0.0547	0.1886	1	5	0	1/5	0.0195	0.0547	0.0180	0.5149	0.1128
COG2972	T	Sensor histidine kinase YesM	0.0084	0.0057	0.0052	0	5	0	0/5	0.0115	0.0036	0.0057	0.0170	0.0040
COG2973	K	Trp operon repressor	0.0020	0.0012	0.0017	0	5	0	0/5	0.0007	0.0012	0.0007	0.0052	0.0024
COG2974	L	DNA recombination-dependent growth factor RdgC	0.0031	0.0015	0.0039	0	5	0	0/5	0.0004	0.0015	0.0005	0.0108	0.0023
COG2975	O	Fe-S-cluster formation regulator IscX/YfhJ	0.0030	0.0013	0.0033	0	5	0	0/5	0.0007	0.0013	0.0004	0.0092	0.0034
COG2976	T	Putative negative regulator of RcsB-dependent stress response, UPF0070 family	0.0041	0.0037	0.0016	0	5	0	0/5	0.0060	0.0037	0.0060	0.0024	0.0024
COG2977	Q	4'-phosphopantetheinyl transferase EntD (siderophore biosynthesis)	0.0024	0.0024	0.0004	0	5	0	0/5	0.0026	0.0016	0.0024	0.0029	0.0023
COG2978	H	p-Aminobenzoyl-glutamate transporter AbgT	0.0007	0.0003	0.0007	0	5	0	0/5	0.0003	0.0003	0.0004	0.0021	0.0002
COG2979	S	Uncharacterized membrane protein YebE, DUF533 family	0.0067	0.0035	0.0080	0	5	0	0/5	0.0013	0.0035	0.0010	0.0224	0.0055
COG2980	M	Outer membrane lipoprotein LptE/RlpB (LPS assembly)	0.0047	0.0038	0.0021	0	5	0	0/5	0.0030	0.0038	0.0025	0.0078	0.0066
COG2981	EP	Sulfate transporter CysZ	0.0048	0.0035	0.0035	0	5	0	0/5	0.0035	0.0025	0.0023	0.0118	0.0041
COG2982	M	Uncharacterized conserved protein AsmA involved in outer membrane biogenesis	0.0015	0.0002	0.0016	0	5	0	0/5	0.0030	0.0002	0.0039	0.0001	0.0001
COG2983	R	Uncharacterized cysteine cluster protein YcgN, CxxCxxCC family	0.0504	0.0227	0.0576	0	5	0	0/5	0.0223	0.0227	0.0129	0.1652	0.0290
COG2984	R	ABC-type uncharacterized transport system, periplasmic component	0.0068	0.0048	0.0060	0	5	0	0/5	0.0053	0.0031	0.0048	0.0185	0.0023
COG2985	R	Uncharacterized membrane protein YbjL, putative transporter	0.0029	0.0025	0.0015	0	5	0	0/5	0.0025	0.0012	0.0027	0.0058	0.0023
COG2986	E	Histidine ammonia-lyase	0.2365	0.1172	0.2345	1	5	0	1/5	0.0335	0.1172	0.0613	0.6657	0.3049
COG2987	E	Urocanate hydratase	0.3181	0.1330	0.2849	2	5	0	2/5	0.0350	0.1330	0.1275	0.7855	0.5094
COG2988	E	Succinylglutamate desuccinylase	0.0079	0.0012	0.0137	0	5	0	0/5	0.0005	0.0012	0.0008	0.0353	0.0016
COG2989	M	Murein L,D-transpeptidase YcbB/YkuD	0.0019	0.0012	0.0012	0	5	0	0/5	0.0012	0.0011	0.0011	0.0042	0.0017
COG2990	S	Outer membrane protein VirK/YbjX involved in antimicrobial peptide resistance, DUF535 family	0.0005	0.0005	0.0000	0	5	0	0/5	0.0005	0.0006	0.0005	0.0005	0.0006
COG2991	CO	Na+-NQR maturation protein NqrM	0.0005	0.0005	0.0001	0	5	0	0/5	0.0006	0.0005	0.0006	0.0005	0.0004
COG2992	R	Uncharacterized FlgJ-related protein	0.0037	0.0030	0.0036	0	5	0	0/5	0.0009	0.0030	0.0006	0.0106	0.0034
COG2993	C	Cbb3-type cytochrome oxidase, cytochrome c subunit FixO	0.0056	0.0018	0.0075	0	5	0	0/5	0.0024	0.0016	0.0016	0.0206	0.0018
COG2994	O	ACP:hemolysin acyltransferase (hemolysin-activating protein)	0.0005	0.0004	0.0003	0	5	0	0/5	0.0003	0.0004	0.0003	0.0011	0.0006
COG2995	M	Intermembrane transporter PqiABC subunit PqiA	0.0012	0.0007	0.0008	0	5	0	0/5	0.0007	0.0007	0.0007	0.0027	0.0014
COG2996	R	Predicted RNA-binding protein YitL, contains S1 domains, virulence factor B family	0.0004	0.0004	0.0001	0	5	0	0/5	0.0003	0.0004	0.0004	0.0005	0.0002
COG2998	P	ABC-type tungstate transport system, permease component TupA	0.6797	0.8375	0.3202	3	5	1	3/5	0.3230	0.8375	0.2649	0.9953	0.9779
COG2999	O	Glutaredoxin 2	0.0005	0.0005	0.0003	0	5	0	0/5	0.0002	0.0005	0.0002	0.0011	0.0007
COG3000	I	Sterol desaturase/sphingolipid hydroxylase, fatty acid hydroxylase superfamily	0.0030	0.0026	0.0014	0	5	0	0/5	0.0042	0.0012	0.0050	0.0026	0.0020
COG3001	G	Fructosamine-3-kinase	0.0033	0.0010	0.0048	0	5	0	0/5	0.0015	0.0006	0.0006	0.0128	0.0010
COG3002	C	Na+-translocating membrane potential-generating system subunit MpsB, UPF0753/DUF2309 family	0.0290	0.0035	0.0513	0	5	0	0/5	0.0028	0.0035	0.0014	0.1316	0.0058
COG3004	CP	Na+/H+ antiporter NhaA	0.0017	0.0019	0.0008	0	5	0	0/5	0.0024	0.0006	0.0026	0.0019	0.0010
COG3005	C	Tetraheme cytochrome c subunit NapC of nitrate or TMAO reductase	0.0394	0.0091	0.0635	0	5	0	0/5	0.0045	0.0091	0.0044	0.1663	0.0125
COG3006	D	Chromosome condensin MukBEF, kleisin-like MukF subunit	0.0021	0.0010	0.0024	0	5	0	0/5	0.0004	0.0010	0.0003	0.0068	0.0020
COG3007	I	Trans-2-enoyl-CoA reductase	0.0387	0.0301	0.0242	0	5	0	0/5	0.0312	0.0301	0.0181	0.0862	0.0280
COG3008	M	Intermembrane transporter PqiABC subunit PqiB	0.0035	0.0026	0.0034	0	5	0	0/5	0.0009	0.0026	0.0007	0.0100	0.0035
COG3009	M	Intermembrane transporter PqiABC lipoprotein subunit PqiC	0.0079	0.0026	0.0104	0	5	0	0/5	0.0014	0.0026	0.0011	0.0285	0.0057
COG3010	G	Putative N-acetylmannosamine-6-phosphate epimerase	0.0015	0.0018	0.0008	0	5	0	0/5	0.0018	0.0006	0.0022	0.0024	0.0007
COG3011	R	Predicted thiol-disulfide oxidoreductase YuxK, DCC family	0.0089	0.0016	0.0144	0	5	0	0/5	0.0015	0.0005	0.0016	0.0377	0.0031
COG3012	S	Uncharacterized conserved protein YchJ, contains N- and C-terminal SEC-C domains	0.0214	0.0160	0.0218	0	5	0	0/5	0.0254	0.0025	0.0160	0.0612	0.0018
COG3013	S	Uncharacterized conserved protein YfbU, UPF0304 family	0.0021	0.0008	0.0025	0	5	0	0/5	0.0006	0.0008	0.0003	0.0071	0.0016
COG3014	S	Uncharacterized conserved protein	0.0013	0.0009	0.0009	0	5	0	0/5	0.0009	0.0006	0.0010	0.0030	0.0008
COG3015	MV	Uncharacterized lipoprotein NlpE involved in copper resistance	0.0031	0.0025	0.0018	0	5	0	0/5	0.0020	0.0026	0.0018	0.0066	0.0025
COG3016	R	Putative heme-binding protein PhuW	0.0099	0.0031	0.0122	0	5	0	0/5	0.0017	0.0031	0.0019	0.0337	0.0089
COG3017	M	Outer membrane lipoprotein LolB, involved in outer membrane biogenesis	0.0035	0.0032	0.0025	0	5	0	0/5	0.0007	0.0032	0.0010	0.0074	0.0052
COG3018	N	Flagellar basal body lipoprotein FlgP, LPP20 family	0.0015	0.0017	0.0010	0	5	0	0/5	0.0003	0.0017	0.0004	0.0027	0.0023
COG3019	S	Uncharacterized metal-binding protein, DUF411 family	0.0782	0.0745	0.0663	0	5	0	0/5	0.0119	0.0745	0.0127	0.1912	0.1005
COG3021	R	Uncharacterized conserved protein YafD, endonuclease/exonuclease/phosphatase (EEP) superfamily	0.0016	0.0013	0.0010	0	5	0	0/5	0.0020	0.0006	0.0013	0.0034	0.0009
COG3022	L	DNA-binding protein YaaA associated with the oxidative stress response	0.0002	0.0001	0.0002	0	5	0	0/5	0.0005	0.0000	0.0004	0.0001	0.0001
COG3023	M	N-acetyl-anhydromuramyl-L-alanine amidase AmpD	0.0022	0.0014	0.0020	0	5	0	0/5	0.0052	0.0002	0.0039	0.0014	0.0002
COG3024	L	Endogenous inhibitor of DNA gyrase, YacG/DUF329 family	0.0086	0.0037	0.0103	0	5	0	0/5	0.0019	0.0037	0.0016	0.0289	0.0067
COG3025	P	Inorganic triphosphatase YgiF, contains CYTH and CHAD domains	0.0177	0.0054	0.0235	0	5	0	0/5	0.0036	0.0034	0.0054	0.0644	0.0116
COG3026	T	RseB, negative regulator of sigma E activity	0.0040	0.0028	0.0022	0	5	0	0/5	0.0021	0.0028	0.0023	0.0081	0.0046
COG3027	D	Cell division protein ZapA, inhibits GTPase activity of FtsZ	0.0003	0.0001	0.0003	0	5	0	0/5	0.0007	0.0001	0.0007	0.0001	0.0001
COG3028	J	Ribosomal 50S subunit-associated protein YjgA, DUF615 family	0.0040	0.0038	0.0007	0	5	0	0/5	0.0032	0.0038	0.0032	0.0048	0.0049
COG3029	C	Fumarate reductase subunit C	0.0036	0.0020	0.0030	0	5	0	0/5	0.0014	0.0020	0.0017	0.0093	0.0034
COG3030	R	FxsA protein affecting phage T7 exclusion by the F plasmid, UPF0716 family	0.0206	0.0196	0.0140	0	5	0	0/5	0.0332	0.0040	0.0196	0.0394	0.0066
COG3031	U	Type II secretory pathway, component PulC	0.0021	0.0019	0.0006	0	5	0	0/5	0.0016	0.0023	0.0016	0.0033	0.0019
COG3033	E	Tryptophanase	0.2140	0.0786	0.2841	1	5	0	1/5	0.0156	0.0786	0.0121	0.7660	0.1976
COG3034	M	Murein L,D-transpeptidase YafK	0.0016	0.0012	0.0007	0	5	0	0/5	0.0019	0.0008	0.0012	0.0027	0.0012
COG3036	J	Stalled ribosome alternative rescue factor ArfA	0.0009	0.0003	0.0013	0	5	0	0/5	0.0000	0.0003	0.0000	0.0035	0.0008
COG3037	G	Ascorbate-specific PTS system IIC component UlaA	0.0058	0.0039	0.0030	0	5	0	0/5	0.0039	0.0033	0.0034	0.0110	0.0075
COG3038	C	Cytochrome b561	0.0018	0.0016	0.0007	0	5	0	0/5	0.0016	0.0012	0.0016	0.0031	0.0014
COG3039	X	Transposase and inactivated derivatives, IS5 family	0.3143	0.2102	0.2699	1	5	0	1/5	0.0942	0.2102	0.0753	0.8070	0.3850
COG3040	M	Bacterial lipocalin Blc	0.0051	0.0042	0.0031	0	5	0	0/5	0.0044	0.0022	0.0042	0.0111	0.0038
COG3041	JV	mRNA-degrading endonuclease YafQ (mRNA interferase), toxin component of the YafQ-DinJ toxin-antitoxin module	0.0055	0.0052	0.0014	0	5	0	0/5	0.0073	0.0052	0.0044	0.0070	0.0036
COG3042	R	Putative hemolysin	0.0264	0.0191	0.0175	0	5	0	0/5	0.0164	0.0191	0.0118	0.0605	0.0244
COG3043	CP	Nitrate reductase cytochrome c-type subunit NapB	0.0043	0.0034	0.0033	0	5	0	0/5	0.0013	0.0034	0.0015	0.0104	0.0051
COG3044	R	Predicted ATPase of the ABC class	0.5214	0.6157	0.2691	3	5	1	3/5	0.2397	0.7158	0.1744	0.8616	0.6157
COG3045	T	Periplasmic catabolite regulation protein CreA (function unknown)	0.0063	0.0026	0.0077	0	5	0	0/5	0.0016	0.0026	0.0014	0.0216	0.0044
COG3046	R	Uncharacterized conserved protein related to deoxyribodipyrimidine photolyase	0.0145	0.0137	0.0057	0	5	0	0/5	0.0095	0.0232	0.0076	0.0137	0.0184
COG3047	M	Outer membrane protein OmpW	0.0016	0.0011	0.0009	0	5	0	0/5	0.0011	0.0009	0.0011	0.0033	0.0015
COG3048	E	D-serine dehydratase	0.0022	0.0009	0.0021	0	5	0	0/5	0.0009	0.0009	0.0008	0.0063	0.0022
COG3049	MR	Penicillin V acylase or related amidase, Ntn superfamily	0.0722	0.0337	0.0783	0	5	0	0/5	0.0337	0.0333	0.0179	0.2277	0.0484
COG3050	L	DNA polymerase III, psi subunit	0.0009	0.0010	0.0007	0	5	0	0/5	0.0001	0.0010	0.0001	0.0017	0.0014
COG3051	C	Citrate lyase, alpha subunit	0.0042	0.0033	0.0023	0	5	0	0/5	0.0033	0.0028	0.0026	0.0088	0.0034
COG3052	C	Acyl-carrier protein (citrate lyase gamma subunit)	0.0048	0.0054	0.0027	0	5	0	0/5	0.0089	0.0022	0.0054	0.0059	0.0014
COG3053	C	Citrate lyase synthetase CitC	0.0021	0.0019	0.0008	0	5	0	0/5	0.0021	0.0019	0.0016	0.0036	0.0011
COG3054	R	Predicted transcriptional regulator YtfJ	0.0067	0.0032	0.0077	0	5	0	0/5	0.0007	0.0032	0.0008	0.0212	0.0076
COG3055	M	N-acetylneuraminic acid mutarotase	0.0894	0.0623	0.0644	0	5	0	0/5	0.0373	0.0840	0.0490	0.2145	0.0623
COG3056	S	Uncharacterized lipoprotein YajG	0.0066	0.0033	0.0066	0	5	0	0/5	0.0019	0.0033	0.0020	0.0195	0.0062
COG3057	L	Negative regulator of replication initiation SeqA	0.0100	0.0052	0.0107	0	5	0	0/5	0.0027	0.0052	0.0024	0.0309	0.0087
COG3058	CO	Formate dehydrogenase maturation protein FdhE	0.2312	0.2140	0.2106	1	5	0	1/5	0.0220	0.2140	0.0209	0.5878	0.3113
COG3059	V	Reactive chlorine resistance protein RclC/YkgB, DUF417 family	0.0023	0.0005	0.0035	0	5	0	0/5	0.0003	0.0005	0.0003	0.0093	0.0010
COG3060	KE	Transcriptional regulator MetJ (met regulon)	0.0011	0.0006	0.0012	0	5	0	0/5	0.0002	0.0006	0.0001	0.0034	0.0013
COG3061	D	Cell division protein YtfB/OapA (opacity-associated protein A)	0.0054	0.0015	0.0076	0	5	0	0/5	0.0000	0.0015	0.0000	0.0200	0.0055
COG3062	O	Cytoplasmic chaperone NapD for the signal peptide of periplasmic nitrate reductase NapAB	0.0072	0.0067	0.0016	0	5	0	0/5	0.0058	0.0081	0.0054	0.0099	0.0067
COG3063	NW	Type IV pilus assembly protein PilF/PilW	0.0090	0.0040	0.0100	0	5	0	0/5	0.0061	0.0040	0.0029	0.0288	0.0032
COG3064	M	Membrane protein TolA involved in colicin uptake	0.0024	0.0032	0.0015	0	5	0	0/5	0.0042	0.0005	0.0035	0.0032	0.0007
COG3065	M	Starvation-inducible outer membrane lipoprotein Slp	0.0140	0.0136	0.0100	0	5	0	0/5	0.0042	0.0136	0.0031	0.0303	0.0187
COG3066	L	DNA mismatch repair protein MutH	0.0034	0.0017	0.0023	0	5	0	0/5	0.0073	0.0016	0.0048	0.0017	0.0017
COG3067	CP	Na+/H+ antiporter NhaB	0.0015	0.0014	0.0005	0	5	0	0/5	0.0009	0.0014	0.0010	0.0024	0.0017
COG3068	S	Uncharacterized conserved protein YjaG, DUF416 family	0.0022	0.0011	0.0027	0	5	0	0/5	0.0006	0.0011	0.0004	0.0075	0.0016
COG3069	C	C4-dicarboxylate transporter DcuC	0.0045	0.0016	0.0059	0	5	0	0/5	0.0018	0.0015	0.0014	0.0162	0.0016
COG3070	K	Transcriptional regulator of competence genes, TfoX/Sxy family	0.0049	0.0040	0.0033	0	5	0	0/5	0.0074	0.0006	0.0040	0.0098	0.0025
COG3071	S	Uncharacterized protein HemY, contains HemY_N domain and TPR repeats (unrelated to protoporphyrinogen oxidase HemY)	0.0026	0.0023	0.0005	0	5	0	0/5	0.0022	0.0023	0.0035	0.0029	0.0022
COG3072	T	Adenylate cyclase, class I	0.0020	0.0019	0.0002	0	5	0	0/5	0.0019	0.0018	0.0017	0.0024	0.0021
COG3073	T	RseA, negative regulator of sigma E activity	0.0064	0.0045	0.0054	0	5	0	0/5	0.0017	0.0045	0.0014	0.0158	0.0086
COG3074	D	Cell division protein ZapB, interacts with FtsZ	0.0078	0.0052	0.0050	0	5	0	0/5	0.0037	0.0052	0.0038	0.0169	0.0094
COG3075	E	Anaerobic glycerol-3-phosphate dehydrogenase	0.2714	0.1883	0.2753	1	5	0	1/5	0.0434	0.1883	0.0261	0.7787	0.3205
COG3076	J	Regulator of RNase E activity RraB	0.0006	0.0004	0.0004	0	5	0	0/5	0.0004	0.0003	0.0003	0.0013	0.0005
COG3077	V	Antitoxin component of the RelBE or YafQ-DinJ toxin-antitoxin module	0.0010	0.0003	0.0010	0	5	0	0/5	0.0023	0.0003	0.0022	0.0001	0.0001
COG3078	J	Ribosome assembly protein YihI, activator of Der GTPase	0.0026	0.0024	0.0020	0	5	0	0/5	0.0007	0.0024	0.0006	0.0062	0.0029
COG3079	S	Uncharacterized conserved protein YgfB, UPF0149 family	0.0043	0.0021	0.0041	0	5	0	0/5	0.0013	0.0021	0.0015	0.0121	0.0047
COG3080	C	Fumarate reductase subunit D	0.0028	0.0015	0.0026	0	5	0	0/5	0.0009	0.0015	0.0010	0.0079	0.0029
COG3081	L	dsDNA-binding nucleoid-associated protein YejK/NdpA	0.0026	0.0017	0.0014	0	5	0	0/5	0.0050	0.0014	0.0035	0.0014	0.0017
COG3082	S	Uncharacterized conserved protein YejL, UPF0352 family	0.0015	0.0003	0.0022	0	5	0	0/5	0.0000	0.0003	0.0000	0.0058	0.0012
COG3083	MT	Periplasmic protein PbgA/YejM, regulator of the LPS biosynthesis, AlkP superfamily	0.0014	0.0012	0.0006	0	5	0	0/5	0.0012	0.0009	0.0009	0.0026	0.0012
COG3084	S	Uncharacterized conserved protein YihD, DUF1040 family	0.0011	0.0004	0.0014	0	5	0	0/5	0.0000	0.0004	0.0000	0.0038	0.0011
COG3085	S	Uncharacterized conserved protein YifE, UPF0438 family	0.0014	0.0014	0.0011	0	5	0	0/5	0.0003	0.0014	0.0003	0.0034	0.0015
COG3086	T	RseC, positive regulator of sigma E activity	0.0045	0.0048	0.0014	0	5	0	0/5	0.0054	0.0064	0.0048	0.0036	0.0025
COG3087	D	Cell division protein FtsN	0.0011	0.0005	0.0009	0	5	0	0/5	0.0024	0.0003	0.0021	0.0005	0.0003
COG3088	CO	Cytochrome c-type biogenesis protein CcmH/NrfF	0.0023	0.0008	0.0027	0	5	0	0/5	0.0015	0.0008	0.0008	0.0076	0.0008
COG3089	S	Uncharacterized conserved protein YheU, UPF0270 family	0.0019	0.0015	0.0013	0	5	0	0/5	0.0007	0.0015	0.0009	0.0044	0.0018
COG3090	G	TRAP-type C4-dicarboxylate transport system, small permease component YiaM	0.0066	0.0037	0.0067	0	5	0	0/5	0.0034	0.0018	0.0042	0.0198	0.0037
COG3091	R	Predicted Zn-dependent metalloprotease, SprT family	0.0011	0.0013	0.0005	0	5	0	0/5	0.0013	0.0017	0.0016	0.0008	0.0003
COG3092	S	Uncharacterized membrane protein YfbV, UPF0208 family	0.0017	0.0008	0.0020	0	5	0	0/5	0.0000	0.0008	0.0000	0.0053	0.0022
COG3093	V	Plasmid maintenance system antidote protein VapI, contains XRE-type HTH domain	0.0035	0.0025	0.0025	0	5	0	0/5	0.0047	0.0011	0.0025	0.0077	0.0013
COG3094	S	Uncharacterized membrane protein SirB2	0.0069	0.0029	0.0083	0	5	0	0/5	0.0006	0.0029	0.0004	0.0227	0.0077
COG3095	D	Chromosome condensin MukBEF, MukE localization factor	0.0025	0.0013	0.0029	0	5	0	0/5	0.0005	0.0013	0.0004	0.0081	0.0024
COG3096	D	Chromosome condensin MukBEF, ATPase and DNA-binding subunit MukB	0.0015	0.0007	0.0016	0	5	0	0/5	0.0005	0.0007	0.0004	0.0047	0.0012
COG3097	S	Uncharacterized conserved protein YqfB, UPF0267 family	0.0008	0.0006	0.0008	0	5	0	0/5	0.0001	0.0006	0.0001	0.0023	0.0010
COG3098	S	Uncharacterized conserved protein YqcC, DUF446 family	0.0027	0.0018	0.0023	0	5	0	0/5	0.0011	0.0018	0.0010	0.0072	0.0023
COG3099	S	Uncharacterized conserved protein YciU, UPF0263 family	0.0029	0.0007	0.0042	0	5	0	0/5	0.0000	0.0007	0.0000	0.0111	0.0027
COG3100	S	Uncharacterized conserved protein YcgL, UPF0745 family	0.0060	0.0032	0.0063	0	5	0	0/5	0.0008	0.0032	0.0005	0.0175	0.0078
COG3101	J	Elongation factor P hydroxylase EpmC (EF-P beta-lysylation pathway)	0.0011	0.0005	0.0012	0	5	0	0/5	0.0002	0.0005	0.0002	0.0034	0.0010
COG3102	R	Uncharacterized conserved protein YecM, predicted metalloenzyme	0.0010	0.0010	0.0006	0	5	0	0/5	0.0003	0.0010	0.0003	0.0020	0.0012
COG3103	R	Uncharacterized conserved protein YgiM, contains N-terminal SH3 domain, DUF1202 family	0.0167	0.0173	0.0095	0	5	0	0/5	0.0253	0.0049	0.0287	0.0173	0.0072
COG3104	E	Dipeptide/tripeptide permease	0.0010	0.0007	0.0008	0	5	0	0/5	0.0021	0.0002	0.0019	0.0007	0.0001
COG3105	S	Uncharacterized membrane-anchored protein YhcB, DUF1043 family	0.0046	0.0031	0.0036	0	5	0	0/5	0.0026	0.0031	0.0018	0.0116	0.0041
COG3106	T	Ras-like GTP-binding stress-induced protein YcjX,  DUF463 family	0.0064	0.0040	0.0052	0	5	0	0/5	0.0045	0.0033	0.0036	0.0167	0.0040
COG3107	M	Outer membrane lipoprotein LpoA, binds and activates PBP1a	0.0010	0.0007	0.0006	0	5	0	0/5	0.0016	0.0007	0.0019	0.0004	0.0005
COG3108	S	Uncharacterized conserved protein YcbK, DUF882 family	0.0025	0.0016	0.0017	0	5	0	0/5	0.0040	0.0008	0.0049	0.0016	0.0011
COG3109	T	sRNA-binding protein ProQ	0.0012	0.0010	0.0004	0	5	0	0/5	0.0011	0.0009	0.0010	0.0021	0.0010
COG3110	S	Uncharacterized conserved protein YccT, UPF0319 family	0.0036	0.0027	0.0037	0	5	0	0/5	0.0002	0.0027	0.0002	0.0102	0.0047
COG3111	S	Predicted periplasmic protein YdeI with OB-fold, BOF family	0.0023	0.0016	0.0016	0	5	0	0/5	0.0013	0.0016	0.0010	0.0053	0.0024
COG3112	S	Uncharacterized conserved protein YacL, UPF0231 family	0.0017	0.0006	0.0020	0	5	0	0/5	0.0001	0.0006	0.0000	0.0054	0.0022
COG3113	M	Binding protein subunit MlaB of the ABC-type intermembrane phospholipid transporter Mla, contains STAS domain	0.0064	0.0040	0.0045	0	5	0	0/5	0.0040	0.0037	0.0027	0.0150	0.0066
COG3114	U	Heme exporter protein D	0.0074	0.0063	0.0061	0	5	0	0/5	0.0027	0.0063	0.0024	0.0191	0.0066
COG3115	D	Cell division protein ZipA, interacts with FtsZ	0.0033	0.0028	0.0019	0	5	0	0/5	0.0028	0.0017	0.0020	0.0069	0.0033
COG3116	D	Cell division protein FtsL, interacts with FtsB and FtsQ	0.0032	0.0024	0.0014	0	5	0	0/5	0.0021	0.0024	0.0023	0.0059	0.0034
COG3117	M	Lipopolysaccharide export system protein LptC	0.0027	0.0028	0.0004	0	5	0	0/5	0.0034	0.0029	0.0025	0.0021	0.0028
COG3118	O	Chaperedoxin CnoX, contains thioredoxin-like and TPR-like domains, YbbN/TrxSC family	0.0278	0.0003	0.0363	0	5	0	0/5	0.0482	0.0003	0.0901	0.0001	0.0002
COG3119	P	Arylsulfatase A or related enzyme, AlkP superfamily	0.2540	0.1864	0.1651	1	5	0	1/5	0.2107	0.1157	0.1864	0.5782	0.1789
COG3120	L	Macrodomain Ter protein organizer, MatP/YcbG family	0.0029	0.0018	0.0033	0	5	0	0/5	0.0001	0.0018	0.0001	0.0089	0.0038
COG3121	W	P pilus assembly protein, chaperone PapD	0.0016	0.0016	0.0004	0	5	0	0/5	0.0016	0.0009	0.0016	0.0023	0.0015
COG3122	S	Uncharacterized conserved protein YaiL, DUF2058 family	0.0051	0.0035	0.0036	0	5	0	0/5	0.0027	0.0035	0.0019	0.0119	0.0053
COG3123	F	Pyrimidine/purine nucleoside phosphorylase YaiE/PpnP, UPF0345/DUF1255 family	0.0040	0.0042	0.0012	0	5	0	0/5	0.0028	0.0042	0.0024	0.0051	0.0053
COG3124	I	Acyl carrier protein phosphodiesterase	0.0068	0.0053	0.0053	0	5	0	0/5	0.0053	0.0036	0.0023	0.0172	0.0055
COG3125	C	Heme/copper-type cytochrome/quinol oxidase, subunit 4	0.0007	0.0006	0.0002	0	5	0	0/5	0.0008	0.0004	0.0010	0.0005	0.0006
COG3126	S	Uncharacterized lipoprotein YbaY	0.0037	0.0022	0.0026	0	5	0	0/5	0.0021	0.0022	0.0018	0.0087	0.0037
COG3127	Q	Predicted ABC-type transport system involved in lysophospholipase L1 biosynthesis, permease component	0.0130	0.0076	0.0110	0	5	0	0/5	0.0178	0.0016	0.0057	0.0321	0.0076
COG3128	R	Predicted 2-oxoglutarate- and Fe(II)-dependent dioxygenase YbiX	0.0021	0.0017	0.0010	0	5	0	0/5	0.0016	0.0017	0.0009	0.0037	0.0026
COG3129	J	23S rRNA A1618 N6-methylase RlmF	0.0016	0.0013	0.0012	0	5	0	0/5	0.0005	0.0013	0.0007	0.0038	0.0019
COG3130	J	Ribosome modulation factor	0.0013	0.0007	0.0016	0	5	0	0/5	0.0001	0.0007	0.0001	0.0045	0.0012
COG3131	M	Periplasmic glucan biosynthesis protein OpgG	0.0075	0.0033	0.0085	0	5	0	0/5	0.0017	0.0033	0.0013	0.0240	0.0073
COG3132	S	Uncharacterized conserved protein YceH, UPF0502 family	0.0038	0.0032	0.0027	0	5	0	0/5	0.0016	0.0032	0.0014	0.0088	0.0039
COG3133	M	Outer membrane lipoprotein SlyB	0.0028	0.0027	0.0003	0	5	0	0/5	0.0026	0.0028	0.0035	0.0026	0.0027
COG3134	S	Uncharacterized conserved protein YcfJ, contains glycine zipper 2TM domain	0.0031	0.0028	0.0011	0	5	0	0/5	0.0022	0.0037	0.0019	0.0049	0.0028
COG3135	Q	Predicted benzoate:H+ symporter BenE	0.0079	0.0019	0.0107	0	5	0	0/5	0.0019	0.0015	0.0010	0.0290	0.0059
COG3136	S	Dual-topology membrane protein YdgC, GlpM family	0.0477	0.0148	0.0631	0	5	0	0/5	0.0053	0.0443	0.0036	0.1705	0.0148
COG3137	M	Putative salt-induced outer membrane protein YdiY	0.0023	0.0016	0.0012	0	5	0	0/5	0.0031	0.0012	0.0016	0.0042	0.0012
COG3138	E	Arginine/ornithine N-succinyltransferase beta subunit	0.0005	0.0004	0.0002	0	5	0	0/5	0.0004	0.0003	0.0003	0.0008	0.0005
COG3139	S	Uncharacterized conserved protein YeaC, DUF1315 family	0.0032	0.0013	0.0041	0	5	0	0/5	0.0001	0.0013	0.0001	0.0109	0.0035
COG3140	S	Uncharacterized conserved protein YoaH, UPF0181 family	0.0027	0.0012	0.0034	0	5	0	0/5	0.0000	0.0012	0.0000	0.0091	0.0033
COG3141	L	dsDNA-binding SOS-regulon protein YebG, induction by DNA damage requires cAMP	0.0025	0.0012	0.0027	0	5	0	0/5	0.0005	0.0012	0.0004	0.0076	0.0026
COG3142	P	Copper homeostasis protein CutC	0.0003	0.0001	0.0003	0	5	0	0/5	0.0006	0.0001	0.0009	0.0000	0.0001
COG3143	NT	Phosphoaspartate phosphatase CheZ, dephosphorylates CheY~P	0.0055	0.0031	0.0039	0	5	0	0/5	0.0023	0.0031	0.0027	0.0125	0.0070
COG3144	N	Flagellar hook-length control protein FliK	0.0009	0.0006	0.0006	0	5	0	0/5	0.0016	0.0006	0.0018	0.0003	0.0004
COG3145	L	Alkylated DNA repair dioxygenase AlkB	0.0010	0.0012	0.0004	0	5	0	0/5	0.0013	0.0004	0.0013	0.0012	0.0008
COG3146	R	Predicted N-acyltransferase	0.0073	0.0061	0.0048	0	5	0	0/5	0.0063	0.0038	0.0061	0.0167	0.0037
COG3147	D	Cell division protein DedD (periplasmic protein involved in septation)	0.0014	0.0014	0.0004	0	5	0	0/5	0.0015	0.0009	0.0014	0.0022	0.0012
COG3148	J	tRNA U47 aminocarboxypropyltransferaseTapT/TuaA/ YfiP, DTW domain	0.0030	0.0017	0.0031	0	5	0	0/5	0.0009	0.0017	0.0015	0.0091	0.0019
COG3149	U	Type II secretory pathway, component PulM	0.0038	0.0036	0.0022	0	5	0	0/5	0.0018	0.0036	0.0017	0.0077	0.0042
COG3150	R	Predicted esterase YcpF, UPF0227 family	0.0014	0.0013	0.0004	0	5	0	0/5	0.0018	0.0013	0.0020	0.0012	0.0009
COG3151	S	Uncharacterized conserved protein YqiB, DUF1249 family	0.0147	0.0094	0.0149	0	5	0	0/5	0.0060	0.0104	0.0036	0.0441	0.0094
COG3152	S	Uncharacterized membrane protein YhaH, DUF805 family	0.0003	0.0000	0.0003	0	5	0	0/5	0.0008	0.0000	0.0005	0.0000	0.0000
COG3153	R	Predicted N-acetyltransferase YhbS	0.0573	0.0332	0.0511	0	5	0	0/5	0.0319	0.0480	0.0160	0.1576	0.0332
COG3154	H	Ubiquinone biosynthesis accessory factor UbiT, lipid carrier SCP2 domain	0.0186	0.0061	0.0234	0	5	0	0/5	0.0050	0.0061	0.0050	0.0652	0.0117
COG3155	V	Glyoxalase ElbB, DJ-1 superfamily	0.0049	0.0025	0.0050	0	5	0	0/5	0.0014	0.0025	0.0013	0.0147	0.0044
COG3156	U	Type II secretory pathway, component PulK	0.0012	0.0013	0.0005	0	5	0	0/5	0.0020	0.0007	0.0013	0.0013	0.0006
COG3157	U	Type VI protein secretion system component Hcp (secreted cytotoxin)	0.0067	0.0063	0.0035	0	5	0	0/5	0.0079	0.0021	0.0063	0.0126	0.0045
COG3158	P	K+ uptake protein Kup	0.0227	0.0114	0.0197	0	5	0	0/5	0.0055	0.0522	0.0041	0.0401	0.0114
COG3159	S	Uncharacterized conserved protein YigA, DUF484 family	0.0033	0.0028	0.0012	0	5	0	0/5	0.0051	0.0019	0.0042	0.0028	0.0023
COG3160	K	Regulator of sigma D	0.0041	0.0023	0.0044	0	5	0	0/5	0.0004	0.0023	0.0007	0.0123	0.0047
COG3161	H	4-hydroxybenzoate synthetase (chorismate-pyruvate lyase)	0.3932	0.3503	0.2023	2	5	0	2/5	0.2198	0.5896	0.1444	0.6620	0.3503
COG3162	S	Uncharacterized membrane protein, DUF485 family	0.0067	0.0020	0.0102	0	5	0	0/5	0.0007	0.0020	0.0008	0.0271	0.0030
COG3164	S	Uncharacterized conserved protein YhdP, contains DUF3971 and AsmA2 domains	0.0031	0.0033	0.0004	0	5	0	0/5	0.0036	0.0028	0.0033	0.0026	0.0033
COG3165	H	Ubiquinone biosynthesis protein UbiJ, contains SCP2 domain	0.0061	0.0037	0.0066	0	5	0	0/5	0.0007	0.0037	0.0006	0.0183	0.0074
COG3166	NW	Type IV pilus assembly protein PilN	0.0020	0.0020	0.0008	0	5	0	0/5	0.0020	0.0009	0.0027	0.0030	0.0012
COG3167	NW	Type IV pilus assembly protein PilO	0.0126	0.0075	0.0113	0	5	0	0/5	0.0075	0.0064	0.0051	0.0351	0.0091
COG3168	NW	Type IV pilus assembly protein PilP	0.0070	0.0074	0.0053	0	5	0	0/5	0.0019	0.0075	0.0017	0.0164	0.0074
COG3169	S	Uncharacterized membrane protein, DMT/DUF486 family	0.0011	0.0009	0.0006	0	5	0	0/5	0.0006	0.0009	0.0006	0.0022	0.0010
COG3170	NW	Type IV pilus assembly protein FimV	0.0031	0.0037	0.0023	0	5	0	0/5	0.0037	0.0003	0.0056	0.0053	0.0004
COG3171	S	Uncharacterized conserved protein YggL, DUF469 family	0.0059	0.0028	0.0067	0	5	0	0/5	0.0018	0.0028	0.0011	0.0191	0.0049
COG3172	H	Nicotinamide riboside kinase	0.0017	0.0015	0.0008	0	5	0	0/5	0.0027	0.0012	0.0023	0.0015	0.0006
COG3173	R	Predicted  kinase, aminoglycoside phosphotransferase (APT) family	0.0957	0.0251	0.1218	0	5	0	0/5	0.0148	0.0251	0.0102	0.3309	0.0974
COG3174	P	Membrane component of predicted Mg2+ transport system, contains DUF4010 domain	0.6496	0.7887	0.2965	3	5	1	3/5	0.2524	0.8814	0.3401	0.9856	0.7887
COG3175	CO	Cytochrome c oxidase assembly protein Cox11	0.0024	0.0024	0.0010	0	5	0	0/5	0.0037	0.0013	0.0033	0.0024	0.0014
COG3176	R	Putative hemolysin	0.0026	0.0017	0.0018	0	5	0	0/5	0.0017	0.0013	0.0023	0.0061	0.0016
COG3177	K	Fic family protein	0.2102	0.1569	0.1077	0	5	0	0/5	0.1569	0.3491	0.0709	0.3236	0.1503
COG3178	R	Predicted phosphotransferase, aminoglycoside/choline kinase (APH/ChoK) family	0.0034	0.0031	0.0016	0	5	0	0/5	0.0028	0.0014	0.0031	0.0064	0.0035
COG3179	G	Chitinase, GH19 family	0.0015	0.0010	0.0012	0	5	0	0/5	0.0010	0.0008	0.0010	0.0039	0.0009
COG3180	R	Uncharacterized membrane protein AbrB, regulator of aidB expression	0.0030	0.0019	0.0026	0	5	0	0/5	0.0014	0.0013	0.0019	0.0081	0.0022
COG3181	C	Tripartite-type tricarboxylate transporter, extracytoplasmic receptor component TctC	0.0100	0.0054	0.0079	0	5	0	0/5	0.0054	0.0110	0.0054	0.0248	0.0032
COG3182	S	PepSY-associated TM region	0.0015	0.0010	0.0012	0	5	0	0/5	0.0016	0.0003	0.0010	0.0037	0.0007
COG3183	V	Predicted restriction endonuclease, HNH family	0.1740	0.0940	0.2318	1	5	0	1/5	0.0260	0.1078	0.0109	0.6315	0.0940
COG3184	S	Uncharacterized conserved protein, contains DUF2059 domain	0.0018	0.0016	0.0010	0	5	0	0/5	0.0019	0.0006	0.0012	0.0036	0.0016
COG3185	ER	4-hydroxyphenylpyruvate dioxygenase and related hemolysins	0.0434	0.0157	0.0527	0	5	0	0/5	0.0125	0.0157	0.0133	0.1484	0.0273
COG3186	E	Phenylalanine-4-hydroxylase	0.0003	0.0002	0.0002	0	5	0	0/5	0.0002	0.0002	0.0002	0.0008	0.0002
COG3187	O	Heat shock protein HslJ	0.0497	0.0078	0.0756	0	5	0	0/5	0.0078	0.0069	0.0041	0.1998	0.0298
COG3188	NW	Outer membrane usher protein FimD/PapC	0.0006	0.0007	0.0002	0	5	0	0/5	0.0009	0.0004	0.0007	0.0007	0.0004
COG3189	S	Uncharacterized conserved protein YeaO, DUF488 family	0.3822	0.3472	0.3214	1	5	0	1/5	0.1155	0.4772	0.0306	0.9404	0.3472
COG3190	N	Flagellar biogenesis protein FliO	0.0021	0.0022	0.0007	0	5	0	0/5	0.0026	0.0014	0.0032	0.0022	0.0012
COG3191	E	L-aminopeptidase/D-esterase	0.2712	0.1005	0.2895	1	5	0	1/5	0.0530	0.1005	0.0236	0.7876	0.3912
COG3192	E	Ethanolamine transporter EutH, required for ethanolamine utilization at low pH	0.0010	0.0008	0.0005	0	5	0	0/5	0.0008	0.0006	0.0011	0.0019	0.0008
COG3193	T	Heme-binding protein HbpS, GlcG/HbpS family	0.0948	0.0516	0.1126	0	5	0	0/5	0.0142	0.0516	0.0093	0.3130	0.0859
COG3194	F	Ureidoglycolate hydrolase (allantoin degradation)	0.0073	0.0025	0.0090	0	5	0	0/5	0.0025	0.0020	0.0020	0.0252	0.0047
COG3195	F	2-oxo-4-hydroxy-4-carboxy--5-ureidoimidazoline (OHCU) decarboxylase (uric acid degradation)	0.0005	0.0004	0.0001	0	5	0	0/5	0.0004	0.0004	0.0004	0.0007	0.0005
COG3196	R	Colicin E2 tolerance protein CbrC, UPF0167 family	0.0015	0.0008	0.0015	0	5	0	0/5	0.0008	0.0007	0.0005	0.0046	0.0011
COG3197	O	Cytochrome oxidase maturation protein, CcoS/FixS family	0.0021	0.0013	0.0021	0	5	0	0/5	0.0013	0.0009	0.0007	0.0062	0.0016
COG3198	S	Uncharacterized conserved protein	0.0066	0.0042	0.0073	0	5	0	0/5	0.0015	0.0042	0.0016	0.0209	0.0047
COG3199	F	NAD kinase	0.9593	0.9551	0.0258	5	5	1	5/5	0.9401	0.9551	0.9241	0.9872	0.9899
COG3200	E	3-deoxy-D-arabino-heptulosonate 7-phosphate (DAHP) synthase, class II	0.0015	0.0013	0.0003	0	5	0	0/5	0.0012	0.0013	0.0015	0.0020	0.0013
COG3201	H	Nicotinamide riboside transporter PnuC	0.0004	0.0001	0.0004	0	5	0	0/5	0.0009	0.0001	0.0008	0.0000	0.0000
COG3202	C	ATP/ADP translocase	0.0009	0.0005	0.0010	0	5	0	0/5	0.0002	0.0005	0.0002	0.0028	0.0010
COG3203	M	Outer membrane porin OmpC/OmpF/PhoE	0.0046	0.0051	0.0021	0	5	0	0/5	0.0079	0.0022	0.0053	0.0051	0.0026
COG3204	R	Uncharacterized Ca-binding beta-propeller protein YjiK	0.0053	0.0035	0.0036	0	5	0	0/5	0.0035	0.0033	0.0038	0.0125	0.0035
COG3205	S	Uncharacterized membrane protein, DUF2061 family	0.0732	0.0851	0.0422	0	5	0	0/5	0.0275	0.0859	0.0277	0.1398	0.0851
COG3206	M	Exopolysaccharide export protein/domain GumC/Wzc1	0.0113	0.0134	0.0063	0	5	0	0/5	0.0190	0.0040	0.0162	0.0134	0.0039
COG3207	Q	Pyoverdine/dityrosine biosynthesis protein Dit1	0.0014	0.0013	0.0008	0	5	0	0/5	0.0006	0.0013	0.0007	0.0028	0.0014
COG3208	Q	Surfactin synthase thioesterase subunit	0.0066	0.0013	0.0100	0	5	0	0/5	0.0010	0.0013	0.0005	0.0265	0.0039
COG3209	R	Uncharacterized conserved protein RhaS, contains 28 RHS repeats	0.0329	0.0359	0.0260	0	5	0	0/5	0.0751	0.0074	0.0423	0.0359	0.0038
COG3210	U	Large exoprotein involved in heme utilization or adhesion	0.0249	0.0062	0.0260	0	5	0	0/5	0.0658	0.0045	0.0455	0.0062	0.0023
COG3211	R	Secreted phosphatase, PhoX family	0.0060	0.0020	0.0087	0	5	0	0/5	0.0020	0.0010	0.0023	0.0234	0.0012
COG3212	O	PepSY domain containing protein, regulator of zincin peptidase activity	0.0847	0.0264	0.0803	0	5	0	0/5	0.0224	0.1303	0.0264	0.2224	0.0222
COG3213	T	Nitric oxide response protein NnrS	0.0090	0.0014	0.0151	0	5	0	0/5	0.0006	0.0014	0.0007	0.0392	0.0033
COG3214	L	DNA glycosylase YcaQ, repair of DNA interstrand crosslinks	0.0240	0.0087	0.0325	0	5	0	0/5	0.0087	0.0038	0.0104	0.0888	0.0084
COG3215	NW	Type IV pilus assembly protein PilZ	0.0060	0.0039	0.0044	0	5	0	0/5	0.0024	0.0039	0.0023	0.0141	0.0074
COG3216	S	Uncharacterized conserved protein, DUF2062 family	0.0061	0.0027	0.0045	0	5	0	0/5	0.0027	0.0100	0.0024	0.0129	0.0023
COG3217	FV	N-hydroxylaminopurine reductase subunit YcbX, contains MOSC domain	0.0707	0.0315	0.0809	0	5	0	0/5	0.0063	0.0315	0.0098	0.2228	0.0833
COG3218	R	ABC-type uncharacterized transport system, auxiliary component	0.0186	0.0121	0.0200	0	5	0	0/5	0.0059	0.0121	0.0039	0.0580	0.0132
COG3219	S	Uncharacterized conserved protein, DUF2063 family	0.0007	0.0005	0.0006	0	5	0	0/5	0.0003	0.0005	0.0004	0.0019	0.0006
COG3220	S	Uncharacterized conserved protein, UPF0276 family	0.0018	0.0008	0.0020	0	5	0	0/5	0.0010	0.0006	0.0007	0.0058	0.0008
COG3221	P	ABC-type phosphate/phosphonate transport system, periplasmic component	0.0827	0.0275	0.1248	0	5	0	0/5	0.0136	0.0275	0.0116	0.3319	0.0287
COG3222	S	Uncharacterized conserved protein, glycosyltransferase A (GT-A) superfamily, DUF2064 family	0.0716	0.0225	0.0975	0	5	0	0/5	0.0144	0.0225	0.0102	0.2651	0.0456
COG3223	R	Phosphate starvation-inducible membrane PsiE (function unknown)	0.0016	0.0016	0.0005	0	5	0	0/5	0.0010	0.0021	0.0011	0.0016	0.0021
COG3224	R	Antibiotic biosynthesis monooxygenase (ABM) superfamily enzyme	0.0909	0.0094	0.1271	0	5	0	0/5	0.0083	0.0094	0.0069	0.3363	0.0936
COG3225	N	ABC-type uncharacterized transport system involved in gliding motility, auxiliary component	0.0132	0.0057	0.0132	0	5	0	0/5	0.0116	0.0057	0.0042	0.0391	0.0056
COG3226	K	DNA-binding transcriptional regulator YbjK	0.0083	0.0016	0.0129	0	5	0	0/5	0.0015	0.0016	0.0010	0.0341	0.0031
COG3227	O	Zn-dependent metalloprotease (Neutral protease B)	0.0300	0.0147	0.0353	0	5	0	0/5	0.0161	0.0110	0.0147	0.1005	0.0079
COG3228	T	Mlc titration factor MtfA, regulates ptsG expression	0.0260	0.0093	0.0363	0	5	0	0/5	0.0024	0.0093	0.0016	0.0975	0.0191
COG3230	P	Heme oxygenase	0.0025	0.0010	0.0035	0	5	0	0/5	0.0005	0.0010	0.0003	0.0095	0.0014
COG3231	J	Aminoglycoside phosphotransferase	0.0023	0.0019	0.0012	0	5	0	0/5	0.0018	0.0011	0.0019	0.0046	0.0019
COG3232	E	5-carboxymethyl-2-hydroxymuconate isomerase	0.0031	0.0013	0.0029	0	5	0	0/5	0.0009	0.0013	0.0011	0.0085	0.0037
COG3233	R	Predicted deacetylase	0.2974	0.3145	0.2238	1	5	0	1/5	0.0748	0.3833	0.0522	0.6621	0.3145
COG3234	S	Uncharacterized conserved protein YfaT, DUF1175 family	0.0079	0.0026	0.0114	0	5	0	0/5	0.0004	0.0026	0.0004	0.0304	0.0059
COG3235	S	Uncharacterized membrane protein	0.0050	0.0032	0.0053	0	5	0	0/5	0.0008	0.0032	0.0007	0.0150	0.0054
COG3236	HV	N-glycosidase YbiA/RibX (riboflavin biosynthesis, damage control), NADAR superfamily	0.0008	0.0010	0.0004	0	5	0	0/5	0.0003	0.0010	0.0003	0.0013	0.0010
COG3237	S	Uncharacterized conserved protein YjbJ, UPF0337 family	0.0119	0.0009	0.0219	0	5	0	0/5	0.0009	0.0011	0.0008	0.0556	0.0009
COG3238	S	Uncharacterized membrane protein YdcZ, DUF606 family	0.0029	0.0010	0.0042	0	5	0	0/5	0.0010	0.0005	0.0010	0.0113	0.0008
COG3239	I	Fatty acid desaturase	0.0007	0.0006	0.0005	0	5	0	0/5	0.0006	0.0002	0.0013	0.0012	0.0003
COG3240	IR	Phospholipase/lecithinase/hemolysin	0.0022	0.0012	0.0023	0	5	0	0/5	0.0006	0.0012	0.0009	0.0067	0.0018
COG3241	C	Azurin	0.0007	0.0006	0.0004	0	5	0	0/5	0.0003	0.0006	0.0003	0.0015	0.0007
COG3242	S	Uncharacterized conserved protein YjeT, DUF2065 family	0.0075	0.0070	0.0018	0	5	0	0/5	0.0070	0.0052	0.0061	0.0101	0.0091
COG3243	I	Poly-beta-hydroxybutyrate synthase	0.0694	0.0306	0.0796	0	5	0	0/5	0.0306	0.0136	0.0226	0.2263	0.0539
COG3245	C	Cytochrome c5	0.0023	0.0019	0.0011	0	5	0	0/5	0.0015	0.0021	0.0015	0.0044	0.0019
COG3246	S	Uncharacterized conserved protein, DUF849 family	0.2714	0.1284	0.2873	1	5	0	1/5	0.0269	0.1284	0.0293	0.7807	0.3918
COG3247	R	Acid resistance membrane protein HdeD, DUF308 family	0.1191	0.0722	0.1394	0	5	0	0/5	0.0313	0.0722	0.0152	0.3934	0.0835
COG3248	M	Nucleoside-specific outer membrane channel protein Tsx	0.0035	0.0012	0.0044	0	5	0	0/5	0.0009	0.0012	0.0006	0.0122	0.0027
COG3249	S	Uncharacterized conserved protein, DUF2066 domain	0.0036	0.0021	0.0037	0	5	0	0/5	0.0005	0.0021	0.0006	0.0105	0.0044
COG3250	G	Beta-galactosidase/beta-glucuronidase	0.0490	0.0228	0.0686	0	5	0	0/5	0.0228	0.0043	0.0232	0.1854	0.0091
COG3251	Q	MbtH family protein, regulates adenylation domains of NRPSs	0.0179	0.0039	0.0286	0	5	0	0/5	0.0016	0.0039	0.0012	0.0749	0.0081
COG3252	H	Methenyltetrahydromethanopterin cyclohydrolase	0.9811	0.9999	0.0308	5	5	1	5/5	0.9850	0.9999	0.9205	1.0000	0.9999
COG3253	HP	Coproheme decarboxylase/chlorite dismutase	0.0156	0.0017	0.0265	0	5	0	0/5	0.0017	0.0010	0.0017	0.0686	0.0051
COG3254	M	L-rhamnose mutarotase	0.0222	0.0031	0.0394	0	5	0	0/5	0.0033	0.0013	0.0022	0.1009	0.0031
COG3255	I	Putative sterol carrier protein, contains SCP2 domain	0.5481	0.5907	0.3314	3	5	1	3/5	0.1139	0.5907	0.2295	0.9530	0.8536
COG3256	P	Nitric oxide reductase large subunit	0.2215	0.0417	0.3040	1	5	0	1/5	0.0218	0.0417	0.0128	0.8099	0.2213
COG3257	F	Ureidoglycine aminohydrolase	0.0038	0.0019	0.0038	0	5	0	0/5	0.0019	0.0018	0.0014	0.0114	0.0024
COG3258	P	Thiosulfate dehydrogenase TsdA, contains C-terminal cytochrome c domain	0.0291	0.0073	0.0489	0	5	0	0/5	0.0009	0.0073	0.0005	0.1266	0.0100
COG3259	C	Coenzyme F420-reducing hydrogenase, alpha subunit	0.4237	0.3287	0.2797	2	5	0	2/5	0.1944	0.0898	0.3287	0.7278	0.7779
COG3260	C	Ni,Fe-hydrogenase III small subunit	0.9809	0.9984	0.0226	5	5	1	5/5	0.9613	0.9994	0.9463	0.9984	0.9991
COG3261	C	Ni,Fe-hydrogenase III large subunit	0.9780	0.9978	0.0264	5	5	1	5/5	0.9358	0.9994	0.9578	0.9992	0.9978
COG3262	C	Ni,Fe-hydrogenase III component G	0.5018	0.4820	0.1445	1	5	1	1/5	0.3139	0.7611	0.4839	0.4820	0.4679
COG3263	CP	NhaP-type Na+/H+ and K+/H+ antiporter with C-terminal TrkAC and CorC domains	0.1195	0.0887	0.0769	0	5	0	0/5	0.1287	0.2613	0.0887	0.0846	0.0344
COG3264	M	Small-conductance mechanosensitive channel MscK	0.0396	0.0195	0.0289	0	5	0	0/5	0.0784	0.0164	0.0711	0.0127	0.0195
COG3265	G	Gluconate kinase	0.0008	0.0007	0.0006	0	5	0	0/5	0.0007	0.0003	0.0007	0.0020	0.0004
COG3266	D	Cell division protein DamX, binds to the septal ring, contains C-terminal SPOR domain	0.0071	0.0031	0.0063	0	5	0	0/5	0.0157	0.0018	0.0139	0.0031	0.0010
COG3267	UW	Type II secretory pathway ATPase component GspA/ExeA/MshM	0.0074	0.0056	0.0039	0	5	0	0/5	0.0102	0.0032	0.0136	0.0056	0.0042
COG3268	S	Uncharacterized conserved protein, related to short-chain dehydrogenases	0.0195	0.0028	0.0326	0	5	0	0/5	0.0028	0.0017	0.0028	0.0847	0.0054
COG3269	R	Predicted RNA-binding protein, contains TRAM domain	0.9600	0.9965	0.0546	5	5	1	5/5	0.9504	0.9973	0.8570	0.9986	0.9965
COG3270	J	Ribosome biogenesis protein, NOL1/NOP2/FMU family	0.4780	0.5439	0.1997	3	5	0	3/5	0.2768	0.5439	0.2091	0.6651	0.6952
COG3271	U	Predicted double-glycine leader peptidase, C39-like (CLD) domain	0.1265	0.0971	0.1101	0	5	0	0/5	0.0225	0.1548	0.0333	0.3250	0.0971
COG3272	S	Uncharacterized conserved protein YbgA, DUF1722 family	0.0296	0.0221	0.0351	0	5	0	0/5	0.0014	0.0221	0.0037	0.0973	0.0235
COG3273	R	Uncharacterized protein, contains PhoU and TrkA_C domains	0.9292	0.9648	0.0726	5	5	1	5/5	0.8841	0.9648	0.8084	0.9929	0.9956
COG3274	M	Surface polysaccharide O-acyltransferase WecH	0.0212	0.0100	0.0261	0	5	0	0/5	0.0100	0.0027	0.0057	0.0728	0.0147
COG3275	T	Sensor histidine kinase, LytS/YehU family	0.0300	0.0046	0.0502	0	5	0	0/5	0.0040	0.0036	0.0046	0.1303	0.0075
COG3276	J	Selenocysteine-specific translation elongation factor SelB	0.9980	1.0000	0.0029	5	5	1	5/5	0.9973	1.0000	0.9925	1.0000	1.0000
COG3277	J	rRNA processing protein Gar1	0.9685	0.9830	0.0301	5	5	1	5/5	0.9535	0.9830	0.9164	0.9938	0.9959
COG3278	C	Cbb3-type cytochrome oxidase, subunit 1	0.0201	0.0071	0.0299	0	5	0	0/5	0.0032	0.0071	0.0017	0.0797	0.0088
COG3279	KT	DNA-binding response regulator, LytR/AlgR family	0.0021	0.0013	0.0019	0	5	0	0/5	0.0049	0.0003	0.0040	0.0013	0.0002
COG3280	G	Maltooligosyltrehalose synthase	0.1742	0.0187	0.2420	1	5	0	1/5	0.0091	0.0187	0.0132	0.6380	0.1919
COG3281	G	Predicted trehalose synthase	0.3150	0.2790	0.2897	1	5	0	1/5	0.0260	0.2790	0.0265	0.7998	0.4435
COG3283	KE	Transcriptional regulator TyrR of aromatic amino acids metabolism	0.0021	0.0013	0.0018	0	5	0	0/5	0.0011	0.0014	0.0010	0.0058	0.0013
COG3284	K	Transcriptional regulator DhaR of acetoin/glycerol metabolism	0.0224	0.0046	0.0360	0	5	0	0/5	0.0046	0.0027	0.0022	0.0942	0.0084
COG3285	L	Eukaryotic-type DNA primase	0.1464	0.0482	0.1806	0	5	0	0/5	0.0161	0.1601	0.0159	0.4917	0.0482
COG3286	S	Uncharacterized conserved protein, DUF2067 domain	0.6039	0.8684	0.3551	3	5	1	3/5	0.2667	0.8847	0.0837	0.8684	0.9160
COG3287	T	FIST domain protein MJ1623, contains FIST_N and FIST_C domains	0.1583	0.0871	0.1237	0	5	0	0/5	0.0589	0.3476	0.0359	0.2620	0.0871
COG3288	C	NAD/NADP transhydrogenase alpha subunit	0.0042	0.0048	0.0028	0	5	0	0/5	0.0082	0.0009	0.0060	0.0048	0.0011
COG3290	T	Sensor histidine kinase DipB regulating citrate/malate metabolism	0.0060	0.0048	0.0045	0	5	0	0/5	0.0057	0.0024	0.0048	0.0146	0.0027
COG3291	S	Uncharacterized conserved protein, PKD repeat domain	0.7982	0.8601	0.1543	5	5	1	5/5	0.5513	0.9501	0.6909	0.9387	0.8601
COG3292	T	Periplasmic ligand-binding sensor domain	0.0371	0.0109	0.0536	0	5	0	0/5	0.0106	0.0109	0.0121	0.1443	0.0074
COG3293	X	Transposase	0.1511	0.0979	0.1832	1	5	0	1/5	0.0150	0.1191	0.0158	0.5076	0.0979
COG3294	R	Metal-dependent phosphatase/phosphodiesterase, HD supefamily	0.7336	0.7954	0.2429	3	5	1	3/5	0.4846	0.7954	0.4152	0.9945	0.9781
COG3295	S	Uncharacterized conserved protein	0.0022	0.0009	0.0027	0	5	0	0/5	0.0005	0.0009	0.0003	0.0075	0.0016
COG3296	R	Uncharacterized Tic20-related protein, DUF4870 domain	0.0177	0.0100	0.0195	0	5	0	0/5	0.0110	0.0043	0.0069	0.0564	0.0100
COG3297	U	Type II secretory pathway, component PulL	0.0025	0.0023	0.0006	0	5	0	0/5	0.0036	0.0023	0.0028	0.0019	0.0019
COG3298	L	Predicted 3'-5' exonuclease related to the exonuclease domain of PolB	0.0276	0.0118	0.0368	0	5	0	0/5	0.0052	0.0118	0.0046	0.1008	0.0158
COG3299	X	Uncharacterized phage protein gp47/JayE	0.0520	0.0222	0.0562	0	5	0	0/5	0.0222	0.0547	0.0150	0.1598	0.0085
COG3300	T	MHYT domain, NO-binding membrane sensor	0.0109	0.0047	0.0127	0	5	0	0/5	0.0028	0.0047	0.0023	0.0359	0.0086
COG3301	P	Nitrite/polysulfide reductase, membrane component NrfD/PsrC	0.3780	0.3719	0.3337	1	5	0	1/5	0.0374	0.3719	0.0437	0.9389	0.4983
COG3302	C	DMSO reductase anchor subunit DmsC	0.0601	0.0295	0.0683	0	5	0	0/5	0.0136	0.0295	0.0117	0.1935	0.0520
COG3303	P	Formate-dependent nitrite reductase, periplasmic cytochrome c552 subunit	0.1300	0.0292	0.2174	1	5	0	1/5	0.0093	0.0292	0.0051	0.5640	0.0425
COG3304	S	Uncharacterized membrane protein YccF, DUF307 family	0.0232	0.0029	0.0354	0	5	0	0/5	0.0029	0.0018	0.0016	0.0931	0.0167
COG3305	S	Uncharacterized membrane protein, DUF2068 family	0.0409	0.0269	0.0556	0	5	0	0/5	0.0006	0.0269	0.0005	0.1496	0.0271
COG3306	M	Glycosyltransferase involved in LPS biosynthesis, GR25 family	0.0006	0.0006	0.0001	0	5	0	0/5	0.0007	0.0006	0.0006	0.0006	0.0004
COG3307	M	O-antigen ligase	0.0169	0.0066	0.0239	0	5	0	0/5	0.0075	0.0013	0.0045	0.0644	0.0066
COG3308	S	Uncharacterized membrane protein	0.0047	0.0037	0.0051	0	5	0	0/5	0.0005	0.0037	0.0005	0.0143	0.0044
COG3309	V	Virulence-associated protein VapD, endoribonuclease	0.0009	0.0010	0.0003	0	5	0	0/5	0.0006	0.0011	0.0005	0.0014	0.0010
COG3310	S	Uncharacterized conserved protein, DUF1415 family	0.0026	0.0021	0.0017	0	5	0	0/5	0.0014	0.0021	0.0010	0.0058	0.0028
COG3311	KX	DNA-binding transcriptional regulator AlpA	0.0152	0.0046	0.0223	0	5	0	0/5	0.0059	0.0019	0.0040	0.0597	0.0046
COG3312	C	FoF1-type ATP synthase accessory protein AtpI	0.0178	0.0065	0.0242	0	5	0	0/5	0.0008	0.0065	0.0007	0.0649	0.0162
COG3313	R	Predicted Fe-S protein YdhL, DUF1289 family	0.0026	0.0026	0.0009	0	5	0	0/5	0.0029	0.0010	0.0026	0.0037	0.0026
COG3314	DE	Spore dipicolinate transporter SpoVV/YjiH/YlbJ, contains nucleoside recognition GATE domain	0.0033	0.0022	0.0037	0	5	0	0/5	0.0028	0.0007	0.0022	0.0105	0.0005
COG3315	Q	O-Methyltransferase involved in polyketide biosynthesis	0.1650	0.1074	0.1912	1	5	0	1/5	0.0314	0.1074	0.0175	0.5374	0.1312
COG3316	X	Transposase (or an inactivated derivative), DDE domain	0.3894	0.3632	0.2542	2	5	0	2/5	0.1232	0.3632	0.1379	0.8032	0.5196
COG3317	M	Outer membrane beta-barrel protein assembly factor BamC	0.0025	0.0025	0.0010	0	5	0	0/5	0.0040	0.0014	0.0033	0.0025	0.0015
COG3318	S	Uncharacterized conserved protein YecA, UPF0149 family, contains C-terminal Zn-binding SEC-C motif	0.0036	0.0022	0.0025	0	5	0	0/5	0.0021	0.0022	0.0017	0.0084	0.0037
COG3319	Q	Thioesterase domain of type I polyketide synthase or non-ribosomal peptide synthetase	0.0020	0.0008	0.0028	0	5	0	0/5	0.0003	0.0008	0.0002	0.0075	0.0012
COG3320	Q	Thioester reductase domain of alpha aminoadipate reductase Lys2 and NRPSs	0.0052	0.0024	0.0060	0	5	0	0/5	0.0011	0.0024	0.0010	0.0170	0.0046
COG3321	Q	Acyl transferase domain in polyketide synthase (PKS) enzymes	0.0039	0.0018	0.0044	0	5	0	0/5	0.0018	0.0015	0.0012	0.0127	0.0024
COG3322	T	Extracellular (periplasmic) sensor domain CHASE (specificity unknown)	0.1975	0.1300	0.1590	1	5	0	1/5	0.0971	0.1300	0.0634	0.5038	0.1931
COG3323	S	PII-like insert in the uncharacterized protein YqfO, YbgI/NIF3 family	0.0009	0.0004	0.0010	0	5	0	0/5	0.0003	0.0004	0.0004	0.0029	0.0007
COG3324	R	Lactoylglutathione lyase-related enzyme, vicinal oxygen chelate (VOC) family	0.1891	0.1987	0.1574	0	5	0	0/5	0.0359	0.2150	0.0328	0.4633	0.1987
COG3325	G	Chitinase, GH18 family	0.0322	0.0275	0.0227	0	5	0	0/5	0.0081	0.0589	0.0275	0.0582	0.0081
COG3326	S	Uncharacterized membrane protein YsdA, DUF1294 family	0.0513	0.0431	0.0376	0	5	0	0/5	0.0431	0.0132	0.0218	0.1192	0.0594
COG3327	K	DNA-binding transcriptional regulator PaaX (phenylacetic acid degradation)	0.0206	0.0100	0.0216	0	5	0	0/5	0.0060	0.0100	0.0067	0.0631	0.0171
COG3328	X	Transposase (or an inactivated derivative)	0.2552	0.1786	0.2887	1	5	0	1/5	0.0381	0.2204	0.0266	0.8123	0.1786
COG3329	S	Uncharacterized conserved protein Alr0986	0.0055	0.0015	0.0083	0	5	0	0/5	0.0008	0.0015	0.0010	0.0221	0.0021
COG3330	S	Uncharacterized conserved protein BH1414	0.0104	0.0056	0.0124	0	5	0	0/5	0.0016	0.0056	0.0020	0.0348	0.0081
COG3331	R	Penicillin-binding protein-related factor A, putative recombinase	0.0055	0.0050	0.0019	0	5	0	0/5	0.0040	0.0073	0.0031	0.0050	0.0082
COG3332	R	Uncharacterized stress-responsive protein, TANGO2 (Transport and Golgi organisation 2) family, contains NRDE motif	0.1373	0.0160	0.1951	1	5	0	1/5	0.0090	0.0160	0.0126	0.5161	0.1327
COG3333	R	TctA family transporter	0.0088	0.0056	0.0078	0	5	0	0/5	0.0056	0.0029	0.0056	0.0242	0.0055
COG3334	N	Flagellar motility protein MotE, a chaperone for MotC folding	0.0020	0.0019	0.0003	0	5	0	0/5	0.0016	0.0024	0.0019	0.0022	0.0019
COG3335	X	Transposase	0.3790	0.3771	0.3116	1	5	0	1/5	0.0816	0.3771	0.0536	0.9103	0.4725
COG3336	CO	Cytochrome c oxidase assembly protein CtaG	0.0031	0.0009	0.0047	0	5	0	0/5	0.0003	0.0009	0.0007	0.0126	0.0011
COG3337	V	CRISPR-Cas system type III CMR-effector complex small subunit Cmr5	0.5003	0.5201	0.3651	3	5	1	3/5	0.1406	0.8145	0.0455	0.9810	0.5201
COG3338	P	Carbonic anhydrase	0.0046	0.0019	0.0061	0	5	0	0/5	0.0019	0.0013	0.0009	0.0169	0.0022
COG3339	S	Uncharacterized membrane protein YkvA, DUF1232 family	0.2085	0.1534	0.2358	1	5	0	1/5	0.0397	0.1534	0.0196	0.6656	0.1641
COG3340	E	Peptidase E	0.0038	0.0019	0.0034	0	5	0	0/5	0.0079	0.0007	0.0078	0.0019	0.0005
COG3341	R	Ribonuclease HI-related protein, contains viroplasmin and RNaseH domains	0.0142	0.0035	0.0233	0	5	0	0/5	0.0012	0.0047	0.0009	0.0607	0.0035
COG3342	R	Uncharacterized conserved protein, Ntn-hydrolase superfamily	0.4044	0.2190	0.3467	2	5	0	2/5	0.0595	0.2190	0.1057	0.9054	0.7322
COG3343	K	DNA-directed RNA polymerase, delta subunit	0.0013	0.0009	0.0006	0	5	0	0/5	0.0021	0.0008	0.0021	0.0008	0.0009
COG3344	X	Retron-type reverse transcriptase	0.1252	0.0623	0.1438	0	5	0	0/5	0.0259	0.1120	0.0204	0.4053	0.0623
COG3345	G	Alpha-galactosidase	0.0079	0.0039	0.0087	0	5	0	0/5	0.0036	0.0049	0.0039	0.0251	0.0020
COG3346	O	Cytochrome oxidase assembly protein ShyY1	0.0006	0.0004	0.0004	0	5	0	0/5	0.0007	0.0004	0.0014	0.0002	0.0004
COG3347	G	Rhamnose utilisation protein RhaD, predicted bifunctional aldolase and dehydrogenase	0.0022	0.0012	0.0021	0	5	0	0/5	0.0006	0.0012	0.0006	0.0061	0.0023
COG3349	R	Uncharacterized protein, contains NAD-binding domain and a Fe-S cluster	0.0064	0.0028	0.0080	0	5	0	0/5	0.0008	0.0028	0.0009	0.0221	0.0053
COG3350	P	Heavy metal-bindng TRASH/YHS domain, predicted Cu/Ag metallochaperone	0.7177	0.9087	0.2771	3	5	1	3/5	0.4575	0.9149	0.3127	0.9949	0.9087
COG3351	N	Archaellum component ArlD/FlaD/FlaE	0.7112	0.8206	0.2753	4	5	1	4/5	0.6916	0.9200	0.1889	0.9351	0.8206
COG3352	N	Archaellum component ArlC/FlaC	0.5411	0.7911	0.3877	3	5	1	3/5	0.1194	0.9194	0.0213	0.8541	0.7911
COG3353	N	Archaellum component FlaF, FlaF/FlaG flagellin family	0.8503	0.9927	0.2397	4	5	1	4/5	0.8869	0.9927	0.3784	0.9988	0.9949
COG3354	N	Archaellum component FlaG, FlaF/FlaG flagellin family	0.8888	0.9969	0.2027	4	5	1	4/5	0.9645	0.9969	0.4842	0.9995	0.9988
COG3355	K	Predicted transcriptional regulator	0.6880	0.9094	0.3468	3	5	1	3/5	0.4134	0.9094	0.1427	0.9978	0.9769
COG3356	I	Predicted membrane-associated lipid hydrolase, neutral ceramidase superfamily	0.9061	0.9654	0.1043	5	5	1	5/5	0.7112	0.9654	0.8851	0.9926	0.9763
COG3357	K	Predicted transcriptional regulator, contains HTH and Zn-ribbon domains	0.6716	0.8230	0.3394	3	5	1	3/5	0.4132	0.8230	0.1403	0.9946	0.9871
COG3358	S	Uncharacterized conserved protein, DUF1684 family	0.1663	0.0223	0.2313	1	5	0	1/5	0.0132	0.0223	0.0125	0.6132	0.1704
COG3359	R	Uncharacterized conserved protein YprB, contains RNaseH-like and TPR domains	0.5166	0.5212	0.3524	3	5	1	3/5	0.1511	0.5212	0.0959	0.9566	0.8582
COG3360	R	Flavin-binding protein dodecin	0.4194	0.2923	0.3394	2	5	0	2/5	0.0917	0.2923	0.0809	0.9231	0.7092
COG3361	S	Uncharacterized conserved protein YqjF, DUF2071 family	0.0339	0.0092	0.0482	0	5	0	0/5	0.0092	0.0062	0.0084	0.1302	0.0155
COG3363	F	Archaeal IMP cyclohydrolase	0.2011	0.1753	0.1649	1	5	0	1/5	0.0794	0.1892	0.0486	0.5128	0.1753
COG3364	R	Predicted  nucleic acid-binding protein, contains Zn-ribbon domain	0.5700	0.7879	0.3596	3	5	1	3/5	0.1912	0.9029	0.0777	0.8901	0.7879
COG3365	S	Uncharacterized conserved protein, DUF2073 family	0.6796	0.8913	0.3289	3	5	1	3/5	0.4997	0.8913	0.1139	0.9696	0.9237
COG3366	S	Uncharacterized membrane protein	0.7073	0.9272	0.3041	3	5	1	3/5	0.4636	0.9307	0.2300	0.9849	0.9272
COG3367	R	Uncharacterized conserved protein, NAD-dependent epimerase/dehydratase family	0.5368	0.4721	0.2676	2	5	1	2/5	0.2935	0.4721	0.2274	0.9103	0.7806
COG3368	R	Predicted permease	0.6042	0.8703	0.3745	3	5	1	3/5	0.1762	0.8703	0.1180	0.9085	0.9479
COG3369	S	Uncharacterized conserved protein, contains Zn-finger domain of CDGSH type	0.3537	0.3425	0.3201	1	5	0	1/5	0.0551	0.3425	0.0583	0.9326	0.3802
COG3370	R	Uncharacterized conserved protein AF1964, DsrE/DsrF-like family	0.5250	0.6108	0.4089	3	5	1	3/5	0.0607	0.6108	0.0385	0.9901	0.9251
COG3371	S	Uncharacterized membrane protein	0.8662	0.8940	0.1198	5	5	1	5/5	0.7309	0.8940	0.7216	0.9967	0.9877
COG3372	R	Predicted nuclease of restriction endonuclease-like (RecB) superfamily, implicated in nucleotide excision repair	0.6028	0.7097	0.3498	3	5	1	3/5	0.1984	0.7097	0.1816	0.9888	0.9353
COG3373	K	Predicted transcriptional regulator, contains HTH domain	0.6698	0.9114	0.3456	3	5	1	3/5	0.3422	0.9831	0.1639	0.9114	0.9482
COG3374	S	Uncharacterized membrane protein	0.1501	0.0122	0.2308	1	5	0	1/5	0.0047	0.0122	0.0059	0.6026	0.1250
COG3375	R	Predicted acetyltransferase, GNAT superfamily	0.3090	0.2193	0.2790	1	5	0	1/5	0.0438	0.2193	0.0335	0.7584	0.4902
COG3376	P	High-affinity nickel/cobalt permease	0.0994	0.0783	0.0939	0	5	0	0/5	0.0084	0.0783	0.0101	0.2597	0.1403
COG3377	S	Uncharacterized conserved protein YunC, DUF1805 family	0.5786	0.7949	0.3144	3	5	1	3/5	0.1905	0.7949	0.1986	0.8619	0.8470
COG3378	X	DNA primase, phage- or plasmid-associated	0.2542	0.1512	0.2374	1	5	0	1/5	0.0436	0.3905	0.0324	0.6531	0.1512
COG3379	R	Predicted phosphohydrolase or phosphomutase, AlkP superfamily	0.8312	0.8272	0.1254	5	5	1	5/5	0.7216	0.8272	0.6662	0.9884	0.9525
COG3380	R	Predicted NAD/FAD-dependent oxidoreductase	0.0209	0.0036	0.0296	0	5	0	0/5	0.0036	0.0022	0.0022	0.0790	0.0173
COG3381	O	Cytoplasmic chaperone TorD involved in molybdoenzyme TorA maturation	0.3219	0.2630	0.2926	1	5	0	1/5	0.0338	0.2630	0.0380	0.8136	0.4609
COG3382	R	B3/B4 domain (DNA/RNA-binding domain of Phe-tRNA-synthetase)	0.7861	0.9050	0.1802	5	5	1	5/5	0.5681	0.9050	0.5642	0.9408	0.9522
COG3383	R	Predicted molibdopterin-dependent oxidoreductase YjgC	0.3130	0.2203	0.2608	1	5	0	1/5	0.2203	0.0407	0.0965	0.7476	0.4599
COG3384	Q	Aromatic ring-opening dioxygenase, catalytic subunit, LigB family	0.1810	0.1348	0.2054	1	5	0	1/5	0.0163	0.1438	0.0316	0.5784	0.1348
COG3385	X	IS4 transposase InsG	0.4432	0.4824	0.3441	2	5	0	2/5	0.0770	0.4824	0.0511	0.9512	0.6541
COG3386	G	Sugar lactone lactonase YvrE	0.0522	0.0169	0.0789	0	5	0	0/5	0.0188	0.0017	0.0141	0.2096	0.0169
COG3387	G	Glucoamylase (glucan-1,4-alpha-glucosidase), GH15 family	0.4395	0.4368	0.3264	2	5	0	2/5	0.0569	0.4368	0.1701	0.9898	0.5440
COG3388	K	Predicted transcriptional regulator	0.4893	0.5619	0.2345	3	5	0	3/5	0.2896	0.5986	0.1683	0.8280	0.5619
COG3389	O	Presenilin-like membrane protease, A22 family	0.9002	0.9778	0.1014	5	5	1	5/5	0.7413	0.9832	0.8179	0.9778	0.9808
COG3390	L	Replication protein A (RPA) family protein	0.8522	0.9788	0.1659	5	5	1	5/5	0.6458	0.9924	0.6525	0.9915	0.9788
COG3391	R	DNA-binding beta-propeller fold protein YncE	0.1831	0.0939	0.2272	1	5	0	1/5	0.0389	0.1241	0.0269	0.6319	0.0939
COG3392	L	Adenine-specific DNA methylase	0.0193	0.0127	0.0147	0	5	0	0/5	0.0116	0.0135	0.0102	0.0487	0.0127
COG3393	R	Predicted acetyltransferase, GNAT family	0.0462	0.0302	0.0430	0	5	0	0/5	0.0256	0.0425	0.0043	0.1286	0.0302
COG3394	G	Chitooligosaccharide deacetylase ChbG, YdjC/CelG family	0.0207	0.0055	0.0306	0	5	0	0/5	0.0050	0.0047	0.0055	0.0818	0.0063
COG3395	G	D-threonate/D-erythronate kinase OtnK and related C4-acid sugar kinases, YgbK/DUF1537 family	0.1290	0.0165	0.1874	0	5	0	0/5	0.0165	0.0095	0.0118	0.4959	0.1115
COG3396	Q	1,2-phenylacetyl-CoA epoxidase, catalytic subunit	0.0407	0.0184	0.0479	0	5	0	0/5	0.0027	0.0184	0.0030	0.1303	0.0490
COG3397	R	Predicted carbohydrate-binding protein, contains CBM5 and CBM33 domains	0.0020	0.0011	0.0019	0	5	0	0/5	0.0014	0.0008	0.0011	0.0059	0.0010
COG3398	K	Predicted transcriptional regulator, contains two HTH domains	0.7820	0.9052	0.2769	4	5	1	4/5	0.7586	0.9052	0.2558	0.9982	0.9921
COG3399	S	Uncharacterized conserved protein	0.0013	0.0012	0.0011	0	5	0	0/5	0.0002	0.0012	0.0003	0.0031	0.0016
COG3400	R	Uncharacterized protein AQ_414, contains TrkA and USP-like domains	0.0090	0.0050	0.0110	0	5	0	0/5	0.0000	0.0050	0.0000	0.0297	0.0102
COG3401	R	Fibronectin type 3 domain	0.0058	0.0027	0.0064	0	5	0	0/5	0.0032	0.0022	0.0021	0.0186	0.0027
COG3402	S	Uncharacterized membrane protein YdbS, contains bPH2 (bacterial pleckstrin homology) domain	0.1119	0.0548	0.1408	0	5	0	0/5	0.0171	0.0548	0.0140	0.3886	0.0850
COG3403	S	Uncharacterized conserved protein YcgG, contains conserved FPC and CPF motifs	0.0380	0.0038	0.0659	0	5	0	0/5	0.0038	0.0036	0.0021	0.1697	0.0106
COG3404	E	Formiminotetrahydrofolate cyclodeaminase	0.3349	0.2488	0.3083	1	5	0	1/5	0.0671	0.2488	0.0470	0.8875	0.4240
COG3405	G	Endo-1,4-beta-D-glucanase Y	0.0039	0.0053	0.0018	0	5	0	0/5	0.0054	0.0018	0.0054	0.0053	0.0014
COG3407	I	Mevalonate pyrophosphate decarboxylase	0.0572	0.0276	0.0544	0	5	0	0/5	0.0202	0.0032	0.0276	0.1518	0.0833
COG3408	G	Glycogen debranching enzyme (alpha-1,6-glucosidase)	0.5167	0.4946	0.2841	2	5	1	2/5	0.2436	0.4946	0.1716	0.8833	0.7905
COG3409	M	Peptidoglycan-binding (PGRP) domain of peptidoglycan hydrolases	0.0044	0.0040	0.0019	0	5	0	0/5	0.0051	0.0040	0.0035	0.0076	0.0019
COG3410	S	Uncharacterized conserved protein, DUF2075 family	0.1278	0.0136	0.1923	1	5	0	1/5	0.0117	0.0136	0.0101	0.5066	0.0969
COG3411	C	2Fe-2S ferredoxin	0.0685	0.0122	0.1108	0	5	0	0/5	0.0122	0.0085	0.0037	0.2894	0.0287
COG3412	T	Phosphotransferase subunit DhaM of the dihydroxyacetone kinase DhaKLM complex, contains PTS-EIIA, HPr, and PEP-utilizing domains	0.0626	0.0096	0.1050	0	5	0	0/5	0.0044	0.0096	0.0037	0.2721	0.0234
COG3413	R	Predicted transcriptional regulator, contains HTH domain	0.8542	0.9714	0.1783	5	5	1	5/5	0.7539	0.9714	0.5485	0.9998	0.9976
COG3414	G	Phosphotransferase system, galactitol-specific IIB component	0.0075	0.0088	0.0023	0	5	0	0/5	0.0096	0.0034	0.0065	0.0088	0.0092
COG3415	V	CRISPR-associated protein Csa3, CARF domain	0.3615	0.2454	0.3212	2	5	0	2/5	0.0735	0.2454	0.0430	0.8915	0.5542
COG3416	S	Uncharacterized conserved protein, DUF2076 domain	0.0167	0.0087	0.0199	0	5	0	0/5	0.0046	0.0087	0.0034	0.0561	0.0107
COG3417	M	Outer membrane lipoprotein LpoB, binds and activates PBP1b	0.0011	0.0011	0.0004	0	5	0	0/5	0.0011	0.0006	0.0013	0.0018	0.0008
COG3418	NU	Flagellar biosynthesis/type III secretory pathway chaperone FlgN	0.0041	0.0034	0.0013	0	5	0	0/5	0.0034	0.0029	0.0030	0.0059	0.0053
COG3419	NW	Type IV pilus assembly protein, tip-associated adhesin PilY1	0.0058	0.0056	0.0017	0	5	0	0/5	0.0034	0.0056	0.0052	0.0088	0.0058
COG3420	P	Nitrous oxide reductase accessory protein NosD, contains tandem CASH domains	0.4582	0.5337	0.2652	3	5	0	3/5	0.0803	0.6380	0.2338	0.8053	0.5337
COG3421	V	Type III restriction endonuclease	0.0142	0.0098	0.0093	0	5	0	0/5	0.0091	0.0135	0.0064	0.0323	0.0098
COG3422	S	Uncharacterized conserved protein YegP, UPF0339 family	0.0629	0.0210	0.0660	0	5	0	0/5	0.0210	0.0197	0.0147	0.1886	0.0706
COG3423	K	Predicted transcriptional regulator, lambda repressor-like DNA-binding domain	0.0068	0.0026	0.0078	0	5	0	0/5	0.0023	0.0026	0.0013	0.0222	0.0054
COG3424	Q	Predicted naringenin-chalcone synthase	0.0086	0.0024	0.0124	0	5	0	0/5	0.0017	0.0020	0.0024	0.0333	0.0034
COG3425	I	3-hydroxy-3-methylglutaryl CoA synthase	0.9986	0.9997	0.0016	5	5	1	5/5	0.9972	0.9997	0.9962	1.0000	0.9999
COG3426	C	Butyrate kinase	0.0073	0.0043	0.0076	0	5	0	0/5	0.0016	0.0043	0.0017	0.0221	0.0069
COG3427	C	Carbon monoxide dehydrogenase subunit CoxG	0.2357	0.0723	0.3143	1	5	0	1/5	0.0187	0.0723	0.0153	0.8453	0.2269
COG3428	S	Uncharacterized membrane protein YdbT, contains bPH2 (bacterial pleckstrin homology) domain	0.3816	0.3285	0.1496	1	5	0	1/5	0.1741	0.3112	0.3285	0.6032	0.4912
COG3429	G	Glucose-6-phosphate dehydrogenase assembly protein OpcA, contains a peptidoglycan-binding domain	0.0166	0.0067	0.0240	0	5	0	0/5	0.0014	0.0067	0.0015	0.0643	0.0089
COG3430	N	Archaeal flagellin (archaellin), FlaG/FlaF family	0.3924	0.5481	0.2877	3	5	0	3/5	0.0301	0.7249	0.0651	0.5939	0.5481
COG3431	S	Uncharacterized membrane protein, DUF373 family	0.5341	0.7049	0.3360	3	5	1	3/5	0.2080	0.7049	0.0743	0.9607	0.7224
COG3432	K	Predicted transcriptional regulator	0.7876	0.9747	0.2474	4	5	1	4/5	0.5718	0.9863	0.4106	0.9747	0.9944
COG3433	IQ	Acyl carrier protein/domain	0.0011	0.0007	0.0011	0	5	0	0/5	0.0002	0.0007	0.0002	0.0032	0.0012
COG3434	T	c-di-GMP phosphodiesterase YuxH/PdeH, contains EAL and HDOD domains	0.0046	0.0034	0.0034	0	5	0	0/5	0.0018	0.0034	0.0014	0.0108	0.0055
COG3435	Q	Gentisate 1,2-dioxygenase	0.0308	0.0050	0.0478	0	5	0	0/5	0.0050	0.0047	0.0046	0.1262	0.0135
COG3436	X	Transposase	0.1494	0.0892	0.1787	0	5	0	0/5	0.0227	0.1183	0.0185	0.4985	0.0892
COG3437	T	Response regulator c-di-GMP phosphodiesterase, RpfG family, contains REC and HD-GYP domains	0.0663	0.0260	0.0800	0	5	0	0/5	0.0260	0.0253	0.0334	0.2262	0.0208
COG3439	S	Uncharacterized conserved protein, DUF302 family	0.4982	0.4937	0.3928	2	5	0	2/5	0.0852	0.4937	0.0402	0.9983	0.8737
COG3440	V	Predicted restriction endonuclease	0.0940	0.0244	0.1222	0	5	0	0/5	0.0244	0.0810	0.0138	0.3334	0.0175
COG3442	R	Glutamine amidotransferase related to the GATase domain of CobQ	0.0373	0.0127	0.0564	0	5	0	0/5	0.0023	0.0127	0.0013	0.1492	0.0209
COG3443	P	Periplasmic Zn/Cd-binding protein ZinT	0.0042	0.0047	0.0019	0	5	0	0/5	0.0021	0.0047	0.0019	0.0069	0.0052
COG3444	G	Phosphotransferase system, mannose/fructose/N-acetylgalactosamine-specific component IIB	0.0016	0.0015	0.0004	0	5	0	0/5	0.0015	0.0012	0.0022	0.0019	0.0014
COG3445	H	Autonomous glycyl radical cofactor GrcA	0.0107	0.0026	0.0166	0	5	0	0/5	0.0013	0.0026	0.0008	0.0437	0.0050
COG3447	T	Integral membrane sensor domain MASE1	0.0150	0.0082	0.0133	0	5	0	0/5	0.0038	0.0082	0.0060	0.0400	0.0170
COG3448	T	CBS-domain-containing membrane protein	0.0255	0.0268	0.0085	0	5	0	0/5	0.0333	0.0170	0.0268	0.0358	0.0147
COG3449	L	DNA gyrase inhibitor GyrI/SbmC	0.0073	0.0066	0.0036	0	5	0	0/5	0.0094	0.0033	0.0132	0.0066	0.0040
COG3450	R	Predicted enzyme of the cupin superfamily	0.0358	0.0324	0.0167	0	5	0	0/5	0.0324	0.0112	0.0272	0.0577	0.0507
COG3451	U	Type IV secretory pathway, VirB4 component	0.0202	0.0148	0.0216	0	5	0	0/5	0.0222	0.0017	0.0148	0.0604	0.0019
COG3452	T	Extracellular (periplasmic) sensor domain CHASE (specificity unknown)	0.0026	0.0012	0.0031	0	5	0	0/5	0.0006	0.0012	0.0005	0.0088	0.0020
COG3453	R	Predicted phosphohydrolase, protein tyrosine phosphatase (PTP) superfamily, DUF442 family	0.0114	0.0031	0.0161	0	5	0	0/5	0.0013	0.0031	0.0006	0.0430	0.0090
COG3454	P	Alpha-D-ribose 1-methylphosphonate 5-triphosphate diphosphatase PhnM	0.0198	0.0047	0.0302	0	5	0	0/5	0.0087	0.0019	0.0047	0.0801	0.0036
COG3455	U	Type VI protein secretion system component TssL/VasF/DotU	0.0011	0.0009	0.0006	0	5	0	0/5	0.0006	0.0009	0.0007	0.0022	0.0012
COG3456	TU	Predicted component of the type VI protein secretion system, contains a FHA domain	0.0010	0.0006	0.0013	0	5	0	0/5	0.0000	0.0006	0.0000	0.0035	0.0009
COG3457	E	Predicted amino acid racemase	0.0217	0.0097	0.0176	0	5	0	0/5	0.0093	0.0097	0.0096	0.0547	0.0253
COG3458	Q	Cephalosporin-C deacetylase or related acetyl esterase	0.0117	0.0044	0.0145	0	5	0	0/5	0.0041	0.0044	0.0039	0.0406	0.0054
COG3459	G	Cellobiose phosphorylase	0.0102	0.0072	0.0065	0	5	0	0/5	0.0205	0.0041	0.0148	0.0072	0.0043
COG3460	Q	1,2-phenylacetyl-CoA epoxidase, PaaB subunit	0.0188	0.0016	0.0339	0	5	0	0/5	0.0004	0.0016	0.0006	0.0866	0.0050
COG3461	S	Uncharacterized conserved protein	0.1807	0.1229	0.2193	1	5	0	1/5	0.0091	0.1561	0.0120	0.6032	0.1229
COG3462	S	Uncharacterized protein, contains short C-terminal (SHOCT) domain	0.3911	0.4569	0.3482	2	5	0	2/5	0.0155	0.5244	0.0171	0.9418	0.4569
COG3463	S	Uncharacterized membrane protein	0.4326	0.4721	0.3028	2	5	0	2/5	0.1074	0.6436	0.0802	0.8598	0.4721
COG3464	X	Transposase	0.1285	0.0307	0.1728	0	5	0	0/5	0.0265	0.0307	0.0197	0.4698	0.0958
COG3465	S	Uncharacterized conserved protein YwgA	0.4627	0.5292	0.2916	3	5	0	3/5	0.1471	0.6579	0.1143	0.8649	0.5292
COG3466	X	Putative transposon-encoded protein	0.4801	0.6856	0.3575	3	5	0	3/5	0.0589	0.8336	0.0338	0.7885	0.6856
COG3467	V	Nitroimidazole reductase NimA or a related FMN-containing flavoprotein, pyridoxamine 5'-phosphate oxidase superfamily	0.5391	0.4904	0.3467	2	5	1	2/5	0.2327	0.4904	0.1034	0.9692	0.8998
COG3468	MU	Autotransporter adhesin AidA	0.0051	0.0033	0.0036	0	5	0	0/5	0.0046	0.0026	0.0030	0.0121	0.0033
COG3469	G	Chitinase	0.0017	0.0016	0.0005	0	5	0	0/5	0.0019	0.0016	0.0016	0.0026	0.0010
COG3470	MI	Uncharacterized conserved protein probably involved in high-affinity Fe2+ transport	0.0009	0.0004	0.0011	0	5	0	0/5	0.0004	0.0004	0.0003	0.0032	0.0003
COG3471	S	Predicted secreted (periplasmic) protein	0.0039	0.0027	0.0035	0	5	0	0/5	0.0013	0.0027	0.0010	0.0105	0.0040
COG3472	S	Uncharacterized conserved protein domain, often C-terminal to DUF262	0.0534	0.0143	0.0764	0	5	0	0/5	0.0044	0.0421	0.0025	0.2036	0.0143
COG3473	Q	Maleate cis-trans isomerase	0.3804	0.2018	0.3124	2	5	0	2/5	0.1259	0.2018	0.0597	0.8047	0.7097
COG3474	C	Cytochrome c2	0.0019	0.0017	0.0005	0	5	0	0/5	0.0022	0.0016	0.0017	0.0028	0.0013
COG3475	I	Phosphorylcholine metabolism protein LicD	0.0055	0.0061	0.0024	0	5	0	0/5	0.0069	0.0081	0.0052	0.0061	0.0011
COG3476	T	Tryptophan-rich sensory protein TspO/CrtK (mitochondrial benzodiazepine receptor homolog)	0.1506	0.1385	0.1209	0	5	0	0/5	0.0394	0.1385	0.0212	0.3542	0.1999
COG3477	S	Uncharacterized membrane protein YagU, involved in acid resistance, DUF1440 family	0.0026	0.0014	0.0030	0	5	0	0/5	0.0004	0.0014	0.0004	0.0084	0.0026
COG3478	R	Predicted nucleic-acid-binding protein, contains Zn-ribbon domain	0.2376	0.0618	0.2699	1	5	0	1/5	0.0618	0.0572	0.0348	0.7445	0.2896
COG3479	Q	Phenolic acid decarboxylase	0.0036	0.0018	0.0040	0	5	0	0/5	0.0014	0.0018	0.0007	0.0115	0.0026
COG3480	T	Predicted secreted protein YlbL, contains PDZ domain	0.0264	0.0239	0.0201	0	5	0	0/5	0.0072	0.0239	0.0094	0.0632	0.0285
COG3481	J	3'-5' exoribonuclease YhaM, can participate in 23S rRNA maturation,  HD superfamily	0.4594	0.5635	0.2162	3	5	0	3/5	0.2067	0.6412	0.1923	0.5635	0.6933
COG3482	S	Uncharacterized conserved protein	0.3085	0.2341	0.2873	1	5	0	1/5	0.0567	0.4003	0.0335	0.8180	0.2341
COG3483	E	Tryptophan 2,3-dioxygenase (vermilion)	0.0025	0.0013	0.0026	0	5	0	0/5	0.0009	0.0009	0.0017	0.0076	0.0013
COG3484	O	Predicted proteasome-type protease	0.0064	0.0046	0.0065	0	5	0	0/5	0.0012	0.0046	0.0008	0.0186	0.0069
COG3485	Q	Protocatechuate 3,4-dioxygenase beta subunit	0.0263	0.0031	0.0460	0	5	0	0/5	0.0029	0.0020	0.0031	0.1183	0.0051
COG3486	Q	Lysine/ornithine N-monooxygenase	0.0581	0.0178	0.0882	0	5	0	0/5	0.0047	0.0317	0.0030	0.2332	0.0178
COG3487	S	Imelysin-like iron-regulated protein IrpA, duplicated M75 peptidase-like domain	0.0007	0.0006	0.0002	0	5	0	0/5	0.0008	0.0004	0.0006	0.0011	0.0006
COG3488	R	Uncharacterized conserved protein with two CxxC motifs, DUF1111 family	0.0003	0.0003	0.0001	0	5	0	0/5	0.0005	0.0002	0.0003	0.0005	0.0002
COG3489	R	Imelysin-like iron-regulated protein IrpA, duplicated M75 peptidase-like domain	0.0019	0.0017	0.0004	0	5	0	0/5	0.0020	0.0016	0.0017	0.0026	0.0017
COG3490	S	Uncharacterized conserved protein, DUF1513 domain	0.0018	0.0012	0.0012	0	5	0	0/5	0.0010	0.0012	0.0008	0.0041	0.0020
COG3491	Q	Isopenicillin N synthase and related dioxygenases	0.0006	0.0007	0.0002	0	5	0	0/5	0.0007	0.0003	0.0008	0.0009	0.0005
COG3492	S	Uncharacterized conserved protein, DUF1244 family	0.0084	0.0108	0.0038	0	5	0	0/5	0.0037	0.0114	0.0039	0.0122	0.0108
COG3493	C	Na+/citrate or Na+/malate symporter	0.0009	0.0006	0.0008	0	5	0	0/5	0.0004	0.0006	0.0004	0.0024	0.0008
COG3494	S	Uncharacterized conserved protein, DUF1009 family	0.0017	0.0014	0.0008	0	5	0	0/5	0.0011	0.0018	0.0010	0.0032	0.0014
COG3495	S	Uncharacterized conserved protein, DUF3299 family	0.0012	0.0009	0.0006	0	5	0	0/5	0.0009	0.0010	0.0008	0.0024	0.0009
COG3496	S	Uncharacterized conserved protein, DUF1365 family	0.0008	0.0007	0.0002	0	5	0	0/5	0.0008	0.0005	0.0007	0.0012	0.0007
COG3497	X	Phage tail sheath protein FI	0.0247	0.0163	0.0247	0	5	0	0/5	0.0168	0.0070	0.0163	0.0736	0.0097
COG3498	X	Phage tail tube protein FII	0.0011	0.0008	0.0004	0	5	0	0/5	0.0015	0.0007	0.0017	0.0008	0.0007
COG3499	X	Phage protein U	0.0009	0.0007	0.0003	0	5	0	0/5	0.0012	0.0007	0.0013	0.0006	0.0006
COG3500	X	Phage protein D	0.0114	0.0061	0.0108	0	5	0	0/5	0.0088	0.0051	0.0061	0.0328	0.0041
COG3501	UXR	Uncharacterized conserved protein VgrG, implicated in type VI secretion and phage assembly	0.0305	0.0101	0.0427	0	5	0	0/5	0.0082	0.0131	0.0054	0.1157	0.0101
COG3502	S	Uncharacterized conserved protein, DUF952 family	0.0085	0.0074	0.0035	0	5	0	0/5	0.0119	0.0044	0.0074	0.0133	0.0055
COG3503	S	Uncharacterized membrane protein, DUF1624 family	0.5975	0.6438	0.2250	3	5	1	3/5	0.4797	0.7971	0.2260	0.8408	0.6438
COG3504	U	Type IV secretory pathway, VirB9 components	0.0007	0.0003	0.0005	0	5	0	0/5	0.0013	0.0003	0.0012	0.0003	0.0002
COG3505	U	Type IV secretory pathway, VirD4 component, TraG/TraD family ATPase	0.0043	0.0032	0.0039	0	5	0	0/5	0.0042	0.0015	0.0032	0.0117	0.0009
COG3506	S	Regulation of enolase protein 1 (function unknown), concanavalin A-like superfamily	0.0061	0.0034	0.0065	0	5	0	0/5	0.0034	0.0015	0.0027	0.0190	0.0038
COG3507	G	Beta-xylosidase	0.0028	0.0035	0.0019	0	5	0	0/5	0.0049	0.0007	0.0035	0.0044	0.0004
COG3508	Q	Homogentisate 1,2-dioxygenase	0.0179	0.0013	0.0306	0	5	0	0/5	0.0007	0.0007	0.0013	0.0789	0.0079
COG3509	G	Acetyl xylan esterase AxeA and related esterases, LpqC family	0.0081	0.0062	0.0082	0	5	0	0/5	0.0062	0.0019	0.0066	0.0239	0.0019
COG3510	V	Cephalosporin hydroxylase	0.0114	0.0094	0.0052	0	5	0	0/5	0.0101	0.0087	0.0071	0.0215	0.0094
COG3511	M	Phospholipase C	0.0456	0.0124	0.0564	0	5	0	0/5	0.0043	0.0124	0.0064	0.1528	0.0521
COG3512			0.0004	0.0004	0.0002	0	5	0	0/5	0.0008	0.0004	0.0005	0.0003	0.0002
COG3513	V	CRISPR-Cas system type-II protein Cas9	0.0015	0.0008	0.0015	0	5	0	0/5	0.0011	0.0044	0.0007	0.0008	0.0004
COG3514	S	Uncharacterized conserved protein, DUF4415 family	0.0021	0.0012	0.0016	0	5	0	0/5	0.0011	0.0012	0.0011	0.0052	0.0020
COG3515	U	Type VI protein secretion system component TssA1/VasJ/EvfE, contains ImpA_N domain	0.0012	0.0011	0.0002	0	5	0	0/5	0.0013	0.0009	0.0016	0.0011	0.0011
COG3516	U	Predicted component TssA of the type VI protein secretion system	0.0013	0.0015	0.0004	0	5	0	0/5	0.0017	0.0008	0.0016	0.0015	0.0010
COG3517	U	Predicted component TssB of the type VI protein secretion system, VipA/VipB/TssB family	0.0020	0.0019	0.0006	0	5	0	0/5	0.0019	0.0011	0.0023	0.0028	0.0018
COG3518	U	Predicted component of the type VI protein secretion system	0.0027	0.0016	0.0022	0	5	0	0/5	0.0016	0.0012	0.0016	0.0070	0.0019
COG3519	U	Type VI protein secretion system component VasA	0.0017	0.0017	0.0003	0	5	0	0/5	0.0022	0.0014	0.0019	0.0017	0.0013
COG3520	U	Predicted component of the type VI protein secretion system	0.0016	0.0016	0.0003	0	5	0	0/5	0.0020	0.0012	0.0016	0.0019	0.0013
COG3521	U	Predicted component of the type VI protein secretion system	0.0021	0.0017	0.0010	0	5	0	0/5	0.0017	0.0011	0.0015	0.0040	0.0020
COG3522	U	Predicted component of the type VI protein secretion system	0.0011	0.0012	0.0004	0	5	0	0/5	0.0017	0.0006	0.0012	0.0012	0.0007
COG3523	U	Type VI protein secretion system component VasK	0.0010	0.0007	0.0005	0	5	0	0/5	0.0013	0.0006	0.0018	0.0007	0.0007
COG3524	M	Capsule polysaccharide export protein KpsE/RkpR	0.0016	0.0013	0.0004	0	5	0	0/5	0.0013	0.0017	0.0013	0.0022	0.0013
COG3525	G	N-acetyl-beta-hexosaminidase	0.0379	0.0122	0.0481	0	5	0	0/5	0.0110	0.0122	0.0101	0.1336	0.0224
COG3526	R	Predicted selenoprotein, Rdx family	0.0278	0.0022	0.0441	0	5	0	0/5	0.0022	0.0022	0.0018	0.1153	0.0177
COG3527	Q	Alpha-acetolactate decarboxylase	0.1189	0.0432	0.1643	0	5	0	0/5	0.0298	0.0432	0.0197	0.4466	0.0550
COG3528	S	Uncharacterized conserved protein, DUF2219 family	0.0019	0.0014	0.0014	0	5	0	0/5	0.0007	0.0014	0.0007	0.0044	0.0022
COG3529	R	Predicted nucleic-acid-binding protein, contains Zn-ribbon domain	0.0051	0.0027	0.0058	0	5	0	0/5	0.0004	0.0027	0.0005	0.0161	0.0058
COG3530	S	Uncharacterized conserved protein, DUF3820 family	0.0089	0.0057	0.0068	0	5	0	0/5	0.0057	0.0040	0.0044	0.0221	0.0081
COG3531	O	Predicted protein-disulfide isomerase, contains CxxC motif	0.0012	0.0005	0.0014	0	5	0	0/5	0.0004	0.0005	0.0003	0.0040	0.0010
COG3533	G	Beta-L-arabinofuranosidase, GH127 family	0.0964	0.0211	0.1220	0	5	0	0/5	0.0193	0.0083	0.0211	0.3308	0.1027
COG3534	G	Alpha-L-arabinofuranosidase	0.0764	0.0287	0.0878	0	5	0	0/5	0.0278	0.0554	0.0287	0.2503	0.0196
COG3535	S	Uncharacterized conserved protein, DUF917 family	0.4389	0.4929	0.2982	2	5	0	2/5	0.1015	0.4929	0.0861	0.7765	0.7377
COG3536	S	Uncharacterized conserved protein, DUF971 family	0.0042	0.0021	0.0034	0	5	0	0/5	0.0019	0.0021	0.0021	0.0109	0.0038
COG3537	G	Putative alpha-1,2-mannosidase	0.0026	0.0035	0.0014	0	5	0	0/5	0.0035	0.0009	0.0043	0.0035	0.0009
COG3538	S	Meiotically up-regulated gene 157 (Mug157) protein (function unknown)	0.0016	0.0018	0.0003	0	5	0	0/5	0.0020	0.0012	0.0018	0.0019	0.0013
COG3539	N	Pilin (type 1 fimbrial protein)	0.0012	0.0008	0.0010	0	5	0	0/5	0.0004	0.0008	0.0004	0.0031	0.0014
COG3540	P	Phosphodiesterase/alkaline phosphatase D	0.0396	0.0113	0.0511	0	5	0	0/5	0.0276	0.0095	0.0087	0.1409	0.0113
COG3541	R	Predicted nucleotidyltransferase YcgL	0.0122	0.0084	0.0079	0	5	0	0/5	0.0209	0.0056	0.0084	0.0224	0.0038
COG3542	R	Predicted sugar epimerase, cupin superfamily	0.0152	0.0055	0.0204	0	5	0	0/5	0.0049	0.0025	0.0055	0.0559	0.0071
COG3543	S	Uncharacterized conserved protein, DUF1284 domain	0.4413	0.5784	0.3132	3	5	0	3/5	0.1209	0.5784	0.0351	0.8594	0.6125
COG3544	S	Uncharacterized conserved protein, DUF305 family	0.0142	0.0009	0.0267	0	5	0	0/5	0.0011	0.0006	0.0009	0.0677	0.0009
COG3545	R	Predicted esterase of the alpha/beta hydrolase fold	0.0003	0.0001	0.0004	0	5	0	0/5	0.0005	0.0001	0.0009	0.0000	0.0000
COG3546	P	Mn-containing catalase (includes spore coat protein CotJC)	0.0461	0.0176	0.0539	0	5	0	0/5	0.0155	0.0360	0.0176	0.1524	0.0089
COG3547	X	Transposase	0.3692	0.2457	0.3082	2	5	0	2/5	0.0821	0.2457	0.0816	0.8776	0.5591
COG3548	S	Uncharacterized membrane protein	0.0908	0.0274	0.1358	0	5	0	0/5	0.0178	0.0349	0.0119	0.3620	0.0274
COG3549	V	Plasmid maintenance system killer protein	0.0030	0.0016	0.0029	0	5	0	0/5	0.0010	0.0016	0.0010	0.0086	0.0028
COG3550	T	Serine/threonine protein kinase HipA, toxin component of the HipAB toxin-antitoxin module	0.0010	0.0002	0.0010	0	5	0	0/5	0.0027	0.0002	0.0016	0.0002	0.0002
COG3551	S	Uncharacterized conserved protein	0.0154	0.0107	0.0116	0	5	0	0/5	0.0079	0.0114	0.0085	0.0384	0.0107
COG3552	S	Uncharacterized protein CoxE, contains von Willebrand factor type A (vWA) domain	0.2604	0.0627	0.3206	1	5	0	1/5	0.0341	0.0627	0.0225	0.8633	0.3196
COG3553	S	Uncharacterized conserved protein, DUF2218 domain	0.0039	0.0020	0.0040	0	5	0	0/5	0.0011	0.0020	0.0007	0.0116	0.0039
COG3554	S	Uncharacterized conserved protein	0.0609	0.0088	0.0947	0	5	0	0/5	0.0061	0.0088	0.0050	0.2489	0.0357
COG3555	O	Aspartyl/asparaginyl beta-hydroxylase, cupin superfamily	0.0013	0.0009	0.0009	0	5	0	0/5	0.0009	0.0008	0.0008	0.0030	0.0009
COG3556	S	Uncharacterized membrane protein	0.0031	0.0021	0.0028	0	5	0	0/5	0.0006	0.0021	0.0009	0.0083	0.0036
COG3557	S	Uncharacterized conserved protein associated with RNAses G and E,  UPF0374/DUF402 family	0.0059	0.0039	0.0055	0	5	0	0/5	0.0013	0.0039	0.0017	0.0164	0.0063
COG3558	S	Uncharacterized conserved protein, nuclear transport factor 2 (NTF2) superfamily	0.0210	0.0091	0.0268	0	5	0	0/5	0.0054	0.0091	0.0032	0.0743	0.0132
COG3559	U	Putative exporter of oligosaccharides and polyketide antibiotics DrrB/NodJ, ABC-2 family	0.0548	0.0107	0.0913	0	5	0	0/5	0.0037	0.0107	0.0030	0.2371	0.0196
COG3560	R	Fatty acid repression mutant protein (predicted oxidoreductase)	0.0021	0.0012	0.0019	0	5	0	0/5	0.0010	0.0012	0.0009	0.0058	0.0014
COG3561	X	Phage anti-repressor protein Ant	0.0014	0.0015	0.0003	0	5	0	0/5	0.0016	0.0011	0.0015	0.0019	0.0010
COG3562	M	Capsule polysaccharide modification protein KpsS	0.0070	0.0067	0.0019	0	5	0	0/5	0.0067	0.0049	0.0084	0.0100	0.0052
COG3563	M	Capsule polysaccharide export protein KpsC/LpsZ	0.0048	0.0041	0.0013	0	5	0	0/5	0.0040	0.0052	0.0035	0.0071	0.0041
COG3564	S	Uncharacterized conserved protein, DUF779 family	0.0067	0.0019	0.0095	0	5	0	0/5	0.0018	0.0019	0.0012	0.0256	0.0028
COG3565	R	Predicted dioxygenase of extradiol dioxygenase family	0.0026	0.0014	0.0025	0	5	0	0/5	0.0008	0.0014	0.0007	0.0074	0.0025
COG3566	S	Uncharacterized conserved protein, DUF2213 domain	0.0014	0.0012	0.0004	0	5	0	0/5	0.0013	0.0012	0.0012	0.0023	0.0011
COG3567	S	Uncharacterized conserved protein, DUF1073 domain	0.0074	0.0062	0.0029	0	5	0	0/5	0.0062	0.0052	0.0065	0.0132	0.0061
COG3568	R	Metal-dependent hydrolase, endonuclease/exonuclease/phosphatase family	0.0226	0.0118	0.0261	0	5	0	0/5	0.0118	0.0068	0.0128	0.0746	0.0070
COG3569	L	DNA topoisomerase IB	0.0408	0.0307	0.0202	0	5	0	0/5	0.0169	0.0307	0.0730	0.0287	0.0545
COG3570	V	Streptomycin 6-kinase	0.0007	0.0002	0.0009	0	5	0	0/5	0.0002	0.0002	0.0002	0.0026	0.0004
COG3571	R	Predicted hydrolase of the alpha/beta-hydrolase fold	0.0368	0.0128	0.0499	0	5	0	0/5	0.0064	0.0128	0.0071	0.1361	0.0216
COG3572	H	Gamma-glutamylcysteine synthetase	0.0005	0.0002	0.0004	0	5	0	0/5	0.0008	0.0001	0.0011	0.0002	0.0002
COG3573	R	Predicted oxidoreductase	0.0045	0.0009	0.0073	0	5	0	0/5	0.0004	0.0009	0.0002	0.0191	0.0021
COG3575	S	Uncharacterized conserved protein	0.0023	0.0008	0.0030	0	5	0	0/5	0.0008	0.0006	0.0008	0.0084	0.0011
COG3576	R	Predicted flavin-nucleotide-binding protein, pyridoxine 5'-phosphate oxidase superfamily	0.5493	0.6919	0.2499	3	5	1	3/5	0.2969	0.7097	0.2068	0.8412	0.6919
COG3577	R	Predicted aspartyl protease	0.0080	0.0086	0.0037	0	5	0	0/5	0.0134	0.0038	0.0086	0.0103	0.0040
COG3579	E	Aminopeptidase C	0.0044	0.0027	0.0033	0	5	0	0/5	0.0023	0.0027	0.0023	0.0109	0.0037
COG3580	R	Predicted nucleotide-binding protein, sugar kinase/HSP70/actin superfamily	0.1602	0.0229	0.2062	1	5	0	1/5	0.0187	0.0229	0.0113	0.5473	0.2007
COG3581	R	Predicted nucleotide-binding protein, sugar kinase/HSP70/actin superfamily	0.0526	0.0166	0.0583	0	5	0	0/5	0.0158	0.0166	0.0124	0.1655	0.0526
COG3582	V	CDC48-associated ubiquitin-like protein CUZ1, contains AN1-type Zn-finger (protection from As/Sb toxicity)	0.3099	0.3311	0.2344	2	5	0	2/5	0.0463	0.5734	0.0396	0.5593	0.3311
COG3583	S	Uncharacterized conserved protein YabE, contains G5 and tandem DUF348 domains	0.0060	0.0027	0.0060	0	5	0	0/5	0.0027	0.0023	0.0018	0.0178	0.0054
COG3584	S	3D (Asp-Asp-Asp) domain, usually in lytic transglycosylases	0.0041	0.0018	0.0052	0	5	0	0/5	0.0018	0.0010	0.0018	0.0144	0.0013
COG3585	H	Molybdopterin-binding protein MopI	0.5201	0.2958	0.3174	2	5	1	2/5	0.2306	0.2958	0.2597	0.9388	0.8758
COG3586	R	Uncharacterized protein domain, C-terminal to COG1479 DNAse/DNA nickase	0.3296	0.3858	0.2196	1	5	0	1/5	0.1078	0.3858	0.0693	0.6657	0.4192
COG3587	V	Restriction endonuclease, type III RM system	0.0501	0.0116	0.0530	0	5	0	0/5	0.0116	0.0918	0.0077	0.1340	0.0054
COG3588	G	Fructose-bisphosphate aldolase class 1	0.0007	0.0005	0.0005	0	5	0	0/5	0.0011	0.0003	0.0014	0.0005	0.0002
COG3589	S	Uncharacterized conserved protein, DUF871 domain	0.0036	0.0029	0.0026	0	5	0	0/5	0.0029	0.0014	0.0034	0.0086	0.0017
COG3590	O	Predicted metalloendopeptidase	0.0058	0.0035	0.0056	0	5	0	0/5	0.0035	0.0044	0.0023	0.0169	0.0020
COG3591	O	V8-like Glu-specific endopeptidase	0.0181	0.0096	0.0197	0	5	0	0/5	0.0096	0.0058	0.0096	0.0574	0.0083
COG3592	S	Uncharacterized Fe-S cluster protein YjdI	0.0260	0.0081	0.0311	0	5	0	0/5	0.0033	0.0323	0.0021	0.0841	0.0081
COG3593	L	Predicted ATP-dependent endonuclease of the OLD family, contains P-loop ATPase and TOPRIM domains	0.2987	0.2734	0.1694	1	5	0	1/5	0.2734	0.3731	0.0741	0.5755	0.1972
COG3594	G	Fucose 4-O-acetylase or related acetyltransferase	0.0413	0.0145	0.0380	0	5	0	0/5	0.0145	0.0083	0.0116	0.1022	0.0700
COG3595	S	Uncharacterized conserved protein YvlB, contains  DUF4097 and DUF4098 domains	0.2260	0.0998	0.2508	1	5	0	1/5	0.0320	0.0998	0.0121	0.6837	0.3023
COG3596	R	Predicted GTPase	0.0061	0.0010	0.0103	0	5	0	0/5	0.0008	0.0010	0.0007	0.0268	0.0014
COG3597	S	Uncharacterized conserved protein, DUF697 family	0.0078	0.0049	0.0079	0	5	0	0/5	0.0020	0.0049	0.0031	0.0233	0.0056
COG3598	L	RecA-family ATPase	0.0063	0.0036	0.0056	0	5	0	0/5	0.0039	0.0030	0.0036	0.0174	0.0034
COG3599	D	Cell division septum initiation protein DivIVA, interacts with FtsZ and MinD	0.0137	0.0028	0.0220	0	5	0	0/5	0.0023	0.0028	0.0031	0.0576	0.0026
COG3600	X	Uncharacterized phage-associated protein, contains DUF4065 domain	0.0409	0.0179	0.0502	0	5	0	0/5	0.0089	0.0332	0.0051	0.1395	0.0179
COG3601	H	Riboflavin transporter FmnP	0.4400	0.5667	0.2724	3	5	0	3/5	0.1326	0.5667	0.1128	0.5835	0.8046
COG3602	T	ACT domain, ACT-3 family	0.0076	0.0073	0.0023	0	5	0	0/5	0.0059	0.0050	0.0073	0.0115	0.0084
COG3603	T	ACT domain, ACT-7 family	0.2111	0.1219	0.2417	1	5	0	1/5	0.0324	0.1219	0.0153	0.6735	0.2126
COG3604	KT	FhlA-type transcriptional regulator, contains GAF, AAA-type ATPase, and DNA-binding Fis domains	0.0174	0.0050	0.0244	0	5	0	0/5	0.0050	0.0047	0.0025	0.0661	0.0089
COG3605	T	Signal transduction protein containing GAF and PtsI domains	0.0066	0.0027	0.0074	0	5	0	0/5	0.0027	0.0027	0.0026	0.0214	0.0034
COG3607	R	Lactoylglutathione lyase-related enzyme, vicinal oxygen chelate (VOC) family	0.0051	0.0025	0.0052	0	5	0	0/5	0.0023	0.0025	0.0021	0.0155	0.0031
COG3608	R	Predicted deacylase	0.2959	0.2140	0.2222	1	5	0	1/5	0.2140	0.1541	0.0954	0.7199	0.2960
COG3609	K	Transcriptional regulator, contains Arc/MetJ-type RHH (ribbon-helix-helix) DNA-binding domain	0.8825	0.9570	0.1477	5	5	1	5/5	0.8668	0.9570	0.6021	0.9944	0.9924
COG3610	S	Uncharacterized membrane protein YjjB, DUF3815 family	0.0103	0.0044	0.0127	0	5	0	0/5	0.0040	0.0050	0.0025	0.0356	0.0044
COG3611	L	Replication initiation and membrane attachment protein DnaB	0.0005	0.0004	0.0003	0	5	0	0/5	0.0004	0.0010	0.0004	0.0001	0.0005
COG3612	S	Predicted DNA-binding protein AF1194, contains HTH domain, DUF2240 family	0.5003	0.5644	0.2504	3	5	1	3/5	0.2959	0.5644	0.1730	0.8939	0.5741
COG3613	F	Nucleoside 2-deoxyribosyltransferase	0.2649	0.2866	0.2018	1	5	0	1/5	0.0683	0.3371	0.0388	0.5938	0.2866
COG3614	T	Extracytoplasmic sensor domain CHASE1 (specificity unknown)	0.0067	0.0031	0.0076	0	5	0	0/5	0.0031	0.0030	0.0012	0.0217	0.0047
COG3615	P	Tellurite resistance protein TehB, SAM-dependent methylase, cupin superfamily	0.0027	0.0011	0.0032	0	5	0	0/5	0.0009	0.0011	0.0004	0.0091	0.0022
COG3616	E	D-serine deaminase, pyridoxal phosphate-dependent	0.0705	0.0175	0.0870	0	5	0	0/5	0.0102	0.0175	0.0141	0.2384	0.0724
COG3617	X	Prophage antirepressor	0.0070	0.0067	0.0039	0	5	0	0/5	0.0134	0.0067	0.0091	0.0027	0.0033
COG3618	R	Predicted metal-dependent hydrolase, TIM-barrel fold	0.0048	0.0014	0.0073	0	5	0	0/5	0.0017	0.0007	0.0014	0.0194	0.0007
COG3619	S	Uncharacterized membrane protein YoaK, UPF0700 family	0.0044	0.0025	0.0042	0	5	0	0/5	0.0029	0.0018	0.0018	0.0128	0.0025
COG3620	K	Predicted transcriptional regulator, contains an XRE-type HTH domain (archaeal members contain CBS pair)	0.8351	0.8422	0.1363	5	5	1	5/5	0.7701	0.8422	0.6130	0.9730	0.9773
COG3621	R	Patatin-like phospholipase/acyl hydrolase, includes sporulation protein CotR	0.0058	0.0019	0.0078	0	5	0	0/5	0.0019	0.0016	0.0011	0.0214	0.0028
COG3622	G	Hydroxypyruvate/dehydroerythronate isomerase, Hyi/OtnI family	0.0176	0.0021	0.0302	0	5	0	0/5	0.0020	0.0013	0.0021	0.0779	0.0049
COG3623	G	L-ribulose-5-phosphate 3-epimerase UlaE	0.0020	0.0011	0.0017	0	5	0	0/5	0.0006	0.0011	0.0007	0.0050	0.0025
COG3624	P	Alpha-D-ribose 1-methylphosphonate 5-triphosphate synthase subunit PhnG	0.0040	0.0023	0.0036	0	5	0	0/5	0.0038	0.0011	0.0023	0.0109	0.0017
COG3625	P	Alpha-D-ribose 1-methylphosphonate 5-triphosphate synthase subunit PhnH	0.0145	0.0051	0.0178	0	5	0	0/5	0.0110	0.0023	0.0051	0.0495	0.0044
COG3626	P	Alpha-D-ribose 1-methylphosphonate 5-triphosphate synthase subunit PhnI	0.0126	0.0041	0.0164	0	5	0	0/5	0.0081	0.0020	0.0041	0.0452	0.0034
COG3627	P	Alpha-D-ribose 1-methylphosphonate 5-phosphate C-P lyase PhnJ	0.0105	0.0047	0.0116	0	5	0	0/5	0.0095	0.0018	0.0047	0.0331	0.0032
COG3628	X	Phage baseplate assembly protein W	0.0376	0.0220	0.0329	0	5	0	0/5	0.0161	0.0343	0.0136	0.1019	0.0220
COG3629	K	DNA-binding transcriptional regulator DnrI/AfsR/EmbR, SARP family, contains BTAD domain	0.0370	0.0106	0.0571	0	5	0	0/5	0.0048	0.0106	0.0057	0.1511	0.0129
COG3630	C	Na+-transporting oxaloacetate/methylmalonyl-CoA decarboxylase, gamma subunit	0.1446	0.0512	0.1597	0	5	0	0/5	0.0363	0.0512	0.0099	0.4401	0.1855
COG3631	R	Ketosteroid isomerase-related protein	0.0509	0.0119	0.0754	0	5	0	0/5	0.0116	0.0063	0.0119	0.2013	0.0232
COG3633	E	Na+/serine and Na+/threonine symporter SstT	0.0010	0.0005	0.0008	0	5	0	0/5	0.0019	0.0005	0.0021	0.0003	0.0004
COG3634	V	Alkyl hydroperoxide reductase subunit AhpF	0.4224	0.3563	0.2633	2	5	0	2/5	0.1249	0.3563	0.1865	0.8178	0.6267
COG3635	G	2,3-bisphosphoglycerate-independent phosphoglycerate mutase, archeal type	0.9908	1.0000	0.0122	5	5	1	5/5	0.9843	1.0000	0.9697	1.0000	1.0000
COG3636	X	Uncharacterized Zn-binding protein, DUF971 domain	0.0022	0.0013	0.0021	0	5	0	0/5	0.0009	0.0013	0.0009	0.0063	0.0016
COG3637	M	Opacity protein LomR and related surface antigens	0.0007	0.0004	0.0006	0	5	0	0/5	0.0012	0.0001	0.0017	0.0004	0.0001
COG3638	P	ABC-type phosphate/phosphonate transport system, ATPase component	0.0457	0.0064	0.0807	0	5	0	0/5	0.0086	0.0009	0.0064	0.2069	0.0055
COG3639	P	ABC-type phosphate/phosphonate transport system, permease component	0.0418	0.0072	0.0725	0	5	0	0/5	0.0081	0.0009	0.0072	0.1867	0.0059
COG3640	O	CO dehydrogenase nickel-insertion accessory protein CooC1	0.9962	1.0000	0.0047	5	5	1	5/5	0.9909	1.0000	0.9899	1.0000	1.0000
COG3641	T	Membrane regulatory protein PfoR, PTS_EIIC_2 domain (does not regulate perfringolysin expression)	0.0012	0.0009	0.0005	0	5	0	0/5	0.0007	0.0009	0.0015	0.0021	0.0007
COG3642	J	tRNA A-37 threonylcarbamoyl transferase component Bud32	0.1343	0.1423	0.0456	0	5	0	0/5	0.0778	0.1810	0.0854	0.1423	0.1851
COG3643	E	Glutamate formiminotransferase	0.2000	0.1509	0.2052	1	5	0	1/5	0.0143	0.1509	0.0191	0.5729	0.2426
COG3644	S	Uncharacterized conserved protein, DUF2239 domain	0.0087	0.0027	0.0123	0	5	0	0/5	0.0008	0.0027	0.0005	0.0329	0.0066
COG3645	X	Phage antirepressor protein YoqD, KilAC domain	0.0031	0.0033	0.0010	0	5	0	0/5	0.0045	0.0024	0.0036	0.0033	0.0017
COG3646	X	Phage regulatory protein Rha	0.0016	0.0015	0.0006	0	5	0	0/5	0.0021	0.0015	0.0023	0.0009	0.0010
COG3647	S	Uncharacterized membrane protein YjdF	0.0020	0.0013	0.0015	0	5	0	0/5	0.0013	0.0010	0.0010	0.0049	0.0017
COG3648	Q	Uricase (urate oxidase)	0.0133	0.0038	0.0190	0	5	0	0/5	0.0012	0.0038	0.0007	0.0508	0.0100
COG3649	V	CRISPR-Cas system type I effector complex subunit Cas7,  RAMP superfamily	0.4048	0.4120	0.2295	2	5	0	2/5	0.2205	0.5275	0.1058	0.7581	0.4120
COG3650	S	Uncharacterized membrane protein	0.0010	0.0004	0.0012	0	5	0	0/5	0.0002	0.0004	0.0002	0.0033	0.0009
COG3651	S	Uncharacterized conserved protein, DUF2237 family	0.0102	0.0041	0.0121	0	5	0	0/5	0.0036	0.0041	0.0023	0.0343	0.0067
COG3652	S	Predicted outer membrane protein, contains DUF4142 domain	0.0017	0.0007	0.0021	0	5	0	0/5	0.0005	0.0006	0.0007	0.0059	0.0009
COG3653	Q	N-acyl-D-aspartate/D-glutamate deacylase	0.2622	0.0964	0.2699	2	5	0	2/5	0.0253	0.0964	0.0197	0.6674	0.5021
COG3654	X	Prophage maintenance system killer protein	0.0886	0.0612	0.0759	0	5	0	0/5	0.0470	0.0740	0.0239	0.2367	0.0612
COG3655	K	DNA-binding transcriptional regulator, XRE family	0.0012	0.0011	0.0010	0	5	0	0/5	0.0028	0.0002	0.0019	0.0011	0.0002
COG3656	S	Predicted periplasmic protein	0.0024	0.0024	0.0005	0	5	0	0/5	0.0024	0.0018	0.0019	0.0033	0.0025
COG3657	V	Putative component of the toxin-antitoxin plasmid stabilization module	0.0021	0.0016	0.0012	0	5	0	0/5	0.0011	0.0016	0.0011	0.0043	0.0022
COG3658	C	Cytochrome b subunit of Ni2+-dependent hydrogenase	0.0118	0.0049	0.0158	0	5	0	0/5	0.0017	0.0049	0.0012	0.0431	0.0083
COG3659	M	Carbohydrate-selective porin OprB	0.0053	0.0041	0.0040	0	5	0	0/5	0.0028	0.0041	0.0023	0.0131	0.0044
COG3660	D	Mitochondrial fission protein ELM1	0.0041	0.0036	0.0015	0	5	0	0/5	0.0028	0.0036	0.0025	0.0067	0.0049
COG3661	G	Alpha-glucuronidase	0.0145	0.0059	0.0166	0	5	0	0/5	0.0091	0.0043	0.0055	0.0476	0.0059
COG3662	S	Uncharacterized conserved protein, DUF2236 family	0.0028	0.0009	0.0037	0	5	0	0/5	0.0006	0.0009	0.0007	0.0102	0.0018
COG3663	L	G:T/U-mismatch repair DNA glycosylase	0.0068	0.0035	0.0068	0	5	0	0/5	0.0059	0.0020	0.0035	0.0202	0.0026
COG3664	G	Beta-xylosidase	0.0125	0.0082	0.0108	0	5	0	0/5	0.0085	0.0053	0.0082	0.0339	0.0066
COG3665	S	Uncharacterized conserved protein YcgI, DUF1989 family	0.0139	0.0060	0.0162	0	5	0	0/5	0.0034	0.0060	0.0034	0.0459	0.0110
COG3666	X	Transposase, IS1182 family	0.2428	0.1873	0.2591	1	5	0	1/5	0.0413	0.1873	0.0275	0.7379	0.2202
COG3667	P	Uncharacterized conserved protein involved in copper resistance	0.0026	0.0018	0.0025	0	5	0	0/5	0.0009	0.0018	0.0006	0.0075	0.0024
COG3668	X	Plasmid stabilization system protein ParE	0.0112	0.0076	0.0053	0	5	0	0/5	0.0151	0.0064	0.0076	0.0197	0.0071
COG3669	G	Alpha-L-fucosidase	0.0180	0.0097	0.0113	0	5	0	0/5	0.0097	0.0352	0.0085	0.0279	0.0088
COG3670	Q	Carotenoid cleavage dioxygenase or a related enzyme	0.0230	0.0040	0.0325	0	5	0	0/5	0.0040	0.0028	0.0034	0.0870	0.0178
COG3671	S	Uncharacterized membrane protein	0.0058	0.0038	0.0055	0	5	0	0/5	0.0020	0.0038	0.0012	0.0163	0.0055
COG3672	O	Predicted transglutaminase-like protein	0.0081	0.0078	0.0019	0	5	0	0/5	0.0094	0.0053	0.0109	0.0078	0.0069
COG3673	S	Uncharacterized conserved protein, PA2063/DUF2235 family	0.0033	0.0010	0.0042	0	5	0	0/5	0.0010	0.0010	0.0006	0.0116	0.0021
COG3675	I	Predicted lipase	0.0018	0.0016	0.0006	0	5	0	0/5	0.0022	0.0013	0.0016	0.0026	0.0011
COG3676	X	Transposase and inactivated derivatives	0.0199	0.0194	0.0129	0	5	0	0/5	0.0076	0.0213	0.0082	0.0432	0.0194
COG3677	X	Transposase InsA	0.2505	0.1884	0.2510	1	5	0	1/5	0.0744	0.1884	0.0442	0.7363	0.2094
COG3678	O	Periplasmic chaperone Spy, Spy/CpxP family	0.0108	0.0052	0.0129	0	5	0	0/5	0.0023	0.0052	0.0015	0.0361	0.0087
COG3679	T	Cell fate regulator YlbF, YheA/YmcA/DUF963 family (controls sporulation, competence, biofilm development)	0.2922	0.2972	0.2424	1	5	0	1/5	0.0336	0.2972	0.0156	0.6273	0.4873
COG3680	S	Uncharacterized protein, contains GIY-YIG domain	0.0029	0.0014	0.0032	0	5	0	0/5	0.0009	0.0014	0.0007	0.0091	0.0022
COG3681	E	L-cysteine desulfidase YhaM	0.1431	0.1106	0.1406	0	5	0	0/5	0.0231	0.1633	0.0167	0.4020	0.1106
COG3682	K	Transcriptional regulator, CopY/TcrY family	0.4294	0.5044	0.2840	3	5	0	3/5	0.1433	0.5044	0.0591	0.7893	0.6509
COG3683	R	ABC-type uncharacterized transport system, periplasmic component	0.0063	0.0042	0.0041	0	5	0	0/5	0.0041	0.0042	0.0026	0.0140	0.0066
COG3684	GP	Tagatose-1,6-bisphosphate/sulfofructosephosphate aldolase	0.0098	0.0077	0.0070	0	5	0	0/5	0.0058	0.0036	0.0077	0.0234	0.0083
COG3685	P	Ferritin-like metal-binding protein YciE	0.0134	0.0030	0.0214	0	5	0	0/5	0.0018	0.0024	0.0030	0.0561	0.0036
COG3686	S	Uncharacterized conserved protein, MAPEG superfamily	0.0013	0.0011	0.0007	0	5	0	0/5	0.0005	0.0011	0.0007	0.0025	0.0017
COG3687	R	Predicted metal-dependent hydrolase	0.0027	0.0017	0.0024	0	5	0	0/5	0.0008	0.0017	0.0006	0.0072	0.0030
COG3688	J	EndoRNase involved in mRNA decay, NYN (Nedd4-BP1/Rae1/YacP nuclease) family,  contains PIN domain	0.0573	0.0232	0.0685	0	5	0	0/5	0.0133	0.0232	0.0078	0.1911	0.0511
COG3689	S	Uncharacterized membrane protein YcgQ,  UPF0703/DUF1980 family	0.0083	0.0036	0.0093	0	5	0	0/5	0.0036	0.0028	0.0023	0.0268	0.0062
COG3691	S	Uncharacterized conserved protein YfcZ, UPF0381/DUF406 family	0.0024	0.0011	0.0032	0	5	0	0/5	0.0000	0.0011	0.0000	0.0085	0.0026
COG3692	S	Uncharacterized conserved protein YifN, PemK superfamily	0.0011	0.0009	0.0008	0	5	0	0/5	0.0004	0.0009	0.0004	0.0025	0.0014
COG3693	G	Endo-1,4-beta-xylanase, GH35 family	0.0482	0.0153	0.0558	0	5	0	0/5	0.0134	0.0126	0.0153	0.1576	0.0420
COG3694	R	ABC-type uncharacterized transport system, permease component	0.0014	0.0005	0.0012	0	5	0	0/5	0.0027	0.0003	0.0031	0.0005	0.0003
COG3695	K	Alkylated DNA nucleotide flippase Atl1, participates in nucleotide excision repair, Ada-like DNA-binding domain	0.0299	0.0186	0.0282	0	5	0	0/5	0.0853	0.0080	0.0241	0.0186	0.0135
COG3696	P	Cu/Ag efflux pump CusA	0.0052	0.0009	0.0083	0	5	0	0/5	0.0009	0.0009	0.0005	0.0217	0.0018
COG3697	HI	Phosphoribosyl-dephospho-CoA transferase (holo-ACP synthetase)	0.0030	0.0021	0.0017	0	5	0	0/5	0.0017	0.0021	0.0013	0.0059	0.0038
COG3698	S	Uncharacterized conserved protein YigE, DUF2233 family	0.0011	0.0005	0.0010	0	5	0	0/5	0.0005	0.0005	0.0005	0.0031	0.0011
COG3700	PR	Acid phosphatase, class B	0.0054	0.0048	0.0044	0	5	0	0/5	0.0014	0.0048	0.0011	0.0132	0.0066
COG3701	U	Type IV secretory pathway, TrbF component	0.0013	0.0015	0.0005	0	5	0	0/5	0.0018	0.0008	0.0015	0.0016	0.0006
COG3702	U	Type IV secretory pathway, VirB3 component	0.0009	0.0009	0.0001	0	5	0	0/5	0.0011	0.0007	0.0009	0.0010	0.0008
COG3703	P	Gamma-glutamylcyclotransferase ChaC2 (glutathione degradation)	0.0292	0.0201	0.0234	0	5	0	0/5	0.0198	0.0092	0.0201	0.0751	0.0218
COG3704	U	Type IV secretory pathway, VirB6 component	0.0015	0.0014	0.0003	0	5	0	0/5	0.0014	0.0011	0.0014	0.0021	0.0014
COG3705	E	ATP phosphoribosyltransferase regulatory subunit HisZ	0.0137	0.0137	0.0063	0	5	0	0/5	0.0137	0.0060	0.0235	0.0171	0.0081
COG3707	TK	Two-component response regulator, AmiR/NasT family, consists of REC and RNA-binding antiterminator (ANTAR) domains	0.0129	0.0055	0.0125	0	5	0	0/5	0.0131	0.0035	0.0055	0.0370	0.0052
COG3708	K	Predicted transcriptional regulator YdeE, contains AraC-type DNA-binding domain	0.0113	0.0135	0.0058	0	5	0	0/5	0.0135	0.0060	0.0144	0.0194	0.0034
COG3709	G	Ribose 1,5-bisphosphate kinase PhnN	0.0110	0.0096	0.0053	0	5	0	0/5	0.0070	0.0048	0.0096	0.0198	0.0140
COG3710	K	DNA-binding winged helix-turn-helix (wHTH) domain	0.0044	0.0018	0.0054	0	5	0	0/5	0.0011	0.0018	0.0010	0.0151	0.0029
COG3711	K	Transcriptional antiterminator	0.0016	0.0018	0.0004	0	5	0	0/5	0.0019	0.0009	0.0018	0.0020	0.0016
COG3712	PT	Periplasmic ferric-dicitrate binding protein FecR, regulates iron transport	0.0050	0.0045	0.0013	0	5	0	0/5	0.0063	0.0045	0.0034	0.0067	0.0042
COG3713	M	Outer membrane scaffolding protein for murein synthesis, MipA/OmpV family	0.0014	0.0007	0.0012	0	5	0	0/5	0.0006	0.0007	0.0004	0.0036	0.0016
COG3714	S	Uncharacterized membrane protein YhhN	0.0107	0.0028	0.0116	0	5	0	0/5	0.0028	0.0028	0.0028	0.0326	0.0127
COG3715	G	Phosphotransferase system, mannose/fructose/N-acetylgalactosamine-specific IIC component	0.0008	0.0005	0.0004	0	5	0	0/5	0.0009	0.0005	0.0014	0.0005	0.0005
COG3716	G	Phosphotransferase system, mannose/fructose/N-acetylgalactosamine-specific IID component	0.0003	0.0002	0.0002	0	5	0	0/5	0.0003	0.0002	0.0006	0.0001	0.0001
COG3717	G	5-keto 4-deoxyuronate isomerase	0.0003	0.0002	0.0002	0	5	0	0/5	0.0005	0.0002	0.0005	0.0002	0.0001
COG3718	G	5-deoxy-D-glucuronate isomerase	0.0081	0.0062	0.0050	0	5	0	0/5	0.0060	0.0029	0.0078	0.0176	0.0062
COG3719	J	Ribonuclease I	0.0046	0.0044	0.0028	0	5	0	0/5	0.0022	0.0048	0.0021	0.0097	0.0044
COG3720	P	Putative heme degradation protein	0.0014	0.0010	0.0009	0	5	0	0/5	0.0010	0.0008	0.0007	0.0031	0.0012
COG3721	P	Putative heme iron utilization protein	0.0031	0.0024	0.0020	0	5	0	0/5	0.0013	0.0024	0.0015	0.0069	0.0034
COG3722	K	DNA-binding transcriptional regulator, MltR family	0.0069	0.0037	0.0070	0	5	0	0/5	0.0024	0.0037	0.0019	0.0205	0.0058
COG3723	L	Recombinational DNA repair protein RecT	0.0027	0.0029	0.0014	0	5	0	0/5	0.0041	0.0011	0.0043	0.0029	0.0012
COG3724	E	Succinylarginine dihydrolase	0.0007	0.0006	0.0003	0	5	0	0/5	0.0006	0.0005	0.0003	0.0011	0.0008
COG3725	V	Membrane protein AmpE required for beta-lactamase induction	0.0045	0.0034	0.0045	0	5	0	0/5	0.0005	0.0034	0.0007	0.0128	0.0049
COG3726	S	Uncharacterized membrane protein Smp affecting hemolysin expression	0.0029	0.0017	0.0036	0	5	0	0/5	0.0001	0.0017	0.0001	0.0098	0.0028
COG3727	L	G:T-mismatch repair DNA endonuclease Vsr, very short patch repair protein	0.0668	0.0400	0.0652	0	5	0	0/5	0.0358	0.0499	0.0131	0.1950	0.0400
COG3728	X	Phage terminase, small subunit	0.0012	0.0014	0.0005	0	5	0	0/5	0.0015	0.0006	0.0014	0.0017	0.0006
COG3729	R	General stress protein YciG, contains tandem KGG domains	0.0296	0.0161	0.0338	0	5	0	0/5	0.0047	0.0161	0.0057	0.0954	0.0260
COG3730	G	Phosphotransferase system sorbitol-specific IIC component	0.0013	0.0010	0.0006	0	5	0	0/5	0.0008	0.0010	0.0007	0.0023	0.0019
COG3731	G	Phosphotransferase system sorbitol-specific IIA component	0.0011	0.0010	0.0005	0	5	0	0/5	0.0006	0.0010	0.0006	0.0017	0.0015
COG3732	G	Phosphotransferase system sorbitol-specific IIB component	0.0016	0.0011	0.0010	0	5	0	0/5	0.0008	0.0011	0.0007	0.0034	0.0021
COG3733	Q	Cu2+-containing amine oxidase	0.0233	0.0038	0.0392	0	5	0	0/5	0.0012	0.0089	0.0011	0.1016	0.0038
COG3734	G	2-keto-3-deoxy-galactonokinase	0.0027	0.0009	0.0033	0	5	0	0/5	0.0009	0.0006	0.0009	0.0092	0.0021
COG3735	S	Uncharacterized conserved protein YbaP, TraB family	0.0009	0.0005	0.0005	0	5	0	0/5	0.0017	0.0004	0.0013	0.0005	0.0004
COG3736	U	Type IV secretory pathway, component VirB8	0.0008	0.0009	0.0001	0	5	0	0/5	0.0009	0.0009	0.0007	0.0008	0.0009
COG3737	S	Uncharacterized protein, contains Mth938-like domain	0.0091	0.0040	0.0084	0	5	0	0/5	0.0027	0.0040	0.0017	0.0237	0.0132
COG3738	S	Uncharacterized conserved protein YijF, DUF1287 family	0.0006	0.0006	0.0002	0	5	0	0/5	0.0009	0.0003	0.0006	0.0005	0.0006
COG3739	S	Uncharacterized membrane protein YoaT, DUF817 family	0.0004	0.0003	0.0002	0	5	0	0/5	0.0002	0.0003	0.0003	0.0008	0.0004
COG3740	X	Phage head maturation protease	0.0015	0.0010	0.0009	0	5	0	0/5	0.0027	0.0006	0.0024	0.0010	0.0007
COG3741	E	N-formylglutamate amidohydrolase	0.0238	0.0128	0.0225	0	5	0	0/5	0.0128	0.0202	0.0121	0.0679	0.0059
COG3742	V	VapC family ribonuclease, contains PIN domain	0.0050	0.0023	0.0055	0	5	0	0/5	0.0014	0.0023	0.0010	0.0158	0.0044
COG3743	L	Predicted 5' DNA nuclease, flap endonuclease-1-like, helix-3-turn-helix (H3TH) domain	0.1150	0.0259	0.1218	0	5	0	0/5	0.0251	0.0259	0.0164	0.3241	0.1835
COG3744	V	PIN domain nuclease, a component of toxin-antitoxin system (PIN domain)	0.0157	0.0141	0.0085	0	5	0	0/5	0.0142	0.0141	0.0083	0.0322	0.0099
COG3745	UW	Flp pilus assembly protein CpaB	0.0011	0.0015	0.0005	0	5	0	0/5	0.0015	0.0005	0.0015	0.0015	0.0006
COG3746	P	Phosphate-selective porin	0.0069	0.0037	0.0055	0	5	0	0/5	0.0028	0.0037	0.0026	0.0171	0.0082
COG3747	X	Phage terminase, small subunit	0.0024	0.0017	0.0015	0	5	0	0/5	0.0016	0.0017	0.0015	0.0055	0.0019
COG3748	S	Uncharacterized membrane protein	0.0004	0.0004	0.0001	0	5	0	0/5	0.0003	0.0004	0.0004	0.0003	0.0005
COG3749	S	Uncharacterized conserved protein, DUF934 family	0.0048	0.0037	0.0022	0	5	0	0/5	0.0037	0.0034	0.0026	0.0089	0.0055
COG3750	S	Uncharacterized conserved protein, UPF0335 family	0.0021	0.0022	0.0003	0	5	0	0/5	0.0022	0.0023	0.0018	0.0025	0.0018
COG3751	JO	Proline 4-hydroxylase (includes Rps23 Pro-64 3,4-dihydroxylase Tpa1), contains SM-20 domain	0.0020	0.0023	0.0010	0	5	0	0/5	0.0023	0.0009	0.0025	0.0034	0.0009
COG3752	R	Steroid 5-alpha reductase family enzyme	0.0030	0.0031	0.0008	0	5	0	0/5	0.0031	0.0015	0.0033	0.0041	0.0029
COG3753	S	Uncharacterized conserved protein YidB, DUF937 family	0.0025	0.0015	0.0024	0	5	0	0/5	0.0006	0.0015	0.0007	0.0070	0.0027
COG3754	M	Lipopolysaccharide biosynthesis protein	0.0011	0.0009	0.0002	0	5	0	0/5	0.0011	0.0009	0.0009	0.0015	0.0009
COG3755	S	Uncharacterized conserved protein YecT, DUF1311 family	0.0015	0.0009	0.0015	0	5	0	0/5	0.0008	0.0009	0.0005	0.0045	0.0009
COG3756	S	Uncharacterized conserved protein YdaU, DUF1376 family	0.0010	0.0006	0.0007	0	5	0	0/5	0.0005	0.0005	0.0006	0.0023	0.0010
COG3757	M	Lyzozyme M1 (1,4-beta-N-acetylmuramidase), GH25 family	0.0004	0.0002	0.0003	0	5	0	0/5	0.0007	0.0002	0.0009	0.0002	0.0002
COG3758	S	Various environmental stresses-induced protein Ves (function unknown)	0.0018	0.0009	0.0020	0	5	0	0/5	0.0003	0.0009	0.0005	0.0056	0.0016
COG3759	S	Uncharacterized membrane protein	0.0005	0.0003	0.0004	0	5	0	0/5	0.0002	0.0003	0.0002	0.0012	0.0004
COG3760	R	Predicted aminoacyl-tRNA deacylase, YbaK-like aminoacyl-tRNA editing domain	0.0036	0.0030	0.0017	0	5	0	0/5	0.0062	0.0018	0.0050	0.0030	0.0021
COG3761	C	NADH:ubiquinone oxidoreductase NDUFA12 subunit (Leigh syndrome)	0.0065	0.0034	0.0074	0	5	0	0/5	0.0001	0.0034	0.0003	0.0199	0.0089
COG3762	S	Uncharacterized membrane protein	0.0034	0.0025	0.0021	0	5	0	0/5	0.0016	0.0025	0.0013	0.0067	0.0050
COG3763	S	Uncharacterized conserved protein YneF, UPF0154 family	0.0019	0.0019	0.0012	0	5	0	0/5	0.0005	0.0037	0.0006	0.0019	0.0026
COG3764	M	Sortase (surface protein transpeptidase)	0.0118	0.0039	0.0170	0	5	0	0/5	0.0042	0.0039	0.0025	0.0457	0.0026
COG3765	M	LPS O-antigen chain length determinant protein, WzzB/FepE family	0.0012	0.0007	0.0010	0	5	0	0/5	0.0007	0.0006	0.0005	0.0031	0.0013
COG3766	S	Uncharacterized membrane protein YjfL, UPF0719 family	0.0014	0.0005	0.0018	0	5	0	0/5	0.0009	0.0003	0.0005	0.0050	0.0004
COG3767	S	Uncharacterized low-complexity protein	0.0034	0.0036	0.0023	0	5	0	0/5	0.0012	0.0037	0.0010	0.0074	0.0036
COG3768	S	Uncharacterized membrane protein YcjF, UPF0283 family	0.0030	0.0017	0.0028	0	5	0	0/5	0.0017	0.0013	0.0015	0.0085	0.0021
COG3769	G	Mannosyl-3-phosphoglycerate phosphatase YedP/MpgP, HAD superfamily	0.5583	0.7362	0.2928	3	5	1	3/5	0.2368	0.8005	0.1697	0.8482	0.7362
COG3770	M	Murein endopeptidase MepA (D-alanyl-D-alanine-endopeptidase)	0.0055	0.0027	0.0062	0	5	0	0/5	0.0018	0.0027	0.0020	0.0178	0.0034
COG3771	S	Lipopolysaccharide assembly protein YciS/LapA, DUF1049 family	0.0009	0.0007	0.0009	0	5	0	0/5	0.0000	0.0007	0.0000	0.0024	0.0012
COG3772	M	Phage-related lysozyme (muramidase), GH24 family	0.0026	0.0023	0.0011	0	5	0	0/5	0.0023	0.0016	0.0025	0.0048	0.0018
COG3773	DM	Cell wall hydrolase CwlJ, involved in spore germination	0.0018	0.0017	0.0005	0	5	0	0/5	0.0020	0.0014	0.0027	0.0017	0.0013
COG3774	M	Mannosyltransferase OCH1 or related enzyme	0.0061	0.0030	0.0051	0	5	0	0/5	0.0022	0.0156	0.0072	0.0030	0.0023
COG3775	G	Phosphotransferase system, galactitol-specific IIC component	0.0089	0.0069	0.0043	0	5	0	0/5	0.0069	0.0047	0.0051	0.0157	0.0119
COG3776	S	Uncharacterized conserved protein YhhL, DUF1145 family	0.0026	0.0016	0.0029	0	5	0	0/5	0.0001	0.0016	0.0001	0.0080	0.0034
COG3777	I	Hydroxyacyl-ACP dehydratase HTD2, hotdog domain	0.0067	0.0012	0.0105	0	5	0	0/5	0.0006	0.0012	0.0006	0.0276	0.0036
COG3778	X	Uncharacterized conserved protein YmfQ in lambdoid prophage, DUF2313 family	0.0008	0.0008	0.0002	0	5	0	0/5	0.0008	0.0005	0.0009	0.0010	0.0007
COG3779	S	Uncharacterized conserved protein YegJ, DUF2314 family	0.0015	0.0007	0.0016	0	5	0	0/5	0.0004	0.0007	0.0003	0.0047	0.0014
COG3780	L	DNA endonuclease related to intein-encoded endonucleases	0.3430	0.4211	0.2291	1	5	0	1/5	0.0994	0.4211	0.0713	0.6791	0.4443
COG3781	P	Predicted membrane chloride channel, bestrophin family	0.0030	0.0014	0.0026	0	5	0	0/5	0.0013	0.0014	0.0011	0.0080	0.0032
COG3782	S	Uncharacterized conserved protein, DUF1853 domain	0.0007	0.0006	0.0004	0	5	0	0/5	0.0003	0.0008	0.0004	0.0014	0.0006
COG3783	C	Soluble cytochrome b562	0.0017	0.0008	0.0021	0	5	0	0/5	0.0000	0.0008	0.0000	0.0055	0.0020
COG3784	S	Uncharacterized conserved protein YdbL, DUF1318 family	0.0085	0.0030	0.0088	0	5	0	0/5	0.0015	0.0030	0.0010	0.0234	0.0136
COG3785	O	Heat shock protein HspQ	0.0008	0.0007	0.0003	0	5	0	0/5	0.0007	0.0005	0.0005	0.0013	0.0009
COG3786	M	L,D-peptidoglycan transpeptidase YkuD, ErfK/YbiS/YcfS/YnhG family	0.0004	0.0004	0.0001	0	5	0	0/5	0.0004	0.0003	0.0004	0.0004	0.0005
COG3787	S	Uncharacterized conserved protein YhbP, UPF0306 family	0.0112	0.0071	0.0083	0	5	0	0/5	0.0040	0.0071	0.0050	0.0265	0.0134
COG3788	S	Uncharacterized membrane protein YecN, MAPEG domain	0.0009	0.0010	0.0002	0	5	0	0/5	0.0010	0.0008	0.0006	0.0011	0.0011
COG3789	S	Uncharacterized conserved protein YjfI, DUF2170 family	0.0014	0.0010	0.0013	0	5	0	0/5	0.0002	0.0010	0.0002	0.0037	0.0019
COG3790	S	Predicted membrane protein, encoded in cydAB operon	0.0027	0.0019	0.0027	0	5	0	0/5	0.0003	0.0019	0.0003	0.0077	0.0033
COG3791	S	Uncharacterized conserved protein	0.0007	0.0004	0.0005	0	5	0	0/5	0.0004	0.0002	0.0006	0.0017	0.0004
COG3792	S	Uncharacterized conserved protein, DUF596 domain	0.0006	0.0003	0.0007	0	5	0	0/5	0.0000	0.0003	0.0000	0.0018	0.0007
COG3793	P	Tellurite resistance protein TerB	0.0082	0.0043	0.0083	0	5	0	0/5	0.0043	0.0028	0.0031	0.0247	0.0060
COG3794	C	Plastocyanin	0.2424	0.2372	0.2132	1	5	0	1/5	0.0459	0.2797	0.0298	0.6193	0.2372
COG3795	Q	5-chloro-2-hydroxyhydroquinone dehydrochlorinase TtfG, YCII superfamily	0.0100	0.0016	0.0167	0	5	0	0/5	0.0014	0.0016	0.0012	0.0435	0.0024
COG3797	S	Uncharacterized conserved protein, DUF1697 family	0.0952	0.0990	0.0815	0	5	0	0/5	0.0184	0.1129	0.0099	0.2357	0.0990
COG3798	S	Uncharacterized conserved protein, DUF2171 domain	0.0040	0.0023	0.0042	0	5	0	0/5	0.0008	0.0023	0.0008	0.0121	0.0038
COG3799	E	Methylaspartate ammonia-lyase	0.0494	0.0082	0.0849	0	5	0	0/5	0.0082	0.0049	0.0043	0.2191	0.0106
COG3800	R	Predicted transcriptional regulator	0.0054	0.0019	0.0073	0	5	0	0/5	0.0004	0.0019	0.0003	0.0196	0.0049
COG3801	S	Uncharacterized conserved protein	0.0101	0.0030	0.0148	0	5	0	0/5	0.0017	0.0030	0.0023	0.0396	0.0040
COG3802	S	Uncharacterized conserved protein GguC, FAA hydrolase family	0.0033	0.0015	0.0030	0	5	0	0/5	0.0014	0.0015	0.0011	0.0091	0.0034
COG3803	S	Uncharacterized conserved protein, DUF924 family	0.0007	0.0006	0.0003	0	5	0	0/5	0.0005	0.0004	0.0006	0.0013	0.0006
COG3804	S	Uncharacterized conserved protein	0.3474	0.2132	0.2872	2	5	0	2/5	0.0696	0.2132	0.0680	0.6794	0.7066
COG3805	Q	Aromatic ring-cleaving dioxygenase	0.0020	0.0012	0.0016	0	5	0	0/5	0.0008	0.0012	0.0009	0.0052	0.0017
COG3806	T	Anti-sigma factor ChrR, cupin superfamily	0.0081	0.0057	0.0068	0	5	0	0/5	0.0032	0.0057	0.0028	0.0212	0.0074
COG3807	S	SH3-like domain	0.0008	0.0007	0.0003	0	5	0	0/5	0.0009	0.0004	0.0013	0.0007	0.0006
COG3808	C	Na+ or H+-translocating membrane pyrophosphatase	0.8709	0.9004	0.0738	5	5	1	5/5	0.7300	0.9004	0.8688	0.9231	0.9322
COG3809	R	Predicted nucleic acid-binding protein, contains Zn-finger domain	0.0688	0.0336	0.0535	0	5	0	0/5	0.0237	0.1125	0.0336	0.1522	0.0220
COG3811	S	Uncharacterized conserved protein YjhX, UPF0386/DUF2084 family	0.0018	0.0007	0.0023	0	5	0	0/5	0.0001	0.0007	0.0001	0.0061	0.0019
COG3812	S	Uncharacterized conserved protein, DUF1993 domain	0.0006	0.0005	0.0003	0	5	0	0/5	0.0004	0.0005	0.0004	0.0012	0.0007
COG3813	S	Uncharacterized conserved protein, DUF1272 domain	0.0031	0.0012	0.0036	0	5	0	0/5	0.0004	0.0012	0.0006	0.0101	0.0031
COG3814	O	SspB-like protein, predicted to bind SsrA peptide	0.0081	0.0090	0.0047	0	5	0	0/5	0.0030	0.0109	0.0027	0.0150	0.0090
COG3815	S	Uncharacterized membrane protein	0.3594	0.3149	0.2106	2	5	0	2/5	0.1398	0.3149	0.1335	0.6210	0.5877
COG3816	S	Uncharacterized conserved protein, DUF1285 family	0.0149	0.0055	0.0200	0	5	0	0/5	0.0022	0.0055	0.0024	0.0545	0.0097
COG3817	S	Uncharacterized membrane protein	0.0013	0.0009	0.0010	0	5	0	0/5	0.0007	0.0009	0.0007	0.0033	0.0011
COG3818	R	Predicted N-acetyltransferase, GNAT superfamily	0.0037	0.0019	0.0029	0	5	0	0/5	0.0014	0.0017	0.0019	0.0090	0.0046
COG3819	S	Uncharacterized membrane protein	0.0012	0.0008	0.0010	0	5	0	0/5	0.0007	0.0008	0.0007	0.0032	0.0008
COG3820	S	Uncharacterized conserved protein, DUF1013 family	0.0025	0.0020	0.0023	0	5	0	0/5	0.0003	0.0020	0.0004	0.0066	0.0031
COG3821	S	Uncharacterized membrane protein	0.0096	0.0073	0.0088	0	5	0	0/5	0.0030	0.0073	0.0027	0.0267	0.0082
COG3822	G	D-lyxose ketol-isomerase	0.0171	0.0056	0.0186	0	5	0	0/5	0.0056	0.0053	0.0034	0.0527	0.0185
COG3823	O	Glutamine cyclotransferase	0.0373	0.0290	0.0188	0	5	0	0/5	0.0290	0.0211	0.0347	0.0739	0.0277
COG3824	O	Predicted Zn-dependent protease, minimal metalloprotease (MMP)-like domain	0.0228	0.0041	0.0368	0	5	0	0/5	0.0017	0.0041	0.0025	0.0963	0.0094
COG3825	S	Uncharacterized CoxE-like protein,  contains von Willebrand factor type A (vWA) domain	0.0486	0.0232	0.0513	0	5	0	0/5	0.0059	0.0232	0.0121	0.1450	0.0568
COG3826	S	Uncharacterized conserved protein	0.0158	0.0024	0.0260	0	5	0	0/5	0.0015	0.0024	0.0017	0.0678	0.0055
COG3827	D	Cell pole-organizing protein PopZ	0.0017	0.0015	0.0005	0	5	0	0/5	0.0023	0.0014	0.0022	0.0015	0.0010
COG3828	R	Type 1 glutamine amidotransferase (GATase1)-like domain	0.0170	0.0066	0.0201	0	5	0	0/5	0.0059	0.0129	0.0066	0.0568	0.0030
COG3829	KT	RocR-type transcriptional regulator, contains PAS, AAA-type ATPase, and DNA-binding Fis domains	0.0499	0.0159	0.0692	0	5	0	0/5	0.0107	0.0159	0.0109	0.1880	0.0242
COG3830	T	ACT domain, binds amino acids and other small ligands	0.6594	0.8628	0.2977	3	5	1	3/5	0.2100	0.9275	0.3958	0.8628	0.9009
COG3831	K	WGR domain, predicted DNA-binding domain in MolR	0.0080	0.0042	0.0073	0	5	0	0/5	0.0056	0.0038	0.0042	0.0226	0.0037
COG3832	I	Chalcone/flavanone-binding protein YndB, AHSA1/START/SRPBCC domain	0.0820	0.0601	0.0894	0	5	0	0/5	0.0094	0.0601	0.0115	0.2530	0.0759
COG3833	G	ABC-type maltose transport system, permease component MalG	0.0919	0.0150	0.1369	0	5	0	0/5	0.0070	0.0150	0.0039	0.3612	0.0726
COG3835	KT	Sugar diacid utilization regulator CdaR	0.0025	0.0018	0.0016	0	5	0	0/5	0.0018	0.0011	0.0018	0.0055	0.0021
COG3836	G	2-keto-3-deoxy-L-rhamnonate aldolase RhmA	0.2076	0.0965	0.1907	1	5	0	1/5	0.0746	0.0965	0.0662	0.5698	0.2309
COG3837	S	Uncharacterized conserved protein, cupin superfamily	0.0272	0.0146	0.0325	0	5	0	0/5	0.0182	0.0076	0.0040	0.0914	0.0146
COG3838	U	Type IV secretory pathway, VirB2 component (pilin)	0.0008	0.0008	0.0003	0	5	0	0/5	0.0012	0.0005	0.0011	0.0008	0.0006
COG3839	G	ABC-type sugar transport system, ATPase component MalK	0.9906	0.9988	0.0119	5	5	1	5/5	0.9847	0.9988	0.9697	0.9999	0.9998
COG3840	H	ABC-type thiamine transport system, ATPase component ThiQ	0.0021	0.0019	0.0013	0	5	0	0/5	0.0010	0.0019	0.0009	0.0045	0.0021
COG3842	E	ABC-type Fe3+/spermidine/putrescine transport systems, ATPase component	0.1300	0.1098	0.0707	0	5	0	0/5	0.1098	0.0440	0.2253	0.1989	0.0720
COG3843	U	Type IV secretory pathway, VirD2 component (relaxase)	0.0008	0.0006	0.0005	0	5	0	0/5	0.0013	0.0003	0.0013	0.0006	0.0003
COG3844	E	Kynureninase	0.0188	0.0048	0.0236	0	5	0	0/5	0.0025	0.0047	0.0048	0.0648	0.0170
COG3845	F	ABC-type guanosine uptake system NupNOPQ, ATPase component NupO	0.5132	0.4455	0.3664	2	5	1	2/5	0.0746	0.4455	0.1729	0.9267	0.9463
COG3846	U	Type IV secretory pathway, TrbL components	0.0015	0.0012	0.0007	0	5	0	0/5	0.0012	0.0010	0.0011	0.0028	0.0012
COG3847	UW	Flp pilus assembly protein, pilin Flp	0.0022	0.0025	0.0007	0	5	0	0/5	0.0025	0.0013	0.0029	0.0027	0.0015
COG3848	T	Phosphohistidine swiveling domain of PEP-utilizing enzymes	0.1171	0.0402	0.1547	0	5	0	0/5	0.0061	0.1179	0.0058	0.4155	0.0402
COG3850	T	Signal transduction histidine kinase NarQ, nitrate/nitrite-specific	0.0168	0.0025	0.0287	0	5	0	0/5	0.0025	0.0021	0.0016	0.0742	0.0036
COG3851	T	Signal transduction histidine kinase UhpB, glucose-6-phosphate specific	0.0023	0.0016	0.0023	0	5	0	0/5	0.0004	0.0016	0.0003	0.0066	0.0026
COG3852	T	Signal transduction histidine kinase NtrB, nitrogen specific	0.0115	0.0135	0.0063	0	5	0	0/5	0.0162	0.0036	0.0135	0.0196	0.0048
COG3853	V	Uncharacterized conserved protein YaaN involved in tellurite resistance	0.0043	0.0057	0.0025	0	5	0	0/5	0.0072	0.0014	0.0057	0.0060	0.0013
COG3854	D	Stage III sporulation protein SpoIIIAA	0.0313	0.0136	0.0369	0	5	0	0/5	0.0089	0.0136	0.0068	0.1043	0.0228
COG3855	G	Fructose-1,6-bisphosphatase	0.0008	0.0006	0.0005	0	5	0	0/5	0.0005	0.0006	0.0004	0.0017	0.0007
COG3856	S	Small basic protein Sbp (function unknown), DUF1290 domain	0.0234	0.0070	0.0315	0	5	0	0/5	0.0029	0.0070	0.0020	0.0850	0.0200
COG3857	L	ATP-dependent helicase/DNAse subunit B	0.0098	0.0024	0.0149	0	5	0	0/5	0.0031	0.0018	0.0024	0.0396	0.0020
COG3858	D	Spore cortex hydrolase SleL/YaaH, N-acetylglucosaminidase of GH18 family	0.0085	0.0030	0.0117	0	5	0	0/5	0.0020	0.0030	0.0025	0.0319	0.0032
COG3859	H	Thiamine transporter ThiT	0.0280	0.0266	0.0120	0	5	0	0/5	0.0129	0.0431	0.0171	0.0266	0.0402
COG3860	S	Uncharacterized conserved protein, DUF2087 family	0.0059	0.0021	0.0079	0	5	0	0/5	0.0014	0.0021	0.0017	0.0217	0.0026
COG3861	S	Stress response protein YsnF (function unknown)	0.0284	0.0040	0.0488	0	5	0	0/5	0.0021	0.0040	0.0023	0.1259	0.0075
COG3862	S	Uncharacterized conserved protein with two CxxC motifs	0.4573	0.3606	0.3149	2	5	0	2/5	0.2242	0.3606	0.0543	0.7982	0.8492
COG3863	S	Uncharacterized conserved protein YycO, NlpC/P60 family	0.1160	0.1127	0.0877	0	5	0	0/5	0.0448	0.1127	0.0226	0.2725	0.1272
COG3864	R	Predicted metal-dependent peptidase	0.1316	0.0526	0.1621	0	5	0	0/5	0.0186	0.1181	0.0209	0.4478	0.0526
COG3865	R	Glyoxalase superfamily enzyme, possible 3-demethylubiquinone-9 3-methyltransferase	0.1268	0.0857	0.1631	0	5	0	0/5	0.0065	0.0912	0.0060	0.4446	0.0857
COG3866	G	Pectate lyase	0.0054	0.0031	0.0036	0	5	0	0/5	0.0110	0.0028	0.0084	0.0031	0.0017
COG3867	G	Arabinogalactan endo-1,4-beta-galactosidase	0.0022	0.0022	0.0011	0	5	0	0/5	0.0040	0.0011	0.0028	0.0022	0.0011
COG3868	G	Predicted glycosyl hydrolase, GH114 family	0.0060	0.0038	0.0044	0	5	0	0/5	0.0033	0.0051	0.0030	0.0146	0.0038
COG3869	O	Protein-arginine kinase McsB	0.0019	0.0015	0.0009	0	5	0	0/5	0.0020	0.0008	0.0015	0.0036	0.0014
COG3870	T	Cyclic di-AMP receptor DarA/PstA	0.0271	0.0051	0.0442	0	5	0	0/5	0.0013	0.0051	0.0007	0.1151	0.0133
COG3871	S	General stress protein 26 (function unknown)	0.0106	0.0128	0.0060	0	5	0	0/5	0.0165	0.0019	0.0167	0.0128	0.0052
COG3872	S	Uncharacterized conserved protein YqhQ, DUF1385 family	0.0718	0.0367	0.0882	0	5	0	0/5	0.0056	0.0367	0.0177	0.2452	0.0540
COG3874	S	Uncharacterized spore protein YtfJ	0.2921	0.1232	0.3395	1	5	0	1/5	0.0570	0.1232	0.0222	0.9394	0.3185
COG3875	M	Nickel-dependent lactate racemase	0.9057	0.9118	0.0877	5	5	1	5/5	0.7486	0.9118	0.8922	0.9845	0.9912
COG3876	S	Uncharacterized conserved protein YbbC, DUF1343 family	0.0661	0.0119	0.1113	0	5	0	0/5	0.0119	0.0058	0.0148	0.2886	0.0096
COG3877	K	Predicted DNA-binding transcriptional regulator with XRE-family HTH domain, DUF2089 family	0.0686	0.0179	0.1109	0	5	0	0/5	0.0033	0.0179	0.0025	0.2895	0.0298
COG3878	S	Uncharacterized conserved protein YwqG, DUF1963 family	0.0016	0.0010	0.0010	0	5	0	0/5	0.0014	0.0009	0.0010	0.0036	0.0010
COG3879	S	Uncharacterized conserved protein YlxW, UPF0749 family	0.0255	0.0077	0.0332	0	5	0	0/5	0.0033	0.0077	0.0027	0.0902	0.0237
COG3880	O	Protein-arginine kinase activator protein McsA	0.0047	0.0013	0.0068	0	5	0	0/5	0.0013	0.0013	0.0008	0.0183	0.0020
COG3881	S	Uncharacterized conserved protein YrrD, contains PRC-barrel domain	0.0211	0.0025	0.0310	0	5	0	0/5	0.0018	0.0025	0.0009	0.0816	0.0185
COG3882	I	Predicted enzyme involved in methoxymalonyl-ACP biosynthesis	0.0051	0.0039	0.0027	0	5	0	0/5	0.0062	0.0022	0.0039	0.0099	0.0034
COG3883	S	Uncharacterized N-terminal coiled-coil domain of peptidoglycan hydrolase CwlO	0.0036	0.0024	0.0023	0	5	0	0/5	0.0023	0.0024	0.0018	0.0081	0.0035
COG3884	I	Acyl-ACP thioesterase	0.0074	0.0036	0.0081	0	5	0	0/5	0.0028	0.0036	0.0020	0.0235	0.0050
COG3885	Q	Aromatic ring-opening dioxygenase, LigB subunit	0.2498	0.0328	0.3091	1	5	0	1/5	0.0285	0.0328	0.0208	0.8143	0.3528
COG3886	L	HKD family nuclease	0.0389	0.0167	0.0505	0	5	0	0/5	0.0120	0.0167	0.0070	0.1396	0.0193
COG3887	T	Cyclic di-AMP phosphodiesterase GdpP, contains GGDEF-like and DHH domains	0.0027	0.0014	0.0019	0	5	0	0/5	0.0014	0.0051	0.0010	0.0012	0.0049
COG3888	K	Predicted transcriptional regulator	0.4674	0.5926	0.3042	3	5	0	3/5	0.1263	0.5926	0.0836	0.8095	0.7252
COG3889	R	Extracellular solute-binding protein, contains Ig-fold domain	0.3962	0.3705	0.1936	2	5	0	2/5	0.2109	0.3705	0.1799	0.6945	0.5252
COG3890	I	Phosphomevalonate kinase	0.0556	0.0412	0.0542	0	5	0	0/5	0.0021	0.0876	0.0028	0.1441	0.0412
COG3892	G	Myo-inositol catabolism protein LolC	0.0122	0.0081	0.0122	0	5	0	0/5	0.0021	0.0081	0.0036	0.0356	0.0117
COG3893	L	Inactivated superfamily I helicase	0.0020	0.0008	0.0027	0	5	0	0/5	0.0002	0.0008	0.0002	0.0073	0.0015
COG3894	S	Uncharacterized 2Fe-2S and 4Fe-4S clusters-containing protein, contains DUF4445 domain	0.7800	0.9581	0.2329	4	5	1	4/5	0.5591	0.9661	0.4383	0.9783	0.9581
COG3895	M	Membrane-bound inhibitor of C-type lysozyme	0.0071	0.0032	0.0075	0	5	0	0/5	0.0024	0.0032	0.0018	0.0217	0.0064
COG3896	V	Chloramphenicol 3-O-phosphotransferase	0.0033	0.0012	0.0039	0	5	0	0/5	0.0011	0.0012	0.0008	0.0111	0.0021
COG3897	O	Protein N-terminal and lysine N-methylase, NNT1/EFM7 family	0.0079	0.0033	0.0087	0	5	0	0/5	0.0025	0.0033	0.0027	0.0250	0.0058
COG3898	S	Uncharacterized protein HemY, contains HemY_N domain and TPR repeats (unrelated to HemY-type protoporphyrinogen oxidase)	0.0064	0.0044	0.0055	0	5	0	0/5	0.0025	0.0044	0.0021	0.0171	0.0059
COG3899	R	Predicted ATPase	0.0288	0.0162	0.0272	0	5	0	0/5	0.0115	0.0162	0.0132	0.0829	0.0201
COG3900	S	Predicted periplasmic protein	0.0043	0.0016	0.0058	0	5	0	0/5	0.0006	0.0016	0.0006	0.0158	0.0030
COG3901	K	Transcriptional regulator NosR of nitric oxide reductase	0.0026	0.0021	0.0021	0	5	0	0/5	0.0008	0.0021	0.0006	0.0063	0.0033
COG3903	R	Predicted ATPase	0.0619	0.0254	0.0784	0	5	0	0/5	0.0349	0.0230	0.0086	0.2178	0.0254
COG3904	S	Predicted periplasmic protein	0.0028	0.0009	0.0036	0	5	0	0/5	0.0009	0.0009	0.0007	0.0099	0.0018
COG3905	K	Predicted transcriptional regulator, contains ribbon-helix-helix (RHH_1) domain	0.0049	0.0028	0.0035	0	5	0	0/5	0.0028	0.0027	0.0025	0.0118	0.0047
COG3906	S	Uncharacterized conserved protein YrzB, UPF0473 family	0.0138	0.0047	0.0189	0	5	0	0/5	0.0020	0.0047	0.0016	0.0511	0.0098
COG3907	R	Membrane-associated enzyme, PAP2 (acid phosphatase) superfamily	0.0063	0.0051	0.0048	0	5	0	0/5	0.0022	0.0051	0.0018	0.0149	0.0074
COG3908	S	Uncharacterized conserved protein, DUF2093 domain	0.0030	0.0031	0.0023	0	5	0	0/5	0.0005	0.0031	0.0006	0.0067	0.0041
COG3909	C	Cytochrome c556	0.0018	0.0011	0.0012	0	5	0	0/5	0.0009	0.0011	0.0008	0.0039	0.0022
COG3910	R	Predicted ATPase	0.0102	0.0025	0.0155	0	5	0	0/5	0.0037	0.0021	0.0025	0.0412	0.0015
COG3911	R	Predicted ATPase	0.0020	0.0022	0.0008	0	5	0	0/5	0.0030	0.0011	0.0022	0.0027	0.0011
COG3913	TU	Regulator of T6SS expression TagF, TagF/ImpM/SciT family (unrelated to teichoic acid polymerase TagF of B.subtilis, COG1887)	0.0024	0.0014	0.0016	0	5	0	0/5	0.0012	0.0014	0.0014	0.0054	0.0027
COG3914	O	Predicted O-linked N-acetylglucosamine transferase, SPINDLY family	0.0051	0.0037	0.0024	0	5	0	0/5	0.0086	0.0033	0.0026	0.0073	0.0037
COG3915	S	Uncharacterized conserved protein	0.0068	0.0034	0.0063	0	5	0	0/5	0.0027	0.0034	0.0018	0.0187	0.0075
COG3916	T	N-acyl-homoserine lactone synthase LasI (autoinducer biosynthesis)	0.0073	0.0047	0.0070	0	5	0	0/5	0.0020	0.0047	0.0017	0.0207	0.0073
COG3917	Q	2-hydroxychromene-2-carboxylate isomerase	0.0013	0.0011	0.0007	0	5	0	0/5	0.0006	0.0009	0.0011	0.0027	0.0011
COG3918	S	Uncharacterized membrane protein	0.0028	0.0011	0.0037	0	5	0	0/5	0.0004	0.0011	0.0004	0.0100	0.0021
COG3919	R	Predicted ATP-dependent carboligase, ATP-grasp superfamily	0.4070	0.4415	0.2988	2	5	0	2/5	0.0749	0.4415	0.0593	0.7838	0.6753
COG3920	T	Two-component sensor histidine kinase, HisKA and HATPase domains	0.2918	0.3022	0.2265	1	5	0	1/5	0.0400	0.3765	0.0757	0.6647	0.3022
COG3921	S	Uncharacterized conserved protein, contains Extensin-like_C domain	0.0039	0.0016	0.0039	0	5	0	0/5	0.0015	0.0013	0.0016	0.0116	0.0033
COG3923	L	Primosomal replication protein N''	0.0032	0.0013	0.0040	0	5	0	0/5	0.0000	0.0013	0.0000	0.0107	0.0041
COG3924	S	Uncharacterized membrane protein YhdT	0.0069	0.0035	0.0072	0	5	0	0/5	0.0015	0.0035	0.0016	0.0207	0.0073
COG3926	R	Lysozyme family protein	0.0031	0.0021	0.0027	0	5	0	0/5	0.0015	0.0021	0.0012	0.0084	0.0025
COG3930	S	Uncharacterized conserved protein, DUF1704 domain	0.0035	0.0031	0.0014	0	5	0	0/5	0.0027	0.0034	0.0031	0.0062	0.0020
COG3931	E	Predicted N-formylglutamate amidohydrolase	0.0013	0.0008	0.0011	0	5	0	0/5	0.0006	0.0008	0.0006	0.0035	0.0012
COG3932	M	Exopolysaccharide synthesis protein ExoD	0.0178	0.0083	0.0194	0	5	0	0/5	0.0083	0.0070	0.0076	0.0565	0.0096
COG3933	K	Transcriptional regulatory protein LevR, contains PRD, AAA+ and EIIA domains	0.0015	0.0007	0.0021	0	5	0	0/5	0.0000	0.0007	0.0000	0.0055	0.0015
COG3934	G	Endo-1,4-beta-mannosidase	0.1712	0.0841	0.2081	1	5	0	1/5	0.0322	0.0841	0.0307	0.5810	0.1282
COG3935	L	DNA replication protein DnaD	0.0011	0.0006	0.0008	0	5	0	0/5	0.0023	0.0004	0.0019	0.0006	0.0003
COG3936	G	Membrane-bound acyltransferase YfiQ, involved in biofilm formation	0.0025	0.0015	0.0026	0	5	0	0/5	0.0008	0.0015	0.0005	0.0076	0.0021
COG3937	QT	Polyhydroxyalkanoate synthesis regulator phasin	0.1315	0.0227	0.1615	0	5	0	0/5	0.0158	0.1829	0.0087	0.4273	0.0227
COG3938	E	Proline racemase/hydroxyproline epimerase	0.0169	0.0068	0.0168	0	5	0	0/5	0.0068	0.0041	0.0063	0.0489	0.0184
COG3940	G	Beta-xylosidase, GH43 family	0.0069	0.0023	0.0100	0	5	0	0/5	0.0027	0.0013	0.0023	0.0268	0.0013
COG3941	X	Phage tail tape-measure protein, controls tail length	0.0012	0.0011	0.0004	0	5	0	0/5	0.0015	0.0007	0.0011	0.0017	0.0008
COG3942	M	Surface antigen	0.0011	0.0008	0.0009	0	5	0	0/5	0.0004	0.0010	0.0006	0.0028	0.0008
COG3943	S	Uncharacterized protein RhuM, Salmonella virulence factor	0.0205	0.0175	0.0128	0	5	0	0/5	0.0221	0.0105	0.0084	0.0441	0.0175
COG3944	M	Capsular polysaccharide biosynthesis protein YveK	0.0110	0.0020	0.0178	0	5	0	0/5	0.0017	0.0020	0.0011	0.0465	0.0035
COG3945	R	Hemerythrin domain	0.5141	0.6220	0.3713	3	5	1	3/5	0.0785	0.6220	0.0816	0.9723	0.8159
COG3946	U	Type IV secretory pathway, VirJ component	0.0043	0.0024	0.0048	0	5	0	0/5	0.0011	0.0024	0.0006	0.0136	0.0037
COG3947	TK	Two-component response regulator, SAPR family, consists of REC, wHTH and BTAD domains	0.0028	0.0012	0.0035	0	5	0	0/5	0.0014	0.0009	0.0007	0.0099	0.0012
COG3948	X	Phage-related baseplate assembly protein	0.0017	0.0016	0.0004	0	5	0	0/5	0.0021	0.0013	0.0023	0.0016	0.0012
COG3949	S	Uncharacterized membrane protein YkvI	0.2732	0.1191	0.2636	1	5	0	1/5	0.1191	0.0648	0.0671	0.7526	0.3622
COG3950	R	Predicted ATP-binding protein involved in virulence	0.0429	0.0162	0.0533	0	5	0	0/5	0.0162	0.0272	0.0111	0.1488	0.0113
COG3951	N	Rod binding protein domain	0.0008	0.0006	0.0004	0	5	0	0/5	0.0006	0.0006	0.0006	0.0008	0.0016
COG3952	R	Uncharacterized N-terminal domain of lipid-A-disaccharide synthase	0.0055	0.0032	0.0053	0	5	0	0/5	0.0028	0.0032	0.0011	0.0160	0.0046
COG3953	X	SLT domain protein	0.0217	0.0054	0.0339	0	5	0	0/5	0.0020	0.0054	0.0012	0.0892	0.0105
COG3954	G	Phosphoribulokinase	0.0079	0.0095	0.0029	0	5	0	0/5	0.0049	0.0095	0.0039	0.0114	0.0098
COG3955	M	Uncharacterized conserved protein, DUF1919 family	0.0030	0.0026	0.0016	0	5	0	0/5	0.0021	0.0026	0.0015	0.0060	0.0030
COG3957	G	Phosphoketolase	0.0027	0.0017	0.0020	0	5	0	0/5	0.0017	0.0016	0.0019	0.0066	0.0016
COG3958	G	Transketolase, C-terminal subunit	0.3784	0.2571	0.1981	2	5	0	2/5	0.1688	0.2315	0.2571	0.6477	0.5871
COG3959	G	Transketolase, N-terminal subunit	0.3882	0.2310	0.2378	2	5	0	2/5	0.1908	0.1670	0.2310	0.7229	0.6291
COG3960	Q	Glyoxylate carboligase	0.0290	0.0098	0.0394	0	5	0	0/5	0.0098	0.0063	0.0073	0.1077	0.0139
COG3961	GHR	TPP-dependent 2-oxoacid decarboxylase, includes indolepyruvate decarboxylase	0.0364	0.0160	0.0463	0	5	0	0/5	0.0066	0.0160	0.0069	0.1281	0.0243
COG3962	G	TPP-dependent trihydroxycyclohexane-1,2-dione (THcHDO) dehydratase, myo-inositol metabolism	0.0012	0.0005	0.0015	0	5	0	0/5	0.0005	0.0003	0.0005	0.0042	0.0004
COG3963	I	Phosphatidylethanolamine N-methyltransferase	0.0020	0.0014	0.0010	0	5	0	0/5	0.0014	0.0021	0.0012	0.0040	0.0013
COG3964	R	Predicted amidohydrolase	0.0178	0.0034	0.0285	0	5	0	0/5	0.0028	0.0034	0.0025	0.0748	0.0053
COG3965	P	Predicted Co/Zn/Cd cation transporter, cation efflux family	0.0009	0.0006	0.0006	0	5	0	0/5	0.0009	0.0005	0.0005	0.0022	0.0006
COG3966	M	Poly-D-alanine transfer protein DltD, involved in esterification of teichoic acids	0.0056	0.0032	0.0070	0	5	0	0/5	0.0006	0.0032	0.0006	0.0194	0.0044
COG3967	MI	Short-chain dehydrogenase involved in D-alanine esterification of teichoic acids	0.0090	0.0054	0.0094	0	5	0	0/5	0.0034	0.0057	0.0029	0.0276	0.0054
COG3968	E	Glutamine synthetase type III	0.0015	0.0011	0.0008	0	5	0	0/5	0.0029	0.0011	0.0011	0.0018	0.0008
COG3969	R	Predicted phosphoadenosine phosphosulfate sulfurtransferase, contains C-terminal DUF3440 domain	0.0071	0.0052	0.0048	0	5	0	0/5	0.0056	0.0040	0.0043	0.0166	0.0052
COG3970	R	Fumarylacetoacetate (FAA) hydrolase family protein	0.1978	0.0689	0.2699	1	5	0	1/5	0.0139	0.0689	0.0099	0.7249	0.1713
COG3971	Q	2-keto-4-pentenoate hydratase	0.0339	0.0075	0.0508	0	5	0	0/5	0.0049	0.0182	0.0039	0.1349	0.0075
COG3972	L	Superfamily I DNA and RNA helicases	0.0289	0.0106	0.0399	0	5	0	0/5	0.0053	0.0106	0.0026	0.1079	0.0181
COG3973	L	DNA helicase IV	0.0010	0.0005	0.0011	0	5	0	0/5	0.0009	0.0003	0.0005	0.0032	0.0003
COG3975	R	Predicted metalloprotease, contains C-terminal PDZ domain	0.0354	0.0256	0.0324	0	5	0	0/5	0.0046	0.0256	0.0078	0.0931	0.0459
COG3976	R	Uncharacterized conserved protein, contains FMN-binding domain	0.0029	0.0020	0.0017	0	5	0	0/5	0.0020	0.0015	0.0033	0.0060	0.0017
COG3977	E	Alanine-alpha-ketoisovalerate (or valine-pyruvate) aminotransferase	0.0101	0.0052	0.0096	0	5	0	0/5	0.0023	0.0052	0.0026	0.0278	0.0124
COG3978	E	Acetolactate synthase small subunit, contains ACT domain	0.0064	0.0047	0.0065	0	5	0	0/5	0.0010	0.0047	0.0006	0.0184	0.0075
COG3979	G	Chitodextrinase	0.1122	0.0686	0.0839	0	5	0	0/5	0.2616	0.0369	0.0686	0.1462	0.0478
COG3980	M	Spore coat polysaccharide biosynthesis protein SpsG, predicted glycosyltransferase	0.1280	0.0745	0.1718	0	5	0	0/5	0.0140	0.0745	0.0096	0.4669	0.0748
COG3981	R	Predicted acetyltransferase	0.0021	0.0021	0.0009	0	5	0	0/5	0.0021	0.0012	0.0024	0.0035	0.0012
COG4002	R	Predicted methyltransferase MtxX, methanogen marker protein 4	0.6332	0.6770	0.2637	4	5	1	4/5	0.5606	0.6770	0.1784	0.9661	0.7841
COG4003	S	Uncharacterized conserved protein, DUF2095 family	0.8752	0.8929	0.0992	5	5	1	5/5	0.7724	0.9722	0.7491	0.8929	0.9893
COG4004	S	Uncharacterized protein, contains DUF5611 domain	0.2727	0.3143	0.1220	0	5	0	0/5	0.1626	0.3923	0.0972	0.3970	0.3143
COG4006	V	CRISPR-Cas system-associated protein Csm6, contains CARF domain	0.4614	0.5131	0.3502	3	5	0	3/5	0.0798	0.7376	0.0482	0.9283	0.5131
COG4007	R	Predicted dehydrogenase related to H2-forming N5,N10-methylenetetrahydromethanopterin dehydrogenase	0.3261	0.3997	0.2732	2	5	0	2/5	0.0068	0.5865	0.0041	0.6333	0.3997
COG4008	K	Predicted metal-binding transcription factor, methanogenesis marker domain 9	0.3666	0.4100	0.2789	2	5	0	2/5	0.0286	0.6914	0.0627	0.6405	0.4100
COG4009	S	Uncharacterized conserved protein, DUF749 domain	0.1443	0.0980	0.1160	0	5	0	0/5	0.0329	0.0980	0.0283	0.3109	0.2515
COG4010	S	Uncharacterized conserved protein, DUF2096 domain	0.3313	0.4394	0.2106	1	5	0	1/5	0.0665	0.4958	0.0900	0.5649	0.4394
COG4012	R	Uncharacterized protein, DUF1786 family, actin-like ATPase superfamily	0.6774	0.9351	0.3520	3	5	1	3/5	0.3112	0.9351	0.1879	0.9931	0.9599
COG4013	S	Uncharacterized conserved protein, DUF2097 domain	0.1078	0.1343	0.0971	0	5	0	0/5	0.0005	0.1343	0.0002	0.2549	0.1492
COG4014	S	Uncharacterized protein MTH814, DUF2098 family	0.2291	0.2106	0.1793	0	5	0	0/5	0.0523	0.4166	0.0164	0.4497	0.2106
COG4015	R	Predicted dinucleotide-utilizing enzyme of the ThiF/HesA family	0.3419	0.4253	0.2868	2	5	0	2/5	0.0052	0.6205	0.0028	0.6556	0.4253
COG4016	H	Iron-guanylylpyridinol (FeGP) cofactor biosynthesis protein HcgF, CinA family	0.3226	0.3976	0.2714	2	5	0	2/5	0.0047	0.5856	0.0025	0.6226	0.3976
COG4017	H	Iron-guanylylpyridinol (FeGP) cofactor biosynthesis protein, methyltransferase HcgC	0.2933	0.4050	0.2492	1	5	0	1/5	0.0056	0.4202	0.0031	0.6324	0.4050
COG4018	H	Iron-guanylylpyridinol (FeGP) cofactor biosynthesis protein, fibrillarin family	0.3396	0.4127	0.2854	2	5	0	2/5	0.0065	0.6218	0.0036	0.6535	0.4127
COG4019	H	Iron-guanylylpyridinol (FeGP) cofactor biosynthesis protein HcgB, guanylyltransferase	0.3178	0.3996	0.2672	2	5	0	2/5	0.0033	0.5736	0.0016	0.6109	0.3996
COG4020	R	Predicted ATPase/kinase of ASKHA (acetate and sugar kinases, HSC70, actin) superfamily	0.3431	0.3456	0.2579	2	5	0	2/5	0.0794	0.6721	0.0330	0.5853	0.3456
COG4021	J	tRNA(His) 5'-end guanylyltransferase	0.5422	0.4920	0.2823	2	5	1	2/5	0.2986	0.8148	0.1909	0.9149	0.4920
COG4022	S	Uncharacterized conserved protein, DUF2099 domain	0.6663	0.8414	0.2773	3	5	1	3/5	0.3448	0.9065	0.3126	0.9262	0.8414
COG4023	U	Preprotein translocase subunit SecG (Sec61beta)	0.8969	0.9814	0.1263	5	5	1	5/5	0.8328	0.9814	0.6767	0.9983	0.9954
COG4024	S	Uncharacterized conserved protein, DUF2100 domain	0.4389	0.6956	0.3363	3	5	0	3/5	0.0353	0.7176	0.0192	0.7268	0.6956
COG4025	R	Uncharacterized conserved protein MTH423, predicted component of type IV pili-like system, DUF2101 family	0.4193	0.5640	0.2773	3	5	0	3/5	0.1431	0.6085	0.0371	0.7438	0.5640
COG4026	R	Uncharacterized conserved protein, contains TOPRIM domain, potential nuclease	0.3216	0.4024	0.2524	1	5	0	1/5	0.0582	0.4024	0.0086	0.6738	0.4650
COG4028	R	Predicted P-loop ATPase/GTPase	0.5618	0.7609	0.3571	3	5	1	3/5	0.1496	0.7609	0.1106	0.9390	0.8487
COG4029	S	Uncharacterized conserved protein MJ0498	0.5328	0.5605	0.3840	3	5	1	3/5	0.1388	0.9884	0.0583	0.9180	0.5605
COG4030	R	Predicted phosphohydrolase, HAD superfamily	0.5592	0.4861	0.2699	2	5	1	2/5	0.3347	0.2284	0.4861	0.9018	0.8450
COG4031	S	Uncharacterized metal-binding protein, DUF2103 family	0.4470	0.5279	0.3401	3	5	0	3/5	0.1153	0.5279	0.0389	0.9740	0.5790
COG4032	H	Sulfopyruvate decarboxylase, TPP-binding subunit (coenzyme M biosynthesis)	0.4906	0.4354	0.3397	2	5	0	2/5	0.1842	0.4354	0.0867	0.9825	0.7643
COG4033	S	Uncharacterized conserved protein MJ0453	0.2772	0.2885	0.2403	2	5	0	2/5	0.0099	0.5114	0.0035	0.5727	0.2885
COG4034	S	Uncharacterized conserved protein, DUF1152 domain	0.5997	0.7363	0.3455	3	5	1	3/5	0.2371	0.7363	0.1399	0.9551	0.9300
COG4035	C	Energy-converting hydrogenase Eha subunit L	0.1991	0.2749	0.1681	0	5	0	0/5	0.0002	0.3120	0.0002	0.4081	0.2749
COG4036	C	Energy-converting hydrogenase Eha subunit G	0.2877	0.3493	0.2387	2	5	0	2/5	0.0100	0.5568	0.0061	0.5165	0.3493
COG4037	C	Energy-converting hydrogenase Eha subunit F	0.3043	0.3551	0.2564	2	5	0	2/5	0.0107	0.6334	0.0083	0.5138	0.3551
COG4038	C	Energy-converting hydrogenase Eha subunit E	0.2896	0.3445	0.2409	2	5	0	2/5	0.0109	0.5749	0.0076	0.5101	0.3445
COG4039	C	Energy-converting hydrogenase Eha subunit D	0.2539	0.2841	0.2209	1	5	0	1/5	0.0001	0.4799	0.0001	0.5051	0.2841
COG4040	C	Energy-converting hydrogenase Eha subunit C	0.1786	0.2065	0.1472	0	5	0	0/5	0.0098	0.3247	0.0060	0.3458	0.2065
COG4041	C	Energy-converting hydrogenase Eha subunit B	0.3157	0.3747	0.2653	2	5	0	2/5	0.0099	0.6428	0.0067	0.5445	0.3747
COG4042	C	Energy-converting hydrogenase Eha subunit A	0.1368	0.0821	0.1424	0	5	0	0/5	0.0002	0.0821	0.0002	0.3608	0.2409
COG4043	R	ASC-1 homology (ASCH) domain, predicted RNA-binding domain	0.1368	0.1431	0.1209	0	5	0	0/5	0.0246	0.1431	0.0058	0.3424	0.1683
COG4044	S	Uncharacterized conserved protein, DUF2110 domain	0.5641	0.5594	0.3169	3	5	1	3/5	0.2951	0.5594	0.1389	0.9626	0.8644
COG4046	S	Uncharacterized protein, contains DUF1512 domain	0.6906	0.8074	0.2941	3	5	1	3/5	0.2286	0.9663	0.4733	0.8074	0.9772
COG4047	L	N-glycosylase/DNA lyase (8-oxoguanine DNA glycosylase)	0.5482	0.7166	0.3190	3	5	1	3/5	0.2419	0.8074	0.0925	0.8826	0.7166
COG4048	S	Uncharacterized conserved protein, DUF2111 domain	0.6654	0.8162	0.2896	3	5	1	3/5	0.2914	0.9592	0.3404	0.9200	0.8162
COG4049	R	Uncharacterized conserved protein, contains archaeal-type C2H2 Zn-finger	0.3128	0.3397	0.2683	2	5	0	2/5	0.0126	0.5929	0.0008	0.6182	0.3397
COG4050	S	Uncharacterized conserved protein, DUF2112 domain	0.5423	0.4952	0.3360	2	5	1	2/5	0.3194	0.9815	0.0670	0.8483	0.4952
COG4051	S	Uncharacterized conserved protein MJ0802, methanogenesis marker protein 17, contains DUF2113 domain	0.4984	0.4908	0.3578	2	5	0	2/5	0.1438	0.9551	0.0631	0.8394	0.4908
COG4052	R	Uncharacterized conserved protein related to methyl-CoM reductase subunit C, methanogenesis marker protein 7	0.5734	0.5692	0.3391	3	5	1	3/5	0.1753	0.9913	0.2180	0.9133	0.5692
COG4053	S	Uncharacterized conserved protein	0.2121	0.2619	0.1825	0	5	0	0/5	0.0002	0.3530	0.0001	0.4452	0.2619
COG4054	H	Methyl coenzyme M reductase, beta subunit	0.5530	0.5574	0.3274	3	5	1	3/5	0.2236	0.9679	0.1537	0.8625	0.5574
COG4055	H	Methyl coenzyme M reductase, subunit D	0.4895	0.4634	0.3287	2	5	0	2/5	0.1840	0.9331	0.0849	0.7823	0.4634
COG4056	H	Methyl coenzyme M reductase, subunit C	0.5200	0.4549	0.2851	2	5	1	2/5	0.2983	0.9569	0.1701	0.7196	0.4549
COG4057	H	Methyl coenzyme M reductase, gamma subunit	0.5410	0.5394	0.3159	3	5	1	3/5	0.2281	0.9527	0.1557	0.8292	0.5394
COG4058	H	Methyl coenzyme M reductase, alpha subunit	0.5462	0.5433	0.3237	3	5	1	3/5	0.2263	0.9616	0.1502	0.8498	0.5433
COG4059	H	Tetrahydromethanopterin S-methyltransferase, subunit E	0.3401	0.2890	0.2970	2	5	0	2/5	0.0429	0.7995	0.0269	0.5424	0.2890
COG4060	H	Tetrahydromethanopterin S-methyltransferase, subunit D	0.3536	0.3237	0.2955	2	5	0	2/5	0.0497	0.7854	0.0287	0.5805	0.3237
COG4061	H	Tetrahydromethanopterin S-methyltransferase, subunit C	0.3957	0.3564	0.3255	2	5	0	2/5	0.0583	0.8425	0.0348	0.6864	0.3564
COG4062	H	Tetrahydromethanopterin S-methyltransferase, subunit B	0.3240	0.2661	0.2866	2	5	0	2/5	0.0427	0.7706	0.0224	0.5184	0.2661
COG4063	H	Tetrahydromethanopterin S-methyltransferase, subunit A	0.6731	0.6815	0.2843	4	5	1	4/5	0.2187	0.9794	0.5262	0.9598	0.6815
COG4064	H	Tetrahydromethanopterin S-methyltransferase, subunit G	0.2878	0.2745	0.2458	2	5	0	2/5	0.0252	0.5268	0.0102	0.6021	0.2745
COG4065	S	Uncharacterized conserved protein MJ1451	0.5087	0.5528	0.3691	3	5	1	3/5	0.1082	0.9283	0.0642	0.8899	0.5528
COG4066	S	Uncharacterized conserved protein MTH_811, UPF0305 family	0.3395	0.3614	0.2819	2	5	0	2/5	0.0368	0.7275	0.0129	0.5588	0.3614
COG4067	S	Uncharacterized conserved protein	0.0033	0.0025	0.0026	0	5	0	0/5	0.0029	0.0025	0.0013	0.0083	0.0014
COG4068	R	Predicted nucleic acid-binding protein, contains Zn-ribbon domain	0.7622	0.8485	0.2034	4	5	1	4/5	0.6591	0.9481	0.4131	0.8485	0.9423
COG4069	S	Uncharacterized conserved protein, DUF2117 domain	0.5450	0.6275	0.3285	3	5	1	3/5	0.2009	0.8938	0.1212	0.8814	0.6275
COG4070	R	Cyclophilin family protein MJ1412, methanogenesis marker protein 3	0.6884	0.7594	0.2946	3	5	1	3/5	0.4563	0.9989	0.2480	0.9795	0.7594
COG4071	R	Gamma-glutamyl ligase family protein MJ1361	0.5015	0.6656	0.2671	3	5	1	3/5	0.1269	0.7257	0.2308	0.7584	0.6656
COG4072	S	Uncharacterized conserved protein, DUF2118 domain	0.5049	0.6893	0.3256	3	5	1	3/5	0.1719	0.7925	0.0529	0.8180	0.6893
COG4073	S	Uncharacterized conserved protein MJ0501	0.4107	0.5280	0.2881	3	5	0	3/5	0.0741	0.6478	0.0614	0.7421	0.5280
COG4075	S	Uncharacterized conserved protein MJ1244, distantly related to nitrogen regulatory protein PII	0.3925	0.5101	0.3153	3	5	0	3/5	0.0221	0.7122	0.0114	0.7065	0.5101
COG4076	R	Predicted RNA methylase	0.2213	0.0656	0.2327	1	5	0	1/5	0.0523	0.0656	0.0328	0.6372	0.3186
COG4077	S	Uncharacterized conserved protein MJ0491	0.1954	0.2433	0.1690	0	5	0	0/5	0.0001	0.3147	0.0001	0.4189	0.2433
COG4078	C	Energy-converting hydrogenase Eha subunit H	0.2788	0.3479	0.2291	2	5	0	2/5	0.0099	0.5176	0.0067	0.5120	0.3479
COG4079	S	Uncharacterized conserved protein, DUF2121 domain	0.3064	0.3435	0.2553	1	5	0	1/5	0.0270	0.4771	0.0145	0.6700	0.3435
COG4080	J	SpoU rRNA methylase family enzyme	0.4600	0.6670	0.3442	3	5	0	3/5	0.0477	0.6670	0.0350	0.7649	0.7856
COG4081	S	Uncharacterized conserved protein MJ0452	0.2240	0.2553	0.1903	0	5	0	0/5	0.0078	0.3903	0.0037	0.4630	0.2553
COG4083	U	Exosortase/Archaeosortase	0.8054	0.8943	0.2139	4	5	1	4/5	0.7631	0.9923	0.4087	0.9687	0.8943
COG4084	C	Energy-converting hydrogenase A subunit M	0.2141	0.2507	0.1769	0	5	0	0/5	0.0100	0.3908	0.0068	0.4122	0.2507
COG4085	A	DNA/RNA endonuclease YhcR, contains UshA esterase domain	0.1971	0.2406	0.1540	0	5	0	0/5	0.0192	0.3544	0.0123	0.3590	0.2406
COG4086	S	Uncharacterized conserved protein YpuA, DUF1002 family	0.0582	0.0135	0.0899	0	5	0	0/5	0.0086	0.0135	0.0075	0.2376	0.0239
COG4087	R	Soluble P-type ATPase	0.6889	0.9087	0.3492	3	5	1	3/5	0.4001	0.9886	0.1482	0.9987	0.9087
COG4088	JV	tRNA uridine 5-carbamoylmethylation protein Kti12 (Killer toxin insensitivity protein)	0.2547	0.2917	0.2111	1	5	0	1/5	0.0403	0.2917	0.0271	0.6015	0.3128
COG4089	S	Uncharacterized membrane protein	0.9356	0.9948	0.0816	5	5	1	5/5	0.9016	0.9948	0.7895	0.9965	0.9954
COG4090	S	Uncharacterized conserved protein MTH_862	0.5247	0.6307	0.3573	3	5	1	3/5	0.1285	0.9190	0.0795	0.8660	0.6307
COG4091	E	Predicted homoserine dehydrogenase, contains C-terminal SAF domain	0.0174	0.0080	0.0199	0	5	0	0/5	0.0080	0.0040	0.0065	0.0568	0.0115
COG4092	M	Predicted glycosyltransferase involved in capsule biosynthesis	0.0004	0.0005	0.0002	0	5	0	0/5	0.0002	0.0005	0.0002	0.0007	0.0006
COG4093	S	Uncharacterized conserved protein, DUF2125 domain	0.0083	0.0040	0.0100	0	5	0	0/5	0.0002	0.0040	0.0005	0.0271	0.0097
COG4094	S	Uncharacterized membrane protein	0.0269	0.0069	0.0412	0	5	0	0/5	0.0015	0.0069	0.0011	0.1086	0.0166
COG4095	G	Sugar transporter, SemiSWEET family, contains PQ motif	0.1168	0.1432	0.0518	0	5	0	0/5	0.0518	0.1432	0.0582	0.1520	0.1788
COG4096	V	Type I site-specific restriction endonuclease, part of a restriction-modification system	0.3842	0.2196	0.2910	2	5	0	2/5	0.1995	0.6059	0.0576	0.8386	0.2196
COG4097	P	Predicted ferric reductase	0.0651	0.0108	0.1090	0	5	0	0/5	0.0027	0.0275	0.0021	0.2823	0.0108
COG4098	L	Superfamily II DNA/RNA helicase required for DNA uptake (late competence protein)	0.0175	0.0086	0.0193	0	5	0	0/5	0.0046	0.0086	0.0023	0.0546	0.0175
COG4099	R	Predicted peptidase	0.0016	0.0021	0.0007	0	5	0	0/5	0.0022	0.0006	0.0021	0.0022	0.0008
COG4100	PR	Cystathionine beta-lyase family protein involved in aluminum resistance	0.0056	0.0061	0.0029	0	5	0	0/5	0.0031	0.0067	0.0021	0.0102	0.0061
COG4101	R	Uncharacterized conserved protein, RmlC-like cupin domain	0.0099	0.0025	0.0141	0	5	0	0/5	0.0025	0.0018	0.0019	0.0380	0.0054
COG4102	S	Uncharacterized conserved protein, DUF1501 family	0.0008	0.0006	0.0003	0	5	0	0/5	0.0007	0.0005	0.0006	0.0014	0.0006
COG4103	P	Tellurite resistance protein TerB	0.0040	0.0023	0.0038	0	5	0	0/5	0.0029	0.0021	0.0013	0.0115	0.0023
COG4104	U	Zn-binding Pro-Ala-Ala-Arg (PAAR) domain, involved in Type VI secretion	0.0684	0.0586	0.0676	0	5	0	0/5	0.0162	0.0599	0.0101	0.1970	0.0586
COG4105	M	Outer membrane protein assembly factor BamD, BamD/ComL family	0.0003	0.0002	0.0002	0	5	0	0/5	0.0006	0.0002	0.0006	0.0001	0.0002
COG4106	C	Trans-aconitate methyltransferase	0.0478	0.0210	0.0428	0	5	0	0/5	0.0846	0.0091	0.0210	0.1131	0.0114
COG4107	P	ABC-type phosphonate transport system, ATPase component PhnK	0.0055	0.0043	0.0032	0	5	0	0/5	0.0071	0.0023	0.0043	0.0110	0.0028
COG4108	J	Peptide chain release factor RF-3	0.0000	0.0000	0.0000	0	5	0	0/5	0.0000	0.0000	0.0001	0.0000	0.0000
COG4109	K	Predicted transcriptional regulator containing CBS domains	0.0393	0.0104	0.0523	0	5	0	0/5	0.0077	0.0104	0.0029	0.1416	0.0337
COG4110	V	Tellurium resistance protein TerA/TerD	0.0024	0.0022	0.0016	0	5	0	0/5	0.0009	0.0022	0.0008	0.0053	0.0026
COG4111	S	Uncharacterized conserved protein	0.0041	0.0020	0.0042	0	5	0	0/5	0.0019	0.0020	0.0006	0.0123	0.0039
COG4112	R	Predicted phosphoesterase YmaB, NUDIX family	0.0039	0.0043	0.0011	0	5	0	0/5	0.0023	0.0043	0.0043	0.0055	0.0033
COG4113	V	RNA interferase (RNase) VapC, contains PIN domain	0.9113	0.9964	0.1301	5	5	1	5/5	0.9016	0.9964	0.6619	0.9989	0.9978
COG4114	P	Ferric iron reductase protein FhuF, involved in iron transport	0.0206	0.0026	0.0361	0	5	0	0/5	0.0011	0.0026	0.0005	0.0927	0.0060
COG4115	V	Toxin component of the Txe-Axe toxin-antitoxin module, Txe/YoeB family	0.0015	0.0015	0.0002	0	5	0	0/5	0.0017	0.0013	0.0015	0.0017	0.0011
COG4116	R	Predicted triphosphatase or cyclase YjbK, contains CYTH domain	0.0023	0.0016	0.0016	0	5	0	0/5	0.0008	0.0016	0.0009	0.0050	0.0034
COG4117	P	Thiosulfate reductase cytochrome b subunit	0.0452	0.0147	0.0682	0	5	0	0/5	0.0022	0.0147	0.0017	0.1804	0.0270
COG4118	V	Antitoxin component of toxin-antitoxin stability system, DNA-binding transcriptional repressor	0.0129	0.0082	0.0122	0	5	0	0/5	0.0082	0.0078	0.0030	0.0369	0.0085
COG4119	FR	Predicted NTP pyrophosphohydrolase, NUDIX family	0.1064	0.0384	0.1588	0	5	0	0/5	0.0119	0.0384	0.0087	0.4225	0.0503
COG4120	R	ABC-type uncharacterized transport system, permease component	0.0008	0.0004	0.0004	0	5	0	0/5	0.0013	0.0004	0.0013	0.0004	0.0004
COG4121	J	tRNA U34 5-methylaminomethyl-2-thiouridine-forming methyltransferase MnmC	0.0638	0.0703	0.0440	0	5	0	0/5	0.0154	0.1013	0.0117	0.1201	0.0703
COG4122	J	tRNA 5-hydroxyU34 O-methylase TrmR/YrrM	0.1371	0.1144	0.0893	0	5	0	0/5	0.0522	0.0527	0.1757	0.2906	0.1144
COG4123	J	tRNA1(Val) A37 N6-methylase TrmN6	0.0075	0.0004	0.0111	0	5	0	0/5	0.0290	0.0004	0.0080	0.0001	0.0002
COG4124	G	Beta-mannanase	0.0158	0.0078	0.0172	0	5	0	0/5	0.0078	0.0089	0.0052	0.0502	0.0070
COG4125	S	Uncharacterized membrane protein	0.0027	0.0012	0.0025	0	5	0	0/5	0.0011	0.0012	0.0009	0.0076	0.0028
COG4126	E	Asp/Glu/hydantoin racemase	0.1123	0.0479	0.1069	0	5	0	0/5	0.0479	0.0324	0.0325	0.3112	0.1373
COG4127	R	Predicted restriction endonuclease, Mrr-cat superfamily	0.1743	0.0395	0.2325	1	5	0	1/5	0.0364	0.0395	0.0135	0.6291	0.1530
COG4128	R	Zona occludens toxin, predicted ATPase	0.0023	0.0014	0.0020	0	5	0	0/5	0.0011	0.0014	0.0008	0.0061	0.0020
COG4129	S	Uncharacterized membrane protein YgaE, UPF0421/DUF939 family	0.0017	0.0006	0.0022	0	5	0	0/5	0.0006	0.0005	0.0008	0.0062	0.0006
COG4130	G	Predicted sugar epimerase, xylose isomerase-like family	0.0035	0.0027	0.0027	0	5	0	0/5	0.0012	0.0027	0.0011	0.0085	0.0041
COG4132	R	ABC-type uncharacterized transport system, permease component	0.0065	0.0030	0.0076	0	5	0	0/5	0.0018	0.0030	0.0014	0.0215	0.0047
COG4133	O	ABC-type transport system involved in cytochrome c biogenesis, ATPase component	0.0063	0.0064	0.0011	0	5	0	0/5	0.0076	0.0054	0.0064	0.0072	0.0048
COG4134	R	ABC-type uncharacterized transport system YnjBCD, periplasmic component	0.0195	0.0056	0.0300	0	5	0	0/5	0.0029	0.0056	0.0020	0.0795	0.0077
COG4135	R	ABC-type uncharacterized transport system YnjBCD, permease component	0.0025	0.0018	0.0024	0	5	0	0/5	0.0006	0.0018	0.0005	0.0070	0.0027
COG4136	R	ABC-type uncharacterized transport system YnjBCD, ATPase component	0.0034	0.0025	0.0033	0	5	0	0/5	0.0007	0.0025	0.0006	0.0096	0.0038
COG4137	R	ABC-type uncharacterized transport system, permease component	0.0066	0.0047	0.0035	0	5	0	0/5	0.0039	0.0047	0.0035	0.0129	0.0079
COG4138	H	ABC-type cobalamin transport system, ATPase component BtuD	0.0025	0.0007	0.0035	0	5	0	0/5	0.0000	0.0007	0.0000	0.0093	0.0026
COG4139	H	ABC-type cobalamin transport system, permease component BtuC	0.0044	0.0010	0.0065	0	5	0	0/5	0.0000	0.0010	0.0000	0.0172	0.0040
COG4143	H	ABC-type thiamine transport system, periplasmic component TbpA	0.2570	0.2340	0.0694	0	5	0	0/5	0.2302	0.2340	0.1719	0.3815	0.2673
COG4145	H	Na+/panthothenate symporter	0.0070	0.0041	0.0069	0	5	0	0/5	0.0041	0.0025	0.0047	0.0208	0.0030
COG4146	R	Uncharacterized membrane permease YidK, sodium:solute symporter family	0.0004	0.0003	0.0002	0	5	0	0/5	0.0003	0.0002	0.0004	0.0007	0.0002
COG4147	C	Na+(or H+)/acetate symporter ActP	0.1192	0.0361	0.1432	0	5	0	0/5	0.0341	0.0154	0.0361	0.3978	0.1128
COG4148	P	ABC-type molybdate transport system, ATPase component ModC	0.0018	0.0013	0.0014	0	5	0	0/5	0.0015	0.0005	0.0012	0.0045	0.0013
COG4149	P	ABC-type molybdate transport system, permease component ModB	0.0254	0.0084	0.0369	0	5	0	0/5	0.0143	0.0019	0.0084	0.0987	0.0039
COG4150	P	ABC-type sulfate transport system, periplasmic component	0.0019	0.0017	0.0014	0	5	0	0/5	0.0006	0.0017	0.0005	0.0042	0.0023
COG4152	R	ABC-type uncharacterized transport system, ATPase component	0.0429	0.0292	0.0449	0	5	0	0/5	0.0437	0.0292	0.0041	0.1280	0.0093
COG4154	G	L-fucose mutarotase/ribose pyranase, RbsD/FucU family	0.0006	0.0005	0.0003	0	5	0	0/5	0.0007	0.0003	0.0005	0.0011	0.0005
COG4158	R	Predicted ABC-type sugar transport system, permease component	0.0063	0.0013	0.0093	0	5	0	0/5	0.0011	0.0013	0.0011	0.0247	0.0031
COG4160	E	ABC-type arginine/histidine transport system, permease component	0.0010	0.0009	0.0002	0	5	0	0/5	0.0010	0.0007	0.0013	0.0009	0.0009
COG4166	E	ABC-type oligopeptide transport system, periplasmic component	0.0004	0.0004	0.0003	0	5	0	0/5	0.0007	0.0001	0.0009	0.0004	0.0001
COG4168	V	ABC-type antimicrobial peptide export system, permease component SapB	0.0035	0.0022	0.0038	0	5	0	0/5	0.0001	0.0022	0.0001	0.0104	0.0046
COG4171	V	ABC-type antimicrobial peptide export system, permease component SapC	0.0005	0.0005	0.0005	0	5	0	0/5	0.0000	0.0005	0.0000	0.0014	0.0008
COG4174	Q	ABC-type microcin C transport system, permease component YejB	0.0029	0.0021	0.0015	0	5	0	0/5	0.0019	0.0018	0.0032	0.0057	0.0021
COG4175	E	ABC-type proline/glycine betaine transport system, ATPase component	0.0266	0.0097	0.0358	0	5	0	0/5	0.0108	0.0088	0.0097	0.0980	0.0056
COG4176	E	ABC-type proline/glycine betaine transport system, permease component	0.0365	0.0107	0.0427	0	5	0	0/5	0.0107	0.0342	0.0101	0.1196	0.0077
COG4177	E	ABC-type branched-chain amino acid transport system, permease component	0.8018	0.9568	0.2323	4	5	1	4/5	0.4202	0.9568	0.6421	0.9992	0.9908
COG4178	R	ABC-type uncharacterized transport system, permease and ATPase components	0.0018	0.0018	0.0005	0	5	0	0/5	0.0012	0.0018	0.0021	0.0025	0.0014
COG4181	Q	Predicted ABC-type transport system involved in lysophospholipase L1 biosynthesis, ATPase component	0.0050	0.0033	0.0041	0	5	0	0/5	0.0030	0.0018	0.0037	0.0130	0.0033
COG4185	R	Predicted ABC-type ATPase or kinase	0.0063	0.0025	0.0066	0	5	0	0/5	0.0063	0.0025	0.0023	0.0190	0.0012
COG4186	R	Uncharacterized conserved protein MJ1445, calcineurin-like phosphoesterase superfamily	0.1412	0.0376	0.1765	0	5	0	0/5	0.0376	0.0369	0.0155	0.4850	0.1311
COG4187	E	Arginine utilization protein RocB	0.0040	0.0013	0.0048	0	5	0	0/5	0.0005	0.0013	0.0004	0.0131	0.0048
COG4188	R	Predicted dienelactone hydrolase	0.0057	0.0026	0.0056	0	5	0	0/5	0.0048	0.0024	0.0026	0.0167	0.0022
COG4189	K	Predicted transcriptional regulator, ArsR family	0.0434	0.0055	0.0741	0	5	0	0/5	0.0054	0.0055	0.0034	0.1915	0.0113
COG4190	K	Predicted transcriptional regulator, contains HTH domain	0.2685	0.1107	0.2631	1	5	0	1/5	0.0601	0.4020	0.0435	0.7261	0.1107
COG4191	T	Signal transduction histidine kinase regulating C4-dicarboxylate transport system	0.0428	0.0340	0.0387	0	5	0	0/5	0.0340	0.0074	0.0498	0.1135	0.0093
COG4192	T	Signal transduction histidine kinase regulating phosphoglycerate transport system	0.0042	0.0029	0.0036	0	5	0	0/5	0.0012	0.0029	0.0011	0.0107	0.0051
COG4193	G	Beta- N-acetylglucosaminidase	0.0013	0.0007	0.0011	0	5	0	0/5	0.0005	0.0007	0.0005	0.0035	0.0011
COG4194	S	Uncharacterized membrane protein, DUF1648 family	0.0548	0.0121	0.0880	0	5	0	0/5	0.0059	0.0121	0.0056	0.2304	0.0199
COG4195	X	Phage-related replication protein YjqB, UPF0714/DUF867 family	0.0096	0.0044	0.0102	0	5	0	0/5	0.0024	0.0044	0.0026	0.0294	0.0091
COG4196	S	Uncharacterized conserved protein, DUF2126 family	0.0064	0.0025	0.0083	0	5	0	0/5	0.0005	0.0025	0.0005	0.0226	0.0057
COG4197	K	DNA-binding transcriptional regulator YdaS, prophage-encoded, Cro superfamily	0.0005	0.0004	0.0003	0	5	0	0/5	0.0003	0.0004	0.0003	0.0011	0.0006
COG4198	S	Uncharacterized conserved protein, DUF1015 family	0.4822	0.6062	0.2802	3	5	0	3/5	0.1507	0.6643	0.1530	0.8368	0.6062
COG4199	L	ssDNA-specific exonuclease RecJ	0.0013	0.0003	0.0020	0	5	0	0/5	0.0000	0.0003	0.0000	0.0052	0.0009
COG4200	V	Predicted lantabiotic-exporting membrane pepmease, EfiE/EfiG/ABC2 family	0.0056	0.0035	0.0058	0	5	0	0/5	0.0027	0.0035	0.0013	0.0172	0.0035
COG4206	H	Outer membrane cobalamin receptor protein BtuB	0.0035	0.0003	0.0042	0	5	0	0/5	0.0064	0.0003	0.0103	0.0002	0.0002
COG4208	P	ABC-type sulfate transport system, permease component	0.0004	0.0001	0.0004	0	5	0	0/5	0.0007	0.0001	0.0010	0.0001	0.0001
COG4209	G	ABC-type polysaccharide transport system, permease component	0.0006	0.0006	0.0001	0	5	0	0/5	0.0009	0.0006	0.0006	0.0006	0.0005
COG4211	G	ABC-type glucose/galactose transport system, permease component	0.0012	0.0010	0.0012	0	5	0	0/5	0.0002	0.0010	0.0002	0.0034	0.0011
COG4213	G	ABC-type xylose transport system, periplasmic component	0.0016	0.0018	0.0006	0	5	0	0/5	0.0024	0.0006	0.0018	0.0021	0.0012
COG4214	G	ABC-type xylose transport system, permease component	0.0012	0.0012	0.0006	0	5	0	0/5	0.0012	0.0005	0.0009	0.0023	0.0012
COG4215	E	ABC-type arginine transport system, permease component	0.0010	0.0010	0.0003	0	5	0	0/5	0.0011	0.0007	0.0015	0.0010	0.0009
COG4218	H	Tetrahydromethanopterin S-methyltransferase, subunit F	0.1126	0.1022	0.1179	0	5	0	0/5	0.0120	0.1022	0.0049	0.3309	0.1128
COG4219	T	Signal transducer regulating beta-lactamase production, contains metallopeptidase domain	0.0041	0.0033	0.0029	0	5	0	0/5	0.0033	0.0035	0.0020	0.0097	0.0019
COG4220	X	Phage DNA packaging protein, Nu1 subunit of terminase	0.0004	0.0004	0.0001	0	5	0	0/5	0.0004	0.0003	0.0004	0.0007	0.0004
COG4221	C	NADP-dependent 3-hydroxy acid dehydrogenase YdfG	0.0545	0.0144	0.0901	0	5	0	0/5	0.0144	0.0004	0.0146	0.2344	0.0087
COG4222	S	Uncharacterized conserved protein, contains a phytase-like domain	0.0047	0.0022	0.0057	0	5	0	0/5	0.0025	0.0012	0.0016	0.0162	0.0022
COG4223	S	Uncharacterized conserved protein	0.0045	0.0022	0.0044	0	5	0	0/5	0.0022	0.0022	0.0021	0.0133	0.0025
COG4224	S	Uncharacterized conserved protein YnzC, UPF0291/DUF896 family	0.0019	0.0018	0.0003	0	5	0	0/5	0.0016	0.0018	0.0020	0.0023	0.0016
COG4225	G	Rhamnogalacturonyl hydrolase YesR	0.0037	0.0028	0.0037	0	5	0	0/5	0.0028	0.0009	0.0029	0.0109	0.0011
COG4226	R	Predicted nuclease of the RNAse H fold, HicB family	0.0024	0.0015	0.0024	0	5	0	0/5	0.0015	0.0011	0.0009	0.0071	0.0015
COG4227	L	Antirestriction protein ArdC	0.0473	0.0224	0.0465	0	5	0	0/5	0.0331	0.0212	0.0224	0.1398	0.0199
COG4228	X	Mu-like prophage DNA circulation protein	0.0022	0.0016	0.0014	0	5	0	0/5	0.0016	0.0012	0.0012	0.0048	0.0020
COG4229	E	Enolase-phosphatase E1 involved in merthionine salvage	0.0053	0.0033	0.0035	0	5	0	0/5	0.0028	0.0029	0.0033	0.0120	0.0053
COG4230	E	Delta 1-pyrroline-5-carboxylate dehydrogenase	0.0005	0.0005	0.0004	0	5	0	0/5	0.0001	0.0005	0.0001	0.0013	0.0005
COG4231	C	TPP-dependent indolepyruvate ferredoxin oxidoreductase, alpha subunit	0.8844	0.9978	0.1497	5	5	1	5/5	0.7933	0.9978	0.6311	1.0000	0.9999
COG4232	O	Thiol:disulfide interchange protein DsbD	0.0150	0.0183	0.0090	0	5	0	0/5	0.0183	0.0026	0.0208	0.0266	0.0067
COG4233	OC	Thiol-disulfide interchange protein, contains DsbC and DsbD domains	0.0044	0.0039	0.0028	0	5	0	0/5	0.0018	0.0042	0.0022	0.0097	0.0039
COG4235	CO	Cytochrome c-type biogenesis protein CcmH/NrfG	0.0087	0.0028	0.0121	0	5	0	0/5	0.0027	0.0028	0.0021	0.0328	0.0031
COG4237	C	Hydrogenase-4 membrane subunit HyfE	0.4880	0.5412	0.3367	3	5	0	3/5	0.0795	0.6958	0.1474	0.9759	0.5412
COG4238	M	Outer membrane murein-binding lipoprotein Lpp	0.0038	0.0033	0.0028	0	5	0	0/5	0.0013	0.0033	0.0010	0.0086	0.0047
COG4239	Q	ABC-type microcin C transport system, permease component YejE	0.0025	0.0018	0.0012	0	5	0	0/5	0.0018	0.0013	0.0033	0.0044	0.0016
COG4240	R	Pantothenate kinase-related protein Tda10 (topoisomerase I damage affected protein)	0.0022	0.0025	0.0006	0	5	0	0/5	0.0013	0.0026	0.0019	0.0029	0.0025
COG4241	S	Uncharacterized conserved protein YybS, DUF2232 family	0.0159	0.0099	0.0162	0	5	0	0/5	0.0064	0.0099	0.0034	0.0477	0.0123
COG4242	QR	Cyanophycinase and related exopeptidases	0.0222	0.0081	0.0319	0	5	0	0/5	0.0081	0.0034	0.0036	0.0858	0.0099
COG4243	R	Vitamin K epoxide reductase (VKOR) family protein, predicted involvement in disulfide bond formation	0.2226	0.1136	0.2579	1	5	0	1/5	0.0104	0.1136	0.0142	0.7019	0.2728
COG4244	S	Uncharacterized membrane protein	0.0276	0.0046	0.0447	0	5	0	0/5	0.0018	0.0046	0.0014	0.1165	0.0138
COG4245	S	Uncharacterized conserved protein YegL, contains vWA domain of TerY type	0.0052	0.0032	0.0043	0	5	0	0/5	0.0049	0.0022	0.0032	0.0135	0.0022
COG4246	S	Uncharacterized conserved protein, contains a phytase-like domain	0.0116	0.0079	0.0135	0	5	0	0/5	0.0021	0.0080	0.0017	0.0381	0.0079
COG4247	I	3-phytase (myo-inositol-hexaphosphate 3-phosphohydrolase)	0.0028	0.0016	0.0026	0	5	0	0/5	0.0016	0.0016	0.0009	0.0079	0.0018
COG4248	R	Uncharacterized conserved protein YegI with protein kinase and helix-hairpin-helix DNA-binding domains	0.0041	0.0036	0.0022	0	5	0	0/5	0.0056	0.0018	0.0036	0.0075	0.0018
COG4249	R	Uncharacterized conserved protein, contains caspase domain	0.0602	0.0296	0.0570	0	5	0	0/5	0.0477	0.0223	0.0285	0.1730	0.0296
COG4250	T	DICT sensory domain found in diguanylate cyclases and two-component systems	0.0662	0.0140	0.1044	0	5	0	0/5	0.0140	0.0089	0.0093	0.2747	0.0239
COG4251	T	Bacteriophytochrome (light-regulated signal transduction histidine kinase)	0.1107	0.0800	0.0903	0	5	0	0/5	0.0587	0.0835	0.0426	0.2888	0.0800
COG4252	T	Extracytoplasmic sensor domain CHASE2 (specificity unknown)	0.0070	0.0045	0.0071	0	5	0	0/5	0.0016	0.0045	0.0013	0.0206	0.0071
COG4253	S	Uncharacterized conserved protein, DUF2345 family	0.0025	0.0016	0.0022	0	5	0	0/5	0.0008	0.0016	0.0008	0.0067	0.0026
COG4254	R	Uncharacterized peptidoglycan binding protein, contains LysM and FecR  domains	0.0099	0.0067	0.0062	0	5	0	0/5	0.0065	0.0067	0.0065	0.0223	0.0076
COG4255	S	Uncharacterized conserved protein	0.0085	0.0053	0.0087	0	5	0	0/5	0.0006	0.0053	0.0005	0.0234	0.0129
COG4256	H	Hemin uptake protein HemP	0.0052	0.0028	0.0039	0	5	0	0/5	0.0028	0.0025	0.0018	0.0123	0.0065
COG4257	V	Streptogramin lyase	0.0694	0.0509	0.0557	0	5	0	0/5	0.0494	0.0509	0.0143	0.1768	0.0557
COG4258	R	Predicted exporter	0.0021	0.0014	0.0014	0	5	0	0/5	0.0016	0.0012	0.0013	0.0049	0.0014
COG4259	S	Uncharacterized conserved protein, DUF4810 domain	0.0007	0.0008	0.0004	0	5	0	0/5	0.0004	0.0008	0.0003	0.0013	0.0008
COG4260	O	Membrane protease subunit, stomatin/prohibitin family, contains C-terminal Zn-ribbon domain	0.0047	0.0031	0.0042	0	5	0	0/5	0.0129	0.0031	0.0038	0.0021	0.0015
COG4261	R	Predicted acyltransferase, LPLAT superfamily	0.0012	0.0010	0.0007	0	5	0	0/5	0.0008	0.0010	0.0005	0.0024	0.0013
COG4262	R	Predicted spermidine synthase with an N-terminal membrane domain	0.0412	0.0260	0.0365	0	5	0	0/5	0.0388	0.0146	0.0260	0.1121	0.0146
COG4263	P	Nitrous oxide reductase	0.1247	0.0271	0.1936	1	5	0	1/5	0.0098	0.0271	0.0104	0.5097	0.0666
COG4264	P	Siderophore synthetase component IucA/IucC/SbnC	0.0327	0.0075	0.0516	0	5	0	0/5	0.0075	0.0053	0.0063	0.1358	0.0086
COG4266	F	Allantoicase	0.0014	0.0010	0.0011	0	5	0	0/5	0.0004	0.0010	0.0004	0.0034	0.0019
COG4267	S	Uncharacterized membrane protein	0.0016	0.0010	0.0012	0	5	0	0/5	0.0008	0.0010	0.0010	0.0039	0.0014
COG4268	V	5-methylcytosine-specific restriction endonuclease McrBC, regulatory subunit McrC	0.3850	0.2056	0.3375	2	5	0	2/5	0.2056	0.6746	0.0586	0.8953	0.0910
COG4269	S	Uncharacterized membrane protein YjgN, DUF898 family	0.0011	0.0009	0.0005	0	5	0	0/5	0.0007	0.0009	0.0008	0.0020	0.0011
COG4270	S	Uncharacterized membrane protein	0.0049	0.0009	0.0076	0	5	0	0/5	0.0008	0.0002	0.0009	0.0200	0.0025
COG4271	R	Predicted nucleotide-binding protein containing TIR -like domain	0.0641	0.0297	0.0691	0	5	0	0/5	0.0297	0.0270	0.0170	0.2010	0.0456
COG4272	S	Uncharacterized membrane protein	0.2662	0.2388	0.2740	1	5	0	1/5	0.0094	0.2388	0.0111	0.7573	0.3144
COG4273	S	Uncharacterized conserved protein, contains metal-binding DGC domain	0.6103	0.6836	0.3233	3	5	1	3/5	0.2759	0.6836	0.1941	0.9854	0.9126
COG4274	S	Uncharacterized conserved protein, contains GYD domain	0.5608	0.8156	0.3760	3	5	1	3/5	0.0822	0.8259	0.1268	0.9534	0.8156
COG4275	P	Chromate resistance protein ChrB1	0.4393	0.5248	0.3211	3	5	0	3/5	0.0662	0.5248	0.0940	0.9131	0.5982
COG4276	R	Ligand-binding SRPBCC domain	0.0961	0.0072	0.1599	0	5	0	0/5	0.0064	0.0061	0.0072	0.4144	0.0464
COG4277	R	Predicted DNA modification or repair protein, contains radical SAM and helix-hairpin-helix domains	0.4644	0.5663	0.2333	3	5	0	3/5	0.2402	0.5663	0.1503	0.7766	0.5884
COG4278	S	Uncharacterized conserved protein	0.0011	0.0010	0.0003	0	5	0	0/5	0.0012	0.0008	0.0010	0.0016	0.0010
COG4279	S	Uncharacterized protein, contains SWIM-type Zn finger domain	0.3682	0.3607	0.3302	2	5	0	2/5	0.0314	0.5119	0.0263	0.9105	0.3607
COG4280	S	Uncharacterized membrane protein	0.1037	0.0182	0.1455	0	5	0	0/5	0.0032	0.0182	0.0035	0.3837	0.1100
COG4281	I	Acyl-CoA-binding protein	0.0136	0.0054	0.0167	0	5	0	0/5	0.0033	0.0054	0.0024	0.0466	0.0101
COG4282	M	Cell wall assembly regulator SMI1 (Killer toxin-resistance protein 4)	0.0051	0.0015	0.0075	0	5	0	0/5	0.0015	0.0012	0.0005	0.0201	0.0021
COG4283	R	Uncharacterized conserved protein DfsB/IRC4, DUF1706 (PF08020) domain	0.0027	0.0020	0.0017	0	5	0	0/5	0.0023	0.0012	0.0020	0.0060	0.0018
COG4284	G	UDP-N-acetylglucosamine pyrophosphorylase	0.0017	0.0015	0.0008	0	5	0	0/5	0.0016	0.0009	0.0013	0.0033	0.0015
COG4285	R	Uncharacterized conserved protein, conains N-terminal glutamine amidotransferase (GATase1)-like domain	0.0458	0.0448	0.0147	0	5	0	0/5	0.0448	0.0376	0.0272	0.0715	0.0479
COG4286	S	Uncharacterized conserved protein, UPF0160 family	0.0019	0.0018	0.0006	0	5	0	0/5	0.0016	0.0013	0.0018	0.0031	0.0018
COG4287	R	PhoPQ-activated pathogenicity-related protein	0.0070	0.0060	0.0032	0	5	0	0/5	0.0043	0.0065	0.0050	0.0131	0.0060
COG4288	S	Uncharacterized conserved protein	0.0388	0.0120	0.0564	0	5	0	0/5	0.0071	0.0120	0.0062	0.1513	0.0176
COG4289	S	Uncharacterized conserved protein, DUF2264 domain	0.0025	0.0012	0.0032	0	5	0	0/5	0.0012	0.0005	0.0014	0.0088	0.0005
COG4290	F	Guanyl-specific ribonuclease Sa	0.0018	0.0011	0.0015	0	5	0	0/5	0.0010	0.0011	0.0007	0.0047	0.0014
COG4291	S	Uncharacterized membrane protein	0.0066	0.0030	0.0087	0	5	0	0/5	0.0016	0.0032	0.0014	0.0239	0.0030
COG4292	S	Low temperature requirement protein LtrA (function unknown)	0.0243	0.0018	0.0376	0	5	0	0/5	0.0018	0.0017	0.0017	0.0985	0.0178
COG4293	S	Uncharacterized conserved protein, DUF1802 family	0.0257	0.0078	0.0306	0	5	0	0/5	0.0019	0.0078	0.0016	0.0814	0.0358
COG4294	L	UV DNA damage repair endonuclease	0.1986	0.1813	0.2056	1	5	0	1/5	0.0205	0.1813	0.0233	0.5838	0.1843
COG4295	R	Predicted RNA repair component, a phosphatase of H2Macro superfamily, DUF2263 family	0.0053	0.0037	0.0033	0	5	0	0/5	0.0044	0.0037	0.0033	0.0118	0.0035
COG4296	S	Uncharacterized conserved protein, DUF2262 domain	0.0026	0.0011	0.0032	0	5	0	0/5	0.0008	0.0011	0.0005	0.0089	0.0017
COG4297	S	Uncharacterized conserved protein YjlB, cupin superfamily	0.0249	0.0053	0.0410	0	5	0	0/5	0.0009	0.0053	0.0008	0.1065	0.0110
COG4298	S	Uncharacterized conserved protein, YiaAB domain	0.0019	0.0007	0.0024	0	5	0	0/5	0.0004	0.0007	0.0003	0.0067	0.0015
COG4299	R	Predicted acyltransferase, DUF1624 domain	0.0102	0.0072	0.0071	0	5	0	0/5	0.0061	0.0072	0.0039	0.0238	0.0098
COG4300	P	Cadmium resistance protein CadD, predicted permease	0.0390	0.0100	0.0561	0	5	0	0/5	0.0078	0.0100	0.0067	0.1508	0.0196
COG4301	R	Uncharacterized protein, contains predicted SAM-dependent methyltransferase domain	0.1407	0.0677	0.1894	1	5	0	1/5	0.0159	0.0904	0.0147	0.5150	0.0677
COG4302	E	Ethanolamine ammonia-lyase, small subunit	0.0024	0.0015	0.0022	0	5	0	0/5	0.0015	0.0007	0.0013	0.0068	0.0015
COG4303	E	Ethanolamine ammonia-lyase, large subunit	0.0020	0.0012	0.0017	0	5	0	0/5	0.0012	0.0008	0.0011	0.0055	0.0016
COG4304	S	Uncharacterized conserved protein, DUF2247 domain	0.0005	0.0003	0.0005	0	5	0	0/5	0.0001	0.0003	0.0001	0.0015	0.0005
COG4305	M	Peptidoglycan-binding domain, expansin YoaJ	0.0023	0.0011	0.0025	0	5	0	0/5	0.0011	0.0011	0.0004	0.0073	0.0014
COG4306	S	Uncharacterized conserved protein, DUF2321 domain	0.0256	0.0072	0.0382	0	5	0	0/5	0.0026	0.0072	0.0016	0.1015	0.0152
COG4307	S	Uncharacterized conserved protein, DUF2248 family	0.0043	0.0016	0.0047	0	5	0	0/5	0.0013	0.0016	0.0010	0.0133	0.0045
COG4308	Q	Limonene-1,2-epoxide hydrolase LimA/EphG	0.0048	0.0027	0.0041	0	5	0	0/5	0.0015	0.0027	0.0019	0.0126	0.0054
COG4309	R	SirA-like two-layered alpha/beta sandwich domain, DUF2249 family	0.1022	0.0065	0.1912	0	5	0	0/5	0.0016	0.0065	0.0008	0.4844	0.0175
COG4310	R	Uncharacterized conserved protein, cotains an aminopeptidase-like domain	0.0041	0.0017	0.0049	0	5	0	0/5	0.0017	0.0015	0.0013	0.0138	0.0021
COG4311	E	Sarcosine oxidase delta subunit	0.0050	0.0029	0.0032	0	5	0	0/5	0.0023	0.0029	0.0029	0.0110	0.0057
COG4312	R	Predicted dithiol-disulfide oxidoreductase, DUF899 family	0.0138	0.0023	0.0221	0	5	0	0/5	0.0014	0.0023	0.0019	0.0579	0.0054
COG4313	M	Sphingosine uptake channel SphA-related outer membrane channel	0.0047	0.0020	0.0055	0	5	0	0/5	0.0010	0.0020	0.0013	0.0155	0.0037
COG4314	P	Nitrous oxide reductase accessory protein NosL	0.2057	0.1288	0.2409	1	5	0	1/5	0.0124	0.1288	0.0113	0.6628	0.2131
COG4315	S	Predicted lipoprotein with conserved Yx(FWY)xxD motif (function unknown)	0.1518	0.0746	0.2051	1	5	0	1/5	0.0161	0.0746	0.0116	0.5564	0.1002
COG4316	S	Uncharacterized conserved protein, DUF2251 domain	0.0011	0.0008	0.0011	0	5	0	0/5	0.0003	0.0008	0.0002	0.0031	0.0011
COG4317	F	Xanthosine utilization system component, XapX domain	0.0279	0.0053	0.0446	0	5	0	0/5	0.0030	0.0053	0.0020	0.1169	0.0123
COG4318	S	Uncharacterized conserved protein	0.0016	0.0018	0.0009	0	5	0	0/5	0.0006	0.0018	0.0007	0.0031	0.0019
COG4319	R	Ketosteroid isomerase homolog YybH	0.1125	0.0266	0.1446	0	5	0	0/5	0.0118	0.0266	0.0098	0.3886	0.1259
COG4320	S	Uncharacterized conserved protein, DUF2252 family	0.0294	0.0067	0.0473	0	5	0	0/5	0.0031	0.0067	0.0033	0.1239	0.0100
COG4321	R	Predicted DNA-binding protein, contains ribbon-helix-helix (RHH) domain	0.0026	0.0025	0.0011	0	5	0	0/5	0.0017	0.0025	0.0016	0.0047	0.0027
COG4322	S	Uncharacterized protein, contains DUF2272 domain	0.0036	0.0015	0.0046	0	5	0	0/5	0.0007	0.0015	0.0007	0.0127	0.0022
COG4323	S	Uncharacterized conserved protein, DUF962 domain	0.0033	0.0013	0.0045	0	5	0	0/5	0.0004	0.0013	0.0004	0.0121	0.0024
COG4324	R	Predicted aminopeptidase	0.0082	0.0057	0.0084	0	5	0	0/5	0.0019	0.0057	0.0016	0.0245	0.0073
COG4325	S	Uncharacterized membrane protein	0.0205	0.0052	0.0303	0	5	0	0/5	0.0050	0.0044	0.0052	0.0811	0.0068
COG4326	D	Stage 0 sporulation-control protein Spo0M	0.1122	0.0115	0.1716	0	5	0	0/5	0.0044	0.0115	0.0024	0.4486	0.0943
COG4327	S	Uncharacterized membrane protein, DUF4212 domain	0.0218	0.0012	0.0370	0	5	0	0/5	0.0012	0.0011	0.0011	0.0955	0.0100
COG4328	R	Predicted nuclease (RNAse H fold)	0.0182	0.0128	0.0106	0	5	0	0/5	0.0128	0.0115	0.0126	0.0393	0.0150
COG4329	S	Uncharacterized membrane protein, DUF2243 domain	0.0108	0.0030	0.0158	0	5	0	0/5	0.0025	0.0022	0.0030	0.0424	0.0040
COG4330	S	Uncharacterized membrane protein, DUF1361 domain	0.0120	0.0054	0.0160	0	5	0	0/5	0.0024	0.0054	0.0017	0.0438	0.0067
COG4331	S	Uncharacterized membrane protein, DUF2127 domain	0.0083	0.0031	0.0121	0	5	0	0/5	0.0005	0.0031	0.0006	0.0322	0.0049
COG4332	S	Uncharacterized conserved protein, DUF1062 domain	0.0048	0.0005	0.0082	0	5	0	0/5	0.0004	0.0005	0.0002	0.0213	0.0018
COG4333	S	Uncharacterized conserved protein, DUF1643 domain	0.0171	0.0020	0.0235	0	5	0	0/5	0.0020	0.0017	0.0018	0.0625	0.0173
COG4334	S	Uncharacterized conserved protein, DUF2255 domain	0.0257	0.0062	0.0381	0	5	0	0/5	0.0022	0.0062	0.0016	0.1011	0.0175
COG4335	L	3-methylpurine DNA glycosylase AlkC	0.0055	0.0049	0.0016	0	5	0	0/5	0.0069	0.0037	0.0078	0.0049	0.0041
COG4336	S	Uncharacterized conserved protein YcsI, UPF0317/DUF1446 family	0.1946	0.0693	0.2559	1	5	0	1/5	0.0693	0.0448	0.0455	0.7042	0.1091
COG4337	S	Uncharacterized conserved protein	0.0011	0.0011	0.0001	0	5	0	0/5	0.0013	0.0009	0.0011	0.0010	0.0011
COG4338	S	Uncharacterized conserved protein, DUF2256 family	0.0007	0.0004	0.0005	0	5	0	0/5	0.0003	0.0004	0.0003	0.0016	0.0008
COG4339	R	Predicted metal-dependent phosphohydrolase, HD superfamily	0.0047	0.0032	0.0040	0	5	0	0/5	0.0032	0.0015	0.0045	0.0123	0.0019
COG4340	R	Predicted dioxygenase, 2-oxoglutarate and Fe-dependent (2OG-Fe) dioxygenase superfamily	0.0025	0.0012	0.0025	0	5	0	0/5	0.0010	0.0012	0.0011	0.0075	0.0019
COG4341	R	Predicted HD phosphohydrolase	0.0022	0.0015	0.0015	0	5	0	0/5	0.0008	0.0015	0.0012	0.0050	0.0027
COG4342	X	Phage integrase/recombinase	0.5705	0.8090	0.3637	3	5	1	3/5	0.1797	0.8090	0.0802	0.9406	0.8430
COG4343	V	CRISPR/Cas system-associated exonuclease Cas4, RecB family	0.7118	0.9412	0.2927	3	5	1	3/5	0.3750	0.9412	0.3327	0.9486	0.9617
COG4344	K	Predicted transciptional regulator, contains HTH domain	0.3692	0.2530	0.3342	2	5	0	2/5	0.0778	0.2530	0.0341	0.9300	0.5513
COG4345	R	Predicted DNA binding protein, Pae2254/DUF2258 family	0.4757	0.6826	0.3098	3	5	0	3/5	0.1187	0.6826	0.0772	0.7645	0.7355
COG4346	O	Predicted membrane-bound dolichyl-phosphate-mannose-protein mannosyltransferase	0.4740	0.5531	0.2745	3	5	0	3/5	0.1476	0.5531	0.1602	0.8180	0.6912
COG4347	S	Uncharacterized membrane protein YpjA	0.1587	0.1224	0.1294	0	5	0	0/5	0.0594	0.1224	0.0417	0.4011	0.1691
COG4352	J	Ribosomal protein L13E	0.3552	0.5039	0.2166	3	5	0	3/5	0.0524	0.5362	0.1323	0.5039	0.5511
COG4353	R	Acetyltransferase superfamily protein, DUF1122 family	0.4572	0.5355	0.3315	3	5	0	3/5	0.0731	0.5355	0.0730	0.8736	0.7308
COG4354	S	Uncharacterized conserved protein, contains GBA2_N and DUF608 domains	0.2740	0.1608	0.2904	1	5	0	1/5	0.0271	0.1608	0.0254	0.8029	0.3540
COG4357	S	Uncharacterized conserved protein, contains Zn-finger domain of CHY type	0.0276	0.0037	0.0463	0	5	0	0/5	0.0037	0.0033	0.0032	0.1202	0.0074
COG4359	E	2-hydroxy-3-keto-5-methylthiopentenyl-1-phosphate phosphatase (methionine salvage)	0.0123	0.0135	0.0053	0	5	0	0/5	0.0098	0.0042	0.0137	0.0205	0.0135
COG4360	F	ATP adenylyltransferase (5',5'''-P-1,P-4-tetraphosphate phosphorylase II)	0.0126	0.0074	0.0119	0	5	0	0/5	0.0029	0.0074	0.0024	0.0342	0.0163
COG4362	P	Nitric oxide synthase, oxygenase domain	0.0130	0.0028	0.0199	0	5	0	0/5	0.0010	0.0028	0.0008	0.0524	0.0078
COG4365	Q	Putative cysteine ligase BshC/YllA (bacillithiol biosynthesis)	0.0502	0.0101	0.0666	0	5	0	0/5	0.0064	0.0101	0.0101	0.1805	0.0438
COG4367	S	Uncharacterized conserved protein, DUF2316 domain	0.0030	0.0013	0.0032	0	5	0	0/5	0.0011	0.0013	0.0010	0.0093	0.0025
COG4370	S	Uncharacterized conserved protein	0.0075	0.0090	0.0042	0	5	0	0/5	0.0023	0.0090	0.0030	0.0128	0.0105
COG4371	S	Uncharacterized membrane protein	0.0129	0.0063	0.0165	0	5	0	0/5	0.0011	0.0063	0.0011	0.0451	0.0109
COG4372	S	Uncharacterized protein, contains DUF3084 domain	0.0045	0.0037	0.0035	0	5	0	0/5	0.0110	0.0015	0.0037	0.0048	0.0015
COG4373	X	Mu-like prophage FluMu protein gp28	0.0071	0.0051	0.0040	0	5	0	0/5	0.0109	0.0027	0.0128	0.0038	0.0051
COG4374	V	PIN domain nuclease, a component of toxin-antitoxin system (PIN domain)	0.0106	0.0047	0.0148	0	5	0	0/5	0.0010	0.0047	0.0005	0.0398	0.0068
COG4377	R	Predicted metal-dependent membrane protease YhfC, DUF2324 family	0.1641	0.0862	0.1668	0	5	0	0/5	0.0076	0.0862	0.0092	0.4252	0.2922
COG4378	S	Uncharacterized conserved protein, DUF2325 domain	0.0127	0.0032	0.0187	0	5	0	0/5	0.0007	0.0032	0.0004	0.0494	0.0096
COG4379	X	Mu-like prophage tail protein gpP	0.0010	0.0010	0.0002	0	5	0	0/5	0.0008	0.0007	0.0010	0.0012	0.0011
COG4380	S	Uncharacterized conserved protein, DUF799 domain	0.0011	0.0010	0.0005	0	5	0	0/5	0.0007	0.0010	0.0006	0.0021	0.0012
COG4381	X	Mu-like prophage protein gp46	0.0014	0.0011	0.0007	0	5	0	0/5	0.0011	0.0008	0.0009	0.0028	0.0012
COG4382	X	Mu-like prophage protein gp16	0.0013	0.0013	0.0003	0	5	0	0/5	0.0013	0.0009	0.0011	0.0018	0.0016
COG4383	X	Mu-like prophage protein gp29	0.0022	0.0022	0.0010	0	5	0	0/5	0.0022	0.0013	0.0022	0.0040	0.0013
COG4384	X	Mu-like prophage protein gp45	0.0015	0.0013	0.0005	0	5	0	0/5	0.0012	0.0013	0.0011	0.0026	0.0015
COG4385	X	Bacteriophage P2-related tail formation protein	0.0030	0.0030	0.0009	0	5	0	0/5	0.0038	0.0030	0.0026	0.0042	0.0016
COG4386	X	Mu-like prophage tail sheath protein gpL	0.0021	0.0019	0.0008	0	5	0	0/5	0.0012	0.0019	0.0015	0.0036	0.0021
COG4387	X	Mu-like prophage protein gp36	0.0007	0.0008	0.0002	0	5	0	0/5	0.0008	0.0005	0.0008	0.0011	0.0005
COG4388	X	Mu-like prophage I protein	0.0010	0.0006	0.0007	0	5	0	0/5	0.0005	0.0006	0.0006	0.0023	0.0009
COG4389	L	Site-specific recombinase	0.0021	0.0015	0.0020	0	5	0	0/5	0.0004	0.0015	0.0004	0.0057	0.0026
COG4390	S	Uncharacterized conserved protein, DUF2322 domain	0.0017	0.0009	0.0019	0	5	0	0/5	0.0002	0.0009	0.0002	0.0052	0.0018
COG4391	S	Uncharacterized protein, contains Zn-finger domain	0.0062	0.0044	0.0054	0	5	0	0/5	0.0011	0.0044	0.0012	0.0154	0.0088
COG4392	E	Branched-chain amino acid transport protein	0.0635	0.0161	0.0862	0	5	0	0/5	0.0161	0.0054	0.0135	0.2333	0.0491
COG4393	S	Uncharacterized membrane protein	0.0218	0.0117	0.0214	0	5	0	0/5	0.0101	0.0117	0.0063	0.0641	0.0166
COG4394	J	Elongation factor P Arg32-rhamnosyltransferase EarP	0.0027	0.0025	0.0006	0	5	0	0/5	0.0027	0.0037	0.0025	0.0025	0.0020
COG4395	I	Predicted lipid-binding transport protein, Tim44 family	0.0013	0.0013	0.0003	0	5	0	0/5	0.0013	0.0011	0.0009	0.0019	0.0015
COG4396	X	Mu-like prophage host-nuclease inhibitor protein Gam	0.0012	0.0012	0.0007	0	5	0	0/5	0.0005	0.0012	0.0005	0.0024	0.0015
COG4397	X	Mu-like prophage major head subunit gpT	0.0024	0.0014	0.0019	0	5	0	0/5	0.0013	0.0011	0.0014	0.0062	0.0018
COG4398	T	Small ligand-binding sensory domain FIST	0.0084	0.0037	0.0105	0	5	0	0/5	0.0008	0.0037	0.0006	0.0286	0.0083
COG4399	S	Uncharacterized membrane protein YheB, UPF0754 family	0.0428	0.0309	0.0368	0	5	0	0/5	0.0309	0.0175	0.0147	0.1146	0.0362
COG4401	E	Chorismate mutase AroH	0.0240	0.0091	0.0297	0	5	0	0/5	0.0054	0.0091	0.0047	0.0825	0.0181
COG4402	S	Uncharacterized conserved protein, DUF2330 domain	0.0039	0.0023	0.0036	0	5	0	0/5	0.0014	0.0023	0.0011	0.0108	0.0040
COG4403	V	Lantibiotic modifying enzyme	0.0171	0.0051	0.0243	0	5	0	0/5	0.0044	0.0051	0.0036	0.0657	0.0066
COG4405	R	Predicted RNA-binding protein YhfF, contains PUA-like ASCH domain	0.0040	0.0030	0.0022	0	5	0	0/5	0.0025	0.0018	0.0030	0.0079	0.0046
COG4408	S	Uncharacterized conserved protein	0.0108	0.0037	0.0123	0	5	0	0/5	0.0035	0.0037	0.0028	0.0349	0.0089
COG4409	GM	Neuraminidase (sialidase) NanH, contains C-terminal autotransporter domain	0.0781	0.0435	0.0810	0	5	0	0/5	0.0435	0.0180	0.0485	0.2388	0.0417
COG4412	O	Bacillopeptidase F, M6 metalloprotease family	0.0493	0.0439	0.0207	0	5	0	0/5	0.0480	0.0306	0.0439	0.0888	0.0350
COG4413	E	Urea transporter	0.0257	0.0052	0.0414	0	5	0	0/5	0.0052	0.0041	0.0047	0.1084	0.0059
COG4416	X	Mu-like prophage FluMu protein Com	0.0046	0.0049	0.0019	0	5	0	0/5	0.0024	0.0049	0.0027	0.0056	0.0076
COG4420	S	Uncharacterized membrane protein	0.0035	0.0040	0.0009	0	5	0	0/5	0.0045	0.0028	0.0040	0.0041	0.0020
COG4421	M	Capsular polysaccharide biosynthesis protein	0.0055	0.0029	0.0043	0	5	0	0/5	0.0063	0.0020	0.0029	0.0135	0.0026
COG4422	X	Bacteriophage protein gp37	0.0551	0.0272	0.0611	0	5	0	0/5	0.0338	0.0205	0.0174	0.1768	0.0272
COG4423	S	Uncharacterized conserved protein	0.0072	0.0037	0.0076	0	5	0	0/5	0.0023	0.0037	0.0015	0.0221	0.0062
COG4424	M	LPS sulfotransferase NodH	0.0412	0.0278	0.0307	0	5	0	0/5	0.0192	0.0266	0.0303	0.1021	0.0278
COG4425	S	Uncharacterized membrane protein	0.0027	0.0011	0.0032	0	5	0	0/5	0.0005	0.0011	0.0005	0.0089	0.0024
COG4427	S	Uncharacterized conserved protein, DUF2332 domain	0.0318	0.0078	0.0493	0	5	0	0/5	0.0019	0.0078	0.0015	0.1296	0.0180
COG4430	S	Uncharacterized conserved protein YdeI, YjbR/CyaY-like superfamily, DUF1801 family	0.0636	0.0275	0.0756	0	5	0	0/5	0.0172	0.0478	0.0125	0.2129	0.0275
COG4443	S	Uncharacterized conserved protein	0.0138	0.0057	0.0178	0	5	0	0/5	0.0034	0.0057	0.0033	0.0493	0.0073
COG4445	J	tRNA isopentenyl-2-thiomethyl-A-37 hydroxylase MiaE (synthesis of 2-methylthio-cis-ribozeatin)	0.0020	0.0020	0.0005	0	5	0	0/5	0.0012	0.0020	0.0021	0.0029	0.0020
COG4446	S	Uncharacterized conserved protein, DUF1499 family	0.0077	0.0031	0.0084	0	5	0	0/5	0.0023	0.0031	0.0023	0.0243	0.0063
COG4447	R	Uncharacterized conserved protein related to plant photosystem II stability/assembly factor	0.1121	0.0604	0.1462	0	5	0	0/5	0.0091	0.0604	0.0159	0.4002	0.0749
COG4448	E	L-asparaginase II	0.0045	0.0024	0.0040	0	5	0	0/5	0.0020	0.0024	0.0023	0.0124	0.0033
COG4449	R	Predicted protease, Abi (CAAX) family	0.0057	0.0024	0.0079	0	5	0	0/5	0.0008	0.0024	0.0005	0.0214	0.0036
COG4451	G	Ribulose bisphosphate carboxylase small subunit	0.0244	0.0152	0.0277	0	5	0	0/5	0.0058	0.0152	0.0035	0.0786	0.0187
COG4452	V	Inner membrane protein CreD involved in colicin E2 resistance	0.0005	0.0005	0.0001	0	5	0	0/5	0.0005	0.0004	0.0004	0.0007	0.0005
COG4453	S	Uncharacterized conserved protein, DUF1778 family	0.0049	0.0027	0.0057	0	5	0	0/5	0.0012	0.0027	0.0006	0.0160	0.0041
COG4454	R	Uncharacterized copper-binding protein, cupredoxin-like subfamily	0.0054	0.0020	0.0067	0	5	0	0/5	0.0012	0.0020	0.0016	0.0187	0.0034
COG4455	R	Protein of avirulence locus involved in temperature-dependent protein secretion	0.0055	0.0043	0.0045	0	5	0	0/5	0.0021	0.0043	0.0018	0.0142	0.0050
COG4456	S	Virulence-associated protein VagC (function unknown)	0.0045	0.0029	0.0040	0	5	0	0/5	0.0016	0.0029	0.0012	0.0122	0.0048
COG4457	Q	Virulence factor SrfB-related protein	0.0030	0.0023	0.0025	0	5	0	0/5	0.0014	0.0023	0.0008	0.0079	0.0025
COG4458	Q	Virulence factor SrfC-related protein	0.0038	0.0031	0.0033	0	5	0	0/5	0.0016	0.0031	0.0010	0.0101	0.0033
COG4459	C	Periplasmic nitrate reductase system, NapE component	0.0015	0.0006	0.0019	0	5	0	0/5	0.0002	0.0006	0.0002	0.0052	0.0014
COG4460	S	Uncharacterized conserved protein, DUF4440 domain	0.0220	0.0051	0.0275	0	5	0	0/5	0.0038	0.0051	0.0025	0.0748	0.0239
COG4461	V	Lysozyme inhibitor LprI	0.0009	0.0004	0.0010	0	5	0	0/5	0.0004	0.0003	0.0004	0.0028	0.0006
COG4463	K	Transcriptional regulator CtsR	0.0091	0.0051	0.0099	0	5	0	0/5	0.0026	0.0051	0.0013	0.0283	0.0080
COG4464	T	Tyrosine-protein phosphatase YwqE	0.0056	0.0025	0.0067	0	5	0	0/5	0.0026	0.0019	0.0018	0.0190	0.0025
COG4465	K	GTP-sensing pleiotropic transcriptional regulator CodY	0.0531	0.0264	0.0663	0	5	0	0/5	0.0047	0.0264	0.0024	0.1810	0.0509
COG4466	S	Uncharacterized conserved protein Veg, DUF1021 family	0.0077	0.0071	0.0056	0	5	0	0/5	0.0022	0.0071	0.0021	0.0171	0.0101
COG4467	L	Regulator of replication initiation timing YabA	0.0224	0.0091	0.0253	0	5	0	0/5	0.0083	0.0133	0.0086	0.0728	0.0091
COG4468	G	Galactose-1-phosphate uridylyltransferase	0.0013	0.0012	0.0003	0	5	0	0/5	0.0010	0.0012	0.0014	0.0018	0.0009
COG4469	R	Competence protein CoiA, contains predicted nuclease domain	0.0118	0.0038	0.0158	0	5	0	0/5	0.0038	0.0030	0.0034	0.0434	0.0052
COG4470	S	Uncharacterized conserved protein YutD, DUF1027 family	0.0020	0.0018	0.0016	0	5	0	0/5	0.0003	0.0041	0.0004	0.0018	0.0035
COG4471	S	Uncharacterized conserved protein YlbG, UPF0298 family	0.0019	0.0019	0.0017	0	5	0	0/5	0.0001	0.0019	0.0001	0.0042	0.0034
COG4472	S	Uncharacterized conserved protein, UPF0297 family	0.0191	0.0222	0.0158	0	5	0	0/5	0.0029	0.0222	0.0023	0.0453	0.0227
COG4473	U	Predicted ABC-type exoprotein transport system, permease component	0.0053	0.0020	0.0070	0	5	0	0/5	0.0005	0.0020	0.0005	0.0190	0.0045
COG4474	X	Uncharacterized SPBc2 prophage-derived protein YoqJ	0.0054	0.0047	0.0038	0	5	0	0/5	0.0023	0.0047	0.0020	0.0125	0.0054
COG4475	S	Uncharacterized conserved protein YwlG, UPF0340 family	0.0184	0.0087	0.0261	0	5	0	0/5	0.0017	0.0087	0.0023	0.0702	0.0091
COG4476	S	Uncharacterized conserved protein YktA, UPF0223 family	0.0035	0.0022	0.0034	0	5	0	0/5	0.0005	0.0022	0.0004	0.0094	0.0048
COG4477	D	Septation ring formation regulator EzrA	0.0006	0.0006	0.0003	0	5	0	0/5	0.0003	0.0008	0.0003	0.0006	0.0011
COG4478	S	Uncharacterized membrane protein	0.0124	0.0121	0.0098	0	5	0	0/5	0.0026	0.0142	0.0035	0.0298	0.0121
COG4479	S	Uncharacterized conserved protein YozE, UPF0346 family	0.0072	0.0041	0.0072	0	5	0	0/5	0.0013	0.0041	0.0012	0.0204	0.0088
COG4481	S	Uncharacterized conserved protein, DUF951 family	0.0701	0.0451	0.0822	0	5	0	0/5	0.0096	0.0451	0.0072	0.2295	0.0592
COG4483	S	Uncharacterized conserved protein YqgQ, DUF910 family	0.0087	0.0022	0.0121	0	5	0	0/5	0.0001	0.0022	0.0001	0.0321	0.0092
COG4485	S	Uncharacterized membrane protein YfhO	0.0100	0.0035	0.0133	0	5	0	0/5	0.0043	0.0035	0.0028	0.0365	0.0029
COG4487	S	Uncharacterized conserved protein, contains DUF2130 domain	0.0019	0.0018	0.0004	0	5	0	0/5	0.0019	0.0018	0.0026	0.0016	0.0017
COG4492	R	ACT domain-containing protein, UPF0735 family	0.0069	0.0050	0.0072	0	5	0	0/5	0.0022	0.0054	0.0011	0.0210	0.0050
COG4493	S	Uncharacterized conserved protein YktB, UPF0637 family	0.0174	0.0067	0.0244	0	5	0	0/5	0.0008	0.0067	0.0008	0.0653	0.0136
COG4495	S	Uncharacterized conserved protein, DUF4176 domain	0.0022	0.0024	0.0017	0	5	0	0/5	0.0004	0.0024	0.0003	0.0048	0.0029
COG4496	R	Predicted DNA-binding transcriptional regulator YerC, contains ArsR-like HTH domain	0.0027	0.0024	0.0005	0	5	0	0/5	0.0023	0.0024	0.0028	0.0037	0.0023
COG4499	U	ESX protein secretion system component YukC	0.0014	0.0013	0.0010	0	5	0	0/5	0.0004	0.0013	0.0003	0.0031	0.0017
COG4502	F	5'(3')-deoxyribonucleotidase	0.0050	0.0026	0.0047	0	5	0	0/5	0.0026	0.0035	0.0022	0.0143	0.0025
COG4506	S	Uncharacterized beta-barrel protein YwiB, DUF1934 family	0.0149	0.0158	0.0118	0	5	0	0/5	0.0036	0.0158	0.0028	0.0354	0.0168
COG4508	F	Dimeric dUTPase, all-alpha-NTP-PPase (MazG) superfamily	0.0186	0.0092	0.0160	0	5	0	0/5	0.0050	0.0092	0.0050	0.0453	0.0287
COG4509	S	Uncharacterized conserved protein	0.0027	0.0017	0.0018	0	5	0	0/5	0.0017	0.0052	0.0012	0.0009	0.0045
COG4512	KT	Accessory gene regulator protein AgrB	0.0037	0.0034	0.0031	0	5	0	0/5	0.0009	0.0034	0.0006	0.0093	0.0042
COG4517	S	Uncharacterized conserved protein, DUF1820 domain	0.0046	0.0039	0.0040	0	5	0	0/5	0.0009	0.0039	0.0008	0.0115	0.0060
COG4518	X	Mu-like prophage FluMu protein gp41	0.0011	0.0009	0.0011	0	5	0	0/5	0.0001	0.0009	0.0001	0.0031	0.0012
COG4519	S	Uncharacterized conserved protein	0.0005	0.0002	0.0006	0	5	0	0/5	0.0001	0.0002	0.0001	0.0017	0.0004
COG4520	M	Surface antigen	0.0020	0.0014	0.0010	0	5	0	0/5	0.0012	0.0014	0.0014	0.0039	0.0020
COG4521	P	ABC-type taurine transport system, periplasmic component	0.0031	0.0025	0.0018	0	5	0	0/5	0.0029	0.0024	0.0012	0.0064	0.0025
COG4525	P	ABC-type taurine transport system, ATPase component	0.0037	0.0030	0.0026	0	5	0	0/5	0.0018	0.0030	0.0011	0.0086	0.0039
COG4529	R	Uncharacterized NAD(P)/FAD-binding protein YdhS	0.0003	0.0003	0.0001	0	5	0	0/5	0.0004	0.0002	0.0005	0.0003	0.0002
COG4530	S	Uncharacterized conserved protein	0.0069	0.0058	0.0053	0	5	0	0/5	0.0020	0.0058	0.0019	0.0162	0.0086
COG4531	P	ABC-type Zn2+ transport system, periplasmic component/surface adhesin ZnuA	0.0004	0.0001	0.0006	0	5	0	0/5	0.0001	0.0001	0.0001	0.0017	0.0002
COG4533	K	DNA-binding transcriptional regulator SgrR of sgrS sRNA, contains a MarR-type HTH domain and a periplasmic-type solute-binding domain	0.0014	0.0003	0.0020	0	5	0	0/5	0.0001	0.0003	0.0001	0.0053	0.0010
COG4535	P	Mg2+ and Co2+ transporter CorC, contains CBS pair and CorC-HlyC domains	0.0011	0.0007	0.0008	0	5	0	0/5	0.0020	0.0007	0.0020	0.0002	0.0005
COG4536	P	Mg2+ and Co2+ transporter CorB, contains DUF21, CBS pair, and CorC-HlyC domains	0.0051	0.0046	0.0015	0	5	0	0/5	0.0071	0.0038	0.0067	0.0046	0.0035
COG4537	X	Competence protein ComGC	0.0139	0.0065	0.0154	0	5	0	0/5	0.0036	0.0065	0.0031	0.0441	0.0121
COG4538	S	Uncharacterized conserved protein, contains SnoaL-like domain	0.0304	0.0024	0.0566	0	5	0	0/5	0.0006	0.0024	0.0006	0.1436	0.0046
COG4539	I	2-hydroxy fatty acid dioxygenase MPO1 (alpha-oxidation of fatty acids)	0.0008	0.0006	0.0005	0	5	0	0/5	0.0003	0.0006	0.0005	0.0018	0.0008
COG4540	X	Phage P2 baseplate assembly protein gpV	0.0007	0.0005	0.0003	0	5	0	0/5	0.0008	0.0004	0.0012	0.0005	0.0004
COG4541	S	Uncharacterized membrane protein	0.0136	0.0036	0.0196	0	5	0	0/5	0.0022	0.0036	0.0014	0.0524	0.0084
COG4542	Q	PduX protein involved in propanediol utilization and related proteins	0.0069	0.0019	0.0097	0	5	0	0/5	0.0018	0.0019	0.0006	0.0262	0.0039
COG4544	S	Uncharacterized conserved protein	0.0094	0.0062	0.0086	0	5	0	0/5	0.0029	0.0062	0.0027	0.0258	0.0094
COG4545	O	Glutaredoxin-related protein	0.0018	0.0021	0.0013	0	5	0	0/5	0.0004	0.0021	0.0004	0.0038	0.0021
COG4547	H	Cobalamin biosynthesis cobaltochelatase CobT subunit	0.0021	0.0017	0.0014	0	5	0	0/5	0.0035	0.0006	0.0040	0.0017	0.0007
COG4548	P	Nitric oxide reductase activation protein	0.0127	0.0115	0.0030	0	5	0	0/5	0.0158	0.0108	0.0115	0.0167	0.0089
COG4549	S	Uncharacterized conserved protein YcnI, contains cohesin/reeler-like domain	0.0015	0.0008	0.0014	0	5	0	0/5	0.0006	0.0008	0.0007	0.0044	0.0012
COG4550	T	Cell fate regulator YmcA, YheA/YmcA/DUF963 family (controls sporulation, competence, biofilm development)	0.0006	0.0007	0.0004	0	5	0	0/5	0.0001	0.0010	0.0001	0.0007	0.0011
COG4551	R	Predicted protein tyrosine phosphatase	0.0067	0.0043	0.0040	0	5	0	0/5	0.0108	0.0030	0.0123	0.0043	0.0032
COG4552	R	Predicted acetyltransferase	0.1630	0.0326	0.2134	1	5	0	1/5	0.0326	0.0112	0.0279	0.5745	0.1687
COG4553	I	Poly-beta-hydroxyalkanoate depolymerase	0.0153	0.0078	0.0170	0	5	0	0/5	0.0054	0.0078	0.0036	0.0489	0.0106
COG4555	CP	ABC-type Na+ transport system, ATPase component NatA	0.0159	0.0074	0.0173	0	5	0	0/5	0.0504	0.0056	0.0074	0.0098	0.0065
COG4558	P	ABC-type hemin transport system, periplasmic component	0.0014	0.0013	0.0006	0	5	0	0/5	0.0022	0.0004	0.0013	0.0020	0.0012
COG4559	P	ABC-type hemin transport system, ATPase component	0.0009	0.0006	0.0009	0	5	0	0/5	0.0006	0.0003	0.0004	0.0027	0.0007
COG4564	T	Signal transduction histidine kinase	0.0095	0.0052	0.0086	0	5	0	0/5	0.0046	0.0052	0.0044	0.0267	0.0067
COG4565	KT	DNA-binding response regulator DpiB of citrate/malate metabolism	0.0114	0.0033	0.0157	0	5	0	0/5	0.0024	0.0033	0.0030	0.0428	0.0056
COG4566	TK	DNA-binding response regulator, FixJ family, consists of REC and HTH domains	0.0067	0.0010	0.0111	0	5	0	0/5	0.0009	0.0010	0.0007	0.0289	0.0022
COG4567	TK	DNA-binding response regulator, ActR/RegA family, consists of REC and Fis-type HTH domains	0.0017	0.0015	0.0005	0	5	0	0/5	0.0013	0.0013	0.0015	0.0026	0.0016
COG4568	K	Transcriptional antiterminator Rof (Rho-off)	0.0015	0.0011	0.0014	0	5	0	0/5	0.0004	0.0011	0.0003	0.0041	0.0015
COG4569	Q	Acetaldehyde dehydrogenase (acetylating)	0.0159	0.0069	0.0215	0	5	0	0/5	0.0034	0.0069	0.0032	0.0588	0.0073
COG4570	L	Holliday junction resolvase RusA (prophage-encoded endonuclease)	0.0060	0.0076	0.0022	0	5	0	0/5	0.0077	0.0025	0.0077	0.0076	0.0044
COG4571	M	Outer membrane protease	0.0023	0.0016	0.0016	0	5	0	0/5	0.0009	0.0016	0.0010	0.0051	0.0031
COG4572	P	Cation transport regulator ChaB	0.1673	0.0531	0.2011	1	5	0	1/5	0.0231	0.1973	0.0155	0.5473	0.0531
COG4573	G	Tagatose-1,6-bisphosphate aldolase non-catalytic subunit AgaZ/GatZ	0.0072	0.0063	0.0034	0	5	0	0/5	0.0063	0.0042	0.0046	0.0137	0.0072
COG4574	O	Serine protease inhibitor ecotin	0.0013	0.0012	0.0006	0	5	0	0/5	0.0009	0.0012	0.0006	0.0025	0.0014
COG4575	J	Membrane-anchored ribosome-binding protein ElaB, inhibits growth in stationary phase, YqjD/DUF883 family	0.0060	0.0053	0.0018	0	5	0	0/5	0.0054	0.0049	0.0048	0.0095	0.0053
COG4576	QC	Carboxysome shell and ethanolamine utilization microcompartment protein CcmK/EutM	0.0033	0.0014	0.0032	0	5	0	0/5	0.0014	0.0011	0.0014	0.0095	0.0033
COG4577	QC	Carboxysome shell and ethanolamine utilization microcompartment protein CcmL/EutN	0.0024	0.0010	0.0028	0	5	0	0/5	0.0009	0.0007	0.0010	0.0079	0.0017
COG4578	K	DNA-binding transcriptional regulator of glucitol operon	0.0015	0.0012	0.0008	0	5	0	0/5	0.0009	0.0012	0.0008	0.0028	0.0020
COG4579	T	Isocitrate dehydrogenase kinase/phosphatase	0.0078	0.0046	0.0083	0	5	0	0/5	0.0010	0.0046	0.0013	0.0234	0.0085
COG4580	G	Maltoporin (phage lambda and maltose receptor)	0.0015	0.0006	0.0017	0	5	0	0/5	0.0006	0.0006	0.0004	0.0048	0.0013
COG4581	L	Superfamily II RNA helicase	0.0018	0.0006	0.0017	0	5	0	0/5	0.0036	0.0003	0.0041	0.0004	0.0006
COG4582	D	Cell division protein ZapD, interacts with FtsZ	0.0062	0.0053	0.0050	0	5	0	0/5	0.0017	0.0053	0.0011	0.0147	0.0084
COG4583	E	Sarcosine oxidase gamma subunit	0.0026	0.0019	0.0014	0	5	0	0/5	0.0014	0.0019	0.0019	0.0052	0.0024
COG4584	X	Transposase	0.0907	0.0164	0.1160	0	5	0	0/5	0.0154	0.0961	0.0115	0.3139	0.0164
COG4585	T	Signal transduction histidine kinase ComP	0.0144	0.0022	0.0242	0	5	0	0/5	0.0022	0.0018	0.0015	0.0628	0.0035
COG4586	R	ABC-type uncharacterized transport system, ATPase component	0.0021	0.0007	0.0022	0	5	0	0/5	0.0061	0.0003	0.0032	0.0007	0.0004
COG4587	R	ABC-type uncharacterized transport system, permease component	0.0013	0.0005	0.0012	0	5	0	0/5	0.0025	0.0003	0.0029	0.0005	0.0003
COG4588	M	Accessory colonization factor AcfC, contains ABC-type periplasmic domain	0.0250	0.0092	0.0309	0	5	0	0/5	0.0054	0.0092	0.0043	0.0858	0.0204
COG4589	R	Predicted CDP-diglyceride synthetase/phosphatidate cytidylyltransferase	0.0001	0.0000	0.0002	0	5	0	0/5	0.0003	0.0000	0.0004	0.0000	0.0000
COG4590	R	ABC-type uncharacterized transport system, permease component	0.0087	0.0042	0.0112	0	5	0	0/5	0.0009	0.0042	0.0006	0.0306	0.0074
COG4591	M	ABC-type transport system involved in lipoprotein release, permease component LolC	0.0283	0.0103	0.0268	0	5	0	0/5	0.0519	0.0102	0.0684	0.0103	0.0005
COG4592	P	ABC-type Fe2+-enterobactin transport system, periplasmic component	0.0007	0.0005	0.0005	0	5	0	0/5	0.0003	0.0005	0.0002	0.0016	0.0008
COG4594	P	ABC-type Fe3+-citrate transport system, periplasmic component	0.0008	0.0004	0.0009	0	5	0	0/5	0.0002	0.0004	0.0002	0.0026	0.0006
COG4597	E	ABC-type amino acid transport system, permease component	0.0032	0.0034	0.0007	0	5	0	0/5	0.0021	0.0034	0.0041	0.0037	0.0029
COG4598	E	ABC-type histidine transport system, ATPase component	0.0029	0.0015	0.0026	0	5	0	0/5	0.0010	0.0015	0.0011	0.0079	0.0032
COG4603	F	ABC-type guanosine uptake system NupNOPQ, permease component NupP	0.5228	0.4669	0.3779	2	5	1	2/5	0.0841	0.4669	0.1483	0.9417	0.9729
COG4604	P	ABC-type enterochelin transport system, ATPase component	0.0003	0.0003	0.0002	0	5	0	0/5	0.0005	0.0001	0.0004	0.0003	0.0001
COG4605	P	ABC-type enterochelin transport system, permease component	0.0003	0.0002	0.0002	0	5	0	0/5	0.0005	0.0001	0.0004	0.0002	0.0001
COG4606	P	ABC-type enterochelin transport system, permease component	0.0003	0.0002	0.0002	0	5	0	0/5	0.0005	0.0001	0.0004	0.0002	0.0001
COG4607	P	ABC-type enterochelin transport system, periplasmic component	0.0002	0.0001	0.0001	0	5	0	0/5	0.0004	0.0001	0.0004	0.0001	0.0001
COG4608	E	ABC-type oligopeptide transport system, ATPase component	0.8794	0.9030	0.1057	5	5	1	5/5	0.9030	0.7614	0.7510	0.9962	0.9856
COG4615	P	ABC-type siderophore export system, fused ATPase and permease components	0.0085	0.0031	0.0105	0	5	0	0/5	0.0013	0.0031	0.0011	0.0290	0.0078
COG4618	U	ABC-type protease/lipase transport system, ATPase and permease components	0.0034	0.0022	0.0019	0	5	0	0/5	0.0021	0.0022	0.0020	0.0071	0.0036
COG4619	P	ABC-type iron transporter FetAB, ATPase component	0.0214	0.0079	0.0285	0	5	0	0/5	0.0028	0.0079	0.0023	0.0774	0.0166
COG4623	MT	Membrane-bound lytic murein transglycosylase MltF	0.0021	0.0024	0.0006	0	5	0	0/5	0.0014	0.0013	0.0024	0.0028	0.0024
COG4624	C	Iron only hydrogenase large subunit, C-terminal domain	0.0114	0.0094	0.0095	0	5	0	0/5	0.0035	0.0094	0.0021	0.0285	0.0136
COG4625	S	Uncharacterized conserved protein, contains a C-terminal beta-barrel porin domain	0.0032	0.0034	0.0012	0	5	0	0/5	0.0041	0.0017	0.0034	0.0048	0.0018
COG4626	X	Phage terminase-like protein, large subunit, contains N-terminal HTH domain	0.0012	0.0004	0.0010	0	5	0	0/5	0.0021	0.0003	0.0027	0.0004	0.0003
COG4627	R	Predicted SAM-depedendent methyltransferase	0.0365	0.0194	0.0409	0	5	0	0/5	0.1174	0.0118	0.0194	0.0255	0.0083
COG4628	S	Uncharacterized conserved protein, DUF2132 family	0.0012	0.0011	0.0004	0	5	0	0/5	0.0008	0.0008	0.0011	0.0020	0.0014
COG4630	F	Xanthine dehydrogenase, Fe-S cluster and FAD-binding subunit XdhA	0.0049	0.0029	0.0024	0	5	0	0/5	0.0029	0.0029	0.0029	0.0081	0.0076
COG4631	F	Xanthine dehydrogenase, molybdopterin-binding subunit XdhB	0.0037	0.0041	0.0010	0	5	0	0/5	0.0044	0.0023	0.0029	0.0041	0.0050
COG4632	G	Sugar-P-sugar glycosidase (uncovering enzyme, UCE), NAGPA superfamily	0.0041	0.0034	0.0021	0	5	0	0/5	0.0060	0.0020	0.0034	0.0070	0.0020
COG4633	R	Plastocyanin domain containing protein	0.0097	0.0076	0.0078	0	5	0	0/5	0.0046	0.0078	0.0037	0.0249	0.0076
COG4634	R	Predicted nuclease, contains PIN domain, potential toxin-antitoxin system component	0.4538	0.4832	0.2384	2	5	0	2/5	0.3988	0.4832	0.0706	0.8160	0.5003
COG4635	H	Protoporphyrinogen IX oxidase, menaquinone-dependent (flavodoxin domain)	0.4994	0.3372	0.3290	2	5	0	2/5	0.3372	0.3050	0.0842	0.9445	0.8260
COG4636	R	Endonuclease, Uma2 family (restriction endonuclease fold)	0.0506	0.0172	0.0756	0	5	0	0/5	0.0097	0.0195	0.0053	0.2015	0.0172
COG4637	R	Predicted ATPase	0.2005	0.1242	0.2201	1	5	0	1/5	0.1242	0.0539	0.0483	0.6345	0.1418
COG4638	PR	Phenylpropionate dioxygenase or related ring-hydroxylating dioxygenase, large terminal subunit	0.0177	0.0024	0.0245	0	5	0	0/5	0.0017	0.0011	0.0024	0.0650	0.0184
COG4639	R	Predicted kinase	0.0154	0.0065	0.0194	0	5	0	0/5	0.0074	0.0065	0.0041	0.0541	0.0050
COG4640	S	Uncharacterized protein YvbJ, contains N-terminal Zn ribbon domain	0.0054	0.0052	0.0045	0	5	0	0/5	0.0018	0.0052	0.0008	0.0137	0.0054
COG4641	D	Spore maturation protein CgeB	0.0536	0.0322	0.0548	0	5	0	0/5	0.1562	0.0322	0.0155	0.0604	0.0035
COG4642	S	Uncharacterized conserved protein	0.0026	0.0017	0.0023	0	5	0	0/5	0.0010	0.0017	0.0009	0.0071	0.0025
COG4643	X	Uncharacterized domain associated with phage/plasmid primase	0.0134	0.0105	0.0072	0	5	0	0/5	0.0122	0.0087	0.0105	0.0274	0.0080
COG4644	X	Transposase and inactivated derivatives, TnpA family	0.0085	0.0017	0.0140	0	5	0	0/5	0.0012	0.0017	0.0009	0.0364	0.0022
COG4645	R	Predicted acyltransferase	0.0047	0.0022	0.0051	0	5	0	0/5	0.0016	0.0022	0.0014	0.0148	0.0036
COG4646	L	Adenine-specific DNA methylase, N12 class	0.0197	0.0100	0.0238	0	5	0	0/5	0.0028	0.0100	0.0023	0.0661	0.0175
COG4647	Q	Acetone carboxylase, gamma subunit	0.1076	0.0348	0.1238	0	5	0	0/5	0.0145	0.0348	0.0085	0.3342	0.1459
COG4648	S	Uncharacterized membrane protein	0.0007	0.0006	0.0004	0	5	0	0/5	0.0003	0.0006	0.0004	0.0013	0.0008
COG4649	S	TPR-like repeat domain	0.0024	0.0015	0.0014	0	5	0	0/5	0.0011	0.0048	0.0015	0.0014	0.0030
COG4650	KT	Sigma54-dependent transcription regulator containing an AAA-type ATPase domain and a DNA-binding domain	0.0011	0.0007	0.0008	0	5	0	0/5	0.0006	0.0007	0.0004	0.0027	0.0012
COG4651	P	Predicted Kef-type K+ transport protein, K+/H+ antiporter domain	0.0119	0.0062	0.0106	0	5	0	0/5	0.0051	0.0062	0.0055	0.0329	0.0100
COG4652	S	Uncharacterized conserved protein, DUF1430 domain	0.0022	0.0020	0.0020	0	5	0	0/5	0.0006	0.0020	0.0005	0.0059	0.0022
COG4653	X	Predicted phage phi-C31 gp36 major capsid-like protein	0.0018	0.0005	0.0017	0	5	0	0/5	0.0033	0.0005	0.0044	0.0004	0.0003
COG4654	C	Cytochrome c551/c552	0.0065	0.0058	0.0048	0	5	0	0/5	0.0025	0.0064	0.0024	0.0155	0.0058
COG4655	R	Uncharacterized conserved protein, contains TadX/Tad_C domain	0.0035	0.0023	0.0023	0	5	0	0/5	0.0020	0.0023	0.0017	0.0079	0.0036
COG4656	C	Na+-translocating ferredoxin:NAD+ oxidoreductase  RNF, RnfC subunit	0.4113	0.3990	0.0841	1	5	0	1/5	0.2826	0.5392	0.3849	0.3990	0.4507
COG4657	C	Na+-translocating ferredoxin:NAD+ oxidoreductase RNF, RnfA subunit	0.0240	0.0190	0.0208	0	5	0	0/5	0.0192	0.0639	0.0153	0.0190	0.0028
COG4658	C	Na+-translocating ferredoxin:NAD+ oxidoreductase  RNF, RnfD subunit	0.0173	0.0211	0.0107	0	5	0	0/5	0.0211	0.0283	0.0272	0.0087	0.0010
COG4659	C	Na+-translocating ferredoxin:NAD+ oxidoreductase RNF, RnfG subunit	0.0462	0.0208	0.0407	0	5	0	0/5	0.0207	0.1147	0.0208	0.0699	0.0048
COG4660	C	Na+-translocating ferredoxin:NAD+ oxidoreductase  RNF, RnfE subunit	0.0249	0.0163	0.0226	0	5	0	0/5	0.0210	0.0685	0.0158	0.0163	0.0030
COG4662	P	ABC-type tungstate transport system, periplasmic component	0.6988	0.8605	0.3077	3	5	1	3/5	0.3435	0.8605	0.3097	0.9939	0.9862
COG4663	Q	TRAP-type mannitol/chloroaromatic compound transport system, periplasmic component	0.0051	0.0049	0.0017	0	5	0	0/5	0.0049	0.0027	0.0066	0.0073	0.0038
COG4664	Q	TRAP-type mannitol/chloroaromatic compound transport system, large permease component	0.0046	0.0041	0.0016	0	5	0	0/5	0.0041	0.0030	0.0052	0.0074	0.0035
COG4665	Q	TRAP-type mannitol/chloroaromatic compound transport system, small permease component	0.0090	0.0075	0.0054	0	5	0	0/5	0.0075	0.0033	0.0097	0.0189	0.0058
COG4666	R	TRAP-type uncharacterized transport system, fused permease components	0.2875	0.1419	0.2982	1	5	0	1/5	0.0968	0.1419	0.0405	0.8585	0.2996
COG4667	I	Predicted phospholipase, patatin/cPLA2 family	0.0017	0.0014	0.0006	0	5	0	0/5	0.0014	0.0028	0.0011	0.0013	0.0018
COG4668	G	Mannitol/fructose-specific phosphotransferase system, IIA domain	0.0022	0.0016	0.0015	0	5	0	0/5	0.0010	0.0016	0.0012	0.0051	0.0022
COG4669	U	Type III secretory pathway, lipoprotein EscJ	0.0005	0.0005	0.0001	0	5	0	0/5	0.0006	0.0005	0.0006	0.0004	0.0005
COG4670	I	Acyl CoA:acetate/3-ketoacid CoA transferase	0.1863	0.0865	0.2218	1	5	0	1/5	0.0259	0.0865	0.0245	0.6152	0.1794
COG4671	R	Predicted glycosyl transferase	0.0173	0.0101	0.0157	0	5	0	0/5	0.0101	0.0090	0.0052	0.0482	0.0142
COG4672	X	Phage tail protein	0.0039	0.0017	0.0037	0	5	0	0/5	0.0015	0.0017	0.0012	0.0110	0.0039
COG4674	R	ABC-type uncharacterized transport system, ATPase component	0.0621	0.0056	0.1027	0	5	0	0/5	0.0056	0.0038	0.0036	0.2664	0.0313
COG4675	X	Phage tail collar domain	0.0067	0.0042	0.0043	0	5	0	0/5	0.0089	0.0028	0.0042	0.0142	0.0033
COG4676	S	Uncharacterized conserved protein YfaP, DUF2135 family	0.0030	0.0039	0.0013	0	5	0	0/5	0.0043	0.0014	0.0039	0.0039	0.0013
COG4677	GI	Pectin methylesterase and related acyl-CoA thioesterases	0.0140	0.0071	0.0140	0	5	0	0/5	0.0064	0.0081	0.0062	0.0420	0.0071
COG4678	MX	Muramidase (phage lambda lysozyme)	0.0049	0.0045	0.0034	0	5	0	0/5	0.0020	0.0045	0.0015	0.0111	0.0055
COG4679	X	Phage-related protein	0.0017	0.0014	0.0009	0	5	0	0/5	0.0014	0.0010	0.0011	0.0035	0.0017
COG4680	JV	mRNA-degrading endonuclease (mRNA interferase) HigB, toxic component of the HigAB toxin-antitoxin module	0.0044	0.0028	0.0038	0	5	0	0/5	0.0018	0.0028	0.0013	0.0117	0.0044
COG4681	S	Uncharacterized conserved protein YaeQ, suppresses RfaH defect	0.0020	0.0007	0.0022	0	5	0	0/5	0.0007	0.0007	0.0004	0.0063	0.0021
COG4682	S	Uncharacterized membrane protein YiaA	0.0005	0.0003	0.0005	0	5	0	0/5	0.0002	0.0003	0.0001	0.0015	0.0005
COG4683	S	Uncharacterized conserved protein	0.0043	0.0019	0.0046	0	5	0	0/5	0.0012	0.0019	0.0009	0.0131	0.0042
COG4684	S	Uncharacterized membrane protein	0.0410	0.0254	0.0474	0	5	0	0/5	0.0021	0.0254	0.0009	0.1294	0.0472
COG4685	S	Uncharacterized conserved protein YfaA, DUF2138 family	0.0007	0.0007	0.0006	0	5	0	0/5	0.0002	0.0007	0.0002	0.0017	0.0009
COG4687	S	Uncharacterized conserved protein	0.0014	0.0016	0.0009	0	5	0	0/5	0.0003	0.0016	0.0003	0.0025	0.0022
COG4688	S	Uncharacterized conserved protein	0.0011	0.0006	0.0011	0	5	0	0/5	0.0003	0.0006	0.0003	0.0033	0.0009
COG4689	Q	Acetoacetate decarboxylase	0.2289	0.1373	0.2433	1	5	0	1/5	0.0283	0.1373	0.0287	0.6824	0.2679
COG4690	E	Dipeptidase	0.4950	0.6070	0.3858	3	5	0	3/5	0.0493	0.6070	0.0320	0.9204	0.8661
COG4691	V	Plasmid stability protein StbC1, contains ribbon-helix-helix domain	0.0108	0.0052	0.0112	0	5	0	0/5	0.0029	0.0052	0.0015	0.0318	0.0125
COG4692	GM	Predicted neuraminidase (sialidase)	0.0095	0.0081	0.0044	0	5	0	0/5	0.0081	0.0048	0.0081	0.0179	0.0086
COG4693	P	Oxidoreductase (NAD-binding), involved in siderophore biosynthesis	0.0019	0.0009	0.0024	0	5	0	0/5	0.0005	0.0009	0.0002	0.0067	0.0014
COG4694	J	Wobble nucleotide-excising tRNase	0.0088	0.0049	0.0085	0	5	0	0/5	0.0049	0.0050	0.0036	0.0258	0.0045
COG4695	X	Phage portal protein BeeE	0.0015	0.0003	0.0015	0	5	0	0/5	0.0034	0.0003	0.0033	0.0003	0.0002
COG4696	F	NTP pyrophosphatase, MazG superfamily	0.0011	0.0009	0.0004	0	5	0	0/5	0.0012	0.0008	0.0018	0.0006	0.0009
COG4697	S	Uncharacterized conserved protein, DUF2139 domain	0.2844	0.2031	0.2468	2	5	0	2/5	0.0473	0.2031	0.0226	0.6237	0.5253
COG4698	S	Uncharacterized conserved protein YpmS, DUF2140 family	0.0182	0.0102	0.0215	0	5	0	0/5	0.0015	0.0102	0.0013	0.0591	0.0189
COG4699	S	Uncharacterized conserved protein, DUF1033 domain	0.0017	0.0013	0.0016	0	5	0	0/5	0.0001	0.0013	0.0001	0.0043	0.0028
COG4700	S	Uncharacterized conserved protein ECs_4300, contains TPR-like domain	0.0029	0.0015	0.0026	0	5	0	0/5	0.0014	0.0015	0.0010	0.0080	0.0024
COG4701	S	Uncharacterized conserved protein	0.0044	0.0029	0.0043	0	5	0	0/5	0.0009	0.0029	0.0009	0.0126	0.0049
COG4702	S	Uncharacterized conserved protein, UPF0303 family	0.0012	0.0007	0.0009	0	5	0	0/5	0.0006	0.0007	0.0005	0.0028	0.0012
COG4703	S	Uncharacterized conserved protein YkuJ, DUF1797 family	0.0052	0.0018	0.0065	0	5	0	0/5	0.0000	0.0018	0.0000	0.0171	0.0070
COG4704	S	Uncharacterized conserved protein, DUF2141 family	0.0014	0.0017	0.0006	0	5	0	0/5	0.0023	0.0008	0.0017	0.0017	0.0007
COG4705	S	Uncharacterized membrane-anchored protein	0.0062	0.0036	0.0067	0	5	0	0/5	0.0021	0.0036	0.0021	0.0196	0.0036
COG4706	I	Predicted 3-hydroxylacyl-ACP dehydratase, HotDog domain	0.0008	0.0008	0.0001	0	5	0	0/5	0.0009	0.0006	0.0007	0.0010	0.0008
COG4707	X	Prophage pi2 protein 07	0.0006	0.0004	0.0007	0	5	0	0/5	0.0000	0.0004	0.0000	0.0020	0.0007
COG4708	FJ	ECF-type transporter of queuosine precursor, membrane (S) component	0.5568	0.7285	0.3575	3	5	1	3/5	0.0791	0.8968	0.1757	0.7285	0.9040
COG4709	S	Uncharacterized membrane protein	0.0676	0.0510	0.0650	0	5	0	0/5	0.0122	0.0769	0.0104	0.1876	0.0510
COG4710	R	Predicted DNA-binding protein with an HTH domain	0.0307	0.0180	0.0273	0	5	0	0/5	0.0117	0.0180	0.0130	0.0843	0.0263
COG4711	S	Uncharacterized membrane protein	0.1364	0.0702	0.1489	0	5	0	0/5	0.0349	0.0702	0.0190	0.4233	0.1347
COG4712	L	Predicted ssDNA annealing protein, contains HHH motif, Rad42/Rad22/RecT/erf family	0.0022	0.0009	0.0027	0	5	0	0/5	0.0006	0.0009	0.0006	0.0076	0.0014
COG4713	S	Uncharacterized membrane protein	0.0479	0.0080	0.0667	0	5	0	0/5	0.0040	0.0494	0.0015	0.1765	0.0080
COG4714	S	Uncharacterized membrane-anchored protein	0.0021	0.0014	0.0017	0	5	0	0/5	0.0012	0.0014	0.0010	0.0055	0.0016
COG4715	S	Uncharacterized protein, contains SWIM-type Zn finger domain	0.1447	0.0424	0.1854	1	5	0	1/5	0.0329	0.1329	0.0094	0.5060	0.0424
COG4716	S	Myosin-crossreactive antigen  (function unknown)	0.0088	0.0059	0.0065	0	5	0	0/5	0.0091	0.0059	0.0033	0.0212	0.0043
COG4717	S	Uncharacterized conserved protein YhaN, contains AAA domain	0.0827	0.0669	0.0675	0	5	0	0/5	0.0669	0.0456	0.0064	0.2063	0.0885
COG4718	X	Phage tail protein	0.0016	0.0008	0.0018	0	5	0	0/5	0.0004	0.0008	0.0004	0.0051	0.0015
COG4719	S	Uncharacterized conserved protein, UCP014979 family	0.0018	0.0014	0.0016	0	5	0	0/5	0.0006	0.0014	0.0005	0.0048	0.0017
COG4720	H	ECF-type riboflavin transporter, membrane (S) component	0.7383	0.9282	0.2606	3	5	1	3/5	0.4240	0.9337	0.4164	0.9282	0.9891
COG4721	H	ABC-type thiamine/hydroxymethylpyrimidine transport system, permease component	0.1589	0.1435	0.1523	0	5	0	0/5	0.0187	0.1435	0.0226	0.4370	0.1725
COG4722	X	Phage-related protein YomH	0.0059	0.0043	0.0037	0	5	0	0/5	0.0035	0.0043	0.0029	0.0131	0.0057
COG4723	X	Phage-related protein, tail assembly protein I	0.0014	0.0008	0.0014	0	5	0	0/5	0.0004	0.0008	0.0004	0.0040	0.0016
COG4724	G	Endo-beta-N-acetylglucosaminidase D	0.0013	0.0011	0.0010	0	5	0	0/5	0.0005	0.0011	0.0005	0.0031	0.0013
COG4725	J	N6-adenosine-specific RNA methylase IME4	0.0199	0.0212	0.0113	0	5	0	0/5	0.0080	0.0263	0.0069	0.0369	0.0212
COG4726	NW	Type IV pilus assembly protein PilX	0.0048	0.0037	0.0027	0	5	0	0/5	0.0037	0.0024	0.0036	0.0101	0.0043
COG4727	S	Uncharacterized conserved protein, DUF2145 domain	0.0006	0.0005	0.0004	0	5	0	0/5	0.0003	0.0005	0.0002	0.0013	0.0007
COG4728	S	Uncharacterized conserved protein, DUF1653 family	0.0004	0.0002	0.0003	0	5	0	0/5	0.0005	0.0002	0.0008	0.0002	0.0001
COG4729	S	Uncharacterized conserved protein, DUF1850 family	0.1196	0.0432	0.1741	0	5	0	0/5	0.0123	0.0432	0.0087	0.4650	0.0689
COG4731	S	Uncharacterized conserved protein, DUF2147 family	0.0017	0.0008	0.0019	0	5	0	0/5	0.0006	0.0008	0.0006	0.0055	0.0008
COG4732	H	ECF-type thiazole transporter, membrane (S) component ThiW	0.4950	0.5877	0.3595	3	5	0	3/5	0.0659	0.5877	0.0818	0.9007	0.8388
COG4733	X	Phage-related protein, tail protein J	0.0349	0.0250	0.0229	0	5	0	0/5	0.0589	0.0110	0.0655	0.0250	0.0140
COG4734	V	Antirestriction protein ArdA	0.0017	0.0011	0.0011	0	5	0	0/5	0.0019	0.0008	0.0011	0.0038	0.0010
COG4735	S	Uncharacterized conserved protein YaaW, UPF0174 family	0.0027	0.0024	0.0015	0	5	0	0/5	0.0017	0.0024	0.0013	0.0056	0.0025
COG4736	C	Cbb3-type cytochrome oxidase, subunit 3	0.0061	0.0031	0.0062	0	5	0	0/5	0.0023	0.0031	0.0018	0.0183	0.0049
COG4737	S	Uncharacterized conserved protein	0.0020	0.0014	0.0013	0	5	0	0/5	0.0009	0.0014	0.0008	0.0044	0.0024
COG4738	K	Predicted transcriptional regulator	0.5088	0.6275	0.3096	3	5	1	3/5	0.2009	0.7983	0.0834	0.8338	0.6275
COG4739	S	Uncharacterized conserved protein, contains ferredoxin domain	0.7915	0.9708	0.2393	4	5	1	4/5	0.6120	0.9708	0.4069	0.9773	0.9905
COG4740	R	Predicted metalloprotease	0.2937	0.2711	0.3039	1	5	0	1/5	0.0371	0.2711	0.0116	0.8558	0.2930
COG4741	F	Predicted secreted endonuclease distantly related to archaeal Holliday junction resolvase	0.5240	0.7220	0.3166	3	5	1	3/5	0.2021	0.8732	0.0866	0.7363	0.7220
COG4742	K	Predicted transcriptional regulator, contains HTH domain	0.6620	0.7928	0.3285	3	5	1	3/5	0.3457	0.7928	0.2007	0.9967	0.9742
COG4743	S	Uncharacterized membrane protein, DUF1616 domain	0.8176	0.9761	0.2132	4	5	1	4/5	0.6649	0.9761	0.4705	0.9983	0.9780
COG4744	S	Uncharacterized conserved protein, DUF2149 domain	0.1275	0.0490	0.1598	0	5	0	0/5	0.0757	0.0490	0.0193	0.4451	0.0483
COG4745	R	Predicted membrane-bound mannosyltransferase, involved in protein glycosylation	0.4515	0.5341	0.3261	3	5	0	3/5	0.0945	0.7761	0.0452	0.8077	0.5341
COG4746	S	Uncharacterized conserved protein	0.3680	0.2211	0.3286	2	5	0	2/5	0.1070	0.2211	0.0584	0.9471	0.5063
COG4747	R	ACT domain-containing protein	0.5277	0.7612	0.3397	3	5	1	3/5	0.0897	0.7612	0.1400	0.8731	0.7746
COG4748	S	Uncharacterized conserved protein, contains restriction enzyme R protein N terminal (HSDR_N) domain	0.0248	0.0138	0.0211	0	5	0	0/5	0.0207	0.0107	0.0138	0.0665	0.0123
COG4749	S	Uncharacterized conserved protein, DUF2150 domain	0.2079	0.0724	0.2284	1	5	0	1/5	0.0475	0.0724	0.0060	0.6180	0.2956
COG4750	MI	CTP:phosphocholine cytidylyltransferase LicC	0.0011	0.0012	0.0004	0	5	0	0/5	0.0007	0.0012	0.0006	0.0015	0.0016
COG4752	S	Uncharacterized conserved protein	0.0135	0.0069	0.0162	0	5	0	0/5	0.0024	0.0069	0.0024	0.0454	0.0103
COG4753	TK	Two-component response regulator, YesN/AraC family, consists of REC and AraC-type DNA-binding domains	0.0079	0.0057	0.0047	0	5	0	0/5	0.0129	0.0033	0.0033	0.0142	0.0057
COG4754	R	Extracellular substrate-binding protein	0.3633	0.4567	0.2931	1	5	0	1/5	0.0181	0.4567	0.0653	0.8139	0.4623
COG4755	S	Uncharacterized conserved protein, DUF2153 domain	0.1188	0.0495	0.1240	0	5	0	0/5	0.0028	0.0495	0.0037	0.2789	0.2593
COG4756	R	Predicted cation transporter	0.4983	0.6380	0.3720	3	5	0	3/5	0.0745	0.6380	0.0468	0.9618	0.7704
COG4757	R	Predicted alpha/beta hydrolase	0.0052	0.0027	0.0061	0	5	0	0/5	0.0011	0.0027	0.0008	0.0172	0.0042
COG4758	T	Membrane protein LiaF, inhibitor of the LiaRS two-component envelope stress sensory system	0.0289	0.0163	0.0376	0	5	0	0/5	0.0029	0.0180	0.0041	0.1030	0.0163
COG4759	R	Uncharacterized conserved protein, contains thioredoxin-like domain	0.0035	0.0015	0.0043	0	5	0	0/5	0.0009	0.0015	0.0008	0.0120	0.0025
COG4760	S	Uncharacterized membrane protein, YccA/Bax inhibitor family	0.0077	0.0057	0.0080	0	5	0	0/5	0.0022	0.0062	0.0011	0.0233	0.0057
COG4762	S	Uncharacterized conserved protein, UPF0548 family	0.0067	0.0023	0.0093	0	5	0	0/5	0.0010	0.0023	0.0007	0.0252	0.0043
COG4763	S	Uncharacterized membrane protein YcfT	0.0016	0.0011	0.0013	0	5	0	0/5	0.0007	0.0011	0.0007	0.0042	0.0013
COG4764	R	Predicted transglycosylase, contains SLT domain	0.0011	0.0012	0.0002	0	5	0	0/5	0.0014	0.0012	0.0012	0.0009	0.0010
COG4765	S	Uncharacterized conserved protein, DUF2155 domain	0.0063	0.0068	0.0042	0	5	0	0/5	0.0018	0.0086	0.0018	0.0127	0.0068
COG4766	E	Ethanolamine utilization protein EutQ, cupin superfamily (function unknown)	0.0008	0.0005	0.0007	0	5	0	0/5	0.0005	0.0004	0.0005	0.0022	0.0006
COG4767	V	Glycopeptide antibiotics resistance protein	0.0044	0.0024	0.0042	0	5	0	0/5	0.0022	0.0021	0.0026	0.0127	0.0024
COG4768	S	Uncharacterized conserved protein YoxC, contains an MCP-like domain	0.0289	0.0192	0.0289	0	5	0	0/5	0.0041	0.0192	0.0026	0.0808	0.0377
COG4769	S	Uncharacterized membrane protein	0.0011	0.0012	0.0004	0	5	0	0/5	0.0014	0.0015	0.0012	0.0007	0.0006
COG4770	I	Acetyl/propionyl-CoA carboxylase, alpha subunit	0.0711	0.0232	0.0993	0	5	0	0/5	0.0385	0.0058	0.0232	0.2686	0.0196
COG4772	P	Outer membrane receptor for Fe3+-dicitrate	0.0006	0.0004	0.0003	0	5	0	0/5	0.0010	0.0004	0.0008	0.0003	0.0004
COG4773	P	Outer membrane receptor for ferric coprogen and ferric-rhodotorulic acid	0.0016	0.0011	0.0010	0	5	0	0/5	0.0034	0.0009	0.0022	0.0011	0.0006
COG4774	P	Outer membrane receptor for monomeric catechols	0.0006	0.0005	0.0003	0	5	0	0/5	0.0010	0.0005	0.0009	0.0003	0.0004
COG4775	M	Outer membrane protein assembly factor BamA	0.0003	0.0000	0.0004	0	5	0	0/5	0.0004	0.0000	0.0010	0.0000	0.0000
COG4776	K	Exoribonuclease II	0.0019	0.0013	0.0018	0	5	0	0/5	0.0003	0.0013	0.0005	0.0052	0.0020
COG4778	P	Alpha-D-ribose 1-methylphosphonate 5-triphosphate synthase subunit PhnL	0.0042	0.0026	0.0033	0	5	0	0/5	0.0044	0.0014	0.0026	0.0104	0.0021
COG4779	P	ABC-type enterobactin transport system, permease component	0.0024	0.0015	0.0019	0	5	0	0/5	0.0012	0.0015	0.0008	0.0061	0.0026
COG4781	I	Membrane-anchored glycerophosphoryl diester phosphodiesterase (GDPDase), membrane domain	0.0016	0.0005	0.0025	0	5	0	0/5	0.0000	0.0005	0.0000	0.0065	0.0012
COG4782	R	Esterase/lipase superfamily enzyme	0.0072	0.0017	0.0102	0	5	0	0/5	0.0013	0.0017	0.0009	0.0275	0.0047
COG4783	MO	Outer membrane protein chaperone/metalloprotease BepA/YfgC, contains M48 and TPR domains	0.0018	0.0006	0.0017	0	5	0	0/5	0.0045	0.0002	0.0030	0.0006	0.0005
COG4784	R	Putative Zn-dependent protease	0.0027	0.0016	0.0022	0	5	0	0/5	0.0012	0.0016	0.0011	0.0070	0.0024
COG4785	M	Lipoprotein NlpI, contains TPR repeats	0.0022	0.0023	0.0005	0	5	0	0/5	0.0028	0.0014	0.0020	0.0023	0.0025
COG4786	N	Flagellar basal body rod protein FlgG	0.0004	0.0005	0.0002	0	5	0	0/5	0.0005	0.0002	0.0007	0.0005	0.0002
COG4787	N	Flagellar basal body rod protein FlgF	0.0022	0.0025	0.0008	0	5	0	0/5	0.0031	0.0025	0.0029	0.0008	0.0018
COG4789	U	Type III secretory pathway, component EscV	0.0017	0.0017	0.0003	0	5	0	0/5	0.0020	0.0013	0.0021	0.0017	0.0015
COG4790	U	Type III secretory pathway, EscR/YscR component	0.0006	0.0006	0.0001	0	5	0	0/5	0.0007	0.0004	0.0007	0.0006	0.0005
COG4791	U	Type III secretory pathway, EscT/YscT component	0.0005	0.0004	0.0001	0	5	0	0/5	0.0006	0.0004	0.0006	0.0003	0.0004
COG4792	U	Type III secretory pathway, EscU/YscU component	0.0003	0.0003	0.0001	0	5	0	0/5	0.0003	0.0002	0.0003	0.0004	0.0002
COG4794	U	Type III secretory pathway, EscS/YscS component	0.0003	0.0002	0.0002	0	5	0	0/5	0.0006	0.0002	0.0005	0.0001	0.0002
COG4795	U	Type II secretory pathway, PulJ/GspJ component	0.0030	0.0028	0.0008	0	5	0	0/5	0.0036	0.0022	0.0041	0.0028	0.0022
COG4796	U	Type II secretory pathway, component HofQ	0.0016	0.0012	0.0008	0	5	0	0/5	0.0024	0.0008	0.0027	0.0012	0.0010
COG4797	R	Predicted regulatory domain of a methyltransferase	0.0221	0.0178	0.0188	0	5	0	0/5	0.0029	0.0359	0.0029	0.0508	0.0178
COG4798	R	Predicted methyltransferase	0.0038	0.0032	0.0014	0	5	0	0/5	0.0040	0.0023	0.0032	0.0065	0.0032
COG4799	I	Acetyl-CoA carboxylase, carboxyltransferase component	0.3863	0.2132	0.2861	2	5	0	2/5	0.2132	0.1700	0.0972	0.8220	0.6293
COG4800	K	Predicted transcriptional regulator with an HTH domain	0.6647	0.6765	0.2353	3	5	1	3/5	0.3442	0.9596	0.4631	0.8800	0.6765
COG4801	R	Predicted acyltransferase, contains DUF342 domain	0.2114	0.1669	0.1378	0	5	0	0/5	0.2891	0.1179	0.0461	0.4369	0.1669
COG4802	C	Ferredoxin-thioredoxin reductase, catalytic subunit	0.6141	0.8413	0.3859	3	5	1	3/5	0.1924	0.8413	0.1002	0.9741	0.9627
COG4803	S	Uncharacterized membrane protein	0.1455	0.0438	0.2139	1	5	0	1/5	0.0107	0.1001	0.0048	0.5679	0.0438
COG4804	R	Predicted nuclease of restriction endonuclease-like (RecB) superfamily,  DUF1016 family	0.0728	0.0431	0.0551	0	5	0	0/5	0.0431	0.1267	0.0126	0.1504	0.0310
COG4805	S	Uncharacterized conserved protein, DUF885 family	0.0139	0.0125	0.0068	0	5	0	0/5	0.0171	0.0051	0.0249	0.0097	0.0125
COG4806	G	L-rhamnose isomerase	0.0168	0.0040	0.0174	0	5	0	0/5	0.0020	0.0040	0.0020	0.0406	0.0353
COG4807	S	Uncharacterized conserved protein YehS, DUF1456 family	0.0020	0.0016	0.0006	0	5	0	0/5	0.0012	0.0016	0.0016	0.0030	0.0024
COG4808	S	Uncharacterized lipoprotein YehR, DUF1307 family	0.0047	0.0043	0.0027	0	5	0	0/5	0.0020	0.0043	0.0019	0.0090	0.0063
COG4809	G	Archaeal ADP-dependent glucokinase/phosphofructokinase	0.5604	0.6907	0.3082	3	5	1	3/5	0.3422	0.7313	0.0843	0.9534	0.6907
COG4810	E	Ethanolamine utilization protein EutS, microcompartment shell protein	0.0004	0.0004	0.0001	0	5	0	0/5	0.0004	0.0003	0.0005	0.0005	0.0004
COG4811	S	Uncharacterized membrane protein YobD, UPF0266 family	0.0013	0.0009	0.0013	0	5	0	0/5	0.0001	0.0009	0.0001	0.0037	0.0018
COG4812	E	Ethanolamine utilization protein EutT, cobalamin adenosyltransferase	0.0016	0.0010	0.0010	0	5	0	0/5	0.0009	0.0010	0.0009	0.0034	0.0017
COG4813	G	Trehalose utilization protein	0.0354	0.0115	0.0438	0	5	0	0/5	0.0105	0.0226	0.0115	0.1224	0.0099
COG4814	S	Uncharacterized conserved protein with an alpha/beta hydrolase fold	0.0036	0.0032	0.0034	0	5	0	0/5	0.0003	0.0032	0.0004	0.0095	0.0046
COG4815	S	Uncharacterized conserved protein	0.0001	0.0001	0.0000	0	5	0	0/5	0.0001	0.0001	0.0001	0.0001	0.0001
COG4816	E	Ethanolamine utilization protein EutL, microcompartment shell protein	0.0012	0.0012	0.0004	0	5	0	0/5	0.0015	0.0007	0.0012	0.0017	0.0009
COG4817	L	DNA-binding ferritin-like protein (Dps family)	0.0180	0.0045	0.0287	0	5	0	0/5	0.0023	0.0045	0.0016	0.0752	0.0063
COG4818	S	Uncharacterized membrane protein MJ1443, UPF0132 family	0.6453	0.9189	0.3660	3	5	1	3/5	0.3104	0.9345	0.0994	0.9631	0.9189
COG4819	E	Ethanolamine utilization protein EutA, possible chaperonin	0.0079	0.0046	0.0060	0	5	0	0/5	0.0046	0.0029	0.0036	0.0191	0.0095
COG4820	E	Ethanolamine utilization protein EutJ, possible chaperonin	0.0022	0.0019	0.0015	0	5	0	0/5	0.0019	0.0010	0.0012	0.0052	0.0019
COG4821	R	Uncharacterized conserved protein, contains SIS (Sugar ISomerase) phosphosugar binding domain	0.0628	0.0311	0.0661	0	5	0	0/5	0.0071	0.0311	0.0073	0.1813	0.0871
COG4822	H	Cobalamin biosynthesis protein CbiK, Co2+ chelatase	0.0413	0.0263	0.0410	0	5	0	0/5	0.0203	0.0290	0.0087	0.1222	0.0263
COG4823	V	Abortive infection bacteriophage resistance protein	0.0004	0.0004	0.0002	0	5	0	0/5	0.0006	0.0003	0.0006	0.0004	0.0002
COG4824	X	Phage-related holin (Lysis protein)	0.0041	0.0034	0.0025	0	5	0	0/5	0.0022	0.0044	0.0019	0.0088	0.0034
COG4825	R	Uncharacterized conserved protein, contains thiamine pyrophosphokinase N- and C- domains	0.0285	0.0171	0.0347	0	5	0	0/5	0.0037	0.0171	0.0035	0.0963	0.0221
COG4826	O	Serine protease inhibitor	0.3480	0.3185	0.2555	2	5	0	2/5	0.1061	0.5133	0.0589	0.7432	0.3185
COG4827	R	Predicted transporter	0.1351	0.0717	0.1512	0	5	0	0/5	0.0717	0.0713	0.0238	0.4351	0.0736
COG4828	S	Uncharacterized membrane protein	0.1024	0.0213	0.1678	0	5	0	0/5	0.0116	0.0314	0.0098	0.4377	0.0213
COG4829	Q	Muconolactone delta-isomerase	0.1063	0.0144	0.1797	0	5	0	0/5	0.0067	0.0144	0.0052	0.4649	0.0404
COG4830	J	Ribosomal protein S26e	0.6091	0.8163	0.3350	3	5	1	3/5	0.1453	0.8362	0.2696	0.8163	0.9780
COG4831	T	Roadblock/LC7 domain	0.2149	0.0888	0.3020	1	5	0	1/5	0.0169	0.0888	0.0084	0.8099	0.1504
COG4832	VT	Cyclopropanoid cyclopropyl hydrolase, GyrI-like domain	0.2647	0.1979	0.2355	1	5	0	1/5	0.0513	0.3786	0.0312	0.6644	0.1979
COG4833	G	Predicted alpha-1,6-mannanase, GH76 family	0.0054	0.0024	0.0068	0	5	0	0/5	0.0012	0.0024	0.0011	0.0189	0.0033
COG4834	S	Uncharacterized conserved protein, DUF2184 domain	0.0006	0.0004	0.0004	0	5	0	0/5	0.0004	0.0004	0.0003	0.0014	0.0004
COG4835	S	Uncharacterized conserved protein	0.0058	0.0036	0.0065	0	5	0	0/5	0.0000	0.0036	0.0000	0.0175	0.0079
COG4836	S	Uncharacterized membrane protein YwzB	0.0016	0.0018	0.0014	0	5	0	0/5	0.0001	0.0018	0.0001	0.0038	0.0024
COG4837	O	Disulfide oxidoreductase YuzD	0.0075	0.0010	0.0118	0	5	0	0/5	0.0000	0.0010	0.0000	0.0307	0.0060
COG4838	S	Uncharacterized conserved protein YlaN, UPF0358 family	0.0004	0.0001	0.0006	0	5	0	0/5	0.0000	0.0001	0.0000	0.0017	0.0003
COG4839	D	Cell division protein FtsL	0.0071	0.0060	0.0063	0	5	0	0/5	0.0011	0.0060	0.0012	0.0181	0.0089
COG4840	S	Uncharacterized conserved protein YfkK, UPF0435 family	0.0023	0.0001	0.0041	0	5	0	0/5	0.0000	0.0001	0.0000	0.0104	0.0011
COG4841	S	Uncharacterized conserved protein YneR, related to HesB/YadR/YfhF family	0.0026	0.0009	0.0037	0	5	0	0/5	0.0000	0.0009	0.0000	0.0097	0.0024
COG4842	V	Secreted virulence factor YukE/EsxA, WXG100 family	0.0017	0.0008	0.0019	0	5	0	0/5	0.0008	0.0008	0.0005	0.0056	0.0009
COG4843	S	Uncharacterized conserved protein YebE, UPF0316/DUF2179 family	0.1864	0.1903	0.1531	0	5	0	0/5	0.0180	0.2858	0.0229	0.4148	0.1903
COG4844	S	Uncharacterized conserved protein YuzB, UPF0349 family	0.0037	0.0020	0.0038	0	5	0	0/5	0.0011	0.0020	0.0008	0.0111	0.0035
COG4845	V	Chloramphenicol O-acetyltransferase	0.0090	0.0075	0.0056	0	5	0	0/5	0.0075	0.0186	0.0031	0.0116	0.0042
COG4846	CO	Cytochrome c biogenesis protein CcdC	0.0069	0.0010	0.0114	0	5	0	0/5	0.0003	0.0010	0.0002	0.0296	0.0033
COG4847	S	Uncharacterized conserved protein, DUF2175 family	0.1722	0.0346	0.2169	1	5	0	1/5	0.0023	0.0346	0.0022	0.5603	0.2616
COG4848	R	YtpQ protein involved in methylglyoxal resistance, DUF1444/UPF0354 family	0.0020	0.0009	0.0021	0	5	0	0/5	0.0004	0.0009	0.0005	0.0061	0.0020
COG4849	R	Predicted nucleotidyltransferase	0.0066	0.0026	0.0089	0	5	0	0/5	0.0012	0.0026	0.0007	0.0242	0.0041
COG4850	I	Phosphatidate phosphatase APP1	0.0023	0.0009	0.0028	0	5	0	0/5	0.0008	0.0009	0.0005	0.0079	0.0016
COG4851	R	Uncharacterized conserved protein involved in sex pheromone biosynthesis	0.0027	0.0018	0.0029	0	5	0	0/5	0.0002	0.0018	0.0003	0.0082	0.0032
COG4852	S	Uncharacterized membrane protein	0.0015	0.0014	0.0010	0	5	0	0/5	0.0005	0.0014	0.0007	0.0033	0.0018
COG4853	T	YycI protein, regulator of the WalKR two-component signal transduction system	0.0050	0.0036	0.0048	0	5	0	0/5	0.0011	0.0036	0.0011	0.0141	0.0050
COG4854	S	Uncharacterized membrane protein AF1626, predicted component of bacteriocin or quorum sensing system, DUF2178 family	0.5660	0.7611	0.3569	3	5	1	3/5	0.1868	0.7611	0.0837	0.9148	0.8837
COG4855	F	Uncharacterized conserved protein	0.3457	0.2071	0.3357	2	5	0	2/5	0.0706	0.2071	0.0199	0.9264	0.5047
COG4856	T	Cyclic di-AMP synthase regulator CdaR, YbbR domain	0.0501	0.0206	0.0747	0	5	0	0/5	0.0038	0.0206	0.0012	0.1983	0.0265
COG4857	E	5-Methylthioribose/5-deoxyribose kinase, methionine salvage pathway	0.0022	0.0013	0.0019	0	5	0	0/5	0.0013	0.0006	0.0013	0.0059	0.0019
COG4858	S	Uncharacterized membrane-anchored protein	0.0026	0.0018	0.0030	0	5	0	0/5	0.0002	0.0018	0.0002	0.0082	0.0028
COG4859	S	Uncharacterized protein, contains DUF2185 domain	0.0018	0.0012	0.0010	0	5	0	0/5	0.0022	0.0012	0.0010	0.0036	0.0012
COG4860	K	Predicted DNA-binding transcriptional regulator, ArsR family	0.3130	0.3160	0.0951	0	5	0	0/5	0.2545	0.4399	0.1698	0.3849	0.3160
COG4861	S	Uncharacterized conserved protein	0.0554	0.0387	0.0526	0	5	0	0/5	0.0205	0.0387	0.0183	0.1591	0.0406
COG4862	KTN	Negative regulator MecA of genetic competence, sporulation and motility	0.0039	0.0043	0.0023	0	5	0	0/5	0.0012	0.0058	0.0014	0.0070	0.0043
COG4863	T	YycH protein, regulator of the WalKR two-component signal transduction system	0.0043	0.0044	0.0033	0	5	0	0/5	0.0008	0.0044	0.0009	0.0097	0.0059
COG4864	S	Uncharacterized conserved protein YqfA, UPF0365 family	0.0023	0.0018	0.0014	0	5	0	0/5	0.0020	0.0014	0.0018	0.0051	0.0012
COG4865	E	Glutamate mutase epsilon subunit	0.0662	0.0105	0.1136	0	5	0	0/5	0.0105	0.0068	0.0033	0.2932	0.0171
COG4866	S	Uncharacterized protein, contains DUF2156 domain	0.1566	0.1343	0.1587	0	5	0	0/5	0.0203	0.1708	0.0096	0.4482	0.1343
COG4867	S	Uncharacterized conserved protein, contains von Willebrand factor type A (vWFA) domain	0.0331	0.0176	0.0433	0	5	0	0/5	0.0036	0.0176	0.0048	0.1187	0.0209
COG4868	S	Uncharacterized conserved protein, UPF0371 family	0.0107	0.0115	0.0042	0	5	0	0/5	0.0105	0.0115	0.0152	0.0029	0.0132
COG4869	Q	Propanediol utilization protein	0.0014	0.0013	0.0005	0	5	0	0/5	0.0022	0.0008	0.0013	0.0017	0.0008
COG4870	O	Cysteine protease, C1A family	0.3455	0.3461	0.2127	1	5	0	1/5	0.1603	0.3629	0.1312	0.7272	0.3461
COG4871	K	Metal-binding trascriptional regulator, contains Fe-S cluster and ArsR family DNA binding domain	0.5333	0.6142	0.3210	3	5	1	3/5	0.1816	0.7444	0.1517	0.9746	0.6142
COG4872	S	Uncharacterized membrane protein	0.0071	0.0043	0.0060	0	5	0	0/5	0.0043	0.0043	0.0020	0.0189	0.0062
COG4873	S	Uncharacterized conserved protein YkvS, DUF2187 family	0.0054	0.0007	0.0086	0	5	0	0/5	0.0000	0.0007	0.0000	0.0224	0.0039
COG4874	S	Uncharacterized conserved protein	0.0006	0.0005	0.0003	0	5	0	0/5	0.0004	0.0005	0.0004	0.0012	0.0006
COG4875	O	Protein kinase association domain CaMKII_AD, NTF2-like superfamily	0.0022	0.0019	0.0011	0	5	0	0/5	0.0014	0.0011	0.0019	0.0043	0.0024
COG4876	S	Uncharacterized conserved protein YdaT	0.0088	0.0047	0.0084	0	5	0	0/5	0.0043	0.0043	0.0047	0.0257	0.0052
COG4877	S	Uncharacterized conserved protein	0.0031	0.0017	0.0029	0	5	0	0/5	0.0017	0.0013	0.0015	0.0089	0.0019
COG4878	S	Uncharacterized conserved protein, DUF2194 domain	0.0040	0.0025	0.0035	0	5	0	0/5	0.0011	0.0025	0.0012	0.0106	0.0045
COG4879	S	Uncharacterized protein, contains DUF2192 domain	0.1275	0.0525	0.1359	0	5	0	0/5	0.0017	0.0525	0.0014	0.3192	0.2626
COG4880	R	Secreted protein containing C-terminal beta-propeller domain distantly related to WD-40 repeats	0.2046	0.1710	0.1752	0	5	0	0/5	0.0314	0.1710	0.0085	0.4421	0.3702
COG4881	P	Predicted membrane anchor for polysulfide/nitrite-type reductase, PsrC/NrfD syperfamily	0.2829	0.2299	0.2887	1	5	0	1/5	0.0068	0.2299	0.0073	0.7838	0.3868
COG4882	R	Predicted aminopeptidase, Iap family	0.2790	0.2369	0.2428	1	5	0	1/5	0.0284	0.2369	0.0303	0.6539	0.4457
COG4883	S	Uncharacterized conserved protein, DUF2193 domain	0.5387	0.6750	0.3377	3	5	1	3/5	0.1971	0.6750	0.0864	0.9511	0.7840
COG4884	S	Uncharacterized conserved protein YfeS, contains WGR domain	0.0036	0.0021	0.0037	0	5	0	0/5	0.0014	0.0021	0.0008	0.0108	0.0028
COG4885	S	Uncharacterized conserved protein	0.2694	0.1604	0.2529	1	5	0	1/5	0.0573	0.1604	0.0290	0.7040	0.3964
COG4886	K	Leucine-rich repeat (LRR) protein	0.0037	0.0032	0.0027	0	5	0	0/5	0.0072	0.0011	0.0063	0.0032	0.0005
COG4887	S	Uncharacterized metal-binding protein MJ0455, DUF1847 family	0.7431	0.7851	0.2027	4	5	1	4/5	0.5811	0.9341	0.4444	0.9707	0.7851
COG4888	K	Transcription elongation factor Elf1, contains Zn-ribbon domain	0.4291	0.5077	0.2606	3	5	0	3/5	0.0837	0.5077	0.1893	0.5637	0.8012
COG4889	R	Predicted helicase	0.0028	0.0025	0.0022	0	5	0	0/5	0.0008	0.0025	0.0007	0.0068	0.0030
COG4890	S	Predicted outer membrane lipoprotein	0.0051	0.0030	0.0049	0	5	0	0/5	0.0009	0.0030	0.0008	0.0138	0.0068
COG4891	S	Uncharacterized conserved protein	0.2094	0.1142	0.2503	1	5	0	1/5	0.0319	0.1873	0.0187	0.6950	0.1142
COG4892	R	Predicted heme/steroid binding protein	0.4493	0.5965	0.3516	3	5	0	3/5	0.0505	0.5965	0.0470	0.9520	0.6005
COG4893	S	Uncharacterized conserved protein, DUF2195 domain	0.0002	0.0002	0.0002	0	5	0	0/5	0.0000	0.0002	0.0000	0.0006	0.0002
COG4894	I	Putative phospholipid scramblase YxjI, Tubby2 superfamily	0.1923	0.2208	0.1472	0	5	0	0/5	0.0388	0.2378	0.0336	0.4303	0.2208
COG4895	S	Uncharacterized conserved protein YwbE, DUF2196 family	0.4198	0.5220	0.3548	3	5	0	3/5	0.0391	0.5220	0.0302	0.9766	0.5311
COG4896	S	Uncharacterized conserved protein YlaI, DUF2197 family	0.0069	0.0026	0.0090	0	5	0	0/5	0.0004	0.0026	0.0003	0.0242	0.0072
COG4897	S	General stress protein CsbA (function unknown)	0.0056	0.0009	0.0085	0	5	0	0/5	0.0000	0.0009	0.0000	0.0222	0.0051
COG4898	S	Uncharacterized conserved protein	0.0052	0.0015	0.0074	0	5	0	0/5	0.0013	0.0015	0.0013	0.0199	0.0018
COG4899	S	Uncharacterized conserved protein, DUF2199 domain	0.0020	0.0005	0.0029	0	5	0	0/5	0.0003	0.0005	0.0002	0.0078	0.0012
COG4900	R	Predicted metallopeptidase	0.3054	0.3178	0.2484	2	5	0	2/5	0.0204	0.5557	0.0301	0.6031	0.3178
COG4901	J	Ribosomal protein S25e	0.3467	0.3915	0.2191	1	5	0	1/5	0.0758	0.3915	0.1401	0.4442	0.6821
COG4902	R	Ferritin-like protein MJ0754, DUF2202 family	0.4626	0.5960	0.3370	3	5	0	3/5	0.0990	0.5960	0.0594	0.9446	0.6138
COG4903	K	Competence transcription factor ComK	0.0019	0.0027	0.0013	0	5	0	0/5	0.0003	0.0030	0.0004	0.0032	0.0027
COG4904	S	Uncharacterized conserved protein	0.1337	0.1630	0.1163	0	5	0	0/5	0.0011	0.1630	0.0011	0.2956	0.2075
COG4905	S	Uncharacterized membrane protein	0.0016	0.0016	0.0005	0	5	0	0/5	0.0022	0.0016	0.0016	0.0018	0.0008
COG4906	S	Uncharacterized membrane protein	0.3389	0.2644	0.2396	1	5	0	1/5	0.1858	0.2644	0.1113	0.7931	0.3398
COG4907	S	Uncharacterized membrane protein	0.3009	0.1527	0.2901	1	5	0	1/5	0.0773	0.1527	0.0571	0.8321	0.3852
COG4908	R	Uncharacterized conserved protein, contains a NRPS condensation (elongation) domain	0.0925	0.0712	0.1040	0	5	0	0/5	0.0089	0.0839	0.0074	0.2909	0.0712
COG4909	Q	Propanediol dehydratase, large subunit	0.0194	0.0019	0.0326	0	5	0	0/5	0.0017	0.0019	0.0008	0.0844	0.0081
COG4910	Q	Propanediol dehydratase, small subunit	0.0213	0.0020	0.0360	0	5	0	0/5	0.0020	0.0020	0.0009	0.0931	0.0085
COG4911	S	Uncharacterized conserved protein, DUF2203 domain	0.0276	0.0122	0.0352	0	5	0	0/5	0.0021	0.0122	0.0045	0.0965	0.0225
COG4912	L	3-methyladenine DNA glycosylase AlkD	0.1838	0.2115	0.0925	0	5	0	0/5	0.0786	0.2115	0.0720	0.2940	0.2631
COG4913	S	Uncharacterized conserved protein, contains a C-terminal ATPase domain	0.0054	0.0029	0.0050	0	5	0	0/5	0.0038	0.0029	0.0020	0.0154	0.0029
COG4914	R	Predicted nucleotidyltransferase	0.5566	0.8187	0.4006	3	5	1	3/5	0.0950	0.8187	0.0424	0.9401	0.8869
COG4915	QR	5-bromo-4-chloroindolyl phosphatase XpaC	0.0037	0.0036	0.0008	0	5	0	0/5	0.0027	0.0044	0.0029	0.0036	0.0048
COG4916	S	Uncharacterized conserved protein	0.0372	0.0184	0.0418	0	5	0	0/5	0.0143	0.0184	0.0095	0.1202	0.0237
COG4917	E	Ethanolamine utilization protein EutP, contains a P-loop NTPase domain	0.0004	0.0005	0.0001	0	5	0	0/5	0.0005	0.0003	0.0005	0.0005	0.0004
COG4918	R	Predicted Fe-S cluster biosynthesis protein YqkB	0.0028	0.0013	0.0039	0	5	0	0/5	0.0001	0.0013	0.0001	0.0105	0.0022
COG4919	J	Ribosomal protein S30	0.2966	0.2864	0.2221	1	5	0	1/5	0.0479	0.2864	0.1004	0.3783	0.6701
COG4920	S	Uncharacterized membrane protein	0.1103	0.0261	0.1290	0	5	0	0/5	0.0015	0.0261	0.0013	0.3192	0.2036
COG4921	S	Uncharacterized conserved protein, DUF2209 domain	0.2722	0.2970	0.2465	1	5	0	1/5	0.0218	0.3634	0.0054	0.6735	0.2970
COG4922	R	Predicted SnoaL-like aldol condensation-catalyzing enzyme	0.0129	0.0059	0.0146	0	5	0	0/5	0.0059	0.0053	0.0049	0.0420	0.0065
COG4923	R	Predicted nuclease (RNAse H fold)	0.1312	0.0274	0.1524	0	5	0	0/5	0.0274	0.0244	0.0152	0.4111	0.1780
COG4924	S	Uncharacterized conserved protein	0.0085	0.0039	0.0107	0	5	0	0/5	0.0032	0.0039	0.0017	0.0298	0.0041
COG4925	S	Uncharacterized conserved protein	0.0042	0.0028	0.0026	0	5	0	0/5	0.0050	0.0023	0.0021	0.0090	0.0028
COG4926	X	Phage-related protein	0.0021	0.0016	0.0008	0	5	0	0/5	0.0016	0.0015	0.0014	0.0035	0.0023
COG4927	R	Predicted choloylglycine hydrolase	0.0665	0.0536	0.0390	0	5	0	0/5	0.0495	0.0294	0.0536	0.1420	0.0581
COG4928	R	Predicted P-loop ATPase, KAP-like	0.1734	0.1391	0.1633	0	5	0	0/5	0.0550	0.1747	0.0180	0.4801	0.1391
COG4929	S	Uncharacterized membrane-anchored protein	0.0095	0.0068	0.0076	0	5	0	0/5	0.0071	0.0045	0.0045	0.0245	0.0068
COG4930	O	Predicted ATP-dependent Lon-type protease	0.4473	0.5334	0.3318	3	5	0	3/5	0.1180	0.5685	0.0542	0.9623	0.5334
COG4932	M	Clumping factor A-related surface protein, MSCRAMM (microbial surface components recognizing adhesive matrix molecules) family, DEv-IgG fold	0.0377	0.0472	0.0179	0	5	0	0/5	0.0508	0.0472	0.0299	0.0546	0.0061
COG4933	K	Predicted transcriptional regulator, contains an HTH and PUA-like domains	0.5810	0.7087	0.2931	3	5	1	3/5	0.3254	0.7087	0.1597	0.9548	0.7562
COG4934	O	Serine protease, subtilase family	0.2339	0.1506	0.2817	1	5	0	1/5	0.0150	0.1506	0.0132	0.7752	0.2155
COG4935	O	Regulatory P domain of the subtilisin-like proprotein convertases and other proteases	0.0014	0.0014	0.0003	0	5	0	0/5	0.0018	0.0016	0.0012	0.0014	0.0011
COG4936	T	Ligand-binding sensor domain	0.0192	0.0097	0.0236	0	5	0	0/5	0.0028	0.0097	0.0022	0.0653	0.0159
COG4938	R	Predicted ATPase	0.5172	0.6001	0.3213	3	5	1	3/5	0.2246	0.7046	0.0879	0.9690	0.6001
COG4939	S	Membrane-anchored lipoprotein Tpp15, major membrane immunogen	0.0016	0.0012	0.0012	0	5	0	0/5	0.0006	0.0016	0.0005	0.0039	0.0012
COG4940	X	Competence protein ComGF	0.0125	0.0054	0.0141	0	5	0	0/5	0.0011	0.0054	0.0011	0.0384	0.0164
COG4941	K	Predicted RNA polymerase sigma factor, contains C-terminal TPR domain	0.0087	0.0019	0.0139	0	5	0	0/5	0.0006	0.0019	0.0006	0.0365	0.0040
COG4942	D	Septal ring factor EnvC, activator of murein hydrolases AmiA and AmiB	0.0003	0.0000	0.0004	0	5	0	0/5	0.0007	0.0000	0.0010	0.0000	0.0000
COG4943	T	Redox-sensing c-di-GMP phosphodiesterase, contains CSS-motif and EAL domains	0.0029	0.0008	0.0039	0	5	0	0/5	0.0004	0.0008	0.0004	0.0106	0.0022
COG4944	S	Uncharacterized conserved protein	0.0050	0.0032	0.0051	0	5	0	0/5	0.0011	0.0032	0.0010	0.0147	0.0049
COG4945	GT	Carbohydrate-binding DOMON domain	0.1416	0.0796	0.1500	0	5	0	0/5	0.0796	0.0362	0.0418	0.4362	0.1141
COG4946	S	Uncharacterized N-terminal domain of tricorn protease, contains WD40 repeats	0.1375	0.0537	0.2014	1	5	0	1/5	0.0052	0.0537	0.0049	0.5354	0.0881
COG4947	R	Esterase/lipase superfamily enzyme	0.0024	0.0009	0.0029	0	5	0	0/5	0.0008	0.0009	0.0007	0.0082	0.0014
COG4948	MR	L-alanine-DL-glutamate epimerase or related enzyme of enolase superfamily	0.3842	0.2250	0.2777	2	5	0	2/5	0.2250	0.1125	0.1909	0.8608	0.5319
COG4949	S	Uncharacterized membrane-anchored protein	0.0024	0.0016	0.0015	0	5	0	0/5	0.0016	0.0013	0.0012	0.0053	0.0027
COG4950	S	N-terminal domain of uncharacterized protein YciW (function unknown)	0.0068	0.0017	0.0095	0	5	0	0/5	0.0006	0.0017	0.0005	0.0255	0.0058
COG4951	S	Uncharacterized conserved protein	0.0108	0.0105	0.0081	0	5	0	0/5	0.0037	0.0105	0.0031	0.0257	0.0112
COG4952	M	L-rhamnose isomerase	0.0775	0.0416	0.0624	0	5	0	0/5	0.0416	0.0320	0.0345	0.1967	0.0826
COG4953	M	Membrane carboxypeptidase/penicillin-binding protein PbpC	0.0010	0.0008	0.0005	0	5	0	0/5	0.0009	0.0008	0.0007	0.0020	0.0007
COG4954	S	Uncharacterized conserved protein, DUF2000 domain	0.0104	0.0039	0.0139	0	5	0	0/5	0.0039	0.0022	0.0034	0.0382	0.0043
COG4955	S	Uncharacterized conserved protein YpbB, contains C-terminal HTH domain	0.0077	0.0019	0.0113	0	5	0	0/5	0.0001	0.0019	0.0001	0.0298	0.0064
COG4956	R	Uncharacterized conserved protein YacL, contains PIN and TRAM domains	0.0519	0.0132	0.0744	0	5	0	0/5	0.0060	0.0132	0.0037	0.1988	0.0376
COG4957	K	Predicted transcriptional regulator	0.0072	0.0052	0.0047	0	5	0	0/5	0.0046	0.0052	0.0039	0.0166	0.0056
COG4959	OU	Type IV secretory pathway, protease TraF	0.0012	0.0010	0.0006	0	5	0	0/5	0.0009	0.0010	0.0006	0.0024	0.0011
COG4960	OT	Flp pilus assembly protein, peptidase CpaA	0.0032	0.0024	0.0017	0	5	0	0/5	0.0021	0.0024	0.0020	0.0065	0.0032
COG4961	UW	Flp pilus assembly protein TadG, includes N-terminal TadE domain	0.0050	0.0033	0.0045	0	5	0	0/5	0.0033	0.0019	0.0036	0.0139	0.0021
COG4962	UW	Pilus assembly protein, ATPase of CpaF family	0.9537	0.9897	0.0501	5	5	1	5/5	0.9218	0.9939	0.8697	0.9935	0.9897
COG4963	UW	Flp pilus assembly ATPase CpaE/TadZ, contains N-terminal REC/TadZ_N domain	0.0012	0.0012	0.0003	0	5	0	0/5	0.0014	0.0009	0.0016	0.0012	0.0009
COG4964	UW	Flp pilus assembly protein, secretin CpaC	0.0010	0.0006	0.0006	0	5	0	0/5	0.0016	0.0005	0.0018	0.0003	0.0006
COG4965	UW	Flp pilus assembly protein TadB	0.0008	0.0004	0.0007	0	5	0	0/5	0.0014	0.0002	0.0020	0.0004	0.0002
COG4966	NW	Type IV pilus assembly protein PilW	0.0098	0.0047	0.0098	0	5	0	0/5	0.0045	0.0047	0.0031	0.0291	0.0077
COG4967	NW	Type IV pilus assembly protein PilV	0.0026	0.0029	0.0007	0	5	0	0/5	0.0035	0.0017	0.0032	0.0029	0.0018
COG4968	NW	Type IV pilus assembly protein PilE	0.0021	0.0013	0.0013	0	5	0	0/5	0.0038	0.0010	0.0037	0.0013	0.0008
COG4969	NW	Type IV pilus assembly protein, major pilin PilA	0.0012	0.0014	0.0006	0	5	0	0/5	0.0014	0.0003	0.0015	0.0020	0.0006
COG4970	NW	Type IV pilus assembly protein FimT	0.0029	0.0025	0.0015	0	5	0	0/5	0.0025	0.0016	0.0025	0.0058	0.0021
COG4972	NW	Type IV pilus assembly protein, ATPase PilM	0.0041	0.0048	0.0017	0	5	0	0/5	0.0048	0.0016	0.0049	0.0064	0.0029
COG4973	L	Site-specific recombinase XerC	0.0090	0.0051	0.0106	0	5	0	0/5	0.0053	0.0019	0.0051	0.0300	0.0028
COG4974	L	Site-specific recombinase XerD	0.0974	0.0548	0.1072	0	5	0	0/5	0.2896	0.0027	0.1342	0.0548	0.0059
COG4975	G	Glucose uptake protein GlcU	0.0042	0.0037	0.0015	0	5	0	0/5	0.0030	0.0031	0.0037	0.0070	0.0040
COG4976	R	Predicted methyltransferase, contains TPR repeat	0.0288	0.0184	0.0202	0	5	0	0/5	0.0671	0.0136	0.0184	0.0309	0.0138
COG4977	K	Transcriptional regulator GlxA, contains an amidase domain and an AraC-type DNA-binding HTH domain	0.0015	0.0018	0.0012	0	5	0	0/5	0.0018	0.0001	0.0021	0.0031	0.0002
COG4978	T	GyrI-like small molecule binding domain	0.3590	0.3112	0.3004	1	5	0	1/5	0.0939	0.3112	0.0486	0.8803	0.4612
COG4980	R	Gas vesicle protein YhaH	0.0136	0.0058	0.0186	0	5	0	0/5	0.0015	0.0058	0.0014	0.0504	0.0091
COG4981	I	Enoyl reductase domain of yeast-type fatty acid synthase	0.0053	0.0019	0.0075	0	5	0	0/5	0.0000	0.0019	0.0000	0.0198	0.0049
COG4983	X	Primase-polymerase (Primpol) domain protein	0.1600	0.0598	0.1974	1	5	0	1/5	0.0262	0.1573	0.0149	0.5418	0.0598
COG4984	S	Uncharacterized membrane protein	0.0027	0.0011	0.0037	0	5	0	0/5	0.0003	0.0011	0.0002	0.0101	0.0019
COG4986	P	ABC-type anion transport system, duplicated permease component	0.3041	0.2714	0.2784	1	5	0	1/5	0.0259	0.3881	0.0459	0.7892	0.2714
COG4987	CO	ABC-type transport system involved in cytochrome bd biosynthesis, fused ATPase and permease components	0.0048	0.0021	0.0056	0	5	0	0/5	0.0027	0.0015	0.0019	0.0160	0.0021
COG4988	CO	ABC-type transport system involved in cytochrome bd biosynthesis, ATPase and permease components	0.0041	0.0021	0.0032	0	5	0	0/5	0.0053	0.0013	0.0021	0.0099	0.0021
COG4989	R	Predicted oxidoreductase YdhF	0.0016	0.0006	0.0021	0	5	0	0/5	0.0005	0.0004	0.0006	0.0058	0.0009
COG4990	R	Predicted cysteine peptidase, C39 family	0.0217	0.0175	0.0098	0	5	0	0/5	0.0175	0.0160	0.0106	0.0387	0.0258
COG4992	E	Acetylornithine/succinyldiaminopimelate/putrescine aminotransferase	0.9644	0.9709	0.0352	5	5	1	5/5	0.9586	0.9004	0.9709	0.9993	0.9930
COG4993	G	Glucose dehydrogenase, PQQ-dependent	0.0086	0.0042	0.0092	0	5	0	0/5	0.0050	0.0029	0.0042	0.0269	0.0041
COG4994	S	Uncharacterized protein CV0675, UCP033623 family	0.0032	0.0008	0.0044	0	5	0	0/5	0.0005	0.0008	0.0004	0.0119	0.0022
COG4995	S	Uncharacterized conserved protein, contains CHAT domain	0.0391	0.0113	0.0591	0	5	0	0/5	0.0078	0.0113	0.0038	0.1571	0.0154
COG4996	R	Predicted phosphatase	0.4417	0.4145	0.3528	2	5	0	2/5	0.0622	0.4145	0.0465	0.8403	0.8448
COG4997	R	Predicted house-cleaning noncanonical NTP pyrophosphatase, all-alpha NTP-PPase (MazG) superfamily	0.2745	0.2265	0.3045	1	5	0	1/5	0.0255	0.2265	0.0125	0.8494	0.2585
COG4998	L	Predicted endonuclease, RecB family	0.3675	0.5809	0.2677	3	5	0	3/5	0.0360	0.5848	0.0435	0.5925	0.5809
COG5000	T	Signal transduction histidine kinase NtrY involved in nitrogen fixation and metabolism regulation	0.0052	0.0066	0.0031	0	5	0	0/5	0.0089	0.0015	0.0075	0.0066	0.0015
COG5001	T	Cyclic di-GMP metabolism protein, combines GGDEF and EAL domains with a 6TM membrane domain	0.0053	0.0065	0.0040	0	5	0	0/5	0.0098	0.0006	0.0091	0.0065	0.0005
COG5002	T	Sensor histidine kinase WalK	0.0167	0.0226	0.0127	0	5	0	0/5	0.0226	0.0018	0.0250	0.0325	0.0016
COG5003	X	Mu-like prophage protein gp37	0.0011	0.0008	0.0007	0	5	0	0/5	0.0006	0.0008	0.0005	0.0025	0.0012
COG5004	X	P2-like prophage tail protein X	0.0007	0.0007	0.0001	0	5	0	0/5	0.0008	0.0006	0.0008	0.0007	0.0006
COG5005	X	Mu-like prophage protein gpG	0.0073	0.0068	0.0033	0	5	0	0/5	0.0120	0.0037	0.0101	0.0068	0.0038
COG5006	E	Threonine/homoserine efflux transporter RhtA	0.0053	0.0018	0.0065	0	5	0	0/5	0.0011	0.0018	0.0013	0.0181	0.0044
COG5007	T	Acid stress protein IbaG/YrbA, BolA-like family	0.0005	0.0004	0.0003	0	5	0	0/5	0.0006	0.0003	0.0009	0.0001	0.0004
COG5008	NW	Type IV pilus assembly protein, ATPase PilU	0.0025	0.0024	0.0007	0	5	0	0/5	0.0028	0.0017	0.0024	0.0020	0.0036
COG5009	M	Membrane carboxypeptidase/penicillin-binding protein	0.0001	0.0001	0.0001	0	5	0	0/5	0.0002	0.0001	0.0004	0.0000	0.0000
COG5010	UW	Flp pilus assembly protein TadD, contains TPR repeats	0.0019	0.0016	0.0011	0	5	0	0/5	0.0016	0.0014	0.0017	0.0040	0.0009
COG5011	S	Uncharacterized conserved protein, DUF2344 family	0.0934	0.0512	0.1246	0	5	0	0/5	0.0111	0.0512	0.0058	0.3389	0.0601
COG5012	C	Methanogenic corrinoid protein MtbC1	0.9212	0.9538	0.0772	5	5	1	5/5	0.8598	0.9538	0.8024	0.9975	0.9923
COG5013	CP	Nitrate reductase alpha subunit	0.2801	0.1942	0.3442	1	5	0	1/5	0.0353	0.2128	0.0094	0.9489	0.1942
COG5014	R	Uncharacterized conserved protein TM0948, MoaA-related, radical SAM superfamily	0.6580	0.7572	0.2591	3	5	1	3/5	0.3281	0.9068	0.3706	0.7572	0.9274
COG5015	R	Pyridoxamine 5'-phosphate oxidase (PNPOx-like) family protein	0.1469	0.1333	0.1476	0	5	0	0/5	0.0297	0.1336	0.0135	0.4244	0.1333
COG5016	C	Pyruvate/oxaloacetate carboxyltransferase	0.8709	0.9804	0.1794	5	5	1	5/5	0.8513	0.9940	0.5291	0.9997	0.9804
COG5017	G	UDP-N-acetylglucosamine transferase subunit ALG13	0.0101	0.0123	0.0037	0	5	0	0/5	0.0140	0.0049	0.0123	0.0129	0.0062
COG5018	T	3'-5' exonuclease KapD, inhibitor of KinA-controlled sporulation	0.0030	0.0026	0.0013	0	5	0	0/5	0.0041	0.0015	0.0026	0.0048	0.0018
COG5019			0.0022	0.0019	0.0014	0	5	0	0/5	0.0010	0.0022	0.0009	0.0048	0.0019
COG5020			0.0059	0.0055	0.0061	0	5	0	0/5	0.0003	0.0055	0.0003	0.0169	0.0065
COG5021			0.0012	0.0011	0.0011	0	5	0	0/5	0.0002	0.0011	0.0002	0.0031	0.0016
COG5022			0.0047	0.0025	0.0057	0	5	0	0/5	0.0005	0.0025	0.0005	0.0157	0.0042
COG5023	Z	Tubulin	0.0077	0.0073	0.0025	0	5	0	0/5	0.0057	0.0054	0.0073	0.0123	0.0076
COG5024			0.0018	0.0009	0.0024	0	5	0	0/5	0.0000	0.0009	0.0000	0.0065	0.0018
COG5025			0.0024	0.0008	0.0036	0	5	0	0/5	0.0000	0.0008	0.0000	0.0094	0.0020
COG5026	G	Hexokinase	0.0026	0.0021	0.0013	0	5	0	0/5	0.0017	0.0021	0.0011	0.0047	0.0033
COG5027			0.0016	0.0003	0.0027	0	5	0	0/5	0.0000	0.0003	0.0000	0.0070	0.0009
COG5028			0.0028	0.0004	0.0047	0	5	0	0/5	0.0000	0.0004	0.0000	0.0121	0.0016
COG5029	OI	Prenyltransferase, beta subunit	0.0236	0.0158	0.0211	0	5	0	0/5	0.0095	0.0158	0.0055	0.0642	0.0232
COG5030			0.0011	0.0002	0.0019	0	5	0	0/5	0.0000	0.0002	0.0000	0.0049	0.0006
COG5031	H	Ubiquinone biosynthesis protein Coq4	0.0016	0.0013	0.0011	0	5	0	0/5	0.0008	0.0013	0.0007	0.0036	0.0018
COG5032			0.0057	0.0033	0.0054	0	5	0	0/5	0.0022	0.0033	0.0019	0.0162	0.0050
COG5033			0.0303	0.0114	0.0419	0	5	0	0/5	0.0029	0.0114	0.0020	0.1127	0.0223
COG5034			0.0033	0.0005	0.0054	0	5	0	0/5	0.0000	0.0005	0.0000	0.0140	0.0019
COG5035			0.0022	0.0003	0.0037	0	5	0	0/5	0.0000	0.0003	0.0000	0.0095	0.0012
COG5036	PU	SPX domain-containing protein involved in vacuolar polyphosphate accumulation	0.0049	0.0026	0.0035	0	5	0	0/5	0.0088	0.0026	0.0095	0.0019	0.0019
COG5037			0.0012	0.0001	0.0021	0	5	0	0/5	0.0000	0.0001	0.0000	0.0053	0.0005
COG5038			0.0013	0.0009	0.0015	0	5	0	0/5	0.0000	0.0009	0.0000	0.0042	0.0012
COG5039	GM	Exopolysaccharide biosynthesis protein EpsI, predicted pyruvyl transferase	0.0078	0.0053	0.0063	0	5	0	0/5	0.0053	0.0046	0.0033	0.0203	0.0057
COG5040			0.0020	0.0006	0.0029	0	5	0	0/5	0.0000	0.0006	0.0000	0.0077	0.0015
COG5041			0.0035	0.0007	0.0055	0	5	0	0/5	0.0000	0.0007	0.0000	0.0143	0.0024
COG5042	F	Purine nucleoside permease	0.0077	0.0050	0.0072	0	5	0	0/5	0.0050	0.0032	0.0029	0.0219	0.0057
COG5043			0.0039	0.0011	0.0059	0	5	0	0/5	0.0000	0.0011	0.0000	0.0154	0.0030
COG5044			0.0027	0.0029	0.0023	0	5	0	0/5	0.0006	0.0029	0.0004	0.0067	0.0031
COG5045			0.0028	0.0004	0.0047	0	5	0	0/5	0.0000	0.0004	0.0000	0.0121	0.0014
COG5046			0.0005	0.0001	0.0009	0	5	0	0/5	0.0000	0.0001	0.0000	0.0023	0.0002
COG5047			0.0007	0.0002	0.0012	0	5	0	0/5	0.0000	0.0002	0.0000	0.0032	0.0003
COG5048			0.0036	0.0021	0.0043	0	5	0	0/5	0.0005	0.0021	0.0004	0.0119	0.0030
COG5049			0.0012	0.0010	0.0010	0	5	0	0/5	0.0003	0.0010	0.0003	0.0030	0.0013
COG5050	I	sn-1,2-diacylglycerol ethanolamine- and cholinephosphotranferases	0.0037	0.0017	0.0049	0	5	0	0/5	0.0003	0.0017	0.0003	0.0132	0.0030
COG5051			0.0031	0.0007	0.0050	0	5	0	0/5	0.0000	0.0007	0.0000	0.0130	0.0019
COG5052			0.0007	0.0001	0.0012	0	5	0	0/5	0.0000	0.0001	0.0000	0.0032	0.0003
COG5053			0.0021	0.0011	0.0027	0	5	0	0/5	0.0000	0.0011	0.0000	0.0073	0.0020
COG5054			0.0013	0.0011	0.0011	0	5	0	0/5	0.0002	0.0011	0.0002	0.0032	0.0016
COG5055	L	Recombinational DNA repair protein (RAD52 pathway)	0.0074	0.0044	0.0083	0	5	0	0/5	0.0013	0.0044	0.0014	0.0235	0.0064
COG5056			0.0005	0.0001	0.0008	0	5	0	0/5	0.0000	0.0001	0.0000	0.0020	0.0002
COG5057			0.0012	0.0001	0.0021	0	5	0	0/5	0.0000	0.0001	0.0000	0.0054	0.0004
COG5058			0.0019	0.0004	0.0031	0	5	0	0/5	0.0000	0.0004	0.0000	0.0080	0.0012
COG5059			0.0013	0.0011	0.0012	0	5	0	0/5	0.0002	0.0011	0.0002	0.0035	0.0016
COG5061			0.0619	0.0239	0.0858	0	5	0	0/5	0.0114	0.0239	0.0061	0.2322	0.0359
COG5062			0.0013	0.0002	0.0022	0	5	0	0/5	0.0000	0.0002	0.0000	0.0056	0.0007
COG5064			0.0023	0.0007	0.0035	0	5	0	0/5	0.0000	0.0007	0.0000	0.0092	0.0018
COG5065			0.0016	0.0003	0.0028	0	5	0	0/5	0.0000	0.0003	0.0000	0.0071	0.0007
COG5066			0.0096	0.0050	0.0109	0	5	0	0/5	0.0013	0.0050	0.0012	0.0303	0.0102
COG5068			0.0009	0.0001	0.0016	0	5	0	0/5	0.0000	0.0001	0.0000	0.0040	0.0005
COG5069			0.0022	0.0019	0.0020	0	5	0	0/5	0.0003	0.0019	0.0003	0.0058	0.0029
COG5070			0.0008	0.0001	0.0013	0	5	0	0/5	0.0000	0.0001	0.0000	0.0034	0.0004
COG5072			0.0012	0.0002	0.0021	0	5	0	0/5	0.0000	0.0002	0.0000	0.0055	0.0005
COG5074			0.0031	0.0019	0.0034	0	5	0	0/5	0.0005	0.0019	0.0004	0.0096	0.0029
COG5075			0.0013	0.0002	0.0021	0	5	0	0/5	0.0000	0.0002	0.0000	0.0055	0.0008
COG5076			0.0013	0.0004	0.0020	0	5	0	0/5	0.0000	0.0004	0.0000	0.0052	0.0010
COG5077			0.0004	0.0005	0.0002	0	5	0	0/5	0.0001	0.0006	0.0001	0.0006	0.0005
COG5078	O	Ubiquitin-protein ligase	0.0546	0.0618	0.0179	0	5	0	0/5	0.0545	0.0205	0.0618	0.0648	0.0712
COG5080			0.0013	0.0001	0.0023	0	5	0	0/5	0.0000	0.0001	0.0000	0.0060	0.0005
COG5082			0.0049	0.0009	0.0080	0	5	0	0/5	0.0000	0.0009	0.0000	0.0208	0.0029
COG5083	I	Phosphatidate phosphatase PAH1, contains Lipin and LNS2 domains. can be involved in plasmid maintenance	0.0054	0.0031	0.0052	0	5	0	0/5	0.0016	0.0031	0.0017	0.0156	0.0051
COG5087			0.0010	0.0001	0.0018	0	5	0	0/5	0.0000	0.0001	0.0000	0.0045	0.0003
COG5090			0.0006	0.0001	0.0011	0	5	0	0/5	0.0000	0.0001	0.0000	0.0028	0.0002
COG5091			0.0013	0.0002	0.0022	0	5	0	0/5	0.0000	0.0002	0.0000	0.0056	0.0007
COG5092			0.0033	0.0005	0.0054	0	5	0	0/5	0.0000	0.0005	0.0000	0.0140	0.0019
COG5093			0.0007	0.0001	0.0012	0	5	0	0/5	0.0000	0.0001	0.0000	0.0031	0.0002
COG5094			0.0185	0.0036	0.0312	0	5	0	0/5	0.0013	0.0036	0.0006	0.0808	0.0061
COG5096			0.0026	0.0013	0.0035	0	5	0	0/5	0.0000	0.0013	0.0000	0.0095	0.0024
COG5097			0.0004	0.0000	0.0008	0	5	0	0/5	0.0000	0.0000	0.0000	0.0020	0.0002
COG5098			0.0022	0.0004	0.0035	0	5	0	0/5	0.0000	0.0004	0.0000	0.0092	0.0012
COG5099			0.0008	0.0001	0.0014	0	5	0	0/5	0.0000	0.0001	0.0000	0.0036	0.0004
COG5100			0.0012	0.0001	0.0022	0	5	0	0/5	0.0000	0.0001	0.0000	0.0055	0.0004
COG5101			0.0030	0.0004	0.0051	0	5	0	0/5	0.0000	0.0004	0.0000	0.0132	0.0016
COG5102			0.0007	0.0001	0.0012	0	5	0	0/5	0.0000	0.0001	0.0000	0.0030	0.0002
COG5103			0.0013	0.0002	0.0022	0	5	0	0/5	0.0000	0.0002	0.0000	0.0057	0.0005
COG5106			0.0011	0.0001	0.0019	0	5	0	0/5	0.0000	0.0001	0.0000	0.0048	0.0004
COG5107			0.0096	0.0067	0.0072	0	5	0	0/5	0.0047	0.0116	0.0025	0.0227	0.0067
COG5108	K	Mitochondrial DNA-directed RNA polymerase	0.0018	0.0014	0.0010	0	5	0	0/5	0.0009	0.0014	0.0008	0.0036	0.0021
COG5110			0.0037	0.0007	0.0061	0	5	0	0/5	0.0000	0.0007	0.0000	0.0158	0.0022
COG5112			0.0009	0.0001	0.0015	0	5	0	0/5	0.0000	0.0001	0.0000	0.0039	0.0003
COG5113			0.0081	0.0068	0.0053	0	5	0	0/5	0.0122	0.0028	0.0068	0.0160	0.0026
COG5114			0.0009	0.0009	0.0006	0	5	0	0/5	0.0004	0.0009	0.0003	0.0020	0.0011
COG5116			0.0020	0.0004	0.0033	0	5	0	0/5	0.0000	0.0004	0.0000	0.0085	0.0012
COG5118			0.0006	0.0001	0.0010	0	5	0	0/5	0.0000	0.0001	0.0000	0.0026	0.0003
COG5119	R	Uncharacterized conserved protein, contains ParB-like nuclease domain	0.0094	0.0044	0.0128	0	5	0	0/5	0.0005	0.0044	0.0004	0.0345	0.0073
COG5122			0.0003	0.0000	0.0006	0	5	0	0/5	0.0000	0.0000	0.0000	0.0014	0.0001
COG5123			0.0006	0.0001	0.0010	0	5	0	0/5	0.0000	0.0001	0.0000	0.0026	0.0002
COG5124			0.0017	0.0002	0.0029	0	5	0	0/5	0.0000	0.0002	0.0000	0.0075	0.0008
COG5125			0.0005	0.0001	0.0009	0	5	0	0/5	0.0000	0.0001	0.0000	0.0023	0.0003
COG5126	T	Ca2+-binding protein, EF-hand superfamily	0.0125	0.0062	0.0122	0	5	0	0/5	0.0050	0.0062	0.0041	0.0365	0.0105
COG5127			0.0008	0.0001	0.0014	0	5	0	0/5	0.0000	0.0001	0.0000	0.0036	0.0003
COG5129			0.0118	0.0033	0.0168	0	5	0	0/5	0.0000	0.0033	0.0000	0.0443	0.0113
COG5131	O	Ubiquitin-like protein	0.1667	0.0834	0.1668	0	5	0	0/5	0.0077	0.0834	0.0078	0.3912	0.3435
COG5133			0.0945	0.1101	0.0667	0	5	0	0/5	0.0164	0.1101	0.0193	0.1437	0.1829
COG5134			0.0019	0.0003	0.0031	0	5	0	0/5	0.0000	0.0003	0.0000	0.0081	0.0010
COG5135	S	Uncharacterized conserved protein	0.0022	0.0024	0.0014	0	5	0	0/5	0.0006	0.0028	0.0007	0.0043	0.0024
COG5137			0.0012	0.0002	0.0020	0	5	0	0/5	0.0000	0.0002	0.0000	0.0052	0.0007
COG5139			0.0015	0.0002	0.0026	0	5	0	0/5	0.0000	0.0002	0.0000	0.0066	0.0007
COG5140			0.0016	0.0002	0.0028	0	5	0	0/5	0.0000	0.0002	0.0000	0.0072	0.0008
COG5141			0.0021	0.0004	0.0033	0	5	0	0/5	0.0000	0.0004	0.0000	0.0087	0.0014
COG5142			0.0016	0.0004	0.0025	0	5	0	0/5	0.0000	0.0004	0.0000	0.0065	0.0011
COG5143			0.0014	0.0006	0.0019	0	5	0	0/5	0.0000	0.0006	0.0000	0.0050	0.0013
COG5144			0.0182	0.0051	0.0280	0	5	0	0/5	0.0007	0.0051	0.0005	0.0736	0.0111
COG5145			0.0012	0.0002	0.0020	0	5	0	0/5	0.0000	0.0002	0.0000	0.0051	0.0005
COG5146	H	Pantothenate kinase	0.0084	0.0059	0.0064	0	5	0	0/5	0.0025	0.0059	0.0044	0.0206	0.0084
COG5147			0.0005	0.0007	0.0003	0	5	0	0/5	0.0001	0.0007	0.0001	0.0008	0.0008
COG5148	S	vWFA (von Willebrand factor type A) domain-containing protein	0.0034	0.0038	0.0030	0	5	0	0/5	0.0003	0.0038	0.0003	0.0085	0.0041
COG5150			0.0016	0.0002	0.0026	0	5	0	0/5	0.0000	0.0002	0.0000	0.0068	0.0009
COG5151			0.0020	0.0003	0.0033	0	5	0	0/5	0.0000	0.0003	0.0000	0.0086	0.0012
COG5153	U	Putative lipase ATG15 (essential for vacuolar disintegration of autophagic bodies)	0.0002	0.0001	0.0002	0	5	0	0/5	0.0001	0.0001	0.0001	0.0005	0.0004
COG5155			0.0022	0.0005	0.0035	0	5	0	0/5	0.0000	0.0005	0.0000	0.0091	0.0015
COG5156			0.0149	0.0045	0.0229	0	5	0	0/5	0.0008	0.0045	0.0005	0.0603	0.0084
COG5157			0.0002	0.0000	0.0003	0	5	0	0/5	0.0000	0.0000	0.0000	0.0007	0.0001
COG5158			0.0024	0.0004	0.0039	0	5	0	0/5	0.0000	0.0004	0.0000	0.0100	0.0014
COG5159			0.0023	0.0004	0.0036	0	5	0	0/5	0.0000	0.0004	0.0000	0.0094	0.0017
COG5160	O	Protease, Ulp1 family	0.0002	0.0003	0.0001	0	5	0	0/5	0.0001	0.0003	0.0001	0.0003	0.0003
COG5161			0.0007	0.0004	0.0008	0	5	0	0/5	0.0001	0.0004	0.0001	0.0022	0.0005
COG5162			0.0004	0.0001	0.0006	0	5	0	0/5	0.0000	0.0001	0.0000	0.0015	0.0002
COG5163			0.0009	0.0001	0.0014	0	5	0	0/5	0.0000	0.0001	0.0000	0.0037	0.0005
COG5164	K	Transcription elongation factor SPT5	0.0031	0.0020	0.0026	0	5	0	0/5	0.0022	0.0016	0.0016	0.0082	0.0020
COG5165			0.0017	0.0002	0.0028	0	5	0	0/5	0.0000	0.0002	0.0000	0.0073	0.0009
COG5166			0.0292	0.0164	0.0335	0	5	0	0/5	0.0052	0.0164	0.0036	0.0940	0.0270
COG5167			0.0008	0.0001	0.0013	0	5	0	0/5	0.0000	0.0001	0.0000	0.0034	0.0004
COG5169			0.0008	0.0001	0.0014	0	5	0	0/5	0.0000	0.0001	0.0000	0.0037	0.0003
COG5171			0.0020	0.0003	0.0034	0	5	0	0/5	0.0000	0.0003	0.0000	0.0087	0.0011
COG5173			0.0016	0.0002	0.0028	0	5	0	0/5	0.0000	0.0002	0.0000	0.0073	0.0007
COG5175			0.0005	0.0001	0.0007	0	5	0	0/5	0.0000	0.0001	0.0000	0.0019	0.0004
COG5176			0.0124	0.0059	0.0161	0	5	0	0/5	0.0000	0.0059	0.0000	0.0432	0.0127
COG5178			0.0025	0.0006	0.0039	0	5	0	0/5	0.0000	0.0006	0.0000	0.0103	0.0017
COG5180	A	PAB1-binding protein, interacts with poly(A)-binding protein	0.0169	0.0074	0.0191	0	5	0	0/5	0.0032	0.0074	0.0035	0.0538	0.0165
COG5182			0.0007	0.0001	0.0012	0	5	0	0/5	0.0000	0.0001	0.0000	0.0032	0.0004
COG5183			0.0041	0.0023	0.0038	0	5	0	0/5	0.0013	0.0023	0.0017	0.0114	0.0036
COG5184	DZ	Alpha-tubulin suppressor ATS1 and related RCC1 domain-containing proteins	0.0260	0.0095	0.0233	0	5	0	0/5	0.0095	0.0620	0.0086	0.0455	0.0046
COG5185	D	Chromosome segregation protein NDC80, interacts with SMC proteins	0.0028	0.0016	0.0026	0	5	0	0/5	0.0012	0.0016	0.0011	0.0079	0.0022
COG5186	A	Poly(A) polymerase Pap1	0.0013	0.0006	0.0017	0	5	0	0/5	0.0002	0.0006	0.0001	0.0046	0.0011
COG5187			0.0039	0.0014	0.0056	0	5	0	0/5	0.0003	0.0014	0.0003	0.0150	0.0026
COG5188			0.0009	0.0001	0.0015	0	5	0	0/5	0.0000	0.0001	0.0000	0.0039	0.0003
COG5189			0.0015	0.0001	0.0027	0	5	0	0/5	0.0000	0.0001	0.0000	0.0069	0.0005
COG5190	K	TFIIF-interacting CTD phosphatase, includes NLI-interacting factor	0.0036	0.0019	0.0044	0	5	0	0/5	0.0009	0.0019	0.0004	0.0123	0.0023
COG5192			0.0012	0.0002	0.0021	0	5	0	0/5	0.0000	0.0002	0.0000	0.0054	0.0006
COG5193			0.0017	0.0002	0.0030	0	5	0	0/5	0.0000	0.0002	0.0000	0.0078	0.0007
COG5194			0.0008	0.0001	0.0013	0	5	0	0/5	0.0000	0.0001	0.0000	0.0034	0.0005
COG5195			0.0172	0.0163	0.0155	0	5	0	0/5	0.0019	0.0163	0.0017	0.0437	0.0225
COG5196			0.0010	0.0002	0.0016	0	5	0	0/5	0.0000	0.0002	0.0000	0.0042	0.0004
COG5198			0.0011	0.0009	0.0012	0	5	0	0/5	0.0001	0.0009	0.0001	0.0035	0.0011
COG5199			0.0020	0.0002	0.0035	0	5	0	0/5	0.0000	0.0002	0.0000	0.0091	0.0009
COG5200			0.0003	0.0000	0.0006	0	5	0	0/5	0.0000	0.0000	0.0000	0.0015	0.0001
COG5201			0.0027	0.0013	0.0036	0	5	0	0/5	0.0000	0.0013	0.0000	0.0096	0.0026
COG5206	O	Glycosylphosphatidylinositol transamidase (GPIT), subunit GPI8	0.0008	0.0007	0.0008	0	5	0	0/5	0.0001	0.0007	0.0001	0.0021	0.0012
COG5207	R	Uncharacterized Zn-finger protein, UBP-type	0.0279	0.0204	0.0297	0	5	0	0/5	0.0017	0.0204	0.0018	0.0823	0.0331
COG5209			0.0013	0.0001	0.0023	0	5	0	0/5	0.0000	0.0001	0.0000	0.0060	0.0005
COG5210			0.0032	0.0007	0.0051	0	5	0	0/5	0.0000	0.0007	0.0000	0.0132	0.0022
COG5212	T	cAMP phosphodiesterase	0.0008	0.0006	0.0007	0	5	0	0/5	0.0002	0.0006	0.0002	0.0020	0.0010
COG5213			0.0009	0.0001	0.0016	0	5	0	0/5	0.0000	0.0001	0.0000	0.0041	0.0004
COG5214			0.0012	0.0002	0.0020	0	5	0	0/5	0.0000	0.0002	0.0000	0.0052	0.0006
COG5215			0.0019	0.0009	0.0024	0	5	0	0/5	0.0001	0.0009	0.0001	0.0065	0.0017
COG5216			0.0015	0.0002	0.0025	0	5	0	0/5	0.0000	0.0002	0.0000	0.0065	0.0008
COG5217			0.0023	0.0023	0.0021	0	5	0	0/5	0.0002	0.0023	0.0002	0.0059	0.0029
COG5218			0.0011	0.0002	0.0019	0	5	0	0/5	0.0000	0.0002	0.0000	0.0049	0.0006
COG5219			0.0008	0.0001	0.0014	0	5	0	0/5	0.0000	0.0001	0.0000	0.0037	0.0003
COG5222			0.0044	0.0013	0.0067	0	5	0	0/5	0.0002	0.0013	0.0002	0.0176	0.0025
COG5225			0.0009	0.0001	0.0016	0	5	0	0/5	0.0000	0.0001	0.0000	0.0040	0.0003
COG5226			0.0019	0.0008	0.0025	0	5	0	0/5	0.0000	0.0008	0.0000	0.0068	0.0017
COG5227			0.0040	0.0008	0.0065	0	5	0	0/5	0.0000	0.0008	0.0000	0.0168	0.0026
COG5228			0.0029	0.0006	0.0046	0	5	0	0/5	0.0000	0.0006	0.0000	0.0121	0.0018
COG5230			0.0008	0.0001	0.0014	0	5	0	0/5	0.0000	0.0001	0.0000	0.0037	0.0003
COG5231			0.0013	0.0001	0.0023	0	5	0	0/5	0.0000	0.0001	0.0000	0.0060	0.0005
COG5235			0.0065	0.0016	0.0095	0	5	0	0/5	0.0000	0.0016	0.0000	0.0250	0.0061
COG5236			0.0009	0.0001	0.0016	0	5	0	0/5	0.0000	0.0001	0.0000	0.0041	0.0003
COG5237			0.0007	0.0001	0.0013	0	5	0	0/5	0.0000	0.0001	0.0000	0.0033	0.0002
COG5238	J	Ran GTPase-activating protein (RanGAP) involved in mRNA processing and transport	0.0016	0.0014	0.0016	0	5	0	0/5	0.0004	0.0014	0.0003	0.0046	0.0015
COG5239			0.0010	0.0007	0.0012	0	5	0	0/5	0.0001	0.0007	0.0001	0.0033	0.0010
COG5240			0.0015	0.0003	0.0024	0	5	0	0/5	0.0000	0.0003	0.0000	0.0063	0.0009
COG5241			0.0013	0.0001	0.0023	0	5	0	0/5	0.0000	0.0001	0.0000	0.0059	0.0005
COG5243			0.0023	0.0005	0.0036	0	5	0	0/5	0.0000	0.0005	0.0000	0.0095	0.0014
COG5244			0.0057	0.0033	0.0070	0	5	0	0/5	0.0008	0.0033	0.0005	0.0193	0.0047
COG5245			0.0012	0.0012	0.0010	0	5	0	0/5	0.0002	0.0012	0.0002	0.0029	0.0017
COG5246			0.0006	0.0001	0.0010	0	5	0	0/5	0.0000	0.0001	0.0000	0.0025	0.0002
COG5247			0.0005	0.0001	0.0008	0	5	0	0/5	0.0000	0.0001	0.0000	0.0020	0.0003
COG5249			0.0012	0.0001	0.0022	0	5	0	0/5	0.0000	0.0001	0.0000	0.0055	0.0004
COG5251			0.0012	0.0002	0.0019	0	5	0	0/5	0.0000	0.0002	0.0000	0.0050	0.0006
COG5252			0.0008	0.0001	0.0014	0	5	0	0/5	0.0000	0.0001	0.0000	0.0035	0.0004
COG5253			0.9749	0.9736	0.0107	5	5	1	5/5	0.9642	0.9905	0.9629	0.9832	0.9736
COG5254			0.0023	0.0004	0.0039	0	5	0	0/5	0.0000	0.0004	0.0000	0.0101	0.0011
COG5255	S	Uncharacterized conserved protein	0.0024	0.0015	0.0021	0	5	0	0/5	0.0012	0.0015	0.0007	0.0066	0.0022
COG5256	J	Translation elongation factor EF-1alpha (GTPase)	0.9984	0.9999	0.0023	5	5	1	5/5	0.9982	0.9999	0.9940	0.9999	0.9999
COG5258	R	GTPase	0.0686	0.0865	0.0536	0	5	0	0/5	0.0024	0.1012	0.0112	0.0865	0.1416
COG5259			0.0010	0.0002	0.0016	0	5	0	0/5	0.0000	0.0002	0.0000	0.0042	0.0008
COG5260			0.0247	0.0154	0.0281	0	5	0	0/5	0.0049	0.0154	0.0037	0.0796	0.0200
COG5261			0.0007	0.0001	0.0010	0	5	0	0/5	0.0000	0.0001	0.0000	0.0026	0.0006
COG5262			0.0037	0.0018	0.0049	0	5	0	0/5	0.0000	0.0018	0.0000	0.0131	0.0037
COG5263	G	Glucan-binding domain (YG repeat)	0.0021	0.0018	0.0007	0	5	0	0/5	0.0028	0.0015	0.0029	0.0018	0.0013
COG5264			0.0020	0.0003	0.0033	0	5	0	0/5	0.0000	0.0003	0.0000	0.0086	0.0011
COG5265	O	ABC-type transport system involved in Fe-S cluster assembly, permease and ATPase components	0.0008	0.0005	0.0005	0	5	0	0/5	0.0013	0.0005	0.0014	0.0003	0.0003
COG5266	R	Uncharacterized protein, contains GH25 family domain	0.0654	0.0522	0.0253	0	5	0	0/5	0.0522	0.0369	0.0477	0.0870	0.1034
COG5267	S	Uncharacterized conserved protein, DUF1800 family	0.0017	0.0010	0.0017	0	5	0	0/5	0.0006	0.0010	0.0004	0.0049	0.0014
COG5268	U	Type IV secretory pathway, TrbD component	0.0019	0.0014	0.0007	0	5	0	0/5	0.0018	0.0014	0.0014	0.0033	0.0014
COG5271	J	Midasin, AAA ATPase with  vWA domain, involved in ribosome maturation	0.0140	0.0091	0.0158	0	5	0	0/5	0.0022	0.0091	0.0018	0.0445	0.0123
COG5272	O	Ubiquitin	0.0215	0.0143	0.0116	0	5	0	0/5	0.0124	0.0143	0.0097	0.0370	0.0343
COG5273			0.0015	0.0012	0.0014	0	5	0	0/5	0.0003	0.0012	0.0003	0.0042	0.0017
COG5274	CI	Cytochrome b involved in lipid metabolism	0.0078	0.0068	0.0073	0	5	0	0/5	0.0019	0.0068	0.0014	0.0216	0.0072
COG5275	R	BRCT domain type II	0.0048	0.0048	0.0042	0	5	0	0/5	0.0011	0.0048	0.0007	0.0124	0.0052
COG5276	S	Uncharacterized secreted protein, contains LVIVD repeats, choice-of-anchor domain	0.1528	0.0854	0.1878	1	5	0	1/5	0.0175	0.0854	0.0174	0.5193	0.1244
COG5277	Z	Actin-related protein	0.2310	0.1851	0.2040	0	5	0	0/5	0.0166	0.1851	0.0162	0.4452	0.4919
COG5278	T	Extracytoplasmic sensor domain CHASE3 (specificity unknown)	0.0075	0.0033	0.0091	0	5	0	0/5	0.0010	0.0033	0.0006	0.0250	0.0076
COG5279	D	Cytokinesis protein 3, contains TGc (transglutaminase/protease-like) domain	0.0044	0.0049	0.0011	0	5	0	0/5	0.0057	0.0042	0.0049	0.0049	0.0024
COG5280	X	Phage-related minor tail protein	0.0037	0.0032	0.0012	0	5	0	0/5	0.0041	0.0024	0.0032	0.0059	0.0028
COG5281	X	Phage-related minor tail protein	0.0007	0.0007	0.0001	0	5	0	0/5	0.0008	0.0007	0.0007	0.0009	0.0005
COG5282	O	Zn-dependent metallopeptidase, zincin/DUF2342 superfamily	0.1064	0.0223	0.1637	0	5	0	0/5	0.0128	0.0223	0.0088	0.4321	0.0560
COG5283	X	Phage-related tail protein	0.0078	0.0094	0.0033	0	5	0	0/5	0.0118	0.0037	0.0101	0.0094	0.0040
COG5285	Q	Ectoine hydroxylase-related dioxygenase, phytanoyl-CoA dioxygenase (PhyH) family	0.0012	0.0006	0.0017	0	5	0	0/5	0.0006	0.0001	0.0007	0.0045	0.0002
COG5290			0.0007	0.0005	0.0007	0	5	0	0/5	0.0003	0.0005	0.0002	0.0020	0.0005
COG5291			0.0010	0.0001	0.0017	0	5	0	0/5	0.0000	0.0001	0.0000	0.0043	0.0005
COG5293	S	Uncharacterized conserved protein YydD, contains DUF2326 domain	0.0258	0.0102	0.0324	0	5	0	0/5	0.0102	0.0136	0.0050	0.0903	0.0099
COG5294	S	Uncharacterized conserved protein YxeA, DUF1093 family	0.0006	0.0006	0.0004	0	5	0	0/5	0.0002	0.0006	0.0002	0.0012	0.0006
COG5295	UW	Autotransporter adhesin	0.0099	0.0066	0.0068	0	5	0	0/5	0.0084	0.0066	0.0049	0.0233	0.0062
COG5296			0.0008	0.0006	0.0007	0	5	0	0/5	0.0001	0.0006	0.0001	0.0019	0.0012
COG5297	G	Cellulase/cellobiase CelA1	0.0089	0.0094	0.0038	0	5	0	0/5	0.0123	0.0051	0.0094	0.0138	0.0041
COG5298	R	Predicted metal-dependent carbohydrate esterase YdaL, contains NodB-like catalytic (CE4) domain	0.0183	0.0077	0.0257	0	5	0	0/5	0.0030	0.0077	0.0022	0.0694	0.0091
COG5301	X	Phage-related tail fiber protein	0.0021	0.0026	0.0008	0	5	0	0/5	0.0028	0.0011	0.0026	0.0028	0.0011
COG5302	X	Post-segregation antitoxin (ccd killing mechanism protein) encoded by the F plasmid	0.0023	0.0017	0.0019	0	5	0	0/5	0.0006	0.0017	0.0006	0.0058	0.0028
COG5304	K	Predicted DNA binding protein, CopG/RHH family	0.0714	0.0419	0.0868	0	5	0	0/5	0.0020	0.0419	0.0016	0.2361	0.0755
COG5305	R	Uncharacterized membrane protein PF0508, contains N-terminal glycosyltransferase domain of PMT family	0.1081	0.0760	0.0886	0	5	0	0/5	0.0760	0.1465	0.0078	0.2607	0.0496
COG5306	R	Uncharacterized conserved protein MJ1470, contains DUF2341 domain, predicted component of type IV pili-like system	0.6363	0.8194	0.3551	3	5	1	3/5	0.2984	0.9574	0.1254	0.9808	0.8194
COG5307	R	Guanine-nucleotide exchange factor YEL1, contains Sec7 domain	0.0005	0.0006	0.0005	0	5	0	0/5	0.0000	0.0006	0.0000	0.0012	0.0007
COG5308			0.0020	0.0003	0.0034	0	5	0	0/5	0.0000	0.0003	0.0000	0.0087	0.0010
COG5309	G	Exo-beta-1,3-glucanase,  GH17 family	0.0213	0.0073	0.0324	0	5	0	0/5	0.0016	0.0073	0.0013	0.0856	0.0106
COG5310	Q	Homospermidine synthase	0.0936	0.1214	0.0708	0	5	0	0/5	0.0136	0.1297	0.0108	0.1924	0.1214
COG5314	X	Conjugal transfer/entry exclusion protein	0.0024	0.0027	0.0007	0	5	0	0/5	0.0027	0.0015	0.0029	0.0031	0.0017
COG5316	S	Uncharacterized protein, contains DUF4139 domain	0.4411	0.4507	0.2876	2	5	0	2/5	0.1970	0.4507	0.0522	0.8174	0.6882
COG5317	S	Uncharacterized conserved protein, DUF1465 domain	0.0058	0.0035	0.0057	0	5	0	0/5	0.0008	0.0035	0.0008	0.0161	0.0077
COG5319	S	Uncharacterized conserved protein, DUF1178 domain	0.0347	0.0306	0.0238	0	5	0	0/5	0.0167	0.0306	0.0114	0.0788	0.0358
COG5321	S	Uncharacterized conserved protein	0.0116	0.0048	0.0139	0	5	0	0/5	0.0048	0.0039	0.0036	0.0392	0.0063
COG5322	R	Predicted amino acid dehydrogenase	0.0471	0.0247	0.0499	0	5	0	0/5	0.0140	0.0247	0.0083	0.1438	0.0448
COG5323	X	Phage large terminase packaging protein	0.0101	0.0082	0.0066	0	5	0	0/5	0.0047	0.0082	0.0033	0.0216	0.0125
COG5324	J	tRNA splicing ligase	0.0049	0.0021	0.0066	0	5	0	0/5	0.0003	0.0021	0.0003	0.0179	0.0040
COG5328	S	Uncharacterized conserved protein, UPF0262 family	0.0087	0.0045	0.0091	0	5	0	0/5	0.0015	0.0045	0.0013	0.0257	0.0104
COG5329			0.0020	0.0013	0.0021	0	5	0	0/5	0.0002	0.0013	0.0002	0.0058	0.0024
COG5330	S	Uncharacterized conserved protein, DUF2336 family	0.0028	0.0022	0.0013	0	5	0	0/5	0.0018	0.0022	0.0015	0.0052	0.0032
COG5331	S	Uncharacterized conserved protein	0.0004	0.0005	0.0002	0	5	0	0/5	0.0002	0.0005	0.0003	0.0007	0.0005
COG5333			0.0031	0.0006	0.0050	0	5	0	0/5	0.0000	0.0006	0.0000	0.0131	0.0018
COG5336	C	FoF1-type ATP synthase AtpZ/Atp1/AtpQ subunit, putative Ca2+/Mg2+ transporter	0.0045	0.0034	0.0039	0	5	0	0/5	0.0012	0.0038	0.0019	0.0120	0.0034
COG5337	M	Spore coat protein CotH	0.0061	0.0058	0.0023	0	5	0	0/5	0.0071	0.0058	0.0051	0.0096	0.0027
COG5338	S	Uncharacterized conserved protein	0.0053	0.0035	0.0027	0	5	0	0/5	0.0035	0.0034	0.0032	0.0102	0.0061
COG5339	S	Uncharacterized conserved protein YdgA, DUF945 family	0.0011	0.0008	0.0004	0	5	0	0/5	0.0008	0.0008	0.0007	0.0019	0.0012
COG5340	V	Abortive phage infection protein AbiEi, antitoxin conponent of an AbiEi-AbiEii TA system	0.5995	0.6616	0.1275	4	5	1	4/5	0.6967	0.6616	0.3516	0.6078	0.6796
COG5341	S	Uncharacterized conserved protein	0.0011	0.0014	0.0003	0	5	0	0/5	0.0014	0.0014	0.0014	0.0008	0.0006
COG5342	R	Invasion protein IalB, involved in pathogenesis	0.0007	0.0004	0.0004	0	5	0	0/5	0.0012	0.0004	0.0012	0.0003	0.0004
COG5343	T	Anti-sigma-K factor RskA	0.0038	0.0013	0.0054	0	5	0	0/5	0.0007	0.0013	0.0008	0.0146	0.0018
COG5345	S	Uncharacterized conserved protein, DUF2333 domain	0.0116	0.0056	0.0148	0	5	0	0/5	0.0019	0.0056	0.0013	0.0408	0.0084
COG5346	S	Uncharacterized membrane protein	0.0027	0.0017	0.0026	0	5	0	0/5	0.0009	0.0017	0.0005	0.0078	0.0026
COG5347			0.0028	0.0015	0.0035	0	5	0	0/5	0.0001	0.0015	0.0001	0.0096	0.0026
COG5349	S	Uncharacterized conserved protein, DUF983 family	0.0062	0.0034	0.0069	0	5	0	0/5	0.0011	0.0034	0.0016	0.0197	0.0052
COG5350	R	Predicted protein tyrosine phosphatase	0.0159	0.0089	0.0135	0	5	0	0/5	0.0089	0.0082	0.0054	0.0423	0.0145
COG5351	S	Uncharacterized conserved protein, DUF2169 domain	0.0021	0.0012	0.0021	0	5	0	0/5	0.0008	0.0012	0.0007	0.0062	0.0014
COG5352	S	Uncharacterized conserved protein	0.0016	0.0016	0.0004	0	5	0	0/5	0.0014	0.0022	0.0016	0.0010	0.0019
COG5353	S	Uncharacterized conserved protein YpmB, contains C-terminal PepSY domain	0.0088	0.0018	0.0137	0	5	0	0/5	0.0000	0.0018	0.0000	0.0359	0.0064
COG5354			0.0130	0.0047	0.0195	0	5	0	0/5	0.0006	0.0047	0.0004	0.0517	0.0077
COG5360	R	Uncharacterized conserved protein, heparinase superfamily	0.0211	0.0107	0.0236	0	5	0	0/5	0.0113	0.0064	0.0090	0.0682	0.0107
COG5361	X	Uncharacterized conserved protein	0.0604	0.0099	0.0744	0	5	0	0/5	0.0093	0.0099	0.0067	0.1997	0.0762
COG5362	X	Phage terminase large subunit	0.0457	0.0332	0.0475	0	5	0	0/5	0.0079	0.0413	0.0093	0.1370	0.0332
COG5368	G	Endo-beta-1,2-glucanase, glucoamylase superfamily	0.0068	0.0066	0.0016	0	5	0	0/5	0.0062	0.0074	0.0046	0.0094	0.0066
COG5371	F	Nucleoside diphosphatase, GDA1/CD39 family	0.0007	0.0006	0.0006	0	5	0	0/5	0.0002	0.0006	0.0002	0.0018	0.0009
COG5373	S	Uncharacterized membrane protein	0.0006	0.0007	0.0002	0	5	0	0/5	0.0007	0.0004	0.0009	0.0008	0.0003
COG5375	S	Uncharacterized conserved protein	0.0070	0.0066	0.0049	0	5	0	0/5	0.0017	0.0066	0.0018	0.0142	0.0108
COG5377	X	Phage-related protein, predicted endonuclease	0.0016	0.0020	0.0008	0	5	0	0/5	0.0022	0.0007	0.0026	0.0020	0.0007
COG5378	R	Predicted nucleic acid-binding protein, contains PIN domain	0.7523	0.9595	0.2839	4	5	1	4/5	0.5331	0.9803	0.3002	0.9884	0.9595
COG5379	I	S-adenosylmethionine:diacylglycerol 3-amino-3-carboxypropyl transferase	0.0013	0.0010	0.0006	0	5	0	0/5	0.0008	0.0010	0.0008	0.0024	0.0014
COG5380	O	Lipase chaperone LimK	0.0036	0.0027	0.0018	0	5	0	0/5	0.0021	0.0040	0.0022	0.0069	0.0027
COG5381	S	Uncharacterized conserved protein	0.0038	0.0025	0.0041	0	5	0	0/5	0.0010	0.0025	0.0006	0.0119	0.0031
COG5383	R	Uncharacterized metalloenzyme YdcJ, glyoxalase superfamily	0.0005	0.0003	0.0004	0	5	0	0/5	0.0003	0.0003	0.0002	0.0013	0.0006
COG5384			0.0021	0.0022	0.0016	0	5	0	0/5	0.0005	0.0022	0.0004	0.0048	0.0025
COG5385	T	Histidine phosphotransfer protein ChpT, HPt domain	0.0069	0.0045	0.0069	0	5	0	0/5	0.0006	0.0045	0.0006	0.0191	0.0095
COG5386	P	Heme-binding NEAT domain	0.0061	0.0034	0.0070	0	5	0	0/5	0.0013	0.0034	0.0008	0.0198	0.0051
COG5387	O	Mitochondrial FoF1-type ATP synthase assembly chaperone ATP12	0.0083	0.0046	0.0091	0	5	0	0/5	0.0007	0.0046	0.0007	0.0249	0.0107
COG5388	S	Uncharacterized conserved protein	0.0057	0.0030	0.0068	0	5	0	0/5	0.0004	0.0030	0.0003	0.0186	0.0064
COG5389	S	Uncharacterized conserved protein, DUF721 domain	0.0029	0.0031	0.0009	0	5	0	0/5	0.0018	0.0038	0.0019	0.0037	0.0031
COG5391			0.0021	0.0004	0.0035	0	5	0	0/5	0.0000	0.0004	0.0000	0.0091	0.0012
COG5393	S	Uncharacterized membrane protein YqjE	0.0129	0.0094	0.0094	0	5	0	0/5	0.0045	0.0094	0.0044	0.0294	0.0167
COG5394	QT	Polyhydroxyalkanoate (PHA) synthesis regulator protein, binds DNA and PHA	0.0037	0.0017	0.0038	0	5	0	0/5	0.0017	0.0014	0.0013	0.0112	0.0027
COG5395	S	Uncharacterized membrane protein	0.0043	0.0005	0.0076	0	5	0	0/5	0.0003	0.0005	0.0002	0.0194	0.0011
COG5397	S	Uncharacterized conserved protein	0.0072	0.0056	0.0065	0	5	0	0/5	0.0020	0.0056	0.0017	0.0195	0.0074
COG5398	H	Heme oxygenase	0.0115	0.0056	0.0149	0	5	0	0/5	0.0020	0.0056	0.0017	0.0410	0.0070
COG5399	S	Uncharacterized conserved protein, DUF2286 domain	0.1605	0.0967	0.1593	0	5	0	0/5	0.0051	0.0967	0.0065	0.3988	0.2955
COG5400	S	Uncharacterized conserved protein	0.0076	0.0060	0.0054	0	5	0	0/5	0.0035	0.0060	0.0020	0.0172	0.0095
COG5401	D	Spore germination protein GerM	0.0145	0.0053	0.0176	0	5	0	0/5	0.0048	0.0053	0.0029	0.0493	0.0104
COG5402	S	Uncharacterized protein, contains DUF1214 domain	0.0039	0.0033	0.0017	0	5	0	0/5	0.0024	0.0033	0.0022	0.0066	0.0049
COG5403	S	Uncharacterized conserved protein, DUF937 domain	0.0094	0.0072	0.0077	0	5	0	0/5	0.0033	0.0072	0.0015	0.0229	0.0119
COG5404	D	Cell division inhibitor SulA, prevents FtsZ ring assembly	0.0023	0.0012	0.0025	0	5	0	0/5	0.0001	0.0012	0.0001	0.0067	0.0033
COG5405	O	ATP-dependent protease HslVU (ClpYQ), peptidase subunit	0.0014	0.0014	0.0007	0	5	0	0/5	0.0008	0.0007	0.0016	0.0026	0.0014
COG5406			0.0014	0.0003	0.0022	0	5	0	0/5	0.0000	0.0003	0.0000	0.0058	0.0008
COG5407	U	Preprotein translocase subunit Sec63	0.0078	0.0023	0.0118	0	5	0	0/5	0.0001	0.0023	0.0001	0.0312	0.0055
COG5409			0.0005	0.0001	0.0009	0	5	0	0/5	0.0000	0.0001	0.0000	0.0023	0.0003
COG5410	S	Uncharacterized conserved protein	0.0890	0.0517	0.0742	0	5	0	0/5	0.0455	0.0517	0.0502	0.2370	0.0606
COG5411			0.0005	0.0003	0.0006	0	5	0	0/5	0.0000	0.0003	0.0000	0.0017	0.0006
COG5412	X	Phage-related protein	0.0043	0.0028	0.0025	0	5	0	0/5	0.0027	0.0028	0.0026	0.0092	0.0040
COG5413	S	Uncharacterized integral membrane protein	0.0085	0.0090	0.0066	0	5	0	0/5	0.0015	0.0109	0.0016	0.0193	0.0090
COG5414			0.0057	0.0027	0.0076	0	5	0	0/5	0.0006	0.0027	0.0004	0.0207	0.0042
COG5416	S	Uncharacterized integral membrane protein YrvD	0.0147	0.0089	0.0116	0	5	0	0/5	0.0071	0.0089	0.0084	0.0377	0.0113
COG5417	U	ESX protein secretion system component YukD	0.0014	0.0004	0.0021	0	5	0	0/5	0.0000	0.0004	0.0000	0.0056	0.0012
COG5418	S	Predicted secreted protein	0.6420	0.5743	0.2203	3	5	1	3/5	0.4750	0.9160	0.3632	0.8815	0.5743
COG5419	S	Uncharacterized conserved protein, DUF2285 domain	0.0023	0.0017	0.0019	0	5	0	0/5	0.0007	0.0017	0.0005	0.0058	0.0028
COG5420	S	Uncharacterized protein, UPF0437 family	0.0202	0.0091	0.0274	0	5	0	0/5	0.0035	0.0091	0.0019	0.0745	0.0122
COG5421	X	Transposase	0.4791	0.5782	0.3462	3	5	0	3/5	0.0977	0.5782	0.0673	0.9553	0.6970
COG5422			0.0017	0.0015	0.0016	0	5	0	0/5	0.0003	0.0015	0.0002	0.0046	0.0017
COG5423	S	Predicted metal-binding protein	0.8645	0.9396	0.1460	5	5	1	5/5	0.8204	0.9396	0.5978	0.9868	0.9778
COG5424	H	Pyrroloquinoline quinone (PQQ) biosynthesis protein C	0.0188	0.0129	0.0206	0	5	0	0/5	0.0060	0.0025	0.0134	0.0592	0.0129
COG5425	S	Usg protein (tryptophan operon, function unknown)	0.0083	0.0041	0.0102	0	5	0	0/5	0.0008	0.0041	0.0011	0.0282	0.0072
COG5426	R	Uncharacterized protein STM3548, contains class I glutamine amidotransferase domain	0.0209	0.0145	0.0163	0	5	0	0/5	0.0156	0.0073	0.0141	0.0530	0.0145
COG5427	S	Predicted membrane glycosyltransferase AF0583, Arch_YYY/DUF2298 family	0.6886	0.8731	0.3154	3	5	1	3/5	0.2759	0.9824	0.3360	0.9758	0.8731
COG5428	V	Predicted antitoxin component YuzE of a toxin-antitoxin system, DUF2283 family	0.7683	0.9888	0.2788	4	5	1	4/5	0.5229	0.9888	0.3449	0.9947	0.9902
COG5429	S	Uncharacterized conserved protein, DUF1223 domain	0.0015	0.0011	0.0012	0	5	0	0/5	0.0008	0.0011	0.0004	0.0038	0.0016
COG5430	W	Fimbrial subunit ScuA/B, ScuA/B/SCPU domain	0.0034	0.0026	0.0029	0	5	0	0/5	0.0011	0.0026	0.0010	0.0088	0.0037
COG5431	R	Predicted nucleic acid-binding protein, contains SWIM-type Zn-finger domain	0.6520	0.8401	0.3163	3	5	1	3/5	0.2507	0.9082	0.2861	0.8401	0.9748
COG5433	X	Predicted transposase YbfD/YdcC associated with H repeats	0.0102	0.0037	0.0139	0	5	0	0/5	0.0031	0.0038	0.0025	0.0381	0.0037
COG5434	G	Polygalacturonase	0.0217	0.0121	0.0266	0	5	0	0/5	0.0741	0.0032	0.0121	0.0153	0.0039
COG5435	S	Uncharacterized conserved protein	0.0084	0.0047	0.0086	0	5	0	0/5	0.0028	0.0047	0.0021	0.0252	0.0071
COG5436	S	Uncharacterized membrane protein	0.0057	0.0048	0.0025	0	5	0	0/5	0.0034	0.0048	0.0031	0.0094	0.0076
COG5437	X	Phage tail protein, TP901-1 family	0.0042	0.0033	0.0022	0	5	0	0/5	0.0033	0.0024	0.0022	0.0082	0.0048
COG5438	S	Uncharacterized membrane protein	0.0094	0.0023	0.0142	0	5	0	0/5	0.0019	0.0023	0.0012	0.0377	0.0041
COG5439	R	STAS domain	0.0043	0.0031	0.0043	0	5	0	0/5	0.0012	0.0031	0.0007	0.0125	0.0038
COG5440	T	Global stress regulator YbjN, DUF2299 family	0.5213	0.5854	0.3540	3	5	1	3/5	0.1330	0.5854	0.0901	0.8881	0.9100
COG5441	V	ATP-binding helicase-inhibiting domain, Tm-1/UPF0261 family	0.2231	0.0416	0.2600	1	5	0	1/5	0.0389	0.0416	0.0228	0.6944	0.3177
COG5442	N	Flagellar biosynthesis regulator FlaF	0.0067	0.0050	0.0050	0	5	0	0/5	0.0029	0.0050	0.0022	0.0161	0.0071
COG5443	N	Flagellar biosynthesis regulator FlbT	0.0086	0.0064	0.0068	0	5	0	0/5	0.0036	0.0064	0.0027	0.0216	0.0088
COG5444	V	Predicted ribonuclease, toxin component of the YeeF-YezG toxin-antitoxin module	0.0005	0.0005	0.0001	0	5	0	0/5	0.0006	0.0005	0.0004	0.0007	0.0005
COG5445	S	Uncharacterized conserved protein YfaQ, DUF2300 domain	0.0009	0.0008	0.0007	0	5	0	0/5	0.0002	0.0008	0.0002	0.0022	0.0010
COG5446	P	Putative cobalt transporter membrane subunit CbtA	0.0155	0.0068	0.0222	0	5	0	0/5	0.0018	0.0068	0.0006	0.0595	0.0088
COG5447	S	Uncharacterized conserved protein, DUF1491 domain	0.0104	0.0051	0.0117	0	5	0	0/5	0.0004	0.0051	0.0004	0.0312	0.0148
COG5448	S	Uncharacterized conserved protein, DUF2460 domain	0.0065	0.0072	0.0030	0	5	0	0/5	0.0038	0.0072	0.0027	0.0112	0.0076
COG5449	S	Uncharacterized conserved protein, DUF2163 domain	0.0041	0.0029	0.0024	0	5	0	0/5	0.0029	0.0028	0.0019	0.0087	0.0040
COG5450	K	Transcription regulator of the Arc/MetJ class	0.0225	0.0178	0.0180	0	5	0	0/5	0.0109	0.0178	0.0057	0.0569	0.0211
COG5451	S	Predicted secreted protein	0.0040	0.0033	0.0033	0	5	0	0/5	0.0010	0.0033	0.0007	0.0098	0.0050
COG5452	S	Uncharacterized conserved protein	0.0053	0.0028	0.0057	0	5	0	0/5	0.0004	0.0028	0.0005	0.0156	0.0071
COG5453	S	Uncharacterized conserved protein	0.0099	0.0027	0.0141	0	5	0	0/5	0.0008	0.0027	0.0005	0.0375	0.0080
COG5454	S	Predicted secreted protein	0.0061	0.0035	0.0067	0	5	0	0/5	0.0004	0.0035	0.0004	0.0184	0.0079
COG5455	P	Periplasmic regulator RcnB of Ni and Co efflux	0.0037	0.0023	0.0020	0	5	0	0/5	0.0023	0.0022	0.0021	0.0072	0.0048
COG5456	P	Nitrogen fixation protein FixH	0.0102	0.0051	0.0117	0	5	0	0/5	0.0018	0.0051	0.0011	0.0327	0.0104
COG5457	S	Uncharacterized conserved protein YjiS, DUF1127 family	0.0053	0.0022	0.0068	0	5	0	0/5	0.0007	0.0022	0.0009	0.0187	0.0040
COG5458	S	Uncharacterized conserved protein, DUF1489 domain	0.0079	0.0033	0.0095	0	5	0	0/5	0.0003	0.0033	0.0003	0.0255	0.0100
COG5459	J	Ribosomal protein RSM22 (predicted mitochondrial rRNA methylase)	0.0306	0.0238	0.0300	0	5	0	0/5	0.0033	0.0238	0.0033	0.0846	0.0382
COG5460	S	Uncharacterized conserved protein, DUF2164 family	0.0151	0.0037	0.0242	0	5	0	0/5	0.0021	0.0037	0.0019	0.0635	0.0042
COG5461	W	Type IV pilus biogenesis protein CpaD/CtpE	0.0055	0.0030	0.0063	0	5	0	0/5	0.0005	0.0030	0.0004	0.0174	0.0062
COG5462	S	Predicted secreted (periplasmic) protein	0.0064	0.0042	0.0063	0	5	0	0/5	0.0003	0.0042	0.0004	0.0169	0.0100
COG5463	S	Uncharacterized conserved protein YgiB, UPF0441/DUF1190 family, involved in bioifilm formation	0.0022	0.0019	0.0013	0	5	0	0/5	0.0009	0.0019	0.0010	0.0045	0.0025
COG5464	L	Recombination-promoting DNA endonuclease RpnC/YadD	0.0319	0.0126	0.0426	0	5	0	0/5	0.0187	0.0126	0.0087	0.1165	0.0032
COG5465	R	Uncharacterized conserved protein YbjN, helps stabilize unstable proteins	0.0116	0.0045	0.0149	0	5	0	0/5	0.0042	0.0050	0.0028	0.0414	0.0045
COG5466	S	Predicted small metal-binding protein	0.2571	0.2156	0.2879	1	5	0	1/5	0.0111	0.2522	0.0101	0.7967	0.2156
COG5467	S	Uncharacterized conserved protein, DUF1476 domain	0.0038	0.0030	0.0030	0	5	0	0/5	0.0010	0.0030	0.0012	0.0093	0.0046
COG5468	S	Predicted lipoprotein involved in lipopolysaccharide assembly	0.0102	0.0065	0.0111	0	5	0	0/5	0.0008	0.0065	0.0008	0.0306	0.0124
COG5469	S	Predicted metal-binding protein	0.0052	0.0024	0.0058	0	5	0	0/5	0.0013	0.0024	0.0006	0.0164	0.0053
COG5470	S	Uncharacterized conserved protein, DUF1330 family	0.0275	0.0035	0.0364	0	5	0	0/5	0.0027	0.0035	0.0031	0.0969	0.0311
COG5471	X	Predicted phage recombinase, RecA/RadA family	0.0017	0.0012	0.0011	0	5	0	0/5	0.0012	0.0011	0.0009	0.0038	0.0016
COG5472	S	Predicted small integral membrane protein	0.0011	0.0003	0.0014	0	5	0	0/5	0.0002	0.0003	0.0002	0.0039	0.0008
COG5473	S	Uncharacterized membrane protein	0.0068	0.0039	0.0057	0	5	0	0/5	0.0039	0.0034	0.0033	0.0181	0.0052
COG5474	C	NAD(P)H dehydrogenase cyanobacteria/chloroplast-specific assembly factor CRR6	0.0083	0.0043	0.0099	0	5	0	0/5	0.0016	0.0043	0.0010	0.0277	0.0069
COG5475	S	Uncharacterized conserved protein YodC, DUF2158 family	0.0034	0.0014	0.0042	0	5	0	0/5	0.0007	0.0014	0.0005	0.0116	0.0030
COG5476	R	Microcystin degradation protein MlrC, contains DUF1485 domain	0.1124	0.0430	0.1394	0	5	0	0/5	0.0124	0.0430	0.0127	0.3816	0.1121
COG5477	S	Predicted small integral membrane protein	0.0056	0.0026	0.0057	0	5	0	0/5	0.0023	0.0026	0.0015	0.0167	0.0050
COG5478	P	Low affinity Fe/Cu permease	0.0021	0.0020	0.0017	0	5	0	0/5	0.0004	0.0020	0.0005	0.0050	0.0027
COG5479	M	LGFP repeat-containing protein, may be involved in cell wall binding	0.0151	0.0046	0.0196	0	5	0	0/5	0.0046	0.0046	0.0029	0.0541	0.0092
COG5480	S	Uncharacterized membrane protein	0.0054	0.0032	0.0052	0	5	0	0/5	0.0019	0.0032	0.0016	0.0155	0.0046
COG5481	S	Uncharacterized conserved protein, DUF465 domain	0.0066	0.0041	0.0058	0	5	0	0/5	0.0013	0.0041	0.0015	0.0167	0.0095
COG5482	S	Uncharacterized conserved protein, DUF2161 domain	0.0013	0.0008	0.0010	0	5	0	0/5	0.0008	0.0006	0.0006	0.0032	0.0013
COG5483	S	Uncharacterized conserved protein, DUF488 family	0.8171	0.9615	0.2064	4	5	1	4/5	0.4781	0.9615	0.6748	0.9971	0.9740
COG5484	S	Uncharacterized conserved protein YjcR, contains N-terminal HTH domain	0.0006	0.0006	0.0004	0	5	0	0/5	0.0003	0.0006	0.0002	0.0014	0.0006
COG5485	R	Predicted ester cyclase	0.2902	0.1532	0.2821	2	5	0	2/5	0.0330	0.1532	0.0225	0.7270	0.5151
COG5486	S	Predicted metal-binding membrane protein	0.0992	0.0505	0.1088	0	5	0	0/5	0.0056	0.0505	0.0083	0.2953	0.1361
COG5487	S	Uncharacterized membrane protein YtjA, UPF0391 family	0.0028	0.0013	0.0030	0	5	0	0/5	0.0013	0.0013	0.0009	0.0088	0.0019
COG5488	S	Uncharacterized membrane protein	0.0090	0.0044	0.0091	0	5	0	0/5	0.0022	0.0044	0.0020	0.0262	0.0104
COG5489	S	Uncharacterized conserved protein, DUF736 family	0.0028	0.0017	0.0025	0	5	0	0/5	0.0011	0.0017	0.0009	0.0077	0.0026
COG5490	S	Predicted polyhydroxyalkanoate (PHA)-binding protein, phasin family	0.0025	0.0022	0.0007	0	5	0	0/5	0.0022	0.0019	0.0023	0.0039	0.0020
COG5491	D	Archaeal cell division protein CdvB, Snf7/Vps24/ESCRT-III family	0.2393	0.1070	0.2155	1	5	0	1/5	0.0503	0.1070	0.1029	0.3014	0.6349
COG5492	R	Uncharacterized conserved protein YjdB, contains Ig-like domain	0.0049	0.0021	0.0046	0	5	0	0/5	0.0110	0.0010	0.0100	0.0021	0.0005
COG5493	R	Uncharacterized protein, contains PD-(D/E)XK nuclease domain	0.6075	0.8242	0.3251	3	5	1	3/5	0.2147	0.8922	0.2066	0.9000	0.8242
COG5494	O	Predicted thioredoxin/glutaredoxin	0.1016	0.0148	0.1254	0	5	0	0/5	0.0008	0.0148	0.0009	0.3138	0.1779
COG5495	R	Predicted oxidoreductase, contains short-chain dehydrogenase (SDR) and DUF2520 domains	0.0222	0.0066	0.0319	0	5	0	0/5	0.0025	0.0066	0.0039	0.0857	0.0122
COG5496	R	Predicted thioesterase	0.2749	0.1924	0.2710	1	5	0	1/5	0.0603	0.1924	0.0405	0.7838	0.2977
COG5497	S	Predicted secreted protein	0.0038	0.0030	0.0030	0	5	0	0/5	0.0014	0.0030	0.0013	0.0095	0.0037
COG5498	G	Endoglucanase Acf2	0.0046	0.0023	0.0051	0	5	0	0/5	0.0016	0.0023	0.0010	0.0146	0.0033
COG5499	V	Antitoxin component HigA of the HigAB toxin-antitoxin module, contains an N-terminal HTH domain	0.0040	0.0027	0.0033	0	5	0	0/5	0.0022	0.0027	0.0014	0.0104	0.0033
COG5500	S	Uncharacterized membrane protein	0.0122	0.0016	0.0208	0	5	0	0/5	0.0012	0.0016	0.0007	0.0538	0.0036
COG5501	S	Sulfur oxidation protein SoxY	0.0148	0.0073	0.0195	0	5	0	0/5	0.0024	0.0073	0.0015	0.0533	0.0095
COG5502	S	Uncharacterized conserved protein, DUF2267 family	0.2154	0.0582	0.3173	1	5	0	1/5	0.0107	0.0582	0.0120	0.8413	0.1546
COG5503	KV	DNA-dependent RNA polymerase auxiliary subunit epsilon	0.0043	0.0011	0.0060	0	5	0	0/5	0.0000	0.0011	0.0000	0.0158	0.0045
COG5504	R	Predicted Zn-dependent protease YjaZ, DUF2268 family	0.0222	0.0204	0.0199	0	5	0	0/5	0.0056	0.0210	0.0044	0.0595	0.0204
COG5505	S	Uncharacterized membrane protein YjcL	0.0013	0.0006	0.0014	0	5	0	0/5	0.0005	0.0006	0.0005	0.0042	0.0008
COG5506	S	Uncharacterized conserved protein YueI, DUF2278 family	0.0086	0.0024	0.0126	0	5	0	0/5	0.0004	0.0024	0.0003	0.0334	0.0066
COG5507	S	Uncharacterized conserved protein YbaA, DUF1428 family	0.0426	0.0043	0.0762	0	5	0	0/5	0.0038	0.0043	0.0038	0.1949	0.0062
COG5508	S	Uncharacterized conserved protein, DUF1674 domain	0.0123	0.0073	0.0128	0	5	0	0/5	0.0013	0.0073	0.0007	0.0350	0.0172
COG5509	S	Uncharacterized small protein, DUF1192 family	0.0057	0.0023	0.0074	0	5	0	0/5	0.0002	0.0023	0.0003	0.0199	0.0060
COG5510	S	Predicted small secreted protein	0.0030	0.0021	0.0019	0	5	0	0/5	0.0016	0.0021	0.0010	0.0061	0.0042
COG5511	X	Phage capsid protein	0.0014	0.0011	0.0007	0	5	0	0/5	0.0013	0.0007	0.0009	0.0028	0.0011
COG5512	R	Predicted  nucleic acid-binding protein, contains Zn-ribbon domain (includes truncated derivatives)	0.0071	0.0041	0.0067	0	5	0	0/5	0.0030	0.0028	0.0041	0.0204	0.0054
COG5513	O	Chagasin-like inhibitor of cysteine peptidase, I42 family	0.2890	0.2878	0.2426	1	5	0	1/5	0.0479	0.3771	0.0370	0.6952	0.2878
COG5514	S	Uncharacterized conserved protein, DUF1794 domain	0.0020	0.0011	0.0019	0	5	0	0/5	0.0008	0.0011	0.0005	0.0057	0.0019
COG5515	S	Uncharacterized conserved protein, DUF1737 domain	0.0018	0.0015	0.0009	0	5	0	0/5	0.0010	0.0015	0.0009	0.0035	0.0020
COG5516	R	Uncharacterized conserved protein containing a Zn-ribbon-like motif, possibly RNA-binding	0.0216	0.0050	0.0298	0	5	0	0/5	0.0025	0.0050	0.0029	0.0801	0.0173
COG5517	Q	3-phenylpropionate/cinnamic acid dioxygenase, small subunit	0.0144	0.0061	0.0163	0	5	0	0/5	0.0061	0.0041	0.0047	0.0468	0.0104
COG5518	X	Phage capsid portal protein XkdE	0.1207	0.0302	0.1382	0	5	0	0/5	0.0185	0.0302	0.0113	0.3700	0.1736
COG5519	R	Predicted ATPase domain of Cch-like helicases, DUF927 family	0.0960	0.0183	0.1650	0	5	0	0/5	0.0088	0.0228	0.0045	0.4257	0.0183
COG5520	M	O-Glycosyl hydrolase	0.0236	0.0100	0.0282	0	5	0	0/5	0.0109	0.0080	0.0090	0.0799	0.0100
COG5521	G	Maltodextrin utilization protein YvdJ (function unknown)	0.0075	0.0032	0.0082	0	5	0	0/5	0.0012	0.0032	0.0011	0.0227	0.0092
COG5522	S	Uncharacterized membrane protein YwaF	0.0027	0.0005	0.0043	0	5	0	0/5	0.0002	0.0005	0.0002	0.0112	0.0013
COG5523	S	Uncharacterized membrane protein	0.0059	0.0051	0.0025	0	5	0	0/5	0.0042	0.0051	0.0054	0.0108	0.0041
COG5524	CT	Bacteriorhodopsin	0.0039	0.0040	0.0007	0	5	0	0/5	0.0040	0.0027	0.0046	0.0045	0.0039
COG5525	X	Phage terminase, large subunit GpA	0.0016	0.0015	0.0004	0	5	0	0/5	0.0020	0.0010	0.0015	0.0022	0.0013
COG5526	R	Lysozyme family protein	0.0066	0.0024	0.0093	0	5	0	0/5	0.0007	0.0024	0.0005	0.0249	0.0046
COG5527	X	Protein involved in initiation of plasmid replication	0.0021	0.0017	0.0014	0	5	0	0/5	0.0019	0.0012	0.0017	0.0049	0.0010
COG5528	S	Uncharacterized membrane protein	0.0020	0.0011	0.0018	0	5	0	0/5	0.0009	0.0011	0.0006	0.0054	0.0018
COG5529	X	Phage-encoded DNA-binding protein ECs1768, contains HTH and DnaT DNA-binding domains	0.0014	0.0012	0.0009	0	5	0	0/5	0.0007	0.0012	0.0005	0.0029	0.0018
COG5530	S	Uncharacterized membrane protein	0.0890	0.0195	0.1355	0	5	0	0/5	0.0094	0.0195	0.0093	0.3585	0.0482
COG5531	B	DNA-binding SWIB/MDM2 domain	0.0042	0.0038	0.0031	0	5	0	0/5	0.0007	0.0038	0.0013	0.0092	0.0060
COG5532	S	Uncharacterized conserved protein YfdQ, DUF2303 family	0.0013	0.0005	0.0016	0	5	0	0/5	0.0004	0.0005	0.0003	0.0045	0.0008
COG5533	O	Ubiquitin C-terminal hydrolase	0.0011	0.0010	0.0008	0	5	0	0/5	0.0003	0.0010	0.0003	0.0025	0.0013
COG5534	X	Plasmid replication initiator protein	0.0042	0.0027	0.0027	0	5	0	0/5	0.0027	0.0027	0.0023	0.0096	0.0037
COG5535			0.0013	0.0001	0.0023	0	5	0	0/5	0.0000	0.0001	0.0000	0.0059	0.0005
COG5536			0.0019	0.0003	0.0032	0	5	0	0/5	0.0000	0.0003	0.0000	0.0082	0.0011
COG5537			0.0017	0.0002	0.0029	0	5	0	0/5	0.0000	0.0002	0.0000	0.0074	0.0007
COG5539			0.0007	0.0006	0.0007	0	5	0	0/5	0.0000	0.0006	0.0000	0.0020	0.0008
COG5541			0.0028	0.0005	0.0045	0	5	0	0/5	0.0000	0.0005	0.0000	0.0117	0.0017
COG5542	G	Mannosyltransferase related to Gpi18	0.2009	0.1738	0.1823	1	5	0	1/5	0.0234	0.2652	0.0262	0.5161	0.1738
COG5544	S	Uncharacterized conserved protein YfiM, DUF2279 family	0.0134	0.0094	0.0140	0	5	0	0/5	0.0036	0.0105	0.0030	0.0407	0.0094
COG5545	X	Predicted P-loop ATPase and inactivated derivatives	0.0027	0.0014	0.0026	0	5	0	0/5	0.0014	0.0014	0.0014	0.0079	0.0016
COG5546	S	Uncharacterized membrane protein	0.0034	0.0032	0.0025	0	5	0	0/5	0.0009	0.0032	0.0007	0.0070	0.0054
COG5547	S	Uncharacterized membrane protein	0.0072	0.0056	0.0062	0	5	0	0/5	0.0020	0.0056	0.0013	0.0184	0.0089
COG5548	S	Uncharacterized membrane protein, UPF0136 family	0.0067	0.0039	0.0077	0	5	0	0/5	0.0005	0.0039	0.0004	0.0213	0.0072
COG5549	O	Predicted Zn-dependent protease	0.2011	0.1583	0.2046	1	5	0	1/5	0.0240	0.1583	0.0238	0.5811	0.2185
COG5550	O	Predicted aspartyl protease	0.6265	0.8493	0.3497	3	5	1	3/5	0.1854	0.9462	0.2153	0.8493	0.9362
COG5551	V	CRISPR/Cas system endoribonuclease Cas6, RAMP superfamily	0.7295	0.9757	0.3237	3	5	1	3/5	0.4283	0.9948	0.2500	0.9985	0.9757
COG5552	S	Uncharacterized conserved protein, DUF2277 domain	0.0121	0.0040	0.0163	0	5	0	0/5	0.0035	0.0040	0.0022	0.0447	0.0063
COG5553	R	Predicted metal-dependent enzyme of the double-stranded beta helix superfamily	0.0186	0.0104	0.0207	0	5	0	0/5	0.0040	0.0104	0.0031	0.0588	0.0167
COG5554	Q	Nitrogen fixation protein NifT	0.0096	0.0061	0.0110	0	5	0	0/5	0.0028	0.0061	0.0015	0.0312	0.0064
COG5555	U	Cytolysin, a secreted calcineurin-like phosphatase	0.0053	0.0051	0.0022	0	5	0	0/5	0.0037	0.0029	0.0051	0.0093	0.0055
COG5556	S	Uncharacterized conserved protein	0.0011	0.0006	0.0012	0	5	0	0/5	0.0001	0.0006	0.0000	0.0034	0.0013
COG5557	C	Ni/Fe-hydrogenase 2 integral membrane subunit HybB	0.5127	0.7197	0.3808	3	5	1	3/5	0.0754	0.7427	0.0448	0.9808	0.7197
COG5558	X	Transposase	0.2997	0.2415	0.2664	2	5	0	2/5	0.0279	0.2415	0.0225	0.6939	0.5127
COG5559	S	Uncharacterized conserved protein, DUF2281 domain	0.5584	0.7660	0.3549	3	5	1	3/5	0.1898	0.7660	0.0792	0.9688	0.7883
COG5560			0.0012	0.0016	0.0008	0	5	0	0/5	0.0003	0.0016	0.0003	0.0022	0.0018
COG5561	S	Predicted metal-binding protein, contains CGGC domain	0.6670	0.8917	0.3505	3	5	1	3/5	0.2503	0.9710	0.2291	0.9927	0.8917
COG5562	X	Prophage-encoded protein YbcV, DUF1398 family	0.0010	0.0005	0.0012	0	5	0	0/5	0.0002	0.0005	0.0002	0.0034	0.0007
COG5563	S	Uncharacterized conserved protein CPn0794, contains PKD-like HAF repeats	0.0888	0.0199	0.1047	0	5	0	0/5	0.0103	0.1341	0.0043	0.2752	0.0199
COG5564	S	Predicted TIM-barrel enzyme	0.1966	0.0736	0.2556	1	5	0	1/5	0.0221	0.0736	0.0147	0.6943	0.1783
COG5565	X	Phage terminase large (ATPase) subunit and inactivated derivatives	0.0010	0.0009	0.0002	0	5	0	0/5	0.0009	0.0013	0.0009	0.0009	0.0012
COG5566	KX	Transcriptional regulator, middle operon regulator (Mor) family	0.0006	0.0005	0.0003	0	5	0	0/5	0.0005	0.0004	0.0004	0.0012	0.0006
COG5567	S	Small periplasmic lipoprotein YifL (function unknown)	0.0062	0.0047	0.0054	0	5	0	0/5	0.0019	0.0047	0.0014	0.0162	0.0067
COG5568	S	Uncharacterized conserved protein, DUF1150 family	0.0085	0.0051	0.0091	0	5	0	0/5	0.0007	0.0051	0.0012	0.0253	0.0103
COG5569	P	Periplasmic Cu and Ag efflux protein CusF	0.0037	0.0027	0.0030	0	5	0	0/5	0.0016	0.0027	0.0012	0.0094	0.0038
COG5570	S	Uncharacterized conserved protein, DUF465 domain	0.0234	0.0096	0.0296	0	5	0	0/5	0.0011	0.0096	0.0009	0.0798	0.0255
COG5571	R	Uncharacterized conserved protein YhjY, contains autotransporter beta-barrel domain	0.0038	0.0033	0.0019	0	5	0	0/5	0.0022	0.0033	0.0018	0.0070	0.0046
COG5572	S	Uncharacterized membrane protein	0.0038	0.0027	0.0031	0	5	0	0/5	0.0012	0.0027	0.0009	0.0094	0.0047
COG5573	R	Predicted nucleic acid-binding protein, contains PIN domain	0.2648	0.2684	0.2073	1	5	0	1/5	0.0440	0.4161	0.0324	0.5633	0.2684
COG5574			0.0010	0.0002	0.0015	0	5	0	0/5	0.0000	0.0002	0.0000	0.0040	0.0006
COG5577	M	Spore coat protein CotF	0.0156	0.0084	0.0201	0	5	0	0/5	0.0024	0.0084	0.0020	0.0554	0.0100
COG5578	S	Uncharacterized membrane protein YesL	0.0010	0.0009	0.0002	0	5	0	0/5	0.0012	0.0009	0.0014	0.0008	0.0008
COG5579	S	Uncharacterized conserved protein, DUF1810 family	0.0122	0.0040	0.0169	0	5	0	0/5	0.0032	0.0040	0.0024	0.0460	0.0056
COG5580	O	Activator of HSP90 ATPase	0.0201	0.0171	0.0137	0	5	0	0/5	0.0058	0.0171	0.0099	0.0448	0.0230
COG5581	N	Cyclic di-GMP-binding flagellar brake protein FlgZ/YcgR, contains PilZNR(YcgR) and PilZ domains	0.0106	0.0048	0.0100	0	5	0	0/5	0.0042	0.0048	0.0036	0.0300	0.0106
COG5582	S	Uncharacterized conserved protein YpiB, UPF0302 family	0.0046	0.0011	0.0068	0	5	0	0/5	0.0002	0.0011	0.0002	0.0180	0.0035
COG5583	S	Uncharacterized conserved protein YezD	0.0037	0.0020	0.0033	0	5	0	0/5	0.0020	0.0019	0.0012	0.0101	0.0031
COG5584	S	Uncharacterized conserved protein YtzB	0.0023	0.0010	0.0028	0	5	0	0/5	0.0001	0.0010	0.0001	0.0075	0.0028
COG5585	X	Putative phage head morphogenesis protein, F of phage Mu or gp7 of SPP1	0.0011	0.0009	0.0008	0	5	0	0/5	0.0005	0.0010	0.0004	0.0025	0.0009
COG5586	S	Uncharacterized protein, contains DUF2293 domain	0.0166	0.0051	0.0230	0	5	0	0/5	0.0028	0.0051	0.0020	0.0621	0.0110
COG5587	S	Uncharacterized protein, contains DUF2461 domain	0.0035	0.0031	0.0016	0	5	0	0/5	0.0061	0.0016	0.0031	0.0044	0.0021
COG5588	S	Uncharacterized conserved protein, DUF1326 domain	0.0806	0.0205	0.0950	0	5	0	0/5	0.0085	0.0205	0.0136	0.2577	0.1029
COG5589	S	Uncharacterized conserved protein, DUF2390 domain	0.0024	0.0015	0.0020	0	5	0	0/5	0.0011	0.0015	0.0009	0.0063	0.0021
COG5590	H	Ubiquinone biosynthesis protein COQ9	0.0057	0.0038	0.0063	0	5	0	0/5	0.0002	0.0038	0.0003	0.0171	0.0073
COG5591	S	Uncharacterized conserved protein	0.0025	0.0017	0.0020	0	5	0	0/5	0.0010	0.0017	0.0011	0.0064	0.0023
COG5592	R	Hemerythrin domain-containing protein	0.1143	0.0304	0.1815	0	5	0	0/5	0.0047	0.0543	0.0066	0.4756	0.0304
COG5593			0.0013	0.0001	0.0024	0	5	0	0/5	0.0000	0.0001	0.0000	0.0061	0.0005
COG5594			0.0020	0.0003	0.0034	0	5	0	0/5	0.0000	0.0003	0.0000	0.0087	0.0010
COG5595	R	Predicted  nucleic acid-binding protein, contains Zn-ribbon domain	0.0016	0.0011	0.0015	0	5	0	0/5	0.0007	0.0011	0.0004	0.0046	0.0012
COG5596			0.0018	0.0003	0.0032	0	5	0	0/5	0.0000	0.0003	0.0000	0.0082	0.0007
COG5597	M	N-acetylglucosaminyl transferase	0.0019	0.0013	0.0019	0	5	0	0/5	0.0005	0.0013	0.0005	0.0057	0.0016
COG5598	H	Trimethylamine:corrinoid methyltransferase	0.5427	0.6157	0.3306	3	5	1	3/5	0.1611	0.6157	0.1550	0.8549	0.9270
COG5599	T	Protein tyrosine phosphatase	0.0007	0.0005	0.0005	0	5	0	0/5	0.0003	0.0005	0.0002	0.0015	0.0008
COG5600			0.0005	0.0001	0.0009	0	5	0	0/5	0.0000	0.0001	0.0000	0.0023	0.0002
COG5601			0.0007	0.0001	0.0012	0	5	0	0/5	0.0000	0.0001	0.0000	0.0032	0.0003
COG5602			0.0146	0.0058	0.0177	0	5	0	0/5	0.0027	0.0058	0.0017	0.0489	0.0137
COG5604			0.0213	0.0136	0.0199	0	5	0	0/5	0.0047	0.0136	0.0048	0.0580	0.0256
COG5605	C	Cytochrome c oxidase subunit IV	0.0019	0.0020	0.0010	0	5	0	0/5	0.0006	0.0020	0.0011	0.0034	0.0022
COG5606	R	Predicted DNA-binding protein, XRE-type HTH domain	0.0056	0.0031	0.0059	0	5	0	0/5	0.0011	0.0031	0.0011	0.0169	0.0060
COG5607	S	CHAD domain, binds inorganic polyphosphates	0.1741	0.0637	0.2414	1	5	0	1/5	0.0182	0.0637	0.0220	0.6519	0.1146
COG5608	V	Dessication stress tolerance protein, LEA/WHy domain	0.4572	0.5499	0.2983	3	5	0	3/5	0.1420	0.5499	0.0851	0.8583	0.6509
COG5609	C	Na+-translocating membrane potential-generating system subunit MpsC, DUF2294 family	0.0194	0.0041	0.0298	0	5	0	0/5	0.0013	0.0041	0.0011	0.0784	0.0123
COG5610	R	Predicted sugar hydrolase, contains GT1 and HAD domains	0.0017	0.0012	0.0011	0	5	0	0/5	0.0011	0.0017	0.0009	0.0038	0.0012
COG5611	R	Predicted nucleic-acid-binding protein, contains PIN domain	0.0188	0.0142	0.0150	0	5	0	0/5	0.0093	0.0142	0.0062	0.0479	0.0162
COG5612	P	Ni/Co/Cd-binding protein CnrX (heavy-metal resistance)	0.0026	0.0009	0.0036	0	5	0	0/5	0.0003	0.0009	0.0003	0.0098	0.0018
COG5613	U	Type III secretion system effector SseC (host membrane pore formation)	0.0007	0.0004	0.0007	0	5	0	0/5	0.0001	0.0004	0.0001	0.0019	0.0008
COG5614	X	Phage head-tail adaptor	0.0010	0.0007	0.0005	0	5	0	0/5	0.0017	0.0006	0.0014	0.0007	0.0006
COG5615	S	Uncharacterized membrane protein	0.2650	0.3063	0.2190	1	5	0	1/5	0.0258	0.3352	0.0391	0.6185	0.3063
COG5616	T	TolB amino-terminal domain (function unknown)	0.0033	0.0017	0.0036	0	5	0	0/5	0.0012	0.0017	0.0009	0.0104	0.0021
COG5617	R	Predicted membrane glycosyltransferase TK1552, contains 6-pyruvoyl-tetrahydropterin synthase (PTPS)-related domain	0.1623	0.1777	0.1226	0	5	0	0/5	0.1777	0.3601	0.0339	0.2087	0.0311
COG5618	S	Predicted periplasmic lipoprotein	0.0080	0.0024	0.0109	0	5	0	0/5	0.0019	0.0024	0.0007	0.0297	0.0055
COG5619	S	Uncharacterized conserved protein, DUF2290 domain	0.0180	0.0065	0.0261	0	5	0	0/5	0.0025	0.0065	0.0014	0.0698	0.0096
COG5620	S	Uncharacterized conserved protein, DUF1851 domain	0.0009	0.0007	0.0005	0	5	0	0/5	0.0007	0.0006	0.0005	0.0018	0.0007
COG5621	R	Predicted lipocalin, contains AttH/CrtC domain	0.1237	0.0337	0.1895	1	5	0	1/5	0.0337	0.0165	0.0200	0.5021	0.0464
COG5622	M	Protein required for attachment to host cells	0.0073	0.0031	0.0096	0	5	0	0/5	0.0011	0.0031	0.0016	0.0264	0.0042
COG5623			0.9202	0.9572	0.0703	5	5	1	5/5	0.8681	0.9735	0.8089	0.9572	0.9935
COG5624			0.0378	0.0172	0.0504	0	5	0	0/5	0.0049	0.0172	0.0035	0.1373	0.0263
COG5625	K	Predicted DNA-binding transcriptional regulator, contains HTH domain	0.6395	0.7090	0.1904	3	5	1	3/5	0.3857	0.7090	0.4593	0.7407	0.9026
COG5626	S	Uncharacterized protein Ssr3000, DUF2288 family	0.0043	0.0040	0.0040	0	5	0	0/5	0.0009	0.0040	0.0009	0.0118	0.0040
COG5627			0.0019	0.0003	0.0033	0	5	0	0/5	0.0000	0.0003	0.0000	0.0084	0.0009
COG5628	R	Predicted acetyltransferase	0.0018	0.0008	0.0020	0	5	0	0/5	0.0008	0.0006	0.0007	0.0059	0.0011
COG5631	K	Predicted transcription regulator, contains HTH domain, MarR family	0.0042	0.0013	0.0056	0	5	0	0/5	0.0005	0.0013	0.0004	0.0151	0.0036
COG5632	M	N-acetylmuramoyl-L-alanine amidase CwlA	0.0030	0.0029	0.0008	0	5	0	0/5	0.0031	0.0029	0.0022	0.0044	0.0022
COG5633	S	Uncharacterized conserved protein YcfL	0.0020	0.0019	0.0008	0	5	0	0/5	0.0014	0.0019	0.0010	0.0034	0.0025
COG5634	S	Uncharacterized conserved protein YukJ, DUF2278 family	0.0415	0.0093	0.0673	0	5	0	0/5	0.0047	0.0093	0.0030	0.1759	0.0145
COG5635	T	Predicted NTPase, NACHT family domain	0.4252	0.4257	0.3207	2	5	0	2/5	0.1235	0.6131	0.0451	0.9185	0.4257
COG5636			0.0006	0.0001	0.0010	0	5	0	0/5	0.0000	0.0001	0.0000	0.0026	0.0002
COG5637	S	Uncharacterized protein, contains SRPBCC domain	0.0242	0.0079	0.0318	0	5	0	0/5	0.0054	0.0079	0.0072	0.0875	0.0128
COG5638			0.0018	0.0003	0.0029	0	5	0	0/5	0.0000	0.0003	0.0000	0.0076	0.0010
COG5639	S	Uncharacterized conserved protein, DUF2274 domain	0.0033	0.0021	0.0028	0	5	0	0/5	0.0012	0.0021	0.0010	0.0087	0.0035
COG5640	O	Secreted trypsin-like serine protease	0.0152	0.0067	0.0168	0	5	0	0/5	0.0064	0.0063	0.0067	0.0488	0.0080
COG5641			0.0007	0.0006	0.0004	0	5	0	0/5	0.0003	0.0006	0.0003	0.0015	0.0008
COG5642	S	Uncharacterized conserved protein, DUF2384 family	0.0066	0.0027	0.0082	0	5	0	0/5	0.0012	0.0027	0.0007	0.0227	0.0059
COG5643	R	Uncharacterized conserved protein containing a metal-binding domain	0.4055	0.5057	0.2747	3	5	0	3/5	0.1093	0.5057	0.0872	0.8142	0.5113
COG5644			0.0011	0.0009	0.0009	0	5	0	0/5	0.0003	0.0009	0.0002	0.0028	0.0012
COG5645	S	Uncharacterized conserved protein YceK	0.0036	0.0024	0.0037	0	5	0	0/5	0.0008	0.0024	0.0006	0.0107	0.0035
COG5646	OP	Iron-binding protein Fra/YdhG, frataxin family (Fe-S cluster biosynthesis)	0.1544	0.0983	0.1817	1	5	0	1/5	0.0092	0.1524	0.0108	0.5011	0.0983
COG5647			0.0020	0.0008	0.0027	0	5	0	0/5	0.0000	0.0008	0.0000	0.0072	0.0018
COG5648			0.0015	0.0007	0.0020	0	5	0	0/5	0.0000	0.0007	0.0000	0.0054	0.0014
COG5649	S	Uncharacterized conserved protein, DUF1801 domain	0.0611	0.0316	0.0712	0	5	0	0/5	0.0170	0.0316	0.0139	0.2021	0.0407
COG5650	S	Uncharacterized membrane protein	0.2637	0.1213	0.2585	1	5	0	1/5	0.0534	0.3817	0.0434	0.7187	0.1213
COG5651	S	PPE-repeat protein	0.0059	0.0039	0.0061	0	5	0	0/5	0.0012	0.0039	0.0009	0.0176	0.0058
COG5652	S	VanZ-like family protein (function unknown)	0.0088	0.0041	0.0089	0	5	0	0/5	0.0066	0.0038	0.0041	0.0265	0.0031
COG5653	N	Acetyltransferase involved in cellulose biosynthesis, CelD/BcsL family	0.0227	0.0163	0.0146	0	5	0	0/5	0.0214	0.0125	0.0121	0.0510	0.0163
COG5654	S	Uncharacterized protein, contains RES domain	0.0047	0.0018	0.0057	0	5	0	0/5	0.0011	0.0018	0.0007	0.0158	0.0041
COG5655	X	Replication initiaton protein REP (rolling circle plasmid replication)	0.0031	0.0022	0.0026	0	5	0	0/5	0.0013	0.0022	0.0010	0.0082	0.0026
COG5657			0.0030	0.0008	0.0045	0	5	0	0/5	0.0000	0.0008	0.0000	0.0119	0.0021
COG5658	V	Bacterial immunity/signal transduction membrane protein SdpI,  SdpI/YbgB/DUF1648 family	0.4158	0.3789	0.2672	2	5	0	2/5	0.2047	0.5036	0.1148	0.8770	0.3789
COG5659	X	SRSO17 transposase	0.1001	0.0488	0.1297	0	5	0	0/5	0.0154	0.0488	0.0148	0.3566	0.0650
COG5660	T	Anti-sigma-YlaC factor YlaD, contains Zn-finger domain	0.0026	0.0014	0.0024	0	5	0	0/5	0.0014	0.0011	0.0010	0.0074	0.0019
COG5661	O	Predicted secreted Zn-dependent protease	0.0079	0.0085	0.0036	0	5	0	0/5	0.0044	0.0088	0.0040	0.0139	0.0085
COG5662	K	Transmembrane transcriptional regulator RsiW (anti-sigma-W factor)	0.0224	0.0067	0.0331	0	5	0	0/5	0.0077	0.0032	0.0057	0.0886	0.0067
COG5663	R	Uncharacterized conserved protein YqfW, HAD superfamily	0.0057	0.0032	0.0053	0	5	0	0/5	0.0022	0.0032	0.0017	0.0160	0.0052
COG5664	O	Predicted secreted Zn-dependent protease	0.0017	0.0014	0.0016	0	5	0	0/5	0.0002	0.0014	0.0002	0.0045	0.0021
COG5665	K	CCR4-NOT transcriptional regulation complex, NOT5 subunit	0.0008	0.0001	0.0014	0	5	0	0/5	0.0000	0.0001	0.0000	0.0036	0.0002
