family,fn,fp,step,MCC_mean,MCC_std,MCC_count,F1_mean,F1_std,F1_count,prec_mean,prec_std,prec_count,rec_mean,rec_std,rec_count,fp_removed_mean,fp_removed_std,fp_removed_count,ece_mean,ece_std,ece_count,mce_mean,mce_std,mce_count,brier_mean,brier_std,brier_count,nll_mean,nll_std,nll_count
nohidden_HO_T20_mixFP,0.0,0.01,1,0.5705954706824518,0.13496278922371616,10,0.6837804606799426,0.09967509714002415,10,0.6539148988282127,0.11157152485758133,10,0.7186844877720475,0.08928550758111824,10,0.8598813566026976,0.11065436476519386,10,0.09867768312759759,0.04643024164504453,10,0.31284182190315224,0.11787332711365332,10,0.13109175562858583,0.04236705030064667,10,0.49454348981380464,0.1535615761402754,10
nohidden_HO_T20_mixFP,0.0,0.01,2,0.6794988131918152,0.09997501964823774,10,0.7592617232397972,0.079343744507337,10,0.6619188317919913,0.1004752693907244,10,0.8978389480229108,0.060071809947042955,10,0.5277355786749733,0.07193911050460448,10,0.11794564682794424,0.03857681717705304,10,0.29932507543116627,0.10111514881019809,10,0.11515518352389335,0.03629769881414426,10,0.45417633801698687,0.19434011985897048,10
nohidden_HO_T20_mixFP,0.0,0.01,3,0.4789330369905559,0.1010285348955884,10,0.614077537311329,0.06930593845645515,10,0.4634569455787186,0.07289085181726729,10,0.9198422378379361,0.032430641913543626,10,0.16613631914807195,0.027785892287427803,10,0.28460913344556055,0.06382361059342141,10,0.5105467208233223,0.04636238006599018,10,0.247770032286644,0.07124384108706701,10,1.2218040764331817,0.5203826935841086,10
nohidden_HO_T20_mixFP,0.0,0.01,4,0.5147822983627369,0.06992018822205072,10,0.6427687562666,0.05852109830524306,10,0.52244884224552,0.08243660745998742,10,0.8483526210468973,0.04287069886645535,10,0.1675928438718277,0.029403377321967576,10,0.21206259206589123,0.048183926830237235,10,0.4692007108277226,0.08566335026796683,10,0.19285706728696822,0.03583950572878723,10,0.8697078108787537,0.24137290794834054,10
nohidden_HO_T20_mixFP,0.0,0.01,5,0.49979346201864683,0.1338313082643026,10,0.6326788312758556,0.10191682196284929,10,0.5106778656879145,0.1300355520302688,10,0.8529978360762117,0.056392715009693416,10,0.23680948979856406,0.030821623120288903,10,0.23229595095744346,0.07628319825038456,10,0.4935403891754711,0.12374717662607322,10,0.2087210338562727,0.0691004778484673,10,1.000606545805931,0.4401344013628536,10
nohidden_HO_T20_mixFP,0.0,0.01,6,0.4273207615526967,0.11492370856416721,10,0.5872759214580915,0.08482570491272416,10,0.48303590399627233,0.08314744475125974,10,0.7554551580803729,0.09220101976493675,10,0.312613570011956,0.04298770514902192,10,0.2369634436286025,0.05191509898864059,10,0.4889428457053449,0.0755158996651445,10,0.21791913211345673,0.04573098174845369,10,1.0267683863639832,0.26730320010256603,10
nohidden_HO_T20_mixFP,0.0,0.01,7,0.3549546396610055,0.09026098320953554,10,0.5433989266578554,0.059464476247845746,10,0.43304004815620606,0.06652425116096866,10,0.7396143976205811,0.06742657769575369,10,0.4049606769530353,0.07456784144246816,10,0.2687615690505843,0.059552218912968115,10,0.5295906525001264,0.09010664428393345,10,0.26216234266757965,0.0560658558159868,10,1.4699224948883056,0.45357740932111185,10
nohidden_HO_T20_mixFP,0.0,0.01,8,0.46948581907574577,0.18027055614790755,10,0.620833533541342,0.11615885295300984,10,0.5408400013799877,0.11708073183259582,10,0.7326407922501204,0.11053194503573209,10,0.34034484032562295,0.1428673868615065,10,0.19355558457946304,0.07868628871262559,10,0.4245417479982603,0.0803700110990351,10,0.18585705682635306,0.07528865520865512,10,0.835284236073494,0.43801366684233556,10
nohidden_HO_T20_mixFP,0.0,0.01,9,0.33668662368037616,0.1146324331470475,10,0.5301054334773606,0.07330331750850934,10,0.41930622555195046,0.06535883245826705,10,0.7258855793503645,0.09954168287303121,10,0.40604028614960946,0.07975428910144453,10,0.2502732357619162,0.04082697204827505,10,0.5387697737781162,0.03835558625965314,10,0.24113433212041854,0.03951769976229906,10,0.9652303159236908,0.19297189420278169,10
nohidden_HO_T20_mixFP,0.0,0.01,10,0.04585606933416434,0.07754008370529265,10,0.3705250044647423,0.05531336368538995,10,0.27156303029464757,0.047825638733222785,10,0.587328957388807,0.07020931310103933,10,0.4929176876156486,0.0750947454569505,10,0.43447935272718885,0.03362537064893703,10,0.6872048613360826,0.05329376863112115,10,0.4215108573436737,0.03662223891889439,10,2.6001548051834105,0.5245279483846869,10
nohidden_HO_T20_mixFP,0.0,0.01,11,0.09300745362759724,0.06393606276161116,10,0.3634821081758021,0.06476853410306685,10,0.3039535263608629,0.060111769910856726,10,0.45726465246629894,0.0859803949994994,10,0.5596046137514722,0.07391017080376089,10,0.3152405800726281,0.02671020542341787,10,0.686448998449647,0.0577187860443035,10,0.33052821159362794,0.015541461481723993,10,1.8259753823280334,0.3025051310792525,10
nohidden_HO_T20_mixFP,0.0,0.01,12,-0.04365032780790491,0.10205872976214733,10,0.2710986779354864,0.08148613216766527,10,0.23106632996412313,0.08132600278233482,10,0.332129724467093,0.08196335303714959,10,0.4909794855196302,0.08861302581899401,10,0.3534381006165204,0.04877229709421743,10,0.7971435827079655,0.09442208468765316,10,0.3720632940530777,0.04055264885441188,10,2.047323751449585,0.31169557541177595,10
nohidden_HO_T20_mixFP,0.0,0.01,13,0.034958737558008296,0.13970744908229424,10,0.3069055729829175,0.10518070071787082,10,0.27965032574501303,0.1233268640223359,10,0.3460525119259608,0.0911185661237466,10,0.3712905377635436,0.07079444091459061,10,0.3181405130318643,0.05402110627896337,10,0.7405097378076404,0.1755680228904199,10,0.32308961600065234,0.043984600092505356,10,1.3635391473770142,0.16498357320877466,10
nohidden_HO_T20_mixFP,0.0,0.01,14,0.019123333311679015,0.05652113388311329,10,0.2873104650086513,0.06259983989255112,10,0.26612048791852305,0.054322311872994106,10,0.3169464698169223,0.08685370273343179,10,0.453393057167482,0.04556543312466044,10,0.3126074120093867,0.05169649447606548,10,0.7309414856920109,0.0830788956765614,10,0.3243128746747971,0.041500212961870266,10,1.6401700317859649,0.6502751392780053,10
nohidden_HO_T20_mixFP,0.0,0.01,15,0.09161790085456294,0.0992694453158985,10,0.3261140784898767,0.09296281723176408,10,0.31555650317126976,0.08341713520408799,10,0.34057648659120354,0.11219242858760389,10,0.41942009980391404,0.07181999833779733,10,0.2750111839677974,0.031005441169473458,10,0.7224228508758088,0.11851072914772308,10,0.2980973541736603,0.02735831656814747,10,1.4897503018379212,0.3451616642635792,10
nohidden_HO_T20_mixFP,0.0,0.01,16,0.11343966563502676,0.06131214178281789,10,0.28838549289904,0.07709344784215198,10,0.36187905837490075,0.06333758574364132,10,0.24462590002225357,0.08946485109558813,10,0.640338993489314,0.062182916170372346,10,0.22856187327074706,0.036828440985845576,10,0.7112913176432686,0.09578714408475601,10,0.2656115710735321,0.029828491012619106,10,1.8302209377288818,0.37918841080247706,10
nohidden_HO_T20_mixFP,0.0,0.01,17,0.12693053489633307,0.05628664655482687,10,0.3120754516612553,0.07301079432469788,10,0.36669204136907835,0.06716900543301914,10,0.27680460200021006,0.09316231258201285,10,0.5595469261821826,0.05270798166650415,10,0.2633016109713206,0.026784969342940022,10,0.5666059553819174,0.07863162977190075,10,0.26768788546323774,0.02342786909075998,10,1.5622318267822266,0.1613033125038107,10
nohidden_HO_T20_mixFP,0.0,0.01,18,0.15287878446766293,0.05714296023015072,10,0.3130228647061109,0.09015443408022746,10,0.40078367561918216,0.03743237577466597,10,0.26794328626856967,0.1222872559602684,10,0.6610925362277735,0.13181184282653685,10,0.19895299484767553,0.033628859140449247,10,0.6636199922561838,0.10641836630881624,10,0.23417980074882508,0.027329221476483333,10,1.0244406282901763,0.22380209714582766,10
nohidden_HO_T20_mixFP,0.0,0.01,19,0.7041954718761817,0.03909475986502393,10,0.7638056146870178,0.02014130086977486,10,0.8723168313092777,0.05557707480872766,10,0.6828007910623476,0.041158832335450535,10,0.4069973767022431,0.09379214804693375,10,0.06183680635986283,0.012653190325902034,10,0.30781161179513233,0.1021618482995311,10,0.08356573060154915,0.020234129776892252,10,0.3188830241560936,0.08489376415828216,10
nohidden_HO_T20_mixFP,0.0,0.01,20,0.979957406756849,0.0027129353566765777,10,0.9850534823704098,0.001753637667783966,10,0.9744867181887293,0.0018150404732317697,10,0.9958589157586328,0.0032506594269538225,10,0.23536104342949055,0.07011555734207124,10,0.006228939129526885,0.000905198112882569,10,0.20326689722961588,0.09163484289562261,10,0.00676844990812242,0.0014415074245793128,10,0.03591460194438696,0.012352667737895846,10
nohidden_HO_T20_mixFP,0.0,0.025,1,0.5932599207526719,0.1279923988094358,10,0.7003080034778051,0.09488152307481978,10,0.6691586092710362,0.10612832680174632,10,0.7364917469100656,0.08545731551765066,10,0.8532609681802972,0.11081946706563206,10,0.09114401159321388,0.04299823681238006,10,0.30491145636192674,0.10938032395453276,10,0.12341861873865127,0.03974016424811503,10,0.4590927392244339,0.14264148198097884,10
nohidden_HO_T20_mixFP,0.0,0.025,2,0.6906216730918213,0.09644786689637617,10,0.7674182651644104,0.07670763080371776,10,0.6716176892662783,0.09746917225714913,10,0.9021842565297072,0.05849173202158855,10,0.5365582352097789,0.0694211293884172,10,0.11250149443406932,0.03668591821939444,10,0.2905146562214497,0.09652347705019107,10,0.10993348509073257,0.03468805252981906,10,0.4277880862355232,0.1817791834508582,10
nohidden_HO_T20_mixFP,0.0,0.025,3,0.4832537333397422,0.10332277929941129,10,0.616748362041371,0.07119621966007776,10,0.46596359202165993,0.07521795583311099,10,0.9225475560294456,0.0320392439663603,10,0.17443139622407652,0.029236057750577065,10,0.2818037989534842,0.06543520927881843,10,0.5116131458590085,0.04614453721765967,10,0.2453491657972336,0.07254976993251239,10,1.1976433038711547,0.5144847580666645,10
nohidden_HO_T20_mixFP,0.0,0.025,4,0.5205855765965769,0.07246898042319073,10,0.6459178832962198,0.06084283253008208,10,0.52188297611961,0.08393691693496635,10,0.8609083039131586,0.041507203099968665,10,0.16147143092093924,0.028668090442313377,10,0.21462717820756588,0.04983043406373032,10,0.4791255303677072,0.08740295582697118,10,0.19288897812366484,0.03779874940089649,10,0.8578577160835266,0.2461664016608267,10
nohidden_HO_T20_mixFP,0.0,0.025,5,0.5083052790420444,0.13041625321592204,10,0.6375512414031113,0.10020067465532786,10,0.5123269811875079,0.12680791822939705,10,0.8649332962983959,0.05339013528861846,10,0.2309542540453064,0.03165468311096966,10,0.23291332879849155,0.0751555615648839,10,0.5002328862244128,0.12481967035999215,10,0.2072965007275343,0.06820012592099697,10,0.9840412959456444,0.4319991885946554,10
nohidden_HO_T20_mixFP,0.0,0.025,6,0.4382622086910284,0.11262461903180618,10,0.5944752871970396,0.08304321070569821,10,0.48667789476037404,0.08199742254785655,10,0.7701828455236944,0.08862027482595708,10,0.3084645641277314,0.04242373547484666,10,0.23528434425549896,0.05183041740573947,10,0.4943455993025979,0.08003685762637779,10,0.21512074768543243,0.045854627860693845,10,0.9966968297958374,0.2636682380539548,10
nohidden_HO_T20_mixFP,0.0,0.025,7,0.37112270697660554,0.08963525768878124,10,0.5535853551012958,0.0592064794117368,10,0.4393434990720048,0.06744374884470285,10,0.7587686800059215,0.06372734365789161,10,0.39364241418810014,0.07282281825620615,10,0.2670173692677268,0.05948763430906243,10,0.5274798139336513,0.0882141773755424,10,0.25860335528850553,0.05610439362724331,10,1.4409572005271911,0.4540247193863715,10
nohidden_HO_T20_mixFP,0.0,0.025,8,0.48206179968213025,0.175560280149307,10,0.6295454502797733,0.1128180927788971,10,0.5435034567220585,0.11245230492151095,10,0.7515445662380874,0.11004264008272947,10,0.33725042239096675,0.14578198704143638,10,0.19231594172010064,0.07639577433153397,10,0.422937040687442,0.07429537086523297,10,0.18282056227326393,0.07278492427237336,10,0.8035083293914795,0.4100366400570959,10
nohidden_HO_T20_mixFP,0.0,0.025,9,0.3675478500912569,0.11076383447836949,10,0.5499144246892353,0.06943238414940436,10,0.43608830547256394,0.0638056129863495,10,0.7496200141458687,0.09205185313028527,10,0.40434601366968337,0.08498161912411328,10,0.24123517521949078,0.042912716486004504,10,0.5190634057798451,0.04641474363742993,10,0.22979039698839188,0.04015004960961827,10,0.9114655673503875,0.19417139786694348,10
nohidden_HO_T20_mixFP,0.0,0.025,10,0.08941641085215477,0.07606387260691777,10,0.392030845353896,0.05475804845728606,10,0.28983975016239516,0.0478856677035147,10,0.609389685344204,0.06819205388529899,10,0.49017858988130325,0.07505224416454358,10,0.4107932955287317,0.033005036482852294,10,0.6641415337410883,0.05394548082262595,10,0.39917702674865724,0.036087601846833135,10,2.435746693611145,0.505460250693311,10
nohidden_HO_T20_mixFP,0.0,0.025,11,0.10842462401192776,0.0663210174437219,10,0.37715000769068124,0.06471173559365084,10,0.3111565903633623,0.06295999179606489,10,0.4860016236213255,0.08587789508178964,10,0.5433638634382165,0.07906536737338297,10,0.31654291338211105,0.035585794992964825,10,0.6678057633601984,0.06077423381129728,10,0.3288004606962204,0.02147402322567364,10,1.7602140784263611,0.31753659830530373,10
nohidden_HO_T20_mixFP,0.0,0.025,12,-0.011397701602344885,0.10393841583694763,10,0.298569172109695,0.08295668549880247,10,0.24867337744719994,0.07807776341739661,10,0.37748462621641954,0.0898311582159025,10,0.47787376301220774,0.08676143364141294,10,0.345339209338683,0.045407640546007454,10,0.7665906274641747,0.08996825544033901,10,0.3635801374912262,0.03849399124678331,10,1.9112207770347596,0.27492214393765335,10
nohidden_HO_T20_mixFP,0.0,0.025,13,0.07768341747890457,0.13961131114534506,10,0.3422459827452544,0.10817740181410114,10,0.3012865859727055,0.11043644346221695,10,0.39992597130250346,0.10806928914602576,10,0.35365508746991936,0.07119359286483778,10,0.3040114762040607,0.048530106426903655,10,0.7084825501140586,0.1578525450186367,10,0.31019348204135894,0.0415091396189549,10,1.2581159710884093,0.14631287030411178,10
nohidden_HO_T20_mixFP,0.0,0.025,14,0.07978385043459071,0.07623801592308069,10,0.33667509364426346,0.07060304478339328,10,0.30355274524072706,0.06060183272656077,10,0.38297902670316286,0.09845063554214002,10,0.4303224402814109,0.047442395375442405,10,0.2921644533970258,0.05151087782916801,10,0.6765113236637148,0.09789729309281484,10,0.30745291113853457,0.040138971122221305,10,1.5115962147712707,0.586365645791066,10
nohidden_HO_T20_mixFP,0.0,0.025,15,0.15188287407587384,0.11118117114886561,10,0.376293515008081,0.09641462707436481,10,0.3536273237377409,0.08376064798100033,10,0.405691123266949,0.12092651636868236,10,0.4029864108359715,0.07114520181768878,10,0.2565159594046377,0.03249723870337513,10,0.6687909735582726,0.10433104545077589,10,0.2810874551534653,0.03234694383251651,10,1.3611357450485229,0.3307177416701626,10
nohidden_HO_T20_mixFP,0.0,0.025,16,0.16828524886690702,0.06906717007388777,10,0.34540268928032175,0.07789663985645374,10,0.40308984243223234,0.057982933662192725,10,0.30932949813519783,0.10581670053854501,10,0.6205070191109489,0.06521526396428208,10,0.21779945718824675,0.04184408076271051,10,0.6275515193776697,0.08121295154505978,10,0.2550137385725975,0.03330738114420103,10,1.7045750379562379,0.3832061180789606,10
nohidden_HO_T20_mixFP,0.0,0.025,17,0.18339929130210667,0.05308153885113464,10,0.3686105583064313,0.0691867624810528,10,0.4056209637903387,0.05349274296937666,10,0.3452107547249085,0.10750404746988702,10,0.5316869027182166,0.06122360756551161,10,0.2504792771523846,0.027336123288862525,10,0.5268108636834887,0.0535482469405653,10,0.2570079952478409,0.023763896410264166,10,1.4633309721946717,0.14513068142653066,10
nohidden_HO_T20_mixFP,0.0,0.025,18,0.20885625610613526,0.05831125070302847,10,0.3729149039280378,0.08242810086751746,10,0.4395128202257383,0.026487901044732042,10,0.3379568216675443,0.1367409063576091,10,0.641833924679582,0.13800552636517877,10,0.1921313412935804,0.03881757912723474,10,0.5387559760329965,0.07466493403239646,10,0.22544742226600648,0.0288056872477111,10,0.9651070773601532,0.2211367585641779,10
nohidden_HO_T20_mixFP,0.0,0.025,19,0.7080239417196771,0.03913844609752026,10,0.7739528241167566,0.021643029995895503,10,0.8396830106571465,0.053410339543553266,10,0.722473382427627,0.05244414542763509,10,0.38827557994596656,0.09288470031546736,10,0.0570781671820309,0.020397140419022408,10,0.25630154638655744,0.07528243109982881,10,0.08405180163681507,0.02153737941293381,10,0.3213970050215721,0.09300365712445263,10
nohidden_HO_T20_mixFP,0.0,0.025,20,0.9550859293566653,0.0024505214036559453,10,0.9662338585634064,0.002252817111816779,10,0.9378602603879609,0.0048183561245698295,10,0.9964012088159686,0.003042839412401483,10,0.22262555055061856,0.06602225119584176,10,0.016859434327654153,0.00120821330515147,10,0.4359448938078743,0.09310189151668466,10,0.015450080763548613,0.001846839332794192,10,0.08227847144007683,0.021063997205160296,10
nohidden_HO_T20_mixFP,0.0,0.05,1,0.6288452223628227,0.11548872777840015,10,0.7263579226796283,0.08612669684543274,10,0.6919012256232173,0.09609355137283217,10,0.7661410071534713,0.07854101507925411,10,0.8402376712489159,0.11117779741706672,10,0.08033218279736806,0.0370658579843668,10,0.29453527104412386,0.09689838901803505,10,0.11168667376041412,0.035245296896401324,10,0.406934554874897,0.12440964499725451,10
nohidden_HO_T20_mixFP,0.0,0.05,2,0.7058746913545778,0.08974752419226126,10,0.7785762769087912,0.07178159682769832,10,0.6843873405599823,0.09181369906273776,10,0.9090997578983424,0.05575477255671722,10,0.5461228292055795,0.06787539353957701,10,0.10485546869576164,0.033631877019681886,10,0.2871324296275378,0.09170654526699107,10,0.10231658592820167,0.03181759741010566,10,0.3883027285337448,0.1600484345257208,10
nohidden_HO_T20_mixFP,0.0,0.05,3,0.49352956616773624,0.10684854446218907,10,0.623359489913733,0.07430213953516412,10,0.47267243391424224,0.07937770403726047,10,0.9268548356619695,0.03130502350855975,10,0.18684834033090253,0.03193556977858249,10,0.2752209803081794,0.06725378302230486,10,0.5129871510822251,0.047399507927340434,10,0.23920597434043883,0.07385569539461836,10,1.14596825838089,0.498042408166998,10
nohidden_HO_T20_mixFP,0.0,0.05,4,0.5307932594227005,0.07644243390844334,10,0.6514435984598549,0.0644274334640512,10,0.5218516417205263,0.0860401804200366,10,0.8806688388354443,0.038943105486178214,10,0.1540731558709338,0.02932368903668318,10,0.218320852036861,0.05215502364045012,10,0.49392977074959676,0.09020905526569177,10,0.1925811879336834,0.040825195614499786,10,0.8385885059833527,0.2542073903697217,10
nohidden_HO_T20_mixFP,0.0,0.05,5,0.5189247219773149,0.12495848285046203,10,0.6432037822671449,0.09732995618502127,10,0.5126950180599541,0.12134095088154875,10,0.8830396025167111,0.048775688297794224,10,0.22226644808113036,0.031976666686832515,10,0.23548917525733543,0.07339798343237118,10,0.5145281240076811,0.1220086789848125,10,0.20657375305891038,0.06682000035512141,10,0.9673261344432831,0.4209517663210303,10
nohidden_HO_T20_mixFP,0.0,0.05,6,0.45546923091560415,0.11044321857777939,10,0.6056194254002454,0.08125150474288768,10,0.4918789778887402,0.08132131000299589,10,0.794405697088657,0.08264983156226438,10,0.3003417386896665,0.04324071665544917,10,0.23348150801609222,0.05229168709764131,10,0.5063916783774527,0.08490773257057016,10,0.21115835160017013,0.04665764936247656,10,0.9526001811027527,0.2588991580349578,10
nohidden_HO_T20_mixFP,0.0,0.05,7,0.39497343861840717,0.08675146227959835,10,0.5682018135451594,0.05812886037101944,10,0.44728469457012043,0.0672795365923284,10,0.7893486329821389,0.05719875214916306,10,0.3773202877382244,0.06994253555816596,10,0.26562213203011154,0.05878998827747092,10,0.5300393540467654,0.08473240674380088,10,0.2540060684084892,0.05568222869347672,10,1.4000690639019013,0.4578851209737467,10
nohidden_HO_T20_mixFP,0.0,0.05,8,0.49905257915245416,0.16474499542926155,10,0.6408299908186272,0.10513543586970138,10,0.5444739047996834,0.10356540892595421,10,0.7818742663555135,0.1060464992010889,10,0.33057350687576104,0.14816551212543466,10,0.1926544274167677,0.07162086170161655,10,0.4275984387812478,0.07462470237302431,10,0.17992615103721618,0.06779352228930478,10,0.7642283350229263,0.358416513374773,10
nohidden_HO_T20_mixFP,0.0,0.05,9,0.41464684102779453,0.10345680780476377,10,0.5804230958010503,0.06368579200059124,10,0.4620136182520579,0.0630618727629009,10,0.7862642951452168,0.07626505710487684,10,0.40118907271964543,0.09543447135332807,10,0.229537266455706,0.04632782143368197,10,0.49366454817768773,0.06573989956963576,10,0.21342070251703263,0.04091852935951676,10,0.8391773641109467,0.19578265471878348,10
nohidden_HO_T20_mixFP,0.0,0.05,10,0.1572472787057169,0.07056023147963915,10,0.42759385542162154,0.05337249146015464,10,0.3200369423098669,0.04792807601854851,10,0.6476329188269075,0.06403433767459862,10,0.4846547867999961,0.07394269847926882,10,0.3748545808594709,0.03108476484406943,10,0.6311361783756249,0.05473033912679555,10,0.36630821228027344,0.0341499960300865,10,2.1892284631729124,0.4696776203597068,10
nohidden_HO_T20_mixFP,0.0,0.05,11,0.13448249825002562,0.07407976983509663,10,0.39934424653000133,0.06693821640022088,10,0.32270346799414545,0.07034365599277699,10,0.5348873179901867,0.08365670456564218,10,0.5175163061304493,0.08805828320675786,10,0.3213860993167279,0.05128303512563631,10,0.6447182458740353,0.07015947441431025,10,0.33002953231334686,0.03495530481548793,10,1.7608291268348695,0.4002186041040938,10
nohidden_HO_T20_mixFP,0.0,0.05,12,0.049444224443759,0.10404769585592723,10,0.34867710764544896,0.08042797354572472,10,0.2786587597339612,0.06995329814383243,10,0.47022779333624215,0.09993620511679663,10,0.46136150042912094,0.0842612687551342,10,0.3371238707855352,0.03843211344475721,10,0.7038229580219367,0.07533495749085094,10,0.351649683713913,0.03432771714549232,10,1.7329305052757262,0.24401146214825145,10
nohidden_HO_T20_mixFP,0.0,0.05,13,0.16955686960029553,0.12726501623427258,10,0.4137641553676056,0.0977549594427708,10,0.34371577883095156,0.07925465141738722,10,0.5233994048351255,0.1322625653322162,10,0.32018240025339445,0.08160658189081478,10,0.28360321022000656,0.02880365503754088,10,0.6191982754417162,0.11149578443468812,10,0.286802251636982,0.031012682427293707,10,1.08812136054039,0.09095588972202151,10
nohidden_HO_T20_mixFP,0.0,0.05,14,0.21328842059861403,0.10592358613373369,10,0.44143616708119665,0.08012568886365103,10,0.37296387098807865,0.0680490924120572,10,0.5472321620825928,0.11253561384914625,10,0.3733969591299185,0.058117497720989036,10,0.2639457162276365,0.05120279289513922,10,0.5708905644425233,0.07457041776578448,10,0.2763012617826462,0.043879987682800714,10,1.2947173535823822,0.5277579224476113,10
nohidden_HO_T20_mixFP,0.0,0.05,15,0.2916805287230018,0.12697234759740036,10,0.4886068891425269,0.09601567689072356,10,0.42571354040812837,0.08093820490701764,10,0.579294208973703,0.1302468274470877,10,0.3540947652548658,0.0607883703666524,10,0.23042460270213633,0.031826856538740116,10,0.5444831847293135,0.06999109845642157,10,0.24686171859502792,0.040655858067668416,10,1.1263929724693298,0.32704827967136646,10
nohidden_HO_T20_mixFP,0.0,0.05,16,0.28950987217483054,0.07709551019792432,10,0.4717310174307544,0.06540921723167115,10,0.4600035477227813,0.04572700402364567,10,0.4946736003050452,0.12174729636234607,10,0.5493660614963487,0.06658256369529762,10,0.2097248831562574,0.04891622164112472,10,0.5065618285043729,0.047047119136605586,10,0.23653152585029602,0.03966915587005358,10,1.4588701367378234,0.40482058816828276,10
nohidden_HO_T20_mixFP,0.0,0.05,17,0.3093040562311119,0.04995663254301099,10,0.4929943097339719,0.04755275726048935,10,0.4600502872734413,0.03025397357929048,10,0.542652208956407,0.11770609397173654,10,0.4288778177633385,0.07573244838174872,10,0.2362339474685063,0.03545723272002886,10,0.5077809338799179,0.035607143019495836,10,0.23818743824958802,0.029330482207492327,10,1.2662374377250671,0.1406701390604326,10
nohidden_HO_T20_mixFP,0.0,0.05,18,0.3259339808727363,0.06213893277195892,10,0.5010996575320419,0.05410917317874298,10,0.47555681870985184,0.01698469071973494,10,0.5449246677753372,0.1427989041759359,10,0.551585671756018,0.13336457388163064,10,0.19615654932416268,0.04974333750538675,10,0.4405198848993783,0.05552058384205954,10,0.21315564662218095,0.0327340617826165,10,0.8558667123317718,0.2102938034611466,10
nohidden_HO_T20_mixFP,0.0,0.05,19,0.7171652313872598,0.04251722943579641,10,0.7905451027702337,0.02339103979037314,10,0.7634648800026702,0.04909606803942683,10,0.8260659542560941,0.06253920299747431,10,0.31929438370361657,0.0846675979589901,10,0.06238938570298809,0.045911496156881164,10,0.2518535585893965,0.1390978151735119,10,0.08963990584015846,0.02728343049179936,10,0.3519802615046501,0.12527266995592182,10
nohidden_HO_T20_mixFP,0.0,0.05,20,0.9116592073450841,0.004338389808659967,10,0.9328265279296893,0.0056222205289514085,10,0.8764022714718749,0.011176332221107732,10,0.9971176257550283,0.0026751892889739677,10,0.2014797711231103,0.05883762325796762,10,0.03771736485832533,0.0030214475247880715,10,0.6541227631217664,0.06251633527437071,10,0.032035579346120356,0.0024451505934770437,10,0.18171104937791824,0.037187040269507726,10
nohidden_HO_T20_mixFP,0.0,0.1,1,0.6894690378761792,0.08758032970875754,10,0.7708054956687177,0.0661944355677261,10,0.7249832049135748,0.07340890693929689,10,0.8240908416191537,0.0627132756724695,10,0.8019754179146732,0.11289001861719293,10,0.06718858179095634,0.024830634942388848,10,0.2899291625028907,0.07769231199046886,10,0.09295724742114544,0.02594424234898951,10,0.3288187965750694,0.08842440553804165,10
nohidden_HO_T20_mixFP,0.0,0.1,2,0.7295287634767827,0.07458095040351587,10,0.7959362385918689,0.06067299775490547,10,0.7031818716012973,0.078740536176577,10,0.921709498527979,0.049278278539796,10,0.5603264817384582,0.06813020311576154,10,0.09481308586902969,0.027890045589028155,10,0.3008896056308214,0.08229135394061352,10,0.09064932391047478,0.02553247409575686,10,0.32721667140722277,0.11641611420324328,10
nohidden_HO_T20_mixFP,0.0,0.1,3,0.5237070854073205,0.11113016751490258,10,0.6432828881866387,0.07903407607364837,10,0.4936176753565792,0.08687720998523313,10,0.9362154404625913,0.02919515686504478,10,0.212557019616346,0.03914474877633232,10,0.25662714444108087,0.06759850282414256,10,0.5079922962859026,0.05417744224916245,10,0.22094864398241043,0.07250145087309266,10,1.0100399672985076,0.44240346097152317,10
nohidden_HO_T20_mixFP,0.0,0.1,4,0.5529029104839164,0.07916217299597708,10,0.6635398489782884,0.06778182751369762,10,0.5246100411552427,0.08635124569269147,10,0.916263181832974,0.03058814869097163,10,0.14887203466304996,0.0396786943390988,10,0.22308516827573,0.053474240341377884,10,0.5205177378249671,0.08861632985773721,10,0.19032635167241096,0.04394255508174097,10,0.797834113240242,0.2562946866089902,10
nohidden_HO_T20_mixFP,0.0,0.1,5,0.5293544053889335,0.11381455897187738,10,0.647071397879087,0.09079083225802058,10,0.506882600472629,0.10980811099843747,10,0.9128625301768611,0.04065589962439204,10,0.20645721675452067,0.03409498854275951,10,0.24457748267381638,0.0701342671964207,10,0.5531437154423435,0.1073502928214818,10,0.2100483439862728,0.06415905244278651,10,0.9645434498786927,0.4030115900293621,10
nohidden_HO_T20_mixFP,0.0,0.1,6,0.4831024719307118,0.11057916465112867,10,0.6226523567224682,0.08109435290862663,10,0.49745324158254045,0.08308183348627876,10,0.8389262785300252,0.07144254066703472,10,0.2836163841810907,0.04358652170984685,10,0.23460243110283208,0.05298875098609783,10,0.5328114992648675,0.08156091240133355,10,0.20690963566303253,0.04847126793464403,10,0.8926832020282746,0.24772746615750843,10
nohidden_HO_T20_mixFP,0.0,0.1,7,0.43207006262126085,0.07914080838039854,10,0.5896130262507163,0.055467011563802175,10,0.45664654816867617,0.06463316229241242,10,0.8417032839413384,0.04358473243361042,10,0.34615259760733325,0.06535053923941743,10,0.26673496297985944,0.0568810186662705,10,0.5463033405770297,0.07544262337087156,10,0.24802830815315247,0.05470747763548574,10,1.3325084507465363,0.4702950239997408,10
nohidden_HO_T20_mixFP,0.0,0.1,8,0.524237165543561,0.13689937057893195,10,0.6557349354018047,0.08607430239121985,10,0.5404267086453831,0.08596376196624993,10,0.8373677217245505,0.08738039229852784,10,0.3165815401821582,0.1497532498288771,10,0.19846672645796795,0.06197660920959956,10,0.45109902367195887,0.08721411215621465,10,0.1787746526300907,0.05735615042306728,10,0.7221986413002014,0.2685737805053593,10
nohidden_HO_T20_mixFP,0.0,0.1,9,0.494571342670376,0.08987503993016191,10,0.6319317073297113,0.05937228387693012,10,0.5053844622019141,0.06716209847555961,10,0.8495676340686469,0.04214806144878668,10,0.3917511929611801,0.11650309097380392,10,0.21669441513580523,0.05050900695290626,10,0.4672263518125736,0.07765675991007967,10,0.188934987783432,0.04138487029066006,10,0.7446643382310867,0.2052919547397215,10
nohidden_HO_T20_mixFP,0.0,0.1,10,0.2744446808508566,0.06214612965946728,10,0.4936028738277427,0.05438668571125147,10,0.3749922880664788,0.05282150083496914,10,0.7264974080765461,0.05242319496419586,10,0.4700651678739159,0.0707218784454346,10,0.32014619058708194,0.03076905433342977,10,0.5885998685596007,0.06048469787038033,10,0.3139093667268753,0.03184150844504708,10,1.7723596334457397,0.40743125213097653,10
nohidden_HO_T20_mixFP,0.0,0.1,11,0.17275190309649396,0.09642445394905587,10,0.4314486513189551,0.07898167693659482,10,0.33544652875819014,0.08362630821800308,10,0.6196462126304647,0.08085773212772494,10,0.4754935491391704,0.09473876856346934,10,0.337885078356905,0.07132782595445546,10,0.6318774358754806,0.0876895641761399,10,0.34149404168128966,0.05682358968951511,10,1.929866862297058,0.6338759835784628,10
nohidden_HO_T20_mixFP,0.0,0.1,12,0.14900702340473973,0.11766607926334079,10,0.42168726487291125,0.08521864659926717,10,0.32037829520926586,0.07513473975797862,10,0.6225855376332987,0.09467990898670697,10,0.44379951828484765,0.08164218739850257,10,0.33083204429826285,0.043154902189534036,10,0.6179101730465363,0.06825108472022597,10,0.33310566544532777,0.03804386674502644,10,1.4991523981094361,0.2549686694120321,10
nohidden_HO_T20_mixFP,0.0,0.1,13,0.3286914816112555,0.09179137344298145,10,0.5232829218565415,0.06551971734583215,10,0.4066204034874269,0.04787708059399041,10,0.7414364014313829,0.11821000029246474,10,0.28730035110736296,0.09806725492017898,10,0.26898583914036667,0.03209055088321451,10,0.5101004690077882,0.06148985412238355,10,0.2550100639462471,0.02612035627220946,10,0.9056843936443328,0.1345157047171851,10
nohidden_HO_T20_mixFP,0.0,0.1,14,0.3976579121076399,0.08480892634580929,10,0.5654920210787587,0.06212943675788404,10,0.4352638004291748,0.06336215139217666,10,0.8187560677750346,0.07691792518289776,10,0.28767370695589245,0.07144058570043531,10,0.27171360543939216,0.04561664951874003,10,0.5201353606270447,0.05515927408368863,10,0.25089929699897767,0.04210031283516676,10,1.1250401437282562,0.43373902596998704,10
nohidden_HO_T20_mixFP,0.0,0.1,15,0.4751052660399395,0.07601547884561882,10,0.613075317210203,0.060847670965990176,10,0.47844406741884227,0.06847142267349723,10,0.8634739591007186,0.06734725191120548,10,0.276014884347713,0.0386348527696353,10,0.24217923235951822,0.035173785464947906,10,0.5219736631262673,0.0514993865159492,10,0.21930883973836898,0.03174788778967494,10,0.9520578861236573,0.2705153742075324,10
nohidden_HO_T20_mixFP,0.0,0.1,16,0.4266427991381592,0.05239147530462751,10,0.5870580770161575,0.028935835160962584,10,0.4622932087606902,0.03170251787927492,10,0.8095651486962318,0.05948889706562392,10,0.3961041958243211,0.05466571445873688,10,0.25285555553652256,0.042696762655167815,10,0.5654660263505986,0.036817340617166905,10,0.23826417922973633,0.039229388484417635,10,1.3102968513965607,0.41997285399231016,10
nohidden_HO_T20_mixFP,0.0,0.1,17,0.4302683550946906,0.04077958469210025,10,0.5850848490225016,0.018489337208851417,10,0.44306715949191994,0.02718187042005535,10,0.8674262916567861,0.05314397846080421,10,0.2116774981642197,0.05247759294011218,10,0.29225222283355823,0.03758670643336399,10,0.651191960502281,0.03689499054736577,10,0.2566022574901581,0.03317276030165935,10,1.2254990339279175,0.17527196548856816,10
nohidden_HO_T20_mixFP,0.0,0.1,18,0.42486416294726653,0.03815846050479192,10,0.5767971522046789,0.02749659652090798,10,0.42836785424437374,0.04044407093453419,10,0.8954736436641078,0.06765363261716353,10,0.3267491969429941,0.07734265116771227,10,0.2990814849092954,0.04463472186176801,10,0.6038697442668943,0.059977591873130905,10,0.2511899575591087,0.031063559238393178,10,0.9104321718215942,0.09792572665833159,10
nohidden_HO_T20_mixFP,0.0,0.1,19,0.6590568478098321,0.03840569383279387,10,0.7380581315322922,0.024715725516895888,10,0.596858803922039,0.04151679751407877,10,0.971628446119062,0.026870307094979073,10,0.17414997583261455,0.0506592625284271,10,0.1830834024150358,0.04575939093605147,10,0.7041358715570296,0.10241827593146899,10,0.145880988240242,0.03205466221646264,10,0.6461306214332581,0.15963366884718225,10
nohidden_HO_T20_mixFP,0.0,0.1,20,0.8227054686377361,0.0127605149682019,10,0.8626512635792265,0.016054939766428772,10,0.7601474637213567,0.0263251620797489,10,0.9977841986484656,0.0026633710088262387,10,0.16170713320425137,0.04517761868193941,10,0.08630407396692259,0.0065807022584575,10,0.8227881154479478,0.031854346845874744,10,0.07191147580742836,0.003385269853121308,10,0.48503579795360563,0.0634900963190022,10
nohidden_HO_T20_mixFP,0.0,0.2,1,0.7422927537902975,0.03156340390769594,10,0.8072327887894645,0.02750611407727881,10,0.7196474802793711,0.03340476986787851,10,0.9200618876628965,0.029958467953945602,10,0.6623154285352324,0.1162682131064073,10,0.0850168617317775,0.008279057612769404,10,0.3887096048145531,0.060426315442293765,10,0.08312836140394211,0.008202836548870406,10,0.2921348690986633,0.027701708817286425,10
nohidden_HO_T20_mixFP,0.0,0.2,2,0.7492055271474933,0.04008924427347028,10,0.8100276079951794,0.03553823413927296,10,0.7105736851106565,0.04824635264108301,10,0.944427787084634,0.033801302794077,10,0.5682662538193204,0.07241594570354787,10,0.09587656083087721,0.019394871434767886,10,0.37167225548109734,0.08912383651034553,10,0.08259469270706177,0.012240735382872053,10,0.28434531539678576,0.044068287802314844,10
nohidden_HO_T20_mixFP,0.0,0.2,3,0.5905493371135093,0.08831828081564852,10,0.6880988451143493,0.06669014850049347,10,0.5401990443212784,0.07700206740659901,10,0.9563737531424682,0.020209220168186225,10,0.2816707941709423,0.058152379339442097,10,0.21373858869802084,0.054151800424319926,10,0.5062723598326665,0.052417104784276164,10,0.17756535038352012,0.053426491526233924,10,0.7215318620204926,0.2796974235903049,10
nohidden_HO_T20_mixFP,0.0,0.2,4,0.588833835516408,0.06207974527959604,10,0.6829015385881789,0.05846827950122155,10,0.5313463533960513,0.07271539135585944,10,0.9658179727169556,0.0064539528493830454,10,0.185684805534637,0.062473323328863295,10,0.2257983360658796,0.0473440007228073,10,0.5732465611832186,0.0755216089925664,10,0.18289560154080392,0.037782105073577,10,0.7210278183221817,0.195145701687361,10
nohidden_HO_T20_mixFP,0.0,0.2,5,0.5235609228123457,0.09404175533730838,10,0.6372118000850019,0.07776170472868751,10,0.48295274976334596,0.08922625397676247,10,0.9520121077506815,0.024848088588399084,10,0.18581791426125488,0.04511827029746046,10,0.27219385007349617,0.06550814209501214,10,0.6415317962869664,0.06331888788203169,10,0.22990667298436165,0.06095762542482575,10,1.0349264204502107,0.38128633183275235,10
nohidden_HO_T20_mixFP,0.0,0.2,6,0.5016288518059768,0.10161639664063286,10,0.6292457950781449,0.0750153956475087,10,0.4837368069547237,0.07749644371233283,10,0.907545361669386,0.050196564837009496,10,0.25094974871917275,0.048647899897913065,10,0.25458430986235986,0.05142892883889087,10,0.6063825710761263,0.06551609403289801,10,0.21722911596298217,0.04728941921094549,10,0.8975765705108643,0.22439890493839376,10
nohidden_HO_T20_mixFP,0.0,0.2,7,0.4704141335238659,0.06397490924796423,10,0.6086907466182605,0.04690521959201184,10,0.46005142741458505,0.05379569735029262,10,0.9068718413760151,0.02067700158855047,10,0.2953565972926082,0.057561100455088596,10,0.2773580294841898,0.053641292095625404,10,0.5967448762913108,0.06025711081980203,10,0.24539391845464706,0.05146715632894337,10,1.229942011833191,0.43171759498760337,10
nohidden_HO_T20_mixFP,0.0,0.2,8,0.5450305449304169,0.08934677125591793,10,0.6610361069705151,0.056152467168439316,10,0.5163448624456696,0.06042506998978405,10,0.9236039825542781,0.04371719805874692,10,0.2909285356662929,0.1364653765646156,10,0.2261472497574038,0.05478282173716548,10,0.5353033004570978,0.09980660749554081,10,0.18983488231897355,0.04564194737498323,10,0.735191422700882,0.1972523486606121,10
nohidden_HO_T20_mixFP,0.0,0.2,9,0.5488198537712721,0.07607295629220244,10,0.6629656920294582,0.05383323265907683,10,0.5203389782831424,0.06194892026287527,10,0.9194937621237342,0.029927142010318333,10,0.36350678295852884,0.14264808546905092,10,0.23238126206166093,0.050456171542820234,10,0.5217869541288755,0.05704513733429295,10,0.1886216677725315,0.04119721610562081,10,0.7639124065637588,0.20855671878031992,10
nohidden_HO_T20_mixFP,0.0,0.2,10,0.40536328828370377,0.059984868226546625,10,0.5702221959077836,0.05590226409859611,10,0.43506446543944327,0.058968873507374266,10,0.8335185491601612,0.03596601528766678,10,0.4262361538482679,0.06941969906165044,10,0.2762846025268731,0.029578756876162668,10,0.6053684707742727,0.0568607202357354,10,0.25974892526865007,0.0315736082902965,10,1.2914320349693298,0.3142671121660584,10
nohidden_HO_T20_mixFP,0.0,0.2,11,0.20512443928120172,0.12275745118656255,10,0.4560385991629662,0.09244816874876212,10,0.3412304838424351,0.0926280923952229,10,0.7037370437265011,0.07889108053516734,10,0.4338389522177075,0.08902642511203972,10,0.35823844970453295,0.07958557960469492,10,0.6316726005009031,0.0927519262242338,10,0.3542719230055809,0.06955597505693385,10,2.03680579662323,0.7235867780405801,10
nohidden_HO_T20_mixFP,0.0,0.2,12,0.2011714091488594,0.1279401194904374,10,0.45666426367622226,0.08799144202179325,10,0.3319343436205139,0.0770031110640596,10,0.739546626086732,0.08429179090342766,10,0.425066252045678,0.08132810256670013,10,0.3551103503411204,0.04730506226914721,10,0.6170363614479315,0.05916364054765756,10,0.3374514624476433,0.04579299211878652,10,1.4018514037132264,0.2744261746712725,10
nohidden_HO_T20_mixFP,0.0,0.2,13,0.40080576086924147,0.055190486901090026,10,0.5615055092765486,0.043322385327843944,10,0.4118849105319863,0.04602152519296267,10,0.8938006744432376,0.06628077005390844,10,0.26290177099975814,0.11722754469264053,10,0.31235428128334874,0.049678756759406674,10,0.5148060601044925,0.07230314870960641,10,0.2654740005731583,0.03721201773468246,10,0.9380354940891266,0.19799669916045165,10
nohidden_HO_T20_mixFP,0.0,0.2,14,0.43426351099252714,0.062049326925880055,10,0.5764949568906255,0.05864976269484378,10,0.4192094252168532,0.06421871524590836,10,0.9394152638825617,0.03865772084074863,10,0.2396590475871791,0.06918058491054895,10,0.3319835569131412,0.05230229244232658,10,0.6461061435553305,0.0659662180826558,10,0.28124133944511415,0.042763404517928046,10,1.2290809988975524,0.30707143614875243,10
nohidden_HO_T20_mixFP,0.0,0.2,15,0.4914095366408754,0.06289544127776231,10,0.612252005003916,0.06362333134650773,10,0.453115516397689,0.07098863361559767,10,0.9560961825945744,0.012337124079933376,10,0.24282208505926892,0.030786275462159837,10,0.29582439912827085,0.04405143784958896,10,0.6438939524792506,0.05687096947904526,10,0.24924138337373733,0.03735614817465192,10,1.1168642163276672,0.2642676008419625,10
nohidden_HO_T20_mixFP,0.0,0.2,16,0.4145578668717236,0.04507890828253875,10,0.569766229720092,0.03434174652051299,10,0.41585559891663665,0.03448940947338497,10,0.9081848724987566,0.03471759027670674,10,0.308102362280221,0.049892767944659265,10,0.3215872477642815,0.02889395045606265,10,0.6544762935742815,0.043911019712008476,10,0.281798355281353,0.030949032570685795,10,1.5139548063278199,0.37707662513123974,10
nohidden_HO_T20_mixFP,0.0,0.2,17,0.40852799939030515,0.03328353072264039,10,0.5575484610510948,0.03241529768189178,10,0.393516351515223,0.032436463857454356,10,0.9598100846369391,0.010328585390112296,10,0.11519346915720625,0.035782771486210174,10,0.3783401217921292,0.022106068420528775,10,0.7682294787806715,0.052431563362570134,10,0.32338893711566924,0.023411233653049934,10,1.5689342617988586,0.17388806116719752,10
nohidden_HO_T20_mixFP,0.0,0.2,18,0.3857892406432261,0.047764098181721934,10,0.5379381068394948,0.04410039135014572,10,0.3712114108082295,0.0450937340819052,10,0.986276417338096,0.0073230867181649185,10,0.22260434898124348,0.052003659943078276,10,0.40614347792874794,0.04099678147996267,10,0.7368760123320174,0.05576579478154607,10,0.333904342353344,0.03719470332926237,10,1.2583253741264344,0.11787488381327037,10
nohidden_HO_T20_mixFP,0.0,0.2,19,0.5134887657686598,0.0408928320277708,10,0.621522647669626,0.03862575129522336,10,0.45245460398523984,0.04260934912848869,10,0.9975239891922179,0.0007903912911413574,10,0.11693879161374728,0.035843719108057275,10,0.31785316841537564,0.034706573270190694,10,0.8735486403352943,0.02177858684275765,10,0.2638444483280182,0.03084342675903057,10,1.3784289598464965,0.18024141317510964,10
nohidden_HO_T20_mixFP,0.0,0.2,20,0.6729162807329158,0.027948459058362424,10,0.7424978934313782,0.034640225465480776,10,0.5922727844250726,0.045525855815985075,10,0.998239237277582,0.002549358793664418,10,0.11258156592423149,0.026226727467359764,10,0.18201611815054095,0.01584992937387233,10,0.8984444274645809,0.010166152621301822,10,0.15930113792419434,0.009666719399502779,10,1.2961934089660645,0.11570779248955079,10
nohidden_HO_T20_mixFP,0.05,0.01,1,0.5350924828052118,0.1346781727368804,10,0.6565198454554734,0.09937505237887842,10,0.636429158238964,0.11276464048103421,10,0.6801995144992958,0.08880364745594287,10,0.8707609535627168,0.11006554890867856,10,0.10455593196257722,0.04792384623982361,10,0.3131589160806679,0.12269552302832983,10,0.1405649408698082,0.04232997814713898,10,0.5303394347429276,0.15487477860384335,10
nohidden_HO_T20_mixFP,0.05,0.01,2,0.6554790443210367,0.09673518753091509,10,0.7429154560777134,0.07723046625009461,10,0.6511009793923976,0.10005936784873984,10,0.8728894083272529,0.05822281722292787,10,0.5378277989501428,0.0690924236377894,10,0.11500263302331834,0.0396707948629808,10,0.2893175778783189,0.11039042230025177,10,0.12149460688233375,0.03491207415043218,10,0.47373158633708956,0.18890742471360789,10
nohidden_HO_T20_mixFP,0.05,0.01,3,0.47360366166104895,0.09640498895860304,10,0.6120995465756408,0.06655953111902922,10,0.4646327253887924,0.07149761054203128,10,0.9066567299759593,0.0285756408135701,10,0.16711426582024755,0.02817676780167633,10,0.27766362238073433,0.0626792938684564,10,0.5047538197877321,0.04815773911607533,10,0.24447001069784163,0.06840378257334082,10,1.170904630422592,0.4778039801795287,10
nohidden_HO_T20_mixFP,0.05,0.01,4,0.5084912833296035,0.06747121523179386,10,0.6389909338514461,0.05650952281751853,10,0.5211631287591161,0.08154313498669216,10,0.8390621131340341,0.04272996217752642,10,0.16195570867896708,0.030882231240295436,10,0.21138830978347492,0.04791473592391247,10,0.46196532008286184,0.08418661996494319,10,0.1933929443359375,0.03494818379791334,10,0.8563980042934418,0.22923479121225077,10
nohidden_HO_T20_mixFP,0.05,0.01,5,0.49624258665323956,0.12704252292090076,10,0.6309279147309352,0.09759523784973748,10,0.5130220716755302,0.12767468294961243,10,0.8405628453324996,0.051248420490285475,10,0.2349413568544322,0.03124960428211622,10,0.2269567937050295,0.07503446582568137,10,0.4845831879935087,0.12660448033378743,10,0.20598860085010529,0.0655168137232684,10,0.9549449682235718,0.40417580591227964,10
nohidden_HO_T20_mixFP,0.05,0.01,6,0.43055331907733124,0.1141732942475137,10,0.5894420303103812,0.0851665027080653,10,0.4888172091357951,0.08604817037982264,10,0.7492748034302208,0.08909836475191348,10,0.3137616871852177,0.04396766791078597,10,0.23031868257334698,0.054227786813272685,10,0.47759640336120485,0.08163682562799071,10,0.21340676099061967,0.046955012198711156,10,0.9872493922710419,0.2692915683618658,10
nohidden_HO_T20_mixFP,0.05,0.01,7,0.358042320573504,0.08216833962146755,10,0.5451094209333773,0.05558672117822574,10,0.435263544169711,0.06333060306429686,10,0.7391537728633981,0.06431321312720921,10,0.40400506206000764,0.07643862019151768,10,0.26492659719797224,0.05607966434352689,10,0.5219771474009196,0.08554246223802175,10,0.2590391516685486,0.053029325428785586,10,1.4316310107707977,0.4332787588286172,10
nohidden_HO_T20_mixFP,0.05,0.01,8,0.4719768052679797,0.15766942512974486,10,0.6214684398041679,0.10178126608632801,10,0.5460728773825032,0.10429915726213154,10,0.7245115432599771,0.0982726081063241,10,0.3459005870523207,0.14712883705643628,10,0.18749730195578893,0.07281398551243003,10,0.4053861341724002,0.07611804690642573,10,0.18230105862021445,0.06761261572565042,10,0.8011825174093247,0.3867060969523825,10
nohidden_HO_T20_mixFP,0.05,0.01,9,0.3663763265708194,0.1029965758869588,10,0.5488243007587996,0.06707838911601703,10,0.4423307198709131,0.06346938407298067,10,0.7282483765288927,0.08706924917094166,10,0.42477786682952984,0.08653635089716419,10,0.2302085792004142,0.04013820801190789,10,0.5019369262164892,0.05015718896783016,10,0.22152989953756333,0.03774150786324213,10,0.8679590582847595,0.1821069181163642,10
nohidden_HO_T20_mixFP,0.05,0.01,10,0.0654620158584191,0.0769512761468242,10,0.3794338473405274,0.05404057545056502,10,0.2800574430009801,0.04713031626602083,10,0.5920075587813193,0.06695117772260195,10,0.5152674240469503,0.07294015816666603,10,0.4186528396234813,0.03554734738028273,10,0.6699443019717203,0.05771714751201889,10,0.4088184267282486,0.03758287682813512,10,2.5040698766708376,0.49773442349233415,10
nohidden_HO_T20_mixFP,0.05,0.01,11,0.11427510060300372,0.05494465504312978,10,0.3807629951054497,0.05740335999941078,10,0.31438049205041374,0.05562671626021195,10,0.4895192315902409,0.08029952562598186,10,0.5377326831139734,0.0753865942803105,10,0.31349688186302255,0.03249539199832817,10,0.6674960310856808,0.05799470125434814,10,0.32656009793281554,0.01931973772996583,10,1.7388870596885682,0.2915463047022929,10
nohidden_HO_T20_mixFP,0.05,0.01,12,0.01785448592550373,0.09198887046109049,10,0.31298778292268586,0.07554151822959557,10,0.2648786808416198,0.0738204126575124,10,0.3864483521746359,0.07959585379029278,10,0.4673009283374707,0.08835090770988899,10,0.3267542070040645,0.043182328556222754,10,0.7570817891214146,0.08964403628640767,10,0.3484147280454636,0.03627530505010142,10,1.7945401430130006,0.2416444184335153,10
nohidden_HO_T20_mixFP,0.05,0.01,13,0.092218199367659,0.12894820132715462,10,0.34643446321286336,0.10058525316318845,10,0.3131094476865529,0.10862910964373486,10,0.39176641575246357,0.09557361369385665,10,0.3587303778769892,0.06859545704255834,10,0.2877393322597904,0.046211572534786007,10,0.6965670368610095,0.16101905921607385,10,0.29818460494279864,0.03853900023721716,10,1.1939876317977904,0.14042487635318934,10
nohidden_HO_T20_mixFP,0.05,0.01,14,0.07163856048603556,0.07057242060915696,10,0.3294751061874715,0.06484942280864384,10,0.29985004183229025,0.05805298720971512,10,0.37042694848211905,0.08807077558565957,10,0.4408036537441259,0.047382134358739086,10,0.2929436373213876,0.052545836956716024,10,0.6902804256979862,0.10045114899286249,10,0.3090401515364647,0.04182563119285275,10,1.5491267263889312,0.6024627492379492,10
nohidden_HO_T20_mixFP,0.05,0.01,15,0.1397345679059372,0.0983473790699821,10,0.36569536769167493,0.08894384253421724,10,0.3472043784689776,0.0780015887078201,10,0.38952012165275984,0.1100391003389638,10,0.408422028725221,0.0696359834092496,10,0.2575397484215455,0.027023375565519592,10,0.6833169969863075,0.11023910195038665,10,0.28393291383981706,0.02744461829370857,10,1.3880927324295045,0.2953575050176193,10
nohidden_HO_T20_mixFP,0.05,0.01,16,0.17212532220544485,0.06247317709453981,10,0.34155634066504587,0.07415113149510685,10,0.41249318274141833,0.056238450781644765,10,0.2979352201273408,0.09674220575806364,10,0.6185243962835897,0.06346079974271855,10,0.2123251355380528,0.038055897993888255,10,0.6287209241014226,0.08554256565895148,10,0.2511893093585968,0.030824719469562403,10,1.6601268887519836,0.34623348466936127,10
nohidden_HO_T20_mixFP,0.05,0.01,17,0.18176362206403907,0.04702251731582291,10,0.3606946843948277,0.06485772955040764,10,0.41099465238693866,0.05055891511264133,10,0.3280216810511726,0.097170757875188,10,0.5458712396467245,0.05814023770708147,10,0.24624282926962104,0.02699510051717675,10,0.5153343043681325,0.055051980914879006,10,0.25324838012456896,0.023744090897224658,10,1.4257495522499084,0.1354555384859077,10
nohidden_HO_T20_mixFP,0.05,0.01,18,0.2065961123823731,0.05883552906862625,10,0.3651114109017566,0.08107170253673608,10,0.44485926771573164,0.029659379591649035,10,0.321102522412991,0.12402481056691397,10,0.6537260921161817,0.13044595603066383,10,0.18920031889430314,0.037135194769019254,10,0.5476496187644535,0.08169786473955545,10,0.22378459572792053,0.029325638878275793,10,0.9770661056041717,0.23004496818431294,10
nohidden_HO_T20_mixFP,0.05,0.01,19,0.6987149445248635,0.0411997443687036,10,0.7607354555643246,0.02231683930300249,10,0.8619620667199198,0.05673176127689827,10,0.6849620145577417,0.04807024528218669,10,0.4093055523297828,0.09419150734538391,10,0.062475944323113985,0.015047796728406554,10,0.27161329331413225,0.08197311089084135,10,0.08695509359240532,0.021380137326577724,10,0.3501689493656158,0.08959654760582911,10
nohidden_HO_T20_mixFP,0.05,0.01,20,0.946800209925518,0.0025777165046153914,10,0.9601264914558729,0.0012701011515422163,10,0.9707539115828675,0.0020791688793645405,10,0.9497331002578621,0.0017739319081027359,10,0.25506800882305586,0.07381358333672963,10,0.01382397179151922,0.0027220794114643444,10,0.16027133120904458,0.07900635426066513,10,0.018193085119128226,0.002362606213292949,10,0.10265704095363617,0.01815377998862437,10
nohidden_HO_T20_mixFP,0.05,0.025,1,0.5580772048088589,0.1282288613571832,10,0.6733233884953304,0.09502178105563817,10,0.6525900396688838,0.10774087458634223,10,0.6975083772275813,0.08543540960543722,10,0.8649030282245487,0.11071694458898601,10,0.096285420648527,0.044535623635372674,10,0.3018153078529926,0.11410190876617689,10,0.13268581852316857,0.039808504611747404,10,0.49332462549209594,0.14413670886486676,10
nohidden_HO_T20_mixFP,0.05,0.025,2,0.667134618985916,0.09367737021550322,10,0.7514231592838658,0.07492100522078313,10,0.6615343939151438,0.09749350490960895,10,0.8770191121106073,0.05679632357525768,10,0.5445275121146484,0.06781862747626156,10,0.10910374201868307,0.03783875532915855,10,0.27866701479113387,0.10600386332078168,10,0.11603989154100418,0.03343600475433414,10,0.44652655720710754,0.17693276320569187,10
nohidden_HO_T20_mixFP,0.05,0.025,3,0.4777345995992195,0.09888597060006074,10,0.6147193440763371,0.06853651764731411,10,0.4672232101242589,0.07398175398138798,10,0.9089182309652554,0.028128380804869638,10,0.17452829795098998,0.030063355225446804,10,0.2746479061367687,0.06436894377756604,10,0.5050504190213854,0.04896441202204022,10,0.2420959636569023,0.06969146116110693,10,1.1487848043441773,0.4728436429092511,10
nohidden_HO_T20_mixFP,0.05,0.025,4,0.5144361802615693,0.07024404905293781,10,0.6423276200436082,0.05901474175203781,10,0.5208074928535531,0.08320313442154013,10,0.8515448444334386,0.04120391331421871,10,0.15661775541442785,0.03025187138306011,10,0.21364564843825384,0.0495317042516705,10,0.4715271289927811,0.08704156017308393,10,0.1933053359389305,0.036919725971218294,10,0.8442997753620147,0.23417113006530765,10
nohidden_HO_T20_mixFP,0.05,0.025,5,0.504634049295877,0.12391331874285849,10,0.6357855549941259,0.0960752252296156,10,0.5143719987163531,0.12470012809762325,10,0.853162499543043,0.04851553212010181,10,0.22999901542772058,0.031317246903139764,10,0.2277058202296555,0.07444670034535505,10,0.4917486658735273,0.12760795945994224,10,0.20479374006390572,0.06479729478908543,10,0.9407464504241944,0.397317379452013,10
nohidden_HO_T20_mixFP,0.05,0.025,6,0.44225936370004204,0.11251791647397495,10,0.5972580047614382,0.08387170506725387,10,0.49297061465697245,0.08572345059744238,10,0.7646364955901974,0.0850857009285723,10,0.3099953178205655,0.043832806940394785,10,0.22858846792437926,0.054305596310830456,10,0.48331023155540576,0.08439443245701227,10,0.2105310872197151,0.04722764414254779,10,0.9580580830574036,0.264497851978674,10
nohidden_HO_T20_mixFP,0.05,0.025,7,0.375413883328966,0.08138733285946223,10,0.5560713674918668,0.05536801042393484,10,0.4422505102696765,0.06441837176580398,10,0.7590829181243425,0.06019923789590108,10,0.3952503083920787,0.07392536709975862,10,0.26280261620030737,0.05609933631666892,10,0.5207624230370316,0.08534190573246475,10,0.25511211454868316,0.05313368825774753,10,1.401474153995514,0.4357609155504085,10
nohidden_HO_T20_mixFP,0.05,0.025,8,0.48683968249700726,0.15220280137366898,10,0.6319445470174619,0.09787872566782121,10,0.5504346425809947,0.0995880453370411,10,0.7450364868280916,0.09657496548457271,10,0.34432049761537786,0.15007951370237624,10,0.1855172281966882,0.07089263613508882,10,0.4058081216956631,0.07497009806510993,10,0.17874431014060974,0.06523646372250906,10,0.7678495347499847,0.3590575610221196,10
nohidden_HO_T20_mixFP,0.05,0.025,9,0.4020510858370477,0.09786469227155502,10,0.5721948169382453,0.06267084177605459,10,0.4632665743441713,0.0626957155227071,10,0.7539496961962067,0.07789419642202396,10,0.4247534843619336,0.09345323616307127,10,0.22022384897357133,0.0425312138275469,10,0.47888456480996766,0.06628632184710448,10,0.2092108368873596,0.03802529493816425,10,0.814995163679123,0.18301464214136412,10
nohidden_HO_T20_mixFP,0.05,0.025,10,0.11383452374104601,0.07234158787549297,10,0.4039824246427949,0.05224102587309789,10,0.3012029172214973,0.04634723477676988,10,0.6167864382042749,0.06328907749669561,10,0.5144819712523183,0.07250015737122745,10,0.3920434067309215,0.03413789421487492,10,0.6460786139876271,0.05809776355644887,10,0.3848102897405624,0.0363851944468935,10,2.33837513923645,0.47275667640325675,10
nohidden_HO_T20_mixFP,0.05,0.025,11,0.13347907567558742,0.05678940107421412,10,0.39703211974582714,0.05678490978074686,10,0.32291964917937277,0.05967071454500218,10,0.5248681960368279,0.07737584346276809,10,0.5177171761750238,0.08188351021481391,10,0.31676430628512575,0.043563973644314226,10,0.6493867173074149,0.06029329791764853,10,0.32641365230083463,0.028180440144789747,10,1.7195127367973329,0.34449355833704787,10
nohidden_HO_T20_mixFP,0.05,0.025,12,0.06790801489990542,0.0875470113958081,10,0.353747271779176,0.07145950411171127,10,0.29035918829597923,0.06662605527579817,10,0.45664146445488785,0.08060457547128107,10,0.4541160334920037,0.08419381934652337,10,0.31729107142112056,0.037957525816009655,10,0.7088648091315163,0.07660853335000328,10,0.337322860956192,0.032821765093890266,10,1.6550750136375427,0.2083701456632835,10
nohidden_HO_T20_mixFP,0.05,0.025,13,0.16933538095476855,0.11657836906334419,10,0.406781130690051,0.09277494803879621,10,0.35284394523815227,0.08516740186936977,10,0.48375777451337465,0.10910826024825095,10,0.3408152065990404,0.07369760911377234,10,0.26497518467953685,0.03373761668829647,10,0.6252963551302287,0.12585058087088294,10,0.27627714574337003,0.031193115637723076,10,1.0545641481876373,0.1066324219644093,10
nohidden_HO_T20_mixFP,0.05,0.025,14,0.17825301968980842,0.09150055002839512,10,0.4136694480276491,0.07084319238356644,10,0.36031947007689763,0.06392752487893837,10,0.4905654199340148,0.09311724009847837,10,0.4088092392900263,0.052855157004819575,10,0.2629444292229317,0.053956292125486215,10,0.606929454848762,0.09421155835723766,10,0.28146816343069075,0.04474775061015255,10,1.3739575922489167,0.5608491783776409,10
nohidden_HO_T20_mixFP,0.05,0.025,15,0.25080485366600297,0.1002996021055695,10,0.4557619308208918,0.08253954377736918,10,0.4110902956804039,0.07047560101950434,10,0.5157086732852448,0.10880192856207195,10,0.38333633159286506,0.06476182535068163,10,0.22860827322665572,0.026223467763090934,10,0.5774775263877208,0.0884862852100112,10,0.2543480172753334,0.03096901264441247,10,1.1983534693717957,0.284128387764566,10
nohidden_HO_T20_mixFP,0.05,0.025,16,0.2747462535598954,0.06259502852917344,10,0.446880841092309,0.059886011145018,10,0.4731443319949449,0.04533374107388562,10,0.4315923747920688,0.10033232189235013,10,0.5808638265329797,0.06546241541147203,10,0.194367548075134,0.0454542807671961,10,0.4989457515970539,0.05281690531821013,10,0.23088909089565277,0.03562581178916988,10,1.4328167974948882,0.3511364159945707,10
nohidden_HO_T20_mixFP,0.05,0.025,17,0.2871038422792578,0.03558048570078146,10,0.4649008652534158,0.04347367689942185,10,0.4692719782716823,0.028382126008954817,10,0.46913698081559696,0.0968867385248531,10,0.4881360851550978,0.06533968800854856,10,0.2245473574737605,0.03142795479269716,10,0.464369088989686,0.03233173022983027,10,0.23268048614263534,0.02689475386183001,10,1.2466238856315612,0.12438108964912661,10
nohidden_HO_T20_mixFP,0.05,0.025,18,0.31041383938139466,0.05636901171714322,10,0.4761847249182319,0.05567634452268276,10,0.49558639682244543,0.020535710212399083,10,0.4694283916463654,0.12011675914854797,10,0.6054293832249431,0.12700194865864506,10,0.17749985518647915,0.04479162029728876,10,0.4175863498973058,0.04723080509270155,10,0.20697497576475143,0.03255645272557356,10,0.8687822639942169,0.22843106295817334,10
nohidden_HO_T20_mixFP,0.05,0.025,19,0.7227911712447419,0.04605383678578917,10,0.7903753563209287,0.025845089412805305,10,0.8206273755109692,0.05220941788093494,10,0.7669091368128664,0.053716179316652,10,0.37089743606202197,0.08931453428593344,10,0.0499873788412704,0.030502844154005785,10,0.1658286296197391,0.09831241922920322,10,0.08309208229184151,0.024208747816268656,10,0.3326133355498314,0.10273845640389746,10
nohidden_HO_T20_mixFP,0.05,0.025,20,0.922200764527371,0.0018414120773264451,10,0.9421025654009691,0.002208498303952277,10,0.9304057291545172,0.0053721570780557604,10,0.9541236287666661,0.0026635468294372014,10,0.24083661969532347,0.0692909510379338,10,0.023059032465623776,0.0025740590129932728,10,0.3910871541801436,0.06897076577698578,10,0.026193915866315365,0.002815199986814194,10,0.1403414249420166,0.02535279293494824,10
nohidden_HO_T20_mixFP,0.05,0.05,1,0.5948220836502129,0.11649390089712966,10,0.7003418849460761,0.08692245703200613,10,0.6774982571818926,0.0983925136802186,10,0.7266095607075688,0.07920026962510834,10,0.8533386833739149,0.11091800235855798,10,0.08389651939758569,0.03872563106545018,10,0.28665802527011996,0.10124145055956443,10,0.12039929628372192,0.035451763368600744,10,0.4379725128412247,0.126010572489528,10
nohidden_HO_T20_mixFP,0.05,0.05,2,0.6831520694130429,0.08773916858090884,10,0.7631106009264765,0.07053167200482431,10,0.6754178668950888,0.09249325905212685,10,0.8835958471504046,0.05443136575115206,10,0.5536999972714197,0.06642731679757961,10,0.10072298246858505,0.034846861295980365,10,0.270412003203159,0.10051802065138536,10,0.108015276491642,0.03083286411696624,10,0.40564265102148056,0.15649876734130136,10
nohidden_HO_T20_mixFP,0.05,0.05,3,0.48778693781122173,0.10267005461579655,10,0.6212943505675161,0.07176824110355055,10,0.47418615898876626,0.07841415528893414,10,0.9124102352174498,0.027306586304636334,10,0.18811830849946018,0.03292063092736405,10,0.2675476102158523,0.06645262979095617,10,0.5057654148419063,0.05060767181616905,10,0.23594810217618942,0.07095597512512915,10,1.0999657571315766,0.45833523558981215,10
nohidden_HO_T20_mixFP,0.05,0.05,4,0.5252665928588982,0.07430684946861024,10,0.648433081917388,0.06269831286276892,10,0.5214421235844041,0.08543510688088689,10,0.8712674691296758,0.0382345566746021,10,0.1501216021773259,0.03226102915437687,10,0.2167997797114844,0.051791612271385554,10,0.4854806069982661,0.09012682873602253,10,0.192623333632946,0.03985711487989452,10,0.8232891708612442,0.2413369534455668,10
nohidden_HO_T20_mixFP,0.05,0.05,5,0.5150299641419844,0.11858768827173685,10,0.6413562257733771,0.0933378430432783,10,0.5141776915975564,0.11938463499260084,10,0.8723305228158222,0.044135636543992725,10,0.2207164441154939,0.03217557014282638,10,0.23057075639732946,0.07346297913687325,10,0.5064450114093461,0.12528807275659637,10,0.20443116426467894,0.06365873961507094,10,0.9275939375162124,0.38816285514250637,10
nohidden_HO_T20_mixFP,0.05,0.05,6,0.46019856335594056,0.11190573159810707,10,0.609046883479802,0.08326797587704106,10,0.4986097404955651,0.08675395158306391,10,0.7896562967654974,0.07852474330459241,10,0.3009888022197166,0.044196179201807045,10,0.22691188013529037,0.054863651974851095,10,0.49440555496466043,0.08598160955947277,10,0.20667663663625718,0.04812160783823166,10,0.916072529554367,0.2579818744321303,10
nohidden_HO_T20_mixFP,0.05,0.05,7,0.40020084942944767,0.07851213631882792,10,0.5713070036518513,0.0544932404907842,10,0.4507495272808332,0.06446563017732401,10,0.7901069050089295,0.05334634090051713,10,0.3783902566635063,0.07067998673430977,10,0.26095276823511465,0.05567075385994181,10,0.5243582075767876,0.08290457215394764,10,0.25017156153917314,0.05281266012555685,10,1.3590893924236298,0.44169776021520923,10
nohidden_HO_T20_mixFP,0.05,0.05,8,0.5064841492179005,0.14069462970468044,10,0.645352030428453,0.08974328625229394,10,0.5533066725062248,0.09123278772829645,10,0.7774275085002271,0.09067007473103891,10,0.3376764027023279,0.1528978714625697,10,0.18521922707787392,0.06665490993493603,10,0.41186028136563957,0.0802720579511495,10,0.17525208741426468,0.06053970231019544,10,0.7280903071165085,0.31134153782244717,10
nohidden_HO_T20_mixFP,0.05,0.05,9,0.45526118072872823,0.08997549298422668,10,0.6073365985355333,0.058162651681161096,10,0.49492344058598714,0.06529107946372809,10,0.7925537069280115,0.05986027748097547,10,0.4226315819686925,0.10460505741920655,10,0.20773855151238765,0.04624919586080356,10,0.4541048193075021,0.08274270472984994,10,0.19204416126012802,0.037985306564971,10,0.7462858617305755,0.18423916624309478,10
nohidden_HO_T20_mixFP,0.05,0.05,10,0.18525365776881741,0.06465869950010432,10,0.44264333389125277,0.050572010973781695,10,0.33427423020849945,0.04693442038457141,10,0.6588112673600335,0.056450710225218075,10,0.5087694853380702,0.07002695418617062,10,0.3547182679941967,0.032614268279574095,10,0.6125000284706543,0.05842860713157246,10,0.3515182226896286,0.034364181470238404,10,2.0954664945602417,0.4362879088559926,10
nohidden_HO_T20_mixFP,0.05,0.05,11,0.160336300897549,0.06614724961991227,10,0.4192441235882777,0.06076776158777144,10,0.3336315811215259,0.06865386652833479,10,0.5776062838433325,0.07292874892177739,10,0.49135017617677584,0.09160548623785783,10,0.3248800165462035,0.05998254323163676,10,0.6303046546252571,0.07735685274240596,10,0.33161978125572206,0.04405735154147747,10,1.8030152440071106,0.493733627714678,10
nohidden_HO_T20_mixFP,0.05,0.05,12,0.1420838417283345,0.08467008045927568,10,0.41013195661818874,0.06808511895627166,10,0.32294438668548603,0.06220566565058138,10,0.5670041000610452,0.07987799510369782,10,0.4355729522465185,0.0784344422263444,10,0.31122337446654696,0.03352519710791098,10,0.6357876865989199,0.06472209454963228,10,0.32378890216350553,0.029922042612381867,10,1.50327467918396,0.21152576689596767,10
nohidden_HO_T20_mixFP,0.05,0.05,13,0.2899428000296316,0.09200736819897555,10,0.4952839413709335,0.07039123538908068,10,0.40710566323704545,0.0521565982586857,10,0.637989619106692,0.1161268636946696,10,0.3144614101461146,0.0866940064149324,10,0.2448701891278505,0.02373957161205969,10,0.5092351206798453,0.06958844500865963,10,0.24790279269218446,0.020746367950478,10,0.8959499895572662,0.08684074033827252,10
nohidden_HO_T20_mixFP,0.05,0.05,14,0.33332077146157696,0.09891676188038893,10,0.5260783072403439,0.06909688613642175,10,0.4270008399900508,0.06380673394958829,10,0.6931049075884056,0.09366758789233756,10,0.3464917854350166,0.06397516956769848,10,0.2461154161507369,0.049023194451438136,10,0.5036779775122472,0.06924575828617391,10,0.2495540350675583,0.04599266611505454,10,1.1813911080360413,0.5096005533642448,10
nohidden_HO_T20_mixFP,0.05,0.05,15,0.41230891617107546,0.09081650904383906,10,0.575442212498986,0.0668525347472192,10,0.4763612574854723,0.06366847129032939,10,0.7350038365020193,0.09795708876085854,10,0.3250397582829259,0.05051000650227495,10,0.2141715037350586,0.02532266271969538,10,0.47539100933015793,0.033469160177633545,10,0.2190426081418991,0.03167196529386152,10,0.9883939266204834,0.2840666116206162,10
nohidden_HO_T20_mixFP,0.05,0.05,16,0.41007174611959335,0.06354731022524056,10,0.5738458317246864,0.04019042572026622,10,0.5024498108788192,0.03596047786436828,10,0.6774100997468115,0.08967059061325505,10,0.48165925053353964,0.061003832572409836,10,0.20076470907511604,0.04802136354880084,10,0.4842488220016721,0.039535674358274264,10,0.2128385692834854,0.04058655174628354,10,1.1917101621627808,0.3828755497491313,10
nohidden_HO_T20_mixFP,0.05,0.05,17,0.4211838519332095,0.04604983450861671,10,0.5832691543086779,0.021403240377698113,10,0.49261291832524545,0.025273276840356573,10,0.7243643050427206,0.0845406644949287,10,0.34066989033380096,0.07016386515784642,10,0.22624777572922725,0.04063128935843312,10,0.5286309548017878,0.03406393181511423,10,0.21706896871328354,0.03418372929853664,10,1.0571080207824708,0.15205537711167713,10
nohidden_HO_T20_mixFP,0.05,0.05,18,0.43687890093074994,0.05458856211756805,10,0.5928028498457314,0.029278126530688602,10,0.4977419868932236,0.02330783655397036,10,0.7438484744881214,0.10282972133097895,10,0.4714999305837845,0.10481722347041744,10,0.20456984651733606,0.04708154253598787,10,0.4581650501270135,0.059926137541275626,10,0.1985777273774147,0.03332643490321647,10,0.7590525150299072,0.18468669574703658,10
nohidden_HO_T20_mixFP,0.05,0.05,19,0.7325668982374844,0.047331737825734695,10,0.8022783965615903,0.02551138424488904,10,0.7287690054483054,0.04376789655828763,10,0.8971374849077902,0.05102641201013216,10,0.27505374374266706,0.07276236675233098,10,0.09006455314019031,0.0430965220820799,10,0.4073714336634465,0.11740033329614481,10,0.09221285954117775,0.0289592131845169,10,0.3731967359781265,0.1283066689290406,10
nohidden_HO_T20_mixFP,0.05,0.05,20,0.8804244224212272,0.002707207309494252,10,0.9105608969805192,0.00558824103956178,10,0.8643210261319831,0.012657538009665462,10,0.9621831156267161,0.00453972265870415,10,0.21596502594067518,0.061687563665611365,10,0.04107874880879158,0.002444325282501178,10,0.5719056781323859,0.049741078121545775,10,0.041654035821557044,0.003177194414977654,10,0.22791989743709565,0.03768619551936868,10
nohidden_HO_T20_mixFP,0.05,0.1,1,0.6588820704136424,0.08982960413441862,10,0.7478330388976648,0.06805749037555349,10,0.7155547085315233,0.07669488582264183,10,0.7845661827585728,0.06444636304757255,10,0.8200981530014829,0.11266521956952263,10,0.06652747010169739,0.026859837392372028,10,0.26780476594336167,0.08050452268702298,10,0.10030944123864174,0.026370870529749648,10,0.35341359227895736,0.08999956281444364,10
nohidden_HO_T20_mixFP,0.05,0.1,2,0.7087934640068478,0.07377741248579914,10,0.7819052600280076,0.06030612107364363,10,0.696670528552297,0.08055152678018408,10,0.896096069675625,0.04852304837670763,10,0.5685989551040942,0.06686846654804456,10,0.08941368110654076,0.02924356582859847,10,0.2820528576786078,0.08792363370484348,10,0.09543879106640815,0.025031055000336415,10,0.34140710681676867,0.11481297629482173,10
nohidden_HO_T20_mixFP,0.05,0.1,3,0.5172117629381744,0.10695725535304904,10,0.6408756524837214,0.07635257948409428,10,0.49540235129303795,0.08592122149741105,10,0.9201699020854844,0.02518423755553482,10,0.2159204419775953,0.04043389832789805,10,0.24809433240958284,0.06714838172198175,10,0.49863068830293145,0.05860939187371324,10,0.2180520102381706,0.06932974135686922,10,0.9729005575180054,0.40818992302242774,10
nohidden_HO_T20_mixFP,0.05,0.1,4,0.5477646718565095,0.07575123502284292,10,0.6611564041571194,0.06534178543725305,10,0.5251340274331273,0.08508081982646998,10,0.9058167974388075,0.028688639092958514,10,0.14876549402294334,0.043983965512818114,10,0.21985729069076393,0.05283406480454078,10,0.5117199079818786,0.08894439535787732,10,0.18960334435105325,0.042356529523586185,10,0.7797319084405899,0.24018338376303386,10
nohidden_HO_T20_mixFP,0.05,0.1,5,0.5246491828986471,0.10797712578247262,10,0.6448229875356103,0.08724215966579274,10,0.5073915513652636,0.10822096074728384,10,0.9030337961404419,0.03675327303564902,10,0.2054008839424301,0.034946734363410795,10,0.24047982196409987,0.07059308922183166,10,0.5468705078463865,0.11106301160756152,10,0.20857531875371932,0.06148766555126761,10,0.9315844893455505,0.3748817258912658,10
nohidden_HO_T20_mixFP,0.05,0.1,6,0.4869168279675417,0.11255525958645954,10,0.6256400874718088,0.08365729706672671,10,0.5033753466145122,0.08972302397863452,10,0.8344440963928003,0.06654270108810095,10,0.28464979042453775,0.04479522907798014,10,0.22882820754857164,0.055471821174275605,10,0.520268628470334,0.08633801828452904,10,0.20338851138949393,0.04909783168041766,10,0.8624877154827117,0.24335951780433238,10
nohidden_HO_T20_mixFP,0.05,0.1,7,0.436650059671127,0.07282291203323163,10,0.5926011433938247,0.05252716157733042,10,0.4605496248647974,0.06236250884257803,10,0.840112862661692,0.039662925737893366,10,0.34984519359361144,0.06554020992584231,10,0.2614496815021862,0.05424775939586687,10,0.5413709040485598,0.0732387628340157,10,0.24374525099992753,0.052462520862196785,10,1.2879118204116822,0.45277618846913653,10
nohidden_HO_T20_mixFP,0.05,0.1,8,0.5328040927468337,0.11454170346407354,10,0.6615221508371134,0.07184332508462979,10,0.5498705478118588,0.07570070882283149,10,0.8340376378491925,0.07090807635866213,10,0.32507978854368985,0.152061804907324,10,0.190186879819387,0.059320185279805746,10,0.44107286190761313,0.0899233000652193,10,0.17374890595674514,0.0519046656421317,10,0.6896016210317611,0.23948346222424607,10
nohidden_HO_T20_mixFP,0.05,0.1,9,0.5330309661267141,0.08413508170372354,10,0.6584670060347606,0.05938585608455064,10,0.5392291607223599,0.07286053007962039,10,0.8526689978350028,0.03437201603747517,10,0.41568202493100614,0.1251273006193301,10,0.19762395187978737,0.05017940036488556,10,0.44226672689191304,0.07533723661133959,10,0.17165900468826295,0.039671210899785876,10,0.6755521774291993,0.19440421979807565,10
nohidden_HO_T20_mixFP,0.05,0.1,10,0.29260643023110977,0.06106244914679657,10,0.504318131981175,0.05372147010203471,10,0.3855350923440562,0.054104931619940094,10,0.7340141008142996,0.04461701771588377,10,0.49530065747469354,0.06541794487967001,10,0.306300331272672,0.03406800666345063,10,0.578641585082001,0.06048378991948131,10,0.3046613156795502,0.03429837264616699,10,1.7265273332595825,0.39679223072766917,10
nohidden_HO_T20_mixFP,0.05,0.1,11,0.1878201475544366,0.08928697888350609,10,0.4424963159393319,0.07387852142306234,10,0.33996321593537737,0.08015557162465232,10,0.6495038442444909,0.06824486564183564,10,0.45206674611978126,0.09115028932473478,10,0.3438798351952175,0.07299777492739079,10,0.6290869953175171,0.08479809010131835,10,0.3459846436977386,0.06026231273103842,10,2.009096598625183,0.7014625041362121,10
nohidden_HO_T20_mixFP,0.05,0.1,12,0.21638870577031444,0.10724162837077547,10,0.4614222120567974,0.08056765925119316,10,0.3478604410633558,0.07288413052398263,10,0.6914435386556322,0.08063106775955486,10,0.415357989688317,0.07463822823121567,10,0.31776303382969545,0.041411400486321165,10,0.5864256163898832,0.06543949854958772,10,0.3126408487558365,0.03627348250024323,10,1.3396278202533722,0.23122824038791537,10
nohidden_HO_T20_mixFP,0.05,0.1,13,0.4116120032285676,0.05980706941243841,10,0.575276037586388,0.04374764761566165,10,0.4478297491160381,0.041430573513363794,10,0.8127990598955513,0.08317225372596969,10,0.291457176342887,0.10184625157483713,10,0.25261180755712204,0.04321122811115881,10,0.45265704914679905,0.06500466266934506,10,0.2296273559331894,0.029277584559872075,10,0.8080869138240814,0.1582923386432454,10
nohidden_HO_T20_mixFP,0.05,0.1,14,0.446434559775781,0.06672560148335994,10,0.5932097312725693,0.055254799346664704,10,0.4506414723413726,0.061892578765579194,10,0.8795691197546448,0.047016027117772176,10,0.28612219450293896,0.06527576849469564,10,0.2752332654450224,0.044498485029266316,10,0.5239717944734705,0.0700468865235843,10,0.24307025223970413,0.039760132742994364,10,1.1085813522338868,0.4108043015531576,10
nohidden_HO_T20_mixFP,0.05,0.1,15,0.5064880704385082,0.05188715883759073,10,0.6297202256980958,0.05346521504244772,10,0.48301820997702744,0.06644289808932262,10,0.9149111204743855,0.02448533678492082,10,0.26941551655401136,0.033855987443140424,10,0.24999332595192375,0.03918762616607824,10,0.5504690198835386,0.059896569990926456,10,0.21691054254770278,0.029331927193756487,10,0.9512458741664886,0.2644256787606544,10
nohidden_HO_T20_mixFP,0.05,0.1,16,0.4663325499343238,0.04795450814111185,10,0.6094219586990807,0.028677321671975998,10,0.4680934354375726,0.031535886774766965,10,0.8756520532232906,0.031222449650011207,10,0.35738397822078705,0.048840844440311094,10,0.25979081183695224,0.03518375734428851,10,0.574368995436559,0.04368847979893485,10,0.23249984234571458,0.0356408280669403,10,1.2279328882694245,0.3695240836893275,10
nohidden_HO_T20_mixFP,0.05,0.1,17,0.46214734208469743,0.0362803367999974,10,0.6008717546467562,0.02005949176208815,10,0.4465926152175195,0.025649103234176726,10,0.9207165378034003,0.014428148774976278,10,0.18104964944151636,0.04752352943143264,10,0.29837138247916883,0.029998539637735248,10,0.6719495642233961,0.03855295406530756,10,0.2517927274107933,0.02938737664678252,10,1.1434517085552216,0.15564630031703505,10
nohidden_HO_T20_mixFP,0.05,0.1,18,0.46946596484778763,0.0367510787922882,10,0.5994220364825044,0.031564628598558415,10,0.43866349727279197,0.04146721737400437,10,0.9544380186544175,0.027333171631199322,10,0.3100124993052877,0.0678132862789099,10,0.3049880368064585,0.037896366183618704,10,0.6259664540977677,0.05659515416010329,10,0.24302318841218948,0.02895072560353258,10,0.8683521628379822,0.079471592607057,10
nohidden_HO_T20_mixFP,0.05,0.1,19,0.6510730732043776,0.03383154072186959,10,0.7303425842720042,0.02317359444234557,10,0.5827284538309231,0.03364072584763086,10,0.9805735047023981,0.009499460206474563,10,0.1752737206546052,0.04915621029451864,10,0.19495209433564853,0.0343006085056189,10,0.7393238204927842,0.051247251016617076,10,0.15221187919378282,0.026939040821813125,10,0.6744213342666626,0.1311358579195068,10
nohidden_HO_T20_mixFP,0.05,0.1,20,0.7960791615182568,0.010879692597468307,10,0.8446120320353249,0.015776254080944466,10,0.7482103770387487,0.027615619166755378,10,0.9703574779081976,0.004853568893932521,10,0.17430565236485882,0.04666578910319072,10,0.08555258113983102,0.004334358383403007,10,0.7189016097166704,0.028550494524560557,10,0.07930309250950814,0.002811230932971557,10,0.49725750684738157,0.05643393574500218,10
nohidden_HO_T20_mixFP,0.05,0.2,1,0.7228145571498003,0.03227964889364338,10,0.7943348761036273,0.028586926892784057,10,0.7208479488378321,0.035926521827213176,10,0.8855925512032383,0.030623291755645196,10,0.6902256758074645,0.11802571165240464,10,0.07505852662978565,0.009610945962414462,10,0.3359222996218053,0.06397900263209569,10,0.08615739196538925,0.008130341249362528,10,0.29862944781780243,0.02666927646222565,10
nohidden_HO_T20_mixFP,0.05,0.2,2,0.7349541181268775,0.040725896161937475,10,0.8010516267672878,0.03610535408631848,10,0.7108358247319453,0.05046098718017142,10,0.9202414630389824,0.03391151431802992,10,0.5799351987668261,0.07025034802506332,10,0.08764610879402483,0.020136747792627575,10,0.3403945378640325,0.08431331989444595,10,0.08481936007738114,0.01221787874318777,10,0.28941462337970736,0.043638046276241245,10
nohidden_HO_T20_mixFP,0.05,0.2,3,0.5830145663976072,0.08199951374029327,10,0.6852592856981972,0.06238798809224258,10,0.5428253601883857,0.07415135025728557,10,0.9372986693651251,0.01689201925476819,10,0.2918802094788755,0.05951392354226834,10,0.20323528348909847,0.052900018399752634,10,0.49093224067807234,0.05267242557574557,10,0.17487867549061775,0.0497379110376296,10,0.6968358397483826,0.2561578408814875,10
nohidden_HO_T20_mixFP,0.05,0.2,4,0.5849089503672686,0.05746306993546312,10,0.6823475950428285,0.05509679396296336,10,0.5349163763320128,0.07057806117135366,10,0.951909131624121,0.006622737316476907,10,0.19811655862552185,0.0640822400566634,10,0.21671933733285945,0.046926108789260505,10,0.5609342337974097,0.07486114512920655,10,0.17968730702996255,0.03532371136677552,10,0.6953126013278961,0.17618893942170505,10
nohidden_HO_T20_mixFP,0.05,0.2,5,0.5204338439501563,0.08935900594988312,10,0.6364969999039071,0.07499009114323543,10,0.4847138800459002,0.08804255002413498,10,0.9425236791579182,0.021462915862126775,10,0.19144085865285906,0.04866942382053804,10,0.2662179811753673,0.06574336183486099,10,0.6321582751189123,0.06452494598002693,10,0.22709971740841867,0.058618655287642,10,0.9980723977088928,0.3553647389656093,10
nohidden_HO_T20_mixFP,0.05,0.2,6,0.5020633124659538,0.09659917553386684,10,0.630008840901937,0.07292031712829179,10,0.48600706060436816,0.07742517431388901,10,0.9034018549252861,0.04413460794377505,10,0.2525715296318515,0.051057349397094276,10,0.24978050187523965,0.05318014789711495,10,0.6009671948726907,0.06723028613762201,10,0.21472395956516266,0.04636145653567739,10,0.8728331387042999,0.21740078503341617,10
nohidden_HO_T20_mixFP,0.05,0.2,7,0.4727456373528887,0.05944088436876227,10,0.6109358217071053,0.04381976482903738,10,0.46383926714395496,0.05114532299988391,10,0.901607874714305,0.01722760067867592,10,0.30120198192470715,0.05745998690445132,10,0.2710452274795923,0.05071300042490282,10,0.59506075655859,0.05705308690687881,10,0.2404981628060341,0.04870729720432436,10,1.1764013111591338,0.39753117878239197,10
nohidden_HO_T20_mixFP,0.05,0.2,8,0.5500519994681401,0.07458832163085077,10,0.6651577605272979,0.047139494117650386,10,0.5231958593251382,0.05458291676547866,10,0.9178806303763618,0.03178789490890683,10,0.3003400953102238,0.13204764055361318,10,0.21784783641206826,0.05455849816013465,10,0.5298129166312316,0.0971178601134973,10,0.18497126772999764,0.043056504578889654,10,0.7045026957988739,0.18368117037251738,10
nohidden_HO_T20_mixFP,0.05,0.2,9,0.5628606721959486,0.06842544872647136,10,0.6735565944600475,0.04986601347779414,10,0.5347511229411117,0.06038032647772789,10,0.9156387177724087,0.026951719916777885,10,0.38159413398265907,0.14499816652808337,10,0.21894321663468616,0.04860511577892594,10,0.5111752839026336,0.06071043639563158,10,0.17949331179261208,0.03803872643584548,10,0.7225336581468582,0.19233692268545902,10
nohidden_HO_T20_mixFP,0.05,0.2,10,0.4037357783383519,0.05710462678507416,10,0.5697659609419892,0.0536552412274799,10,0.436274431009292,0.05779267610943678,10,0.8274580099201578,0.031420888285967855,10,0.4457101337897746,0.06485568727086678,10,0.2706022736416832,0.029593768481548183,10,0.6034855556068264,0.05629746684804575,10,0.25809400975704194,0.031735820359523166,10,1.2723630011081695,0.298691826478934,10
nohidden_HO_T20_mixFP,0.05,0.2,11,0.21764171566153986,0.10997583864519771,10,0.4630623625136175,0.08511345400058107,10,0.34609289207063426,0.08793543984211384,10,0.7165274378319391,0.06630978509653149,10,0.4205274942560299,0.08588858358265186,10,0.3556664426737906,0.07872070902106505,10,0.6266682834623253,0.08854412341288662,10,0.35200622379779817,0.06816425559961693,10,2.025947296619415,0.7101744773824755,10
nohidden_HO_T20_mixFP,0.05,0.2,12,0.24062634906167765,0.11191897624025765,10,0.47718798822283376,0.08081687868552843,10,0.34668745259421013,0.07335127437585402,10,0.7745318821769449,0.06692061348886974,10,0.3987769987040708,0.0747371195644796,10,0.34812275248745805,0.045936084063700054,10,0.6016413769067098,0.052939287860186625,10,0.32513294368982315,0.043144372522795425,10,1.3184653997421265,0.244813647856263,10
nohidden_HO_T20_mixFP,0.05,0.2,13,0.42496469480848076,0.044799870337101554,10,0.5761571398786302,0.0400255453342502,10,0.4245734158618212,0.04734419962216801,10,0.907068258477713,0.04592891357004432,10,0.26148291107830135,0.11081099220299558,10,0.3059810290696968,0.04879929263676557,10,0.510329169032486,0.07402287143325964,10,0.2554104566574097,0.037246456121750426,10,0.9006568014621734,0.19109565555643762,10
nohidden_HO_T20_mixFP,0.05,0.2,14,0.43718767764452215,0.05841159471618232,10,0.5786110984426388,0.057139470869534,10,0.42170690561260527,0.06329122584755992,10,0.9376437061618903,0.03755981503303401,10,0.24911296358840862,0.06700882371333561,10,0.327646140583596,0.05047723665875399,10,0.6551775554722519,0.05208145110957372,10,0.2781908020377159,0.04064776347574667,10,1.212141364812851,0.29044851640118263,10
nohidden_HO_T20_mixFP,0.05,0.2,15,0.48727120954578523,0.05823691058723582,10,0.6107101911491708,0.06115100898430474,10,0.4532050037278637,0.06953769599123101,10,0.9484770352057115,0.010331722446531503,10,0.2507592851262413,0.03213241795519048,10,0.29155049613059975,0.04434973415466845,10,0.6436135023627497,0.06068791179390597,10,0.24833872467279433,0.03563135802598394,10,1.105790376663208,0.2545073632475427,10
nohidden_HO_T20_mixFP,0.05,0.2,16,0.4275825517265095,0.04364106653424734,10,0.5782112214662767,0.03413889153988594,10,0.42478391458871145,0.03522123399429168,10,0.9088143609326718,0.032333508542092916,10,0.31018587667687764,0.04599422603837176,10,0.3096316439484262,0.02822567717048972,10,0.6482174924465525,0.04302718793865179,10,0.27090974897146225,0.02932335982621117,10,1.406225824356079,0.33292905181915466,10
nohidden_HO_T20_mixFP,0.05,0.2,17,0.4262319066169701,0.03332322503616333,10,0.5700103975348532,0.032151834982960426,10,0.40689626504019855,0.03297427854131666,10,0.9549073953200955,0.009317044623676312,10,0.12573486042907717,0.03799032489476903,10,0.3567590851951005,0.02289915524274658,10,0.7501758585548586,0.05249108586747096,10,0.3040150135755539,0.02321116263584971,10,1.4271050691604614,0.15630320393877437,10
nohidden_HO_T20_mixFP,0.05,0.2,18,0.41592705005371255,0.04461413794007023,10,0.5577731198477827,0.04187787591765272,10,0.39079785334876316,0.044466726960793075,10,0.98247607465791,0.008579769043116069,10,0.2542627909579581,0.0551087208160271,10,0.3744662825395048,0.03902968964924434,10,0.7199225294201881,0.05807035417551379,10,0.30395163744688036,0.033748514488983736,10,1.1301160275936126,0.10421090997446826,10
nohidden_HO_T20_mixFP,0.05,0.2,19,0.5289073481995955,0.03567957793312796,10,0.6348403138601625,0.034759776397914284,10,0.4685231074901199,0.03958188505011714,10,0.9884209089167921,0.001966787774955196,10,0.14330998023564656,0.03787066422392064,10,0.2933006849584645,0.03188008923380596,10,0.8295476287071253,0.026698541895879127,10,0.24632877856492996,0.02768580822686536,10,1.2562871277332306,0.16172495836936723,10
nohidden_HO_T20_mixFP,0.05,0.2,20,0.6543688004293821,0.023312646197802236,10,0.7326564839862207,0.031884321186226944,10,0.5891206104550304,0.0438342990003577,10,0.9720146803398686,0.005443887150969083,10,0.12512318634281389,0.028352662475269432,10,0.17426311344555617,0.012467309298069018,10,0.8123343321739904,0.01861462695099425,10,0.1615440294146538,0.007404591520107953,10,1.212379515171051,0.10471436130527087,10
nohidden_HO_T20_mixFP,0.1,0.01,1,0.4986716346122334,0.13286426264691573,10,0.628091323752711,0.09781015194448185,10,0.6176270115263873,0.11303367967687117,10,0.6413302174632662,0.08684701672230084,10,0.8788220636323553,0.11052241754768957,10,0.11153207579324668,0.049333429890419125,10,0.31774688064031154,0.12711233211608922,10,0.15039860159158708,0.042010840971352964,10,0.5684608459472656,0.15587315098870164,10
nohidden_HO_T20_mixFP,0.1,0.01,2,0.6298895663066836,0.09321513657951111,10,0.7253144502048807,0.07482471071935864,10,0.6392215380678223,0.0993198683372078,10,0.8465722928992994,0.05664803523343006,10,0.545260000927213,0.06748053940230818,10,0.11207833430700542,0.04084510156655847,10,0.29301076675757676,0.1171560033866311,10,0.12821690663695334,0.033382349172835925,10,0.4943960279226303,0.18290768221642223,10
nohidden_HO_T20_mixFP,0.1,0.01,3,0.468209682692203,0.09196869368306909,10,0.6100226731625382,0.0637913464883442,10,0.4659676370947512,0.07008766151597175,10,0.8927770359945539,0.02508048966192312,10,0.16676093815035767,0.029441233776364255,10,0.2702316221959326,0.061344169029583534,10,0.4974314206212818,0.04992770713890384,10,0.24102962613105774,0.06545634202434945,10,1.1216345250606536,0.43598865273906195,10
nohidden_HO_T20_mixFP,0.1,0.01,4,0.5026766396324438,0.06510838246419863,10,0.6354966731364488,0.05446095580800635,10,0.5202487482873884,0.08060439679235765,10,0.8298328156265591,0.042781523382412937,10,0.15746246804047342,0.032597541214911006,10,0.21026400981802693,0.04772012405686418,10,0.4546029995683642,0.08368662427843454,10,0.19362235814332962,0.03406149061374466,10,0.8412895560264587,0.21727087835508313,10
nohidden_HO_T20_mixFP,0.1,0.01,5,0.4922663710207975,0.12016775161793265,10,0.6287670224474429,0.0930474470788232,10,0.5148542667483331,0.1251459472628303,10,0.8284921689120335,0.046311190951999516,10,0.23362481754116277,0.03153206667557111,10,0.22213070266722817,0.07328641683192282,10,0.47697074511042115,0.1281668234143286,10,0.20357218906283378,0.06206059685445388,10,0.9141204267740249,0.3705124213339858,10
nohidden_HO_T20_mixFP,0.1,0.01,6,0.4352632720677086,0.11676830451763455,10,0.5925836231044165,0.0876591905311019,10,0.4964210000194432,0.09284951393241188,10,0.7428833167885944,0.08543256171948745,10,0.316764484981729,0.046305287247426094,10,0.22299544094149767,0.057373943621293874,10,0.4635510492461199,0.08577394432507751,10,0.20880719274282455,0.048714698649029435,10,0.9506751954555511,0.2695827822464179,10
nohidden_HO_T20_mixFP,0.1,0.01,7,0.36326481288735935,0.07368149361961496,10,0.5480658899294941,0.052194978676469606,10,0.43892128414028597,0.06053614980117586,10,0.7392506224030728,0.06239769692807729,10,0.40689375286960416,0.07652815963883873,10,0.2599057264546185,0.05229254463068571,10,0.5152018329069964,0.08497595655237607,10,0.25512144416570665,0.049771406075946864,10,1.3924414217472076,0.41436197965200183,10
nohidden_HO_T20_mixFP,0.1,0.01,8,0.47752383049191255,0.13564132125378828,10,0.6242685049717334,0.08757530920599826,10,0.5540100889256178,0.09213842748978046,10,0.7184894024433806,0.08643831093580943,10,0.3557284303949406,0.15369879604410144,10,0.18048409763713705,0.06756495460903081,10,0.3873419100405973,0.07837947959440293,10,0.1780481182038784,0.060234183692622956,10,0.765094667673111,0.33353917255243254,10
nohidden_HO_T20_mixFP,0.1,0.01,9,0.40422946544290284,0.08851328447825356,10,0.5731692440336162,0.05980681573926662,10,0.4735020671125567,0.06318765388305024,10,0.7321805022182253,0.0726582724470757,10,0.44729475059242274,0.09703848659640434,10,0.20845047653672238,0.03959151880803455,10,0.4621445295499581,0.06954725216446858,10,0.2009699523448944,0.034311872405327785,10,0.7771660268306733,0.16736723223009625,10
nohidden_HO_T20_mixFP,0.1,0.01,10,0.0949625732674718,0.07176679892964126,10,0.3935962562877583,0.0516784775399862,10,0.29349636324409817,0.04619347370624875,10,0.6011184019446733,0.06080316806332614,10,0.5428337237000253,0.06850811447768866,10,0.39709883268766105,0.03705144251211874,10,0.6575092446371387,0.061057326262829656,10,0.39250501096248624,0.037774924087671954,10,2.4070969104766844,0.4576843190311427,10
nohidden_HO_T20_mixFP,0.1,0.01,11,0.13920926386700505,0.04659408567617723,10,0.401067039451312,0.050666021728932385,10,0.3257260019647299,0.05405108605102849,10,0.5306595943506699,0.07157218012992289,10,0.5104086006151326,0.07957639353563155,10,0.314741956379873,0.04183238375247463,10,0.64637503169676,0.05772717919133743,10,0.32462000846862793,0.026994975828389597,10,1.6984553337097168,0.3312195581742014,10
nohidden_HO_T20_mixFP,0.1,0.01,12,0.10487652651261892,0.0752878110289649,10,0.3745290198188769,0.06435824624005464,10,0.31183078582003626,0.06262652023114099,10,0.47260585731330507,0.06947144929880737,10,0.442454207061472,0.08469739802584825,10,0.2961413515870019,0.035823948706415455,10,0.6877147293383605,0.07418371427871377,10,0.3193405270576477,0.030394970998249726,10,1.5207717418670654,0.17466466076470014,10
nohidden_HO_T20_mixFP,0.1,0.01,13,0.20078954754512188,0.10216090800869042,10,0.4237496888003296,0.08440634573031706,10,0.3775695817315078,0.0801256952337379,10,0.48668306851632626,0.09869933243720691,10,0.35472395659627587,0.07282864474767956,10,0.24113422997709222,0.031190762506103097,10,0.5939616263123443,0.12553599915039607,10,0.2586749106645584,0.026979485343712594,10,0.9742647409439087,0.1018099185413961,10
nohidden_HO_T20_mixFP,0.1,0.01,14,0.18674865681489597,0.08817311631957285,10,0.41942701099794044,0.0669457544134164,10,0.36728622837115577,0.06369018608580573,10,0.4932419100351638,0.08153740593508159,10,0.4228859391138872,0.05305885937364568,10,0.2576779220974135,0.05511213658732972,10,0.6130857172705997,0.10015095543571091,10,0.2786119177937508,0.045808665257196866,10,1.3920834720134736,0.5595698066782769,10
nohidden_HO_T20_mixFP,0.1,0.01,15,0.2575711336163211,0.08233450538942302,10,0.4604872994827147,0.071611995509143,10,0.41717343102132826,0.06298736839119606,10,0.5177711228302497,0.09405452730957167,10,0.3911219256622429,0.06369020589904884,10,0.22301848178203745,0.020282662155192345,10,0.5755230792055268,0.08748610679255678,10,0.2516576901078224,0.02429276754422797,10,1.2015790522098542,0.2503384286883905,10
nohidden_HO_T20_mixFP,0.1,0.01,16,0.2985156314681879,0.049211289305560596,10,0.46258761745099575,0.05105956553645974,10,0.49680243561405224,0.040497250584816534,10,0.4401476143958263,0.0878384900366769,10,0.5801082688887232,0.06555624487983222,10,0.1831888600217102,0.0410470103432464,10,0.4769635870725277,0.04479411346027239,10,0.22160192281007768,0.03197374434963013,10,1.3439561247825622,0.30694250185087407,10
nohidden_HO_T20_mixFP,0.1,0.01,17,0.3046208395950726,0.025883710410984806,10,0.47616446984652194,0.03623126696562179,10,0.48742072525651875,0.025356132962868472,10,0.4728154082538537,0.08390779594019969,10,0.4996570941315948,0.06336491867037698,10,0.21341409335884992,0.030952800505241518,10,0.44405948897073433,0.03264934105395496,10,0.2234646424651146,0.026062096789736207,10,1.1685595631599426,0.11440863359796165,10
nohidden_HO_T20_mixFP,0.1,0.01,18,0.3298081419327127,0.05186038766985476,10,0.48994091553915486,0.0510108263529161,10,0.5148624671650875,0.020718904699163317,10,0.4757926571032919,0.10360974946264498,10,0.616122746224398,0.11826809428079901,10,0.16817727745083483,0.041784534634800696,10,0.3929949740053735,0.050216985143010616,10,0.19980616867542267,0.03134861927342542,10,0.850184440612793,0.22379646640637976,10
nohidden_HO_T20_mixFP,0.1,0.01,19,0.7276573291670696,0.04784284110409858,10,0.791391709334784,0.026789377498212395,10,0.844017859785349,0.054195659859164705,10,0.7487858793425636,0.04788635285911401,10,0.3921881292953112,0.09065374153175654,10,0.04824413507092687,0.024094244883660774,10,0.15991382329543366,0.07809357399829969,10,0.08119243569672108,0.02343012026442257,10,0.33238017112016677,0.09755947757461765,10
nohidden_HO_T20_mixFP,0.1,0.01,20,0.9168274101749467,0.003549562070380439,10,0.9370117866199756,0.0014246174920546832,10,0.9626853116312105,0.0029428409558792043,10,0.912691964192158,0.00406899102500086,10,0.2781143470783274,0.07647090429182948,10,0.02047148638260775,0.004067913303431033,10,0.14628031611310938,0.048157723907243294,10,0.027617386355996133,0.003648625049610202,10,0.143551105260849,0.02668918945217393,10
nohidden_HO_T20_mixFP,0.1,0.025,1,0.5214705508587543,0.12721149224176267,10,0.6447299973115743,0.09413478658467012,10,0.6344712951882098,0.10869004483869822,10,0.6575467454350401,0.08417254782088157,10,0.8742024727249085,0.11032805320265525,10,0.10268893871001912,0.045978165829925116,10,0.30439204759895344,0.11903147366419502,10,0.14237998127937318,0.03964248474034003,10,0.5298499763011932,0.1454327559517093,10
nohidden_HO_T20_mixFP,0.1,0.025,2,0.6418766009480954,0.09066771905911694,10,0.734012956507479,0.07285967329983324,10,0.6502645917973189,0.09715381713560102,10,0.8502969726848415,0.05543871739140041,10,0.5517694891543306,0.0665092628635394,10,0.10563770922952598,0.03899646696707811,10,0.2779586978535387,0.11342535880528147,10,0.12253063917160034,0.03206282801428841,10,0.46636379063129424,0.17170744529249005,10
nohidden_HO_T20_mixFP,0.1,0.025,3,0.472161714843846,0.09461311877072875,10,0.6125837010592832,0.06589958163526352,10,0.46866004357156205,0.07280648236596649,10,0.89456048972983,0.024516944344801055,10,0.1746195929420023,0.031232720803248324,10,0.2670051153910616,0.06309480149815955,10,0.4976708375898154,0.05097549988834094,10,0.23865514099597931,0.06671021318000979,10,1.1009419083595275,0.4319472484988747,10
nohidden_HO_T20_mixFP,0.1,0.025,4,0.5089648429413046,0.06805681830756838,10,0.639158947934406,0.05713404193123229,10,0.5202722525095653,0.08247381374947771,10,0.8422977746001209,0.04097115948273939,10,0.1523687826348404,0.03272235981998994,10,0.21213495838138777,0.049381632171649655,10,0.4629593445877477,0.0871365859810115,10,0.19332690238952638,0.03604156389269846,10,0.8282228291034699,0.2219694711715458,10
nohidden_HO_T20_mixFP,0.1,0.025,5,0.5007083510957958,0.11721233772104502,10,0.6337127194288211,0.09170663594717543,10,0.5159939094826496,0.12240114343725457,10,0.841845994488897,0.04381614720222423,10,0.2284427478418412,0.032002782509093435,10,0.22304710450816717,0.0729465369359587,10,0.48407485818552154,0.13025141581342947,10,0.20253618136048318,0.061490958340086575,10,0.9017552733421326,0.364908627687748,10
nohidden_HO_T20_mixFP,0.1,0.025,6,0.4476263023717088,0.11602879655738871,10,0.6009479008698746,0.08707267607518505,10,0.5009668510164894,0.09367820374720728,10,0.7589594080733526,0.0810338341034405,10,0.3116921749606584,0.04655130029926975,10,0.22133450077385147,0.05747118473850875,10,0.4683522584285881,0.0889349412046467,10,0.2059944048523903,0.04889857813933529,10,0.9223128259181976,0.26368117872998814,10
nohidden_HO_T20_mixFP,0.1,0.025,7,0.381197174097743,0.07318374016217763,10,0.5594348421740893,0.05212034218588229,10,0.446251086896182,0.06176151526818656,10,0.7594903668243297,0.05799920285104576,10,0.39793290547524757,0.07460282350152939,10,0.25757502086906714,0.05246104917272756,10,0.5136053581019582,0.08472120366035733,10,0.25103664845228196,0.05005214144049775,10,1.3621837198734283,0.4188289072459035,10
nohidden_HO_T20_mixFP,0.1,0.025,8,0.49399291819241997,0.1299204388148885,10,0.6360421876278367,0.08348542390657197,10,0.5595978728732295,0.08789885448137184,10,0.7402316563076198,0.0837154536842477,10,0.3535821193304714,0.15550229332670792,10,0.17803383343070933,0.06602717494122075,10,0.3903677879781517,0.07929824436721145,10,0.17416905909776687,0.058041904075369376,10,0.7322284549474716,0.30966234022234174,10
nohidden_HO_T20_mixFP,0.1,0.025,9,0.4442949390774812,0.08351463055354859,10,0.5999223500251074,0.05638661349210398,10,0.49909257380193306,0.06539617827320991,10,0.7589364607431961,0.06289471086355777,10,0.4496034951931159,0.10382134814397244,10,0.1980807322950343,0.04214450061142703,10,0.44046336654109924,0.08259350584943352,10,0.18827875405550004,0.034211243448573084,10,0.7267788171768188,0.16846077079608546,10
nohidden_HO_T20_mixFP,0.1,0.025,10,0.14529638483827953,0.06640033965724049,10,0.4202122239887441,0.04997140527318794,10,0.31664152506676213,0.04606382752708162,10,0.6284043814546456,0.05585844888803433,10,0.5402419133591179,0.06649354294150114,10,0.3696161816254073,0.036132648300309454,10,0.6336286049888529,0.059880133483345,10,0.3686498373746872,0.03669079944865588,10,2.2475613236427305,0.43516162298111627,10
nohidden_HO_T20_mixFP,0.1,0.025,11,0.1590325123388166,0.050850932869433436,10,0.4172118006730006,0.05171102889238583,10,0.33386272913055526,0.05992860122132219,10,0.5680173165790611,0.06715869646565616,10,0.49128466986976643,0.08746805054121302,10,0.3201582106760774,0.053829828808138615,10,0.630636340970965,0.06986493235858089,10,0.32752599120140075,0.038703917371376066,10,1.7475398182868958,0.43969022928365303,10
nohidden_HO_T20_mixFP,0.1,0.025,12,0.1641024372424737,0.07031483794813169,10,0.41949192677346947,0.0609716877203439,10,0.3381664899930349,0.0581285426850477,10,0.5567150715520028,0.06854142305118094,10,0.42752170524917465,0.07772123027824636,10,0.28983864166069895,0.031159895420236228,10,0.6301908693607066,0.06409569335012087,10,0.3077172636985779,0.027112002962884837,10,1.409324848651886,0.175379049353054,10
nohidden_HO_T20_mixFP,0.1,0.025,13,0.3010480056904402,0.08170887487723422,10,0.4987612641006617,0.06696362972136058,10,0.42713817397397713,0.05380666731394189,10,0.6045313878974168,0.10351582146320824,10,0.3400173433191435,0.08153538617536481,10,0.21992522584273125,0.024316094036639088,10,0.49160441540108957,0.0730917561079212,10,0.23319044411182405,0.018973380766814738,10,0.8442505478858948,0.0841303674920746,10
nohidden_HO_T20_mixFP,0.1,0.025,14,0.3119198853080426,0.09424796200284197,10,0.5113735453727617,0.06616715542887112,10,0.4253436783581252,0.06289562301235523,10,0.6468911732256252,0.08172411757953439,10,0.38266561258022364,0.058669912460156,10,0.2357037939543273,0.051572138500488925,10,0.5266348728119157,0.07540355048820299,10,0.2499213322997093,0.04624467464102042,10,1.2356164157390594,0.5197946722282732,10
nohidden_HO_T20_mixFP,0.1,0.025,15,0.39050578689811744,0.07334450337865638,10,0.560597015923207,0.05804634073507072,10,0.4771427945473725,0.05561240924604011,10,0.685512706571957,0.08314027634204496,10,0.3538949168558098,0.055544440259893864,10,0.2016900742876325,0.02069304314827672,10,0.472884846243211,0.052011905354362904,10,0.2190793424844742,0.02552031058971655,10,1.0205226063728332,0.2640448466140877,10
nohidden_HO_T20_mixFP,0.1,0.025,16,0.41728205043654754,0.05575750293205777,10,0.5742963923388318,0.03749736441795702,10,0.5333588899782801,0.03830889612168606,10,0.6292193630100396,0.07714173288111043,10,0.5175023876546337,0.06455496130180406,10,0.17490596279863216,0.046449127067318866,10,0.4345496087908581,0.0449541810529674,10,0.19867685288190842,0.03766478353285761,10,1.105079221725464,0.33136305549101486,10
nohidden_HO_T20_mixFP,0.1,0.025,17,0.4248034329909435,0.038414572834867704,10,0.5833106788441947,0.017381386003730456,10,0.5219066246576952,0.024949640332798596,10,0.6686502928179942,0.07189326453307306,10,0.4060396153136736,0.06867579182196414,10,0.19857005576645922,0.03810572004591223,10,0.46613558677543177,0.0340003521207572,10,0.2009301170706749,0.031700748650325974,10,0.9741008043289184,0.13039961680792012,10
nohidden_HO_T20_mixFP,0.1,0.025,18,0.4503291709245925,0.05449758899715071,10,0.6005955774202978,0.03184896124937898,10,0.539088911156876,0.023733365000162536,10,0.6857047148332356,0.08941984622375511,10,0.5366850568099839,0.10901179233054754,10,0.16770398730892264,0.04558765541790494,10,0.3767442539276376,0.06023893232538743,10,0.18054800480604172,0.03352133506005853,10,0.7190884649753571,0.20250995872840358,10
nohidden_HO_T20_mixFP,0.1,0.025,19,0.7559213594050551,0.05134964716926416,10,0.8201911286698351,0.0292736898319854,10,0.790604983411014,0.04566683498683053,10,0.8555188359449204,0.04775991270068295,10,0.3331954974198451,0.08233170775339878,10,0.05892609673128848,0.03416615108476942,10,0.256268018060536,0.09871752472121356,10,0.07771213054656982,0.025903501212753796,10,0.3110832288861275,0.10843884962360789,10
nohidden_HO_T20_mixFP,0.1,0.025,20,0.8950866557538328,0.0032560268612863118,10,0.9218340937773437,0.002198780849946682,10,0.9184110909742301,0.0061599639569474,10,0.9253444514231154,0.005871410738574304,10,0.2613109084234712,0.07189362303478214,10,0.026745653963907996,0.004182055435193083,10,0.3323203516927145,0.03979328274016312,10,0.0340932996943593,0.0041814164709475105,10,0.16824461668729782,0.03279475802496732,10
nohidden_HO_T20_mixFP,0.1,0.05,1,0.5583034564719908,0.1167613127783668,10,0.671853468529606,0.0870895318241284,10,0.6608280433296041,0.10040906583266447,10,0.6852125559337435,0.0789657483434499,10,0.8653184480206073,0.110267876423054,10,0.08922029732183395,0.04021199432015546,10,0.28488536559334243,0.10643611645102606,10,0.1298256292939186,0.03557768681992185,10,0.4721759527921677,0.12788171969062478,10
nohidden_HO_T20_mixFP,0.1,0.05,2,0.658612055341162,0.08548931977744664,10,0.7461563585011679,0.06901387716250384,10,0.6652427831965507,0.09294002666804219,10,0.8564733180464625,0.053335766232582266,10,0.5616927244688442,0.06556493622071168,10,0.09656820309570777,0.03612350424252181,10,0.2610792221828901,0.10799241750246186,10,0.11420792639255524,0.0297277681210267,10,0.424669885635376,0.15254106933383094,10
nohidden_HO_T20_mixFP,0.1,0.05,3,0.48169422872178486,0.09855313485527291,10,0.6188983009902318,0.0691598853465132,10,0.47563553060798647,0.07737782267244812,10,0.8972134419386044,0.023685051454769016,10,0.1895556673085627,0.034096207306592956,10,0.25971566029924115,0.06531599995793179,10,0.4974385812333126,0.054907953342889254,10,0.2327868327498436,0.067937040047923,10,1.0573279201984405,0.4204097534263417,10
nohidden_HO_T20_mixFP,0.1,0.05,4,0.5199670379939738,0.07198729113070407,10,0.6455650705040414,0.060769009541175256,10,0.5213663873286419,0.0846218964695104,10,0.8614997980602837,0.03752686451340551,10,0.1474035738312995,0.035474232969410276,10,0.21460406887192537,0.05141332048429291,10,0.4761113146249076,0.09077763606196415,10,0.1923896037042141,0.03877472486957561,10,0.8066933751106262,0.22810940314905098,10
nohidden_HO_T20_mixFP,0.1,0.05,5,0.5108297631119244,0.1123668952695578,10,0.6392100285853216,0.08933455531261544,10,0.515388641940101,0.11745138868605198,10,0.8616191886152098,0.0399709434188604,10,0.21995220669694446,0.0329441267233048,10,0.22625366021517176,0.0722595754099619,10,0.4996350680222831,0.12868799583816473,10,0.20249378755688668,0.06061232340706516,10,0.8923859566450119,0.3584219452026392,10
nohidden_HO_T20_mixFP,0.1,0.05,6,0.4653705325165882,0.11605662295894904,10,0.612734668208325,0.08702367041533765,10,0.5063293026312465,0.09567016682304011,10,0.7844309362434989,0.074233662670828,10,0.30338211631961226,0.04656964176960062,10,0.22010923612382274,0.05775893132593731,10,0.4783146463427078,0.09325422337882705,10,0.2025790147483349,0.049310077167462774,10,0.8832484066486359,0.25512347926909956,10
nohidden_HO_T20_mixFP,0.1,0.05,7,0.4056895386364279,0.0715740762549701,10,0.5746302392734597,0.051668479846170165,10,0.4548732129567584,0.06215288399070481,10,0.7896958061685244,0.050821394891188226,10,0.38224452492005423,0.07072548514865719,10,0.2555562380562913,0.052595289197468274,10,0.5179576617578002,0.08163052163894252,10,0.24598978012800216,0.05021335510895672,10,1.3194099605083465,0.42636703620434807,10
nohidden_HO_T20_mixFP,0.1,0.05,8,0.5148794847673727,0.1191240774525486,10,0.650594710997156,0.07581850575475192,10,0.5634978078993169,0.08097032805518035,10,0.7734152046500793,0.07697534644706454,10,0.34734461788941484,0.1568609778955134,10,0.17717906267064903,0.06259310557319148,10,0.3987390985691192,0.0859220182246631,10,0.17043068930506705,0.05416479927138687,10,0.6947051882743835,0.2715975639351925,10
nohidden_HO_T20_mixFP,0.1,0.05,9,0.49833040056734157,0.07959540237525077,10,0.6362935290232917,0.055607950879433196,10,0.5333054415595535,0.07197287392644203,10,0.796663525009149,0.04744706616016703,10,0.44818724193351206,0.113949344389211,10,0.18620582514255588,0.04635936698956179,10,0.42473472500354503,0.08887384534357624,10,0.17266086339950562,0.03484888538445116,10,0.6690765708684921,0.17253907937464222,10
nohidden_HO_T20_mixFP,0.1,0.05,10,0.21244719651505087,0.06145025057389799,10,0.45773512138848266,0.05017439321195719,10,0.348685545348868,0.04883291014467843,10,0.670610372895309,0.04859963461409963,10,0.5350734982581707,0.06254529698408914,10,0.33550705059378905,0.036201773574724525,10,0.5988985332294829,0.062343195411268336,10,0.3383654683828354,0.035703876730403934,10,2.0289936304092406,0.41332793208861035,10
nohidden_HO_T20_mixFP,0.1,0.05,11,0.1803831939059382,0.06463087993298203,10,0.43467808118694745,0.058776531719616935,10,0.3409841333338615,0.06911821896432102,10,0.6144660074396995,0.062132717988480926,10,0.46827377183739544,0.09326322113677268,10,0.3303642752824438,0.06634414555603098,10,0.6252015591266332,0.07916563097277954,10,0.3355223685503006,0.05278095248516973,10,1.8836428642272949,0.6039278453575658,10
nohidden_HO_T20_mixFP,0.1,0.05,12,0.22540563623848495,0.07631998370643601,10,0.4629590037984645,0.06502515435892076,10,0.3604221429059356,0.062146575508110535,10,0.6524795315797627,0.06715844210907627,10,0.41052567935689677,0.06938638245273933,10,0.29176441804654407,0.03331419874443615,10,0.5807391832842083,0.06200715399490449,10,0.29826074540615083,0.028375958603129078,10,1.313356840610504,0.19727395699787348,10
nohidden_HO_T20_mixFP,0.1,0.05,13,0.3982073565774731,0.05736619099338592,10,0.5677074665677815,0.045026613493788475,10,0.46502384443326444,0.03953507260197739,10,0.7356153787251936,0.08829142842704336,10,0.3221057825146691,0.09488179573536668,10,0.21806236704229973,0.034753074921435645,10,0.4186929689957175,0.049412094221981354,10,0.21483806818723677,0.02010384453723373,10,0.7593293964862824,0.1103028449327314,10
nohidden_HO_T20_mixFP,0.1,0.05,14,0.42076543456788273,0.0781587477758927,10,0.5822419779976129,0.057207232080375134,10,0.4598252246870559,0.06143679927651323,10,0.8025862595877792,0.061620436878620975,10,0.33432693118183393,0.06277679463040625,10,0.2423596517686505,0.04502870520855329,10,0.4744911149059927,0.06912928743375914,10,0.232834067940712,0.04213891042585771,10,1.1285890817642212,0.4605800103083185,10
nohidden_HO_T20_mixFP,0.1,0.05,15,0.4921063690596473,0.05037680494832057,10,0.6268440154108486,0.04494547289361482,10,0.5002069952123865,0.05788973438687857,10,0.8479269338859703,0.05002109537368877,10,0.3064209628705465,0.04231088496501305,10,0.21517322949612588,0.02950014720928661,10,0.46173939117449897,0.05086501234619901,10,0.20335005968809128,0.02417332882297538,10,0.9233531832695008,0.2670869473025303,10
nohidden_HO_T20_mixFP,0.1,0.05,16,0.4935019556365813,0.05393732193879252,10,0.6330607611126022,0.027868048932737036,10,0.5202859583175294,0.03393450017766428,10,0.8123210222892933,0.04746557986978426,10,0.4250885960368131,0.05518832508260129,10,0.2040396676797021,0.04135396442553641,10,0.4855129648464852,0.04153090771301318,10,0.19681583791971208,0.038422813798324504,10,1.0247258305549622,0.34222608343334765,10
nohidden_HO_T20_mixFP,0.1,0.05,17,0.4960634814632609,0.04462160297005646,10,0.6326248646882411,0.012983820856810935,10,0.5048674889707121,0.025606679580895204,10,0.8512615160663094,0.04114957911040433,10,0.2762153729035389,0.06251119193121488,10,0.22770144929716066,0.03781378250822514,10,0.563470111442191,0.029128107524174135,10,0.2027319148182869,0.033742928817095064,10,0.9073826134204864,0.1453309125185162,10
nohidden_HO_T20_mixFP,0.1,0.05,18,0.5225072054438318,0.03994150777787522,10,0.6472248754808481,0.015053643136927768,10,0.5131046311021701,0.029834533781747653,10,0.8833996901843504,0.057897645533334006,10,0.42296242231350256,0.08929522870361838,10,0.2163484217898409,0.039310078159116885,10,0.4992906670687322,0.054152335452272854,10,0.18475369960069657,0.02968821158138185,10,0.6737991154193879,0.12796776281465744,10
nohidden_HO_T20_mixFP,0.1,0.05,19,0.7384723755519096,0.04064300255567546,10,0.8041460454482815,0.019958045071994068,10,0.7019801319105735,0.032535590634855734,10,0.9433301361465446,0.028549301789268067,10,0.25468619568509965,0.06783168475910419,10,0.11349783139687726,0.03445594929740617,10,0.5336022626382518,0.0746544311194371,10,0.09537137746810913,0.026071470098618446,10,0.38471248745918274,0.11333496612773396,10
nohidden_HO_T20_mixFP,0.1,0.05,20,0.8566674063645772,0.0019940514303988122,10,0.8933412651219861,0.005091640006878924,10,0.8520593480000345,0.012916942059163654,10,0.9390224132644303,0.006605922024494255,10,0.23400956156188468,0.06344927093753439,10,0.04301445364302274,0.002964177059278539,10,0.4833677749146877,0.03614415031488933,10,0.04824283681809902,0.004208446135416985,10,0.24588358253240586,0.03983104472147792,10
nohidden_HO_T20_mixFP,0.1,0.1,1,0.6248570783779255,0.09163849763265738,10,0.7215423155290107,0.06954879208315325,10,0.7038049451354114,0.07993401155726398,10,0.7417445116788766,0.06565761166046102,10,0.8365288973152222,0.11247560851696616,10,0.06820625319417634,0.028523487381241074,10,0.2527514160445885,0.08464167587670841,10,0.1085886962711811,0.026771475291435216,10,0.38153010606765747,0.0919267327612084,10
nohidden_HO_T20_mixFP,0.1,0.1,2,0.685935985967655,0.07283101436294698,10,0.766130646043386,0.059734329579567404,10,0.6890982681155489,0.08229612819214449,10,0.8681232547891143,0.04790635892869526,10,0.5771318080566722,0.06552083362569677,10,0.08372732944939333,0.03055018955557967,10,0.26326030690955593,0.09576553959850455,10,0.10073762685060501,0.02441451796499588,10,0.3572022020816803,0.11281905632544087,10
nohidden_HO_T20_mixFP,0.1,0.1,3,0.5105574166467479,0.10257114554227359,10,0.6382397324060427,0.07342251732473391,10,0.497328548518878,0.0847781286852232,10,0.903229107753391,0.021428990151330308,10,0.2201408713108234,0.04205829186171778,10,0.23919246753439097,0.06591096099343463,10,0.48808525854098195,0.06407340974726065,10,0.2149534285068512,0.0658122480460511,10,0.9363539457321167,0.373854206163542,10
nohidden_HO_T20_mixFP,0.1,0.1,4,0.5431482267632266,0.07174364221905917,10,0.6590883901349401,0.06250313303449168,10,0.5261618856665493,0.08345010475527538,10,0.8951547906815518,0.026601428971643304,10,0.15008276918430824,0.048256432095246445,10,0.21579764918949168,0.0521406523761961,10,0.5020929130373665,0.0889376313613688,10,0.18842562586069106,0.04050824643782967,10,0.7594221949577331,0.22281471902492275,10
nohidden_HO_T20_mixFP,0.1,0.1,5,0.519950783405424,0.10227939331684982,10,0.64251170322292,0.08366497046494872,10,0.5078397571133603,0.10651983403559842,10,0.8932500444461426,0.03330815004173085,10,0.20548926399141756,0.03592236687549165,10,0.23645614848405003,0.07042182611781186,10,0.5408788147104743,0.11210885002918125,10,0.2070806622505188,0.058758542670454314,10,0.9008900403976441,0.34795454847063806,10
nohidden_HO_T20_mixFP,0.1,0.1,6,0.48936616781295267,0.11224419399600988,10,0.6276170747730501,0.08434977160456458,10,0.5080531766498446,0.09413218190562958,10,0.8299429667554419,0.06164344354620483,10,0.2860531149399409,0.04713644944331565,10,0.22315192000063694,0.05772178065580892,10,0.509371480788742,0.0917020546520342,10,0.2002475969493389,0.04911121373956982,10,0.8343217521905899,0.237928802666045,10
nohidden_HO_T20_mixFP,0.1,0.1,7,0.44083654578409026,0.06752196502858017,10,0.5955157715571765,0.049733691091399385,10,0.46484289560409914,0.06017792778644764,10,0.8370470057580588,0.03589837309409468,10,0.3555586619324449,0.06581879353320685,10,0.25540873596365565,0.05153685212726828,10,0.5363506005191331,0.07084707049961184,10,0.2391294226050377,0.05027890197649817,10,1.2414593994617462,0.4315671953775992,10
nohidden_HO_T20_mixFP,0.1,0.1,8,0.5411901069873266,0.09646614112342866,10,0.6672749912619074,0.06026323211917152,10,0.5596383180413937,0.06832113851200691,10,0.8305500992999694,0.05696060650626655,10,0.33551459417937907,0.15345688034737798,10,0.18166301209053737,0.05692021400958751,10,0.43106727006049594,0.09154436318620858,10,0.16856486573815346,0.04737859798302598,10,0.6575055062770844,0.2144330564178602,10
nohidden_HO_T20_mixFP,0.1,0.1,9,0.5628119968214855,0.08016887492142218,10,0.6795456202073069,0.05865392079801538,10,0.5685924614459175,0.07679446499885725,10,0.8517946096700572,0.03110130178270816,10,0.43941763324955774,0.1329306951577533,10,0.18028634156822113,0.04885161314732365,10,0.41918005885451104,0.07970223084214545,10,0.15825672522187234,0.03718095657930135,10,0.6216389894485473,0.1784201832159509,10
nohidden_HO_T20_mixFP,0.1,0.1,10,0.30390095898275854,0.060156553846925864,10,0.5110932654577759,0.05263801410928665,10,0.39268028980071557,0.05484067572000118,10,0.7374975074758067,0.03820876834424506,10,0.5187840452763706,0.05956753544027035,10,0.2964529788095671,0.03621448371341769,10,0.5739647976260269,0.05925165732612098,10,0.2992286145687103,0.03596705426479538,10,1.7073328256607057,0.3870400867805355,10
nohidden_HO_T20_mixFP,0.1,0.1,11,0.1979153450911204,0.08112337978298176,10,0.44956294397646906,0.06869747504788239,10,0.3424982718118004,0.0763711130712642,10,0.6702303455447903,0.05687699756499494,10,0.4327611217564452,0.08768178564433504,10,0.34820631098299465,0.07226781942036144,10,0.628455615728113,0.07971174423458974,10,0.349460369348526,0.060662803062849116,10,2.0620943307876587,0.7179188028539738,10
nohidden_HO_T20_mixFP,0.1,0.1,12,0.26413819597398025,0.09444999363571055,10,0.4885753077024456,0.07486986694167876,10,0.3671457213327015,0.06980984939991253,10,0.7370075539357765,0.06798658925897928,10,0.3861869436201862,0.0677730654013699,10,0.3089424038179153,0.039144044255209356,10,0.565039168154849,0.06136845007511617,10,0.29713858366012574,0.033582160411479364,10,1.2242823779582976,0.2097070595414139,10
nohidden_HO_T20_mixFP,0.1,0.1,13,0.46090338211293946,0.047033957324191286,10,0.606931713929194,0.03599683065917938,10,0.4754727694862776,0.04654112075489328,10,0.8476184239119894,0.05587056644404562,10,0.2979604418235312,0.10475609966141011,10,0.24205936629071587,0.04653688435053593,10,0.4228266170108226,0.0769968815478405,10,0.21294239908456802,0.032679408411734584,10,0.7480664253234863,0.16764115040838845,10
nohidden_HO_T20_mixFP,0.1,0.1,14,0.4610636329808774,0.06148530703957207,10,0.6010536295715923,0.054152620457438815,10,0.4547316340686531,0.061382250663038,10,0.8975212920964688,0.038237725937956615,10,0.2942969053580892,0.06147769847763098,10,0.27614910527241265,0.04082261264603421,10,0.5376803395393217,0.062203855998946435,10,0.24126377701759338,0.03685132327307682,10,1.112264758348465,0.38899074873356904,10
nohidden_HO_T20_mixFP,0.1,0.1,15,0.507535163927227,0.04766071697056487,10,0.6291667684233655,0.052843988780462786,10,0.4799389982237045,0.06618752304017106,10,0.9239322747108065,0.01481236822526622,10,0.2710246683221766,0.031266729903372315,10,0.2541219309443302,0.04047005184770708,10,0.5712202854798447,0.06260056153113727,10,0.21934620887041092,0.029316050799028437,10,0.9618493139743804,0.2621115285076389,10
nohidden_HO_T20_mixFP,0.1,0.1,16,0.48391457961387196,0.0464686829042056,10,0.619422143574564,0.030181164108751792,10,0.474817620824971,0.03203152007025628,10,0.8928834594957389,0.030328695130706938,10,0.34195186942911765,0.04772961607270396,10,0.2565447987589743,0.031044078229626,10,0.5764706031195277,0.04793905030327818,10,0.22502443492412566,0.032426687413459415,10,1.1448531210422517,0.31877083118650235,10
nohidden_HO_T20_mixFP,0.1,0.1,17,0.484421871566323,0.036523676392678686,10,0.6145965600754406,0.02221492883070847,10,0.45897591713599334,0.025439354602230634,10,0.931600240385406,0.009562701998440967,10,0.18185939243073487,0.05027602311741735,10,0.28619240399327384,0.02686173366629724,10,0.6662930958946247,0.043074148511670525,10,0.23807097971439362,0.02682715501309018,10,1.037871140241623,0.1353624315821271,10
nohidden_HO_T20_mixFP,0.1,0.1,18,0.503735841845976,0.03578618193240644,10,0.6216797081988956,0.03060684946400299,10,0.45968472097216806,0.03888722758152385,10,0.9655707496444557,0.01557977021699943,10,0.3306907723129312,0.06916921606587151,10,0.28625360524478666,0.03290329297466882,10,0.6228420694584015,0.05331107051979316,10,0.22300856113433837,0.025650421553068826,10,0.7901886820793151,0.07189488875316975,10
nohidden_HO_T20_mixFP,0.1,0.1,19,0.6535340035850116,0.02878428945652277,10,0.7331181288388064,0.020302110760029985,10,0.5879478154977289,0.028278401242085673,10,0.9749508830268688,0.004630124145639991,10,0.20052342215706415,0.05135517806637103,10,0.18692342969813397,0.02765812036926653,10,0.7090406988775894,0.033532514447016395,10,0.14813180416822433,0.02267583545044088,10,0.6461719155311585,0.10927950174673776,10
nohidden_HO_T20_mixFP,0.1,0.1,20,0.7754872613995747,0.009248794296533793,10,0.8306611240996438,0.015230430503961327,10,0.7398144048999947,0.028230535198909744,10,0.947883949010196,0.007102018252137005,10,0.1925355429723889,0.04831667574905448,10,0.0857034273232791,0.0031199130369867255,10,0.6290544786556584,0.033655650174690584,10,0.08427778258919716,0.0029275448613632557,10,0.4869221806526184,0.05307758161718777,10
nohidden_HO_T20_mixFP,0.1,0.2,1,0.6995858796996092,0.033588988124850276,10,0.7779899230804626,0.030003493307714926,10,0.7209008435462574,0.03897480866523293,10,0.8461320057474822,0.0319124633756271,10,0.7184918025545162,0.11943833095041152,10,0.06637479001433064,0.010549483643675297,10,0.290011658277917,0.06710881174713547,10,0.09026086553931237,0.008197780781814249,10,0.30964846909046173,0.026182450388324296,10
nohidden_HO_T20_mixFP,0.1,0.2,2,0.7183978408411682,0.04167236680192058,10,0.7901291010146527,0.036856281134581524,10,0.710369338662779,0.053210625359284364,10,0.8930386148658581,0.034264538459815176,10,0.5918454699137373,0.06811028732989363,10,0.07913411251427604,0.020933392175910098,10,0.3110640718204353,0.07960795144954326,10,0.08760068267583847,0.01225834816171061,10,0.2964372098445892,0.04347809436936628,10
nohidden_HO_T20_mixFP,0.1,0.2,3,0.5741882455222646,0.07584740397349964,10,0.6813860820159325,0.05809048182354076,10,0.5449487447893885,0.07129814108893943,10,0.9166713484234549,0.014388720855678454,10,0.3028659008811763,0.06047380992078145,10,0.19265388901121627,0.05141789308842168,10,0.47473297897923905,0.05155977829532846,10,0.17269776463508607,0.0462234238825493,10,0.67544304728508,0.2348663069866076,10
nohidden_HO_T20_mixFP,0.1,0.2,4,0.5806361088681,0.05289520426831337,10,0.6815099961842327,0.05166982596404869,10,0.5386635743602078,0.06841916798675961,10,0.9369348346819377,0.008623662649276971,10,0.21224640041031478,0.06516120938966136,10,0.20741068971652368,0.04575229253845296,10,0.5472617166411728,0.07393921260961177,10,0.1764540880918503,0.03286816566656286,10,0.6706452310085297,0.15859933936475049,10
nohidden_HO_T20_mixFP,0.1,0.2,5,0.5178756557641006,0.08494761501027318,10,0.636226113218666,0.07221947242474298,10,0.4872125665425234,0.086822467578689,10,0.9323295962452114,0.018735654115035957,10,0.19904416726065652,0.05197152509178319,10,0.2593554583722774,0.06535880977943986,10,0.6213235904683271,0.06561344538281023,10,0.2235752709209919,0.05595522304193093,10,0.9593936175107955,0.327945301324375,10
nohidden_HO_T20_mixFP,0.1,0.2,6,0.5030290973767473,0.09116657002795082,10,0.6311149682809807,0.07051097672966489,10,0.4887737340171821,0.07712987395917968,10,0.8990951414528834,0.03818289414122115,10,0.2558686536614143,0.05427749076413451,10,0.24492979255472966,0.05375471217628662,10,0.5945804785195886,0.06888884589276166,10,0.21184893548488617,0.04524276148907277,10,0.8475481271743774,0.20975910011893872,10
nohidden_HO_T20_mixFP,0.1,0.2,7,0.47493142188906406,0.054929003781781297,10,0.6131109632231352,0.040707494243372,10,0.46775879373298174,0.04835488039327824,10,0.8957557809004755,0.01467930167425491,10,0.30849873335863703,0.05740275761161215,10,0.2642347284092965,0.047367201084064635,10,0.595305113764889,0.05461959893153863,10,0.2355382114648819,0.04548896004984148,10,1.1242751598358154,0.3597185645384015,10
nohidden_HO_T20_mixFP,0.1,0.2,8,0.5542231625062234,0.06368164621811644,10,0.6687830212785523,0.040223332640473286,10,0.5298881797476369,0.05028279344801181,10,0.9113012365033922,0.024388229799811548,10,0.3119945699602978,0.12738996000834318,10,0.2092730700393964,0.0539581857323763,10,0.5227409030273092,0.09301798282329524,10,0.1800632022321224,0.04062000301614344,10,0.6754777580499649,0.17040810160694175,10
nohidden_HO_T20_mixFP,0.1,0.2,9,0.574305313475503,0.06081304019247802,10,0.6825034476438305,0.04536707284694628,10,0.5479091762235786,0.057447337482664285,10,0.9101849922033987,0.02490364513365591,10,0.40077717788617606,0.14519938571630644,10,0.20564786597980636,0.04628395860684587,10,0.5047200869869878,0.06381387976624017,10,0.17121889665722848,0.03491848896654948,10,0.6852381020784378,0.17771019081164668,10
nohidden_HO_T20_mixFP,0.1,0.2,10,0.4003274020061277,0.05434138437304622,10,0.5680950564016378,0.0514379485767802,10,0.4361267056026413,0.056527216977066586,10,0.8211940062011888,0.02779339669939844,10,0.46524036631490384,0.06084460310300605,10,0.2656107897124865,0.03003649245387591,10,0.6024842189779975,0.056265907714197975,10,0.2570679381489754,0.03153247037066297,10,1.2516509354114533,0.2770185319467599,10
nohidden_HO_T20_mixFP,0.1,0.2,11,0.22865046273794323,0.09857809833975897,10,0.4690114744856654,0.07882994794372565,10,0.3505474854098211,0.0838362109775158,10,0.7257137361975647,0.05649608559571165,10,0.4106461614030626,0.08270451378781843,10,0.35167728837256235,0.0769573001715348,10,0.6228206959812517,0.08490661298347693,10,0.3485754683613777,0.06608449105471115,10,1.9974495410919189,0.6883289766214697,10
nohidden_HO_T20_mixFP,0.1,0.2,12,0.27200136764607674,0.09812470758470407,10,0.49334344805145863,0.07495313968133308,10,0.3586611509145695,0.07064111437064574,10,0.8004895338860051,0.05341192900080535,10,0.3722963995233901,0.06787061291542254,10,0.3416962425790522,0.045360533069251766,10,0.5880168842603436,0.047885711887637385,10,0.3140897750854492,0.04087436349181966,10,1.243411111831665,0.21703180126035268,10
nohidden_HO_T20_mixFP,0.1,0.2,13,0.4397341287665249,0.03959076443873344,10,0.585633656575068,0.03749986426661871,10,0.43339199875248546,0.04531293117979658,10,0.911662289241238,0.034358453781672384,10,0.26057586831566876,0.10084672992314646,10,0.2989773047894919,0.04528568037688133,10,0.5137221041550388,0.06820689830630733,10,0.24743859469890594,0.035067915955554675,10,0.8696181178092957,0.17666103198719563,10
nohidden_HO_T20_mixFP,0.1,0.2,14,0.43861411638868864,0.05477392895814862,10,0.5801772444915897,0.055373933925600353,10,0.42415218973938984,0.06222034383605647,10,0.9333982813462018,0.03658238176003495,10,0.25778767501414757,0.06327881525221206,10,0.32174422546636017,0.04854801711944645,10,0.656271476896316,0.045189140578873355,10,0.27459588944911956,0.03842961809731369,10,1.1891360998153686,0.27573096203826647,10
nohidden_HO_T20_mixFP,0.1,0.2,15,0.4829558684026944,0.05391612767115511,10,0.6090485920875184,0.05866596165257169,10,0.45323092436153745,0.06807801989292925,10,0.9406347456013592,0.009990338263496922,10,0.2581548459850983,0.033098819658822026,10,0.2874257423957362,0.0438502391797519,10,0.6407056229320831,0.06293843728916487,10,0.24714929461479188,0.034015883901251015,10,1.0884345471858978,0.2435995334627858,10
nohidden_HO_T20_mixFP,0.1,0.2,16,0.4417350217905657,0.04178150201411128,10,0.5877251768904668,0.03382063871706469,10,0.43534898849376,0.036038645535924174,10,0.9079805277935463,0.029795046057651528,10,0.31582311600686497,0.04242986509776981,10,0.29538294893484884,0.02798689629279897,10,0.6388841730658412,0.04473665043127242,10,0.25870231539011,0.02770463662537037,10,1.2940921008586883,0.2920062995657085,10
nohidden_HO_T20_mixFP,0.1,0.2,17,0.44617325260285057,0.0316470562497466,10,0.5842609549760454,0.03227054890869026,10,0.42271428918182147,0.034102019272926214,10,0.9490990473063627,0.008216466586404144,10,0.14127356337815375,0.03998646631453169,10,0.33228281407073024,0.02291554110609772,10,0.7292144931815374,0.052143207054507895,10,0.2833360180258751,0.02168918712067073,10,1.2908456563949584,0.13582358454939772,10
nohidden_HO_T20_mixFP,0.1,0.2,18,0.44775049157130287,0.038179058942831814,10,0.5798263849023146,0.03904773992273359,10,0.4136026690040519,0.04315359437397164,10,0.9767397179476432,0.009920775332044326,10,0.2908713150750112,0.05639741672567208,10,0.34054380675076856,0.035293117345040384,10,0.6973169130913484,0.057741549794240926,10,0.27400691211223605,0.02837866057701529,10,1.0104720294475555,0.08446795575965095,10
nohidden_HO_T20_mixFP,0.1,0.2,19,0.54503571629734,0.02885595024323059,10,0.6487075242737075,0.03167100186693235,10,0.48607151552790223,0.03726270402652707,10,0.9783903984157829,0.0035452072033727855,10,0.17559997792458093,0.03943637553732121,10,0.2677675646621567,0.02664231570838758,10,0.7853768634597269,0.029164392316795174,10,0.22817169576883317,0.022227919365169345,10,1.1305183827877046,0.12928639347274162,10
nohidden_HO_T20_mixFP,0.1,0.2,20,0.6383509010759758,0.020029590390392357,10,0.7238590903258378,0.030218454623487524,10,0.5864058248371511,0.043390493471177204,10,0.9489324829275272,0.008361554967614869,10,0.1410329830225922,0.02837068578955081,10,0.17029405400949973,0.010527993982417673,10,0.7411467023055233,0.028498596123879876,10,0.1630328044295311,0.005471083984114133,10,1.1293909549713135,0.08577898660628062,10
nohidden_HO_T20_mixFP,0.15,0.01,1,0.46203215683046944,0.1292240147814765,10,0.5990601576014835,0.09471742542367521,10,0.5977529741911594,0.1121206947933923,10,0.6029581393731288,0.08316389108503573,10,0.8864881742511738,0.11030032382818233,10,0.11955997276165517,0.05058617314724539,10,0.32681841520515137,0.12959914458071786,10,0.16038981080055237,0.04140650966438822,10,0.6084309875965118,0.15667998673613848,10
nohidden_HO_T20_mixFP,0.15,0.01,2,0.6026436763288322,0.08947880680678158,10,0.7063666757366791,0.07216096436011588,10,0.6259995636928295,0.09828046102982876,10,0.819151816843392,0.055458698909532776,10,0.5530794659764517,0.06652931635091267,10,0.10991725467795899,0.04155984555417945,10,0.3017457233677614,0.12572794145847016,10,0.13537816628813742,0.03178430505020214,10,0.5165454745292664,0.17684654216934073,10
nohidden_HO_T20_mixFP,0.15,0.01,3,0.4629290835001596,0.08765438249506995,10,0.6079202774973517,0.060997103668318314,10,0.46753875941345296,0.06868395719555152,10,0.87833783146297,0.021937303263602458,10,0.16611277509358058,0.030531938580838514,10,0.2622818054526178,0.05986328441983919,10,0.48990390883821233,0.05091333378620609,10,0.23736743330955506,0.062340920220171944,10,1.0735964477062225,0.39516350890722696,10
nohidden_HO_T20_mixFP,0.15,0.01,4,0.4975531857814177,0.06270924603573626,10,0.6324259736320195,0.052327775769940944,10,0.5198943194290833,0.07958844867306372,10,0.8206883052209919,0.0430155632096421,10,0.1517156036347675,0.034405448305577235,10,0.2084346738327157,0.04757079302403046,10,0.44549543356885934,0.08304406107269256,10,0.19340696632862092,0.03310735742920951,10,0.8236499965190888,0.20484181147649555,10
nohidden_HO_T20_mixFP,0.15,0.01,5,0.4880270549193847,0.11335087815611068,10,0.6262835806046103,0.08843919407815773,10,0.5162497848602436,0.12265291556327584,10,0.8169092637252632,0.041912037493696506,10,0.23183033577767104,0.03306637243022894,10,0.21748318643125178,0.07190371080293285,10,0.47003472483291253,0.13053118526475563,10,0.20147292092442512,0.05876530345312582,10,0.8783930361270904,0.340071653625564,10
nohidden_HO_T20_mixFP,0.15,0.01,6,0.44083156628570697,0.12214249419195256,10,0.5962190704335243,0.0918575110499075,10,0.5053597323431411,0.10381956864322925,10,0.7364385786699917,0.08113989683079713,10,0.31906446469197824,0.04943304633306449,10,0.21539073825636473,0.060954816875017526,10,0.44455729632669366,0.09730947384037313,10,0.20457985997200012,0.05010696426250254,10,0.9174231201410293,0.26711312714950464,10
nohidden_HO_T20_mixFP,0.15,0.01,7,0.36924844343342106,0.06665549711716451,10,0.5514990237822615,0.04979427362514351,10,0.44345014681632644,0.05837868685695414,10,0.7386108503124506,0.06164684250167198,10,0.4114867395708652,0.07656775076946538,10,0.2540110975064432,0.048581695728841585,10,0.5072073224283412,0.0848384564911321,10,0.25073415488004686,0.04671793691121582,10,1.35426025390625,0.3979964581960356,10
nohidden_HO_T20_mixFP,0.15,0.01,8,0.4847706284123173,0.11513036917474152,10,0.6281782699332463,0.07452389018322052,10,0.563839179884541,0.08153347535519317,10,0.7131709981454494,0.07675420602560408,10,0.36502256975224373,0.15741479626306745,10,0.1726787016197172,0.06278762693603551,10,0.3735956712819811,0.0798767298382314,10,0.17347391843795776,0.053265176328716045,10,0.731265640258789,0.28657249777945315,10
nohidden_HO_T20_mixFP,0.15,0.01,9,0.44681933002401736,0.07524679809238753,10,0.6008240557782771,0.054567989546022475,10,0.5116279804480919,0.0671007300681128,10,0.7353409673309568,0.06179106185293161,10,0.47507662588063565,0.10607528751432908,10,0.18678328223919186,0.03877379243393274,10,0.42489993362813694,0.08367011225770726,10,0.18134223520755768,0.029879518477580302,10,0.6979127109050751,0.15293711218343384,10
nohidden_HO_T20_mixFP,0.15,0.01,10,0.1278622352666828,0.06569666247215307,10,0.4102297708733243,0.05045133184034555,10,0.30942315564895245,0.04719690370119123,10,0.6128960599379091,0.05341189522142005,10,0.5671597558406287,0.06003220929051081,10,0.37402490389461546,0.038808520439833474,10,0.6482861761778578,0.06175012967873053,10,0.3761113315820694,0.03779222025357356,10,2.3255012392997743,0.42215680464193434,10
nohidden_HO_T20_mixFP,0.15,0.01,11,0.16218889229973144,0.04377120325763691,10,0.4196422671420049,0.04762892941090479,10,0.33532578754019593,0.05630207868168696,10,0.5714174141750235,0.059745718589907945,10,0.48676038868414284,0.08512473749634256,10,0.3185389122921025,0.051819825644446246,10,0.6307261230610793,0.06511114945079848,10,0.32610889077186583,0.037761090870756436,10,1.728406274318695,0.4300674360892902,10
nohidden_HO_T20_mixFP,0.15,0.01,12,0.19855527960430377,0.061907707722964694,10,0.43905427503897976,0.058054585920042596,10,0.35930136713125294,0.056751712649751165,10,0.5680364288873838,0.06314869702433322,10,0.4181502795401806,0.07765014175387995,10,0.26911827641683855,0.02911920751456129,10,0.6043792734583444,0.06271529147398093,10,0.28957845866680143,0.02405530503470816,10,1.2865542888641357,0.14848065115978332,10
nohidden_HO_T20_mixFP,0.15,0.01,13,0.3353650447692892,0.06509280037624594,10,0.5194675385494347,0.058911681875778686,10,0.45853626193124597,0.0515451937767673,10,0.6044244039272968,0.09043050231098332,10,0.36278171180651075,0.08445657706087277,10,0.1951355234822243,0.025865030652738152,10,0.44554888436231943,0.06821748845293582,10,0.21504171788692475,0.014992532557348342,10,0.7720665335655212,0.07558256625110249,10
nohidden_HO_T20_mixFP,0.15,0.01,14,0.31736387270816757,0.08356266934104165,10,0.5150100989138872,0.06080148422486807,10,0.4315278389131986,0.06206502007997027,10,0.6433898992141638,0.06384645980173298,10,0.4055975262247332,0.05812334784097688,10,0.22816952519251887,0.050628201990270225,10,0.5368999867031821,0.0785724328321819,10,0.24757765829563141,0.04322660477669146,10,1.265453541278839,0.48772147842462105,10
nohidden_HO_T20_mixFP,0.15,0.01,15,0.3945590934911088,0.054153545900572066,10,0.5638136209891534,0.0486136660353916,10,0.4829662934520913,0.052410392438596014,10,0.681478343350966,0.060942036544706216,10,0.36629826449333247,0.05600652983842975,10,0.19383408945009312,0.018318504195680013,10,0.4668255003924572,0.05631463623260439,10,0.21586568355560304,0.019256447817258052,10,1.0224974691867827,0.24774616222416343,10
nohidden_HO_T20_mixFP,0.15,0.01,16,0.440662268385962,0.0438009828068923,10,0.5897080404309787,0.030332867575478803,10,0.5581295069527298,0.03875892804791302,10,0.630595746617692,0.061089306666280284,10,0.5237189123399852,0.06689181713098277,10,0.15955120275468826,0.04268656938592071,10,0.4034739859884936,0.049055930806249266,10,0.18685202896595002,0.03338486569337182,10,1.0124568939208984,0.28299343018952494,10
nohidden_HO_T20_mixFP,0.15,0.01,17,0.4453509260395613,0.028565613311074357,10,0.5968563497130357,0.008542178120801611,10,0.5454659155801153,0.027492277731064958,10,0.6643662420444927,0.05464772953769806,10,0.4280383526975176,0.06788682800690966,10,0.18052225974591246,0.035863197717183555,10,0.43767988674818675,0.039749673097169716,10,0.1873820409178734,0.02851222576369138,10,0.8800830066204071,0.10898959738585529,10
nohidden_HO_T20_mixFP,0.15,0.01,18,0.4790640593043106,0.041247813107567005,10,0.6199401356107653,0.022751333358683665,10,0.5713448556335936,0.023159085839453912,10,0.6830451337292398,0.07018010955490421,10,0.5662264343755679,0.10892832720527325,10,0.14705701653662662,0.041829728658127806,10,0.3360946994644247,0.059913817054782534,10,0.1668325260281563,0.029533188825625292,10,0.6731440722942352,0.17676372228604192,10
nohidden_HO_T20_mixFP,0.15,0.01,19,0.7667504217249141,0.04804405714472953,10,0.8275684700208915,0.02652778340416963,10,0.8186112996484389,0.04619293095273376,10,0.8391429542824591,0.035906433057501394,10,0.36527513964527364,0.08658159805197946,10,0.04700098449670469,0.029643518518233932,10,0.1935826477112788,0.09347109875993143,10,0.07209564633667469,0.023178553470131123,10,0.2866190418601036,0.09382516209968013,10
nohidden_HO_T20_mixFP,0.15,0.01,20,0.8944182351162727,0.00545710415120293,10,0.9199115969524586,0.0023996036679596396,10,0.949428689097852,0.003274292049257967,10,0.892216683688279,0.00657958168732003,10,0.3032886962411092,0.07794497147397027,10,0.02189515371625624,0.004947346267932474,10,0.1413102101581485,0.02968215636811114,10,0.033381064794957636,0.00483094669283051,10,0.1527483269572258,0.03135401088132661,10
nohidden_HO_T20_mixFP,0.15,0.025,1,0.48399643296612715,0.1243972844470277,10,0.6149847103077628,0.09171940166541825,10,0.6148324778853478,0.10855634042044063,10,0.6175312875799643,0.08110135781182974,10,0.8832035622825725,0.10963092107676843,10,0.11045466132349299,0.04724337256020176,10,0.3117165081448511,0.12289842728501874,10,0.1524316430091858,0.0392320844353469,10,0.5689293801784515,0.14665514204731062,10
nohidden_HO_T20_mixFP,0.15,0.025,2,0.6147588131777223,0.08746566510871527,10,0.7150822204582022,0.07055837370957312,10,0.637629206253276,0.09663619184789296,10,0.8221187601725987,0.054421952819969,10,0.558774297281162,0.06589368799714407,10,0.10286588623998072,0.039729783257721016,10,0.28604650204331955,0.12261571485760907,10,0.129545608907938,0.0306191323582333,10,0.4880938589572906,0.16643012940527227,10
nohidden_HO_T20_mixFP,0.15,0.025,3,0.46639812352333454,0.09040926767342997,10,0.6102288652682027,0.06312738069824914,10,0.47016178687785465,0.07151090480389524,10,0.8794488339952344,0.02138330841916627,10,0.17479929195744467,0.03205776610772766,10,0.25890645630461306,0.06167110403797695,10,0.4900062680291984,0.0536331467344827,10,0.23517577350139618,0.06357199655796304,10,1.0555257022380828,0.3921238424639383,10
nohidden_HO_T20_mixFP,0.15,0.025,4,0.5037456743107743,0.06575994714182731,10,0.6361328647222743,0.055080152993045875,10,0.5200540481680592,0.08153096031213594,10,0.8327651771441023,0.04097489130323179,10,0.149158847388721,0.03569121711769037,10,0.2100776737313125,0.04920088247123519,10,0.4529560987653503,0.08747900092346673,10,0.19308794885873795,0.03503508400792751,10,0.810729444026947,0.20938660924233768,10
nohidden_HO_T20_mixFP,0.15,0.025,5,0.49636082261613856,0.11058914608729253,10,0.6312419188146363,0.08727161305782116,10,0.5171835697918266,0.12004823737065119,10,0.8306256999404544,0.039731850974318556,10,0.22698994428128505,0.032810234468580016,10,0.21855963449741575,0.07159470847853548,10,0.47701913274017355,0.1320617314362009,10,0.20057858601212503,0.05821395475454379,10,0.8675914913415909,0.33490455675651504,10
nohidden_HO_T20_mixFP,0.15,0.025,6,0.452808506323481,0.12093121308735083,10,0.6044239443760311,0.09099795589953075,10,0.5093532670144835,0.10419699133716841,10,0.7529537256616512,0.0766562710135924,10,0.314876933820854,0.04858275381882556,10,0.21389451884578764,0.060867573050848396,10,0.44997613654395574,0.10111626524013184,10,0.20197844058275222,0.04994819768170553,10,0.8901005268096924,0.2604127021206754,10
nohidden_HO_T20_mixFP,0.15,0.025,7,0.3869963438468622,0.0666837819793988,10,0.5628736205301073,0.04966549496107697,10,0.4508260487693788,0.059544073853241314,10,0.7584894312463395,0.05665664454552992,10,0.40277736600966135,0.07408209662061029,10,0.25155181037771673,0.04892290349219048,10,0.5055207464581706,0.08492801846642019,10,0.24661748260259628,0.04725389420190153,10,1.32341188788414,0.40272001875766356,10
nohidden_HO_T20_mixFP,0.15,0.025,8,0.5020264559833227,0.11016426130591622,10,0.6407079212651908,0.07080455737061146,10,0.5701833129135351,0.07848427066063085,10,0.7354122961351502,0.0734553528364717,10,0.36490474625077296,0.1595225976265643,10,0.1698352572996399,0.061744734918302305,10,0.3755089102784996,0.08290837749175219,10,0.16942525133490563,0.051622689889000324,10,0.6991025328636169,0.267827501480336,10
nohidden_HO_T20_mixFP,0.15,0.025,9,0.486207471365452,0.07391851323337928,10,0.6277152702287525,0.05364904063932884,10,0.5383933065515952,0.07221096851846369,10,0.7611011925195202,0.053767062486911044,10,0.47679045003743353,0.11260390503770773,10,0.1767098521014606,0.04198209825891528,10,0.4096601329182482,0.09162873769326058,10,0.16991372108459474,0.03068397382117131,10,0.6548636376857757,0.15586228990931977,10
nohidden_HO_T20_mixFP,0.15,0.025,10,0.17440188493423778,0.0625511725616565,10,0.43579464164082227,0.04975563004120191,10,0.33165659346608706,0.04826907541009211,10,0.6400552938539201,0.04851913734030481,10,0.5662704821020597,0.05795775712107745,10,0.3490814032021996,0.03877897266355366,10,0.6247067104473343,0.06360828251841652,10,0.3547604590654373,0.03732331265915945,10,2.1831624865531922,0.40926939576813237,10
nohidden_HO_T20_mixFP,0.15,0.025,11,0.17848891814134255,0.05232525665585428,10,0.4325340887054357,0.051060735805525566,10,0.3412993539771915,0.06236103530915036,10,0.6038082726879485,0.055610995996005955,10,0.47109319898937263,0.09060631769887888,10,0.3251171951389388,0.061000609740284054,10,0.6254758257623545,0.07230355289995449,10,0.3309897810220718,0.048356458847696626,10,1.8172342896461486,0.5465965415676172,10
nohidden_HO_T20_mixFP,0.15,0.025,12,0.2466076904654691,0.06331379869683475,10,0.47344290642573694,0.05887963633338645,10,0.37690038436509254,0.05777366941548784,10,0.6409549426808597,0.061854374888028814,10,0.40214342998306873,0.06882481541631214,10,0.26967901481522133,0.0292865077984954,10,0.56848445992787,0.05948846048753806,10,0.2820469796657562,0.024181411372850847,10,1.2236835479736328,0.1667533584155454,10
nohidden_HO_T20_mixFP,0.15,0.025,13,0.41211962816991665,0.04943204037280497,10,0.57593627248672,0.043447221908482006,10,0.4907215774478737,0.04236578755960885,10,0.7033426945849783,0.08062993770602798,10,0.35162625962604543,0.09369777435224248,10,0.19079558629884755,0.0327393223132368,10,0.3841380283483265,0.05595286621164369,10,0.19935345500707627,0.017260096879381147,10,0.7034859001636505,0.09471476365661483,10
nohidden_HO_T20_mixFP,0.15,0.025,14,0.4057863331988155,0.07774932981484332,10,0.5741155335166783,0.0570908484041586,10,0.4627667196009438,0.06114315082411998,10,0.7627598878120696,0.05496723189118076,10,0.37020127190199786,0.059833781688243264,10,0.2262526005470792,0.04506521694491706,10,0.4827850270288162,0.06743535076337506,10,0.23078958988189696,0.04110071701258759,10,1.1752867460250855,0.4563120111224678,10
nohidden_HO_T20_mixFP,0.15,0.025,15,0.48172183533403007,0.042506147648572974,10,0.6225109840560126,0.04002469025507176,10,0.5083777435031437,0.052136568385380486,10,0.8088913547910754,0.043560237674598365,10,0.33331596062109986,0.047311726051558464,10,0.19581509855025084,0.024335451264483672,10,0.4315240980979393,0.0431001560374322,10,0.19839491993188857,0.020566376762975912,10,0.9257444202899933,0.26243758793919275,10
nohidden_HO_T20_mixFP,0.15,0.025,16,0.5142154129442054,0.052068124436315276,10,0.6482831417243999,0.028514908759628657,10,0.55870477627351,0.037941712643291596,10,0.7761466031092791,0.04560662416303023,10,0.4622796824208983,0.06261765718617235,10,0.17027896362315276,0.04226007164873555,10,0.4234551974806696,0.04802791871235748,10,0.17644860595464706,0.03677767614643879,10,0.8991837084293366,0.30021032396009506,10
nohidden_HO_T20_mixFP,0.15,0.025,17,0.5196721927731389,0.04350471969353708,10,0.6517442235422941,0.014393930589368113,10,0.5466599650107435,0.028614645935991726,10,0.8105816962142407,0.03708190854873798,10,0.34265627454527825,0.06891425607261333,10,0.1863588148610706,0.03832240044374559,10,0.4878849822711577,0.03335503998479203,10,0.17701188772916793,0.03206743293245636,10,0.7767946183681488,0.12471687796478538,10
nohidden_HO_T20_mixFP,0.15,0.025,18,0.557233379812974,0.04276305243544354,10,0.6762678905247685,0.016864356522735525,10,0.567841189051263,0.02653534398414747,10,0.8405020412476929,0.053387058254074964,10,0.49643386716396476,0.09939455458958575,10,0.16608482546604267,0.03967918743571695,10,0.4123745436333546,0.052241662206866095,10,0.15681982040405273,0.029434728572389185,10,0.5912276148796082,0.1416955518843997,10
nohidden_HO_T20_mixFP,0.15,0.025,19,0.7732719117495764,0.04408118873663946,10,0.8328505812480177,0.023446004694551714,10,0.7663805118797831,0.035701574880635495,10,0.9135663111581511,0.027974839342604634,10,0.31598048800160183,0.07904108486870108,10,0.07611867491778843,0.02937849664033573,10,0.38851797592726,0.06396721871923187,10,0.07522509545087815,0.023413503124774002,10,0.2922247976064682,0.0954838515771652,10
nohidden_HO_T20_mixFP,0.15,0.025,20,0.8750560721898342,0.005112711239740098,10,0.9068845829870357,0.002506398293822202,10,0.9053347096574489,0.005629588649747145,10,0.9085124249037589,0.007341638805503775,10,0.2848932585215546,0.0726598075114757,10,0.027135046388888952,0.004889112492978702,10,0.28105693323564757,0.019829139021426995,10,0.03915944024920463,0.00517370718835513,10,0.1753106877207756,0.0344616502649829,10
nohidden_HO_T20_mixFP,0.15,0.05,1,0.5201501973855905,0.11524069350670452,10,0.6415019585007798,0.08576716377284244,10,0.6422306860124357,0.1013790050459642,10,0.6429068086984465,0.07708513432621891,10,0.8755135733144417,0.10991235414279732,10,0.09624651454129725,0.04145719853532225,10,0.28769750343366457,0.1109478880323542,10,0.139765914529562,0.03543418759766195,10,0.5090377002954483,0.12962953207892383,10
nohidden_HO_T20_mixFP,0.15,0.05,2,0.6318262700805567,0.08293277434259258,10,0.7273814636087235,0.06715971437363405,10,0.6537609059873933,0.09313979887373865,10,0.82707448972387,0.052483938368184,10,0.5685727628918584,0.06512850897718574,10,0.09277869012425191,0.036803290287264465,10,0.26495873082975774,0.1148609311566865,10,0.12084793373942375,0.028483758689726506,10,0.4448352545499802,0.14800440352749764,10
nohidden_HO_T20_mixFP,0.15,0.05,3,0.4758345595101036,0.09442980240843417,10,0.6165614415802906,0.06639880055369086,10,0.47754383637925935,0.07627950360778178,10,0.8811246648886628,0.020477776775480676,10,0.19023405132400156,0.03557514930924239,10,0.2509211270081989,0.06386325430791852,10,0.4887168989385133,0.060007536883943675,10,0.22919762134552002,0.06457501265463564,10,1.0135622680187226,0.381310098888568,10
nohidden_HO_T20_mixFP,0.15,0.05,4,0.5154754029624304,0.0692576145810912,10,0.643200823233108,0.05851779227433612,10,0.5219734476823075,0.08355618477033819,10,0.8517594393775351,0.03684240010532088,10,0.14568196181522836,0.03904160944812173,10,0.2115087944376084,0.051094827802583946,10,0.4649460675682164,0.09118212548015854,10,0.19163299426436425,0.03753157949440826,10,0.7869933277368546,0.21409192769894145,10
nohidden_HO_T20_mixFP,0.15,0.05,5,0.5063009919707838,0.10594347968874061,10,0.6367011738013695,0.08512097982995968,10,0.5161052813579647,0.11537273784812387,10,0.8512552027626856,0.036332849617611976,10,0.21834841205992808,0.033662490648889334,10,0.2220830559785231,0.07107994072710869,10,0.4932489330708741,0.12975243272976927,10,0.2007998712360859,0.05743212539565971,10,0.8608225971460343,0.32946654516561935,10
nohidden_HO_T20_mixFP,0.15,0.05,6,0.46964572938707166,0.11827591970399136,10,0.6157205618082929,0.08916906996407498,10,0.5132428608643871,0.10338880145874049,10,0.7795138752267687,0.06950629602346292,10,0.3054324424845586,0.04906906262767211,10,0.21316729284422742,0.060721715685784494,10,0.4629336260037452,0.10539751192375532,10,0.1988470233976841,0.0497342613499573,10,0.8519772291183472,0.25016084091552326,10
nohidden_HO_T20_mixFP,0.15,0.05,7,0.41125878318243564,0.065931996969216,10,0.5781449967925764,0.049165288824964945,10,0.4597053122454284,0.06009847957057973,10,0.7878856051819706,0.04807158876701301,10,0.38763845105565015,0.07077630578357388,10,0.249213516296985,0.049461939718626814,10,0.511259884283733,0.08034802689116187,10,0.2413416773080826,0.04775524187710155,10,1.277201098203659,0.40892223629573626,10
nohidden_HO_T20_mixFP,0.15,0.05,8,0.5235107052503561,0.10111541504054637,10,0.6560329250595791,0.06416094851634387,10,0.5743245757897706,0.0736746922416667,10,0.7694934216081393,0.06567613525068725,10,0.35887352084531127,0.15974422044865813,10,0.16844643960688777,0.059040076319229376,10,0.38549534886765036,0.090111463109258,10,0.1654729925096035,0.04861883329615588,10,0.6623927116394043,0.2373057455019024,10
nohidden_HO_T20_mixFP,0.15,0.05,9,0.5347234493985225,0.07573235973796265,10,0.6612004969116192,0.055657680447174944,10,0.5694370838072352,0.07881430500144282,10,0.7968619356438705,0.04152191740157874,10,0.4747641180278511,0.12251777550339084,10,0.16678014420657833,0.045792077623708786,10,0.3974297038056639,0.0958812530012695,10,0.15723852068185806,0.032484576188826345,10,0.6093221098184586,0.1592573206456254,10
nohidden_HO_T20_mixFP,0.15,0.05,10,0.23326133213652786,0.06109799133865546,10,0.46950510642706716,0.05051460365249948,10,0.36020840912631397,0.05131675619646023,10,0.6794375297279279,0.04255008272736825,10,0.5595114438984223,0.05563260201470903,10,0.3205049905178413,0.03906786725801206,10,0.5948094570603163,0.06308624013729201,10,0.3289377599954605,0.037285614511651646,10,1.9925618052482605,0.39808738622736545,10
nohidden_HO_T20_mixFP,0.15,0.05,11,0.19269665502595973,0.06318353841344987,10,0.4441546803307529,0.057027077057106766,10,0.34446899375751167,0.06827034990974609,10,0.6404707636343635,0.051752092098565586,10,0.4492609524821722,0.09201370501837175,10,0.3354990820790251,0.0677730876849693,10,0.6246501142119424,0.0752521165227116,10,0.33974653482437134,0.05654559145390607,10,1.9549874544143677,0.6605235555364607,10
nohidden_HO_T20_mixFP,0.15,0.05,12,0.2840115132454878,0.07232184756338794,10,0.498642146149397,0.06401613444385405,10,0.38614546164490754,0.062367613309412505,10,0.709088062483361,0.061207723764590355,10,0.3837778815769953,0.06111639292130342,10,0.27938194925111115,0.03397636932929472,10,0.5440021509187318,0.06218511293972063,10,0.2788173884153366,0.02777578412071862,10,1.171712863445282,0.18304977960685315,10
nohidden_HO_T20_mixFP,0.15,0.05,13,0.46505617778144065,0.04119867026537941,10,0.6126006232333684,0.033628709208341254,10,0.5031842036414863,0.04360049966207162,10,0.7897272413548556,0.060793411337601466,10,0.3323382727470531,0.10098275624889756,10,0.20380041010454195,0.040700211276598404,10,0.3736982719123066,0.06419915356470945,10,0.1941402018070221,0.02509592236495502,10,0.6824968159198761,0.13026813781652916,10
nohidden_HO_T20_mixFP,0.15,0.05,14,0.45668088260130046,0.06596346488903236,10,0.6036095544923787,0.053663928737587616,10,0.4709747104082157,0.06089521972002075,10,0.8489565778359488,0.039177409851792466,10,0.335660923659726,0.05943871359962874,10,0.24332408963702307,0.040381483614712374,10,0.47577100390995114,0.060318439103459805,10,0.22736185789108276,0.038073574492632094,10,1.1266955435276031,0.42182425952460695,10
nohidden_HO_T20_mixFP,0.15,0.05,15,0.515575968424213,0.03611869968939244,10,0.6398856730689911,0.04175952525142285,10,0.5024853432324854,0.05748953200162411,10,0.888904363683112,0.02272125552586384,10,0.29994123564659475,0.03663082114078372,10,0.22084999750189324,0.03330362586266561,10,0.48921612639715184,0.05657639844321691,10,0.20088572800159454,0.02315691229029738,10,0.911989825963974,0.2648182011389043,10
nohidden_HO_T20_mixFP,0.15,0.05,16,0.5307872479446927,0.0511248620420029,10,0.6563004611700459,0.02920480180895679,10,0.5300644632384575,0.033434161061747514,10,0.8634571888999194,0.029549262347346908,10,0.39527857675596273,0.052426113138362,10,0.20388963569943827,0.035446933988631746,10,0.49144685522392695,0.04380513250435691,10,0.1867913782596588,0.035020536153808096,10,0.9286520063877106,0.2939155168259802,10
nohidden_HO_T20_mixFP,0.15,0.05,17,0.5361727749419795,0.04308612111722935,10,0.6572526302276172,0.01833444700213499,10,0.5196622813544469,0.024963789461719735,10,0.8955623728558919,0.014065217745050939,10,0.26014927097223667,0.06105308972826126,10,0.21977754018368262,0.03326603746322037,10,0.568211192687746,0.032145819623334786,10,0.18815503418445587,0.03042196346861241,10,0.7935632228851318,0.12479543555720664,10
nohidden_HO_T20_mixFP,0.15,0.05,18,0.5736631887281699,0.03364832703657452,10,0.6795043012870334,0.0166200665731811,10,0.536469332168505,0.028914017832883374,10,0.9300445096247287,0.027765643274588265,10,0.42641891548848826,0.08682453380776882,10,0.207990545451518,0.032901982793923666,10,0.5104371083761192,0.04755634135935321,10,0.1674624651670456,0.025429968885272453,10,0.5984416902065277,0.0937536707846757,10
nohidden_HO_T20_mixFP,0.15,0.05,19,0.7386478411280034,0.03197178198994191,10,0.803403221877352,0.014388662234234849,10,0.6955925959306876,0.022738452079344145,10,0.9515574893722757,0.011854168938042873,10,0.27018641502524127,0.06756616226314248,10,0.11669954906305366,0.0264966184028047,10,0.5489071656625799,0.037619361955767455,10,0.09529700130224228,0.021472557228826992,10,0.377764430642128,0.09178371019932353,10
nohidden_HO_T20_mixFP,0.15,0.05,20,0.8375048461970078,0.003210923230691931,10,0.8793855729727754,0.0048817169195346415,10,0.8419570511494833,0.012601958150972235,10,0.9204944773801225,0.007246023226319687,10,0.25721143392848433,0.06419066752752903,10,0.043635783768232156,0.003377349118868886,10,0.4119867977017724,0.02600178268302819,10,0.053121545165777204,0.005040767007706377,10,0.2514730736613274,0.039680308032305434,10
nohidden_HO_T20_mixFP,0.15,0.1,1,0.5877826146910198,0.09267552161017792,10,0.6921071052085398,0.07036886320834997,10,0.6895254518676075,0.08304243023292344,10,0.6964232818656857,0.06587521668371304,10,0.8515875452576435,0.1116271512885513,10,0.07242220254136958,0.029651623426856875,10,0.24620809440222705,0.08994381109106571,10,0.11771654114127159,0.02706962912504873,10,0.4131325364112854,0.0940037580850886,10
nohidden_HO_T20_mixFP,0.15,0.1,2,0.6606166061098417,0.07171457270588869,10,0.7482920356058195,0.05891502216795436,10,0.6801845057773773,0.08394991026578473,10,0.8375385056901525,0.04757547344419669,10,0.5857454654659109,0.06489083096988445,10,0.07829202342373826,0.03128578331408819,10,0.2496513366416114,0.10489697693157429,10,0.10664196982979775,0.023709541362536776,10,0.37494380176067355,0.11065852919631398,10
nohidden_HO_T20_mixFP,0.15,0.1,3,0.5035453966728307,0.09784151945460814,10,0.6352244933706397,0.07013488632756294,10,0.4992920960151822,0.08328324167614785,10,0.885203634507751,0.01809507805565517,10,0.22393131242154057,0.04399150033669818,10,0.22963320251980682,0.06428044340037059,10,0.47493505128302554,0.0710516185972393,10,0.21177456378936768,0.061976664745556104,10,0.9012198865413665,0.3398286923870864,10
nohidden_HO_T20_mixFP,0.15,0.1,4,0.5389233034484086,0.06722655602380566,10,0.6572557296933156,0.05930450640415624,10,0.5277317135452839,0.08156680897002298,10,0.8840335994925066,0.024746823344406515,10,0.15333191739728633,0.05185385141966805,10,0.21072771832527565,0.051533912663811104,10,0.49212565776072087,0.08718137363411625,10,0.18677911460399627,0.03859131703746454,10,0.7375190049409867,0.2061537609541759,10
nohidden_HO_T20_mixFP,0.15,0.1,5,0.5151917573961788,0.09674016022434699,10,0.6401071221413432,0.08010033461758348,10,0.5082814133204175,0.10480846096860262,10,0.8832621158931685,0.030423493545134225,10,0.20625362473749953,0.0376288108955071,10,0.2325102896456847,0.0694364377858612,10,0.5332525618021,0.1127916675034699,10,0.2056045040488243,0.05599441785796418,10,0.8731847792863846,0.3228147006312677,10
nohidden_HO_T20_mixFP,0.15,0.1,6,0.4906872013990059,0.10986156091537651,10,0.6287670295428379,0.08338023593189785,10,0.5116664621561722,0.09635871450980246,10,0.8253799795829219,0.056595858837534326,10,0.2878491776671141,0.05010681665143041,10,0.21763945767823273,0.059812078100967066,10,0.499960578767295,0.0952615706479578,10,0.19751805514097215,0.04859489183492884,10,0.8086514919996262,0.23173800350088095,10
nohidden_HO_T20_mixFP,0.15,0.1,7,0.44470290705098814,0.06276038553919175,10,0.5983758102897778,0.04678742221686775,10,0.4694925229562547,0.05781995978471885,10,0.8327512022898947,0.03168575126852992,10,0.3623791098188601,0.06684741622524748,10,0.2486514952218725,0.048675633000664915,10,0.5320542693492276,0.06842314010958644,10,0.23420643657445908,0.04799338336051043,10,1.1921526908874511,0.40650163782166604,10
nohidden_HO_T20_mixFP,0.15,0.1,8,0.5486284867594534,0.08322245922356114,10,0.672443765114943,0.05183000726885785,10,0.5691372233631563,0.06385173321929635,10,0.8262961795326278,0.04632354694966935,10,0.34730901040312057,0.1532171234102844,10,0.17278689690671029,0.05487399337283503,10,0.4215504584474769,0.09178379427993598,10,0.16338084116578103,0.043674319939564096,10,0.6260822683572769,0.19235821985107282,10
nohidden_HO_T20_mixFP,0.15,0.1,9,0.5830621016546689,0.07467535507952758,10,0.6941764300568842,0.05573576579476376,10,0.5913388232949395,0.07668891161493857,10,0.8473442870798594,0.029246924287018146,10,0.46140686150098,0.13787403574598817,10,0.1647704432532745,0.0464313863207765,10,0.39974416172496535,0.08423874070380583,10,0.14812730625271797,0.03392250471604329,10,0.5794243663549423,0.16097839725346091,10
nohidden_HO_T20_mixFP,0.15,0.1,10,0.3093729814700702,0.05898247402366178,10,0.5144334399148934,0.051129626555660494,10,0.396792958787751,0.054799798797561194,10,0.7374394725188893,0.03375610809513323,10,0.5399132533868848,0.055318380243946745,10,0.2892636419472047,0.03753193542666572,10,0.5720117200784051,0.0583907459996456,10,0.2963565707206726,0.0366109454684201,10,1.6969061255455018,0.3716519579305382,10
nohidden_HO_T20_mixFP,0.15,0.1,11,0.2054279017059634,0.07340544928722535,10,0.4543280133718238,0.0642093696218775,10,0.3446310628835708,0.07316059227253731,10,0.6828312912816749,0.04869831484569732,10,0.41960745255807186,0.08403422773339891,10,0.34915398615930027,0.07044810684202113,10,0.6274115854079662,0.0751992712937459,10,0.3505192130804062,0.059617366865422045,10,2.0817805886268617,0.710309306770782,10
nohidden_HO_T20_mixFP,0.15,0.1,12,0.2970742715651927,0.08285725169747997,10,0.5070203544943761,0.06971156237589793,10,0.3811441674358577,0.06714290634394943,10,0.7644322573691741,0.05851569899929578,10,0.3601289416151984,0.06134097872612365,10,0.3016103063195784,0.03772391860304749,10,0.5477377369123559,0.05726108422599916,10,0.28512340039014816,0.030943805459930425,10,1.1396669924259186,0.1864054136773664,10
nohidden_HO_T20_mixFP,0.15,0.1,13,0.48633588614417655,0.04316597595172549,10,0.6239606283703983,0.032899873907642145,10,0.4924445038848143,0.04640179423089605,10,0.858748250867869,0.04313143047203168,10,0.30362860206505937,0.10236931810329877,10,0.23280980549917282,0.044468144055248904,10,0.4114136036793455,0.07222472944294367,10,0.20202035307884217,0.03238779625072452,10,0.708665919303894,0.16050765208258153,10
nohidden_HO_T20_mixFP,0.15,0.1,14,0.4634871726223107,0.057686026894253804,10,0.6026406726681119,0.052547245281040024,10,0.4564523221956508,0.06023850682023522,10,0.8974057402394285,0.036281259565883434,10,0.30395603353050343,0.05774302967083422,10,0.2725501238737492,0.037932210721819536,10,0.5428834612979461,0.05407252338939484,10,0.23981757760047911,0.03419566318513174,10,1.11000714302063,0.3735223297802878,10
nohidden_HO_T20_mixFP,0.15,0.1,15,0.501896917358987,0.044391759467276075,10,0.6258310733741208,0.05119451090068907,10,0.4773845374055573,0.06496648914541961,10,0.919252553548116,0.015589709840001785,10,0.2759798995606976,0.031253508799531225,10,0.25300794818750816,0.04047996126206521,10,0.5764121961004505,0.06420259281394004,10,0.22069301158189775,0.028468632920444648,10,0.9593810260295867,0.25446091053170833,10
nohidden_HO_T20_mixFP,0.15,0.1,16,0.4993481813062405,0.0443394838584641,10,0.6298697887213736,0.030538974148423395,10,0.4866772981340926,0.0331379386860582,10,0.8946733596192307,0.028747575088320872,10,0.34014414211803157,0.04462508961272225,10,0.2447349146336765,0.028853249987395774,10,0.5673942669327285,0.050078327536375214,10,0.2139357626438141,0.029822027608847876,10,1.0466091930866241,0.27503829229884025,10
nohidden_HO_T20_mixFP,0.15,0.1,17,0.5094140674316904,0.0345616272750669,10,0.632489520736595,0.023186539853284747,10,0.47976795909154263,0.026547277218906887,10,0.929341153012267,0.009659323861563054,10,0.19785785247941318,0.05085226858194761,10,0.2626978395201967,0.02490742565637066,10,0.6428041033303318,0.04521368856844662,10,0.21832714080810547,0.023849581290687507,10,0.919978278875351,0.11111679661619998,10
nohidden_HO_T20_mixFP,0.15,0.1,18,0.5376406831541434,0.02884374381123116,10,0.6470221432374476,0.02616468220933167,10,0.48859155586655045,0.034456779075146916,10,0.9612923902891181,0.013479462488554235,10,0.36770904453778486,0.07044546554241045,10,0.2557679266902972,0.028004004559441305,10,0.5982676077164035,0.05339598649001498,10,0.19843265861272813,0.02060046042725967,10,0.7001816272735596,0.05876842844016278,10
nohidden_HO_T20_mixFP,0.15,0.1,19,0.6627286072917582,0.021734052666663672,10,0.7418255980866342,0.016872863239033767,10,0.6031350943873167,0.02397776784215258,10,0.9643203410563628,0.00425968420836854,10,0.23528784588433105,0.05147795251387386,10,0.1701415804491426,0.021578517686945093,10,0.66156601670798,0.028690604419017423,10,0.13868941366672516,0.017665742483159132,10,0.5892823934555054,0.08456841994942385,10
nohidden_HO_T20_mixFP,0.15,0.1,20,0.758898705582163,0.007667624081032686,10,0.8194727097895369,0.014393320522632562,10,0.7343759047458722,0.02809428686707921,10,0.9278661650097613,0.008696369907709783,10,0.21426485585012042,0.0489477581148996,10,0.08488734165307234,0.0022467612174219683,10,0.5587297849937063,0.03510624474858981,10,0.0876686342060566,0.0034457621688397076,10,0.467845955491066,0.049787041908261095,10
nohidden_HO_T20_mixFP,0.15,0.2,1,0.6712661345216704,0.035436286178286786,10,0.7569037631505986,0.03163791789682508,10,0.7185693571558249,0.04243709235105419,10,0.8009712003367844,0.033771597375547385,10,0.7457721902269625,0.12012805666997929,10,0.05956579939138742,0.01148352779891155,10,0.24961246131878112,0.06913880898669093,10,0.09579765647649766,0.008461912913981033,10,0.32613827884197233,0.02657270166943867,10
nohidden_HO_T20_mixFP,0.15,0.2,2,0.6989169167999204,0.04239005920750593,10,0.7767059910034272,0.03735847883828248,10,0.7091063508229336,0.05617105595937708,10,0.8618112098550961,0.03477491093397121,10,0.6043742670092239,0.06654374026774044,10,0.07050223472127408,0.02138053910519313,10,0.2818148782815697,0.07658308443558569,10,0.09108580350875854,0.012189081894532761,10,0.30597400963306426,0.043052011059386504,10
nohidden_HO_T20_mixFP,0.15,0.2,3,0.5648385162451417,0.06944613480452287,10,0.6770211821253871,0.05357221261512852,10,0.5474416982113122,0.06823129606564535,10,0.8940928152167299,0.012745356782445585,10,0.315177431411022,0.0610843661964628,10,0.181410275331441,0.04950774880829742,10,0.45651067836110604,0.05093048897713864,10,0.17044592797756195,0.04266178405985358,10,0.6542449802160263,0.21389519642205843,10
nohidden_HO_T20_mixFP,0.15,0.2,4,0.576716151225318,0.04820764691936824,10,0.6809469612402237,0.04802911365526273,10,0.5434976471169846,0.06610457761588402,10,0.9204176067058647,0.011589576039625727,10,0.22916639099124195,0.06603115994379287,10,0.19666071301249763,0.04452954225670142,10,0.5312380649677781,0.07214187933893089,10,0.17267214506864548,0.03035269829430926,10,0.6447381228208542,0.1415242304457357,10
nohidden_HO_T20_mixFP,0.15,0.2,5,0.5159830365346616,0.08040488278943327,10,0.6365196593339657,0.06915260156296957,10,0.4907321112601277,0.08525663959396666,10,0.9209429242758687,0.0166102613839336,10,0.20864178119875562,0.05494227476217547,10,0.2511824370995882,0.06372385207445871,10,0.6093046310145442,0.06790907224919333,10,0.2190488576889038,0.05277227732536422,10,0.9180418074131012,0.29939713696309744,10
nohidden_HO_T20_mixFP,0.15,0.2,6,0.504856934884036,0.08534812929718538,10,0.6328235797929975,0.06775354526764238,10,0.49239755287196607,0.07665290584469742,10,0.8944979612017054,0.03230703734300139,10,0.2617932828276477,0.05836235671637302,10,0.23907409489590442,0.05387460495393816,10,0.5879445585410104,0.07047390788889045,10,0.20825623869895935,0.04379450511199569,10,0.8199405312538147,0.20020988717088198,10
nohidden_HO_T20_mixFP,0.15,0.2,7,0.47741131590883246,0.05065932379338066,10,0.615517455423021,0.0377314116874589,10,0.4721880374751947,0.04560369350592568,10,0.8893145212946145,0.013330203865895557,10,0.3172836813519611,0.057665377289849974,10,0.25658901112556254,0.043845266692209915,10,0.5945598234398713,0.05233474686515122,10,0.23024389445781707,0.041962341489851035,10,1.07270148396492,0.32106349517937066,10
nohidden_HO_T20_mixFP,0.15,0.2,8,0.5584341713561214,0.05530781971020939,10,0.6724832773806376,0.03483454720944464,10,0.5371506948465541,0.04710181831349369,10,0.9039056891368789,0.02206225306159341,10,0.3270170276982051,0.12317259012082218,10,0.20008184675926294,0.05253611578877282,10,0.5144563213038429,0.08678501778774596,10,0.17474150210618972,0.03820938455906253,10,0.6470285326242446,0.157531009786546,10
nohidden_HO_T20_mixFP,0.15,0.2,9,0.584296673341391,0.05406358889330694,10,0.6906164901727895,0.04088454307610652,10,0.5609165860779481,0.05377822211138756,10,0.9030790810798164,0.023910764028266814,10,0.4222536403074152,0.14493162738996404,10,0.19203552830490003,0.04365799577556598,10,0.4975596877385436,0.06677160059174721,10,0.16334957331418992,0.03225381271804854,10,0.6505927294492722,0.16606344919510457,10
nohidden_HO_T20_mixFP,0.15,0.2,10,0.396400279114851,0.05150420646021763,10,0.5660544903469381,0.04902007326203987,10,0.4355766043342685,0.05495195898311956,10,0.8147575064370326,0.024799300333957223,10,0.4853637117290136,0.05735282418113604,10,0.26057496986323003,0.03032974935899321,10,0.6020838579799158,0.055975537397176624,10,0.2560630187392235,0.03079216648408876,10,1.2275917768478393,0.2519778985977452,10
nohidden_HO_T20_mixFP,0.15,0.2,11,0.23764669154961596,0.08813804448216826,10,0.4737626276130749,0.07312440956913169,10,0.3543962526948705,0.08002829839249337,10,0.7316367217759676,0.0485577049702002,10,0.4036322031615023,0.07906026042830462,10,0.3468054340646184,0.0742852619431431,10,0.6196922296635081,0.0811271487940425,10,0.3445666268467903,0.06310196986263127,10,1.9573649883270263,0.6536833234281376,10
nohidden_HO_T20_mixFP,0.15,0.2,12,0.2974959064966933,0.08637922506868283,10,0.5064926413392346,0.07016396345775971,10,0.36889647897821,0.06874460077521906,10,0.8193155273710266,0.04324602480511429,10,0.3466621372776827,0.06103919861451007,10,0.33502582593130026,0.045570145518633386,10,0.5763710327654599,0.04444850991593207,10,0.30381294190883634,0.03904640623292379,10,1.1733853995800019,0.19143233449429506,10
nohidden_HO_T20_mixFP,0.15,0.2,13,0.4501219951584646,0.03615687911918683,10,0.5928205519665622,0.0351465009285041,10,0.44090510262542965,0.04242558062346748,10,0.9114479466448516,0.0269742192536915,10,0.26238826481774546,0.09129758263594717,10,0.29081843607881136,0.041339636391429,10,0.5168337861053619,0.06334592678711744,10,0.24017699658870698,0.03245921316026672,10,0.8403360724449158,0.16022791604521236,10
nohidden_HO_T20_mixFP,0.15,0.2,14,0.4399525133866889,0.05124015269463678,10,0.5818722733447182,0.0534499532752274,10,0.42698738104965256,0.061043418214737986,10,0.9280999135244417,0.03579877904364746,10,0.2667773370346583,0.059867494182909944,10,0.31461611147842306,0.04670363704913318,10,0.6519725038949266,0.042033368754545955,10,0.27038083523511885,0.0364224671701937,10,1.1625336170196534,0.2633644468876332,10
nohidden_HO_T20_mixFP,0.15,0.2,15,0.47929380423479795,0.049474901563974154,10,0.6077960754361162,0.05595392282601413,10,0.45367722391988413,0.06629095021100158,10,0.9328704160217292,0.01102042162354195,10,0.26624500830510545,0.03364454787068061,10,0.28277678315754956,0.04298256982583001,10,0.6365832833387843,0.06488735657459932,10,0.24537432789802552,0.03220012006079159,10,1.0661506474018096,0.23076859342140194,10
nohidden_HO_T20_mixFP,0.15,0.2,16,0.45578822317895373,0.039770543961111175,10,0.5974590103403653,0.03353473736529454,10,0.44667507146015134,0.037142595759598836,10,0.9058907908205469,0.027314545723669207,10,0.32585861763425694,0.04058049138937556,10,0.2799194345653334,0.028029105844253704,10,0.6278093969935743,0.045435709185460506,10,0.2461574539542198,0.026216775773106892,10,1.186294287443161,0.25350785329951203,10
nohidden_HO_T20_mixFP,0.15,0.2,17,0.46554918293114556,0.028611276706495933,10,0.5985331622529111,0.032394461958701014,10,0.43937415754364395,0.03547805702662842,10,0.9419905941725389,0.007288338280087807,10,0.16279415373963238,0.04233015650638115,10,0.3070106933055451,0.021889253095694918,10,0.7067210426664126,0.05225893228053093,10,0.2633448004722595,0.01942373570731858,10,1.1690426290035247,0.11965339148146036,10
nohidden_HO_T20_mixFP,0.15,0.2,18,0.47689800670837756,0.029950963854135884,10,0.6011637864997723,0.03609327188155268,10,0.4370120241877521,0.04153836528346995,10,0.9689726014859044,0.011257623554093934,10,0.3306997054017808,0.05399148752993791,10,0.3078456846748483,0.02996399320077526,10,0.6726285576775998,0.05491877565935038,10,0.24777833819389344,0.021646245308483896,10,0.9125488042831421,0.0610813247369539,10
nohidden_HO_T20_mixFP,0.15,0.2,19,0.5578502310916719,0.021655367626004136,10,0.6602751524865333,0.02977829842317423,10,0.5021608688513473,0.036063693952020096,10,0.9667942181282092,0.004857534025379903,10,0.2118992980716568,0.03745293215326614,10,0.24451025679552765,0.019594473879990925,10,0.741423511436648,0.03261799093336684,10,0.21237808912992479,0.015590336038351263,10,1.0212056696414948,0.09170779324376137,10
nohidden_HO_T20_mixFP,0.15,0.2,20,0.6234318525006552,0.018073770978594784,10,0.7152197328620146,0.029339838386265818,10,0.5830384536708013,0.043890603388037956,10,0.9286018869286812,0.011019362697798067,10,0.15996993989883151,0.028156846078793384,10,0.1677437772796815,0.009781085887592923,10,0.6818408451875075,0.039719357638033685,10,0.16452527344226836,0.0043990166221664065,10,1.0557268142700196,0.0688987244916231,10
nohidden_HO_T20_mixFP,0.2,0.01,1,0.42650848641344086,0.12346473848587025,10,0.5705511732427299,0.08978743013661585,10,0.5775192070375497,0.10971784031943067,10,0.5665589246612338,0.07749436926300138,10,0.8932077739326981,0.10978672686976283,10,0.12830086320566694,0.05125133992826108,10,0.34234814798022856,0.12568534365073178,10,0.17024977132678032,0.04044986969197154,10,0.649317279458046,0.15680696599945868,10
nohidden_HO_T20_mixFP,0.2,0.01,2,0.574457291409629,0.08539889656635972,10,0.6865770699516128,0.06912374869586667,10,0.6119249486349473,0.09669635839556864,10,0.791075504829837,0.05474762713694253,10,0.5592565146412461,0.06572743353984892,10,0.10882433082065379,0.04142472992604911,10,0.3174372654106545,0.13269106658799817,10,0.14272825568914413,0.030030494402754453,10,0.5390719830989837,0.17013721478776903,10
nohidden_HO_T20_mixFP,0.2,0.01,3,0.4575864498123088,0.08348443496631923,10,0.6056798838502749,0.05817682847290328,10,0.46930758533572625,0.06725025561878134,10,0.8630799661374366,0.019468431765222765,10,0.16559633964163403,0.031356825514293404,10,0.2539140003491055,0.05802106875260802,10,0.4823189287480593,0.053219032727501274,10,0.23357123285531997,0.05907576374010075,10,1.0272041380405426,0.3552519333857191,10
nohidden_HO_T20_mixFP,0.2,0.01,4,0.4928900694921226,0.060237748168798406,10,0.6296228995178167,0.05003696966442828,10,0.5199825114261366,0.07848562093959004,10,0.8114568240650237,0.04342617792863946,10,0.14955033120007105,0.03688984136392321,10,0.20591970552510502,0.0474896534359913,10,0.4344047012070888,0.08337642988737866,10,0.19288311749696732,0.03211371441181529,10,0.804506492614746,0.19274141270039177,10
nohidden_HO_T20_mixFP,0.2,0.01,5,0.4836917586869702,0.1064239308777785,10,0.6236019216555846,0.08369039633768954,10,0.5172472949159291,0.11993502953695918,10,0.8059124396457683,0.03801466984979552,10,0.23174702433275218,0.03269043137683085,10,0.21297528869186982,0.07044547209849661,10,0.4635016152775693,0.1317471003349168,10,0.19958800151944162,0.05537914976253198,10,0.8467389941215515,0.31094851303420773,10
nohidden_HO_T20_mixFP,0.2,0.01,6,0.44530077346683744,0.1253920221800851,10,0.5990162984631425,0.0942798046308445,10,0.5133709199635617,0.1134385694905477,10,0.7301871518800984,0.07625552087772594,10,0.32335714598834125,0.051954645916407464,10,0.20774702921672922,0.0641535280070024,10,0.4262063764260173,0.11417569308871202,10,0.2007811337709427,0.05049653444133418,10,0.885982272028923,0.261529025074377,10
nohidden_HO_T20_mixFP,0.2,0.01,7,0.37503510231374104,0.06134495378902295,10,0.5549420509550014,0.04784082732039235,10,0.4485045410369121,0.056588625419613466,10,0.7364814623966144,0.05993386955342339,10,0.4182354286709974,0.07667241857733371,10,0.24740298744030897,0.0451217534972448,10,0.4986658456810488,0.08626106571787338,10,0.24607835263013839,0.04414317468895871,10,1.3154967784881593,0.3826495351638127,10
nohidden_HO_T20_mixFP,0.2,0.01,8,0.49249987322448197,0.097346041094061,10,0.6324136123927645,0.06320910592881207,10,0.5746638220153072,0.07319728846967387,10,0.7078058391083951,0.06919232187131374,10,0.3783709116197775,0.16131641105463607,10,0.16426066410370674,0.058409097840587,10,0.3586880530160562,0.07837814652739121,10,0.16885414272546767,0.04711874684673455,10,0.6997980058193207,0.2470990590288524,10
nohidden_HO_T20_mixFP,0.2,0.01,9,0.4848952380209412,0.06948054443985491,10,0.6258434536944664,0.053243779506998025,10,0.5496278991715318,0.07285922405413386,10,0.734947115052931,0.05659959959128112,10,0.5033712373253734,0.11497429921074877,10,0.16670192652874302,0.03841008447962328,10,0.3955201146843324,0.09061253890170935,10,0.1651538074016571,0.02707381761206044,10,0.6359820395708085,0.1407366860129996,10
nohidden_HO_T20_mixFP,0.2,0.01,10,0.156052513538451,0.06317367704241494,10,0.4250049157272787,0.05058716200937821,10,0.32384628697011725,0.04951381172151693,10,0.6233153293099147,0.047682486095687156,10,0.5922709176742126,0.05167930500090461,10,0.35423706675956296,0.040500017740307745,10,0.6432588687163887,0.06232813150210634,10,0.36284340620040895,0.03828741745484594,10,2.2712504744529722,0.3991832326879043,10
nohidden_HO_T20_mixFP,0.2,0.01,11,0.17842967185228537,0.04680956969083319,10,0.43260185394643236,0.047572243308222815,10,0.341322561664805,0.05886425239546413,10,0.6026029408825624,0.049028917881991395,10,0.4686376103435007,0.08796622472633822,10,0.3231506695479739,0.057419308786618044,10,0.6263380512982362,0.06717991818026772,10,0.3295306324958801,0.045954541149509795,10,1.7873737692832947,0.5131854908425857,10
nohidden_HO_T20_mixFP,0.2,0.01,12,0.272268378687729,0.057618810159699566,10,0.4879702936424205,0.05678458823857788,10,0.3949143173685973,0.055876980314198875,10,0.6418974596194246,0.06009124002516723,10,0.3926220121067198,0.06802668462610427,10,0.2509252994142598,0.027634241657416004,10,0.5449026977773392,0.05918869357843002,10,0.26607376635074614,0.021450875645774234,10,1.122304105758667,0.14300184030881738,10
nohidden_HO_T20_mixFP,0.2,0.01,13,0.4339957881728645,0.04369564023030469,10,0.5898220948312592,0.042105402275595505,10,0.5178544035867552,0.04658096348144718,10,0.6906853501561607,0.07051763203257527,10,0.3783835202953343,0.09648279775316701,10,0.16911544499591077,0.03243185305332572,10,0.34865727750962183,0.062386549696334316,10,0.1854361042380333,0.017152218322107785,10,0.6520184218883515,0.08986009765827144,10
nohidden_HO_T20_mixFP,0.2,0.01,14,0.39996658545180386,0.0721409005514162,10,0.5707593061134919,0.05577999369639294,10,0.46538683434790773,0.06102384531929773,10,0.7430443729824477,0.04296710036117207,10,0.39792837687147997,0.059341252337461195,10,0.21640978696139307,0.04393380321201029,10,0.4939869422216191,0.07159305396265235,10,0.22996860146522521,0.0383161970256555,10,1.2196686506271361,0.43094277477701554,10
nohidden_HO_T20_mixFP,0.2,0.01,15,0.4742705666724453,0.036118065787645606,10,0.6186245114441551,0.03844670096365825,10,0.5114358057723332,0.05002737271051959,10,0.7868545698517663,0.030620135109186205,10,0.35238343084367674,0.0502836602964034,10,0.18541096464856804,0.022188052803020563,10,0.42158620132926067,0.045298188816588376,10,0.19662663638591765,0.01790400735827792,10,0.9298345625400544,0.25524599932375297,10
nohidden_HO_T20_mixFP,0.2,0.01,16,0.531863434964279,0.04627340991385955,10,0.6601195678767648,0.02825206778142257,10,0.5873098958624687,0.03965536058076736,10,0.7571104040289443,0.04143340523592235,10,0.4801692409887452,0.06635621414637118,10,0.14900844545787675,0.03995439023485405,10,0.3820355643557237,0.053017464880056014,10,0.16313812211155893,0.03280506580083275,10,0.8103617250919342,0.2526708796014152,10
nohidden_HO_T20_mixFP,0.2,0.01,17,0.5415384310411906,0.0383341503985548,10,0.6674877228335448,0.016559155892081234,10,0.5806996132980496,0.030523537654377392,10,0.7875649993367333,0.031119784011522326,10,0.38526824134519566,0.07128927305421777,10,0.15845906656575065,0.03534727368257484,10,0.4356270708391071,0.03781742187370741,10,0.15908584296703338,0.02781155584158365,10,0.678751677274704,0.0998520803268145,10
nohidden_HO_T20_mixFP,0.2,0.01,18,0.585289064668719,0.03579533803212434,10,0.6975266564705423,0.014588737344963172,10,0.6104942651980119,0.023630722629728436,10,0.8162615250388756,0.04260050560306144,10,0.5451312697960711,0.10377618100059162,10,0.13349545445937522,0.03638933059515321,10,0.34951572908038064,0.05139962466644797,10,0.13925584480166436,0.025645501198300516,10,0.5387434512376785,0.12688338989522943,10
nohidden_HO_T20_mixFP,0.2,0.01,19,0.7857591470002909,0.04055582949331631,10,0.842599579518124,0.02153470100979804,10,0.8010971005882702,0.03679314618438233,10,0.8899051346150306,0.020703770061518408,10,0.3615078971538964,0.08389902693790305,10,0.057059067797943064,0.02566597226756316,10,0.29577681645524084,0.06677377448677728,10,0.06730931140482425,0.02022204337345725,10,0.2553074866533279,0.07827276041887686,10
nohidden_HO_T20_mixFP,0.2,0.01,20,0.8776413008714774,0.006729416934147992,10,0.9073785133296643,0.0031175471281798726,10,0.9352858810810434,0.002807183512782318,10,0.8811342783742374,0.007489712932514744,10,0.33126350178543984,0.07816255951482388,10,0.02088643602488631,0.005109206963985206,10,0.13293750698424533,0.021037861781119323,10,0.03710967116057873,0.005454497385325256,10,0.15284490585327148,0.030108696831534987,10
nohidden_HO_T20_mixFP,0.2,0.025,1,0.4470674236035668,0.11943101039403063,10,0.585222995623599,0.08745922141160906,10,0.5944248724028739,0.1068530551808124,10,0.5789161222443716,0.07623391484547472,10,0.8899489264544517,0.10992612102576094,10,0.11921727079224079,0.04775496264907654,10,0.3231957226426204,0.12444575114478564,10,0.16243909075856208,0.03843644650401922,10,0.6090505957603455,0.14715462811273322,10
nohidden_HO_T20_mixFP,0.2,0.025,2,0.5864944737341191,0.08372605009245306,10,0.6951240017981393,0.06773259220427172,10,0.6240491072530794,0.09550920130783756,10,0.7930259364141491,0.053808870650475335,10,0.5654436785451056,0.06562741667065396,10,0.10112096334901824,0.03955917804186236,10,0.2987672381095843,0.1311272973106023,10,0.136766654253006,0.0289840678582131,10,0.5101103276014328,0.16022980145454002,10
nohidden_HO_T20_mixFP,0.2,0.025,3,0.46112905863114567,0.08632473418283679,10,0.6080763895100447,0.060342504589947873,10,0.47225123276487524,0.07030188687951837,10,0.863667233797641,0.018835336185497285,10,0.1750352794018943,0.033090323957353306,10,0.25011851272169067,0.05990899915536114,10,0.4814034889758423,0.057606756566841395,10,0.23124490976333617,0.06021698861999328,10,1.0100063621997832,0.35274597414730213,10
nohidden_HO_T20_mixFP,0.2,0.025,4,0.4997636634399581,0.0632844795621794,10,0.6338911449603681,0.05282583656271871,10,0.520790908837693,0.0804983864584666,10,0.8235806435474411,0.040996727227004405,10,0.14636543657337817,0.038583532718242795,10,0.2070492117607663,0.04913350890017432,10,0.44108215386875627,0.08766224986670741,10,0.1922050029039383,0.03397384349854619,10,0.7900363504886627,0.1967268124048702,10
nohidden_HO_T20_mixFP,0.2,0.025,5,0.4921217940751611,0.10383571304493205,10,0.6286879258977636,0.08268490872287661,10,0.5180033840901753,0.11755237658487243,10,0.8203763274727285,0.03619390513175056,10,0.22571550733984624,0.0336216167677403,10,0.21426234862115248,0.07041058010651337,10,0.47027084684418713,0.13342248692196132,10,0.19882188588380814,0.05498319048402514,10,0.8378344446420669,0.3077671961902741,10
nohidden_HO_T20_mixFP,0.2,0.025,6,0.4567897402847262,0.12228191381824874,10,0.6070013982657775,0.09219358427912215,10,0.5163870015623726,0.11149727801278564,10,0.7474900712965228,0.07174639669655995,10,0.3179622751686545,0.05172569711843238,10,0.20656289528306412,0.06387084052564947,10,0.43374656158729047,0.11555864243853287,10,0.19832133129239082,0.05001329476043251,10,0.8592244118452073,0.2544060755190832,10
nohidden_HO_T20_mixFP,0.2,0.025,7,0.3928088485120569,0.061731839827714255,10,0.5664927265232407,0.04748519560078751,10,0.45609227229080895,0.05772783265115436,10,0.7561876882428228,0.053890447529503935,10,0.40979327850576175,0.07438964183414414,10,0.24475400317731846,0.045714870443320635,10,0.4981884547714236,0.08513991044639524,10,0.24180603623390198,0.0448606999576098,10,1.2821501255035401,0.38587192532975667,10
nohidden_HO_T20_mixFP,0.2,0.025,8,0.5103532485564112,0.09417451695210459,10,0.6456355041586378,0.06046897639165028,10,0.5813698207168742,0.0721085246442641,10,0.7308748859893501,0.0652896886405807,10,0.37727196947156166,0.162666699376401,10,0.161054899525417,0.057913026420839855,10,0.3615111713721049,0.0833267433357525,10,0.1646266147494316,0.046172686568919825,10,0.6676598399877548,0.2328209194754473,10
nohidden_HO_T20_mixFP,0.2,0.025,9,0.5207549340654889,0.07086995358256283,10,0.6509574317689284,0.053438413447589816,10,0.5744133788857759,0.07793530290550463,10,0.7597450218274286,0.04917916379050836,10,0.5039238378625226,0.12075528185855874,10,0.1576411600108374,0.04148683473378398,10,0.3833714386635266,0.0967923223287052,10,0.15558537393808364,0.028332376344451765,10,0.5999793171882629,0.1420193579188524,10
nohidden_HO_T20_mixFP,0.2,0.025,10,0.19693878916881385,0.06197431330123306,10,0.4481498741115012,0.0501159450104041,10,0.34381175011048326,0.05068811502080482,10,0.6490016766254844,0.043496582993257524,10,0.5883576093771251,0.05110802619601906,10,0.33309480949461223,0.040750894148192746,10,0.6213513783221956,0.064883739720955,10,0.34455718398094176,0.038335003335281885,10,2.1454914689064024,0.39264519645735774,10
nohidden_HO_T20_mixFP,0.2,0.025,11,0.18976808031555756,0.05372317422229686,10,0.4414699192987509,0.050681389035896494,10,0.3446253913065674,0.06296266784099923,10,0.6280750032785549,0.04664587350867958,10,0.45476298284877625,0.09072483079200334,10,0.32964882109423127,0.06303940990859189,10,0.6243488552632063,0.07025227964538899,10,0.33516564667224885,0.052766283241104814,10,1.8838192701339722,0.601797150272971,10
nohidden_HO_T20_mixFP,0.2,0.025,12,0.30259307901046284,0.06196430564146088,10,0.5088107645198197,0.05870779841248501,10,0.40278830036237323,0.05842979838556608,10,0.694958363832679,0.05832368202285817,10,0.37755165303682137,0.05972869874210484,10,0.25761471305841377,0.03068534778141482,10,0.526565136104501,0.06198222158732595,10,0.26344029903411864,0.023898364941293923,10,1.0929102718830108,0.15847214189077546,10
nohidden_HO_T20_mixFP,0.2,0.025,13,0.4756735982800602,0.039667424863559744,10,0.6201498050239447,0.03492376930833557,10,0.5281180358413686,0.04550021960928975,10,0.7569055687320559,0.05894419602471786,10,0.362842206747687,0.10130518686795444,10,0.17710175240654544,0.03694280422673793,10,0.3399176424192823,0.06360810558290245,10,0.1803368017077446,0.022041329418869646,10,0.6325532793998718,0.11100543975901847,10
nohidden_HO_T20_mixFP,0.2,0.025,14,0.445719584836376,0.06596433366278656,10,0.5988972332163389,0.05309600365190359,10,0.4762559906724351,0.05998827715049434,10,0.8133305911909122,0.035963931607418814,10,0.3685464847341411,0.05827788563802762,10,0.22511995805015145,0.03906947934977576,10,0.468697899515696,0.06280743084755631,10,0.2238010883331299,0.036541401893317615,10,1.1709181904792785,0.41554258730850313,10
nohidden_HO_T20_mixFP,0.2,0.025,15,0.5117832018585021,0.03087224275031621,10,0.6407064905055713,0.036464318381426934,10,0.5137194112434028,0.05159530996249506,10,0.8570991728938917,0.02137224678163343,10,0.3263818657808439,0.04114607344092098,10,0.19978922767836277,0.02798919487950268,10,0.4352830470236759,0.047052914960864035,10,0.19338983446359634,0.019905073842527907,10,0.8991154789924621,0.2608004365779766,10
nohidden_HO_T20_mixFP,0.2,0.025,16,0.5600684339252089,0.05107054788583774,10,0.6792080355147461,0.029986209865054708,10,0.5731548204452318,0.03737050951497475,10,0.8356382369500353,0.029838925770651902,10,0.43336065666085244,0.059560247478403515,10,0.16726161533968867,0.03686791345597766,10,0.42113206128714814,0.04785928051054227,10,0.16345449462532996,0.03391547986932445,10,0.7900479167699814,0.25718429423338257,10
nohidden_HO_T20_mixFP,0.2,0.025,17,0.5717320704075536,0.04285198353033766,10,0.6861299454022944,0.019350040698284342,10,0.5696060223918884,0.02788421849304748,10,0.8641643952793625,0.01614888604417025,10,0.32786965505651866,0.06865573225900094,10,0.17344023184093757,0.033616240347028814,10,0.4860838704649001,0.03201652692185924,10,0.15832306891679765,0.02832815338118023,10,0.6512592732906342,0.1038830521957537,10
nohidden_HO_T20_mixFP,0.2,0.025,18,0.6160095536784689,0.033814364315258305,10,0.7154308056695887,0.012741991578511325,10,0.5962046492824579,0.022342580151460827,10,0.8962087603671506,0.02843495799599446,10,0.5001303328636667,0.09569736930742276,10,0.1559547785669278,0.03125122425873347,10,0.4170684872718663,0.04452703115659121,10,0.13810283318161964,0.023931636979066594,10,0.5103013813495636,0.1018104209577146,10
nohidden_HO_T20_mixFP,0.2,0.025,19,0.7753600050463523,0.034201746061291144,10,0.8337167891200217,0.01664521651774506,10,0.7583394409030741,0.026123366532798755,10,0.9263887607873535,0.012466594205661709,10,0.33144288789126625,0.07581447422291408,10,0.07924711204595727,0.023603810489285663,10,0.4200288950306506,0.036069293891230904,10,0.07435502223670483,0.019160250244219648,10,0.2804762303829193,0.07576619162440767,10
nohidden_HO_T20_mixFP,0.2,0.025,20,0.858283015865273,0.00617988789606071,10,0.8943433625388547,0.002856670722378562,10,0.8943016475520291,0.004935592964462851,10,0.8944437513134144,0.007097346666176361,10,0.31219227472299854,0.07262106088326432,10,0.027096277287384535,0.005050207567010504,10,0.23955743260880916,0.010234792767291218,10,0.043281339854001996,0.005735107883631983,10,0.18089865446090697,0.03329704975349298,10
nohidden_HO_T20_mixFP,0.2,0.05,1,0.48174667425354956,0.1117452027763085,10,0.6103908244784534,0.08278086791573498,10,0.6223076934014284,0.1010208282519127,10,0.6012398724807713,0.07341155106131408,10,0.8841823578501756,0.10953064440371979,10,0.10459729914975444,0.04197814392236334,10,0.29641774724785813,0.11412074748018805,10,0.14984297305345534,0.03494138502027941,10,0.5475684523582458,0.13084924241458193,10
nohidden_HO_T20_mixFP,0.2,0.05,2,0.603428810398524,0.08002353700485336,10,0.7071829978225309,0.06492259583346834,10,0.6409775334298247,0.0929044345977625,10,0.7964250321137004,0.051956182486678174,10,0.5753943403058499,0.06457267123199695,10,0.09002749006735386,0.03652214040607851,10,0.2741406373466829,0.12460409049912127,10,0.12791036143898965,0.02710785650251951,10,0.4663204222917557,0.14307612488413277,10
nohidden_HO_T20_mixFP,0.2,0.05,3,0.46974343148768244,0.09039319282634828,10,0.6139184958155528,0.06362394929228565,10,0.4795265047962124,0.07523220716909768,10,0.8641644752357985,0.017931513447083325,10,0.19187016904071985,0.03698198696282875,10,0.24187663818012917,0.062106057614833274,10,0.4786545622021122,0.06480100478519325,10,0.22557847648859025,0.06104665458253881,10,0.9727114856243133,0.3441785432984259,10
nohidden_HO_T20_mixFP,0.2,0.05,4,0.5114091503663094,0.06616964377899617,10,0.6410536038500726,0.05604870463534547,10,0.5229156754645101,0.08233472943391708,10,0.842028092109641,0.03606072210444855,10,0.1452049447829051,0.04278624410386256,10,0.20777094283765335,0.05091123090451007,10,0.45406587038782503,0.09156006366279526,10,0.19055005609989167,0.03620396631852397,10,0.766114866733551,0.2003264590236695,10
nohidden_HO_T20_mixFP,0.2,0.05,5,0.5017043258170111,0.09972123664995584,10,0.6340336548910683,0.08098402388009747,10,0.5164923186903725,0.11317964920236477,10,0.8413486210639054,0.033548502678916826,10,0.2176337906067916,0.03539457225246842,10,0.2180574229863034,0.06993547909574863,10,0.48831932927000565,0.12717070800562003,10,0.19925132766366005,0.054319088053117595,10,0.833218514919281,0.30345426315078966,10
nohidden_HO_T20_mixFP,0.2,0.05,6,0.4721890959816674,0.11719615461930352,10,0.6174686053241385,0.08879186037110548,10,0.5183243961973216,0.1073932238336766,10,0.7747515195710084,0.06473629081291728,10,0.3081296448464509,0.052550591280929856,10,0.20667789940894687,0.06317551793502484,10,0.44986089904301974,0.11351543015764365,10,0.19570966735482215,0.049297497613253874,10,0.8239370346069336,0.2434362163845739,10
nohidden_HO_T20_mixFP,0.2,0.05,7,0.4162086310804777,0.06145722271123949,10,0.5814302490785423,0.04673344763891453,10,0.4647538219495425,0.05808489816689974,10,0.7846604090386058,0.04451492211661846,10,0.3952224528321874,0.07143178596193804,10,0.24236882097858814,0.04633504027511655,10,0.5062824038388978,0.0792228895188333,10,0.2364998146891594,0.04541863859799723,10,1.2324497163295747,0.38813931023730047,10
nohidden_HO_T20_mixFP,0.2,0.05,8,0.531337723745762,0.08770618164837213,10,0.6609785581310016,0.05545895377771136,10,0.5848062220452276,0.0695381503443258,10,0.7652292485607285,0.057038192638719745,10,0.37138371123823644,0.16092913239741985,10,0.1595070072645523,0.05595231646977647,10,0.3727413590699779,0.09319149370025041,10,0.1605830430984497,0.04403456843779044,10,0.6316301375627518,0.20837801268286932,10
nohidden_HO_T20_mixFP,0.2,0.05,9,0.5604713197014719,0.07251011936103766,10,0.6790442940886424,0.05444300774361508,10,0.5982639461669408,0.08120864322974676,10,0.7932154248720875,0.03820142449103651,10,0.49894547906463965,0.12894520168255627,10,0.15012940901029453,0.04399069371577939,10,0.37399536455172394,0.09939458692355829,10,0.14598822146654128,0.02979384678368121,10,0.5645876586437225,0.14328777001425874,10
nohidden_HO_T20_mixFP,0.2,0.05,10,0.24659546114033953,0.06101906413814891,10,0.4771157032569164,0.0502001511668622,10,0.3680455319951309,0.05271819331225306,10,0.6841357235427101,0.03848791295334052,10,0.5798681757105181,0.051093438395631956,10,0.3100073157517983,0.040405954155621066,10,0.5941655982426581,0.06354881774363622,10,0.3230048090219498,0.03815409465035286,10,1.9721353888511657,0.38280065922221085,10
nohidden_HO_T20_mixFP,0.2,0.05,11,0.1990448441601801,0.05962744436235946,10,0.4489699812641582,0.05472236442276473,10,0.3455681561081052,0.06647061913035217,10,0.6561011890498606,0.04455439692786621,10,0.43549629711730536,0.08881519015663437,10,0.3387195940871043,0.0663424353883893,10,0.6256693376607666,0.07076983293331551,10,0.3430044919252396,0.05655227002118356,10,1.9981258869171143,0.6698401228197689,10
nohidden_HO_T20_mixFP,0.2,0.05,12,0.32030137735850095,0.06716042574076395,10,0.5203479714972811,0.061539575791778246,10,0.40283288366931946,0.061272978132138105,10,0.740093991780107,0.05624932090065482,10,0.35791434989777465,0.05415303950454347,10,0.2711079946670264,0.03339673835886047,10,0.5235044045194742,0.05852585915392866,10,0.26498425751924515,0.026356421450383662,10,1.0692822813987732,0.16513800008716759,10
nohidden_HO_T20_mixFP,0.2,0.05,13,0.4994271684903634,0.04031412711404523,10,0.6360730057882824,0.03142531996084915,10,0.5260218851959142,0.045358719956730395,10,0.8102958404301772,0.047115743952100456,10,0.34186648669968156,0.10213980647859074,10,0.19351306467773846,0.04020960855201459,10,0.356364803286637,0.06907789950497435,10,0.18185897171497345,0.027143620825117173,10,0.6385466903448105,0.13271517086769585,10
nohidden_HO_T20_mixFP,0.2,0.05,14,0.46547678529615794,0.06043353387824424,10,0.6087142048931171,0.05173817822425963,10,0.47389121075940216,0.059504162015080866,10,0.8589222625798415,0.03223958610309294,10,0.34253766420952264,0.05615507064051617,10,0.24101683824399536,0.03712867123781325,10,0.47789738894986833,0.054143718229022864,10,0.22584948986768721,0.034910023168458634,10,1.137117874622345,0.3985476585762325,10
nohidden_HO_T20_mixFP,0.2,0.05,15,0.5150519246559543,0.032348298860694485,10,0.6389580488490731,0.040688289204110384,10,0.49967176437170285,0.056202137995302326,10,0.8939677543945136,0.0190222104522446,10,0.3011164974232812,0.03407784656332406,10,0.22211946592519266,0.03355888636289624,10,0.5022994278878266,0.05676881428654203,10,0.20217459350824357,0.02223147755255655,10,0.9110882520675659,0.256988360160817,10
nohidden_HO_T20_mixFP,0.2,0.05,16,0.5511172790914205,0.048502842377657944,10,0.6697524064903216,0.029731216922834484,10,0.5433043666043332,0.03323933344412628,10,0.8744343265498558,0.026738272721268278,10,0.3859300951857963,0.05015770216574857,10,0.19497270768471658,0.03138420676279663,10,0.48237639688390177,0.04729527192416948,10,0.17661667615175247,0.031588392445273665,10,0.8434041142463684,0.24926192380863693,10
nohidden_HO_T20_mixFP,0.2,0.05,17,0.5659552284290494,0.03885641407181962,10,0.677915149537158,0.019513275127326514,10,0.5432485951774184,0.024067014187698663,10,0.90225817048403,0.009954457495636062,10,0.2733429533732961,0.060925945799773035,10,0.19976146398278619,0.0284295636390158,10,0.5469359543794884,0.033631493070828376,10,0.17079696357250213,0.025614226722741308,10,0.6929317653179169,0.0982577801821321,10
nohidden_HO_T20_mixFP,0.2,0.05,18,0.6074540740490327,0.02620573836906427,10,0.7042668665302,0.012980333964987828,10,0.5658484142367185,0.02209872910206714,10,0.9339520961065985,0.01752809866627217,10,0.45542426055667723,0.08471887799640508,10,0.18597577697178086,0.02565325653587693,10,0.48890681510545464,0.04309327756553429,10,0.1496752068400383,0.019958504621278603,10,0.5353744208812714,0.07527831603702387,10
nohidden_HO_T20_mixFP,0.2,0.05,19,0.7398381977868136,0.024229721176224007,10,0.8049424975014075,0.009361865207224465,10,0.7023144018793952,0.01493815256696337,10,0.9429889785419153,0.006018170855122153,10,0.30180772073451495,0.06447464668799531,10,0.10821155106772544,0.020177827814541496,10,0.5146703799332383,0.020232700745028774,10,0.0921296864748001,0.01694015659214049,10,0.3564322292804718,0.07085088296500776,10
nohidden_HO_T20_mixFP,0.2,0.05,20,0.8213231274623818,0.004301464746751622,10,0.8675494678898531,0.004772792109013287,10,0.8347965653805955,0.012169819185300194,10,0.9031664250307655,0.007493914890605574,10,0.28370666075421536,0.06469605716852718,10,0.04377111418141152,0.003863534278032684,10,0.35485316234355935,0.019828438988748663,10,0.05704406462609768,0.005720544909728805,10,0.2538710057735443,0.03913743285662199,10
nohidden_HO_T20_mixFP,0.2,0.1,1,0.547789834126185,0.09248296238771629,10,0.6595457901280937,0.07006543273145244,10,0.6724033088596839,0.08561252894865852,10,0.6490868546561936,0.06477039228108153,10,0.8651781841423585,0.11089047174833526,10,0.07923643410159129,0.030489336348456974,10,0.24652682057842087,0.09488341398725365,10,0.1276334159076214,0.027300932734536595,10,0.4482026815414429,0.0965632416464022,10
nohidden_HO_T20_mixFP,0.2,0.1,2,0.6322216625577202,0.07048637833110301,10,0.7278585864474645,0.05786892187089331,10,0.6693557091075639,0.08549489722730222,10,0.8039978769617191,0.047700437346735694,10,0.5941840116440218,0.06464903869134021,10,0.07390889395822738,0.03091618286996113,10,0.2455353728360518,0.1133769862885207,10,0.11331595852971077,0.022892919753174798,10,0.3952615290880203,0.10825747347405248,10
nohidden_HO_T20_mixFP,0.2,0.1,3,0.49541865468480495,0.0929771387915513,10,0.6312958599901886,0.0666104167546503,10,0.5008108199800196,0.08155193804061767,10,0.8657015554369549,0.015665002273088525,10,0.22861220485763534,0.04581134252460946,10,0.21977895876903344,0.06225997993987627,10,0.45935003344244174,0.07884857042173943,10,0.20882180482149124,0.05795692763641916,10,0.8694222152233124,0.3075225420057833,10
nohidden_HO_T20_mixFP,0.2,0.1,4,0.5345587141328284,0.06256520569048211,10,0.6553097102032228,0.05595347867890784,10,0.5295751527052871,0.07954291084772094,10,0.8719878594241663,0.023294395604842054,10,0.15881609450358286,0.05521121509220147,10,0.20468061304119461,0.05078090890258533,10,0.48079077555783795,0.0862275619619547,10,0.1848735421895981,0.03649220769502707,10,0.7150473445653915,0.18903989866721696,10
nohidden_HO_T20_mixFP,0.2,0.1,5,0.5105486336322436,0.09133488191137767,10,0.6377504084635719,0.07650053501633902,10,0.5088678813583992,0.10293035598397635,10,0.8730430526876743,0.027942592927704308,10,0.2085166496406697,0.040567371254650715,10,0.2281620234344189,0.0681912831045737,10,0.5263924113233551,0.11177588264921975,10,0.20395099520683288,0.053083015291058994,10,0.8464480996131897,0.2980562071513758,10
nohidden_HO_T20_mixFP,0.2,0.1,6,0.4916861219775079,0.10652429674877974,10,0.6296556648168873,0.08159534852466642,10,0.5150038115209876,0.09752813102996481,10,0.8206624386834344,0.05161979007206528,10,0.2903689342997916,0.05389153383955,10,0.21207580913834576,0.061346952955830265,10,0.49151006049520396,0.09829409219370709,10,0.19488999322056771,0.04766045256334804,10,0.7844405144453048,0.22424709633146334,10
nohidden_HO_T20_mixFP,0.2,0.1,7,0.44858368238262186,0.05829852735445998,10,0.6013299971268395,0.0437466520833584,10,0.4746145353691875,0.055261571047142,10,0.8275302109580099,0.02722092692153301,10,0.3701227404787368,0.06796029880088593,10,0.2412286428192611,0.045604563240510966,10,0.5291908989854518,0.06722841797598482,10,0.22898116260766982,0.045429660240296335,10,1.1403239846229554,0.376514337337596,10
nohidden_HO_T20_mixFP,0.2,0.1,8,0.5549158802967621,0.0736243074669102,10,0.6768546557605581,0.04561387875293931,10,0.5780049636323717,0.060698931981066365,10,0.8213453791199349,0.038884594799928944,10,0.36120871987971637,0.15102053978413088,10,0.163764749754875,0.05274086434750105,10,0.40906245535235836,0.09054945755548006,10,0.15831296369433404,0.04055813981470878,10,0.5963552355766296,0.172967543418027,10
nohidden_HO_T20_mixFP,0.2,0.1,9,0.5974316236320872,0.06713971138407028,10,0.7047024798675601,0.050949824428172315,10,0.6098713036284613,0.07309899475993582,10,0.8405964123334257,0.027650735458724034,10,0.48237602258046214,0.14035907256341257,10,0.15073001987553028,0.04350964957864517,10,0.3817486500646945,0.0860556117481375,10,0.1400417096912861,0.030343266382681255,10,0.5450302869081497,0.1446862031472575,10
nohidden_HO_T20_mixFP,0.2,0.1,10,0.31156184117737257,0.05731897146917538,10,0.5158040316735315,0.04927041306027897,10,0.3990416380394743,0.05410120287576348,10,0.7356382025446072,0.030251824056745435,10,0.5597740412526994,0.05209191663754511,10,0.28339030013905636,0.03839639174505894,10,0.5717699956784068,0.056754879975001116,10,0.2945402890443802,0.036663081162034906,10,1.6820576429367065,0.3516236558922922,10
nohidden_HO_T20_mixFP,0.2,0.1,11,0.21074444414565097,0.06630535324488658,10,0.4574363308309179,0.06016603281727522,10,0.3463615818025712,0.07027790052490905,10,0.6897031523648046,0.04311265304427997,10,0.4108589425200754,0.0804281185200558,10,0.34773999773158226,0.06796145324651046,10,0.6264097131397871,0.07183354650147963,10,0.34992284774780275,0.0577228747800727,10,2.076152729988098,0.6900771317472459,10
nohidden_HO_T20_mixFP,0.2,0.1,12,0.321309777965812,0.07274945997693527,10,0.520716747152035,0.06494549316229567,10,0.3926327801625236,0.0648104508815663,10,0.780408943063472,0.05064834903778156,10,0.33596161651025847,0.05404478588411367,10,0.2939425175646714,0.03701302878784209,10,0.5324044376181775,0.05340420748890672,10,0.27465639263391495,0.02861986089574635,10,1.0683523952960967,0.1635981188490079,10
nohidden_HO_T20_mixFP,0.2,0.1,13,0.5020086815310149,0.0400331461971561,10,0.6351403589873408,0.029698197948701457,10,0.5058924701460581,0.04350388075118165,10,0.859061923165277,0.03633777758239386,10,0.3100362170480612,0.0981995659994084,10,0.22240252747583278,0.041317859725642794,10,0.40491472083916563,0.06660900567847558,10,0.1931699052453041,0.030806004512401283,10,0.6760119199752808,0.14731210162106914,10
nohidden_HO_T20_mixFP,0.2,0.1,14,0.4635416091891469,0.05420392106114661,10,0.603343305605988,0.05035988520698142,10,0.45860800656365086,0.058650007794976325,10,0.8918369178578098,0.035409874952729244,10,0.3143636377542231,0.054523857711888696,10,0.26615548194411787,0.035762009215983465,10,0.5393175645756048,0.049103274667286825,10,0.23756591975688934,0.031989182661763024,10,1.1032759964466095,0.3641682685217579,10
nohidden_HO_T20_mixFP,0.2,0.1,15,0.4961486177235616,0.03969978060125928,10,0.6228707074542679,0.048327324284910336,10,0.47603177466275043,0.06271377034691136,10,0.9115773285329899,0.017916370752781335,10,0.28324833248387243,0.03174119547067013,10,0.24944766137514582,0.03940032951654398,10,0.5740868762116467,0.06511455298059822,10,0.22074001133441926,0.026688432694298162,10,0.948782765865326,0.24309941216067468,10
nohidden_HO_T20_mixFP,0.2,0.1,16,0.5151167698879598,0.0419561697878211,10,0.6412489720257971,0.02995988158905772,10,0.501181811883221,0.033896599197004426,10,0.892297073956755,0.02682830246480803,10,0.34465614059456773,0.04192328623956661,10,0.22963195436462266,0.02742830799781166,10,0.5535279714612158,0.050430516432144065,10,0.20168423652648926,0.02748710221271519,10,0.9481590747833252,0.23611610303070107,10
nohidden_HO_T20_mixFP,0.2,0.1,17,0.5344451928458661,0.029833362821588987,10,0.6513475312671749,0.022888814020600588,10,0.5038717058311015,0.027407828853402715,10,0.9223376409608053,0.009272222932741202,10,0.22256799053478682,0.051064507028635166,10,0.2359831915420648,0.02198352316336817,10,0.6140583639987186,0.04700825667245477,10,0.19826181083917618,0.019853658187203124,10,0.8126723349094391,0.08735584777242654,10
nohidden_HO_T20_mixFP,0.2,0.1,18,0.5671787745136687,0.01853737125336863,10,0.6704361444420693,0.020862199027079475,10,0.5182244065732166,0.029222891037352573,10,0.9518043670492338,0.01428628071609496,10,0.408565900638179,0.06746321198135108,10,0.22484994036514533,0.020896160638710408,10,0.5670629816807934,0.04849913293835176,10,0.17682111114263535,0.01393498057677991,10,0.6253963470458984,0.042083939953828545,10
nohidden_HO_T20_mixFP,0.2,0.1,19,0.6709187463328076,0.013657118243975296,10,0.7499037509203487,0.013808836854029638,10,0.6191892717069801,0.020339272042106973,10,0.9512519474673666,0.0049259242088751,10,0.27287588583207245,0.047182336238943495,10,0.1530367443016904,0.014562705870580159,10,0.6100249624824702,0.027882582479696442,10,0.12965501397848128,0.012479410083408056,10,0.5345898270606995,0.05909219066256098,10
nohidden_HO_T20_mixFP,0.2,0.1,20,0.7443708050676605,0.006261668082742441,10,0.809603393683741,0.01343845141678778,10,0.730010470667289,0.02752350446821079,10,0.9096775979773787,0.010040672692213336,10,0.23892705616486548,0.04955726980735915,10,0.08377480227685145,0.0013765848973818812,10,0.5010139800504273,0.03332376135359806,10,0.09034445732831956,0.004202427857568597,10,0.4492638140916824,0.04743492663937117,10
nohidden_HO_T20_mixFP,0.2,0.2,1,0.6384261814609815,0.03780337491472055,10,0.7311182037874112,0.033462869282815305,10,0.7139183038243105,0.04642952934147742,10,0.7508001611907658,0.03603199594964551,10,0.7719206098998435,0.1208208767490131,10,0.05647490005498612,0.011950050859671463,10,0.21881313930392973,0.07080383880456101,10,0.10267169550061225,0.00898740773452053,10,0.34774045646190643,0.02800651209610504,10
nohidden_HO_T20_mixFP,0.2,0.2,2,0.675450830394252,0.043264186543320204,10,0.7598149823762178,0.03782038191729555,10,0.7059624347675071,0.05941062913562997,10,0.8261566762570471,0.03574209319250127,10,0.6163135960132816,0.0651555111782366,10,0.06312421480762079,0.020912633336401996,10,0.25636324380162445,0.07609602391346222,10,0.09564710929989814,0.01216897515582914,10,0.31921772062778475,0.043060909338708146,10
nohidden_HO_T20_mixFP,0.2,0.2,3,0.5530719214216738,0.06319907072922482,10,0.6707413165992016,0.049041108047005365,10,0.5487060005305369,0.06516226725399579,10,0.869213930781398,0.012340739890716325,10,0.3273233937556996,0.06133114513282207,10,0.1705014401246356,0.047284595759206335,10,0.43808590304082856,0.05200191090480391,10,0.16908171027898788,0.03925247982365722,10,0.637575888633728,0.1944788797847694,10
nohidden_HO_T20_mixFP,0.2,0.2,4,0.5714616031351764,0.04330689024020598,10,0.679344905698633,0.04416424864577692,10,0.5478936057507285,0.06352749969319633,10,0.9022204255422371,0.01504389569502735,10,0.24629729437191777,0.06635484549766439,10,0.18559747928019643,0.04313421597263721,10,0.51367942294372,0.07047864121797612,10,0.16930231750011443,0.027710543625641192,10,0.6213319689035416,0.12540912119023842,10
nohidden_HO_T20_mixFP,0.2,0.2,5,0.51430556772703,0.07541530030048596,10,0.6370186452587742,0.06566597422978737,10,0.4949486491372116,0.08317642437443087,10,0.908192531270234,0.015197077514773767,10,0.21979164443464305,0.05630857426415219,10,0.24185695641230973,0.06116283233635113,10,0.5958612988183333,0.06990950570208201,10,0.2139090418815613,0.04893806956803059,10,0.8758114278316498,0.2690572025771556,10
nohidden_HO_T20_mixFP,0.2,0.2,6,0.5074941459189373,0.07901774872056913,10,0.6350793421628548,0.06463921379781348,10,0.49685542266580407,0.0760446057713321,10,0.8896094520050344,0.026813922477905663,10,0.27088184839882506,0.061937153605519726,10,0.2321860471976529,0.05360002326039425,10,0.5793983522768904,0.07107757892120045,10,0.20402006804943085,0.04191786807103088,10,0.7904686391353607,0.18836700937916145,10
nohidden_HO_T20_mixFP,0.2,0.2,7,0.4795238328962793,0.04636316158186781,10,0.6177189600296408,0.03472542097320939,10,0.47671798591902437,0.04273151206436792,10,0.8819968530031183,0.012871187510131582,10,0.3281349617899261,0.05855624956165264,10,0.24847832161444566,0.03991220786693328,10,0.5925852230027255,0.048721961669902045,10,0.22492460906505585,0.03798052448524624,10,1.0240901708602905,0.281274756825939,10
nohidden_HO_T20_mixFP,0.2,0.2,8,0.5634342926507798,0.04865306229569473,10,0.6767184345728989,0.030438001133594555,10,0.5453277409806447,0.044577182937124635,10,0.8964255345361366,0.023225953017705442,10,0.3447348102421234,0.11964538097091602,10,0.19021154450805666,0.05030297143908657,10,0.5049461052800446,0.0807287920525989,10,0.16901425123214722,0.03563372981993785,10,0.6193851053714752,0.14416867745131662,10
nohidden_HO_T20_mixFP,0.2,0.2,9,0.5928484756561829,0.04892371225923935,10,0.6978220677257613,0.037096717311933175,10,0.5737262148349632,0.04988696769272473,10,0.8943993892658051,0.0235038532648659,10,0.44496460463089155,0.14354785529042063,10,0.17841294264166746,0.040544950645493745,10,0.4874168169992221,0.06692244064170425,10,0.1560642898082733,0.030124071729214306,10,0.6196395069360733,0.15601816136747915,10
nohidden_HO_T20_mixFP,0.2,0.2,10,0.39246825453161305,0.048991442267733304,10,0.5639644235803778,0.04673674116051784,10,0.4349370250518919,0.05335860243451626,10,0.8083915497169218,0.022397612366771704,10,0.5056071928720154,0.05467042085905122,10,0.25575827978194887,0.030398365298716475,10,0.6025662387944875,0.055274054656491385,10,0.25496139377355576,0.02979916150826832,10,1.2009524166584016,0.22703936107386213,10
nohidden_HO_T20_mixFP,0.2,0.2,11,0.24487929003057624,0.0789925709575116,10,0.4775408893525189,0.06809229276149963,10,0.35768044883778477,0.07660778821344745,10,0.7352941585227788,0.04247311683050699,10,0.39856124407967475,0.07505805046469215,10,0.34157056940087904,0.07112621440414825,10,0.617361820174019,0.07773291634857163,10,0.3404018208384514,0.0597419828658918,10,1.911626410484314,0.6118314062946296,10
nohidden_HO_T20_mixFP,0.2,0.2,12,0.31911890225081774,0.07621641215964409,10,0.5178164259412055,0.06593854333006398,10,0.37822424832714907,0.06720369325577279,10,0.8329463879773293,0.03556013721931603,10,0.32210775132013136,0.05466237562022471,10,0.32761331338827293,0.04610962914062915,10,0.5652561580232666,0.04331941238363711,10,0.29393185675144196,0.03744389483443816,10,1.1076531887054444,0.16891047471845774,10
nohidden_HO_T20_mixFP,0.2,0.2,13,0.45888101906023265,0.03316211408075113,10,0.5993182572081743,0.03296710452347238,10,0.44856745649439256,0.03951508969792391,10,0.9080858105550391,0.022021860780476993,10,0.2669502338158501,0.08301635014083024,10,0.2811675195278537,0.03733171083251044,10,0.5166097328098211,0.05894242657469084,10,0.23279546946287155,0.029619642240566582,10,0.8111968874931336,0.1424231442381735,10
nohidden_HO_T20_mixFP,0.2,0.2,14,0.4407862317693446,0.047458687318044354,10,0.58337611017683,0.05101650491248264,10,0.4298126279322842,0.0593018600760872,10,0.9218944231650458,0.03536633837852132,10,0.2765004061576116,0.056319848371366533,10,0.3067744786627442,0.04439619703920261,10,0.644974383905071,0.039421902287121766,10,0.26599991470575335,0.03412566234410649,10,1.1357494950294496,0.2533559758695885,10
nohidden_HO_T20_mixFP,0.2,0.2,15,0.4753224130280372,0.04521227913167756,10,0.6062842178613087,0.0532491160992479,10,0.4538362276388382,0.06436242258864192,10,0.9251089266621746,0.012877569928771117,10,0.2744987198903269,0.03388035354167376,10,0.278197236224114,0.04183230880411609,10,0.6320354975423513,0.06583682896213852,10,0.24373988807201385,0.030330949934879996,10,1.0437057852745055,0.2171208100501779,10
nohidden_HO_T20_mixFP,0.2,0.2,16,0.4689806970689442,0.037415014782179117,10,0.6068203823540875,0.03298030705393687,10,0.45803474462125904,0.03812378772025474,10,0.9029562703579709,0.025297883845829726,10,0.3381109626277911,0.04000147397573467,10,0.2647154779182029,0.027988046017234633,10,0.6146598869176284,0.04488214001654266,10,0.2342536598443985,0.024631147528976043,10,1.088962584733963,0.21758889012020596,10
nohidden_HO_T20_mixFP,0.2,0.2,17,0.4823515162290404,0.02547375396043052,10,0.6114006253729032,0.03206368630079342,10,0.45532314775680127,0.03655327358303448,10,0.9338616470512658,0.006969363387125319,10,0.1894127400356598,0.04421986319639923,10,0.2831610150627878,0.020316441494406506,10,0.6844744605061746,0.053047373841286896,10,0.24551288783550262,0.017225556272708806,10,1.066211748123169,0.10649216804923332,10
nohidden_HO_T20_mixFP,0.2,0.2,18,0.49984103689352877,0.022562851760801476,10,0.6189747779943084,0.033817737494761343,10,0.45809335031840615,0.040458816709902604,10,0.9594377583016561,0.012704190776840249,10,0.3684023376390338,0.0466901083071197,10,0.2793287206941484,0.02484253791170916,10,0.6488393796328095,0.05202101786652891,10,0.22734120339155198,0.01574113920428857,10,0.8404041171073914,0.04447541247719767,10
nohidden_HO_T20_mixFP,0.2,0.2,19,0.5655893886709851,0.01732505566021908,10,0.6681407349233992,0.02925094635456899,10,0.5149225397111205,0.0364344354629688,10,0.9541628859731036,0.0057145715815012455,10,0.246905925016367,0.031297504843280116,10,0.2260724832099937,0.013589724219256773,10,0.7001354317442846,0.0354446320948919,10,0.20062251687049865,0.010610638260804576,10,0.9371826171875,0.06486659011472581,10
nohidden_HO_T20_mixFP,0.2,0.2,20,0.6092795571243128,0.015838619299715896,10,0.7066474114072241,0.02797640853445821,10,0.578567450719324,0.04353110673902585,10,0.9114089568723036,0.013671064115171891,10,0.18058699212254095,0.02897314930875143,10,0.16654532272558098,0.00905752585183199,10,0.636366596846039,0.0419581788695438,10,0.1662364959716797,0.0038685060170048284,10,0.9928275048732758,0.05957109774446067,10
nohidden_HO_T20_mixFP,0.25,0.01,1,0.39247493727760674,0.11539996487537446,10,0.5429875581973904,0.08285312643760044,10,0.5570930494172444,0.10547522512577147,10,0.5326547418499015,0.06990216144514756,10,0.8981689760734008,0.10962132321895127,10,0.13767389108308598,0.051239598246649004,10,0.3605461578429027,0.11632407779487036,10,0.17993914783000947,0.039081706980231966,10,0.6914746880531311,0.1559329017670066,10
nohidden_HO_T20_mixFP,0.25,0.01,2,0.5455359650901926,0.08105715901108386,10,0.6660778773214597,0.06576539363902223,10,0.5969131557433756,0.09465564377310992,10,0.762872948533136,0.05467241212154826,10,0.5666090092101599,0.06651603211503211,10,0.10875031753901872,0.040631651977063206,10,0.33796485832442646,0.13958240516971426,10,0.15032412856817245,0.02821168319804976,10,0.5624085783958435,0.16327877892676537,10
nohidden_HO_T20_mixFP,0.25,0.01,3,0.4522956234038489,0.07950564300128359,10,0.6033413769527083,0.05532463619747335,10,0.4713511370270506,0.06585328280359433,10,0.8470677445559545,0.01776566896042818,10,0.16547064565990083,0.03233391056001556,10,0.24520440113138536,0.05604624302853128,10,0.47366108212173685,0.05618518445297133,10,0.2295740306377411,0.05561971676032337,10,0.9821230947971344,0.31635598053513003,10
nohidden_HO_T20_mixFP,0.25,0.01,4,0.4890316297753195,0.05788702552913838,10,0.6273288746158221,0.0476851600773779,10,0.5208175725668885,0.07732724640528266,10,0.8021826658135188,0.04385711017974883,10,0.1473571145255083,0.03997269894554129,10,0.2025222785698571,0.04740950291873945,10,0.4221186554580026,0.08403852481195309,10,0.19187297374010087,0.03115095978030021,10,0.7829135537147522,0.1811042107401976,10
nohidden_HO_T20_mixFP,0.25,0.01,5,0.47927373568587994,0.09935559172475016,10,0.6207230326473064,0.07880608156794269,10,0.5178202859934086,0.11710299178743908,10,0.7955894122042082,0.035227618869109134,10,0.23046671871418703,0.034139728317211473,10,0.2085478306789772,0.06916146684272136,10,0.4560895148367091,0.1336240150049723,10,0.1978910893201828,0.05199228164461506,10,0.8190382182598114,0.2846001620216217,10
nohidden_HO_T20_mixFP,0.25,0.01,6,0.4481348049527637,0.1241743584840249,10,0.6006369150462099,0.09342358048530715,10,0.5195973310082211,0.11834842335859407,10,0.7240522276261038,0.07097330609932581,10,0.3268626466292701,0.055241088765122695,10,0.20030204644499344,0.06661025756242137,10,0.41041354681387493,0.12535760900861392,10,0.19742216765880585,0.04981131870849749,10,0.8563188731670379,0.25328271824098364,10
nohidden_HO_T20_mixFP,0.25,0.01,7,0.38057260979160695,0.05734080744286052,10,0.5583788023307559,0.04585905267928597,10,0.4541988610957263,0.05509633218671935,10,0.7327602532924732,0.05668251131057886,10,0.425685868922203,0.07692899207789632,10,0.24000652183995608,0.042013897340210625,10,0.48997039312059787,0.08640451737452928,10,0.24104141145944596,0.04194862339857321,10,1.2721358716487885,0.3644781366338963,10
nohidden_HO_T20_mixFP,0.25,0.01,8,0.5002205235052762,0.0839711896291252,10,0.6366654830326823,0.05464738915296733,10,0.5862605391744611,0.06836185229700702,10,0.701895228059066,0.06354474606059594,10,0.3924626333710653,0.1638916570113738,10,0.15504320349622888,0.05457965537629754,10,0.34354064170041687,0.07781356840757003,10,0.164125195145607,0.042015489818466256,10,0.6691236406564712,0.21382596031342094,10
nohidden_HO_T20_mixFP,0.25,0.01,9,0.5150709414497975,0.06817681447726237,10,0.6457995878434073,0.05320800678737475,10,0.5836632566232798,0.0772737193812595,10,0.7308301114752604,0.05314469411893276,10,0.5297700927701958,0.12124223496317166,10,0.14883493038284976,0.03751524221262129,10,0.36960314287327045,0.09519205930845909,10,0.1528880439698696,0.0249880959534388,10,0.5892002940177917,0.1266384386243399,10
nohidden_HO_T20_mixFP,0.25,0.01,10,0.17710831815238975,0.062006170671509556,10,0.43627571115078057,0.05024945877023648,10,0.33518988807775946,0.05108027478010573,10,0.6305576640387884,0.04343528955449305,10,0.6127564927926061,0.04765994000942465,10,0.3388274764074613,0.04159479661326837,10,0.6413548862645344,0.06245153579841001,10,0.35309083461761476,0.038781541258902714,10,2.237903022766113,0.3819265210977159,10
nohidden_HO_T20_mixFP,0.25,0.01,11,0.18671335840626824,0.04850148619823285,10,0.4394076762194601,0.04720348490340773,10,0.3435318849105367,0.05949486881562293,10,0.6222632461086731,0.04173535328575149,10,0.45534031765165783,0.08885869657343495,10,0.3270546043994583,0.058993870680623756,10,0.6258012198268049,0.06543170166594364,10,0.3336320459842682,0.049615642585141624,10,1.8423547387123107,0.5545967873872378,10
nohidden_HO_T20_mixFP,0.25,0.01,12,0.3208515096788408,0.05650477775102647,10,0.5193084776016017,0.05588863291093971,10,0.4185833087173477,0.05586343450866887,10,0.6873377648215289,0.05746249786007774,10,0.36861258402079145,0.060230650173104056,10,0.23973140766718237,0.028478126062738435,10,0.5081973303539817,0.058622939264433974,10,0.2493762716650963,0.021038490270517858,10,1.0078228831291198,0.13528327225537745,10
nohidden_HO_T20_mixFP,0.25,0.01,13,0.48768348992156696,0.039775305871515065,10,0.6279323856688496,0.036322100394258594,10,0.551258524998072,0.04793673313428796,10,0.7345361816613049,0.056071115308763596,10,0.39079217877532685,0.10346226538875615,10,0.15593310813675068,0.03457795021296247,10,0.3116834954901623,0.06612351620766113,10,0.16925536394119262,0.020910378107498424,10,0.5919751644134521,0.09978503336759839,10
nohidden_HO_T20_mixFP,0.25,0.01,14,0.4350158616697974,0.06359032122650818,10,0.593074764154302,0.05223119564256903,10,0.4783216276836194,0.059113515487697554,10,0.7855420437060694,0.030644711052074634,10,0.39559102049943523,0.058092436375151324,10,0.21239755271717162,0.038380309994405976,10,0.4769361808089577,0.06946205537880536,10,0.2228848934173584,0.03460615759693212,10,1.219763880968094,0.4014154108246359,10
nohidden_HO_T20_mixFP,0.25,0.01,15,0.5017348265877426,0.028334684383261796,10,0.6359586374345322,0.034783271816367596,10,0.517753843391303,0.048241577673715244,10,0.8284723092033802,0.016870779773618692,10,0.3473915480755051,0.04493704633845927,10,0.18592114929686493,0.024118869156386155,10,0.4135457971353661,0.043498426111029845,10,0.191172693669796,0.017518357053122335,10,0.8999583840370178,0.25179900737727595,10
nohidden_HO_T20_mixFP,0.25,0.01,16,0.5783549762981159,0.04728970020525304,10,0.6928970268068746,0.029760796970077448,10,0.6069285120355185,0.03922279099095218,10,0.8094905617510021,0.03090721328799814,10,0.45736910928414654,0.0628873884850402,10,0.14090458821601964,0.03525871012173442,10,0.3686996531457984,0.05280243614404773,10,0.14842758923768998,0.03054287279692876,10,0.6962225019931794,0.21575621010573418,10
nohidden_HO_T20_mixFP,0.25,0.01,17,0.5966807281928685,0.03711978553734813,10,0.7055479429378775,0.01929456424294886,10,0.6118994095918704,0.028609027362311707,10,0.8344356385721525,0.02019842550909109,10,0.381105131571068,0.06995056281342737,10,0.1386585219244572,0.03031518377613714,10,0.41855458747920415,0.03324523922243897,10,0.13856326043605804,0.023736491689157493,10,0.5571041196584702,0.08102684045276783,10
nohidden_HO_T20_mixFP,0.25,0.01,18,0.6399103793758449,0.028837717144216395,10,0.7354411975005731,0.011617157292407546,10,0.6408687717028471,0.017124019545671332,10,0.8637645115571735,0.0259642497271706,10,0.5569659614463266,0.09687819182585983,10,0.12056874626472276,0.027166142517975684,10,0.33637539711047326,0.038432288428470796,10,0.1218967653810978,0.020551596122485898,10,0.4678819864988327,0.09733592483092933,10
nohidden_HO_T20_mixFP,0.25,0.01,19,0.7877019470259378,0.03284125870103209,10,0.8438106272971156,0.016432892829928776,10,0.795125611619924,0.02940992905699806,10,0.8995821161618455,0.010645979009171913,10,0.3796361396462921,0.07779435871951323,10,0.058066461218956214,0.02153098824933196,10,0.3221892095661401,0.04888237677644133,10,0.06607042625546455,0.01699060334834145,10,0.24226893335580826,0.0625888657716837,10
nohidden_HO_T20_mixFP,0.25,0.01,20,0.8622017952497926,0.006997571474910294,10,0.8957591493181181,0.003066770774267758,10,0.923348394324418,0.002196432302409126,10,0.8698050024213426,0.0068007622998107085,10,0.3621641297821084,0.07811328662398588,10,0.02017015948195497,0.005117051131176424,10,0.11896102561671382,0.0154737981201993,10,0.04074077494442463,0.005800723015900447,10,0.1582684949040413,0.029041601969734005,10
nohidden_HO_T20_mixFP,0.25,0.025,1,0.4113078891254952,0.11213518303350374,10,0.556094827321974,0.081175439187353,10,0.573489285552884,0.10336790915569294,10,0.5425826766783743,0.06928321139940974,10,0.8962229513461419,0.1091592570054457,10,0.12864583926965958,0.047693373747210104,10,0.3401603729260611,0.11895283839436363,10,0.17237139046192168,0.03727584251582922,10,0.6507317125797272,0.1471376551157177,10
nohidden_HO_T20_mixFP,0.25,0.025,2,0.5569221315062829,0.07991320524787185,10,0.674017066961695,0.06471077404979464,10,0.6091525442338229,0.09392967328507724,10,0.7632831353537856,0.053839466998753104,10,0.5721528482140125,0.06533469155567882,10,0.10054354261264604,0.03857511680231063,10,0.3194345116333127,0.13914202727267128,10,0.14437056109309196,0.02731080024640061,10,0.533470755815506,0.15424288314786624,10
nohidden_HO_T20_mixFP,0.25,0.025,3,0.4553898629524662,0.08245118997226453,10,0.6054790835205892,0.057549867609361254,10,0.4742830609200494,0.06905950844892561,10,0.846867241503718,0.017246917176849223,10,0.17514601786480494,0.03450876768830545,10,0.24116545979760082,0.05792772161762274,10,0.47234512344228347,0.0622062774367818,10,0.22734473496675492,0.05663513410003083,10,0.9670397639274597,0.3146076068742383,10
nohidden_HO_T20_mixFP,0.25,0.025,4,0.49613105793408196,0.060426295058377245,10,0.6318312267560798,0.050276852106565476,10,0.5218982550832796,0.07923243384706123,10,0.8142199199402349,0.041059471011614175,10,0.1456315875565922,0.0417140152069654,10,0.2032163889083643,0.04912123649314174,10,0.42929973905696855,0.08794351802451149,10,0.19102657586336136,0.03279657961436687,10,0.7681073784828186,0.18403343485235937,10
nohidden_HO_T20_mixFP,0.25,0.025,5,0.4876182997789379,0.09708444548070101,10,0.6258422933779532,0.07808087997266726,10,0.5183739111195254,0.11497323673640958,10,0.8104289900004993,0.03366070389577187,10,0.2255686422452285,0.035397828527525654,10,0.2100508430017483,0.06916116654518378,10,0.46460746096784034,0.13071093599031325,10,0.1972351372241974,0.051623592231606806,10,0.8114721268415451,0.2818924867583842,10
nohidden_HO_T20_mixFP,0.25,0.025,6,0.4594133531874145,0.12040276342253108,10,0.6086241882240172,0.09095023616601408,10,0.5218994975275291,0.11513789131171598,10,0.7422302433713854,0.06644391038016122,10,0.32167087121568405,0.0559697745357907,10,0.19952182706604218,0.06596907705671484,10,0.4199698343789599,0.12429654627075164,10,0.195071891695261,0.04920986435442451,10,0.8302072525024414,0.24598883654446396,10
nohidden_HO_T20_mixFP,0.25,0.025,7,0.39829072898608453,0.05773241508565722,10,0.5700353291060563,0.04524428221401945,10,0.46182012031307923,0.056034892524119695,10,0.7525193532366357,0.05003231000515357,10,0.41808894305538225,0.0750450117322413,10,0.23733999310945006,0.04261217541095807,10,0.4908560317790534,0.08531747233613587,10,0.2366805523633957,0.04260673425005693,10,1.2364526212215423,0.36508974444989495,10
nohidden_HO_T20_mixFP,0.25,0.025,8,0.5179539486569765,0.08212881452581296,10,0.6500877004573005,0.05266169700287035,10,0.5925330203368459,0.06891045867895401,10,0.7256087217535956,0.05869344711096049,10,0.39162917971873024,0.16327079852957554,10,0.15180009547091972,0.054428694316110034,10,0.3456866581042509,0.08488958580773097,10,0.15985053777694702,0.04145194708416565,10,0.6373066574335098,0.20201958252987118,10
nohidden_HO_T20_mixFP,0.25,0.025,9,0.5458488783959725,0.06818901905292327,10,0.6678844256807949,0.052361538127219186,10,0.6040995850915499,0.07981726959643487,10,0.7546682977741103,0.045529429633032754,10,0.5283674130443463,0.1261125352832475,10,0.14097208711396764,0.039998442014487795,10,0.3585169410910881,0.10014952526210788,10,0.1449820451438427,0.025776516444422286,10,0.5585729509592057,0.1264115448803468,10
nohidden_HO_T20_mixFP,0.25,0.025,10,0.21218935841759015,0.06127811850312785,10,0.45659036977161926,0.04965082455851201,10,0.35247866820047713,0.05192911421653558,10,0.6541577543437166,0.03971319620924282,10,0.6084202491237554,0.047749800155084496,10,0.3213934848284537,0.04171548746541194,10,0.6212457089057188,0.06419217073845178,10,0.33759503066539764,0.0387867146172658,10,2.1215091228485106,0.3749852057250521,10
nohidden_HO_T20_mixFP,0.25,0.025,11,0.1950902315933246,0.052187496828667905,10,0.44575821869684107,0.04926513170244506,10,0.34548047431377105,0.061978424687736504,10,0.6422184669921158,0.04066507901311367,10,0.4430318733613642,0.08840194069082602,10,0.3323496047375448,0.06223523445339189,10,0.625672617711399,0.06688289389695382,10,0.33855219185352325,0.05338595369973555,10,1.9265054225921632,0.6157296423260751,10
nohidden_HO_T20_mixFP,0.25,0.025,12,0.3379380363094383,0.059124722516366766,10,0.5307675852851427,0.05692631554029311,10,0.42030410398780516,0.057933764800773585,10,0.7242964155073026,0.05439260664362039,10,0.3536554097260952,0.052525088113414234,10,0.2487572500284581,0.030549287851741217,10,0.503520836821705,0.05688679438744762,10,0.24972966462373733,0.02302216274168204,10,0.9956986904144287,0.14266076945170397,10
nohidden_HO_T20_mixFP,0.25,0.025,13,0.5083593378457327,0.03874172685431776,10,0.6429111313987563,0.03225428166194748,10,0.5508280607684826,0.04622102914102541,10,0.7770895982788592,0.04783951736495539,10,0.37329763781399045,0.10288847623706188,10,0.1666876322694349,0.0367695995841713,10,0.32230954657229105,0.06546457250332857,10,0.16909771263599396,0.02382776771708298,10,0.5924812287092209,0.1121139139711821,10
nohidden_HO_T20_mixFP,0.25,0.025,14,0.4572952381308394,0.05984703194015471,10,0.6059303804447113,0.050522209060788574,10,0.4805609188168775,0.058328475518191085,10,0.8262391708967962,0.028366227704309493,10,0.37309967392468146,0.055492623275247746,10,0.22204599894717725,0.03602919922923781,10,0.4655163375657813,0.058014621465060805,10,0.22146314829587938,0.033674109543559455,10,1.183912354707718,0.39462648182653376,10
nohidden_HO_T20_mixFP,0.25,0.025,15,0.5146112748991598,0.02658217875889074,10,0.641915525072941,0.03490460258826879,10,0.5118758828251199,0.05008271434547573,10,0.8664877556034428,0.018020658867058198,10,0.3258734822484449,0.03803944338545182,10,0.20079152520202137,0.02791928010280228,10,0.4457594964467514,0.047051135410560364,10,0.19379782527685166,0.01864466140691707,10,0.8945020914077759,0.25053051571173474,10
nohidden_HO_T20_mixFP,0.25,0.025,16,0.5842762623350654,0.048920963301620775,10,0.6956927911441572,0.030247520087320998,10,0.589081298752234,0.036368342174546694,10,0.8509747423144643,0.02562613731766483,10,0.4227478053346574,0.056397952143094045,10,0.15795391825112787,0.03221288072574324,10,0.40995340825947596,0.04935914839283343,10,0.15285011231899262,0.03057937893072138,10,0.707981264591217,0.21592583897218592,10
nohidden_HO_T20_mixFP,0.25,0.025,17,0.6048217793483434,0.03722680599244128,10,0.709251526475992,0.01920640989995504,10,0.5970684511650093,0.02521097800064455,10,0.8741358263401589,0.011990187304310698,10,0.3428721899042374,0.0670095878348615,10,0.15359270437709155,0.02719181049023076,10,0.4625037452785138,0.028308171029432838,10,0.14177742823958397,0.02308178013466334,10,0.5615176647901535,0.08094723609722317,10
nohidden_HO_T20_mixFP,0.25,0.025,18,0.6467785160500569,0.025390747531970164,10,0.737675417250102,0.00911359487960654,10,0.6237949590112788,0.014323676033960642,10,0.9030749857893501,0.017868039249974245,10,0.5250826030313818,0.08895005130356971,10,0.13823658817813014,0.022669270038401933,10,0.3913998450847657,0.032934793779582486,10,0.1245986945927143,0.01855948946496412,10,0.46389099955558777,0.08318831387453252,10
nohidden_HO_T20_mixFP,0.25,0.025,19,0.7724756987103927,0.02755896304691632,10,0.8317485674170904,0.012271087999796988,10,0.7603789441936796,0.02000325927367923,10,0.9182369187283873,0.005777185403863541,10,0.3573423313235148,0.06983846593585664,10,0.07446704243626322,0.019208726221635795,10,0.3978949002836506,0.025424750928448286,10,0.07352300360798836,0.01587734593306736,10,0.27067393213510516,0.060283610301304906,10
nohidden_HO_T20_mixFP,0.25,0.025,20,0.8426220890585027,0.006456278578081538,10,0.8825216763612967,0.002937015972188069,10,0.8855230626109467,0.004984969739346112,10,0.8795907156248111,0.006476489803069882,10,0.3422172474517461,0.07289370914537027,10,0.027166537935131574,0.005246766390880804,10,0.20408642418148082,0.007852669892005578,10,0.04718885160982609,0.006126237058061531,10,0.1883548006415367,0.03302790719849823,10
nohidden_HO_T20_mixFP,0.25,0.05,1,0.4431618148663151,0.10603137927282962,10,0.5787185414437938,0.0777804144639344,10,0.6007932739940459,0.09911537201706677,10,0.5607816128391192,0.06771876775335102,10,0.8916047188595517,0.10899306268736236,10,0.1141829119638248,0.042107303964554685,10,0.31004875014993877,0.11472589562851579,10,0.16017955392599106,0.034183443392817134,10,0.5886281132698059,0.13191806446429502,10
nohidden_HO_T20_mixFP,0.25,0.05,2,0.5730726878507306,0.07703881105464908,10,0.685293027145128,0.062457891780368875,10,0.6264621056057983,0.09227321073793811,10,0.7645313368240337,0.0521655802333394,10,0.581997228341673,0.06489405212122482,10,0.08894196856494525,0.03529132306697073,10,0.29076996232190666,0.13443107200846105,10,0.13553981333971024,0.025716627872058067,10,0.4900379300117493,0.13862490687196458,10
nohidden_HO_T20_mixFP,0.25,0.05,3,0.46303388570195836,0.08637517859219455,10,0.6106914472473437,0.06069631289344903,10,0.4812888669814076,0.07403766016485451,10,0.8462452497168501,0.016324349625927517,10,0.19228564592325487,0.03862977976462251,10,0.23280581310421752,0.06012738253514088,10,0.4667153275002365,0.07154739710915384,10,0.22215522676706315,0.05728101743605307,10,0.9349684596061707,0.3084110503204757,10
nohidden_HO_T20_mixFP,0.25,0.05,4,0.5074267149923963,0.06211873553162949,10,0.6389126488053177,0.05289772023659308,10,0.5241383731291024,0.08055169306813068,10,0.831743349197182,0.03547436924837354,10,0.1463131752043464,0.04595987793155249,10,0.2032011474969148,0.05070505473179215,10,0.4432779339864704,0.09091619860118202,10,0.18918258249759673,0.03465616370236002,10,0.7445077002048492,0.1862873083284448,10
nohidden_HO_T20_mixFP,0.25,0.05,5,0.4970026648685817,0.09353966253037464,10,0.631224024054182,0.0767726663664037,10,0.5167167330560094,0.11087113047033303,10,0.8315081281782264,0.03149555400839248,10,0.21778988190778087,0.037569592865072804,10,0.2140546507915107,0.06881657609697865,10,0.4820410553891337,0.1249547907817169,10,0.19785701781511306,0.05119964705718662,10,0.8092351853847504,0.27965492540876985,10
nohidden_HO_T20_mixFP,0.25,0.05,6,0.4740931779441896,0.11450934982961089,10,0.618735649980477,0.08712272921653086,10,0.5227657732119595,0.10973783307130104,10,0.7700031602545491,0.059716235251294124,10,0.31136886898398847,0.05666034134260854,10,0.20052128823344978,0.0648188117618191,10,0.4388533195880555,0.12014099450582115,10,0.19285517632961274,0.04828920527625819,10,0.7978571891784668,0.23488370655110744,10
nohidden_HO_T20_mixFP,0.25,0.05,7,0.42088293596404264,0.057657347963716965,10,0.5846529067845172,0.04420557298720097,10,0.4701346025023881,0.056084268966586796,10,0.7804617584878617,0.03990768966207656,10,0.4031004951608169,0.07221708724174596,10,0.23511669466351326,0.0431131962098691,10,0.5007463888417838,0.07849931664483721,10,0.23145756125450134,0.04311802622673886,10,1.1849895179271699,0.3640033961264674,10
nohidden_HO_T20_mixFP,0.25,0.05,8,0.5380246426374306,0.07810903909348446,10,0.6651864053076267,0.04924887920333731,10,0.5945274830461894,0.06735923385204605,10,0.7604759164050529,0.05031063695598348,10,0.3853330671991652,0.16020060914705533,10,0.1504060085392779,0.05304672340800174,10,0.35923911311814377,0.09025360815930011,10,0.15587924867868425,0.04028356536427016,10,0.6026449561119079,0.1836475755423364,10
nohidden_HO_T20_mixFP,0.25,0.05,9,0.5782704213002663,0.06630709442020347,10,0.6913748227366557,0.05070312952713462,10,0.6209240995291349,0.07871517819617467,10,0.786934179891103,0.03498621107439557,10,0.5210208829122889,0.13277986748775675,10,0.13572399570194185,0.04144859645491314,10,0.3518459615162565,0.10002043491419144,10,0.13754602074623107,0.0265775736874361,10,0.5302545577287674,0.12701722501078594,10
nohidden_HO_T20_mixFP,0.25,0.05,10,0.254335499988524,0.06004337464326171,10,0.48153543802128407,0.04910722468104472,10,0.3729377788148863,0.052963654121744676,10,0.685828676042765,0.03522364521969619,10,0.5999896401802215,0.04866524788501665,10,0.30256041454128413,0.04122156756785935,10,0.5946325676898556,0.06424796706336133,10,0.3193167090415955,0.03837019250981935,10,1.9579808831214904,0.36565196063343275,10
nohidden_HO_T20_mixFP,0.25,0.05,11,0.20229325487817346,0.05503593317595906,10,0.4512828038022018,0.052080268924903694,10,0.3459445995255782,0.06435691285331303,10,0.6641280046226464,0.0400761149845843,10,0.4267702382649716,0.08491308283800177,10,0.3394028364077119,0.06387734339060991,10,0.6275624596855001,0.06743373429472105,10,0.3445476651191711,0.05496552525692595,10,2.012886166572571,0.6566990923451144,10
nohidden_HO_T20_mixFP,0.25,0.05,12,0.34445472078660944,0.060908566337778275,10,0.5348469144240898,0.05819840764242458,10,0.4155721637486002,0.059837689802429275,10,0.7555484530805339,0.05072647931332466,10,0.33613219746585765,0.048869211435948065,10,0.26293431659367283,0.032778283594590174,10,0.5056719990925906,0.05442950411688627,10,0.25387180000543597,0.02427082285168641,10,0.9902893304824829,0.14411743742565686,10
nohidden_HO_T20_mixFP,0.25,0.05,13,0.5187759126769997,0.039598014416361516,10,0.6497052055066398,0.029658027051978137,10,0.5430517941378992,0.04433748698886553,10,0.8135279563023083,0.04060664117686488,10,0.35210674367351347,0.10048800145547045,10,0.18257002551441465,0.03810285909419527,10,0.34325798293358945,0.06778234953766886,10,0.17282344102859498,0.026761210586199756,10,0.6060547530651093,0.12386876814442643,10
nohidden_HO_T20_mixFP,0.25,0.05,14,0.4662094055345743,0.05653647769284356,10,0.6095258116646172,0.04929566070016948,10,0.4757621962343874,0.057533384491316696,10,0.8555273708480226,0.029888778438933995,10,0.35272893924506793,0.05308736671297196,10,0.23560533248056506,0.03463166329557124,10,0.4756280907628857,0.05101400655458735,10,0.2245066225528717,0.03255789781578747,10,1.1470714688301087,0.3864032605908222,10
nohidden_HO_T20_mixFP,0.25,0.05,15,0.5096434809297838,0.028354739926968422,10,0.6357916771734137,0.038375364977842025,10,0.4975405467845679,0.05403936982045335,10,0.8883186812282565,0.020582000626807897,10,0.30699275027798245,0.03351757375184809,10,0.2197396937006312,0.032104236935348175,10,0.5022285638586598,0.055567051486103684,10,0.20303213149309157,0.020454155202301923,10,0.9071429610252381,0.244964371715286,10
nohidden_HO_T20_mixFP,0.25,0.05,16,0.5679228097540843,0.045468547344967136,10,0.6818848445147319,0.0289445063193676,10,0.5598804974323248,0.0333267549932792,10,0.8733510096289792,0.024972989479231367,10,0.38647403793222296,0.04765350958946234,10,0.18116359422563372,0.028420520783198705,10,0.46611519520927824,0.04875711078282438,10,0.16565855368971824,0.028542187956388083,10,0.7601182162761688,0.20976766374325678,10
nohidden_HO_T20_mixFP,0.25,0.05,17,0.5912074733330188,0.032280468013185216,10,0.6968423758938649,0.018163124091157203,10,0.570186162024413,0.02248803674062183,10,0.8964603547890047,0.009912704215228368,10,0.30102662072173647,0.058768105159015205,10,0.1758091804461762,0.022938773963084576,10,0.5145150160928379,0.03366264286562923,10,0.1541204944252968,0.020506080756761857,10,0.6084821462631226,0.07528705926641041,10
nohidden_HO_T20_mixFP,0.25,0.05,18,0.6306937517441977,0.018632879177584202,10,0.7228822956538661,0.008850471339318997,10,0.5937081023521212,0.015056155617560315,10,0.9246342874223032,0.015183035592980645,10,0.4903984081166038,0.07809375451173632,10,0.16201394042736156,0.01751494479122462,10,0.4537691588064872,0.03676554803521762,10,0.13567740470170975,0.014951919901679156,10,0.4912131816148758,0.06614984850054394,10
nohidden_HO_T20_mixFP,0.25,0.05,19,0.7397791618921694,0.01949598241289423,10,0.8059425690249162,0.006589317485082917,10,0.7117448491258646,0.009791300047624317,10,0.9289738887969641,0.004385505728472438,10,0.33378052870962643,0.05830327875231932,10,0.0977511552431185,0.015478337539798413,10,0.46976731376034897,0.011553840872869127,10,0.0889895461499691,0.013779994113663055,10,0.3358416438102722,0.055302634069917006,10
nohidden_HO_T20_mixFP,0.25,0.05,20,0.8068763622923489,0.004906143971888032,10,0.8568838536742798,0.004789482185451473,10,0.8289168142267087,0.012403490158103441,10,0.8870046196893467,0.007929223082874281,10,0.31189782257826654,0.06479132166882458,10,0.043496039661067146,0.004294864239066889,10,0.30733908666701054,0.017027797646650484,10,0.06036838255822659,0.006228886631009419,10,0.2551688700914383,0.03886579601234034,10
nohidden_HO_T20_mixFP,0.25,0.1,1,0.5066925105501814,0.09008173578922976,10,0.625311495634689,0.06784308300122034,10,0.6530022018290124,0.08670640000257336,10,0.602020109574189,0.06187617330817348,10,0.876376527750937,0.11001292341355944,10,0.08781317509694123,0.03073570558142636,10,0.2544048321386875,0.09694277932021837,10,0.1379326678812504,0.027189066201845653,10,0.4856400728225708,0.09868434405207827,10
nohidden_HO_T20_mixFP,0.25,0.1,2,0.6013434740410111,0.06845129022798618,10,0.7051821106336515,0.056049273579571186,10,0.656917034133718,0.08627821548120336,10,0.7679731650884707,0.04799701118017338,10,0.6020708454922449,0.06437275301484058,10,0.07199282126492855,0.02878815331122517,10,0.25064967381035475,0.12242586840649082,10,0.12052960321307182,0.021852068754049755,10,0.41709249317646024,0.10499769116107811,10
nohidden_HO_T20_mixFP,0.25,0.1,3,0.48663140726391213,0.08740043387283637,10,0.6267306462072467,0.06240172135921242,10,0.5023233995744046,0.07909197066050541,10,0.844458163037795,0.014552989022883364,10,0.23294319099945054,0.04779666689213564,10,0.20931900719392713,0.05980671065142987,10,0.44072746032660726,0.08510251408778126,10,0.20571620911359786,0.05344927234545993,10,0.8385864317417144,0.2755470587839912,10
nohidden_HO_T20_mixFP,0.25,0.1,4,0.5307715417760906,0.05699040517285672,10,0.6536794273717947,0.0519744816296728,10,0.5320947808382083,0.0770422771299945,10,0.8595584146992067,0.022512320374092183,10,0.16643633314118983,0.057471737678571604,10,0.19735910378563168,0.049930634230657515,10,0.46880104980069354,0.08554563844767857,10,0.18243550807237624,0.03407375541278054,10,0.690944367647171,0.17111968366287264,10
nohidden_HO_T20_mixFP,0.25,0.1,5,0.5058749284659257,0.08586968293747822,10,0.6353251076233906,0.07271741099791508,10,0.5094145478443526,0.10069352092801674,10,0.8627148337891267,0.026125551772701382,10,0.2113129360908288,0.04357114408738729,10,0.22359682770829456,0.06673733691420021,10,0.5186736684445461,0.10930888946286686,10,0.2023155577480793,0.0500812199439545,10,0.8220355540513993,0.27439123979377184,10
nohidden_HO_T20_mixFP,0.25,0.1,6,0.4926499242251198,0.10246349657729406,10,0.6304556463223034,0.07916949161281504,10,0.5180709060713558,0.09817146480965683,10,0.8165162944866855,0.04610123482840111,10,0.2932952140378685,0.058075186296540425,10,0.20690527388500826,0.062064094991722156,10,0.4840155475566793,0.10096840046883475,10,0.19244653433561326,0.046548476728578606,10,0.7616469323635101,0.21551632697166143,10
nohidden_HO_T20_mixFP,0.25,0.1,7,0.45275587581919535,0.0538955094322714,10,0.6044807137948319,0.04043209959961424,10,0.48004172951263957,0.05223545673352829,10,0.82233762960802,0.02248264232927606,10,0.37802197835875717,0.06917265030422233,10,0.23348223102488563,0.042368392427476795,10,0.5263049235752328,0.0660835840267689,10,0.22364720106124877,0.04254708673984429,10,1.087375169992447,0.34327685120762885,10
nohidden_HO_T20_mixFP,0.25,0.1,8,0.5612466754360108,0.06648080342256817,10,0.6812685089633332,0.04087476973905569,10,0.5867279549611991,0.05802537593576985,10,0.8169254488836767,0.03435107453698461,10,0.37549727514609743,0.14733860481387284,10,0.15456750739331565,0.05041146866710767,10,0.3948800576118726,0.08779358485835627,10,0.15317168086767197,0.03780983020579646,10,0.567369019985199,0.15581277793257364,10
nohidden_HO_T20_mixFP,0.25,0.1,9,0.6089893504998656,0.05877281577325665,10,0.7132270921277827,0.045300505712011024,10,0.6265182663693547,0.06732997735992281,10,0.8328552132525331,0.025983180574658815,10,0.5029491914406837,0.14120656043178845,10,0.13756536750219162,0.04009767647488399,10,0.3643262675775346,0.08453988688873007,10,0.13311483561992646,0.02698020561495283,10,0.515965822339058,0.1309838061257749,10
nohidden_HO_T20_mixFP,0.25,0.1,10,0.31299682782068217,0.055276229517020804,10,0.5167049949275502,0.04719578448577458,10,0.4006828074638399,0.052945781677896896,10,0.7338612555669568,0.02729839603041201,10,0.5784254809148474,0.04960136506800288,10,0.27818384930629003,0.03871308021581317,10,0.5711596173515836,0.055372335256780286,10,0.29272487610578535,0.03624208012213591,10,1.6583469033241272,0.32656184124011317,10
nohidden_HO_T20_mixFP,0.25,0.1,11,0.21473127669488487,0.05998570938583175,10,0.4596168867352516,0.056607629853480584,10,0.34783504301710216,0.06767151157241957,10,0.6933119021489065,0.039074171538102526,10,0.4051353324520604,0.07634061804526146,10,0.3448955691309406,0.06484756474035325,10,0.6257063714561266,0.06915630969566217,10,0.3481870502233505,0.05513911424084686,10,2.0496774196624754,0.6570694779975402,10
nohidden_HO_T20_mixFP,0.25,0.1,12,0.3411800202580174,0.06520313973676721,10,0.532214409788486,0.06116160226551238,10,0.4032284996167951,0.06336238428792887,10,0.7902207283450671,0.044184336886271935,10,0.3136001522175555,0.047149217411514684,10,0.28564776314104856,0.03719164208106642,10,0.5182778593231507,0.050940687523356475,10,0.26484200805425645,0.027049355231802876,10,1.0033761858940125,0.14355929946206286,10
nohidden_HO_T20_mixFP,0.25,0.1,13,0.5144065835130258,0.0375429377853608,10,0.6443603388389745,0.027138217879838993,10,0.5187828221954008,0.04062858287427024,10,0.8549591158138229,0.03200645927611293,10,0.31785197713358176,0.09337430302280308,10,0.2107146664225728,0.038023387189251544,10,0.3964956165763091,0.062488495264627957,10,0.18489929735660554,0.02870707413938822,10,0.6450993239879608,0.13124799594616407,10
nohidden_HO_T20_mixFP,0.25,0.1,14,0.4635438832646545,0.0509453019921848,10,0.6042412215470246,0.04779144501729979,10,0.461453768343212,0.05663785138514029,10,0.88460871537879,0.03473606265004575,10,0.32561260755382676,0.0517284663627183,10,0.2583741476207355,0.03373321840893658,10,0.5304940475979174,0.04554862676905882,10,0.23471605330705642,0.03005023559169971,10,1.0950249016284943,0.3583243068651816,10
nohidden_HO_T20_mixFP,0.25,0.1,15,0.49102743093965484,0.034932132658629156,10,0.6203769270066549,0.045314801044430295,10,0.47527623879064435,0.06017907434109942,10,0.9035928510916268,0.020193213074442443,10,0.2914929582529179,0.03318839380043764,10,0.2448653537060129,0.037561380762527144,10,0.5697350844114977,0.06561853399409522,10,0.22005269974470137,0.024491575413573417,10,0.9335403680801392,0.22867948246178896,10
nohidden_HO_T20_mixFP,0.25,0.1,16,0.5304970099172022,0.03888629733461044,10,0.65260799507734,0.028718654670271727,10,0.5165066060756487,0.034119368533530973,10,0.8884759283149831,0.02494212356367244,10,0.3533633312084306,0.03899697898570365,10,0.21348399584895592,0.02574928860145577,10,0.5374385377884348,0.048902066461876684,10,0.1894346296787262,0.02494083052808412,10,0.8553786337375641,0.1989633434301259,10
nohidden_HO_T20_mixFP,0.25,0.1,17,0.5560005551205327,0.024340688560273795,10,0.6681328330857363,0.02189061275632608,10,0.5272738311798439,0.027628825138622085,10,0.9131060380647344,0.009094379519151128,10,0.2544576020869794,0.05007606484795162,10,0.21045177908251259,0.017798554244704893,10,0.5831643242394486,0.048651911086723766,10,0.18083049803972245,0.015819829814198005,10,0.7249733328819274,0.06910274203851696,10
nohidden_HO_T20_mixFP,0.25,0.1,18,0.5883876008144296,0.009896333208039391,10,0.6880730270199065,0.01817929844209414,10,0.5433166906507306,0.026427429685518446,10,0.9399292139531277,0.01508555442485985,10,0.4458460485638861,0.05948026057206812,10,0.19858029958637563,0.013316872954550299,10,0.5344966108647581,0.044866884864932045,10,0.16126276552677155,0.0082801606295584,10,0.5743907868862153,0.03497129254926215,10
nohidden_HO_T20_mixFP,0.25,0.1,19,0.6743256715594066,0.009026880677157947,10,0.7542357120862557,0.013068253587578266,10,0.631444119101511,0.01985529208738117,10,0.9369360075839624,0.00548032279879953,10,0.30658003585230503,0.04143061380747516,10,0.13957706184259083,0.009377889001098807,10,0.5618518382106613,0.02919110213189118,10,0.12349170744419098,0.009188976439061488,10,0.49500035047531127,0.04180071977596347,10
nohidden_HO_T20_mixFP,0.25,0.1,20,0.730771346254261,0.005487548562943559,10,0.8001674662154026,0.012717000883748308,10,0.7247119039717713,0.027297139246684244,10,0.8942084515804805,0.011543373305858666,10,0.26509118584515495,0.05101299464763259,10,0.08312136692593289,0.0012407443096602026,10,0.45135058816206514,0.03191296898034017,10,0.09290099889039993,0.004907576436531689,10,0.4343460023403168,0.045808917057269735,10
nohidden_HO_T20_mixFP,0.25,0.2,1,0.5998673547069143,0.04014266691459983,10,0.6993499729835932,0.035030530625343045,10,0.7057313511139306,0.050635978587840816,10,0.6949719660526086,0.03818724077703385,10,0.7963587572931209,0.12085591932978085,10,0.0578420088467967,0.011660229929760355,10,0.19773315531715277,0.07212533153733013,10,0.11109934151172637,0.00971305029117579,10,0.37518619894981386,0.030240660683573804,10
nohidden_HO_T20_mixFP,0.25,0.2,2,0.6468729393542906,0.04414523004827999,10,0.7383654894347416,0.038127755457420386,10,0.7005951991245724,0.0630773531163179,10,0.7844505581962777,0.03709771406913231,10,0.6283810278422607,0.06421791404117981,10,0.05885958827342774,0.018417062958538507,10,0.23344207792911123,0.07847769863648625,10,0.10141961723566055,0.012103073069433064,10,0.33656692802906035,0.04308269860962472,10
nohidden_HO_T20_mixFP,0.25,0.2,3,0.538707357498185,0.05701844144195656,10,0.6624174365654918,0.04443941866962039,10,0.5492095452665998,0.062079019194442024,10,0.84058297132831,0.013350476582465107,10,0.3399879542810272,0.06118551799837148,10,0.15905485154240168,0.04436444180422975,10,0.4178353180148001,0.05389998103663487,10,0.1682534858584404,0.03589415162883549,10,0.6229899734258652,0.17557690440228324,10
nohidden_HO_T20_mixFP,0.25,0.2,4,0.5651752750141137,0.03809769372164795,10,0.6769647940406495,0.039972152323818344,10,0.5526499396790813,0.06072815446970409,10,0.881345396740967,0.018930905830984588,10,0.26489043503321913,0.06656855660697408,10,0.17380938038438215,0.0406887735190786,10,0.49391052336999264,0.06956848086468985,10,0.16583869308233262,0.025041229223474522,10,0.5983829110860824,0.11042124605040936,10
nohidden_HO_T20_mixFP,0.25,0.2,5,0.5134404219701908,0.06972065319817498,10,0.6381608328665991,0.06159589480504587,10,0.5005811458784352,0.08039037551665829,10,0.8936557042821731,0.014049115023129846,10,0.23303300349938422,0.05650784424146376,10,0.23042731141365896,0.05788663247262924,10,0.5796097592091545,0.07082659914668536,10,0.20774088948965072,0.04445324607128236,10,0.8313196390867233,0.23756466091915396,10
nohidden_HO_T20_mixFP,0.25,0.2,6,0.5113798147009261,0.07211012314336872,10,0.638259312757758,0.061012045559303264,10,0.5028028016234248,0.07524081057993094,10,0.8838914977884003,0.02225766400779077,10,0.28462662556402224,0.06522638729992362,10,0.22362073734853402,0.05242740536980033,10,0.5688229727739205,0.07095843854210888,10,0.1987123191356659,0.03941332199522739,10,0.7575658440589905,0.17406802554596892,10
nohidden_HO_T20_mixFP,0.25,0.2,7,0.4821586711056449,0.041420377534779326,10,0.6202626253031964,0.03152316693062874,10,0.4819836138856227,0.039790357009348375,10,0.874023342895911,0.013104142703961045,10,0.3416167079388959,0.060259169835517726,10,0.2391328407640366,0.035599700482808236,10,0.5876063278284528,0.0435415731981208,10,0.21905005276203154,0.033458822585751474,10,0.9753551602363586,0.2402283393384548,10
nohidden_HO_T20_mixFP,0.25,0.2,8,0.5696151838387735,0.04275719557138793,10,0.6817809114458492,0.02677286096098259,10,0.5549744869231394,0.04263416902438748,10,0.8885622761733816,0.02557920081503886,10,0.36634309516509944,0.11615060376572987,10,0.17899337174903368,0.04732289756280052,10,0.49395822600105277,0.07371287987999252,10,0.16274509578943253,0.032624682069964515,10,0.5921195268630981,0.12911561955493034,10
nohidden_HO_T20_mixFP,0.25,0.2,9,0.6001493105329906,0.045976189815343065,10,0.704220609734785,0.03449879892386787,10,0.5866930648867875,0.04675392501066709,10,0.883943485225209,0.02288626689853844,10,0.4694999535724427,0.1411694534194077,10,0.1645912800431019,0.037512382341717616,10,0.4742333404499031,0.06641623470986867,10,0.1493316560983658,0.02863273131369639,10,0.5914082556962967,0.14609673931077485,10
nohidden_HO_T20_mixFP,0.25,0.2,10,0.38894026273691085,0.0464180920530634,10,0.5621047689624865,0.04430751001582891,10,0.43460362773973815,0.0516023842900067,10,0.8019059151200297,0.020315236300430854,10,0.5260122684383302,0.052328402605413736,10,0.2506063895636279,0.030176469627145423,10,0.6022888137339966,0.05500176590082075,10,0.25344179570674896,0.02857397866184904,10,1.1710660934448243,0.2033988410720767,10
nohidden_HO_T20_mixFP,0.25,0.2,11,0.25116683039452287,0.07082069245126718,10,0.48079919457920833,0.06357627272315786,10,0.3607657763174051,0.07351407587609414,10,0.7373254313900393,0.03808583241933559,10,0.39430970049370356,0.07099533223589671,10,0.3356199966277532,0.0675639662788393,10,0.615167089795296,0.07410190665705602,10,0.33575494289398194,0.056010522918652585,10,1.8566058993339538,0.5608826952865501,10
nohidden_HO_T20_mixFP,0.25,0.2,12,0.33730800365039065,0.06816162273868905,10,0.5276227540158465,0.062431091242951056,10,0.3869153748679701,0.06614053511922198,10,0.8418037909314433,0.030589021599171116,10,0.29965976495294633,0.05041910078585332,10,0.31970656731194425,0.047121836800114295,10,0.556625394371016,0.04432926071957422,10,0.2845789805054665,0.036197823529588787,10,1.0477654039859772,0.1493843256063825,10
nohidden_HO_T20_mixFP,0.25,0.2,13,0.4662312800467368,0.030409468235060966,10,0.6050888513704382,0.03144835794133543,10,0.45617822527085794,0.037452917030276624,10,0.9026100529069112,0.018382294178023194,10,0.27325073495478214,0.07643747651167798,10,0.27051647141200125,0.033482628244508386,10,0.515833276839512,0.05399406642575191,10,0.22555868327617645,0.026379344168223934,10,0.7826638162136078,0.12171474015776847,10
nohidden_HO_T20_mixFP,0.25,0.2,14,0.44162766070958803,0.04351686851708667,10,0.5849775483454855,0.04830146428699693,10,0.4329244953645525,0.05727178083505382,10,0.9149885729783354,0.03494676548272491,10,0.28704464758744813,0.05246218146937346,10,0.2980386417076752,0.0418851805298006,10,0.6351082178210397,0.03770100727814844,10,0.261230556666851,0.03166768624296347,10,1.106992530822754,0.24326489576475094,10
nohidden_HO_T20_mixFP,0.25,0.2,15,0.47167960932683856,0.04078477091154481,10,0.604963215136093,0.05029833266492413,10,0.45415922166815903,0.062013017082470034,10,0.9174393126043234,0.014867767294224067,10,0.2835131972040403,0.0336770994007779,10,0.27326595433527934,0.04022926744646877,10,0.6260302963004926,0.06648825000677627,10,0.24177543818950653,0.028282818658812773,10,1.019319486618042,0.20165839694253704,10
nohidden_HO_T20_mixFP,0.25,0.2,16,0.48223488123366065,0.03467537599639852,10,0.6164489427214723,0.032032574711338496,10,0.47024223678662,0.03893750519657707,10,0.8989944476357639,0.023808362554590057,10,0.35397768483987124,0.0409465568193167,10,0.24941914755577738,0.027816093666005487,10,0.5994494054196086,0.04429464597651178,10,0.22260186672210694,0.022854502675243433,10,1.000305360555649,0.1830042622183596,10
nohidden_HO_T20_mixFP,0.25,0.2,17,0.4976570916158535,0.022838770777647975,10,0.6235092019968588,0.031071539534134322,10,0.4711877073950669,0.03707316965133365,10,0.9249379665636799,0.00738024797225852,10,0.22298639909453938,0.04610678010079601,10,0.2604193697732994,0.01913946464474325,10,0.6623697488449517,0.05436194549538681,10,0.22914190590381622,0.015572774061949594,10,0.9767387926578521,0.09510509713365661,10
nohidden_HO_T20_mixFP,0.25,0.2,18,0.5171205328904198,0.018129097637646606,10,0.6332727258470368,0.03236147456626044,10,0.4766851745377133,0.04046780723507675,10,0.9481849327011709,0.014298014604628697,10,0.40346300182393247,0.03871224926524871,10,0.2543337318518993,0.021638660524753165,10,0.625129636873818,0.050763960391382035,10,0.21148641109466554,0.012264481448205073,10,0.7869493901729584,0.0394460724833034,10
nohidden_HO_T20_mixFP,0.25,0.2,19,0.5692790140316311,0.015409403383804114,10,0.6730323995782815,0.028683608999815927,10,0.5248920609973954,0.037073445073993586,10,0.9407203954551269,0.006823883008343276,10,0.278711253559916,0.02644353442660217,10,0.21209374009862617,0.011266336254025821,10,0.6603451061589616,0.03869363212184188,10,0.1919362261891365,0.00838747812428009,10,0.8726817011833191,0.05145908641100646,10
nohidden_HO_T20_mixFP,0.25,0.2,20,0.5968839174683501,0.013448446800088117,10,0.6990237653865206,0.026322199906938567,10,0.5743016578482536,0.04250738451997393,10,0.8968417368942975,0.015997133714008266,10,0.2028344555538387,0.03053333327435123,10,0.16541465948438577,0.008329123606474706,10,0.5953518822452372,0.04189581200940278,10,0.16754183918237686,0.0037933137602059012,10,0.9375510275363922,0.05468353156249212,10
nohidden_HO_T20_mixFP,0.3,0.01,1,0.3615713428355722,0.10526213702694517,10,0.5177877705628425,0.07413095640881102,10,0.537632232690411,0.09941428569902545,10,0.5027055345801357,0.06072065104798083,10,0.9020505211482407,0.10942142101150736,10,0.14697260547752045,0.05072874379631607,10,0.38185181531495727,0.10334090556014167,10,0.18902495130896568,0.03735319151365698,10,0.7335196614265442,0.15428302236597727,10
nohidden_HO_T20_mixFP,0.3,0.01,2,0.5166775005335479,0.07682974448489954,10,0.6454832496197861,0.06237654777871393,10,0.581269622110572,0.09209745431301788,10,0.7354876576440291,0.055249035642045266,10,0.5719723550562756,0.066546273356742,10,0.11003315395920868,0.03904866714047277,10,0.36326231499771955,0.14329455088054585,10,0.1579602390527725,0.02643006236199411,10,0.5858363181352615,0.1565905070599507,10
nohidden_HO_T20_mixFP,0.3,0.01,3,0.44695295623551956,0.07574839349689069,10,0.6007828036978283,0.05256927624754318,10,0.47349893879188903,0.06449529426237299,10,0.8304420764373759,0.01725320518607275,10,0.1637662985661173,0.03452314317597734,10,0.23617605010531495,0.05374980677411541,10,0.4645307380424457,0.060882287483589266,10,0.22543887197971343,0.05188282777728681,10,0.9391162991523743,0.2785318187505199,10
nohidden_HO_T20_mixFP,0.3,0.01,4,0.4861991733414667,0.054854298658015464,10,0.6256516013572442,0.04485198331209365,10,0.5224386584268909,0.07583001398592439,10,0.793214127427777,0.0443631200770391,10,0.14760834555620242,0.04262817499018125,10,0.19839268064283005,0.04686284660698474,10,0.4097013028970963,0.08395917120991091,10,0.19037508219480515,0.02999958525071538,10,0.7595663845539093,0.169047417986859,10
nohidden_HO_T20_mixFP,0.3,0.01,5,0.4747624480044831,0.0923854667930083,10,0.6176819427883513,0.07394092300637005,10,0.5178698829807937,0.11414327067737501,10,0.786116787881553,0.03349111966410725,10,0.23103294170286692,0.03628393950975887,10,0.20459798948049807,0.06745900502032366,10,0.4502038702440149,0.13154548700435062,10,0.19646591395139695,0.04863353022678612,10,0.7957553535699844,0.26085646342903757,10
nohidden_HO_T20_mixFP,0.3,0.01,6,0.4503504608744434,0.12126593455302585,10,0.6018231981219309,0.0911844750773834,10,0.5249530088810059,0.12133084686438776,10,0.7184812777060766,0.0650811843036009,10,0.33294480073735355,0.060568152442311424,10,0.19342911809353694,0.06822041896570978,10,0.3978002493414848,0.1340768961165494,10,0.19444600641727447,0.04857565741411185,10,0.8287609577178955,0.2438383851468323,10
nohidden_HO_T20_mixFP,0.3,0.01,7,0.3859754988281722,0.0538514097572142,10,0.5618315736394381,0.043570650862962045,10,0.4602277452743846,0.05355095912432778,10,0.7284336625749501,0.0520357321871899,10,0.436081849510107,0.0776309439370213,10,0.2323059999377734,0.03890581401548846,10,0.48163580339821105,0.08669735588188149,10,0.23580976873636245,0.03982009810174411,10,1.225233244895935,0.34228642442056056,10
nohidden_HO_T20_mixFP,0.3,0.01,8,0.5071606584677684,0.07417353997620815,10,0.6404636317216774,0.04827649665874303,10,0.5972956697525242,0.06615719335472704,10,0.696061662861453,0.05836481853568375,10,0.408297461063251,0.16370506831126627,10,0.14589326452330012,0.05106353316970988,10,0.3258738428676312,0.07888397749870918,10,0.15958814173936844,0.037785345716128085,10,0.6402061462402344,0.18541251795932676,10
nohidden_HO_T20_mixFP,0.3,0.01,9,0.5366762161709955,0.06449745836000542,10,0.6599424999791814,0.05109583038563092,10,0.6110928192679911,0.0773892233380865,10,0.7244230263595448,0.048893797472957704,10,0.5546165253709008,0.12553704183562436,10,0.1336622336065479,0.03561317368096951,10,0.3451007295221638,0.09561130532992201,10,0.14383733421564102,0.022362698412959875,10,0.5540138125419617,0.11060164842034162,10
nohidden_HO_T20_mixFP,0.3,0.01,10,0.191519629185895,0.06082300295666691,10,0.44409301694725833,0.049325839279173334,10,0.343300316727272,0.051657473153398,10,0.634954041188758,0.040050348760419976,10,0.6314728423612459,0.045536841966859365,10,0.32744685170608767,0.042190817542269436,10,0.6409173825870282,0.06166359828391384,10,0.34613927602767947,0.038938011269367065,10,2.2097655296325684,0.36488940322137736,10
nohidden_HO_T20_mixFP,0.3,0.01,11,0.19001705294840782,0.047144638739305744,10,0.44230294108166807,0.04579558072926198,10,0.3437708649708519,0.05857571707794663,10,0.6329716768229054,0.03759892316357915,10,0.4462600183784839,0.08709710783306426,10,0.32896840096515556,0.0583349678587278,10,0.6271570499439862,0.06308972826915821,10,0.33680447936058044,0.05021633829304906,10,1.8777369856834412,0.5657704585925528,10
nohidden_HO_T20_mixFP,0.3,0.01,12,0.3511956273137459,0.05384376625316192,10,0.5386252787781485,0.05384318866259051,10,0.43486420487203425,0.05573358748569283,10,0.7109884584154226,0.052708621362314606,10,0.3476122879634767,0.05500789150273297,10,0.23092846496860114,0.02837685711640256,10,0.4854066275550881,0.05358586049805652,10,0.23706850707530974,0.02008065422353531,10,0.9241599142551422,0.11989428671676361,10
nohidden_HO_T20_mixFP,0.3,0.01,13,0.5154536372390893,0.03888746851144357,10,0.6474565002313235,0.03369044991455941,10,0.5721567000465222,0.04811189554604046,10,0.7502526028522307,0.04819520952933175,10,0.4026891542869929,0.10452615222683967,10,0.14543563659057973,0.034214376015354556,10,0.2946127868478008,0.06432642987474159,10,0.15966178327798844,0.021722932925138848,10,0.5580392599105835,0.09673941696824345,10
nohidden_HO_T20_mixFP,0.3,0.01,14,0.44550353366593676,0.0579335838896731,10,0.599679786151865,0.048828359807706646,10,0.48280848442485025,0.05671971730251647,10,0.7963809819989599,0.024980194497291643,10,0.40062257964407166,0.05528649706472634,10,0.2082771149190296,0.035648485276970295,10,0.47151803565680545,0.06812439680995756,10,0.22026085257530212,0.03234346852086697,10,1.23406320810318,0.38689387792574553,10
nohidden_HO_T20_mixFP,0.3,0.01,15,0.5055035543341204,0.023658548107526635,10,0.6380434119179759,0.031977309557656416,10,0.5169948731727949,0.046107665593427376,10,0.8376433672571952,0.01610296176390724,10,0.3487510591505265,0.04273130679513316,10,0.18561673867959202,0.023352584316132723,10,0.41253016610151877,0.04220560314552157,10,0.19099851846694946,0.016019637060768255,10,0.8947606146335602,0.2400227166810239,10
nohidden_HO_T20_mixFP,0.3,0.01,16,0.6042102860986253,0.04559728761378495,10,0.7110361344964131,0.02892642831348816,10,0.626185381480137,0.03829049408387378,10,0.8242148747312903,0.025405484907301167,10,0.4512496596969311,0.06059674242666793,10,0.1295357403467382,0.031127785560613963,10,0.35112535798573313,0.053689910795084166,10,0.13728405758738518,0.02776805793136691,10,0.6156143188476563,0.18025775773241473,10
nohidden_HO_T20_mixFP,0.3,0.01,17,0.6290069556509842,0.03209345634616709,10,0.7284109225874672,0.017671702864978434,10,0.641320672249118,0.02503937225195315,10,0.8436071802517313,0.014887310493294946,10,0.40432929683442886,0.06741346129187076,10,0.11896875889271855,0.02381753349330384,10,0.3875510530286438,0.026369849801921606,10,0.12375662699341775,0.019652642657466052,10,0.48184210658073423,0.06721176761157203,10
nohidden_HO_T20_mixFP,0.3,0.01,18,0.6635910325396694,0.024778814596403805,10,0.7524628311081158,0.011150544773071112,10,0.6632227151283748,0.012463902388886285,10,0.8697735676376995,0.018484552738215688,10,0.5777825562356782,0.08575977626755267,10,0.10670710251403008,0.019398772582067403,10,0.30656984311446733,0.026612551331270475,10,0.11266496032476425,0.017411344172312677,10,0.43822147250175475,0.08897726688892729,10
nohidden_HO_T20_mixFP,0.3,0.01,19,0.7829123583350313,0.029329464518878585,10,0.8402901209662337,0.013898258534454908,10,0.795699985328573,0.02521148672627918,10,0.8906641649496715,0.006222509428838413,10,0.4022588537907166,0.07097705988908529,10,0.05459291335333603,0.018255638402024252,10,0.30406959724868277,0.04124675059931524,10,0.06632766425609589,0.015241305200591637,10,0.23873391449451448,0.054098834380019396,10
nohidden_HO_T20_mixFP,0.3,0.01,20,0.8471670808842771,0.007009969230671495,10,0.8842853134336959,0.002914715822192271,10,0.9134434652111054,0.0026049025397867714,10,0.8569636843625856,0.006396733518022973,10,0.3953378694947919,0.07764208542423703,10,0.01994541660415389,0.005266797123240202,10,0.10332372590721264,0.01269253375851946,10,0.044483080878853797,0.006149999702632613,10,0.16743299961090088,0.029807777094049047,10
nohidden_HO_T20_mixFP,0.3,0.025,1,0.3781048553406749,0.10252745781525473,10,0.5288025622014997,0.0728797815448149,10,0.5530244937003432,0.0980354411524204,10,0.509755535172645,0.06048278891648871,10,0.9010277970008435,0.1087272052492954,10,0.13822894378784906,0.04724356866710584,10,0.359978672498361,0.1084127518889029,10,0.18187310174107552,0.03573752497985191,10,0.6929095089435577,0.14622123106817259,10
nohidden_HO_T20_mixFP,0.3,0.025,2,0.5271605167870279,0.07609986314788368,10,0.6525793547248813,0.06157382807853444,10,0.5934387304428698,0.09191942859339028,10,0.7341311695011086,0.0544308191964879,10,0.5790863532872793,0.06592338100338302,10,0.10165442276636319,0.03661329213574767,10,0.3456215617959979,0.14425042643859076,10,0.15213003009557724,0.025651598435648695,10,0.5575406491756439,0.1483041155686228,10
nohidden_HO_T20_mixFP,0.3,0.025,3,0.4493890213062747,0.0785849243257178,10,0.6025054054550335,0.054645623303837626,10,0.47628136526791176,0.067696161378607,10,0.8293454096119035,0.016896355626436446,10,0.17491691389773062,0.03641791966735353,10,0.2319688168554741,0.0556046219749714,10,0.4630559796099806,0.06742310846210722,10,0.22344203442335128,0.05277719528916726,10,0.9266002237796783,0.2779401102779061,10
nohidden_HO_T20_mixFP,0.3,0.025,4,0.49294655619340155,0.056725612013648015,10,0.6300188866975723,0.0471080405239843,10,0.5235569571762382,0.0774350758298677,10,0.8044647823930363,0.04120244281431759,10,0.14711872350555635,0.04477569841093832,10,0.1986063702332577,0.04850222190415477,10,0.4170892202134054,0.08767602365393559,10,0.18943387567996978,0.031429812088329186,10,0.7449097394943237,0.17125934218697622,10
nohidden_HO_T20_mixFP,0.3,0.025,5,0.48299738412310367,0.09057107448548819,10,0.6228472899791928,0.07353839046834999,10,0.5184412926437518,0.1122157589827068,10,0.8007995603732663,0.03232747341617038,10,0.2251862320661659,0.03746466661920153,10,0.2060768309528759,0.06756179376690578,10,0.4589642828365366,0.12807497277804816,10,0.19581131786108016,0.04837314675846547,10,0.7887848198413849,0.25879104464380615,10
nohidden_HO_T20_mixFP,0.3,0.025,6,0.46149054120448546,0.11734020082985415,10,0.6098227190691394,0.08869106086153732,10,0.5268648780833953,0.11754688498741593,10,0.7370157960250704,0.06101025756802097,10,0.32662478585745075,0.06126501231466236,10,0.19300802773980327,0.06719001171759464,10,0.4075888339839115,0.13172430545250643,10,0.19219095781445503,0.04789417937832157,10,0.8038251012563705,0.2362761827526662,10
nohidden_HO_T20_mixFP,0.3,0.025,7,0.40346430840247294,0.05430199117023409,10,0.5734657481794534,0.042784666674899476,10,0.46780949627564733,0.054178355396897915,10,0.7479780986042709,0.04521641818714327,10,0.4264285645951049,0.07616378457408142,10,0.2295530417152877,0.03950388304231048,10,0.48343706852670243,0.08532026161610581,10,0.23140522241592407,0.04031234297914116,10,1.1880054950714112,0.34025470103624544,10
nohidden_HO_T20_mixFP,0.3,0.025,8,0.5250185468337527,0.07402237248715113,10,0.6542362041147067,0.04734861436673951,10,0.6034393046751767,0.06780716493596825,10,0.7202338880614794,0.053442161554114034,10,0.4071299996260027,0.16275200015787172,10,0.1422084625098479,0.051221427198253976,10,0.3285330492380391,0.08553432282204178,10,0.1551230750977993,0.037723607860590556,10,0.6082876175642014,0.17644892782028174,10
nohidden_HO_T20_mixFP,0.3,0.025,9,0.563989250078633,0.06227248865042219,10,0.6799827911560039,0.04867557014971932,10,0.6282552012839372,0.07711971495938755,10,0.7477371435098603,0.041424442949198025,10,0.5514087719887619,0.13018521601033398,10,0.12653673922860362,0.03764112288442866,10,0.3347323888037851,0.09930289581050748,10,0.1368797816336155,0.022809886084594264,10,0.5263564079999924,0.1104969152713591,10
nohidden_HO_T20_mixFP,0.3,0.025,10,0.22253843421484548,0.059935794048397543,10,0.4623535081857442,0.048448049813199244,10,0.35858558697764564,0.052078714263248775,10,0.6571301042921232,0.0365888938346347,10,0.6278904451455299,0.0459380275525265,10,0.3126097582097124,0.04223209085953561,10,0.6221800652846554,0.06284247813820554,10,0.33254983723163606,0.038820291371284975,10,2.0992299199104307,0.3583389439537197,10
nohidden_HO_T20_mixFP,0.3,0.025,11,0.19689802729295985,0.04876424732129048,10,0.447330079789748,0.047190418559295164,10,0.34518082791722404,0.06023548256708421,10,0.6493845494942065,0.037184134064930055,10,0.4358048554226929,0.08547950694375461,10,0.33326320372157825,0.060040623871445535,10,0.6278630597323571,0.06402156401933039,10,0.3407853990793228,0.052113392560303416,10,1.9466850399971007,0.6069887680449838,10
nohidden_HO_T20_mixFP,0.3,0.025,12,0.3608301417019588,0.05523012321851575,10,0.5450024067195863,0.05444097200507172,10,0.4333825717084183,0.05762131701607878,10,0.7385223796902255,0.049193777719047566,10,0.333264428096473,0.04852159753320969,10,0.24041465646515814,0.030512307828276776,10,0.4848427345101912,0.0534873634983726,10,0.23889760971069335,0.021608828632213955,10,0.9204005837440491,0.1235441308180999,10
nohidden_HO_T20_mixFP,0.3,0.025,13,0.5272435548004044,0.038235061146058257,10,0.6561369467980891,0.030713677887428455,10,0.5683187524491673,0.046058751407603495,10,0.780625827123665,0.04207807703907533,10,0.38662343682095424,0.10211482316978282,10,0.15589407593186397,0.035087666875880316,10,0.30883713738723734,0.06437914162756816,10,0.16092968583106995,0.023391639333894727,10,0.563584715127945,0.10313481729385862,10
nohidden_HO_T20_mixFP,0.3,0.025,14,0.4585794967546377,0.05563915542280496,10,0.6069650832283975,0.04755755967892312,10,0.48249891336069045,0.05603588605428828,10,0.8240299944230325,0.025397061959557377,10,0.38277242364091457,0.05315462466921702,10,0.21688605171505454,0.03410210175192639,10,0.4632368964950778,0.056468579689566596,10,0.22018382996320723,0.031713487870732984,10,1.199318677186966,0.3843126700315111,10
nohidden_HO_T20_mixFP,0.3,0.025,15,0.5098311433937683,0.02286712372604316,10,0.6388869767396053,0.03264596299776259,10,0.5093325092045605,0.04805654049681852,10,0.8627629750741418,0.01990982430120974,10,0.33131832313633663,0.0372370915722691,10,0.19904616157630411,0.026243513981837566,10,0.44556863460798535,0.04634608368634048,10,0.19502184092998504,0.016735682562240926,10,0.8942198157310486,0.23701921803691434,10
nohidden_HO_T20_mixFP,0.3,0.025,16,0.6017212791262749,0.04567561308168163,10,0.708223293680075,0.028673481320600155,10,0.6071653615630422,0.03560513491365668,10,0.8510536953110192,0.02318516449669052,10,0.42317077803922115,0.052981306384105205,10,0.14483424902298087,0.0286277810083518,10,0.3916734846493566,0.05062906746308959,10,0.14271937906742097,0.027370626501409784,10,0.6344830691814423,0.17868681560933494,10
nohidden_HO_T20_mixFP,0.3,0.025,17,0.6284844862252197,0.031130386871356257,10,0.7267591275518147,0.016879532331000813,10,0.6247084950313143,0.02196442484303152,10,0.8691106396736048,0.010415341200719694,10,0.37383943875737263,0.06281764644882636,10,0.13246115745322623,0.02104717095866194,10,0.42855552995991963,0.025400045490585398,10,0.1281974159181118,0.018909404342879552,10,0.49559202790260315,0.06633492616766777,10
nohidden_HO_T20_mixFP,0.3,0.025,18,0.6618853414048934,0.02201155802865946,10,0.7495902845712523,0.009272780787938575,10,0.6454449697784445,0.010641909506954607,10,0.8940584237781316,0.015118550421525262,10,0.5531788280997091,0.07862009621883183,10,0.12108822578049554,0.0156768660388125,10,0.3562308840082378,0.021769223951395817,10,0.11646158993244171,0.015797832526851317,10,0.44126910865306856,0.08024696390696526,10
nohidden_HO_T20_mixFP,0.3,0.025,19,0.7673697061993402,0.025337561909578202,10,0.8284233789679571,0.010760995319732175,10,0.7650563415132847,0.017102240510702398,10,0.9034358161440466,0.004079859816691773,10,0.3840366230942168,0.06342014740638047,10,0.06831605676390215,0.01603166911781563,10,0.36041919470907896,0.02174494439432431,10,0.07326513715088367,0.014367455715860473,10,0.2652276545763016,0.052590645920654405,10
nohidden_HO_T20_mixFP,0.3,0.025,20,0.8282054400928756,0.006824590934042976,10,0.871557141343599,0.00310032531281083,10,0.8779804815399963,0.005571978187034138,10,0.865284803270481,0.006696433406606782,10,0.37538784811219295,0.0728939768490123,10,0.027065358771469233,0.005521076346239212,10,0.17462719754204015,0.010209578983763339,10,0.05076074004173279,0.0065341249300197276,10,0.1959109991788864,0.0337174666139806,10
nohidden_HO_T20_mixFP,0.3,0.05,1,0.4063935995573174,0.09783733727005407,10,0.5481482399056905,0.07063358666008736,10,0.5790598020486908,0.09524277612430251,10,0.5232115932742794,0.06007310406091244,10,0.8977705284757704,0.10826858078380082,10,0.12402056505026524,0.04163112569997626,10,0.32674883289500284,0.11131404945494354,10,0.17022988125681876,0.03299743080707077,10,0.6304257243871689,0.13205427571223285,10
nohidden_HO_T20_mixFP,0.3,0.05,2,0.5418011362772324,0.07369305848130278,10,0.6624534278864391,0.059579968069919755,10,0.6109022335281123,0.09099279875071317,10,0.7321299851033514,0.05279710892800161,10,0.5891260674626475,0.06515662506106104,10,0.08966627030676103,0.03308369705925771,10,0.31465641050585186,0.14172222256683342,10,0.14334165006875993,0.024239609096762958,10,0.5139891326427459,0.13361135806974636,10
nohidden_HO_T20_mixFP,0.3,0.05,3,0.4565570081253246,0.08232112947340639,10,0.6074375787854616,0.057554313400788364,10,0.48364623755744834,0.0726737824852283,10,0.8270697753143288,0.01605616981555383,10,0.1949128654595475,0.04050577805000448,10,0.2227433143993694,0.05755024775560569,10,0.45154889734900083,0.07860866586722136,10,0.2182345524430275,0.053025224410669494,10,0.8969237744808197,0.2725124478911081,10
nohidden_HO_T20_mixFP,0.3,0.05,4,0.5043585540564853,0.057237360178955185,10,0.6373324401448253,0.049178073798514944,10,0.5262194332115164,0.0782709642024839,10,0.8213311443548464,0.034902058365626105,10,0.15049986834260998,0.0492755759426996,10,0.19747535471103425,0.04990010623679489,10,0.43340183234473423,0.09195776174556271,10,0.18713386505842208,0.032847037912466674,10,0.7200384914875031,0.17124372766899834,10
nohidden_HO_T20_mixFP,0.3,0.05,5,0.4923787417110592,0.087211759898608,10,0.6283965115754955,0.0723959586008759,10,0.5167730138606609,0.10812032263710118,10,0.8219767216791001,0.03027597538160653,10,0.2186244810850504,0.04006384650491077,10,0.2100299477126682,0.06716212133513637,10,0.47501679149536624,0.12259025018684847,10,0.1964446298778057,0.047857873785711186,10,0.7871745824813843,0.2561570949356699,10
nohidden_HO_T20_mixFP,0.3,0.05,6,0.47619050699598836,0.11085922141658544,10,0.6200917615388986,0.0845615815186106,10,0.5271874759475328,0.11124654552708778,10,0.7657170745407712,0.054276523955684206,10,0.3156337684632274,0.06187706233882093,10,0.19456616506163776,0.06546713775182267,10,0.42839957889948577,0.12419263675259061,10,0.1899995520710945,0.04692250542019662,10,0.7721782594919204,0.22469346019078937,10
nohidden_HO_T20_mixFP,0.3,0.05,7,0.42641486295286757,0.05355443066110805,10,0.5884649731479709,0.04115299555188221,10,0.47644182327619855,0.05348384875954277,10,0.7759774425573275,0.03458664704490189,10,0.4119785766378974,0.07379445835250524,10,0.22704609699871153,0.03974955693641938,10,0.49554055177189993,0.07801663543220286,10,0.22580386102199554,0.040395956206810295,10,1.1315659284591675,0.33352488450061685,10
nohidden_HO_T20_mixFP,0.3,0.05,8,0.54531821614721,0.07098992173967013,10,0.6698778680359794,0.04454719346544159,10,0.6047006171242952,0.06565177723548754,10,0.7563013673447463,0.04456461336109267,10,0.40121883275124687,0.15781771717732035,10,0.1404535722179204,0.04999423204159306,10,0.3435125878105474,0.08602337121608834,10,0.15076223090291024,0.037013411716277964,10,0.5728139042854309,0.1615153256199733,10
nohidden_HO_T20_mixFP,0.3,0.05,9,0.5930024042988098,0.05808424775212442,10,0.7015234454389982,0.0453182934569405,10,0.6415349605688284,0.07295137559550552,10,0.7795949661113897,0.031436301642114216,10,0.542296293445369,0.13481122946927715,10,0.12196801900533275,0.03827559603892032,10,0.33017307425472403,0.09639049342034703,10,0.1302572265267372,0.02325112329052832,10,0.5005900442600251,0.11179356955513199,10
nohidden_HO_T20_mixFP,0.3,0.05,10,0.26081260669200534,0.05802618555360629,10,0.48524617613893717,0.047385035487348376,10,0.37707525405982056,0.05239574178156787,10,0.6870761183261986,0.031899355069308216,10,0.6179400201690157,0.04719704396135095,10,0.2956766043014913,0.04155276329703227,10,0.5950864678009609,0.06367426682680562,10,0.3157107412815094,0.03812322567917105,10,1.9309836268424987,0.3450876771967846,10
nohidden_HO_T20_mixFP,0.3,0.05,11,0.20434259238380975,0.050362278318327736,10,0.4525962742311462,0.04949387152466866,10,0.3461854888305626,0.0622237350505681,10,0.6684185844093188,0.03714395366230728,10,0.4201926089984817,0.08108150894133807,10,0.3381778276148454,0.060858903377829274,10,0.6285778204905897,0.06518342442266112,10,0.3447106271982193,0.05259939349845582,10,2.0048333048820495,0.6288205012579711,10
nohidden_HO_T20_mixFP,0.3,0.05,12,0.3635201618846423,0.055795761702768336,10,0.5465042461564094,0.05525937131715377,10,0.4271668995603398,0.05916583949621938,10,0.7638578978458639,0.045002816950065916,10,0.3153241112267468,0.04417272671931049,10,0.2539125557292294,0.032676924435004966,10,0.488004189518661,0.05191272947605508,10,0.2436244159936905,0.022504856489377112,10,0.921582293510437,0.12491719882177152,10
nohidden_HO_T20_mixFP,0.3,0.05,13,0.533566108800877,0.038262871731746854,10,0.6603311553457074,0.028037186314607315,10,0.5592923287491509,0.043167063195826846,10,0.8102522786364977,0.036139416778895206,10,0.3639690571767338,0.09796685012856947,10,0.17020133123517894,0.0354100070175527,10,0.32792715784562004,0.06510948605341282,10,0.16460458040237427,0.025155037857916503,10,0.5762017607688904,0.10911790116060191,10
nohidden_HO_T20_mixFP,0.3,0.05,14,0.46514730216521205,0.0532731028299661,10,0.6095432195575557,0.04639808984883038,10,0.47810997446285103,0.055114573582753824,10,0.8476127538032652,0.02870599599842475,10,0.365498228403241,0.05035189269234166,10,0.22814042575970275,0.032610657467009425,10,0.47002111880616254,0.04965398827781912,10,0.22261263728141784,0.030750031795386955,10,1.1546813249588013,0.3796023754409187,10
nohidden_HO_T20_mixFP,0.3,0.05,15,0.5035139576418406,0.02454442118103924,10,0.6324156123743574,0.035864770637387126,10,0.49598871431786257,0.05163776421730853,10,0.8799716648063312,0.022588965252813592,10,0.31578543071797094,0.03430866977931979,10,0.21561040841560697,0.02985787760058787,10,0.4967129855860824,0.05386263333965508,10,0.2033735290169716,0.01818131317960948,10,0.9003194332122803,0.23005332196041955,10
nohidden_HO_T20_mixFP,0.3,0.05,16,0.5840839955097359,0.04210750264641138,10,0.6939542881606361,0.027188266788881487,10,0.5784783128328213,0.032932497608166696,10,0.8685103899250042,0.02325796488819537,10,0.39456673568455625,0.04483598312189432,10,0.16529838715406703,0.025832898026203345,10,0.4451430986428325,0.04853299804482787,10,0.15428873002529145,0.025540400105759233,10,0.6791527479887008,0.17315199695669964,10
nohidden_HO_T20_mixFP,0.3,0.05,17,0.6128750996994087,0.02653968728948833,10,0.7136218331994044,0.016128589774865927,10,0.5973884699145272,0.02075372377242326,10,0.8865003234776205,0.009620874263917487,10,0.338160193932706,0.05584173845703499,10,0.15212306002462656,0.017488512935825807,10,0.47878769612983757,0.0334021975953142,10,0.1395365796983242,0.016670653738909108,10,0.5392165452241897,0.06072807664303834,10
nohidden_HO_T20_mixFP,0.3,0.05,18,0.6451131386501028,0.01678302202578864,10,0.7351702082783778,0.00961757567250248,10,0.616518206635801,0.01401858362662708,10,0.9108912847174079,0.015253521037232742,10,0.522975954377644,0.06763937416048943,10,0.14110265681933312,0.010835306652390539,10,0.41617907172693025,0.029338935498780833,10,0.12627657130360603,0.012776949530960799,10,0.4641715049743652,0.06718540608994396,10
nohidden_HO_T20_mixFP,0.3,0.05,19,0.7370742108882155,0.018528614451835634,10,0.8049524798319719,0.006299457022701637,10,0.719863610133857,0.008511655460123235,10,0.912906414022714,0.004706569013393069,10,0.3637584633888009,0.05272581395396451,10,0.08888354492919773,0.012693521280015135,10,0.42451591255901144,0.008057706366843304,10,0.08708688542246819,0.012557589399466024,10,0.3217704206705093,0.04832457576005015,10
nohidden_HO_T20_mixFP,0.3,0.05,20,0.7934164116634992,0.005656997519091882,10,0.8468906065073799,0.004824605467109419,10,0.8226829009533658,0.012609590308520805,10,0.8727838655602758,0.008671855011306628,10,0.34517326851682756,0.06573502509562214,10,0.04312158581026335,0.004714967703968566,10,0.2684164813766853,0.019058832789139765,10,0.06342450119554996,0.006735724486026654,10,0.25641549527645113,0.03922427385788061,10
nohidden_HO_T20_mixFP,0.3,0.1,1,0.46466211307343414,0.08536500586818045,10,0.5896411027059025,0.06350803229908442,10,0.6311937559716834,0.08622291647271269,10,0.5556249085869365,0.05695485045110804,10,0.8859969844501713,0.10897302790056494,10,0.097752187080309,0.030737730913526103,10,0.26803196705670174,0.0957165384676476,10,0.14860306978225707,0.026858164175933022,10,0.5258533775806427,0.1008452950052075,10
nohidden_HO_T20_mixFP,0.3,0.1,2,0.5677345581300546,0.06656892085225583,10,0.6799773916385434,0.054142573827112975,10,0.6423214752162064,0.08696805951083973,10,0.7296956010887612,0.0491352335628808,10,0.6097437242658451,0.06469098404083869,10,0.07263288036087048,0.025858662304226246,10,0.26159519213163474,0.1311388587759381,10,0.12843647599220276,0.02082070654645152,10,0.44128850996494295,0.10201102288720318,10
nohidden_HO_T20_mixFP,0.3,0.1,3,0.47623462610245915,0.08155654560694495,10,0.6208279433732449,0.05780467506243703,10,0.503158549991142,0.07620185683747054,10,0.8211194731280707,0.015142053558440735,10,0.23739820960093444,0.04967840257281307,10,0.19862732228161645,0.05714567876929337,10,0.4218671620379976,0.08720732645449612,10,0.20308057814836503,0.04882190107926205,10,0.8117147386074066,0.2454411385353408,10
nohidden_HO_T20_mixFP,0.3,0.1,4,0.5264295533969015,0.05157021099313322,10,0.651646948240902,0.04787614240690204,10,0.5349067746206456,0.07455502852374651,10,0.8454771763942661,0.023040980261631237,10,0.17654483239637972,0.05958428314522932,10,0.1893386075714843,0.04833736080630332,10,0.4551369385623289,0.08615497725110643,10,0.17983179688453674,0.031627114534217314,10,0.6675886958837509,0.15382576998193348,10
nohidden_HO_T20_mixFP,0.3,0.1,5,0.5014164488643971,0.08063470345115127,10,0.6330550065990633,0.0689427084564963,10,0.5104308392712075,0.09829913650137845,10,0.8516224630681769,0.024776116779342244,10,0.21569348023660787,0.04703130842869021,10,0.21824656243932522,0.0649259004975829,10,0.5088869702543797,0.10768483049026653,10,0.20036572217941284,0.04701655325936137,10,0.7983605563640594,0.25220093717381803,10
nohidden_HO_T20_mixFP,0.3,0.1,6,0.4937884779026989,0.09824824545896624,10,0.6313390540118771,0.07652227636061225,10,0.5214461020559322,0.09878670745256445,10,0.8121392181700419,0.04051505613107295,10,0.2989404546690777,0.06434078609399228,10,0.20152091293189262,0.06237577224721558,10,0.4756389968178171,0.10321188708657125,10,0.18996782675385476,0.04541232028589568,10,0.7398372650146484,0.20650348889198925,10
nohidden_HO_T20_mixFP,0.3,0.1,7,0.45685223242152767,0.04926788936234352,10,0.6075693695781252,0.03692382459513031,10,0.48573956477836944,0.04865334378968448,10,0.816378234878863,0.018693124246155674,10,0.38760721264539033,0.07061717925723521,10,0.22538986998218552,0.03865664128208825,10,0.5221492516520959,0.0630618473973273,10,0.21820655465126038,0.03903694528935264,10,1.0349935173988343,0.3061902072957003,10
nohidden_HO_T20_mixFP,0.3,0.1,8,0.5674007466062523,0.06038064103164782,10,0.6855095552168673,0.03679222410652363,10,0.5955556795530658,0.055083572428695764,10,0.8120795193374886,0.032764653364543476,10,0.3919923022457973,0.14209368466377464,10,0.14509798738139687,0.0474791142837188,10,0.3806474521810767,0.0829137194434089,10,0.14803676605224608,0.03498706000774314,10,0.5401206016540527,0.1392657745516128,10
nohidden_HO_T20_mixFP,0.3,0.1,9,0.6183682375728438,0.05125646408592472,10,0.7201659254549896,0.03997460874250928,10,0.6422334927499975,0.060810986932794256,10,0.8236139255264279,0.02461775227180156,10,0.5245639327462693,0.14100415730510676,10,0.12496310398600878,0.03664822690445029,10,0.34835785440427686,0.08106960841596078,10,0.12713189348578452,0.024251023213839786,10,0.49125640392303466,0.11949410252488371,10
nohidden_HO_T20_mixFP,0.3,0.1,10,0.31417456599967103,0.05322085927105568,10,0.5174312264001492,0.04524134161952513,10,0.4021677735116055,0.051779377470656036,10,0.7318667924364767,0.02459095451043159,10,0.5972418781695522,0.047952724960746325,10,0.27348562993140063,0.03872561862873438,10,0.5699878826423654,0.055170455044119486,10,0.290911091864109,0.035654744255771476,10,1.6314976811408997,0.3032981571854353,10
nohidden_HO_T20_mixFP,0.3,0.1,11,0.21729481124623273,0.054526164176865295,10,0.46092444945544014,0.053520712347314675,10,0.348878838156038,0.06535544805212275,10,0.6946433261389203,0.03619434675337593,10,0.40182414750697804,0.07222623852213565,10,0.34137993512405557,0.06129453085119936,10,0.6250514200656937,0.06630410251109686,10,0.34607241451740267,0.05206959259109562,10,2.01232225894928,0.6144199999752737,10
nohidden_HO_T20_mixFP,0.3,0.1,12,0.3568834050500751,0.06021482786392661,10,0.5415549379212063,0.058469868100830526,10,0.41268518139784566,0.06291637981833197,10,0.7953723703566903,0.03905874423257795,10,0.29337669779240105,0.04144300631643108,10,0.27706687707290545,0.03791713973566631,10,0.5053868501129635,0.049629880078928865,10,0.25585142970085145,0.026076648340890657,10,0.9450734853744507,0.12629169805020235,10
nohidden_HO_T20_mixFP,0.3,0.1,13,0.5246161048563384,0.03466233760405428,10,0.6521412155838645,0.02510485591689107,10,0.5311928365085853,0.03802156433328852,10,0.8483058274158249,0.028923481675646658,10,0.3275108779350533,0.08785928446092921,10,0.19852150966611562,0.034550565021016146,10,0.3865815899989667,0.05822898588644586,10,0.1773558095097542,0.02597448381737323,10,0.616935795545578,0.1122479508132802,10
nohidden_HO_T20_mixFP,0.3,0.1,14,0.46290912324599576,0.0480687264639379,10,0.6048328671748577,0.045158036703047605,10,0.464349900148781,0.054471707129040696,10,0.8760819629743374,0.034051406208083064,10,0.33788488863361027,0.04918787205306559,10,0.2500661100045819,0.03172078222458017,10,0.5197096068640212,0.04227565566225612,10,0.2318398982286453,0.02830855951699751,10,1.0882752895355225,0.3548768094828413,10
nohidden_HO_T20_mixFP,0.3,0.1,15,0.48602943421572953,0.030702554370130666,10,0.6179855332250158,0.04247916509073156,10,0.47468968746807744,0.05757211780756601,10,0.8953317096286402,0.02206159317607497,10,0.30081511625046803,0.03374329720068142,10,0.23994312822488836,0.03519984062197808,10,0.5632156704323451,0.06572005559422597,10,0.21918636560440063,0.022240185728637278,10,0.9176501572132111,0.21414146107163928,10
nohidden_HO_T20_mixFP,0.3,0.1,16,0.5452003625911586,0.0354996799499299,10,0.6636639451143059,0.027004351517605146,10,0.5323235031810032,0.033970530156441976,10,0.8834488621353674,0.023507115904530418,10,0.3662515432928515,0.037435756593079406,10,0.19745550537737772,0.024268308942239396,10,0.5171475117236608,0.04708080853977601,10,0.17768383473157884,0.022329985839799196,10,0.771365350484848,0.16473823742685212,10
nohidden_HO_T20_mixFP,0.3,0.1,17,0.5741692959053932,0.020207352875071763,10,0.6826564267880403,0.020190951615257406,10,0.5492665933813002,0.027096055828948525,10,0.9029639335011839,0.009429117015960612,10,0.2924133870595427,0.0489411828217694,10,0.1873857940515995,0.014048145004269645,10,0.5534054931525884,0.04926900783695562,10,0.16612168699502944,0.012995101183487798,10,0.6536818444728851,0.05661051496465811,10
nohidden_HO_T20_mixFP,0.3,0.1,18,0.6017992135591366,0.008910348457281116,10,0.6999643034954989,0.017792457079899043,10,0.5630825610071679,0.026792226550415243,10,0.9266175629873855,0.016089094848700254,10,0.4778108146623081,0.050501854276065,10,0.17726983106241176,0.00890391955343986,10,0.5040068763940282,0.044124665137641704,10,0.15079147070646287,0.0065548860574397945,10,0.5414568305015564,0.039186599104409074,10
nohidden_HO_T20_mixFP,0.3,0.1,19,0.6740047694679763,0.008231996603174384,10,0.7555911550992079,0.012645568840876248,10,0.6403118031984852,0.020337529501581176,10,0.9221622060694775,0.006722750656211204,10,0.33505587859896785,0.037354959593476636,10,0.12963616981178155,0.006781113638027868,10,0.5194112067628279,0.029417085654017974,10,0.11954823210835457,0.008158377832938912,10,0.46752640306949617,0.034755113280124615,10
nohidden_HO_T20_mixFP,0.3,0.1,20,0.7186215867484418,0.00524760388280106,10,0.791636954879432,0.012207274352256192,10,0.7193170525823707,0.027218492351252326,10,0.8812194916724382,0.012778459020974728,10,0.2935530725326091,0.051832903259206,10,0.08258059929105818,0.0013822335957273536,10,0.40909575974554435,0.033009046623451443,10,0.09510467872023583,0.005477538696240132,10,0.4213400989770889,0.0445164221423182,10
nohidden_HO_T20_mixFP,0.3,0.2,1,0.5568690867311948,0.042171494167499886,10,0.6623103837092426,0.036126027307927994,10,0.6936946135476726,0.05501398094884254,10,0.6358020488461354,0.039652393869377946,10,0.818516814456949,0.12025954337570016,10,0.0634241872709585,0.010970501729817533,10,0.18709556432653884,0.0719457796732505,10,0.12076662853360176,0.010619678229234613,10,0.40757775902748106,0.03333080553897053,10
nohidden_HO_T20_mixFP,0.3,0.2,2,0.6130699972306762,0.04506330182453629,10,0.7119523467358532,0.03823958357310042,10,0.692340024753795,0.0669271230824396,10,0.7371796884695406,0.03885168751847208,10,0.640798634671867,0.06353482977639205,10,0.05874623538935712,0.015409602384114242,10,0.21750869304163628,0.08511782519541025,10,0.10857321545481682,0.012145936271869011,10,0.35883943140506747,0.04390746033668594,10
nohidden_HO_T20_mixFP,0.3,0.2,3,0.5204227134864168,0.0512304892692485,10,0.6509540347673732,0.0399009722248079,10,0.5478158199219685,0.0591896043251926,10,0.8077741258968805,0.015660222215632773,10,0.3534650672067051,0.0604520534661571,10,0.14830282215275079,0.041482216083850075,10,0.39749802041605853,0.05659931555445511,10,0.1685795783996582,0.03278552070488281,10,0.6135572463274002,0.1582342093201314,10
nohidden_HO_T20_mixFP,0.3,0.2,4,0.5561906136744412,0.032647209827528195,10,0.6725197550781367,0.0356673938140818,10,0.5566509957707082,0.05793063647685767,10,0.8567582077871048,0.023432951668142143,10,0.2845623000141556,0.06707946770982594,10,0.16144970853553775,0.03797802761892749,10,0.4737504482665262,0.06953058970267241,10,0.16295135915279388,0.022375512265788235,10,0.5785160213708878,0.09685107223076622,10
nohidden_HO_T20_mixFP,0.3,0.2,5,0.5121258831265185,0.06378422704836065,10,0.6391198762708179,0.05727070480944768,10,0.5072588737301904,0.07726394777808639,10,0.8759183000271997,0.01332805184238431,10,0.24815286298868205,0.056093153165454705,10,0.21702742140027853,0.054051336393560356,10,0.5587358572740966,0.07102762228031079,10,0.2010747790336609,0.03954031681897257,10,0.7868940204381942,0.20620125317247076,10
nohidden_HO_T20_mixFP,0.3,0.2,6,0.5153303753299154,0.06466337728620676,10,0.6416860821822902,0.05686091542482032,10,0.5100213567932619,0.07407542835653082,10,0.8756104675431612,0.02013017917832017,10,0.30266632816821265,0.06807825534922261,10,0.21300163112911857,0.050601609522062746,10,0.5553843371166326,0.06976712990502422,10,0.19259285032749177,0.0362780304845088,10,0.7224411129951477,0.1578854070075079,10
nohidden_HO_T20_mixFP,0.3,0.2,7,0.4844945306087685,0.03589469866456234,10,0.6226841866631774,0.028305138555283188,10,0.4878219838049872,0.03690909849341959,10,0.8642346298158353,0.013442078515903745,10,0.35795356122120436,0.062363211927220115,10,0.228650496290022,0.031045181213229394,10,0.5814024056323653,0.040536706425696276,10,0.21295925080776215,0.028829451657327372,10,0.9277518153190613,0.20178237892422515,10
nohidden_HO_T20_mixFP,0.3,0.2,8,0.5764645950071238,0.037352775644591184,10,0.6873716730639631,0.023683459842190897,10,0.5660045533980987,0.04083592347010489,10,0.8796677798789917,0.027601036557144246,10,0.3927829306961139,0.11325916291108992,10,0.16646785843640763,0.04331634675080553,10,0.47983551777712063,0.06765733894245222,10,0.15608288198709488,0.029234967317759125,10,0.5650837749242783,0.11315204310950369,10
nohidden_HO_T20_mixFP,0.3,0.2,9,0.6057402030546603,0.044358795397738446,10,0.7093809292755698,0.032883341977419475,10,0.599674709460302,0.04516592458750346,10,0.8711272509029021,0.02187717658370981,10,0.4958749914082425,0.1387186204554819,10,0.1505657751209874,0.03486595149125222,10,0.4592901284703478,0.0677477239829763,10,0.14323361814022065,0.027427053378863156,10,0.5653473913669587,0.13533248053038704,10
nohidden_HO_T20_mixFP,0.3,0.2,10,0.3867132701271219,0.044324724058802834,10,0.5610323499781088,0.04208139002936605,10,0.43520846315850326,0.05004853524919104,10,0.7954865258748806,0.018788047805129094,10,0.5473701928090698,0.049708293879481634,10,0.24491094510198597,0.02971377557843528,10,0.5998965107238118,0.05563167714448643,10,0.251165971159935,0.02748536201865567,10,1.1383877336978911,0.18325915668783122,10
nohidden_HO_T20_mixFP,0.3,0.2,11,0.2561901507760478,0.06312428648745261,10,0.4833578816352178,0.059349825777686674,10,0.3634620479162645,0.07046483181380801,10,0.7376526057858975,0.035424574888863185,10,0.39182763889221395,0.06789898427099589,10,0.32922075153592245,0.06360665814121953,10,0.6129563812634778,0.07132795229543001,10,0.33099825531244276,0.051831319583305564,10,1.7994591116905212,0.5029915458414136,10
nohidden_HO_T20_mixFP,0.3,0.2,12,0.3527578275516625,0.062480019159853066,10,0.5363095656632103,0.0598121469039717,10,0.3953254201954988,0.06582616910420035,10,0.8466125344462412,0.02759802771689052,10,0.28188445741146967,0.049252672270076334,10,0.3107808613242412,0.04839680330524852,10,0.5484061686583287,0.04600864897433581,10,0.2753853440284729,0.0352241883393006,10,0.9922045767307281,0.13359421552739317,10
nohidden_HO_T20_mixFP,0.3,0.2,13,0.47325992650674814,0.028045694576539965,10,0.6108007522415612,0.030951139246156268,10,0.4645537964642383,0.03715417303040756,10,0.8951847182343735,0.01609337699463668,10,0.28310805437889514,0.07290726901461222,10,0.2583937336669756,0.03042781585732322,10,0.5127015563397203,0.04998377950142017,10,0.21799290776252747,0.02285055576327466,10,0.7536762177944183,0.09869798383735233,10
nohidden_HO_T20_mixFP,0.3,0.2,14,0.4422380477319326,0.03979480347760775,10,0.5865612519679406,0.045372823154872816,10,0.4362428192106436,0.05481035250550108,10,0.9071220036820614,0.034343158755676804,10,0.2990287267093284,0.048602590021522764,10,0.2884876954162684,0.038969517006041565,10,0.6234032352017025,0.03620452179733336,10,0.2562233731150627,0.029194570259124527,10,1.0784041047096253,0.237091731104606,10
nohidden_HO_T20_mixFP,0.3,0.2,15,0.4681074948785099,0.036507191509017656,10,0.6036807936555556,0.047337769569062896,10,0.4545358994057409,0.05940469447491469,10,0.9096432835721711,0.016685161858267794,10,0.2934851898345332,0.03361060536990249,10,0.2681427716012483,0.03791909967174753,10,0.6197674151468012,0.0665363429439613,10,0.2395982563495636,0.026053289091885447,10,0.9934938132762909,0.18427327603036528,10
nohidden_HO_T20_mixFP,0.3,0.2,16,0.4952645989926296,0.03146952164798012,10,0.6260671430066643,0.031229523924812378,10,0.48308761227550184,0.04018433635868279,10,0.8939645297278229,0.022991733997792092,10,0.3719210395567206,0.04266285039584106,10,0.23418015403733933,0.027356460837121687,10,0.5830611340664051,0.042616108363259006,10,0.2114371255040169,0.020832643545891066,10,0.9202054142951965,0.15141100356528853,10
nohidden_HO_T20_mixFP,0.3,0.2,17,0.5116116249255531,0.020223275976737128,10,0.6348335196862014,0.029552167994715356,10,0.4869595846916125,0.037140695370225206,10,0.9152324871792514,0.0088776288909297,10,0.26386795649959305,0.04662772683797219,10,0.23932980638780715,0.01837339430535521,10,0.6388970281533688,0.05475759058407463,10,0.21436087638139725,0.014096136993200368,10,0.8998377680778503,0.08413654907184576,10
nohidden_HO_T20_mixFP,0.3,0.2,18,0.5291372142460696,0.015747175270220855,10,0.6440701859765985,0.030787447561974712,10,0.4925213944201784,0.04055018712302712,10,0.9353220311848227,0.0164544554946248,10,0.4344988899711109,0.03363925478916415,10,0.2331078656693001,0.0201770739232578,10,0.6034739045366008,0.05136535692310418,10,0.19931791424751283,0.010593958831799246,10,0.747139972448349,0.040019381640278365,10
nohidden_HO_T20_mixFP,0.3,0.2,19,0.5698774302936898,0.014004584456424,10,0.6755686244903295,0.02762185209633367,10,0.5325579136312956,0.03727558715611532,10,0.9266836831568724,0.008600170010682204,10,0.30632495210318,0.025828712170098928,10,0.20072667562999671,0.010944252005964274,10,0.625461375562548,0.04092836633705733,10,0.18549316972494126,0.007606359733031021,10,0.821909737586975,0.04423576677619254,10
nohidden_HO_T20_mixFP,0.3,0.2,20,0.586017746363417,0.011674623113377719,10,0.6922330531147085,0.024935260642822223,10,0.5702736377527394,0.041662853192527945,10,0.8845030168055306,0.01806749400900085,10,0.22644926230569218,0.03255737427706631,10,0.16448471067144102,0.00818429967904678,10,0.5603642518539849,0.042491078330425265,10,0.16852738112211227,0.0043123657703060345,10,0.8888290584087372,0.05171530960468324,10
nohidden_HO_T20_mixFP,0.35,0.01,1,0.3342506891029876,0.09328733686756377,10,0.49546233189725103,0.06385366467907258,10,0.5195555395631247,0.09170737009263256,10,0.47711579328258835,0.0503029887398298,10,0.9047397855894156,0.10972481794181095,10,0.15572302846765287,0.04969026463258056,10,0.40259765589076385,0.0894208232232152,10,0.19741137623786925,0.035233551427648876,10,0.7749766170978546,0.1511420851606781,10
nohidden_HO_T20_mixFP,0.35,0.01,2,0.4886809992583359,0.07281944853540388,10,0.6254105381673563,0.05909201138273849,10,0.5653645466273824,0.08907926004297287,10,0.7098496808609057,0.05648461221880964,10,0.5752815501258433,0.06778003330151834,10,0.11270888686499773,0.03671755420924735,10,0.39060784154031575,0.14169181985162269,10,0.16548722833395005,0.024667466223995935,10,0.6088335633277893,0.14957421605792565,10
nohidden_HO_T20_mixFP,0.35,0.01,3,0.4418938879801556,0.07222913681845389,10,0.598215782635523,0.04981631497451836,10,0.4760395018609015,0.06312497711414593,10,0.8132527070951066,0.017940995991929116,10,0.16280557483664093,0.035573201984902963,10,0.22691622359281954,0.050989694675807176,10,0.4554249362547102,0.06548486641636321,10,0.22105950564146043,0.047926399175092664,10,0.8977222502231598,0.24250031558032326,10
nohidden_HO_T20_mixFP,0.35,0.01,4,0.48423207882744757,0.051336547989936414,10,0.624500236015841,0.04158199598042848,10,0.5247988033743776,0.0738870958365143,10,0.7843300213670105,0.04497709452368814,10,0.14937405162566184,0.04532799479296849,10,0.1931665658597637,0.04628303665011425,10,0.3964740432503908,0.085175825445788,10,0.18833633810281752,0.028751392851560763,10,0.7342172265052795,0.1568484808625327,10
nohidden_HO_T20_mixFP,0.35,0.01,5,0.4708157171881645,0.08537009673391446,10,0.6149493005138857,0.06904518883639044,10,0.5178938292187725,0.11085580246251005,10,0.7776477915360503,0.032956701195535516,10,0.23068315197759573,0.039379184098750235,10,0.2007333894957609,0.06543303741842463,10,0.44376466931140535,0.12819146948942592,10,0.19500002413988113,0.045209729268073894,10,0.7746751099824906,0.2383740277655635,10
nohidden_HO_T20_mixFP,0.35,0.01,6,0.4533990804739608,0.11730832013584587,10,0.6035401000839721,0.0880052993934264,10,0.5305299766349453,0.12329817194263162,10,0.714174916332451,0.05891804497975386,10,0.33866872116322794,0.0663912752724076,10,0.18693235320466933,0.06820290122230853,10,0.3855900956994207,0.1392803512027133,10,0.19138842970132827,0.046871458707902054,10,0.801040768623352,0.2320265027896691,10
nohidden_HO_T20_mixFP,0.35,0.01,7,0.392592701318573,0.05057438092910091,10,0.5661210178554497,0.04088673749387581,10,0.46737532872992793,0.05174883384338011,10,0.7243662408435702,0.04641351078593462,10,0.446303202406269,0.07915681552396671,10,0.22383470481279727,0.035820789291070285,10,0.4744441889100083,0.08750794646067049,10,0.2299654796719551,0.03752586892771554,10,1.1727879166603088,0.3151336526739528,10
nohidden_HO_T20_mixFP,0.35,0.01,8,0.5152301383747357,0.06782437294462652,10,0.6451655192959228,0.04396602211767277,10,0.6092478173324577,0.0658279448118139,10,0.6913534746539959,0.053368389752038586,10,0.4255538819742701,0.1626103365415841,10,0.13594412517368576,0.04755798536250271,10,0.3054825030282083,0.07921862314833496,10,0.1546063743531704,0.03444942645449046,10,0.6100889503955841,0.16147589678347313,10
nohidden_HO_T20_mixFP,0.35,0.01,9,0.5548663891938215,0.0577698716716675,10,0.6717330786316081,0.04667476289302589,10,0.635915645040674,0.07351060683402373,10,0.7176691030917107,0.043588604347481685,10,0.5771863060573917,0.12937927274585762,10,0.11963601241014392,0.03304928099542701,10,0.3214781379510482,0.09405863695206695,10,0.13615341186523439,0.019475894501617505,10,0.5238743305206299,0.09502656532434105,10
nohidden_HO_T20_mixFP,0.35,0.01,10,0.20354487180309508,0.05862558528774003,10,0.4507280828835323,0.04766144057240147,10,0.35015038388878,0.05138936390470438,10,0.6388693010048736,0.0363476628219927,10,0.6501740042826565,0.04548964496889888,10,0.31791679819680513,0.04226483073024189,10,0.6402923638623189,0.06042976815540767,10,0.34006824493408205,0.03872806802431675,10,2.176798391342163,0.347056206313219,10
nohidden_HO_T20_mixFP,0.35,0.01,11,0.19165431981263745,0.04414207728261828,10,0.44373451159964195,0.04387119441008313,10,0.3435395156414861,0.05701138362676605,10,0.6393632863288901,0.035268322665958925,10,0.4415030494086626,0.0844373194410976,10,0.32931601106949,0.05629425222555991,10,0.6290711814499517,0.060323953024993014,10,0.3387990385293961,0.04911097761868338,10,1.893315279483795,0.5559015831814088,10
nohidden_HO_T20_mixFP,0.35,0.01,12,0.37325650171956914,0.05138103019934065,10,0.5526609720498656,0.05191623981003598,10,0.4482280169343363,0.05659067868942306,10,0.7244458651718287,0.04688383797219515,10,0.3274049411926838,0.051192928759036416,10,0.2222283244755296,0.02879130760253522,10,0.4644960264778127,0.051822300059716164,10,0.2266215577721596,0.019157504459915892,10,0.8557999908924103,0.10452143162289138,10
nohidden_HO_T20_mixFP,0.35,0.01,13,0.533645901443112,0.03723619154908557,10,0.6600809484934357,0.03183218449366137,10,0.5893941988707866,0.04783699079878983,10,0.7542379471841736,0.042745142274217586,10,0.4153669257938667,0.10217495327178212,10,0.13472757937619748,0.03203774787292924,10,0.2824572851805133,0.06119026297847762,10,0.1522585406899452,0.020350460458011217,10,0.5321919471025467,0.08470875844541927,10
nohidden_HO_T20_mixFP,0.35,0.01,14,0.4474851871966992,0.05290607386175065,10,0.6010645072895329,0.045088567313103095,10,0.4848656459545949,0.05397636078268493,10,0.7954903368006383,0.02104027573702654,10,0.40788715892754457,0.0513151488810039,10,0.2031015840488591,0.033806908456608574,10,0.47016754111173975,0.06830317450182394,10,0.2188912272453308,0.03051834936619029,10,1.250425213575363,0.37759628352080804,10
nohidden_HO_T20_mixFP,0.35,0.01,15,0.5020741583216731,0.020258781124410714,10,0.6357244839982829,0.029851821853437537,10,0.5144780034428759,0.044466541470774966,10,0.8364047046585359,0.017679690487321945,10,0.351829011953367,0.040486685381127006,10,0.1841429208745651,0.021658591690807544,10,0.41146960638046054,0.041127631238982325,10,0.19214258044958116,0.014157515360203229,10,0.8949586510658264,0.2254937105045178,10
nohidden_HO_T20_mixFP,0.35,0.01,16,0.6233970375752349,0.04248564813236413,10,0.7247008487782711,0.02677434053585103,10,0.6461688975537544,0.036526213652068165,10,0.8263668132504283,0.02158782811082087,10,0.4539201976397237,0.05610260232410492,10,0.11655485234876442,0.0272431532537082,10,0.3259829412963847,0.053018288205405294,10,0.1273636043071747,0.024626158723321735,10,0.5479691535234451,0.1471718608328976,10
nohidden_HO_T20_mixFP,0.35,0.01,17,0.6517341854715731,0.028318652315499532,10,0.7448747863795337,0.01530951642903382,10,0.668753227633618,0.021564762656243363,10,0.8409522765408621,0.011045930774922283,10,0.43930552183885024,0.06349708534441413,10,0.10042373979459784,0.017998507875854147,10,0.3524490729536897,0.020626654430885395,10,0.11236817091703415,0.01692826874424853,10,0.4273156225681305,0.059231590650111667,10
nohidden_HO_T20_mixFP,0.35,0.01,18,0.6731032191839809,0.02414104487701302,10,0.7596622660344093,0.012161856479614442,10,0.6786718221799404,0.013561022742391996,10,0.8627629799934056,0.014475610514677925,10,0.5963655721197604,0.07444888701751137,10,0.09497322985290708,0.014455766029209725,10,0.2742533749886677,0.017713910007786524,10,0.10798663794994354,0.016173251336479507,10,0.4270830601453781,0.08779865429677233,10
nohidden_HO_T20_mixFP,0.35,0.01,19,0.7759303667204475,0.027981118657618678,10,0.8351508955160037,0.012697352290441092,10,0.7979454969846442,0.022472186426475464,10,0.8763279934261018,0.004164671723376289,10,0.4202449745933288,0.06434576023790502,10,0.04999175427136248,0.015689349503675305,10,0.27213110101060106,0.035311198509707424,10,0.06723502166569233,0.014417500985690005,10,0.23951023072004318,0.05023176737276861,10
nohidden_HO_T20_mixFP,0.35,0.01,20,0.832464419358063,0.0072306126610156285,10,0.8730947087691794,0.0029539703597404013,10,0.9031816760810324,0.003207294660839266,10,0.8449822177947794,0.006317580668092907,10,0.4300741525104444,0.07616394827610952,10,0.019734718748294394,0.005470475578958816,10,0.09166042637045609,0.011878888810015241,10,0.048163237795233724,0.006530067620516153,10,0.17716054171323775,0.031068642622297183,10
nohidden_HO_T20_mixFP,0.35,0.025,1,0.3485775492573667,0.09114640359425544,10,0.5044320930103992,0.0630355276561449,10,0.5338354592187704,0.09096417520282267,10,0.48150527993119213,0.050581619767269145,10,0.9045772769751446,0.1085455625480296,10,0.14723344626972093,0.046146527954965495,10,0.3823162630963008,0.09413209781025203,10,0.19059772938489913,0.03383157304257638,10,0.7339831680059433,0.14398898083447792,10
nohidden_HO_T20_mixFP,0.35,0.025,2,0.49811336478103685,0.0723576310645122,10,0.6315026500755809,0.058410440909560525,10,0.5775056441350764,0.08924958096975011,10,0.7062553372198997,0.05570982091939282,10,0.5829626295112564,0.06686054103223571,10,0.1040915853952599,0.034149896810520344,10,0.3736770233160356,0.14390712150427643,10,0.15967136025428771,0.023992457570867688,10,0.5804380625486374,0.14192153874324956,10
nohidden_HO_T20_mixFP,0.35,0.025,3,0.4435669521821227,0.07501773448556273,10,0.5994357076906561,0.05179263308022549,10,0.47862635856992447,0.06636408128992725,10,0.811121391146911,0.01782006245207683,10,0.17504123051338408,0.0379550780199696,10,0.22246636141238568,0.05275522046848998,10,0.4505839811540751,0.07245100961471879,10,0.21937172561883928,0.048706048643704994,10,0.8884153366088867,0.2433405012800656,10
nohidden_HO_T20_mixFP,0.35,0.025,4,0.4905866514688907,0.052494757980662735,10,0.6286832736625919,0.043511467411074645,10,0.5257569814851235,0.07525155526046994,10,0.7951366373411825,0.04144575973732888,10,0.1502966532968262,0.047252650923067095,10,0.1930706957147097,0.0478222919564289,10,0.4069767260647802,0.0899713901838969,10,0.18739452064037324,0.02999975767666136,10,0.7202674865722656,0.15835308149762053,10
nohidden_HO_T20_mixFP,0.35,0.025,5,0.4787973092119078,0.08355042135846885,10,0.6200342783223272,0.06867617956963461,10,0.5182736934922035,0.10891682188387693,10,0.7922907624449462,0.03210562095539009,10,0.22587568254559817,0.03996057856829871,10,0.2024045810014587,0.06543457404339378,10,0.451239855307313,0.12521068852639783,10,0.19447728022933006,0.044880276256165266,10,0.7687943071126938,0.23630390728498846,10
nohidden_HO_T20_mixFP,0.35,0.025,6,0.4642045764484803,0.11292913006459296,10,0.6114207550538511,0.08530552476941884,10,0.531723037273942,0.11888498028098876,10,0.7333685862615323,0.05486718623903028,10,0.3317991632504423,0.06694594836128938,10,0.18709733619201419,0.0670269739698632,10,0.39784265241824246,0.13365255980916693,10,0.1893741875886917,0.046197216335330735,10,0.7777367204427719,0.22445533308393853,10
nohidden_HO_T20_mixFP,0.35,0.025,7,0.41007898549801364,0.05086417738244548,10,0.5778693468514494,0.03989212453958694,10,0.47484554589413824,0.0519733502463326,10,0.7443033431657347,0.03924213040344199,10,0.4362174390713157,0.07759835074607609,10,0.22133473773488807,0.03629037036215991,10,0.4776647335429932,0.08438157228010745,10,0.22563333660364152,0.037787231568805826,10,1.1351351976394652,0.31115980363621926,10
nohidden_HO_T20_mixFP,0.35,0.025,8,0.532766780813531,0.068486238498369,10,0.659036252483333,0.04350998716260138,10,0.6142675824232932,0.06709889000002445,10,0.7165427825762565,0.04797275072413331,10,0.4235137413530091,0.16047009773457585,10,0.13244056134617888,0.047890133692756826,10,0.31104222789140684,0.08092207448577819,10,0.15018466040492057,0.03476701342456334,10,0.578941959142685,0.15533884374582002,10
nohidden_HO_T20_mixFP,0.35,0.025,9,0.5789389854976859,0.05433574445348435,10,0.6898746611913561,0.043405158057669244,10,0.6495107533000386,0.0712614712711359,10,0.7409268723594653,0.03630193912285965,10,0.5728084906836964,0.13188045890499897,10,0.11360272755225245,0.034709542039203525,10,0.31350214933268444,0.09457503095019913,10,0.13014829009771348,0.019926372201361817,10,0.49953641891479494,0.09660318994765339,10
nohidden_HO_T20_mixFP,0.35,0.025,10,0.23123255309285956,0.05769482908357564,10,0.46726968252761747,0.046658980228975966,10,0.36369690774211244,0.05150024139185098,10,0.6599462679627796,0.0329485127094797,10,0.6460350476763514,0.04569866730076904,10,0.3051935768170394,0.04216103814247341,10,0.6222426723102215,0.06112971487562818,10,0.32796795964241027,0.038499549187302216,10,2.0664836764335632,0.3387239436420127,10
nohidden_HO_T20_mixFP,0.35,0.025,11,0.19769115884535707,0.04487667532595926,10,0.44798952480945997,0.045049941397533745,10,0.3447790005488976,0.058375266218761615,10,0.6531952913109893,0.03535843664568573,10,0.4314225892298841,0.08227335856382934,10,0.33257237944595985,0.05722701283460752,10,0.6293356190154441,0.06118802066286034,10,0.3416460156440735,0.049978363942970144,10,1.9440019130706787,0.5823844880748379,10
nohidden_HO_T20_mixFP,0.35,0.025,12,0.37802143579602,0.05210931784609741,10,0.555792711425417,0.052370931167613634,10,0.4448005896171572,0.05800248479186773,10,0.7452906742325505,0.044066401416483186,10,0.31448461228205316,0.04453791436792129,10,0.23141049862285543,0.030778172024558133,10,0.4657921303078239,0.052145908398937735,10,0.22920287847518922,0.020285408318649393,10,0.856752735376358,0.10758598417702565,10
nohidden_HO_T20_mixFP,0.35,0.025,13,0.5409793445218584,0.036312641956136565,10,0.6657115327024086,0.029184075965820733,10,0.5843069041223221,0.04536005725711371,10,0.7775211962482098,0.03814817899925646,10,0.3989066412796581,0.09868703330580625,10,0.1441362793989283,0.03232072799648682,10,0.29480916706288085,0.06045506821012856,10,0.15383900254964827,0.021369026541323635,10,0.5384202033281327,0.08795834538018739,10
nohidden_HO_T20_mixFP,0.35,0.025,14,0.45647988622956187,0.05192765649961595,10,0.6060575797016805,0.04434951733666368,10,0.4839353195463939,0.05346187973561129,10,0.8162389732453776,0.02345283030746272,10,0.39474116120723807,0.05020290280729911,10,0.2103803946912836,0.03258937574375492,10,0.4615683351579382,0.05776738125793517,10,0.21905564218759538,0.030156619845658227,10,1.2140020072460174,0.3776175388092946,10
nohidden_HO_T20_mixFP,0.35,0.025,15,0.5030216299456287,0.020131092570745423,10,0.6347816768325267,0.03086040498605498,10,0.5068215861994426,0.046337872777206905,10,0.8549941070206064,0.021384532486528662,10,0.338333224534526,0.0373122471360462,10,0.19591093517041716,0.02410308788096079,10,0.4400248782639876,0.04548564624370707,10,0.19622838944196702,0.014704418601241744,10,0.8937204003334045,0.22201589669416671,10
nohidden_HO_T20_mixFP,0.35,0.025,16,0.6166842017559399,0.04157840542758106,10,0.7192149513406021,0.026129332963030497,10,0.6263158072628838,0.0339127513370132,10,0.8457522466376141,0.021248244161031965,10,0.43124459325588704,0.04923978585010067,10,0.13058608256333726,0.025310259909620752,10,0.36618300858832037,0.0486584465849919,10,0.1330879732966423,0.024014690472567355,10,0.5689937621355057,0.14551089730753125,10
nohidden_HO_T20_mixFP,0.35,0.025,17,0.6462160837005932,0.02708304665422114,10,0.7401851428061335,0.014592800224773906,10,0.6502218588273759,0.019246658388159237,10,0.85932884655492,0.009279723752719658,10,0.41340472813870816,0.05820931617424619,10,0.11311788446224871,0.01568059382484323,10,0.3927766030050809,0.022261833889490733,10,0.1174686074256897,0.016203444327753818,10,0.4451820194721222,0.05746851603375216,10
nohidden_HO_T20_mixFP,0.35,0.025,18,0.667831618352426,0.022313836147261467,10,0.7548344969363091,0.01118978161976338,10,0.6608039453225498,0.013554623922335035,10,0.8803157815616688,0.014460433126217627,10,0.5774438953784696,0.06828926416136331,10,0.10745641322271123,0.011594307034256159,10,0.3214239603856244,0.015865995012243755,10,0.11207572221755982,0.014980188359838218,10,0.4317597210407257,0.08129008886783398,10
nohidden_HO_T20_mixFP,0.35,0.025,19,0.7605493342102941,0.024668704455017256,10,0.8237365590720607,0.010086017707579586,10,0.7692183645678701,0.015363124804843803,10,0.8867019366185405,0.0042426070089089584,10,0.4072260610659913,0.05788121885105949,10,0.0624165824317061,0.013805505113848985,10,0.3215365179977924,0.019258024336415065,10,0.07375885248184204,0.013747148806355983,10,0.2640134572982788,0.049334627003359284,10
nohidden_HO_T20_mixFP,0.35,0.025,20,0.8140300310328786,0.0071698357533216215,10,0.8608101983735666,0.0031440073462052896,10,0.8693379442529883,0.006333099550033859,10,0.8525198066731248,0.007045257152597255,10,0.41015275359935266,0.07196328440021739,10,0.027013324830361285,0.005725014741770992,10,0.15476044832737776,0.01219094541813949,10,0.05425714068114758,0.006952914957739664,10,0.20370610803365707,0.03480427932037285,10
nohidden_HO_T20_mixFP,0.35,0.05,1,0.37265764847358634,0.08701043880613564,10,0.5199246726947345,0.06124651382061999,10,0.5577740984097944,0.08905126989795986,10,0.48998940234118804,0.050653717114011745,10,0.9026323808845976,0.10778606954447678,10,0.13369202258476592,0.04050673409676522,10,0.34650205648678256,0.10310623485156784,10,0.17968990802764892,0.03135751465494998,10,0.6720523059368133,0.13104161116177604,10
nohidden_HO_T20_mixFP,0.35,0.05,2,0.5106184452132448,0.0705101605633185,10,0.6394220937811246,0.05671560248449852,10,0.5946070841880985,0.08912753360856997,10,0.7005464680827608,0.054264083765298836,10,0.5944974610466458,0.06610071533827432,10,0.0921510691072125,0.030483828164659898,10,0.3433421611443431,0.14566407045200083,10,0.1511655069887638,0.02282190589585108,10,0.5379407107830048,0.12866975749926302,10
nohidden_HO_T20_mixFP,0.35,0.05,3,0.4493704420843205,0.07832878092164643,10,0.6034488484902758,0.05427017234173364,10,0.4857194909066703,0.07115431407454893,10,0.8068605112339391,0.01745206181856094,10,0.19514997332261474,0.042661863018421925,10,0.21280680016792203,0.054471693043014816,10,0.43484624035418956,0.08538393675564679,10,0.2146263137459755,0.04857980807812493,10,0.863103199005127,0.23915925142550218,10
nohidden_HO_T20_mixFP,0.35,0.05,4,0.5014655547655804,0.05196785777392625,10,0.6358000433265442,0.045070574925398295,10,0.5286719402526169,0.07572622630421853,10,0.8104675988000183,0.034854803436929115,10,0.1565745211941803,0.051279987116325164,10,0.19083852019017894,0.0488458690809983,10,0.42316865404706583,0.09260339793974791,10,0.18477967977523804,0.030880840461040074,10,0.6954826593399048,0.15609521022061296,10
nohidden_HO_T20_mixFP,0.35,0.05,5,0.4881244001049397,0.08096035831298405,10,0.6257727662189685,0.06800744193834751,10,0.5169066361389655,0.10502317574244893,10,0.8128272675216719,0.029715103823319572,10,0.22007583053601945,0.04325977397150652,10,0.20613202373904665,0.06491661866475901,10,0.46669527054219617,0.1193825982622435,10,0.19504633247852327,0.04456378210950841,10,0.7675538539886475,0.2349065743427124,10
nohidden_HO_T20_mixFP,0.35,0.05,6,0.47809860424927236,0.10651230482909153,10,0.6212765936634341,0.08137994883788059,10,0.5311535818304867,0.11203390152735518,10,0.7620115487828447,0.04853170535434979,10,0.3211305277922386,0.0686374941212401,10,0.18910970454722698,0.06538621413171945,10,0.4205337610583775,0.12572364976904912,10,0.1874850645661354,0.04542193879412169,10,0.7487593591213226,0.2136766980528496,10
nohidden_HO_T20_mixFP,0.35,0.05,7,0.4321413502217255,0.04951930182190402,10,0.5923974305133829,0.037912944058167614,10,0.48303092459651575,0.05045178412603986,10,0.7714759750875337,0.029309177077800952,10,0.4214050416899031,0.07579814707285946,10,0.21895862491073145,0.03633432440362888,10,0.4899504486852885,0.07493150821169493,10,0.2201623037457466,0.037363715255860096,10,1.0786068260669708,0.3008397233145673,10
nohidden_HO_T20_mixFP,0.35,0.05,8,0.5523144876261111,0.06543812254518026,10,0.67439052977887,0.04084533308891479,10,0.614359636101965,0.06340616916785453,10,0.7525496241184351,0.04020679378750259,10,0.41764729701238545,0.15357895105225547,10,0.13074107448527042,0.04675526540643516,10,0.3260396603442723,0.0814145932420361,10,0.1458097368478775,0.034194207899901394,10,0.5449306279420852,0.14258372994126858,10
nohidden_HO_T20_mixFP,0.35,0.05,9,0.6040906303625696,0.04999626924816012,10,0.7090362976324873,0.03986235752187613,10,0.6592846222506583,0.06588037887290181,10,0.7713236899129576,0.027971892074303333,10,0.5631338183922272,0.13580380836436104,10,0.10994919836459116,0.03504522656166464,10,0.31148585530704426,0.08988261492923842,10,0.12453753799200058,0.0205397793654779,10,0.4776749014854431,0.10006256402655268,10
nohidden_HO_T20_mixFP,0.35,0.05,10,0.26582423159731355,0.05562652453921714,10,0.4881307866190997,0.04541260877465213,10,0.3803053106269898,0.05137538174124864,10,0.6879409946505229,0.028668268625567674,10,0.6359613174244472,0.046068636568052865,10,0.2901329213265663,0.04121505674178522,10,0.5956937638779544,0.06257054992784318,10,0.3126064032316208,0.03757784082746638,10,1.9001295924186707,0.3234317084500904,10
nohidden_HO_T20_mixFP,0.35,0.05,11,0.2051356580315502,0.04609540975773259,10,0.45302390966236644,0.04720192516653512,10,0.34614468171540336,0.06027870488739263,10,0.6699618300396911,0.035388015659825016,10,0.4168179212315432,0.07756588169332838,10,0.33598085235018676,0.05755946066653159,10,0.6286547935944552,0.06288426512138748,10,0.3440085083246231,0.04978496544227742,10,1.979462993144989,0.5905661681279674,10
nohidden_HO_T20_mixFP,0.35,0.05,12,0.37789366018078624,0.05308406261661026,10,0.5554472562302848,0.05355794312220744,10,0.43728330402232174,0.05982970053996101,10,0.7669056605692915,0.040503630423661605,10,0.2970898765234037,0.04030916249270989,10,0.2446784524090288,0.03329507779161353,10,0.47128942190078027,0.05161364750591128,10,0.23449917882680893,0.021387502932183656,10,0.8631868243217469,0.11009904396062789,10
nohidden_HO_T20_mixFP,0.35,0.05,13,0.5449094947990724,0.03520420581454441,10,0.668461323335902,0.02641575215435187,10,0.5740517513611786,0.04162929446515669,10,0.8037366496390128,0.03307328836076009,10,0.37683369664851246,0.09375143131328946,10,0.1575214344276296,0.03196925965216208,10,0.31456407491580485,0.058975228175972755,10,0.15744732469320297,0.0222879131118055,10,0.5503343909978866,0.09040070697469567,10
nohidden_HO_T20_mixFP,0.35,0.05,14,0.4627798711026731,0.05041773474170452,10,0.6087816018186587,0.04353932196527819,10,0.48020803536517576,0.052693398253986924,10,0.8377636668024977,0.02765538418982765,10,0.37833994746916605,0.04784240873033944,10,0.22039513101790037,0.030928915998928566,10,0.4646665806374772,0.04832393229088762,10,0.22087070494890212,0.02930251739448664,10,1.1626459062099457,0.3754947167716631,10
nohidden_HO_T20_mixFP,0.35,0.05,15,0.49720154663386146,0.021725009736090598,10,0.6289667561746649,0.03381998118679714,10,0.4946299734356562,0.04959060889686823,10,0.870781475296253,0.023973703590970712,10,0.32462404981141363,0.0353546966716882,10,0.2110725275789176,0.027478230179135848,10,0.48827341392509516,0.05182943676318358,10,0.20364248156547546,0.016108175894709878,10,0.8932871460914612,0.21516145456905128,10
nohidden_HO_T20_mixFP,0.35,0.05,16,0.5987381712865492,0.037940618296126785,10,0.7050067413485432,0.02490114070366419,10,0.5973433871439626,0.03189360196320679,10,0.8614532042323118,0.022071681359003118,10,0.40757593499508304,0.04197471094064325,10,0.1497123517138463,0.023247869157635635,10,0.41907944151454946,0.04603196131925105,10,0.14382932260632514,0.02227959074899004,10,0.6095348507165909,0.14093395433547015,10
nohidden_HO_T20_mixFP,0.35,0.05,17,0.6296994400566033,0.023083690947487846,10,0.7268696214786999,0.014000976896400803,10,0.6217568996731176,0.018894966735711158,10,0.8751649393031629,0.00994686810596357,10,0.3813557351956104,0.052857372650383316,10,0.13173392986885865,0.012789792392235735,10,0.4434446108693407,0.03115826301333506,10,0.12810248136520386,0.014271142907809946,10,0.48621621131896975,0.05204763427159082,10
nohidden_HO_T20_mixFP,0.35,0.05,18,0.6514140215305763,0.018249745121567653,10,0.741221533017985,0.011251424121901358,10,0.6324652939689142,0.016841911207179396,10,0.8957523990589691,0.01593951424912732,10,0.5489028742362954,0.059346256082564025,10,0.12555104515479557,0.007813532770588943,10,0.38140526675183645,0.02617861270512057,10,0.12099000588059425,0.012527522343966884,10,0.4510137289762497,0.06987167251697023,10
nohidden_HO_T20_mixFP,0.35,0.05,19,0.73225911945794,0.018706082179184774,10,0.8021803750154899,0.006418360315051937,10,0.7259163329895153,0.008592697427463204,10,0.8964113871361032,0.006082694264928865,10,0.3878528285385762,0.04905498302193646,10,0.08170940689535347,0.01072495438504769,10,0.383124861343385,0.008464590328579687,10,0.0863533966243267,0.012151104678192916,10,0.31425421833992007,0.04566639864251549,10
nohidden_HO_T20_mixFP,0.35,0.05,20,0.7807120839027372,0.006351934371622276,10,0.8374351546281767,0.004804646998391537,10,0.8158165944764313,0.013070176812138058,10,0.8604793747168932,0.00951868928657021,10,0.37907964290445395,0.06535937439164792,10,0.042820579904596145,0.004878169989349204,10,0.24039467722947,0.022039541215656013,10,0.0662965152412653,0.007159755941670202,10,0.2583577767014503,0.03943215990024441,10
nohidden_HO_T20_mixFP,0.35,0.1,1,0.42293169417527876,0.07806281420924008,10,0.5537875131471554,0.05688294839950667,10,0.6073100953681252,0.08367867427544017,10,0.5115999321439447,0.050141289475888015,10,0.8943681228730747,0.1075600488865794,10,0.10835100863220974,0.03021305221326743,10,0.2866817664500606,0.09401165100448036,10,0.1593218982219696,0.02616697065710032,10,0.5679199516773223,0.10240016265430521,10
nohidden_HO_T20_mixFP,0.35,0.1,2,0.5317643504410784,0.06461327770947475,10,0.6525277889513098,0.05202501883010032,10,0.6253286390742667,0.0869536103520407,10,0.690047637897816,0.05083223449946012,10,0.617248722920335,0.06498995913077758,10,0.07567987076379905,0.023146763344278107,10,0.2818380404343145,0.13984265788682293,10,0.1369638405740261,0.019902490584523345,10,0.4677054941654205,0.09962422112748642,10
nohidden_HO_T20_mixFP,0.35,0.1,3,0.46453368524458594,0.07473197959954234,10,0.6136859103450687,0.052384417194657557,10,0.5034696177533338,0.07229445089851831,10,0.7956608949063617,0.017501735065975837,10,0.24227252723899798,0.05129281353144717,10,0.18776210316216005,0.05360366461101042,10,0.4099758755890921,0.07815764327010813,10,0.20079403519630432,0.04386334325122729,10,0.7876015841960907,0.21638727794534815,10
nohidden_HO_T20_mixFP,0.35,0.1,4,0.5214873098808539,0.04532069660872944,10,0.6491237357511355,0.04308487847219088,10,0.5380638652319598,0.07150346788964465,10,0.8294725156488066,0.025361891382467285,10,0.18963555975854957,0.0602868383517297,10,0.18001182088667048,0.046635639007840124,10,0.4385425304063064,0.08747641752311291,10,0.17702641487121581,0.028895290391716382,10,0.6446262925863266,0.13604569158308674,10
nohidden_HO_T20_mixFP,0.35,0.1,5,0.49738434898398615,0.07488403835324545,10,0.6311181898517565,0.06460633905969358,10,0.5121107348857328,0.0948178633265348,10,0.8396093426909577,0.0234551922472343,10,0.2212737695410191,0.04937437908251784,10,0.21206316426682803,0.06182577620737661,10,0.4970354983911832,0.10596548249227616,10,0.1979119174182415,0.04351544887264216,10,0.77413969039917,0.22931208079903076,10
nohidden_HO_T20_mixFP,0.35,0.1,6,0.4951194888086764,0.09299003560723244,10,0.6323113739257475,0.07305755079679473,10,0.5249449610335314,0.09841445347561933,10,0.807771854002068,0.03484805210787423,10,0.3069625482927045,0.07099729832416132,10,0.1955746194620482,0.061666989538142196,10,0.4670335784785811,0.10401908540948275,10,0.18727119714021684,0.04374335006182949,10,0.7176273822784424,0.19532311817633666,10
nohidden_HO_T20_mixFP,0.35,0.1,7,0.4608782944387209,0.04449731706055431,10,0.610589673046954,0.03313618661289093,10,0.4916950861245664,0.04459446115406697,10,0.8098421219280496,0.01643171927977656,10,0.3977987411879683,0.07255625705196739,10,0.21677831556068944,0.03457421795911938,10,0.5171334192131587,0.056077919736316054,10,0.2126369819045067,0.03490939907556366,10,0.98389230966568,0.2659743992156173,10
nohidden_HO_T20_mixFP,0.35,0.1,8,0.5747949501451945,0.05479426336381727,10,0.6905669159311895,0.033048953642297825,10,0.6055492742153425,0.052111687912352586,10,0.8077347674641941,0.0328564508358905,10,0.410508892725199,0.1366105452618689,10,0.13493643881116807,0.043953909096551884,10,0.36779215048493946,0.07622269031616663,10,0.1426621288061142,0.031974234339977085,10,0.5139741688966751,0.12266351938592404,10
nohidden_HO_T20_mixFP,0.35,0.1,9,0.6255452446940237,0.04580863000893922,10,0.72542930736556,0.035765616211232275,10,0.6568842790475931,0.055071891760575274,10,0.8130767736631433,0.023221723942764623,10,0.5460816031897991,0.14017225258080698,10,0.11319166353863111,0.0337352400084833,10,0.3343016532098389,0.07497780926846916,10,0.12231991961598396,0.022425293080613168,10,0.4717227339744568,0.10984278578885241,10
nohidden_HO_T20_mixFP,0.35,0.1,10,0.31607947291651806,0.05102322158248708,10,0.5185711036268579,0.043245172067180856,10,0.40403977723393625,0.0505349386641103,10,0.7302305480390185,0.02228110328846954,10,0.6159437573874736,0.046606557499587704,10,0.26887844884660667,0.038052954584234064,10,0.5692198690722348,0.055404654355902826,10,0.28854704201221465,0.034820632723173636,10,1.595628833770752,0.2792473794564833,10
nohidden_HO_T20_mixFP,0.35,0.1,11,0.21923602961494287,0.049370507991191206,10,0.4618184404738,0.050718460928940216,10,0.3497952103415002,0.06321833315246873,10,0.694612154480551,0.03437475447175551,10,0.3993769255437184,0.06877400186477017,10,0.3370540986973398,0.057471821853291576,10,0.6238982186522751,0.06371141340237475,10,0.3434016227722168,0.04845208880537,10,1.9640332221984864,0.5609191404355438,10
nohidden_HO_T20_mixFP,0.35,0.1,12,0.36979347973427734,0.0576011213979248,10,0.549438570787047,0.05691479838814534,10,0.421443361045574,0.06370046218173728,10,0.7975054686013925,0.034757214939969465,10,0.27517398198927345,0.03780813556355378,10,0.2681894881314832,0.03915951159481688,10,0.4946888785779887,0.04794420825275024,10,0.24746949672698976,0.02566410956728998,10,0.8928246676921845,0.11148658043656579,10
nohidden_HO_T20_mixFP,0.35,0.1,13,0.5333913725785082,0.030609105083280564,10,0.658832970199603,0.02380460369832282,10,0.543141055522476,0.03589417481476337,10,0.8402739212216292,0.02613426215229321,10,0.3382861275183178,0.08152533946112497,10,0.1858178909441168,0.030503951737147258,10,0.37598926429647583,0.0535983701397783,10,0.17027105540037155,0.02222211007001704,10,0.5906073123216629,0.09014635812124593,10
nohidden_HO_T20_mixFP,0.35,0.1,14,0.4615810744897306,0.0453249621780873,10,0.6050275931983607,0.0422239230878298,10,0.4671053908219823,0.05180861979702102,10,0.8665824219542992,0.03338167915280377,10,0.35043449306629093,0.04642586914669516,10,0.24146294369528465,0.02976271013374893,10,0.5084677102304138,0.038606923469423134,10,0.22904260009527205,0.02668536664758879,10,1.081919413805008,0.35246810953252505,10
nohidden_HO_T20_mixFP,0.35,0.1,15,0.4813045290530796,0.026782855071272045,10,0.6157942845425148,0.039676322680178684,10,0.47437243131796236,0.05475278825196612,10,0.8868549739631938,0.02345107300782233,10,0.3113249070807972,0.03449384046717902,10,0.23462055351862704,0.032398830068172686,10,0.5549960155742828,0.06445037267200338,10,0.21803349554538726,0.01991682273090553,10,0.8993112742900848,0.19734656084530144,10
nohidden_HO_T20_mixFP,0.35,0.1,16,0.5602511285423716,0.031482061100908953,10,0.6750327272855128,0.025266048515779252,10,0.5495456463905015,0.03420726648239682,10,0.8772875153348357,0.022793555248395915,10,0.383563843230937,0.03690765878987263,10,0.181281252407222,0.02255729944843998,10,0.4949412539875107,0.04545788655197409,10,0.16630930006504058,0.019413384883213015,10,0.6963701605796814,0.13370643994814782,10
nohidden_HO_T20_mixFP,0.35,0.1,17,0.590235159734613,0.017169537999891904,10,0.6956781503710743,0.017840645939320117,10,0.570620011381396,0.02579558822343091,10,0.8921880379950311,0.010506912187590294,10,0.337885238961743,0.04722560223913773,10,0.1664777574645508,0.011146643050389373,10,0.5218822920601809,0.049527902267286546,10,0.15340058505535126,0.011086357852041172,10,0.5939389407634735,0.046884332689307404,10
nohidden_HO_T20_mixFP,0.35,0.1,18,0.6097696195547432,0.011103534471951301,10,0.7077408460101686,0.017009897334236322,10,0.5789200355086742,0.02742130727187594,10,0.9121929029037359,0.01767343748784598,10,0.5051752375969661,0.04298461405556039,10,0.16013079803263608,0.008140476249972786,10,0.47539685480549865,0.04343736155137676,10,0.14360734671354294,0.007389612414633239,10,0.5198955595493316,0.045331502155577075,10
nohidden_HO_T20_mixFP,0.35,0.1,19,0.671666176277933,0.00888046324685268,10,0.755261095379793,0.011718789206867032,10,0.6473413876528428,0.020314619839852135,10,0.9070740368527961,0.008553040448652715,10,0.3594125753269527,0.03690787996223862,10,0.12110934633442212,0.005722363887797045,10,0.4790146352661514,0.029444501662633727,10,0.1168290100991726,0.008265287764058373,10,0.4472041577100754,0.03368808802121792,10
nohidden_HO_T20_mixFP,0.35,0.1,20,0.7076218306290651,0.005247968815832497,10,0.7838634101751449,0.01158767628352052,10,0.7138624255884508,0.02688492786886105,10,0.8702179298236405,0.013953449542890083,10,0.3248401228125236,0.05273763940528044,10,0.08205316581615701,0.0018073467797935527,10,0.37613869099714237,0.03474791479387596,10,0.09701879024505615,0.006083999028164095,10,0.40948441028594973,0.043769910807737726,10
nohidden_HO_T20_mixFP,0.35,0.2,1,0.5100643963643571,0.04274470923966317,10,0.6204464526020177,0.035723356490608295,10,0.677164715469112,0.05883023003163408,10,0.5749562699274777,0.03981318048638712,10,0.8378775456909441,0.1189296258773927,10,0.07228858861797069,0.01058420676664413,10,0.1926083621969124,0.06346021367603942,10,0.1315069802105427,0.011683904143519119,10,0.44463052451610563,0.03718301961509959,10
nohidden_HO_T20_mixFP,0.35,0.2,2,0.574269498100382,0.04586406452254505,10,0.6803382409922759,0.03797012406974395,10,0.6812046272336177,0.07068524953828852,10,0.68446814205697,0.0413296758565205,10,0.6530672732271844,0.06335622404070287,10,0.06237408861496976,0.013444511963465123,10,0.21757600427301935,0.08172518565951523,10,0.11692411452531815,0.01232367246624188,10,0.3853399634361267,0.045341571415737275,10
nohidden_HO_T20_mixFP,0.35,0.2,3,0.4983018858358128,0.04599914166007514,10,0.6362183537419586,0.03519944538744096,10,0.5451770342658506,0.05629606020542565,10,0.7693354922649667,0.01924075402372283,10,0.3682837124847219,0.059111051663817846,10,0.13852864458056263,0.037177255061233996,10,0.37990526250835993,0.05786617446188453,10,0.16956018656492233,0.029834068903044585,10,0.6063731491565705,0.14127511041056012,10
nohidden_HO_T20_mixFP,0.35,0.2,4,0.5443572163931703,0.026741487152209364,10,0.66582823642985,0.03079234269215848,10,0.5605640146796466,0.05475684419290213,10,0.8268160366304311,0.02883747832140458,10,0.3065152583939749,0.0683594099220491,10,0.14811356827235708,0.034334435825170824,10,0.4517737417901116,0.06935370051406554,10,0.16045676320791244,0.019815180753157625,10,0.5606587260961533,0.08423346060310227,10
nohidden_HO_T20_mixFP,0.35,0.2,5,0.5102648525026007,0.05691697256334862,10,0.6397633483463986,0.05224633864364013,10,0.5154647894500083,0.0735056800513215,10,0.8538601973128781,0.013369893438072846,10,0.26560909727659127,0.055024271535509615,10,0.2013857620298229,0.048912923526137686,10,0.5340447382191409,0.07039167197778404,10,0.1938452750444412,0.034113966058321635,10,0.742245477437973,0.1753624277620101,10
nohidden_HO_T20_mixFP,0.35,0.2,6,0.5190324920973736,0.056515846220503194,10,0.6452115380699706,0.051880256002311755,10,0.5188431106333505,0.07210900327762156,10,0.8635719957565394,0.021104699634299385,10,0.3256337255804312,0.06882690872618076,10,0.19975031630681042,0.04743057532482774,10,0.5377113266937361,0.06928758828300151,10,0.185589699447155,0.03244853837178894,10,0.6856921970844269,0.14076763770362163,10
nohidden_HO_T20_mixFP,0.35,0.2,7,0.4873718304908641,0.029280304907485625,10,0.6255335623626738,0.025034382804370658,10,0.49517391056252025,0.03426740544175982,10,0.8522112954213001,0.014275737132306574,10,0.37817938651939015,0.06451982866318205,10,0.21597536690446847,0.02625079114211382,10,0.5729561728461658,0.038497367198926075,10,0.20614837110042572,0.02397083778759353,10,0.8779827952384949,0.16465308961929134,10
nohidden_HO_T20_mixFP,0.35,0.2,8,0.5832871131207632,0.03145718284774716,10,0.6930264481346972,0.020637342640905373,10,0.5783593314287704,0.03840963742936876,10,0.8686446050915221,0.02869610153307629,10,0.42479339866004084,0.1092061477975245,10,0.15259605282922253,0.037861388390596266,10,0.4619851599624637,0.061862800577314726,10,0.1492643103003502,0.02522581115254857,10,0.5386717557907105,0.09576210415542424,10
nohidden_HO_T20_mixFP,0.35,0.2,9,0.6096212775183137,0.04188807730894267,10,0.7131797931395729,0.03055365014283801,10,0.6124608408608089,0.04337815741628187,10,0.8561317566394665,0.020440026822406115,10,0.5226600999228219,0.13457057193708188,10,0.136491378479,0.031695059273494905,10,0.44199467044653806,0.06798943408689359,10,0.13770769760012627,0.025559711193868313,10,0.5399938970804214,0.12060347584748324,10
nohidden_HO_T20_mixFP,0.35,0.2,10,0.3861771007319957,0.042273266984228196,10,0.5609875618813912,0.03999176416223996,10,0.437215691676785,0.048693422543275675,10,0.7886454358385,0.01801277993768277,10,0.5704788353548323,0.046941199161849474,10,0.23791545831991914,0.029000922620615297,10,0.5951636647370193,0.05634317987112239,10,0.2476495161652565,0.026212029122785408,10,1.0978856265544892,0.16497059486659657,10
nohidden_HO_T20_mixFP,0.35,0.2,11,0.26105334821480786,0.05609958393478768,10,0.48584963906366696,0.05545777177185619,10,0.3663377028086179,0.06755677676732492,10,0.7368669870353994,0.03395551516311853,10,0.3907955333263401,0.06457237229639103,10,0.3218649223546125,0.05911483736715267,10,0.6104533998168391,0.06816962927634802,10,0.325636599957943,0.047338695674002035,10,1.7380698204040528,0.4406248488032652,10
nohidden_HO_T20_mixFP,0.35,0.2,12,0.3665785531710422,0.05875862223727192,10,0.5444574035089637,0.057970541853065716,10,0.40397229651966915,0.06631380046382697,10,0.8482585603075018,0.025860444882174927,10,0.26817322428658275,0.05080698647418535,10,0.3004507916308636,0.05000120517737879,10,0.5387995746497263,0.046562085120342586,10,0.2660035014152527,0.034524642298083545,10,0.9401844024658204,0.12227573026647882,10
nohidden_HO_T20_mixFP,0.35,0.2,13,0.4809620522127325,0.026555650304649365,10,0.6170896596884383,0.03144946875127069,10,0.4744949060922762,0.03882506658544811,10,0.885985077651253,0.015361690486123446,10,0.2975108807619137,0.07092470353382282,10,0.24417564624972318,0.028807403388018783,10,0.5063736022531418,0.047486600369640905,10,0.20973365753889084,0.019522486491048666,10,0.7240625739097595,0.07648696587801289,10
nohidden_HO_T20_mixFP,0.35,0.2,14,0.4430592610845737,0.0359188150106397,10,0.5884114052858412,0.04211969596563208,10,0.4401447329987634,0.05185701146322249,10,0.8981413175540259,0.033453948244424374,10,0.31318845992618083,0.04563079033661703,10,0.27767848434207376,0.035849922451447025,10,0.60999010563221,0.03452013433429166,10,0.25068750977516174,0.026579362511041302,10,1.048535794019699,0.23256587132212198,10
nohidden_HO_T20_mixFP,0.35,0.2,15,0.46518651455851934,0.03200361599168672,10,0.6028761099784561,0.04407172132427209,10,0.45548118865279663,0.05622919294513415,10,0.9015396674517412,0.018027668869054287,10,0.30479478813858357,0.0338026755495879,10,0.2620943629671587,0.03485106331345624,10,0.6129231601967926,0.06477345358735116,10,0.23668669760227204,0.023488672503795202,10,0.9646400928497314,0.16421572742606858,10
nohidden_HO_T20_mixFP,0.35,0.2,16,0.507836512751376,0.02769104087485453,10,0.6355488219368566,0.02975078413669286,10,0.49636223573249455,0.040692335226673294,10,0.8880330125687614,0.022653856250515886,10,0.39069782145503956,0.04601782412324454,10,0.21865173896365026,0.026293245721636438,10,0.5648389078674899,0.04055937842625247,10,0.2007277175784111,0.018559099698119585,10,0.8469866156578064,0.1216955617118725,10
nohidden_HO_T20_mixFP,0.35,0.2,17,0.5252004491591045,0.016974407127493162,10,0.6459626738453451,0.027259913156627104,10,0.5032252139024911,0.03631157643765318,10,0.9051116877170411,0.011045570805281575,10,0.31197460391662835,0.04442513059323854,10,0.21956416235351672,0.017444856167203635,10,0.6137896735923964,0.05466245362079909,10,0.20076806396245955,0.012487251231945782,10,0.8315260946750641,0.07220838513520092,10
nohidden_HO_T20_mixFP,0.35,0.2,18,0.5383027100297096,0.013485758436107161,10,0.6528648491550701,0.028275001151219944,10,0.5068954364884969,0.03952325408374449,10,0.9215810013017405,0.01854282871717251,10,0.4621972596159055,0.030209108158961405,10,0.21446624134065292,0.018696529763651354,10,0.5832495330693345,0.050417951012540374,10,0.18924802243709565,0.009370292678985643,10,0.7142778396606445,0.039408261674936586,10
nohidden_HO_T20_mixFP,0.35,0.2,19,0.5691731322988763,0.011800955267098862,10,0.6770132488145997,0.02556195794657291,10,0.5391543291098615,0.03618276308326188,10,0.9125759549826411,0.0106191248700292,10,0.33019420897603824,0.02750275157806319,10,0.19045933218485545,0.010529818242168074,10,0.5924628823272506,0.042612287816029874,10,0.18007617443799973,0.007087655917549737,10,0.7788048624992371,0.03856050109990993,10
nohidden_HO_T20_mixFP,0.35,0.2,20,0.5769279179089948,0.009864854068898567,10,0.6865208059924611,0.023386972989957684,10,0.5667376072182513,0.0403353098425808,10,0.8744224288353637,0.019783246309289706,10,0.2517456430950893,0.03454058524036932,10,0.16337898428952785,0.00801703321882683,10,0.529540922417085,0.04058636790716688,10,0.16903630048036575,0.004906451850582207,10,0.8437685251235962,0.05013347313341491,10
nohidden_HO_T20_mixFP,0.4,0.01,1,0.31130308870922463,0.08028548950373537,10,0.4767493117005195,0.05271007228222807,10,0.5036335886287796,0.082951003672469,10,0.4564273065992963,0.03956691305714395,10,0.9079980034313252,0.10941261272741865,10,0.1632360831605854,0.048032941775055404,10,0.4219275345109694,0.07774926453182246,10,0.20479529350996017,0.03285562297625892,10,0.8147019505500793,0.14665865191288918,10
nohidden_HO_T20_mixFP,0.4,0.01,2,0.4622775684603112,0.06941596200715222,10,0.6064742192011741,0.056253671433141736,10,0.5495816191635209,0.08591169790607485,10,0.6868401018982835,0.058023448226900635,10,0.5798663293325843,0.06837297163425722,10,0.11647488700015854,0.03461911198298377,10,0.4161757642033478,0.13860391033230976,10,0.17277185320854188,0.02315074203578225,10,0.6312343508005143,0.14361090943874602,10
nohidden_HO_T20_mixFP,0.4,0.01,3,0.43724355568441026,0.06876601078450893,10,0.595668170009203,0.04705038453404346,10,0.4789258737003391,0.06167790604316546,10,0.7958460530016371,0.019665886522433004,10,0.1620328372657702,0.0369911254996788,10,0.2175193018325962,0.04787083123463747,10,0.44376788124510796,0.0696440050513547,10,0.21652814298868178,0.04369793818164956,10,0.8585788130760192,0.20845974958912217,10
nohidden_HO_T20_mixFP,0.4,0.01,4,0.4831794653493603,0.04747170120618523,10,0.6239063370997665,0.037959414996406815,10,0.5278569555412534,0.07156480276141401,10,0.7757847870571954,0.045643686744559896,10,0.15447848330236125,0.046832778301955834,10,0.18684325864497503,0.045675778529312615,10,0.3856929609880314,0.0870948503577504,10,0.18573983013629913,0.02749748879560553,10,0.7073846220970154,0.14499479142383706,10
nohidden_HO_T20_mixFP,0.4,0.01,5,0.467432012470325,0.07828447053869833,10,0.6125527351016044,0.06411520897337922,10,0.5178887617729644,0.10717066037715552,10,0.7701658497012791,0.03349491693381867,10,0.23089447677705865,0.041584005100360956,10,0.19692393632226032,0.06319167487016361,10,0.436015986308478,0.12414453277790778,10,0.19354761764407158,0.0416576550239098,10,0.7558248788118362,0.2170664556599387,10
nohidden_HO_T20_mixFP,0.4,0.01,6,0.4566968296019612,0.11220596551783454,10,0.6054266555091706,0.08382086090045916,10,0.5357695659307244,0.1239839903019737,10,0.7110534064273374,0.052639324354892984,10,0.3455859234660301,0.07394938909967148,10,0.18088318912016255,0.06736514475586883,10,0.37841082511984325,0.13570156889090765,10,0.18848797008395196,0.0449787914677712,10,0.7742802023887634,0.21927419173913218,10
nohidden_HO_T20_mixFP,0.4,0.01,7,0.4001028916262094,0.047388569608417995,10,0.5710164918576306,0.037861495682775415,10,0.4752530150405221,0.049560150621064704,10,0.7208391302178614,0.04003544009021372,10,0.4559052203678296,0.08127493229403353,10,0.21524731268914216,0.03274422283219029,10,0.46593921858843423,0.08570631886602702,10,0.22392709255218507,0.03502322577505226,10,1.1189142286777496,0.28556327171745893,10
nohidden_HO_T20_mixFP,0.4,0.01,8,0.5237030704839557,0.06339124787725677,10,0.6503096854145218,0.04077553994482001,10,0.6210711311022585,0.06534831484563136,10,0.6878538883783096,0.04798176917191011,10,0.4433382108634242,0.16001050736167244,10,0.1256393594424968,0.04401562802072505,10,0.2865478778874826,0.07666470343869243,10,0.14954324290156365,0.0317355937858294,10,0.5804546475410461,0.14145095866324478,10
nohidden_HO_T20_mixFP,0.4,0.01,9,0.5698780563943495,0.049902247255866714,10,0.681334365555984,0.04121021778850649,10,0.6579369741169642,0.06727270829093249,10,0.710946649479151,0.037476751947100685,10,0.5989157926990576,0.1306942521669994,10,0.10729349307796032,0.030479857373510392,10,0.298518765129487,0.08797097423509724,10,0.12988326177001,0.017088000206902338,10,0.49956224858760834,0.08298800246240116,10
nohidden_HO_T20_mixFP,0.4,0.01,10,0.21380000184965783,0.05610009033437568,10,0.45651022846482575,0.045686219951815765,10,0.35594778133476657,0.05061472043922673,10,0.6428080877746374,0.0324176710956823,10,0.6679554865261792,0.04445089446424189,10,0.3101481721155136,0.041863707084929966,10,0.6391753855901723,0.05896262397198316,10,0.33473314344882965,0.03825797579041318,10,2.1372517704963685,0.3289340834739421,10
nohidden_HO_T20_mixFP,0.4,0.01,11,0.19184765769530454,0.04054341346010041,10,0.44404307067751037,0.04190482069225771,10,0.3429011425684055,0.05528350174960076,10,0.6425575003558075,0.03420277375388418,10,0.4387090133113132,0.08209142343321653,10,0.3286206415288376,0.053486065357055294,10,0.630251618197799,0.057714388333100164,10,0.3397604048252106,0.04701144593215724,10,1.8896878123283387,0.5301509644142767,10
nohidden_HO_T20_mixFP,0.4,0.01,12,0.3894795993742515,0.05022312959611226,10,0.5629838572658266,0.05074552539035255,10,0.4597796743745855,0.058501541835196305,10,0.7303363393318054,0.041931483824549226,10,0.3100233291580792,0.04870144266133078,10,0.21311978721524918,0.029796370714265046,10,0.44391846516927086,0.053252954381767664,10,0.21740179210901261,0.01858218508183757,10,0.798479437828064,0.09286125570676322,10
nohidden_HO_T20_mixFP,0.4,0.01,13,0.5465757832656143,0.03400531241727676,10,0.6688124499056871,0.030203898796167514,10,0.6048052634168217,0.0469999885880287,10,0.751648955434342,0.038712692648726524,10,0.4289586094066129,0.096709039575188,10,0.12346809390690232,0.028675758314319587,10,0.27153862842791004,0.0568476473235208,10,0.1460636481642723,0.017351036939910285,10,0.5109027206897736,0.06778938444757872,10
nohidden_HO_T20_mixFP,0.4,0.01,14,0.4446834094456943,0.048536675971923036,10,0.5994948699715638,0.041427556784005115,10,0.485530906512314,0.05109087383917322,10,0.7880284398290782,0.01829719465226811,10,0.41819456470776634,0.04912387483174145,10,0.19734908821250335,0.03248773633237336,10,0.4734550521981261,0.06716133298264083,10,0.21829966455698013,0.02896258467341892,10,1.2673700034618378,0.37062099421339184,10
nohidden_HO_T20_mixFP,0.4,0.01,15,0.4949084029330324,0.018324963587246668,10,0.6311829876296403,0.028591956065765933,10,0.5111956540251168,0.043278478139504854,10,0.829416067389485,0.018475432006504998,10,0.35747239634824834,0.0412408756457973,10,0.18178215577539153,0.019775003807996648,10,0.4103549817278527,0.04005483717013641,10,0.1938677981495857,0.012446808770038169,10,0.8971317350864411,0.21013068528462445,10
nohidden_HO_T20_mixFP,0.4,0.01,16,0.6384632034516029,0.037248555758988305,10,0.7353846409233344,0.023613274238000623,10,0.6668564945398798,0.033442057305764786,10,0.8207381052402358,0.019230047218294747,10,0.4634436703167385,0.051554261909925896,10,0.10312101489120899,0.023390428625224387,10,0.2965075346762755,0.04760437155694607,10,0.1187988504767418,0.0210058237447742,10,0.493139973282814,0.11735453519501529,10
nohidden_HO_T20_mixFP,0.4,0.01,17,0.6671638499182506,0.02609857987199312,10,0.7560831069889802,0.013170426486167525,10,0.6928828464867383,0.018884586773187096,10,0.8322234276311395,0.008923954465281705,10,0.4826596871879545,0.0571346482500412,10,0.08453613233866791,0.013765147849555452,10,0.3156892126071775,0.017114934298158795,10,0.10404490381479263,0.015283808820700675,10,0.38837270736694335,0.05442804445695213,10
nohidden_HO_T20_mixFP,0.4,0.01,18,0.6738502691561012,0.024458236178904327,10,0.7605214345312998,0.01246901894917109,10,0.6884341798269702,0.015611002081913803,10,0.8496784822740994,0.01331276322877185,10,0.6133392309385968,0.06696904088540057,10,0.08580206942438359,0.011930126900086513,10,0.24477824451837846,0.01637079621014002,10,0.10623048916459084,0.015778454499949423,10,0.42554877400398256,0.0872329209708863,10
nohidden_HO_T20_mixFP,0.4,0.01,19,0.7677178056999323,0.027350539548845244,10,0.8289311754019868,0.011994939136929988,10,0.8008172621978578,0.020601547251367893,10,0.8593264608857174,0.0037628336013532044,10,0.43875722787758187,0.060686018858763915,10,0.04510345723249541,0.014078829598761933,10,0.23548199788068902,0.03311269349867385,10,0.06862516291439533,0.014054747487944132,10,0.24327241480350495,0.04886882733426847,10
nohidden_HO_T20_mixFP,0.4,0.01,20,0.8177954703935841,0.007724211202249111,10,0.861951182062047,0.002949353458546584,10,0.8926681036477614,0.003769539092368385,10,0.8333135417204046,0.006102431153758899,10,0.4661682368786352,0.07467496675173428,10,0.019629553109758356,0.005732179055223128,10,0.08341012105689613,0.01219945215932878,10,0.051833026483654975,0.006979371007930138,10,0.18727756142616273,0.03261952633119675,10
nohidden_HO_T20_mixFP,0.4,0.025,1,0.32288401013054646,0.07834234064105844,10,0.4832601571855545,0.052046040098381784,10,0.5162031821701866,0.0825467409934469,10,0.4579001740356583,0.04008600377194783,10,0.9075881052217003,0.10844950942103726,10,0.15544546191048422,0.04451472624099448,10,0.40355623340701996,0.0808891926746368,10,0.19854998141527175,0.03158058394613135,10,0.7744528532028199,0.14030614001131583,10
nohidden_HO_T20_mixFP,0.4,0.025,2,0.47014522156885424,0.06918201332964168,10,0.6111478416582652,0.055662329578062344,10,0.5613007636270997,0.08638358753846544,10,0.6805646711074285,0.05733831635917199,10,0.5868905655446779,0.06777196016721554,10,0.10774809066183397,0.03196325490960976,10,0.4017583290338417,0.1413910725388326,10,0.16714454293251038,0.022571753127040465,10,0.6034991681575775,0.1365101533065079,10
nohidden_HO_T20_mixFP,0.4,0.025,3,0.43820683296383545,0.0713721498507371,10,0.5964029193866416,0.048811762160271624,10,0.4814128158611912,0.06485270263437944,10,0.7925123824226861,0.019697237019953424,10,0.1735627629879375,0.039874056638196244,10,0.21271263331512066,0.04945105176135309,10,0.43579791008340596,0.07765834301287894,10,0.21504151523113252,0.04421589770302775,10,0.8513114869594574,0.20944561598582281,10
nohidden_HO_T20_mixFP,0.4,0.025,4,0.48927381907112705,0.047668631092822905,10,0.62799469383217,0.039443618592362235,10,0.5288657122099163,0.072650805750005,10,0.7859522622903372,0.0417108417507918,10,0.1562163870395867,0.04839029736297199,10,0.18619310214558701,0.04696377491273145,10,0.39589396319495307,0.0914408675098854,10,0.18461878299713136,0.02838955403681933,10,0.693437397480011,0.14488431632603735,10
nohidden_HO_T20_mixFP,0.4,0.025,5,0.47536612472900847,0.07666150559921378,10,0.6177312177680564,0.0638748528112301,10,0.518291918828252,0.10509564984800013,10,0.7846963255978748,0.03238240816241571,10,0.22628442307132168,0.04243273328231712,10,0.19859684130214986,0.06307605142361125,10,0.4427874623322262,0.12071271666163524,10,0.19306552559137344,0.041402742085492016,10,0.7506387293338775,0.21541673908805556,10
nohidden_HO_T20_mixFP,0.4,0.025,6,0.46736044829989093,0.10782153448825554,10,0.6133205361622716,0.08125003100666774,10,0.5364640968081618,0.11915610784464546,10,0.7307960972624375,0.048841684761213575,10,0.3381711929092289,0.07537096902824222,10,0.18133850199278118,0.06634425910532765,10,0.39131227737970264,0.1315801021853832,10,0.18658044934272766,0.04441642700310044,10,0.752169382572174,0.21187510134706952,10
nohidden_HO_T20_mixFP,0.4,0.025,7,0.4175015840130231,0.047312110315489604,10,0.5827928921068016,0.03666854002204228,10,0.4826440453850263,0.04924331996032955,10,0.740802542564137,0.0331358359314831,10,0.4464334995317817,0.07959643524636152,10,0.21273988690558115,0.03301702633668847,10,0.47040500383589895,0.07989704795044102,10,0.21956584602594376,0.03491315467490886,10,1.0806830883026124,0.2793332482780795,10
nohidden_HO_T20_mixFP,0.4,0.025,8,0.5413323964451447,0.06373775472905581,10,0.664479147579245,0.040211141953975876,10,0.6254179767679464,0.06532412082011255,10,0.7139213345535244,0.04277833180583764,10,0.4413582526087855,0.15655474654824375,10,0.12214157623395092,0.04417769976338824,10,0.29166580886140814,0.07904866305225262,10,0.14497285336256027,0.03203330880899746,10,0.5495007693767547,0.13604445198419557,10
nohidden_HO_T20_mixFP,0.4,0.025,9,0.5916832485126322,0.046455131719010646,10,0.6981588128474358,0.037990578605948094,10,0.6691785003298119,0.06411299240238813,10,0.7337674656221754,0.03096494259352388,10,0.5937255958947746,0.1328704778778521,10,0.10194555431187795,0.03168510870454372,10,0.29190123292882925,0.08643620352345177,10,0.1244638629257679,0.017600257020491176,10,0.477328160405159,0.08556482167954396,10
nohidden_HO_T20_mixFP,0.4,0.025,10,0.23947847550694315,0.055135191598333806,10,0.4720052393290519,0.0446826868726722,10,0.36843970733578507,0.050578765801544495,10,0.6631847903626388,0.02924524992065323,10,0.6622822300485843,0.045050830616045374,10,0.29875597826470346,0.041607777722766595,10,0.6216419088652112,0.0595178749064455,10,0.32355121076107024,0.03794925212212933,10,2.026983940601349,0.32043330798574293,10
nohidden_HO_T20_mixFP,0.4,0.025,11,0.19785534223887727,0.040921011378324684,10,0.448133025509299,0.04308736100968538,10,0.3442830155109665,0.05655506569931595,10,0.655146101189952,0.03442721893244252,10,0.42805406342055374,0.0789103941553212,10,0.3310431458346645,0.0538259829941434,10,0.6301303792056189,0.05892868395991462,10,0.34163071811199186,0.047123439354893264,10,1.9249502897262574,0.544135682985198,10
nohidden_HO_T20_mixFP,0.4,0.025,12,0.39199139290321944,0.05081384329438578,10,0.5646311083587878,0.051311084043339186,10,0.4554146974372828,0.05970059860728028,10,0.7479035909523335,0.03974138902282753,10,0.2974635658391054,0.04296328251064929,10,0.22217242704033943,0.03162802988310449,10,0.446384563270541,0.053453953726500594,10,0.2202952489256859,0.019554375105233755,10,0.8018509805202484,0.09639045083245071,10
nohidden_HO_T20_mixFP,0.4,0.025,13,0.5523458386583756,0.0324636230973219,10,0.6734819682407739,0.02751917146168924,10,0.5995436589256388,0.04392314686188331,10,0.7716543534997635,0.03449914700019756,10,0.4125998828245153,0.09341921219152799,10,0.13184200733534407,0.028569078426828497,10,0.2827420932150073,0.0545172200367271,10,0.1474180743098259,0.017951127970111745,10,0.515949672460556,0.06909240735372188,10
nohidden_HO_T20_mixFP,0.4,0.025,14,0.4525890509231024,0.04824098993973671,10,0.6040410256118613,0.0409439760822893,10,0.484930000793556,0.050578911164660144,10,0.80582439260005,0.02144218777103343,10,0.40511193645839183,0.04687819940710061,10,0.20339260090981592,0.031150473697261222,10,0.46057487851621365,0.06117754406813522,10,0.21816956549882888,0.02871947698257448,10,1.2280466318130494,0.3727415821977011,10
nohidden_HO_T20_mixFP,0.4,0.025,15,0.4951692171182967,0.018602615551239623,10,0.6300964620061423,0.029580263038166608,10,0.5042133758200971,0.04481270322483771,10,0.8453396852339573,0.022006962540909253,10,0.3452889627655408,0.03850220706535741,10,0.1922934157470754,0.021779640122994357,10,0.4334688717485502,0.04331602408907046,10,0.1975215658545494,0.012965192415932672,10,0.8924213349819183,0.2061616944774014,10
nohidden_HO_T20_mixFP,0.4,0.025,16,0.6305481438206165,0.03577211847698094,10,0.7293307998970018,0.022898724508798495,10,0.6467805851232333,0.031345804880187234,10,0.8371637587920364,0.019930691608015794,10,0.4448765406573004,0.04593985909121809,10,0.11601505074558163,0.021793662810855804,10,0.3352577089282208,0.04299134527642294,10,0.12419626414775849,0.02026663938248058,10,0.5126894235610961,0.1153272360652667,10
nohidden_HO_T20_mixFP,0.4,0.025,17,0.6603768073212639,0.02454330932697621,10,0.7508792461008885,0.012271814060577984,10,0.6740282851531,0.016467509885273,10,0.8477151963186003,0.009332573825772062,10,0.4595281078834634,0.05363835672109871,10,0.09617698636115081,0.011778236673743708,10,0.35525794865126153,0.020366361103304517,10,0.1088658668100834,0.014533546648214681,10,0.40564760863780974,0.052073501544140484,10
nohidden_HO_T20_mixFP,0.4,0.025,18,0.6684499944401188,0.02307717420536789,10,0.7560173577202034,0.011752633457163082,10,0.6718676458970626,0.015803796044325146,10,0.8646022956067554,0.014729071781578219,10,0.5946113858323737,0.06153896189436807,10,0.09667575465086739,0.00967281809282654,10,0.2899074946055716,0.01680407357631405,10,0.10985624492168426,0.014851809654442195,10,0.428549188375473,0.08184254339107021,10
nohidden_HO_T20_mixFP,0.4,0.025,19,0.7532418000334298,0.024518506167621468,10,0.8184880400244964,0.009812896200462681,10,0.773527792358239,0.014381747667133462,10,0.8690897132611235,0.004989499071426065,10,0.425369389570548,0.05536473751102817,10,0.05659186598006849,0.012433961909791444,10,0.2811339342956026,0.018240072177200747,10,0.07457936964929104,0.013507617230284928,10,0.26511081010103227,0.04821828439431331,10
nohidden_HO_T20_mixFP,0.4,0.025,20,0.8004014902684944,0.007773730327584403,10,0.8505125330770552,0.0031934603035677495,10,0.8603687226199049,0.006698812084214232,10,0.8409612135959674,0.007379476765091061,10,0.44596774210671447,0.0709032536275021,10,0.026865582933563847,0.005875675162283898,10,0.14136026469870838,0.014118354953646304,10,0.05757424496114254,0.007367391137616587,10,0.2111971527338028,0.03581252359634092,10
nohidden_HO_T20_mixFP,0.4,0.05,1,0.3422054500719389,0.07493596106459607,10,0.4944268829383546,0.050739382586851366,10,0.5373295600465876,0.0815467568885842,10,0.46120960760787855,0.04076952634859608,10,0.9066644150532424,0.10725246246308273,10,0.14278074367041058,0.038893067690159974,10,0.36935181634786474,0.08981753115593372,10,0.18853075355291365,0.0294677295325207,10,0.7133922815322876,0.1289780630641819,10
nohidden_HO_T20_mixFP,0.4,0.05,2,0.47962916453172755,0.0676205130503321,10,0.6163651027032355,0.05406152978791629,10,0.5774721940112284,0.08675660121470452,10,0.670167732282543,0.056086752571962786,10,0.5993829562714985,0.06730571300911474,10,0.09576988055488227,0.027934858333663402,10,0.3742978091937807,0.14511285154679082,10,0.15902495235204697,0.021535202861878124,10,0.5620703667402267,0.1239823637931358,10
nohidden_HO_T20_mixFP,0.4,0.05,3,0.44200984533127013,0.074068281646536,10,0.5990291778837127,0.05069431694088307,10,0.4878888427816565,0.06918664341670439,10,0.7856521736590667,0.01997724568247202,10,0.196532206929867,0.04465331645663388,10,0.20251231500733743,0.050993431464732945,10,0.423263835117157,0.0831141549364641,10,0.21092325448989868,0.04377893773372268,10,0.8307700753211975,0.20725483899915811,10
nohidden_HO_T20_mixFP,0.4,0.05,4,0.4986736632019023,0.04605421032170547,10,0.6342496956281994,0.040442924567727044,10,0.5314534978409178,0.07271862294008892,10,0.7990827316396257,0.03550750802750426,10,0.16609391779912389,0.05290851816178281,10,0.18301640435897962,0.04758815575504818,10,0.41108281929434964,0.0921502295501171,10,0.18201374858617783,0.028693637578466904,10,0.6702966868877411,0.14020163152296464,10
nohidden_HO_T20_mixFP,0.4,0.05,5,0.48425267163166774,0.07420289451443479,10,0.6233950939613453,0.06320065791229977,10,0.5171733913653199,0.10096966546285942,10,0.8038615973850549,0.02954612539567014,10,0.22273918507193663,0.04648501047749115,10,0.20187148210112768,0.06224852551365489,10,0.4578361649610792,0.11630150014703029,10,0.19354356080293655,0.04103117029003573,10,0.7489612519741058,0.21334613441632458,10
nohidden_HO_T20_mixFP,0.4,0.05,6,0.4804590196289559,0.10103385829228756,10,0.6227458503403809,0.07726892786634637,10,0.5349778593337736,0.11167196571663286,10,0.7594796302989724,0.0423911895650468,10,0.32811070133249387,0.07729999796249012,10,0.1835438256365882,0.06470115768224753,10,0.41369958397284734,0.12458450748844294,10,0.18493781834840775,0.04371930224386439,10,0.7251060217618942,0.20124536299583692,10
nohidden_HO_T20_mixFP,0.4,0.05,7,0.4385663147642048,0.045147520715695305,10,0.5967623880386359,0.0342691741265556,10,0.49012730439712016,0.04670012569307515,10,0.7674353908037508,0.02397371135053879,10,0.43243334874351974,0.07805587698015029,10,0.21052536828838173,0.032534101147042055,10,0.4822976628436074,0.06743529402108638,10,0.21432944089174272,0.033761148358715486,10,1.0252981305122375,0.26464760535466075,10
nohidden_HO_T20_mixFP,0.4,0.05,8,0.5609819862511094,0.060099554767394786,10,0.6801081149775139,0.037228968524848395,10,0.6248481384654829,0.06003736401622645,10,0.7506136620000904,0.03648140856009745,10,0.4365157654214638,0.14732676813115939,10,0.12066686773782027,0.04275361082405202,10,0.30931615288118164,0.07792302212458865,10,0.1404803976416588,0.03131064677344233,10,0.5166994035243988,0.12451016667819882,10
nohidden_HO_T20_mixFP,0.4,0.05,9,0.6138964484351326,0.04328623458598047,10,0.7155587501952263,0.03502419888181234,10,0.6761600587848442,0.05869912014958026,10,0.7631258680453545,0.024632653811285047,10,0.5840501600423543,0.1355286637799824,10,0.0990088068788513,0.03181275453660565,10,0.2926067127295324,0.08140531455553118,10,0.11969211995601654,0.018602355969259434,10,0.45870097279548644,0.0905126171823905,10
nohidden_HO_T20_mixFP,0.4,0.05,10,0.27181011594475823,0.053169936338815844,10,0.49162975191568686,0.04339735626600505,10,0.3839433213904385,0.050243924836144566,10,0.6898633211625598,0.02531955555543307,10,0.6541848478832514,0.04573719188725552,10,0.2847850334880213,0.040402510063694046,10,0.5956121448801425,0.06044507920552852,10,0.3090273946523666,0.036901298068706144,10,1.8596822023391724,0.3040311856470741,10
nohidden_HO_T20_mixFP,0.4,0.05,11,0.2054935944686457,0.04161198950826528,10,0.45312697427314463,0.04495055041309284,10,0.34599114019662175,0.0582855442531944,10,0.6704737982055047,0.034415253574387364,10,0.41605683403175864,0.0743532740526039,10,0.33326540867434495,0.05364309339090325,10,0.6281733986374378,0.06033786997243481,10,0.34277555644512175,0.046310633515350266,10,1.943698227405548,0.541254842682112,10
nohidden_HO_T20_mixFP,0.4,0.05,12,0.38981663482632756,0.0522616345669508,10,0.5629590337199651,0.0528491978337474,10,0.446646410069859,0.0617643782448829,10,0.767560648006935,0.03677554110359656,10,0.2800717849832007,0.037515742225871486,10,0.23546947868334275,0.03457335604179282,10,0.4550819346158182,0.0519408018360776,10,0.22622435986995698,0.021018042568926847,10,0.8130694150924682,0.09950221628104958,10
nohidden_HO_T20_mixFP,0.4,0.05,13,0.5546905878464552,0.030363883038786503,10,0.6753592683606615,0.024531675342643083,10,0.5881393641669563,0.03960681665493936,10,0.7960212443761808,0.030003103269542426,10,0.39098819947627295,0.08747761316228941,10,0.14466647324244358,0.02787143585897202,10,0.30285941454162535,0.053446396788676534,10,0.15097368955612184,0.01839396233134672,10,0.5273498058319092,0.06975009087299842,10
nohidden_HO_T20_mixFP,0.4,0.05,14,0.4593904572489816,0.047577442003222024,10,0.6073396945467135,0.040445974828509146,10,0.4818814523259839,0.04987516943000247,10,0.8268557479338922,0.026535311109898974,10,0.39165614952245,0.04509482286642087,10,0.2125952840660849,0.029185536902385074,10,0.4604143146283734,0.04949233587143351,10,0.21939087957143782,0.027873019076919754,10,1.1703180909156798,0.37185395240721686,10
nohidden_HO_T20_mixFP,0.4,0.05,15,0.4904739942319596,0.01974269046308469,10,0.6252521643603005,0.03207309591128506,10,0.4930697375834196,0.047528867384644694,10,0.8611423988303919,0.024560444894073122,10,0.3347721412447343,0.03652660556763685,10,0.20655703571136294,0.024797342124711637,10,0.47870476713468985,0.04973941539940097,10,0.20401773154735564,0.014240933450300674,10,0.8854970753192901,0.19868337838208772,10
nohidden_HO_T20_mixFP,0.4,0.05,16,0.6125329661226797,0.03230870648628356,10,0.7153466169141702,0.02205918204571627,10,0.6167942346569519,0.030714246668587943,10,0.8528235693828347,0.02127967286918936,10,0.4243664969814939,0.04013977722706558,10,0.13441555991689763,0.02031624463413098,10,0.3897856138177954,0.0420792743856511,10,0.13437220230698585,0.018719879793993394,10,0.5499846994876861,0.11143388193424779,10
nohidden_HO_T20_mixFP,0.4,0.05,17,0.6435720416228524,0.02085367911181024,10,0.737768994119703,0.011604485518335568,10,0.6442349231776701,0.016666216551897303,10,0.8634367127246587,0.010682232750909092,10,0.4298461416643729,0.048379486323717094,10,0.11422561630220915,0.009508079190583748,10,0.40699571813720503,0.032144573605524765,10,0.11889029294252396,0.012861437533844361,10,0.4443295389413834,0.04675771431564672,10
nohidden_HO_T20_mixFP,0.4,0.05,18,0.6530359401849736,0.019661485010588595,10,0.743572402796179,0.011493504808428411,10,0.6441498421742591,0.018339158660912326,10,0.8799867434993788,0.016964181075773185,10,0.5685578034564381,0.05252494928933722,10,0.11365094041308813,0.006817520959545955,10,0.35054853130736807,0.026264333191237617,10,0.11794843301177024,0.0127854013381176,10,0.4443661063909531,0.07138224828897739,10
nohidden_HO_T20_mixFP,0.4,0.05,19,0.7262263530279152,0.019192139870849334,10,0.7982926050733253,0.00650469808711101,10,0.7307476578553338,0.00861023065068995,10,0.8796671984989454,0.007303839035031774,10,0.40784977678429113,0.0475573924737232,10,0.07530463813988744,0.009747301494236069,10,0.3423895432081224,0.00796097435931538,10,0.08632294237613677,0.012162060358063182,10,0.31065205335617063,0.045367696649531275,10
nohidden_HO_T20_mixFP,0.4,0.05,20,0.7682177774541712,0.007051932866720425,10,0.8281714089285911,0.004642135025309443,10,0.8077349158149086,0.013176863849570912,10,0.8499383100008286,0.010096133423108585,10,0.4142548356341133,0.06458628814723429,10,0.04271204413782968,0.004957391848455157,10,0.22374369467464117,0.023204475500829092,10,0.06914032064378262,0.0075867413946235215,10,0.26109915375709536,0.03973529607058309,10
nohidden_HO_T20_mixFP,0.4,0.1,1,0.3838707157432578,0.06815955157851966,10,0.5199904551680365,0.048016502387622256,10,0.5828595489306727,0.07886694957458877,10,0.47228721175260324,0.04195053941866232,10,0.901017996470285,0.10657180837866179,10,0.11877805004945725,0.028973514530195105,10,0.3088815697919943,0.09134317856105026,10,0.16954323798418044,0.025109959140337063,10,0.6101730406284332,0.1031810418744783,10
nohidden_HO_T20_mixFP,0.4,0.1,2,0.4955254464183455,0.0625052789167938,10,0.6243972654104325,0.04976949076299002,10,0.6071095425389,0.08609502801262722,10,0.6509490090923855,0.05289882250158733,10,0.6238309508150396,0.06599451153566509,10,0.08040907397320268,0.02102416122089557,10,0.308117585830251,0.14557125867267415,10,0.1454865574836731,0.01903224425842312,10,0.4938000053167343,0.09700932344453178,10
nohidden_HO_T20_mixFP,0.4,0.1,3,0.4523925324200211,0.06739499244900814,10,0.605777008756214,0.04650603201780795,10,0.5038191668420591,0.06774615227846979,10,0.7685685343807588,0.02124964496739464,10,0.24741011343070946,0.05249873208919972,10,0.1768796306313035,0.04982922099918552,10,0.4027608932805853,0.06668897751132714,10,0.1987055853009224,0.03889090937098834,10,0.7652019202709198,0.18892222466655706,10
nohidden_HO_T20_mixFP,0.4,0.1,4,0.5160687421382691,0.03916430559474463,10,0.6461142657963431,0.03803495079120395,10,0.5415976646449366,0.06827798874999202,10,0.811770433108905,0.02935110831192874,10,0.2055322377325107,0.0607320128395497,10,0.16975710678043182,0.04476153280744117,10,0.4228573400100518,0.08528984710833405,10,0.17419687211513518,0.026097423154700077,10,0.6232382953166962,0.11855955289271575,10
nohidden_HO_T20_mixFP,0.4,0.1,5,0.4935445106042507,0.06884425573294785,10,0.6292676414048515,0.05998452133137407,10,0.5142236800087321,0.09067897946500605,10,0.8267658189985561,0.022716184918043322,10,0.22809891555493794,0.051468825441281375,10,0.20466977837219358,0.058221356566887865,10,0.4837301717496625,0.10493567143779653,10,0.19496269077062606,0.039619161112652346,10,0.7496093362569809,0.2058992064058307,10
nohidden_HO_T20_mixFP,0.4,0.1,6,0.4969511288772782,0.08704378628581193,10,0.6335611051861105,0.06907872601849331,10,0.5286365107086766,0.09733646906345576,10,0.8039243532608585,0.029579037016380705,10,0.31627146455879146,0.07823179733470081,10,0.1889459415005347,0.06019950528869482,10,0.4570991313909317,0.10375748662220166,10,0.18421237170696259,0.04165458707741232,10,0.6944641798734665,0.18252968643286568,10
nohidden_HO_T20_mixFP,0.4,0.1,7,0.4651571652363171,0.0390198719251793,10,0.6136707192689931,0.02911983250111457,10,0.49774469290229034,0.04000179499555921,10,0.8036332839806264,0.015416451980347582,10,0.4094229261589919,0.07445349065382018,10,0.20784255606618976,0.029690934755982216,10,0.5115849512296464,0.04524155991916729,10,0.2069442167878151,0.02993603964913176,10,0.9350020349025726,0.2242458253472771,10
nohidden_HO_T20_mixFP,0.4,0.1,8,0.5837264942432252,0.048323984006106296,10,0.696642722940915,0.028741552361217098,10,0.6162670543028985,0.04794209134312182,10,0.8051132217724352,0.033094127105659,10,0.4319002417957911,0.1303636297259687,10,0.12447161207869288,0.03904906711690862,10,0.3552696545945563,0.06962353070387392,10,0.13708062320947648,0.028248792645846652,10,0.4885015070438385,0.10400364908673047,10
nohidden_HO_T20_mixFP,0.4,0.1,9,0.6306407626733889,0.04231409565223623,10,0.7290331932470216,0.03263603981254512,10,0.669770660011854,0.050940346097015754,10,0.8023503306316153,0.021837227013424394,10,0.5667126859784284,0.13770773076192946,10,0.10275527609857038,0.03069353027623159,10,0.3216647130885834,0.07043991353769294,10,0.1186584897339344,0.02098344121233979,10,0.4567132472991943,0.09946529074796794,10
nohidden_HO_T20_mixFP,0.4,0.1,10,0.3193870834623074,0.04901051126997258,10,0.5205412577915556,0.04148324267056534,10,0.4065845249820845,0.04951478481605542,10,0.7297432243295155,0.020382974265937954,10,0.6356365465803416,0.04539533950947862,10,0.2642164490934798,0.037133469861773134,10,0.5669655847610423,0.05639860017766332,10,0.2855789303779602,0.03390697742008579,10,1.5520241498947143,0.25754328962349,10
nohidden_HO_T20_mixFP,0.4,0.1,11,0.22110011098812693,0.0447385878656779,10,0.46264639411746505,0.04828634426473847,10,0.3507657237315648,0.06133455342017672,10,0.6941125659629476,0.03361186694145641,10,0.3985093641692862,0.06682715813622624,10,0.33239803003115076,0.05346456995738561,10,0.6223858584840191,0.06166117876023566,10,0.34034658074378965,0.0446250823570645,10,1.9101437687873841,0.5016029488155581,10
nohidden_HO_T20_mixFP,0.4,0.1,12,0.38055360376156633,0.056845312140030926,10,0.5561233308383584,0.056411101322750436,10,0.42955304695538976,0.06575662954288537,10,0.7977086955548334,0.031355834350878124,10,0.25904493645178805,0.0369813711447426,10,0.25906036044074165,0.04120929810998516,10,0.48351397406066016,0.04842427118528831,10,0.23976051956415176,0.02592181836107823,10,0.8474749445915222,0.10132219772364161,10
nohidden_HO_T20_mixFP,0.4,0.1,13,0.5406342938558072,0.02529691435975998,10,0.6643016526248566,0.023129031295089007,10,0.5541857092452168,0.03431441115410905,10,0.8315018670182862,0.02342485900264072,10,0.3502368627099146,0.07344502767249159,10,0.17311926508048076,0.026015595045892823,10,0.3669795974730346,0.05001716645985978,10,0.1638980656862259,0.017506282123825583,10,0.5676872730255127,0.06738204768196306,10
nohidden_HO_T20_mixFP,0.4,0.1,14,0.4594531412221417,0.042850753427866525,10,0.6046752241264066,0.03926877596494728,10,0.46941812729172805,0.048801465791914744,10,0.8565469160458073,0.03257908574103169,10,0.36260242427911143,0.043776438158805324,10,0.23310492955336465,0.027652566190653514,10,0.4973879420949915,0.033736929684569726,10,0.22659843862056733,0.025094501590984846,10,1.0771654903888703,0.34984710985868855,10
nohidden_HO_T20_mixFP,0.4,0.1,15,0.47661320635977933,0.0232921722053263,10,0.6135683904778045,0.03707162350495985,10,0.4738962427203125,0.051844533398553355,10,0.8787173239551063,0.023989371351603207,10,0.3210415458313741,0.03474661353087721,10,0.22971562936932774,0.029315645297889215,10,0.5462758926663396,0.0614078270088472,10,0.21711951792240142,0.017620620966366077,10,0.8820718050003051,0.17948376043586994,10
nohidden_HO_T20_mixFP,0.4,0.1,16,0.5736240095349739,0.026312531261975792,10,0.6852070722271489,0.023189098562735492,10,0.5662321184196629,0.03460442545361712,10,0.8701134310368458,0.022280346749550553,10,0.4006137171971839,0.037857982970425225,10,0.1659592912889104,0.020394635394042064,10,0.4716813153100756,0.04295721128849372,10,0.15646419376134874,0.016195353271172164,10,0.6337084114551544,0.10442242143041523,10
nohidden_HO_T20_mixFP,0.4,0.1,17,0.6039733671166012,0.014289897151305212,10,0.7068025565285179,0.015237363189936789,10,0.5903377696722221,0.024280422479830484,10,0.8816935364511768,0.012015990593413422,10,0.3875450247007287,0.04258543841971705,10,0.14886014876391268,0.009197874827818515,10,0.49122018405043866,0.04883695053277434,10,0.1430939629673958,0.009718951968371381,10,0.5470211505889893,0.03986796309409271,10
nohidden_HO_T20_mixFP,0.4,0.1,18,0.6136182091184791,0.01278032426439858,10,0.7122126200637674,0.015821000518958492,10,0.5911614499147095,0.027455492833236544,10,0.8975181718858736,0.019386650124807378,10,0.5265856524631937,0.03628442734711751,10,0.14690680582900645,0.00795617968846598,10,0.4510998563770235,0.042012817205713746,10,0.13885967582464218,0.008351256584814722,10,0.506291538476944,0.0493384912092109,10
nohidden_HO_T20_mixFP,0.4,0.1,19,0.6676300348763267,0.009823701961622739,10,0.7534266633312969,0.010718986551785619,10,0.652357463135226,0.01991600017072517,10,0.8922817383681417,0.010188423964304753,10,0.37903822623814964,0.03683093587641713,10,0.114062139110882,0.005369355512507423,10,0.4409068899342419,0.029390531546363643,10,0.11525207757949829,0.008668840387079765,10,0.4336816489696503,0.034936925903369165,10
nohidden_HO_T20_mixFP,0.4,0.1,20,0.6969949825735008,0.005436091061031946,10,0.776284845270516,0.01108532922968163,10,0.7071119164513758,0.02651917621041779,10,0.8616279670888695,0.01495040744855779,10,0.3560384835551057,0.0529322058446886,10,0.08209098532863343,0.00212726875945469,10,0.35586154259100267,0.03916322490941148,10,0.09904581010341644,0.006552093006072863,10,0.40068509578704836,0.042874596324703466,10
nohidden_HO_T20_mixFP,0.4,0.2,1,0.4599585207019955,0.041871151983024574,10,0.5740963077212592,0.033858887514858424,10,0.6559571667482034,0.06202814188591802,10,0.5131228418920455,0.038384369346785956,10,0.8555537106005646,0.11693155591062107,10,0.083464453972904,0.010905273315314433,10,0.20599724672497816,0.05760389093917815,10,0.14311031997203827,0.01284962487497213,10,0.486303386092186,0.041893772403724105,10
nohidden_HO_T20_mixFP,0.4,0.2,2,0.5300885429109625,0.04652933480600813,10,0.6429272779658529,0.03750003317411076,10,0.6658889448643548,0.07455834547706607,10,0.6270548187120576,0.04384607537011737,10,0.6657404349856968,0.06372773849327674,10,0.06945326301568229,0.012841279931000565,10,0.22251628602474766,0.08981833954262568,10,0.1266379900276661,0.012743510805290289,10,0.4167934596538544,0.04805979229233695,10
nohidden_HO_T20_mixFP,0.4,0.2,3,0.4704580374263828,0.041899946225524,10,0.6165274326564347,0.03060500277808855,10,0.5396084759338479,0.053507527178168646,10,0.7244518204064013,0.023935861797840446,10,0.38343875889534884,0.05755267068579311,10,0.13163920765151943,0.03236107357699153,10,0.3659420355269952,0.05999374279655339,10,0.17211029678583145,0.027404829893748088,10,0.6054689705371856,0.12649134060288006,10
nohidden_HO_T20_mixFP,0.4,0.2,4,0.5274978912456552,0.021809704886592552,10,0.655025587504508,0.026080698291496975,10,0.5630684974624373,0.05188640342997212,10,0.7897823343416392,0.03544427973625752,10,0.3294979337541306,0.07040203721818013,10,0.13546636406537377,0.029852576899760848,10,0.42912022340533557,0.06666350699443944,10,0.15908702909946443,0.017721915794129593,10,0.5475495398044586,0.07382725996006209,10
nohidden_HO_T20_mixFP,0.4,0.2,5,0.5049365813686337,0.04952687067209598,10,0.6379501592398422,0.04658785769954398,10,0.5239105148605523,0.06934641505388339,10,0.8247681418024794,0.015276499976432805,10,0.28623527392870024,0.05337838541028905,10,0.18382619673149242,0.04298330115985227,10,0.5125133935602759,0.06684113776675865,10,0.18699616938829422,0.028583264107074353,10,0.700951737165451,0.14648889165980247,10
nohidden_HO_T20_mixFP,0.4,0.2,6,0.5202314048661932,0.04932268425315557,10,0.6473631639230184,0.04686621206626531,10,0.5288451696016604,0.07003617598479757,10,0.8446561648496387,0.024760374699404775,10,0.3536092491372117,0.06811825464124344,10,0.18382464697263423,0.0432207914317408,10,0.5144891074267591,0.06985259830556322,10,0.1783045381307602,0.028487776292532803,10,0.6492251276969909,0.124562496845628,10
nohidden_HO_T20_mixFP,0.4,0.2,7,0.48855079448242034,0.02340378284385552,10,0.6273983917655622,0.022742389288218725,10,0.5033137716948392,0.032972137301283226,10,0.8355599107952049,0.01473493490782995,10,0.4023757917548047,0.06535405099975833,10,0.2012203216670086,0.021465336055382596,10,0.558630744324781,0.037175100869231634,10,0.19913241565227507,0.019599193098312616,10,0.8281646549701691,0.13308887730763883,10
nohidden_HO_T20_mixFP,0.4,0.2,8,0.5882807261854447,0.02657525475599851,10,0.697563167046449,0.018155897731146224,10,0.5918121936137805,0.03592652167448685,10,0.852989981057249,0.02852149048024801,10,0.461699843730103,0.10448969580088237,10,0.13756410251056958,0.03170402073792077,10,0.4394456412291691,0.05734923648996085,10,0.14275270849466323,0.021469650997966473,10,0.5131918519735337,0.08058830697014639,10
nohidden_HO_T20_mixFP,0.4,0.2,9,0.6118377457266445,0.03867226110684835,10,0.7155848783311607,0.027649509928202715,10,0.6260282613829583,0.041621073482219634,10,0.837406995979252,0.019710280823833685,10,0.5512441061677553,0.12902581683809278,10,0.1218545070141654,0.028123277149318664,10,0.421255761185985,0.06560293782125826,10,0.13237925097346306,0.023157198659613725,10,0.5136135637760162,0.10408803585757054,10
nohidden_HO_T20_mixFP,0.4,0.2,10,0.38688414275067085,0.0404742630672753,10,0.5617123318824638,0.03815696335756562,10,0.4407592729238191,0.04769463046419216,10,0.780129261441508,0.017734256137001993,10,0.5966188580722818,0.043982814796204674,10,0.2296923521311279,0.028144923797498625,10,0.5874641116821608,0.057162742911067106,10,0.2431355819106102,0.02495210320124612,10,1.0551971077919007,0.1524047371986437,10
nohidden_HO_T20_mixFP,0.4,0.2,11,0.2649113775418637,0.049615145801917906,10,0.4877822008293277,0.0518499002801752,10,0.3691203738323283,0.06474556352757523,10,0.7339210771128081,0.033701395733480556,10,0.39191803360701505,0.06256298050476942,10,0.31356179170572973,0.054073030881180685,10,0.6070770343509684,0.06651557324567349,10,0.31987123787403104,0.04246268671325527,10,1.6759180545806884,0.37646097642775433,10
nohidden_HO_T20_mixFP,0.4,0.2,12,0.37869314944390486,0.056966848256328556,10,0.5520049590221162,0.0570532675238713,10,0.4130016058523573,0.0678223093559093,10,0.8461846317748292,0.02502775317133086,10,0.26157780318741136,0.05370182950641769,10,0.28835706347127454,0.051593252574410754,10,0.5275201206088485,0.04707867798704775,10,0.25648877024650574,0.034026896245359727,10,0.891469395160675,0.114377665733049,10
nohidden_HO_T20_mixFP,0.4,0.2,13,0.4888206641260749,0.026887023208096127,10,0.6236871406816226,0.032830365769259996,10,0.48618770011737233,0.04237769630151064,10,0.8738947286149281,0.01582748202093661,10,0.31808728526205143,0.06991886110781724,10,0.22754775146597211,0.028867710321135415,10,0.4957793823256603,0.04644026725523438,10,0.2007373720407486,0.017153036487900414,10,0.6926659405231476,0.05868294885825407,10
nohidden_HO_T20_mixFP,0.4,0.2,14,0.44352166564267553,0.03256192698370123,10,0.590219360518821,0.03895203748267489,10,0.4445860788360799,0.048849976751771884,10,0.8871633929684288,0.03209957820758716,10,0.3302920569909756,0.0428766945381092,10,0.2657275639221431,0.03254445613607389,10,0.5943298797024752,0.03290151744886144,10,0.2447361797094345,0.02421960594641829,10,1.018165647983551,0.23190178659351748,10
nohidden_HO_T20_mixFP,0.4,0.2,15,0.46288978012677084,0.027927800442630126,10,0.6025751764910442,0.040912933586480765,10,0.45724164937867257,0.05302697599471141,10,0.8925577073075368,0.01883061611584741,10,0.3178156918971881,0.034729009837671715,10,0.25476493636106945,0.031320009308701234,10,0.6045543319511832,0.0605325133521181,10,0.2327969878911972,0.020908666178348956,10,0.9311613321304322,0.1429430766681207,10
nohidden_HO_T20_mixFP,0.4,0.2,16,0.519587849767268,0.02412418896694533,10,0.6447332914026085,0.0277487177638006,10,0.5101925454332336,0.04028188785398389,10,0.8802999986252059,0.022448521059979326,10,0.41312916735660554,0.04882495151052559,10,0.20271258622324434,0.024610297276479894,10,0.5431712052085824,0.03921483594558972,10,0.1902478888630867,0.01637205638088935,10,0.7783138573169708,0.09515676264487835,10
nohidden_HO_T20_mixFP,0.4,0.2,17,0.5379943813652813,0.01402406442844562,10,0.656588618188598,0.02474082583548869,10,0.5198538608524094,0.035156126317213876,10,0.8940883307896108,0.013365064123923165,10,0.3642449963894735,0.04075039798600053,10,0.20111283381538944,0.016383227819093175,10,0.5884964865813104,0.05143134793206004,10,0.18843161761760713,0.011244999871238802,10,0.7706429183483123,0.060704913751247765,10
nohidden_HO_T20_mixFP,0.4,0.2,18,0.5450580253586372,0.01171984659613827,10,0.6599246776236992,0.025321768854258353,10,0.5201912347530963,0.03768725617196099,10,0.9065464463932781,0.02036447523465103,10,0.4881046119066167,0.02904135965766226,10,0.19804620909551376,0.01701547785084902,10,0.562647953945009,0.04827293499547133,10,0.18067191988229753,0.008606292331422492,10,0.6854737341403961,0.03848974570781824,10
nohidden_HO_T20_mixFP,0.4,0.2,19,0.5680217462700371,0.009812972555264983,10,0.6780215638789377,0.023255262948607008,10,0.5456528273200094,0.03447731117485528,10,0.8979365803691441,0.012247898313168082,10,0.35254458373071645,0.029817276559152898,10,0.1806098935371679,0.009678734114307338,10,0.5575488784251192,0.042564226818128915,10,0.17497465759515762,0.007014438866850926,10,0.7394239842891693,0.03487663625424056,10
nohidden_HO_T20_mixFP,0.4,0.2,20,0.5696603899798157,0.008474852882024056,10,0.6820678577218056,0.02177321396445279,10,0.5645302976161994,0.03860286356004409,10,0.8651657935978356,0.02087958638320748,10,0.2790967744318019,0.03721807658513935,10,0.16134645747399956,0.007988700160443566,10,0.4999238325017802,0.03808314550383906,10,0.16859670281410216,0.005821765235493031,10,0.7998587787151337,0.05019183328942837,10
nohidden_HO_T20_mixFP,0.45,0.01,1,0.2923312308312264,0.06675318294655785,10,0.46136531414732235,0.04121478931182952,10,0.48986025082496615,0.07391136142514158,10,0.44002401556479465,0.029245448057386284,10,0.9094508664234983,0.10964416968361097,10,0.16949686003985115,0.04601123199213255,10,0.44169426521563626,0.07215409142531296,10,0.211179518699646,0.03028367249333797,10,0.8520644962787628,0.14069523697118624,10
nohidden_HO_T20_mixFP,0.45,0.01,2,0.43785923095766616,0.06680393793374247,10,0.5890375912949616,0.05410896064473153,10,0.534271616963442,0.08266230948795837,10,0.6666810341166072,0.05964529239988806,10,0.5823342336364774,0.06981621427716865,10,0.12095874554443213,0.03286149140782676,10,0.4389654786674525,0.134299066730468,10,0.1797045275568962,0.021831945040439303,10,0.6523728281259537,0.13779809368227688,10
nohidden_HO_T20_mixFP,0.45,0.01,3,0.43299812013091293,0.06530964595583974,10,0.593129162336857,0.04428464130577313,10,0.4820677009186903,0.060047041520874395,10,0.7784923818024011,0.022134008747727228,10,0.15975898413653883,0.03933215678370304,10,0.20825331052416188,0.04450045932442755,10,0.4319465449759273,0.07295152578284719,10,0.21203246861696243,0.03928984755463448,10,0.8226994156837464,0.17727665814550833,10
nohidden_HO_T20_mixFP,0.45,0.01,4,0.4827719247171397,0.0433191737115871,10,0.6237008311974399,0.0340419898994489,10,0.5313188462821625,0.06886179819174221,10,0.7677118475223834,0.046132367697693175,10,0.16077100222922674,0.047979135763525436,10,0.17974487953398316,0.04483694002852512,10,0.37519715602720993,0.08805324904901297,10,0.18274587988853455,0.02614603136695849,10,0.6803226888179779,0.13261923918388038,10
nohidden_HO_T20_mixFP,0.45,0.01,5,0.46470032327247796,0.0711840636166652,10,0.6105933280571193,0.059176804656485976,10,0.517997297240181,0.10299170265500703,10,0.7635717151399837,0.03474868261883936,10,0.23196563474145906,0.0437505009004772,10,0.19322641703478113,0.06060856073597425,10,0.4268344583169819,0.11984585036130917,10,0.19214012771844863,0.03811190925827323,10,0.7390412211418151,0.19734889593521,10
nohidden_HO_T20_mixFP,0.45,0.01,6,0.46016615545453676,0.10612157544907432,10,0.6074856220126228,0.07884723484790518,10,0.5404876730510331,0.1232593780288885,10,0.7092661034533219,0.04613008839073251,10,0.3534260479974721,0.0831285836075424,10,0.175063255749546,0.06609489281845908,10,0.3717927331471914,0.1323698505568239,10,0.18571493700146674,0.04303587896009997,10,0.7484501749277115,0.2059097377696021,10
nohidden_HO_T20_mixFP,0.45,0.01,7,0.40852884414165097,0.04404732838704175,10,0.5765124970359328,0.034474323052169444,10,0.48379368812466117,0.046772832543023085,10,0.7180368722943951,0.033394074412690135,10,0.4675705629394957,0.08360629228534132,10,0.206413541726688,0.02953049740286343,10,0.45628559121130613,0.07847245585719043,10,0.21761530339717866,0.032053743415248775,10,1.0643947184085847,0.25335540985580907,10
nohidden_HO_T20_mixFP,0.45,0.01,8,0.5338748445472635,0.05960106794568706,10,0.6568073030126166,0.0379074806677656,10,0.6337462859622935,0.06370390927761646,10,0.6863287114964994,0.042108410907152505,10,0.4629681105623763,0.15418185096270237,10,0.11463569447182938,0.04015681290202848,10,0.26589807821748834,0.07597792936115291,10,0.14407734349370002,0.02931026913866418,10,0.5497471064329147,0.12394094418776933,10
nohidden_HO_T20_mixFP,0.45,0.01,9,0.5834249345880241,0.0424125294720532,10,0.6899315894447289,0.03565948037675974,10,0.6784920447132773,0.060252611470765195,10,0.705026851295397,0.030711572136517803,10,0.6195264715426468,0.13084493933231556,10,0.09633163689000926,0.027905518094429718,10,0.2744113197612482,0.0782277490617096,10,0.12452629804611207,0.015358120805920337,10,0.4789459466934204,0.07368490737192832,10
nohidden_HO_T20_mixFP,0.45,0.01,10,0.22433521462676373,0.0533379240721494,10,0.4625929057381054,0.043489066714002655,10,0.3617632596605471,0.049573020951087364,10,0.6478546380226556,0.027962793844388333,10,0.6867940867567798,0.04356047969763093,10,0.3032126279591886,0.04106378055540764,10,0.6370240099744277,0.05750257997833932,10,0.3294207453727722,0.03765447248333838,10,2.090441608428955,0.3125797900703634,10
nohidden_HO_T20_mixFP,0.45,0.01,11,0.19178241693428527,0.03677372720431289,10,0.44409305943107125,0.04011088080403927,10,0.3422466371782181,0.053628124009373244,10,0.6447438140356989,0.033802940826940034,10,0.4383096521649431,0.07966925298957729,10,0.3273111248335966,0.05024653189133969,10,0.6313498775219527,0.055186833179992685,10,0.3400268703699112,0.04417539864651918,10,1.8733502507209778,0.49214370078402564,10
nohidden_HO_T20_mixFP,0.45,0.01,12,0.402575291674483,0.050678450992455576,10,0.5713056482225035,0.05061489946896492,10,0.4702727869577272,0.06190813010389206,10,0.7328255028040351,0.03762684001077814,10,0.29591430414504183,0.04716344819588091,10,0.20431565458653908,0.03150210710804709,10,0.42233830019627633,0.05596815094740442,10,0.2092960223555565,0.018721158046150578,10,0.7509840965270996,0.08664350892951758,10
nohidden_HO_T20_mixFP,0.45,0.01,13,0.5573230783959351,0.02945146277499373,10,0.6758980504482589,0.02841490466936258,10,0.6192764365284923,0.045304182347110235,10,0.7469416490580982,0.03442721876634393,10,0.44243975312039374,0.08750082428380176,10,0.11220832256159999,0.024617526642862344,10,0.2606346679769803,0.052931644233559116,10,0.14066074639558793,0.013459742103192255,10,0.4931588560342789,0.050577944730821965,10
nohidden_HO_T20_mixFP,0.45,0.01,14,0.44001800747946207,0.04421318063662539,10,0.5966957040946728,0.03766135759651456,10,0.4855111774199366,0.04804005023520107,10,0.7782637596667771,0.016022794058801446,10,0.4277483007091877,0.04542674279049611,10,0.19166153022236868,0.031233093665657855,10,0.4795488986896485,0.06311529976958102,10,0.21811818480491638,0.027421052525231217,10,1.2839834809303283,0.3639557625802944,10
nohidden_HO_T20_mixFP,0.45,0.01,15,0.4861980665454372,0.017205811075414846,10,0.6256921804554884,0.02770832144767287,10,0.5074702507436616,0.04232325033283959,10,0.820306182955507,0.01877141954881362,10,0.3639330886685967,0.04026661965226037,10,0.1793470811424865,0.01807922230161435,10,0.4113826507840471,0.03782827922576472,10,0.19597841501235963,0.011086763898102564,10,0.9001963376998902,0.19376581147703278,10
nohidden_HO_T20_mixFP,0.45,0.01,16,0.6502530016291003,0.03053592060953282,10,0.7434848896249507,0.019987072413033515,10,0.686759612180931,0.030138909830242123,10,0.8113734868769547,0.017744716798364184,10,0.4774265348167928,0.047660565503351064,10,0.09009472724133114,0.019409916496895382,10,0.2654845813898253,0.0393946443603083,10,0.11182322204113007,0.017338987085218905,10,0.44924136996269226,0.09119760078016878,10
nohidden_HO_T20_mixFP,0.45,0.01,17,0.6783014325514298,0.02434375932899994,10,0.7639413152512463,0.011043223129183414,10,0.7142746628703127,0.016235452021017602,10,0.8212185328726264,0.00870253672874946,10,0.5293899046875266,0.04978065787369439,10,0.0715698047002146,0.01106259294872678,10,0.27878406097467784,0.014503372864433397,10,0.09789744466543197,0.014221204916777488,10,0.36001316010951995,0.05152835155714013,10
nohidden_HO_T20_mixFP,0.45,0.01,18,0.6704303416981363,0.024763600242812458,10,0.7581970041220034,0.012214929231451179,10,0.6950137686179523,0.016562915629118123,10,0.8342923202187983,0.013703745224514938,10,0.6266437054760496,0.059897554132999124,10,0.07866639682366354,0.010702918529854711,10,0.21968205317495465,0.01884500626323449,10,0.10587923303246498,0.01566687352815272,10,0.4278553545475006,0.08662852256413928,10
nohidden_HO_T20_mixFP,0.45,0.01,19,0.7586709671310213,0.026994377506823434,10,0.8218548131698331,0.011615661406242147,10,0.8036377146788839,0.019335856326099552,10,0.8410916070379726,0.0042776172909723045,10,0.4560406418275991,0.057690272908240345,10,0.04040307746064936,0.013257718757251884,10,0.19784397136148207,0.0323297652866964,10,0.07035367637872696,0.013904106593277498,10,0.2488578662276268,0.04862865121501703,10
nohidden_HO_T20_mixFP,0.45,0.01,20,0.8034700519236896,0.008399078938621353,10,0.8511103961107878,0.0030554147283887063,10,0.8819505283473419,0.003972435975883499,10,0.8223909877969439,0.006139973928634855,10,0.5021758606201245,0.07086157655204967,10,0.019517517907336714,0.0059107952037146345,10,0.07789822098332086,0.013072294528678337,10,0.0554092638194561,0.0074382201631760375,10,0.1973576322197914,0.03423852456259955,10
nohidden_HO_T20_mixFP,0.45,0.025,1,0.3014029788513481,0.06483130938886739,10,0.46565507572089676,0.04046366748476163,10,0.5007206985814044,0.07348456975431794,10,0.4389884557466125,0.02988268245802389,10,0.9095175368975627,0.10822407812831239,10,0.16219825539787452,0.04232936034006087,10,0.4238578089945813,0.07179038635458584,10,0.20548515021800995,0.029154744284095025,10,0.8127296328544616,0.13533626263344933,10
nohidden_HO_T20_mixFP,0.45,0.025,2,0.4439338810415241,0.06671262825623567,10,0.5921261204729721,0.05355095973384748,10,0.5452209497502698,0.08331582349089854,10,0.6577826694632777,0.059011644013367615,10,0.5890063421543636,0.06967596277199103,10,0.11207871745758227,0.03014082265459896,10,0.4276354525929825,0.13730064566882402,10,0.17432442158460618,0.021333367393065412,10,0.6256414860486984,0.13150325089560042,10
nohidden_HO_T20_mixFP,0.45,0.025,3,0.4330244298576182,0.06770486324974322,10,0.5931886422897069,0.04584406249066976,10,0.48432277403565954,0.0631946167210538,10,0.7737586347776861,0.022436497003596678,10,0.17244275043819027,0.04137177708717559,10,0.20324056167813714,0.04589354605473684,10,0.4235969018623287,0.07768337906177979,10,0.21091229766607283,0.039591415593464664,10,0.8179358959197998,0.17887653565234946,10
nohidden_HO_T20_mixFP,0.45,0.025,4,0.4879657333592776,0.04283086248315823,10,0.6272415645516477,0.03532557685312613,10,0.531980273177837,0.0698091104024108,10,0.7767693972800948,0.0422411753224341,10,0.16414627918396724,0.049385671219436364,10,0.17868586467037556,0.04589684995925012,10,0.3858216250147235,0.08970320743707141,10,0.18169022649526595,0.026665841316133428,10,0.6675857067108154,0.13101428510467064,10
nohidden_HO_T20_mixFP,0.45,0.025,5,0.47248843968261134,0.06987608517416807,10,0.6158123592308262,0.05910718241746104,10,0.5185751505567717,0.1007772132518479,10,0.7774533752112422,0.03307389844029079,10,0.2280728976427858,0.04536953452966454,10,0.1946679507960591,0.060367325228600964,10,0.4337144946016508,0.11635744169282344,10,0.19158900678157806,0.0379081547357434,10,0.7336529284715653,0.19593835933214782,10
nohidden_HO_T20_mixFP,0.45,0.025,6,0.47046210221379114,0.10177655850730365,10,0.6152201642980912,0.07647525788663982,10,0.5405585743093385,0.11804094172704313,10,0.7293176722966672,0.04262461124274174,10,0.34485337716689596,0.08411502838120465,10,0.17565229112962294,0.06507541671158738,10,0.3848267691523519,0.1292845415492799,10,0.1839384190738201,0.04253984815574332,10,0.7276110559701919,0.1986529733463445,10
nohidden_HO_T20_mixFP,0.45,0.025,7,0.425164571541233,0.043741465293320486,10,0.5878603626854166,0.033307030909830324,10,0.49049445503358163,0.04589010105496067,10,0.7379491367991579,0.02725313073719311,10,0.4573787584775889,0.08255887148545518,10,0.20427288832315313,0.029484943223491173,10,0.46100182704581955,0.06945214661420242,10,0.2135646715760231,0.031526497236793204,10,1.0281294882297516,0.2454349993636725,10
nohidden_HO_T20_mixFP,0.45,0.025,8,0.5510917049820812,0.059319489179355776,10,0.6708913299268838,0.037114538154428986,10,0.636793323869269,0.06213527952945264,10,0.713250665895303,0.03799532366551883,10,0.459712250074657,0.15003481602265845,10,0.11157775358872095,0.03998973893844788,10,0.2735542191749397,0.07705805108997346,10,0.13964422419667244,0.029389997364793283,10,0.5203937411308288,0.11850095269024774,10
nohidden_HO_T20_mixFP,0.45,0.025,9,0.6020898709944943,0.04012262964999417,10,0.7047649148462264,0.03325706949400267,10,0.6865256226114929,0.05713393917515269,10,0.7269137708792272,0.02592906153742838,10,0.6130687599235765,0.1324526108438064,10,0.092093607856606,0.028759164040893962,10,0.2729188581072056,0.07564951548660583,10,0.12001950666308403,0.01610207113688417,10,0.460206413269043,0.07729676510203069,10
nohidden_HO_T20_mixFP,0.45,0.025,10,0.2480126764570331,0.05259359342574102,10,0.4770025677486519,0.042661651118500635,10,0.37319764398575633,0.049493071593624226,10,0.6673582256224364,0.02537119903639328,10,0.6801863645306138,0.04424209593073333,10,0.2930897544181771,0.04062057464759514,10,0.6199992570242963,0.05787977883609868,10,0.3191879868507385,0.037261038798837715,10,1.982912039756775,0.3042341298052171,10
nohidden_HO_T20_mixFP,0.45,0.025,11,0.19757707193769458,0.03680992751999414,10,0.44793001292600676,0.041224775629904405,10,0.3437034869578054,0.05477527425538724,10,0.6559438769007857,0.034186257891470596,10,0.4280014403567072,0.07658137945065353,10,0.329011870528818,0.05010102777513262,10,0.6301103785765721,0.056391543006604636,10,0.34102618098258974,0.04373928421424967,10,1.8950730562210083,0.49654309858627577,10
nohidden_HO_T20_mixFP,0.45,0.025,12,0.4029820838008734,0.05132492924542955,10,0.5715875765559234,0.05133484218579296,10,0.46488165027770495,0.06298452121367897,10,0.7478293611337671,0.03609785696945306,10,0.28275573338154303,0.04140767038117367,10,0.21314623816551587,0.03334743574229558,10,0.42726333310752407,0.05530077831721599,10,0.2125932663679123,0.019643756079938207,10,0.7570810556411743,0.09022108874097112,10
nohidden_HO_T20_mixFP,0.45,0.025,13,0.5616219961831268,0.027262915861313925,10,0.6796411371217743,0.0257932413306721,10,0.6133890553222994,0.042055760935614375,10,0.7647416335866223,0.03082256942075485,10,0.42812643990869975,0.08495018444822024,10,0.11989045126656264,0.024378700189644085,10,0.27145383514069715,0.05112452598467137,10,0.1420007526874542,0.013808043034678452,10,0.4978871583938599,0.05093933476513533,10
nohidden_HO_T20_mixFP,0.45,0.025,14,0.44745649452387015,0.04473593731036281,10,0.6011315580418539,0.037567826869418085,10,0.48521150217785103,0.047656598440725506,10,0.7944844193752968,0.01999699797470596,10,0.4175837256306193,0.044146801516659964,10,0.1967843250650518,0.029662791048296094,10,0.46579887454951613,0.05922726493282935,10,0.21772881746292114,0.027238780054223557,10,1.2421852767467498,0.367380094877355,10
nohidden_HO_T20_mixFP,0.45,0.025,15,0.4869482815305696,0.017477429936115705,10,0.6251535467885425,0.0284586350072148,10,0.5014177486183307,0.04338631127701718,10,0.8353046105013775,0.02212817824752226,10,0.3542473943927412,0.03865670817634016,10,0.18886809487697906,0.019741972825210157,10,0.42727884639205005,0.041736116095782184,10,0.19900617003440857,0.01156668673682752,10,0.8915338099002839,0.1895843756489104,10
nohidden_HO_T20_mixFP,0.45,0.025,16,0.6413569925186574,0.029234135181856753,10,0.7370474075609436,0.01949779690950781,10,0.6658082575566017,0.029259663218106996,10,0.8264395829123972,0.019128475160691855,10,0.4601835940123652,0.044198158075106804,10,0.10228847913474363,0.01828216837714491,10,0.3053918522050564,0.03812609195304652,10,0.11707023233175277,0.016734003440541247,10,0.46804526448249817,0.0896960481601942,10
nohidden_HO_T20_mixFP,0.45,0.025,17,0.6707105226298287,0.022838393936262486,10,0.758502281116215,0.01017309526608022,10,0.694541950897147,0.014034445521268315,10,0.8356177712966215,0.01006781394090704,10,0.5077695995671757,0.04593506161982838,10,0.08265274497461085,0.00939651238082736,10,0.31772854698694897,0.018644359658338303,10,0.10257646888494491,0.013568822179020194,10,0.3771509170532227,0.04930979987489674,10
nohidden_HO_T20_mixFP,0.45,0.025,18,0.6652053465146363,0.023538454939706323,10,0.7541330425488206,0.011575157674986992,10,0.6791402026454,0.016648023984165698,10,0.8481573147978961,0.015673323232282915,10,0.6084284656485697,0.05439682859112978,10,0.08867024238044671,0.008823443923506247,10,0.262740400856888,0.02019285680547365,10,0.10918052271008491,0.014829094101505833,10,0.4296200513839722,0.08140809974512203,10
nohidden_HO_T20_mixFP,0.45,0.025,19,0.7449248164049378,0.024434879980704947,10,0.8122556636315352,0.009701298972484314,10,0.7768829026714357,0.013646376665672703,10,0.8510723746906731,0.005993606465047843,10,0.44180610811379617,0.0529319106695151,10,0.05136334101286011,0.011746127724650893,10,0.24254628750630913,0.018451650057703304,10,0.07586725801229477,0.013431010090896329,10,0.2686069592833519,0.04816066197705325,10
nohidden_HO_T20_mixFP,0.45,0.025,20,0.7868714970152424,0.00861504153306316,10,0.840342604784578,0.0033521041969564644,10,0.8506638266908482,0.00701629649895419,10,0.830361374187128,0.007848405774001161,10,0.4799629612277537,0.06810670968609725,10,0.02685971617668408,0.005987283796877905,10,0.13300219543550312,0.01435347566426582,10,0.06089283153414726,0.007816809352367145,10,0.21924730390310287,0.03700820678233011,10
nohidden_HO_T20_mixFP,0.45,0.05,1,0.31613442787133156,0.06166417797156785,10,0.47264399194362605,0.039322680413623814,10,0.5188398019259031,0.07290851259318144,10,0.43751275108346943,0.030949986355252156,10,0.9095880553249115,0.1066288066909534,10,0.15058326273899275,0.036648168789543335,10,0.39327621195584145,0.07670137074285285,10,0.19635022729635238,0.027249899854511483,10,0.752670681476593,0.1253170753433402,10
nohidden_HO_T20_mixFP,0.45,0.05,2,0.45064074486608596,0.06553037754502947,10,0.5947421539109307,0.052145175871312406,10,0.5605226267764055,0.08423067917642835,10,0.6428368397197042,0.05788543234206977,10,0.6028495797723086,0.06889741029269877,10,0.09980682139228025,0.026106003102416685,10,0.4042929915799557,0.14203510642151954,10,0.16649470180273057,0.020561481422576494,10,0.5850857824087143,0.120308077110172,10
nohidden_HO_T20_mixFP,0.45,0.05,3,0.43500388745397256,0.06913663804204999,10,0.594448198847451,0.046735485641730745,10,0.49019769235717153,0.06659283754892022,10,0.7643687846451075,0.023363724455199693,10,0.19726548672643404,0.046177081115775495,10,0.1924952757286436,0.0472027867822472,10,0.415426851669132,0.07214456223379591,10,0.2073205828666687,0.03871762708968423,10,0.8011545479297638,0.17720357016066265,10
nohidden_HO_T20_mixFP,0.45,0.05,4,0.49613507325288103,0.04031041826544851,10,0.6327758199986493,0.03585433430580265,10,0.5344855911450204,0.0695490292890049,10,0.7876817560030862,0.03668388863237177,10,0.17719444657783603,0.053356270215178095,10,0.17456372931478323,0.045901925972258166,10,0.3984003354809395,0.09172907020634949,10,0.17900312691926956,0.02644443113223625,10,0.6459395289421082,0.12427001320075517,10
nohidden_HO_T20_mixFP,0.45,0.05,5,0.4810977844969001,0.06738702979683742,10,0.621501782705173,0.058308675912030906,10,0.5177932870282859,0.0961716497846011,10,0.7953554369892676,0.029620706973080554,10,0.22515979576623474,0.04872082011222807,10,0.19720192925534252,0.059194062853383383,10,0.44857908022500553,0.11403231536427016,10,0.19186352789402009,0.037443980629788064,10,0.7312876850366592,0.1932632894155894,10
nohidden_HO_T20_mixFP,0.45,0.05,6,0.4828234022450462,0.09492256128225389,10,0.624238997124873,0.07273115890992131,10,0.5380314484937372,0.11003283994641382,10,0.7583961821916192,0.03602433456429516,10,0.33415395508925394,0.0854078447717656,10,0.17803029153621702,0.06331578668170529,10,0.4066872772964061,0.12244219860028306,10,0.18252624198794365,0.04188603451797748,10,0.7026058673858643,0.18841782526637582,10
nohidden_HO_T20_mixFP,0.45,0.05,7,0.4449738640702181,0.04065374562904591,10,0.6010605500628305,0.03052980021165098,10,0.4970507993426977,0.042436261131408304,10,0.7639447436215783,0.019797952630733532,10,0.44174659547524825,0.08041012399423737,10,0.2020728087993155,0.028311160348289087,10,0.4733376461332327,0.05509236043501836,10,0.2085362419486046,0.02955732538757442,10,0.9745806992053986,0.2271506715935981,10
nohidden_HO_T20_mixFP,0.45,0.05,8,0.5710953525687856,0.05433544258377493,10,0.6869120109496578,0.03333730107899975,10,0.6354903669609453,0.05504375522660258,10,0.7511670915978839,0.03375449059132763,10,0.4548619431069164,0.13997598225472171,10,0.1105050598619793,0.03784956122074434,10,0.2948609526239092,0.07291824989174686,10,0.13506853058934212,0.02805917817561708,10,0.4891937792301178,0.10622726742308766,10
nohidden_HO_T20_mixFP,0.45,0.05,9,0.6210193540152633,0.03853628713615035,10,0.7201099405246385,0.03119576227574492,10,0.6900887375080906,0.052573361232971835,10,0.7553139832460418,0.02176745727473162,10,0.6018084422397891,0.1336424458490436,10,0.0899818682965747,0.02845379607075029,10,0.27520020493969355,0.07336558331248835,10,0.11622286960482597,0.017191946115073527,10,0.4449841737747192,0.08142374493824232,10
nohidden_HO_T20_mixFP,0.45,0.05,10,0.2787676539366609,0.05079045289233328,10,0.49574541023098834,0.04155000613564084,10,0.3879218348427099,0.04918678688507781,10,0.6931215189740764,0.02241416375235931,10,0.6723451501569392,0.045039771660258125,10,0.27980736151422336,0.03924515711398337,10,0.5940971665319761,0.05843091687251838,10,0.30518736243247985,0.03603737049329824,10,1.8115538835525513,0.2853386675138421,10
nohidden_HO_T20_mixFP,0.45,0.05,11,0.20581705072953768,0.037359251200100474,10,0.453183686811479,0.043019862960633315,10,0.34588086431271414,0.056474151017205515,10,0.6706018727774102,0.03398167820930358,10,0.4150754280070406,0.07236097563450786,10,0.33018790377787566,0.04953841014146039,10,0.6267383062587658,0.058558978841278475,10,0.3410948127508163,0.04247327658316235,10,1.9009264707565308,0.4851391479959929,10
nohidden_HO_T20_mixFP,0.45,0.05,12,0.3998555912719849,0.05308774899148583,10,0.5692904947534053,0.05320272838563317,10,0.45521608736605446,0.06516651100143346,10,0.7670111797634606,0.03379648407027834,10,0.2651499506097995,0.03625365200758392,10,0.22657722230302446,0.03670281766310044,10,0.43916107354045997,0.0546595034008991,10,0.2189757987856865,0.0213841014102898,10,0.7714953601360321,0.09259861180274814,10
nohidden_HO_T20_mixFP,0.45,0.05,13,0.5624328577368354,0.024617141919564222,10,0.6806551445334053,0.023391066380202503,10,0.600408118041728,0.037873861380968876,10,0.7881202695768923,0.02674953878347277,10,0.4054808951113763,0.07913102532784949,10,0.1326339082204214,0.023558981622151545,10,0.2940406284221867,0.0515405804593783,10,0.14560980796813966,0.013784489315425313,10,0.5094906210899353,0.050288653750797344,10
nohidden_HO_T20_mixFP,0.45,0.05,14,0.45484932171959447,0.045141937468844553,10,0.6050343678171786,0.03763682332169971,10,0.48264415269782157,0.04711461515819187,10,0.8157140733428708,0.0255311072014637,10,0.40350734362616913,0.0425275177197613,10,0.2055606201522333,0.02758966098885777,10,0.4560586372306698,0.05372893929261132,10,0.21850041300058365,0.02654899614231808,10,1.1788608253002166,0.3684227289502056,10
nohidden_HO_T20_mixFP,0.45,0.05,15,0.4836045205069186,0.01825450461000195,10,0.621387025572541,0.030584812670126617,10,0.4912420853615641,0.0455418902535562,10,0.8517378068297367,0.024428327814231765,10,0.34412622499539813,0.036474366556140836,10,0.20264298825138366,0.022276804489562374,10,0.47003173640578055,0.046785777202901044,10,0.20470355898141862,0.01266133456539564,10,0.8784080505371094,0.18103084003896458,10
nohidden_HO_T20_mixFP,0.45,0.05,16,0.6231389095610013,0.02625688657731121,10,0.7232501306961764,0.01925959024847616,10,0.6342133783740508,0.030248895402198297,10,0.8428891668575995,0.020818806691423403,10,0.4402235677691103,0.040607635172597856,10,0.1203969573725846,0.017496037400069265,10,0.36305553771232535,0.037573699068199136,10,0.1268707536160946,0.015428923234579874,10,0.5029540240764618,0.08649342363100135,10
nohidden_HO_T20_mixFP,0.45,0.05,17,0.6541149021430124,0.01902280049945626,10,0.7459339388955993,0.009283032931546129,10,0.6636643697242788,0.014633505050553827,10,0.851843943614015,0.012064481842186715,10,0.4794504196487068,0.04116545522836793,10,0.10031346937652812,0.007523046675506572,10,0.3725350403503313,0.031643281001404386,10,0.1120192214846611,0.011974168611460773,10,0.4135708838701248,0.0439597502686005,10
nohidden_HO_T20_mixFP,0.45,0.05,18,0.6511981982174038,0.020486282009522735,10,0.7430986921272956,0.01112264232229019,10,0.65231261389493,0.018899706917084213,10,0.8640136024340064,0.018126339427140654,10,0.5843815487389833,0.04584891056032523,10,0.10482708012725875,0.006710663025517802,10,0.3252286239007174,0.0275165378376452,10,0.11650408580899238,0.013040500153230928,10,0.44240727722644807,0.07174069017592047,10
nohidden_HO_T20_mixFP,0.45,0.05,19,0.7190481220858709,0.019663036120969066,10,0.7933301938699213,0.006747041246386879,10,0.7341008289960876,0.008930915001037895,10,0.8630412975576081,0.00831996385451601,10,0.4252032437873804,0.04632187479637619,10,0.06987657182904626,0.00942770149253849,10,0.305348061702913,0.009127903370703428,10,0.08693484961986542,0.012289324964633502,10,0.31043552458286283,0.04596915372939107,10
nohidden_HO_T20_mixFP,0.45,0.05,20,0.7559038143587364,0.007931343584101252,10,0.8190961048540905,0.0045622188690232325,10,0.7984292590679448,0.013299997837867967,10,0.8411551999692319,0.010768794128838933,10,0.44814568100142854,0.06232502104654193,10,0.04298633827812702,0.004961504953677354,10,0.21507863087323495,0.023321320249141488,10,0.07204148173332214,0.00799347766213007,10,0.26504664272069933,0.040216718230265916,10
nohidden_HO_T20_mixFP,0.45,0.1,1,0.34779272500219155,0.05675870903913853,10,0.4887316212864524,0.03795689352320974,10,0.5584082901151667,0.07239623867245204,10,0.43761394068943715,0.03359298344689416,10,0.9063918392709127,0.10517484103100627,10,0.1285985003099845,0.027108405484430966,10,0.3319802413406796,0.08855299843521688,10,0.17914608865976334,0.023750333794567244,10,0.6520631730556488,0.102811427044963,10
nohidden_HO_T20_mixFP,0.45,0.1,2,0.4591752380847535,0.06077917768833233,10,0.595815815144501,0.04789050560655179,10,0.5875765208473525,0.08467928595331649,10,0.6128244693499761,0.0549541285834804,10,0.6300429025125813,0.06709626121559951,10,0.08666058575377256,0.020070782868289283,10,0.33955057033286606,0.14943592801229233,10,0.15407368391752244,0.01846851418772102,10,0.5202947139739991,0.09541213132081759,10
nohidden_HO_T20_mixFP,0.45,0.1,3,0.4382577093228951,0.05996323503780744,10,0.5960072347630786,0.040397022414765706,10,0.5028667641071491,0.062496648863333566,10,0.7397040941142475,0.025988928907379635,10,0.2532386538872312,0.05332082247680739,10,0.16721426140755696,0.045426574185306746,10,0.40218098515514383,0.05693053858519938,10,0.19760280698537827,0.034290554416962535,10,0.7477324187755585,0.1646732482083066,10
nohidden_HO_T20_mixFP,0.45,0.1,4,0.5087285973529135,0.032818319448453495,10,0.641580212905185,0.03235247680403315,10,0.5446410552779821,0.0642465430473274,10,0.7912177974740016,0.034746000934742366,10,0.2231269381852477,0.06089983398279377,10,0.15917674577557545,0.042273518902194086,10,0.40811035871279655,0.07933685941607874,10,0.17188318073749542,0.023243330118052265,10,0.6054910659790039,0.10200850879287521,10
nohidden_HO_T20_mixFP,0.45,0.1,5,0.48919829491490574,0.06236685815273963,10,0.6270792619984699,0.05484444739858776,10,0.5168952056401518,0.0857500882056379,10,0.8115735179338183,0.02260501131520431,10,0.23645561720651456,0.053304846567429384,10,0.19591156567163776,0.054154296801252215,10,0.46957749842996355,0.09828772343688004,10,0.19163408875465393,0.035362425894257844,10,0.7255242198705674,0.18260006806429727,10
nohidden_HO_T20_mixFP,0.45,0.1,6,0.49835753840458585,0.08000026982684452,10,0.6345038575084365,0.06427834850207638,10,0.532321909433646,0.09499322664049034,10,0.7989904861530158,0.026209385117793037,10,0.32823602281351205,0.08389391829279881,10,0.18144544971187637,0.057427206090742214,10,0.44509923279034114,0.10041908181706875,10,0.1809852533042431,0.03883921677058692,10,0.6720582783222199,0.16813156421168066,10
nohidden_HO_T20_mixFP,0.45,0.1,7,0.4690709456977502,0.03243052426669455,10,0.616461827481338,0.024537336812584454,10,0.5039742385840578,0.0349041544899466,10,0.7964203240696429,0.015067848866063936,10,0.4214987158480946,0.07655307776221999,10,0.19869088834101895,0.02438779101230378,10,0.5057322483580882,0.03495129993645492,10,0.20165452361106873,0.02466807036137258,10,0.8918070375919342,0.18418415091533819,10
nohidden_HO_T20_mixFP,0.45,0.1,8,0.5917900738696462,0.04088090181895076,10,0.7021408318536074,0.023682559672352728,10,0.6263980137225255,0.04181261323561693,10,0.8020596928749615,0.03271197303386561,10,0.4567835729676437,0.12412437509674423,10,0.114290937190454,0.03325040977377584,10,0.3440063722477984,0.06159505276627271,10,0.13204329311847687,0.02408584531501977,10,0.4666393339633942,0.08518871387219135,10
nohidden_HO_T20_mixFP,0.45,0.1,9,0.6317490746711931,0.03872994139172055,10,0.7295960955439028,0.02923255999291608,10,0.6790234271466482,0.047240021207691274,10,0.7905054488974973,0.02073135705929482,10,0.5850289752504304,0.13309541532392355,10,0.09428575311129588,0.0272403328081527,10,0.31160974167392463,0.06691401043762397,10,0.11654285490512847,0.019408634800397905,10,0.44688495993614197,0.08782189827279133,10
nohidden_HO_T20_mixFP,0.45,0.1,10,0.32313041623473404,0.046972011512324434,10,0.5227499367958803,0.03993310992822865,10,0.4094442918311129,0.048688082015075844,10,0.729238254162536,0.018883225306879036,10,0.6559302633407784,0.04477430958264998,10,0.2595220421272996,0.03611836077542033,10,0.5637967077300182,0.05994508583625044,10,0.28234090507030485,0.0329086804519771,10,1.5064823031425476,0.23983698103936538,10
nohidden_HO_T20_mixFP,0.45,0.1,11,0.22233852098844978,0.04016027700923334,10,0.4631099676373583,0.04587956335304019,10,0.35153366420715837,0.05932645037065619,10,0.692750703300273,0.03361528745414659,10,0.39930128412613486,0.06602992846733104,10,0.3277799256721592,0.04929921321828857,10,0.6221990956739076,0.06096784707218075,10,0.33733822107315065,0.0405953930396412,10,1.8573616981506347,0.43941783427276276,10
nohidden_HO_T20_mixFP,0.45,0.1,12,0.3889626928952875,0.057117474268184136,10,0.5614191116092598,0.05658562684217975,10,0.43682678021275567,0.06875831659039378,10,0.7958705298123858,0.02852259639854832,10,0.24797911975737166,0.03841908766049064,10,0.25022942930310343,0.0437021052886745,10,0.47154775509241736,0.050541307462398107,10,0.23326923251152037,0.02657145348628198,10,0.8110766351222992,0.09450700769615662,10
nohidden_HO_T20_mixFP,0.45,0.1,13,0.5449422341717354,0.01953612015894124,10,0.6676001238624198,0.023157288588400805,10,0.5633754837658238,0.03404029419223144,10,0.8212208964879952,0.02082613366946294,10,0.3648345634462976,0.06442028096112669,10,0.1609722513729327,0.021966094792882605,10,0.3604279971176779,0.046665963103617786,10,0.15884460657835006,0.012535959539726414,10,0.5503736406564712,0.04777185457171371,10
nohidden_HO_T20_mixFP,0.45,0.1,14,0.4554489792789531,0.04033702084889365,10,0.6030585927631491,0.03629253544111131,10,0.47061901442832904,0.04560241961501161,10,0.8454327761166798,0.03136297308339729,10,0.3750264527180211,0.04180565420223498,10,0.2254376691132473,0.025752841583150703,10,0.4861474530326298,0.03037640404001463,10,0.22499278336763381,0.023538978961278514,10,1.0754383087158204,0.3466556915963506,10
nohidden_HO_T20_mixFP,0.45,0.1,15,0.4712429559987055,0.020329786655587802,10,0.610900014736179,0.03468780552512539,10,0.4730242862096711,0.04894548910878319,10,0.8701211082807998,0.023817605725081313,10,0.33250839817595124,0.03462506335684773,10,0.22538259686243314,0.02611682852456137,10,0.5382772183918427,0.05674955949644169,10,0.21664460450410844,0.015574203409080233,10,0.8676335573196411,0.16216330916453373,10
nohidden_HO_T20_mixFP,0.45,0.1,16,0.5829272307157355,0.021809362497505074,10,0.6925031480028104,0.02119648568548842,10,0.580075578831891,0.0348364341809811,10,0.8616951831723949,0.021971140176699325,10,0.4182132075402973,0.04070689836155712,10,0.15238329461504976,0.01849396584395048,10,0.44959746955046037,0.04014362122171375,10,0.1488634780049324,0.013560249764836938,10,0.5846748381853104,0.08049623378713103,10
nohidden_HO_T20_mixFP,0.45,0.1,17,0.6136727383726075,0.01225823398186974,10,0.714794342082278,0.012933649544844505,10,0.6067639884233578,0.02324636548139444,10,0.8708048497202776,0.01390125618557616,10,0.43703407858766435,0.036428561419309086,10,0.13497636854065598,0.00828423062303528,10,0.46287007291961835,0.04570764521111747,10,0.13562265187501907,0.009200832876766062,10,0.5131123751401901,0.037125264295224135,10
nohidden_HO_T20_mixFP,0.45,0.1,18,0.6136695906618258,0.01406745263017324,10,0.7136459012876738,0.014504340725394131,10,0.5999043744774315,0.02702061089135521,10,0.8825132641435545,0.020918246058509216,10,0.5448317738039619,0.030923518948785436,10,0.1370677447939666,0.007869565153738083,10,0.4294429571260907,0.03885845030872565,10,0.13607685416936874,0.009229329975701634,10,0.49896215200424193,0.05208934614527271,10
nohidden_HO_T20_mixFP,0.45,0.1,19,0.6620372019070584,0.010924128049109309,10,0.7502621471863644,0.009856641054768973,10,0.6557862215063857,0.019373923180149407,10,0.8772613666783551,0.011381262103718004,10,0.3970213908877033,0.03723461225661737,10,0.10806274657199828,0.005555002620180928,10,0.4058294422478568,0.028476740382025578,10,0.11455715447664261,0.009252588395125182,10,0.42543999552726747,0.03730633724506576,10
nohidden_HO_T20_mixFP,0.45,0.1,20,0.686260114409579,0.006056358568798166,10,0.7686372814055346,0.010351977132380282,10,0.6997534803160441,0.02562191362487175,10,0.853733095018469,0.015767979425376985,10,0.38789874417579095,0.053075429420538285,10,0.08245092190336802,0.002536275742610781,10,0.3439442533989668,0.0396370624252841,10,0.10126466453075408,0.007119994842789483,10,0.3954253375530243,0.04256521138117949,10
nohidden_HO_T20_mixFP,0.45,0.2,1,0.40916556399379644,0.03861578599314155,10,0.5261350545642397,0.029725308886821317,10,0.6300813803086432,0.06394096052017706,10,0.4545825683330317,0.03508860608913577,10,0.8703716315452887,0.11448243262465393,10,0.09571102577386152,0.011809652472312785,10,0.22543088947699846,0.055618681523919786,10,0.1550218552350998,0.01394408159500373,10,0.5310901165008545,0.04679782104857794,10
nohidden_HO_T20_mixFP,0.45,0.2,2,0.4824587937814913,0.04724962809144215,10,0.6012012600529636,0.03716119732974359,10,0.646353435057855,0.07813093374636501,10,0.5680160896611379,0.04612366911076866,10,0.6773629413539155,0.06403619506044472,10,0.07914585704251088,0.0138611038002483,10,0.23339565611218455,0.10505560112817915,10,0.13728292733430864,0.013504174680208626,10,0.4519686609506607,0.052243996060286776,10
nohidden_HO_T20_mixFP,0.45,0.2,3,0.4373205055461248,0.03928078803694591,10,0.5917350273798457,0.026352474897153665,10,0.5310024109817406,0.050661321818993556,10,0.6735064065335252,0.029183841237005338,10,0.3989823541771328,0.055293123366338584,10,0.12865012950240032,0.02816293794440936,10,0.3602932348397972,0.06296459976266444,10,0.176142854988575,0.02561335813290029,10,0.6106980502605438,0.11405117035046056,10
nohidden_HO_T20_mixFP,0.45,0.2,4,0.5037255958504698,0.018803052841336095,10,0.6382824217256164,0.02182263094034411,10,0.5630864022740311,0.04884416245728587,10,0.7435684076728685,0.042934466413957484,10,0.354326820544359,0.07239870617935414,10,0.12460250581591392,0.02451008358542163,10,0.40685179508599073,0.06280743946097724,10,0.15951353907585145,0.016217505015259356,10,0.541972416639328,0.06545208638067394,10
nohidden_HO_T20_mixFP,0.45,0.2,5,0.4930979874432384,0.0414043664789556,10,0.6311522876908917,0.039922428270588686,10,0.531128924144405,0.0646802102449288,10,0.7856381110029507,0.020068987426737905,10,0.3110571593010196,0.05137980035046905,10,0.16559572198862332,0.03640780320209712,10,0.49048150535811735,0.06445903032667277,10,0.1816178485751152,0.023347347227320972,10,0.6670966565608978,0.12072112772747,10
nohidden_HO_T20_mixFP,0.45,0.2,6,0.5158629350746486,0.044261222587066065,10,0.6457890393279884,0.0422009289211282,10,0.539114773035081,0.06858444766051627,10,0.8150523489659924,0.030207434572190765,10,0.3869071152909451,0.0666071183574206,10,0.16579014013666643,0.03870204471701694,10,0.4850999555679917,0.07142980935034628,10,0.1718565285205841,0.02498431596522182,10,0.6180144906044006,0.11146656028996303,10
nohidden_HO_T20_mixFP,0.45,0.2,7,0.4860118221062776,0.019151915255063823,10,0.6268564811867688,0.021263398071443146,10,0.5119721576429466,0.03301817792368513,10,0.8109651642832117,0.015060851106743694,10,0.43105021509459773,0.06370561180734088,10,0.1847710311452152,0.016449960846037934,10,0.5385287725400986,0.03585085541046254,10,0.19234397411346435,0.01590584471673403,10,0.7810788631439209,0.1068242046679676,10
nohidden_HO_T20_mixFP,0.45,0.2,8,0.5890354308545708,0.022371636164073543,10,0.6991095117796821,0.016000947334259483,10,0.6059793479654958,0.03368569579490322,10,0.8291409515302846,0.027369816195425976,10,0.5005821709181827,0.0981727704632631,10,0.12224286867173631,0.025299702538568412,10,0.412661645279963,0.051556221014287584,10,0.1372128926217556,0.018129095126489622,10,0.49090703427791593,0.06725151501747663,10
nohidden_HO_T20_mixFP,0.45,0.2,9,0.6109679522949468,0.03451394809013921,10,0.7154033974918462,0.02394106643672578,10,0.6403154216455392,0.03910562182453366,10,0.8125536466146034,0.01947744295884461,10,0.5812106035622417,0.12019177955118941,10,0.10759174182002229,0.023869761118797645,10,0.3966855264128792,0.06385085804320004,10,0.1277582861483097,0.0204012574188627,10,0.48893501460552213,0.08734604860001725,10
nohidden_HO_T20_mixFP,0.45,0.2,10,0.38676892157324516,0.0384736444556717,10,0.561890806460552,0.03647241398410452,10,0.4451014382601226,0.0470877315156646,10,0.7676079260384314,0.017707841164779338,10,0.6251213902274424,0.042598619997337085,10,0.2209431864025997,0.027216298566935405,10,0.5765989485712288,0.05955905856336566,10,0.2382418170571327,0.02364555254420322,10,1.0138819992542267,0.1444302734280744,10
nohidden_HO_T20_mixFP,0.45,0.2,11,0.26734081017428507,0.04360809517217217,10,0.4888837296319311,0.04847902063521011,10,0.37177079897458354,0.06200724593933419,10,0.7278255321195495,0.03398488738253566,10,0.3963769101978793,0.06059189227677684,10,0.3041037891721354,0.048496272219465,10,0.6012730061799665,0.06429886574676945,10,0.31367027759552,0.037228758198820586,10,1.6138807892799378,0.3130105647124842,10
nohidden_HO_T20_mixFP,0.45,0.2,12,0.3885507049031851,0.05563182805722695,10,0.5586255985653096,0.05611650764170741,10,0.4222256445450018,0.06916963716102241,10,0.8396082914429405,0.024670877996077572,10,0.2614001893809061,0.056747449938739654,10,0.2742297051599655,0.052416072317816864,10,0.5149941068128774,0.047511000590494894,10,0.24697830229997636,0.03329801051874744,10,0.8460870742797851,0.10804186127825614,10
nohidden_HO_T20_mixFP,0.45,0.2,13,0.49603420763762773,0.027427281384880972,10,0.6301213820238598,0.033376109686672324,10,0.4996168630636717,0.045588059130912226,10,0.8576449207200394,0.017007151210134595,10,0.3447158661603508,0.06886585886534266,10,0.20847488284473115,0.029464343040001627,10,0.4802288629997277,0.04578421308865502,10,0.19132069796323775,0.01573305223531206,10,0.6606843829154968,0.04836363788992946,10
nohidden_HO_T20_mixFP,0.45,0.2,14,0.4436262338778052,0.029539376822823968,10,0.5920081185140176,0.03611513272540447,10,0.4500414395793568,0.04628603161719188,10,0.8729584762876963,0.03044342734347543,10,0.3514092956753662,0.039508658445125924,10,0.2523060190506561,0.029011901629868997,10,0.5760882193174548,0.03149489170692834,10,0.23814218044281005,0.022077362636320565,10,0.9867097675800324,0.23312388321926664,10
nohidden_HO_T20_mixFP,0.45,0.2,15,0.46120416959704985,0.024388108204893285,10,0.6028788871689706,0.037840883706791985,10,0.4603320038820716,0.049921633363517084,10,0.881435282978258,0.019325289316575362,10,0.3335199257753776,0.035660154657837735,10,0.24550313529781548,0.027604446018713452,10,0.5930308568021101,0.055883596348118014,10,0.2276814728975296,0.01847492144515506,10,0.8928804516792297,0.12170941020395121,10
nohidden_HO_T20_mixFP,0.45,0.2,16,0.5298337586535291,0.020626608861945537,10,0.6531807759042529,0.02529702302124866,10,0.5246686136976686,0.03888124098729548,10,0.869277319241475,0.022389445579542713,10,0.4386696429801901,0.05054597144979301,10,0.186369585701434,0.02199330767398679,10,0.5181069873188421,0.035898973863364304,10,0.18014189302921296,0.014125396123156298,10,0.7160272061824798,0.07130039704210636,10
nohidden_HO_T20_mixFP,0.45,0.2,17,0.5487182460077914,0.011399999013534555,10,0.6658262050715167,0.022045847553363754,10,0.5360955217560626,0.03335850046167745,10,0.8812045976757975,0.015281584365540097,10,0.4136229292074723,0.03829785456883487,10,0.18390527694265796,0.014739792279106281,10,0.5624344821822163,0.04593824193399061,10,0.1775218963623047,0.010253380539028556,10,0.716285252571106,0.050624374736457194,10
nohidden_HO_T20_mixFP,0.45,0.2,18,0.5501530637191984,0.010772466206948645,10,0.6657626602217551,0.022070664585828466,10,0.5331659347834358,0.03500531778006775,10,0.8897963404285049,0.021553219625197777,10,0.5115536726257843,0.02901911885638022,10,0.18302303989486995,0.014640313813961721,10,0.5404825878349275,0.04455443657917113,10,0.17289057224988938,0.00810019424783611,10,0.6572008669376374,0.03684989425221164,10
nohidden_HO_T20_mixFP,0.45,0.2,19,0.5667045732185649,0.008363326499251653,10,0.6788685376117383,0.020708341088255318,10,0.5527800709193798,0.0321282429362761,10,0.8818764548448057,0.01341716198268833,10,0.3748216008281689,0.03217586534672647,10,0.1702091363011355,0.00872574136035864,10,0.5204043390682422,0.04016147556373782,10,0.16982614994049072,0.007342248516974412,10,0.7027604818344116,0.03383507424156487,10
nohidden_HO_T20_mixFP,0.45,0.2,20,0.5640726518630668,0.007750088508846927,10,0.6788418418920095,0.01987820999606205,10,0.5639809711993491,0.03616012408136467,10,0.8558563451846009,0.02153896074065504,10,0.3092951115993752,0.04048015365702634,10,0.15827539379355282,0.007684330403305712,10,0.47453934105125944,0.03753266618416028,10,0.16724579334259032,0.006822632047835049,10,0.7580580174922943,0.0507882265489141,10
nohidden_HO_T20_mixFP,0.5,0.01,1,0.27711750265085966,0.05326230815166884,10,0.44912853173339756,0.029933867356951274,10,0.47830306202574147,0.06521829056881763,10,0.42750370581573993,0.021434219216994076,10,0.9109742327651654,0.10932517048190982,10,0.17425890230885593,0.04348522794099477,10,0.46136443788266845,0.07466004971701765,10,0.21650046855211258,0.027619467737692,10,0.8864770591259002,0.13311739365135267,10
nohidden_HO_T20_mixFP,0.5,0.01,2,0.41554748766858396,0.06476128971816585,10,0.5732651003548505,0.05253944198010761,10,0.519519659422056,0.0796023615232268,10,0.6496987982009127,0.06090041427594843,10,0.5827319662280492,0.07133927257772867,10,0.12587595161344656,0.031588645525195344,10,0.45846938561594985,0.1297802214153991,10,0.18627383410930634,0.020746842452019725,10,0.6724437057971955,0.1326824663895305,10
nohidden_HO_T20_mixFP,0.5,0.01,3,0.4299144947685109,0.06165079772249807,10,0.5910767730842836,0.04157207757027349,10,0.4859878338436364,0.058379433578696065,10,0.7615705412805637,0.02474423070245211,10,0.15823833586841002,0.04085519538349235,10,0.19905828144154364,0.04082093940414988,10,0.4201970264619801,0.07066611838297022,10,0.2073984369635582,0.034651725380043505,10,0.7890587449073792,0.14881007955001896,10
nohidden_HO_T20_mixFP,0.5,0.01,4,0.48333803415774323,0.03949913966034486,10,0.6241193085111361,0.030477980598647918,10,0.5355604485448089,0.06623110844650704,10,0.7600427362552992,0.04620442645451992,10,0.16978347594606205,0.04778348575360801,10,0.1717331174233792,0.0435610997651108,10,0.36586696680261693,0.08763119050248697,10,0.17917071431875228,0.024789957892804283,10,0.6524280369281769,0.12003307218410493,10
nohidden_HO_T20_mixFP,0.5,0.01,5,0.46368581290550476,0.06430961061085165,10,0.609827419028118,0.054448083325590174,10,0.5190899948263289,0.09838945443542052,10,0.758157228766386,0.03589603635392704,10,0.23304494512606397,0.046449668103437786,10,0.18908417791871698,0.057670634293130726,10,0.4180696959635428,0.1154921883732041,10,0.19026931375265121,0.034517942081480645,10,0.7218087702989578,0.17877385849971644,10
nohidden_HO_T20_mixFP,0.5,0.01,6,0.46472082741620274,0.09938840601409968,10,0.6104053006930292,0.07345303734928871,10,0.5449647603319187,0.12102007817873937,10,0.7099583378712421,0.03977891221113173,10,0.3597984982362372,0.0918832894293061,10,0.16916766919527718,0.0639208060229086,10,0.36560909087629073,0.12957347671345032,10,0.1827145151793957,0.041020123663826805,10,0.7219021171331406,0.19213525527488023,10
nohidden_HO_T20_mixFP,0.5,0.01,7,0.41815636895815456,0.04109552959811364,10,0.5828009491481001,0.031190184372195513,10,0.49296748246377914,0.043618655851776954,10,0.7166733786199245,0.027591449735645673,10,0.47873625585550955,0.08685415025035764,10,0.19743499069379689,0.026214408255627507,10,0.4427135709357439,0.06563675397297206,10,0.2110798865556717,0.0287126721220648,10,1.0113843560218811,0.2204958109807535,10
nohidden_HO_T20_mixFP,0.5,0.01,8,0.5462205695706039,0.055445002757979006,10,0.6651043982051739,0.0347938909455595,10,0.6469111534796272,0.05980614904728749,10,0.6881630091912975,0.03667592718711297,10,0.48407042546182444,0.14793832182510183,10,0.10314053111715409,0.03575991099805049,10,0.24831972151984325,0.07211541085100527,10,0.13818942978978158,0.0268368046827941,10,0.5174886494874954,0.10751046003345119,10
nohidden_HO_T20_mixFP,0.5,0.01,9,0.5944994606583303,0.03686847930412327,10,0.6968514856567631,0.031020859352483714,10,0.6960185691394178,0.053828720818396826,10,0.7000424658925223,0.025157278176507075,10,0.6371638613556969,0.1298826831305841,10,0.08741282606301462,0.025064300610419726,10,0.2556102940486377,0.06920863936425105,10,0.12034235671162605,0.014412790818985529,10,0.4627260446548462,0.06695224937617755,10
nohidden_HO_T20_mixFP,0.5,0.01,10,0.23568612351741813,0.050717622844154646,10,0.46929289980972405,0.04144752282034993,10,0.36781144801175997,0.04852083829317738,10,0.6545467749411553,0.023652246299120532,10,0.7032371008460598,0.044575148300573623,10,0.29680599311593203,0.040110735335557667,10,0.6334612349769688,0.05598428529201669,10,0.3240791290998459,0.036969888079438885,10,2.0374073028564452,0.29892798972985213,10
nohidden_HO_T20_mixFP,0.5,0.01,11,0.19187861440102744,0.032872936072740784,10,0.4441812295211589,0.038530539657360155,10,0.3417192591284949,0.05204396516512844,10,0.6465994196035998,0.033787161533094946,10,0.4386786915741917,0.07669879552857806,10,0.3257469586974746,0.046580632515098634,10,0.6314328687448769,0.05349828162811373,10,0.3397067666053772,0.040790072704106825,10,1.8476510643959045,0.44556766055714825,10
nohidden_HO_T20_mixFP,0.5,0.01,12,0.41348872337111775,0.05264443973674359,10,0.5781841466712276,0.05139844143626116,10,0.4800147580018416,0.06685152537388042,10,0.7331963217033882,0.03425003100969738,10,0.28304108162761416,0.046722312847263935,10,0.19577110296887718,0.03390534730555253,10,0.4014582061331186,0.06189874343321427,10,0.20237157642841339,0.01950621169301872,10,0.7124282240867614,0.08433123232423978,10
nohidden_HO_T20_mixFP,0.5,0.01,13,0.5653193061857702,0.024477818752638054,10,0.6809922176459822,0.026615343523945675,10,0.6315068284503422,0.04351941399888669,10,0.7413257096350947,0.029528455828849345,10,0.4591376898348657,0.07750113395578702,10,0.10189970374107722,0.02109963229822825,10,0.2515979690332277,0.0534675286392659,10,0.1365276351571083,0.009571699955870795,10,0.4808942526578903,0.036908555249302845,10
nohidden_HO_T20_mixFP,0.5,0.01,14,0.4341757279909534,0.04059162227800597,10,0.5930365986823671,0.034412621104305666,10,0.4847894184615137,0.04534820184264812,10,0.7675840631237287,0.015040400332954012,10,0.43914348944326304,0.04334074936176722,10,0.18665520596172397,0.029614685951409786,10,0.48559418246902303,0.0596505962358735,10,0.21824677288532257,0.025791302431145368,10,1.298074060678482,0.35592370766540854,10
nohidden_HO_T20_mixFP,0.5,0.01,15,0.4771825736007857,0.016185208176868936,10,0.6200181958650565,0.026755835537470907,10,0.5037738823556369,0.0412943216517294,10,0.8104663359331697,0.01878380885366822,10,0.37313545564841694,0.03997959929593141,10,0.17723281479129632,0.01652669548281866,10,0.4146109509934347,0.03585048838269903,10,0.19809965789318085,0.01010676989105519,10,0.9015731453895569,0.17618737593614972,10
nohidden_HO_T20_mixFP,0.5,0.01,16,0.6572640549420157,0.024540623708878447,10,0.7479876028704016,0.016663441687378218,10,0.7031026204153136,0.027518619833599125,10,0.7998419211236745,0.016722845802924876,10,0.4916614495901587,0.046578018599198336,10,0.07835176938495096,0.01577954081343213,10,0.23907113030866817,0.03271048329224465,10,0.10685713216662407,0.014440179722376817,10,0.4161365807056427,0.07066138672836564,10
nohidden_HO_T20_mixFP,0.5,0.01,17,0.685138603373757,0.023084761396474092,10,0.7684284882989678,0.009359436374258786,10,0.7315518974363278,0.013986071638458181,10,0.8093835894929493,0.009412830418617858,10,0.5747690109566372,0.04002635761809009,10,0.062182312094243,0.010028993836838883,10,0.24540388616785974,0.01250664520521516,10,0.0938967876136303,0.013695709899209187,10,0.34147205352783205,0.0507976501081971,10
nohidden_HO_T20_mixFP,0.5,0.01,18,0.6643255393026459,0.02480749456903363,10,0.7537326094133051,0.011591795087115404,10,0.6991873067977499,0.016402502726717942,10,0.8178201722437987,0.014303272526236463,10,0.6363986874739825,0.053715163369926267,10,0.07320414988167505,0.010113975842277254,10,0.2027107548102783,0.01982136510678323,10,0.10642598867416382,0.015657880414980136,10,0.43161880671978,0.0857752670848076,10
nohidden_HO_T20_mixFP,0.5,0.01,19,0.7486698886357562,0.026760893602861276,10,0.813825053973882,0.011326947581043847,10,0.8058680082305388,0.018338608459574492,10,0.822072132930989,0.0048096553753225295,10,0.4703010108638156,0.05509527041615028,10,0.03613146563003164,0.01277126389159393,10,0.16197796679641843,0.03152537981752763,10,0.07241483107209205,0.01390143189747752,10,0.2558482840657234,0.04913281654852277,10
nohidden_HO_T20_mixFP,0.5,0.01,20,0.789182956438999,0.009313201210569229,10,0.8403204957583471,0.0031778098666697583,10,0.871072725147282,0.003980172686074473,10,0.8117041630139307,0.006342448396934916,10,0.5368818870437878,0.06673266850011633,10,0.019583704376577988,0.006143355061895043,10,0.07426175202605545,0.012942034126130557,10,0.05897909440100193,0.007949188944246894,10,0.2075932502746582,0.036037753204099306,10
nohidden_HO_T20_mixFP,0.5,0.025,1,0.28372674395093955,0.05139806453887222,10,0.4512595816066276,0.029153726358738124,10,0.4874038772943089,0.06478336609010359,10,0.4240679807865952,0.022090282687320092,10,0.9108573077879317,0.1086870219711798,10,0.16744996278156996,0.03979845792363794,10,0.44488549832387525,0.07118436794128855,10,0.21139238625764847,0.026597670673318266,10,0.8481565892696381,0.12863620852016242,10
nohidden_HO_T20_mixFP,0.5,0.025,2,0.4202089308472418,0.0648784524898888,10,0.5750175946931624,0.05209361702862978,10,0.5299740034444189,0.08041434485649378,10,0.6382799979765258,0.060295438664226715,10,0.5913557670703542,0.07075729779965874,10,0.11655909748523667,0.02880453131800116,10,0.45020515449168713,0.13238382435437568,10,0.1810336396098137,0.020357062619247506,10,0.6462206423282624,0.1270568661869622,10
nohidden_HO_T20_mixFP,0.5,0.025,3,0.42899893682907664,0.06357843186188228,10,0.5904173741412524,0.0427288473595369,10,0.4879618348166496,0.061231299935857214,10,0.7554768799978321,0.025525493325624773,10,0.1717101018471884,0.043629426211836145,10,0.1939151035196733,0.04218973101885503,10,0.41177198648071667,0.07099916858190929,10,0.20666693150997162,0.034787012693569826,10,0.7867821872234344,0.1511385451972522,10
nohidden_HO_T20_mixFP,0.5,0.025,4,0.4876001487267282,0.03818859149326066,10,0.6270712048877688,0.03133306081108777,10,0.5358891250823637,0.06686048223536685,10,0.7678766745220428,0.04273042430571851,10,0.17561335586833612,0.04938600951577018,10,0.17036668343678413,0.044175640983386874,10,0.37477440339351265,0.08885472358231705,10,0.17821716368198395,0.02490310889585952,10,0.641486382484436,0.1169078358626042,10
nohidden_HO_T20_mixFP,0.5,0.025,5,0.47113907905068925,0.06307310976835923,10,0.6149379871653722,0.054340386102803034,10,0.519786785098918,0.09590566806746581,10,0.7711222356899273,0.033822254433529556,10,0.2303678970246282,0.04822492075343348,10,0.1901729185640618,0.05725072594306817,10,0.4258184194800795,0.1141284315186627,10,0.1896669328212738,0.03431102766598882,10,0.716524937748909,0.17722779777901584,10
nohidden_HO_T20_mixFP,0.5,0.025,6,0.47428777582419634,0.09531122246247764,10,0.6177023343127688,0.0714694991382018,10,0.5442528451068036,0.11569989127693094,10,0.72995550708031,0.03621146041769684,10,0.3522078553074396,0.09225792734897842,10,0.16978181278419063,0.06321074339537883,10,0.37785684660137003,0.12638594481911108,10,0.1811501607298851,0.040609786184647084,10,0.7029072791337967,0.18533427709147285,10
nohidden_HO_T20_mixFP,0.5,0.025,7,0.4336565815238602,0.039709554314476925,10,0.5934360457472135,0.029657922167158297,10,0.49872287591917475,0.04180273773427135,10,0.7361446328474693,0.022241252559371403,10,0.46822323578715297,0.08540613087703078,10,0.19546626359422484,0.025441628695205335,10,0.4486772852198249,0.05546473455166218,10,0.20727349072694778,0.027504569747793823,10,0.9769899845123291,0.2100010300627744,10
nohidden_HO_T20_mixFP,0.5,0.025,8,0.5629893836566857,0.05358654792234837,10,0.6789899434035288,0.033132262625857355,10,0.6486692957353875,0.05622076724510792,10,0.7157204303612327,0.03360927266062833,10,0.4808039426516819,0.14178888106058662,10,0.10076436327601612,0.034812257171884235,10,0.25889083299265203,0.07005959766151584,10,0.13391234949231148,0.02633100309295037,10,0.4902782768011093,0.1009183792680918,10
nohidden_HO_T20_mixFP,0.5,0.025,9,0.6099964986574893,0.035466994735173125,10,0.7096384141932288,0.02924908707371994,10,0.7006458224918456,0.05096370650358599,10,0.72099676674869,0.022016870132365574,10,0.6295371429023194,0.13013018910576646,10,0.08443568922951242,0.025158479180365102,10,0.2562400920516187,0.06893067959012886,10,0.11676034927368165,0.015044348577750832,10,0.44722936153411863,0.0695432002456788,10
nohidden_HO_T20_mixFP,0.5,0.025,10,0.25755189810064,0.05008967598234278,10,0.4826716949289314,0.04080414377505012,10,0.37831878295217647,0.04847683612731398,10,0.6730041062585472,0.02165410240941257,10,0.6984878332823072,0.0449199733987648,10,0.2875550868032373,0.03956690379226017,10,0.6169460581034671,0.05633682323622706,10,0.3145796775817871,0.036489282803377605,10,1.929964554309845,0.2898450466830642,10
nohidden_HO_T20_mixFP,0.5,0.025,11,0.1978166470272968,0.03277560516135009,10,0.44799949796423294,0.03959763127097892,10,0.3434175899073245,0.05314660200629752,10,0.6567976711542872,0.03408997084349317,10,0.4293546121625461,0.07476424603591383,10,0.3266765445769712,0.046165545217573156,10,0.6295819632126127,0.055446956350296284,10,0.33987846672534944,0.039996440012642236,10,1.858866548538208,0.4436538311865415,10
nohidden_HO_T20_mixFP,0.5,0.025,12,0.41246692138311836,0.05339772373921553,10,0.5775366450589913,0.05240582175510971,10,0.4737596537569154,0.06792416566988965,10,0.7467179791018064,0.033288718042112225,10,0.2712330537350054,0.040831866395014495,10,0.2045814874524637,0.035867068053152235,10,0.40850158586345764,0.061237287059847205,10,0.20608464181423186,0.020396156413956108,10,0.7212273299694061,0.08689331774110477,10
nohidden_HO_T20_mixFP,0.5,0.025,13,0.5680833136766116,0.022189359985533327,10,0.6837398801793786,0.02462868303743127,10,0.6245787913652971,0.040693347004715136,10,0.7575425344541288,0.026527988577674928,10,0.44430915002503557,0.07385350259128881,10,0.10914342203958571,0.020834277686281037,10,0.2633644144875149,0.05165773167271305,10,0.13794928789138794,0.009662775614625857,10,0.4856458157300949,0.036753213456035994,10
nohidden_HO_T20_mixFP,0.5,0.025,14,0.4415327312272891,0.04194129041328499,10,0.5975813338919149,0.03481416889156477,10,0.4847855896767442,0.04516408803732789,10,0.7830642066736746,0.01917689622596649,10,0.4297340580782604,0.0414460260654303,10,0.19121345464433764,0.028168590043070624,10,0.47228201357569094,0.0562170669074001,10,0.21761507391929627,0.025734493200403663,10,1.2536017060279847,0.3604696931937908,10
nohidden_HO_T20_mixFP,0.5,0.025,15,0.47863374704052114,0.016582164788229038,10,0.6201235074947429,0.02744305026870006,10,0.49858852931549363,0.04207943038131873,10,0.8250786397138737,0.02183344079596918,10,0.3649613502567883,0.037427914849650704,10,0.185946517464846,0.01794453087556858,10,0.4231828832366643,0.03863821026067446,10,0.20049953311681748,0.010525643758987211,10,0.888390165567398,0.17202038355437144,10
nohidden_HO_T20_mixFP,0.5,0.025,16,0.6482560171925622,0.02343277690549172,10,0.741786298244443,0.016470267821201846,10,0.6815937070750068,0.027802879603835845,10,0.8147142290731582,0.018716534418311153,10,0.47709369559609643,0.04452370336724118,10,0.08999338267480414,0.015143084048974128,10,0.2786889496602613,0.032955201347652084,10,0.1117682158946991,0.013884075058267128,10,0.4331613063812256,0.06923957963167379,10
nohidden_HO_T20_mixFP,0.5,0.025,17,0.677838031561385,0.021179858703159866,10,0.7635001948099743,0.008252206194531682,10,0.7117558213451853,0.011873947358917974,10,0.8235487096933085,0.01126558218556954,10,0.5553268632850502,0.03720629402445153,10,0.07221005797259289,0.008523895715648856,10,0.2834478056660038,0.01697246092588128,10,0.09820864051580429,0.012970449235230335,10,0.3573936551809311,0.048321103494228766,10
nohidden_HO_T20_mixFP,0.5,0.025,18,0.6598173016717308,0.02385368950886359,10,0.7504604727117568,0.011097064603146224,10,0.6841231912501474,0.01656368333299668,10,0.8314954100160717,0.016496382201289166,10,0.6208776660511763,0.04865099007532262,10,0.08252490522693662,0.008518887058651793,10,0.2411705357541059,0.021749626035118975,10,0.1093208372592926,0.014918620148069552,10,0.43212300837039946,0.08090846847981603,10
nohidden_HO_T20_mixFP,0.5,0.025,19,0.7359830570606519,0.024481051930068033,10,0.8053304198592445,0.00963853282512411,10,0.7797628514711161,0.01332466296708813,10,0.8326915259369481,0.006609670957264707,10,0.45854259478518705,0.05114722084043353,10,0.04651063296344239,0.011554319636024404,10,0.20550409652980747,0.01924886326902966,10,0.07745173200964928,0.01350032461743993,10,0.2735517010092735,0.04884158304474493,10
nohidden_HO_T20_mixFP,0.5,0.025,20,0.7736672990046779,0.00948831392023172,10,0.8304599114652994,0.003392289208836202,10,0.8407593968024148,0.0069716407116026825,10,0.8205050935967628,0.00800922095140583,10,0.5164167113006763,0.06396523126671175,10,0.026857287086738752,0.00610606924158463,10,0.1271667648789084,0.013766261508435018,10,0.06412095502018929,0.008257726244492058,10,0.22734561413526536,0.038240905981360394,10
nohidden_HO_T20_mixFP,0.5,0.05,1,0.29384591080512396,0.04850823782704692,10,0.4541205006784999,0.02813606577740644,10,0.5022597191734326,0.06429855220202704,10,0.41802207336525016,0.023257021966733408,10,0.9120892333319521,0.10623587413064957,10,0.15684424665287305,0.033909475679633025,10,0.4164830169852262,0.06847550471466245,10,0.20321331173181534,0.024978179034998587,10,0.7895409464836121,0.12042694064382105,10
nohidden_HO_T20_mixFP,0.5,0.05,2,0.4233392187733944,0.06395113088782789,10,0.5743951041497071,0.05079832283920666,10,0.5438072066804305,0.08159507258295016,10,0.6180088084424845,0.05925879251778773,10,0.6059274194404103,0.0699907276997284,10,0.10436204031930321,0.024799932719402947,10,0.43238904445134274,0.13727963097261797,10,0.17367035299539565,0.019741663512580988,10,0.607120931148529,0.11674966545781065,10
nohidden_HO_T20_mixFP,0.5,0.05,3,0.42784366344682595,0.06360886792355391,10,0.5893920425516046,0.04258669546683018,10,0.49222599132215067,0.0633474877729653,10,0.7430385752673235,0.02692179175064442,10,0.19699064675664474,0.047962174540338735,10,0.18308643764465732,0.04332684766011125,10,0.41116811564923744,0.05881637267768171,10,0.20421948432922363,0.03387809913781606,10,0.7757023572921753,0.15131051477019464,10
nohidden_HO_T20_mixFP,0.5,0.05,4,0.493592258195957,0.035030944479218895,10,0.6312080195385741,0.0313380429277822,10,0.5379293013353748,0.06604096193711943,10,0.7754341147759979,0.038854250250038545,10,0.19121319036763987,0.053114891556008625,10,0.16554133121384396,0.04376867228059723,10,0.3859590433475543,0.08946876020688996,10,0.1759330302476883,0.02420825576269764,10,0.6236824572086335,0.10892567705595158,10
nohidden_HO_T20_mixFP,0.5,0.05,5,0.4788691606655716,0.06063976748838007,10,0.6202524361203556,0.05332922312359394,10,0.5193318160081597,0.09084438098645993,10,0.7865905871902703,0.02973459284629917,10,0.22863448276512788,0.05042779243272812,10,0.1914108312568679,0.05548502375510496,10,0.4385206325268635,0.1109983659998225,10,0.1895047038793564,0.033660091245184154,10,0.7124265015125275,0.17358556115517418,10
nohidden_HO_T20_mixFP,0.5,0.05,6,0.48583059100451714,0.08855668961115669,10,0.6261937935789821,0.06806664663654609,10,0.5410469172575905,0.1073758372313967,10,0.7584334863716523,0.030196105204544174,10,0.341562697138284,0.09148935914106086,10,0.1719974608080131,0.060956044364006354,10,0.39782176795943486,0.11758239655015311,10,0.17973923906683922,0.039725318656506324,10,0.6793959856033325,0.17478969099961797,10
nohidden_HO_T20_mixFP,0.5,0.05,7,0.4521603989867109,0.03501634337006814,10,0.6058085617739553,0.026135313668445678,10,0.5044028027777435,0.03718332962466129,10,0.7611554938775115,0.01695266188229038,10,0.4516514055134165,0.08282149257191151,10,0.19335963697953323,0.023564424876099582,10,0.4648419957122347,0.04157143782452471,10,0.2026687189936638,0.02479669255879054,10,0.9272273540496826,0.18944991362991642,10
nohidden_HO_T20_mixFP,0.5,0.05,8,0.581940548211867,0.046982622409189406,10,0.694327486560954,0.02824876059083136,10,0.6456694626185707,0.04722357031216652,10,0.7538355318353656,0.031835764541096816,10,0.47646455682580785,0.13199163487581894,10,0.10061079564606475,0.031935797015137386,10,0.28569351212728517,0.06229057095864388,10,0.12972686290740967,0.024309979149571115,10,0.4628925085067749,0.087475696909923,10
nohidden_HO_T20_mixFP,0.5,0.05,9,0.6246301301690493,0.03452860485027521,10,0.722149610711962,0.02740741060275441,10,0.699857302260431,0.04700024231589062,10,0.747821220170992,0.020098168528003262,10,0.617037506972195,0.12967099740042926,10,0.08350650671975916,0.024271407171196253,10,0.26391506169710366,0.06801580709018314,10,0.11414448916912079,0.015961049727789185,10,0.4359042286872864,0.07218558045116043,10
nohidden_HO_T20_mixFP,0.5,0.05,10,0.28649720268391066,0.0484390110805054,10,0.5003694922001228,0.039875616584611834,10,0.3921232892212596,0.048200797086875254,10,0.6976579421082615,0.01974781910624018,10,0.6906744383424068,0.045552755427893374,10,0.27507137010600935,0.03819892453978468,10,0.5912259451477491,0.056544321961720816,10,0.3012514740228653,0.03516254772482237,10,1.759536612033844,0.2705567868946421,10
nohidden_HO_T20_mixFP,0.5,0.05,11,0.2065383648525569,0.03328336483009528,10,0.4534485123904176,0.04130982185349415,10,0.34600243914533935,0.05481908065006447,10,0.6707887477169189,0.03416327024878734,10,0.41591968121494566,0.07088240142534713,10,0.3269788474328979,0.0453423206322777,10,0.6260033215017027,0.05741148407218279,10,0.33903651535511015,0.038351202138065865,10,1.854699444770813,0.4254126793677349,10
nohidden_HO_T20_mixFP,0.5,0.05,12,0.407321945414859,0.0549853507490616,10,0.5739594241285961,0.05428173703682546,10,0.4623986523164678,0.06993210543131605,10,0.7652786675916919,0.030849143642665368,10,0.2547659300718025,0.03684748525587447,10,0.21875092436710403,0.0396678680536025,10,0.4253424874700401,0.05899188400397205,10,0.21346433311700821,0.02231826605860521,10,0.7405689418315887,0.08802442419169804,10
nohidden_HO_T20_mixFP,0.5,0.05,13,0.5663517614044651,0.019473656772247706,10,0.6831535365895108,0.02302790892040461,10,0.6091599354823652,0.037340567857631346,10,0.7796650782826842,0.023345133866684357,10,0.42044348366783224,0.06801388719179464,10,0.12224146628914026,0.020132504390417954,10,0.28777258420097523,0.051724375369823924,10,0.14200762957334517,0.009428257183746463,10,0.49852356016635896,0.0360229709930629,10
nohidden_HO_T20_mixFP,0.5,0.05,14,0.44922435376036374,0.0426681804492406,10,0.6018715282627463,0.03505118398663392,10,0.4824864719414016,0.0445509145500847,10,0.8044075627806297,0.024828296403293447,10,0.4140793212464614,0.040173030952379,10,0.19976928672423916,0.026092885414323797,10,0.45614628115491024,0.05402071343381303,10,0.21809637248516084,0.02504011459017629,10,1.1843140482902528,0.3620627470209724,10
nohidden_HO_T20_mixFP,0.5,0.05,15,0.47636865735999645,0.01692048841672066,10,0.6172170029732877,0.029217876846986957,10,0.4890800598708035,0.04380349719073108,10,0.8423181026316607,0.024131536250759703,10,0.35460590065554853,0.03542773621684436,10,0.1994652248450081,0.02023456128089127,10,0.4624390653932252,0.04288786272543111,10,0.20563255548477172,0.011404991724551053,10,0.8707447111606598,0.16306776766797562,10
nohidden_HO_T20_mixFP,0.5,0.05,16,0.6293022803665543,0.02094543478353495,10,0.7278552341192726,0.016619209233065212,10,0.6476108400406272,0.029643893963142,10,0.8323483323765017,0.020448344902703256,10,0.45707144302130276,0.04264284434973211,10,0.10844881134987767,0.014889520816816423,10,0.3405085083408462,0.03461368847655637,10,0.12153382375836372,0.012749159193022962,10,0.4672349065542221,0.06609678062782269,10
nohidden_HO_T20_mixFP,0.5,0.05,17,0.6606516576313244,0.017276214689828616,10,0.7508929897764783,0.0073109212676219955,10,0.6787989600359781,0.01385478385981574,10,0.8405413403979896,0.013476597537670871,10,0.5254657909260958,0.03304605670175016,10,0.08994529842444308,0.006733220959700834,10,0.3420568480318945,0.029541994506217906,10,0.10756816193461419,0.011477160437168225,10,0.39347941279411314,0.043425586679471856,10
nohidden_HO_T20_mixFP,0.5,0.05,18,0.6465812762126286,0.020822816491407013,10,0.7403321750476142,0.010505950492824125,10,0.6573187163029994,0.018785757680066784,10,0.8481641282610809,0.019258923596017555,10,0.5966347493339592,0.03906497445142516,10,0.09846961668572023,0.00647400534165895,10,0.3047509479463457,0.02713085813077788,10,0.11623562946915626,0.013243111484173785,10,0.4430474787950516,0.07172847290064442,10
nohidden_HO_T20_mixFP,0.5,0.05,19,0.7106896421117426,0.019744061484469767,10,0.7872912658328104,0.006764214801593345,10,0.7361911778534445,0.009104501446573762,10,0.8461163787429571,0.009127030626607125,10,0.4404199965870042,0.04543692230599376,10,0.06504336022794928,0.009261099438798184,10,0.27114354217573955,0.008875909303240824,10,0.08808542117476463,0.012404066477634897,10,0.3128824532032013,0.04687916282777602,10
nohidden_HO_T20_mixFP,0.5,0.05,20,0.7434104379658197,0.00873770790744766,10,0.8098969141865291,0.004606608280086425,10,0.788889842651338,0.013393741004021898,10,0.8323650996159737,0.011242069327150678,10,0.4818361244135957,0.05989967249706043,10,0.04340212202646413,0.004955296087076137,10,0.20953104459363514,0.02235329745716585,10,0.07502955868840218,0.008357339463165846,10,0.27029228806495664,0.040835408617049894,10
nohidden_HO_T20_mixFP,0.5,0.1,1,0.3146931101114524,0.04409256384248809,10,0.4604208563201631,0.02701274528123492,10,0.5339264895990311,0.06465210341777008,10,0.4078921385233046,0.025832869538881333,10,0.910677165583459,0.10414141413105843,10,0.13762315413712933,0.024666166274643034,10,0.35914615638311836,0.08290291871204229,10,0.18812669962644576,0.02211158782761367,10,0.6934447050094604,0.10110900462387727,10
nohidden_HO_T20_mixFP,0.5,0.1,2,0.42361083915119185,0.05934612972928731,10,0.5676742172606871,0.04655844807880451,10,0.5669890573042444,0.08284615572715044,10,0.5770040098280684,0.056425984695063505,10,0.6342422865666106,0.06861380132341999,10,0.09401472188032103,0.020283198533733494,10,0.3735341751187534,0.14986135379788743,10,0.16255414932966233,0.018075797132791185,10,0.5464286416769027,0.09392550230633001,10
nohidden_HO_T20_mixFP,0.5,0.1,3,0.42368800479126045,0.05243514131980123,10,0.585322255586634,0.03437642675343504,10,0.5016496109668657,0.05677935416979896,10,0.7098683720633103,0.03106458834411918,10,0.25854724710714166,0.053701617768065174,10,0.15790817788048497,0.04036104293316636,10,0.4073492764417043,0.050824232015044275,10,0.19682786762714385,0.029874811834291637,10,0.7314378261566162,0.1415529549938775,10
nohidden_HO_T20_mixFP,0.5,0.1,4,0.5001211919286421,0.027218927749259013,10,0.6358319074433714,0.026637818069297728,10,0.5475399763397697,0.059565327885573637,10,0.7682939871994477,0.04105701049032768,10,0.24195834721301032,0.06060765743121567,10,0.14839093039353074,0.0388390040765597,10,0.3943960601069338,0.07073701194662234,10,0.16988778859376907,0.02049957278064922,10,0.5906094312667847,0.08719927150106156,10
nohidden_HO_T20_mixFP,0.5,0.1,5,0.4849993580191961,0.05501178992934914,10,0.6248568940176418,0.049053728981355425,10,0.52058244047023,0.07994568660799568,10,0.7943284565394644,0.02408395374897556,10,0.24538519502440112,0.05402663508575029,10,0.1857869298026863,0.04921366645629406,10,0.4508655006723018,0.08663442251863233,10,0.18794846534729004,0.030553991764251935,10,0.7019371688365936,0.15855791158060673,10
nohidden_HO_T20_mixFP,0.5,0.1,6,0.5001548977304289,0.07175069371269162,10,0.6357016129350048,0.05855026443798363,10,0.5367785614721682,0.09124360308233542,10,0.7929829905341075,0.025602396036550238,10,0.3424804657387985,0.08621118928400881,10,0.17257364972960518,0.053510753462105515,10,0.43170703170875535,0.09594076826858192,10,0.1772955574095249,0.03529397167922408,10,0.649324631690979,0.15212084483833876,10
nohidden_HO_T20_mixFP,0.5,0.1,7,0.47318362904915734,0.02503962676768712,10,0.6192989290556082,0.0201510133560314,10,0.510797713313868,0.030330250198195536,10,0.7885533507175218,0.015033168407564856,10,0.4340287410597453,0.07779097495926053,10,0.18900238234167016,0.018596967828457517,10,0.4972430731780815,0.03241644957191654,10,0.19657273292541505,0.019366344454885203,10,0.8525002419948577,0.14619366134047798,10
nohidden_HO_T20_mixFP,0.5,0.1,8,0.5982835004044615,0.03255501708520789,10,0.7065521287365107,0.018106291298805612,10,0.6351422123418219,0.033925136823185896,10,0.7985977983571717,0.031049739101004878,10,0.48217453886823447,0.11617698764592568,10,0.10499917468579227,0.026736672768791006,10,0.335119941201912,0.050634864792964814,10,0.12782716676592826,0.019837542242013038,10,0.44894648492336275,0.06811373616980589,10
nohidden_HO_T20_mixFP,0.5,0.1,9,0.6298322171428494,0.034022057892150515,10,0.7278488593771325,0.024871777385897176,10,0.6848792044551686,0.042037640562771234,10,0.7784189505018042,0.020423413913032325,10,0.5998125591910638,0.12594755488648832,10,0.08760715264028365,0.022455525153332295,10,0.30425830613632443,0.06158108929428068,10,0.11549997925758362,0.01735955731231065,10,0.440157288312912,0.07454046880573895,10
nohidden_HO_T20_mixFP,0.5,0.1,10,0.32778695898371046,0.045305965813920296,10,0.5255072877843724,0.03867688787093259,10,0.41288402087193365,0.04818148079230178,10,0.7291504745989073,0.017922457903287742,10,0.6768569470653399,0.045601741977958396,10,0.2545020479532101,0.035064591838229825,10,0.560596408774971,0.06290843534057719,10,0.27854336202144625,0.03189952504868937,10,1.4534996509552003,0.22494513097330512,10
nohidden_HO_T20_mixFP,0.5,0.1,11,0.22433652896664044,0.03562302615674126,10,0.4639758431125201,0.043597514128139864,10,0.3527421503117901,0.05731114023555908,10,0.6914472391166983,0.034585192289459964,10,0.4008303706886013,0.06536260877112875,10,0.32233213986685205,0.04493617302875617,10,0.6212183527355525,0.06094019840210924,10,0.333591490983963,0.036199263214107595,10,1.7991939306259155,0.37186737408970094,10
nohidden_HO_T20_mixFP,0.5,0.1,12,0.3971549600990318,0.05834721208241921,10,0.5666257952950792,0.05723778363629757,10,0.44443994105524504,0.07257986502197236,10,0.7932420652424385,0.025997224533110767,10,0.2404824999788099,0.041053868488360984,10,0.24089919941209859,0.04638597438411571,10,0.46119227647781225,0.0533734600906331,10,0.22709827423095702,0.027485749552552778,10,0.7787569046020508,0.09114067019882349,10
nohidden_HO_T20_mixFP,0.5,0.1,13,0.5475582968918081,0.016758751268442378,10,0.6696096508128555,0.024236270239342682,10,0.5717434659412705,0.03628269304320404,10,0.8099270719440721,0.017757260164185898,10,0.38186472305883135,0.055355291612858654,10,0.1489645615928138,0.019761679818707703,10,0.3540020386066727,0.046020805819093416,10,0.15474605560302734,0.008596246425579377,10,0.5375568956136704,0.035899711431435825,10
nohidden_HO_T20_mixFP,0.5,0.1,14,0.4508379959341786,0.03796274055698142,10,0.6009755924923793,0.03370046705927553,10,0.47173414620867593,0.04294613805129163,10,0.8332322052032574,0.029968521127379695,10,0.38737900928286456,0.039102050593680875,10,0.2179880989887558,0.024083309814599718,10,0.4754561114822461,0.030525350888789958,10,0.22354791015386583,0.022054869865638878,10,1.0742124259471892,0.34053167081639496,10
nohidden_HO_T20_mixFP,0.5,0.1,15,0.46587457536042737,0.017761541440683166,10,0.6082220744852966,0.03248025938932119,10,0.472304356010517,0.04626191802835627,10,0.861114512993032,0.0235214114229272,10,0.3433548554870997,0.03363852801695742,10,0.22098855751339155,0.0230387973304592,10,0.5295763479169436,0.0516912735815042,10,0.21610544323921205,0.013604754492787648,10,0.8526892483234405,0.14413418581335935,10
nohidden_HO_T20_mixFP,0.5,0.1,16,0.589281414185769,0.017606693579059897,10,0.6977264756604418,0.01881405514046208,10,0.5920750775827472,0.03382970480721622,10,0.8518487502687512,0.02158560759564802,10,0.4370878040050039,0.04255476616992382,10,0.1399626922304304,0.016024028821853817,10,0.428360534604146,0.03619818143418717,10,0.14270961359143258,0.011269153422383198,10,0.5444287240505219,0.06036700178302363,10
nohidden_HO_T20_mixFP,0.5,0.1,17,0.6206792366239264,0.010834600946602204,10,0.720610020257257,0.011177402756685047,10,0.620761035536449,0.02271853676796704,10,0.8599320529558538,0.015368673143586658,10,0.48204726534095377,0.03107094145519467,10,0.12353860891943107,0.007482294403237904,10,0.4365160340977144,0.04016427689102319,10,0.13005346804857254,0.009133369062415343,10,0.4875803142786026,0.03710689355872462,10
nohidden_HO_T20_mixFP,0.5,0.1,18,0.6115588870714448,0.015140043497488043,10,0.7133006388647873,0.01308972805599002,10,0.6067643948081985,0.02596510405039211,10,0.8670338219467174,0.02194506883928984,10,0.5584588389849787,0.027729436579723685,10,0.12905861448509412,0.007017350510147435,10,0.4095568130762232,0.03586596071471414,10,0.13431203961372376,0.010005644623448773,10,0.4945604056119919,0.05428270787024321,10
nohidden_HO_T20_mixFP,0.5,0.1,19,0.6555211920283812,0.011717321405112445,10,0.7462586687070553,0.008981730043210035,10,0.6584339054981885,0.01858221924633562,10,0.8618072962857648,0.01215799254515957,10,0.4132156281796748,0.03754235403423043,10,0.10239138659313156,0.005806608993681181,10,0.37180991212227,0.02729709980061632,10,0.11433971673250198,0.009839334132781614,10,0.42004508674144747,0.04014710873531918,10
nohidden_HO_T20_mixFP,0.5,0.1,20,0.6758502399179366,0.006774379731578403,10,0.761219380063067,0.009698714805108616,10,0.692089730854881,0.024534521800700045,10,0.8468389502458633,0.016434909032392406,10,0.42048333400280835,0.05229500013883892,10,0.08302290867323878,0.0029164836127199764,10,0.3364467057756208,0.036442657113861174,10,0.10354149490594863,0.007593871090867581,10,0.39195393323898314,0.042628732700989144,10
nohidden_HO_T20_mixFP,0.5,0.2,1,0.35871549776286915,0.033680755141916555,10,0.4781606818026981,0.024120034355924694,10,0.5996358128776726,0.06411859319444711,10,0.4006753186646879,0.030790063384204584,10,0.8829312473052433,0.1118162502658733,10,0.10829084334033992,0.012535043468878506,10,0.2500363128543583,0.05716980642577755,10,0.16686659604310988,0.014871285361242237,10,0.5778264403343201,0.05152371977895931,10
nohidden_HO_T20_mixFP,0.5,0.2,2,0.43214355645717556,0.047712148770914224,10,0.5559866968557025,0.03690608702726667,10,0.6220798892434638,0.08102066048742179,10,0.5090285083082707,0.047524820662448376,10,0.688190378754304,0.06505784413026906,10,0.0907164129483686,0.015797811852652614,10,0.2560980090332791,0.11913983343548706,10,0.1485818773508072,0.014537882409918011,10,0.489934104681015,0.05762246096932881,10
nohidden_HO_T20_mixFP,0.5,0.2,3,0.39866727926051676,0.03837792628507415,10,0.5612772791005238,0.023166335150650003,10,0.5183666615337217,0.04767069043853091,10,0.617231977259973,0.034499122550593876,10,0.4138309114245186,0.0531747790731004,10,0.13051353956961628,0.025529479133721025,10,0.3774262706953964,0.06329735301301352,10,0.18183607757091522,0.02466998748965651,10,0.6226485580205917,0.10511338302371195,10
nohidden_HO_T20_mixFP,0.5,0.2,4,0.47167267609723423,0.01918467383437056,10,0.6138644536223377,0.01960157820338301,10,0.5591946689132113,0.0458647311242735,10,0.6874127172789974,0.05022733720998295,10,0.38085670953709755,0.07433008425970551,10,0.11828040905055685,0.01929665951969996,10,0.38806636853188714,0.059628756369139446,10,0.16220695972442628,0.015778467365619123,10,0.5457666009664536,0.061362365512436186,10
nohidden_HO_T20_mixFP,0.5,0.2,5,0.47068374703235827,0.034751098802287654,10,0.6156859250481344,0.0332916782314572,10,0.534614260581977,0.060245081703915175,10,0.7329729091263115,0.02785688164471615,10,0.3404627937577106,0.0485005300434679,10,0.1498155860910028,0.029100184340996375,10,0.4693202914251545,0.06506120495141925,10,0.1791763946413994,0.018998263930646277,10,0.6458256423473359,0.09877286674863926,10
nohidden_HO_T20_mixFP,0.5,0.2,6,0.5016543935444713,0.042223158125364764,10,0.6367624993571565,0.03818913412570363,10,0.5479061446910365,0.06774550223092543,10,0.7696091443348144,0.037574842561099324,10,0.4241136633669383,0.06526186739700346,10,0.14707933346164312,0.033638245113723035,10,0.4505457524498869,0.0734913503290337,10,0.16750262677669525,0.022096003731816274,10,0.5957817912101746,0.10046007634427467,10
nohidden_HO_T20_mixFP,0.5,0.2,7,0.47663324038721655,0.0179866409504262,10,0.6214177446200604,0.01997774347379758,10,0.5209913556265746,0.03345348403016733,10,0.7724048435531714,0.016130213619989904,10,0.46598604278539046,0.06052352454153744,10,0.1680887865105171,0.012131025812278744,10,0.5099416458781256,0.034653884637703414,10,0.18641461580991744,0.013632393210428037,10,0.7393835842609405,0.0877432845048039,10
nohidden_HO_T20_mixFP,0.5,0.2,8,0.5829822801067958,0.01996110040500491,10,0.6952961319576401,0.01391421556428738,10,0.6216303008065023,0.03242178357843914,10,0.7914511137596174,0.02664374416285393,10,0.5431063846881561,0.09290886897848795,10,0.10671547960075789,0.018604640268204752,10,0.3760320905340581,0.04889780136839236,10,0.13299330249428748,0.01592512981741006,10,0.4728911340236664,0.05806472994834732,10
nohidden_HO_T20_mixFP,0.5,0.2,9,0.6047859228002929,0.03049009850185798,10,0.7104901809405773,0.019998998917457197,10,0.6566242902145466,0.03677440992228743,10,0.7759006985694082,0.020502708108517773,10,0.6150253922701879,0.10995862352051045,10,0.09441684651165735,0.019399285035109768,10,0.36438046791388917,0.06276774408938866,10,0.12422374710440635,0.017955173028797858,10,0.4681028455495834,0.07283453343813431,10
nohidden_HO_T20_mixFP,0.5,0.2,10,0.3833906818355882,0.03600453870214333,10,0.5598348220099861,0.03455605728295646,10,0.4497572472257708,0.046736119346607596,10,0.7470301875954324,0.019186003342162024,10,0.6568174642439981,0.043295824441285775,10,0.21164813222436746,0.02605492286874213,10,0.5618217654959422,0.062148480946112396,10,0.23340269327163696,0.02226719863755023,10,0.9761562645435333,0.1411879202203325,10
nohidden_HO_T20_mixFP,0.5,0.2,11,0.2669116581143606,0.038501043222036256,10,0.4882477400664535,0.04540396745896436,10,0.3739842635251413,0.05948568714254093,10,0.7160526782166368,0.034149124235643244,10,0.40450168891985755,0.05876867715792961,10,0.2931788431739616,0.04239932707812725,10,0.5937806600461298,0.06204418494732668,10,0.3069679856300354,0.03173709010386402,10,1.5504042267799378,0.25323281684880833,10
nohidden_HO_T20_mixFP,0.5,0.2,12,0.3951557538834115,0.0547487553194244,10,0.5637281441278299,0.05502783884633103,10,0.4316590231083802,0.07011077500156046,10,0.8262712563557342,0.023949919142395942,10,0.2684959341835528,0.058432544043846464,10,0.2573384017770669,0.05208767041847003,10,0.5006793631323395,0.04634963843735172,10,0.23714082539081574,0.032117621436337715,10,0.8011601865291595,0.10178594693381056,10
nohidden_HO_T20_mixFP,0.5,0.2,13,0.5016020069002028,0.026830593693951413,10,0.6356403656882095,0.032644135833785476,10,0.5149473492746833,0.04741488141238803,10,0.835008544437731,0.017769729782048497,10,0.3770920276777915,0.06753069493009817,10,0.18672828947383796,0.02832146677643105,10,0.46088212297819764,0.04567580441460366,10,0.18142952471971513,0.01384460223820414,10,0.6263623178005219,0.03963030508479524,10
nohidden_HO_T20_mixFP,0.5,0.2,14,0.4425208191626213,0.026829893301266155,10,0.5932642980789008,0.0337720254527869,10,0.4566849373013734,0.04452041139879022,10,0.8534415743221275,0.0280629543055136,10,0.3767215163633552,0.03459480654413311,10,0.23669799800001137,0.025890415078069603,10,0.554068584997206,0.030485329937891256,10,0.23082681596279145,0.020384956249251948,10,0.9517989337444306,0.23597286667175,10
nohidden_HO_T20_mixFP,0.5,0.2,15,0.45973720380042193,0.02157409317000248,10,0.603647334568554,0.03490515929420985,10,0.46530094068986,0.04704235439092066,10,0.8660965111209821,0.01980809696990031,10,0.35272966448574056,0.03685132252714794,10,0.23337171712874158,0.02367676330640592,10,0.5765356264117236,0.04967659243677377,10,0.22086638808250428,0.01612634552119385,10,0.8466776311397552,0.10101736633596882,10
nohidden_HO_T20_mixFP,0.5,0.2,16,0.5389161121124657,0.01765553793331556,10,0.6611585807008005,0.022778696549976246,10,0.541300742594039,0.036763798202847565,10,0.8526818712871675,0.02166965946468027,10,0.4686011570874603,0.05050982337046451,10,0.16825690295196413,0.018275960458314453,10,0.4882408920020228,0.03247094693971864,10,0.16966662555933,0.011993415085768021,10,0.6555326461791993,0.051836516583835875,10
nohidden_HO_T20_mixFP,0.5,0.2,17,0.5578637488213236,0.009484910704901968,10,0.6741140191830344,0.019115800693167456,10,0.5534538181407083,0.030738765197024297,10,0.8643691941187488,0.016339148102488977,10,0.4613422657924874,0.03691959237393827,10,0.1661435682569313,0.01268812495689463,10,0.5313815774691962,0.03819806004042391,10,0.16689905822277068,0.009691812173597122,10,0.6626510262489319,0.04305847033518256,10
nohidden_HO_T20_mixFP,0.5,0.2,18,0.5546100461467086,0.011532870363703155,10,0.6711759999547634,0.018928417129275316,10,0.5476045336697863,0.03175608381496772,10,0.8696893296957601,0.021626219374073663,10,0.5359307601088669,0.029596947714362967,10,0.16714063420950337,0.011852274518939911,10,0.5130698534954202,0.0399524927192801,10,0.16482726782560347,0.008328673185830637,10,0.6245418012142181,0.03776928494587731,10
nohidden_HO_T20_mixFP,0.5,0.2,19,0.5656388626349499,0.008033735948073467,10,0.6799401272603752,0.01816145956118806,10,0.5620149601789671,0.02934691630475343,10,0.8624398341231899,0.013721477192996481,10,0.39934783777645977,0.034436974884115644,10,0.15802931714983007,0.007550139540528935,10,0.4783526169984273,0.035936202204741245,10,0.16387890726327897,0.00806023974921625,10,0.6635599255561828,0.03601527055581834,10
nohidden_HO_T20_mixFP,0.5,0.2,20,0.5601343319213985,0.008090795842030157,10,0.6769242842793878,0.017926230177350014,10,0.5662432349791241,0.03329554952786747,10,0.8442995823688791,0.02139475124347741,10,0.34352508351788014,0.043376347639829615,10,0.15307605326899792,0.007131937836235072,10,0.4514403864202766,0.03849006070378369,10,0.16448154598474501,0.007847202002525401,10,0.7135927617549896,0.05281270516026686,10
nohidden_HO_T20_mixFP,0.55,0.01,1,0.2650267398279257,0.0407458250150698,10,0.43952427456974413,0.020068819160791954,10,0.46867416591616384,0.05756888270608183,10,0.4181159437284013,0.01943148773397956,10,0.9113396071531396,0.1100024673941772,10,0.1771318547953205,0.04051815262829571,10,0.48263825894083706,0.08285477656026438,10,0.22074420899152755,0.02506522260120471,10,0.9168693244457244,0.12454543755443462,10
nohidden_HO_T20_mixFP,0.55,0.01,2,0.39562479674714607,0.06308384325870332,10,0.5594250764221186,0.051441249796702844,10,0.5056168787356339,0.07671044708639367,10,0.6360782617705878,0.06139079543532959,10,0.5826972602704588,0.07305853098174575,10,0.13107620138448123,0.030684715925586123,10,0.4743276086501377,0.12515510924272621,10,0.19244648963212968,0.019848356685131668,10,0.691123104095459,0.12793015607079433,10
nohidden_HO_T20_mixFP,0.55,0.01,3,0.42792890918983445,0.057886212281640904,10,0.5894902988106578,0.03903704374840852,10,0.49053846756330544,0.05679629069894033,10,0.7455207493045883,0.027398100514616743,10,0.15483711371100356,0.042150130388502786,10,0.19047513949111197,0.03732276904637964,10,0.4071122995740647,0.06780932830744474,10,0.20296063721179963,0.030061105646837002,10,0.7592180490493774,0.12446924989277892,10
nohidden_HO_T20_mixFP,0.55,0.01,4,0.48476038072218175,0.03612041898360508,10,0.6250884230596532,0.027519955566443405,10,0.5403878210553226,0.06363694837211663,10,0.7529468757635598,0.045904948289038836,10,0.18107569148547392,0.04691662810649367,10,0.16324189834218114,0.04192718468161329,10,0.35399326198238784,0.08805876987083942,10,0.17531252652406693,0.023354367090405517,10,0.6260831594467163,0.10734293405373073,10
nohidden_HO_T20_mixFP,0.55,0.01,5,0.4635590114853132,0.0580442163748395,10,0.6097198356065914,0.05017207260733406,10,0.5207119014956441,0.09357311019179673,10,0.7533495540759244,0.03652126385406115,10,0.23562184482130855,0.047553668002731524,10,0.18444654146464098,0.054437495332772395,10,0.410254066766072,0.11322883255618138,10,0.18811789453029631,0.03106681703446723,10,0.7049586355686188,0.16160865273139433,10
nohidden_HO_T20_mixFP,0.55,0.01,6,0.46982726283620246,0.09321911020332158,10,0.6138514592760903,0.06864404114549875,10,0.5490164479159682,0.11792415253551222,10,0.7123402227552244,0.03384100881127782,10,0.3666534689382851,0.0977124036755697,10,0.1630167251149465,0.06149916816101486,10,0.3589267131620705,0.12597374317744517,10,0.17960964366793633,0.03905712182693017,10,0.6959752261638641,0.178805019498737,10
nohidden_HO_T20_mixFP,0.55,0.01,7,0.4286847782764146,0.0370785105346588,10,0.5896619654008338,0.027557331373945195,10,0.5025666251888732,0.03943213349810941,10,0.716377445720501,0.022791934846412086,10,0.4897975756832265,0.08973974151346659,10,0.18824812083735898,0.022518653085409377,10,0.4290040640651725,0.04931333283955871,10,0.20440560281276704,0.024814559717108407,10,0.9613359689712524,0.1872472899129339,10
nohidden_HO_T20_mixFP,0.55,0.01,8,0.5601427576244793,0.04925485201154811,10,0.6748045047597632,0.030358625044066594,10,0.6598290207338591,0.052357685047583466,10,0.6932611284086647,0.03183866202175135,10,0.5061425683485616,0.1399785815855559,10,0.0916330737207997,0.030579741630338778,10,0.23627989036240066,0.061022464580425956,10,0.13205699622631073,0.02396330097275341,10,0.48469523787498475,0.09109673296758741,10
nohidden_HO_T20_mixFP,0.55,0.01,9,0.6026699119928726,0.03260705583185593,10,0.7018782987881165,0.02693486890847294,10,0.7095026456392161,0.04778550682500727,10,0.6961181863124092,0.02093700995417506,10,0.6530848294552287,0.12715286032896211,10,0.08063451944825425,0.0213150578888948,10,0.24036640812019755,0.0632344826767048,10,0.1172951564192772,0.013734414034655026,10,0.45013909339904784,0.06091372238953383,10
nohidden_HO_T20_mixFP,0.55,0.01,10,0.2478570524743517,0.04839073638295486,10,0.4765892466310794,0.03979015836779996,10,0.37410964108807315,0.047687897555475374,10,0.6627838057977782,0.019773081045992364,10,0.7218717865262649,0.04523503770234143,10,0.29082734065464944,0.039242942701225726,10,0.6285506924536195,0.05491937294599966,10,0.31874551475048063,0.0362758806558532,10,1.979915475845337,0.28713964941099,10
nohidden_HO_T20_mixFP,0.55,0.01,11,0.19282838078837589,0.028832259244661967,10,0.4447337391427763,0.03718706744664227,10,0.3416369976439533,0.05053550580563319,10,0.6487352871505901,0.03410355361479353,10,0.44087632762335655,0.07457479082537019,10,0.3239333855488443,0.042699928998503035,10,0.6320097839738615,0.052922674875528965,10,0.3387169986963272,0.037035868384028385,10,1.8157698392868042,0.39463848791662154,10
nohidden_HO_T20_mixFP,0.55,0.01,12,0.42208200025648546,0.055325142132639685,10,0.5835192292670147,0.052680338497672445,10,0.48829068875048637,0.07282569933551536,10,0.7327929697625716,0.03152714048181283,10,0.27418787082886287,0.045745135182014555,10,0.18830742724746347,0.03682729332834787,10,0.38495527234722104,0.06863174475324531,10,0.19708661288022994,0.02050319529889985,10,0.6838361263275147,0.0831403326779728,10
nohidden_HO_T20_mixFP,0.55,0.01,13,0.5695190431418786,0.020339321011680175,10,0.6834631994472995,0.024794753371136895,10,0.6396904219752254,0.04234611532143289,10,0.7357320307217399,0.024342295064612367,10,0.47461270442735204,0.0659129626112884,10,0.09389453190331001,0.0187061853860228,10,0.24784148940214262,0.05394828233306699,10,0.13409337401390076,0.00660552664405164,10,0.4751401752233505,0.02872623691212153,10
nohidden_HO_T20_mixFP,0.55,0.01,14,0.4282511143151351,0.03776027333512414,10,0.5891857665979315,0.03204107613458918,10,0.48382130024627645,0.043652948322903895,10,0.7571958525812886,0.01519475442619418,10,0.4484855733905434,0.03997347388834218,10,0.18276648255477607,0.027610375456297236,10,0.48950482030795434,0.05965854726121071,10,0.21839802265167235,0.024058517426381505,10,1.305889230966568,0.34576736697251753,10
nohidden_HO_T20_mixFP,0.55,0.01,15,0.46816190990623585,0.015047809550612943,10,0.6143002737396807,0.025739972944462064,10,0.5001195967477795,0.04044268253734309,10,0.8004639346116329,0.019134551443528977,10,0.3825227838328558,0.03645001847274811,10,0.1754786089351318,0.015265083032152876,10,0.4192833037097562,0.036149643725556645,10,0.2001662090420723,0.009338978309382143,10,0.9005809724330902,0.15881619373121464,10
nohidden_HO_T20_mixFP,0.55,0.01,16,0.6596086564726711,0.019585579554550748,10,0.7490180101697623,0.013778100269438601,10,0.7148022754894188,0.02527458595684893,10,0.7874511606347006,0.016014140577526387,10,0.5079582876334016,0.04783019762788838,10,0.068723334371751,0.012514525900447264,10,0.21857506915942496,0.02762552609074086,10,0.10376337170600891,0.012285348863550774,10,0.3925667703151703,0.05523879755515233,10
nohidden_HO_T20_mixFP,0.55,0.01,17,0.6882511408151968,0.021366086788984516,10,0.7699899865759072,0.007633482653807211,10,0.7446837664146665,0.01196155502302703,10,0.7972548768570057,0.010586906954341717,10,0.6143393059839514,0.03193125382522584,10,0.05584286461131392,0.009798591328378741,10,0.21488202844723991,0.01026378479859377,10,0.09173384383320808,0.01329299363636535,10,0.33120921552181243,0.050815103398927704,10
nohidden_HO_T20_mixFP,0.55,0.01,18,0.656590100411491,0.024901188666882644,10,0.7478826806124139,0.011026449242024877,10,0.7017510707584359,0.0159092884737129,10,0.8008408534370819,0.015059027712537832,10,0.6450259784772518,0.04723277988864897,10,0.06945762198397391,0.010045126683636526,10,0.1951398873901528,0.020712061374958856,10,0.10754922553896903,0.015757472423572425,10,0.4361966967582703,0.08531900260954585,10
nohidden_HO_T20_mixFP,0.55,0.01,19,0.7381482600778512,0.026338353103982602,10,0.8051073611768631,0.010969481527632658,10,0.8080761080738684,0.017332513076750954,10,0.8022596323809594,0.005420941321472486,10,0.4845494518979379,0.052956977823691506,10,0.03237936635721028,0.012369827714430025,10,0.128203702661494,0.029935254762091912,10,0.07468024455010891,0.013899110130821436,10,0.2637524247169495,0.04977036474198519,10
nohidden_HO_T20_mixFP,0.55,0.01,20,0.7750510787469714,0.010169789015750628,10,0.8295819594156784,0.0032643072251304773,10,0.860872639061018,0.0037173254116406617,10,0.8005216989680826,0.0062946041613236425,10,0.5718411545824245,0.06090150446325494,10,0.019759807340051908,0.006332894314449441,10,0.07158354499921596,0.011783989290200978,10,0.06249683797359466,0.008432579894251387,10,0.21792603135108948,0.03773854583616603,10
nohidden_HO_T20_mixFP,0.55,0.025,1,0.26859312177528666,0.03861676857120002,10,0.43900432204588224,0.019008000592849707,10,0.47560055931822925,0.05693711881887808,10,0.4116891337818485,0.01945304284254161,10,0.9120996252923803,0.10881625308211745,10,0.17094149055174074,0.036714762053919055,10,0.47001376146412116,0.07764180435166253,10,0.2163803219795227,0.024082182315310237,10,0.8803733289241791,0.12062841075128329,10
nohidden_HO_T20_mixFP,0.55,0.025,2,0.39828137430914656,0.0636175078384452,10,0.5594185299365071,0.051247001185458295,10,0.5151676868187576,0.07776120636491057,10,0.6215813489482948,0.060891603708581696,10,0.5914417232202275,0.07254420637084612,10,0.12141149316939925,0.027816272767714697,10,0.4694399646809385,0.1273571879711916,10,0.18745362609624863,0.019585720796368854,10,0.6659319341182709,0.12325955837480698,10
nohidden_HO_T20_mixFP,0.55,0.025,3,0.4260238363958222,0.05899210907366669,10,0.5880315978882767,0.03972273993960728,10,0.4922055641996522,0.059095025199306726,10,0.7378327465727971,0.02834902520190829,10,0.1704098032209572,0.0448299175130804,10,0.18495509641848057,0.038312997294036914,10,0.40542534281300135,0.06198005846252661,10,0.20254284888505936,0.029906641839516367,10,0.7583133935928345,0.12629030261633375,10
nohidden_HO_T20_mixFP,0.55,0.025,4,0.48814755906907353,0.03409148527573727,10,0.6274782654940861,0.027961076410595843,10,0.5404931770733157,0.06378289718487723,10,0.7593965213367047,0.04307494531926683,10,0.18858978376178032,0.04928217844306617,10,0.16142434431363287,0.042137454223826955,10,0.3629482042209119,0.0905044836009791,10,0.17440900653600694,0.02307496253620406,10,0.6164351582527161,0.10294357772802046,10
nohidden_HO_T20_mixFP,0.55,0.025,5,0.47068571416721205,0.0565721733745164,10,0.6147211282294953,0.049835891722092455,10,0.5214904962513907,0.09054007710850799,10,0.7654313509425581,0.03392419175525263,10,0.23200459734790782,0.04989288837080921,10,0.18493858399320093,0.053517442525518294,10,0.41759338574782473,0.10967342295656586,10,0.18726070821285248,0.03062470133584239,10,0.6984712779521942,0.1587261997672542,10
nohidden_HO_T20_mixFP,0.55,0.025,6,0.4791603075514965,0.08895309870644164,10,0.6210192485800794,0.06677531991957997,10,0.5476936783634826,0.11217044589349626,10,0.732820757071082,0.030113848809370826,10,0.35882463315042223,0.09716814269660878,10,0.16359760934533427,0.06047878534561511,10,0.37057342915345104,0.12179448828527942,10,0.17803564444184303,0.038447529016121536,10,0.6774092197418213,0.171490730471032,10
nohidden_HO_T20_mixFP,0.55,0.025,7,0.44405503588668893,0.0340244242492338,10,0.6002419038714257,0.02523272205759215,10,0.5080460358738068,0.036311680375510545,10,0.7359376852105359,0.01857783267705916,10,0.4778425982646225,0.08834512998935361,10,0.18622026001498,0.021153176581803962,10,0.4364486888725154,0.039964900441702055,10,0.2007274180650711,0.02303194637557606,10,0.9279568791389465,0.17467200873903097,10
nohidden_HO_T20_mixFP,0.55,0.025,8,0.5767111147461128,0.0457778815259455,10,0.6886567782751686,0.027693459253148697,10,0.6601390256944086,0.046759538487247676,10,0.7221735693836504,0.030096725489857555,10,0.5030694776479964,0.13241199467304426,10,0.09017914008465222,0.028735555370515056,10,0.2498279725769635,0.05687090583936934,10,0.12790495827794074,0.02282468897590536,10,0.45951024889945985,0.0828349343170154,10
nohidden_HO_T20_mixFP,0.55,0.025,9,0.6154655422125742,0.03147841871709631,10,0.7129615978928765,0.025328641822007142,10,0.7108045059945797,0.044742197880355696,10,0.7167113848514456,0.019603241722282876,10,0.6434817373728489,0.12555420710985665,10,0.07864623175713084,0.02074022030835138,10,0.24325327716870562,0.06374954075037187,10,0.1144491694867611,0.014113671752986605,10,0.4368741989135742,0.061950219241610545,10
nohidden_HO_T20_mixFP,0.55,0.025,10,0.2686775141013175,0.047749142500588315,10,0.48937345470062776,0.03930870206250171,10,0.3840465095966035,0.04764131255207027,10,0.6807215057777801,0.018440229052047244,10,0.7179651041474268,0.04557666119469253,10,0.2820148360809272,0.03856750383224126,10,0.6119708511786879,0.055044315963790114,10,0.3096001446247101,0.035648352874683216,10,1.8685365915298462,0.27665378273469904,10
nohidden_HO_T20_mixFP,0.55,0.025,11,0.19920545346245327,0.028664066295926154,10,0.4487490656258169,0.03819642711962841,10,0.3436350642082574,0.05155542291265477,10,0.6586215056041747,0.03430755424963572,10,0.43116868574825773,0.07270910584399576,10,0.3241895040451858,0.041881418283574466,10,0.6292566337516721,0.05529111278911674,10,0.33816790878772734,0.03584518894104635,10,1.8182744979858398,0.38587704287144,10
nohidden_HO_T20_mixFP,0.55,0.025,12,0.4204041409224911,0.055854006545644874,10,0.582463800647031,0.053622520187086596,10,0.48139450547357515,0.0736611367303241,10,0.7460861591714806,0.030598854672788767,10,0.2620870481663686,0.040492527982957556,10,0.19717960533762666,0.03895517530054543,10,0.39406758859505897,0.06725723525621205,10,0.201057593524456,0.021368387988973895,10,0.6938591480255127,0.08451284165136434,10
nohidden_HO_T20_mixFP,0.55,0.025,13,0.5711901050506812,0.0184403952113957,10,0.6854934375132304,0.02344495147249258,10,0.631998280582023,0.04034944201474943,10,0.7508903520387511,0.022208919440916935,10,0.4601069989218279,0.06368529812233106,10,0.1007926352190905,0.018708478630729723,10,0.2587414724212056,0.05512314363245669,10,0.13556381762027742,0.006620734611197962,10,0.479902046918869,0.028656576825365234,10
nohidden_HO_T20_mixFP,0.55,0.025,14,0.4357515084072813,0.03947649933994413,10,0.5939488509368306,0.03267880985042062,10,0.4841053352275204,0.04350321308991653,10,0.772400202241688,0.019334237041759135,10,0.43955945575813093,0.038275262882034894,10,0.186846604118983,0.026441220572376026,10,0.4765099779801198,0.05543154564403594,10,0.2176022157073021,0.024022312598349853,10,1.2598122596740722,0.3508878018231443,10
nohidden_HO_T20_mixFP,0.55,0.025,15,0.47015210702649773,0.015569004449202247,10,0.6148855864496584,0.026338153236627432,10,0.49539776919984513,0.04099793306123126,10,0.8152814277667826,0.02216113484677439,10,0.37593964282936626,0.03436588295298256,10,0.1838473369045867,0.01641457817791675,10,0.419754927811509,0.0353417533950657,10,0.2022335022687912,0.009607978509336229,10,0.8844000995159149,0.1537383751907201,10
nohidden_HO_T20_mixFP,0.55,0.025,16,0.6508172219894912,0.018672286743575222,10,0.7432963803307727,0.013750460807365923,10,0.6928058916348923,0.026207564070055523,10,0.8027629832003969,0.018421055420615853,10,0.4935083249963747,0.04583651069891552,10,0.08015303960118073,0.012009437654550315,10,0.25876363178059136,0.028860176651806766,10,0.10836483836174012,0.011739653665064272,10,0.4076686978340149,0.05352918840106141,10
nohidden_HO_T20_mixFP,0.55,0.025,17,0.6810498990844651,0.019617654146575562,10,0.7654366825466169,0.00673231967442605,10,0.7242789010544326,0.0110632425299694,10,0.8118077380923457,0.012798648509698866,10,0.5943013042136298,0.029378971006555874,10,0.0653154070029921,0.008295738035000482,10,0.25472843973298737,0.016654115440637118,10,0.09582416266202927,0.012622589186826499,10,0.3461670368909836,0.0487279666765193,10
nohidden_HO_T20_mixFP,0.55,0.025,18,0.6526025031102856,0.024005147326150104,10,0.7452467432506078,0.010566843786793591,10,0.6868310607187966,0.015933947556990204,10,0.814995729383748,0.017483314812257945,10,0.6308643324320312,0.041099525550214344,10,0.07819593777326905,0.008538050445628212,10,0.22586206687978755,0.019566116809094047,10,0.11021192595362664,0.015060293570997444,10,0.43591083586215973,0.08070496657734674,10
nohidden_HO_T20_mixFP,0.55,0.025,19,0.7258859593855467,0.02419899714676305,10,0.79731820595327,0.009424124818984947,10,0.7813309382598932,0.012451095448221981,10,0.814021275179722,0.007489934341642661,10,0.4737813340518118,0.04959917825799828,10,0.04242183039454832,0.011292534329463122,10,0.17274851337782385,0.018566700122995383,10,0.07946539372205734,0.01355530236731168,10,0.2802049845457077,0.049635638551386495,10
nohidden_HO_T20_mixFP,0.55,0.025,20,0.7602176404560669,0.010353773665270388,10,0.8204244468887879,0.0034986609703694356,10,0.830282622755165,0.006969794644091228,10,0.8109012877375855,0.008474988116778222,10,0.5508562866930679,0.05875866089558409,10,0.027140925602370868,0.006179178919573798,10,0.12508911945409312,0.012422863818264272,10,0.06745660416781903,0.008705848465409683,10,0.23615207821130751,0.03956110709336206,10
nohidden_HO_T20_mixFP,0.55,0.05,1,0.27461802069041746,0.03609057580974511,10,0.43832702947512575,0.01814200527420232,10,0.4872540450510264,0.05666785381731842,10,0.40200771404018837,0.019811760942315623,10,0.9130504306234096,0.10665155602149622,10,0.16154058415553285,0.030824925174688704,10,0.4420546253276111,0.068761269840986,10,0.20920829772949218,0.02268683679106563,10,0.8240490794181824,0.11407401348328118,10
nohidden_HO_T20_mixFP,0.55,0.05,2,0.398064476318202,0.06267551280748745,10,0.5557238570403555,0.04989486348377917,10,0.5274062087600635,0.07916651264410535,10,0.5964771134607305,0.05990102034312481,10,0.6059530470362742,0.07190477212541566,10,0.10921424859427165,0.023901200722279047,10,0.45686843452828574,0.13147565452922488,10,0.1805090680718422,0.019081539687855104,10,0.6282703936100006,0.11376421666379818,10
nohidden_HO_T20_mixFP,0.55,0.05,3,0.42116336905787344,0.05717086950298361,10,0.5842770085347532,0.038214073605752456,10,0.49428466836557766,0.05939911981092172,10,0.7222451396458069,0.030384875122391002,10,0.19671972678839286,0.04913335609967238,10,0.1742845013864966,0.039181832044339546,10,0.4057846081220499,0.045491088140790295,10,0.20148817896842958,0.029124452359970236,10,0.7531235337257385,0.1278796110833574,10
nohidden_HO_T20_mixFP,0.55,0.05,4,0.4908908830401585,0.030647444544418787,10,0.6294192922835649,0.027362679048707893,10,0.5413857699074847,0.06221028868326434,10,0.7627726212648613,0.041435750529996075,10,0.20623975739507244,0.052731406134439336,10,0.15663530702371836,0.04106991353129889,10,0.3717886295636089,0.08380332908232163,10,0.17307335436344146,0.02195578062482537,10,0.6046870708465576,0.09457745352428297,10
nohidden_HO_T20_mixFP,0.55,0.05,5,0.47673762603355785,0.05402601518903205,10,0.6190485052107767,0.04847067014567745,10,0.5210559812264359,0.08517468165090471,10,0.7775807476367675,0.030055375860303105,10,0.23216488099262417,0.05205918491962208,10,0.1850341561792717,0.05134502931067143,10,0.4275652100196556,0.10087459857919169,10,0.18690284639596938,0.029776074549788478,10,0.6942028611898422,0.1543761631817713,10
nohidden_HO_T20_mixFP,0.55,0.05,6,0.48933194779410344,0.08157810460058443,10,0.6285102596191676,0.0632045283055132,10,0.543787329332797,0.10324383818017537,10,0.7595659743381831,0.025661157705761304,10,0.35031446133649247,0.09452925709196212,10,0.16581927807954433,0.05775404115393459,10,0.38934654266423874,0.11197828652047194,10,0.17686645239591597,0.037143165754670554,10,0.6575031369924546,0.16103576628407087,10
nohidden_HO_T20_mixFP,0.55,0.05,7,0.4599039040088764,0.02813930664097897,10,0.6108644714101575,0.021545474902818402,10,0.5120633848097765,0.03133599843133881,10,0.7589632519980357,0.015572490181644486,10,0.46057482702966934,0.08518647094479738,10,0.1847184703402184,0.018523619847363424,10,0.4568004527659427,0.03216904274455925,10,0.19731393605470657,0.019960869633999043,10,0.8862529039382935,0.15417331239827795,10
nohidden_HO_T20_mixFP,0.55,0.05,8,0.592306521294593,0.038710150413249184,10,0.7015438275545854,0.02262241447861869,10,0.6541066238444786,0.03724730742110664,10,0.7584359832391259,0.029906077389286596,10,0.49786562225481806,0.12264383098263995,10,0.0922744896579462,0.025290761430065204,10,0.28007385907776366,0.04789951668913726,10,0.12500659376382828,0.020469042526080436,10,0.44042820632457735,0.07024113878588673,10
nohidden_HO_T20_mixFP,0.55,0.05,9,0.625022308944167,0.030563356382388437,10,0.7219816776712614,0.023559748371964843,10,0.70488522334824,0.041096586389767556,10,0.7414501677177168,0.019738215190436784,10,0.6272596044185759,0.12313209022370938,10,0.07905459546477116,0.019500733098284616,10,0.2587141456626621,0.060933475869590616,10,0.1131711982190609,0.014612902723915213,10,0.4299911051988602,0.06256588838053341,10
nohidden_HO_T20_mixFP,0.55,0.05,10,0.2947046647939087,0.0464713352299573,10,0.5053142768181196,0.03868695282087711,10,0.3964180823453368,0.047521500400388106,10,0.7031483358849167,0.01764726837720824,10,0.7092388694506341,0.046761290591535845,10,0.27055834173688253,0.0371747549614874,10,0.5870135399993444,0.05491198476154999,10,0.29723584055900576,0.03425931537953431,10,1.702661919593811,0.2578774580130957,10
nohidden_HO_T20_mixFP,0.55,0.05,11,0.20762698239688288,0.029447478378127206,10,0.45396880424328706,0.039802489314809446,10,0.34626395899951634,0.05316201454598836,10,0.6715043311324524,0.0346238374234074,10,0.41774494708309085,0.06936063652447738,10,0.32398020236975766,0.04114680638321529,10,0.6271215919621183,0.058093038809518424,10,0.3369396835565567,0.034200436133154,10,1.8114906907081605,0.3665276034271575,10
nohidden_HO_T20_mixFP,0.55,0.05,12,0.4128174879972163,0.057431128225305994,10,0.5773521224408497,0.0556021479134403,10,0.46829027047696464,0.07520768085362443,10,0.763161836194861,0.028335150433688183,10,0.2476074335255512,0.038673146457919506,10,0.211706765766992,0.042878863952876385,10,0.415821040760543,0.062214210184829005,10,0.20937293022871017,0.023445432110042606,10,0.7175892114639282,0.08506424030430625,10
nohidden_HO_T20_mixFP,0.55,0.05,13,0.566771672024587,0.01669369639664505,10,0.6831415016646292,0.022916798844964517,10,0.6146421749349966,0.03863336329334885,10,0.77082795385597,0.020068585236189505,10,0.435205575316024,0.057750112324655635,10,0.11389219375021802,0.018774816286552427,10,0.28444705916841445,0.05308471171282961,10,0.14013144969940186,0.006493776144644188,10,0.4943035125732422,0.029145307968260623,10
nohidden_HO_T20_mixFP,0.55,0.05,14,0.4429407964565032,0.04025172012906413,10,0.5981012091359473,0.033099861989942504,10,0.4817216676701067,0.04292802067042694,10,0.793034935729556,0.02446133557610699,10,0.4235473208369096,0.03653278869107984,10,0.19528197833717761,0.02461555547725116,10,0.460346010781727,0.05136946575094315,10,0.21810906380414963,0.023415603848612045,10,1.188986748456955,0.3537887761076622,10
nohidden_HO_T20_mixFP,0.55,0.05,15,0.46854790704170923,0.015817377105253366,10,0.6125890928702886,0.027906873596493475,10,0.4864362118809149,0.04231372949201169,10,0.8327876254360355,0.024260851306942593,10,0.3643310237596447,0.03257659318795918,10,0.19702499460911294,0.018263237653743818,10,0.4554900938785087,0.03944021247158699,10,0.20691248923540115,0.010254558334427191,10,0.8636725723743439,0.14510658004581745,10
nohidden_HO_T20_mixFP,0.55,0.05,16,0.6311250076226049,0.01672617042751865,10,0.7292495640695787,0.014345279039483724,10,0.6568092807012025,0.028791581014931657,10,0.8211813878211581,0.020196177939656237,10,0.4731916173146765,0.043996065572739745,10,0.09913401794981513,0.012332865088327222,10,0.32209136231551005,0.032252889270086106,10,0.11818216890096664,0.010805047046384266,10,0.44187749922275543,0.05111680035645716,10
nohidden_HO_T20_mixFP,0.55,0.05,17,0.6630600292147965,0.015918333538873855,10,0.7526470605675872,0.006145328589637363,10,0.6891558635633557,0.014435229967692897,10,0.8295413546632309,0.014799535774602598,10,0.5613270546527234,0.027022370000682753,10,0.0826348009191753,0.006604692796593339,10,0.3179998900281705,0.0272727660752695,10,0.1052188217639923,0.011266310454833922,10,0.38230266571044924,0.04436571413030186,10
nohidden_HO_T20_mixFP,0.55,0.05,18,0.6398684842427953,0.021154999643481893,10,0.7358382362316344,0.009909722105961923,10,0.6596866563434294,0.018174393402570464,10,0.8326976041106336,0.020226275999350375,10,0.6050020362205696,0.03289451946584748,10,0.09390318903969058,0.006438415031190456,10,0.2884763873808906,0.02683825035548685,10,0.11691262871026993,0.013520957449870632,10,0.4464938998222351,0.07220620068883703,10
nohidden_HO_T20_mixFP,0.55,0.05,19,0.7012794247462478,0.01987205743423505,10,0.7803052433584294,0.006780756430332297,10,0.7369239782113383,0.009101801775643585,10,0.8292278485268396,0.00985864581115127,10,0.45307675187334623,0.044157047638695136,10,0.06088077986129877,0.009352705657840417,10,0.23887541100144033,0.010023961106639879,10,0.08972618728876114,0.012603925533560526,10,0.31758804321289064,0.04814392339674552,10
nohidden_HO_T20_mixFP,0.55,0.05,20,0.7308504263154091,0.00961232311490066,10,0.8006930466238307,0.00458810162020206,10,0.7787756449632571,0.013149953131237391,10,0.8242017397657703,0.011754199507128707,10,0.5128264497973609,0.055097974685729176,10,0.044037124219157966,0.00499558826735418,10,0.2061859479651912,0.020108543872588164,10,0.07813477963209152,0.008745195298081465,10,0.2767759636044502,0.04163416313043717,10
nohidden_HO_T20_mixFP,0.55,0.1,1,0.2851373903895418,0.031965283001658906,10,0.435342616680097,0.01704778196286762,10,0.510771212349535,0.05744770582612898,10,0.38253260830996616,0.021193839837540227,10,0.9136878234398275,0.1033874618238857,10,0.14525217365443813,0.021704226180038293,10,0.38861076414608126,0.07530329202897033,10,0.1962732881307602,0.020402984349461136,10,0.7328032076358795,0.09805814855408865,10
nohidden_HO_T20_mixFP,0.55,0.1,2,0.3894774189141742,0.05812697535709844,10,0.5406395365518784,0.04562900384339054,10,0.5458755766578982,0.08079364007095959,10,0.5440831547292211,0.05697087926156264,10,0.6365622622978413,0.07011349715052974,10,0.10166541762537643,0.020968279485878195,10,0.4081136836374464,0.14590716673052975,10,0.1707910940051079,0.017908421852660294,10,0.5719877332448959,0.09338552976446524,10
nohidden_HO_T20_mixFP,0.55,0.1,3,0.40730277164272444,0.04625803981790135,10,0.5728755268250975,0.029551718726157358,10,0.4986294133829182,0.05158359361876738,10,0.679888805131269,0.035884140935310636,10,0.26364417621944,0.053267186495294265,10,0.15035747143766437,0.035135248060827996,10,0.41754445396209067,0.04796125631174599,10,0.19718194752931595,0.02619124603658829,10,0.7203028261661529,0.12184435882843,10
nohidden_HO_T20_mixFP,0.55,0.1,4,0.48877978945826994,0.023721596544753535,10,0.627758917093264,0.02216579266690543,10,0.548853913210028,0.05476512274609688,10,0.7428273560615033,0.04704002024329925,10,0.2603197573134045,0.06070711233320508,10,0.1384915637012137,0.03484145930617134,10,0.38413998457010073,0.06275020341374599,10,0.16893064081668854,0.018249107741800868,10,0.5810465276241302,0.07536795257560804,10
nohidden_HO_T20_mixFP,0.55,0.1,5,0.48025196265544273,0.04724887378999774,10,0.6220281235727161,0.04286079870719312,10,0.5255055224933078,0.0737706276722473,10,0.7733971514104167,0.027489828831345316,10,0.2554423912839139,0.053930603663231276,10,0.1743824451390334,0.04362131622959531,10,0.4281021255464811,0.074158926416357,10,0.18435344845056534,0.02541893040798465,10,0.6803925275802613,0.13454115442764897,10
nohidden_HO_T20_mixFP,0.55,0.1,6,0.5007698356709653,0.06312599886645355,10,0.6361072681099337,0.052200344318045266,10,0.5416891002754909,0.08641886072507884,10,0.7835755417297767,0.02855704180062434,10,0.3597599433129773,0.08597391774670023,10,0.16278649870328604,0.04864749558458569,10,0.4173703934151457,0.09006520730290628,10,0.1736420288681984,0.031338515148679136,10,0.6289157062768936,0.13637471139651697,10
nohidden_HO_T20_mixFP,0.55,0.1,7,0.47494555872681643,0.018635966395936378,10,0.6204578579245833,0.017399677071068157,10,0.5167071393277032,0.028644837429601677,10,0.7784822788687342,0.016342528767898188,10,0.44759715410496365,0.07830027018975083,10,0.17915736762471218,0.013055552368367819,10,0.4865911661393718,0.03647342630665495,10,0.19244959503412246,0.01487052380496454,10,0.8206135928630829,0.11407026166030339,10
nohidden_HO_T20_mixFP,0.55,0.1,8,0.6005891046156149,0.026113922279638057,10,0.7079688161158886,0.014043433400863446,10,0.6416639012433072,0.02778781450455605,10,0.7915547659862119,0.029394013337517393,10,0.5065068036470064,0.10572160839206694,10,0.09755167324484038,0.020603202598779836,10,0.3275371298771742,0.04214266113186097,10,0.12523523345589638,0.0165115846609416,10,0.4384642779827118,0.05618042403805153,10
nohidden_HO_T20_mixFP,0.55,0.1,9,0.6249918414888945,0.028936054869528813,10,0.7237877279623968,0.020107741573241827,10,0.6885149019895597,0.036101279657954934,10,0.7644608889031159,0.021568682969403067,10,0.6121682286495699,0.11501560432947062,10,0.08271357408209905,0.017231159266180858,10,0.3008907848729975,0.054398605649252474,10,0.11537007689476013,0.015372357031961896,10,0.43628468811511995,0.06241524190165218,10
nohidden_HO_T20_mixFP,0.55,0.1,10,0.33196001129103164,0.04389202764890668,10,0.5279404518559273,0.0377465341281649,10,0.416294202380141,0.048044815228739504,10,0.7280571241285558,0.01754572589693598,10,0.6980424830512574,0.04728358392176037,10,0.24954658777194122,0.033868898769474756,10,0.5589181875388878,0.06161872931846097,10,0.27472338974475863,0.03070183498501678,10,1.4024654865264892,0.21379562396473584,10
nohidden_HO_T20_mixFP,0.55,0.1,11,0.22564849006141144,0.03202258067774619,10,0.4644726490737215,0.04181250863188092,10,0.3537490167577764,0.05554506323227067,10,0.6892678085279509,0.03546897775088915,10,0.4041126396389229,0.06526664999018983,10,0.3169019440188431,0.04055984940696309,10,0.6196835183912828,0.062414970801559,10,0.329852232336998,0.031848645869222356,10,1.7454535126686097,0.3076489305500105,10
nohidden_HO_T20_mixFP,0.55,0.1,12,0.4025777805998139,0.05941889442205741,10,0.5701483356651179,0.057604840612535756,10,0.4506295349769228,0.07587902419828438,10,0.788933441867574,0.02455816830933873,10,0.23760815110731043,0.04315455380506006,10,0.23185218745659814,0.04856300465977304,10,0.45245623910938504,0.05394653708188882,10,0.22209107130765915,0.02806571709033095,10,0.7528824806213379,0.08891417684659568,10
nohidden_HO_T20_mixFP,0.55,0.1,13,0.5468105395519032,0.01610659619997839,10,0.6691963278597826,0.02466601967617895,10,0.5779563432748432,0.039209551990566874,10,0.7969344146554571,0.01586071722368626,10,0.4002065480186447,0.050609219052806555,10,0.13841490052638478,0.019649289981286525,10,0.34827137033061223,0.04631362890078983,10,0.15223580598831177,0.006478039054507444,10,0.5306879103183746,0.031378957956490115,10
nohidden_HO_T20_mixFP,0.55,0.1,14,0.4453786001852255,0.035366075990719,10,0.598188053510064,0.03186291828727655,10,0.47268000342938343,0.04158460469128219,10,0.8195450199789851,0.028618821773964895,10,0.40027525624376165,0.03444615570367945,10,0.21144043892010123,0.022320099467384714,10,0.4637511289829204,0.03437530722174947,10,0.2222947061061859,0.020486402910587148,10,1.0722645461559295,0.3317567030579864,10
nohidden_HO_T20_mixFP,0.55,0.1,15,0.45989779460478564,0.015924019549344717,10,0.6051512037929931,0.030565151263922185,10,0.4716018776481593,0.04421551941065235,10,0.8508368251018515,0.02363731427545475,10,0.35453055546272993,0.03177566043905614,10,0.2165980430875853,0.020593333988288057,10,0.519347658513652,0.04766867458962223,10,0.2157347768545151,0.0121043430132985,10,0.8393176794052124,0.12783932246038374,10
nohidden_HO_T20_mixFP,0.55,0.1,16,0.5923317571273954,0.014081751235950476,10,0.7005228928010977,0.016948179744646335,10,0.601848622675533,0.032965274217365746,10,0.8403231979140194,0.02106922270712594,10,0.4558251945691431,0.043039186078891255,10,0.1293311974904955,0.013551549060141978,10,0.40731822069071455,0.03324973000204225,10,0.1381356678903103,0.009592968109396945,10,0.5136005461215973,0.045674464693450385,10
nohidden_HO_T20_mixFP,0.55,0.1,17,0.6232947115071978,0.010383716339090122,10,0.7230787853117594,0.0101488935307166,10,0.630852868365638,0.022856382015872524,10,0.8481229930345646,0.016420196567013448,10,0.517965029646087,0.028284374970761722,10,0.11477367314862633,0.007269119278517333,10,0.4141961429943838,0.0350855114100238,10,0.1266411915421486,0.00939252502964343,10,0.4714533030986786,0.03890810712643186,10
nohidden_HO_T20_mixFP,0.55,0.1,18,0.6071070889346347,0.016022272420701346,10,0.7110465012125029,0.011971904721558794,10,0.6115383449922798,0.02493416009473421,10,0.8509452630541181,0.022436660597664453,10,0.5686559825127889,0.0260151000090207,10,0.12249298133122073,0.006388177397848687,10,0.39068597837845315,0.03364642157592792,10,0.13353042751550676,0.010742032548872538,10,0.4927598774433136,0.05610929391878794,10
nohidden_HO_T20_mixFP,0.55,0.1,19,0.6478633730663953,0.012477648502835174,10,0.7412635419990172,0.008292372340754013,10,0.6603326522156603,0.017991833139881522,10,0.8454687728150804,0.012748928038366253,10,0.4285864740497526,0.037733862263641324,10,0.09706870611569737,0.006319196058390012,10,0.3389915261064728,0.025096061822941516,10,0.11466483250260354,0.010413802656042437,10,0.4178909361362457,0.04282279712374033,10
nohidden_HO_T20_mixFP,0.55,0.1,20,0.6652708214961479,0.007628177253851967,10,0.7536966157197437,0.00908982652718775,10,0.6846968750727072,0.02353599409724892,10,0.8392854672234027,0.01693475770073471,10,0.4523881970244128,0.05005752369308119,10,0.08352588423578616,0.0034428012943504716,10,0.3294636323104051,0.033541435616681686,10,0.10594104304909706,0.00810607075903661,10,0.39130363762378695,0.04304397734670144,10
nohidden_HO_T20_mixFP,0.55,0.2,1,0.3099930949127373,0.02685861091560396,10,0.4321022426745153,0.01705074321881916,10,0.5654481710619512,0.06230633859236069,10,0.35270216956552514,0.025923017999880914,10,0.8935207948541587,0.10890436527238699,10,0.1206789795118965,0.013041826159852566,10,0.2784409653342702,0.06268582571809084,10,0.1783684566617012,0.015587809655343439,10,0.6259319245815277,0.055845489060455174,10
nohidden_HO_T20_mixFP,0.55,0.2,2,0.38057705147488596,0.047516106507977475,10,0.5086521929643071,0.03649131723754329,10,0.5936059188031046,0.08305065740815154,10,0.4516254424807601,0.047695398320549774,10,0.6978399881578231,0.06601066561201992,10,0.10318641867456216,0.01783295013348806,10,0.28732679062184363,0.13201502060321355,10,0.16003863215446473,0.015636458192151505,10,0.5291278392076493,0.06318480982523544,10
nohidden_HO_T20_mixFP,0.55,0.2,3,0.35592725161871736,0.03869028612879805,10,0.525693415810499,0.02164472163855223,10,0.5021963046346516,0.04442502047834613,10,0.5567375222733086,0.03932548941431701,10,0.42879709321150783,0.05133720206388989,10,0.13561334646855544,0.024679728279437305,10,0.403726185684908,0.06262108952183958,10,0.1885704830288887,0.024462075728301978,10,0.6393857717514038,0.09957599776035779,10
nohidden_HO_T20_mixFP,0.55,0.2,4,0.43157645024201435,0.02282467345802452,10,0.5808722109699953,0.020800369862048494,10,0.5514050943814982,0.04258583561714175,10,0.6207167490047547,0.0561649673009062,10,0.4110039545321372,0.07653215838245209,10,0.11753936752028393,0.016975077579177062,10,0.3750476524904339,0.058251746281192916,10,0.16708229184150697,0.016698360282977432,10,0.5593359351158143,0.06319127586228725,10
nohidden_HO_T20_mixFP,0.55,0.2,5,0.4350012897950187,0.03110232797224489,10,0.5880708575618976,0.0275897646216994,10,0.5326350810201606,0.05649331532068504,10,0.6633585072274873,0.03749574652892272,10,0.3758365019399769,0.04562296058219503,10,0.139893577301983,0.021394268444249034,10,0.45172273804664675,0.0678840643277237,10,0.18033373802900315,0.015885018362023898,10,0.640304833650589,0.08074070055525057,10
nohidden_HO_T20_mixFP,0.55,0.2,6,0.4724586437184297,0.04444598285320825,10,0.614776826068734,0.035682684283173595,10,0.5530913546194802,0.06828659170677466,10,0.7014926478193992,0.04798684705293439,10,0.4669133572300832,0.06611837939728918,10,0.13280010500610526,0.02738975029157664,10,0.4135867572120935,0.0763707849551451,10,0.16687141805887223,0.02029607290558842,10,0.5898303091526031,0.09305544739128023,10
nohidden_HO_T20_mixFP,0.55,0.2,7,0.45378715815379406,0.02222102980555899,10,0.6049680606142539,0.019240438005692723,10,0.5282367428142898,0.03445715533747549,10,0.710374097606812,0.02230016682279244,10,0.5100686434076042,0.05886788220443336,10,0.15416585776375602,0.009902320696384642,10,0.47549289827033786,0.03526866156141572,10,0.1832515001296997,0.013571177229982804,10,0.7132726311683655,0.07883749361928051,10
nohidden_HO_T20_mixFP,0.55,0.2,8,0.563654933669516,0.02043999968096622,10,0.6795319042850188,0.012036647946198324,10,0.6384350644984551,0.032793088350755666,10,0.7290636488977612,0.030789674337078528,10,0.5915603961438649,0.08847513266089575,10,0.0948384128665593,0.0141473299604873,10,0.3282231205108189,0.048822905086332816,10,0.13196521624922752,0.01509335953857944,10,0.4677184373140335,0.0536194552597792,10
nohidden_HO_T20_mixFP,0.55,0.2,9,0.5874723890461874,0.027580447435293698,10,0.6947163530230889,0.015910894494137906,10,0.6753168922389049,0.035469048814765286,10,0.7173437944253417,0.026616865453884343,10,0.6553466039360136,0.09861793614099748,10,0.08670422480937186,0.015780698971907925,10,0.3199628864052389,0.06361879096024722,10,0.12370104640722275,0.016469184978670358,10,0.4609531909227371,0.06326368272229863,10
nohidden_HO_T20_mixFP,0.55,0.2,10,0.3698565836291618,0.032720783749198144,10,0.5504753802379483,0.03158834884501143,10,0.45245285620587977,0.04630008334539045,10,0.7087031881301737,0.02524772896865538,10,0.6928870196386645,0.045072404310161775,10,0.2036147557298981,0.024105386176355017,10,0.5436498664159206,0.06600659778212031,10,0.23009979277849196,0.02077936497425922,10,0.9489319741725921,0.14370340760238667,10
nohidden_HO_T20_mixFP,0.55,0.2,11,0.2596778266839833,0.034111942999489525,10,0.48322953112684297,0.04211054922512778,10,0.37448732235308535,0.056824861920615914,10,0.692603051423849,0.0340890500216634,10,0.41840915648169663,0.05627679888438361,10,0.28107189394858023,0.03558115861123058,10,0.5860631209984749,0.06037168795765186,10,0.3006133407354355,0.02588811646404992,10,1.4937471151351929,0.1993382757822215,10
nohidden_HO_T20_mixFP,0.55,0.2,12,0.3949199355376263,0.05494222129707205,10,0.5650182152494414,0.05400471142921419,10,0.4409312164198137,0.07106155189545418,10,0.7994101102482899,0.024233668681254913,10,0.28461008759892514,0.059255695104180196,10,0.2358995498274102,0.05056736967997613,10,0.48352102045074324,0.046386598418182205,10,0.22705588936805726,0.030449613773035383,10,0.7562694787979126,0.09430479366149304,10
nohidden_HO_T20_mixFP,0.55,0.2,13,0.50297694738842,0.025768893281207947,10,0.6382520541898188,0.030999431003286105,10,0.5328165129306954,0.04803885771872646,10,0.8000540243752784,0.01819164206059586,10,0.41799737434163375,0.06502513085076603,10,0.16154338443879157,0.024368590688349106,10,0.4343111520169668,0.04585293893566469,10,0.1713802084326744,0.011454535123171565,10,0.5903877377510071,0.032267097495537446,10
nohidden_HO_T20_mixFP,0.55,0.2,14,0.43661295046930215,0.02367365918175952,10,0.591721022812776,0.031785766239836165,10,0.46426994266439375,0.04383018655180391,10,0.8218361990124331,0.025262057987693404,10,0.40761593299359494,0.030683007497290235,10,0.2179332880000809,0.023267733972790385,10,0.5253560297637384,0.03032990600299359,10,0.22315483093261718,0.01903179499890219,10,0.9166268348693848,0.23868893726015056,10
nohidden_HO_T20_mixFP,0.55,0.2,15,0.45546932587865135,0.020664581148471386,10,0.6031552205076396,0.032290647078466475,10,0.4722554544132732,0.04452028281066859,10,0.8403169729961355,0.02063971408027087,10,0.3782128448519636,0.03833787982562478,10,0.2170223281614198,0.019569121069056724,10,0.5532572864488394,0.0444711449924365,10,0.21256455332040786,0.014348642011137872,10,0.7946345925331115,0.08380284914506697,10
nohidden_HO_T20_mixFP,0.55,0.2,16,0.5443851291962021,0.016327671351024906,10,0.66688674408821,0.02114402582432156,10,0.5613202085332649,0.034545508610854016,10,0.8239311273724936,0.020386659514344378,10,0.50463790348298,0.0487289786091698,10,0.14697373702897637,0.01320302430584926,10,0.4488783522084107,0.02813300497050439,10,0.15894363522529603,0.010108454907247542,10,0.5980074524879455,0.03781811266724095,10
nohidden_HO_T20_mixFP,0.55,0.2,17,0.5641270002456623,0.009322144517042915,10,0.6805683269810173,0.016810415263803075,10,0.5740136405670939,0.028065785698620623,10,0.8374556866781703,0.017087144449550052,10,0.5112617026790972,0.035566596981298874,10,0.14695243938987948,0.010436162761302964,10,0.48961657759369964,0.030360455755520765,10,0.15615665763616562,0.009605365165102077,10,0.6095646500587464,0.040353340919093025,10
nohidden_HO_T20_mixFP,0.55,0.2,18,0.557076557772762,0.013582362404285286,10,0.675302153674032,0.01658679243784636,10,0.5654110069703984,0.02860172970765156,10,0.8403305167145714,0.020270082100136692,10,0.564747733401228,0.02979569856352669,10,0.14888858563709387,0.008894719514304416,10,0.4756376728833146,0.03507806460018579,10,0.15605041086673738,0.009254573262704662,10,0.5864013254642486,0.041493827270190534,10
nohidden_HO_T20_mixFP,0.55,0.2,19,0.5637636825344348,0.009367119085646728,10,0.6805078265899877,0.016173930442257175,10,0.5750474146877346,0.026617967421050395,10,0.8347670683858756,0.013165665705995777,10,0.4293677205553488,0.03636854856137959,10,0.14338465735607325,0.006768829104481608,10,0.42993715002015104,0.030214444388375485,10,0.15689692944288253,0.009070914730026034,10,0.6212705552577973,0.04041050411733096,10
nohidden_HO_T20_mixFP,0.55,0.2,20,0.5572681223925676,0.009958215850240454,10,0.6760008142604544,0.016380530186425452,10,0.5732005785475318,0.030302019654726144,10,0.8260076450905831,0.020336662469869128,10,0.3845100136164964,0.04507172858817908,10,0.14446650669321082,0.006426784751182553,10,0.42419639050581875,0.03814043097965705,10,0.15975359380245208,0.008848154924964304,10,0.6646210849285126,0.05473566809911034,10
nohidden_HO_T20_mixFP,0.6,0.01,1,0.25405148819849316,0.029396976529699474,10,0.43089468161599587,0.013378455202825655,10,0.4596568125742514,0.05133230552301116,10,0.4099637229014393,0.023597269879164877,10,0.911488402046615,0.11071733785624925,10,0.1785920216940591,0.037025177866172494,10,0.5072322166386039,0.0911948426458741,10,0.22436174303293227,0.022668954286760322,10,0.9437988460063934,0.11457009170275238,10
nohidden_HO_T20_mixFP,0.6,0.01,2,0.3771243033065635,0.06145626304724129,10,0.5468736455855338,0.05060532429505791,10,0.49199467193587454,0.07390365884879309,10,0.62515348654197,0.06112609517460362,10,0.5807309574252407,0.07428700038668373,10,0.13695970705524807,0.030217417766771726,10,0.4877564076049084,0.12115545784528671,10,0.19852541238069535,0.019042504624531647,10,0.709710693359375,0.12347612974582874,10
nohidden_HO_T20_mixFP,0.6,0.01,3,0.4271530313408441,0.05340492066625126,10,0.5884494344870873,0.036519866894326916,10,0.4959449754853817,0.054985928537522655,10,0.7300126515812262,0.029672702954322096,10,0.15363836528925479,0.043405284778722464,10,0.18223988944155173,0.03380674982675555,10,0.39847064720861314,0.06145257730666413,10,0.19869020581245422,0.025473114724400087,10,0.7321341037750244,0.10346451447164931,10
nohidden_HO_T20_mixFP,0.6,0.01,4,0.48666380099822665,0.03356724979421834,10,0.626362132095289,0.025389717939895706,10,0.5458163730513237,0.061019245762497024,10,0.7456903825582811,0.04532162209762884,10,0.19412321841141392,0.04681967238144169,10,0.15419553095985292,0.03994121712944561,10,0.3411946149349213,0.09143524424852734,10,0.1712213784456253,0.02187838140003587,10,0.6014106273651123,0.09497028127806467,10
nohidden_HO_T20_mixFP,0.6,0.01,5,0.46436978410447394,0.0518361354283304,10,0.6103207111784615,0.04599885016113073,10,0.5230691665825618,0.08810164909962478,10,0.7487936072004191,0.03635041253134961,10,0.23690265588376708,0.049814316855304276,10,0.17885860621096597,0.050465255708519584,10,0.40332283148845705,0.10537624531882706,10,0.18530532717704773,0.027414625567932074,10,0.6867171645164489,0.14426418355306397,10
nohidden_HO_T20_mixFP,0.6,0.01,6,0.47633553889966684,0.08654351765546608,10,0.618388283516639,0.0637927732237598,10,0.5532945742311075,0.11325278806802229,10,0.7166397230950197,0.02800981606344848,10,0.37378514572052185,0.09993772291546761,10,0.15612287807045117,0.05849485376228851,10,0.3510493474706869,0.11993769153739917,10,0.17598673105239868,0.036752249656150544,10,0.6689572155475616,0.16501227100871796,10
nohidden_HO_T20_mixFP,0.6,0.01,7,0.44164335227403556,0.031173586909100024,10,0.5981294087926969,0.02302637024596473,10,0.5139237442300896,0.03330478177942503,10,0.7174298333333516,0.019442821103670183,10,0.5001099691448194,0.09223649868740262,10,0.17839016452933934,0.01857801501552878,10,0.41407932347341514,0.036418403694617324,10,0.197555336356163,0.020800045843037514,10,0.9142660439014435,0.15573161358930052,10
nohidden_HO_T20_mixFP,0.6,0.01,8,0.5757706883700093,0.04195614899300156,10,0.6860354939128952,0.02504915791401411,10,0.6726070240096387,0.042379414831172885,10,0.7018509048230799,0.027712881886336697,10,0.5301452358767336,0.12991401327382776,10,0.08115282032249445,0.024514703030474403,10,0.22501171449313748,0.047458156861278376,10,0.12568531408905984,0.020945079054905898,10,0.4519272863864899,0.07539950101762492,10
nohidden_HO_T20_mixFP,0.6,0.01,9,0.6080588176722029,0.029121093588130826,10,0.7051828274068628,0.023119297430514243,10,0.7185939814952869,0.04165663304533751,10,0.6935359016665487,0.018923022056642706,10,0.66471989719503,0.12083038702019626,10,0.0756150299947764,0.01696710364223719,10,0.23122014757575818,0.05842708547588769,10,0.11509628891944886,0.013162917052901721,10,0.43944119811058047,0.0551366245529709,10
nohidden_HO_T20_mixFP,0.6,0.01,10,0.260827068663423,0.046262852201558964,10,0.484448363381767,0.0385992756787063,10,0.3806286424401774,0.04710218501613616,10,0.6724871615939714,0.016442948048855762,10,0.740658434074186,0.04630614106295015,10,0.28496007212519014,0.038368430698299615,10,0.6222932952960352,0.05405548034403287,10,0.31328947842121124,0.03550242165928674,10,1.9154606461524963,0.27601458900975223,10
nohidden_HO_T20_mixFP,0.6,0.01,11,0.1950755529051933,0.024967978327373016,10,0.44606257683407186,0.03606901648591615,10,0.3421759873632862,0.04908454320032869,10,0.6518107950258878,0.03427740068190281,10,0.44475227957404656,0.0731294928118088,10,0.3216808591935713,0.03858231208560054,10,0.631564730276839,0.0540135043007554,10,0.3369897186756134,0.03299831344634922,10,1.779050350189209,0.34088232257580575,10
nohidden_HO_T20_mixFP,0.6,0.01,12,0.42855794002290076,0.057157673710979635,10,0.5875063211772896,0.05332788485547141,10,0.49462008110908356,0.0780451768814629,10,0.7328738299713262,0.029367216331004625,10,0.26839940751754254,0.04493411419296532,10,0.18199687695779593,0.03965159289124162,10,0.3734634692952685,0.072666370245856,10,0.1931876614689827,0.021292206275341913,10,0.6624919772148132,0.08169503028805851,10
nohidden_HO_T20_mixFP,0.6,0.01,13,0.5705661399920222,0.016682096069645973,10,0.6837925856093532,0.02237964051665328,10,0.6441204796000367,0.041581842893213976,10,0.7306858237165397,0.020657146404777813,10,0.49118252289567554,0.05897757259709048,10,0.08853949930429703,0.016721006155809348,10,0.25024995672929556,0.051719969543089835,10,0.13310754746198655,0.004867626670885914,10,0.47460753917694093,0.02438366657624739,10
nohidden_HO_T20_mixFP,0.6,0.01,14,0.4224399675106948,0.035663014845288915,10,0.5852859599385462,0.030557477642280225,10,0.4827716456363632,0.04295394180651202,10,0.7471155019493999,0.016339243084799088,10,0.45976498768006185,0.035956630576080596,10,0.18031026812550754,0.025770350466877895,10,0.49472180063692733,0.057068136938280785,10,0.21853304356336595,0.02229649431057085,10,1.3074850142002106,0.33527772733958766,10
nohidden_HO_T20_mixFP,0.6,0.01,15,0.4591307478176188,0.014393699890776046,10,0.6085158077310125,0.02462780613804882,10,0.49633254681848893,0.03966578757317634,10,0.7906922510400819,0.02050480592722288,10,0.39326521691283556,0.031001321695068244,10,0.1744845784024147,0.01417038268755192,10,0.42661893864503453,0.04038022202324456,10,0.20227947682142258,0.008726035638585216,10,0.8973297119140625,0.14118422469446437,10
nohidden_HO_T20_mixFP,0.6,0.01,16,0.6589388961536811,0.01566211845034249,10,0.7477601159945626,0.011496216880944474,10,0.7232088760375841,0.023721925020357127,10,0.7747902033224399,0.015978346158759538,10,0.5254036651971499,0.04862235074708008,10,0.06108637905731566,0.009594432451582563,10,0.20236430205484615,0.02385543060070073,10,0.10195090249180794,0.010759496330647572,10,0.37562915682792664,0.04460648961216293,10
nohidden_HO_T20_mixFP,0.6,0.01,17,0.6878838087685161,0.01984717305778106,10,0.768899980049443,0.006607723179901801,10,0.7534267835906189,0.011667699237005823,10,0.7852646690691116,0.012242356309503731,10,0.6460229334336454,0.02623167062021721,10,0.052115313236356965,0.009851304953810869,10,0.1921083636076109,0.011297356281864623,10,0.09104502275586128,0.013044516018344509,10,0.3271317631006241,0.05179598130380113,10
nohidden_HO_T20_mixFP,0.6,0.01,18,0.647212134269081,0.025160857577172128,10,0.7406525956902629,0.010660642486449339,10,0.7025695380362894,0.015297463711304388,10,0.7834566448930429,0.016088590440170393,10,0.651739376695798,0.04024007418165483,10,0.0672077532392998,0.01049091350724174,10,0.1938273855803848,0.023109179708289712,10,0.10920082181692123,0.015992269988430338,10,0.4414092004299164,0.08587792357666738,10
nohidden_HO_T20_mixFP,0.6,0.01,19,0.7265600129088465,0.025903842798358286,10,0.7953202231841369,0.010640640510378186,10,0.8093559770627147,0.016259638357197927,10,0.7818393631796383,0.006377377522289038,10,0.4981442881911343,0.051527359946979476,10,0.029459486880045422,0.012073865815752347,10,0.09821551058203914,0.027744479550791068,10,0.07727935016155243,0.013960155543430264,10,0.27285906821489336,0.05070509397149292,10
nohidden_HO_T20_mixFP,0.6,0.01,20,0.7607374739321388,0.011267006240690531,10,0.8186808522775433,0.0036217578313682652,10,0.8506365759096166,0.0035547499930744654,10,0.7890810005679243,0.0070749324542477305,10,0.6056433329408094,0.053932643872962475,10,0.020175664035550097,0.006660668878085709,10,0.07015322083258031,0.009584570114973387,10,0.0660478848963976,0.008936254279782185,10,0.22854749113321304,0.039629535320616395,10
nohidden_HO_T20_mixFP,0.6,0.025,1,0.25594133811048114,0.027774929832818478,10,0.4287936828873772,0.012672627322560458,10,0.4654511255145394,0.050935148336051034,10,0.40161767991081787,0.02302067096900158,10,0.9128656436323096,0.10884758725193866,10,0.17273033326305431,0.03331048498447343,10,0.4963097117137806,0.08626662003833446,10,0.22037532031536103,0.021805568252135255,10,0.9078713715076446,0.11148439065560137,10
nohidden_HO_T20_mixFP,0.6,0.025,2,0.3784974199757841,0.06225424744008561,10,0.5455529851787222,0.050519531938354637,10,0.5013182888915071,0.07520820958685849,10,0.6075610847409092,0.06067182094815752,10,0.5906530013547123,0.07403329069958109,10,0.1264362737502316,0.027117121902946517,10,0.4851696310862527,0.12293995978325119,10,0.19346958994865418,0.01884104812722649,10,0.6840811610221863,0.11918319529035883,10
nohidden_HO_T20_mixFP,0.6,0.025,3,0.4233626735754369,0.05351186142558838,10,0.5855753305547331,0.03657386784754852,10,0.4965315512598358,0.056493462433568786,10,0.7206220822808115,0.03089796209336333,10,0.1685769237137786,0.04621325334414457,10,0.17656133692139647,0.03469270052141944,10,0.39869202375002083,0.050323118067780136,10,0.19896988123655318,0.0254021701967497,10,0.7340319991111756,0.10581021603551445,10
nohidden_HO_T20_mixFP,0.6,0.025,4,0.48876167381070046,0.03153150890853901,10,0.6279039558947623,0.0256100389466418,10,0.5454458786229968,0.06062735812897257,10,0.7504390919602366,0.0434234367561121,10,0.20332511646019952,0.04915485726046651,10,0.1524545238772121,0.03967744290997709,10,0.3491827550926224,0.087017796774252,10,0.17074756622314452,0.021369961903062798,10,0.5950348556041718,0.09068214873104091,10
nohidden_HO_T20_mixFP,0.6,0.025,5,0.4710445895210256,0.050394752260174445,10,0.6150933009405578,0.04548707881173193,10,0.5240055212328574,0.08489829173459408,10,0.7597183810549943,0.03361201267236458,10,0.2343842890168207,0.05098280641410601,10,0.17886828917596526,0.0492827788250567,10,0.406982339679003,0.10035864487718017,10,0.18424998074769974,0.02690736234133916,10,0.679905766248703,0.14125211381708405,10
nohidden_HO_T20_mixFP,0.6,0.025,6,0.48526135172695606,0.0819314662260052,10,0.6252377931344394,0.06186738581091627,10,0.5514032561288165,0.10707294450501127,10,0.7371568877933165,0.025275797806406413,10,0.36603075942496816,0.09856883633307868,10,0.15705379321531038,0.05704564468170817,10,0.36261371169279444,0.11591504848932911,10,0.17450809329748154,0.03592535709658377,10,0.6522266447544098,0.15777945229495485,10
nohidden_HO_T20_mixFP,0.6,0.025,7,0.455570835203856,0.027467921870410725,10,0.6077832078807329,0.020640099644356293,10,0.5181296626714851,0.030084155577685918,10,0.7367033615781017,0.01658035180122178,10,0.486174560335205,0.08999827918673951,10,0.1767825749863403,0.016741871546021723,10,0.423679872716368,0.033635337243349314,10,0.19459886848926544,0.018886206791884973,10,0.884939968585968,0.14387025675022452,10
nohidden_HO_T20_mixFP,0.6,0.025,8,0.5903822493278618,0.03798180972791167,10,0.6984865342435284,0.022146166876589764,10,0.6703257938338838,0.03628449523998093,10,0.730716281786749,0.027342974167047646,10,0.5245621862268186,0.12281131510279202,10,0.0815537691831554,0.022328339134472755,10,0.24352499638343872,0.04244158129625614,10,0.12243299260735512,0.019607238488943843,10,0.43279839754104615,0.06761572820780858,10
nohidden_HO_T20_mixFP,0.6,0.025,9,0.6181416768219494,0.028040483877068017,10,0.7144709195019929,0.02158317512711107,10,0.7167282334187745,0.038378597684353324,10,0.7134493675700777,0.01929410083996787,10,0.6516815823234553,0.11860890639990279,10,0.07461481231714903,0.01593679966492036,10,0.23810279088553635,0.05635528116450962,10,0.11298578530550003,0.013316191024168898,10,0.42853703200817106,0.05513125930157658,10
nohidden_HO_T20_mixFP,0.6,0.025,10,0.2800643063806796,0.04588230915146535,10,0.49629365054348806,0.038229023045468914,10,0.38969127339818,0.04705537673421431,10,0.6895826380912116,0.016309678417021408,10,0.7357612557601703,0.0471233361710671,10,0.2768120751284668,0.037643478035214444,10,0.6058248050968664,0.05404490622086994,10,0.3047432005405426,0.03480453209869058,10,1.8060238361358643,0.26581487327470504,10
nohidden_HO_T20_mixFP,0.6,0.025,11,0.2017860671135779,0.024919737120846233,10,0.45023270748658095,0.037056908567998564,10,0.3443934561588421,0.05006027194396087,10,0.6615452955088339,0.03461278562819892,10,0.43280774240810427,0.0708400715319464,10,0.32137273012331746,0.037694043050626985,10,0.6292204932062625,0.056767456921668145,10,0.33588644564151765,0.031603551146660795,10,1.7757521271705627,0.3282774627356744,10
nohidden_HO_T20_mixFP,0.6,0.025,12,0.4256277314433879,0.05722311603068562,10,0.5856603860473388,0.05412050402683148,10,0.4865949463904363,0.07826449059421968,10,0.7458198812366351,0.02829962742399024,10,0.25719008155825,0.0408807670084169,10,0.19118859809717226,0.04177775755332082,10,0.3860190991748597,0.06858571336186099,10,0.19767579585313796,0.022074048856311135,10,0.6747952103614807,0.08185025251270774,10
nohidden_HO_T20_mixFP,0.6,0.025,13,0.5708804777648635,0.015265543012025139,10,0.6849208848768713,0.02158027705066887,10,0.6352475534323231,0.0402709142991472,10,0.7450642016525119,0.019420444004892515,10,0.47456941847856315,0.05666836478838855,10,0.0955171482307162,0.01710528601595611,10,0.261250022421145,0.052529136680079545,10,0.13485367447137833,0.00487861427340423,10,0.4801369279623032,0.025046494014666045,10
nohidden_HO_T20_mixFP,0.6,0.025,14,0.4301206892874772,0.037327879956170866,10,0.5902754250949578,0.031191718888243104,10,0.48324724152345705,0.04268651441074762,10,0.7623478041676892,0.02012530854170027,10,0.44855675945025875,0.033764396215545625,10,0.18417615383655667,0.024672530069927718,10,0.47982478558888164,0.05632112429385626,10,0.21767005175352097,0.022272148855054068,10,1.2595765888690948,0.3402847812915667,10
nohidden_HO_T20_mixFP,0.6,0.025,15,0.46166304142816283,0.01498561650510233,10,0.6095748844738782,0.025194717568759042,10,0.4920431981890981,0.040053083002414114,10,0.8057986251375151,0.02318141975948976,10,0.3847960021377577,0.030452920858529013,10,0.18252570166194537,0.01501933146138321,10,0.4204855925677064,0.03339670126721844,10,0.20404882431030275,0.008892937822507834,10,0.8786725401878357,0.13600445326969265,10
nohidden_HO_T20_mixFP,0.6,0.025,16,0.6498843276537359,0.014872287809521816,10,0.7421973110813957,0.011470050062147321,10,0.700126717571887,0.024941538491593952,10,0.790659611148401,0.018173620029608692,10,0.5099517226884448,0.046261983313606786,10,0.07262631282793201,0.009113342041130063,10,0.24259434216064107,0.026044357276462163,10,0.10652408674359322,0.010271742773378658,10,0.39078912138938904,0.04312670801518116,10
nohidden_HO_T20_mixFP,0.6,0.025,17,0.6800297305718473,0.01835049697594679,10,0.7641948369885116,0.005883106643926275,10,0.7314440886344793,0.012033278653283828,10,0.8003691896456557,0.01424829502996833,10,0.6235096388599223,0.024398252981345493,10,0.061310145174635636,0.00845227839120052,10,0.2354042157760438,0.016549859713138493,10,0.09525165408849716,0.01246714669800167,10,0.34258243143558503,0.05001615293822437,10
nohidden_HO_T20_mixFP,0.6,0.025,18,0.6438519366823305,0.024299719457197617,10,0.7387497999936115,0.010199626786384508,10,0.6876136599180227,0.015249323477480637,10,0.7985918837701211,0.0183890570407902,10,0.6366161892692871,0.034953335241115636,10,0.07549956642854784,0.008843014247059182,10,0.21705726299171219,0.017441205048714367,10,0.11166654378175736,0.01533345794178135,10,0.4405292958021164,0.08140228630739951,10
nohidden_HO_T20_mixFP,0.6,0.025,19,0.7150212749252687,0.023940965540087036,10,0.7885277911845706,0.009258059574513639,10,0.7819337374356693,0.011658840727932126,10,0.7952781556800528,0.008429498209544951,10,0.4867775947588851,0.047663661448550665,10,0.03914817263361519,0.011114446702183896,10,0.14253286362474354,0.016788871257589457,10,0.08179023489356041,0.0136564903680325,10,0.28813147246837617,0.05067640799661946,10
nohidden_HO_T20_mixFP,0.6,0.025,20,0.7467851381594536,0.011387714109621519,10,0.8103916219673346,0.0037580070149175887,10,0.81994554329107,0.007010744830173737,10,0.8011762821649997,0.009316658299181156,10,0.582991213694832,0.05252619477932086,10,0.027619636485885272,0.006319340068611525,10,0.12414847125030563,0.010892111130505455,10,0.07081185281276703,0.009172362320144982,10,0.24550864696502686,0.04117217093484363,10
nohidden_HO_T20_mixFP,0.6,0.05,1,0.2571463964937332,0.025232814629725583,10,0.42398855080105935,0.011790848355663842,10,0.473306659057198,0.050581138190027915,10,0.3876604057840377,0.02194824963926266,10,0.9143447113399489,0.10664865023920732,10,0.16460434883732394,0.027295845631177658,10,0.4728684065915406,0.07580142487323287,10,0.21444372534751893,0.02055731490179356,10,0.8549444377422333,0.10611954461050271,10
nohidden_HO_T20_mixFP,0.6,0.05,2,0.37448235337241054,0.06158643306266439,10,0.5384732122293333,0.049348877226837506,10,0.5115858668758434,0.07688081480909571,10,0.5771875668786207,0.059495850860131316,10,0.6061284492647327,0.07352842493054715,10,0.11416337977730369,0.023442751334606087,10,0.4780200774164139,0.12615274962145595,10,0.18705708682537078,0.018552149259609664,10,0.6483534753322602,0.11101483189867072,10
nohidden_HO_T20_mixFP,0.6,0.05,3,0.41494560277343606,0.049709851199164226,10,0.5791103636529998,0.03378739419983995,10,0.4966691114662519,0.054874447457011796,10,0.7014316737006332,0.03334589199653059,10,0.19786592453894775,0.049935965509362176,10,0.16560457193312467,0.034943659230999166,10,0.40392435192185444,0.04036264577870317,10,0.19899757206439972,0.024635114730511876,10,0.7320525228977204,0.10702777670417782,10
nohidden_HO_T20_mixFP,0.6,0.05,4,0.48845514370140836,0.027859709915063226,10,0.6277088196473224,0.02413710677833263,10,0.5457139758391475,0.05794213788520872,10,0.7489123218137099,0.04406585390424929,10,0.22424666451334746,0.05316200761196138,10,0.1472503414698364,0.038039542638524465,10,0.359460048661678,0.07534181472898223,10,0.17019418627023697,0.01988348493398419,10,0.5880713760852814,0.08227327945920945,10
nohidden_HO_T20_mixFP,0.6,0.05,5,0.4758536815900897,0.047314470744966794,10,0.6186861533900597,0.04346758965452205,10,0.524372338363595,0.0787383426322287,10,0.76762173917858,0.030542131813122767,10,0.2373610726579475,0.053152692478092026,10,0.17716266897712168,0.04628040846346597,10,0.41186552731321663,0.08778144908178147,10,0.18347907215356826,0.02542763831838645,10,0.6744299232959747,0.1339979277287344,10
nohidden_HO_T20_mixFP,0.6,0.05,6,0.49416450692018393,0.07329233556671808,10,0.6317295097233147,0.05755745736152784,10,0.5473861338399976,0.09726577691745755,10,0.7611572761479855,0.02444994633498569,10,0.36138747113589137,0.09448511606749431,10,0.15872669841927323,0.05327757398059601,10,0.37957803556599745,0.10391713578501849,10,0.1733089417219162,0.033868203576931336,10,0.6348254144191742,0.14650082119615626,10
nohidden_HO_T20_mixFP,0.6,0.05,7,0.4678470385675599,0.021221654642142165,10,0.6159909413697248,0.01794411356155488,10,0.5198685303061549,0.02733018137004395,10,0.7573664098030407,0.015563044605872978,10,0.46988829718939407,0.08701230883375041,10,0.17574917363880246,0.013105571421513773,10,0.44676377537044776,0.03492607621978748,10,0.19232892394065856,0.015516705970943245,10,0.8493568003177643,0.12240092468626267,10
nohidden_HO_T20_mixFP,0.6,0.05,8,0.6008508781314841,0.03068934421283012,10,0.7075051478358361,0.017173824616531393,10,0.6606116495879275,0.02752357267729424,10,0.7629851359237029,0.028162582894581175,10,0.5190445322618504,0.11147395656191718,10,0.08599796740571197,0.01876234400220219,10,0.27757746374646547,0.036399991742795665,10,0.12137031704187393,0.017032564500730433,10,0.4241063088178635,0.05650444231448928,10
nohidden_HO_T20_mixFP,0.6,0.05,9,0.623317323431429,0.02598997064508911,10,0.720333770898088,0.019147287906487873,10,0.7071070922791592,0.03395054131085986,10,0.7352926130117872,0.02096154830333918,10,0.6347431541870889,0.11341698407558085,10,0.07596652556717697,0.013954786391660987,10,0.2579518635055563,0.05197065738049416,10,0.1128732331097126,0.01323960619702643,10,0.42591690123081205,0.05319823476653652,10
nohidden_HO_T20_mixFP,0.6,0.05,10,0.3036427152116741,0.04479765158062559,10,0.5107096266130479,0.037783079841694496,10,0.4010094509579534,0.04713040869440667,10,0.7095453672449843,0.016681524331072686,10,0.7285470968079573,0.04912530828637014,10,0.2658453181355857,0.0361305286763834,10,0.5814871321406591,0.0531075144582978,10,0.29287838041782377,0.033236727389671906,10,1.6391996383666991,0.24553455188117265,10
nohidden_HO_T20_mixFP,0.6,0.05,11,0.21037332516270402,0.026112068890518002,10,0.4554665904013232,0.03856372361528638,10,0.347322267633821,0.05156562273325925,10,0.6733629206423524,0.03509999375441133,10,0.42090370045984765,0.06834984545998278,10,0.32005656469423005,0.036848065414659306,10,0.6274662450697741,0.059448810285186456,10,0.33381409347057345,0.029713385324949857,10,1.7607131004333496,0.303119840059991,10
nohidden_HO_T20_mixFP,0.6,0.05,12,0.41716196984056275,0.058957904954761255,10,0.5800383594040572,0.056181005722978974,10,0.4729466357559695,0.07920490456161323,10,0.7618727084332451,0.02618957810705557,10,0.24415347182866115,0.03993061500719519,10,0.20522301695318634,0.04544563157838666,10,0.4096834532046959,0.06247595113879387,10,0.2061027005314827,0.024291269868980975,10,0.6990277409553528,0.08204148511504814,10
nohidden_HO_T20_mixFP,0.6,0.05,13,0.564623532477931,0.01450161273085257,10,0.6813291159141553,0.02192657061918098,10,0.6173152719207275,0.03978201294037836,10,0.7623142465725217,0.018104209803787873,10,0.4506224454998291,0.051776743732353255,10,0.10784340371943127,0.017553226696280913,10,0.2845180106032077,0.05107273318092143,10,0.13957116156816482,0.004764761870434742,10,0.4949431300163269,0.02707991197030659,10
nohidden_HO_T20_mixFP,0.6,0.05,14,0.43684077721262654,0.03765503551651601,10,0.5943061196586632,0.03162636643083726,10,0.48118092929046474,0.04221622084055714,10,0.7813542345495302,0.024160970507649294,10,0.4342487928885704,0.031564294255337536,10,0.19171289425099908,0.023076873716752974,10,0.46413511936367724,0.050518650726110455,10,0.21797855645418168,0.021664210578963915,10,1.1873312175273896,0.34288879467408456,10
nohidden_HO_T20_mixFP,0.6,0.05,15,0.4604787969383547,0.015104770530610155,10,0.6077565936919397,0.026654811065602926,10,0.4837257573431377,0.04110272813422895,10,0.8228738532715798,0.02482029500100882,10,0.3753856835835456,0.029320331557986346,10,0.1948084728898462,0.01662314744632292,10,0.4493658945880189,0.03716903647399976,10,0.20822833180427552,0.009306811596042889,10,0.8550742149353028,0.12675972192339902,10
nohidden_HO_T20_mixFP,0.6,0.05,16,0.6304197067229275,0.01281110006591162,10,0.7287148504687677,0.012281717384111197,10,0.6638728963073185,0.027690879977841264,10,0.8090520584161286,0.019725169884690946,10,0.49019652108046907,0.04310102438445723,10,0.09106337246832064,0.009306647788837089,10,0.3043731466296943,0.028057286585322028,10,0.11595374047756195,0.009270946159185741,10,0.42297754287719724,0.04010927283333159,10
nohidden_HO_T20_mixFP,0.6,0.05,17,0.6616540938861075,0.015070237824035595,10,0.7515013137300119,0.005856942812703612,10,0.6955344343369884,0.01594420514923346,10,0.8178890458992975,0.015818539528128794,10,0.5910433182526297,0.02325040603745657,10,0.07794495147196792,0.00678703089033445,10,0.29947436860699206,0.0242133921882446,10,0.10446567311882973,0.011280153528191799,10,0.37790755927562714,0.04636771663447307,10
nohidden_HO_T20_mixFP,0.6,0.05,18,0.6316252630770134,0.021646095154999295,10,0.7300772780506659,0.009598667986216657,10,0.6608357143331264,0.01772060541623443,10,0.8163638782874323,0.020892504946411844,10,0.6114520807719077,0.028966753096754852,10,0.09032928512799651,0.006771063928744298,10,0.2743817197818849,0.023242446448165307,10,0.11807235702872276,0.013929653327129723,10,0.4505729913711548,0.0732692301575596,10
nohidden_HO_T20_mixFP,0.6,0.05,19,0.690918789866806,0.019854162680929002,10,0.7724179978043741,0.0068445689626856696,10,0.737069571701027,0.009502817031402402,10,0.8114667766199825,0.010625697122535771,10,0.46744476617988273,0.04280649844564698,10,0.05724279271057825,0.00939352332140659,10,0.2083713878516687,0.011625991395558147,10,0.09170162826776504,0.012800100465898476,10,0.32371041774749754,0.04943525788879641,10
nohidden_HO_T20_mixFP,0.6,0.05,20,0.7178114895491389,0.01079074151785901,10,0.7911624641617546,0.004799726061514476,10,0.7680290522702815,0.013021278501252913,10,0.8160736817424548,0.01258059006978992,10,0.5453476062796725,0.04912721195852154,10,0.04510566090943973,0.005107667811373411,10,0.20596053491642669,0.01814741904622151,10,0.0814809888601303,0.009188591834642577,10,0.2845406323671341,0.042800854919698685,10
nohidden_HO_T20_mixFP,0.6,0.1,1,0.2585508736545857,0.02161232720104358,10,0.4130695174487413,0.010489445010571979,10,0.4889030523148163,0.05178120048650333,10,0.3607543712854971,0.020584017656024918,10,0.9162910365614586,0.10269979847520662,10,0.15138223765564612,0.01858664583507398,10,0.418024418729764,0.0683019440280082,10,0.20356964468955993,0.018803939922886148,10,0.7690550506114959,0.09370301819116446,10
nohidden_HO_T20_mixFP,0.6,0.1,2,0.3575105274992792,0.05691610436533118,10,0.5153221832945167,0.044955462044376136,10,0.52512842338899,0.07879242259364519,10,0.5142195512301395,0.056474136130097746,10,0.6390457143243766,0.0717423241986976,10,0.10915740852908551,0.021672848503454446,10,0.4402142090084884,0.13959498899386932,10,0.17861515730619432,0.01774430558443453,10,0.5963688731193543,0.09273806640419421,10
nohidden_HO_T20_mixFP,0.6,0.1,3,0.389548087053595,0.04200346843159805,10,0.5590096453108521,0.026439658021669605,10,0.49420983915989,0.04754541519848441,10,0.6497789718656564,0.039814477301480376,10,0.2688305251366169,0.05249411236541682,10,0.14449291562577107,0.029968000880840763,10,0.42690863778044796,0.04682567469666369,10,0.1980786606669426,0.023243020859808772,10,0.7112167060375214,0.10510045289981097,10
nohidden_HO_T20_mixFP,0.6,0.1,4,0.47525034359712226,0.02311075322091253,10,0.6176705414588222,0.019719534077544783,10,0.5490491873296856,0.04959688022624045,10,0.7148099000274565,0.05210005671935748,10,0.27926435028960467,0.06135871358024629,10,0.1295534472260058,0.03037827128565657,10,0.37659181324746144,0.05567897313557746,10,0.16880244612693787,0.016795237930386696,10,0.5755861878395081,0.06734725209911244,10
nohidden_HO_T20_mixFP,0.6,0.1,5,0.4740673999373259,0.03948282605579422,10,0.6177817686704643,0.03646691880666999,10,0.5312377630221174,0.067466944889339,10,0.748099085966668,0.03239624864261543,10,0.26780478368401084,0.052471279296524294,10,0.16235846514289726,0.03724254311957599,10,0.4148912981825834,0.06284638680972104,10,0.18130204528570176,0.02042716070413031,10,0.6619047284126282,0.11223696195764149,10
nohidden_HO_T20_mixFP,0.6,0.1,6,0.49827614578678625,0.05582902676454155,10,0.6343189122478273,0.04612413714646636,10,0.5465278997761226,0.08153564137565641,10,0.7683203517624558,0.03438586264762634,10,0.37999643424891066,0.08396982849990024,10,0.15219440378066412,0.0433186572726543,10,0.4041526512715851,0.08446354560395938,10,0.17060832530260087,0.027715599492843444,10,0.6128245174884797,0.12336414059165322,10
nohidden_HO_T20_mixFP,0.6,0.1,7,0.4736405655027399,0.015233919873864504,10,0.619455517068591,0.015959280428223567,10,0.5222173325310886,0.02990491723059924,10,0.7637077705989764,0.019349480537362,10,0.46328435772614096,0.07811818064101103,10,0.16920864997798107,0.00889814220898694,10,0.47165218877791554,0.03787200419122711,10,0.1890975594520569,0.012047093877723888,10,0.7934640228748322,0.09041276213067448,10
nohidden_HO_T20_mixFP,0.6,0.1,8,0.5976155340386106,0.022691683938272988,10,0.7054744736421469,0.011844151644339966,10,0.6463995963287565,0.024974738650216106,10,0.7782448439954052,0.028875747977066057,10,0.5304950570702406,0.09518307081683022,10,0.09164923532714221,0.015889967051435753,10,0.319354782808917,0.0380311651392493,10,0.1243528239428997,0.014591997188518656,10,0.4348955720663071,0.05039249843707268,10
nohidden_HO_T20_mixFP,0.6,0.1,9,0.6172209574850606,0.023980763933472763,10,0.7171642139428436,0.015351690243540501,10,0.6916893212159724,0.030477333332330884,10,0.7460867870935876,0.024145223919636496,10,0.6251704011611963,0.10189936576131588,10,0.07933573281011212,0.012580756080848918,10,0.29605128855443386,0.04646851650851178,10,0.11601934283971786,0.013849605998638605,10,0.43533487915992736,0.0533493969847472,10
nohidden_HO_T20_mixFP,0.6,0.1,10,0.3346525046124236,0.04267460416230632,10,0.5294010640027507,0.036889470414335095,10,0.41953903079519383,0.048317873954895764,10,0.7241128888554565,0.017897399909194006,10,0.7194325028182401,0.049732893460427495,10,0.24457599603565333,0.03275084940561456,10,0.5575906805149247,0.05961424389494098,10,0.2709658041596413,0.029455364128235947,10,1.3536646723747254,0.2055540454476014,10
nohidden_HO_T20_mixFP,0.6,0.1,11,0.2262417802615749,0.0288349738703327,10,0.4645151725159085,0.04009419331176342,10,0.35465060198042136,0.05384543104100117,10,0.6855760717037249,0.03629140482142996,10,0.40901822449295827,0.06475556229578934,10,0.3111572365389962,0.03615474215638849,10,0.616513047432945,0.06326085438125825,10,0.32588044703006747,0.027377114125769316,10,1.6937657237052917,0.2464474209341768,10
nohidden_HO_T20_mixFP,0.6,0.1,12,0.405294118285331,0.05973574894601004,10,0.5720068433839266,0.0572550251517549,10,0.45545298809983387,0.07811233742490285,10,0.7826526798947512,0.02412993811370217,10,0.23986828771411134,0.04494519292041487,10,0.2228611788879169,0.04992331956551662,10,0.44430008153558437,0.05385280695665115,10,0.21793513149023055,0.02832331572263278,10,0.7316127836704254,0.08692971742234287,10
nohidden_HO_T20_mixFP,0.6,0.1,13,0.543333281882175,0.015158246828932676,10,0.6667521510800962,0.023975153825641395,10,0.5824456679849426,0.04144085979379453,10,0.7822634750745101,0.015934271329998098,10,0.4204365535853059,0.048392788649309244,10,0.1295591497650286,0.019099142862303936,10,0.34325864091187,0.04656595613206023,10,0.1509152203798294,0.005403872770156394,10,0.5280711233615876,0.030409816536357992,10
nohidden_HO_T20_mixFP,0.6,0.1,14,0.438972734787619,0.0323131367475225,10,0.5946166125732333,0.03052581389956701,10,0.47357128871893617,0.041417351125448046,10,0.8038622578567567,0.027652245780168457,10,0.4143435480433939,0.028943746682177755,10,0.2051810994002928,0.020649627452991415,10,0.45350086981305815,0.04164843609427229,10,0.2211664065718651,0.018789067699759337,10,1.0677154123783112,0.32029553206733635,10
nohidden_HO_T20_mixFP,0.6,0.1,15,0.4527245772279733,0.014934520824336982,10,0.6013430884550444,0.02888041907023983,10,0.47081159411481677,0.04264009731450404,10,0.8382873633053425,0.02431099365753199,10,0.3662990979816052,0.029855195660614967,10,0.21195384703731635,0.018534834273559255,10,0.5083064179845913,0.044586837057145834,10,0.21542135179042815,0.011012719400014564,10,0.8260039150714874,0.11274137618170303,10
nohidden_HO_T20_mixFP,0.6,0.1,16,0.5923070960533235,0.010974823855918036,10,0.7010350663478585,0.015544333959759071,10,0.6102695885492102,0.03239645452806651,10,0.8258054642432298,0.02075410953588022,10,0.4746096723515202,0.0424400909084613,10,0.11944200405411183,0.01107649850635851,10,0.38458357942692606,0.030177551963603128,10,0.13475435897707938,0.008329844448502622,10,0.4903680980205536,0.03583298108032427,10
nohidden_HO_T20_mixFP,0.6,0.1,17,0.6222776517796629,0.01039740230604324,10,0.7227975366583163,0.009685425764815112,10,0.6385247411970105,0.023396666812642533,10,0.8339764579935155,0.017217550521345503,10,0.54909317613213,0.02646430193861098,10,0.10775297422387267,0.007072455831467887,10,0.3925113982460645,0.0299057685950885,10,0.1246301807463169,0.00970261081427556,10,0.4614736050367355,0.04135693620180185,10
nohidden_HO_T20_mixFP,0.6,0.1,18,0.600951810880568,0.01681900861772049,10,0.7073971583602281,0.01119755512934068,10,0.6156778591079737,0.024191215208714537,10,0.832851742711572,0.022725261978361822,10,0.5785671403066954,0.025102179595795696,10,0.11650919173895984,0.00624482089920639,10,0.37063891041458535,0.03246730021606112,10,0.1332109697163105,0.011439035647730612,10,0.4919829487800598,0.05822341443607666,10
nohidden_HO_T20_mixFP,0.6,0.1,19,0.6391024744330689,0.013138821626895857,10,0.735288517988795,0.008097770858933009,10,0.6624157361094519,0.01807959691713827,10,0.8268436542215187,0.013234824574960903,10,0.4447606065363976,0.03743525238208221,10,0.09169433985868138,0.006653512194832936,10,0.30564241998963126,0.02327052273232647,10,0.11525342017412185,0.010860714022779239,10,0.41739327907562257,0.04501828071408031,10
nohidden_HO_T20_mixFP,0.6,0.1,20,0.6546348760901871,0.008758101288302077,10,0.7461462230943908,0.0087981028927094,10,0.6787793507806186,0.022869055989948858,10,0.8294585580992117,0.017314609979886257,10,0.4847986138621477,0.04641294430328743,10,0.08337605580511089,0.00389651445820015,10,0.32184632873343716,0.03144150306114109,10,0.10823896750807763,0.008546867842460958,10,0.3918036878108978,0.043536960188061385,10
nohidden_HO_T20_mixFP,0.6,0.2,1,0.2627707372636698,0.019359036497906386,10,0.3884577033899007,0.010249760878519767,10,0.527370543404623,0.05896567692299048,10,0.3104005079136244,0.02201356245867442,10,0.9024308205436211,0.10584221011779398,10,0.13299023763641232,0.013041892617793854,10,0.3135446267276712,0.0704953342532204,10,0.1895440012216568,0.01603986225668413,10,0.6748273730278015,0.05923643349517118,10
nohidden_HO_T20_mixFP,0.6,0.2,2,0.32787611233062003,0.0463573970027018,10,0.4599200379172352,0.03558860409366651,10,0.5600701952753091,0.08361489713945343,10,0.39682518434052577,0.04647779896286237,10,0.70656090078082,0.0670804505880512,10,0.11643445493198423,0.019550833621755838,10,0.3222773259152036,0.1419820324645588,10,0.1716205894947052,0.01662372273782451,10,0.5695422142744064,0.06838183115468323,10
nohidden_HO_T20_mixFP,0.6,0.2,3,0.3093190927999678,0.04027689697952773,10,0.48505490551946207,0.02261518935905494,10,0.4813809415581412,0.04101085570868825,10,0.49392232442531087,0.04331181411206958,10,0.44316609293069986,0.050633162713088105,10,0.1434187877659848,0.02555143241397573,10,0.4345258582070838,0.06168768821801714,10,0.19640881717205047,0.025025903277467,10,0.6616915047168732,0.0984157097877267,10
nohidden_HO_T20_mixFP,0.6,0.2,4,0.3835916368908897,0.02728920415237374,10,0.5382596982504652,0.024951428963396853,10,0.5384816563503139,0.03949084612006333,10,0.5448496728678976,0.059150089005797366,10,0.444011221956692,0.0801745045272595,10,0.12244518476451463,0.018476165267989907,10,0.36936178425838995,0.05942239878216899,10,0.17412425726652145,0.018727886771340404,10,0.5834262669086456,0.07135900054378924,10
nohidden_HO_T20_mixFP,0.6,0.2,5,0.38476325299544867,0.0312892502819676,10,0.5450221117032001,0.025264171433887404,10,0.5231193648266493,0.05377625900029187,10,0.5757811531057389,0.046020452771619466,10,0.41621093268881637,0.044925279296851424,10,0.1386558017194705,0.016699977372046215,10,0.4408373865910978,0.07004592619777993,10,0.1853858083486557,0.014774261044112922,10,0.6535425901412963,0.07013849712852337,10
nohidden_HO_T20_mixFP,0.6,0.2,6,0.4241711340316906,0.05060108858822816,10,0.573029085750087,0.03687666602378154,10,0.55237779793546,0.07083136120202317,10,0.6049361815553201,0.05881011998300395,10,0.5184612207101174,0.07100897168245114,10,0.12857164709976343,0.02179137622691875,10,0.3789087503683479,0.08025599162197306,10,0.1712242916226387,0.020204186694469474,10,0.6071029752492905,0.09175828541840535,10
nohidden_HO_T20_mixFP,0.6,0.2,7,0.40719174668601854,0.031669790922577476,10,0.566108614704435,0.02147404779771264,10,0.5284590784550346,0.03582965356376469,10,0.6121598630266434,0.03250258895956369,10,0.5663422568039769,0.05805964534804224,10,0.14885965626871211,0.012726764066517206,10,0.44349648949243115,0.039354754329422974,10,0.1858399733901024,0.0166410522283445,10,0.7186504960060119,0.08627917533520958,10
nohidden_HO_T20_mixFP,0.6,0.2,8,0.5202055758195709,0.026972264848301848,10,0.6378739506033466,0.016519199602826874,10,0.6553468781235072,0.03416961560976492,10,0.6248433016890859,0.04336853276764363,10,0.6521193000697235,0.08460048192423558,10,0.09390543177412183,0.014211110157846985,10,0.2724474013012047,0.048583247745747855,10,0.13740349188446999,0.016861577851441597,10,0.49240789413452146,0.061283605683006365,10
nohidden_HO_T20_mixFP,0.6,0.2,9,0.5475476631132489,0.03041090826021089,10,0.6537242573725527,0.01882493505705237,10,0.6958519274853726,0.03501292071034691,10,0.6191701623380228,0.040780148444116565,10,0.7085393081295177,0.08559134852704073,10,0.09052067381365718,0.016552370483823343,10,0.26174191559284843,0.06153284254241407,10,0.12982686385512351,0.017663397359172474,10,0.48710847496986387,0.06812091957838891,10
nohidden_HO_T20_mixFP,0.6,0.2,10,0.33079491890849555,0.03164049092579643,10,0.5211931939561492,0.028147027584923136,10,0.4462013913356788,0.044720779954263455,10,0.6330029943302692,0.03971859035316659,10,0.7356608806346664,0.048322868603847616,10,0.20213428651883522,0.021140086985272137,10,0.5414921229815658,0.05714928889886004,10,0.23247675895690917,0.020090564089528664,10,0.9562241613864899,0.1578494180195137,10
nohidden_HO_T20_mixFP,0.6,0.2,11,0.2361943992487964,0.03180824916234346,10,0.466922805118185,0.03813256672646694,10,0.3697350944938589,0.05365532078353073,10,0.6434074251135319,0.035192967361074,10,0.4431951525125005,0.05174240603349966,10,0.2694909282742167,0.027947658549206944,10,0.5907369996445487,0.05386262370078391,10,0.2963335275650024,0.020055712112082676,10,1.4526164770126342,0.15982107308060298,10
nohidden_HO_T20_mixFP,0.6,0.2,12,0.3780579585253228,0.05790293131033878,10,0.5553739877124091,0.0535070048051661,10,0.4482811303039654,0.07269319294817946,10,0.741205862658319,0.030711603215322264,10,0.31489257140058086,0.05959319045487351,10,0.20781050032738477,0.0474429936820999,10,0.46349488869275557,0.049754789718059474,10,0.21738530993461608,0.028095514575534095,10,0.7134794056415558,0.08525826505058598,10
nohidden_HO_T20_mixFP,0.6,0.2,13,0.49169061453714863,0.026987643280604334,10,0.6306199670335548,0.02930231325115436,10,0.5539668250570183,0.048186566502344444,10,0.735376295804002,0.021211296638574868,10,0.4757989878654428,0.06038085533826691,10,0.1321396373922115,0.016900281067638658,10,0.39473191610196023,0.04711772908528593,10,0.16214246153831482,0.009301593836357073,10,0.5554506599903106,0.02790411214564326,10
nohidden_HO_T20_mixFP,0.6,0.2,14,0.41494233347498577,0.018876963069115488,10,0.5795882392380085,0.029049061899679054,10,0.4711049899053273,0.043411282113513965,10,0.7584600315281282,0.025575334777911563,10,0.45174724404307537,0.029735143565119002,10,0.19570534870413264,0.020519768861144944,10,0.4922101551425876,0.032203564921750666,10,0.21647704243659974,0.017330349249382905,10,0.8895100355148315,0.24215309552133213,10
nohidden_HO_T20_mixFP,0.6,0.2,15,0.44050579327606015,0.024240728448399217,10,0.5961658999355693,0.0305256829314195,10,0.4819792996244864,0.04214778579867293,10,0.7856213565506278,0.024682001909892264,10,0.41884913875542873,0.041145411473159525,10,0.19386141485067637,0.015095260001123564,10,0.5147388872881724,0.03964384318032739,10,0.20238913595676422,0.013792155828518471,10,0.7339588820934295,0.07426792309407604,10
nohidden_HO_T20_mixFP,0.6,0.2,16,0.5383258949459074,0.02046979205819509,10,0.6636444056934245,0.0222121133274313,10,0.5894706187676951,0.032042152423864004,10,0.7605031567072668,0.02195313011256375,10,0.5616649741115534,0.044349212646360825,10,0.12160217435985429,0.007459773327704371,10,0.3885325009731356,0.025057571176598122,10,0.148491770029068,0.009640303354809178,10,0.5470310986042023,0.03504712938364736,10
nohidden_HO_T20_mixFP,0.6,0.2,17,0.5626254170792364,0.011327704921943198,10,0.6809063413181232,0.015658388138133923,10,0.6048722994619133,0.02514180021557251,10,0.7800497229326407,0.021785056912272418,10,0.5794099796129484,0.03411288757941208,10,0.12294917438651179,0.009173417500241855,10,0.42111130343400627,0.024455852403057577,10,0.14446413964033128,0.01033813969587816,10,0.5533190399408341,0.04375362054842668,10
nohidden_HO_T20_mixFP,0.6,0.2,18,0.5525467020362302,0.016342286803477192,10,0.6739801408582597,0.015159285510116893,10,0.5931624966052613,0.025515639296816127,10,0.7815571883635388,0.018514801963727387,10,0.6128026051750814,0.03059074338487866,10,0.12455413284359247,0.009065748126456328,10,0.41283431569960793,0.03163649852893781,10,0.1457833781838417,0.011320375606873745,10,0.540157151222229,0.04983802399689095,10
nohidden_HO_T20_mixFP,0.6,0.2,19,0.5556039168625805,0.011744958584830557,10,0.6761315301485589,0.014909920592796062,10,0.597076868056646,0.023790248039794248,10,0.7802177173880663,0.01462807115967296,10,0.47731172468885913,0.039321820455939925,10,0.12351659077673764,0.007632365591256463,10,0.36611957314336074,0.023495903618686725,10,0.14826911985874175,0.010783277127934898,10,0.571932452917099,0.04885698760343822,10
nohidden_HO_T20_mixFP,0.6,0.2,20,0.5511866348369622,0.012537505149579756,10,0.6728661165980439,0.014934663216187131,10,0.5903271308244554,0.026656252732069126,10,0.7836763791572297,0.018229102811859823,10,0.44262791160232673,0.046602162154916436,10,0.12904580634069296,0.00747049086195944,10,0.38009244524602254,0.033009656942526534,10,0.15186980962753296,0.010643725786521946,10,0.6037524998188019,0.06151967215239339,10
nohidden_HO_T20_mixFP,0.65,0.01,1,0.24380330318914806,0.02122629274289291,10,0.4228152896311639,0.01437451176290674,10,0.4511583853627772,0.04717521763835527,10,0.40233301295609564,0.03069970518546894,10,0.912372852690331,0.11112665030603877,10,0.17841019879211156,0.033210103992587975,10,0.5356491872907616,0.09045018406146074,10,0.2272436261177063,0.020620980696824397,10,0.9657682240009308,0.10444184891196102,10
nohidden_HO_T20_mixFP,0.65,0.01,2,0.35967411338737404,0.05982305210068928,10,0.5353024099233832,0.04994631753636989,10,0.4787649636371283,0.07138123022783967,10,0.6160843392215417,0.05995018818645982,10,0.5774910533641455,0.0758180391675733,10,0.1432261994681801,0.03001005026958279,10,0.4989909900826376,0.11803166468505054,10,0.20449036806821824,0.01838001585175788,10,0.7278061151504517,0.11946534794831501,10
nohidden_HO_T20_mixFP,0.65,0.01,3,0.4262181360559392,0.04840302828534626,10,0.5870762290038882,0.034273943880267166,10,0.501077839762267,0.053416444075943384,10,0.7149995870695467,0.03151092441342778,10,0.15046403095917726,0.04452518068713324,10,0.17490793200494398,0.030975166255800952,10,0.38716358687399394,0.05291077879705624,10,0.19525844603776932,0.02148866964680848,10,0.710240638256073,0.0875264489615508,10
nohidden_HO_T20_mixFP,0.65,0.01,4,0.48797384857089804,0.032388440838872795,10,0.6272028268674352,0.024462074222181298,10,0.5511219917563028,0.05875500633057142,10,0.7376262062628571,0.0441738062876812,10,0.2091509661298751,0.047495686867158396,10,0.14554086171481256,0.037780808820336874,10,0.32613554423250574,0.08767762149787034,10,0.1675753563642502,0.02044616653070239,10,0.5813473224639892,0.0842896167750188,10
nohidden_HO_T20_mixFP,0.65,0.01,5,0.46589760202190267,0.04643581453072354,10,0.6114706279497227,0.0423366174931239,10,0.5263480021035741,0.08253251273571122,10,0.7438520265921399,0.03520148504428677,10,0.23779527908323392,0.0505413468404432,10,0.17218096883429795,0.04636464870299675,10,0.39383346115673346,0.09693106646570508,10,0.18180518597364426,0.023931770554044086,10,0.6673801481723786,0.12804241511809067,10
nohidden_HO_T20_mixFP,0.65,0.01,6,0.48395087720602054,0.07934900697860846,10,0.6237528481227682,0.05894642623709703,10,0.5579293669335439,0.10704103046488765,10,0.7219506814834188,0.023701721541534687,10,0.3824105724948486,0.100004453400072,10,0.14871011792438,0.0545465428707337,10,0.34131659109088563,0.11316057834006198,10,0.1718988224864006,0.03402909880786904,10,0.6422909468412399,0.15139098369212534,10
nohidden_HO_T20_mixFP,0.65,0.01,7,0.4550142243370664,0.02475550227642965,10,0.606874397669103,0.01940121010030897,10,0.5253807393628696,0.02786911332037664,10,0.7196734668503826,0.01773371216500378,10,0.5075962106204525,0.09430487002776962,10,0.1682395642312569,0.014615810445401719,10,0.3997396758749147,0.03505366679957782,10,0.19118493497371675,0.017172096497221734,10,0.8729930341243743,0.1290075992450131,10
nohidden_HO_T20_mixFP,0.65,0.01,8,0.591340687479422,0.035236510032601004,10,0.6974589956109214,0.02007994089539659,10,0.6839078936462781,0.033157634529902356,10,0.7127933322487685,0.024655770403464974,10,0.5526364128018103,0.12006083979108008,10,0.07311982564404373,0.018721818608004242,10,0.21840926137618047,0.035165688682524704,10,0.11993615329265594,0.018274576799058872,10,0.4238912522792816,0.062341226548220746,10
nohidden_HO_T20_mixFP,0.65,0.01,9,0.6115068587493317,0.02633934438471014,10,0.7073737985977752,0.01983849385330526,10,0.7240592390592167,0.03552279040500017,10,0.6924252999779579,0.01886042015638842,10,0.6705963172609802,0.11330658717374371,10,0.07219899180817499,0.012669739952336436,10,0.22465751603555617,0.05035512041430363,10,0.11348629742860794,0.01275838012961514,10,0.42961116433143615,0.0504530339325304,10
nohidden_HO_T20_mixFP,0.65,0.01,10,0.27413275106012586,0.04465517530823306,10,0.4925909180888306,0.03789817897460007,10,0.38703405015381437,0.046836631055176874,10,0.6836911652469295,0.014413228896070664,10,0.7575919568061016,0.04818016878216586,10,0.27951292733010935,0.03764192296052281,10,0.6151950438682767,0.05359075835099542,10,0.3080596596002579,0.03477003084306378,10,1.851190161705017,0.26689820318767354,10
nohidden_HO_T20_mixFP,0.65,0.01,11,0.1982936964094278,0.021659220866977722,10,0.44801547263272185,0.035333221909768626,10,0.3431228471340508,0.04781958487607264,10,0.6560100089155987,0.03443122527877156,10,0.4462266754118643,0.07097773452690041,10,0.31931884560350005,0.03453179674368141,10,0.6305491051083825,0.05600281200574774,10,0.3348394751548767,0.02884739740925403,10,1.7429301500320435,0.2884926141099251,10
nohidden_HO_T20_mixFP,0.65,0.01,12,0.431959904480227,0.05742735595331346,10,0.5895430025156478,0.053114204590385926,10,0.49777119947691784,0.08141866863302794,10,0.7337507642227183,0.027696720417292646,10,0.2675575226588332,0.04411595333607366,10,0.17776623051385476,0.041692773413122775,10,0.36768224457261384,0.07335452417020648,10,0.19104957580566406,0.02169025782803313,10,0.6492890000343323,0.07927952380346301,10
nohidden_HO_T20_mixFP,0.65,0.01,13,0.5689202127041917,0.01341343619105378,10,0.6824049063012485,0.01985853833166602,10,0.6443689324183646,0.04064387789713253,10,0.7273415688748299,0.019733010772486854,10,0.502256359701694,0.055666323910334554,10,0.08657692474584872,0.013962318721766202,10,0.2552246824388709,0.04809876447202602,10,0.1334695190191269,0.004098474327398781,10,0.47879769206047057,0.022366849713407935,10
nohidden_HO_T20_mixFP,0.65,0.01,14,0.4172772011288135,0.034025474014356336,10,0.5817452633077582,0.02973426418509423,10,0.48146275367604136,0.04286574329656719,10,0.7389707311050274,0.0176642437069674,10,0.46593374866453396,0.029715904277602227,10,0.17957936486771592,0.02401255909978957,10,0.4984834017867702,0.05596346434171745,10,0.21885051429271699,0.02064731265151037,10,1.3022633790969849,0.32612726585993984,10
nohidden_HO_T20_mixFP,0.65,0.01,15,0.45050250705271006,0.014144021407535321,10,0.6029261028873648,0.023604384273905304,10,0.49218597613722553,0.038875704643972095,10,0.7825106966482265,0.022238530347163128,10,0.40107916291324575,0.02697635334293373,10,0.17482727422121902,0.013007004550730365,10,0.43358959459297264,0.043631277629279416,10,0.2045811355113983,0.00818742156833274,10,0.8922747552394867,0.1237987695280586,10
nohidden_HO_T20_mixFP,0.65,0.01,16,0.6551053143066156,0.012632896147370277,10,0.7442627867297902,0.009828245449272091,10,0.7267798344422215,0.022837408269472233,10,0.7633732585402083,0.016367806911970147,10,0.539256582913991,0.04539903167380734,10,0.056261339008734514,0.007239069768899498,10,0.19197037572965595,0.019877728696451068,10,0.10162020400166512,0.009815976169889077,10,0.3667058557271957,0.039116960817974986,10
nohidden_HO_T20_mixFP,0.65,0.01,17,0.6831524658271768,0.018428792446720355,10,0.7647457929029399,0.005831349241176146,10,0.7555086741150026,0.012354009167344611,10,0.7745505080367782,0.014032665108372106,10,0.6662914099939531,0.021798967938985194,10,0.051370258100542854,0.010074612782769311,10,0.18363977813563392,0.011953594540693571,10,0.09199462085962296,0.012948508750957821,10,0.32967966198921206,0.05345916128973628,10
nohidden_HO_T20_mixFP,0.65,0.01,18,0.6368048602422841,0.025409255791064577,10,0.7325867262590187,0.010384865194140233,10,0.7011059643404884,0.014622906613672222,10,0.7674080101930967,0.01717130492786855,10,0.6554895380838461,0.03397124087234969,10,0.06656203572413763,0.011122381442642727,10,0.196784143455511,0.02380435970047333,10,0.11134456619620323,0.016298527059802746,10,0.44743633568286895,0.08691996073464203,10
nohidden_HO_T20_mixFP,0.65,0.01,19,0.7142945903503133,0.025425984880424225,10,0.7848726955415002,0.010366139080587491,10,0.8090803538614348,0.014985943369575438,10,0.7621298615637162,0.007533821004045308,10,0.5104829109371961,0.04849842495332009,10,0.0276917168322948,0.011721655030407474,10,0.07495133497240161,0.023332000301618014,10,0.08018311858177185,0.014063000648529653,10,0.28294592499732973,0.05184018674388628,10
nohidden_HO_T20_mixFP,0.65,0.01,20,0.7465350146938898,0.012333007834998777,10,0.8078557473096977,0.004006161911731984,10,0.8404195534701872,0.0036439955163381148,10,0.7777746250955764,0.008008977479017017,10,0.6352278304879435,0.046167413105575233,10,0.02082071842365091,0.007041553802054744,10,0.07048701660781802,0.009054619889865822,10,0.069579216837883,0.009448160094274374,10,0.2392481669783592,0.041599623926601256,10
nohidden_HO_T20_mixFP,0.65,0.025,1,0.24318767831207752,0.02004517167572856,10,0.41860821971987716,0.013932914359221593,10,0.45500541512850345,0.04695160774713865,10,0.3917657531115399,0.029363017216265892,10,0.9133222663032516,0.10936703076531086,10,0.17326940074621974,0.02966944441234653,10,0.5260625807424842,0.09130258806460412,10,0.2239946410059929,0.019893193135744922,10,0.9321672260761261,0.10174707231210227,10
nohidden_HO_T20_mixFP,0.65,0.025,2,0.3592495377152664,0.060781146389843534,10,0.5323904956539957,0.04994524358264211,10,0.48720397668721327,0.07279540162252722,10,0.5954967935816424,0.05941289658107938,10,0.5876215456041415,0.07538562962686841,10,0.1322403113909761,0.02671423562994168,10,0.49895465133616296,0.11880667791394971,10,0.19967910498380662,0.018184174466113492,10,0.7033764064311981,0.11572240509477541,10
nohidden_HO_T20_mixFP,0.65,0.025,3,0.4203303010582308,0.04731554166934773,10,0.5826284540920852,0.03358266365221781,10,0.5004129830981577,0.05379849548322754,10,0.7037000600188248,0.03280542729699616,10,0.16720658927835103,0.04748619863169381,10,0.16912725805437276,0.03148124213440921,10,0.39022980403036317,0.04118205185158652,10,0.19621624648571015,0.02139862146128412,10,0.7139994084835053,0.08924202676863585,10
nohidden_HO_T20_mixFP,0.65,0.025,4,0.48833357566580143,0.0301853403084754,10,0.6275578280782038,0.023974217719485366,10,0.5501136716607962,0.05731920048521001,10,0.7400524225231738,0.043599615519000254,10,0.21975993203736305,0.04950350342594901,10,0.14405413580842918,0.03708825863103833,10,0.334369008889113,0.07969811276076236,10,0.1677004799246788,0.019715533195966767,10,0.5784082472324371,0.08005228777166257,10
nohidden_HO_T20_mixFP,0.65,0.025,5,0.4717033503248329,0.0446239329593772,10,0.6157021740159269,0.041417801703939855,10,0.5274992891164554,0.07885059525968276,10,0.7525767720947555,0.03281081340102618,10,0.2377166638565435,0.05202198433708122,10,0.1716428259744765,0.044655387629186555,10,0.3942649457832406,0.0915097139601151,10,0.18072543740272523,0.023135728112916313,10,0.6608695805072784,0.12362781335951877,10
nohidden_HO_T20_mixFP,0.65,0.025,6,0.4918710419305715,0.07404104859045321,10,0.629806564710899,0.056643616246834436,10,0.5554713781053564,0.10045167286558686,10,0.741311755243877,0.023030250641198968,10,0.37628351964830087,0.09760042465955213,10,0.14996325949351302,0.05241354239678463,10,0.3527474635716273,0.10644619350240607,10,0.17065360769629478,0.032819589249490494,10,0.628297683596611,0.1440839324436723,10
nohidden_HO_T20_mixFP,0.65,0.025,7,0.46549372146437334,0.021249746523365965,10,0.6142041595910578,0.01801043178056891,10,0.5269818759708162,0.02674222199236408,10,0.7374025694720852,0.016092940401667036,10,0.49480323750267674,0.0923964868186356,10,0.16757123693644355,0.012092365520553278,10,0.41198431180258827,0.035543102144994544,10,0.18929107785224913,0.015176443100359253,10,0.8483039557933807,0.11697460038374469,10
nohidden_HO_T20_mixFP,0.65,0.025,8,0.6013942993700956,0.03129402082356825,10,0.7064799743630701,0.017427348278315036,10,0.6776667006883604,0.027375648729031136,10,0.7389598160294116,0.025384460916486398,10,0.5453788803270004,0.11296321295947066,10,0.07577137086249054,0.016569454638557732,10,0.2407348388102371,0.03163554255896408,10,0.11834122240543365,0.0168582653387907,10,0.41375522017478944,0.05579648201615057,10
nohidden_HO_T20_mixFP,0.65,0.025,9,0.6179258176280913,0.02473271930925448,10,0.7140068622016288,0.018139806878460875,10,0.7188243540053955,0.03173703725556827,10,0.7102364878037781,0.020572460441849127,10,0.6569992477072388,0.10941120152546248,10,0.0722181838749193,0.011334213612606475,10,0.23529947559124706,0.04998087717479981,10,0.11244671270251275,0.012625739439616672,10,0.42293859720230104,0.04929291821463183,10
nohidden_HO_T20_mixFP,0.65,0.025,10,0.2909227723029656,0.04430427191865425,10,0.5029223958052113,0.0376863498000057,10,0.39485574820744296,0.046881350984126026,10,0.6988817434702503,0.01483972059305243,10,0.7532185064890811,0.049629816126481006,10,0.27222641773173806,0.03679903811896376,10,0.5995858072587611,0.05324360889502114,10,0.30029273629188535,0.03392452421860084,10,1.7434868454933166,0.2559294854891629,10
nohidden_HO_T20_mixFP,0.65,0.025,11,0.20445942418869906,0.02192720709476286,10,0.4518142895941154,0.03622473623873118,10,0.3452104030252101,0.048694980419692425,10,0.6646411380779125,0.03476618974550754,10,0.4371203098330637,0.06953008576249971,10,0.31859279182675665,0.03359459816206083,10,0.628490660169862,0.05860516863148463,10,0.3334255814552307,0.027338656656800527,10,1.7353745818138122,0.27320668601826636,10
nohidden_HO_T20_mixFP,0.65,0.025,12,0.4277362104464224,0.057643246389012276,10,0.5868530413414352,0.0540504550632525,10,0.4890574003019682,0.08144619668824941,10,0.7454142546074018,0.026957280771732407,10,0.2560459413795996,0.041139485670244495,10,0.1867912778467705,0.043714634747475466,10,0.38155280808105574,0.0688839397411075,10,0.19584259241819382,0.022506872040133245,10,0.6627922594547272,0.07868340619021953,10
nohidden_HO_T20_mixFP,0.65,0.025,13,0.5675540497908675,0.012596591480105189,10,0.6822851256674262,0.019610381542837386,10,0.6348774898744921,0.040089407536681214,10,0.7395752775098856,0.019400497159922227,10,0.4865521640561926,0.05334696007495271,10,0.09311044574294927,0.014717487925333138,10,0.26571826884802324,0.049433638088635684,10,0.1354922279715538,0.003981017507747582,10,0.4851446390151978,0.023598348952280405,10
nohidden_HO_T20_mixFP,0.65,0.025,14,0.4241797254512196,0.03548862967558304,10,0.5863050257706037,0.030312807219941732,10,0.48187210596557384,0.042560449470181755,10,0.752786210247644,0.02086793121595818,10,0.4580906861288289,0.0285212057015495,10,0.18292546467240542,0.023093846108689677,10,0.48472853609166905,0.055876969012985826,10,0.21804739087820052,0.02062014605991792,10,1.2546557009220123,0.3306306709606117,10
nohidden_HO_T20_mixFP,0.65,0.025,15,0.452886491366103,0.014597683668489307,10,0.6040058921816313,0.02416225746887698,10,0.4881353944639673,0.0391611936249664,10,0.796939793492644,0.024430825663395307,10,0.3947046927909714,0.027176373722417553,10,0.182290650754664,0.013790985793706282,10,0.42511416310238326,0.03436857065748343,10,0.20623037964105606,0.008254610138747315,10,0.8729533791542053,0.11842881875836817,10
nohidden_HO_T20_mixFP,0.65,0.025,16,0.645783907012672,0.011752451688502731,10,0.7387527057063568,0.009969500742743763,10,0.7034157666578918,0.024451541026226493,10,0.7788497455088852,0.018238401631424185,10,0.5244333182814881,0.044743977974830026,10,0.06744058496548869,0.006761430333466067,10,0.23080690719300523,0.021741419787895115,10,0.10616575703024864,0.00933688799509878,10,0.38161428868770597,0.03782153375154068,10
nohidden_HO_T20_mixFP,0.65,0.025,17,0.6747312569963382,0.01709757603983926,10,0.7598439396855345,0.0053985996533717235,10,0.7329459603750391,0.013608524735235699,10,0.7892574602019348,0.015580878571046184,10,0.6450463473822928,0.021916408519658783,10,0.0600605027850626,0.008775619560300324,10,0.22607341221918498,0.015853139012271113,10,0.09627339765429496,0.012417220690535594,10,0.345365971326828,0.051937059636487676,10
nohidden_HO_T20_mixFP,0.65,0.025,18,0.6333241172480347,0.024550898381814363,10,0.7308402347333831,0.009953846572728114,10,0.6859533098960621,0.01470544594032055,10,0.7825288166560923,0.01931402792109767,10,0.6402115783715359,0.031550332783989256,10,0.07433932213672048,0.009536597249094012,10,0.2142882979468758,0.017491466247618832,10,0.11381373777985573,0.015660657740267567,10,0.4470302939414978,0.08260428392103468,10
nohidden_HO_T20_mixFP,0.65,0.025,19,0.7028301909931558,0.02341277799303572,10,0.7785641778910681,0.00894209458897988,10,0.7809523624810121,0.010915542262228862,10,0.7762453180756147,0.009380789610383009,10,0.49839552854904146,0.04628000942066391,10,0.0367595482718178,0.011003694649539606,10,0.11608182387813101,0.015356581677007673,10,0.08459697812795638,0.01378282573474818,10,0.29775894433259964,0.051904865729103696,10
nohidden_HO_T20_mixFP,0.65,0.025,20,0.7327474175599044,0.012561002471781246,10,0.7998984435637311,0.0041651728457739795,10,0.8092632307154914,0.007008368494892926,10,0.7908823103633834,0.010269192632650878,10,0.6121009157402469,0.04557794893610487,10,0.028399248094466728,0.006607494457282739,10,0.12407906675215977,0.008306989004415495,10,0.07433865070343018,0.00967285220751848,10,0.25566262304782866,0.043006703115672416,10
nohidden_HO_T20_mixFP,0.65,0.05,1,0.2409526255061393,0.01789067655659082,10,0.41080938820328605,0.01311730284467255,10,0.4600464934464573,0.04675840815481701,10,0.3747621342010661,0.027096234900108648,10,0.9152682685792065,0.10668624410350869,10,0.16620198598460897,0.023786943894247334,10,0.5071462519010149,0.08321037054382506,10,0.21899720132350922,0.018821783818291152,10,0.8817642271518707,0.0974798738258672,10
nohidden_HO_T20_mixFP,0.65,0.05,2,0.35235493094963405,0.06024410027243078,10,0.5225784728654553,0.04877157831494146,10,0.49604867911680006,0.07462603234874253,10,0.5604556845448798,0.058173626765880115,10,0.6042127764388463,0.07519845591358144,10,0.1194745772238407,0.02299050450247413,10,0.4957076356918214,0.1214807636097137,10,0.19353451430797577,0.01797744537762611,10,0.6685276806354523,0.10835008778855688,10
nohidden_HO_T20_mixFP,0.65,0.05,3,0.407442261809878,0.04281055492794502,10,0.5728501443041191,0.030219725054073155,10,0.4977601947796149,0.0509074463822898,10,0.6810031499624902,0.03556465534047255,10,0.1977824953295449,0.05077047777583243,10,0.1581859874243765,0.03128321484049656,10,0.4031471716128136,0.042760042764345904,10,0.1975693002343178,0.020984726799147525,10,0.7160186350345612,0.0907612385517585,10
nohidden_HO_T20_mixFP,0.65,0.05,4,0.4842026266684213,0.027180138505940837,10,0.6246128317502593,0.022306787209444456,10,0.5489713009384823,0.05382586718698144,10,0.7335941134061137,0.045810168636935114,10,0.24110464643375146,0.05378979671433329,10,0.13880432855728783,0.03465622369865114,10,0.3502151567950695,0.06573681399574037,10,0.16818259358406068,0.018194935135218224,10,0.5765112221240998,0.07284272337526831,10
nohidden_HO_T20_mixFP,0.65,0.05,5,0.47578409896043083,0.041047037565597286,10,0.6188075064689733,0.03875991622627433,10,0.5294998787240136,0.07214780604630215,10,0.7556618905888104,0.03120210037781457,10,0.24313096128802555,0.0524493381762033,10,0.16837419973570342,0.04075657556594533,10,0.39001301791669307,0.07477278972739301,10,0.17997526228427888,0.02119866109863844,10,0.6561517357826233,0.1147997648763766,10
nohidden_HO_T20_mixFP,0.65,0.05,6,0.4986046549838445,0.06493024609856156,10,0.6346992178318256,0.05176422329936726,10,0.5513820203254097,0.09046294097385801,10,0.7609795336157918,0.02632053272085331,10,0.37407847209493605,0.09289407004473484,10,0.15126413909456096,0.04801764131245676,10,0.3698997165911312,0.09489543403557897,10,0.16979509517550467,0.030378602749374442,10,0.6152871429920197,0.13346927936979747,10
nohidden_HO_T20_mixFP,0.65,0.05,7,0.47308750818124456,0.016719603696458366,10,0.6192737222974017,0.016544267766143365,10,0.525930613230583,0.027435079300159235,10,0.7547044770960192,0.017210768865616295,10,0.4784812843556205,0.08771395926933163,10,0.16776924669189294,0.008732504003292415,10,0.43464871432321106,0.040293517447854685,10,0.18848979026079177,0.012612907048963364,10,0.8201085209846497,0.09910604854717159,10
nohidden_HO_T20_mixFP,0.65,0.05,8,0.6045657672209004,0.02567515956180011,10,0.7100362767167138,0.013652974920349028,10,0.663500518983498,0.021769351454991696,10,0.7647501862486255,0.026823429953649034,10,0.5365595908334285,0.10112244895041697,10,0.08263952494676334,0.014300688329595744,10,0.27845746907140045,0.02990059205493543,10,0.1196739673614502,0.014913313763347527,10,0.41657003462314607,0.04927413990575266,10
nohidden_HO_T20_mixFP,0.65,0.05,9,0.6192143268488071,0.022001230352357962,10,0.716887018081947,0.015112176901364958,10,0.7070721962532108,0.02749791420510838,10,0.7280761130320235,0.02290913461234395,10,0.6397315455056836,0.10153539316404614,10,0.0744246982144684,0.009448020508438494,10,0.2616426703588126,0.04338735105586905,10,0.11341940239071846,0.012417775274903982,10,0.4246687054634094,0.04717171602657188,10
nohidden_HO_T20_mixFP,0.65,0.05,10,0.3116761064813021,0.043254410175613926,10,0.5155721407992064,0.037088435937656726,10,0.40501088081593295,0.046957658308753356,10,0.7157952175020916,0.015798476321808065,10,0.7460957176349752,0.05158262593279279,10,0.2619106368965255,0.03516035535503417,10,0.5763213855280716,0.05122230271986743,10,0.28910577595233916,0.03218518865777478,10,1.5821050882339478,0.23625504688994628,10
nohidden_HO_T20_mixFP,0.65,0.05,11,0.21272891555601045,0.023549580706485017,10,0.4567859297850515,0.03757336532014414,10,0.3482410102214071,0.05011327710176615,10,0.6749664089395926,0.03517355819612706,10,0.4250275955579984,0.06738082536238313,10,0.31651459279038374,0.03279838040503795,10,0.6261469152741065,0.06109220293408199,10,0.3309344738721848,0.025374862949021217,10,1.7170039296150208,0.24591095960192647,10
nohidden_HO_T20_mixFP,0.65,0.05,12,0.4180554975289619,0.05963977267024896,10,0.5805159002166774,0.05614785619603624,10,0.4748242588317562,0.0817813501871042,10,0.7601225441531254,0.025377686206292462,10,0.24497928879597342,0.04157455405165472,10,0.2005608623168059,0.047051730974275,10,0.4054771634777133,0.06227296945077067,10,0.2044779509305954,0.02501673860471666,10,0.6880259394645691,0.07989478032557212,10
nohidden_HO_T20_mixFP,0.65,0.05,13,0.5598157941959357,0.012389527517541184,10,0.6776822081983511,0.02035900626878209,10,0.6167252881140778,0.040216872925611706,10,0.7544174028343926,0.018487282402375144,10,0.46331971809881856,0.04857844100195739,10,0.10485041760741085,0.015783823426828675,10,0.2867233799405978,0.04737903803733301,10,0.14042224884033203,0.00403383623899618,10,0.5005300313234329,0.02707191931073993,10
nohidden_HO_T20_mixFP,0.65,0.05,14,0.430253176986607,0.0350012292410418,10,0.5900487834190338,0.03042050674116255,10,0.47981719538088574,0.04188280437969762,10,0.7704886140898269,0.02429769549188649,10,0.44365174759324477,0.026305320146708135,10,0.18973557563761984,0.02133263165017057,10,0.46936249909146033,0.050762894269017915,10,0.21838503777980806,0.019826017372082283,10,1.1827061355113984,0.3313351537207223,10
nohidden_HO_T20_mixFP,0.65,0.05,15,0.45176697191613674,0.0145995245319243,10,0.6024268970178677,0.02540687444483731,10,0.4803027288861773,0.03987407784806496,10,0.8132530512391695,0.02558363619626951,10,0.38417602004775675,0.026717757224695268,10,0.1938790773916858,0.01495572902634726,10,0.4453531246778426,0.03522127792551665,10,0.21010082811117173,0.008525332184806464,10,0.8486764967441559,0.11038105531800646,10
nohidden_HO_T20_mixFP,0.65,0.05,16,0.626233518353312,0.009806643580622755,10,0.7255722079011219,0.010975814891221774,10,0.6668572753685391,0.027240558343574153,10,0.797069327292462,0.01971505582664157,10,0.504062364471271,0.04206870571087313,10,0.08562454957231258,0.007166734758135295,10,0.29181235828004076,0.02497984503536912,10,0.1154571920633316,0.008508855997756928,10,0.4132387816905975,0.035634469219034695,10
nohidden_HO_T20_mixFP,0.65,0.05,17,0.6558921839542589,0.014646932812161974,10,0.7471463048517238,0.005799271211089209,10,0.6965896912680025,0.01729150235036636,10,0.8063469660404079,0.01685860760788795,10,0.6127466336046542,0.021303278352044912,10,0.07620441835189787,0.007353483771635274,10,0.2897324366640646,0.02097403250315416,10,0.10550445169210435,0.011497759193711092,10,0.3808572977781296,0.049304266232972085,10
nohidden_HO_T20_mixFP,0.65,0.05,18,0.6215842534677355,0.021894751950643616,10,0.7228724714981019,0.009110961269004018,10,0.6595129040104087,0.017034705026110396,10,0.8005320962289035,0.02130113865907415,10,0.6153650422856831,0.02729090036846785,10,0.08867682797678725,0.007458592840181062,10,0.2656233234535587,0.020338187698239862,10,0.12001647427678108,0.014362472318995737,10,0.45689873993396757,0.07476676336015035,10
nohidden_HO_T20_mixFP,0.65,0.05,19,0.6790339495832531,0.019630748827901383,10,0.7632444044994899,0.006681290363020286,10,0.7354847198415351,0.009930410212580707,10,0.7933561630529139,0.011378808351981101,10,0.47948506377186123,0.04160740372780749,10,0.05444463804952173,0.009497288845025294,10,0.1813851587633405,0.011974884903208319,10,0.09425322562456132,0.013040653896809709,10,0.3321356654167175,0.051016681919134825,10
nohidden_HO_T20_mixFP,0.65,0.05,20,0.7043107856780275,0.01197434706100797,10,0.7812615974363382,0.004952699655195412,10,0.7576569605295298,0.012791123192750982,10,0.8067428871828042,0.013388311137214119,10,0.5734221823506299,0.04322099367138272,10,0.046199379184469105,0.0053555739283977525,10,0.2054113043424084,0.01627989124513664,10,0.08495722934603692,0.009679854706042901,10,0.2935197502374649,0.044400652067205164,10
nohidden_HO_T20_mixFP,0.65,0.1,1,0.2332673211643123,0.014749218954493902,10,0.3919678496008304,0.011326465271092812,10,0.46754118379556847,0.04823064197096216,10,0.3404417663898112,0.022725726223163774,10,0.9178433006800677,0.10245624406225011,10,0.15636841700134166,0.01564001566820775,10,0.453387238381653,0.06216672780943187,10,0.21034762114286423,0.017411402064823774,10,0.8026593446731567,0.08781813683762923,10
nohidden_HO_T20_mixFP,0.65,0.1,2,0.32645116096021776,0.05477397415409171,10,0.49087335218550043,0.04368267983574858,10,0.5039995975610898,0.0765132029865421,10,0.48637192393202877,0.05431933526025587,10,0.6386887571780795,0.07357339911745855,10,0.11648601541466308,0.022131526157686394,10,0.46827301451878317,0.13219055308481756,10,0.18638123124837874,0.017449403584133286,10,0.6207593202590942,0.09173835302797008,10
nohidden_HO_T20_mixFP,0.65,0.1,3,0.369562758980103,0.039311815610359804,10,0.5431826291755952,0.024663123036404232,10,0.48766854368152596,0.04456633207707716,10,0.6191472776802012,0.04266511701857492,10,0.272335084350994,0.05108952097780497,10,0.14074690325049627,0.024874819405915953,10,0.43767698497395646,0.04676831999398769,10,0.1998405337333679,0.02094715176277511,10,0.7058928847312927,0.09106628329631525,10
nohidden_HO_T20_mixFP,0.65,0.1,4,0.45892337044904163,0.02547433398816697,10,0.6050698364360944,0.02001511925758985,10,0.5475084165365944,0.04489257250550281,10,0.6842324926223851,0.055459259268886216,10,0.29692385524046727,0.061890118384571945,10,0.12204065648234681,0.02667387530099707,10,0.3721499147352494,0.050766004235156495,10,0.16969096511602402,0.01639854660081593,10,0.5744322031736374,0.06350184401816569,10
nohidden_HO_T20_mixFP,0.65,0.1,5,0.4643179580158191,0.031833150240961235,10,0.610404119652387,0.029982250313272975,10,0.5359460448764249,0.061120717144934646,10,0.7179415852997723,0.03801552265299734,10,0.28266796410504663,0.04999925771479032,10,0.15039196958041762,0.030308413626987014,10,0.4051653514133838,0.05416507960462153,10,0.179198756814003,0.016037654645691787,10,0.6469164669513703,0.09183636879296206,10
nohidden_HO_T20_mixFP,0.65,0.1,6,0.49095704213895763,0.050930720646448865,10,0.6289285745265316,0.041001488241687506,10,0.550475801765653,0.07697072086121899,10,0.7454279002646079,0.041315976086600356,10,0.4030395956096299,0.08073338579302682,10,0.14141365340725026,0.03758718401280655,10,0.38905713768596983,0.07957529782252555,10,0.1686500281095505,0.024774213385248472,10,0.6020655810832978,0.11268379229856706,10
nohidden_HO_T20_mixFP,0.65,0.1,7,0.46825064887427237,0.015708676382255312,10,0.6154505459294977,0.014686039348002606,10,0.5272401063913452,0.03151149398309738,10,0.7421144461752889,0.02413823167098366,10,0.481399289164706,0.077063359320885,10,0.1600547579970889,0.006932859561027109,10,0.4536329861587526,0.03508009042622128,10,0.18662727624177933,0.011085909252318792,10,0.7708459615707397,0.07711113339392628,10
nohidden_HO_T20_mixFP,0.65,0.1,8,0.5887794369786623,0.022567565761359147,10,0.6983872917616969,0.011356427034108283,10,0.6498104385087895,0.024737410019239896,10,0.7567466367014899,0.030841776799321034,10,0.5529507321955526,0.08637050284183764,10,0.08722879596987414,0.012607585901693903,10,0.30777573167177236,0.035970902403799396,10,0.12503109723329545,0.014059770090395043,10,0.43698522448539734,0.049509683009233287,10
nohidden_HO_T20_mixFP,0.65,0.1,9,0.605430997403999,0.02128219601336004,10,0.7068678995132205,0.01193885102078115,10,0.6946495417354431,0.026545209831873313,10,0.7211534391333874,0.028362678787895942,10,0.6382147626006245,0.08899002306633007,10,0.07782687999078715,0.009954425535729871,10,0.2859296747916498,0.03845324171712821,10,0.11776716634631157,0.013439819237605406,10,0.4388245552778244,0.050048381513582464,10
nohidden_HO_T20_mixFP,0.65,0.1,10,0.3341187546996901,0.04137759568096996,10,0.5287392827429926,0.035642083181184295,10,0.42189359058861065,0.04857759264615578,10,0.7153570242382437,0.019998344712705188,10,0.7400478827476908,0.05225033167237785,10,0.24006134568377507,0.031579161253260574,10,0.555325897302777,0.05540214158646847,10,0.2677702397108078,0.028159311984445608,10,1.3106284141540527,0.20203791327209672,10
nohidden_HO_T20_mixFP,0.65,0.1,11,0.22509080809616516,0.026071580905402205,10,0.4634355344082171,0.03835303690502394,10,0.35511775583707195,0.052160409066937426,10,0.6787820724420873,0.03705341566048585,10,0.4152806029033256,0.06422593821656793,10,0.3050986400583694,0.031741140698572055,10,0.6119759303550294,0.06279694733676955,10,0.32180637419223784,0.02274361450247825,10,1.643923830986023,0.19007197221500488,10
nohidden_HO_T20_mixFP,0.65,0.1,12,0.40449009150328036,0.059797018544261026,10,0.5716208008715088,0.056524669950460134,10,0.45868456714756684,0.07984526127157122,10,0.7731531105448648,0.025315582750945177,10,0.24594847896013575,0.046384210312398616,10,0.2140928974081125,0.05052414948656422,10,0.43680477265410633,0.05399023403215053,10,0.21471316814422609,0.028423017962697545,10,0.7145875751972198,0.08504484198773059,10
nohidden_HO_T20_mixFP,0.65,0.1,13,0.5373474432044624,0.01394808122092267,10,0.6623472746986456,0.022839161867195413,10,0.5856061744890296,0.04340361018913504,10,0.7653425379405665,0.017638949361955134,10,0.4406746204281985,0.04818990093213618,10,0.12221838283052913,0.017460620820728582,10,0.33801547210795385,0.04675087511961285,10,0.15055737048387527,0.0048348590052848415,10,0.5285560965538025,0.030618588454693257,10
nohidden_HO_T20_mixFP,0.65,0.1,14,0.430614125855355,0.02908218675579042,10,0.5896011316905715,0.02931187889579095,10,0.47388491142121464,0.041885600954886505,10,0.7853420039943895,0.02750315495649982,10,0.42780525374466044,0.025079386852534944,10,0.19931072981536713,0.01907465478112856,10,0.4499424774147086,0.04741205381706195,10,0.22043675184249878,0.01711411511707262,10,1.06200470328331,0.3068659014444626,10
nohidden_HO_T20_mixFP,0.65,0.1,15,0.4440265082090872,0.014310824872739497,10,0.5965674881465344,0.027153474731441137,10,0.4698530339951784,0.041219807876789846,10,0.8228535947951698,0.0254306994307971,10,0.37781879460538825,0.028222762253143466,10,0.2072058815473011,0.016298148295645132,10,0.49678884538843116,0.042060042678437395,10,0.21515205800533294,0.009946334674211355,10,0.8122111618518829,0.09786201635000957,10
nohidden_HO_T20_mixFP,0.65,0.1,16,0.5890153240270304,0.008523091138005891,10,0.6990410941571554,0.014504569729891833,10,0.6175999847013631,0.032279714301810224,10,0.8074372632736072,0.020985863717785404,10,0.4930864207300285,0.04159798474680253,10,0.11003198628463688,0.008992016859837167,10,0.3618297799879539,0.02768602457708743,10,0.13253496959805489,0.0078068831346420125,10,0.47382729649543764,0.0325141162589473,10
nohidden_HO_T20_mixFP,0.65,0.1,17,0.6174495635555873,0.01031250641517209,10,0.7196156477607184,0.008969441415116845,10,0.6443528517652134,0.023762537996529894,10,0.8161172576621999,0.018377719949662915,10,0.5761008417290814,0.02541586655803028,10,0.10217103788151707,0.007314764446954316,10,0.369621331362908,0.026111854065432552,10,0.1238289013504982,0.010151630353004865,10,0.45630708932876585,0.04469203041494562,10
nohidden_HO_T20_mixFP,0.65,0.1,18,0.592641739097927,0.017330208488386803,10,0.7019940111778312,0.010255139921055265,10,0.6193871725156713,0.02328026961717741,10,0.8115514151929947,0.022947662328687123,10,0.5880168492785482,0.024905097543410606,10,0.11108800645886652,0.006620779043114305,10,0.35062663359194446,0.030606829500870195,10,0.13333323299884797,0.012172157186303774,10,0.49196218252182006,0.060704074807798616,10
nohidden_HO_T20_mixFP,0.65,0.1,19,0.628519533042866,0.013442910713357336,10,0.7277309479197732,0.007659302109434089,10,0.6648742934789331,0.018118861458595252,10,0.804385442031488,0.013820861969161153,10,0.46096811959925404,0.03735052677201036,10,0.08602987705307139,0.006846387822484006,10,0.27165152057115555,0.01911651384765476,10,0.11617127582430839,0.01130891929470647,10,0.41853323578834534,0.047206582354764604,10
nohidden_HO_T20_mixFP,0.65,0.1,20,0.6435529705543088,0.009525349168031197,10,0.7382419682111478,0.008230342632691989,10,0.6748772205525412,0.02218892402755381,10,0.815827188087348,0.018073529414486908,10,0.5171772880925742,0.041762827650554564,10,0.08214022378777178,0.004342888907321319,10,0.31083729996188225,0.02883989184550496,10,0.11033245548605919,0.00902570549232407,10,0.39293029010295866,0.044511189026740165,10
nohidden_HO_T20_mixFP,0.65,0.2,1,0.21863932844273481,0.012249848050189523,10,0.34912526988988907,0.006817747971809233,10,0.4873476473688004,0.054585711102157035,10,0.2746628169029134,0.019568451786338415,10,0.9094712707899568,0.10292399242367134,10,0.14479782451039475,0.012723693434876436,10,0.3568417772113909,0.07934083602289821,10,0.200018410384655,0.016227206384207805,10,0.7224756181240082,0.06122921460442233,10
nohidden_HO_T20_mixFP,0.65,0.2,2,0.2758810499263914,0.04337935372880445,10,0.4117499630679724,0.03334032202362205,10,0.5227912594908026,0.0821226088415675,10,0.346053146477974,0.04333797897786494,10,0.7131361124616349,0.06821886469888506,10,0.12976501446543942,0.020439375842826086,10,0.35707937141993507,0.14743226229356468,10,0.18294790387153625,0.017271461863658858,10,0.6101430714130401,0.07214709552603214,10
nohidden_HO_T20_mixFP,0.65,0.2,3,0.26062354549414335,0.041926095452070405,10,0.4408386761006898,0.02523347272942951,10,0.45610809953317355,0.037391439669014606,10,0.431462360988988,0.045707448565730925,10,0.4561587101692438,0.05015957983698012,10,0.1533468092893686,0.027260316699870488,10,0.4675057376887934,0.06221801860466582,10,0.20484883189201356,0.02588311693783977,10,0.6882500112056732,0.10025889815949197,10
nohidden_HO_T20_mixFP,0.65,0.2,4,0.328918273260997,0.030828980909439474,10,0.48638128339960734,0.02947290680886348,10,0.5185487467214841,0.037687147121383956,10,0.46423225631349085,0.058020659810323096,10,0.4764597971604478,0.08433937917367987,10,0.1321634586821791,0.021757814211310473,10,0.37492426714638016,0.06253803247034431,10,0.18315511494874953,0.021172168709626356,10,0.6183127164840698,0.08326983591083575,10
nohidden_HO_T20_mixFP,0.65,0.2,5,0.32121963761766403,0.032549047865682856,10,0.4854058458758783,0.026733516384514544,10,0.5027810194013891,0.05282883163112436,10,0.4761099868628086,0.05016680673260317,10,0.45735335345714123,0.04780302989772326,10,0.14764014110573018,0.01696447564224148,10,0.43819466299891185,0.0764143184243174,10,0.1945125639438629,0.015579853552274188,10,0.6899270832538604,0.07088727092858117,10
nohidden_HO_T20_mixFP,0.65,0.2,6,0.3554957523425434,0.05733965032835225,10,0.5056984039034184,0.04185543028122163,10,0.540004922549481,0.07702906791237021,10,0.4849470876718742,0.06336854007689866,10,0.5753262167891424,0.07885191506697597,10,0.1373422327050949,0.022623145321445735,10,0.3623683044711713,0.08644129364933624,10,0.1819678321480751,0.02189752314219264,10,0.6580309629440307,0.10101326644559863,10
nohidden_HO_T20_mixFP,0.65,0.2,7,0.33082894422020315,0.040109187027039965,10,0.4933615745294935,0.027105268853158948,10,0.5117759931636559,0.03970608512181828,10,0.4788344781970901,0.038661645527669715,10,0.6315998126399638,0.05604079232364526,10,0.15936545574060704,0.01975161151967157,10,0.4409350566771818,0.04042653782269964,10,0.19710188806056977,0.021460206195198787,10,0.7768540203571319,0.10925353085875213,10
nohidden_HO_T20_mixFP,0.65,0.2,8,0.44187774006628766,0.03596804390076249,10,0.5503804075120013,0.03160744596192765,10,0.6632368010966248,0.03721082095797796,10,0.4748884019498313,0.05559357881487401,10,0.7206595384852679,0.07965282849744972,10,0.11224188638628993,0.02027192240564721,10,0.23592780492509452,0.04712444213251273,10,0.15359334498643876,0.021553497564557277,10,0.5731009602546692,0.08838931112205164,10
nohidden_HO_T20_mixFP,0.65,0.2,9,0.47272071911529545,0.037440872581796,10,0.5664628698784456,0.034087619623819905,10,0.7101255495211506,0.03514395610232071,10,0.4747633744251599,0.05394395189692661,10,0.7720556824635555,0.06789222839018065,10,0.11188317945444477,0.023257768051885595,10,0.22648440949343313,0.03568888894331698,10,0.1473826877772808,0.022278343461717736,10,0.5783838897943496,0.09860113484964456,10
nohidden_HO_T20_mixFP,0.65,0.2,10,0.2509145688105106,0.035645760735499604,10,0.4553076248749459,0.029125792468228304,10,0.41786649095374157,0.04188296717946048,10,0.5067417879066162,0.052606866876492575,10,0.7836146941262896,0.05155443945674923,10,0.2152617726008051,0.02143103613053575,10,0.5829017250736526,0.03247623927725646,10,0.24551311731338502,0.022175668035928454,10,1.0283403396606445,0.19097728315515142,10
nohidden_HO_T20_mixFP,0.65,0.2,11,0.1822408180947036,0.031611749747046135,10,0.42683850159604575,0.03353758932623788,10,0.35129098158960087,0.04931520571681836,10,0.5521458979021847,0.040118322368907444,10,0.48152737544411506,0.047424788615086436,10,0.26460102850786843,0.019823979874849296,10,0.6322872195028025,0.060957654218078784,10,0.29888488054275514,0.014954876078844633,10,1.4604715943336486,0.14455781512741148,10
nohidden_HO_T20_mixFP,0.65,0.2,12,0.32586220575302943,0.06326008943053392,10,0.5168669740854551,0.05380340931097596,10,0.445328931541116,0.07585960793293714,10,0.625834493833279,0.04780403798207229,10,0.36149330552082587,0.061532378369216226,10,0.17980025891038975,0.042297728398509475,10,0.4475560326118095,0.06091827317251495,10,0.21309153884649276,0.025125656330977533,10,0.6936503469944,0.07660481303746126,10
nohidden_HO_T20_mixFP,0.65,0.2,13,0.4488311724243137,0.03224138079364062,10,0.5914577328391396,0.029616305080043346,10,0.5736003931069573,0.050514322544372395,10,0.6138914450117833,0.03686636888695359,10,0.557986986228732,0.057745066131612635,10,0.11186885573342616,0.010402062500536768,10,0.3395924246884932,0.05254730645332029,10,0.16019090712070466,0.009662836329817886,10,0.5513171821832656,0.034372614519421675,10
nohidden_HO_T20_mixFP,0.65,0.2,14,0.3497672839506516,0.017736714807377683,10,0.5317843837068138,0.02729558413177698,10,0.4647514395300226,0.04285439328904264,10,0.6269660501818785,0.04225766367895777,10,0.5171263434006298,0.034196604560873645,10,0.18338608037946483,0.015549372990661229,10,0.48696899968534496,0.047665733593742134,10,0.2189897745847702,0.014708202237258286,10,0.9153542637825012,0.24365292213523612,10
nohidden_HO_T20_mixFP,0.65,0.2,15,0.3855478912495094,0.035048876196577254,10,0.5574710291183023,0.03283732016116509,10,0.48448699056043154,0.04137073557732961,10,0.6598103345516118,0.04285986059404726,10,0.48511413999977276,0.04632157463044674,10,0.17254630002996013,0.014016361759604547,10,0.468520006660157,0.03714221330552971,10,0.19858965128660203,0.016321989869509584,10,0.7072922348976135,0.08268366762703157,10
nohidden_HO_T20_mixFP,0.65,0.2,16,0.4882597827925846,0.03371512192461267,10,0.6162878102204015,0.03316753813080996,10,0.62114803405609,0.032777113622392835,10,0.6128983632095399,0.046022713550118,10,0.6501832416768354,0.03862515556264919,10,0.1093796734362932,0.0083272246486311,10,0.30881274580648804,0.02848664068996794,10,0.1489725813269615,0.011981456088957164,10,0.5574359595775604,0.045380776713177286,10
nohidden_HO_T20_mixFP,0.65,0.2,17,0.524160490143718,0.01931600890670214,10,0.6434972013582367,0.02346818167775412,10,0.64692137412452,0.024854279893612254,10,0.6425452356377105,0.04681758402046318,10,0.6792367622672059,0.03655231215222979,10,0.10802052539233682,0.008947245746452422,10,0.31794825727816534,0.028480318768364477,10,0.14146592020988463,0.011746941030096122,10,0.5453495234251022,0.0505165642355873,10
nohidden_HO_T20_mixFP,0.65,0.2,18,0.5073534806301938,0.022762624170575632,10,0.6326975821005603,0.021759488480976242,10,0.628113043788012,0.02458169331247592,10,0.6395075253471122,0.043019315029860325,10,0.6940167612445957,0.03407543338820519,10,0.10855825883913672,0.01110641701183158,10,0.32442756845326326,0.03444226564388812,10,0.14440916627645492,0.013650223260116954,10,0.5363056272268295,0.05765673533769704,10
nohidden_HO_T20_mixFP,0.65,0.2,19,0.5115224357495298,0.01838528602208414,10,0.6371467125743928,0.02007240975721361,10,0.6253874561939489,0.022860417045004765,10,0.651050852972496,0.03836736134504788,10,0.5588504030436431,0.04576245793230994,10,0.11182356170018973,0.009262878227123718,10,0.31264740255454043,0.020585812106403582,10,0.14684227854013443,0.01284495137592645,10,0.5586801052093506,0.057636402606276574,10
nohidden_HO_T20_mixFP,0.65,0.2,20,0.5166542591759804,0.017311724121515583,10,0.6432196735492002,0.0168832631147193,10,0.617767371215584,0.02451459491933571,10,0.6724830584037605,0.03306976594260624,10,0.5324573970780558,0.04809278918420726,10,0.11497393149072029,0.01102273760838968,10,0.3149843669075332,0.02494947942466113,10,0.14760497361421585,0.013130103872566823,10,0.5633070170879364,0.07022791980752187,10
nohidden_HO_T20_mixFP,0.7,0.01,1,0.23259501590355916,0.018817982520796004,10,0.4139131467300553,0.020612496251088675,10,0.4419852276257247,0.04507203816746639,10,0.39369111738782486,0.03800186261053962,10,0.912249200052441,0.11165954021804625,10,0.17697571710510088,0.029132483797271864,10,0.568209037114153,0.08274404964754088,10,0.22982722669839858,0.01907652283794552,10,0.983404016494751,0.09499345729351781,10
nohidden_HO_T20_mixFP,0.7,0.01,2,0.3420285715493825,0.05760403303015143,10,0.5238267252863161,0.04908709131163367,10,0.4651654042931842,0.06886891670589551,10,0.6079958193284141,0.05807766156127327,10,0.5725683451358407,0.0763896386611647,10,0.150359830503702,0.03014773618047051,10,0.509800994188321,0.11530521664727304,10,0.21075319796800612,0.017690560254091454,10,0.7466176211833954,0.11543284612055309,10
nohidden_HO_T20_mixFP,0.7,0.01,3,0.42515199542834364,0.04253921436469769,10,0.5853625702913654,0.032009221753566346,10,0.5063661621079947,0.05191618858173871,10,0.6995499922135703,0.033013309801915004,10,0.1474327600746247,0.04561367818284054,10,0.16798422963794205,0.028626974662221787,10,0.37734591090719166,0.04651111339975245,10,0.19238944351673126,0.017979888940019385,10,0.6912915647029877,0.07499440271720871,10
nohidden_HO_T20_mixFP,0.7,0.01,4,0.48861208894630526,0.032072345941295134,10,0.6275148679129752,0.02375994677520087,10,0.5568208762172865,0.0561292918921506,10,0.7276304880507135,0.0427344906318632,10,0.22480437653463808,0.0484947455702873,10,0.13695811703456487,0.03522352494571588,10,0.31177269301418054,0.08306324224674942,10,0.16431174278259278,0.019089758797047846,10,0.5651143521070481,0.07552617009465368,10
nohidden_HO_T20_mixFP,0.7,0.01,5,0.4680998676660558,0.04112246358612517,10,0.6131121183638224,0.03863792907510414,10,0.5310105675865311,0.07611150508860565,10,0.7374667925143696,0.03344602851169555,10,0.2400572964164327,0.0507907524999062,10,0.16429761963662393,0.041598783112152704,10,0.3789719174268606,0.0867247819940056,10,0.17779327630996705,0.02054243861149181,10,0.6478608071804046,0.11212921073398364,10
nohidden_HO_T20_mixFP,0.7,0.01,6,0.4923160840661748,0.07156191382422643,10,0.6296365678102493,0.05394057910537313,10,0.5633280441539752,0.09950453976899261,10,0.7268991292552263,0.02160615766727586,10,0.391098622331539,0.09831492792483187,10,0.14062627550478338,0.04930194266045742,10,0.3306727874889664,0.10353677825132049,10,0.16734542995691298,0.030828921638722216,10,0.6163683742284775,0.13807770447482054,10
nohidden_HO_T20_mixFP,0.7,0.01,7,0.46611133244160347,0.020105151432375835,10,0.6141033853716396,0.018145931112957012,10,0.5351024932142634,0.026698312075107436,10,0.721703517409095,0.016980876358381195,10,0.5148806778963121,0.09537183344660982,10,0.15825482205477415,0.01065800992041201,10,0.3892164993576178,0.03342342931206379,10,0.1855170473456383,0.014385334650965248,10,0.8363187789916993,0.10771766671955783,10
nohidden_HO_T20_mixFP,0.7,0.01,8,0.603567819402469,0.02961168324379629,10,0.7064887537768547,0.015758705098824006,10,0.6922256331524455,0.025444365747246733,10,0.7222508013902751,0.022822104640205575,10,0.57115131556885,0.11055534617866256,10,0.0678210851057176,0.014338682021740568,10,0.21477098492652766,0.02766734756608905,10,0.11569071486592293,0.016213350177301675,10,0.4043402999639511,0.05329622045133368,10
nohidden_HO_T20_mixFP,0.7,0.01,9,0.6127850251898058,0.024194333818342073,10,0.7079444048990766,0.01722661269355074,10,0.7274666254552518,0.029770278722893662,10,0.6902595600514593,0.020312654804512827,10,0.6743184492191998,0.10380835053667797,10,0.06994921147738231,0.009513768144770505,10,0.21942620277030817,0.04629585206920888,10,0.11257728561758995,0.01258767555722684,10,0.42206627428531646,0.0473158654440121,10
nohidden_HO_T20_mixFP,0.7,0.01,10,0.28668825435018347,0.04328069278945789,10,0.5002770346730262,0.03764923936859163,10,0.3929704820994147,0.046936676398190866,10,0.694669185528099,0.013356392022941619,10,0.7738100343197326,0.050674938375254434,10,0.27445804324686457,0.03698864983669043,10,0.6081432782781031,0.05334164485860532,10,0.3031276106834412,0.03400950285627493,10,1.7856924891471864,0.258733320604056,10
nohidden_HO_T20_mixFP,0.7,0.01,11,0.2022708309596672,0.019319943653342136,10,0.4504358455852696,0.03498618063930122,10,0.34448588890029846,0.046757440770722955,10,0.6605959108957554,0.03397338627635358,10,0.4503066798339884,0.06889287532816586,10,0.3163292825679673,0.030442938556011278,10,0.627010166809584,0.05915180658669978,10,0.33197951018810273,0.024606940196671413,10,1.703691792488098,0.23764034140244764,10
nohidden_HO_T20_mixFP,0.7,0.01,12,0.4336908719676438,0.0569272976668037,10,0.5905284837056625,0.05251009849516821,10,0.4991418078025144,0.08344121631940819,10,0.7349994274424666,0.02702268465319131,10,0.2666593674878221,0.043923695729589644,10,0.1747529210273796,0.042574210352806105,10,0.36476743002376943,0.07322685262956266,10,0.18979798257350922,0.021764145137403875,10,0.6404589295387269,0.07571427400629448,10
nohidden_HO_T20_mixFP,0.7,0.01,13,0.565803934528746,0.011157898760704938,10,0.6800921466672735,0.017611703828067697,10,0.6423611561008299,0.03952970202368191,10,0.7248298715136989,0.020947475523148705,10,0.5112745405805732,0.05360752987020338,10,0.08652643671420002,0.01078422585610661,10,0.26086369107421725,0.04500551140570424,10,0.13450270742177964,0.0041700259798876215,10,0.4854467898607254,0.022187343859379396,10
nohidden_HO_T20_mixFP,0.7,0.01,14,0.4124222640684029,0.03289536804230113,10,0.5783810108300771,0.02931531588208025,10,0.48012048217459746,0.04307964787227569,10,0.7315209729557638,0.01898230521745496,10,0.47220644915696824,0.025368883860822262,10,0.17944537501506355,0.02228559481513768,10,0.5015768498219259,0.056600680979465766,10,0.21923363208770752,0.01912520862636102,10,1.292526239156723,0.3179160211690524,10
nohidden_HO_T20_mixFP,0.7,0.01,15,0.44216174313032025,0.01415858234144579,10,0.5975118445355774,0.022686953763758788,10,0.48795761331231213,0.037985100344394715,10,0.7750717428274936,0.023810955800983198,10,0.4085788667746111,0.025147045034197582,10,0.17585204399137236,0.011882840560171061,10,0.44045355846586365,0.0455897988309482,10,0.2069203168153763,0.007792899401921275,10,0.8856474399566651,0.10667621343283441,10
nohidden_HO_T20_mixFP,0.7,0.01,16,0.6491647685314362,0.010497242357902727,10,0.7392637688499969,0.008912517780290874,10,0.7274512661023383,0.02255548248356791,10,0.7522576889208468,0.016852240144323086,10,0.5512339526777352,0.04469667480367213,10,0.05338597562319709,0.005878661514715185,10,0.1848249450508371,0.015428473684420987,10,0.10224957242608071,0.009396668905698591,10,0.3629633545875549,0.038036561430058215,10
nohidden_HO_T20_mixFP,0.7,0.01,17,0.6752262020967588,0.01739599568782452,10,0.7583219456050477,0.005476477193501462,10,0.7535953106706363,0.013424077859272713,10,0.7635457353916071,0.01562884971378241,10,0.6826031111115483,0.01950624984081124,10,0.052405874024922736,0.010646520933710291,10,0.18239610385698485,0.01228590396532427,10,0.09400339052081108,0.013071649984971461,10,0.3363457292318344,0.05614663706012018,10
nohidden_HO_T20_mixFP,0.7,0.01,18,0.6251898659030468,0.025573624597191178,10,0.7235309402406368,0.010180985757099794,10,0.6983223227214567,0.013882602560466273,10,0.7510184862333629,0.01786986137180961,10,0.6583827063607353,0.03268581175276888,10,0.06699598074462633,0.012270520893477216,10,0.20093622520193904,0.02450619621269995,10,0.11384692639112473,0.016676547421782817,10,0.4539553552865982,0.0885553529760743,10
nohidden_HO_T20_mixFP,0.7,0.01,19,0.7008725816087248,0.024739991552293318,10,0.7733000982372615,0.00991227904221511,10,0.8078524065052882,0.01391111972017394,10,0.741639386873454,0.008351904090579723,10,0.5223023919792018,0.047239383677043105,10,0.026925432179571634,0.011297999074331792,10,0.06223850210475168,0.017434124667841753,10,0.08341435492038726,0.014212995788095418,10,0.2940621718764305,0.053188793890328954,10
nohidden_HO_T20_mixFP,0.7,0.01,20,0.732075625601129,0.013340341357503067,10,0.7967741364212761,0.004507215414028133,10,0.8303710484097081,0.0037652477031726176,10,0.7658552274585168,0.008962493530858907,10,0.6622097001321208,0.03957591207717759,10,0.02175792823584833,0.007504963010584516,10,0.07105357865507143,0.008714552950959149,10,0.07316917330026626,0.009963754727415555,10,0.25024548918008804,0.043696279951544466,10
nohidden_HO_T20_mixFP,0.7,0.025,1,0.23014591487022645,0.017935551334407735,10,0.4080686200730611,0.020198257190724243,10,0.44441185014124374,0.04508125184236569,10,0.38136295670767895,0.036174982600374515,10,0.9131731858330692,0.10994212517011,10,0.17239645695162795,0.025842019568566334,10,0.5594388183639871,0.08727384207865502,10,0.22707734256982803,0.01844719329234192,10,0.9511120021343231,0.09228239382032516,10
nohidden_HO_T20_mixFP,0.7,0.025,2,0.3407372132631151,0.05878693319641236,10,0.519942218602321,0.04917473637459828,10,0.4734405968972869,0.07041591926993657,10,0.5846581171813306,0.05728356168304139,10,0.5827734233872193,0.07682490901298908,10,0.1383622922652765,0.02640073534057809,10,0.5113293331033952,0.115865278172002,10,0.20584629774093627,0.017471586154802383,10,0.7220513224601746,0.11198797617308198,10
nohidden_HO_T20_mixFP,0.7,0.025,3,0.41657700427398725,0.040592859471928824,10,0.5789546970043403,0.03075568404137278,10,0.5038701006405103,0.051129466706628046,10,0.6863702864793751,0.03440237629916936,10,0.16447761262222507,0.047984470379829905,10,0.16208636774286247,0.028893500173664436,10,0.3859958546936581,0.04330069175344515,10,0.1941368654370308,0.01803025470603596,10,0.6971762478351593,0.07637085098149397,10
nohidden_HO_T20_mixFP,0.7,0.025,4,0.48655752684868564,0.029809632884257642,10,0.6261744985939913,0.022841888638037953,10,0.5546626231380088,0.053914233172548516,10,0.7273569262089978,0.0430519137622293,10,0.23497202615403873,0.0506265686221776,10,0.13566698274335912,0.03414163964861725,10,0.32471227842072536,0.07451414240202452,10,0.1652176558971405,0.018245719248184945,10,0.5659947693347931,0.07186926891719432,10
nohidden_HO_T20_mixFP,0.7,0.025,5,0.4736540760247956,0.039079386504108325,10,0.6171879955727906,0.03740941955763174,10,0.5331344378382662,0.07199916036205145,10,0.7437114320448286,0.031549757424535065,10,0.24139069837238294,0.05081420602480054,10,0.1631950191744212,0.03941802611878351,10,0.3740249729265862,0.07944589024888692,10,0.17688977122306823,0.019515759713655725,10,0.6424766600131988,0.10677396493755278,10
nohidden_HO_T20_mixFP,0.7,0.025,6,0.49850231301665743,0.06593350068428051,10,0.6344021129295008,0.05128200631091924,10,0.5601539410901941,0.09274755207599492,10,0.7440855730026057,0.0235657904479529,10,0.38662810041727097,0.09551149792287439,10,0.14229729237840374,0.04686032096213334,10,0.34247351917381447,0.09559510148765822,10,0.16663297414779663,0.029489022184969068,10,0.6065922409296036,0.13176983551207214,10
nohidden_HO_T20_mixFP,0.7,0.025,7,0.47297618562738786,0.017542163071099334,10,0.6190129709485297,0.01706905100349689,10,0.5340075820311185,0.027122015606573978,10,0.7377100783798102,0.01695430692278844,10,0.501283557757404,0.09200854719964402,10,0.15922063173672377,0.008303702662813295,10,0.40082931742948863,0.03401862392634415,10,0.18496056497097016,0.012908389299389976,10,0.817406290769577,0.0982743494716856,10
nohidden_HO_T20_mixFP,0.7,0.025,8,0.6074826015150622,0.02639295085289891,10,0.7109452857134648,0.013596438554452849,10,0.6809639813228391,0.02097160351358505,10,0.7445681311414605,0.02399689477471038,10,0.5600873147336729,0.10313863333887417,10,0.07287256465174737,0.012912247163090541,10,0.242656011533065,0.024923465728456707,10,0.11616430059075356,0.015122921320664017,10,0.40390704870224,0.049603048882228704,10
nohidden_HO_T20_mixFP,0.7,0.025,9,0.615924554441098,0.021956473888091174,10,0.7121801792754454,0.015049767644942185,10,0.7194107618224168,0.02550260702526912,10,0.7059642089561823,0.02250315199848654,10,0.6594361213318594,0.09848480641319382,10,0.07085475810057491,0.008157921561704692,10,0.23632256615014402,0.04145049787928998,10,0.11250760033726692,0.012339219391720111,10,0.4195362091064453,0.04586149081912259,10
nohidden_HO_T20_mixFP,0.7,0.025,10,0.30144493417150264,0.04276203330338968,10,0.5093420873819288,0.03726040393556817,10,0.399746574010812,0.0468281921549746,10,0.7082858720108911,0.014222259485065109,10,0.7684763074217839,0.05214111880167505,10,0.2679651531095847,0.03593198030780932,10,0.5929846127290992,0.052234913407356726,10,0.2959911674261093,0.032935445955254904,10,1.680644166469574,0.24726258393537773,10
nohidden_HO_T20_mixFP,0.7,0.025,11,0.20818037001682604,0.020043432615957087,10,0.4540360594862835,0.03583480663974539,10,0.3465617689844379,0.047624034529443124,10,0.6684436358549762,0.03422220961446593,10,0.4403240744325852,0.06834035080603061,10,0.31530692065795785,0.02966117554105521,10,0.6245673370362178,0.06047940758137415,10,0.33032928705215453,0.023022469197549668,10,1.693696129322052,0.22117159337207717,10
nohidden_HO_T20_mixFP,0.7,0.025,12,0.4281866053057823,0.057639692916782906,10,0.5870177967171307,0.05371355670966969,10,0.4896128618707146,0.0833527563119267,10,0.7458671362759485,0.02644027865669917,10,0.2578795493263295,0.042007310544578166,10,0.18393969280973527,0.044527553901155065,10,0.38007156300617184,0.06832694280717339,10,0.19505053758621216,0.02282527561488244,10,0.6557761192321777,0.07544180523171734,10
nohidden_HO_T20_mixFP,0.7,0.025,13,0.5631118746380686,0.010659711234972634,10,0.6789803074194893,0.017749550059811717,10,0.6324462271304653,0.03944711357457928,10,0.735326256386484,0.02072807156826204,10,0.49718079219889244,0.05040925707942059,10,0.09278074272313894,0.011887916398537805,10,0.2704076502628426,0.04570953715591938,10,0.13681597858667374,0.00396999366116427,10,0.4927787333726883,0.024122956896087087,10
nohidden_HO_T20_mixFP,0.7,0.025,14,0.4185441617632534,0.03363846610821373,10,0.5824798971897714,0.029654872416687246,10,0.4802912822900394,0.042635112976079755,10,0.744280481540626,0.0215427428527964,10,0.4646069662446113,0.02367452204400858,10,0.18249130569288485,0.021361967810077053,10,0.48878916534423206,0.0566525345569942,10,0.21859699487686157,0.01899312191891979,10,1.2455934405326843,0.32110467489983446,10
nohidden_HO_T20_mixFP,0.7,0.025,15,0.4441310088544451,0.014529619657934253,10,0.5984185785142441,0.023245692947198568,10,0.48386751893317986,0.038174666209417465,10,0.7889183075987154,0.025406900367471744,10,0.40120863694753395,0.025176272810536183,10,0.1830079886152818,0.012460855079022424,10,0.43070581291022536,0.03571861210665682,10,0.2086394876241684,0.00777576843154177,10,0.8672321140766144,0.1019387060532648,10
nohidden_HO_T20_mixFP,0.7,0.025,16,0.6391710547553628,0.009470040293562585,10,0.7335254797630775,0.009007380616832376,10,0.7031665847845255,0.02403648405940575,10,0.7676462753705258,0.01830839734506335,10,0.5349384271529949,0.04219301680774305,10,0.06448744013064377,0.00516114209191465,10,0.22365499045139603,0.018246072389754748,10,0.10696985274553299,0.008967903221620154,10,0.3785291850566864,0.0371235551149059,10
nohidden_HO_T20_mixFP,0.7,0.025,17,0.6660929728388847,0.016375384589641342,10,0.7531407631969068,0.005154146677055914,10,0.7300567530998655,0.014759609969942375,10,0.7782883924659033,0.016621785405706038,10,0.6602323329135031,0.019943698976584337,10,0.06102206074688521,0.009460991281258775,10,0.2236064367540478,0.013842895050353864,10,0.09853877723217011,0.012636168065183327,10,0.3530716419219971,0.05494696812100012,10
nohidden_HO_T20_mixFP,0.7,0.025,18,0.6217504213522026,0.024530541649166928,10,0.7220945922801906,0.009593444642173186,10,0.6827084296849175,0.014005070091580443,10,0.7668179596962408,0.01950515789825951,10,0.6414523674848718,0.03002330183532986,10,0.07449999472758573,0.010537259898100896,10,0.215346559256589,0.01846811096945526,10,0.11638563871383667,0.01604433835301721,10,0.4542215824127197,0.08417686147060968,10
nohidden_HO_T20_mixFP,0.7,0.025,19,0.6895836686030739,0.022721869828575318,10,0.7676662234482547,0.00851823850216117,10,0.7785394514515278,0.010467314762276947,10,0.7571660170166841,0.009978812883881692,10,0.5089106860569585,0.0443626721337733,10,0.035324303913564684,0.01086808341517036,10,0.09990616415566159,0.011130294400986588,10,0.08777364119887351,0.013935809898672614,10,0.3085813134908676,0.0531746327422199,10
nohidden_HO_T20_mixFP,0.7,0.025,20,0.7184340281357424,0.013540574497601625,10,0.7891910728264953,0.004582407557502075,10,0.798445135707808,0.00699923025056957,10,0.7802909039107234,0.010836848743280633,10,0.6372032137645641,0.03850407446612352,10,0.029543783663185396,0.007014893269249084,10,0.12634236436205848,0.007749480540855071,10,0.07797490805387497,0.010158820754934473,10,0.26637996435165406,0.04490479228269675,10
nohidden_HO_T20_mixFP,0.7,0.05,1,0.2240171942441199,0.01618106743343077,10,0.39691929869103487,0.01942814735953331,10,0.44616861014616677,0.04536034056063777,10,0.36105258625248327,0.032808753111945116,10,0.9153765055423856,0.10710501821138131,10,0.1667419128657789,0.02022376071964317,10,0.5420075582212945,0.08773316631811881,10,0.22318876087665557,0.017462855115369602,10,0.9044470191001892,0.0880669238945598,10
nohidden_HO_T20_mixFP,0.7,0.05,2,0.3306056699409215,0.05840051953093307,10,0.507128557391846,0.048000094026642785,10,0.4806168909721501,0.07255106335316946,10,0.5444482970803911,0.05535699012345398,10,0.6003351982988099,0.07635642079176945,10,0.125180376498599,0.02261979033132187,10,0.5110770484765632,0.11775670258538244,10,0.20001611858606339,0.01740086957889094,10,0.6884401559829711,0.1057969325134773,10
nohidden_HO_T20_mixFP,0.7,0.05,3,0.39819763427764615,0.036906114840919726,10,0.565160157680195,0.027527774018094916,10,0.4976663341301668,0.0479923467316638,10,0.659736161950889,0.03694245481147703,10,0.19795868455769755,0.05049564694633497,10,0.15124559389984918,0.02787558638549021,10,0.4068927614643581,0.04602767552268018,10,0.1968339666724205,0.017924398051455036,10,0.702784126996994,0.07724911168841407,10
nohidden_HO_T20_mixFP,0.7,0.05,4,0.4773137077465844,0.027614010567189755,10,0.619471552282594,0.021625123682803515,10,0.5508945925055444,0.05004768259002162,10,0.71554654701715,0.046290183300465956,10,0.2578217526759288,0.05464609464710256,10,0.13058762638070254,0.03129057064286038,10,0.3418031246999572,0.055957483548779705,10,0.16702637374401091,0.01695387336319897,10,0.569614464044571,0.06647945394133374,10
nohidden_HO_T20_mixFP,0.7,0.05,5,0.4762301239564792,0.03540956445266202,10,0.6191145646268843,0.03438531482487261,10,0.536821335508056,0.06561824272262179,10,0.740594139539349,0.03169625476668037,10,0.2510288739399615,0.050149177713122495,10,0.15828491095808686,0.03495167534112211,10,0.36410682549015083,0.06093846210123663,10,0.17663620114326478,0.017082622793321903,10,0.6394013702869416,0.09592116702327311,10
nohidden_HO_T20_mixFP,0.7,0.05,6,0.5012546731958276,0.05699665103699147,10,0.6364404864190418,0.04605774949772812,10,0.5555624329540678,0.08323598726600656,10,0.7569028912679141,0.029969472564782513,10,0.3887921346182958,0.08885540033659682,10,0.14358420504866848,0.04245942585093164,10,0.36069889232505414,0.08589157888377892,10,0.16682296693325044,0.02710012078629919,10,0.6003593891859055,0.12276941907198209,10
nohidden_HO_T20_mixFP,0.7,0.05,7,0.47559477252288174,0.01479816458097381,10,0.6207133012039308,0.01594831530420584,10,0.5307608173155901,0.029148658060475754,10,0.7495804786237797,0.020122323527053558,10,0.4872381894102184,0.08664747654057726,10,0.16070714370422473,0.006983644021337224,10,0.42089859862996837,0.03914526490511454,10,0.1856386035680771,0.011156926677829847,10,0.7953930139541626,0.08395022197532909,10
nohidden_HO_T20_mixFP,0.7,0.05,8,0.6025173602819549,0.023209105098819537,10,0.7083791344606121,0.011883669678377336,10,0.6626016063174887,0.019844674968907287,10,0.7621035728408024,0.026657822625836727,10,0.5497764727703395,0.09190843552290713,10,0.08164643285454085,0.011828387809809413,10,0.2814506545606028,0.02835639586325096,10,0.12004473581910133,0.013903746456385322,10,0.41775108873844147,0.04729044008644225,10
nohidden_HO_T20_mixFP,0.7,0.05,9,0.6123611927067995,0.01895343355710338,10,0.7112484901357711,0.011722554060534119,10,0.7052883330125577,0.022601388859909605,10,0.7184796712178063,0.025985285192769346,10,0.6424690928847909,0.08946894721908288,10,0.07415800945156083,0.006873136715190924,10,0.26464044896316025,0.0316478329313362,10,0.11484110876917838,0.01211928272359303,10,0.4270942836999893,0.04430641031230806,10
nohidden_HO_T20_mixFP,0.7,0.05,10,0.3184821662827499,0.041878968660613025,10,0.51965231036773,0.03663778928164939,10,0.40851566411081414,0.04712442495802312,10,0.7207090546954055,0.015837447089989902,10,0.7627831789884154,0.053938097510563124,10,0.25822766791077234,0.03412041228274682,10,0.5713505190437973,0.049090267138964784,10,0.28551551699638367,0.031031641150895663,10,1.524349296092987,0.22880990452959737,10
nohidden_HO_T20_mixFP,0.7,0.05,11,0.21558650841359328,0.021922023663719238,10,0.45835734385503724,0.03693520574702617,10,0.34957785898805155,0.048960944447431966,10,0.6761201271802746,0.03507246959390985,10,0.42904253056681635,0.06673961595639026,10,0.31232110595354184,0.02888617591087192,10,0.6204460298975563,0.06050599312811281,10,0.32736234962940214,0.020900381042876375,10,1.6718392252922059,0.19055141227361666,10
nohidden_HO_T20_mixFP,0.7,0.05,12,0.417475039040274,0.05999244794272703,10,0.5800435192992714,0.0558801144752151,10,0.4754388225669386,0.08348557793248255,10,0.7582204220004939,0.02595399103568414,10,0.24847301601836547,0.042917300271610476,10,0.19662904417228572,0.047628890792874266,10,0.4025015401627776,0.06228833804086364,10,0.20354090481996537,0.025464178661850956,10,0.6806587934494018,0.0774025843274976,10
nohidden_HO_T20_mixFP,0.7,0.05,13,0.5536549716918792,0.010659388276724833,10,0.6730873333791522,0.018890963831301507,10,0.6144946150141413,0.04039688798571477,10,0.7467007919521288,0.020057638778582756,10,0.47505487989861106,0.04598441547607569,10,0.10359169690333483,0.013394539970067343,10,0.28949471301047736,0.044243547859258756,10,0.14199606329202652,0.00385723872941996,10,0.5091156512498856,0.028239510096151995,10
nohidden_HO_T20_mixFP,0.7,0.05,14,0.4231660651000958,0.03228908217261055,10,0.5853571246490455,0.029544445718070033,10,0.4780666571979036,0.042185207160902044,10,0.7594012332148495,0.0245278748976741,10,0.45114473005573996,0.02173570879041278,10,0.18850031439550893,0.01965393398631731,10,0.4740455512686853,0.053183161765120175,10,0.21908775717020035,0.018050462710677603,10,1.1749316513538361,0.31906693015081344,10
nohidden_HO_T20_mixFP,0.7,0.05,15,0.44259951727559843,0.014256311807380795,10,0.5967518361682754,0.024298973099855913,10,0.47645038377351484,0.03877033337811282,10,0.8036506274841765,0.02629292210753881,10,0.3913013994698168,0.025435361073669015,10,0.1939371278166358,0.01340151091609984,10,0.44399800929835875,0.03341980198302777,10,0.21232454031705855,0.007938558118810704,10,0.8429648399353027,0.09479109709575782,10
nohidden_HO_T20_mixFP,0.7,0.05,16,0.6187656831697358,0.007289099601794628,10,0.7199844102605463,0.010364595015467456,10,0.6665082649967061,0.027502520882818376,10,0.7842636363519312,0.01972682210361444,10,0.5147876997966685,0.040282056929247766,10,0.08211935440759685,0.005558907944578396,10,0.28117954315783883,0.022782319638412478,10,0.11634735465049743,0.008184272126907826,10,0.4104078680276871,0.035310427002726366,10
nohidden_HO_T20_mixFP,0.7,0.05,17,0.6462181924554954,0.014323662439759752,10,0.7399276573147947,0.005854970831797742,10,0.6934246766997804,0.01853799794116702,10,0.7939603348063525,0.017979936655185623,10,0.6278665784966531,0.01972603977243515,10,0.07660132431019154,0.007998469322929193,10,0.2834639696253335,0.01746882671271288,10,0.10797523409128189,0.011774956013007765,10,0.38943191766738894,0.05251865130302559,10
nohidden_HO_T20_mixFP,0.7,0.05,18,0.6094425125047815,0.021868035714300564,10,0.714022277755235,0.008804857940434039,10,0.656103556780026,0.01680213379371076,10,0.7840028606921007,0.021535135372691666,10,0.6161197366919788,0.02681788919470782,10,0.08822034623581,0.008461027890380063,10,0.26243981267482724,0.019342105470781107,10,0.12271380722522736,0.014761279295103865,10,0.46549072265625,0.0763632471810379,10
nohidden_HO_T20_mixFP,0.7,0.05,19,0.6651558433607219,0.019027676097907627,10,0.7524467668893249,0.006463047759910194,10,0.7318045825014361,0.01091504340361193,10,0.7745158990245876,0.012068808201606317,10,0.4893014665551344,0.04038530681618536,10,0.052745240867496754,0.009513391654984082,10,0.1628053201815622,0.010666239221158674,10,0.09749218225479125,0.0132176822435384,10,0.3430017679929733,0.052387690711734,10
nohidden_HO_T20_mixFP,0.7,0.05,20,0.6892930176645354,0.012730985564376419,10,0.7702498517855232,0.005282147330058064,10,0.7459398776892782,0.013146867582469355,10,0.7965927757821613,0.014223042932213938,10,0.598040452359512,0.03695985964799295,10,0.04799414268774077,0.005690590180142878,10,0.20746534062626062,0.014899688672828652,10,0.08894139528274536,0.010087035266303297,10,0.3045432150363922,0.0458538728478435,10
nohidden_HO_T20_mixFP,0.7,0.1,1,0.20833051825664795,0.013597242475605072,10,0.3713833976199078,0.016774248677339565,10,0.44587561047896707,0.046959375861090176,10,0.32106451781544915,0.025996512415579535,10,0.9191079496821549,0.10192952721664662,10,0.1605483581196933,0.01348616749374964,10,0.4949974727335055,0.06312259266183592,10,0.21670751869678498,0.016378246677203143,10,0.8320682525634766,0.08083215515887554,10
nohidden_HO_T20_mixFP,0.7,0.1,2,0.29695879047418117,0.05230696292109894,10,0.4677851710546583,0.0421679222565401,10,0.4832753456992974,0.07444104924438012,10,0.46067634697730175,0.05081443942931991,10,0.6374419152919225,0.07528782108396913,10,0.12359311081421509,0.022388890098921133,10,0.49333338601283183,0.12435499915964271,10,0.19401505440473557,0.017022051425165264,10,0.6449525892734528,0.09051257741048979,10
nohidden_HO_T20_mixFP,0.7,0.1,3,0.34706554167918074,0.03754952755164956,10,0.5251286639771788,0.023809258969816716,10,0.4789816224823641,0.042530509996192484,10,0.587115885301522,0.04421459468150309,10,0.27602480017494496,0.049158913957102056,10,0.13880016473980167,0.020363578144785236,10,0.4489701609811835,0.04720156851501961,10,0.20228418856859207,0.019167251333134443,10,0.7031736731529236,0.07946374031719387,10
nohidden_HO_T20_mixFP,0.7,0.1,4,0.43868810997701174,0.029088362030565546,10,0.5890149530900464,0.02231086713380745,10,0.543594238084268,0.041744112843502885,10,0.6499331996299136,0.056384559060190735,10,0.315324369822922,0.06169124791621432,10,0.11599582452790173,0.023558932121853584,10,0.3702846242048406,0.048837839811674444,10,0.17153985798358917,0.016681490899218224,10,0.5769213855266571,0.06240645884460934,10
nohidden_HO_T20_mixFP,0.7,0.1,5,0.44714373491787496,0.026857874899768226,10,0.5969403071388865,0.02524830214344383,10,0.5367628040891618,0.05610352834423722,10,0.6806376433324782,0.04244495993227489,10,0.30258907464222484,0.045836699780878794,10,0.13923593059772182,0.024076888646860577,10,0.4010782964280216,0.049564833467083305,10,0.17895266860723497,0.013240726119890512,10,0.6378951907157898,0.0755956521592032,10
nohidden_HO_T20_mixFP,0.7,0.1,6,0.4755041745248457,0.04954065626337415,10,0.6171794485842111,0.037969848014322224,10,0.5521509523794221,0.07366320614903095,10,0.7108262228512394,0.04730462802772653,10,0.4283552726420086,0.0774280554447188,10,0.13196365024656426,0.032267873526943096,10,0.3741138434687338,0.07501860439736907,10,0.1685491219162941,0.022913654976721973,10,0.5983825117349625,0.10443790459674163,10
nohidden_HO_T20_mixFP,0.7,0.1,7,0.4559432194215837,0.018440556221874425,10,0.6060561837436573,0.013496039144314614,10,0.531260760096412,0.03172112698106676,10,0.7085873371868574,0.028714253465278068,10,0.5032390934684841,0.07662116670457633,10,0.1513127347654623,0.006301753112145761,10,0.4348681757589309,0.034338513424137865,10,0.18531061559915543,0.0117949252056725,10,0.7523900032043457,0.07427037151862259,10
nohidden_HO_T20_mixFP,0.7,0.1,8,0.572242058962394,0.025225177841354657,10,0.6846585037559183,0.013054134000167753,10,0.6532328079894849,0.025748644397951548,10,0.7215397767748,0.03560972322868157,10,0.5772678306429949,0.08046640338658398,10,0.08434754639172312,0.011296030756881318,10,0.28974365998656804,0.034853219209329066,10,0.1273365758359432,0.014841496355106731,10,0.44511145949363706,0.05348347328562416,10
nohidden_HO_T20_mixFP,0.7,0.1,9,0.5872569610079441,0.02167473103010129,10,0.6901938814498323,0.011737960518962243,10,0.6987236122257636,0.024017247315213562,10,0.6837532275960875,0.03367154292449303,10,0.6544914465851284,0.07765680855068893,10,0.07871675690238165,0.010682259988919847,10,0.2692318937623449,0.034469333653029545,10,0.12103907093405723,0.014323108430975033,10,0.4492643892765045,0.05335084108423244,10
nohidden_HO_T20_mixFP,0.7,0.1,10,0.3271495659142119,0.04037994537852707,10,0.5237013369788012,0.03414779911440098,10,0.42248095897010335,0.048829281341554356,10,0.6964650230718192,0.0245970730975551,10,0.7612892859034328,0.054171123127925026,10,0.2362719039013549,0.030499645707678893,10,0.5554367436025187,0.04800785906245758,10,0.2655968591570854,0.026942821816413613,10,1.2769443571567536,0.20219184894426995,10
nohidden_HO_T20_mixFP,0.7,0.1,11,0.21997886465556632,0.024314846997161695,10,0.4597783294289474,0.0366431391693913,10,0.35437813846180577,0.05051474341471653,10,0.6656785123213336,0.03779732429898443,10,0.4244173829705634,0.0631050713681398,10,0.2989910671562661,0.02715656504303457,10,0.6074449485295673,0.058536170110193055,10,0.31817313432693484,0.018172351718678263,10,1.599617874622345,0.1436835733735252,10
nohidden_HO_T20_mixFP,0.7,0.1,12,0.3982331966560201,0.06015767652511738,10,0.5677116255276221,0.055595880701205115,10,0.46028733852137904,0.08144743711194978,10,0.7560693623254036,0.02777555291023075,10,0.2574787787285049,0.048196220364504105,10,0.20404526595138886,0.05029471635004244,10,0.4305141925346083,0.055638635568222614,10,0.21230536997318267,0.02825909469244707,10,0.700780200958252,0.08255523871613693,10
nohidden_HO_T20_mixFP,0.7,0.1,13,0.5276044366419826,0.012899500898082403,10,0.6549168094994124,0.021303870378771086,10,0.5883152936783511,0.045414560895045156,10,0.7421262296936603,0.020664381221128007,10,0.46333191506099186,0.048551955827619925,10,0.11538701067874206,0.015018532848278147,10,0.33279770129731917,0.046889906109355325,10,0.1509556442499161,0.0048509029072526045,10,0.5312840074300766,0.031703813265285305,10
nohidden_HO_T20_mixFP,0.7,0.1,14,0.41788137492912336,0.025495491053538048,10,0.5815326147258727,0.02783171078791547,10,0.473360627526447,0.04274326684754339,10,0.759349981608667,0.027806202302574017,10,0.44265346921747567,0.02384418892154188,10,0.19323096424229957,0.017644632887673067,10,0.45948520605992876,0.05001050282469774,10,0.22028410583734512,0.015627566038330726,10,1.0574859201908111,0.29355545009169176,10
nohidden_HO_T20_mixFP,0.7,0.1,15,0.4315640221240969,0.014496807805310282,10,0.5894693790751169,0.02540766378132612,10,0.46863934913366956,0.0398700280732766,10,0.7999233444105239,0.026759211161865137,10,0.39174898067236547,0.02695072693537533,10,0.2013500471765995,0.013800199512793862,10,0.4825290383622942,0.04081255682646542,10,0.21484899669885635,0.009206587940753965,10,0.7984755396842956,0.08461035768987042,10
nohidden_HO_T20_mixFP,0.7,0.1,16,0.5803062664531039,0.006727835116544693,10,0.6928044697413493,0.013651900079210365,10,0.6251668934366283,0.03246875215129353,10,0.7789928615441071,0.021497753117425588,10,0.5142728738685849,0.039725668789901476,10,0.10041251226996224,0.006553122737569788,10,0.3322947875702571,0.027753223164190734,10,0.13136836662888526,0.00784098339236541,10,0.4634713172912598,0.03367093867498966,10
nohidden_HO_T20_mixFP,0.7,0.1,17,0.6087810130332698,0.01002716068239247,10,0.7133042478746885,0.008071245722377825,10,0.6515460657719818,0.024278618902538837,10,0.7894038742391725,0.02005373298539693,10,0.6043654588118905,0.024325882802974624,10,0.0965436160627536,0.007970222567353222,10,0.34014818641614636,0.023284483170516547,10,0.12359339371323586,0.010708709239417687,10,0.4539323478937149,0.04851400979720444,10
nohidden_HO_T20_mixFP,0.7,0.1,18,0.5806168535884724,0.017713106973636265,10,0.6935324916963789,0.00948697492492597,10,0.6244434678908282,0.022561672019333293,10,0.7812330923759163,0.023069875322217413,10,0.6012249278420614,0.02507218263153021,10,0.10471840203395699,0.007764191694377542,10,0.3285112408354021,0.027663546719445167,10,0.1337011732161045,0.012994058882917067,10,0.4928095996379852,0.06364341084403584,10
nohidden_HO_T20_mixFP,0.7,0.1,19,0.6143761734171632,0.01363107239032954,10,0.7169784468383029,0.007240983760823675,10,0.6693775449377639,0.01836157487504571,10,0.7725463415116806,0.014454806506110888,10,0.4807520706109969,0.0369773165980626,10,0.07945113354056513,0.007132024682191475,10,0.23651823271590017,0.01621601536469228,10,0.11749628931283951,0.011838140944048864,10,0.42173796594142915,0.049673095033827226,10
nohidden_HO_T20_mixFP,0.7,0.1,20,0.6310504915436242,0.0102419179175333,10,0.7290678444042015,0.007782150947032561,10,0.6751180927285556,0.02194144520362538,10,0.7934794487402088,0.0189900400227366,10,0.5526639672095119,0.03590725815758946,10,0.07877491025520884,0.005113352453098753,10,0.29042476380776544,0.02724740231359933,10,0.11198943182826042,0.009601576355928081,10,0.3936850786209106,0.046216465732327135,10
nohidden_HO_T20_mixFP,0.7,0.2,1,0.17611747727900157,0.008165844688003287,10,0.31312420342465297,0.009245512805835163,10,0.4449748941113092,0.05060362835488847,10,0.24392558417146182,0.01850593196208502,10,0.9150242898689889,0.10052978263616694,10,0.15669408639427712,0.012335069418285523,10,0.4119740651203408,0.08015281139651102,10,0.21015505790710448,0.01634570446357142,10,0.7685005724430084,0.06204067246705514,10
nohidden_HO_T20_mixFP,0.7,0.2,2,0.22536328758643415,0.03855185233812364,10,0.36537285191390567,0.02938941201504387,10,0.482313712220695,0.07847609112212493,10,0.3000759183950148,0.03852508006410593,10,0.7176376840798447,0.06923668521809649,10,0.14293696737629438,0.020697495540556977,10,0.39077911048642794,0.15086406939851962,10,0.19401728063821794,0.017615766248955233,10,0.6512668013572693,0.07458653232598994,10
nohidden_HO_T20_mixFP,0.7,0.2,3,0.2109204234964383,0.04378833454283426,10,0.3940561082354347,0.028830200810410152,10,0.42659969073284837,0.034201746694842,10,0.3706787183891731,0.04685330941917382,10,0.46867083438475865,0.05021247745455456,10,0.16453510306567842,0.02919875487671129,10,0.49878384415907995,0.06270243678147015,10,0.2135492146015167,0.026923527465804176,10,0.7185254752635956,0.10466770286443841,10
nohidden_HO_T20_mixFP,0.7,0.2,4,0.26923188349984617,0.03273528849498055,10,0.42590341116340646,0.03191166812703513,10,0.4912056256036591,0.03721702714895271,10,0.3813687772833556,0.0530419131757083,10,0.5108205823459507,0.08883586296803117,10,0.14525137564904161,0.024781824283142198,10,0.3903986605654841,0.06763264641544367,10,0.19357482641935347,0.023611952621283662,10,0.6634354293346405,0.09666588740516638,10
nohidden_HO_T20_mixFP,0.7,0.2,5,0.24927204584425677,0.0326343468477092,10,0.4110214483414515,0.029094824917803346,10,0.47183682157690904,0.05423339669369126,10,0.3707573116156532,0.049070763797208136,10,0.5048529220021942,0.05456879307195405,10,0.16345692520990254,0.019088786787726943,10,0.4458032574724237,0.08821100939839494,10,0.20640153288841248,0.01752478795912405,10,0.7495294332504272,0.08229604723783031,10
nohidden_HO_T20_mixFP,0.7,0.2,6,0.27036336323164345,0.06022423194947392,10,0.4111156758423175,0.04446521751787129,10,0.5124424859117627,0.08720662234394555,10,0.351731049181604,0.05809206973726914,10,0.6396321967714153,0.08745329786016832,10,0.1571760041202826,0.02615488571612557,10,0.3738514279043846,0.0984987522293924,10,0.19795248061418533,0.02383327996016969,10,0.7464072704315186,0.11773521438917056,10
nohidden_HO_T20_mixFP,0.7,0.2,7,0.23102980286431776,0.04278693241720846,10,0.38421434685830025,0.029401168057991183,10,0.4717656065099482,0.04945896106359506,10,0.32641936312238184,0.03431529266293305,10,0.7056120673734673,0.05364718568832016,10,0.1824479160099463,0.02524186856115275,10,0.47621053485952763,0.07940724535772413,10,0.21525428742170333,0.02561836218215912,10,0.8951613485813141,0.137011975367038,10
nohidden_HO_T20_mixFP,0.7,0.2,8,0.33073742149292173,0.03760313497547128,10,0.40644363275191964,0.04424379963968612,10,0.6530872182837941,0.04333027538576885,10,0.29939958695939783,0.05381648047739446,10,0.7948803504197017,0.07323940210770803,10,0.14717815961236427,0.026922132865657682,10,0.26559333035207494,0.03234550857015194,10,0.17957006692886351,0.026492458072695305,10,0.7214544534683227,0.12561740651459563,10
nohidden_HO_T20_mixFP,0.7,0.2,9,0.36190105425732405,0.03843346848097847,10,0.41965459211843303,0.04743329992663178,10,0.7085921038276246,0.03532648685993977,10,0.3013970129142028,0.05229489435213573,10,0.8399891687028743,0.04836931048766112,10,0.1483164055713809,0.029352112043044585,10,0.2597825257877997,0.0418532958025081,10,0.17556001842021943,0.027284951447201403,10,0.7466769456863404,0.14056286411608537,10
nohidden_HO_T20_mixFP,0.7,0.2,10,0.1346573145225902,0.03282931005902601,10,0.34954316681020925,0.029120895747624942,10,0.355898730338455,0.039850472238875154,10,0.3483578569044886,0.04530229611552146,10,0.8325052327196529,0.052374349516885965,10,0.24368203238075092,0.02573024057642791,10,0.6717888197789741,0.0409204623481988,10,0.26883609890937804,0.026056624428760788,10,1.1806239187717438,0.24067902955382528,10
nohidden_HO_T20_mixFP,0.7,0.2,11,0.09565629541003662,0.029229410929504804,10,0.35519263635739945,0.029931070815084834,10,0.31152548945988556,0.04497954679122565,10,0.4192519235239576,0.037308042449342146,10,0.5313749116260307,0.04456671654773332,10,0.2702299307315419,0.013713038406640577,10,0.7283062653779587,0.05715437446068584,10,0.3092202037572861,0.011728819715178732,10,1.5221117854118347,0.1456189509665187,10
nohidden_HO_T20_mixFP,0.7,0.2,12,0.22752972072189886,0.0637756477693381,10,0.4269597179228663,0.053467241323692495,10,0.4182004931655344,0.08053222279659106,10,0.44412634539636836,0.05499132456154508,10,0.42784865904902175,0.06649669409333314,10,0.17006556681724766,0.03378352992195583,10,0.45837085903957775,0.08141324066392625,10,0.2191164657473564,0.021622798043360703,10,0.7246564626693726,0.07292928786186072,10
nohidden_HO_T20_mixFP,0.7,0.2,13,0.35325382959240115,0.03766897493689887,10,0.4829007839378482,0.03622730858385105,10,0.5783168464287008,0.058055580836225265,10,0.41802638087661687,0.04625237326585832,10,0.6682836663694983,0.05731841656807292,10,0.12190709456250474,0.014474102705691454,10,0.29624717216310215,0.04840040706288912,10,0.17360051423311235,0.014290782491515924,10,0.6244557619094848,0.06142620177415284,10
nohidden_HO_T20_mixFP,0.7,0.2,14,0.21090087210972502,0.02345048560399104,10,0.4063206309563606,0.03378668820417577,10,0.41329731802523695,0.04366885280292587,10,0.40463357155742774,0.05204831707160038,10,0.6131527023904136,0.04327577224739048,10,0.204088542931066,0.015143295413220074,10,0.607039639959709,0.07909327482529438,10,0.24137360900640487,0.01515413424504246,10,1.0665125668048858,0.24997069759101753,10
nohidden_HO_T20_mixFP,0.7,0.2,15,0.24937744497434652,0.04093962163119073,10,0.4325400343927476,0.039319422007544166,10,0.4467570704283517,0.0430152105161335,10,0.4221139911117702,0.051095947023758075,10,0.5859824230469012,0.05029427088842421,10,0.17940813777500372,0.020189980787616014,10,0.4733662727362855,0.06214702031997474,10,0.21529919654130936,0.02129839475997593,10,0.7990518808364868,0.10754873905432205,10
nohidden_HO_T20_mixFP,0.7,0.2,16,0.351389554585966,0.042380972488832984,10,0.445446767506844,0.05273101763739724,10,0.6373907419641693,0.041078090062589986,10,0.3447643148434133,0.05676830358136413,10,0.779642370671421,0.03804965908034645,10,0.14280519216124182,0.017436646180794567,10,0.2555430905294285,0.029091830045073763,10,0.17747751623392105,0.01758890714662448,10,0.7438576936721801,0.07797949741883652,10
nohidden_HO_T20_mixFP,0.7,0.2,17,0.4008214890973373,0.027252467247222526,10,0.4843230383033193,0.046841228794155816,10,0.6902488878940793,0.02704489748332114,10,0.37671618122851924,0.058107798004383725,10,0.8165417508076542,0.03564514028727133,10,0.13677708977668893,0.01857651512582791,10,0.2525019663480704,0.022775614695574167,10,0.1662555754184723,0.017660277093231647,10,0.6991503715515137,0.08828687849501882,10
nohidden_HO_T20_mixFP,0.7,0.2,18,0.36244263786309183,0.03459074868158672,10,0.458228197693347,0.04773004127441158,10,0.6432470248918412,0.027462077726569358,10,0.35955958639589386,0.058539183174074125,10,0.8162814979830024,0.035763989311257814,10,0.14137311014261666,0.02145418712862334,10,0.2775427897345456,0.025367529575757025,10,0.1734933525323868,0.021050075276561914,10,0.6983099162578583,0.09941879776935018,10
nohidden_HO_T20_mixFP,0.7,0.2,19,0.38390613421619824,0.023946891202791313,10,0.4903953362731164,0.03453441487898255,10,0.6380685837040728,0.025109869760319387,10,0.40092448077257403,0.04791980940966202,10,0.6891154870376777,0.05099183590691537,10,0.1379357905051679,0.018232531022167053,10,0.279174194713428,0.013891548628732901,10,0.1704743266105652,0.01923615219812683,10,0.6883609354496002,0.0983424088536685,10
nohidden_HO_T20_mixFP,0.7,0.2,20,0.40962050864914,0.021542540868568005,10,0.5218785599097957,0.026716969029876438,10,0.6412548511092607,0.025517280141877662,10,0.44220086399570013,0.04148724152352587,10,0.668481333703974,0.04498336474579818,10,0.13033021195194297,0.02027854707943218,10,0.2714551994492719,0.019326174233215743,10,0.16388505846261978,0.019606645864809372,10,0.6345934271812439,0.10675877473369748,10
nohidden_HO_T20_mixFP,0.75,0.01,1,0.21926699918629106,0.022429487523583057,10,0.40326840758650445,0.027970274779213787,10,0.4312907650815374,0.04517183533179424,10,0.3830755223337163,0.04449221228965669,10,0.9123369381362879,0.11146622743337879,10,0.17490055201142998,0.02538948153891279,10,0.600638129784201,0.07421854975229317,10,0.2323787048459053,0.018162070163921667,10,0.9963923811912536,0.08819714204621514,10
nohidden_HO_T20_mixFP,0.75,0.01,2,0.3235427773275029,0.05519410878309151,10,0.5120615836090885,0.04834997437725039,10,0.45082780464717825,0.06647077350429391,10,0.6005225795697934,0.05549535656350785,10,0.566069767387893,0.07746423224766233,10,0.15855821138699236,0.03016859059517446,10,0.5200419112779502,0.11359621758678055,10,0.2174448177218437,0.01707394614336448,10,0.7665943682193757,0.11178241375296674,10
nohidden_HO_T20_mixFP,0.75,0.01,3,0.42213321389448266,0.03646642176233174,10,0.5821653451536479,0.029768656753226454,10,0.5101678792786803,0.05065547855316989,10,0.683653096808716,0.034368497590335716,10,0.14480347312576752,0.04545358748466197,10,0.16229499518097856,0.027221883987199807,10,0.3704814428048761,0.048841062098127046,10,0.19077623933553695,0.015338898204075913,10,0.6774625360965729,0.06613716288802517,10
nohidden_HO_T20_mixFP,0.75,0.01,4,0.48604950710886785,0.03236681498861909,10,0.6254158331135734,0.02290069535932465,10,0.5613184221802273,0.053146572256609105,10,0.71378258446089,0.04151844703936868,10,0.23950719238100895,0.05013551478643125,10,0.1287751278241628,0.03266062066732279,10,0.3038169063735259,0.07886438872006174,10,0.16221262365579606,0.01803053231354285,10,0.5548177301883698,0.06962461134608623,10
nohidden_HO_T20_mixFP,0.75,0.01,5,0.4707552709453376,0.03641410376456258,10,0.614948197900204,0.035067163410120644,10,0.5379669437052119,0.06945238839598233,10,0.7276471316026412,0.03174932466133485,10,0.24544566744561186,0.04938007451615537,10,0.1552254430187089,0.03671542315796705,10,0.3551386702975824,0.07384157991107052,10,0.1739100456237793,0.017559213812315774,10,0.6304061353206635,0.0973754763002544,10
nohidden_HO_T20_mixFP,0.75,0.01,6,0.49886514448735875,0.06396354842234746,10,0.6341519000267455,0.04879863146712546,10,0.5689833376745194,0.09183455133123666,10,0.7278870235352255,0.02232439696673835,10,0.4033968916145937,0.09526304609621046,10,0.13212455958256053,0.043483151497166604,10,0.3193180487149486,0.09205672366995757,10,0.16318663507699965,0.027681401131436342,10,0.595402181148529,0.12740278091498505,10
nohidden_HO_T20_mixFP,0.75,0.01,7,0.473154999174768,0.018114571388844203,10,0.6186227063172554,0.017517137689858756,10,0.54239759486243,0.02744624451186682,10,0.7211498439105809,0.017781098971543733,10,0.5227538937129578,0.09290320806232559,10,0.1497146500718459,0.008121039152613488,10,0.37931352658662276,0.03289216843648539,10,0.1812553346157074,0.013112689298903,10,0.8072469532489777,0.09555494635650752,10
nohidden_HO_T20_mixFP,0.75,0.01,8,0.6089512343407042,0.026276154838356502,10,0.7104572072622568,0.012457067240769363,10,0.6957793848436469,0.020344843797740535,10,0.7265389354986593,0.021986710277340758,10,0.5850222260745311,0.10181653430292929,10,0.06540513525184768,0.012044520996319613,10,0.21611720194658365,0.02253659458912869,10,0.11374142989516259,0.015257513370307492,10,0.39525501132011415,0.049921193975788244,10
nohidden_HO_T20_mixFP,0.75,0.01,9,0.6111598608715983,0.02279636792240122,10,0.7062115315804578,0.01506502477324656,10,0.7289920291727877,0.024946500350718888,10,0.6855934069052351,0.022404958345407587,10,0.6781122208806747,0.09363996509573112,10,0.06896403757631396,0.008684070880350598,10,0.2169641926311153,0.03936391289103387,10,0.11254822686314583,0.012821948213456323,10,0.4183331787586212,0.04656556149630783,10
nohidden_HO_T20_mixFP,0.75,0.01,10,0.29710778149859807,0.04192090127348429,10,0.5066519557557526,0.037447276005737704,10,0.3977878077123823,0.046977901633633024,10,0.7040839193664781,0.01303476293414984,10,0.7888130355360279,0.0516321755967137,10,0.2703183525992122,0.03616299350106709,10,0.6022699861238031,0.05270347699342844,10,0.298994579911232,0.033081818371952024,10,1.7274436831474305,0.2517829154052823,10
nohidden_HO_T20_mixFP,0.75,0.01,11,0.2057869406708243,0.01755659585030328,10,0.45257519622925635,0.034634333499782545,10,0.3457259782816272,0.04574045796052231,10,0.6644882179742725,0.03329015821431314,10,0.45460288866818976,0.06723295672377166,10,0.3135316158638674,0.026694683299938276,10,0.6206593802840221,0.060507500899303866,10,0.3292201071977615,0.020523522198292184,10,1.6688852429389953,0.19410983645553348,10
nohidden_HO_T20_mixFP,0.75,0.01,12,0.43307675946413393,0.05585472056438267,10,0.590010994109444,0.05159026046831357,10,0.4983051845106525,0.08425705236201715,10,0.7361799731431757,0.02732272509291189,10,0.27204282742070324,0.04325472417378091,10,0.17307682203604907,0.04268799447073656,10,0.3634395531609719,0.07259861669977855,10,0.18976640552282334,0.02166332264970195,10,0.6371825397014618,0.07199607745420193,10
nohidden_HO_T20_mixFP,0.75,0.01,13,0.5614838027602624,0.010253727444437602,10,0.6769895239134198,0.01586368894561795,10,0.6387375497605821,0.03867146954426401,10,0.7226231043311735,0.023113516497300833,10,0.5225476095913837,0.05054868416315795,10,0.08801659866648492,0.008493533892453636,10,0.26653309215445997,0.04309433965770246,10,0.13610109835863113,0.004719808728906931,10,0.4941246509552002,0.02339654893278587,10
nohidden_HO_T20_mixFP,0.75,0.01,14,0.4075362587582793,0.031779145247232334,10,0.5749763068857054,0.02891334666517438,10,0.47851691094642856,0.043346663148874635,10,0.724610329079272,0.020287375115824128,10,0.47963405403795756,0.02077990722896114,10,0.1798282313785311,0.020651425961546028,10,0.5046839011764942,0.057797308203784536,10,0.21985216438770294,0.017792308324431152,10,1.2806076884269715,0.3109067099859892,10
nohidden_HO_T20_mixFP,0.75,0.01,15,0.4340494511225376,0.014341579728141592,10,0.5922312999936088,0.02190602106286808,10,0.483491308344837,0.03711961329668396,10,0.7686607864026004,0.025192532067358556,10,0.4155895996573533,0.023294354043523126,10,0.1776317363897128,0.011065154718149088,10,0.44694387835989635,0.047400262385202244,10,0.2095070242881775,0.0076256996992530805,10,0.8807552993297577,0.09208797611558968,10
nohidden_HO_T20_mixFP,0.75,0.01,16,0.6406851396590931,0.009224444356268074,10,0.732551010478051,0.008410533257076221,10,0.7242437629319263,0.022937101075430406,10,0.7419143649233425,0.017659014954687656,10,0.5603061335128932,0.04143258662162123,10,0.053112410335739726,0.0057578617744086765,10,0.18223828338669104,0.01431135361272337,10,0.1039429023861885,0.009379769677130535,10,0.36462005972862244,0.03972868225807306,10
nohidden_HO_T20_mixFP,0.75,0.01,17,0.6647304454487111,0.016802957863720963,10,0.7502146788458754,0.0051591014807249695,10,0.7476052095541313,0.014175075595287811,10,0.753368181283154,0.0169609960231141,10,0.6944084937794546,0.017725089842374458,10,0.05504194832253643,0.011411789298947496,10,0.18515917338612425,0.010654091931121086,10,0.096927972137928,0.013316493298431082,10,0.3465848624706268,0.05913322029749898,10
nohidden_HO_T20_mixFP,0.75,0.01,18,0.6128911732412021,0.02549925132427649,10,0.7139687102590255,0.00992163583174062,10,0.6937713236826362,0.01323287318005393,10,0.7357854062836362,0.018429441244358493,10,0.6600797823895554,0.030818219826684767,10,0.06842933039974095,0.013260972200614072,10,0.20596385315910998,0.02461541605289839,10,0.11668552458286285,0.01706675050914929,10,0.46140151619911196,0.09037496588607126,10
nohidden_HO_T20_mixFP,0.75,0.01,19,0.686579538902681,0.02379278845868084,10,0.7609839149417417,0.009364881992446887,10,0.8048293819318291,0.012962017670621617,10,0.7217385410891255,0.009158611575882502,10,0.5308917602861541,0.045210112780641,10,0.027373938831408012,0.010637651816078444,10,0.0595398879385056,0.014222525417271552,10,0.08697441294789314,0.014359164676394214,10,0.30620851218700407,0.054499446882693835,10
nohidden_HO_T20_mixFP,0.75,0.01,20,0.7176404590550913,0.01397623241905491,10,0.7856375618894554,0.004937629637132837,10,0.8205957985414125,0.004349474519203861,10,0.7536159490103284,0.009761575354596408,10,0.6839011420572841,0.03348756297132635,10,0.022883659784631007,0.007893250452984203,10,0.07198048938337195,0.008741389025169351,10,0.07672875523567199,0.01039446103356751,10,0.2612875416874886,0.04561307079685334,10
nohidden_HO_T20_mixFP,0.75,0.025,1,0.21433116598733282,0.02130298329783994,10,0.3952585666550131,0.027221000076233823,10,0.43168196341487974,0.04529260172574639,10,0.36854195427895753,0.041962845165841964,10,0.913730265279294,0.11012459932384165,10,0.17098881102585417,0.022307908517184023,10,0.5949057050494291,0.07767669103278617,10,0.23028793036937714,0.01756879565757908,10,0.9665037453174591,0.084522152181762,10
nohidden_HO_T20_mixFP,0.75,0.025,2,0.3208717063341051,0.05636708983476022,10,0.5068008753219017,0.048322530676071715,10,0.458576127829388,0.06799886544946278,10,0.5737878168906402,0.05433091517584018,10,0.5777444816958346,0.07762381905492889,10,0.14580696166013546,0.026332764574198503,10,0.5233715165207304,0.11322398315598364,10,0.21263061314821244,0.016778327553437652,10,0.7425988674163818,0.10853387920976815,10
nohidden_HO_T20_mixFP,0.75,0.025,3,0.4105794362802599,0.03459388788352684,10,0.5735756370716347,0.028371562561227342,10,0.5057270127992874,0.049404251877800745,10,0.6682514277549271,0.03556894171709164,10,0.16321433292533247,0.048350621134295606,10,0.15605167976681192,0.027234700060624808,10,0.3848463072374435,0.05238622484670204,10,0.19317310005426408,0.015452451080644188,10,0.6846122801303863,0.06692797779270745,10
nohidden_HO_T20_mixFP,0.75,0.025,4,0.48140738777985914,0.03069364230509871,10,0.6222161676004774,0.022514814563609615,10,0.5576498444542268,0.050972141840183886,10,0.7110667103746859,0.042089020121190264,10,0.251511521118465,0.052771396386046734,10,0.1277212739315575,0.031056449173595183,10,0.3179543204564795,0.06601891527321205,10,0.16378293931484222,0.01724220012023422,10,0.5586067467927933,0.06666155939258275,10
nohidden_HO_T20_mixFP,0.75,0.025,5,0.4762019036850508,0.03471567290117125,10,0.6189081812636985,0.03381377473789118,10,0.5414929302595323,0.06542750670657632,10,0.7310637346497516,0.03066068015988117,10,0.2491513672911439,0.04918547650811974,10,0.15336772512232016,0.034105455066126125,10,0.3440348400585157,0.06569570382712532,10,0.17329305708408355,0.01621759051653705,10,0.6258665919303894,0.09056720827516683,10
nohidden_HO_T20_mixFP,0.75,0.025,6,0.5032752134441612,0.058302568467623196,10,0.637639795354709,0.04592047591000738,10,0.5654443108777256,0.08521026179048576,10,0.7422181521588254,0.025666520235836873,10,0.40143371086849367,0.09130180191949172,10,0.13432561932632642,0.04109619369900916,10,0.3312473791076366,0.08478780495073004,10,0.16310643777251244,0.02642256969767459,10,0.5897208273410797,0.12219440733452476,10
nohidden_HO_T20_mixFP,0.75,0.025,7,0.4774917107823599,0.016572206751501194,10,0.6218403091077377,0.016542413969566537,10,0.5398065262826658,0.02827718811222444,10,0.7350308627727399,0.019115433428746966,10,0.5097031361050394,0.09026963420603333,10,0.1519852519794646,0.007390365403073043,10,0.38985276277484865,0.03221338974085827,10,0.18166426867246627,0.012150541065383488,10,0.791927719116211,0.08837694350292107,10
nohidden_HO_T20_mixFP,0.75,0.025,8,0.607962098539374,0.024402194039089893,10,0.7112471286818265,0.011412547346700695,10,0.6810528730909354,0.01817733597320959,10,0.745099650821331,0.02383351357067714,10,0.5724961064808587,0.09521979310844668,10,0.07202641012170322,0.011310980818856006,10,0.24673446205501767,0.022201695969531546,10,0.11584869921207427,0.014577671394437313,10,0.40197322368621824,0.04873064429485433,10
nohidden_HO_T20_mixFP,0.75,0.025,9,0.6113509128305072,0.020492742324658877,10,0.7082350956153582,0.012673066829558462,10,0.7188383984527209,0.021121733251500095,10,0.698866731909501,0.024993883851268606,10,0.6621589598435005,0.08787862215868963,10,0.07059203150179225,0.0076014580822075534,10,0.23719632304272223,0.03157021855417361,10,0.1133545033633709,0.012596799096321568,10,0.41950308084487914,0.045461747883372566,10
nohidden_HO_T20_mixFP,0.75,0.025,10,0.31015690484436004,0.04122948797773464,10,0.5146404270681546,0.03689620254136487,10,0.40378224884450775,0.04682202662525841,10,0.7160760344932543,0.014131571397754892,10,0.7836645881826576,0.053545658666001916,10,0.26426879819408816,0.034901689531429865,10,0.5876197946962071,0.05105746364858863,10,0.292274272441864,0.03185743158357511,10,1.6238860011100769,0.24085727592434697,10
nohidden_HO_T20_mixFP,0.75,0.025,11,0.21148275949354778,0.018792509744106616,10,0.45598588440252213,0.035494225556176,10,0.347834709559231,0.046602469066886205,10,0.6714241713207927,0.03382698253753971,10,0.4458875597412744,0.06651726467706294,10,0.3120746462334637,0.02587704714766542,10,0.6173427245699279,0.05998467013817248,10,0.3272962301969528,0.01869951725590189,10,1.6561973333358764,0.17418339004260294,10
nohidden_HO_T20_mixFP,0.75,0.025,12,0.4267201748561904,0.057268731807061456,10,0.5859463848451048,0.053136287950476646,10,0.4884578049665026,0.08431495708342857,10,0.7461819429544726,0.02720583788333263,10,0.2633116405392054,0.042611826061718566,10,0.1820214686351956,0.04478964875365002,10,0.3780467688618293,0.0681726825393998,10,0.19520870000123977,0.02309093245660427,10,0.6532028913497925,0.0722587866909299,10
nohidden_HO_T20_mixFP,0.75,0.025,13,0.5576074579363592,0.010026375211727081,10,0.6749661993937868,0.016327594083893702,10,0.6285799003159271,0.03902390949889341,10,0.7313958366098573,0.02292636586904504,10,0.5078834054485483,0.04730460548646949,10,0.09409541286753563,0.009652193867062698,10,0.2752701106402411,0.04304863509724157,10,0.13872482031583785,0.004510607040039489,10,0.5027562350034713,0.026039062200015135,10
nohidden_HO_T20_mixFP,0.75,0.025,14,0.4126635853866404,0.031925072621775345,10,0.5784488506513666,0.02907618029030762,10,0.4783226028232592,0.04286565576378841,10,0.7361413664485846,0.022557372939398936,10,0.4720839905979168,0.020217029596222198,10,0.18260628158284478,0.01971647326883749,10,0.49299617087887426,0.057624104741117184,10,0.21943258941173555,0.017525639181137947,10,1.2347013771533966,0.31262622840731985,10
nohidden_HO_T20_mixFP,0.75,0.025,15,0.43560912377072886,0.014548395298140948,10,0.5929586688539168,0.022345454639523806,10,0.4794787915620541,0.03717379495165139,10,0.7816581420639104,0.02638566429802206,10,0.4088032243862038,0.024154090810512265,10,0.18447011092923696,0.011323420560932098,10,0.4357375962182319,0.037158089418990126,10,0.21122904866933823,0.00755255034871779,10,0.8619989156723022,0.08722502588992136,10
nohidden_HO_T20_mixFP,0.75,0.025,16,0.6299441845749157,0.007726952097484104,10,0.7264198291023847,0.008602050023038831,10,0.6996267863890206,0.02448022735639765,10,0.7564401516468472,0.018948913147181806,10,0.5453337247984947,0.040333262067823256,10,0.06379369618840078,0.004635226750837619,10,0.21954784710839736,0.01777958837841841,10,0.10884656682610512,0.008968855853594302,10,0.3807720184326172,0.039077755517220064,10
nohidden_HO_T20_mixFP,0.75,0.025,17,0.6548625579914027,0.016003555340498642,10,0.7446366370087553,0.00495501959242549,10,0.7237309390973625,0.015488455693383292,10,0.7674267881056818,0.01773496180978554,10,0.6724574293752321,0.018009186908374216,10,0.06347817008476044,0.010292900215966136,10,0.22444935412620456,0.01068039512315614,10,0.10172776058316231,0.012933201794799716,10,0.36439714431762693,0.058225655092483154,10
nohidden_HO_T20_mixFP,0.75,0.025,18,0.6089970849801378,0.024315424532467572,10,0.7124273241102678,0.009235849564466415,10,0.6778220989645111,0.013339044851371084,10,0.7512753025498418,0.019702966679671117,10,0.6426673660443993,0.029489007281192345,10,0.07557699178113592,0.011588392822623722,10,0.22041866270020435,0.018054909226856538,10,0.11938790827989579,0.016423733438089057,10,0.4627652257680893,0.08596919669062487,10
nohidden_HO_T20_mixFP,0.75,0.025,19,0.6748813056010723,0.0217790036538245,10,0.7555485636217606,0.00794865595244849,10,0.7743681201615967,0.010021133846491602,10,0.7377224816269063,0.010594780478449651,10,0.5189329755306451,0.04305822339673923,10,0.03484652654804703,0.010657245597627143,10,0.09528271024042903,0.0124997215269039,10,0.09140073135495186,0.014097953974613713,10,0.3209760129451752,0.05455398420156801,10
nohidden_HO_T20_mixFP,0.75,0.025,20,0.703432052400375,0.014207956704193975,10,0.7779361154789488,0.0049800001992987885,10,0.7872629962047253,0.007378610370940737,10,0.7689877790020212,0.011557980066090604,10,0.6591489251146203,0.032705220561483096,10,0.031064917661588316,0.007432249421911164,10,0.1286685323206715,0.007724097809439745,10,0.08179898336529731,0.010593766079895697,10,0.27795483022928236,0.04671690216206415,10
nohidden_HO_T20_mixFP,0.75,0.05,1,0.20475339368596662,0.019659639962480605,10,0.3810482230270955,0.025950220352631986,10,0.4303995643776143,0.045884615119473934,10,0.34530643592900484,0.03758600610560733,10,0.9154556545561116,0.10738805265926041,10,0.16675995026385815,0.017449699590645417,10,0.5801121486891936,0.08414114150742596,10,0.22737016081809996,0.016730445013109677,10,0.9226900100708008,0.07982675154392005,10
nohidden_HO_T20_mixFP,0.75,0.05,2,0.30816968050169363,0.055893630746507585,10,0.4913184315181273,0.04694611024204183,10,0.46460308908475695,0.07032645139353337,10,0.52829721682199,0.05167841886674104,10,0.5952820446233031,0.07807007896130831,10,0.13167375458645103,0.022338353818544206,10,0.5260717773242156,0.11467083032305807,10,0.20696278512477875,0.016678882617744382,10,0.7098177373409271,0.10292600389536626,10
nohidden_HO_T20_mixFP,0.75,0.05,3,0.3848834681284127,0.032832764687264517,10,0.5544877837992506,0.025684251257296155,10,0.49447612102637467,0.046453851964041164,10,0.6368070722500996,0.037859609529790665,10,0.19702226867551864,0.050157116166179565,10,0.1457334703986141,0.02522695481629817,10,0.4137245829848627,0.04812617023372242,10,0.19740744233131408,0.015658197023064185,10,0.6943472325801849,0.06717768900856434,10
nohidden_HO_T20_mixFP,0.75,0.05,4,0.4672054870514362,0.028418116906648392,10,0.6117580543653961,0.021281970562018065,10,0.5514369368690714,0.0459219415203852,10,0.6935460659976286,0.04547138182612827,10,0.27305924979020085,0.05591421864589557,10,0.12294412576210823,0.027811670068914007,10,0.33734225878103763,0.04816782490006928,10,0.16708143502473832,0.016298997391852317,10,0.5673508733510971,0.06275692061472583,10
nohidden_HO_T20_mixFP,0.75,0.05,5,0.4723132025994741,0.03052223830996406,10,0.6160853093531254,0.030102036159100364,10,0.5427357464423576,0.05986142927282104,10,0.7202360819614184,0.032371324744205,10,0.26274181714150935,0.047213338521990285,10,0.1473335729881835,0.02972672551069428,10,0.35226174017992457,0.04656486540999851,10,0.1744007185101509,0.013937228054094225,10,0.6263505578041076,0.08004992926801714,10
nohidden_HO_T20_mixFP,0.75,0.05,6,0.49832896449105146,0.05148856375150552,10,0.6342601220197777,0.0415054999776894,10,0.5586997085279652,0.07733446916795313,10,0.7442057541595465,0.03271442254700686,10,0.4062304722511544,0.08400420246865331,10,0.13550349504059137,0.03731860313650637,10,0.35168289370208305,0.0779292688119928,10,0.16511558890342712,0.024630566616879953,10,0.5916959315538406,0.11467461841913786,10
nohidden_HO_T20_mixFP,0.75,0.05,7,0.4738163869071147,0.015029993352635145,10,0.6192182662309399,0.015389602792045645,10,0.5347184748942027,0.03017152001688401,10,0.7378801820593404,0.02250448064710105,10,0.4969174931278669,0.08634076316357524,10,0.15418218190509153,0.0072917399460033705,10,0.4061001212466235,0.0334304904071847,10,0.18377194702625274,0.011135983160033646,10,0.7755464076995849,0.07904074452614403,10
nohidden_HO_T20_mixFP,0.75,0.05,8,0.5952041637392032,0.02299474959835496,10,0.7026982757319808,0.011439496896973302,10,0.6610414985726505,0.020256481930851094,10,0.7512022369275181,0.02702213930849067,10,0.5616334834588229,0.08539166053742125,10,0.0809983522962528,0.010642586069670196,10,0.28091849283868386,0.026999836349687063,10,0.12162660285830498,0.013899859345089648,10,0.423321333527565,0.04866364259573517,10
nohidden_HO_T20_mixFP,0.75,0.05,9,0.6021873971571808,0.017737759820093575,10,0.7025712570158944,0.009571175816529668,10,0.7040989806228836,0.020364235432935494,10,0.7023730924693987,0.028352313130375166,10,0.6460924462390205,0.07999270586682677,10,0.07467774828794008,0.00727840363781286,10,0.26088806805348846,0.024132009633812516,10,0.11702390238642693,0.012536207967417981,10,0.4327007979154587,0.045222600144383326,10
nohidden_HO_T20_mixFP,0.75,0.05,10,0.3221465263352003,0.04052636520335887,10,0.5217724347180279,0.03621416914537443,10,0.4110520548678506,0.04740271398761394,10,0.721199183758729,0.01625190434344161,10,0.7769019483598687,0.055528917536601004,10,0.2548656892519384,0.03318154393734877,10,0.5693709449883368,0.0467939847518485,10,0.28257419019937513,0.029973852666479964,10,1.4771633982658385,0.22494191461295168,10
nohidden_HO_T20_mixFP,0.75,0.05,11,0.2168622981603075,0.021148206608425466,10,0.4589641593345652,0.036391468386110126,10,0.3504307539911754,0.047969470136883345,10,0.6750075210543685,0.03479343149965995,10,0.4345135911651775,0.06538070930962786,10,0.30837461413628464,0.025276386127952116,10,0.6111594550007998,0.05647757337484111,10,0.3242759555578232,0.016846204831322473,10,1.6352714419364929,0.14563498969193925,10
nohidden_HO_T20_mixFP,0.75,0.05,12,0.4142413421908347,0.060149696618396864,10,0.5778632328550259,0.055380343497439366,10,0.4745017728596279,0.08458789423802518,10,0.7544214786757735,0.027421867241933587,10,0.25541267116328725,0.04384520211472599,10,0.19321847403195186,0.047968569041869726,10,0.4003152639736817,0.0634547068944683,10,0.20359539836645127,0.025941154306228426,10,0.6776794135570526,0.0756881008372822,10
nohidden_HO_T20_mixFP,0.75,0.05,13,0.546044345907275,0.010182300525379172,10,0.6674029505594914,0.01787667763035558,10,0.6112808891221019,0.04114509654686259,10,0.7378808027103817,0.022333343563217346,10,0.4864935713394676,0.04415616420596285,10,0.10366575093186006,0.011533953944493348,10,0.29373245798431563,0.04208595211793023,10,0.14413060545921325,0.0043885923829625455,10,0.5196818143129349,0.030749821442784684,10
nohidden_HO_T20_mixFP,0.75,0.05,14,0.4146950605546806,0.029504900862196436,10,0.5796727984453457,0.028673423881091332,10,0.4756332307313632,0.0427239276119597,10,0.746923869712795,0.02519618458743219,10,0.4584233753459529,0.019652749911107704,10,0.18770957490329027,0.018058529320950353,10,0.4802244164142236,0.05690735701625871,10,0.2202357068657875,0.0164373067690179,10,1.1672021389007567,0.30748123332069466,10
nohidden_HO_T20_mixFP,0.75,0.05,15,0.4323775252298244,0.013949197712660918,10,0.5904012719233948,0.023204700838561985,10,0.4722405214576912,0.03767659606769887,10,0.792636199113442,0.02687278886785843,10,0.3982336335966359,0.02438954358005493,10,0.19417674790672249,0.01190719327215474,10,0.4421236542843735,0.03221233763673852,10,0.21479869335889817,0.0075542458230919325,10,0.8389536678791046,0.08175513026364939,10
nohidden_HO_T20_mixFP,0.75,0.05,16,0.6080120793080064,0.005293630544920028,10,0.7119011623520334,0.010013144534180722,10,0.663985915214574,0.028178049976871452,10,0.7688303195733804,0.020353006325709307,10,0.5247890203557526,0.0382720545479117,10,0.08013113039616329,0.004643577799226235,10,0.272100980051332,0.023281257573976786,10,0.11833492740988731,0.008311621997004399,10,0.41316758990287783,0.037714829458968945,10
nohidden_HO_T20_mixFP,0.75,0.05,17,0.6340671526685498,0.013990841391068385,10,0.730832377498565,0.0057233348189064896,10,0.6887812278311687,0.019336565732862288,10,0.779291061229966,0.01901604937301488,10,0.6408630707489367,0.01808667349698528,10,0.078021829008221,0.008837010475464502,10,0.27764379497826014,0.015249287392527733,10,0.11120200380682946,0.012118430012005662,10,0.4012034088373184,0.05596564516610984,10
nohidden_HO_T20_mixFP,0.75,0.05,18,0.5956355739455841,0.02173838509549278,10,0.7038026591637032,0.008422153138149608,10,0.6521086727993943,0.016349606249378097,10,0.7652427809209349,0.02166480728771846,10,0.6177119673208586,0.02676744169570044,10,0.08837844746705768,0.009469470917362133,10,0.2646371880673918,0.020239578463949248,10,0.12577973827719688,0.015170240484854193,10,0.47524385154247284,0.07825701183648326,10
nohidden_HO_T20_mixFP,0.75,0.05,19,0.649300823790498,0.018331821310967358,10,0.7398684153886421,0.00607286940108308,10,0.7278321117343539,0.011662519373789287,10,0.7525884515856603,0.012631834447388196,10,0.4997221178646224,0.03930657945368037,10,0.051346710481330195,0.009413221670349112,10,0.15156078959316277,0.012608238547624426,10,0.1011838011443615,0.0134475242058189,10,0.355727881193161,0.053950299237218016,10
nohidden_HO_T20_mixFP,0.75,0.05,20,0.6736407512667757,0.013317829103987402,10,0.7586001059323799,0.005473208363240411,10,0.7360608086984006,0.013411917388455702,10,0.7829889355544715,0.0148701458727515,10,0.6203853961319411,0.030946821998646245,10,0.049376952154436014,0.006239508297790377,10,0.20493313690715773,0.013821671370468903,10,0.09297561645507812,0.010521752847273854,10,0.316334930062294,0.047573831467887746,10
nohidden_HO_T20_mixFP,0.75,0.1,1,0.18141349155650055,0.01675901618863521,10,0.3493582848081614,0.0221020526015334,10,0.42203669864367727,0.04751051623734637,10,0.3006718784285852,0.02858797928022857,10,0.9199394428081249,0.10202614588223435,10,0.16495507992071137,0.012678377358608179,10,0.540594683279791,0.06890141081285198,10,0.22333566546440126,0.015813053241469918,10,0.8596014559268952,0.07339170205552796,10
nohidden_HO_T20_mixFP,0.75,0.1,2,0.2670307398209649,0.04936886976924047,10,0.4446308546445697,0.04034121169232546,10,0.4614594578291831,0.07232398761417366,10,0.43577775050430373,0.04621768108795567,10,0.6339978626740349,0.07718295491633632,10,0.13101143243219276,0.022045954212933098,10,0.5189234738937785,0.11729015835967477,10,0.20231143087148667,0.016426563546531797,10,0.6719911992549896,0.08909690232728457,10
nohidden_HO_T20_mixFP,0.75,0.1,3,0.3210605660228474,0.03620411387856886,10,0.5040705182909764,0.02333023261787493,10,0.4673898114830729,0.040931578995517005,10,0.5528235687402798,0.04500692103573545,10,0.276967357878702,0.047266468808869,10,0.1392526435417913,0.01749757221720734,10,0.4636244707924357,0.04772562137960156,10,0.20589852333068848,0.01784015697204902,10,0.7052492439746857,0.07001692136046019,10
nohidden_HO_T20_mixFP,0.75,0.1,4,0.4128864397052393,0.03215106260997502,10,0.5681047541018441,0.02465400675977573,10,0.5359777310245912,0.04051973860406375,10,0.6107054669840855,0.054641893607196644,10,0.3330365181815857,0.061149446324985104,10,0.11285571493877906,0.021398743350551624,10,0.3766788780451867,0.04972610875272402,10,0.17481144964694978,0.017502221519118462,10,0.5845915734767914,0.06386026355709844,10
nohidden_HO_T20_mixFP,0.75,0.1,5,0.42011438364314213,0.025647029341154107,10,0.5751359044009454,0.023128308060476936,10,0.532070797913818,0.052863720413522344,10,0.6334936956328507,0.04485077138325058,10,0.3238475947815348,0.04060632432882566,10,0.1305361097322678,0.018971067883010333,10,0.4011294944115922,0.04947804812049691,10,0.18097798079252242,0.012212745351046692,10,0.6360798597335815,0.06392014137845342,10
nohidden_HO_T20_mixFP,0.75,0.1,6,0.449106879436608,0.05094706233359297,10,0.5960996543939464,0.03729511975528228,10,0.5503195202788339,0.07233204193318793,10,0.6605856538313597,0.05079669722020896,10,0.4561077994656067,0.07612674158524721,10,0.12538581304171167,0.027967619027265786,10,0.36172731845134415,0.07363849115930118,10,0.1709331527352333,0.02214999942459419,10,0.6036185055971146,0.09888835869789499,10
nohidden_HO_T20_mixFP,0.75,0.1,7,0.43054174170499476,0.022364143487266803,10,0.5857544377891734,0.01440695171091031,10,0.5311137003767915,0.03149659455931886,10,0.6560534476139492,0.03206618859754097,10,0.5303324897028024,0.07566177715351749,10,0.14509616257397445,0.008342085582572203,10,0.4208995830394439,0.03166036048071615,10,0.18652811348438264,0.013567973721514503,10,0.7440833866596221,0.07955580723147485,10
nohidden_HO_T20_mixFP,0.75,0.1,8,0.5437355191111284,0.029205512461147314,10,0.6593666204247388,0.01711852745937043,10,0.6567491109397631,0.026908481581484647,10,0.6645878327018719,0.0408193169955493,10,0.6057958326074839,0.07649927177674637,10,0.0846862940480126,0.012505971009504914,10,0.2649247031470817,0.03345418676661861,10,0.13212480992078782,0.01655054243330969,10,0.4631687939167023,0.06144645154266906,10
nohidden_HO_T20_mixFP,0.75,0.1,9,0.5576542801633443,0.024025604026762324,10,0.6611803894988214,0.015673699506118768,10,0.7036391137703856,0.02303589692931452,10,0.6257081327684332,0.038807859619826614,10,0.6769553469769972,0.06735115622356613,10,0.08411376401959794,0.014017295494467463,10,0.24511842849894175,0.03256663475576023,10,0.12728685960173608,0.016214556666354917,10,0.4739730298519135,0.062429701702314544,10
nohidden_HO_T20_mixFP,0.75,0.1,10,0.3065303031906531,0.038932753680224384,10,0.5089412032717762,0.032104496278949166,10,0.41832680750327056,0.048625691005362015,10,0.6577734437606868,0.03087462367428542,10,0.7833997019884957,0.054925507591318506,10,0.23511081042713727,0.029082389322973697,10,0.5673636417729135,0.036813632328118566,10,0.26611749082803726,0.025675728899534428,10,1.263775461912155,0.20843789107299993,10
nohidden_HO_T20_mixFP,0.75,0.1,11,0.20630159056924238,0.023875046195823677,10,0.4504147372006858,0.03485234461779174,10,0.35058683799487866,0.04858911791535839,10,0.6400456193240631,0.038250695434887766,10,0.437547848540586,0.060455747624700774,10,0.29389882879414386,0.02205957542786268,10,0.6089064057347067,0.05217529446559429,10,0.31628883481025694,0.013920668910593705,10,1.5686241149902345,0.11396938128576456,10
nohidden_HO_T20_mixFP,0.75,0.1,12,0.3820805659196827,0.060861287342401996,10,0.5570382653401666,0.05436262756479953,10,0.459264748692609,0.0830668560329036,10,0.7236364772510466,0.032543226562980206,10,0.2746663844452846,0.05026961581968509,10,0.19213314678204607,0.049035496289298486,10,0.4257299784322478,0.058987119364819735,10,0.21109189540147782,0.027791804821432196,10,0.6906408250331879,0.07952440038831356,10
nohidden_HO_T20_mixFP,0.75,0.1,13,0.5105196758872598,0.012138553181180256,10,0.6412696933749807,0.0191952351210049,10,0.590550348771243,0.047828837783124994,10,0.7056778893756543,0.024810787160758706,10,0.4914131953983033,0.051375372100812125,10,0.10955264400879247,0.01298797276693025,10,0.3239855607974893,0.04904626999342304,10,0.15258109271526338,0.005483961568680143,10,0.537568885087967,0.03370760409360422,10
nohidden_HO_T20_mixFP,0.75,0.1,14,0.3951897162502844,0.02167890896177468,10,0.5662665034935427,0.025959889894205286,10,0.47016310535319883,0.043670540319870416,10,0.7175989756969959,0.029347846268073467,10,0.460666371647544,0.02661555099059101,10,0.1875055213595004,0.01582372042126951,10,0.4813657400002708,0.05332813353448323,10,0.22168136537075042,0.01408487446123876,10,1.0619511961936952,0.28171062419392656,10
nohidden_HO_T20_mixFP,0.75,0.1,15,0.40964828485198856,0.016914527597255497,10,0.5761405648482687,0.023938381230941285,10,0.46580963425636013,0.03852666022202539,10,0.760139946825855,0.0286847742832076,10,0.4103164739060155,0.026464474982585164,10,0.1940043307893023,0.011061788518388564,10,0.46440063245520385,0.03947660191261038,10,0.21521381735801698,0.009265128503423632,10,0.7882918179035187,0.07603430819227375,10
nohidden_HO_T20_mixFP,0.75,0.1,16,0.5603602409217743,0.007715460395384002,10,0.676951546280663,0.013704079018347188,10,0.6340118333678256,0.03264689524396014,10,0.7281223641149392,0.023596577507720106,10,0.5418278855645096,0.0380461979298119,10,0.09147157043574197,0.00539314009210832,10,0.2970385522104707,0.0274162616138007,10,0.13206272423267365,0.008493551696737923,10,0.46198969781398774,0.037973420102233334,10
nohidden_HO_T20_mixFP,0.75,0.1,17,0.5916350441192462,0.009200545842107674,10,0.6993913269420804,0.00766188811818884,10,0.6623629643423652,0.024532400146799298,10,0.7422607369240388,0.02299560652501997,10,0.6390614163493786,0.02377391201555383,10,0.09112550487718257,0.008774603726659811,10,0.3019381804649689,0.021580067447775856,10,0.12451507151126862,0.011330954527380257,10,0.45722169280052183,0.05280650914618054,10
nohidden_HO_T20_mixFP,0.75,0.1,18,0.55849801355172,0.017985357760612473,10,0.6762983781234946,0.009911153051688104,10,0.6313063986418728,0.02168081545959855,10,0.729420470133823,0.023399007616402238,10,0.6227064349590876,0.02480903677759899,10,0.09843861742541059,0.009409721215014627,10,0.3049158384770248,0.02504524848372348,10,0.1354842111468315,0.014029281544922816,10,0.4998653680086136,0.06826964699222217,10
nohidden_HO_T20_mixFP,0.75,0.1,19,0.5899165783166556,0.013743134317993344,10,0.6965403837988234,0.007871226964025264,10,0.6769983209125245,0.01884305430737376,10,0.7179165077527125,0.01622285309053023,10,0.5077863509918374,0.03640620104326599,10,0.07383427563530567,0.007642530501892636,10,0.219114320443974,0.01744037701107933,10,0.12048372179269791,0.012553060570244133,10,0.4320972830057144,0.05310504871077468,10
nohidden_HO_T20_mixFP,0.75,0.1,20,0.61204403998749,0.011092388607656085,10,0.7137855118032498,0.008068253494943929,10,0.6827833560000803,0.021851866306791094,10,0.7488013325204835,0.02070386367966571,10,0.5958277542633371,0.030037510481498192,10,0.07315820066481658,0.006513128775616624,10,0.2521128840251549,0.02489309522632754,10,0.11382059082388878,0.01042352840418025,10,0.39660249948501586,0.04941318493262332,10
nohidden_HO_T20_mixFP,0.75,0.2,1,0.13513503541613528,0.008800276411991163,10,0.28053773575151947,0.012535473366426346,10,0.4013481661954543,0.04802065785378811,10,0.21770316855814337,0.017703955174968665,10,0.919579970943875,0.09831973759829084,10,0.1690038341618419,0.012096953187313329,10,0.4728887134659353,0.07837240856634865,10,0.22021869868040084,0.016474954069535003,10,0.81300847530365,0.06195917711369383,10
nohidden_HO_T20_mixFP,0.75,0.2,2,0.17669479480265543,0.031723280256746145,10,0.3212522973637564,0.024022524679047738,10,0.43945395821715144,0.07204459920546091,10,0.25860425797352704,0.03313607358186764,10,0.720792890816196,0.07065093672128432,10,0.15581375954986332,0.020469946476034062,10,0.43015661359077156,0.14665875650177798,10,0.2049242615699768,0.017740983156886814,10,0.6941174268722534,0.0758513381933702,10
nohidden_HO_T20_mixFP,0.75,0.2,3,0.16054061832345565,0.04569744513938588,10,0.345216139330003,0.03260089562727526,10,0.39256755912177105,0.03178601556781464,10,0.3121222864300166,0.046882755770265974,10,0.48071900638244947,0.05026378139916907,10,0.1766876564499187,0.031188200049722174,10,0.5299193719220618,0.06304352858224682,10,0.22249859869480132,0.028049155345091944,10,0.7528490126132965,0.11135233057191912,10
nohidden_HO_T20_mixFP,0.75,0.2,4,0.20647437354811463,0.03418608001982771,10,0.3584437060924932,0.032184521337489044,10,0.45546890066130097,0.038308020165163825,10,0.29999930053712837,0.04570380631338466,10,0.5466729936397555,0.09372610360647232,10,0.16062675625538664,0.027229039375455927,10,0.4162304580579489,0.07428856957828396,10,0.20486805886030196,0.02591793285811396,10,0.7181689739227295,0.11032963749714804,10
nohidden_HO_T20_mixFP,0.75,0.2,5,0.17515793416682265,0.03250984707563514,10,0.32665349470228394,0.031003948628954406,10,0.4305443638978578,0.05836162088314643,10,0.26922792447498833,0.04433296552597639,10,0.5599893799661374,0.06387419246926292,10,0.18233821428080527,0.02117052958182326,10,0.46336215781381107,0.10539544139693188,10,0.21944354623556137,0.01998728872030266,10,0.8306015610694886,0.10082299896579965,10
nohidden_HO_T20_mixFP,0.75,0.2,6,0.18067280134410182,0.057877956753616774,10,0.2991978584354364,0.03987986929766307,10,0.46894682423768996,0.10009418907069706,10,0.2265236538748961,0.045259267459102984,10,0.7083841233135166,0.09285315659316788,10,0.18203031495738278,0.028069924215335686,10,0.4049203381702838,0.12859799565454,10,0.21587719321250914,0.025027484497493365,10,0.8671473920345306,0.1371835719117763,10
nohidden_HO_T20_mixFP,0.75,0.2,7,0.1305645388123329,0.04503189024281116,10,0.2582860825035483,0.024580172947183017,10,0.4116703095463401,0.07420123320138623,10,0.1903883476622235,0.02283159233883975,10,0.7802603782044626,0.05132513884987997,10,0.20815790890258526,0.028333567249839917,10,0.5489153745599972,0.13907291031537133,10,0.23418051451444627,0.02835089085397895,10,1.058748835325241,0.16029531838273978,10
nohidden_HO_T20_mixFP,0.75,0.2,8,0.20928912396832633,0.03174742337263089,10,0.23796803226782187,0.04499879188138515,10,0.6120969430096548,0.054783329431644,10,0.1505360083325097,0.03980420823800953,10,0.8614412033735638,0.064771816925446,10,0.1845925924723892,0.03035038063131239,10,0.31368975770864427,0.025706053996367658,10,0.20709700584411622,0.029467554978780817,10,0.9115816593170166,0.15874124659473587,10
nohidden_HO_T20_mixFP,0.75,0.2,9,0.23582969251876248,0.03081301444834149,10,0.24625497469872787,0.044697550414720386,10,0.6722288881549584,0.03667307376747632,10,0.15242998679342903,0.03585707326433498,10,0.8943456003339655,0.03245784502065998,10,0.18560437407216923,0.03120180702146587,10,0.30588165094994724,0.04236140977074876,10,0.20475197285413743,0.02964137971269203,10,0.9495539844036103,0.17075759653116032,10
nohidden_HO_T20_mixFP,0.75,0.2,10,0.028384307884445785,0.023735420147902496,10,0.24435573646166567,0.025195901754148865,10,0.2790135097179297,0.040785567198682315,10,0.2199859573529097,0.027240405796963945,10,0.873441036458211,0.049688603415070184,10,0.2714110339342833,0.027363300874857284,10,0.7676119308660195,0.03950479528258453,10,0.2897597774863243,0.02822117513630868,10,1.3489373564720153,0.27819108710836615,10
nohidden_HO_T20_mixFP,0.75,0.2,11,0.006848247946611338,0.023704499683629414,10,0.2722168949886889,0.02770820907982408,10,0.25858692135046274,0.04292894967037413,10,0.29095112905517795,0.025169286046373685,10,0.578465565808133,0.04422267764644954,10,0.2826105423530952,0.012048786121722414,10,0.822050405773591,0.05074550558392347,10,0.3211325317621231,0.011472913319166491,10,1.595670998096466,0.1481117911013288,10
nohidden_HO_T20_mixFP,0.75,0.2,12,0.10989625011264637,0.05561416578599339,10,0.296985491226773,0.04710465844731813,10,0.35665631925371344,0.08528760005782247,10,0.25930626718806743,0.04155161363300699,10,0.5022806380670708,0.07128891049450499,10,0.18339104076985352,0.026802141553688753,10,0.5297730733929021,0.11778008749793999,10,0.23254407048225403,0.018600063163262497,10,0.8000495731830597,0.07421357606278471,10
nohidden_HO_T20_mixFP,0.75,0.2,13,0.21909705106253324,0.03881447808861666,10,0.3042536117514226,0.034647641770004324,10,0.5403354355271709,0.08059530260037599,10,0.21338015951955341,0.029078485824938417,10,0.7735472237007263,0.054504093593110994,10,0.1568696276328872,0.021366624392804026,10,0.3289318761097865,0.05966678133145837,10,0.1990908205509186,0.018572417573403232,10,0.7762766659259797,0.08776894162683165,10
nohidden_HO_T20_mixFP,0.75,0.2,14,0.04297908774471094,0.01838695278473846,10,0.23204425029547418,0.03126176117432275,10,0.29594091456845995,0.04922395793589945,10,0.19342658446043617,0.03227266427555872,10,0.7088141726189339,0.04407160256801049,10,0.24629778727825916,0.01807837197398476,10,0.8074177358517141,0.08112317479289538,10,0.27409334778785704,0.0182205530099592,10,1.318168580532074,0.263199473739505,10
nohidden_HO_T20_mixFP,0.75,0.2,15,0.07106318906558073,0.023320613555436295,10,0.23842812262335977,0.030664763104105326,10,0.3287929442433918,0.046080441336136535,10,0.18818563904506458,0.02691757013826972,10,0.6807136269504058,0.04453213233617558,10,0.2162576283110739,0.022321286194321468,10,0.6160681637306769,0.08073556572543097,10,0.24583942145109178,0.023328040339037362,10,0.9989925861358643,0.12206477883103029,10
nohidden_HO_T20_mixFP,0.75,0.2,16,0.17082071142994545,0.03355837161342732,10,0.18936792360016047,0.03837882953715778,10,0.5797503317349314,0.07307217476199908,10,0.11374314939270555,0.025689093614140915,10,0.8863111596191947,0.03108037565195973,10,0.19658520270332486,0.020502632998827052,10,0.2999491769309578,0.045921948677629866,10,0.21773167699575424,0.020796851037649975,10,1.0532393515110017,0.08546965991790371,10
nohidden_HO_T20_mixFP,0.75,0.2,17,0.23942880475530232,0.018001895693587122,10,0.23949518391679714,0.03214314118433664,10,0.6956708192122626,0.04374033105682328,10,0.14527088442511954,0.022973784058292392,10,0.9155870216437579,0.016521782414088054,10,0.18618346538200575,0.024304401161874836,10,0.32102609272021837,0.03207103830465814,10,0.20379506498575212,0.022297617700158902,10,0.9514330744743347,0.11947532644874787,10
nohidden_HO_T20_mixFP,0.75,0.2,18,0.17773614144489217,0.021440602352194253,10,0.20968211083910449,0.025549700811689904,10,0.5697089205681449,0.04531877898476539,10,0.12924765263367133,0.019484667253414537,10,0.9057694499643004,0.021412899447465415,10,0.1928124282892259,0.028661646290914878,10,0.35265363247823645,0.06484050712344347,10,0.21349935978651047,0.027573771363627892,10,0.9594960510730743,0.1478211883280059,10
nohidden_HO_T20_mixFP,0.75,0.2,19,0.23499644684721055,0.010879037461163076,10,0.2949247351616615,0.01592062148956393,10,0.5902488128967595,0.03718480444321063,10,0.1972338128472472,0.015628912886092562,10,0.7845453307133614,0.033920262169745904,10,0.1780399149354445,0.024163755406915136,10,0.32920891859618673,0.01721170494694773,10,0.20267407298088075,0.024614809299353016,10,0.8909584760665894,0.14477744954557564,10
nohidden_HO_T20_mixFP,0.75,0.2,20,0.2818336530285348,0.011979128446844654,10,0.3476737192495432,0.011543197786605749,10,0.6269759819191154,0.03628610039356985,10,0.24104537975769724,0.012237765200461838,10,0.7774373664669996,0.02944855015393579,10,0.16161887453150842,0.026171361859840713,10,0.3081449332878081,0.02296520778841619,10,0.18970733731985093,0.024899397481237585,10,0.773126232624054,0.15125105965079563,10
nohidden_HO_T20_mixFP,0.8,0.01,1,0.2024151818968837,0.028534912390574412,10,0.3895280936790868,0.0347357171253017,10,0.41820334853605223,0.047006802095837824,10,0.36871439133454936,0.049260841819009867,10,0.9110228438694881,0.11359872933723159,10,0.17193961141245687,0.022240488397981734,10,0.6345819098068807,0.0656883388703847,10,0.23508814126253127,0.01789609309134107,10,1.0041240513324738,0.08631227386522028,10
nohidden_HO_T20_mixFP,0.8,0.01,2,0.3023267577387289,0.051969077475683946,10,0.49869401418097353,0.047308820895502465,10,0.43475935203849686,0.06387033510621025,10,0.5920815789483628,0.05235653774166646,10,0.5549392965645336,0.07756293390390229,10,0.1679767553945756,0.030139384238894007,10,0.5310870787373394,0.11272654866855517,10,0.22495194524526596,0.016394096929738266,10,0.7880842328071594,0.10767619345743996,10
nohidden_HO_T20_mixFP,0.8,0.01,3,0.41675498407119227,0.030991604003119063,10,0.5771277691862651,0.027876622731660018,10,0.5126563810300191,0.05050025472274023,10,0.6660248322750942,0.03528957461137973,10,0.13902356801138432,0.045446404678927695,10,0.1569670285114309,0.02660478212439486,10,0.3715415514130173,0.05353174972733892,10,0.1900242179632187,0.013282872856063353,10,0.6666009902954102,0.05964928595011184,10
nohidden_HO_T20_mixFP,0.8,0.01,4,0.4796542853930076,0.0332985086777626,10,0.6202739485230484,0.022478497449686597,10,0.564394406906677,0.05068242220310278,10,0.6951390342780089,0.03984424059365876,10,0.25137337780372226,0.0527111109043265,10,0.12048648785053158,0.030057606690397216,10,0.30196608985157697,0.0681456341840217,10,0.1611467868089676,0.017405242085438238,10,0.549177172780037,0.06639635501080879,10
nohidden_HO_T20_mixFP,0.8,0.01,5,0.473038244294561,0.034233464112640555,10,0.6162573643582704,0.03226584920466199,10,0.5474301239358433,0.06362616526160926,10,0.7129139219938333,0.03012477761404798,10,0.25011123272540703,0.04812950415163989,10,0.14454565075812933,0.03192988520899827,10,0.3212287558659814,0.060651454176495756,10,0.17053937017917634,0.015240799447098245,10,0.6152900397777558,0.08407507405021544,10
nohidden_HO_T20_mixFP,0.8,0.01,6,0.503109491860606,0.05754386159014753,10,0.6368921844484327,0.04410352849122957,10,0.5755219974475926,0.08464569116047119,10,0.723015824577734,0.023961129175651772,10,0.4153063374435792,0.09082996031138138,10,0.12305388226150712,0.03784792051063828,10,0.3087124042992909,0.08215122546398435,10,0.1595943421125412,0.02505005972172902,10,0.5789775013923645,0.1195202272711147,10
nohidden_HO_T20_mixFP,0.8,0.01,7,0.4776438706591845,0.017822358858629348,10,0.6213405146632668,0.017101390966912978,10,0.5493278641163875,0.028312899004329196,10,0.7165823318687599,0.018778198276883287,10,0.5281594034412448,0.09320577598984253,10,0.14200968799672486,0.008228657523701525,10,0.37280908953964376,0.03026215779735263,10,0.17782213538885117,0.012857664717168957,10,0.7818329989910126,0.09099930081568462,10
nohidden_HO_T20_mixFP,0.8,0.01,8,0.6093367089057453,0.025208199700591235,10,0.7104903735902627,0.010808865527486396,10,0.6975847954282193,0.018323169098693606,10,0.7246359830260675,0.021828069785031518,10,0.5941775512850417,0.09605627552930168,10,0.06428729523443862,0.01144495191154294,10,0.21688876410413,0.02079790231640523,10,0.11322848573327064,0.015127964954049236,10,0.3923493683338165,0.05047214577291553,10
nohidden_HO_T20_mixFP,0.8,0.01,9,0.6069873992795662,0.02224697595204884,10,0.7020956011738695,0.013410548378081746,10,0.7306178928671361,0.021871602054858844,10,0.6765345163456219,0.023873681721158748,10,0.678690561990547,0.08586571064172539,10,0.06867403991025817,0.009415080432587689,10,0.21350932216174784,0.033120965969118746,10,0.11321757957339287,0.013408147498070816,10,0.41756453216075895,0.04766353340547547,10
nohidden_HO_T20_mixFP,0.8,0.01,10,0.30556699248543107,0.04071696896414256,10,0.5117789964866359,0.03740308624489314,10,0.4019770132137862,0.047171383083359344,10,0.71069038430104,0.013422470714151587,10,0.8003143960418907,0.053385530701605184,10,0.2661064412623093,0.035192232596274096,10,0.5976966378413662,0.05202446586495967,10,0.2950530260801315,0.032083155061722594,10,1.670761024951935,0.2464741253684289,10
nohidden_HO_T20_mixFP,0.8,0.01,11,0.20905886891292771,0.01672656546794341,10,0.454525753855628,0.03454314208366622,10,0.34699642002606723,0.04491811665384689,10,0.6674944604578227,0.032715114031609864,10,0.45846204827685055,0.06576304455435403,10,0.310413070860233,0.023029274659368756,10,0.6120874449233317,0.05585849128934863,10,0.32628932893276213,0.016322714383357712,10,1.6355775117874145,0.1546546793118555,10
nohidden_HO_T20_mixFP,0.8,0.01,12,0.4310858888894719,0.054788955851096804,10,0.5886033807451899,0.05070002172218461,10,0.49626496767247447,0.08453338139343897,10,0.7371500803846457,0.028673001171969796,10,0.2776195708598326,0.04317959955112904,10,0.17194743639550447,0.0425637476929756,10,0.36256998804698154,0.07064266750830545,10,0.19043107628822326,0.021628472917754833,10,0.6370241701602936,0.06839918835028606,10
nohidden_HO_T20_mixFP,0.8,0.01,13,0.5564289956406392,0.010764186234315014,10,0.6733779423707053,0.014565495692500038,10,0.63432126410468,0.038162615482886686,10,0.7203160164444052,0.025708756754880307,10,0.5293829670760414,0.048815624853067105,10,0.09030084779641494,0.007229451462017143,10,0.27116382844841785,0.04170873075828265,10,0.13805279284715652,0.005501317782463894,10,0.5043199211359024,0.025778430148338596,10
nohidden_HO_T20_mixFP,0.8,0.01,14,0.4025283196981303,0.030697148120913696,10,0.5714526450935569,0.02845637817088308,10,0.47681544032156004,0.0437285564046828,10,0.7176533056439821,0.021925585625260553,10,0.485023250096869,0.018020427993385314,10,0.18042453170467848,0.019251565500408935,10,0.5079305815554762,0.05856490856543304,10,0.22060263752937317,0.016635301107572484,10,1.2667582273483275,0.3048133701855751,10
nohidden_HO_T20_mixFP,0.8,0.01,15,0.42609138610570446,0.014375336382144614,10,0.58705826795925,0.021111843944252928,10,0.4790923814498603,0.036221425658733666,10,0.7624156761621494,0.02621444520746356,10,0.4193597884563031,0.023329879165926062,10,0.17980830879091542,0.010298026503002029,10,0.4526708963968831,0.049023674258834984,10,0.21210755556821823,0.007570901968552114,10,0.8753662407398224,0.07851543388082792,10
nohidden_HO_T20_mixFP,0.8,0.01,16,0.6298814443874939,0.008293735699373042,10,0.7241413400789825,0.008123967535471323,10,0.7186767227358283,0.023618531860064143,10,0.730657371577605,0.018812163201030574,10,0.5669166817875659,0.038911474473829415,10,0.054321799441017414,0.006424128642510266,10,0.18162655697104385,0.015320749225433692,10,0.10639830827713012,0.009628235825476308,10,0.36994853615760803,0.0428757340015208,10
nohidden_HO_T20_mixFP,0.8,0.01,17,0.652374089930756,0.016489071343244927,10,0.740817645335733,0.004891962966915788,10,0.7394020991673175,0.014668610457760857,10,0.7428482691871887,0.018222605257912784,10,0.7010715431721725,0.01681333172454627,10,0.058472460183794636,0.01223212043301364,10,0.19205935587454157,0.0107250019758028,10,0.10047643706202507,0.01366069720765567,10,0.35927262604236604,0.06246461414299856,10
nohidden_HO_T20_mixFP,0.8,0.01,18,0.5993202351089646,0.02534296640960318,10,0.7033920382066479,0.009565334652807669,10,0.6880378687300143,0.012489862623694014,10,0.7198687217156878,0.01877280748163636,10,0.658487652551596,0.031507561999482805,10,0.07039649892360783,0.014099418533000688,10,0.21163435006255735,0.02432188433850544,10,0.11983541697263718,0.017485422834267142,10,0.4694092869758606,0.09248010227584531,10
nohidden_HO_T20_mixFP,0.8,0.01,19,0.670818707869864,0.02264603594782401,10,0.7473373191456387,0.008615215237336138,10,0.8004911764485035,0.011965564180565135,10,0.7008936018770716,0.009831924081311713,10,0.5375074669643475,0.0442301630714922,10,0.029481450215188543,0.00934197276376765,10,0.06477346685991144,0.013466192850123243,10,0.0909011073410511,0.014546145895273314,10,0.3194546639919281,0.05590075610918431,10
nohidden_HO_T20_mixFP,0.8,0.01,20,0.7026594090125301,0.014259313513855036,10,0.7740292293612697,0.005159649636179337,10,0.8105541684046693,0.004928950603599702,10,0.7407503423426316,0.010369638398162826,10,0.700940440122248,0.02937607373989282,10,0.024430198378792803,0.008178014580945952,10,0.07304847924133623,0.008706782146467319,10,0.08044873401522637,0.010768587243628919,10,0.27291537672281263,0.04738480941503024,10
nohidden_HO_T20_mixFP,0.8,0.025,1,0.19487136829131474,0.027067075852272672,10,0.3792999328483154,0.033578212597946064,10,0.4162691212047619,0.04734021308450109,10,0.35217057102207405,0.04601094240453191,10,0.9128753940508322,0.11110730513718119,10,0.16922245674586314,0.019644540029630023,10,0.6298261677294954,0.06853328425601493,10,0.23370990455150603,0.01734768634811142,10,0.9767934501171112,0.08102007678801193,10
nohidden_HO_T20_mixFP,0.8,0.025,2,0.2982103033018423,0.0533054550165254,10,0.491835288321716,0.04727098686309906,10,0.4420784888439878,0.06553350926455276,10,0.5609902824672377,0.05081858007865671,10,0.5679529686773426,0.07814848940916297,10,0.15450370812917208,0.02635117289640364,10,0.5360107812413902,0.111785845792025,10,0.22019359916448594,0.01607142314941831,10,0.7648820281028748,0.10520212629672708,10
nohidden_HO_T20_mixFP,0.8,0.025,3,0.39969281860636724,0.029918625033390153,10,0.5646738653472784,0.02635142086767421,10,0.5041492998719879,0.048681900640404015,10,0.6475038123755589,0.03616723501057659,10,0.15760677598466075,0.04851198864371559,10,0.15081031582826276,0.026404123265537413,10,0.3936339332243426,0.05084618791998009,10,0.19358942061662673,0.013485206552345912,10,0.6767777025699615,0.05992099709997592,10
nohidden_HO_T20_mixFP,0.8,0.025,4,0.47154338014326536,0.03148648916879415,10,0.6145464714895663,0.022273139022830474,10,0.5584762918663205,0.04797063502298484,10,0.6893461682224211,0.040583654337668154,10,0.26252226089887903,0.0541763554014521,10,0.11987955103515183,0.028174700345037006,10,0.31177391186364234,0.05186010898855892,10,0.16375461965799332,0.016784453092430627,10,0.556437224149704,0.06416652370104649,10
nohidden_HO_T20_mixFP,0.8,0.025,5,0.47346201081387,0.0320457631880618,10,0.6166433571908387,0.03054989215970991,10,0.5481104722201114,0.0601783869505359,10,0.7121078323464741,0.029951325718491517,10,0.2571582451392933,0.046509608977095024,10,0.14253829883310576,0.02931117891896646,10,0.3177699032201491,0.05335797574951883,10,0.17109605371952058,0.013920931909991817,10,0.6139580070972442,0.07740728447234127,10
nohidden_HO_T20_mixFP,0.8,0.025,6,0.5018909205535308,0.05309158839610575,10,0.6364450660834187,0.041712926394348614,10,0.5694027237753796,0.07900880544401381,10,0.731192498014807,0.027377430892746305,10,0.41489172196752094,0.08640695023624868,10,0.1263235770600776,0.036115399335461276,10,0.3211699346424668,0.07537535159064973,10,0.16119151264429094,0.024298763354868438,10,0.5803930640220643,0.11573555110344713,10
nohidden_HO_T20_mixFP,0.8,0.025,7,0.4772957257950434,0.016638567296028577,10,0.6213571702116527,0.016205430406410544,10,0.5444450210821514,0.02895276646846063,10,0.7254249118159596,0.020300880262662323,10,0.5152555205454062,0.09099367091484352,10,0.1455411953269919,0.008088305253738097,10,0.37944113882743863,0.02887922068888987,10,0.1796003744006157,0.012271609000303952,10,0.7713887393474579,0.08649483757207771,10
nohidden_HO_T20_mixFP,0.8,0.025,8,0.6023047251957296,0.02433509940502514,10,0.7067179912087156,0.01105185428885535,10,0.6799637226130881,0.018239341206866003,10,0.7365508538864965,0.023829759540762326,10,0.5798525394610679,0.09000771762070574,10,0.07169887388018993,0.010986834222780038,10,0.24789038825613977,0.0214886629552589,10,0.11701820716261864,0.014729163033635778,10,0.40558997690677645,0.05059300387919653,10
nohidden_HO_T20_mixFP,0.8,0.025,9,0.6031154763152243,0.01986827072536472,10,0.7008908399972392,0.011054304735639562,10,0.7186552624643325,0.01900308602365255,10,0.6849899427785299,0.026240802112904447,10,0.6630267175459548,0.08034898546542471,10,0.07102326381386695,0.008687960665316984,10,0.23230099395441686,0.025113817725655494,10,0.11509836316108704,0.013207808230081402,10,0.42317062318325044,0.047137973999730784,10
nohidden_HO_T20_mixFP,0.8,0.025,10,0.31534627462408377,0.04017079288982713,10,0.5177356158176916,0.036845813121410706,10,0.4066958717084807,0.047126780378039114,10,0.7189432640760054,0.014302900319166856,10,0.7957792105777486,0.054418527145758865,10,0.26065788523496775,0.033976924251870134,10,0.58510173334799,0.0498204041750779,10,0.2891216367483139,0.030881735748420947,10,1.5753606796264648,0.23672381947235935,10
nohidden_HO_T20_mixFP,0.8,0.025,11,0.21299766081643834,0.018620758473505864,10,0.45685078387811373,0.03539391971076364,10,0.3485129045922272,0.0458393044654006,10,0.6720307146372073,0.03321067570032882,10,0.44924620120909775,0.06463296424936066,10,0.30893811422735784,0.022458521925205654,10,0.6081376009053289,0.054600285059017414,10,0.32474832236766815,0.014745866509854592,10,1.626355028152466,0.1372093147692158,10
nohidden_HO_T20_mixFP,0.8,0.025,12,0.42269166682101966,0.05721778617106672,10,0.5832071446025887,0.052778941471367295,10,0.48575000336555635,0.08498068930866652,10,0.7446703097877457,0.02881682902374538,10,0.26918650054262605,0.04290217888585205,10,0.1806772752524031,0.04483543806547659,10,0.3780491066033392,0.06744135983459275,10,0.19635612964630128,0.023456220008667074,10,0.6546415090560913,0.0698009174085028,10
nohidden_HO_T20_mixFP,0.8,0.025,13,0.5505506685917695,0.010408574923116783,10,0.66979601882108,0.015496027341290925,10,0.623741722386335,0.03933508580329074,10,0.7261282695883712,0.02513063059077392,10,0.5151068372496894,0.04524284473038198,10,0.09617969340345085,0.008483698658870296,10,0.28050936878882565,0.040887582124727026,10,0.14114234447479249,0.005229098609860586,10,0.514638215303421,0.02863905407510745,10
nohidden_HO_T20_mixFP,0.8,0.025,14,0.40577670749257405,0.02995802064012844,10,0.5736897285261465,0.028587330644512517,10,0.4758725211273373,0.04350294084027413,10,0.7269499743620808,0.023493994660337466,10,0.4765335026725469,0.01807620986684225,10,0.1831043223546317,0.01837598744695984,10,0.4983807113844298,0.058318032097361104,10,0.22066517025232316,0.016212631404745746,10,1.2235001385211945,0.30432036855004574,10
nohidden_HO_T20_mixFP,0.8,0.025,15,0.42621172919003036,0.014332439746946903,10,0.5869376604733696,0.02168560470088511,10,0.4747074497232135,0.036342570284997364,10,0.7734442378346944,0.0267991838084073,10,0.4123436623586055,0.022857222726913692,10,0.18640395633510784,0.010344368383590163,10,0.44145675530362266,0.0387940930193638,10,0.2141597867012024,0.007401584505452702,10,0.8588458657264709,0.07470733699222655,10
nohidden_HO_T20_mixFP,0.8,0.025,16,0.6172782206386922,0.006669284495506499,10,0.7167630758221486,0.008556046687825322,10,0.6932855462618241,0.02517615163487315,10,0.7430720437788195,0.01982892364660939,10,0.5504449995370935,0.03770881401835186,10,0.06473722731640555,0.005289093822904479,10,0.2189201588859484,0.01872995692281545,10,0.11178540661931038,0.009227287626999618,10,0.38778633177280425,0.04226797926872665,10
nohidden_HO_T20_mixFP,0.8,0.025,17,0.641064607507353,0.015629842739852136,10,0.7342550665816813,0.004848448816636673,10,0.7151251104578891,0.016046603689710795,10,0.7551570455581561,0.01879878256328083,10,0.6781475182616429,0.016247198487591125,10,0.06693538926637595,0.011154010287808293,10,0.22954208615935295,0.010325215164514514,10,0.10573972091078758,0.013259295044819904,10,0.37896310687065127,0.06156494328313721,10
nohidden_HO_T20_mixFP,0.8,0.025,18,0.5941329849117978,0.023892469292965655,10,0.7011232694023783,0.008825855351409699,10,0.6712188435995813,0.012815771721500356,10,0.7343425936771679,0.01972634334504227,10,0.6404453945313483,0.029407762552581766,10,0.0774812119307086,0.012493877552646178,10,0.2289543587600429,0.017879325416894548,10,0.12295382246375083,0.0167783741172361,10,0.4730721950531006,0.0878195189238232,10
nohidden_HO_T20_mixFP,0.8,0.025,19,0.6577446178396487,0.020638938103561863,10,0.7413638441367837,0.007143915784461469,10,0.7684407884254079,0.009623667990128636,10,0.7162619877015086,0.010999093670524646,10,0.5241201538295495,0.042018598306950684,10,0.03536913472264267,0.010245094812848892,10,0.09776955307394415,0.013699786290484446,10,0.09565975144505501,0.014287467145040438,10,0.33553093373775483,0.055969639103149976,10
nohidden_HO_T20_mixFP,0.8,0.025,20,0.6872638293609994,0.014411967983964064,10,0.7656373657904789,0.005218941283436386,10,0.7764193857582495,0.007557999249856543,10,0.7553208769599289,0.011933062394457324,10,0.6746524974271165,0.02837306581733938,10,0.03286600797475889,0.007897382366852912,10,0.1285689081710234,0.007630275641512619,10,0.08591440692543983,0.010984744816156692,10,0.29068668782711027,0.04853047964966611,10
nohidden_HO_T20_mixFP,0.8,0.05,1,0.18156609693575923,0.024683751459411155,10,0.36204097127581575,0.031439831886675956,10,0.4112466394178872,0.04782912386674644,10,0.32659039645364923,0.040642587758131336,10,0.9158588775295471,0.10754786164982615,10,0.16725411958560726,0.016079662592305134,10,0.6189444296200733,0.0734801050909804,10,0.2319907620549202,0.016581535483376868,10,0.9374563515186309,0.07432080670157226,10
nohidden_HO_T20_mixFP,0.8,0.05,2,0.28311705231769996,0.05277659821838705,10,0.4737634043577829,0.04560174677453613,10,0.4466974289075747,0.0679073586828659,10,0.5106485428906883,0.04743919588332842,10,0.5873872459508026,0.07896786376116388,10,0.14018102268753244,0.022267528232989373,10,0.5420356444995219,0.11156524365272519,10,0.21497628539800645,0.015867854034065963,10,0.7343176245689392,0.10012552056014001,10
nohidden_HO_T20_mixFP,0.8,0.05,3,0.3664663204247306,0.029898235568072574,10,0.5399361703715428,0.024071911762610865,10,0.48777156846103686,0.045662503542038,10,0.6103686004237647,0.038706759566298335,10,0.1932558998254636,0.04965693944241796,10,0.14140320623419825,0.02341864382818869,10,0.4251893758628852,0.04777672781263965,10,0.19935781955718995,0.01386644019680036,10,0.6905463874340058,0.05890830218215732,10
nohidden_HO_T20_mixFP,0.8,0.05,4,0.4525128087280989,0.030050511820461347,10,0.6002370752369519,0.02164192508746432,10,0.5501674774885923,0.04208918052319929,10,0.6656210305603802,0.04339280070662902,10,0.2860847834390832,0.05666683545524559,10,0.11604632774407637,0.02484008084989232,10,0.33983689699993813,0.04768929198368994,10,0.16860902309417725,0.01635100118376219,10,0.5701991885900497,0.061805022759153234,10
nohidden_HO_T20_mixFP,0.8,0.05,5,0.45900448214712586,0.02687499332834994,10,0.6059274326608415,0.02659796935540938,10,0.5435467352378027,0.055645576556442304,10,0.6912678874237435,0.03261832798807135,10,0.27740723398561173,0.042493504986537825,10,0.13623003397377384,0.025180511759375107,10,0.34844625431744947,0.04057484302705747,10,0.17418464422225952,0.012200072388672252,10,0.6191850066184997,0.06782609257561799,10
nohidden_HO_T20_mixFP,0.8,0.05,6,0.4862448077863853,0.049303558762584236,10,0.6253152719923312,0.03891980465737688,10,0.5591556522557417,0.0738738644753238,10,0.7188101273689659,0.03356625465299587,10,0.4243259566121417,0.0796972222329454,10,0.12742662070101782,0.033047196727867725,10,0.3415698437173128,0.07241002179960794,10,0.16540863662958144,0.0231383304838209,10,0.590428963303566,0.10878421086853723,10
nohidden_HO_T20_mixFP,0.8,0.05,7,0.46475306622419305,0.01547116912171035,10,0.6123661773306835,0.01542569546319798,10,0.5371755453664221,0.030737350314037647,10,0.7144457888060721,0.023375917610973986,10,0.5086483659984031,0.08628983669160759,10,0.14730657974628966,0.007625114140760673,10,0.39540652533358084,0.029502958325038867,10,0.18311662673950196,0.011558464923923628,10,0.7593694746494293,0.08040417529580393,10
nohidden_HO_T20_mixFP,0.8,0.05,8,0.5809702197523728,0.02327401094710274,10,0.6912876173835293,0.012090135269872581,10,0.6601539235335447,0.021776787392826114,10,0.7268049914715997,0.02701568715296672,10,0.5743047109094694,0.08150356950741566,10,0.07992732168916286,0.010100352385581903,10,0.27455462914298867,0.02591788261821936,10,0.12431467846035957,0.0141535397223744,10,0.4325226902961731,0.05063583934777457,10
nohidden_HO_T20_mixFP,0.8,0.05,9,0.5863414540416821,0.01757604767506017,10,0.6883582936141227,0.00926437785690895,10,0.704290451454224,0.020340694013950125,10,0.6744988298452884,0.028694949954880127,10,0.6520290501992393,0.07262982419972261,10,0.07618352721323803,0.008893180502477128,10,0.2513183523508872,0.02276354095975611,10,0.12036952897906303,0.01321583744056879,10,0.44305647909641266,0.047559955986356005,10
nohidden_HO_T20_mixFP,0.8,0.05,10,0.3198456415907816,0.03923661697603448,10,0.5200820076886525,0.03602288048677913,10,0.4120125580875982,0.04805369557781572,10,0.7122198707553073,0.01661140496944207,10,0.7904078444673458,0.05536325528311878,10,0.2514231702770678,0.032235764905907564,10,0.5724094034337229,0.044817705135636085,10,0.2803363710641861,0.028822004583526333,10,1.4403791904449463,0.2235447012498225,10
nohidden_HO_T20_mixFP,0.8,0.05,11,0.2147360601089056,0.02158798192976467,10,0.4574462893024188,0.03620760184813722,10,0.3502319554743897,0.0472551833432954,10,0.6687082907885611,0.03403455182985843,10,0.43933658516515006,0.06341840478775168,10,0.30429859737133796,0.02173469545992803,10,0.6028323850640627,0.04984482022139544,10,0.32174535691738126,0.013303837432392442,10,1.6057406425476075,0.11165616504682857,10
nohidden_HO_T20_mixFP,0.8,0.05,12,0.4072667050589348,0.06093282781178809,10,0.5732731399221065,0.055164749397416946,10,0.4723416948927797,0.08560621229855825,10,0.7454476696219836,0.029316087237567828,10,0.2653395413299075,0.04530079211949881,10,0.18917332531525094,0.047746118676368375,10,0.39840330814364605,0.06430754237025679,10,0.20429325252771377,0.026434331251389033,10,0.676993066072464,0.07462354603657997,10
nohidden_HO_T20_mixFP,0.8,0.05,13,0.5356599121953244,0.010848162094095865,10,0.6595343076063919,0.017377665727044567,10,0.607649615806123,0.04262321409245869,10,0.7244822695457067,0.024450333203677364,10,0.4983833857302785,0.04412312200744789,10,0.10407106220370992,0.010488910075608406,10,0.2955627995778819,0.04056958563902969,10,0.14677444249391555,0.005132279656469512,10,0.5319079488515854,0.03315946286172603,10
nohidden_HO_T20_mixFP,0.8,0.05,14,0.4031259250511733,0.026836128594911236,10,0.5718118996719743,0.028262988027379626,10,0.47234864913486463,0.04420410200175911,10,0.7296934472422214,0.02550595742669123,10,0.4648770878144436,0.020694577080824655,10,0.1869703510895019,0.016885333033094738,10,0.4909313056933827,0.058631653708111346,10,0.22197595983743668,0.015040350412956184,10,1.1623005807399749,0.29655842889122486,10
nohidden_HO_T20_mixFP,0.8,0.05,15,0.4191440654326681,0.013886963785790553,10,0.5821630965094388,0.022686992332238847,10,0.46748534572719824,0.03704180013653398,10,0.7764055561698135,0.026559995607882005,10,0.4045445111647088,0.02348338040510742,10,0.19406412425046435,0.010367527553028858,10,0.4436078466071889,0.03136323668159472,10,0.2175442397594452,0.0072752540512289994,10,0.8370844781398773,0.07080002158048755,10
nohidden_HO_T20_mixFP,0.8,0.05,16,0.5924558436082313,0.003977830322503876,10,0.6999706365471561,0.01048959809514277,10,0.6606628501769626,0.029140188599148933,10,0.7458546190722827,0.020847024012405565,10,0.5343785455624919,0.03618970388340727,10,0.07869237817320972,0.004954768232260901,10,0.26174614657724155,0.02462409462920609,10,0.12124058082699776,0.008554989653528673,10,0.4201771467924118,0.04074757083079584,10
nohidden_HO_T20_mixFP,0.8,0.05,17,0.6182322804241592,0.012888187732507238,10,0.7187246357974391,0.005868757115857121,10,0.6841303452071628,0.020221681177133286,10,0.7580106529740052,0.019648080777610922,10,0.6518846989790054,0.016294496200892725,10,0.07973756929367812,0.009674685310831143,10,0.2717690709901407,0.01286672614913928,10,0.1150984600186348,0.012287124292791007,10,0.41581719517707827,0.05858139557950429,10
nohidden_HO_T20_mixFP,0.8,0.05,18,0.5778098238485841,0.02077989383328717,10,0.6902532379667199,0.008393594337819834,10,0.6477327350486004,0.01634814176192503,10,0.739547224887221,0.020849729275168347,10,0.6201287244696989,0.026578220238091626,10,0.08862003404521329,0.01046863585406615,10,0.2669353743106113,0.021663925681006186,10,0.1295196995139122,0.015428995348830053,10,0.48788999319076537,0.07983860576832519,10
nohidden_HO_T20_mixFP,0.8,0.05,19,0.628892767623096,0.016839344387126698,10,0.7231054076952506,0.005786391855133465,10,0.7239336588277162,0.012592617269353882,10,0.7225824890483641,0.012387169974439508,10,0.509596003105335,0.037881303624125694,10,0.0506016427803984,0.009090347674381417,10,0.15189773790923153,0.01466363341971243,10,0.10579752251505851,0.013518020317661188,10,0.3722012251615524,0.054871272908143885,10
nohidden_HO_T20_mixFP,0.8,0.05,20,0.655005304310669,0.012861400164874578,10,0.7442330723280847,0.006040116912714224,10,0.7286027848081102,0.01375542887032452,10,0.760973469306435,0.014996558780313664,10,0.6409014881038531,0.0258161331354942,10,0.05013442652325941,0.006876701071235232,10,0.19560107067767857,0.012449981439696025,10,0.09738895669579506,0.010742174862372054,10,0.32996181547641756,0.04872791733704074,10
nohidden_HO_T20_mixFP,0.8,0.1,1,0.1517877034892871,0.020322938505928485,10,0.3253361615223544,0.026137148900961416,10,0.3953414470830082,0.04884547497150699,10,0.2788046692598631,0.030012531981334863,10,0.9203936368937937,0.10223386400296354,10,0.17025425353896156,0.013326853732908662,10,0.5837488341067718,0.06894740303169733,10,0.23018725365400314,0.015728218630703686,10,0.8827425301074981,0.06702276156231574,10
nohidden_HO_T20_mixFP,0.8,0.1,2,0.2366871508820149,0.04562985379659217,10,0.42106065291983785,0.03793135214658499,10,0.439133849358735,0.06976622457116552,10,0.4105411722506564,0.04082119844572059,10,0.629003301397314,0.07904597428033182,10,0.13896702240891806,0.021300199916904003,10,0.5426292483856758,0.11198278829268882,10,0.2111373260617256,0.015592118526619151,10,0.7010067343711853,0.08660734470422427,10
nohidden_HO_T20_mixFP,0.8,0.1,3,0.2898276461960884,0.03581829253039149,10,0.478298373550179,0.02334333941056313,10,0.4521157824384957,0.03920545671165913,10,0.513446461915281,0.046486886979155845,10,0.27598509740250476,0.04589005226172191,10,0.14227186214690835,0.016467641184207453,10,0.4836233333577602,0.04749366447959287,10,0.2107506960630417,0.017135164659525116,10,0.7118416011333466,0.06300941489297261,10
nohidden_HO_T20_mixFP,0.8,0.1,4,0.37949138023719836,0.03468260841848222,10,0.5400436809429378,0.02616034507493659,10,0.5242461321529243,0.04029588462451189,10,0.5623314410973121,0.05068641680929743,10,0.35236005820411753,0.060543371249278645,10,0.11261581243167469,0.020591736846768325,10,0.3919652628184006,0.051565174369692636,10,0.17980989813804626,0.01881371766884125,10,0.5988218545913696,0.06773636164210424,10
nohidden_HO_T20_mixFP,0.8,0.1,5,0.3789591760917218,0.027282321633567762,10,0.5405118265901488,0.02282974765352309,10,0.5196084996402035,0.050721193527128644,10,0.5704001304573728,0.04662236374998928,10,0.3436095676710894,0.037295739379136515,10,0.12748073351314373,0.015910414696630116,10,0.40640615819593257,0.05262770096827954,10,0.18617801517248153,0.012858469086588824,10,0.6460765182971955,0.05812433302510296,10
nohidden_HO_T20_mixFP,0.8,0.1,6,0.40517757920912134,0.053860218917131004,10,0.5584970834684617,0.037769510364657095,10,0.5419435284268816,0.07357702580137032,10,0.585718198594692,0.052122768307962114,10,0.4877629957235162,0.07853050685599164,10,0.12499169542218484,0.025199315793277183,10,0.3601264350586673,0.07794647960885723,10,0.17712510377168655,0.022284968104322792,10,0.6235800743103027,0.09594829955119691,10
nohidden_HO_T20_mixFP,0.8,0.1,7,0.3805350641771895,0.026800344340471575,10,0.543000924282075,0.01675129168616927,10,0.5207779570824317,0.031326680669877746,10,0.5700679033407091,0.033938956341752737,10,0.5672449885092622,0.07316527249983476,10,0.14602539567636336,0.013610458276443523,10,0.4395650165385085,0.028946453456219698,10,0.19286887794733049,0.01659868279887249,10,0.758986359834671,0.09307120485661896,10
nohidden_HO_T20_mixFP,0.8,0.1,8,0.490637602438717,0.034817080936159525,10,0.6074687130491856,0.024394779337235946,10,0.6572166736112509,0.028815504313105228,10,0.5677499456310817,0.04744545620856684,10,0.6444234871650448,0.07359629771582442,10,0.09376662468702177,0.016711435613263406,10,0.23671236154052472,0.03171070696824769,10,0.14263969659805298,0.01977696355204723,10,0.5073066592216492,0.07811343618248516,10
nohidden_HO_T20_mixFP,0.8,0.1,9,0.5042550227532552,0.028729632221158534,10,0.6039928972395678,0.02431530072127055,10,0.7070743022334479,0.02359153909085509,10,0.5297268939220231,0.04531474770952032,10,0.7114812190869155,0.056613004034033014,10,0.09923982705631608,0.019773030044239623,10,0.21741769592312385,0.028096500252231357,10,0.14010282531380652,0.01984846335904537,10,0.5340288162231446,0.08322462923133225,10
nohidden_HO_T20_mixFP,0.8,0.1,10,0.25744962146005745,0.0374658089131655,10,0.47216343889407425,0.029186189062354324,10,0.4019058663400291,0.047384254308318,10,0.5804953428793588,0.03907190950613089,10,0.8085299763718906,0.0550383335440682,10,0.24176618799413138,0.027170902102271407,10,0.6060315735521217,0.03095718634891039,10,0.2731117710471153,0.024566108501112204,10,1.2926715433597564,0.22394483583255417,10
nohidden_HO_T20_mixFP,0.8,0.1,11,0.17348289967421976,0.024679979650405602,10,0.4275681743952111,0.032477732829485836,10,0.33897913130230123,0.04583275872743374,10,0.5878847452478176,0.03815914568277801,10,0.4580846338719045,0.05632672784362528,10,0.29244951731149216,0.016065303762382927,10,0.6271222927943993,0.04796666913442713,10,0.3185626775026321,0.010237675475645676,10,1.5626011848449708,0.10755330235904798,10
nohidden_HO_T20_mixFP,0.8,0.1,12,0.3437451300832125,0.06255791966500517,10,0.5298019038786617,0.05251667222213485,10,0.4514977256549731,0.08509536975278865,10,0.6567744463683367,0.039636525501914384,10,0.30025622717783385,0.05290999805647617,10,0.17844550585917332,0.04585799727175337,10,0.4252930841563448,0.06592133884942197,10,0.21248772442340852,0.026408634188810946,10,0.6879303872585296,0.07368694164806372,10
nohidden_HO_T20_mixFP,0.8,0.1,13,0.4760708706036646,0.011058049054501187,10,0.6116769763918073,0.015309445416298539,10,0.590624346271276,0.050212571078716794,10,0.6392193923719558,0.0327172148160734,10,0.5313914421760091,0.05663149474091586,10,0.10760932161690281,0.01036812376163462,10,0.3119549145134492,0.053627787541927936,10,0.15733275413513184,0.00702280339774239,10,0.5549353003501892,0.038262975680297774,10
nohidden_HO_T20_mixFP,0.8,0.1,14,0.34738203956976454,0.018116350635245658,10,0.5313364164712167,0.022768672472895986,10,0.45855619242965495,0.0436255430095573,10,0.6376466901438466,0.03396918812693946,10,0.4879388872069296,0.033739088748306764,10,0.18538229801982967,0.014507776914717144,10,0.5273422710078643,0.06064299297515099,10,0.22736138850450516,0.013006781133310727,10,1.09058620929718,0.2742601481714316,10
nohidden_HO_T20_mixFP,0.8,0.1,15,0.3608377087636557,0.02269943700899901,10,0.5430137796134568,0.022746880895749125,10,0.4559475159060466,0.03677537432808974,10,0.6757236306627735,0.03359771533310442,10,0.4415665140625033,0.02631832886262153,10,0.1870334458932702,0.009933341309652358,10,0.4540772780606435,0.04009419797786262,10,0.218681962788105,0.011200038445680497,10,0.7916869342327117,0.07680015058277136,10
nohidden_HO_T20_mixFP,0.8,0.1,16,0.5098243267778317,0.013954468436536634,10,0.6306164025454368,0.01694684888927353,10,0.6444977629336958,0.03293434767866345,10,0.6191341422579321,0.029528811586698945,10,0.5897053784318036,0.036279496732668615,10,0.09068486541413927,0.008598727409631444,10,0.2537780832310391,0.02607154336637022,10,0.13915152996778488,0.010864860270762118,10,0.49049062132835386,0.04880179049197711,10
nohidden_HO_T20_mixFP,0.8,0.1,17,0.5480877179526804,0.011222276370502316,10,0.6580326941812744,0.011879714039965924,10,0.6807447164111281,0.024950592404859032,10,0.6384310064630407,0.030485179731849738,10,0.6963919227392885,0.02292016622934351,10,0.09207033380750641,0.01170042505193859,10,0.24969152652567378,0.022292499733698363,10,0.13080849796533583,0.01315235279696399,10,0.48865820169448854,0.06372516571891287,10
nohidden_HO_T20_mixFP,0.8,0.1,18,0.5021970401096174,0.0215958554936155,10,0.6255491822093076,0.015531771349637536,10,0.6383698096184246,0.021042237456610796,10,0.6144001403220647,0.029540110473441537,10,0.6691556515072568,0.023545162331227346,10,0.10089546964065943,0.013493054230794086,10,0.2824614647961244,0.025120804971495513,10,0.14411105811595917,0.016530401385567252,10,0.5400009304285049,0.08082855834072716,10
nohidden_HO_T20_mixFP,0.8,0.1,19,0.5301707088479117,0.017025358317829423,10,0.6390130369059677,0.01318216479236254,10,0.6874530898849869,0.01992337434368046,10,0.5978840899400231,0.025471168274458233,10,0.5589516450350807,0.035775191699951484,10,0.08229687281642568,0.012031426128538438,10,0.21493686272074214,0.020468917590917304,10,0.1313756063580513,0.0149435782468437,10,0.4783912837505341,0.0649202560019748,10
nohidden_HO_T20_mixFP,0.8,0.1,20,0.5646493545266191,0.015091446155151145,10,0.6682798413889254,0.01240347881744805,10,0.7031791575636164,0.022326761635559425,10,0.6379936618140489,0.028774560227614328,10,0.6640722884128875,0.024445182412375508,10,0.07439809983442507,0.011758483990665994,10,0.18982496452474013,0.015066345319888916,10,0.12128254026174545,0.013301460317832423,10,0.4253556489944458,0.06268154900354178,10
nohidden_HO_T20_mixFP,0.8,0.2,1,0.09361946423016212,0.010845716564495194,10,0.24982129233221245,0.014986035231427922,10,0.35553773946950606,0.0457146052447651,10,0.19432021433787255,0.016679801621290513,10,0.9232060949506128,0.0965139223710805,10,0.18341047308531727,0.012410356967680477,10,0.5390043260878815,0.07366995736424158,10,0.23084679245948792,0.016731141728907644,10,0.8569094240665436,0.06124262782954109,10
nohidden_HO_T20_mixFP,0.8,0.2,2,0.12990336848856981,0.02383106340942219,10,0.2802095032567184,0.0178723330087428,10,0.39430702763387077,0.06364798389110302,10,0.22211605208472865,0.02764507411545973,10,0.7214859611733039,0.07174976214590585,10,0.16864224512593703,0.019702737642618897,10,0.47971788887782746,0.13081424062617417,10,0.21614748537540435,0.017695501833269418,10,0.7413073003292083,0.07611400865753612,10
nohidden_HO_T20_mixFP,0.8,0.2,3,0.10972094015463132,0.047952035345758384,10,0.2954243877818631,0.03644774272595885,10,0.3532883581575165,0.03106941651841943,10,0.2573912833415576,0.04658807570864094,10,0.48997318580471577,0.05113068643634031,10,0.18983704261677253,0.033113857111733355,10,0.5644970946032115,0.06299151795639618,10,0.23203830420970917,0.029364429051345706,10,0.79384064078331,0.1213891186493514,10
nohidden_HO_T20_mixFP,0.8,0.2,4,0.14277156435810917,0.03534454348624623,10,0.28751089230296195,0.030110649946415147,10,0.4095161421937152,0.039848550622975924,10,0.22503201336005238,0.0371563140426097,10,0.5826086798893244,0.09719273371345408,10,0.17736428933857876,0.02925633191671304,10,0.45394175109444923,0.07751562983469748,10,0.21678973436355592,0.02803895151877476,10,0.783763974905014,0.12467574429528572,10
nohidden_HO_T20_mixFP,0.8,0.2,5,0.10567648457872851,0.035119135962035995,10,0.2413805529356051,0.03281059365270638,10,0.379431529091108,0.06537874113734446,10,0.18201602447522236,0.038065092267476494,10,0.6203309492884846,0.0717645786276432,10,0.20111556143239434,0.023243437171846876,10,0.4920996198230781,0.11438533346593026,10,0.2320119857788086,0.02280168269612938,10,0.9304159998893737,0.12458817569538111,10
nohidden_HO_T20_mixFP,0.8,0.2,6,0.1011586146060858,0.04960589498156579,10,0.1932577814783561,0.030862335611964997,10,0.4108952461641742,0.10721384896160867,10,0.13140732475195696,0.03222391160855109,10,0.7735500908792061,0.0917622581183305,10,0.205468045862929,0.027913885299989696,10,0.4536906746033953,0.1540941314993239,10,0.2320050925016403,0.025418579982365994,10,1.0081736505031587,0.1549871751520644,10
nohidden_HO_T20_mixFP,0.8,0.2,7,0.056059296845239526,0.050614848878752956,10,0.15299174060248744,0.017549222962934097,10,0.35063569444919496,0.11215698207086562,10,0.10001851267072237,0.013861235083794785,10,0.8437973214730956,0.046524260033123696,10,0.22710345688979555,0.02995274497879393,10,0.6007680572441857,0.2047541237238685,10,0.24719946086406708,0.030171182161613973,10,1.2282348036766053,0.17810711850274666,10
nohidden_HO_T20_mixFP,0.8,0.2,8,0.11292485299363302,0.027487710430587047,10,0.1164639864571891,0.03644686032588932,10,0.5343931060769375,0.07218303476785433,10,0.06676230030828026,0.025477666218398882,10,0.9074154359038171,0.05499448296964096,10,0.2109150554698595,0.03168473693800471,10,0.3596160271425871,0.03955437658722893,10,0.22684246748685838,0.03100811791606417,10,1.0891839027404786,0.1844776725299901,10
nohidden_HO_T20_mixFP,0.8,0.2,9,0.136570434942577,0.02291258181545427,10,0.12624580521957862,0.029710779576622652,10,0.5917588680568269,0.04448338466016679,10,0.0712202054458745,0.01929976292420076,10,0.9254604640505374,0.022338850356632398,10,0.20989331237856185,0.03131662836412011,10,0.31952397848855557,0.04075164844302927,10,0.22453742176294328,0.03053932284068254,10,1.1151689171791077,0.18837860660928635,10
nohidden_HO_T20_mixFP,0.8,0.2,10,-0.02710166076891594,0.022342700962109757,10,0.18537155851819065,0.025746443717029735,10,0.22913428065566704,0.043099274738502134,10,0.15713556698668213,0.020944711599191614,10,0.8999225826287841,0.04695621820920994,10,0.2859547480511323,0.028364977801294367,10,0.8084340673059034,0.03012637485521022,10,0.2994294762611389,0.029841936153315537,10,1.4577534794807434,0.29455955809769774,10
nohidden_HO_T20_mixFP,0.8,0.2,11,-0.047001474202057233,0.02269813149281553,10,0.21621065162499642,0.02811905176568245,10,0.21865588258416574,0.04163420580620756,10,0.2159295423655739,0.022446389388708222,10,0.6116087059503618,0.04335740926159627,10,0.29362098844751827,0.013254494909269875,10,0.8690825145294161,0.04775247126162227,10,0.3281679779291153,0.013149566177475602,10,1.6378752946853639,0.15689183926900918,10
nohidden_HO_T20_mixFP,0.8,0.2,12,0.02203864825223742,0.04532226841700015,10,0.1921425623217422,0.038800317196429714,10,0.28145721619422404,0.08199574154400381,10,0.1492682976181921,0.03231574075264174,10,0.5616921371852948,0.07259526813488942,10,0.2036333755199092,0.022717209223760013,10,0.6759515688718787,0.15284475698102346,10,0.2449673593044281,0.018067566367809484,10,0.8774515509605407,0.07816254060390644,10
nohidden_HO_T20_mixFP,0.8,0.2,13,0.10822304896798803,0.03881767364316415,10,0.1608561967172247,0.02722733836899535,10,0.45081145399251454,0.10552958444081226,10,0.09873156544271286,0.01822691695765047,10,0.834114487486907,0.04881900274855483,10,0.1875220459594869,0.02504960803907089,10,0.4533336750552607,0.12713953525712418,10,0.2200273185968399,0.022146826928555578,10,0.9251258194446563,0.11348874939634897,10
nohidden_HO_T20_mixFP,0.8,0.2,14,-0.056324184870503655,0.01883121381454797,10,0.12621245910079595,0.023399132586012755,10,0.190644853743107,0.0464209152532814,10,0.09596970115193884,0.019909199596781495,10,0.7616275344514429,0.044715890656766365,10,0.2738042964664421,0.020570045645530034,10,0.9033806322527095,0.054192601770107623,10,0.2941314190626144,0.020983794720425674,10,1.5110245943069458,0.27084987973361363,10
nohidden_HO_T20_mixFP,0.8,0.2,15,-0.038971207562444515,0.01577503093849425,10,0.11837197578286814,0.022151572874725294,10,0.20427151553457873,0.04245879573187023,10,0.08397024097893406,0.016823835832189143,10,0.7272441797489533,0.0375503551602118,10,0.2445829450675646,0.023964568854761076,10,0.8374318637084548,0.04173034546330475,10,0.26464331448078154,0.02594472064782217,10,1.1523945927619934,0.1429280935225701,10
nohidden_HO_T20_mixFP,0.8,0.2,16,0.04102288421013054,0.028925978282366677,10,0.055786510962348046,0.017228530005984972,10,0.38291558507138246,0.110988219160176,10,0.03025393515243007,0.009578665790660718,10,0.9242573260502139,0.027503668263042267,10,0.2251449572324921,0.024673343730010906,10,0.5099076232451306,0.13954353384879986,10,0.23921459913253784,0.02525190037894872,10,1.2587666869163514,0.10957066375359169,10
nohidden_HO_T20_mixFP,0.8,0.2,17,0.13490993644790222,0.01933952310255742,10,0.11115447545198238,0.014043081356588773,10,0.6216202676493905,0.08299106217270433,10,0.061176480450458745,0.00821328355265214,10,0.9435536158033386,0.01445922231450152,10,0.20915823018497465,0.028867527912567914,10,0.3586961119327999,0.05750866606286693,10,0.2230079084634781,0.026272890070762958,10,1.0981769502162932,0.15182222100920428,10
nohidden_HO_T20_mixFP,0.8,0.2,18,0.06907841365972876,0.02448269151139813,10,0.09414697140401726,0.014428201636498269,10,0.4241323848227966,0.05678654405871312,10,0.05325823715389923,0.00940216689226003,10,0.9319111159892184,0.01786369367989744,10,0.21519334523105763,0.033271093666954285,10,0.6196730378334527,0.13651222127970478,10,0.23184561282396315,0.03170220418984164,10,1.1096728563308715,0.18387796462597422,10
nohidden_HO_T20_mixFP,0.8,0.2,19,0.14343672823362852,0.01169460663076744,10,0.19145218428726637,0.010569188616156558,10,0.5007982833881541,0.035249519454781664,10,0.11879240801624143,0.009910050903661134,10,0.8064496059462325,0.025618509374331102,10,0.20062042572171426,0.028214238074956165,10,0.37087909042460987,0.011516569865474743,10,0.2197971224784851,0.028153580067740002,10,0.9991018593311309,0.17667669872696376,10
nohidden_HO_T20_mixFP,0.8,0.2,20,0.19898704247807186,0.014547194982024052,10,0.2394026905320364,0.01159967094705479,10,0.5788292078390495,0.0418604802310872,10,0.15132882262260966,0.010368858089273833,10,0.8223729694745849,0.02340610865485815,10,0.1787405769388534,0.029738872604287935,10,0.322832742159042,0.025623459139882593,10,0.20381414294242858,0.02819965618334464,10,0.8471532583236694,0.17731914577259744,10
nohidden_HO_T20_mixFP,0.85,0.01,1,0.17863103951680212,0.034767700109838616,10,0.3697987516719129,0.04077223842602728,10,0.4000341273759653,0.05026583142501565,10,0.3476334620403072,0.05233536452964287,10,0.9110598027256215,0.11388027532289813,10,0.1693937834164429,0.020433632520384763,10,0.6685082528184811,0.05894144995605153,10,0.2387445241212845,0.018225290160324537,10,1.008507215976715,0.0913132474708398,10
nohidden_HO_T20_mixFP,0.85,0.01,2,0.27467159405798486,0.04833235116521366,10,0.4813504659821041,0.046292351101022686,10,0.4147822943214117,0.061002111572012956,10,0.5801851161390055,0.049019057658775025,10,0.5435159600191731,0.0771768123488845,10,0.17957318849114576,0.02966417861927052,10,0.5441998790141633,0.11224577024069327,10,0.23419592380523682,0.015727243484617334,10,0.8138696193695069,0.10402125960510017,10
nohidden_HO_T20_mixFP,0.85,0.01,3,0.40387726112505523,0.027685601084745874,10,0.5667189187121915,0.02649814358517561,10,0.5100143841564384,0.05128351556354198,10,0.6437193455821313,0.03603087638294242,10,0.1325079332184708,0.04520657907489806,10,0.1526607923337052,0.026802191888436605,10,0.3792902291010574,0.054640209095810424,10,0.1910351574420929,0.011728563846795954,10,0.6611202776432037,0.05468387027411541,10
nohidden_HO_T20_mixFP,0.85,0.01,4,0.46629998072180506,0.034709336320911416,10,0.6094606517229159,0.02239817292294642,10,0.5647733129882377,0.048613523522145555,10,0.6675085747399571,0.03796250470319945,10,0.26179727003542236,0.055167747199517746,10,0.11184586221855217,0.027641439288612128,10,0.30088592576865025,0.05299805585486426,10,0.16182718724012374,0.017500130283891035,10,0.5492286115884781,0.06591457813101351,10
nohidden_HO_T20_mixFP,0.85,0.01,5,0.4657302862673511,0.03386664631616795,10,0.6101753016544924,0.029663574663863324,10,0.5531727217365308,0.05982753866340696,10,0.687044418951558,0.02985991349886219,10,0.2631777777083206,0.04513289849686756,10,0.13210329751681354,0.027834969687410727,10,0.3066730107235953,0.050587172947313734,10,0.1690458297729492,0.014158520240955982,10,0.605991804599762,0.07474468578030778,10
nohidden_HO_T20_mixFP,0.85,0.01,6,0.4981947280103222,0.05387001825737466,10,0.6325272873997018,0.04042865429883113,10,0.5810162899076246,0.08029214074581137,10,0.7029266283413232,0.025125941428186478,10,0.43115227354995733,0.08629185715255935,10,0.11338566744099059,0.03317858148007256,10,0.30130774261470783,0.07790025340240025,10,0.15802457481622695,0.023472820050016528,10,0.5712851732969284,0.11489067262473207,10
nohidden_HO_T20_mixFP,0.85,0.01,7,0.4743549425287113,0.018135669452199882,10,0.61813964780576,0.01680391781803264,10,0.5554848218733716,0.02831879275865001,10,0.6981809432736157,0.020011955485223203,10,0.538829239323816,0.09346123090086712,10,0.13381115847371794,0.009242888254638927,10,0.3706078838616331,0.033646969251079496,10,0.17577039152383805,0.013342232143036231,10,0.7622197568416595,0.09317187983376055,10
nohidden_HO_T20_mixFP,0.85,0.01,8,0.6022954800275848,0.025806285332092768,10,0.7037741473454214,0.010883026231357097,10,0.7020360791198801,0.019158127886105436,10,0.7063115361282606,0.022011823924279143,10,0.6047224272027887,0.09272302887537298,10,0.0623642351894622,0.011776253651031585,10,0.20763414686809661,0.020007591706412805,10,0.11400919184088706,0.015571559864088482,10,0.39399939179420473,0.05285548609837759,10
nohidden_HO_T20_mixFP,0.85,0.01,9,0.5975405721408483,0.021994289925262193,10,0.6920601745120333,0.012277182349561664,10,0.7361201592976702,0.020754591625023813,10,0.6538095054762515,0.02386268809868249,10,0.6835625952570581,0.08081801247281688,10,0.06890923253071785,0.010789269116745291,10,0.19940329596401937,0.03083827408858782,10,0.11499988660216331,0.014196829895053997,10,0.421798175573349,0.04968004613962094,10
nohidden_HO_T20_mixFP,0.85,0.01,10,0.3073415644830019,0.04017925064538443,10,0.5126459732508805,0.037787988901849326,10,0.4043842059110835,0.04793501061728897,10,0.7066634950678685,0.014011898478281675,10,0.8132715782511977,0.05288589342461722,10,0.2618327604035572,0.03425315072005838,10,0.5988243395493614,0.05175809148140038,10,0.291896852850914,0.031177276030237042,10,1.6298068523406983,0.2445945780993462,10
nohidden_HO_T20_mixFP,0.85,0.01,11,0.2079992119303143,0.017142541067281105,10,0.45382646888206973,0.034702861127783056,10,0.34670975651923164,0.04434068827201628,10,0.6649751939811381,0.03183533708585733,10,0.4661391359067976,0.062128667300798204,10,0.30757392824806845,0.019548200607944363,10,0.6032304746521188,0.05000558709507259,10,0.3244776278734207,0.012473063755692909,10,1.6131701707839965,0.12518915081620027,10
nohidden_HO_T20_mixFP,0.85,0.01,12,0.4250539960507245,0.05466061568307686,10,0.5844938708850101,0.05031609133014263,10,0.4928592581905282,0.08504972198744383,10,0.7327095529418437,0.03046293570791046,10,0.2848870494429955,0.04308857147534006,10,0.17050049599194333,0.042228244155796825,10,0.36453948899556,0.07123036273324493,10,0.19192374050617217,0.021779437092962466,10,0.6396180033683777,0.0657047242536134,10
nohidden_HO_T20_mixFP,0.85,0.01,13,0.5489717976427384,0.012089912671479335,10,0.6677902411471892,0.014170138235248764,10,0.6298000470159554,0.03884203337502784,10,0.7137144909398937,0.028171416144905606,10,0.5388804052246103,0.04677297245516745,10,0.09256894320234496,0.006910078497134372,10,0.2756372047577492,0.04152444400805309,10,0.14035090506076814,0.006302675170535759,10,0.5151247352361679,0.028564080570829865,10
nohidden_HO_T20_mixFP,0.85,0.01,14,0.3951022391635123,0.02950190662302147,10,0.5662003859428509,0.028260632139840494,10,0.4744863432938427,0.04469440085913768,10,0.7068419277879361,0.023211332020385313,10,0.49120817805105066,0.01843621501527517,10,0.18092898172811286,0.018062151806979312,10,0.5138263809206144,0.05954344322254601,10,0.22181580513715743,0.015623567970657675,10,1.2563322544097901,0.2992847517493681,10
nohidden_HO_T20_mixFP,0.85,0.01,15,0.4158155138479055,0.014707010420452733,10,0.5803878464850533,0.020710075839021694,10,0.47449371489004843,0.03561349785873941,10,0.7516340005607691,0.026914549605561267,10,0.42762082837746596,0.021924716267434446,10,0.18138430076638953,0.009721857844482863,10,0.46152410684909817,0.04919191188927348,10,0.21485619097948075,0.007728874388504755,10,0.8722194373607636,0.06793260824007015,10
nohidden_HO_T20_mixFP,0.85,0.01,16,0.6153470055261931,0.00789584591387761,10,0.7124801349686813,0.008690050020667053,10,0.713058073190529,0.02451816650449625,10,0.712964705073861,0.02025020168129335,10,0.5744945999477803,0.037994514664391695,10,0.05602207929812821,0.007491727051404901,10,0.18169975525732296,0.01655139713198147,10,0.10957442447543145,0.009982538177279645,10,0.37856762409210204,0.046192248250426705,10
nohidden_HO_T20_mixFP,0.85,0.01,17,0.6376590011904417,0.016115206177993068,10,0.7292385846223064,0.005166455516879507,10,0.7322271837010297,0.015173065661369105,10,0.7269643689898383,0.019608137362486632,10,0.7076741757919536,0.015927020790693344,10,0.06199359311827492,0.013117783030382787,10,0.1965864547384996,0.01255286429033621,10,0.10441649854183196,0.013976981389776974,10,0.3737358391284943,0.06544414372954904,10
nohidden_HO_T20_mixFP,0.85,0.01,18,0.5826584077588983,0.024893791165828565,10,0.6900196141516364,0.009580208831550132,10,0.6823336438855535,0.012052147938706653,10,0.6983063095431834,0.01904039746429375,10,0.6608585444279363,0.0318746954971656,10,0.07279120337605642,0.014952043799602067,10,0.2206107342254683,0.024333104890940996,10,0.12350134253501892,0.017840535522712586,10,0.4799497902393341,0.09445802393844906,10
nohidden_HO_T20_mixFP,0.85,0.01,19,0.6512447401876277,0.021326051352014288,10,0.7296192152292794,0.008074178828848108,10,0.7970054449622617,0.011132438154487027,10,0.6728536043800241,0.010621933584512258,10,0.5466157836141093,0.043874966266076725,10,0.035479376882691295,0.008202816482049775,10,0.07496575588212008,0.011687738590688399,10,0.09563720226287842,0.014738584767164371,10,0.3357595205307007,0.05728266393929343,10
nohidden_HO_T20_mixFP,0.85,0.01,20,0.6856797123590763,0.0139786511416666,10,0.759884052429771,0.006053814971832647,10,0.8043493026496872,0.005684895712541863,10,0.7202006540380286,0.0117518830105272,10,0.7176647556258035,0.025043471432693205,10,0.026547148481225545,0.008446843406514998,10,0.06710227656205704,0.00874553786848975,10,0.08451141119003296,0.011004114324777797,10,0.28606375455856325,0.04883676314302943,10
nohidden_HO_T20_mixFP,0.85,0.025,1,0.16933482982648268,0.032605615228066744,10,0.35821537744932846,0.03883781078138897,10,0.39606504176180585,0.05035541130044458,10,0.33045439311272706,0.0483595474319875,10,0.9132156259912627,0.11130487820563781,10,0.16804432095801836,0.018510870037717488,10,0.6639773006153312,0.060691548818879344,10,0.23794817924499512,0.017680446730925135,10,0.9831961333751679,0.08388929313583449,10
nohidden_HO_T20_mixFP,0.85,0.025,2,0.26970296422418305,0.049113311275469154,10,0.4731847562229522,0.04581675705387928,10,0.4216473110310061,0.06250773519587395,10,0.545222993898481,0.04695205746026085,10,0.5548567445353705,0.07850188344919604,10,0.16568776633225207,0.02612668704962316,10,0.5507775145007584,0.11031680495139592,10,0.22946496903896332,0.015176641654752878,10,0.791249281167984,0.10133854316531024,10
nohidden_HO_T20_mixFP,0.85,0.025,3,0.3814327036025568,0.02689970170670074,10,0.5502898571141202,0.02469096679889886,10,0.4977947227334055,0.04882544529148724,10,0.621168471309052,0.03696985541567739,10,0.15065007233129574,0.04727186477492932,10,0.14642327750234196,0.026394053604473767,10,0.40633014359813024,0.050518911607512464,10,0.19562455713748933,0.011973598425232018,10,0.6736823737621307,0.05446317742251185,10
nohidden_HO_T20_mixFP,0.85,0.025,4,0.4556585655068174,0.032388073133266936,10,0.6017637550469505,0.021648972816264635,10,0.5577326280835618,0.04403241325369414,10,0.6582072104625304,0.03824366260224518,10,0.27278903571984714,0.05493303300911563,10,0.11196304911561102,0.025592310811161884,10,0.3144492038160796,0.04827248884150015,10,0.16555961817502976,0.017059205714156915,10,0.560257974267006,0.06417789849565167,10
nohidden_HO_T20_mixFP,0.85,0.025,5,0.45864324693215097,0.030273014546095125,10,0.6051403847351253,0.027558129651624717,10,0.54870719579606,0.05655440854444881,10,0.6807911410827779,0.029891476989854025,10,0.2715239208555838,0.04295683382317596,10,0.1306383124928124,0.025445557212825213,10,0.318080794797963,0.0518338967570668,10,0.17122882902622222,0.013065823523336472,10,0.6089450001716614,0.06860580758965389,10
nohidden_HO_T20_mixFP,0.85,0.025,6,0.48903346241495205,0.051085670297161996,10,0.6264730495672854,0.039076813167408415,10,0.5707545532791404,0.07616293402236368,10,0.7029759432322155,0.027720680857455663,10,0.4306069222836079,0.08162216533534082,10,0.11768908320650703,0.03214474657157969,10,0.31361685353314217,0.07081142288855942,10,0.16153721809387206,0.023069231543264023,10,0.5794586628675461,0.11123129744548078,10
nohidden_HO_T20_mixFP,0.85,0.025,7,0.46723635726388857,0.016308327441190512,10,0.6134091066812675,0.015960094036695027,10,0.5474292158878664,0.02899458115523243,10,0.6992296251723162,0.02092999477351852,10,0.5255438305371689,0.09064567832076693,10,0.13794660797062921,0.008906966898092394,10,0.37810282701638237,0.029783297301754608,10,0.1790507033467293,0.012736248421678765,10,0.7564545631408691,0.0896824270401033,10
nohidden_HO_T20_mixFP,0.85,0.025,8,0.5885470090257137,0.02473296342176461,10,0.6949042013640175,0.011680325914967931,10,0.6820312546158849,0.019929516390312353,10,0.709189224633854,0.02353784668591254,10,0.5902491539543481,0.08694699782359576,10,0.06996889467956054,0.011215655754787605,10,0.2380958664293146,0.02111636465139352,10,0.11929568350315094,0.015147839810650505,10,0.4127885580062866,0.05303538355106941,10
nohidden_HO_T20_mixFP,0.85,0.025,9,0.5875056352771106,0.019707021768357112,10,0.6858030597170526,0.010630701538620132,10,0.7217923852496921,0.019109838828308162,10,0.6542170360679868,0.0254432235549374,10,0.6677150289481906,0.07512083852274687,10,0.07241732906388074,0.010381908238066107,10,0.2191668256243077,0.024416563759905835,10,0.11831224858760833,0.013989114063995363,10,0.43313370943069457,0.04947009263292153,10
nohidden_HO_T20_mixFP,0.85,0.025,10,0.3121717479122898,0.039649283532147764,10,0.5154877992985563,0.03732265731888768,10,0.4075551989611762,0.048163680278263094,10,0.7079672036661171,0.014394815167592391,10,0.8077143519962178,0.05416876285242285,10,0.2567838997285092,0.03318444102351637,10,0.5895485055989791,0.049222872335090956,10,0.286787673830986,0.03000104661639913,10,1.540942633152008,0.23659001630711238,10
nohidden_HO_T20_mixFP,0.85,0.025,11,0.2093848738732404,0.019797001564355744,10,0.45453597240058025,0.035687562341125224,10,0.3474771503825818,0.045416048476895385,10,0.6653782203551506,0.03207721388355834,10,0.45531201877656946,0.06272825326048505,10,0.305742996597679,0.019071658424961332,10,0.600273351365484,0.048989018527881074,10,0.32318438589572906,0.011258095512055316,10,1.6056061744689942,0.10874635419229832,10
nohidden_HO_T20_mixFP,0.85,0.025,12,0.41367482348780954,0.05843587974827304,10,0.5771981317994354,0.05295418114355847,10,0.4818555323511937,0.08604435742458635,10,0.7353695281256278,0.030273923680308908,10,0.2781100920909851,0.044587773089372944,10,0.178082873883819,0.04465641683195149,10,0.37948496469473203,0.06873798541379848,10,0.19812950789928435,0.024084161704101516,10,0.6579328835010528,0.0686503858946358,10
nohidden_HO_T20_mixFP,0.85,0.025,13,0.540059290170501,0.011694643148863381,10,0.6618366360387947,0.015270752741274868,10,0.6189424553964631,0.040646566559653693,10,0.7143721880988302,0.02707074824104362,10,0.5244960517921797,0.04331446916998759,10,0.09808454451351656,0.0082572161010794,10,0.28419399044060584,0.04110161524632199,10,0.14401501268148423,0.006114522967124695,10,0.5274482697248459,0.03181164477433966,10
nohidden_HO_T20_mixFP,0.85,0.025,14,0.3948069846339116,0.027905878142590386,10,0.5660523167664712,0.028247650712791814,10,0.47246083584115395,0.04482252617319633,10,0.7110636011413369,0.024252237687728308,10,0.48102409482128045,0.02032901307461877,10,0.1833740628769185,0.017179897688871824,10,0.5082616744672663,0.05954403478898984,10,0.2225232258439064,0.01499974026460568,10,1.217429381608963,0.2970749355498616,10
nohidden_HO_T20_mixFP,0.85,0.025,15,0.41262617187103734,0.014341125571090595,10,0.5782580447981897,0.021362818621578194,10,0.46943805416766277,0.0358279665218012,10,0.7573719963505563,0.026656460823796274,10,0.4180542329639073,0.022903969132677265,10,0.18729387327392646,0.00934689689440265,10,0.45023059673399635,0.0435483906998628,10,0.21729048639535903,0.007459456153267411,10,0.8584023356437683,0.06531609559091063,10
nohidden_HO_T20_mixFP,0.85,0.025,16,0.5996116450503952,0.005625982684276325,10,0.7026983977884631,0.009250443227908993,10,0.6881620457133358,0.026265245728427186,10,0.7190909754179525,0.02028389146228344,10,0.5572230158721438,0.03601492668646601,10,0.06550091562743778,0.006506116461673248,10,0.21477622315571204,0.020479660181988258,10,0.11544759199023247,0.009556544984519749,10,0.39824875593185427,0.045534802871036076,10
nohidden_HO_T20_mixFP,0.85,0.025,17,0.62376417349115,0.014573830011997909,10,0.7206204158184218,0.005002575724489778,10,0.7089907719604656,0.01670654855717498,10,0.7334048805995813,0.019302854767687016,10,0.6847060407122675,0.01512906263197994,10,0.06997015403630738,0.012056238599792076,10,0.229601493024093,0.011533950865481556,10,0.11011736020445824,0.013476714679649808,10,0.3954909712076187,0.06419663018437728,10
nohidden_HO_T20_mixFP,0.85,0.025,18,0.574389342715278,0.02284854187096083,10,0.6854664217715364,0.008731046219029641,10,0.6655771300716358,0.012563984651035273,10,0.7070706568565892,0.018984484273244704,10,0.6417613603955415,0.029883744784973267,10,0.0792719814829357,0.013442390578607424,10,0.23791142357066875,0.019342108785445733,10,0.12718089893460274,0.017059905633388932,10,0.48684420585632326,0.08969648800483858,10
nohidden_HO_T20_mixFP,0.85,0.025,19,0.635009542998905,0.01899820574545162,10,0.7213293987471189,0.006629396361966493,10,0.7646682006786367,0.009710770431031085,10,0.682787286366234,0.010907408320207423,10,0.5318277267993813,0.040818578320906435,10,0.03753202889624692,0.009294707289798318,10,0.10163131033494406,0.014162381751401986,10,0.10096922889351845,0.014391879643708829,10,0.35437506437301636,0.05704062114844093,10
nohidden_HO_T20_mixFP,0.85,0.025,20,0.6677286412768677,0.013577363602200696,10,0.749546093417744,0.005982023237268733,10,0.7708467121218412,0.008264189377786705,10,0.7295680568142028,0.012329492181594124,10,0.6914505003117626,0.02385690456842712,10,0.03449453330404388,0.008327000860002697,10,0.11710548126798881,0.007692331777050175,10,0.09047943502664565,0.011151241030828133,10,0.30553388595581055,0.04975566466372424,10
nohidden_HO_T20_mixFP,0.85,0.05,1,0.15201635597845406,0.02898473528656352,10,0.33764633289718227,0.0355736708716329,10,0.3867352361070206,0.05038338235655995,10,0.30255826093898136,0.04193059608143346,10,0.9155883968786412,0.10809924699828635,10,0.1692343461660955,0.01643099614203232,10,0.6544639458907204,0.06417490830803865,10,0.23751187175512314,0.016907177031378076,10,0.948415356874466,0.0739763077875664,10
nohidden_HO_T20_mixFP,0.85,0.05,2,0.25321515754590307,0.04906149530955055,10,0.45266692067056935,0.044079446622020055,10,0.4257298605141712,0.06499822078483135,10,0.48886252691754795,0.043237955417578314,10,0.577391511867436,0.08019694270664264,10,0.1519666240633038,0.021639821366283216,10,0.559790333930446,0.10840299862213612,10,0.22451103776693343,0.014798769752051782,10,0.7625674188137055,0.09629509830840546,10
nohidden_HO_T20_mixFP,0.85,0.05,3,0.339842994836829,0.02783106599731155,10,0.5188844431929946,0.02235293788645576,10,0.4760357766607541,0.04489343058979011,10,0.5762144258209448,0.040296110592027354,10,0.1872221215027395,0.048487522222353634,10,0.1386628443355488,0.021642141518214433,10,0.44484808281838467,0.04580913855537863,10,0.20318877547979355,0.012582504806491398,10,0.6923338890075683,0.05235975000125715,10
nohidden_HO_T20_mixFP,0.85,0.05,4,0.4276600060168881,0.03355607429043603,10,0.5803035561322171,0.023130458497745837,10,0.5439556065386807,0.04114624008036417,10,0.6262337230212766,0.04034905899735862,10,0.2985781214236024,0.05687846991894952,10,0.11076666490662554,0.022976554340580362,10,0.3492371605200212,0.048577620604451935,10,0.17222598493099212,0.017256247348454334,10,0.579650628566742,0.0638162026372763,10
nohidden_HO_T20_mixFP,0.85,0.05,5,0.4308402294266277,0.027434471488634836,10,0.5839561705543501,0.024963987171569255,10,0.5371623137619052,0.05376783793339837,10,0.6457847159729481,0.03305168506053748,10,0.29423741694228556,0.03760374119901256,10,0.12604933472862906,0.021089040999298925,10,0.35635360552607465,0.0459809562272048,10,0.17701051235198975,0.01227152402829146,10,0.6212748467922211,0.061016182312027295,10
nohidden_HO_T20_mixFP,0.85,0.05,6,0.4597268031817319,0.048978212994256004,10,0.604674538182289,0.03697750830381169,10,0.5560875848636225,0.07310459954549915,10,0.6712252299222904,0.03328919738413187,10,0.4461378650829529,0.07804873190824488,10,0.12073840239675748,0.029375620621182815,10,0.3327353934961352,0.07154845839540017,10,0.168531534075737,0.022155457877631703,10,0.5985661327838898,0.10319933757286204,10
nohidden_HO_T20_mixFP,0.85,0.05,7,0.43892098798798596,0.015740979742986196,10,0.5922830491513554,0.015709150906319233,10,0.5351074787078394,0.031151251460427992,10,0.6653084223338102,0.022853146508822173,10,0.5299218008485482,0.084626090968643,10,0.14039528871772153,0.008898903240413631,10,0.4021065275110106,0.027688261021596182,10,0.18500607013702391,0.012474884580332243,10,0.7524766087532043,0.08653073160848267,10
nohidden_HO_T20_mixFP,0.85,0.05,8,0.5533224341948793,0.02435339698739493,10,0.6673460000058953,0.013595022864665875,10,0.6620864113618935,0.024443401266207792,10,0.6740323271030415,0.02712300191422963,10,0.5946941525466961,0.07963820732218975,10,0.07935258160297973,0.01091136480174344,10,0.2526364380254789,0.025522457416709582,10,0.12908727452158927,0.015028516524754407,10,0.4492062836885452,0.05484650103805496,10
nohidden_HO_T20_mixFP,0.85,0.05,9,0.5571785577816647,0.017923269212470543,10,0.6599810923884848,0.010799676454985592,10,0.7073688818494236,0.02129451823697051,10,0.6198220835908772,0.02784356941613458,10,0.6679004626311398,0.06660182525955932,10,0.08128934022064642,0.011846108093243721,10,0.23012999805364567,0.02389640878041588,10,0.1266554795205593,0.014469868949269415,10,0.46709654927253724,0.05275024256036107,10
nohidden_HO_T20_mixFP,0.85,0.05,10,0.3014592961382359,0.03857659571746122,10,0.5076609031761169,0.03609007486871974,10,0.408229492250585,0.049379963695538445,10,0.6783532244768449,0.017741730239860285,10,0.8055916103037083,0.05428002450675642,10,0.24946231236149813,0.031175075971038475,10,0.5883141971652414,0.04403552411744404,10,0.2805345743894577,0.02771668771541012,10,1.4265964031219482,0.22759295256709147,10
nohidden_HO_T20_mixFP,0.85,0.05,11,0.20152941312523714,0.0229123593314237,10,0.44890254296717946,0.03612880476170845,10,0.34603814369626656,0.046619253817432475,10,0.6473846067959117,0.032670280357002146,10,0.44894144356555843,0.06082244130365637,10,0.3009958941155759,0.018087875704493005,10,0.6047288952473495,0.047838816984187855,10,0.3214783132076263,0.010596078094783464,10,1.591803240776062,0.09298861917864226,10
nohidden_HO_T20_mixFP,0.85,0.05,12,0.3889911892974226,0.06357445564496685,10,0.5611604808503863,0.05548189171674238,10,0.4673756517260032,0.08749021783750185,10,0.7187663958189867,0.030913200862907286,10,0.2785466070952226,0.047502201338818356,10,0.18254251237956254,0.047049498714252826,10,0.3988193025947485,0.06743760474373549,10,0.20615954995155333,0.026943871000580936,10,0.6788239061832428,0.07427556435121103,10
nohidden_HO_T20_mixFP,0.85,0.05,13,0.5174114127779668,0.012167701843042406,10,0.6451953462121155,0.01698264209241187,10,0.6038047546709527,0.04494569992202484,10,0.6964081529216826,0.02623920215812098,10,0.5152848770405066,0.04632234290372883,10,0.10426498913672796,0.010049445254415463,10,0.2975688661909052,0.04256290369320708,10,0.15052513927221298,0.006170327141058364,10,0.5467694669961929,0.03607022220544712,10
nohidden_HO_T20_mixFP,0.85,0.05,14,0.38115372061256864,0.0242479022321693,10,0.5565955229311851,0.02761879846007876,10,0.46631521006969623,0.04583438980302871,10,0.6958486464156073,0.025210354452064924,10,0.4743207027258345,0.025308657861802017,10,0.18588825298323003,0.015951034179252803,10,0.512246740940168,0.06104446849469807,10,0.225097194314003,0.013829964424728234,10,1.1669597566127776,0.2884516351842992,10
nohidden_HO_T20_mixFP,0.85,0.05,15,0.39553700278583276,0.014557471694191816,10,0.5671686345691664,0.022310704374316107,10,0.46091975873561564,0.03658280516469518,10,0.7417354719567494,0.026122448736098765,10,0.41437298375581666,0.023041488974261965,10,0.19196968912856013,0.008798948320403463,10,0.4519201383781666,0.036627115543175874,10,0.2208514168858528,0.007479900922709675,10,0.8385416269302368,0.06332670903948695,10
nohidden_HO_T20_mixFP,0.85,0.05,16,0.5657181987170026,0.003938561914117918,10,0.6779953743765906,0.011971154244307673,10,0.6601908457577564,0.029986211604905902,10,0.6982276815883423,0.020549360117918386,10,0.5505463544686343,0.0335578262766421,10,0.07683367620722038,0.006160197282542044,10,0.2438836812653556,0.02376295690346868,10,0.12562180832028388,0.009040931758163735,10,0.4335475355386734,0.04476271395547159,10
nohidden_HO_T20_mixFP,0.85,0.05,17,0.5943691721736201,0.010874936861777366,10,0.698958316002023,0.006930847657621329,10,0.6851663429853291,0.021165664722707995,10,0.7142984573772919,0.01975017436194318,10,0.6716450622344909,0.015498880857592419,10,0.08088719596641537,0.010998533274021227,10,0.2546473618068235,0.014157001783143677,10,0.11973878294229508,0.012561055977924594,10,0.4349037319421768,0.06166209160922137,10
nohidden_HO_T20_mixFP,0.85,0.05,18,0.5486397407297838,0.019134794308676185,10,0.6664244699529965,0.009559121490194358,10,0.645822005690625,0.016238877426507235,10,0.6890270360724642,0.01949189481098296,10,0.6330578297072104,0.025740806653756786,10,0.08887019477913019,0.012160153337887595,10,0.26520328464400433,0.022873526062060064,10,0.13466017991304396,0.015831613390408283,10,0.5077435672283173,0.08271765877277693,10
nohidden_HO_T20_mixFP,0.85,0.05,19,0.5957918492263558,0.014652330045954287,10,0.693197638078765,0.006588098184729558,10,0.7248678609968745,0.013795107306535563,10,0.6644653006040303,0.012016632215649279,10,0.5278044477798474,0.03606854761297214,10,0.05287855839595892,0.008861443228557314,10,0.15351093608652042,0.018487956927785196,10,0.11264374256134033,0.013699308266723357,10,0.3984762877225876,0.05645098624388692,10
nohidden_HO_T20_mixFP,0.85,0.05,20,0.6278855086883175,0.011353998082602457,10,0.7207589317092429,0.007630763688067388,10,0.7316801762508366,0.014715471563156024,10,0.7105613733101196,0.01536038834164762,10,0.6722576290695224,0.02047333088603255,10,0.050126201821181174,0.008137903660593594,10,0.1619593608557546,0.011227876820757784,10,0.10276555195450783,0.011033202493687918,10,0.34864386916160583,0.05072271247942599,10
nohidden_HO_T20_mixFP,0.85,0.1,1,0.11681750214625315,0.022464946517035015,10,0.29756518960665646,0.028475727659917707,10,0.3631793681446272,0.049558966386490454,10,0.2541932709201367,0.030070539114040652,10,0.9206223852962893,0.10237755305263008,10,0.1784195058985048,0.01501541435063794,10,0.6231072854924309,0.0633893761692327,10,0.23811427503824234,0.016080721063200264,10,0.9036393642425538,0.0634795263133092,10
nohidden_HO_T20_mixFP,0.85,0.1,2,0.20389708104770116,0.04133691911899151,10,0.39588475278348423,0.03542435883159595,10,0.41424440140221036,0.0661444425517946,10,0.38450417846844165,0.03576093128076435,10,0.6221092269450118,0.08062188163840853,10,0.14889864746552095,0.020159330459903476,10,0.5673936982764491,0.10617519811050243,10,0.22153698652982712,0.01449265169324853,10,0.7364735186100007,0.08333790874426354,10
nohidden_HO_T20_mixFP,0.85,0.1,3,0.2505522459202352,0.037201158225952456,10,0.44556459723688924,0.024972171520139298,10,0.4304749809896758,0.036958070320413774,10,0.4675247614084169,0.04969295805317273,10,0.26907427434588693,0.045689615458910954,10,0.1483649142395864,0.016931360035063656,10,0.5121942146967512,0.04841365694065356,10,0.21785874515771866,0.01710663337662214,10,0.7269432723522187,0.05900770935581499,10
nohidden_HO_T20_mixFP,0.85,0.1,4,0.3341719336257977,0.03710114123998296,10,0.5006492567716567,0.02616368840912237,10,0.5048071651198011,0.04072897259384708,10,0.5011532768904183,0.04431709898595013,10,0.3711270025489908,0.06235130663613496,10,0.11818254647146968,0.021888874264240164,10,0.4167667143745966,0.05329836696914633,10,0.18770005851984023,0.020794868701287134,10,0.624734389781952,0.07518663514055482,10
nohidden_HO_T20_mixFP,0.85,0.1,5,0.3177217490208001,0.03231950543330357,10,0.48620855081052455,0.02537879761843852,10,0.4943568610030379,0.04901279936229777,10,0.4849732359748707,0.04837376904809413,10,0.3643511721736873,0.03662550605476779,10,0.1344418697055601,0.016261325279322454,10,0.4315943542130144,0.05543587512084437,10,0.19600349962711333,0.015167748156667434,10,0.6758898556232452,0.0606299819037674,10
nohidden_HO_T20_mixFP,0.85,0.1,6,0.33322774834680763,0.055539528100628045,10,0.49183147479169975,0.03637022080181339,10,0.5184732588500108,0.07793421824694825,10,0.47651889643164563,0.04819251013487761,10,0.5253237604877536,0.08282674209725434,10,0.13600762830662474,0.025059412650097805,10,0.3917037748267954,0.09795323793747346,10,0.18983605951070787,0.023050550017143942,10,0.6731598138809204,0.09761275802927051,10
nohidden_HO_T20_mixFP,0.85,0.1,7,0.28998073678325625,0.029533950536681324,10,0.45847548446201164,0.01902949499981316,10,0.48602916765870463,0.03220256013225148,10,0.4361684976763457,0.031053116449710327,10,0.6155119638094467,0.07102080534711774,10,0.16377896333353417,0.02047360389337846,10,0.5101583695849526,0.034633885014987306,10,0.20882520973682403,0.02061363842624821,10,0.8274063885211944,0.1161353761085303,10
nohidden_HO_T20_mixFP,0.85,0.1,8,0.39232654397566114,0.0372881897616202,10,0.4993216842555636,0.03240411579571538,10,0.6413424779533319,0.03220895423894691,10,0.41207036431086125,0.04935045689536956,10,0.6969174830179861,0.07237248083432293,10,0.1212239542343779,0.023293270558583067,10,0.24139840914287705,0.028957660531554547,10,0.16454025804996492,0.02412352271488026,10,0.6114440023899078,0.10541186028634728,10
nohidden_HO_T20_mixFP,0.85,0.1,9,0.40605780954010645,0.03208476986918603,10,0.48749563027295223,0.03600963270594521,10,0.6969262199996195,0.025462261252958807,10,0.3777109654534484,0.048821191871143255,10,0.761435862435899,0.046738239731570055,10,0.1311056811677635,0.026355212878947647,10,0.22733934980365783,0.01910706061861857,10,0.1650997743010521,0.024760125141612847,10,0.6705706238746643,0.11792125805005835,10
nohidden_HO_T20_mixFP,0.85,0.1,10,0.15988994965393888,0.030738363084713328,10,0.39345061392190095,0.024211700357146124,10,0.35669774963679035,0.04393440758758341,10,0.44609212273504967,0.0395689735198478,10,0.8385764235177741,0.054275199355075424,10,0.26549049489485976,0.02517317490541098,10,0.6841723324838783,0.030424366170114115,10,0.2933297038078308,0.023819755868793993,10,1.4145357728004455,0.2593448391003355,10
nohidden_HO_T20_mixFP,0.85,0.1,11,0.10670633568307238,0.020178211448040242,10,0.378791786112508,0.027476598226395452,10,0.31016841627004804,0.04106664785301144,10,0.4935063849620799,0.030788985099355598,10,0.49128527718701037,0.051750668655242894,10,0.3003760811994153,0.009833436222692678,10,0.6851344556773971,0.04216470675084526,10,0.3292918294668198,0.007491824374990858,10,1.6132082343101501,0.1181547924713085,10
nohidden_HO_T20_mixFP,0.85,0.1,12,0.2611589476601543,0.0617039441204817,10,0.4639543122667879,0.04777709745836801,10,0.42460374136988593,0.08679644143152374,10,0.5254895677180853,0.04252618340806286,10,0.33665837521170866,0.05648978396913266,10,0.17194900379481995,0.039387812973567526,10,0.4484794127542993,0.07886576645008263,10,0.22055646628141404,0.023363053835027046,10,0.7093009710311889,0.0641610805133864,10
nohidden_HO_T20_mixFP,0.85,0.1,13,0.403889635161244,0.01176211278764892,10,0.5423721847784667,0.013836837118080378,10,0.5806487338240618,0.05222029137068411,10,0.5142379246320493,0.04013368855835738,10,0.5937634767141019,0.06131012519387947,10,0.11663083287645044,0.01230460272240172,10,0.308661136216219,0.05186321429306345,10,0.16994798630476,0.011125387080023856,10,0.6082676589488983,0.05456991815379459,10
nohidden_HO_T20_mixFP,0.85,0.1,14,0.2419213522006988,0.017660713262199087,10,0.4445823991833966,0.01983563348634672,10,0.4178666382823195,0.04252789004241389,10,0.4803872873274563,0.03444854405763619,10,0.5368331943387123,0.04430010483080001,10,0.20055881879455512,0.017717953408032464,10,0.6370867258857389,0.06433205051461753,10,0.24549415856599807,0.014914287946333104,10,1.1973075151443482,0.27930200634207036,10
nohidden_HO_T20_mixFP,0.85,0.1,15,0.2409011695712489,0.026721762096833523,10,0.4469479735601497,0.021821229982318197,10,0.4135239233645908,0.03431992168469777,10,0.48958511274794203,0.03380107795135679,10,0.5022356879869467,0.027572762314278382,10,0.19666837730909537,0.016217362692738876,10,0.5428112875677482,0.05258338915151597,10,0.2355279490351677,0.016402724038978918,10,0.8628301680088043,0.09744079882570522,10
nohidden_HO_T20_mixFP,0.85,0.1,16,0.3809399604792126,0.018503270752098493,10,0.48521212232974814,0.02344593687003755,10,0.6403278145698231,0.03625274631026096,10,0.39177485621708763,0.028352637551788594,10,0.6807051675566522,0.032996394818713165,10,0.12478842593495361,0.01725186549542188,10,0.23353733927614106,0.02214471155237746,10,0.1676407754421234,0.016290679430350088,10,0.6352533996105194,0.07119786221137851,10
nohidden_HO_T20_mixFP,0.85,0.1,17,0.42636166849319207,0.015037190862594547,10,0.5140849573985563,0.02290567998144671,10,0.6991646296910112,0.026791784687615786,10,0.4078029510200684,0.03153354222617816,10,0.7969381422898829,0.01924927368661239,10,0.12705412274306052,0.01978747932656414,10,0.23935982207623926,0.027573190355496525,10,0.15848898887634277,0.018448161590589214,10,0.641546231508255,0.09687784336626987,10
nohidden_HO_T20_mixFP,0.85,0.1,18,0.3459998905367017,0.0266745091458438,10,0.45509122254471474,0.026121121750756097,10,0.611270403095667,0.02350554007556733,10,0.36341105472444446,0.030966627496757337,10,0.7648211308369464,0.022449286342043892,10,0.1449090460617573,0.022618557260032077,10,0.3107897113520801,0.03359401547360422,10,0.1787470519542694,0.022971870713651053,10,0.7263305902481079,0.12049169162226367,10
nohidden_HO_T20_mixFP,0.85,0.1,19,0.3773511390040268,0.019346776483191042,10,0.460793162024946,0.02246655448000717,10,0.6757287239703542,0.02289381139977206,10,0.35053191153272373,0.027049219566102206,10,0.6606870403411566,0.03322252372762511,10,0.13406291303595325,0.021827487982854624,10,0.2580994971346166,0.01815036087376314,10,0.16733489334583282,0.021671638788053935,10,0.6593816876411438,0.10780874226687605,10
nohidden_HO_T20_mixFP,0.85,0.1,20,0.4326489862103946,0.01856912361309587,10,0.5072759069218769,0.023010131011707135,10,0.7287591095395678,0.02320174150054128,10,0.390272325347603,0.030238628802801294,10,0.777464421629199,0.020571577764149276,10,0.11762500542377392,0.023834933395344603,10,0.23794517000712262,0.03280607116133857,10,0.15265364944934845,0.021254259947057215,10,0.5698542684316635,0.10864740549774886,10
nohidden_HO_T20_mixFP,0.85,0.2,1,0.05200360509775357,0.011395891938274307,10,0.2210539619413714,0.016151312714089126,10,0.30950197457336015,0.04208582357326167,10,0.17336772813972423,0.015549393879950104,10,0.9257978321159298,0.09501119150469159,10,0.1998259790943641,0.012889419447427398,10,0.6052286996258722,0.07212231529364235,10,0.2421255573630333,0.017192968022254097,10,0.8990133821964263,0.06071178090666757,10
nohidden_HO_T20_mixFP,0.85,0.2,2,0.08645210058837528,0.018348028572655488,10,0.243324066691041,0.015463006135342808,10,0.34936305113250155,0.05460404464556349,10,0.19080371384126257,0.024856886364566642,10,0.7194849357067484,0.07349349801684299,10,0.18061423342876587,0.018771775334285912,10,0.5299025894160528,0.10856009520651605,10,0.22740814834833145,0.017878113344696234,10,0.7931152999401092,0.07641067777608235,10
nohidden_HO_T20_mixFP,0.85,0.2,3,0.05938349349279568,0.05097263072042702,10,0.2456939689862021,0.040736113590255585,10,0.30930660206908456,0.032923136218932385,10,0.2067679729718849,0.04647303001873364,10,0.49645361186629255,0.05302035561471068,10,0.20376861942199964,0.03519373893959169,10,0.6064049345246318,0.06739702940643645,10,0.24199716746807098,0.030950564009747564,10,0.8424220442771911,0.13691611039197293,10
nohidden_HO_T20_mixFP,0.85,0.2,4,0.08139417937570018,0.036920420961343,10,0.2170490657546101,0.026916876455412877,10,0.35442458151593326,0.04127403932672211,10,0.1591038593083501,0.02927621652058945,10,0.6206632566596187,0.10093869574961205,10,0.19445188038386965,0.031091367226523118,10,0.5084907627072418,0.07314501001275384,10,0.22877343147993087,0.030272117653006123,10,0.8625720143318176,0.14233972554573796,10
nohidden_HO_T20_mixFP,0.85,0.2,5,0.04634621833028354,0.038428822137394764,10,0.16369827945304033,0.03399245691430165,10,0.3206372114898893,0.07150233471125743,10,0.11346973427481495,0.03176109621168802,10,0.6851717099002668,0.07329529980961855,10,0.21798862645638017,0.025574241277301575,10,0.5284702839755547,0.12222774374143716,10,0.24265665858983992,0.02579644831614428,10,1.046667617559433,0.15499081460918493,10
nohidden_HO_T20_mixFP,0.85,0.2,6,0.04145038372080639,0.038612230523040865,10,0.11197263510001296,0.024996693647492473,10,0.34420854386261235,0.09953134257828847,10,0.07003607587227732,0.02244636353895211,10,0.8309201946450372,0.08252697433243258,10,0.22330768279331076,0.027508513090081045,10,0.5238531972266705,0.15094024061596722,10,0.24337774515151978,0.026095116835205292,10,1.153139942884445,0.1718020765601393,10
nohidden_HO_T20_mixFP,0.85,0.2,7,0.012452105217645119,0.05083145815638461,10,0.0849694756517826,0.013100802257730358,10,0.2994168835660706,0.13100077743206762,10,0.050875394263568144,0.00856725848736323,10,0.8927086650630176,0.03700246187029336,10,0.23763771027009378,0.031218856143342282,10,0.6277007745853778,0.2222627745387069,10,0.253008733689785,0.031621818759020474,10,1.371571660041809,0.19294371424391485,10
nohidden_HO_T20_mixFP,0.85,0.2,8,0.05566591260155531,0.025593060134729388,10,0.05701831957716743,0.02408910276814334,10,0.4455895173183119,0.08910305751388893,10,0.031028215827668813,0.014681082582494374,10,0.9356955976629505,0.04318159132627014,10,0.22548250233652425,0.032301615070755046,10,0.4709064525897489,0.09515939852581833,10,0.23744350224733352,0.032018055514710264,10,1.224219524860382,0.20363053505724601,10
nohidden_HO_T20_mixFP,0.85,0.2,9,0.08060457112100147,0.01718564234596025,10,0.07171642087694588,0.015631124354285705,10,0.5050229904988714,0.0527097426788171,10,0.03876415773536551,0.009193097035882968,10,0.9405056472372465,0.01685437957887011,10,0.22228851352243476,0.03153955556093274,10,0.3575839569966638,0.05074142328520939,10,0.23468398302793503,0.031173807752588042,10,1.2210248351097106,0.20073055514078952,10
nohidden_HO_T20_mixFP,0.85,0.2,10,-0.04162713006873499,0.023362308548277966,10,0.16389124738750246,0.028486238014772278,10,0.21332364508307067,0.04534159082912306,10,0.13407912494570157,0.02248619866594993,10,0.9179957473988136,0.04355204555594956,10,0.2873089652251672,0.029798247767624058,10,0.8041136212049805,0.030424941091048638,10,0.2986425280570984,0.03165346206340301,10,1.4877560257911682,0.3000994254134859,10
nohidden_HO_T20_mixFP,0.85,0.2,11,-0.0717820890689578,0.024551062860022312,10,0.18551576269633763,0.030326041240938642,10,0.19663793771171756,0.04214768871419922,10,0.17694352913423803,0.024510009679910745,10,0.6374587534249527,0.04095893268556632,10,0.297639032879165,0.016004019534449757,10,0.8866973140577674,0.0486664281959463,10,0.32913210690021516,0.015811259857008257,10,1.640138530731201,0.1761690318963764,10
nohidden_HO_T20_mixFP,0.85,0.2,12,-0.022862552360930315,0.03504102635898467,10,0.13403320746636896,0.03224080944342509,10,0.22842298977322711,0.07126289951099189,10,0.09753016616436731,0.02682625781737613,10,0.611061289947312,0.07188626893326211,10,0.21734829174164255,0.02178580162545163,10,0.771268433467064,0.12429911567864439,10,0.251543815433979,0.01945529058486613,10,0.9329124927520752,0.08493393326203508,10
nohidden_HO_T20_mixFP,0.85,0.2,13,0.052052216232487306,0.037536197396896724,10,0.09531942527990231,0.025145745982551374,10,0.37401390026508063,0.11557934518732578,10,0.05522613839879591,0.015595299670343865,10,0.8667110463323701,0.044266549829903704,10,0.20417978159059852,0.027433386192417374,10,0.5843502315165923,0.18534825840809274,10,0.2306777685880661,0.025152939599855508,10,1.0291324198246001,0.13969163371811755,10
nohidden_HO_T20_mixFP,0.85,0.2,14,-0.08881039102220915,0.02088117292177533,10,0.08888554862349246,0.019262492411763168,10,0.14689184999962906,0.04259350426340402,10,0.0652876768934394,0.016015156382626877,10,0.7883536380189621,0.04770512482738406,10,0.2847824269125147,0.021153380651671497,10,0.9183725924286368,0.04884264393243027,10,0.3007429987192154,0.021909222345371248,10,1.6036804437637329,0.2647920268718464,10
nohidden_HO_T20_mixFP,0.85,0.2,15,-0.07656880603490848,0.015710751730123963,10,0.07514971309555266,0.015477081853091029,10,0.14678643988015433,0.03229962210058193,10,0.05095815461324914,0.011517704183482509,10,0.7550463742439534,0.03416443810103732,10,0.2565532180263363,0.026707993673385118,10,0.9033630015556549,0.021540093491754807,10,0.2705319344997406,0.028441076859593715,10,1.2316077947616577,0.17001645838496876,10
nohidden_HO_T20_mixFP,0.85,0.2,16,-0.00807200898835863,0.01863619324714499,10,0.022626147947148137,0.007249949778708374,10,0.2323951574414868,0.0840422532826781,10,0.012001910404575045,0.0040036220765495645,10,0.9370599818765717,0.02438455239843576,10,0.2363678479603471,0.02755682348594023,10,0.7624696169490556,0.10852098507993282,10,0.24669688194990158,0.02815914651906893,10,1.3595840692520142,0.13431786328657727,10
nohidden_HO_T20_mixFP,0.85,0.2,17,0.08900721322941582,0.014282077004166137,10,0.07179008391165323,0.00861569518069986,10,0.5430546770449969,0.08904095260438546,10,0.03860016700853802,0.005202512199624713,10,0.9489255183486736,0.015889040447929423,10,0.21709246120773615,0.03053572553510742,10,0.4020598174599959,0.1126864950179903,10,0.22985219210386276,0.028452321880661813,10,1.1569888830184936,0.1741781071315774,10
nohidden_HO_T20_mixFP,0.85,0.2,18,0.027360998427622036,0.02736774977534606,10,0.05963951226306389,0.01156039481872414,10,0.33370012100943464,0.058636365707129635,10,0.032965885085952065,0.007122513739753245,10,0.938656183604729,0.01779092959401026,10,0.22376812829671736,0.03501293706602408,10,0.7195658840223218,0.13510949804337208,10,0.2384210303425789,0.03328592604736824,10,1.1793593287467956,0.20111318131452274,10
nohidden_HO_T20_mixFP,0.85,0.2,19,0.08810776083535025,0.014041848422340833,10,0.13762760263450838,0.011879969869507116,10,0.42153967365028355,0.028368397943739417,10,0.08259370202763142,0.00935925814696637,10,0.8145620325767708,0.023220251537578757,10,0.2130874072786589,0.03043524941608675,10,0.5086777501670818,0.09564497566684305,10,0.22874077707529067,0.03013221092750458,10,1.053438812494278,0.1948972312134814,10
nohidden_HO_T20_mixFP,0.85,0.2,20,0.15103614033757293,0.017793741578627124,10,0.1815578117973381,0.015051851925410144,10,0.5343241248259842,0.042086279483381214,10,0.10976147202011337,0.011497481152779232,10,0.8469668056767761,0.021421686683495294,10,0.18690940996237346,0.03188673314431009,10,0.34269084262763266,0.035354716916580896,10,0.2107100173830986,0.03004642105161237,10,0.8823640704154968,0.19024537205745365,10
nohidden_HO_T20_mixFP,0.9,0.01,1,0.14513235108909636,0.03990208364403108,10,0.3417023612254775,0.04523467700225648,10,0.37426417362401354,0.05413157147256533,10,0.31767958375180794,0.05302890172182132,10,0.9100735635573457,0.11451250316745144,10,0.16797766671345687,0.0201993809999523,10,0.6994437458441396,0.054596597264971417,10,0.24371345192193986,0.01913280265822121,10,1.0090513050556182,0.10409050264234247,10
nohidden_HO_T20_mixFP,0.9,0.01,2,0.23705167260275628,0.044113299303456435,10,0.4579836099588098,0.04513204217960592,10,0.38910179823637836,0.05709698243791411,10,0.5624844164562833,0.045722460660480205,10,0.5272354998662189,0.07472443004199468,10,0.1946387033310723,0.02856729662807624,10,0.5592466314264993,0.11180416600480206,10,0.2460843428969383,0.014930348623649808,10,0.8457851707935333,0.10001310042998257,10
nohidden_HO_T20_mixFP,0.9,0.01,3,0.3783401975578256,0.02482586955893737,10,0.5467638972189733,0.024414674701247318,10,0.4997014973314295,0.0521192939701751,10,0.6102258613927707,0.0373470741431147,10,0.12121924823362426,0.04380542534196424,10,0.14911917225049823,0.027403609333277745,10,0.3934377006425117,0.05902857412707516,10,0.19453604221343995,0.010356836305275374,10,0.6623149812221527,0.05008594306391511,10
nohidden_HO_T20_mixFP,0.9,0.01,4,0.44090982665285045,0.03630386978798761,10,0.5880565896396934,0.021371722894470188,10,0.561874678743434,0.04468819661215433,10,0.6212170226004877,0.03610988631636816,10,0.26682088380186836,0.05632987653851529,10,0.10304715172276538,0.026011286268794696,10,0.31602509506513937,0.05167698447680114,10,0.16541710048913955,0.018472792658581857,10,0.5580277979373932,0.06831169254887522,10
nohidden_HO_T20_mixFP,0.9,0.01,5,0.4367928741678663,0.03490021535222686,10,0.5867958491642687,0.02742306120244739,10,0.549065935094983,0.057929526165232254,10,0.6360072823066346,0.030619116310895422,10,0.27740778324553783,0.04117943637451607,10,0.11836334356998146,0.023804009762227657,10,0.33772068691258583,0.05929843221734867,10,0.17157310545444487,0.01466492815792792,10,0.6090989351272583,0.07145460225457105,10
nohidden_HO_T20_mixFP,0.9,0.01,6,0.47197936666472834,0.05432304483591182,10,0.6104312361199264,0.038230605167137124,10,0.5819183657816195,0.08159936052737549,10,0.6501192879012645,0.026068607549481794,10,0.4479109800246011,0.0839724876863002,10,0.10398426206784672,0.02996198166917517,10,0.3172690357872795,0.09796383946380048,10,0.16046917885541917,0.02293621543910173,10,0.5776342153549194,0.11254811505901627,10
nohidden_HO_T20_mixFP,0.9,0.01,7,0.4477444785304791,0.016973746748906532,10,0.5958404019252843,0.017075695507241966,10,0.556590426806981,0.02881193852092747,10,0.642255023437644,0.019105670920666753,10,0.5546748730290465,0.09380714626720038,10,0.12500608277730563,0.011402159021479858,10,0.403002364026288,0.039687346192980526,10,0.1774442732334137,0.013955492847986972,10,0.7576102197170258,0.09984062524015873,10
nohidden_HO_T20_mixFP,0.9,0.01,8,0.5770168619437614,0.02538210513694134,10,0.6781780245747508,0.011479810287862758,10,0.714429662322922,0.02276902618623929,10,0.6462535718231879,0.02096951258732417,10,0.6239175878247262,0.091261673180745,10,0.06183223425722924,0.012295136437572459,10,0.17704606314821994,0.022485538994129164,10,0.11800933182239533,0.016086979142694333,10,0.4073032379150391,0.055489219776042355,10
nohidden_HO_T20_mixFP,0.9,0.01,9,0.5703594852525599,0.020968736934054745,10,0.6614263890135661,0.011933742828517585,10,0.7493441514138787,0.02239117532138905,10,0.5926864836434701,0.021012001448033127,10,0.6994667342057705,0.07605317154460006,10,0.0740115282142719,0.013057542417542615,10,0.1682219842482015,0.02668600573438691,10,0.12091428190469741,0.015081999866060597,10,0.44560138285160067,0.05204638197345174,10
nohidden_HO_T20_mixFP,0.9,0.01,10,0.2874880321664332,0.04141856588304033,10,0.4991092228853294,0.0392224901017106,10,0.40059118689619044,0.050468714535221386,10,0.6684458946621694,0.015067661954791403,10,0.826346120389746,0.05166279269794406,10,0.25905952507591845,0.033487923999407414,10,0.6171349410980089,0.05278866526011169,10,0.29169079959392546,0.03047805193864919,10,1.6197680950164794,0.24729971488798017,10
nohidden_HO_T20_mixFP,0.9,0.01,11,0.19216566965327753,0.019643098373950882,10,0.44385400109343476,0.035387147783707544,10,0.34098410592515727,0.04439651395266135,10,0.6432060572028865,0.03072250444147328,10,0.4705144669217396,0.059968655637030764,10,0.305885953801983,0.016045333794724708,10,0.608270936145674,0.042962620972492,10,0.3258396744728088,0.009193876448357749,10,1.610993230342865,0.10652687360543621,10
nohidden_HO_T20_mixFP,0.9,0.01,12,0.40493052251301415,0.05713839078707746,10,0.5706343713515437,0.05075625445804688,10,0.48624865961753516,0.08776654782345636,10,0.7058489649322608,0.03139593231968901,10,0.2937718977515137,0.044690142556993634,10,0.16540670644288194,0.04167397262001597,10,0.3671948613619806,0.07415778550741503,10,0.19475401788949967,0.022283719319012917,10,0.6442555963993073,0.06413848656408634,10
nohidden_HO_T20_mixFP,0.9,0.01,13,0.5322622698549868,0.014050667381429524,10,0.6542877353832968,0.014745098134778385,10,0.6260802748168243,0.04184859264194784,10,0.6885594102119128,0.02972776393281429,10,0.5504199241425338,0.047416759627631276,10,0.09382346701855461,0.007044765660465046,10,0.27800801477118875,0.045405427454073714,10,0.14382226318120955,0.007169600058881989,10,0.5277713000774383,0.032024999296850584,10
nohidden_HO_T20_mixFP,0.9,0.01,14,0.3753818604391426,0.02803548247436489,10,0.5519937140940098,0.0280670974626282,10,0.46911224123449974,0.04700946030439026,10,0.6758544776624389,0.024014284238100814,10,0.49900004526889036,0.02275069138458728,10,0.18111655823375028,0.017294493350801056,10,0.5331089855434002,0.062032268133162365,10,0.22468750178813934,0.014677515229068627,10,1.2591084122657776,0.29449419188537823,10
nohidden_HO_T20_mixFP,0.9,0.01,15,0.3917500152877953,0.015324125832825584,10,0.5644000338783851,0.020929052105765296,10,0.46725387647151245,0.03592963607279601,10,0.7168785923746726,0.02663973128836675,10,0.43548920474163505,0.022561920027578862,10,0.18083677798145256,0.009331131904515556,10,0.4852361819155546,0.05322619613210831,10,0.21864968091249465,0.00814235676106383,10,0.8755928993225097,0.0604181307037429,10
nohidden_HO_T20_mixFP,0.9,0.01,16,0.5880725797379658,0.007191296768063067,10,0.6878160196079462,0.011169354886328406,10,0.7137395281206657,0.027027704271289685,10,0.6647482815814876,0.020605069311613135,10,0.5886104555942674,0.03576789842456039,10,0.05769502968638207,0.00902140744428789,10,0.1667081455708471,0.018344294775746228,10,0.11475183516740799,0.010067965675834303,10,0.39568108022212983,0.04844694504636969,10
nohidden_HO_T20_mixFP,0.9,0.01,17,0.613073940219029,0.013741413882754345,10,0.7069183685089118,0.007185525122395309,10,0.7344312384800785,0.01674440569283796,10,0.6821074857367104,0.02043307312812222,10,0.7238368285052715,0.013940485830693166,10,0.06594561931359014,0.014018253773930038,10,0.1824857429749421,0.014141876195066575,10,0.10962352603673935,0.013847881159853725,10,0.39522830247879026,0.06676829296437077,10
nohidden_HO_T20_mixFP,0.9,0.01,18,0.5503657486512533,0.02287500091677334,10,0.6613581794848657,0.010636933574925364,10,0.6797978374466911,0.013429088119397007,10,0.6442744114586763,0.01818616352103395,10,0.6718542922859,0.03176164051859575,10,0.07838184142833006,0.01611197349477885,10,0.23535741493203868,0.02564337415370061,10,0.1296118162572384,0.017988288993678957,10,0.5028882265090943,0.09656593421542754,10
nohidden_HO_T20_mixFP,0.9,0.01,19,0.6134963512560304,0.018243478439220237,10,0.6906872153339464,0.007911815273599306,10,0.801603294997008,0.011973436873515654,10,0.6068550942534614,0.01025410018120098,10,0.5628861269998813,0.04125757720435103,10,0.0538934168165817,0.00954062457852399,10,0.10888731885211056,0.009452353251446353,10,0.10426862984895706,0.014803054106678377,10,0.36757933497428896,0.05860198703079482,10
nohidden_HO_T20_mixFP,0.9,0.01,20,0.6550705583275253,0.012272111484633134,10,0.7290818122985121,0.009179617126883971,10,0.8132893355320453,0.007770950611310823,10,0.6608198203900175,0.014133468562105468,10,0.7451380704318703,0.019668543502228762,10,0.035501550155036456,0.00878999108459496,10,0.09934260935081878,0.013526179393232245,10,0.09155626520514488,0.011008582446474912,10,0.31069177091121675,0.05009345508907436,10
nohidden_HO_T20_mixFP,0.9,0.025,1,0.1336505766796856,0.03639891513931296,10,0.3284248547999026,0.042246490157183195,10,0.367596677541855,0.05339625892537915,10,0.29985706923825445,0.04833165197527595,10,0.9121579394677932,0.11231583410049949,10,0.16972310460774054,0.019414125908638138,10,0.6941271069820305,0.05546679792836527,10,0.24375978410243987,0.018528088035003262,10,0.9864399015903473,0.09423593285006011,10
nohidden_HO_T20_mixFP,0.9,0.025,2,0.22964989249181667,0.04417829540767104,10,0.44710384548127974,0.04419624060599599,10,0.39401490236142034,0.05836429883694922,10,0.5221573359925717,0.043943003522431,10,0.5404847016720032,0.07729706123785003,10,0.1813121684713101,0.024883415837926838,10,0.5678164643625306,0.10885341620951712,10,0.2415376916527748,0.014031471010313686,10,0.8243286907672882,0.0966864874107894,10
nohidden_HO_T20_mixFP,0.9,0.025,3,0.3489683540186445,0.024193509257065746,10,0.524867531929522,0.022173600520180015,10,0.4830033617219488,0.04858894384955707,10,0.5812637769651795,0.0396253169150061,10,0.1390858021166603,0.04595039186046192,10,0.14306557622670857,0.026683042786431896,10,0.4286901712327789,0.05089838685297962,10,0.2005736142396927,0.010629158210653822,10,0.6782650530338288,0.048944690799253884,10
nohidden_HO_T20_mixFP,0.9,0.025,4,0.4239228329808613,0.03646806172596686,10,0.5753568153981818,0.022569856226013974,10,0.5508615585851231,0.04242895773998839,10,0.6060081628643296,0.035602865262009446,10,0.2806360871499897,0.056752546978377116,10,0.10532070327479848,0.024733407989700588,10,0.3357459524901515,0.04800919399251765,10,0.17060547173023224,0.01848632589977462,10,0.5738917976617813,0.06807796531173455,10
nohidden_HO_T20_mixFP,0.9,0.025,5,0.41948590744650566,0.032683125874719936,10,0.573854307024847,0.02617879988154807,10,0.5386790985649085,0.05569831983697005,10,0.6196255694106068,0.031123567459924558,10,0.2857918535578582,0.038586612966515,10,0.11871109217528446,0.021348266202037208,10,0.35274155190982126,0.0597506053955955,10,0.17604383826255798,0.014062179955575382,10,0.6185061156749725,0.06633826410456008,10
nohidden_HO_T20_mixFP,0.9,0.025,6,0.45167159884599356,0.05162033806955987,10,0.5958474819250598,0.03656838757295557,10,0.5664162889843112,0.07839940878235868,10,0.6367252040316458,0.027348095603109048,10,0.45161043893172226,0.0813893499009184,10,0.11060001043765773,0.02895894696099878,10,0.3305651742291841,0.09357538278732268,10,0.16654486060142518,0.022450596764279775,10,0.5945536315441131,0.10748043095782214,10
nohidden_HO_T20_mixFP,0.9,0.025,7,0.4272524304693808,0.015033636624590343,10,0.580899199447068,0.016470631293341892,10,0.542423618805205,0.03002118580624777,10,0.6267150600001734,0.019328784549142112,10,0.5486765259592044,0.09014233957256954,10,0.1309712324657046,0.011356262405012,10,0.4114725778315032,0.040866611786319756,10,0.1832991898059845,0.0136026860243951,10,0.7609209656715393,0.09749799922516153,10
nohidden_HO_T20_mixFP,0.9,0.025,8,0.5503679893129653,0.024238872282924765,10,0.6585777834674333,0.012357411456536467,10,0.6899077176080012,0.024536453177739604,10,0.6309381991782181,0.022013136992570456,10,0.614860833603354,0.08594256083954595,10,0.07131522500929498,0.012091646015322267,10,0.2049402345291635,0.02420987389452832,10,0.1259707771241665,0.015959895911862355,10,0.4364477932453156,0.0571100970109712,10
nohidden_HO_T20_mixFP,0.9,0.025,9,0.5479131278274105,0.018452599648726642,10,0.6436239211361966,0.011073961923255923,10,0.7310830701303687,0.021319083725299042,10,0.5756647798537441,0.022016104289939435,10,0.689486740958868,0.07038263550283884,10,0.08105945157618999,0.013439755305299514,10,0.187701716041349,0.02626399543192927,10,0.127192160487175,0.015242611343974602,10,0.47037030160427096,0.05428716464902589,10
nohidden_HO_T20_mixFP,0.9,0.025,10,0.27976905335109203,0.04047635960723859,10,0.49345318193091775,0.03833981017972799,10,0.39931359416894,0.050814749515454484,10,0.6523705364159926,0.014440876935632277,10,0.8228452105914885,0.052160317599186753,10,0.2565058387492132,0.032241754464751936,10,0.6167297681998227,0.050010955512265996,10,0.28917703330516814,0.029143963621813974,10,1.5478128671646119,0.24292982189497928,10
nohidden_HO_T20_mixFP,0.9,0.025,11,0.1850013285082418,0.021996885038617197,10,0.439094562319773,0.03597246705895869,10,0.33860420867969243,0.045217521962229716,10,0.6320368232330553,0.029988547614296212,10,0.46407884987866393,0.059697282176250754,10,0.3048759192779168,0.01558466289243207,10,0.6142910960137952,0.04446201684223415,10,0.32618620097637174,0.008780245898656027,10,1.6127951979637145,0.09580313398515389,10
nohidden_HO_T20_mixFP,0.9,0.025,12,0.38430259155329094,0.06260847598717698,10,0.557157548558372,0.05378644910305857,10,0.47280664777366443,0.08944984843407494,10,0.6943904156948212,0.031030033975268153,10,0.28799838272666306,0.046741807379753766,10,0.17114097235754283,0.04415779550263976,10,0.38486398697085533,0.07308339001207968,10,0.20196096301078797,0.02490411860123662,10,0.6647703170776367,0.06877021509406313,10
nohidden_HO_T20_mixFP,0.9,0.025,13,0.515810266395615,0.0135891011018998,10,0.6421829433285224,0.01551668575634934,10,0.6143123256234576,0.04428120300885265,10,0.6763110937249059,0.02811541615016068,10,0.5396844403264556,0.04592834928984387,10,0.0992142158061653,0.008299686526477862,10,0.2877333018379309,0.04455069135190467,10,0.14890500903129578,0.007191517360015332,10,0.5450237959623336,0.035245251821554774,10
nohidden_HO_T20_mixFP,0.9,0.025,14,0.3647592476882385,0.02535290179233601,10,0.5446050473161325,0.02752209912097752,10,0.46352426369482236,0.0470926946417442,10,0.6655701245547742,0.02357920535894695,10,0.49159977890659057,0.02560348173706051,10,0.1836596705564027,0.016304097779092176,10,0.5375330396484173,0.06262618445132308,10,0.22708662003278732,0.013801551669742744,10,1.2315560817718505,0.29167097105173934,10
nohidden_HO_T20_mixFP,0.9,0.025,15,0.37881326266004545,0.014806736142349635,10,0.5558886048409999,0.021462577793184962,10,0.45978855708077776,0.036157539764741856,10,0.7070501214942099,0.025320233184173747,10,0.42879164282887394,0.022923972196201983,10,0.18570844655853547,0.008720681167308396,10,0.4823374761952663,0.05176797436764611,10,0.22211323976516723,0.008030608093851367,10,0.8665453910827636,0.059768933078782144,10
nohidden_HO_T20_mixFP,0.9,0.025,16,0.5623772488878768,0.005062012708041581,10,0.669229516546615,0.012190101026472349,10,0.6899557335694041,0.028936157335485845,10,0.6507818852641138,0.019413081385580715,10,0.5770099961672968,0.03422283863165394,10,0.066762873181935,0.008402921396747724,10,0.1927999899020862,0.02042723699449926,10,0.12216728553175926,0.009785399924801659,10,0.42124662101268767,0.04841942787777197,10
nohidden_HO_T20_mixFP,0.9,0.025,17,0.591021057587471,0.01092256070554376,10,0.6908332975155482,0.00758094588936038,10,0.7141620078578101,0.018533335087056638,10,0.6696686743004604,0.018559286145846184,10,0.7095752381775962,0.013200909293005726,10,0.07397955579565672,0.013283962758950035,10,0.20616562711549707,0.01262049904706919,10,0.11660959050059319,0.013384938292195567,10,0.42378905713558196,0.0661492614642937,10
nohidden_HO_T20_mixFP,0.9,0.025,18,0.5314185850564315,0.01961258188427235,10,0.6473914603900919,0.010605112906043967,10,0.6633969390196898,0.014327543769040134,10,0.6324896034714099,0.01668543050927537,10,0.6620176709208238,0.029659746669987268,10,0.08501649181265948,0.015100481799355145,10,0.24761270513369676,0.024574483368693847,10,0.13508700281381608,0.017233159071719826,10,0.5192696660757065,0.09273275054033579,10
nohidden_HO_T20_mixFP,0.9,0.025,19,0.5857390143791529,0.014954123695344648,10,0.6711971132149616,0.0075673236410291915,10,0.770406679749031,0.011845763711357739,10,0.5947398157717005,0.009626069521131103,10,0.5564842861040666,0.03877116954382362,10,0.057524481206718193,0.009972195642325652,10,0.11840440942975741,0.009883825291063669,10,0.11184930205345153,0.014459044237498497,10,0.3967153936624527,0.058736058599944005,10
nohidden_HO_T20_mixFP,0.9,0.025,20,0.6273271660071942,0.0107450013574319,10,0.7091605548517065,0.009311403825824434,10,0.7841480156191979,0.010509089557809336,10,0.6474220875604102,0.013571910423831655,10,0.7293805676512176,0.018137477580692684,10,0.0433136696261137,0.009156280030437978,10,0.10021002454202885,0.013340020858310948,10,0.09938628822565079,0.011291930451632364,10,0.33813072443008424,0.051944742430094795,10
nohidden_HO_T20_mixFP,0.9,0.05,1,0.11377290782877363,0.03158906438635707,10,0.3064737910803893,0.03771991508441809,10,0.35425774306955243,0.05241573451747971,10,0.2726391992361124,0.041099737191606735,10,0.9152207096458682,0.10892208605136602,10,0.17527168623909348,0.01837279074520905,10,0.6827498176557494,0.058024931007470144,10,0.24460925608873368,0.01770797192519549,10,0.9566680431365967,0.08096458593062586,10
nohidden_HO_T20_mixFP,0.9,0.05,2,0.21463411582739336,0.04444978424492547,10,0.4258388227741537,0.04231621930558148,10,0.3983803307001597,0.06052964610622017,10,0.46220669095927214,0.04022921079854323,10,0.5644265324649113,0.08048977705659009,10,0.16984767087707073,0.02015070747837538,10,0.579722641716698,0.1052112078615871,10,0.2369677782058716,0.01344511188787958,10,0.7991175353527069,0.09154021496910474,10
nohidden_HO_T20_mixFP,0.9,0.05,3,0.2983983406247712,0.027801603110612035,10,0.4858676120602624,0.02132400152632755,10,0.45480726741053806,0.04277714119612419,10,0.527964161332717,0.045028501547271185,10,0.17564016245793967,0.04775974906258864,10,0.1394704687200154,0.01899185184687869,10,0.47370094188749645,0.04477450133128992,10,0.21053930670022963,0.011815689194540315,10,0.7046982288360596,0.04633786018567777,10
nohidden_HO_T20_mixFP,0.9,0.05,4,0.3825629581840266,0.038534700064719575,10,0.5430036879919914,0.024754209896126367,10,0.5270689521841835,0.04281457481829675,10,0.563775677433697,0.03655815667974858,10,0.3089354061521903,0.05709318152181912,10,0.11021662761800288,0.023013834479449363,10,0.379227796077071,0.049671539184627765,10,0.18012474179267884,0.019370946723165357,10,0.6037942826747894,0.07071857277915794,10
nohidden_HO_T20_mixFP,0.9,0.05,5,0.373288378026837,0.03243130453374627,10,0.5367937500763791,0.024660093586715313,10,0.5164847685369567,0.05367967149005654,10,0.5646388365705841,0.03618797777295587,10,0.30857313720601853,0.03579264537379047,10,0.12174903997588879,0.017616185364691537,10,0.3953981398564227,0.05518675859322369,10,0.18618445694446564,0.014253448904073929,10,0.6455931603908539,0.061823570014518575,10
nohidden_HO_T20_mixFP,0.9,0.05,6,0.3994119332600653,0.049655325496045816,10,0.5540244576298534,0.03340714182849993,10,0.5408746957965405,0.07685471474199837,10,0.5762951758161459,0.03275218917679897,10,0.4727022070423004,0.0807031401988315,10,0.12185111323139067,0.025933547455752243,10,0.3639510917645776,0.09624072810225975,10,0.17882735431194305,0.021746538130986207,10,0.6340027630329133,0.09912098521463637,10
nohidden_HO_T20_mixFP,0.9,0.05,7,0.36637731809467733,0.016071535027809343,10,0.5316584778926372,0.015221326073214731,10,0.5141044624106004,0.03282624861789895,10,0.5523666037789736,0.020236336017878203,10,0.5625870037247281,0.08348948906489453,10,0.14380920363114497,0.013509415234210944,10,0.46158973846690243,0.033700781375844875,10,0.1964347779750824,0.01477514437614898,10,0.7886582970619201,0.09910393996906852,10
nohidden_HO_T20_mixFP,0.9,0.05,8,0.4813482670479332,0.025130683145736184,10,0.5979586793257415,0.014019045532685417,10,0.6582347217591147,0.03067757705140933,10,0.5494144266976644,0.027406995462785428,10,0.6304508880229578,0.07876572869031381,10,0.09195026715760155,0.0137877391720781,10,0.22420869288964265,0.029695193710479472,10,0.14387985169887543,0.017456458412402964,10,0.5088947236537933,0.06695987790311447,10
nohidden_HO_T20_mixFP,0.9,0.05,9,0.4849606655249735,0.017991038307619722,10,0.5828133074261383,0.014294454004258078,10,0.7061872635931942,0.026168011165236392,10,0.49751986138584536,0.028381494944389078,10,0.7014798709379073,0.058790265898987656,10,0.10207235195493261,0.0167812418479766,10,0.20821040196579027,0.023294375818049714,10,0.1444402053952217,0.017524503119019406,10,0.5517431020736694,0.06928172223886073,10
nohidden_HO_T20_mixFP,0.9,0.05,10,0.2324080016133283,0.03600069091987632,10,0.4582615108085203,0.033279334804052464,10,0.3837135523707367,0.05008698909626605,10,0.5759395284267501,0.019948333120940312,10,0.8249626875328506,0.05315670139085998,10,0.26045947913934925,0.029186453252301025,10,0.6419048656978942,0.04264585880978884,10,0.29222352504730226,0.026211521364792652,10,1.4910726189613341,0.2452344961951277,10
nohidden_HO_T20_mixFP,0.9,0.05,11,0.15122745593723164,0.020725482888185886,10,0.4159133782169174,0.03309029558343473,10,0.3262915250457333,0.04398323993752205,10,0.5808729285750186,0.02752825079985682,10,0.46393566424862265,0.05780710171347211,10,0.30605271048336713,0.013335517423719002,10,0.6408059579276092,0.044990721896332776,10,0.33040517568588257,0.008200675731426334,10,1.629692840576172,0.09607658606756549,10
nohidden_HO_T20_mixFP,0.9,0.05,12,0.3306071632630464,0.06635837197165914,10,0.5198823669512793,0.053642172739525214,10,0.44884718108385674,0.09062491059351466,10,0.634340423143783,0.033954035813079805,10,0.29534355503121995,0.050437887985817755,10,0.17386165333383702,0.04418164900480997,10,0.4180638649240536,0.07744609080566561,10,0.21357578039169312,0.026206183028948345,10,0.6952670753002167,0.07054800039119047,10
nohidden_HO_T20_mixFP,0.9,0.05,13,0.46913463103482045,0.01174885850559852,10,0.6046561741741439,0.01372206244699357,10,0.5939212611374438,0.04880514957408305,10,0.6201528203379901,0.029632072503015895,10,0.5448678244235117,0.0516843992864973,10,0.10904103541239511,0.00899163884760508,10,0.3017289632025541,0.05134842499645367,10,0.1601853922009468,0.007807366952978382,10,0.5828671276569366,0.04044124170808031,10
nohidden_HO_T20_mixFP,0.9,0.05,14,0.31757318458426614,0.020530757025223015,10,0.5098088050555359,0.02401251174903126,10,0.444528866406073,0.04669759645386326,10,0.6033685793511255,0.025305430768243882,10,0.49454798165613106,0.03359167936447142,10,0.19082097962889866,0.015661907521520236,10,0.5741797956321667,0.06449582295458675,10,0.2360679402947426,0.013103858732282687,10,1.222038495540619,0.28717942661903306,10
nohidden_HO_T20_mixFP,0.9,0.05,15,0.32498161809989445,0.016663827257356875,10,0.5182615411226312,0.0206738269566397,10,0.4390828500174531,0.036211684021089596,10,0.6364555257929632,0.025697929306826735,10,0.4375704447722827,0.024433985540568203,10,0.1924525793430809,0.009383854682208467,10,0.5128506207593859,0.05200866903184616,10,0.23105475753545762,0.00963422184647626,10,0.8715425610542298,0.0661987638827504,10
nohidden_HO_T20_mixFP,0.9,0.05,16,0.4885029093280404,0.006816227434641783,10,0.6047842591453219,0.014281076902833997,10,0.6592322058636361,0.0346127568243669,10,0.5597230509023461,0.017425140379580456,10,0.5899729895049372,0.03126303992275469,10,0.08741742785800381,0.010295968713459341,10,0.2155542317107771,0.025079453376930273,10,0.1406241923570633,0.010782207696331257,10,0.4923160821199417,0.05338783527389968,10
nohidden_HO_T20_mixFP,0.9,0.05,17,0.5254108185885965,0.006765428181198406,10,0.6319863816891965,0.010723053145437526,10,0.6940927773920113,0.024995237333499825,10,0.5808044912707653,0.01715620561777706,10,0.7232488797739772,0.012810473423388398,10,0.09328798418408968,0.013835074113511026,10,0.21753160656993945,0.013602323231203018,10,0.13376489654183388,0.013651692667120931,10,0.5037283182144165,0.0712728350673099,10
nohidden_HO_T20_mixFP,0.9,0.05,18,0.45804129651417497,0.016139662903762654,10,0.5817204585489718,0.012973375199380488,10,0.6355715163931683,0.019711163925805075,10,0.5366249861138901,0.01542755855599158,10,0.6798569693754901,0.02392081147478751,10,0.10741663891800572,0.015940647054318198,10,0.28152777730142414,0.0241884570093037,10,0.15260885506868363,0.01742786785893268,10,0.5922667384147644,0.09498611999242738,10
nohidden_HO_T20_mixFP,0.9,0.05,19,0.49645361221502193,0.011243411551467963,10,0.5887279969066522,0.008672418608426992,10,0.7256889085147066,0.019786468107205683,10,0.49547942827434055,0.00956742623291544,10,0.578429230882329,0.031873846340639216,10,0.08795035056380422,0.013676969022549222,10,0.1809116073723166,0.017537689077745056,10,0.13492379933595658,0.01568334928923207,10,0.49475946128368375,0.06828705837933308,10
nohidden_HO_T20_mixFP,0.9,0.05,20,0.5436340172266172,0.009151869582770252,10,0.6317301541088054,0.009863344716822818,10,0.7522829159296954,0.019704663203641466,10,0.5448100433173524,0.013557970706955413,10,0.739648898238852,0.01185155167339185,10,0.07335738348242474,0.01329915612073082,10,0.15701642541295938,0.020075286927872166,10,0.1220031090080738,0.013758796050769417,10,0.4268572360277176,0.06580495543063274,10
nohidden_HO_T20_mixFP,0.9,0.1,1,0.07386373769947788,0.022694089419838234,10,0.264652133650917,0.02921501128624415,10,0.32290571299758863,0.048426966367040115,10,0.22607018896874626,0.028987772386604792,10,0.9208386616850539,0.10255438555033743,10,0.19158727944018158,0.016617909519844234,10,0.6517355218220127,0.05992011001267397,10,0.24783754199743271,0.01681072188582212,10,0.9231594324111938,0.06513293436678882,10
nohidden_HO_T20_mixFP,0.9,0.1,2,0.16601882627399628,0.03693403198302886,10,0.36702521641063884,0.03323000447547074,10,0.38484651768189493,0.060679750298006103,10,0.35541927185691863,0.03236540440078081,10,0.6127246397991872,0.0819894923682664,10,0.16571118476327618,0.01715956973545008,10,0.5959316869384971,0.09789671345530693,10,0.23432578444480895,0.013434747474514067,10,0.7814646065235138,0.07925121578793823,10
nohidden_HO_T20_mixFP,0.9,0.1,3,0.19731254776610577,0.04257322232082291,10,0.40046171782831974,0.030606943485235096,10,0.3978416257309173,0.0335433726577869,10,0.4089982695585528,0.05624518040780016,10,0.2571153125483784,0.04720859028563284,10,0.15935978325346162,0.019146731170277452,10,0.5531159116412326,0.051809095544511546,10,0.22861373126506807,0.018692041287920454,10,0.7560818254947662,0.06260738558232341,10
nohidden_HO_T20_mixFP,0.9,0.1,4,0.2674436732718088,0.04201709380942991,10,0.4398691418031155,0.026994190696356123,10,0.4701836369582141,0.04154232714600312,10,0.4170941356674479,0.03979141682335833,10,0.3907967053476254,0.06574700746126202,10,0.13359743775729357,0.025212776862554322,10,0.4585152977327723,0.055907397853389385,10,0.20059918165206908,0.024296813049238784,10,0.6736854135990142,0.09162315710524493,10
nohidden_HO_T20_mixFP,0.9,0.1,5,0.22322473465184284,0.04520729858647831,10,0.396221439610995,0.03665780700243538,10,0.44306713382034835,0.047690291774620454,10,0.36444470403204987,0.05527350094360621,10,0.3946266239970163,0.03944094421460543,10,0.1565894662738337,0.02251759241680172,10,0.49281687256366896,0.07211358468494389,10,0.2138320878148079,0.020662479736942577,10,0.7468178153038025,0.08235320635287816,10
nohidden_HO_T20_mixFP,0.9,0.1,6,0.2141187996771557,0.05420773126222607,10,0.3702204209106343,0.032813717274296494,10,0.45811305967924926,0.08319813234754266,10,0.3188871976670137,0.04587146548613097,10,0.5772051634498979,0.09066007890267684,10,0.16647484198776613,0.027792303442787568,10,0.48284866966683176,0.12851702063262221,10,0.2139444187283516,0.0248653234620541,10,0.7886689484119416,0.11177305253942292,10
nohidden_HO_T20_mixFP,0.9,0.1,7,0.14271176694058074,0.03227730064759354,10,0.306303950246133,0.02382047263967364,10,0.39459319971470597,0.03244056326160949,10,0.2520578814389287,0.028788599066215344,10,0.6821567599218172,0.07106789761171683,10,0.20327826419549572,0.027266918616067125,10,0.6392307403190194,0.07957038509563924,10,0.23866962343454362,0.026298863463723808,10,1.0100533604621886,0.16191628119541934,10
nohidden_HO_T20_mixFP,0.9,0.1,8,0.22379529839591633,0.038236066758865074,10,0.29384582430249295,0.04447893582133464,10,0.5636569991919957,0.03757228278604584,10,0.20162964038284184,0.04387366899780684,10,0.7693418542180676,0.07234160474069021,10,0.17148225622371752,0.03109315588192746,10,0.32935334120323906,0.045250404548406314,10,0.2023821383714676,0.0302538958686348,10,0.8321378648281097,0.15869418574012925,10
nohidden_HO_T20_mixFP,0.9,0.1,9,0.2376411936396289,0.0329410234813673,10,0.2736419100619297,0.04695584072042183,10,0.6278144530011752,0.031072398980829277,10,0.17715470024509883,0.040764932453236966,10,0.8277295233390245,0.038709494084916175,10,0.18100926806026366,0.03233538323500242,10,0.28348938941190804,0.022501969177699113,10,0.2046748071908951,0.03026883874730183,10,0.9353091895580292,0.17506433747811936,10
nohidden_HO_T20_mixFP,0.9,0.1,10,0.0238410648835212,0.024815855076390763,10,0.2733097289970866,0.02128044161244847,10,0.2725410642000578,0.041027470368380094,10,0.2789349742827497,0.025791161685167565,10,0.8735742411632824,0.05248583684305439,10,0.30574026398302717,0.026363731583179312,10,0.7807835922456994,0.03460789889841746,10,0.3260952293872833,0.025442679034003348,10,1.6689549446105958,0.3228101730348235,10
nohidden_HO_T20_mixFP,0.9,0.1,11,0.01405317019598654,0.009688512368713004,10,0.30483326247621634,0.02010640845576553,10,0.26189272794646945,0.03439388676050991,10,0.36968099070112587,0.02010957504493454,10,0.5360221217836575,0.04983240785327504,10,0.31876052329310867,0.007677575751846565,10,0.7742927382663003,0.03169819662159893,10,0.3468357414007187,0.00817319099628098,10,1.7309559464454651,0.1339773512299011,10
nohidden_HO_T20_mixFP,0.9,0.1,12,0.12266089461610172,0.05360754536960479,10,0.3336843638879024,0.03758820351446892,10,0.3548503039681727,0.08413091605008263,10,0.3249664303535065,0.037842317054405904,10,0.38879368664302866,0.06046941141387778,10,0.1859208514812691,0.030316616492980095,10,0.5550289372735613,0.10591391776740289,10,0.23802685141563415,0.018708770036006538,10,0.7748190343379975,0.05479827472244948,10
nohidden_HO_T20_mixFP,0.9,0.1,13,0.2712136257380146,0.018077619251029547,10,0.39418014809607715,0.024362633055147086,10,0.5361027465306356,0.05651097795243744,10,0.31603889549225994,0.03807038984738825,10,0.6833799935862628,0.060819224892133275,10,0.14537261596009915,0.022669760760065723,10,0.36021020898939515,0.05243786168165827,10,0.19496313184499742,0.01866281421943954,10,0.7347610294818878,0.09598391686214237,10
nohidden_HO_T20_mixFP,0.9,0.1,14,0.06043631993565133,0.016591045448437963,10,0.2722101840616464,0.01161147848138443,10,0.3056540182425397,0.03837816345875145,10,0.24864206985250026,0.01836484946233182,10,0.6208572774706689,0.04884123859852758,10,0.24727936486808674,0.02247378712963773,10,0.8134972685903776,0.05654101320531521,10,0.28245206773281095,0.02005650873407035,10,1.444979763031006,0.30144041372645786,10
nohidden_HO_T20_mixFP,0.9,0.1,15,0.021504506735443504,0.0148048029466389,10,0.2348013486644204,0.014082710943900926,10,0.2727092638912803,0.029126118811194736,10,0.20745645182840286,0.01472506781918887,10,0.5972356427888088,0.03005123873450998,10,0.24564399998231584,0.023582488969920896,10,0.8119105583971307,0.037074026771472736,10,0.27476543486118316,0.022712404584532758,10,1.0751418232917787,0.13352664800637115,10
nohidden_HO_T20_mixFP,0.9,0.1,16,0.14397798504678766,0.019999526486705946,10,0.18124103130688712,0.013892192584304706,10,0.5153759350116842,0.06505302057167424,10,0.11015032855913354,0.008300278882895798,10,0.8055141678668349,0.03164281201568957,10,0.19764541825839227,0.02399634826401935,10,0.3557240922886705,0.06741591459315663,10,0.22199029177427293,0.023240482541707328,10,1.00455983877182,0.09828531875306745,10
nohidden_HO_T20_mixFP,0.9,0.1,17,0.20852269582781674,0.013753855000261378,10,0.20901534346118167,0.015222490812129844,10,0.6577632099896792,0.05000738498645064,10,0.1244260351311822,0.01019008227805954,10,0.9073342833488243,0.012310742958320567,10,0.19436353895040692,0.02712792016219279,10,0.33694111501996316,0.0320429392265309,10,0.2093496188521385,0.02515972607872286,10,0.9779888451099396,0.1485272556643155,10
nohidden_HO_T20_mixFP,0.9,0.1,18,0.09380664539824632,0.02167975233855166,10,0.15750172094537682,0.014707330726258433,10,0.4186856628511414,0.0378272502994179,10,0.09731075487360753,0.010686166670676475,10,0.8743001122395683,0.024736461363715493,10,0.21490081558349178,0.03134028667571355,10,0.6244605115151204,0.07993876811508113,10,0.23230400681495667,0.031106948681363385,10,1.0925308644771576,0.18528148676370684,10
nohidden_HO_T20_mixFP,0.9,0.1,19,0.1542673327354106,0.013560555360491578,10,0.18173314687253822,0.010715336723304335,10,0.5433319469121309,0.038310783774239944,10,0.10932522771061637,0.008029428084233825,10,0.7646169174281927,0.0252337663538181,10,0.19765059091879755,0.028775475377432483,10,0.40132580738098395,0.046028917252529944,10,0.2148378700017929,0.028757359227080222,10,0.9471348345279693,0.16911779467923665,10
nohidden_HO_T20_mixFP,0.9,0.1,20,0.24658244527528375,0.01546844684055562,10,0.24157606631695733,0.0166167730292904,10,0.712478941927993,0.03974257176549345,10,0.14575998511234173,0.01261035983132813,10,0.8762274055297785,0.017539556854597828,10,0.17746557731563223,0.031310010406115606,10,0.3260687227730037,0.02611240972750176,10,0.19509799629449845,0.028572612032697974,10,0.7928229808807373,0.16435537331539068,10
nohidden_HO_T20_mixFP,0.9,0.2,1,0.012376838218086762,0.011562666595365477,10,0.19529881178597405,0.016945319000722145,10,0.26679667493949305,0.03809706442069592,10,0.15520073024285208,0.014942119626784522,10,0.9273075845787101,0.09425418421415552,10,0.21812624292578628,0.013581236364908085,10,0.6594726434980824,0.06774498465144733,10,0.25404756516218185,0.01782443815474845,10,0.9396573781967164,0.061320670089782696,10
nohidden_HO_T20_mixFP,0.9,0.2,2,0.047401732961642164,0.02114620572897582,10,0.21307568024709683,0.019378947595629754,10,0.30643797258037797,0.04789590595118746,10,0.16671593825758158,0.025024709472594744,10,0.7127047055940003,0.07539860175868134,10,0.19261169484650736,0.018146452358727846,10,0.5797014129009221,0.08448745955828188,10,0.238808311522007,0.018567243647469252,10,0.8485180497169494,0.07748910016035818,10
nohidden_HO_T20_mixFP,0.9,0.2,3,0.010809057339440063,0.05470545079084319,10,0.19950159751804292,0.044995221230973756,10,0.2615931938166021,0.03787975174598333,10,0.1636361861898315,0.04661702642432985,10,0.49382588321079657,0.05661139918979877,10,0.21833170589035827,0.037099817201623336,10,0.6615820703049669,0.07141203061800658,10,0.2526081770658493,0.03284865611160824,10,0.8993482470512391,0.15923882681616552,10
nohidden_HO_T20_mixFP,0.9,0.2,4,0.0270193836966742,0.03929850991778498,10,0.15629662498132652,0.02429676962046003,10,0.2926294610775773,0.04201686856806493,10,0.1086124645556447,0.02318588735080786,10,0.6522199663083195,0.10478354925591292,10,0.21068613049299706,0.03303138645611647,10,0.5911899075187279,0.07220890337420381,10,0.24017584472894668,0.0325897487627901,10,0.9518430948257446,0.16433141866504644,10
nohidden_HO_T20_mixFP,0.9,0.2,5,0.0014668496928509967,0.03827870056519853,10,0.10437985202291833,0.030917995648659283,10,0.2583518482052927,0.07070442815311208,10,0.06757373982236706,0.024664688320701324,10,0.7418142767211726,0.06911987154516538,10,0.23201268070425626,0.028012007411161166,10,0.5847245741421869,0.11578910109793526,10,0.2508623287081718,0.028340847921785286,10,1.1674086093902587,0.18781937066649337,10
nohidden_HO_T20_mixFP,0.9,0.2,6,0.001039552560331311,0.029229679137805196,10,0.06232713768475314,0.02001357008351531,10,0.268375496378812,0.07791897679983821,10,0.03693014348334657,0.015209950425600176,10,0.870538769398217,0.0702785190643074,10,0.23553299475369935,0.02744543889196245,10,0.6438248451594857,0.11049067002056509,10,0.2503154143691063,0.02710189446029564,10,1.2827074885368348,0.18432005941581694,10
nohidden_HO_T20_mixFP,0.9,0.2,7,-0.009771252298140822,0.045028662664204556,10,0.048953580064177035,0.00917206409902399,10,0.25307816141881084,0.10773610033989187,10,0.027743424759129505,0.0053825218271418935,10,0.9224807676977929,0.027845595683569823,10,0.2434717665616181,0.0323771128144614,10,0.6514582483257501,0.19577997739872352,10,0.25514105558395384,0.032656175625470546,10,1.476793920993805,0.20489838320705533,10
nohidden_HO_T20_mixFP,0.9,0.2,8,0.02496527641611268,0.024211918456058388,10,0.03194773767366705,0.015115837756336322,10,0.363567925950078,0.09165285225555661,10,0.016936066516137223,0.008597968717224309,10,0.9505850481254063,0.03308472042371099,10,0.23326088768090103,0.03280708716046631,10,0.60191953418898,0.10484628897851428,10,0.2427321419119835,0.032691473075069304,10,1.315888249874115,0.21839296911136027,10
nohidden_HO_T20_mixFP,0.9,0.2,9,0.04721639501584757,0.015574010966204884,10,0.04662284074672931,0.009704672164211836,10,0.4230298444557091,0.056293489663291514,10,0.024741446026535118,0.005438167725268275,10,0.9468572619167366,0.014298041043031019,10,0.2293353760866233,0.03183619509191727,10,0.44237654223594935,0.07063585958347585,10,0.2401753306388855,0.03160062672085851,10,1.2863985180854798,0.21124234501062522,10
nohidden_HO_T20_mixFP,0.9,0.2,10,-0.04196189475404051,0.024081002833599423,10,0.15644143170937164,0.03218220083909582,10,0.21125681069722924,0.047996043127120275,10,0.12507773900162772,0.02625667266948598,10,0.9306252701510657,0.04013059806509662,10,0.2846334986314997,0.03067012799664932,10,0.7889219092973309,0.03573576493937414,10,0.2950054794549942,0.03288164392466293,10,1.4894168972969055,0.3012902193858584,10
nohidden_HO_T20_mixFP,0.9,0.2,11,-0.08501647846773638,0.02620318685934088,10,0.166807650170297,0.03274423032986993,10,0.18306766210753456,0.04350157841858541,10,0.15418479836470322,0.027056201452201854,10,0.6580843895878976,0.03810211424654578,10,0.2992063205784041,0.018666158715068083,10,0.8936534757382537,0.05080600852018069,10,0.32838575839996337,0.01824885895147458,10,1.6331165313720704,0.19747702898302122,10
nohidden_HO_T20_mixFP,0.9,0.2,12,-0.047379908080646425,0.027923528030958326,10,0.10093296313580843,0.029945916204504337,10,0.19114383874301674,0.06136107738540173,10,0.07080572448925168,0.024688834553022822,10,0.6478094782117483,0.07130299278591856,10,0.22615983501812495,0.022219011986659765,10,0.8306919733264116,0.09575695149819932,10,0.2552319422364235,0.02106187045433091,10,0.9717385113239289,0.09180934217189664,10
nohidden_HO_T20_mixFP,0.9,0.2,13,0.02744684838425556,0.0371899809726023,10,0.06867439375107057,0.023371617611949204,10,0.3286651787618518,0.11879001805491007,10,0.03878654475852631,0.013883164186200064,10,0.8850916567447531,0.041114355447827246,10,0.2127148814902017,0.02857015647820078,10,0.640249243120677,0.2115521923824608,10,0.23590572625398637,0.026825802131457886,10,1.0969283163547516,0.15838980622902507,10
nohidden_HO_T20_mixFP,0.9,0.2,14,-0.09963035393314901,0.026019191783331345,10,0.07341584971747223,0.01727166495883666,10,0.13004825615036292,0.04612579138278047,10,0.052974143718106846,0.014228874304497915,10,0.8047183023819521,0.05178581654150881,10,0.2897128618275461,0.020677281371300715,10,0.9110468156242287,0.07651665450581306,10,0.30293765664100647,0.02185456018673169,10,1.6491389393806457,0.2523021054702472,10
nohidden_HO_T20_mixFP,0.9,0.2,15,-0.0908779071392178,0.015114833198155573,10,0.05542958568097034,0.012082852815055042,10,0.11817159111983559,0.026032325322075313,10,0.036545211079990314,0.008789893284290654,10,0.7762324772656077,0.0321618029024772,10,0.26265926419799746,0.027936618852671118,10,0.9189351072580602,0.016687666461841687,10,0.27227441817522047,0.02957772965190032,10,1.2778376936912537,0.19175799767382407,10
nohidden_HO_T20_mixFP,0.9,0.2,16,-0.024909293296690758,0.014374904129059398,10,0.013110694872199031,0.005056738813908405,10,0.15854409205644668,0.055868615896889275,10,0.006912272239717784,0.0028045853904399474,10,0.9440988574880196,0.021596901275763927,10,0.24181053154879623,0.029045717418832658,10,0.8745174033409621,0.050644210324293254,10,0.24978742897510528,0.02944505322173127,10,1.4174755692481995,0.14930929577377558,10
nohidden_HO_T20_mixFP,0.9,0.2,17,0.06284909095189159,0.011498122861974146,10,0.05389507470519169,0.008380311264848133,10,0.478034991869035,0.08162913038587855,10,0.02871069581284024,0.004996576524793426,10,0.9512138231747663,0.015292553736478049,10,0.22106434058755844,0.03089169361949104,10,0.46210471232833117,0.1390207468056517,10,0.23300989717245102,0.029153813103884773,10,1.182988041639328,0.18572332236275943,10
nohidden_HO_T20_mixFP,0.9,0.2,18,0.0037871694756423232,0.024693528851603717,10,0.041969304711548215,0.008963347415134947,10,0.27134635238262766,0.05004295930952595,10,0.02291688700685256,0.005414990249222941,10,0.9421819767358459,0.017968264596063602,10,0.2290797672323039,0.03501165361379332,10,0.7521265066257308,0.11802216185553414,10,0.2421093612909317,0.03350614019251945,10,1.2219996929168702,0.20734888906242782,10
nohidden_HO_T20_mixFP,0.9,0.2,19,0.03921197650184432,0.013187595094333001,10,0.0946057827830277,0.009848257809487625,10,0.3352360026569696,0.02426008555186246,10,0.055324169092892214,0.007174148798639842,10,0.8210763636381001,0.022331421148440608,10,0.22325099474407764,0.03124676360697663,10,0.6631836313840864,0.10922189340681965,10,0.23545897156000137,0.031022238359731086,10,1.0918645441532135,0.20571300681661298,10
nohidden_HO_T20_mixFP,0.9,0.2,20,0.11707669707237256,0.020678634690356783,10,0.14319619129293915,0.016982952100231145,10,0.49372240257258415,0.04619170315677286,10,0.08409412531015513,0.011692861795759632,10,0.8650098156756381,0.02057118396533749,10,0.19198519771986391,0.03274210578332861,10,0.4456014957014845,0.07052670610632406,10,0.2152239829301834,0.030844535062656487,10,0.9065145969390869,0.19694588739176566,10
noisy,0.0,0.01,0,0.9804660941469312,0.0022166758292959583,10,0.9852842271476628,0.00226038297036549,10,0.9710040968966457,0.004397236713323064,10,1.0,0.0,10,0.0,0.0,10,0.007444418116386511,0.00032393936949220065,10,0.028995903103354294,0.0043972367133230635,10,0.007444418128579855,0.0003239394564618334,10,0.11868194490671158,0.005164382760600152,10
noisy,0.0,0.025,0,0.9524408568149096,0.005191470694808873,10,0.9639348622371591,0.005438420900404432,10,0.9304285995246422,0.010169096503390486,10,1.0,0.0,10,0.0,0.0,10,0.018657370324571935,0.0008113391604127975,10,0.06957140047535772,0.01016909650339048,10,0.018657370284199715,0.0008113390624542257,10,0.2974432289600372,0.01293450749222201,10
noisy,0.0,0.05,0,0.9091597794947749,0.009333269640208513,10,0.9304668850402633,0.010183387948573522,10,0.8701284216562112,0.017924833716059414,10,1.0,0.0,10,0.0,0.0,10,0.0372914889182893,0.00163551852070507,10,0.12987157834378876,0.01792483371605942,10,0.03729148879647255,0.0016355189787211448,10,0.5945155620574951,0.02607379807136781,10
noisy,0.0,0.1,0,0.8326487912679464,0.015253752425883579,10,0.8701274112744105,0.017919642721354996,10,0.7705165499738189,0.028408369359993683,10,1.0,0.0,10,0.0,0.0,10,0.07458380370380038,0.003269818467035396,10,0.2294834500261811,0.028408369359993687,10,0.07458380311727524,0.0032698188601480464,10,1.1890443444252015,0.05212852411512927,10
noisy,0.0,0.2,0,0.7081871336133416,0.021358524363747057,10,0.7704414323246347,0.028398743981716712,10,0.6273953004716096,0.038265499130982455,10,1.0,0.0,10,0.0,0.0,10,0.14923204544268115,0.006523063284264606,10,0.37260469952839037,0.038265499130982455,10,0.14923204481601715,0.006523063278848812,10,2.3791151523590086,0.10399310439935877,10
noisy,0.05,0.01,0,0.9462685707206349,0.0008497800038838367,10,0.9596658808244278,0.002264709005907561,10,0.969480179529182,0.00463799372212913,10,0.9500580003238881,3.432528933125046e-05,10,0.0,0.0,10,0.02012604772982355,0.001305741036898569,10,0.03057765409009423,0.004525172586013881,10,0.02012604773044586,0.001305741255611127,10,0.3230834662914276,0.021103570974919612,10
noisy,0.05,0.025,0,0.9173996098236797,0.0038828473185079956,10,0.9383808306680624,0.005454858761451282,10,0.9270832762644077,0.010655552174736816,10,0.9500137160439135,7.741258427909934e-05,10,0.0,0.0,10,0.031324715493840055,0.0008028055825669841,10,0.07291672373559231,0.010655552174736823,10,0.031324715539813044,0.0008028056271639247,10,0.5016189515590668,0.013084084899680338,10
noisy,0.05,0.05,0,0.8726206919026307,0.008017839154383456,10,0.9048275474615218,0.010170155380347747,10,0.8639708965756938,0.018679299293143662,10,0.9499481571244605,8.35758764378845e-05,10,0.0,0.0,10,0.050071814762672265,3.209291252706448e-05,10,0.1360291034243061,0.018679299293143655,10,0.05007181502878666,3.2093011329843225e-05,10,0.8004954516887665,0.0005201996308606059,10
noisy,0.05,0.1,0,0.7944989660816935,0.013797155664459677,10,0.8450302695355492,0.017784852977508026,10,0.7613426428364785,0.029205013244697757,10,0.9500779073151676,9.429334629867454e-05,10,0.0,0.0,10,0.08726244592099082,0.001628918959358415,10,0.23865735716352163,0.029205013244697764,10,0.08726244494318962,0.0016289205515316908,10,1.3933965563774109,0.02568295476035461,10
noisy,0.05,0.2,0,0.6673851545593512,0.019530590341107282,10,0.7462469558944468,0.02806840493791477,10,0.6153281903172484,0.038814248079763414,10,0.9499553753746488,3.6415910247310065e-05,10,0.0,0.0,10,0.1619649909786751,0.004891979993311463,10,0.3846718096827516,0.038814248079763414,10,0.16196499317884444,0.004891978035426512,10,2.584338736534119,0.07770180012118502,10
noisy,0.1,0.01,0,0.9119857190450554,0.0006067798266179061,10,0.9327020109202786,0.0022105170154590728,10,0.9679173195544166,0.004845409530631505,10,0.8999692523001462,0.00012435575422220993,10,0.0,0.0,10,0.032816557964867404,0.002968708687842195,10,0.03663137826755204,0.004004830563113475,10,0.03281655814498663,0.002968708913066166,10,0.527633610367775,0.04790614724002686,10
noisy,0.1,0.025,0,0.8821891192110861,0.0026857578754652172,10,0.9114837528411984,0.005416608506295434,10,0.9233155349471872,0.011164237318181926,10,0.9000096081888765,4.620778530016578e-05,10,0.0,0.0,10,0.04402042563361348,0.002449385878606116,10,0.07668446505281282,0.011164237318181926,10,0.044020425900816916,0.0024493858142248665,10,0.7062480270862579,0.039623974039143174,10
noisy,0.1,0.05,0,0.8365277091389304,0.006805603452073587,10,0.878381957288916,0.010070463793387963,10,0.8577808339637164,0.01937220980199058,10,0.9002074579891906,8.092754211877598e-05,10,0.0,0.0,10,0.0626192358546278,0.0016373507953335422,10,0.14221916603628365,0.019372209801990583,10,0.06261923685669898,0.0016373506464956373,10,1.0027486205101013,0.026678130070202144,10
noisy,0.1,0.1,0,0.7559976623372686,0.012578216984773087,10,0.8186314301880075,0.017673900795221284,10,0.751265621480718,0.030112806986647235,10,0.8999671808993804,6.261424321647983e-05,10,0.0,0.0,10,0.10002828850131813,3.410379733570118e-05,10,0.248734378519282,0.030112806986647245,10,0.1000282883644104,3.410267125174791e-05,10,1.5991484761238097,0.0006489101685208637,10
noisy,0.1,0.2,0,0.6267282869415357,0.017918443014044595,10,0.7211673251739403,0.027712768943778013,10,0.602512615358049,0.03936271691242368,10,0.9000421863950638,9.188592904444814e-05,10,0.0,0.0,10,0.174650173860344,0.0032784084738319928,10,0.397487384641951,0.03936271691242367,10,0.17465017437934877,0.0032784085077326485,10,2.788795328140259,0.05169191490669212,10
noisy,0.15,0.01,0,0.8775391526746802,0.0015810535065364148,10,0.9042779432690459,0.0022490267820584895,10,0.9660995843438579,0.00513603744786654,10,0.8499025864550326,9.318582949343768e-05,10,0.0,0.0,10,0.04551384336989716,0.004578932988071829,10,0.049343523985595085,0.008253715320544554,10,0.04551384374499321,0.004578933017448713,10,0.7322901070117951,0.07386125607176693,10
noisy,0.15,0.025,0,0.8469268217413966,0.0017073411696553109,10,0.8832757651501909,0.005394412218863604,10,0.9193620736849348,0.011697140527676238,10,0.849974166409776,9.37058750162795e-05,10,0.0,0.0,10,0.05666532454746555,0.004075256587037929,10,0.0813221357329853,0.010463498581222684,10,0.056665324792265895,0.004075257811758477,10,0.91006800532341,0.06582926818170483,10
noisy,0.15,0.05,0,0.7995904672257855,0.005797465329138945,10,0.8501277002917972,0.009996286488386559,10,0.8505889911767379,0.020226860541693217,10,0.8498823878595058,8.933168354842297e-05,10,0.0,0.0,10,0.07540112167042963,0.003279403795460073,10,0.14941100882326203,0.020226860541693207,10,0.07540112137794494,0.003279402724244406,10,1.2087658047676086,0.0531463885457203,10
noisy,0.15,0.1,0,0.7174836023372266,0.01144758978858463,10,0.7911567449483938,0.017472961654653264,10,0.7405124058799395,0.031005871566900673,10,0.8499426234409275,7.319462534943261e-05,10,0.0,0.0,10,0.11270508016417832,0.00162889295997811,10,0.25948759412006056,0.031005871566900683,10,0.11270508095622063,0.001628891939185439,10,1.8034767508506775,0.0268298026849214,10
noisy,0.15,0.2,0,0.5856521918124193,0.016456006830989942,10,0.6948289403050122,0.027308441516937752,10,0.5886498275770555,0.03990503464985362,10,0.8497681182243252,0.00012024119136847172,10,0.0,0.0,10,0.1874659814075877,0.0016601361099750612,10,0.41135017242294447,0.03990503464985363,10,0.18746598213911056,0.0016601352190348322,10,2.9953510761260986,0.02560675610067175,10
noisy,0.2,0.01,0,0.8429610867593842,0.0024984019561740925,10,0.8743993645520474,0.0022588182915563785,10,0.9638955941597779,0.005459830083430987,10,0.8001206814845399,9.523570456913146e-05,10,0.0,0.0,10,0.05817962346980058,0.0062008009444296935,10,0.06453934437520989,0.010713415521285593,10,0.05817962326109409,0.006200799781152778,10,0.9364318966865539,0.10000285561209231,10
noisy,0.2,0.025,0,0.8113005579598275,0.0009301341441824677,10,0.8535040729545056,0.005262891683230245,10,0.9146771619581718,0.012307561756391817,10,0.8000624202221573,0.00017190747704421991,10,0.0,0.0,10,0.06935483558512998,0.0057566086667903285,10,0.08919555364077673,0.0066373350175688,10,0.0693548358976841,0.0057566093746251575,10,1.1145950078964233,0.09292985499175563,10
noisy,0.2,0.05,0,0.762639235586989,0.004964996108845726,10,0.820670521857074,0.009922397070538356,10,0.8426293796458502,0.021071002975630505,10,0.8000438597001237,0.0001194034146697566,10,0.0,0.0,10,0.08808284304689132,0.004903948946485356,10,0.15737062035414973,0.021071002975630505,10,0.08808284476399422,0.004903948150186724,10,1.4131642699241638,0.07932826168036002,10
noisy,0.2,0.1,0,0.678731005057387,0.010467325777074772,10,0.7624187032307546,0.01724011992171809,10,0.7288360474221068,0.03191068915152257,10,0.799954854195927,0.00012634328791250285,10,0.0,0.0,10,0.12535379743944458,0.0032677995173379633,10,0.27116395257789316,0.031910689151522564,10,0.12535379603505134,0.003267799221837699,10,2.00735547542572,0.05324224990104233,10
noisy,0.2,0.2,0,0.5453211874965253,0.015024358659384143,10,0.6680088915722167,0.02675458470626646,10,0.5743220984374073,0.04033247638969181,10,0.800237459423027,0.0001293704371133123,10,0.0,0.0,10,0.1999104953653555,3.6538656648493204e-05,10,0.4256779015625926,0.04033247638969181,10,0.19991049617528917,3.654039944918289e-05,10,3.1959542989730836,0.0012278116780536149,10
noisy,0.25,0.01,0,0.807922415291164,0.0033304205126571066,10,0.8426869545562777,0.00221430225993185,10,0.9615333518782997,0.005781008646532398,10,0.7499984692104162,0.0001044792729316788,10,0.0,0.0,10,0.07090547266522237,0.007849735172066295,10,0.07940916473133244,0.012952108596080104,10,0.07090547382831573,0.007849734426449794,10,1.1415467381477356,0.12657970177513272,10
noisy,0.25,0.025,0,0.7749886325124196,0.0007239274905328117,10,0.8218270767065107,0.005247893261994011,10,0.9093150802249375,0.01298453323511631,10,0.7497588640889649,0.00014354403168330505,10,0.0,0.0,10,0.0821521375890713,0.007383490749328615,10,0.09786686172851253,0.006400910742588098,10,0.08215213641524315,0.00738349063979975,10,1.3208556294441223,0.11915013160788605,10
noisy,0.25,0.05,0,0.7256426942366296,0.004240569346424225,10,0.7899122583738396,0.00976393916399605,10,0.8343311750140948,0.0220476619551916,10,0.7502060329546466,0.0001155439236160151,10,0.0,0.0,10,0.10062155684739768,0.006539843729112926,10,0.16566882498590516,0.022047661955191596,10,0.10062155723571778,0.006539842983484735,10,1.6152828693389893,0.10569791156243692,10
noisy,0.25,0.1,0,0.6393563074972447,0.009583368358792786,10,0.7321257633684491,0.016938257507216878,10,0.7157515588373362,0.03291957966899439,10,0.7499874598674551,0.00015372317950347977,10,0.0,0.0,10,0.13811194721953957,0.004913903880447177,10,0.2842484411626637,0.03291957966899438,10,0.13811194896697998,0.004913905065560147,10,2.2129795074462892,0.07977831880511595,10
noisy,0.25,0.2,0,0.5039886944697864,0.013730576529252374,10,0.6395014021183588,0.026156412417803046,10,0.5585879111867379,0.04075809090733749,10,0.7498349562561557,0.0001405721572783748,10,0.0,0.0,10,0.21260940701509973,0.001653372185152706,10,0.4414120888132621,0.0407580909073375,10,0.21260940730571748,0.001653370914738137,10,3.4006520986557005,0.027795566710559043,10
noisy,0.3,0.01,0,0.7726654741981134,0.0040406388129042145,10,0.8092978324945808,0.0021523333989053608,10,0.9589415963868906,0.006169138285544741,10,0.7000650584718036,0.0001647421895736975,10,0.0,0.0,10,0.08356779125991856,0.009496339101388508,10,0.09374912938603516,0.01503955514062372,10,0.0835677906870842,0.00949633844204544,10,1.3456403493881226,0.15312017994708438,10
noisy,0.3,0.025,0,0.7387119271500256,0.000994741342978705,10,0.7887692463404994,0.005261844676179577,10,0.9036546091201657,0.013781290677843288,10,0.6998634828263478,0.00014346680616247358,10,0.0,0.0,10,0.09476958406471862,0.008975721698965539,10,0.10728845190547767,0.008868716266134934,10,0.0947695828974247,0.008975721011349273,10,1.5242325067520142,0.14481586378758543,10
noisy,0.3,0.05,0,0.6874416649871107,0.0036735512868586533,10,0.7569480809370189,0.009629637560254468,10,0.82449131958791,0.023070802661796817,10,0.6998572312988516,0.00010185716198304717,10,0.0,0.0,10,0.11340536968671695,0.00818127167503658,10,0.17550868041209,0.023070802661796817,10,0.11340536922216415,0.008181272790458419,10,1.8213318705558776,0.13215281589382574,10
noisy,0.3,0.1,0,0.5996725923503647,0.008864181878677132,10,0.7004772245032124,0.016620788996208433,10,0.7016013287852653,0.033932158556852846,10,0.7000811921087353,9.534943545805377e-05,10,0.0,0.0,10,0.15077418934504855,0.006543843892124184,10,0.29839867121473473,0.033932158556852846,10,0.15077418982982635,0.006543844233477194,10,2.4170693874359133,0.10604773513899855,10
noisy,0.3,0.2,0,0.46274695822204703,0.012671154510291105,10,0.6100494409595425,0.025582470321972656,10,0.5417187215326715,0.04118933620721957,10,0.700098018577513,0.00019305940302779276,10,0.0,0.0,10,0.22521749876017955,0.003238767914999356,10,0.4582812784673284,0.04118933620721957,10,0.22521749883890152,0.0032387648876205477,10,3.6038729667663576,0.05335219217668883,10
noisy,0.35,0.01,0,0.736796195014762,0.0044878689724754586,10,0.7738110129716902,0.002212306308637486,10,0.9559814836257475,0.006617134752198293,10,0.6499672755462137,0.00019550109801039952,10,0.0,0.0,10,0.09626201789746033,0.011095138718433763,10,0.10767713775151677,0.016929389424928262,10,0.09626201838254929,0.01109513873623418,10,1.550249409675598,0.17888996390774248,10
noisy,0.35,0.025,0,0.7015822736095696,0.0013750311544739058,10,0.7536673728358689,0.005136508856599335,10,0.8966784005548722,0.014643486484226118,10,0.6500644277331233,0.00019400511091913753,10,0.0,0.0,10,0.10748063392344435,0.010623966931726183,10,0.11756382793925671,0.012363690661625992,10,0.10748063549399375,0.010623967582759889,10,1.7290973305702209,0.17138247455155137,10
noisy,0.35,0.05,0,0.649094060906838,0.00327262470800268,10,0.7225871366521938,0.009448826454787583,10,0.8136864504313582,0.024236681577256315,10,0.6500606826987222,0.00012760419005478283,10,0.0,0.0,10,0.12601533237791032,0.009811907226513079,10,0.186634253099565,0.023604086254142946,10,0.1260153315961361,0.009811906625071353,10,2.0245843052864076,0.1584364311220347,10
noisy,0.35,0.1,0,0.5593409119729142,0.008272937954321125,10,0.6671605297916385,0.016251522685633672,10,0.6861487530397097,0.03500846049712112,10,0.6499219542377659,0.00012947020564183415,10,0.0,0.0,10,0.1634076484684955,0.008174301560769866,10,0.31385124696029026,0.03500846049712113,10,0.1634076476097107,0.008174300521418203,10,2.6207128763198853,0.13233049906902508,10
noisy,0.35,0.2,0,0.4206433448517126,0.011503217144269138,10,0.5790058391550288,0.024816638078131965,10,0.5231361565704018,0.04144216271101871,10,0.6502079234302173,0.00016881684252150126,10,0.0,0.0,10,0.23805190871169607,0.004896885794612911,10,0.47686384342959814,0.0414421627110187,10,0.2380519062280655,0.004896884763628931,10,3.8107081413269044,0.08007333504495964,10
noisy,0.4,0.01,0,0.7003549667544464,0.004942475451273866,10,0.7362417076714218,0.0021338759049781436,10,0.9524898271834719,0.007099824104280947,10,0.6000285494513071,0.00015702552854076005,10,0.0,0.0,10,0.10893379827958602,0.0127440797093676,10,0.12113966792986466,0.018739514597052535,10,0.10893380045890808,0.01274408070875807,10,1.7544940829277038,0.2054684292044488,10
noisy,0.4,0.025,0,0.6638979742254664,0.0015704381272682215,10,0.7164957909982819,0.0050540324419408944,10,0.8893450456624464,0.015562052201349225,10,0.5999670744816952,0.00024857534119877313,10,0.0,0.0,10,0.12012710810255274,0.012240435114076431,10,0.12844292145492558,0.015421985035548074,10,0.12012710943818092,0.012240433775178524,10,1.9329443097114563,0.19743574497692684,10
noisy,0.4,0.05,0,0.6093313489423589,0.002945452411551666,10,0.6857651863988072,0.009243173207288959,10,0.8009964803087412,0.02552467055379019,10,0.5997501463000934,0.00012469276563955236,10,0.0,0.0,10,0.13882853997278918,0.011445633427288401,10,0.20004445368120125,0.023562061620682535,10,0.13882853984832763,0.011445632167582497,10,2.2311000347137453,0.1847696839462463,10
noisy,0.4,0.1,0,0.5185042307207275,0.007722380608786199,10,0.632335261530146,0.015788029907628866,10,0.6690243653716917,0.03606989698546799,10,0.6001894069303253,0.0001450607116195191,10,0.0,0.0,10,0.17596561211239298,0.009806617126415793,10,0.33097563462830826,0.03606989698546798,10,0.17596561163663865,0.009806615835207083,10,2.8231337547302244,0.15863898464979695,10
noisy,0.4,0.2,0,0.37799372791178076,0.010409226089585472,10,0.5465092041116906,0.023945173045097638,10,0.5032196230252562,0.04164312884105377,10,0.5998973825389683,0.00010347085528183672,10,0.0,0.0,10,0.2507726191777381,0.006546440164479178,10,0.49678037697474375,0.04164312884105377,10,0.25077261924743655,0.006546442553385401,10,4.015747857093811,0.10666344297117851,10
noisy,0.45,0.01,0,0.6630147914411213,0.005233096713378003,10,0.6962193186675681,0.0020676885036211403,10,0.9483050543974066,0.007727792466739924,10,0.5500232343204552,0.0001152971721950579,10,0.0,0.0,10,0.12163459107133534,0.014383242507860055,10,0.1342122634039305,0.02042273045572534,10,0.121634591370821,0.014383242025826703,10,1.9592037200927734,0.23188847567997412,10
noisy,0.45,0.025,0,0.6252638779719077,0.001911692398273987,10,0.6770890529823668,0.004834636783311402,10,0.8805060592444235,0.016660719461009506,10,0.5500900701698688,0.00014469436585547705,10,0.0,0.0,10,0.13278941650135728,0.01391164599484485,10,0.14070908998168088,0.017509095668596833,10,0.13278941586613655,0.013911644342335876,10,2.1370359778404238,0.22437232352073488,10
noisy,0.45,0.05,0,0.5690888287873556,0.0027722564687825157,10,0.6472729700376507,0.008998353861715188,10,0.7867574487721187,0.026899640240670195,10,0.55003312897946,0.0001717637278544146,10,0.0,0.0,10,0.1514725365502323,0.013073095199641475,10,0.21478709245774402,0.024068958442848048,10,0.15147253423929213,0.013073095875664706,10,2.434892463684082,0.21099975665870024,10
noisy,0.45,0.1,0,0.476146782496608,0.007225115625779404,10,0.5952530417926315,0.015251026903814904,10,0.6492178941343334,0.03715852233558778,10,0.5503020605235792,0.00014606935253437244,10,0.0,0.0,10,0.18876289372455107,0.011447687318051661,10,0.3507821058656666,0.03715852233558778,10,0.188762891292572,0.011447688143313851,10,3.029376912117004,0.185088964753507,10
noisy,0.45,0.2,0,0.3349351716455208,0.009386370302543185,10,0.5127177235457656,0.02300093030319071,10,0.4816295629430778,0.04171949261543588,10,0.550013096449087,0.00010897667602063501,10,0.0,0.0,10,0.2634469128471497,0.008176857724046997,10,0.5183704370569222,0.04171949261543589,10,0.26344690918922425,0.008176857456686297,10,4.220030355453491,0.1329453002937488,10
noisy,0.5,0.01,0,0.6247167941285408,0.005350620669455292,10,0.653584682162701,0.0020784203773044066,10,0.9434797370510258,0.008377155552297302,10,0.4999765389259485,0.00018603772899673378,10,0.0,0.0,10,0.13432188450257102,0.01600384330075628,10,0.14689827232984112,0.021963979677028393,10,0.13432188481092452,0.01600384277516642,10,2.163700044155121,0.25800765630526457,10
noisy,0.5,0.025,0,0.5855247825623864,0.0019009944905431036,10,0.6351364832571244,0.004786671427330571,10,0.8703426711542885,0.01793189450632173,10,0.5000790663053152,0.00015246266475109582,10,0.0,0.0,10,0.14543796044646587,0.015509859536213198,10,0.15347351404588924,0.018957240655808106,10,0.14543796181678773,0.015509858700729212,10,2.340913105010986,0.25013304168656936,10
noisy,0.5,0.05,0,0.5273079867029572,0.002692818625808479,10,0.6061941500294277,0.008721758374066151,10,0.7700780350747436,0.02845366294621931,10,0.500061067404846,0.00011851141024713568,10,0.0,0.0,10,0.1642192771275971,0.014695510488424685,10,0.23168695034438552,0.025250077261911818,10,0.16421927511692047,0.01469550982208517,10,2.6403336763381957,0.23715030016321217,10
noisy,0.5,0.1,0,0.4326917480292461,0.006870937301479381,10,0.5560168463546694,0.014690190333252449,10,0.6274015838865161,0.03825401254420889,10,0.4999394509485155,0.00012058275463558332,10,0.0,0.0,10,0.2014668319488672,0.013087869350802934,10,0.3725984161134838,0.038254012544208876,10,0.20146683007478713,0.013087871654310875,10,3.234153699874878,0.21152363399965823,10
noisy,0.5,0.2,0,0.29122380105960494,0.008335512791614902,10,0.47744112736186456,0.021918242595203145,10,0.45815237138138415,0.0416097378398876,10,0.5003008907475952,0.00021737410203631326,10,0.0,0.0,10,0.27607928101019263,0.009803384550918955,10,0.5418476286186158,0.0416097378398876,10,0.27607928216457367,0.009803386399896327,10,4.423635625839234,0.1591617742805672,10
noisy,0.55,0.01,0,0.585352033545541,0.005437277832448584,10,0.6082696289293128,0.0019046956370874367,10,0.9376813493602256,0.009195659205143116,10,0.45014789617828954,0.00017854269123402847,10,0.0,0.0,10,0.14695839729556015,0.017656769965809897,10,0.15916238324233017,0.02343885622359817,10,0.1469583973288536,0.017656769103492582,10,2.3673776626586913,0.284650675884997,10
noisy,0.55,0.025,0,0.543792931534637,0.0018393819662304823,10,0.5899815812979501,0.004577788127358939,10,0.8575491400382113,0.019434425751946954,10,0.44974667044874356,0.00019222938737922793,10,0.0,0.0,10,0.1582663803116517,0.017161843058081525,10,0.16684282932766964,0.019996946702398807,10,0.158266381919384,0.017161843537884823,10,2.5476715564727783,0.27676084919596705,10
noisy,0.55,0.05,0,0.484438142965698,0.0026453363947756443,10,0.5627842242399994,0.00832578369242832,10,0.7512931804658336,0.030088560392553195,10,0.4501372840259477,0.00014699617304559718,10,0.0,0.0,10,0.1768288727666919,0.01633396618440683,10,0.2504461987381159,0.02689084419973918,10,0.17682887464761735,0.01633396662256286,10,2.843584489822388,0.2635580436486421,10
noisy,0.55,0.1,0,0.3880491591529832,0.0065074030994404265,10,0.5147685460275153,0.013983102015840049,10,0.6026401363420096,0.039324747842666284,10,0.44997872075328926,0.00010338926583935523,10,0.0,0.0,10,0.21413682295201242,0.014725664786259895,10,0.39735986365799036,0.03932474784266628,10,0.21413682401180267,0.014725665504291299,10,3.4383708238601685,0.23792339501361776,10
noisy,0.55,0.2,0,0.24643055693540816,0.0073672574516599415,10,0.4403133537206664,0.020769683323545927,10,0.43239087355151157,0.04134564284918469,10,0.45035233184567025,0.00017813771073124676,10,0.0,0.0,10,0.28872157487373407,0.01140850041460794,10,0.5676091264484884,0.041345642849184676,10,0.28872157335281373,0.011408501049929857,10,4.627412557601929,0.18503649590868335,10
noisy,0.6,0.01,0,0.5441554859120746,0.0053212441651812456,10,0.5594806602226312,0.0018020328711461369,10,0.9304139068416089,0.010199313414599865,10,0.40002063781759184,0.00011509400903161934,10,0.0,0.0,10,0.15967695642846888,0.019297109390141162,10,0.17114179346548114,0.02480138811342902,10,0.15967695713043212,0.019297109236352174,10,2.572376918792725,0.31109047159249303,10
noisy,0.6,0.025,0,0.5009990005841077,0.0016916040542034629,10,0.5424568536765083,0.004351942642804688,10,0.842619174906169,0.021066796250396567,10,0.4000465371682581,0.00010180137215612793,10,0.0,0.0,10,0.17088415305583107,0.018795279436903824,10,0.1810458743106565,0.020252036236647317,10,0.17088415324687958,0.018795277234788948,10,2.751044201850891,0.30308676043260696,10
noisy,0.6,0.05,0,0.43922614987375913,0.002756966883348659,10,0.516185155857514,0.007907408409426954,10,0.7284914630283874,0.031979264222692566,10,0.3999396373396193,0.00015023982574323926,10,0.0,0.0,10,0.18959457260453644,0.017967015241487885,10,0.27281119990952685,0.029503787590374156,10,0.18959457278251649,0.017967015760529684,10,3.049338531494141,0.2898813605941243,10
noisy,0.6,0.1,0,0.34164901539843506,0.006199089852432427,10,0.47106292839548713,0.013224046213211708,10,0.574182399241195,0.04034073564978971,10,0.4000497813548817,0.00011454297665403442,10,0.0,0.0,10,0.22684912180746242,0.016340876696750047,10,0.425817600758805,0.04034073564978972,10,0.22684912234544755,0.01634087621193692,10,3.643260931968689,0.2639577438183712,10
noisy,0.6,0.2,0,0.2001149768406818,0.006190183894410668,10,0.40097199789994376,0.019379761459327537,10,0.403790231411012,0.0406777953403735,10,0.3999385422386234,0.00015465107218158057,10,0.0,0.0,10,0.3014518134005012,0.01307883572351383,10,0.5962097685889881,0.0406777953403735,10,0.3014518082141876,0.013078833111689125,10,4.832608604431153,0.21195519662719542,10
noisy,0.65,0.01,0,0.5012842166232733,0.005013608990473044,10,0.5075311568697953,0.0017416844450525405,10,0.9213078716444218,0.011454042396575034,10,0.35024768623737196,0.00020298229881709188,10,0.0,0.0,10,0.17230372704700878,0.02091079694654267,10,0.1826964114874094,0.026051149928156492,10,0.1723037287592888,0.020910797429563092,10,2.775896596908569,0.3370991777150333,10
noisy,0.65,0.025,0,0.4557617477042656,0.0014186985837983267,10,0.4912635631221109,0.004019783955777332,10,0.8242399739165842,0.023103522990357676,10,0.3499810929270049,0.000145742903790314,10,0.0,0.0,10,0.18357280254065306,0.02044318949739139,10,0.19800887831983702,0.018870198351668647,10,0.18357280194759368,0.0204431900246967,10,2.9555639028549194,0.32964930898204026,10
noisy,0.65,0.05,0,0.39208643011135996,0.0028730845902221005,10,0.46671895188125906,0.007337235947466453,10,0.7016542708820758,0.03396624044659616,10,0.3498870998692635,7.724509577459437e-05,10,0.0,0.0,10,0.2022469094213301,0.019616343995006988,10,0.29878400403752603,0.03308959020485336,10,0.20224691033363343,0.019616341874264864,10,3.253278875350952,0.316465557298172,10
noisy,0.65,0.1,0,0.29329344220713327,0.005754985969769267,10,0.4247040852523867,0.012239270896349208,10,0.541499001958088,0.04112264613479568,10,0.3500432957230196,0.00010010631796993941,10,0.0,0.0,10,0.23952478682429787,0.017988195221325026,10,0.458500998041912,0.04112264613479569,10,0.23952478617429734,0.017988196332429898,10,3.847568964958191,0.2905102397963294,10
noisy,0.65,0.2,0,0.1525608728801065,0.005046484920197935,10,0.35977000677892085,0.017913683501941023,10,0.372126415159419,0.039723507939143254,10,0.3498671140685279,0.00015932298245202538,10,0.0,0.0,10,0.31422636837022344,0.01468359664125287,10,0.627873584840581,0.039723507939143254,10,0.31422636806964876,0.014683594886949604,10,5.038498020172119,0.23782362809687654,10
noisy,0.7,0.01,0,0.4553269213137344,0.004574054205048836,10,0.4509864307012603,0.0016165766120087373,10,0.9093745808978422,0.013022038518509998,10,0.29985763956510525,0.00013980418611554297,10,0.0,0.0,10,0.1850807851081254,0.022556100634064817,10,0.19406427726585304,0.027238289435500596,10,0.18508078455924987,0.022556098913178606,10,2.9818386316299437,0.363619597376025,10
noisy,0.7,0.025,0,0.4077549818617382,0.0009793506796322527,10,0.436531796811274,0.0037372511614785367,10,0.8008084941784034,0.0255280144394244,10,0.30011895973945624,8.96742286699138e-05,10,0.0,0.0,10,0.19623665561703904,0.02206074267579362,10,0.21907641466084543,0.015591718332861918,10,0.19623665362596512,0.022060743355166158,10,3.1596794366836547,0.3557212794418805,10
noisy,0.7,0.05,0,0.34198208039938977,0.003033438219243052,10,0.4138062935521979,0.006708578324056243,10,0.6686510486460283,0.036054772941426234,10,0.29985109008855904,0.00011929657000297832,10,0.0,0.0,10,0.214924802240486,0.02126207060166409,10,0.33134895135397174,0.036054772941426234,10,0.2149248018860817,0.021262072893065784,10,3.4576249361038207,0.34299110471508976,10
noisy,0.7,0.1,0,0.24230201262014192,0.005215256499469788,10,0.3754363099181595,0.011102868410185025,10,0.5029946288589958,0.041574045153478595,10,0.3001558953952549,0.00015052352055523296,10,0.0,0.0,10,0.2523034762280748,0.01963489134076946,10,0.4970053711410042,0.041574045153478595,10,0.2523034781217575,0.01963489071138131,10,4.053515958786011,0.31705245732506065,10
noisy,0.7,0.2,0,0.10363792990601702,0.003643525704211914,10,0.3165907728199465,0.01621093518451578,10,0.337058709041527,0.03817570269358522,10,0.30001431758697816,0.00011191058213170125,10,0.0,0.0,10,0.3269500203509997,0.01631801141930042,10,0.662941290958473,0.03817570269358521,10,0.3269500195980072,0.0163180064876718,10,5.243566703796387,0.2641673498178017,10
noisy,0.75,0.01,0,0.4066158524322196,0.003985870947457514,10,0.39092689109615847,0.001431129398625936,10,0.8932708761164966,0.015063518319245187,10,0.25022879367419637,8.76753646370707e-05,10,0.0,0.0,10,0.19767846684785445,0.02418524109305915,10,0.20495366430389975,0.028337342871893757,10,0.19767846912145615,0.0241852413429912,10,3.184889626502991,0.38987759797914207,10
noisy,0.75,0.025,0,0.3558917254845427,0.000851646872208228,10,0.3773951524000291,0.003375280933286822,10,0.770458084411506,0.028450430687147723,10,0.24997626733347617,0.00018591886794117716,10,0.0,0.0,10,0.20892658468626016,0.023703701592021748,10,0.24523727144009327,0.013512260199129761,10,0.20892658531665803,0.023703701711024053,10,3.3642224311828612,0.3822028624451091,10
noisy,0.75,0.05,0,0.2882892987240665,0.003207612787619849,10,0.357455916471148,0.005966156892772324,10,0.627119052669565,0.03823155214248499,10,0.2502019064061466,0.0001355324205002789,10,0.0,0.0,10,0.2276039236645829,0.022893646493548258,10,0.372880947330435,0.038231552142485005,10,0.22760392129421234,0.02289364132672954,10,3.661972999572754,0.369289121060934,10
noisy,0.75,0.1,0,0.1885123335122533,0.004712852038175453,10,0.3228538744485065,0.009987877259951322,10,0.4580627649704215,0.041664297930713766,10,0.24990015922446465,0.00010754558019378578,10,0.0,0.0,10,0.26490072464240966,0.021244499510085363,10,0.5419372350295786,0.04166429793071375,10,0.26490072458982467,0.0212444968203623,10,4.25658438205719,0.34299473951932546,10
noisy,0.75,0.2,0,0.05305948273700589,0.0019753650269934094,10,0.27115910846587954,0.014243343169611662,10,0.29800001595544356,0.0359001970232238,10,0.25016487802830767,0.00015392858230301826,10,0.0,0.0,10,0.3395562717376409,0.01797270013289513,10,0.7019999840445564,0.0359001970232238,10,0.3395562648773193,0.017972702309959655,10,5.446762228012085,0.29083367221387973,10
noisy,0.8,0.01,0,0.35269667390626275,0.003207486501946504,10,0.3252858842848491,0.0012112086789861408,10,0.8702330560617726,0.017821834170433218,10,0.20004132739406894,0.00012921624473483684,10,0.0,0.0,10,0.2103986777152067,0.025837454562673588,10,0.21566146145636292,0.029376449071431273,10,0.21039867848157884,0.025837455514942115,10,3.3899158954620363,0.4165075913856215,10
noisy,0.8,0.025,0,0.2988285743664639,0.0009813699266683956,10,0.31389191996768784,0.002902081170606385,10,0.7283569373951099,0.03193388983033038,10,0.2001262150388879,6.522316137571723e-05,10,0.0,0.0,10,0.22163283737797554,0.025335914361620502,10,0.2818003728694164,0.01668873456627785,10,0.22163283675909043,0.025335913450620084,10,3.5690125465393066,0.4085105334544248,10
noisy,0.8,0.05,0,0.22953375154777178,0.0034325676179373507,10,0.296422786420517,0.005250342899255679,10,0.5740526681539998,0.040324698084458425,10,0.20001499213037532,8.575386316140566e-05,10,0.0,0.0,10,0.2402907022032914,0.024516148477657006,10,0.4259473318460002,0.040324698084458425,10,0.24029070138931274,0.024516144799011787,10,3.8664674282073976,0.3954395562329601,10
noisy,0.8,0.1,0,0.13069750448347867,0.0037568643128104637,10,0.26682898295400015,0.00853977384897529,10,0.40343965358547107,0.04070600596012177,10,0.19990706043228573,0.00017729064278199455,10,0.0,0.0,10,0.2776739337544373,0.022878057417106173,10,0.5965603464145289,0.040706005960121784,10,0.27767393887043,0.022878058110920047,10,4.462450885772705,0.36932523897168057,10
noisy,0.8,0.2,0,-9.644898648018116e-05,0.00012693345146632559,10,0.22275751316029183,0.012090767362360628,10,0.25361258737365744,0.032754966744254606,10,0.1998352359489733,0.0001317027591358968,10,0.0,0.0,10,0.3522015886830497,0.019602108830263424,10,0.7463874126263426,0.0327549667442546,10,0.3522015869617462,0.019602107831492483,10,5.650603866577148,0.31709759825139955,10
noisy,0.85,0.01,0,0.2917358680778916,0.00207762074038876,10,0.2540978249737923,0.001026206046082585,10,0.8343926266982329,0.02204944586163942,10,0.14988279903165788,0.00011369450504130205,10,0.0,0.0,10,0.22310811152510962,0.027466449999695157,10,0.22635646283431657,0.029984832451473653,10,0.22310811579227446,0.027466452973946908,10,3.59477117061615,0.4427651749714262,10
noisy,0.85,0.025,0,0.23473590216711707,0.0015770073398935897,10,0.24517917834016764,0.002350928364595341,10,0.6689224746431333,0.03611610362092577,10,0.1501671464219829,8.654229853037395e-05,10,0.0,0.0,10,0.2342548363192342,0.026963038889753294,10,0.3333582260775233,0.03191976867775683,10,0.2342548355460167,0.02696304347383274,10,3.7724639415740966,0.4347388808001576,10
noisy,0.85,0.05,0,0.16401580362186424,0.0032203464562037412,10,0.23069391273028,0.004193311037194987,10,0.502881916086936,0.04158356129935407,10,0.14988148362492518,0.00011849660243457274,10,0.0,0.0,10,0.2530145173183337,0.026166289306981533,10,0.497118083913064,0.04158356129935407,10,0.25301451683044435,0.026166286328157432,10,4.071549344062805,0.42203656885068025,10
noisy,0.85,0.1,0,0.0687605628851351,0.00226669746748431,10,0.20722679000288985,0.00680576603576913,10,0.33746887302433615,0.038121661252963616,10,0.15002166012711926,0.0001354641797064363,10,0.0,0.0,10,0.2901876880122416,0.02452399666202608,10,0.6625311269756639,0.03812166125296363,10,0.2901876837015152,0.024524002996097378,10,4.664171028137207,0.3958553156033807,10
noisy,0.85,0.2,0,-0.05590669549198683,0.0023887468820957833,10,0.17171067452737876,0.009564227258125224,10,0.20308528518324626,0.02818097338890204,10,0.14976261075036365,7.639246573463082e-05,10,0.0,0.0,10,0.3649962091674932,0.021246802177674138,10,0.7969147148167537,0.028180973388902023,10,0.3649962067604065,0.021246800981186288,10,5.856809663772583,0.34360802749811914,10
noisy,0.9,0.01,0,0.21958066274875163,0.0007750840181488823,10,0.17713798391468694,0.0007496975454040927,10,0.7712090225520112,0.028318137144052118,10,0.10007402073445466,0.0001083815000662602,10,0.0,0.0,10,0.23574035223950718,0.029096417650484725,10,0.25429355903172535,0.021040881408497386,10,0.23574035316705705,0.029096423077879345,10,3.7983789443969727,0.46903546719781675,10
noisy,0.9,0.025,0,0.1587126443602171,0.0020601007539130848,10,0.17036355190187186,0.001627518974523723,10,0.5744493409205775,0.04022967791555153,10,0.100075806035512,8.735855028903389e-05,10,0.0,0.0,10,0.24695999805054553,0.028617207532166806,10,0.42555065907942247,0.04022967791555151,10,0.24695999920368195,0.0286172071288928,10,3.9772491693496703,0.46140092245110037,10
noisy,0.9,0.05,0,0.08985330575940628,0.00239415476087341,10,0.1604101614318218,0.00297237134421115,10,0.4043949539729212,0.04060031898141967,10,0.10021977974618738,0.00010716732984578876,10,0.0,0.0,10,0.26556784183154103,0.02779258474877865,10,0.5956050460270788,0.04060031898141965,10,0.26556784361600877,0.027792589411583274,10,4.273894166946411,0.44824984467502277,10
noisy,0.9,0.1,0,-0.00021869249333288202,0.00015025508621948383,10,0.14286628120989625,0.004906670964903744,10,0.2534096640651972,0.03269354877930237,10,0.09986669632260553,0.00011054489501692973,10,0.0,0.0,10,0.3030020477428743,0.026156428651085396,10,0.7465903359348027,0.03269354877930236,10,0.3030020475387573,0.026156432383091694,10,4.870701646804809,0.42216696159563644,10
noisy,0.9,0.2,0,-0.11427036334544989,0.005479059153941474,10,0.11811628477334994,0.00671435346111161,10,0.14568480727844305,0.021767904323217444,10,0.1000871978332117,6.52590898109822e-05,10,0.0,0.0,10,0.377635653279325,0.02289840028720397,10,0.854315192721557,0.021767904323217454,10,0.37763565182685854,0.022898397481291546,10,6.060529518127441,0.37022808105568544,10
